open_time,open,high,low,close,volume
2022-12-31 21:00:00,16568.19,16571.64,16566.34,16567.65,182.81328
2022-12-31 21:05:00,16567.65,16569.35,16564.43,16566.01,284.93898
2022-12-31 21:10:00,16565.65,16568.96,16564.52,16566.31,329.63196
2022-12-31 21:15:00,16566.39,16570.04,16564.11,16566.14,302.32349
2022-12-31 21:20:00,16566.14,16566.87,16558.77,16559.88,327.54457
2022-12-31 21:25:00,16559.88,16565.41,16557.46,16563.84,314.75679
2022-12-31 21:30:00,16563.57,16564.19,16557.31,16557.92,255.84227
2022-12-31 21:35:00,16558.4,16568.34,16554.15,16560.07,465.78363
2022-12-31 21:40:00,16560.07,16561.51,16558.46,16560.53,105.29194
2022-12-31 21:45:00,16559.8,16561.19,16553.98,16556.15,308.19338
2022-12-31 21:50:00,16556.62,16557.39,16544.12,16549.59,499.67581
2022-12-31 21:55:00,16549.19,16552.55,16546.68,16548.28,241.97779
2022-12-31 22:00:00,16548.28,16548.46,16542.16,16543.94,295.68359
2022-12-31 22:05:00,16543.94,16556.36,16542.02,16556.18,278.39298
2022-12-31 22:10:00,16556.18,16567.49,16555.75,16565.38,475.75881
2022-12-31 22:15:00,16564.95,16565.62,16506.36,16531.62,1329.8118
2022-12-31 22:20:00,16531.61,16539.15,16527.81,16531.14,341.02412
2022-12-31 22:25:00,16531.72,16552.64,16531.11,16544.98,386.76261
2022-12-31 22:30:00,16544.78,16553.3,16540.25,16544.83,415.51923
2022-12-31 22:35:00,16544.41,16549.38,16524.64,16532.29,500.74945
2022-12-31 22:40:00,16532.6,16539.0,16517.76,16538.37,468.08962
2022-12-31 22:45:00,16538.37,16538.84,16516.0,16518.53,329.34955
2022-12-31 22:50:00,16518.04,16533.42,16470.0,16518.22,1433.27713
2022-12-31 22:55:00,16517.57,16521.36,16509.76,16520.81,440.71736
2022-12-31 23:00:00,16520.28,16524.91,16500.24,16506.14,767.72112
2022-12-31 23:05:00,16506.14,16514.99,16490.78,16495.24,558.92871
2022-12-31 23:10:00,16496.01,16503.97,16487.74,16502.67,555.3314
2022-12-31 23:15:00,16502.67,16526.51,16500.73,16523.86,618.0961
2022-12-31 23:20:00,16523.86,16529.54,16520.91,16525.92,302.37991
2022-12-31 23:25:00,16526.54,16527.01,16517.51,16524.64,262.99128
2022-12-31 23:30:00,16524.65,16540.59,16520.44,16538.17,429.55241
2022-12-31 23:35:00,16538.17,16551.24,16536.84,16545.68,501.06148
2022-12-31 23:40:00,16545.68,16550.26,16543.45,16546.13,277.70571
2022-12-31 23:45:00,16546.14,16550.55,16536.62,16539.05,292.41232
2022-12-31 23:50:00,16538.39,16541.26,16534.92,16540.42,180.18579
2022-12-31 23:55:00,16540.42,16544.47,16535.05,16542.4,227.06684
2023-01-01 00:00:00,16541.77,16544.76,16527.51,16535.38,486.60903
2023-01-01 00:05:00,16534.91,16540.43,16522.55,16526.67,391.19043
2023-01-01 00:10:00,16526.67,16530.87,16520.0,16520.69,294.73889
2023-01-01 00:15:00,16521.26,16537.73,16517.72,16534.94,481.18777
2023-01-01 00:20:00,16534.94,16540.66,16532.33,16535.54,309.53189
2023-01-01 00:25:00,16535.54,16545.7,16534.62,16544.19,311.90922
2023-01-01 00:30:00,16544.19,16544.61,16522.03,16527.83,394.57703
2023-01-01 00:35:00,16527.27,16530.09,16508.39,16524.04,612.13471
2023-01-01 00:40:00,16524.83,16525.25,16512.7,16515.43,358.94459
2023-01-01 00:45:00,16515.91,16535.66,16515.43,16529.16,357.27214
2023-01-01 00:50:00,16529.69,16533.79,16526.36,16531.84,176.3522
2023-01-01 00:55:00,16531.84,16536.84,16528.94,16529.67,190.3878
2023-01-01 01:00:00,16529.59,16537.66,16525.78,16531.02,421.67234
2023-01-01 01:05:00,16530.39,16540.47,16530.31,16539.2,283.81866
2023-01-01 01:10:00,16539.2,16541.8,16535.4,16538.21,271.7558
2023-01-01 01:15:00,16537.68,16540.82,16534.0,16538.59,179.55931
2023-01-01 01:20:00,16539.04,16539.95,16530.76,16536.22,272.68762
2023-01-01 01:25:00,16536.22,16536.64,16531.79,16534.6,209.43828
2023-01-01 01:30:00,16534.02,16535.72,16530.62,16532.0,176.68573
2023-01-01 01:35:00,16531.74,16539.92,16530.75,16535.19,274.65824
2023-01-01 01:40:00,16535.19,16543.38,16534.19,16539.94,341.34788
2023-01-01 01:45:00,16539.94,16547.23,16538.03,16546.33,356.20818
2023-01-01 01:50:00,16546.76,16547.9,16539.74,16545.91,323.84182
2023-01-01 01:55:00,16545.91,16556.8,16544.92,16551.47,478.39283
2023-01-01 02:00:00,16551.47,16551.53,16540.03,16541.43,364.03712
2023-01-01 02:05:00,16541.86,16543.77,16540.02,16542.94,144.6581
2023-01-01 02:10:00,16542.67,16551.59,16539.57,16549.03,394.40131
2023-01-01 02:15:00,16549.02,16554.56,16547.8,16552.72,266.34461
2023-01-01 02:20:00,16552.72,16553.75,16546.48,16548.18,324.69582
2023-01-01 02:25:00,16547.96,16555.0,16546.82,16552.89,213.37761
2023-01-01 02:30:00,16552.89,16559.61,16551.35,16558.65,308.75424
2023-01-01 02:35:00,16558.49,16559.77,16548.2,16548.99,258.92701
2023-01-01 02:40:00,16549.5,16550.37,16538.38,16538.77,311.94753
2023-01-01 02:45:00,16538.77,16547.01,16538.14,16546.22,244.76672
2023-01-01 02:50:00,16546.22,16547.24,16544.54,16546.33,309.26629
2023-01-01 02:55:00,16545.77,16549.12,16545.01,16548.19,177.66402
2023-01-01 03:00:00,16548.19,16548.19,16523.34,16529.36,910.83767
2023-01-01 03:05:00,16529.36,16532.86,16526.0,16530.4,327.23296
2023-01-01 03:10:00,16529.97,16531.43,16526.72,16527.87,321.3515
2023-01-01 03:15:00,16527.44,16530.21,16518.21,16522.52,600.86304
2023-01-01 03:20:00,16522.53,16533.09,16521.81,16528.72,416.27217
2023-01-01 03:25:00,16528.28,16531.3,16527.31,16529.89,236.24307
2023-01-01 03:30:00,16529.89,16534.66,16526.74,16533.77,276.8324
2023-01-01 03:35:00,16533.76,16537.17,16532.04,16536.83,242.59628
2023-01-01 03:40:00,16536.83,16537.42,16531.55,16533.68,206.78322
2023-01-01 03:45:00,16533.68,16534.92,16529.66,16532.56,198.81249
2023-01-01 03:50:00,16532.56,16537.72,16529.53,16537.09,300.18477
2023-01-01 03:55:00,16537.09,16537.37,16532.51,16533.04,204.07093
2023-01-01 04:00:00,16533.04,16535.97,16531.6,16533.55,214.29744
2023-01-01 04:05:00,16533.55,16535.3,16526.41,16527.15,391.74102
2023-01-01 04:10:00,16526.74,16529.25,16524.57,16526.12,233.98809
2023-01-01 04:15:00,16526.12,16530.25,16524.25,16527.43,327.65382
2023-01-01 04:20:00,16527.43,16528.74,16516.49,16520.71,749.57637
2023-01-01 04:25:00,16521.15,16523.53,16517.19,16518.59,334.10689
2023-01-01 04:30:00,16518.31,16523.0,16517.58,16522.66,286.25888
2023-01-01 04:35:00,16522.66,16525.95,16521.6,16525.58,280.02785
2023-01-01 04:40:00,16525.58,16525.6,16518.62,16519.47,282.47214
2023-01-01 04:45:00,16519.96,16520.51,16516.81,16517.43,296.49536
2023-01-01 04:50:00,16517.43,16526.99,16516.76,16521.09,465.16791
2023-01-01 04:55:00,16521.09,16522.81,16511.92,16521.85,423.22332
2023-01-01 05:00:00,16522.22,16523.95,16520.09,16523.67,254.93841
2023-01-01 05:05:00,16523.68,16524.0,16513.84,16514.99,368.8876
2023-01-01 05:10:00,16515.28,16519.7,16512.3,16518.37,402.64459
2023-01-01 05:15:00,16518.77,16521.69,16516.85,16517.59,328.74876
2023-01-01 05:20:00,16517.9,16519.0,16512.31,16516.82,376.95167
2023-01-01 05:25:00,16516.82,16522.66,16515.34,16521.07,316.41365
2023-01-01 05:30:00,16521.42,16522.75,16516.59,16520.15,193.54652
2023-01-01 05:35:00,16519.66,16521.7,16516.5,16518.16,187.76248
2023-01-01 05:40:00,16517.92,16520.74,16514.79,16520.02,287.97125
2023-01-01 05:45:00,16520.03,16523.9,16518.85,16522.06,289.0846
2023-01-01 05:50:00,16522.06,16524.2,16519.85,16522.47,212.61128
2023-01-01 05:55:00,16522.48,16534.98,16522.19,16530.71,497.81097
2023-01-01 06:00:00,16530.71,16543.69,16528.81,16541.39,416.17234
2023-01-01 06:05:00,16541.39,16541.43,16531.38,16538.85,349.3546
2023-01-01 06:10:00,16539.25,16541.8,16535.95,16537.72,183.70625
2023-01-01 06:15:00,16538.05,16549.58,16537.64,16548.41,315.75353
2023-01-01 06:20:00,16548.06,16548.72,16540.86,16544.42,343.42514
2023-01-01 06:25:00,16544.42,16550.0,16543.01,16544.63,316.97666
2023-01-01 06:30:00,16545.02,16545.96,16538.5,16540.97,214.95157
2023-01-01 06:35:00,16540.97,16542.47,16538.41,16541.27,228.34085
2023-01-01 06:40:00,16541.27,16545.46,16539.96,16544.68,257.31213
2023-01-01 06:45:00,16544.38,16546.93,16542.66,16543.52,292.79447
2023-01-01 06:50:00,16543.52,16543.95,16538.46,16541.34,237.44661
2023-01-01 06:55:00,16540.72,16541.49,16539.01,16539.79,188.66791
2023-01-01 07:00:00,16539.79,16544.57,16537.68,16539.32,364.31375
2023-01-01 07:05:00,16539.32,16540.36,16526.68,16534.07,617.38879
2023-01-01 07:10:00,16533.65,16537.45,16522.42,16530.26,492.12411
2023-01-01 07:15:00,16530.82,16530.82,16499.01,16509.91,889.5585
2023-01-01 07:20:00,16510.38,16512.0,16505.87,16509.28,305.23742
2023-01-01 07:25:00,16508.94,16524.82,16501.86,16522.78,620.9341
2023-01-01 07:30:00,16522.28,16522.77,16514.31,16520.27,290.74311
2023-01-01 07:35:00,16520.27,16522.74,16504.17,16522.28,386.39968
2023-01-01 07:40:00,16522.29,16529.98,16520.42,16525.24,296.45634
2023-01-01 07:45:00,16525.59,16530.91,16524.73,16527.65,301.91184
2023-01-01 07:50:00,16527.65,16530.51,16520.67,16522.8,304.51876
2023-01-01 07:55:00,16523.23,16532.37,16522.8,16526.19,315.37182
2023-01-01 08:00:00,16525.7,16533.15,16525.11,16531.29,379.67542
2023-01-01 08:05:00,16531.82,16534.03,16519.66,16522.14,480.25205
2023-01-01 08:10:00,16522.14,16523.91,16516.78,16518.19,294.79899
2023-01-01 08:15:00,16518.19,16524.72,16513.24,16523.87,430.49806
2023-01-01 08:20:00,16523.87,16525.88,16518.6,16524.19,350.13493
2023-01-01 08:25:00,16524.04,16525.0,16520.53,16523.23,211.04482
2023-01-01 08:30:00,16522.83,16527.11,16520.96,16521.08,354.97319
2023-01-01 08:35:00,16521.25,16521.97,16512.68,16514.5,363.63244
2023-01-01 08:40:00,16514.06,16517.85,16509.3,16510.68,326.90698
2023-01-01 08:45:00,16510.68,16515.41,16509.19,16514.4,339.85942
2023-01-01 08:50:00,16514.42,16515.02,16508.45,16514.2,410.69891
2023-01-01 08:55:00,16514.2,16517.35,16509.6,16513.34,329.44502
2023-01-01 09:00:00,16513.33,16514.99,16508.79,16509.34,328.10787
2023-01-01 09:05:00,16509.34,16512.08,16505.2,16510.62,398.65323
2023-01-01 09:10:00,16510.22,16515.23,16509.02,16514.75,277.45756
2023-01-01 09:15:00,16515.11,16517.53,16511.96,16515.56,313.79527
2023-01-01 09:20:00,16515.92,16521.04,16514.31,16520.2,339.17114
2023-01-01 09:25:00,16520.2,16522.63,16513.87,16514.23,346.28233
2023-01-01 09:30:00,16514.64,16521.94,16514.22,16521.37,247.94846
2023-01-01 09:35:00,16521.3,16523.12,16520.38,16520.99,161.26985
2023-01-01 09:40:00,16520.99,16533.12,16520.5,16531.85,474.33296
2023-01-01 09:45:00,16531.85,16533.28,16525.62,16532.4,332.06128
2023-01-01 09:50:00,16532.4,16537.92,16531.37,16536.36,398.13586
2023-01-01 09:55:00,16536.36,16542.49,16532.82,16537.88,483.53468
2023-01-01 10:00:00,16538.32,16539.09,16533.53,16535.0,371.68193
2023-01-01 10:05:00,16535.37,16538.48,16533.42,16534.36,399.54094
2023-01-01 10:10:00,16534.86,16543.14,16534.16,16542.85,407.83227
2023-01-01 10:15:00,16542.6,16546.49,16540.53,16541.94,383.62162
2023-01-01 10:20:00,16541.94,16546.47,16539.98,16545.38,212.37845
2023-01-01 10:25:00,16545.7,16547.38,16542.23,16544.07,205.48732
2023-01-01 10:30:00,16543.69,16544.75,16536.25,16538.25,372.95114
2023-01-01 10:35:00,16538.25,16540.26,16533.79,16536.36,353.0664
2023-01-01 10:40:00,16536.68,16539.83,16534.37,16539.58,244.77048
2023-01-01 10:45:00,16539.83,16541.77,16538.34,16539.86,186.23897
2023-01-01 10:50:00,16539.86,16542.38,16538.12,16542.16,273.98316
2023-01-01 10:55:00,16541.73,16548.71,16539.75,16548.34,392.21348
2023-01-01 11:00:00,16547.98,16551.29,16545.5,16545.95,338.09599
2023-01-01 11:05:00,16546.28,16551.65,16545.05,16549.45,360.81813
2023-01-01 11:10:00,16549.16,16552.67,16546.45,16547.92,304.73458
2023-01-01 11:15:00,16547.56,16547.96,16540.2,16543.33,279.01553
2023-01-01 11:20:00,16543.31,16547.49,16541.33,16546.11,265.07339
2023-01-01 11:25:00,16546.11,16546.8,16542.02,16544.56,281.46856
2023-01-01 11:30:00,16544.56,16548.41,16542.14,16546.61,349.90553
2023-01-01 11:35:00,16546.25,16550.66,16545.67,16549.41,287.66949
2023-01-01 11:40:00,16549.41,16552.03,16548.94,16550.95,285.33232
2023-01-01 11:45:00,16550.59,16554.47,16547.9,16549.61,371.76792
2023-01-01 11:50:00,16549.61,16550.6,16547.51,16549.35,206.17884
2023-01-01 11:55:00,16549.1,16557.0,16548.81,16556.66,409.46985
2023-01-01 12:00:00,16556.66,16563.15,16554.91,16562.56,399.89826
2023-01-01 12:05:00,16562.56,16563.16,16548.58,16551.88,472.06672
2023-01-01 12:10:00,16551.88,16572.42,16549.72,16564.36,588.31059
2023-01-01 12:15:00,16564.37,16570.06,16560.7,16561.28,340.19434
2023-01-01 12:20:00,16561.59,16562.85,16557.63,16560.32,268.16625
2023-01-01 12:25:00,16560.0,16569.63,16557.08,16564.27,494.64636
2023-01-01 12:30:00,16564.06,16572.94,16556.27,16559.44,408.96909
2023-01-01 12:35:00,16558.99,16560.0,16556.08,16556.25,190.60728
2023-01-01 12:40:00,16556.25,16558.06,16555.0,16556.92,234.44573
2023-01-01 12:45:00,16556.92,16562.46,16555.2,16561.98,266.44225
2023-01-01 12:50:00,16561.61,16562.99,16558.34,16560.92,242.691
2023-01-01 12:55:00,16560.92,16562.99,16559.35,16560.93,244.04777
2023-01-01 13:00:00,16561.29,16566.69,16560.91,16566.26,268.18095
2023-01-01 13:05:00,16565.96,16567.26,16560.5,16561.68,334.97845
2023-01-01 13:10:00,16561.81,16562.7,16550.36,16554.25,541.99601
2023-01-01 13:15:00,16554.24,16555.38,16541.27,16548.47,633.2289
2023-01-01 13:20:00,16548.55,16549.86,16546.93,16548.15,182.55755
2023-01-01 13:25:00,16548.43,16550.97,16546.08,16550.92,226.95651
2023-01-01 13:30:00,16550.92,16552.0,16545.79,16547.32,292.7576
2023-01-01 13:35:00,16547.32,16547.78,16539.05,16541.64,705.86338
2023-01-01 13:40:00,16541.64,16547.81,16540.21,16542.55,413.72756
2023-01-01 13:45:00,16542.55,16546.58,16539.9,16545.28,287.99569
2023-01-01 13:50:00,16545.28,16548.54,16543.0,16547.81,256.54684
2023-01-01 13:55:00,16547.39,16549.04,16545.64,16548.04,234.89259
2023-01-01 14:00:00,16547.61,16553.73,16546.7,16552.15,336.6447
2023-01-01 14:05:00,16552.15,16553.99,16545.34,16545.79,308.3692
2023-01-01 14:10:00,16545.79,16554.63,16545.75,16553.11,336.47762
2023-01-01 14:15:00,16553.56,16555.5,16552.59,16555.25,249.0697
2023-01-01 14:20:00,16555.25,16555.88,16553.41,16553.77,160.7503
2023-01-01 14:25:00,16554.11,16558.19,16553.13,16556.53,240.39299
2023-01-01 14:30:00,16556.15,16558.56,16555.6,16557.22,181.38539
2023-01-01 14:35:00,16557.22,16557.25,16551.46,16553.06,209.90258
2023-01-01 14:40:00,16552.71,16553.25,16546.83,16548.0,309.02722
2023-01-01 14:45:00,16547.67,16552.18,16545.2,16550.56,341.77728
2023-01-01 14:50:00,16550.96,16552.98,16548.46,16548.46,278.26186
2023-01-01 14:55:00,16548.62,16549.0,16540.85,16542.94,342.93209
2023-01-01 15:00:00,16542.94,16546.32,16542.45,16544.98,235.42004
2023-01-01 15:05:00,16544.5,16549.29,16542.98,16547.26,304.82117
2023-01-01 15:10:00,16547.26,16549.78,16546.68,16549.57,211.21213
2023-01-01 15:15:00,16549.57,16549.66,16547.0,16547.64,196.57368
2023-01-01 15:20:00,16547.29,16548.08,16536.0,16539.52,464.70323
2023-01-01 15:25:00,16539.35,16544.0,16533.68,16542.89,354.88785
2023-01-01 15:30:00,16543.28,16546.07,16542.0,16545.28,209.64655
2023-01-01 15:35:00,16544.84,16545.62,16543.31,16544.13,131.28405
2023-01-01 15:40:00,16544.35,16549.14,16544.11,16548.82,201.06301
2023-01-01 15:45:00,16549.13,16552.14,16545.47,16547.11,248.25826
2023-01-01 15:50:00,16547.11,16548.87,16545.02,16546.06,261.98869
2023-01-01 15:55:00,16546.06,16559.99,16545.51,16558.73,401.0737
2023-01-01 16:00:00,16558.73,16584.66,16558.0,16563.2,1037.3471
2023-01-01 16:05:00,16563.2,16571.46,16562.0,16566.95,388.74309
2023-01-01 16:10:00,16566.95,16567.34,16558.27,16562.45,313.49433
2023-01-01 16:15:00,16562.45,16572.88,16562.45,16572.27,420.21285
2023-01-01 16:20:00,16572.72,16572.72,16564.51,16570.86,292.56752
2023-01-01 16:25:00,16571.31,16579.46,16568.64,16577.68,460.13373
2023-01-01 16:30:00,16578.16,16584.3,16572.18,16579.27,420.61134
2023-01-01 16:35:00,16579.27,16581.04,16572.59,16573.16,288.37481
2023-01-01 16:40:00,16573.16,16573.78,16559.56,16566.21,444.74443
2023-01-01 16:45:00,16565.74,16573.6,16563.2,16569.8,308.48771
2023-01-01 16:50:00,16569.66,16570.56,16561.32,16562.83,205.45756
2023-01-01 16:55:00,16562.52,16569.65,16562.11,16565.14,381.95788
2023-01-01 17:00:00,16565.13,16571.15,16562.51,16567.23,367.78219
2023-01-01 17:05:00,16567.23,16572.0,16564.56,16570.85,327.74891
2023-01-01 17:10:00,16571.08,16571.38,16565.87,16570.23,223.56723
2023-01-01 17:15:00,16570.23,16580.0,16569.13,16577.08,496.80473
2023-01-01 17:20:00,16576.58,16591.0,16575.67,16586.49,716.38317
2023-01-01 17:25:00,16586.49,16596.64,16580.6,16582.65,724.85267
2023-01-01 17:30:00,16582.65,16589.52,16574.39,16575.66,391.22404
2023-01-01 17:35:00,16575.66,16579.8,16572.11,16578.03,277.47405
2023-01-01 17:40:00,16578.03,16585.56,16576.9,16584.08,300.71105
2023-01-01 17:45:00,16584.56,16586.5,16577.96,16580.86,294.89598
2023-01-01 17:50:00,16580.85,16585.92,16576.34,16576.64,372.27538
2023-01-01 17:55:00,16576.64,16582.37,16576.35,16578.85,220.68414
2023-01-01 18:00:00,16579.25,16600.0,16578.85,16595.81,626.99721
2023-01-01 18:05:00,16594.9,16602.64,16589.51,16595.75,520.69383
2023-01-01 18:10:00,16595.27,16603.89,16588.03,16593.29,536.11804
2023-01-01 18:15:00,16592.74,16595.87,16587.49,16589.52,245.86661
2023-01-01 18:20:00,16589.15,16595.28,16587.02,16593.33,260.94457
2023-01-01 18:25:00,16592.88,16594.91,16589.25,16594.11,205.07243
2023-01-01 18:30:00,16593.68,16598.77,16589.52,16598.61,341.44387
2023-01-01 18:35:00,16598.15,16599.34,16591.82,16596.35,291.68261
2023-01-01 18:40:00,16596.34,16599.0,16594.44,16596.1,253.03816
2023-01-01 18:45:00,16596.1,16598.1,16586.2,16587.51,315.76787
2023-01-01 18:50:00,16586.95,16594.19,16586.93,16590.92,319.8468
2023-01-01 18:55:00,16590.57,16592.58,16586.55,16591.88,228.90045
2023-01-01 19:00:00,16591.35,16603.49,16591.34,16596.95,413.42768
2023-01-01 19:05:00,16596.95,16606.8,16596.56,16601.28,303.46056
2023-01-01 19:10:00,16601.28,16607.8,16599.19,16606.72,379.39801
2023-01-01 19:15:00,16607.39,16619.65,16601.47,16613.23,794.57645
2023-01-01 19:20:00,16612.77,16614.66,16602.68,16607.66,310.51659
2023-01-01 19:25:00,16607.33,16623.65,16606.55,16618.35,447.64661
2023-01-01 19:30:00,16617.84,16622.91,16610.0,16614.71,422.28918
2023-01-01 19:35:00,16614.28,16621.41,16612.87,16618.46,209.07947
2023-01-01 19:40:00,16618.87,16623.17,16613.34,16614.28,280.4574
2023-01-01 19:45:00,16614.28,16614.94,16604.31,16607.08,363.25297
2023-01-01 19:50:00,16606.61,16611.02,16603.49,16603.49,297.77342
2023-01-01 19:55:00,16603.86,16605.56,16592.76,16603.08,487.86189
2023-01-01 20:00:00,16603.53,16609.32,16600.55,16608.44,406.05136
2023-01-01 20:05:00,16608.73,16610.23,16601.78,16602.13,288.3238
2023-01-01 20:10:00,16602.82,16612.21,16601.98,16607.96,392.70515
2023-01-01 20:15:00,16607.96,16615.35,16607.91,16614.03,378.03183
2023-01-01 20:20:00,16614.47,16624.08,16610.54,16620.86,390.22923
2023-01-01 20:25:00,16620.86,16628.0,16613.03,16616.08,452.75047
2023-01-01 20:30:00,16616.08,16624.19,16613.93,16619.86,307.85527
2023-01-01 20:35:00,16620.28,16623.13,16615.41,16616.98,285.68083
2023-01-01 20:40:00,16616.12,16621.25,16607.93,16609.34,368.76306
2023-01-01 20:45:00,16609.89,16611.14,16605.0,16609.14,332.39341
2023-01-01 20:50:00,16609.66,16614.25,16608.28,16608.57,227.91774
2023-01-01 20:55:00,16608.96,16609.6,16601.04,16604.51,358.35103
2023-01-01 21:00:00,16604.51,16608.31,16596.87,16598.31,406.60127
2023-01-01 21:05:00,16598.31,16604.15,16592.63,16593.73,423.74576
2023-01-01 21:10:00,16593.73,16600.6,16593.25,16596.03,360.6181
2023-01-01 21:15:00,16595.56,16605.47,16595.44,16603.9,264.91203
2023-01-01 21:20:00,16603.9,16605.0,16598.9,16599.68,217.71822
2023-01-01 21:25:00,16600.11,16603.0,16598.47,16601.35,254.65597
2023-01-01 21:30:00,16601.8,16602.22,16596.99,16597.48,224.02803
2023-01-01 21:35:00,16597.48,16605.52,16597.0,16603.19,376.29564
2023-01-01 21:40:00,16603.19,16604.04,16599.67,16600.96,249.18119
2023-01-01 21:45:00,16601.33,16605.11,16600.0,16604.17,285.59116
2023-01-01 21:50:00,16603.75,16608.42,16603.11,16608.05,256.49462
2023-01-01 21:55:00,16607.69,16608.83,16603.99,16606.68,336.93605
2023-01-01 22:00:00,16607.02,16613.85,16606.53,16611.63,315.28584
2023-01-01 22:05:00,16611.63,16612.15,16605.27,16605.84,287.8367
2023-01-01 22:10:00,16605.55,16605.95,16595.73,16597.67,373.50741
2023-01-01 22:15:00,16597.67,16598.7,16586.24,16593.62,450.27244
2023-01-01 22:20:00,16593.62,16600.99,16593.23,16596.97,241.12373
2023-01-01 22:25:00,16596.97,16597.8,16594.06,16595.55,217.42516
2023-01-01 22:30:00,16595.55,16598.14,16592.24,16592.73,202.21426
2023-01-01 22:35:00,16592.53,16596.39,16592.52,16594.1,274.83142
2023-01-01 22:40:00,16594.1,16600.62,16592.88,16599.89,383.26627
2023-01-01 22:45:00,16600.26,16601.17,16595.37,16598.56,269.25038
2023-01-01 22:50:00,16598.98,16602.97,16595.08,16596.78,487.90098
2023-01-01 22:55:00,16596.23,16602.85,16593.03,16602.12,187.28202
2023-01-01 23:00:00,16602.39,16603.83,16600.94,16601.74,172.68144
2023-01-01 23:05:00,16602.29,16617.03,16600.8,16615.74,374.831
2023-01-01 23:10:00,16615.74,16625.0,16615.24,16617.96,487.37153
2023-01-01 23:15:00,16617.71,16621.97,16612.08,16616.86,276.04797
2023-01-01 23:20:00,16617.06,16621.0,16614.1,16616.78,247.32603
2023-01-01 23:25:00,16616.78,16617.41,16604.65,16608.6,319.96858
2023-01-01 23:30:00,16608.0,16619.2,16608.0,16613.18,380.79702
2023-01-01 23:35:00,16613.18,16613.77,16602.61,16610.15,398.51811
2023-01-01 23:40:00,16610.64,16616.73,16607.64,16609.04,369.67497
2023-01-01 23:45:00,16608.57,16609.05,16603.31,16604.82,228.21337
2023-01-01 23:50:00,16605.23,16611.35,16604.27,16609.8,220.4789
2023-01-01 23:55:00,16609.48,16621.44,16609.19,16616.75,370.70603
2023-01-02 00:00:00,16617.17,16624.87,16616.75,16620.23,380.81054
2023-01-02 00:05:00,16620.23,16629.05,16615.53,16618.12,480.00633
2023-01-02 00:10:00,16618.12,16619.85,16610.03,16612.62,315.06587
2023-01-02 00:15:00,16612.62,16614.43,16598.3,16599.38,374.4542
2023-01-02 00:20:00,16599.38,16602.35,16596.01,16599.77,333.57696
2023-01-02 00:25:00,16599.77,16602.85,16587.82,16588.45,426.31149
2023-01-02 00:30:00,16588.45,16598.04,16584.41,16595.65,479.1137
2023-01-02 00:35:00,16595.99,16599.35,16585.14,16587.28,308.43881
2023-01-02 00:40:00,16587.67,16594.0,16584.53,16593.31,344.10068
2023-01-02 00:45:00,16593.32,16594.47,16590.69,16592.65,230.68019
2023-01-02 00:50:00,16592.65,16593.0,16584.63,16585.09,244.92059
2023-01-02 00:55:00,16585.09,16593.5,16581.25,16588.35,409.59012
2023-01-02 01:00:00,16587.97,16589.2,16576.86,16581.79,423.72389
2023-01-02 01:05:00,16581.79,16583.91,16553.25,16559.97,1782.48043
2023-01-02 01:10:00,16559.45,16571.7,16556.95,16567.52,538.0382
2023-01-02 01:15:00,16567.52,16567.84,16548.7,16560.02,818.44129
2023-01-02 01:20:00,16560.02,16564.86,16549.65,16564.86,465.44759
2023-01-02 01:25:00,16564.86,16570.0,16562.18,16568.83,323.10541
2023-01-02 01:30:00,16568.34,16572.13,16563.04,16572.13,310.77342
2023-01-02 01:35:00,16572.13,16574.87,16570.0,16570.42,247.34175
2023-01-02 01:40:00,16570.42,16571.99,16566.47,16570.24,232.81398
2023-01-02 01:45:00,16569.84,16571.91,16567.59,16568.71,206.87484
2023-01-02 01:50:00,16568.93,16570.46,16567.66,16569.41,170.89844
2023-01-02 01:55:00,16569.11,16570.12,16564.31,16565.04,271.91519
2023-01-02 02:00:00,16565.03,16574.38,16555.0,16571.95,522.88279
2023-01-02 02:05:00,16571.92,16576.0,16570.61,16572.58,212.82175
2023-01-02 02:10:00,16572.82,16577.48,16571.1,16576.28,297.95121
2023-01-02 02:15:00,16576.28,16579.05,16575.6,16576.72,182.55104
2023-01-02 02:20:00,16576.72,16580.31,16573.64,16576.99,317.79267
2023-01-02 02:25:00,16576.99,16579.79,16574.62,16577.35,260.73773
2023-01-02 02:30:00,16577.27,16579.15,16575.39,16578.62,185.25122
2023-01-02 02:35:00,16578.67,16579.78,16575.0,16577.33,227.2989
2023-01-02 02:40:00,16577.33,16579.72,16576.9,16578.79,172.30154
2023-01-02 02:45:00,16578.79,16587.38,16578.53,16586.93,252.69156
2023-01-02 02:50:00,16586.93,16593.71,16586.35,16592.88,278.55599
2023-01-02 02:55:00,16593.71,16595.92,16587.15,16587.85,239.57931
2023-01-02 03:00:00,16587.99,16592.88,16586.56,16592.25,250.91656
2023-01-02 03:05:00,16592.2,16594.99,16590.42,16593.41,157.36694
2023-01-02 03:10:00,16593.41,16594.4,16588.59,16589.38,219.06811
2023-01-02 03:15:00,16589.63,16591.68,16586.43,16587.93,202.06208
2023-01-02 03:20:00,16588.09,16592.0,16584.59,16585.03,280.93553
2023-01-02 03:25:00,16585.03,16585.03,16581.8,16584.06,230.46145
2023-01-02 03:30:00,16583.83,16598.21,16583.22,16597.6,461.59834
2023-01-02 03:35:00,16597.6,16611.0,16597.12,16608.4,442.80151
2023-01-02 03:40:00,16608.81,16611.0,16605.86,16606.97,231.90889
2023-01-02 03:45:00,16607.06,16619.44,16602.23,16617.87,420.90905
2023-01-02 03:50:00,16617.87,16707.25,16614.71,16695.43,2343.10751
2023-01-02 03:55:00,16695.82,16695.99,16652.07,16661.94,952.99951
2023-01-02 04:00:00,16662.38,16674.34,16658.11,16664.22,665.77294
2023-01-02 04:05:00,16664.61,16674.84,16648.7,16649.39,583.19885
2023-01-02 04:10:00,16649.39,16653.19,16640.54,16645.92,454.54025
2023-01-02 04:15:00,16646.04,16652.76,16635.25,16642.31,572.22707
2023-01-02 04:20:00,16642.78,16653.14,16635.35,16635.95,438.86673
2023-01-02 04:25:00,16635.95,16643.58,16633.54,16640.79,347.43828
2023-01-02 04:30:00,16640.79,16650.0,16638.55,16646.69,313.954
2023-01-02 04:35:00,16646.66,16650.56,16629.29,16635.26,418.49218
2023-01-02 04:40:00,16635.26,16639.41,16630.21,16634.04,287.28267
2023-01-02 04:45:00,16633.93,16640.76,16630.6,16638.11,279.76765
2023-01-02 04:50:00,16638.02,16642.31,16634.5,16635.99,328.40726
2023-01-02 04:55:00,16635.99,16640.52,16632.23,16639.44,293.44657
2023-01-02 05:00:00,16639.74,16642.31,16634.9,16641.57,342.79519
2023-01-02 05:05:00,16641.24,16644.32,16622.54,16630.35,429.99224
2023-01-02 05:10:00,16630.35,16633.71,16627.56,16629.79,288.1852
2023-01-02 05:15:00,16630.07,16631.11,16619.65,16620.88,375.31105
2023-01-02 05:20:00,16620.88,16631.73,16619.44,16631.45,322.00383
2023-01-02 05:25:00,16631.45,16634.96,16630.12,16634.53,252.38955
2023-01-02 05:30:00,16634.53,16634.71,16622.91,16628.27,278.18224
2023-01-02 05:35:00,16628.27,16643.38,16625.19,16643.06,692.10592
2023-01-02 05:40:00,16642.81,16657.14,16641.52,16655.57,714.87835
2023-01-02 05:45:00,16655.92,16658.34,16655.0,16657.62,516.80496
2023-01-02 05:50:00,16657.84,16662.94,16648.13,16649.98,504.94556
2023-01-02 05:55:00,16650.27,16650.87,16645.35,16647.58,259.18993
2023-01-02 06:00:00,16648.37,16651.74,16647.9,16649.48,191.49983
2023-01-02 06:05:00,16649.48,16657.98,16649.2,16656.68,281.82515
2023-01-02 06:10:00,16656.33,16663.27,16650.48,16651.76,388.36292
2023-01-02 06:15:00,16651.44,16655.36,16649.55,16654.94,218.95308
2023-01-02 06:20:00,16654.74,16661.15,16652.92,16654.44,287.23675
2023-01-02 06:25:00,16654.07,16654.44,16647.38,16647.91,208.25396
2023-01-02 06:30:00,16648.24,16649.03,16640.0,16642.27,316.33382
2023-01-02 06:35:00,16642.27,16645.26,16635.93,16640.79,389.32174
2023-01-02 06:40:00,16640.79,16645.9,16637.09,16640.65,279.12703
2023-01-02 06:45:00,16640.98,16641.12,16636.47,16637.54,204.23793
2023-01-02 06:50:00,16637.26,16642.31,16636.54,16638.51,237.33354
2023-01-02 06:55:00,16638.38,16642.0,16638.07,16641.1,208.13199
2023-01-02 07:00:00,16641.1,16642.89,16637.44,16639.32,308.50633
2023-01-02 07:05:00,16639.19,16648.67,16638.26,16642.43,320.95765
2023-01-02 07:10:00,16642.43,16700.0,16639.2,16696.68,1172.34088
2023-01-02 07:15:00,16696.69,16769.51,16678.55,16725.11,3841.66903
2023-01-02 07:20:00,16725.11,16751.24,16715.84,16719.26,1187.22914
2023-01-02 07:25:00,16719.75,16745.04,16713.45,16735.58,993.06689
2023-01-02 07:30:00,16735.87,16746.58,16720.3,16721.16,771.54378
2023-01-02 07:35:00,16721.16,16760.43,16716.0,16756.97,1190.16623
2023-01-02 07:40:00,16756.96,16760.69,16735.01,16738.51,1016.79799
2023-01-02 07:45:00,16737.94,16746.62,16721.77,16726.49,748.84333
2023-01-02 07:50:00,16726.49,16728.61,16719.84,16727.7,554.35079
2023-01-02 07:55:00,16727.7,16735.27,16717.53,16721.28,750.61353
2023-01-02 08:00:00,16721.27,16726.77,16707.52,16724.73,883.96169
2023-01-02 08:05:00,16724.25,16739.01,16721.13,16735.68,605.75098
2023-01-02 08:10:00,16735.68,16752.61,16735.25,16747.16,725.78489
2023-01-02 08:15:00,16747.16,16772.01,16737.29,16740.27,1091.36824
2023-01-02 08:20:00,16740.27,16746.5,16731.95,16738.85,490.73039
2023-01-02 08:25:00,16739.3,16751.59,16733.24,16738.48,570.92866
2023-01-02 08:30:00,16738.93,16753.24,16731.55,16752.99,499.33982
2023-01-02 08:35:00,16752.99,16754.09,16744.99,16750.19,440.01844
2023-01-02 08:40:00,16750.19,16756.64,16739.37,16742.46,430.33069
2023-01-02 08:45:00,16741.96,16749.2,16735.41,16736.43,406.7187
2023-01-02 08:50:00,16735.94,16739.85,16724.85,16732.57,546.73245
2023-01-02 08:55:00,16733.07,16737.56,16727.83,16733.71,389.14631
2023-01-02 09:00:00,16733.71,16739.75,16720.0,16729.61,618.27874
2023-01-02 09:05:00,16729.87,16745.68,16728.74,16732.32,653.3322
2023-01-02 09:10:00,16732.33,16734.7,16720.0,16722.36,360.43449
2023-01-02 09:15:00,16723.07,16734.33,16720.0,16731.93,403.97329
2023-01-02 09:20:00,16731.69,16740.0,16726.4,16726.76,468.30739
2023-01-02 09:25:00,16726.76,16728.45,16722.65,16723.37,315.34606
2023-01-02 09:30:00,16723.77,16730.1,16710.54,16726.93,598.78422
2023-01-02 09:35:00,16726.93,16736.59,16726.05,16732.44,455.79933
2023-01-02 09:40:00,16732.44,16733.54,16715.87,16725.47,413.24882
2023-01-02 09:45:00,16725.47,16726.19,16713.01,16717.31,450.10966
2023-01-02 09:50:00,16717.31,16720.84,16712.15,16713.67,448.41798
2023-01-02 09:55:00,16713.67,16720.25,16712.53,16717.5,413.17678
2023-01-02 10:00:00,16717.5,16729.8,16708.68,16726.28,721.03621
2023-01-02 10:05:00,16725.88,16762.86,16724.42,16738.14,985.73589
2023-01-02 10:10:00,16737.22,16743.41,16728.0,16742.05,611.37994
2023-01-02 10:15:00,16742.04,16744.43,16732.49,16734.28,401.93386
2023-01-02 10:20:00,16734.47,16737.55,16723.64,16726.09,470.92369
2023-01-02 10:25:00,16725.64,16738.59,16725.61,16732.41,617.07752
2023-01-02 10:30:00,16732.41,16742.31,16732.12,16733.48,431.0328
2023-01-02 10:35:00,16733.65,16737.66,16722.76,16725.83,456.28464
2023-01-02 10:40:00,16725.59,16728.28,16722.15,16722.72,338.07086
2023-01-02 10:45:00,16722.72,16734.8,16722.72,16730.19,394.07501
2023-01-02 10:50:00,16730.19,16731.9,16726.43,16728.54,211.6238
2023-01-02 10:55:00,16728.54,16732.31,16726.74,16727.95,253.40283
2023-01-02 11:00:00,16727.72,16732.7,16722.24,16723.91,344.50321
2023-01-02 11:05:00,16723.91,16727.32,16721.62,16723.32,332.54561
2023-01-02 11:10:00,16723.32,16729.82,16721.54,16726.02,336.17279
2023-01-02 11:15:00,16726.02,16728.36,16717.47,16719.85,467.70371
2023-01-02 11:20:00,16719.43,16723.03,16717.55,16721.1,337.77054
2023-01-02 11:25:00,16720.79,16721.56,16716.52,16718.59,300.09239
2023-01-02 11:30:00,16718.56,16723.56,16709.28,16712.43,565.75065
2023-01-02 11:35:00,16712.43,16725.72,16704.07,16723.56,697.15956
2023-01-02 11:40:00,16723.56,16732.71,16723.12,16728.21,391.22321
2023-01-02 11:45:00,16728.21,16741.72,16728.1,16736.25,458.73739
2023-01-02 11:50:00,16735.87,16736.88,16732.58,16734.08,209.79506
2023-01-02 11:55:00,16734.37,16737.6,16731.67,16735.11,253.8898
2023-01-02 12:00:00,16735.51,16739.6,16730.54,16732.64,378.34368
2023-01-02 12:05:00,16732.97,16743.3,16730.04,16742.99,349.44568
2023-01-02 12:10:00,16742.62,16744.8,16734.2,16739.31,388.59076
2023-01-02 12:15:00,16738.9,16746.29,16734.29,16736.4,439.67906
2023-01-02 12:20:00,16736.4,16739.68,16733.53,16738.44,295.59716
2023-01-02 12:25:00,16738.44,16740.15,16735.8,16737.28,331.66628
2023-01-02 12:30:00,16737.28,16739.32,16732.9,16736.73,385.20011
2023-01-02 12:35:00,16736.07,16738.43,16729.04,16730.06,298.83369
2023-01-02 12:40:00,16730.04,16731.28,16723.59,16724.25,337.52125
2023-01-02 12:45:00,16724.25,16729.92,16723.99,16724.84,341.31104
2023-01-02 12:50:00,16725.1,16728.0,16723.24,16723.53,255.25382
2023-01-02 12:55:00,16723.67,16724.66,16719.3,16721.54,460.5611
2023-01-02 13:00:00,16721.96,16724.89,16721.03,16723.52,295.89239
2023-01-02 13:05:00,16723.52,16725.6,16712.6,16716.22,549.19542
2023-01-02 13:10:00,16716.45,16719.73,16715.13,16717.97,373.38661
2023-01-02 13:15:00,16718.03,16719.79,16715.51,16718.03,329.33741
2023-01-02 13:20:00,16718.09,16718.2,16714.29,16717.1,321.20705
2023-01-02 13:25:00,16717.21,16720.31,16716.42,16718.34,263.99879
2023-01-02 13:30:00,16718.34,16721.6,16708.02,16710.41,441.67825
2023-01-02 13:35:00,16710.05,16711.44,16685.0,16696.79,1274.5152
2023-01-02 13:40:00,16697.21,16701.61,16688.75,16689.78,580.68508
2023-01-02 13:45:00,16689.78,16706.62,16689.62,16699.5,500.04358
2023-01-02 13:50:00,16699.93,16703.72,16698.19,16700.44,272.1095
2023-01-02 13:55:00,16700.44,16705.45,16694.27,16694.78,396.24778
2023-01-02 14:00:00,16695.12,16710.11,16694.26,16704.8,534.36929
2023-01-02 14:05:00,16705.03,16705.42,16697.34,16700.1,409.31679
2023-01-02 14:10:00,16699.74,16709.37,16699.23,16705.59,352.57887
2023-01-02 14:15:00,16705.62,16710.41,16705.0,16708.83,300.67132
2023-01-02 14:20:00,16708.82,16708.83,16703.1,16704.09,294.91085
2023-01-02 14:25:00,16704.08,16704.08,16689.99,16690.42,660.64897
2023-01-02 14:30:00,16690.42,16697.48,16687.3,16688.04,423.81344
2023-01-02 14:35:00,16688.04,16689.12,16669.15,16680.94,1027.37189
2023-01-02 14:40:00,16680.94,16703.93,16678.95,16702.56,639.50401
2023-01-02 14:45:00,16702.57,16703.0,16698.63,16699.99,306.86161
2023-01-02 14:50:00,16699.99,16701.04,16695.35,16696.78,261.45769
2023-01-02 14:55:00,16696.62,16700.79,16695.3,16698.69,248.84602
2023-01-02 15:00:00,16698.69,16708.41,16692.01,16693.86,535.51535
2023-01-02 15:05:00,16694.18,16702.62,16692.11,16699.88,353.27244
2023-01-02 15:10:00,16699.47,16710.0,16697.6,16708.22,344.85757
2023-01-02 15:15:00,16708.22,16724.99,16706.8,16711.72,1060.30888
2023-01-02 15:20:00,16711.72,16717.59,16707.35,16715.39,437.56726
2023-01-02 15:25:00,16715.83,16720.93,16714.26,16717.14,415.06005
2023-01-02 15:30:00,16716.73,16730.54,16715.89,16726.13,640.36382
2023-01-02 15:35:00,16726.13,16734.47,16723.19,16729.32,405.67801
2023-01-02 15:40:00,16729.18,16750.0,16727.56,16742.54,756.12444
2023-01-02 15:45:00,16742.54,16744.9,16733.14,16741.33,464.28011
2023-01-02 15:50:00,16741.33,16742.0,16724.5,16735.0,648.77786
2023-01-02 15:55:00,16734.88,16738.8,16728.14,16734.66,364.75768
2023-01-02 16:00:00,16734.66,16739.64,16726.88,16727.98,357.8879
2023-01-02 16:05:00,16727.54,16728.99,16718.79,16722.44,334.68405
2023-01-02 16:10:00,16722.44,16737.1,16722.0,16734.81,419.27336
2023-01-02 16:15:00,16734.81,16737.51,16730.0,16731.91,244.31543
2023-01-02 16:20:00,16731.9,16734.4,16730.47,16732.78,235.13355
2023-01-02 16:25:00,16733.05,16733.24,16729.85,16731.9,205.04404
2023-01-02 16:30:00,16731.56,16732.71,16729.74,16731.32,202.81844
2023-01-02 16:35:00,16731.6,16738.55,16729.43,16735.72,337.24633
2023-01-02 16:40:00,16735.72,16737.69,16732.2,16732.7,231.39337
2023-01-02 16:45:00,16732.7,16735.1,16727.48,16730.54,322.94798
2023-01-02 16:50:00,16730.54,16733.34,16710.0,16712.86,562.60444
2023-01-02 16:55:00,16712.86,16718.36,16708.23,16710.88,407.67121
2023-01-02 17:00:00,16710.69,16716.34,16707.12,16715.06,434.11652
2023-01-02 17:05:00,16715.06,16716.62,16713.1,16715.88,202.98728
2023-01-02 17:10:00,16715.61,16716.66,16708.24,16711.0,374.76097
2023-01-02 17:15:00,16710.76,16715.35,16708.9,16712.45,236.74796
2023-01-02 17:20:00,16712.84,16715.59,16709.5,16713.07,267.4505
2023-01-02 17:25:00,16712.89,16718.35,16712.2,16718.26,218.38242
2023-01-02 17:30:00,16717.93,16723.0,16711.95,16712.49,344.15471
2023-01-02 17:35:00,16712.64,16716.96,16711.43,16714.97,233.1634
2023-01-02 17:40:00,16714.98,16720.03,16711.45,16712.86,211.0348
2023-01-02 17:45:00,16712.86,16716.21,16711.23,16712.92,155.09171
2023-01-02 17:50:00,16712.67,16716.75,16712.48,16715.29,203.74148
2023-01-02 17:55:00,16715.29,16717.09,16714.12,16715.42,154.28318
2023-01-02 18:00:00,16715.42,16716.99,16714.74,16715.36,140.6456
2023-01-02 18:05:00,16715.58,16716.59,16707.59,16711.46,270.87761
2023-01-02 18:10:00,16711.46,16713.19,16708.74,16709.41,163.0989
2023-01-02 18:15:00,16709.1,16710.95,16708.4,16710.48,128.79607
2023-01-02 18:20:00,16710.28,16716.5,16709.85,16710.07,272.81946
2023-01-02 18:25:00,16710.38,16714.62,16707.96,16711.8,234.47578
2023-01-02 18:30:00,16711.8,16714.0,16707.47,16712.36,239.16594
2023-01-02 18:35:00,16712.36,16713.08,16711.0,16712.66,107.80668
2023-01-02 18:40:00,16712.95,16712.96,16708.56,16709.6,170.84851
2023-01-02 18:45:00,16709.6,16724.4,16709.09,16722.9,389.29869
2023-01-02 18:50:00,16722.5,16731.57,16721.98,16730.45,345.47706
2023-01-02 18:55:00,16730.77,16731.71,16718.98,16723.81,347.3837
2023-01-02 19:00:00,16723.64,16727.92,16723.52,16726.35,204.75724
2023-01-02 19:05:00,16726.0,16726.5,16721.05,16724.66,175.61657
2023-01-02 19:10:00,16724.36,16725.49,16721.51,16722.95,137.50441
2023-01-02 19:15:00,16723.07,16728.75,16720.98,16721.38,224.50174
2023-01-02 19:20:00,16721.69,16722.95,16718.35,16719.42,172.62663
2023-01-02 19:25:00,16719.42,16722.64,16715.88,16717.02,193.87481
2023-01-02 19:30:00,16717.02,16721.68,16716.94,16719.62,165.03029
2023-01-02 19:35:00,16719.33,16721.1,16717.98,16720.24,127.56474
2023-01-02 19:40:00,16720.24,16724.73,16718.89,16723.16,183.71982
2023-01-02 19:45:00,16723.39,16734.14,16721.94,16730.91,471.45355
2023-01-02 19:50:00,16730.6,16736.15,16730.34,16734.9,263.64667
2023-01-02 19:55:00,16735.1,16738.22,16730.13,16737.56,286.81103
2023-01-02 20:00:00,16737.56,16738.23,16709.29,16709.98,633.3071
2023-01-02 20:05:00,16709.63,16721.35,16709.62,16718.37,278.64487
2023-01-02 20:10:00,16718.01,16724.97,16717.09,16720.89,191.74848
2023-01-02 20:15:00,16721.17,16724.0,16716.28,16723.36,186.28704
2023-01-02 20:20:00,16723.2,16724.65,16719.97,16723.86,136.48097
2023-01-02 20:25:00,16723.86,16732.42,16723.4,16729.44,252.30778
2023-01-02 20:30:00,16729.82,16731.93,16719.72,16723.29,217.61123
2023-01-02 20:35:00,16723.29,16730.48,16722.01,16727.85,205.63326
2023-01-02 20:40:00,16727.85,16732.95,16726.16,16732.01,206.98827
2023-01-02 20:45:00,16732.27,16734.0,16730.27,16732.31,169.96932
2023-01-02 20:50:00,16732.31,16733.12,16724.96,16728.99,237.97864
2023-01-02 20:55:00,16729.0,16732.31,16725.55,16728.52,164.58202
2023-01-02 21:00:00,16728.52,16735.82,16724.89,16726.93,373.76193
2023-01-02 21:05:00,16726.57,16730.65,16720.2,16728.93,377.8071
2023-01-02 21:10:00,16728.93,16729.61,16727.51,16727.59,154.7216
2023-01-02 21:15:00,16727.59,16728.96,16724.94,16726.52,145.37468
2023-01-02 21:20:00,16726.65,16730.47,16723.98,16724.57,180.1757
2023-01-02 21:25:00,16724.64,16730.0,16724.12,16727.83,166.66745
2023-01-02 21:30:00,16727.65,16729.74,16727.18,16729.37,122.94815
2023-01-02 21:35:00,16729.37,16735.0,16718.41,16734.52,350.58842
2023-01-02 21:40:00,16734.23,16735.75,16729.72,16731.97,183.41826
2023-01-02 21:45:00,16732.11,16734.57,16730.58,16733.36,111.48044
2023-01-02 21:50:00,16733.19,16736.0,16732.84,16735.98,119.75204
2023-01-02 21:55:00,16735.98,16799.23,16735.51,16757.76,1484.38337
2023-01-02 22:00:00,16757.76,16763.78,16734.25,16743.39,551.902
2023-01-02 22:05:00,16743.57,16752.35,16734.15,16740.74,331.82685
2023-01-02 22:10:00,16740.74,16755.06,16738.67,16754.72,286.7314
2023-01-02 22:15:00,16755.0,16758.0,16737.81,16741.72,321.36004
2023-01-02 22:20:00,16741.72,16743.45,16736.85,16738.24,174.29564
2023-01-02 22:25:00,16738.53,16741.2,16724.08,16725.97,266.22877
2023-01-02 22:30:00,16725.64,16728.66,16693.79,16712.04,798.08852
2023-01-02 22:35:00,16712.53,16718.53,16708.94,16715.82,358.39742
2023-01-02 22:40:00,16715.33,16720.48,16706.73,16710.52,378.09475
2023-01-02 22:45:00,16710.09,16715.96,16690.18,16699.17,759.02091
2023-01-02 22:50:00,16699.7,16708.49,16691.53,16692.37,785.31948
2023-01-02 22:55:00,16693.01,16707.2,16691.07,16698.4,597.88522
2023-01-02 23:00:00,16698.4,16714.14,16686.0,16704.14,1248.19527
2023-01-02 23:05:00,16704.13,16722.98,16703.83,16711.4,620.97209
2023-01-02 23:10:00,16711.62,16716.14,16701.36,16714.23,565.12924
2023-01-02 23:15:00,16713.8,16717.5,16707.96,16710.93,423.16697
2023-01-02 23:20:00,16711.53,16715.37,16705.7,16709.47,337.98408
2023-01-02 23:25:00,16709.15,16715.48,16706.23,16710.46,305.30013
2023-01-02 23:30:00,16709.99,16713.78,16701.9,16703.07,323.00649
2023-01-02 23:35:00,16703.51,16705.03,16693.2,16697.2,453.59192
2023-01-02 23:40:00,16697.2,16706.97,16696.09,16701.33,401.94962
2023-01-02 23:45:00,16701.09,16702.64,16686.0,16688.69,560.7153
2023-01-02 23:50:00,16688.28,16689.37,16674.2,16680.34,733.36656
2023-01-02 23:55:00,16680.15,16681.65,16660.51,16672.87,833.17561
2023-01-03 00:00:00,16672.78,16674.12,16647.81,16666.94,1218.28856
2023-01-03 00:05:00,16666.94,16683.71,16663.5,16680.18,530.72842
2023-01-03 00:10:00,16680.12,16687.97,16676.18,16686.64,414.34119
2023-01-03 00:15:00,16686.2,16693.0,16684.14,16688.23,461.64821
2023-01-03 00:20:00,16688.23,16690.12,16677.09,16684.41,374.75916
2023-01-03 00:25:00,16684.42,16687.52,16681.28,16682.79,299.06889
2023-01-03 00:30:00,16682.79,16705.79,16680.4,16704.42,526.99916
2023-01-03 00:35:00,16704.51,16705.79,16700.6,16701.48,309.39183
2023-01-03 00:40:00,16701.48,16706.14,16698.94,16703.58,348.31616
2023-01-03 00:45:00,16703.58,16704.88,16699.97,16702.33,343.34758
2023-01-03 00:50:00,16701.87,16702.83,16688.1,16691.1,479.97575
2023-01-03 00:55:00,16691.1,16700.16,16689.31,16695.59,377.74992
2023-01-03 01:00:00,16695.59,16696.04,16686.01,16688.88,443.85638
2023-01-03 01:05:00,16689.25,16690.01,16673.53,16677.0,621.53648
2023-01-03 01:10:00,16677.47,16683.83,16676.23,16679.05,417.75675
2023-01-03 01:15:00,16679.05,16683.16,16664.26,16665.92,464.82106
2023-01-03 01:20:00,16665.92,16667.23,16651.42,16658.96,803.04321
2023-01-03 01:25:00,16658.56,16666.25,16654.45,16660.27,413.03043
2023-01-03 01:30:00,16660.27,16681.75,16655.74,16677.67,520.54893
2023-01-03 01:35:00,16678.12,16678.14,16660.94,16661.75,439.95008
2023-01-03 01:40:00,16661.91,16672.68,16661.12,16671.07,410.09919
2023-01-03 01:45:00,16671.52,16674.88,16664.25,16668.93,302.36091
2023-01-03 01:50:00,16668.93,16672.88,16665.08,16670.28,364.40084
2023-01-03 01:55:00,16670.45,16681.28,16667.76,16677.6,404.80344
2023-01-03 02:00:00,16677.6,16687.44,16671.6,16686.04,457.19543
2023-01-03 02:05:00,16685.72,16688.53,16680.25,16682.97,366.82642
2023-01-03 02:10:00,16682.97,16688.51,16680.86,16687.52,317.51427
2023-01-03 02:15:00,16687.93,16687.93,16679.48,16681.97,328.37833
2023-01-03 02:20:00,16682.1,16685.24,16674.87,16677.08,322.21812
2023-01-03 02:25:00,16676.71,16679.98,16674.23,16675.5,250.75406
2023-01-03 02:30:00,16675.5,16684.32,16673.35,16682.78,367.78849
2023-01-03 02:35:00,16682.78,16683.82,16680.0,16682.31,293.83643
2023-01-03 02:40:00,16682.07,16685.37,16680.25,16683.86,366.75317
2023-01-03 02:45:00,16683.3,16684.2,16671.84,16674.83,414.94161
2023-01-03 02:50:00,16674.83,16681.98,16674.45,16677.46,393.55444
2023-01-03 02:55:00,16677.46,16678.41,16672.55,16674.03,337.47407
2023-01-03 03:00:00,16674.04,16675.11,16667.09,16672.34,543.6766
2023-01-03 03:05:00,16672.62,16679.48,16671.54,16678.12,316.32785
2023-01-03 03:10:00,16678.11,16680.85,16666.91,16670.94,385.17389
2023-01-03 03:15:00,16670.54,16676.08,16668.25,16674.35,343.8864
2023-01-03 03:20:00,16674.59,16692.14,16674.02,16691.91,551.41522
2023-01-03 03:25:00,16691.91,16692.31,16684.93,16685.26,356.82679
2023-01-03 03:30:00,16685.66,16700.28,16683.79,16699.63,510.17752
2023-01-03 03:35:00,16699.63,16700.17,16693.79,16696.19,397.26216
2023-01-03 03:40:00,16696.19,16696.49,16684.76,16690.57,390.92778
2023-01-03 03:45:00,16690.32,16694.48,16689.11,16691.72,288.33591
2023-01-03 03:50:00,16691.71,16694.56,16688.39,16692.02,302.08769
2023-01-03 03:55:00,16692.02,16695.15,16689.0,16691.81,289.30078
2023-01-03 04:00:00,16691.81,16695.28,16689.48,16690.53,270.64092
2023-01-03 04:05:00,16690.16,16692.38,16689.02,16691.09,269.41667
2023-01-03 04:10:00,16691.5,16698.83,16689.5,16697.53,339.65591
2023-01-03 04:15:00,16697.18,16699.63,16691.49,16692.86,330.3538
2023-01-03 04:20:00,16692.86,16693.87,16686.8,16689.88,290.70207
2023-01-03 04:25:00,16689.86,16694.84,16686.8,16693.03,322.01085
2023-01-03 04:30:00,16693.02,16694.99,16687.42,16688.72,280.70088
2023-01-03 04:35:00,16688.72,16692.29,16685.78,16689.75,339.75964
2023-01-03 04:40:00,16689.75,16690.97,16687.17,16687.96,220.98386
2023-01-03 04:45:00,16687.96,16688.75,16683.33,16686.37,320.97055
2023-01-03 04:50:00,16686.37,16690.69,16683.49,16683.9,253.10845
2023-01-03 04:55:00,16683.9,16693.0,16681.79,16685.64,353.06458
2023-01-03 05:00:00,16685.21,16689.95,16683.31,16686.95,310.74989
2023-01-03 05:05:00,16687.28,16689.22,16686.07,16687.64,257.40064
2023-01-03 05:10:00,16687.93,16698.99,16687.64,16698.51,389.95637
2023-01-03 05:15:00,16698.51,16707.0,16696.89,16699.36,567.43175
2023-01-03 05:20:00,16698.92,16706.29,16691.26,16693.3,438.89147
2023-01-03 05:25:00,16693.74,16694.6,16690.04,16693.55,283.29683
2023-01-03 05:30:00,16693.54,16698.08,16691.91,16697.06,337.06417
2023-01-03 05:35:00,16696.7,16714.5,16695.1,16705.03,625.26247
2023-01-03 05:40:00,16704.62,16714.9,16703.11,16708.98,444.52266
2023-01-03 05:45:00,16708.98,16720.0,16708.7,16714.96,580.89839
2023-01-03 05:50:00,16714.58,16723.59,16714.27,16721.6,447.26902
2023-01-03 05:55:00,16722.05,16727.72,16717.4,16725.5,531.85092
2023-01-03 06:00:00,16725.5,16759.0,16724.42,16754.71,1428.12411
2023-01-03 06:05:00,16753.95,16756.62,16738.85,16742.1,550.35393
2023-01-03 06:10:00,16742.1,16744.46,16735.46,16736.79,333.33597
2023-01-03 06:15:00,16736.79,16743.48,16736.39,16741.72,374.44074
2023-01-03 06:20:00,16741.72,16747.8,16738.31,16745.77,512.50328
2023-01-03 06:25:00,16745.77,16760.42,16743.39,16759.25,583.35317
2023-01-03 06:30:00,16759.25,16778.4,16747.77,16750.58,968.15171
2023-01-03 06:35:00,16750.58,16751.93,16731.11,16734.43,530.56049
2023-01-03 06:40:00,16733.93,16738.62,16730.41,16735.74,462.69859
2023-01-03 06:45:00,16735.29,16736.12,16727.5,16730.27,449.9499
2023-01-03 06:50:00,16729.81,16730.47,16725.2,16726.13,395.97852
2023-01-03 06:55:00,16726.13,16732.7,16722.31,16727.58,533.95378
2023-01-03 07:00:00,16727.58,16728.1,16719.58,16721.92,441.94323
2023-01-03 07:05:00,16722.42,16727.27,16719.27,16726.33,562.47787
2023-01-03 07:10:00,16725.93,16728.33,16723.62,16727.7,376.30176
2023-01-03 07:15:00,16727.7,16731.83,16721.31,16721.57,468.37234
2023-01-03 07:20:00,16721.33,16724.04,16711.53,16714.29,466.39177
2023-01-03 07:25:00,16713.89,16720.0,16712.39,16716.18,459.73814
2023-01-03 07:30:00,16715.81,16717.5,16707.57,16708.06,507.93537
2023-01-03 07:35:00,16708.34,16714.98,16708.04,16714.4,478.96766
2023-01-03 07:40:00,16714.39,16723.0,16713.98,16719.54,406.37292
2023-01-03 07:45:00,16719.94,16728.03,16718.63,16726.3,493.02322
2023-01-03 07:50:00,16726.58,16732.64,16723.46,16725.81,428.89629
2023-01-03 07:55:00,16725.79,16732.29,16725.0,16729.74,414.55581
2023-01-03 08:00:00,16730.15,16735.84,16729.32,16730.83,633.94207
2023-01-03 08:05:00,16730.83,16732.0,16717.95,16720.82,595.64553
2023-01-03 08:10:00,16720.48,16721.91,16714.73,16717.62,446.3838
2023-01-03 08:15:00,16717.29,16719.85,16710.5,16718.19,618.32105
2023-01-03 08:20:00,16717.74,16721.59,16710.83,16712.37,494.39983
2023-01-03 08:25:00,16711.87,16720.0,16709.27,16719.53,478.6255
2023-01-03 08:30:00,16719.9,16720.75,16713.54,16716.17,494.87917
2023-01-03 08:35:00,16715.96,16720.0,16710.88,16711.83,530.47059
2023-01-03 08:40:00,16711.47,16712.57,16698.15,16703.53,990.3174
2023-01-03 08:45:00,16703.53,16713.98,16702.1,16706.24,637.72086
2023-01-03 08:50:00,16706.24,16710.75,16704.7,16707.91,503.5885
2023-01-03 08:55:00,16707.91,16721.41,16705.33,16715.22,636.45739
2023-01-03 09:00:00,16714.77,16725.0,16714.0,16724.61,620.72668
2023-01-03 09:05:00,16724.29,16727.83,16718.22,16721.06,412.3602
2023-01-03 09:10:00,16721.27,16728.99,16720.94,16727.52,481.36165
2023-01-03 09:15:00,16727.82,16734.72,16726.56,16727.95,603.09718
2023-01-03 09:20:00,16727.95,16734.32,16727.18,16732.83,483.82296
2023-01-03 09:25:00,16732.73,16735.64,16723.9,16727.38,582.87664
2023-01-03 09:30:00,16727.54,16745.77,16727.31,16740.71,667.33484
2023-01-03 09:35:00,16740.71,16741.49,16735.38,16737.78,326.23135
2023-01-03 09:40:00,16737.78,16749.25,16737.59,16744.85,679.1788
2023-01-03 09:45:00,16744.85,16748.51,16741.0,16746.33,529.99754
2023-01-03 09:50:00,16746.29,16749.3,16744.33,16748.48,550.61392
2023-01-03 09:55:00,16748.48,16766.0,16734.33,16741.31,1040.30489
2023-01-03 10:00:00,16741.22,16749.1,16738.48,16740.0,669.93097
2023-01-03 10:05:00,16740.51,16743.47,16738.04,16738.36,448.59596
2023-01-03 10:10:00,16738.36,16739.29,16731.58,16733.57,520.021
2023-01-03 10:15:00,16733.57,16737.61,16733.05,16735.79,528.77164
2023-01-03 10:20:00,16735.79,16738.74,16730.07,16736.51,575.63463
2023-01-03 10:25:00,16736.51,16739.2,16734.92,16735.88,342.16301
2023-01-03 10:30:00,16735.53,16738.05,16730.74,16732.95,442.65844
2023-01-03 10:35:00,16732.95,16738.53,16730.55,16737.87,418.93296
2023-01-03 10:40:00,16738.19,16740.05,16735.42,16738.09,358.38705
2023-01-03 10:45:00,16737.71,16741.94,16736.46,16737.37,386.4164
2023-01-03 10:50:00,16737.11,16739.0,16731.31,16732.57,348.53691
2023-01-03 10:55:00,16732.66,16732.84,16721.89,16724.32,599.99893
2023-01-03 11:00:00,16724.0,16729.41,16723.6,16725.58,527.13773
2023-01-03 11:05:00,16725.58,16731.24,16724.12,16726.77,425.77202
2023-01-03 11:10:00,16726.77,16729.95,16725.37,16727.23,349.17629
2023-01-03 11:15:00,16726.89,16729.0,16723.41,16725.13,347.66234
2023-01-03 11:20:00,16725.13,16727.06,16723.8,16724.25,328.24581
2023-01-03 11:25:00,16724.39,16728.06,16722.61,16727.29,502.10663
2023-01-03 11:30:00,16727.29,16737.58,16726.34,16734.84,612.24076
2023-01-03 11:35:00,16734.82,16736.68,16732.28,16734.04,365.27705
2023-01-03 11:40:00,16733.69,16734.27,16714.86,16717.24,715.29298
2023-01-03 11:45:00,16717.24,16725.65,16709.87,16723.47,806.82473
2023-01-03 11:50:00,16723.47,16726.85,16720.54,16724.82,483.63106
2023-01-03 11:55:00,16724.82,16726.11,16718.3,16721.03,434.09012
2023-01-03 12:00:00,16721.42,16723.2,16716.48,16721.1,564.4218
2023-01-03 12:05:00,16720.86,16724.69,16720.0,16722.98,523.33884
2023-01-03 12:10:00,16722.98,16723.31,16716.61,16718.85,492.05837
2023-01-03 12:15:00,16718.85,16720.0,16714.71,16715.85,451.67316
2023-01-03 12:20:00,16716.12,16728.02,16710.38,16726.47,731.19392
2023-01-03 12:25:00,16725.75,16727.43,16718.6,16718.98,490.71739
2023-01-03 12:30:00,16718.98,16725.38,16717.46,16724.25,512.3589
2023-01-03 12:35:00,16724.25,16725.48,16717.14,16718.3,404.72534
2023-01-03 12:40:00,16718.3,16726.32,16717.77,16722.82,405.07856
2023-01-03 12:45:00,16723.19,16725.09,16709.89,16713.59,586.61759
2023-01-03 12:50:00,16713.31,16715.0,16703.0,16705.91,719.01223
2023-01-03 12:55:00,16706.22,16711.8,16704.24,16710.85,585.43978
2023-01-03 13:00:00,16710.85,16721.76,16709.41,16719.28,710.05692
2023-01-03 13:05:00,16719.28,16734.57,16719.03,16724.86,1138.15588
2023-01-03 13:10:00,16725.33,16732.75,16720.55,16721.89,686.8437
2023-01-03 13:15:00,16721.63,16728.38,16721.07,16725.03,515.38124
2023-01-03 13:20:00,16725.03,16734.89,16724.02,16726.41,617.62513
2023-01-03 13:25:00,16726.03,16727.22,16715.54,16718.44,531.41323
2023-01-03 13:30:00,16718.7,16722.6,16717.36,16718.87,426.88896
2023-01-03 13:35:00,16719.24,16728.66,16716.6,16727.93,486.21853
2023-01-03 13:40:00,16728.34,16730.0,16721.09,16725.2,478.83441
2023-01-03 13:45:00,16725.15,16731.5,16723.46,16729.79,480.16501
2023-01-03 13:50:00,16729.77,16739.93,16721.0,16726.66,893.72243
2023-01-03 13:55:00,16726.66,16731.52,16721.46,16725.53,602.03649
2023-01-03 14:00:00,16725.53,16730.41,16722.81,16726.99,518.15212
2023-01-03 14:05:00,16726.58,16740.14,16726.07,16738.47,812.32707
2023-01-03 14:10:00,16738.47,16746.84,16733.0,16744.93,1016.37392
2023-01-03 14:15:00,16744.49,16747.89,16731.07,16740.19,697.66897
2023-01-03 14:20:00,16740.18,16741.5,16731.24,16734.62,593.2073
2023-01-03 14:25:00,16734.99,16744.68,16732.13,16742.3,709.59249
2023-01-03 14:30:00,16742.79,16769.83,16727.08,16752.52,1916.3826
2023-01-03 14:35:00,16752.52,16760.9,16733.67,16747.52,1270.47713
2023-01-03 14:40:00,16748.64,16773.0,16746.15,16755.4,1567.68072
2023-01-03 14:45:00,16754.53,16763.78,16720.66,16724.55,1632.32664
2023-01-03 14:50:00,16723.69,16730.15,16679.15,16703.38,2006.99663
2023-01-03 14:55:00,16703.38,16710.82,16631.95,16661.23,2928.88207
2023-01-03 15:00:00,16662.08,16680.66,16653.49,16668.34,1680.98702
2023-01-03 15:05:00,16668.34,16683.45,16664.66,16679.78,993.19604
2023-01-03 15:10:00,16679.78,16680.18,16651.66,16661.28,1053.6799
2023-01-03 15:15:00,16661.28,16671.5,16620.8,16629.17,1833.44309
2023-01-03 15:20:00,16629.17,16653.12,16624.26,16651.79,1252.40448
2023-01-03 15:25:00,16651.79,16657.53,16638.32,16647.29,768.72889
2023-01-03 15:30:00,16647.3,16648.03,16617.79,16631.85,1127.20227
2023-01-03 15:35:00,16631.85,16646.41,16631.06,16641.06,752.90739
2023-01-03 15:40:00,16641.06,16657.41,16640.31,16651.52,680.03343
2023-01-03 15:45:00,16652.08,16664.47,16648.53,16660.38,690.40569
2023-01-03 15:50:00,16660.48,16664.45,16650.13,16660.01,674.81253
2023-01-03 15:55:00,16660.01,16681.26,16653.99,16676.94,919.93762
2023-01-03 16:00:00,16677.54,16679.56,16657.7,16662.99,833.30613
2023-01-03 16:05:00,16662.99,16688.2,16660.98,16672.45,1062.72537
2023-01-03 16:10:00,16672.45,16675.11,16646.45,16650.72,917.65601
2023-01-03 16:15:00,16650.2,16661.07,16643.74,16654.81,867.20035
2023-01-03 16:20:00,16654.38,16665.56,16642.66,16656.1,802.0851
2023-01-03 16:25:00,16656.72,16658.57,16633.07,16652.47,962.31108
2023-01-03 16:30:00,16653.16,16653.18,16628.76,16645.75,851.74353
2023-01-03 16:35:00,16645.75,16657.63,16641.72,16655.27,619.05592
2023-01-03 16:40:00,16655.27,16665.47,16650.58,16650.82,792.5362
2023-01-03 16:45:00,16651.41,16652.2,16634.43,16640.08,680.41732
2023-01-03 16:50:00,16640.08,16643.71,16626.16,16633.62,656.5412
2023-01-03 16:55:00,16634.1,16635.35,16611.3,16622.58,1227.99068
2023-01-03 17:00:00,16621.93,16631.93,16615.01,16626.75,840.95938
2023-01-03 17:05:00,16626.19,16642.65,16624.71,16636.04,602.20216
2023-01-03 17:10:00,16636.43,16644.0,16635.3,16639.24,471.4605
2023-01-03 17:15:00,16639.23,16642.12,16631.02,16633.95,453.72297
2023-01-03 17:20:00,16633.95,16637.64,16620.23,16624.16,583.41616
2023-01-03 17:25:00,16624.86,16632.02,16621.91,16625.38,536.18962
2023-01-03 17:30:00,16625.38,16639.9,16622.02,16635.96,566.37819
2023-01-03 17:35:00,16636.43,16639.0,16629.15,16630.48,405.86381
2023-01-03 17:40:00,16630.48,16631.84,16617.32,16617.84,458.12626
2023-01-03 17:45:00,16617.39,16623.47,16605.28,16623.31,890.90003
2023-01-03 17:50:00,16623.31,16628.69,16620.68,16621.16,459.45077
2023-01-03 17:55:00,16621.16,16634.0,16614.94,16633.65,517.10079
2023-01-03 18:00:00,16633.15,16637.69,16627.3,16635.17,471.99058
2023-01-03 18:05:00,16635.54,16638.05,16626.8,16636.97,509.31481
2023-01-03 18:10:00,16636.97,16643.98,16631.2,16634.35,425.95443
2023-01-03 18:15:00,16633.89,16639.69,16633.37,16635.16,376.38056
2023-01-03 18:20:00,16635.16,16637.73,16630.0,16631.81,464.84293
2023-01-03 18:25:00,16631.81,16653.53,16631.11,16651.22,720.44959
2023-01-03 18:30:00,16651.22,16653.0,16642.0,16646.45,529.68619
2023-01-03 18:35:00,16646.85,16653.48,16644.74,16647.28,437.29683
2023-01-03 18:40:00,16647.28,16652.14,16644.22,16645.86,393.39535
2023-01-03 18:45:00,16646.5,16646.5,16636.0,16639.24,499.76581
2023-01-03 18:50:00,16639.24,16651.28,16638.0,16646.16,534.74715
2023-01-03 18:55:00,16646.16,16648.62,16639.01,16645.08,335.13515
2023-01-03 19:00:00,16644.51,16648.43,16635.01,16638.54,473.26191
2023-01-03 19:05:00,16638.95,16642.98,16636.58,16638.7,442.75841
2023-01-03 19:10:00,16638.18,16639.76,16622.41,16632.47,841.23677
2023-01-03 19:15:00,16632.47,16645.63,16631.0,16640.39,547.68012
2023-01-03 19:20:00,16640.97,16644.51,16628.01,16632.32,499.24597
2023-01-03 19:25:00,16632.33,16636.87,16629.65,16634.27,354.15391
2023-01-03 19:30:00,16634.27,16635.93,16625.59,16630.46,508.18826
2023-01-03 19:35:00,16630.92,16631.37,16624.81,16628.71,374.56629
2023-01-03 19:40:00,16628.71,16644.14,16626.51,16639.91,592.12243
2023-01-03 19:45:00,16639.91,16657.54,16639.0,16651.57,874.67365
2023-01-03 19:50:00,16651.12,16653.12,16641.69,16646.42,624.1869
2023-01-03 19:55:00,16646.0,16654.88,16640.15,16643.37,628.75922
2023-01-03 20:00:00,16643.77,16651.32,16640.4,16650.01,724.80832
2023-01-03 20:05:00,16649.27,16653.6,16644.53,16647.88,518.31995
2023-01-03 20:10:00,16647.39,16680.44,16645.82,16663.56,1372.30225
2023-01-03 20:15:00,16663.82,16673.08,16655.36,16658.02,693.26164
2023-01-03 20:20:00,16658.58,16659.39,16650.07,16654.46,422.51194
2023-01-03 20:25:00,16654.46,16664.64,16654.25,16659.61,489.35401
2023-01-03 20:30:00,16659.61,16670.92,16658.98,16667.07,475.77106
2023-01-03 20:35:00,16667.36,16671.37,16657.18,16663.0,453.27806
2023-01-03 20:40:00,16663.43,16665.64,16657.11,16658.47,446.12211
2023-01-03 20:45:00,16658.47,16661.88,16650.36,16658.3,589.93782
2023-01-03 20:50:00,16658.03,16662.93,16654.33,16661.02,432.74966
2023-01-03 20:55:00,16660.69,16666.75,16657.97,16661.37,434.64442
2023-01-03 21:00:00,16661.37,16663.14,16658.36,16659.36,439.03442
2023-01-03 21:05:00,16659.79,16664.36,16659.36,16662.78,244.51665
2023-01-03 21:10:00,16662.6,16666.62,16659.85,16665.36,341.17907
2023-01-03 21:15:00,16665.54,16671.23,16662.94,16668.24,459.8315
2023-01-03 21:20:00,16668.62,16670.12,16663.32,16665.78,408.59146
2023-01-03 21:25:00,16665.78,16671.3,16665.74,16668.48,367.53298
2023-01-03 21:30:00,16668.83,16669.52,16661.22,16662.48,263.86522
2023-01-03 21:35:00,16662.48,16685.73,16660.76,16666.7,677.63571
2023-01-03 21:40:00,16666.29,16675.59,16665.03,16671.12,323.35574
2023-01-03 21:45:00,16671.46,16673.67,16665.01,16668.49,307.31525
2023-01-03 21:50:00,16668.07,16674.5,16667.75,16669.73,318.23823
2023-01-03 21:55:00,16669.4,16672.26,16662.16,16664.63,437.85521
2023-01-03 22:00:00,16664.44,16667.72,16663.47,16666.63,222.65186
2023-01-03 22:05:00,16666.76,16669.0,16660.75,16661.35,338.39832
2023-01-03 22:10:00,16661.33,16662.89,16650.28,16653.55,449.89301
2023-01-03 22:15:00,16653.55,16655.87,16647.71,16654.13,254.18592
2023-01-03 22:20:00,16654.51,16659.03,16651.3,16656.38,340.99077
2023-01-03 22:25:00,16656.38,16663.14,16655.3,16662.27,274.01651
2023-01-03 22:30:00,16662.27,16663.44,16661.05,16661.89,137.55038
2023-01-03 22:35:00,16661.77,16666.89,16661.72,16666.46,219.66663
2023-01-03 22:40:00,16666.76,16670.6,16651.62,16657.66,549.68148
2023-01-03 22:45:00,16657.66,16668.29,16657.33,16667.18,350.64422
2023-01-03 22:50:00,16667.18,16668.75,16662.3,16668.36,330.50166
2023-01-03 22:55:00,16668.36,16680.37,16667.4,16677.11,371.10057
2023-01-03 23:00:00,16677.11,16693.79,16670.71,16672.3,971.15176
2023-01-03 23:05:00,16672.3,16691.35,16670.81,16687.76,806.70359
2023-01-03 23:10:00,16687.76,16695.0,16676.6,16679.69,691.83347
2023-01-03 23:15:00,16679.54,16684.5,16678.03,16682.22,329.10414
2023-01-03 23:20:00,16682.22,16685.34,16673.6,16674.43,377.51984
2023-01-03 23:25:00,16674.43,16681.73,16673.01,16676.96,456.87627
2023-01-03 23:30:00,16676.96,16678.83,16667.16,16672.92,350.65151
2023-01-03 23:35:00,16672.92,16673.93,16668.96,16671.45,235.3893
2023-01-03 23:40:00,16671.06,16675.79,16671.05,16674.26,290.99248
2023-01-03 23:45:00,16674.26,16679.95,16673.07,16678.97,228.0576
2023-01-03 23:50:00,16678.56,16679.51,16673.35,16673.35,267.96445
2023-01-03 23:55:00,16673.36,16676.67,16673.1,16675.18,209.11929
2023-01-04 00:00:00,16675.65,16677.15,16667.39,16668.67,534.30388
2023-01-04 00:05:00,16668.67,16671.07,16663.05,16664.57,344.22041
2023-01-04 00:10:00,16664.28,16669.93,16663.18,16668.56,288.58841
2023-01-04 00:15:00,16668.56,16675.86,16663.1,16671.15,518.37805
2023-01-04 00:20:00,16671.15,16674.6,16666.87,16674.08,428.89538
2023-01-04 00:25:00,16673.68,16676.32,16671.03,16675.14,300.95016
2023-01-04 00:30:00,16675.14,16676.58,16670.07,16670.5,417.78832
2023-01-04 00:35:00,16670.95,16671.16,16656.76,16660.35,533.91855
2023-01-04 00:40:00,16660.67,16663.83,16658.0,16658.87,386.72812
2023-01-04 00:45:00,16658.65,16661.23,16652.66,16659.95,431.63939
2023-01-04 00:50:00,16659.81,16663.74,16657.91,16658.24,349.31211
2023-01-04 00:55:00,16658.24,16663.37,16658.2,16660.53,388.0574
2023-01-04 01:00:00,16660.53,16669.5,16657.68,16668.26,433.30379
2023-01-04 01:05:00,16668.27,16686.0,16664.31,16682.48,795.20896
2023-01-04 01:10:00,16682.48,16725.0,16681.78,16697.25,1505.55101
2023-01-04 01:15:00,16697.25,16733.4,16690.75,16730.28,1022.27176
2023-01-04 01:20:00,16730.28,16737.23,16700.0,16706.99,1518.75076
2023-01-04 01:25:00,16706.99,16718.64,16701.63,16711.5,686.29543
2023-01-04 01:30:00,16711.5,16727.1,16710.97,16715.24,783.83166
2023-01-04 01:35:00,16714.86,16716.5,16710.03,16712.09,548.17521
2023-01-04 01:40:00,16711.95,16714.33,16695.68,16703.35,685.54046
2023-01-04 01:45:00,16702.85,16711.58,16700.79,16707.78,597.9014
2023-01-04 01:50:00,16707.42,16708.62,16698.02,16700.46,502.40139
2023-01-04 01:55:00,16700.46,16707.48,16699.73,16701.97,413.58021
2023-01-04 02:00:00,16701.63,16711.63,16701.5,16703.75,482.62521
2023-01-04 02:05:00,16703.22,16726.94,16703.11,16722.01,914.86205
2023-01-04 02:10:00,16722.01,16723.38,16710.0,16712.78,459.79101
2023-01-04 02:15:00,16712.78,16721.58,16710.82,16721.39,548.34118
2023-01-04 02:20:00,16721.39,16722.75,16710.2,16711.67,548.64985
2023-01-04 02:25:00,16711.23,16721.0,16709.04,16718.76,496.70586
2023-01-04 02:30:00,16718.32,16742.0,16717.23,16736.95,855.76284
2023-01-04 02:35:00,16736.95,16754.52,16725.55,16728.07,1508.74092
2023-01-04 02:40:00,16728.66,16746.68,16727.27,16741.74,926.02706
2023-01-04 02:45:00,16741.74,16749.23,16730.54,16733.77,893.49019
2023-01-04 02:50:00,16733.77,16737.35,16728.33,16732.69,818.43579
2023-01-04 02:55:00,16732.69,16744.3,16732.29,16736.52,729.25834
2023-01-04 03:00:00,16736.52,16762.11,16736.39,16747.76,1465.583
2023-01-04 03:05:00,16747.46,16850.75,16746.01,16806.03,4857.6011
2023-01-04 03:10:00,16806.52,16846.65,16796.39,16836.8,2083.68228
2023-01-04 03:15:00,16836.16,16854.7,16810.1,16814.21,1508.17376
2023-01-04 03:20:00,16813.57,16823.45,16797.97,16797.97,1049.50886
2023-01-04 03:25:00,16798.88,16815.37,16794.72,16802.9,828.98905
2023-01-04 03:30:00,16802.44,16822.22,16801.61,16818.49,858.279
2023-01-04 03:35:00,16818.49,16831.41,16800.0,16806.32,1081.36951
2023-01-04 03:40:00,16806.77,16819.3,16804.74,16815.0,633.60611
2023-01-04 03:45:00,16815.52,16819.24,16811.05,16817.54,549.49264
2023-01-04 03:50:00,16817.06,16837.55,16816.04,16829.22,829.81369
2023-01-04 03:55:00,16829.71,16877.65,16828.61,16862.02,2560.19102
2023-01-04 04:00:00,16862.61,16910.98,16861.9,16889.57,2432.37415
2023-01-04 04:05:00,16890.24,16893.37,16869.62,16873.67,1169.69374
2023-01-04 04:10:00,16873.08,16877.46,16853.08,16859.11,882.42152
2023-01-04 04:15:00,16859.11,16878.9,16855.43,16857.95,952.57938
2023-01-04 04:20:00,16857.95,16870.96,16850.89,16851.95,745.13117
2023-01-04 04:25:00,16851.96,16866.54,16850.16,16850.43,602.18562
2023-01-04 04:30:00,16850.66,16871.55,16849.44,16864.03,727.56382
2023-01-04 04:35:00,16864.03,16877.66,16863.78,16874.41,625.42139
2023-01-04 04:40:00,16874.41,16878.28,16869.6,16872.38,517.51157
2023-01-04 04:45:00,16872.38,16878.23,16870.5,16875.46,479.91117
2023-01-04 04:50:00,16876.0,16878.77,16858.21,16862.1,521.23379
2023-01-04 04:55:00,16862.1,16867.89,16860.0,16860.5,499.73692
2023-01-04 05:00:00,16861.05,16867.22,16853.06,16855.03,534.531
2023-01-04 05:05:00,16854.56,16858.0,16845.55,16846.14,692.3444
2023-01-04 05:10:00,16845.86,16852.04,16840.36,16843.93,607.66542
2023-01-04 05:15:00,16843.93,16852.79,16842.65,16850.43,592.89811
2023-01-04 05:20:00,16850.43,16854.28,16846.2,16850.65,429.98187
2023-01-04 05:25:00,16851.03,16858.49,16849.85,16852.75,486.50937
2023-01-04 05:30:00,16852.94,16854.39,16846.8,16849.28,415.75709
2023-01-04 05:35:00,16849.27,16854.4,16844.27,16845.03,407.99461
2023-01-04 05:40:00,16844.96,16848.54,16841.0,16842.32,479.64891
2023-01-04 05:45:00,16842.31,16849.25,16841.01,16848.44,422.66628
2023-01-04 05:50:00,16848.44,16855.41,16847.01,16852.78,537.57333
2023-01-04 05:55:00,16852.78,16860.5,16851.89,16857.57,460.33001
2023-01-04 06:00:00,16857.57,16865.2,16857.17,16860.89,474.86931
2023-01-04 06:05:00,16860.89,16861.96,16849.31,16854.98,703.92405
2023-01-04 06:10:00,16854.74,16857.75,16849.53,16851.07,437.88334
2023-01-04 06:15:00,16851.08,16862.62,16850.08,16856.26,525.75691
2023-01-04 06:20:00,16855.84,16866.11,16855.27,16863.73,637.12182
2023-01-04 06:25:00,16863.73,16865.82,16859.16,16861.76,463.05737
2023-01-04 06:30:00,16862.18,16865.0,16854.4,16858.04,433.08664
2023-01-04 06:35:00,16857.35,16861.28,16852.26,16854.51,385.85888
2023-01-04 06:40:00,16854.06,16860.77,16852.0,16860.15,488.61136
2023-01-04 06:45:00,16860.58,16868.2,16857.7,16863.8,582.35391
2023-01-04 06:50:00,16864.21,16869.42,16861.27,16868.96,443.78208
2023-01-04 06:55:00,16868.96,16880.0,16863.91,16878.18,738.01751
2023-01-04 07:00:00,16878.87,16891.27,16866.95,16867.57,904.72769
2023-01-04 07:05:00,16867.57,16868.51,16850.0,16862.15,887.21126
2023-01-04 07:10:00,16861.93,16882.01,16861.55,16871.38,663.67604
2023-01-04 07:15:00,16871.38,16875.15,16857.06,16857.79,597.83744
2023-01-04 07:20:00,16857.31,16862.99,16851.94,16855.18,513.55304
2023-01-04 07:25:00,16855.18,16858.53,16854.54,16857.53,360.37337
2023-01-04 07:30:00,16857.53,16861.72,16850.94,16854.39,651.14755
2023-01-04 07:35:00,16854.39,16872.29,16853.32,16871.67,636.69091
2023-01-04 07:40:00,16871.72,16877.49,16868.92,16875.87,544.85616
2023-01-04 07:45:00,16875.87,16879.0,16870.61,16871.01,581.45102
2023-01-04 07:50:00,16871.01,16873.64,16855.07,16859.62,769.80162
2023-01-04 07:55:00,16859.62,16876.17,16858.22,16869.44,620.93918
2023-01-04 08:00:00,16869.49,16879.59,16866.21,16875.18,751.46357
2023-01-04 08:05:00,16874.4,16876.29,16870.64,16874.47,570.26086
2023-01-04 08:10:00,16874.47,16893.36,16874.16,16881.34,1221.29796
2023-01-04 08:15:00,16881.85,16894.22,16873.13,16889.11,858.69938
2023-01-04 08:20:00,16889.6,16919.0,16855.23,16864.74,1715.13773
2023-01-04 08:25:00,16864.74,16874.14,16838.65,16849.46,1242.07201
2023-01-04 08:30:00,16849.46,16858.36,16833.5,16837.67,936.48216
2023-01-04 08:35:00,16837.67,16864.0,16837.14,16863.8,814.50639
2023-01-04 08:40:00,16863.8,16869.25,16854.09,16854.36,597.11899
2023-01-04 08:45:00,16854.86,16865.86,16853.13,16856.81,605.0358
2023-01-04 08:50:00,16856.81,16864.99,16855.11,16864.38,630.32218
2023-01-04 08:55:00,16864.81,16874.87,16862.69,16864.95,804.74501
2023-01-04 09:00:00,16864.51,16867.81,16857.91,16867.81,494.92124
2023-01-04 09:05:00,16867.81,16869.7,16857.43,16857.88,548.26794
2023-01-04 09:10:00,16857.88,16860.99,16853.48,16857.45,488.29393
2023-01-04 09:15:00,16857.76,16858.64,16854.09,16855.37,394.20833
2023-01-04 09:20:00,16855.37,16864.73,16854.75,16856.15,668.10326
2023-01-04 09:25:00,16856.15,16857.47,16850.0,16855.42,518.74145
2023-01-04 09:30:00,16855.42,16857.21,16850.37,16850.87,430.92993
2023-01-04 09:35:00,16851.04,16858.54,16849.35,16857.07,461.41267
2023-01-04 09:40:00,16856.68,16861.0,16851.18,16860.09,518.0464
2023-01-04 09:45:00,16860.42,16864.67,16856.95,16859.26,583.05455
2023-01-04 09:50:00,16858.75,16862.14,16831.13,16838.58,1805.59996
2023-01-04 09:55:00,16839.02,16848.82,16838.56,16844.91,516.8962
2023-01-04 10:00:00,16844.69,16846.81,16837.46,16842.52,535.92871
2023-01-04 10:05:00,16842.2,16842.85,16838.26,16841.08,461.34877
2023-01-04 10:10:00,16841.08,16843.3,16835.0,16837.7,529.00072
2023-01-04 10:15:00,16837.72,16847.0,16836.3,16842.74,582.00888
2023-01-04 10:20:00,16842.74,16844.68,16840.0,16843.23,374.10095
2023-01-04 10:25:00,16842.8,16846.18,16839.99,16845.1,505.61872
2023-01-04 10:30:00,16845.11,16847.13,16839.2,16841.21,526.27529
2023-01-04 10:35:00,16841.21,16844.77,16837.69,16839.37,403.18494
2023-01-04 10:40:00,16839.73,16840.14,16832.1,16833.86,605.22822
2023-01-04 10:45:00,16834.25,16840.22,16832.43,16838.91,596.32329
2023-01-04 10:50:00,16839.36,16848.06,16836.94,16843.37,609.25223
2023-01-04 10:55:00,16843.37,16846.59,16841.52,16844.92,375.12649
2023-01-04 11:00:00,16845.3,16847.14,16842.44,16845.57,529.92882
2023-01-04 11:05:00,16845.57,16846.43,16838.65,16844.85,578.65281
2023-01-04 11:10:00,16844.49,16851.92,16841.89,16851.3,591.08859
2023-01-04 11:15:00,16851.57,16854.0,16845.97,16847.61,585.66437
2023-01-04 11:20:00,16847.37,16852.62,16846.51,16848.75,410.14828
2023-01-04 11:25:00,16848.75,16849.59,16844.73,16847.78,312.69018
2023-01-04 11:30:00,16847.78,16851.14,16846.56,16847.12,332.70155
2023-01-04 11:35:00,16847.12,16853.93,16846.91,16851.59,575.3114
2023-01-04 11:40:00,16851.21,16854.24,16848.47,16849.15,406.01155
2023-01-04 11:45:00,16849.45,16849.67,16841.44,16843.85,548.54661
2023-01-04 11:50:00,16844.22,16849.48,16840.49,16846.05,631.19521
2023-01-04 11:55:00,16845.35,16846.31,16834.42,16835.35,539.68556
2023-01-04 12:00:00,16835.35,16840.83,16825.41,16835.82,998.99295
2023-01-04 12:05:00,16835.82,16841.65,16834.45,16840.57,493.94301
2023-01-04 12:10:00,16840.57,16845.41,16836.47,16840.89,569.66744
2023-01-04 12:15:00,16840.89,16844.13,16830.17,16830.57,592.61175
2023-01-04 12:20:00,16830.32,16837.75,16827.07,16833.32,653.08782
2023-01-04 12:25:00,16833.06,16840.86,16830.77,16839.69,589.73843
2023-01-04 12:30:00,16839.69,16846.95,16830.47,16833.06,637.14075
2023-01-04 12:35:00,16832.66,16833.06,16810.0,16818.55,996.78505
2023-01-04 12:40:00,16819.11,16830.63,16818.55,16826.67,592.90936
2023-01-04 12:45:00,16827.1,16829.18,16804.08,16814.32,951.30987
2023-01-04 12:50:00,16814.28,16815.0,16807.42,16813.85,684.47178
2023-01-04 12:55:00,16813.46,16816.74,16811.97,16812.19,531.45139
2023-01-04 13:00:00,16812.57,16827.56,16808.55,16826.31,676.72266
2023-01-04 13:05:00,16826.31,16827.46,16818.61,16825.33,634.25089
2023-01-04 13:10:00,16825.33,16826.22,16818.35,16820.96,476.64706
2023-01-04 13:15:00,16820.48,16823.98,16819.37,16823.9,347.35291
2023-01-04 13:20:00,16823.9,16837.34,16822.66,16832.76,849.91396
2023-01-04 13:25:00,16832.76,16836.0,16819.79,16825.72,706.81737
2023-01-04 13:30:00,16825.72,16829.75,16823.68,16824.37,439.64678
2023-01-04 13:35:00,16824.74,16829.31,16822.0,16826.46,427.67229
2023-01-04 13:40:00,16826.45,16829.94,16821.26,16823.0,546.22545
2023-01-04 13:45:00,16823.0,16827.78,16820.55,16826.8,576.8676
2023-01-04 13:50:00,16826.61,16829.04,16823.71,16825.68,433.62191
2023-01-04 13:55:00,16825.68,16831.47,16822.53,16828.2,517.0978
2023-01-04 14:00:00,16828.4,16829.89,16819.65,16822.1,694.18534
2023-01-04 14:05:00,16822.1,16825.0,16817.01,16817.02,527.80907
2023-01-04 14:10:00,16817.38,16819.41,16802.16,16803.59,968.21152
2023-01-04 14:15:00,16803.49,16813.37,16801.0,16810.0,824.74356
2023-01-04 14:20:00,16809.85,16811.1,16806.94,16810.09,471.23931
2023-01-04 14:25:00,16810.12,16821.97,16807.85,16816.54,640.04686
2023-01-04 14:30:00,16816.2,16819.34,16795.24,16810.97,1502.6389
2023-01-04 14:35:00,16811.26,16844.48,16809.73,16833.86,1215.63969
2023-01-04 14:40:00,16833.86,16863.09,16833.05,16839.94,2234.99145
2023-01-04 14:45:00,16840.36,16847.1,16823.17,16828.49,1113.63864
2023-01-04 14:50:00,16828.49,16842.0,16820.0,16826.03,757.14066
2023-01-04 14:55:00,16826.05,16832.0,16814.25,16830.12,716.55654
2023-01-04 15:00:00,16830.12,16848.84,16770.0,16804.11,3163.48088
2023-01-04 15:05:00,16804.11,16812.32,16766.7,16785.41,1784.63096
2023-01-04 15:10:00,16786.54,16794.52,16765.3,16792.49,1100.75433
2023-01-04 15:15:00,16792.49,16818.18,16789.62,16808.23,1205.64443
2023-01-04 15:20:00,16807.59,16817.15,16800.39,16810.12,839.32988
2023-01-04 15:25:00,16810.12,16819.13,16800.01,16818.27,821.53616
2023-01-04 15:30:00,16818.64,16827.14,16805.02,16824.68,926.57538
2023-01-04 15:35:00,16824.68,16835.55,16816.97,16821.54,968.40058
2023-01-04 15:40:00,16820.88,16835.99,16810.61,16831.52,815.41309
2023-01-04 15:45:00,16831.52,16848.08,16830.33,16844.74,982.64473
2023-01-04 15:50:00,16844.74,16858.51,16837.14,16849.86,917.53375
2023-01-04 15:55:00,16849.37,16854.95,16841.0,16854.05,725.32754
2023-01-04 16:00:00,16853.55,16859.68,16840.76,16841.58,961.25117
2023-01-04 16:05:00,16841.01,16852.2,16829.0,16849.48,924.70173
2023-01-04 16:10:00,16849.23,16884.13,16848.63,16880.27,1170.20085
2023-01-04 16:15:00,16880.55,16897.0,16865.15,16866.04,1326.77771
2023-01-04 16:20:00,16866.56,16879.8,16863.33,16865.28,862.83659
2023-01-04 16:25:00,16866.03,16876.81,16855.67,16866.91,750.58151
2023-01-04 16:30:00,16866.37,16883.42,16866.35,16867.52,805.62354
2023-01-04 16:35:00,16867.52,16872.64,16851.16,16858.64,838.13591
2023-01-04 16:40:00,16857.97,16865.0,16847.47,16847.58,647.59248
2023-01-04 16:45:00,16847.58,16856.29,16842.02,16855.17,600.24099
2023-01-04 16:50:00,16855.17,16865.2,16847.96,16861.45,738.04351
2023-01-04 16:55:00,16862.01,16868.81,16856.26,16858.85,688.20458
2023-01-04 17:00:00,16858.85,16862.97,16850.7,16851.57,506.29885
2023-01-04 17:05:00,16851.03,16858.09,16849.5,16853.34,493.59609
2023-01-04 17:10:00,16853.34,16857.23,16849.52,16854.95,451.64276
2023-01-04 17:15:00,16854.95,16861.69,16852.2,16859.54,517.57477
2023-01-04 17:20:00,16859.54,16875.65,16857.25,16873.95,694.4785
2023-01-04 17:25:00,16873.46,16878.99,16870.2,16874.88,643.88357
2023-01-04 17:30:00,16874.77,16940.0,16874.62,16906.16,3002.70614
2023-01-04 17:35:00,16906.16,16919.5,16895.11,16905.33,1047.57563
2023-01-04 17:40:00,16905.46,16922.59,16899.2,16921.6,962.08373
2023-01-04 17:45:00,16922.22,16940.0,16904.67,16912.19,1033.23404
2023-01-04 17:50:00,16911.8,16920.96,16904.24,16906.16,719.10206
2023-01-04 17:55:00,16906.59,16908.56,16890.54,16893.24,992.74967
2023-01-04 18:00:00,16892.98,16896.15,16872.07,16889.99,1294.53035
2023-01-04 18:05:00,16890.0,16913.73,16887.19,16906.1,835.47458
2023-01-04 18:10:00,16905.58,16909.25,16895.51,16904.34,705.80565
2023-01-04 18:15:00,16904.86,16917.0,16899.61,16912.12,926.79222
2023-01-04 18:20:00,16911.66,16926.2,16911.26,16919.74,712.72471
2023-01-04 18:25:00,16919.33,16929.88,16915.27,16918.51,663.31702
2023-01-04 18:30:00,16918.51,16939.45,16918.0,16935.65,723.22257
2023-01-04 18:35:00,16935.08,16957.35,16932.29,16947.93,1218.7623
2023-01-04 18:40:00,16948.46,16949.99,16930.0,16935.77,848.31942
2023-01-04 18:45:00,16935.77,16985.0,16931.21,16969.93,1397.53867
2023-01-04 18:50:00,16969.93,16985.91,16960.0,16973.28,1085.47122
2023-01-04 18:55:00,16973.28,16974.58,16946.94,16948.04,1163.16412
2023-01-04 19:00:00,16948.04,16991.87,16876.86,16910.25,4291.23281
2023-01-04 19:05:00,16911.57,16927.62,16880.0,16885.67,1980.95151
2023-01-04 19:10:00,16884.75,16900.63,16865.36,16877.71,1341.96574
2023-01-04 19:15:00,16876.94,16906.05,16875.71,16899.77,1313.06932
2023-01-04 19:20:00,16899.78,16904.15,16855.21,16862.33,1285.59371
2023-01-04 19:25:00,16862.82,16865.37,16789.18,16812.4,2831.88011
2023-01-04 19:30:00,16811.94,16823.88,16787.85,16812.25,1602.99254
2023-01-04 19:35:00,16812.25,16840.21,16810.78,16827.52,1092.87887
2023-01-04 19:40:00,16828.18,16845.8,16821.0,16834.7,873.58793
2023-01-04 19:45:00,16835.31,16845.85,16820.61,16824.04,914.1903
2023-01-04 19:50:00,16824.04,16830.42,16815.0,16815.85,719.31258
2023-01-04 19:55:00,16815.85,16843.99,16811.86,16842.36,874.45713
2023-01-04 20:00:00,16842.32,16847.97,16828.3,16840.72,941.66518
2023-01-04 20:05:00,16841.36,16847.0,16829.5,16838.94,779.10804
2023-01-04 20:10:00,16838.19,16842.0,16826.37,16828.62,638.21594
2023-01-04 20:15:00,16828.62,16842.5,16826.41,16837.6,599.30983
2023-01-04 20:20:00,16838.12,16845.25,16832.78,16841.65,736.71537
2023-01-04 20:25:00,16842.23,16852.23,16836.38,16837.12,752.6674
2023-01-04 20:30:00,16837.08,16840.75,16827.78,16830.33,619.89345
2023-01-04 20:35:00,16830.79,16830.9,16810.0,16811.49,705.57655
2023-01-04 20:40:00,16810.95,16814.21,16777.0,16798.45,1870.74591
2023-01-04 20:45:00,16798.45,16816.5,16785.71,16815.16,975.56362
2023-01-04 20:50:00,16815.75,16818.5,16794.28,16804.04,776.35963
2023-01-04 20:55:00,16804.04,16812.7,16777.0,16806.49,1138.08375
2023-01-04 21:00:00,16806.49,16809.13,16793.73,16805.37,601.47506
2023-01-04 21:05:00,16805.96,16813.0,16800.11,16802.64,489.42387
2023-01-04 21:10:00,16803.36,16815.63,16802.02,16809.91,418.17714
2023-01-04 21:15:00,16809.33,16815.96,16807.95,16814.86,298.55536
2023-01-04 21:20:00,16814.86,16824.0,16811.6,16823.02,434.03886
2023-01-04 21:25:00,16823.02,16827.44,16815.76,16827.4,357.60748
2023-01-04 21:30:00,16827.4,16829.33,16818.75,16820.91,406.33712
2023-01-04 21:35:00,16821.37,16832.73,16812.33,16822.91,502.76546
2023-01-04 21:40:00,16822.91,16824.11,16818.48,16819.12,173.03419
2023-01-04 21:45:00,16819.12,16822.94,16815.97,16817.42,284.36839
2023-01-04 21:50:00,16816.99,16822.72,16816.99,16822.06,196.91358
2023-01-04 21:55:00,16822.06,16828.46,16820.53,16826.81,369.93312
2023-01-04 22:00:00,16827.21,16831.25,16821.45,16828.86,264.08564
2023-01-04 22:05:00,16828.44,16831.0,16824.26,16826.54,250.50932
2023-01-04 22:10:00,16826.54,16830.25,16824.29,16825.05,209.31598
2023-01-04 22:15:00,16825.42,16826.01,16814.93,16818.94,451.08363
2023-01-04 22:20:00,16818.94,16826.2,16817.79,16825.64,276.97718
2023-01-04 22:25:00,16826.0,16830.57,16825.09,16826.69,251.31203
2023-01-04 22:30:00,16827.05,16827.24,16820.98,16824.66,230.61238
2023-01-04 22:35:00,16824.36,16838.29,16824.3,16833.21,574.62257
2023-01-04 22:40:00,16833.65,16853.71,16831.9,16837.94,623.63125
2023-01-04 22:45:00,16837.62,16837.95,16830.37,16831.5,346.4562
2023-01-04 22:50:00,16831.61,16836.14,16830.68,16832.87,272.4584
2023-01-04 22:55:00,16832.65,16834.44,16826.68,16826.68,286.88467
2023-01-04 23:00:00,16826.72,16835.83,16815.54,16823.3,721.83739
2023-01-04 23:05:00,16823.86,16835.78,16823.23,16834.22,511.50482
2023-01-04 23:10:00,16834.28,16846.1,16830.73,16841.19,611.69806
2023-01-04 23:15:00,16841.71,16845.29,16832.4,16843.66,400.26975
2023-01-04 23:20:00,16843.68,16854.66,16840.79,16852.22,550.43452
2023-01-04 23:25:00,16852.22,16855.84,16838.53,16852.42,476.34177
2023-01-04 23:30:00,16852.83,16866.9,16850.14,16860.72,624.26878
2023-01-04 23:35:00,16860.72,16869.56,16856.0,16863.44,460.09829
2023-01-04 23:40:00,16863.44,16868.53,16857.08,16859.49,304.96718
2023-01-04 23:45:00,16859.5,16861.0,16849.2,16850.67,422.26688
2023-01-04 23:50:00,16850.15,16860.17,16849.83,16858.44,332.38077
2023-01-04 23:55:00,16858.94,16861.86,16850.0,16850.36,426.75989
2023-01-05 00:00:00,16850.36,16862.54,16848.0,16857.71,669.68026
2023-01-05 00:05:00,16858.19,16859.57,16853.1,16854.42,480.84318
2023-01-05 00:10:00,16854.42,16865.46,16851.64,16863.16,495.25838
2023-01-05 00:15:00,16862.72,16877.64,16861.57,16876.09,877.43268
2023-01-05 00:20:00,16876.1,16878.18,16865.21,16869.28,480.30661
2023-01-05 00:25:00,16869.28,16872.03,16861.59,16866.0,389.29979
2023-01-05 00:30:00,16865.94,16866.93,16860.0,16860.18,368.63165
2023-01-05 00:35:00,16860.58,16864.27,16856.37,16862.75,451.09009
2023-01-05 00:40:00,16862.75,16864.14,16848.0,16851.66,528.23914
2023-01-05 00:45:00,16852.09,16853.42,16838.0,16839.58,641.57514
2023-01-05 00:50:00,16840.07,16847.76,16838.0,16841.13,514.85404
2023-01-05 00:55:00,16841.81,16846.2,16827.24,16828.45,725.89842
2023-01-05 01:00:00,16828.09,16838.23,16824.13,16834.78,452.58818
2023-01-05 01:05:00,16834.9,16835.96,16807.9,16809.68,910.85524
2023-01-05 01:10:00,16809.27,16825.51,16807.72,16823.88,558.98947
2023-01-05 01:15:00,16824.39,16826.13,16820.97,16825.72,331.01563
2023-01-05 01:20:00,16825.72,16830.21,16822.53,16825.48,348.08381
2023-01-05 01:25:00,16825.18,16836.48,16824.0,16833.7,425.40586
2023-01-05 01:30:00,16833.59,16849.99,16831.9,16844.48,616.40662
2023-01-05 01:35:00,16844.84,16848.7,16835.75,16836.98,459.52117
2023-01-05 01:40:00,16836.98,16844.34,16836.29,16840.35,356.86227
2023-01-05 01:45:00,16840.35,16849.35,16840.22,16847.91,487.02088
2023-01-05 01:50:00,16848.48,16848.51,16836.49,16837.83,315.92681
2023-01-05 01:55:00,16837.83,16838.1,16832.62,16832.9,293.77612
2023-01-05 02:00:00,16833.37,16837.0,16830.0,16831.66,369.86219
2023-01-05 02:05:00,16831.66,16837.71,16823.78,16833.54,615.54078
2023-01-05 02:10:00,16834.07,16836.53,16829.27,16830.34,354.47228
2023-01-05 02:15:00,16830.35,16836.05,16825.42,16833.81,555.06557
2023-01-05 02:20:00,16833.56,16835.5,16827.32,16830.76,285.53607
2023-01-05 02:25:00,16830.76,16832.75,16823.3,16828.59,470.18225
2023-01-05 02:30:00,16828.59,16834.85,16826.81,16834.11,322.64821
2023-01-05 02:35:00,16834.11,16839.23,16833.61,16836.62,321.09674
2023-01-05 02:40:00,16836.62,16838.64,16833.33,16835.71,326.65468
2023-01-05 02:45:00,16835.7,16842.62,16834.01,16841.59,310.68837
2023-01-05 02:50:00,16841.6,16844.44,16837.95,16838.19,308.00518
2023-01-05 02:55:00,16838.36,16840.64,16833.84,16836.8,304.07089
2023-01-05 03:00:00,16836.8,16838.57,16833.16,16834.24,357.82614
2023-01-05 03:05:00,16834.24,16834.94,16827.57,16828.61,351.90092
2023-01-05 03:10:00,16828.7,16836.42,16826.52,16834.93,494.0314
2023-01-05 03:15:00,16834.6,16836.43,16825.89,16832.38,569.56711
2023-01-05 03:20:00,16832.73,16833.6,16825.58,16826.14,429.30966
2023-01-05 03:25:00,16826.49,16830.84,16822.79,16828.32,494.02879
2023-01-05 03:30:00,16828.33,16831.39,16824.39,16825.34,354.9288
2023-01-05 03:35:00,16825.34,16829.77,16821.28,16827.69,503.65166
2023-01-05 03:40:00,16827.69,16829.7,16821.31,16824.21,394.94708
2023-01-05 03:45:00,16824.21,16828.88,16820.0,16823.88,437.63512
2023-01-05 03:50:00,16823.88,16824.99,16818.86,16824.05,397.63144
2023-01-05 03:55:00,16824.05,16828.18,16823.28,16827.71,254.92444
2023-01-05 04:00:00,16827.71,16829.24,16823.2,16827.43,367.35478
2023-01-05 04:05:00,16827.43,16828.7,16821.21,16825.19,332.52755
2023-01-05 04:10:00,16824.9,16834.08,16821.73,16831.09,446.32699
2023-01-05 04:15:00,16831.35,16835.79,16831.09,16832.91,429.9797
2023-01-05 04:20:00,16832.91,16836.5,16832.28,16832.81,309.64252
2023-01-05 04:25:00,16832.9,16834.86,16829.24,16830.82,321.09636
2023-01-05 04:30:00,16830.64,16834.37,16829.33,16832.73,423.81803
2023-01-05 04:35:00,16832.62,16833.35,16829.97,16830.9,329.06592
2023-01-05 04:40:00,16830.9,16838.0,16828.78,16837.02,380.53716
2023-01-05 04:45:00,16837.02,16839.95,16833.8,16835.54,307.7884
2023-01-05 04:50:00,16835.54,16840.84,16832.34,16839.4,340.61385
2023-01-05 04:55:00,16839.39,16842.85,16835.0,16836.41,391.15698
2023-01-05 05:00:00,16836.41,16838.45,16835.04,16835.98,320.15049
2023-01-05 05:05:00,16836.51,16843.21,16835.98,16841.56,378.8575
2023-01-05 05:10:00,16841.9,16846.36,16841.11,16845.25,410.1174
2023-01-05 05:15:00,16845.0,16848.97,16839.99,16845.1,471.23241
2023-01-05 05:20:00,16844.76,16849.37,16843.94,16845.35,381.58188
2023-01-05 05:25:00,16845.67,16846.86,16841.19,16843.13,312.75738
2023-01-05 05:30:00,16843.13,16847.94,16838.21,16840.0,453.38608
2023-01-05 05:35:00,16840.0,16840.76,16837.5,16838.4,333.96363
2023-01-05 05:40:00,16838.4,16847.03,16838.08,16841.87,376.68655
2023-01-05 05:45:00,16842.07,16845.64,16840.52,16844.05,269.31421
2023-01-05 05:50:00,16843.73,16847.36,16840.01,16842.92,423.91261
2023-01-05 05:55:00,16843.28,16846.75,16840.98,16844.12,383.40679
2023-01-05 06:00:00,16844.12,16845.8,16835.9,16838.05,416.4012
2023-01-05 06:05:00,16838.05,16839.49,16835.33,16837.89,370.70305
2023-01-05 06:10:00,16838.14,16840.06,16836.17,16839.13,281.97941
2023-01-05 06:15:00,16839.43,16840.04,16835.38,16837.12,261.08481
2023-01-05 06:20:00,16836.91,16838.98,16830.62,16830.72,488.93379
2023-01-05 06:25:00,16830.96,16836.95,16822.43,16825.77,621.25306
2023-01-05 06:30:00,16825.77,16828.05,16819.7,16819.97,481.76853
2023-01-05 06:35:00,16819.7,16823.27,16812.56,16821.17,961.09261
2023-01-05 06:40:00,16821.17,16822.8,16817.24,16818.8,383.03925
2023-01-05 06:45:00,16819.09,16821.6,16814.41,16816.82,475.15969
2023-01-05 06:50:00,16816.47,16826.34,16814.52,16821.67,468.62286
2023-01-05 06:55:00,16822.17,16824.34,16816.47,16817.13,362.10368
2023-01-05 07:00:00,16817.34,16821.14,16813.09,16815.6,573.20343
2023-01-05 07:05:00,16815.25,16820.84,16813.71,16815.83,679.56429
2023-01-05 07:10:00,16815.83,16817.09,16813.57,16815.22,385.78017
2023-01-05 07:15:00,16815.22,16816.92,16810.83,16814.05,417.01131
2023-01-05 07:20:00,16814.05,16815.94,16796.09,16799.99,908.60631
2023-01-05 07:25:00,16799.99,16802.76,16789.87,16797.48,864.90352
2023-01-05 07:30:00,16797.48,16813.93,16795.39,16809.89,751.58446
2023-01-05 07:35:00,16809.89,16819.98,16809.33,16816.32,426.7125
2023-01-05 07:40:00,16816.06,16818.5,16812.28,16813.8,388.19783
2023-01-05 07:45:00,16813.77,16816.8,16811.32,16812.64,417.91676
2023-01-05 07:50:00,16812.64,16823.87,16812.53,16822.73,471.05493
2023-01-05 07:55:00,16822.74,16824.4,16820.13,16823.64,461.60573
2023-01-05 08:00:00,16823.05,16828.52,16821.16,16826.24,758.42953
2023-01-05 08:05:00,16826.04,16829.99,16819.84,16821.24,448.98855
2023-01-05 08:10:00,16821.48,16826.97,16820.41,16824.08,361.65217
2023-01-05 08:15:00,16823.83,16824.27,16816.51,16817.59,474.44253
2023-01-05 08:20:00,16817.24,16818.27,16811.9,16815.92,466.80329
2023-01-05 08:25:00,16816.14,16822.19,16813.82,16817.93,388.19545
2023-01-05 08:30:00,16817.77,16818.12,16808.67,16808.78,401.71708
2023-01-05 08:35:00,16809.11,16809.39,16796.2,16802.72,780.0929
2023-01-05 08:40:00,16802.34,16805.96,16792.85,16804.57,916.66483
2023-01-05 08:45:00,16804.15,16811.45,16800.87,16811.11,546.23017
2023-01-05 08:50:00,16811.28,16816.0,16804.05,16805.85,574.92818
2023-01-05 08:55:00,16805.85,16808.49,16803.58,16807.53,329.35375
2023-01-05 09:00:00,16807.74,16808.48,16797.78,16798.17,490.4137
2023-01-05 09:05:00,16798.17,16800.48,16787.64,16796.6,768.08727
2023-01-05 09:10:00,16796.98,16804.27,16793.65,16801.83,525.66948
2023-01-05 09:15:00,16801.57,16809.6,16798.33,16806.89,588.53375
2023-01-05 09:20:00,16806.89,16814.23,16805.92,16812.34,376.7578
2023-01-05 09:25:00,16812.54,16812.88,16802.35,16803.43,430.14013
2023-01-05 09:30:00,16802.97,16808.47,16801.58,16806.58,574.40989
2023-01-05 09:35:00,16806.96,16808.95,16790.18,16800.77,1028.08084
2023-01-05 09:40:00,16801.14,16808.85,16799.78,16801.32,532.186
2023-01-05 09:45:00,16801.16,16805.5,16784.82,16794.83,1083.72851
2023-01-05 09:50:00,16794.73,16796.48,16780.75,16794.2,773.35165
2023-01-05 09:55:00,16794.56,16809.83,16793.37,16807.12,611.2588
2023-01-05 10:00:00,16807.22,16814.99,16803.49,16813.84,552.18433
2023-01-05 10:05:00,16813.84,16817.15,16810.45,16814.95,473.19087
2023-01-05 10:10:00,16814.95,16820.0,16812.65,16814.4,602.74232
2023-01-05 10:15:00,16814.4,16830.0,16814.29,16829.16,806.28756
2023-01-05 10:20:00,16828.67,16832.52,16821.65,16826.28,569.61205
2023-01-05 10:25:00,16826.53,16829.18,16817.74,16820.15,558.67221
2023-01-05 10:30:00,16820.52,16824.63,16820.15,16824.12,406.83111
2023-01-05 10:35:00,16823.8,16835.77,16823.5,16832.9,563.05082
2023-01-05 10:40:00,16833.28,16837.59,16825.48,16826.97,495.26232
2023-01-05 10:45:00,16827.31,16830.75,16825.22,16825.25,440.83745
2023-01-05 10:50:00,16825.25,16832.13,16824.29,16831.27,406.78957
2023-01-05 10:55:00,16831.27,16831.27,16822.18,16825.08,481.3337
2023-01-05 11:00:00,16825.36,16827.76,16823.84,16824.8,313.85927
2023-01-05 11:05:00,16824.8,16825.08,16822.0,16823.69,425.57863
2023-01-05 11:10:00,16823.69,16829.67,16822.27,16828.02,364.13955
2023-01-05 11:15:00,16828.02,16829.26,16820.15,16822.48,482.14096
2023-01-05 11:20:00,16822.48,16823.62,16818.25,16819.3,428.94446
2023-01-05 11:25:00,16819.3,16820.94,16814.71,16819.11,503.03234
2023-01-05 11:30:00,16819.11,16821.95,16817.01,16821.36,402.71391
2023-01-05 11:35:00,16821.15,16831.85,16821.07,16830.52,558.76309
2023-01-05 11:40:00,16830.52,16831.53,16825.18,16828.3,344.99901
2023-01-05 11:45:00,16828.3,16829.98,16825.52,16827.18,318.51837
2023-01-05 11:50:00,16827.18,16837.09,16824.65,16835.32,808.56097
2023-01-05 11:55:00,16835.0,16839.0,16826.97,16833.6,758.05993
2023-01-05 12:00:00,16833.6,16834.6,16826.24,16830.38,470.90448
2023-01-05 12:05:00,16830.07,16834.7,16827.58,16828.81,465.73304
2023-01-05 12:10:00,16828.81,16831.26,16818.99,16821.05,662.6639
2023-01-05 12:15:00,16821.4,16825.09,16818.72,16819.73,494.48294
2023-01-05 12:20:00,16819.34,16823.59,16817.75,16818.34,321.29518
2023-01-05 12:25:00,16818.34,16821.02,16816.68,16818.56,439.79873
2023-01-05 12:30:00,16819.0,16833.92,16818.5,16832.82,474.4078
2023-01-05 12:35:00,16833.17,16833.77,16826.57,16831.99,440.50134
2023-01-05 12:40:00,16831.99,16832.51,16825.55,16826.18,355.48394
2023-01-05 12:45:00,16826.39,16829.69,16823.0,16828.96,438.20578
2023-01-05 12:50:00,16828.49,16828.95,16818.6,16822.04,523.56059
2023-01-05 12:55:00,16822.17,16824.0,16820.6,16822.13,300.14781
2023-01-05 13:00:00,16822.13,16824.07,16818.36,16818.84,458.05715
2023-01-05 13:05:00,16818.65,16825.96,16818.33,16824.84,442.28878
2023-01-05 13:10:00,16824.84,16826.69,16822.41,16825.88,487.35476
2023-01-05 13:15:00,16825.4,16832.54,16801.04,16810.31,1991.29025
2023-01-05 13:20:00,16810.6,16817.28,16804.31,16814.52,562.15582
2023-01-05 13:25:00,16814.28,16816.43,16806.25,16809.03,525.45972
2023-01-05 13:30:00,16809.03,16821.0,16788.23,16807.37,1472.2532
2023-01-05 13:35:00,16806.99,16809.4,16777.86,16784.87,1130.25887
2023-01-05 13:40:00,16784.87,16798.66,16780.25,16798.32,912.30693
2023-01-05 13:45:00,16798.67,16803.0,16790.76,16798.43,565.57376
2023-01-05 13:50:00,16798.43,16799.25,16788.43,16792.01,609.80135
2023-01-05 13:55:00,16792.06,16795.73,16778.09,16780.25,753.06703
2023-01-05 14:00:00,16780.79,16797.93,16753.0,16787.66,1962.61761
2023-01-05 14:05:00,16787.66,16810.0,16784.56,16801.3,990.22484
2023-01-05 14:10:00,16801.83,16807.35,16796.41,16803.83,608.40304
2023-01-05 14:15:00,16804.23,16819.12,16802.58,16814.9,925.75159
2023-01-05 14:20:00,16815.35,16815.7,16799.95,16805.49,728.95272
2023-01-05 14:25:00,16805.07,16813.89,16804.17,16811.76,706.41329
2023-01-05 14:30:00,16812.18,16821.42,16792.76,16800.93,1299.98006
2023-01-05 14:35:00,16801.38,16804.31,16790.72,16797.92,869.9023
2023-01-05 14:40:00,16797.92,16798.74,16775.0,16792.11,1619.34905
2023-01-05 14:45:00,16791.59,16794.95,16762.55,16777.66,1814.23855
2023-01-05 14:50:00,16777.01,16795.49,16775.29,16794.85,979.61508
2023-01-05 14:55:00,16795.39,16837.0,16794.2,16829.59,1493.68218
2023-01-05 15:00:00,16830.28,16867.0,16823.1,16851.94,1941.90756
2023-01-05 15:05:00,16852.22,16866.69,16834.28,16852.48,1752.90062
2023-01-05 15:10:00,16851.8,16868.5,16840.0,16860.07,1279.3832
2023-01-05 15:15:00,16860.5,16870.6,16838.56,16846.35,1178.23497
2023-01-05 15:20:00,16846.35,16852.82,16835.77,16842.89,824.99266
2023-01-05 15:25:00,16842.68,16857.61,16838.79,16847.12,691.94162
2023-01-05 15:30:00,16847.12,16854.18,16843.39,16851.4,669.02279
2023-01-05 15:35:00,16851.61,16870.0,16846.76,16859.3,830.04404
2023-01-05 15:40:00,16859.3,16879.82,16855.2,16874.4,994.75377
2023-01-05 15:45:00,16874.4,16879.44,16859.08,16866.2,854.59986
2023-01-05 15:50:00,16866.22,16868.78,16847.09,16847.3,743.00471
2023-01-05 15:55:00,16847.3,16853.32,16841.1,16842.94,906.26522
2023-01-05 16:00:00,16842.94,16846.36,16831.31,16843.53,928.14884
2023-01-05 16:05:00,16843.53,16852.19,16842.19,16852.08,838.72016
2023-01-05 16:10:00,16852.0,16865.21,16850.89,16856.35,825.96532
2023-01-05 16:15:00,16856.76,16859.0,16843.01,16843.21,577.6302
2023-01-05 16:20:00,16843.6,16846.96,16829.05,16832.99,814.08123
2023-01-05 16:25:00,16832.44,16838.15,16829.77,16837.2,618.61784
2023-01-05 16:30:00,16837.19,16840.92,16831.1,16831.27,696.95109
2023-01-05 16:35:00,16831.78,16835.69,16823.22,16826.82,857.26492
2023-01-05 16:40:00,16826.82,16838.53,16825.69,16837.61,801.5896
2023-01-05 16:45:00,16838.17,16841.96,16832.02,16835.76,664.04336
2023-01-05 16:50:00,16835.76,16839.12,16832.58,16836.62,425.60073
2023-01-05 16:55:00,16836.88,16839.83,16835.62,16838.28,480.20608
2023-01-05 17:00:00,16837.96,16841.01,16831.82,16837.33,557.38092
2023-01-05 17:05:00,16836.98,16846.88,16834.5,16842.23,651.4623
2023-01-05 17:10:00,16842.23,16842.58,16834.44,16838.1,377.24276
2023-01-05 17:15:00,16838.1,16843.43,16828.13,16828.53,560.26012
2023-01-05 17:20:00,16828.53,16834.85,16820.0,16831.43,743.41759
2023-01-05 17:25:00,16831.43,16833.27,16825.73,16826.11,455.96841
2023-01-05 17:30:00,16826.11,16835.7,16824.54,16833.53,527.94164
2023-01-05 17:35:00,16833.53,16835.98,16822.13,16825.46,533.6925
2023-01-05 17:40:00,16825.14,16827.26,16815.74,16818.36,542.3382
2023-01-05 17:45:00,16818.09,16823.03,16816.55,16820.48,492.73235
2023-01-05 17:50:00,16820.48,16822.66,16814.06,16816.91,602.05066
2023-01-05 17:55:00,16816.54,16819.09,16811.82,16814.48,594.97169
2023-01-05 18:00:00,16814.18,16814.94,16800.5,16806.4,613.0462
2023-01-05 18:05:00,16806.61,16820.88,16805.75,16819.22,680.7223
2023-01-05 18:10:00,16819.22,16820.2,16808.16,16809.4,424.36979
2023-01-05 18:15:00,16809.4,16820.63,16808.74,16820.26,438.70059
2023-01-05 18:20:00,16820.07,16843.73,16818.93,16834.83,1216.12372
2023-01-05 18:25:00,16835.34,16846.88,16830.64,16839.97,933.25901
2023-01-05 18:30:00,16839.97,16847.12,16836.57,16845.1,640.99042
2023-01-05 18:35:00,16845.51,16847.59,16832.84,16836.66,611.52465
2023-01-05 18:40:00,16836.26,16845.67,16835.77,16838.81,554.02137
2023-01-05 18:45:00,16838.45,16844.67,16836.94,16841.19,465.4721
2023-01-05 18:50:00,16841.19,16843.0,16834.76,16836.0,551.60379
2023-01-05 18:55:00,16836.0,16844.92,16833.61,16841.93,590.17745
2023-01-05 19:00:00,16841.94,16846.0,16838.52,16840.95,515.82066
2023-01-05 19:05:00,16840.95,16845.67,16839.25,16843.21,455.39481
2023-01-05 19:10:00,16843.57,16845.88,16838.57,16840.19,572.17733
2023-01-05 19:15:00,16840.18,16845.0,16839.7,16842.66,368.49106
2023-01-05 19:20:00,16842.66,16852.38,16840.46,16844.56,688.45711
2023-01-05 19:25:00,16844.18,16846.41,16833.52,16834.72,640.84646
2023-01-05 19:30:00,16834.72,16838.32,16826.67,16835.15,612.31021
2023-01-05 19:35:00,16835.54,16852.15,16835.05,16849.38,694.42616
2023-01-05 19:40:00,16849.38,16852.6,16845.0,16846.32,454.7035
2023-01-05 19:45:00,16846.32,16861.56,16845.48,16859.18,784.32152
2023-01-05 19:50:00,16858.79,16875.5,16858.42,16872.02,798.74301
2023-01-05 19:55:00,16871.99,16874.33,16860.37,16863.85,683.48277
2023-01-05 20:00:00,16864.29,16871.4,16860.54,16868.53,615.31357
2023-01-05 20:05:00,16867.98,16873.52,16865.19,16868.83,496.48023
2023-01-05 20:10:00,16868.83,16869.65,16860.2,16863.34,419.92825
2023-01-05 20:15:00,16863.34,16868.11,16860.01,16863.17,460.79065
2023-01-05 20:20:00,16862.76,16864.42,16849.98,16852.06,575.12665
2023-01-05 20:25:00,16851.76,16854.64,16846.63,16850.99,619.00464
2023-01-05 20:30:00,16850.99,16859.97,16849.83,16855.97,546.58493
2023-01-05 20:35:00,16856.44,16862.67,16855.76,16857.6,476.34103
2023-01-05 20:40:00,16857.38,16857.6,16851.95,16855.26,330.19217
2023-01-05 20:45:00,16854.95,16861.12,16854.48,16858.96,359.01624
2023-01-05 20:50:00,16858.96,16860.0,16850.42,16850.67,480.17469
2023-01-05 20:55:00,16850.67,16861.22,16850.37,16859.02,600.38716
2023-01-05 21:00:00,16859.02,16861.54,16853.01,16858.34,521.63768
2023-01-05 21:05:00,16858.34,16864.7,16856.69,16863.86,417.62514
2023-01-05 21:10:00,16864.17,16864.84,16855.0,16859.95,492.3304
2023-01-05 21:15:00,16859.73,16861.7,16853.37,16854.12,421.72815
2023-01-05 21:20:00,16854.44,16855.17,16836.01,16839.74,805.78975
2023-01-05 21:25:00,16840.13,16845.69,16839.74,16842.5,332.92685
2023-01-05 21:30:00,16842.81,16844.99,16834.17,16838.13,461.06081
2023-01-05 21:35:00,16838.52,16845.99,16835.73,16839.83,479.3227
2023-01-05 21:40:00,16839.83,16844.17,16836.17,16843.27,450.277
2023-01-05 21:45:00,16842.96,16851.59,16841.5,16848.24,447.47742
2023-01-05 21:50:00,16848.24,16854.83,16846.45,16846.52,414.15581
2023-01-05 21:55:00,16846.52,16854.72,16843.59,16848.51,456.18539
2023-01-05 22:00:00,16848.51,16851.29,16847.81,16849.63,268.55904
2023-01-05 22:05:00,16849.25,16853.39,16846.7,16851.87,343.64595
2023-01-05 22:10:00,16851.63,16856.91,16849.44,16855.27,351.33448
2023-01-05 22:15:00,16854.77,16857.96,16853.3,16856.66,280.71789
2023-01-05 22:20:00,16856.66,16857.07,16850.23,16850.64,247.27874
2023-01-05 22:25:00,16851.06,16856.33,16850.46,16854.08,188.67242
2023-01-05 22:30:00,16854.08,16855.12,16848.18,16848.55,258.39843
2023-01-05 22:35:00,16848.82,16849.04,16842.08,16842.67,281.11766
2023-01-05 22:40:00,16842.67,16848.31,16841.0,16844.86,372.00157
2023-01-05 22:45:00,16844.86,16847.25,16838.96,16839.4,247.53301
2023-01-05 22:50:00,16839.1,16842.88,16837.32,16839.3,368.49863
2023-01-05 22:55:00,16838.88,16840.87,16832.34,16837.85,358.31008
2023-01-05 23:00:00,16838.09,16847.88,16836.69,16842.99,830.19554
2023-01-05 23:05:00,16842.99,16847.39,16829.0,16836.17,649.61296
2023-01-05 23:10:00,16836.17,16841.2,16824.67,16838.91,679.9345
2023-01-05 23:15:00,16838.91,16840.69,16831.58,16835.19,475.5899
2023-01-05 23:20:00,16835.19,16840.0,16825.77,16833.89,751.91574
2023-01-05 23:25:00,16833.89,16836.01,16818.91,16829.66,886.2416
2023-01-05 23:30:00,16829.66,16832.46,16824.58,16826.76,366.03286
2023-01-05 23:35:00,16826.76,16832.17,16824.72,16831.16,445.67388
2023-01-05 23:40:00,16831.16,16831.21,16823.05,16828.07,473.44644
2023-01-05 23:45:00,16828.07,16840.46,16827.0,16834.88,449.83824
2023-01-05 23:50:00,16835.25,16838.18,16825.21,16828.77,398.17482
2023-01-05 23:55:00,16828.44,16833.92,16825.0,16831.85,426.73913
2023-01-06 00:00:00,16831.85,16834.82,16827.04,16828.06,584.4753
2023-01-06 00:05:00,16827.67,16836.12,16826.35,16834.23,422.01872
2023-01-06 00:10:00,16834.49,16836.76,16827.36,16830.32,397.89792
2023-01-06 00:15:00,16830.01,16834.64,16825.85,16833.99,344.38021
2023-01-06 00:20:00,16833.57,16838.43,16831.58,16836.33,356.05011
2023-01-06 00:25:00,16836.06,16844.38,16834.38,16841.52,414.2282
2023-01-06 00:30:00,16841.92,16853.31,16841.49,16852.44,534.65394
2023-01-06 00:35:00,16852.42,16856.16,16848.56,16853.92,530.50252
2023-01-06 00:40:00,16853.92,16858.0,16847.44,16851.03,480.066
2023-01-06 00:45:00,16851.03,16872.57,16848.23,16868.16,947.7605
2023-01-06 00:50:00,16868.16,16870.29,16860.0,16860.37,754.83722
2023-01-06 00:55:00,16860.73,16863.03,16854.01,16859.78,514.11316
2023-01-06 01:00:00,16859.44,16861.64,16855.47,16856.49,414.87799
2023-01-06 01:05:00,16856.61,16857.89,16854.1,16854.33,316.97328
2023-01-06 01:10:00,16854.75,16863.16,16852.42,16862.45,435.31097
2023-01-06 01:15:00,16862.24,16862.76,16855.99,16857.6,443.00715
2023-01-06 01:20:00,16857.6,16857.63,16848.74,16853.4,402.8277
2023-01-06 01:25:00,16853.16,16853.78,16849.0,16853.36,347.38584
2023-01-06 01:30:00,16853.36,16855.28,16849.0,16849.8,270.66729
2023-01-06 01:35:00,16849.8,16852.41,16848.64,16850.31,289.5704
2023-01-06 01:40:00,16850.31,16854.76,16849.01,16852.75,269.61835
2023-01-06 01:45:00,16852.71,16853.89,16845.12,16845.65,284.09678
2023-01-06 01:50:00,16845.66,16847.39,16830.76,16833.06,558.5825
2023-01-06 01:55:00,16833.06,16837.62,16820.18,16827.8,812.77977
2023-01-06 02:00:00,16827.45,16830.15,16802.01,16808.78,1262.91883
2023-01-06 02:05:00,16809.28,16826.1,16803.2,16823.51,978.87789
2023-01-06 02:10:00,16823.51,16825.27,16819.99,16821.32,810.19359
2023-01-06 02:15:00,16821.32,16835.31,16821.04,16831.37,472.83031
2023-01-06 02:20:00,16831.37,16831.87,16824.55,16830.39,436.16646
2023-01-06 02:25:00,16830.39,16832.58,16825.66,16825.78,395.39493
2023-01-06 02:30:00,16825.78,16833.97,16823.32,16823.66,586.08889
2023-01-06 02:35:00,16823.4,16830.76,16821.02,16824.26,347.49102
2023-01-06 02:40:00,16824.03,16835.36,16823.23,16830.93,498.77942
2023-01-06 02:45:00,16830.93,16835.74,16828.34,16832.81,425.2505
2023-01-06 02:50:00,16832.81,16837.21,16828.82,16833.71,376.06234
2023-01-06 02:55:00,16833.97,16839.79,16833.55,16837.06,410.62491
2023-01-06 03:00:00,16836.65,16841.91,16833.17,16833.52,490.7978
2023-01-06 03:05:00,16833.52,16835.18,16827.0,16827.61,394.23263
2023-01-06 03:10:00,16827.61,16832.46,16827.39,16828.81,315.91565
2023-01-06 03:15:00,16828.5,16834.89,16826.46,16833.54,447.34833
2023-01-06 03:20:00,16833.54,16838.99,16828.3,16838.31,477.68364
2023-01-06 03:25:00,16837.84,16842.03,16836.47,16838.76,408.96923
2023-01-06 03:30:00,16838.73,16840.17,16835.35,16836.61,307.42358
2023-01-06 03:35:00,16836.8,16837.99,16831.76,16834.04,460.95174
2023-01-06 03:40:00,16834.04,16840.44,16832.29,16839.37,468.71312
2023-01-06 03:45:00,16839.11,16840.45,16836.54,16838.43,306.09446
2023-01-06 03:50:00,16838.32,16840.61,16834.59,16839.1,309.21837
2023-01-06 03:55:00,16839.5,16841.22,16832.14,16833.56,381.85687
2023-01-06 04:00:00,16833.56,16837.77,16832.02,16836.29,334.04871
2023-01-06 04:05:00,16836.28,16837.87,16832.1,16832.16,446.45595
2023-01-06 04:10:00,16832.4,16833.71,16829.83,16831.46,409.88529
2023-01-06 04:15:00,16831.46,16831.96,16809.28,16813.98,862.41821
2023-01-06 04:20:00,16813.98,16822.71,16812.46,16820.91,493.22444
2023-01-06 04:25:00,16820.91,16823.51,16808.16,16810.94,724.32181
2023-01-06 04:30:00,16811.21,16819.49,16805.31,16817.34,756.6075
2023-01-06 04:35:00,16817.17,16820.69,16814.85,16818.77,437.17403
2023-01-06 04:40:00,16819.19,16820.83,16815.0,16816.99,404.76232
2023-01-06 04:45:00,16816.99,16820.62,16812.52,16820.57,428.70466
2023-01-06 04:50:00,16820.2,16826.59,16818.28,16823.65,494.15491
2023-01-06 04:55:00,16823.94,16825.98,16820.28,16822.99,444.64159
2023-01-06 05:00:00,16823.24,16823.63,16815.54,16820.77,640.76826
2023-01-06 05:05:00,16820.83,16823.34,16817.27,16820.39,454.53334
2023-01-06 05:10:00,16820.67,16822.49,16814.1,16816.3,453.59062
2023-01-06 05:15:00,16816.63,16818.0,16811.43,16815.59,394.58461
2023-01-06 05:20:00,16815.28,16817.88,16814.41,16816.7,325.02074
2023-01-06 05:25:00,16816.46,16817.39,16810.0,16810.0,347.54434
2023-01-06 05:30:00,16810.17,16814.14,16807.83,16813.52,385.1613
2023-01-06 05:35:00,16813.7,16815.59,16810.51,16814.18,350.81301
2023-01-06 05:40:00,16814.51,16814.99,16792.12,16804.15,1339.56692
2023-01-06 05:45:00,16804.42,16807.04,16800.95,16805.01,419.06674
2023-01-06 05:50:00,16805.01,16807.05,16799.5,16805.95,545.56183
2023-01-06 05:55:00,16805.95,16811.2,16805.49,16810.18,574.22863
2023-01-06 06:00:00,16809.74,16816.45,16804.53,16813.94,636.04445
2023-01-06 06:05:00,16813.94,16814.71,16808.28,16814.17,496.56586
2023-01-06 06:10:00,16814.17,16814.26,16807.99,16810.09,341.27168
2023-01-06 06:15:00,16810.09,16813.08,16808.0,16808.76,330.89133
2023-01-06 06:20:00,16808.99,16809.29,16799.0,16801.19,718.34065
2023-01-06 06:25:00,16801.19,16804.68,16796.08,16799.28,624.10712
2023-01-06 06:30:00,16799.29,16800.78,16779.96,16789.48,1043.42847
2023-01-06 06:35:00,16789.83,16801.9,16786.19,16797.43,643.37151
2023-01-06 06:40:00,16797.11,16801.94,16796.09,16801.07,438.92064
2023-01-06 06:45:00,16801.07,16802.1,16793.53,16796.35,377.83757
2023-01-06 06:50:00,16796.35,16799.0,16792.27,16798.68,325.60972
2023-01-06 06:55:00,16798.17,16798.67,16781.87,16786.86,552.83859
2023-01-06 07:00:00,16786.6,16788.8,16784.06,16787.38,602.26582
2023-01-06 07:05:00,16787.77,16791.67,16782.94,16789.35,539.42302
2023-01-06 07:10:00,16788.96,16789.59,16781.41,16784.18,538.03375
2023-01-06 07:15:00,16783.76,16789.99,16780.15,16789.48,574.07447
2023-01-06 07:20:00,16789.48,16796.25,16787.43,16795.73,615.92808
2023-01-06 07:25:00,16795.89,16802.42,16794.37,16799.85,590.11942
2023-01-06 07:30:00,16799.49,16802.87,16794.46,16798.44,509.38402
2023-01-06 07:35:00,16798.44,16799.34,16795.0,16796.25,406.72499
2023-01-06 07:40:00,16796.25,16797.2,16793.11,16793.91,384.04285
2023-01-06 07:45:00,16793.91,16796.52,16788.0,16789.7,423.83098
2023-01-06 07:50:00,16789.7,16794.16,16787.9,16793.67,293.60752
2023-01-06 07:55:00,16793.79,16795.37,16791.48,16794.06,286.01425
2023-01-06 08:00:00,16794.33,16796.22,16791.47,16794.32,438.08892
2023-01-06 08:05:00,16794.32,16799.27,16793.28,16798.63,454.42961
2023-01-06 08:10:00,16798.63,16802.27,16794.51,16800.79,525.91844
2023-01-06 08:15:00,16800.79,16812.22,16799.42,16809.9,673.65983
2023-01-06 08:20:00,16809.97,16811.2,16803.88,16805.22,449.71423
2023-01-09 21:05:00,17202.73,17217.55,17200.02,17209.47,744.17032
2023-01-09 21:10:00,17209.73,17227.44,17207.34,17223.85,834.09969
2023-01-09 21:15:00,17223.85,17231.45,17210.63,17218.54,850.6068
2023-01-09 21:20:00,17219.24,17243.08,17216.68,17242.65,805.86101
2023-01-09 21:25:00,17242.2,17246.26,17231.04,17233.16,845.9561
2023-01-09 21:30:00,17232.66,17235.85,17201.06,17209.12,1180.33299
2023-01-09 21:35:00,17208.71,17215.46,17167.0,17184.28,1512.36305
2023-01-09 21:40:00,17184.69,17196.06,17169.06,17194.1,785.91316
2023-01-09 21:45:00,17194.1,17194.17,17166.01,17166.39,677.98917
2023-01-09 21:50:00,17166.02,17182.55,17165.04,17174.12,675.54525
2023-01-09 21:55:00,17173.6,17185.65,17167.14,17182.48,692.21211
2023-01-09 22:00:00,17182.36,17183.02,17167.35,17179.98,761.73879
2023-01-09 22:05:00,17179.52,17181.95,17172.96,17173.7,402.43749
2023-01-09 22:10:00,17173.69,17202.67,17173.12,17201.36,837.39477
2023-01-09 22:15:00,17200.88,17204.5,17182.87,17194.54,518.11768
2023-01-09 22:20:00,17194.85,17204.94,17192.33,17197.72,373.95845
2023-01-09 22:25:00,17198.07,17211.01,17196.27,17209.11,402.40639
2023-01-09 22:30:00,17209.11,17222.32,17207.86,17221.66,449.90187
2023-01-09 22:35:00,17221.66,17222.13,17210.54,17218.64,449.08537
2023-01-09 22:40:00,17218.16,17220.94,17213.34,17214.13,281.21084
2023-01-09 22:45:00,17214.13,17214.57,17210.77,17212.03,176.6813
2023-01-09 22:50:00,17211.51,17212.28,17192.0,17193.6,462.81923
2023-01-09 22:55:00,17193.6,17205.99,17190.27,17204.83,328.49363
2023-01-09 23:00:00,17204.83,17205.57,17192.59,17196.4,575.06966
2023-01-09 23:05:00,17196.39,17198.67,17147.92,17150.6,1274.35957
2023-01-09 23:10:00,17150.6,17173.02,17128.0,17165.43,1583.06347
2023-01-09 23:15:00,17165.75,17181.71,17156.77,17176.86,622.46759
2023-01-09 23:20:00,17176.86,17182.24,17173.78,17178.78,360.06321
2023-01-09 23:25:00,17178.78,17180.65,17169.2,17171.08,362.80896
2023-01-09 23:30:00,17171.08,17184.1,17169.9,17183.48,388.09529
2023-01-09 23:35:00,17183.48,17192.91,17179.86,17192.51,610.29458
2023-01-09 23:40:00,17192.17,17194.71,17183.38,17189.55,404.86488
2023-01-09 23:45:00,17189.96,17195.54,17177.27,17185.11,513.94057
2023-01-09 23:50:00,17185.11,17198.14,17181.27,17194.57,383.53284
2023-01-09 23:55:00,17195.01,17195.62,17178.0,17178.26,414.3194
2023-01-10 00:00:00,17179.04,17200.81,17178.19,17199.69,761.17066
2023-01-10 00:05:00,17199.69,17199.97,17181.11,17188.78,632.70034
2023-01-10 00:10:00,17188.78,17198.97,17182.31,17186.0,488.32659
2023-01-10 00:15:00,17186.0,17193.98,17178.21,17188.99,665.05662
2023-01-10 00:20:00,17188.58,17200.37,17181.08,17196.29,480.47624
2023-01-10 00:25:00,17196.29,17198.03,17188.46,17197.82,473.32914
2023-01-10 00:30:00,17197.11,17198.56,17190.71,17193.8,394.04474
2023-01-10 00:35:00,17194.35,17218.06,17191.58,17215.96,859.79919
2023-01-10 00:40:00,17215.6,17217.95,17205.0,17208.99,582.37078
2023-01-10 00:45:00,17208.99,17217.0,17201.71,17216.19,682.02596
2023-01-10 00:50:00,17215.93,17217.63,17202.68,17207.09,608.04558
2023-01-10 00:55:00,17207.09,17220.29,17205.79,17219.19,568.62476
2023-01-10 01:00:00,17219.19,17223.39,17212.26,17219.07,662.3507
2023-01-10 01:05:00,17219.67,17235.0,17218.92,17227.58,1052.28878
2023-01-10 01:10:00,17227.58,17228.56,17202.59,17202.83,1192.92467
2023-01-10 01:15:00,17202.83,17221.63,17202.5,17212.31,757.94497
2023-01-10 01:20:00,17211.9,17216.49,17198.03,17201.84,694.85986
2023-01-10 01:25:00,17202.23,17203.89,17196.07,17196.34,648.70502
2023-01-10 01:30:00,17196.34,17201.46,17188.31,17193.38,724.78325
2023-01-10 01:35:00,17193.6,17205.54,17192.27,17195.02,584.48197
2023-01-10 01:40:00,17194.63,17209.88,17192.25,17204.05,766.00672
2023-01-10 01:45:00,17204.05,17210.9,17201.41,17205.83,486.73004
2023-01-10 01:50:00,17205.83,17208.11,17195.74,17197.86,474.93215
2023-01-10 01:55:00,17198.21,17199.86,17191.0,17194.39,573.71715
2023-01-10 02:00:00,17193.97,17202.6,17190.07,17200.47,426.96142
2023-01-10 02:05:00,17200.47,17203.28,17197.23,17198.47,366.56471
2023-01-10 02:10:00,17198.18,17215.0,17197.58,17212.61,604.35553
2023-01-10 02:15:00,17213.02,17214.7,17202.28,17206.91,410.36605
2023-01-10 02:20:00,17206.91,17208.56,17180.19,17180.66,606.59146
2023-01-10 02:25:00,17180.66,17186.54,17172.07,17185.74,945.85457
2023-01-10 02:30:00,17185.73,17194.98,17174.77,17179.35,1508.84262
2023-01-10 02:35:00,17179.35,17180.73,17157.01,17160.47,1281.77384
2023-01-10 02:40:00,17160.47,17168.3,17146.34,17167.53,1372.22656
2023-01-10 02:45:00,17167.53,17190.03,17161.19,17182.5,863.22205
2023-01-10 02:50:00,17182.5,17196.47,17179.66,17188.32,733.71221
2023-01-10 02:55:00,17188.77,17193.56,17177.83,17185.94,500.32683
2023-01-10 03:00:00,17185.73,17191.88,17180.17,17185.11,557.56009
2023-01-10 03:05:00,17185.62,17190.0,17177.67,17178.15,486.95412
2023-01-10 03:10:00,17177.73,17193.8,17172.47,17190.4,766.08541
2023-01-10 03:15:00,17190.4,17196.67,17182.54,17196.4,501.39073
2023-01-10 03:20:00,17196.39,17199.0,17191.73,17193.35,413.38845
2023-01-10 03:25:00,17193.35,17196.72,17185.59,17196.23,384.59337
2023-01-10 03:30:00,17196.69,17198.84,17189.74,17194.02,316.12169
2023-01-10 03:35:00,17194.36,17195.84,17190.4,17192.0,315.98923
2023-01-10 03:40:00,17192.0,17198.78,17191.0,17197.57,323.84189
2023-01-10 03:45:00,17197.56,17200.43,17192.5,17195.51,434.35076
2023-01-10 03:50:00,17195.56,17200.09,17190.32,17196.79,474.56558
2023-01-10 03:55:00,17197.14,17208.17,17194.34,17205.72,534.83405
2023-01-10 04:00:00,17205.31,17210.29,17198.68,17205.78,774.49607
2023-01-10 04:05:00,17205.56,17206.63,17199.34,17202.26,357.81728
2023-01-10 04:10:00,17202.26,17208.2,17197.99,17204.15,428.89415
2023-01-10 04:15:00,17204.15,17208.16,17198.52,17203.46,419.7553
2023-01-10 04:20:00,17203.46,17206.82,17199.41,17203.75,506.3367
2023-01-10 04:25:00,17203.39,17207.57,17199.56,17203.85,387.61342
2023-01-10 04:30:00,17204.25,17207.72,17199.4,17201.68,385.00799
2023-01-10 04:35:00,17201.62,17203.78,17196.04,17201.32,497.89292
2023-01-10 04:40:00,17201.32,17206.26,17196.86,17205.62,385.55901
2023-01-10 04:45:00,17205.62,17217.22,17204.48,17216.63,965.98343
2023-01-10 04:50:00,17216.37,17221.36,17212.7,17215.12,734.99472
2023-01-10 04:55:00,17214.9,17222.5,17214.9,17221.68,620.82568
2023-01-10 05:00:00,17222.05,17224.06,17215.86,17216.46,526.11141
2023-01-10 05:05:00,17216.46,17218.87,17213.27,17214.29,436.77725
2023-01-10 05:10:00,17214.28,17218.85,17213.11,17217.24,368.61306
2023-01-10 05:15:00,17216.95,17223.34,17214.75,17217.96,597.33916
2023-01-10 05:20:00,17217.96,17223.32,17213.96,17217.34,499.38147
2023-01-10 05:25:00,17217.34,17218.85,17208.0,17215.23,588.19204
2023-01-10 05:30:00,17215.23,17217.39,17207.05,17214.67,495.27488
2023-01-10 05:35:00,17214.67,17220.91,17212.48,17219.73,318.29632
2023-01-10 05:40:00,17220.24,17225.99,17219.41,17221.85,549.59902
2023-01-10 05:45:00,17221.85,17233.91,17220.54,17227.88,442.1697
2023-01-10 05:50:00,17227.88,17233.58,17227.16,17230.42,325.11538
2023-01-10 05:55:00,17230.42,17231.86,17226.01,17228.77,330.51443
2023-01-10 06:00:00,17228.66,17233.5,17224.4,17226.31,389.42297
2023-01-10 06:05:00,17225.95,17226.75,17214.71,17216.77,546.99308
2023-01-10 06:10:00,17216.77,17223.09,17216.32,17220.39,363.95627
2023-01-10 06:15:00,17220.39,17227.99,17218.65,17223.0,465.99325
2023-01-10 06:20:00,17223.0,17229.75,17218.88,17223.8,862.38391
2023-01-10 06:25:00,17223.38,17224.46,17209.63,17211.3,695.53088
2023-01-10 06:30:00,17210.92,17213.99,17207.0,17207.49,470.7615
2023-01-10 06:35:00,17207.49,17207.97,17189.15,17196.08,739.3502
2023-01-10 06:40:00,17196.08,17198.01,17190.93,17195.5,531.34882
2023-01-10 06:45:00,17195.22,17198.49,17191.99,17193.12,756.65337
2023-01-10 06:50:00,17193.38,17208.65,17192.28,17203.48,786.37677
2023-01-10 06:55:00,17203.48,17212.75,17201.8,17203.95,635.11521
2023-01-10 07:00:00,17203.95,17207.87,17198.21,17198.43,588.55714
2023-01-10 07:05:00,17198.5,17204.36,17195.87,17202.43,601.92678
2023-01-10 07:10:00,17202.06,17207.54,17200.2,17203.48,580.68124
2023-01-10 07:15:00,17203.16,17204.72,17197.14,17198.58,461.95101
2023-01-10 07:20:00,17198.9,17203.16,17192.38,17201.81,825.8739
2023-01-10 07:25:00,17201.48,17202.78,17195.89,17196.18,437.98186
2023-01-10 07:30:00,17196.46,17200.28,17192.0,17197.22,630.3367
2023-01-10 07:35:00,17197.52,17206.37,17196.92,17202.57,573.55705
2023-01-10 07:40:00,17202.72,17209.04,17202.16,17205.98,611.81396
2023-01-10 07:45:00,17205.69,17210.0,17203.21,17204.27,535.09685
2023-01-10 07:50:00,17204.27,17211.0,17196.37,17202.3,548.20452
2023-01-10 07:55:00,17202.01,17205.08,17197.72,17203.2,407.14502
2023-01-10 08:00:00,17203.2,17204.88,17195.98,17196.42,531.66745
2023-01-10 08:05:00,17196.04,17204.2,17187.73,17189.26,689.43958
2023-01-10 08:10:00,17189.47,17198.66,17188.5,17194.92,619.10555
2023-01-10 08:15:00,17194.92,17214.82,17194.32,17213.07,735.7162
2023-01-10 08:20:00,17213.07,17249.21,17211.5,17239.73,1514.29362
2023-01-10 08:25:00,17239.73,17270.69,17231.17,17253.35,1712.1022
2023-01-10 08:30:00,17253.27,17265.51,17244.65,17246.92,1117.16747
2023-01-10 08:35:00,17246.92,17247.41,17238.0,17238.03,703.69419
2023-01-10 08:40:00,17238.73,17254.26,17237.64,17243.23,798.03114
2023-01-10 08:45:00,17243.22,17255.67,17238.84,17253.25,465.59251
2023-01-10 08:50:00,17253.25,17259.32,17249.07,17256.37,497.87668
2023-01-10 08:55:00,17255.99,17264.69,17252.73,17256.34,680.42049
2023-01-10 09:00:00,17256.34,17260.76,17249.83,17253.11,734.73875
2023-01-10 09:05:00,17253.61,17258.66,17248.46,17258.02,527.48015
2023-01-10 09:10:00,17258.02,17260.0,17253.05,17255.72,557.78947
2023-01-10 09:15:00,17255.72,17274.12,17252.8,17264.37,791.76623
2023-01-10 09:20:00,17264.35,17270.85,17261.91,17263.21,666.02797
2023-01-10 09:25:00,17263.74,17277.87,17262.58,17274.8,559.30402
2023-01-10 09:30:00,17274.8,17276.23,17247.81,17254.98,697.11542
2023-01-10 09:35:00,17254.98,17260.0,17247.67,17258.82,534.25948
2023-01-10 09:40:00,17258.82,17261.33,17251.28,17252.46,468.30546
2023-01-10 09:45:00,17252.46,17263.35,17251.5,17259.1,585.59344
2023-01-10 09:50:00,17258.91,17259.24,17242.12,17247.03,556.6375
2023-01-10 09:55:00,17247.03,17253.24,17246.02,17247.71,424.65872
2023-01-10 10:00:00,17247.71,17251.6,17244.95,17248.63,550.05862
2023-01-10 10:05:00,17248.95,17249.65,17233.48,17241.5,866.28061
2023-01-10 10:10:00,17241.5,17245.41,17236.68,17238.35,366.52467
2023-01-10 10:15:00,17238.08,17244.66,17236.2,17243.39,353.10432
2023-01-10 10:20:00,17243.38,17252.07,17242.71,17249.24,634.66407
2023-01-10 10:25:00,17249.66,17261.17,17247.05,17260.29,704.99825
2023-01-10 10:30:00,17260.29,17274.47,17259.97,17267.29,948.1798
2023-01-10 10:35:00,17267.21,17267.97,17260.5,17262.88,458.63863
2023-01-10 10:40:00,17262.88,17269.97,17261.18,17262.21,429.73991
2023-01-10 10:45:00,17262.21,17267.72,17261.24,17266.67,348.99084
2023-01-10 10:50:00,17266.29,17271.86,17262.74,17263.94,535.39952
2023-01-10 10:55:00,17263.94,17276.6,17263.13,17271.02,584.84666
2023-01-10 11:00:00,17271.02,17273.49,17266.98,17268.9,527.5753
2023-01-10 11:05:00,17268.9,17272.92,17266.57,17271.88,482.6922
2023-01-10 11:10:00,17271.43,17274.56,17266.88,17268.22,612.28298
2023-01-10 11:15:00,17268.12,17271.75,17267.0,17267.21,406.28981
2023-01-10 11:20:00,17267.56,17276.85,17262.43,17269.77,745.2717
2023-01-10 11:25:00,17269.77,17276.07,17267.42,17273.77,623.96868
2023-01-10 11:30:00,17273.77,17286.02,17260.63,17261.22,895.91368
2023-01-10 11:35:00,17261.22,17266.18,17252.68,17258.04,723.94098
2023-01-10 11:40:00,17257.62,17259.78,17252.7,17253.09,577.99518
2023-01-10 11:45:00,17253.09,17261.9,17250.95,17260.47,521.9278
2023-01-10 11:50:00,17260.07,17261.61,17252.0,17253.68,574.36438
2023-01-10 11:55:00,17253.28,17259.57,17252.19,17252.89,440.57193
2023-01-10 12:00:00,17252.89,17254.12,17247.38,17252.8,702.72013
2023-01-10 12:05:00,17252.8,17257.19,17251.0,17252.42,546.8422
2023-01-10 12:10:00,17252.42,17255.8,17250.56,17252.84,538.56055
2023-01-10 12:15:00,17252.36,17252.98,17229.08,17237.78,1108.94364
2023-01-10 12:20:00,17237.78,17241.19,17232.3,17233.54,755.07351
2023-01-10 12:25:00,17234.11,17238.12,17226.09,17237.85,817.42915
2023-01-10 12:30:00,17237.81,17238.5,17227.04,17230.93,562.49966
2023-01-10 12:35:00,17231.06,17240.72,17229.02,17239.57,639.34399
2023-01-10 12:40:00,17239.15,17247.03,17226.66,17234.6,724.11205
2023-01-10 12:45:00,17234.6,17241.84,17230.64,17231.5,530.09714
2023-01-10 12:50:00,17231.92,17233.13,17218.44,17227.14,710.20758
2023-01-10 12:55:00,17226.76,17227.77,17219.16,17224.15,683.26931
2023-01-10 13:00:00,17224.15,17231.23,17222.79,17227.49,602.61536
2023-01-10 13:05:00,17227.49,17240.0,17226.7,17237.9,715.10063
2023-01-10 13:10:00,17237.58,17239.6,17227.13,17231.13,599.81681
2023-01-10 13:15:00,17230.87,17232.52,17227.88,17231.96,397.2534
2023-01-10 13:20:00,17232.35,17244.99,17229.98,17241.89,672.25189
2023-01-10 13:25:00,17241.89,17242.96,17238.0,17238.48,504.46784
2023-01-10 13:30:00,17238.06,17241.21,17219.94,17223.39,836.94764
2023-01-10 13:35:00,17223.81,17231.83,17212.14,17217.05,1008.19933
2023-01-10 13:40:00,17217.55,17235.0,17214.94,17233.23,840.90574
2023-01-10 13:45:00,17233.67,17244.54,17230.98,17241.01,693.1144
2023-01-10 13:50:00,17241.14,17241.42,17230.71,17237.24,523.16831
2023-01-10 13:55:00,17237.24,17255.55,17233.56,17246.05,1145.97235
2023-01-10 14:00:00,17246.45,17266.0,17244.93,17261.04,1982.85361
2023-01-10 14:05:00,17261.45,17303.8,17260.75,17286.58,2286.07131
2023-01-10 14:10:00,17286.58,17292.62,17265.33,17288.03,1323.34206
2023-01-10 14:15:00,17288.03,17289.99,17272.87,17279.24,896.48121
2023-01-10 14:20:00,17279.88,17280.02,17255.0,17261.12,954.86055
2023-01-10 14:25:00,17261.12,17275.93,17246.8,17272.41,1175.60745
2023-01-10 14:30:00,17272.0,17304.6,17268.0,17296.56,2157.76059
2023-01-10 14:35:00,17296.46,17326.07,17279.03,17287.66,2428.85387
2023-01-10 14:40:00,17287.66,17291.1,17254.52,17260.18,1934.8958
2023-01-10 14:45:00,17260.18,17276.0,17232.05,17241.86,2139.55844
2023-01-10 14:50:00,17242.42,17265.76,17220.0,17262.91,2088.65836
2023-01-10 14:55:00,17263.14,17296.29,17254.35,17286.59,1894.1315
2023-01-10 15:00:00,17287.01,17290.71,17272.23,17282.15,1509.07228
2023-01-10 15:05:00,17282.15,17305.88,17280.87,17302.28,1418.12599
2023-01-10 15:10:00,17302.99,17363.37,17300.91,17344.0,2965.09548
2023-01-10 15:15:00,17342.67,17375.0,17338.74,17343.0,2608.72401
2023-01-10 15:20:00,17343.62,17358.63,17326.68,17338.87,1441.46134
2023-01-10 15:25:00,17339.56,17361.52,17325.8,17330.66,1369.93531
2023-01-10 15:30:00,17330.66,17333.41,17280.0,17289.24,2195.93688
2023-01-10 15:35:00,17289.22,17311.41,17278.65,17304.68,1601.76755
2023-01-10 15:40:00,17304.92,17309.55,17274.84,17275.74,1110.27851
2023-01-10 15:45:00,17275.74,17303.84,17271.38,17291.94,1084.39892
2023-01-10 15:50:00,17291.94,17321.09,17291.18,17314.06,1098.49388
2023-01-10 15:55:00,17314.53,17334.23,17312.24,17327.7,998.09059
2023-01-10 16:00:00,17327.7,17335.93,17319.96,17333.49,908.04826
2023-01-10 16:05:00,17333.49,17335.0,17320.93,17324.64,843.38345
2023-01-10 16:10:00,17324.64,17335.95,17316.48,17332.47,854.48706
2023-01-10 16:15:00,17332.46,17341.97,17317.5,17319.55,1023.6482
2023-01-10 16:20:00,17320.59,17341.51,17314.9,17329.92,1160.32534
2023-01-10 16:25:00,17329.53,17336.53,17312.35,17318.51,922.82237
2023-01-10 16:30:00,17319.29,17327.15,17296.37,17302.74,1275.52208
2023-01-10 16:35:00,17302.74,17309.98,17290.5,17293.13,863.29374
2023-01-10 16:40:00,17293.13,17303.18,17288.15,17291.51,757.93317
2023-01-10 16:45:00,17291.51,17298.44,17282.0,17289.82,907.91799
2023-01-10 16:50:00,17289.92,17308.86,17289.72,17307.58,682.18051
2023-01-10 16:55:00,17307.05,17319.99,17299.98,17302.15,743.84975
2023-01-10 17:00:00,17302.55,17303.57,17287.11,17295.49,664.67092
2023-01-10 17:05:00,17295.69,17316.0,17295.33,17315.12,567.4226
2023-01-10 17:10:00,17315.12,17324.48,17310.41,17321.74,692.50992
2023-01-10 17:15:00,17321.33,17322.08,17310.04,17311.74,461.36558
2023-01-10 17:20:00,17311.74,17317.3,17303.08,17310.95,694.11172
2023-01-10 17:25:00,17310.95,17311.28,17302.23,17310.16,548.25057
2023-01-10 17:30:00,17310.16,17311.83,17304.83,17309.67,571.54266
2023-01-10 17:35:00,17310.08,17336.23,17309.66,17335.9,787.16123
2023-01-10 17:40:00,17335.9,17339.29,17321.18,17327.63,548.25358
2023-01-10 17:45:00,17327.63,17333.85,17320.88,17326.03,565.98902
2023-01-10 17:50:00,17326.33,17330.96,17320.75,17326.84,456.58667
2023-01-10 17:55:00,17326.42,17329.05,17323.2,17325.97,480.28465
2023-01-10 18:00:00,17325.61,17337.85,17323.02,17332.22,913.55844
2023-01-10 18:05:00,17331.86,17337.82,17327.34,17335.02,549.34638
2023-01-10 18:10:00,17335.02,17347.01,17331.63,17341.04,867.17411
2023-01-10 18:15:00,17340.64,17358.32,17335.35,17351.37,1084.73013
2023-01-10 18:20:00,17350.91,17402.69,17346.01,17377.58,2629.27867
2023-01-10 18:25:00,17377.58,17404.66,17372.76,17378.21,1294.9056
2023-01-10 18:30:00,17378.21,17440.0,17377.12,17414.54,2530.46954
2023-01-10 18:35:00,17414.54,17443.95,17412.41,17421.64,1265.15317
2023-01-10 18:40:00,17421.64,17426.75,17406.39,17409.92,1147.78099
2023-01-10 18:45:00,17409.92,17427.03,17408.33,17416.97,906.48263
2023-01-10 18:50:00,17416.97,17428.98,17416.16,17421.49,684.95046
2023-01-10 18:55:00,17421.49,17434.91,17413.94,17433.95,967.54929
2023-01-10 19:00:00,17433.7,17447.2,17415.38,17424.06,1430.82883
2023-01-10 19:05:00,17423.81,17434.82,17416.95,17432.25,720.67087
2023-01-10 19:10:00,17432.42,17456.07,17429.81,17450.78,1315.16899
2023-01-10 19:15:00,17450.78,17455.8,17415.61,17419.93,1248.53988
2023-01-10 19:20:00,17419.44,17426.21,17410.79,17414.3,648.36811
2023-01-10 19:25:00,17414.3,17422.91,17398.28,17421.7,822.55283
2023-01-10 19:30:00,17421.48,17429.94,17414.33,17422.79,712.9615
2023-01-10 19:35:00,17422.79,17438.37,17420.32,17433.35,682.85003
2023-01-10 19:40:00,17433.84,17435.48,17422.82,17425.2,642.8649
2023-01-10 19:45:00,17425.2,17443.12,17422.38,17439.89,556.70589
2023-01-10 19:50:00,17439.89,17443.56,17431.58,17437.83,610.35036
2023-01-10 19:55:00,17438.26,17453.07,17427.5,17432.85,865.01381
2023-01-10 20:00:00,17432.85,17439.1,17412.01,17416.42,913.50528
2023-01-10 20:05:00,17416.42,17424.03,17405.3,17423.36,893.23466
2023-01-10 20:10:00,17422.55,17444.93,17418.0,17442.55,1106.11191
2023-01-10 20:15:00,17442.55,17487.17,17439.57,17482.31,1841.45645
2023-01-10 20:20:00,17482.31,17495.69,17460.23,17460.23,1787.11984
2023-01-10 20:25:00,17460.62,17472.0,17455.32,17456.9,743.9454
2023-01-10 20:30:00,17456.9,17468.46,17435.33,17452.24,922.45496
2023-01-10 20:35:00,17451.75,17456.68,17437.03,17444.98,906.86114
2023-01-10 20:40:00,17444.98,17453.28,17440.72,17448.13,550.3994
2023-01-10 20:45:00,17448.15,17463.66,17445.98,17455.45,556.26111
2023-01-10 20:50:00,17455.44,17481.44,17454.98,17474.7,819.35057
2023-01-10 20:55:00,17475.14,17490.45,17468.26,17477.15,974.5487
2023-01-10 21:00:00,17477.95,17485.48,17458.3,17459.38,829.96702
2023-01-10 21:05:00,17459.38,17465.27,17448.75,17463.66,612.7388
2023-01-10 21:10:00,17463.66,17464.3,17450.0,17453.13,525.83536
2023-01-10 21:15:00,17453.13,17463.18,17450.15,17461.51,381.60937
2023-01-10 21:20:00,17461.51,17463.66,17455.78,17456.91,395.02743
2023-01-10 21:25:00,17456.97,17459.26,17451.25,17451.96,310.25722
2023-01-10 21:30:00,17451.96,17467.19,17448.81,17464.39,441.32395
2023-01-10 21:35:00,17464.06,17499.0,17463.26,17486.26,1197.48938
2023-01-10 21:40:00,17486.62,17488.16,17460.98,17461.42,558.30848
2023-01-10 21:45:00,17461.42,17469.48,17459.9,17460.74,462.13768
2023-01-10 21:50:00,17460.73,17462.46,17450.53,17453.28,524.7004
2023-01-10 21:55:00,17452.9,17479.25,17451.18,17463.56,840.93594
2023-01-10 22:00:00,17463.86,17464.56,17444.38,17445.98,636.64539
2023-01-10 22:05:00,17445.98,17462.89,17441.82,17455.03,577.19436
2023-01-10 22:10:00,17455.03,17457.88,17445.0,17445.78,410.45833
2023-01-10 22:15:00,17445.33,17446.03,17428.11,17433.17,754.66303
2023-01-10 22:20:00,17432.69,17449.48,17432.69,17438.64,581.49435
2023-01-10 22:25:00,17438.09,17439.45,17419.92,17438.11,908.65998
2023-01-10 22:30:00,17438.11,17445.97,17436.5,17438.49,323.67133
2023-01-10 22:35:00,17438.16,17440.0,17426.51,17427.45,476.38587
2023-01-10 22:40:00,17427.45,17428.02,17418.98,17426.35,604.14319
2023-01-10 22:45:00,17426.68,17445.28,17426.0,17444.83,317.50058
2023-01-10 22:50:00,17444.58,17446.27,17431.17,17441.21,533.36182
2023-01-10 22:55:00,17440.81,17443.35,17427.46,17428.08,553.82131
2023-01-10 23:00:00,17428.08,17436.0,17403.73,17417.66,1303.42851
2023-01-10 23:05:00,17418.08,17434.43,17415.76,17431.87,658.00207
2023-01-10 23:10:00,17431.87,17439.61,17428.33,17431.64,510.44498
2023-01-10 23:15:00,17431.64,17432.57,17420.73,17422.18,500.06729
2023-01-10 23:20:00,17422.03,17433.5,17415.77,17431.8,504.77329
2023-01-10 23:25:00,17431.8,17434.31,17427.02,17431.91,428.83072
2023-01-10 23:30:00,17432.49,17434.15,17424.54,17430.48,473.42573
2023-01-10 23:35:00,17429.95,17434.99,17423.35,17430.17,624.5674
2023-01-10 23:40:00,17430.45,17437.0,17424.3,17433.72,522.98514
2023-01-10 23:45:00,17433.72,17435.93,17425.19,17428.66,440.65358
2023-01-10 23:50:00,17428.66,17437.0,17428.5,17436.38,388.07472
2023-01-10 23:55:00,17436.38,17444.97,17435.36,17440.66,631.66148
2023-01-11 00:00:00,17440.64,17442.82,17436.0,17439.49,608.99467
2023-01-11 00:05:00,17439.03,17442.39,17432.89,17434.65,478.79396
2023-01-11 00:10:00,17434.26,17438.55,17428.67,17437.01,526.97049
2023-01-11 00:15:00,17437.49,17456.36,17436.86,17446.72,796.0327
2023-01-11 00:20:00,17446.68,17453.46,17442.69,17443.48,401.4543
2023-01-11 00:25:00,17443.48,17444.01,17428.37,17433.92,651.88832
2023-01-11 00:30:00,17433.92,17443.04,17432.78,17441.36,426.54694
2023-01-11 00:35:00,17441.36,17447.13,17437.53,17441.07,370.13448
2023-01-11 00:40:00,17441.07,17465.0,17440.77,17460.85,588.26026
2023-01-11 00:45:00,17461.07,17492.78,17458.0,17479.81,1477.24182
2023-01-11 00:50:00,17479.81,17502.83,17461.64,17465.93,1614.76464
2023-01-11 00:55:00,17465.93,17471.4,17458.58,17466.02,585.29203
2023-01-11 01:00:00,17466.02,17483.99,17462.92,17482.23,645.13651
2023-01-11 01:05:00,17482.75,17510.0,17481.57,17485.87,1552.63356
2023-01-11 01:10:00,17485.43,17497.55,17476.0,17482.26,667.20019
2023-01-11 01:15:00,17482.86,17491.04,17465.05,17465.31,737.16457
2023-01-11 01:20:00,17465.82,17471.93,17455.3,17456.99,671.11698
2023-01-11 01:25:00,17457.33,17460.29,17439.66,17439.88,745.59726
2023-01-11 01:30:00,17439.88,17458.23,17436.03,17455.94,679.8161
2023-01-11 01:35:00,17455.93,17455.94,17446.0,17447.41,415.18661
2023-01-11 01:40:00,17447.41,17468.92,17441.82,17468.13,624.02065
2023-01-11 01:45:00,17467.71,17473.32,17451.06,17455.07,502.86291
2023-01-11 01:50:00,17454.67,17465.25,17453.76,17455.71,461.61186
2023-01-11 01:55:00,17456.16,17463.22,17454.83,17458.05,366.44288
2023-01-11 02:00:00,17458.49,17462.7,17448.17,17448.84,599.57781
2023-01-11 02:05:00,17448.84,17450.35,17430.92,17431.83,663.71762
2023-01-11 02:10:00,17432.23,17442.07,17430.51,17435.87,467.17687
2023-01-11 02:15:00,17436.32,17441.67,17423.75,17428.06,839.97909
2023-01-11 02:20:00,17428.65,17428.65,17413.03,17418.6,671.88199
2023-01-11 02:25:00,17418.3,17428.03,17416.38,17423.87,695.27074
2023-01-11 02:30:00,17423.85,17434.0,17419.59,17427.86,610.73042
2023-01-11 02:35:00,17427.55,17428.04,17417.59,17418.12,431.00745
2023-01-11 02:40:00,17418.12,17423.0,17412.71,17421.05,533.46736
2023-01-11 02:45:00,17421.05,17430.26,17419.77,17423.81,508.52906
2023-01-11 02:50:00,17423.98,17425.69,17413.59,17417.01,519.77469
2023-01-11 02:55:00,17417.01,17418.88,17383.08,17388.2,1407.47106
2023-01-11 03:00:00,17387.67,17409.4,17381.61,17400.29,957.62361
2023-01-11 03:05:00,17400.88,17403.95,17393.65,17398.22,472.20922
2023-01-11 03:10:00,17398.37,17403.75,17396.28,17400.53,369.97723
2023-01-11 03:15:00,17400.53,17403.75,17391.15,17391.17,542.64174
2023-01-11 03:20:00,17391.22,17395.48,17366.58,17385.76,1388.35423
2023-01-11 03:25:00,17385.76,17414.35,17385.28,17410.69,818.30383
2023-01-11 03:30:00,17410.49,17415.04,17405.11,17409.54,482.08222
2023-01-11 03:35:00,17409.22,17412.93,17405.47,17405.78,341.5791
2023-01-11 03:40:00,17406.2,17425.2,17405.78,17417.48,738.54707
2023-01-11 03:45:00,17417.47,17419.93,17410.82,17415.45,386.3742
2023-01-11 03:50:00,17415.45,17420.0,17413.67,17418.16,361.3788
2023-01-11 03:55:00,17418.45,17420.66,17413.26,17416.14,543.6647
2023-01-11 04:00:00,17416.49,17420.12,17409.0,17412.75,445.15482
2023-01-11 04:05:00,17413.04,17421.94,17408.58,17421.61,426.49675
2023-01-11 04:10:00,17421.61,17425.42,17419.64,17422.8,444.82823
2023-01-11 04:15:00,17422.8,17423.48,17414.55,17415.72,291.9094
2023-01-11 04:20:00,17415.72,17417.54,17406.7,17407.96,403.58319
2023-01-11 04:25:00,17407.61,17410.21,17404.45,17406.81,284.05907
2023-01-11 04:30:00,17406.45,17407.86,17399.8,17401.07,487.44201
2023-01-11 04:35:00,17401.07,17403.62,17391.0,17400.78,531.29061
2023-01-11 04:40:00,17401.11,17418.02,17399.11,17416.18,438.28883
2023-01-11 04:45:00,17416.53,17417.56,17404.29,17404.3,493.82443
2023-01-11 04:50:00,17404.75,17411.08,17401.94,17405.55,539.88616
2023-01-11 04:55:00,17405.55,17415.0,17404.78,17408.39,463.57065
2023-01-11 05:00:00,17407.98,17410.26,17397.27,17400.85,449.91862
2023-01-11 05:05:00,17400.85,17413.61,17398.3,17411.1,545.99202
2023-01-11 05:10:00,17411.38,17420.54,17409.92,17416.27,468.31981
2023-01-11 05:15:00,17415.87,17423.98,17415.01,17421.13,491.68443
2023-01-11 05:20:00,17421.13,17423.4,17413.51,17415.24,490.83048
2023-01-11 05:25:00,17415.01,17419.49,17413.12,17419.4,323.03755
2023-01-11 05:30:00,17419.05,17422.0,17415.82,17420.25,462.37476
2023-01-11 05:35:00,17420.59,17427.58,17416.53,17426.98,516.42541
2023-01-11 05:40:00,17427.32,17436.73,17422.46,17432.75,723.03571
2023-01-11 05:45:00,17432.76,17433.76,17427.34,17429.88,319.46742
2023-01-11 05:50:00,17429.88,17430.65,17422.03,17423.86,457.49904
2023-01-11 05:55:00,17423.86,17427.56,17400.28,17406.3,870.73446
2023-01-11 06:00:00,17406.16,17407.92,17388.0,17404.77,1367.90789
2023-01-11 06:05:00,17404.77,17414.28,17396.21,17413.53,663.97184
2023-01-11 06:10:00,17413.53,17424.69,17410.51,17420.08,853.29123
2023-01-11 06:15:00,17419.74,17425.66,17416.15,17422.89,504.34893
2023-01-11 06:20:00,17422.64,17428.03,17416.33,17426.0,562.315
2023-01-11 06:25:00,17426.0,17426.83,17419.24,17426.73,453.89173
2023-01-11 06:30:00,17426.73,17430.64,17420.81,17422.38,588.72931
2023-01-11 06:35:00,17422.38,17435.0,17422.1,17427.53,853.65354
2023-01-11 06:40:00,17427.53,17430.98,17422.63,17428.1,754.49392
2023-01-11 06:45:00,17428.1,17429.27,17417.05,17426.31,640.06426
2023-01-11 06:50:00,17425.94,17439.46,17425.22,17439.3,913.59567
2023-01-11 06:55:00,17438.9,17442.47,17430.18,17437.29,853.37085
2023-01-11 07:00:00,17436.89,17439.06,17426.07,17435.81,689.97329
2023-01-11 07:05:00,17436.12,17438.52,17429.81,17435.14,594.51435
2023-01-11 07:10:00,17435.59,17441.1,17434.19,17440.61,565.24421
2023-01-11 07:15:00,17440.24,17444.91,17436.13,17438.89,606.37587
2023-01-11 07:20:00,17438.95,17443.66,17438.29,17442.18,415.50039
2023-01-11 07:25:00,17442.59,17456.07,17439.23,17452.49,820.31067
2023-01-11 07:30:00,17452.1,17462.99,17435.0,17441.43,1485.12705
2023-01-11 07:35:00,17441.43,17454.2,17440.99,17442.28,646.6162
2023-01-11 07:40:00,17442.28,17451.12,17440.12,17449.55,1122.38003
2023-01-11 07:45:00,17449.57,17450.44,17435.52,17442.74,751.33646
2023-01-11 07:50:00,17442.74,17449.0,17441.48,17444.19,608.9282
2023-01-11 07:55:00,17444.19,17456.63,17441.22,17446.65,1041.29605
2023-01-11 08:00:00,17447.02,17450.0,17443.36,17445.33,700.20357
2023-01-11 08:05:00,17444.95,17448.0,17439.35,17440.07,675.53755
2023-01-11 08:10:00,17440.07,17451.38,17438.48,17441.45,893.94567
2023-01-11 08:15:00,17441.78,17442.01,17426.81,17430.32,715.93115
2023-01-11 08:20:00,17430.32,17431.66,17426.05,17427.38,575.20873
2023-01-11 08:25:00,17427.74,17431.66,17408.68,17425.97,1079.29533
2023-01-11 08:30:00,17425.44,17431.44,17423.7,17429.32,592.33168
2023-01-11 08:35:00,17429.32,17433.13,17425.81,17428.3,734.52637
2023-01-11 08:40:00,17428.73,17429.69,17413.74,17420.22,737.32029
2023-01-11 08:45:00,17420.56,17432.41,17419.98,17431.43,660.65821
2023-01-11 08:50:00,17431.41,17437.64,17430.79,17434.42,589.57575
2023-01-11 08:55:00,17434.42,17450.0,17431.43,17447.6,642.37514
2023-01-11 09:00:00,17447.95,17457.86,17444.7,17455.6,625.05893
2023-01-11 09:05:00,17455.48,17458.2,17449.45,17450.22,848.94844
2023-01-11 09:10:00,17450.01,17450.94,17442.16,17444.04,605.18892
2023-01-11 09:15:00,17444.04,17466.58,17442.95,17462.73,1043.54972
2023-01-11 09:20:00,17462.33,17472.15,17449.94,17463.4,1207.83616
2023-01-11 09:25:00,17463.4,17465.07,17448.29,17449.9,652.88448
2023-01-11 09:30:00,17450.45,17454.56,17448.31,17453.15,490.1792
2023-01-11 09:35:00,17453.15,17460.97,17450.0,17456.46,586.60933
2023-01-11 09:40:00,17456.08,17466.24,17455.47,17461.77,537.53072
2023-01-11 09:45:00,17462.16,17462.92,17450.72,17450.74,452.43181
2023-01-11 09:50:00,17451.18,17454.96,17447.11,17453.19,416.44312
2023-01-11 09:55:00,17453.19,17453.88,17439.7,17446.71,692.90136
2023-01-11 10:00:00,17446.86,17447.5,17442.76,17443.4,411.00993
2023-01-11 10:05:00,17443.03,17456.83,17442.58,17453.48,604.37158
2023-01-11 10:10:00,17453.48,17458.94,17449.69,17454.82,453.76467
2023-01-11 10:15:00,17454.44,17458.77,17448.14,17452.3,469.808
2023-01-11 10:20:00,17452.3,17452.63,17444.4,17445.3,469.51051
2023-01-11 10:25:00,17444.92,17452.07,17443.96,17445.46,418.85426
2023-01-11 10:30:00,17445.97,17453.6,17442.12,17452.18,477.04401
2023-01-11 10:35:00,17452.18,17459.0,17451.64,17453.24,540.58054
2023-01-11 10:40:00,17453.24,17453.96,17442.97,17446.09,471.55389
2023-01-11 10:45:00,17445.67,17446.88,17436.19,17443.82,739.55538
2023-01-11 10:50:00,17443.82,17448.48,17436.8,17441.61,528.01355
2023-01-11 10:55:00,17441.65,17442.87,17435.18,17441.24,588.60364
2023-01-11 11:00:00,17441.24,17442.57,17436.68,17437.97,452.91665
2023-01-11 11:05:00,17438.13,17439.33,17429.93,17434.73,569.45761
2023-01-11 11:10:00,17434.73,17441.33,17434.14,17438.82,541.38649
2023-01-11 11:15:00,17438.82,17441.28,17435.3,17438.4,369.88878
2023-01-11 11:20:00,17438.75,17438.83,17432.0,17434.01,541.07665
2023-01-11 11:25:00,17433.79,17442.87,17427.86,17442.38,610.71981
2023-01-11 11:30:00,17442.38,17454.51,17437.0,17453.43,763.57746
2023-01-11 11:35:00,17453.43,17454.05,17436.16,17437.04,509.58366
2023-01-11 11:40:00,17437.04,17440.98,17431.33,17437.34,713.39801
2023-01-11 11:45:00,17437.34,17437.55,17430.1,17431.39,548.42755
2023-01-11 11:50:00,17430.85,17442.1,17429.85,17438.33,959.96565
2023-01-11 11:55:00,17438.33,17439.0,17433.5,17437.75,476.83543
2023-01-11 12:00:00,17437.75,17437.75,17429.0,17430.15,734.91389
2023-01-11 12:05:00,17430.15,17431.94,17421.01,17425.72,856.14178
2023-01-11 12:10:00,17426.03,17429.33,17420.78,17422.64,525.03828
2023-01-11 12:15:00,17423.0,17423.4,17402.1,17408.43,1248.97307
2023-01-11 12:20:00,17407.88,17420.02,17402.0,17413.25,987.25565
2023-01-11 12:25:00,17413.25,17419.76,17408.8,17410.42,660.10735
2023-01-11 12:30:00,17409.94,17424.0,17406.16,17420.23,727.63319
2023-01-11 12:35:00,17419.71,17423.85,17411.4,17414.39,697.91065
2023-01-11 12:40:00,17414.79,17420.1,17410.01,17416.33,576.7157
2023-01-11 12:45:00,17416.33,17426.24,17413.0,17424.13,706.87509
2023-01-11 12:50:00,17424.13,17426.64,17415.74,17423.41,772.72979
2023-01-11 12:55:00,17423.42,17425.97,17416.1,17418.56,657.21287
2023-01-11 13:00:00,17418.56,17424.11,17417.51,17418.4,556.25454
2023-01-11 13:05:00,17418.05,17425.0,17417.68,17423.22,452.62683
2023-01-11 13:10:00,17423.64,17426.78,17420.09,17422.6,526.55477
2023-01-11 13:15:00,17422.6,17427.42,17421.24,17426.54,520.57773
2023-01-11 13:20:00,17426.54,17435.74,17422.72,17428.53,999.49333
2023-01-11 13:25:00,17428.53,17429.96,17422.9,17423.85,502.97726
2023-01-11 13:30:00,17423.88,17429.0,17416.0,17417.77,620.85797
2023-01-11 13:35:00,17417.77,17421.05,17395.72,17408.47,1425.36343
2023-01-11 13:40:00,17407.97,17412.73,17393.05,17407.31,1548.3533
2023-01-11 13:45:00,17407.31,17407.76,17383.48,17392.12,1040.05264
2023-01-11 13:50:00,17392.11,17414.8,17390.76,17413.47,877.11749
2023-01-11 13:55:00,17413.01,17417.17,17405.21,17413.43,707.01445
2023-01-11 14:00:00,17413.43,17413.86,17405.01,17408.19,622.99969
2023-01-11 14:05:00,17408.77,17409.05,17383.37,17397.61,1141.31302
2023-01-11 14:10:00,17397.61,17397.66,17376.0,17383.08,1111.00223
2023-01-11 14:15:00,17382.48,17396.0,17377.83,17385.69,1121.63546
2023-01-11 14:20:00,17385.65,17396.78,17377.01,17395.77,925.77808
2023-01-11 14:25:00,17395.76,17400.72,17385.39,17395.97,801.54365
2023-01-11 14:30:00,17395.66,17413.34,17377.0,17386.64,1926.22321
2023-01-11 14:35:00,17387.38,17414.69,17386.64,17411.16,1448.53496
2023-01-11 14:40:00,17411.74,17424.99,17400.0,17419.69,1251.15562
2023-01-11 14:45:00,17418.96,17435.87,17405.15,17430.35,1350.92413
2023-01-11 14:50:00,17430.26,17433.79,17412.56,17419.01,1078.7379
2023-01-11 14:55:00,17419.53,17423.86,17408.0,17413.97,805.21517
2023-01-11 15:00:00,17413.97,17428.83,17408.71,17423.16,1022.4791
2023-01-11 15:05:00,17423.65,17437.25,17422.5,17431.83,971.81417
2023-01-11 15:10:00,17431.83,17437.71,17418.65,17420.42,755.71543
2023-01-11 15:15:00,17419.96,17429.6,17415.35,17415.51,887.4894
2023-01-11 15:20:00,17415.51,17422.9,17412.87,17415.1,724.56475
2023-01-11 15:25:00,17415.1,17417.14,17394.83,17398.82,1116.57462
2023-01-11 15:30:00,17399.38,17401.81,17377.08,17378.92,1149.24567
2023-01-11 15:35:00,17378.91,17379.35,17335.5,17357.38,3866.10647
2023-01-11 15:40:00,17357.38,17366.7,17337.91,17354.06,1432.83534
2023-01-11 15:45:00,17354.06,17369.54,17344.59,17361.72,1231.37867
2023-01-11 15:50:00,17361.72,17363.91,17315.6,17336.93,2069.74799
2023-01-11 15:55:00,17336.93,17340.0,17317.85,17332.43,1320.61918
2023-01-11 16:00:00,17331.9,17346.38,17328.24,17337.46,1206.01698
2023-01-11 16:05:00,17337.73,17347.69,17320.42,17345.3,1149.36519
2023-01-11 16:10:00,17345.3,17356.14,17340.36,17351.78,827.74393
2023-01-11 16:15:00,17351.77,17354.0,17342.43,17352.77,684.53799
2023-01-11 16:20:00,17352.77,17358.69,17347.01,17349.09,853.3776
2023-01-11 16:25:00,17348.84,17364.99,17348.64,17363.55,808.10796
2023-01-11 16:30:00,17363.55,17367.02,17353.48,17355.13,616.38958
2023-01-11 16:35:00,17355.7,17367.35,17353.89,17362.64,686.54274
2023-01-11 16:40:00,17362.99,17368.37,17359.69,17363.72,563.7092
2023-01-11 16:45:00,17364.06,17366.5,17350.33,17351.23,771.03712
2023-01-11 16:50:00,17351.63,17362.86,17348.02,17360.8,598.0761
2023-01-11 16:55:00,17360.31,17363.39,17341.98,17347.62,634.16259
2023-01-11 17:00:00,17347.79,17366.6,17342.51,17362.17,783.09558
2023-01-11 17:05:00,17362.57,17368.0,17359.24,17363.7,432.10868
2023-01-11 17:10:00,17363.7,17369.72,17358.0,17364.92,784.42703
2023-01-11 17:15:00,17364.92,17386.39,17363.68,17375.57,804.63065
2023-01-11 17:20:00,17376.06,17392.97,17372.94,17386.84,855.40897
2023-01-11 17:25:00,17386.38,17389.61,17379.17,17385.6,578.53902
2023-01-11 17:30:00,17386.09,17387.71,17378.5,17383.61,602.45772
2023-01-11 17:35:00,17384.12,17392.23,17379.02,17390.11,519.15251
2023-01-11 17:40:00,17390.11,17393.5,17380.54,17386.17,550.39404
2023-01-11 17:45:00,17386.16,17389.19,17376.98,17385.92,555.03836
2023-01-11 17:50:00,17386.18,17392.65,17381.03,17382.63,548.59523
2023-01-11 17:55:00,17382.94,17387.48,17377.53,17382.08,424.32146
2023-01-11 18:00:00,17382.05,17410.29,17380.76,17405.68,1378.20475
2023-01-11 18:05:00,17405.68,17483.66,17404.87,17471.5,3456.10805
2023-01-11 18:10:00,17471.28,17571.7,17462.12,17516.83,5992.99731
2023-01-11 18:15:00,17516.83,17530.61,17467.61,17472.08,2705.02287
2023-01-11 18:20:00,17472.07,17493.69,17464.06,17482.17,1499.5038
2023-01-11 18:25:00,17482.97,17498.82,17468.55,17487.61,1084.42897
2023-01-11 18:30:00,17486.95,17509.88,17472.92,17476.06,1434.70101
2023-01-11 18:35:00,17476.06,17492.5,17458.0,17467.39,1559.6342
2023-01-11 18:40:00,17467.76,17479.73,17461.3,17479.18,978.93805
2023-01-11 18:45:00,17478.87,17496.71,17472.51,17474.95,1165.85196
2023-01-11 18:50:00,17474.95,17479.76,17460.37,17463.86,1015.88506
2023-01-11 18:55:00,17464.58,17488.48,17463.53,17487.09,835.66509
2023-01-11 19:00:00,17486.44,17502.09,17477.64,17483.69,1311.22606
2023-01-11 19:05:00,17483.19,17488.4,17468.57,17486.3,961.18699
2023-01-11 19:10:00,17486.89,17518.55,17484.93,17506.88,1507.0139
2023-01-11 19:15:00,17506.88,17540.52,17500.37,17510.3,1734.10272
2023-01-11 19:20:00,17510.3,17538.3,17509.05,17536.7,1410.86812
2023-01-11 19:25:00,17536.71,17545.1,17512.41,17513.07,1382.21472
2023-01-11 19:30:00,17513.68,17552.0,17513.07,17545.9,1631.26587
2023-01-11 19:35:00,17545.9,17557.76,17530.41,17537.57,1473.56829
2023-01-11 19:40:00,17537.57,17551.96,17527.5,17549.72,1053.47217
2023-01-11 19:45:00,17549.72,17556.1,17521.26,17529.82,1457.82896
2023-01-11 19:50:00,17530.44,17534.35,17520.49,17534.08,943.45668
2023-01-11 19:55:00,17534.08,17553.63,17527.17,17550.29,979.13315
2023-01-11 20:00:00,17549.62,17581.75,17530.26,17534.68,2760.36736
2023-01-11 20:05:00,17535.41,17540.0,17523.27,17526.0,1122.71731
2023-01-11 20:10:00,17526.04,17536.45,17522.36,17531.19,877.1864
2023-01-11 20:15:00,17530.92,17546.04,17527.43,17542.97,1143.06226
2023-01-11 20:20:00,17542.98,17553.4,17531.41,17534.18,1036.91575
2023-01-11 20:25:00,17534.79,17539.44,17531.51,17535.74,677.1618
2023-01-11 20:30:00,17535.2,17538.42,17523.88,17528.08,893.36475
2023-01-11 20:35:00,17528.08,17532.04,17515.4,17520.85,1020.69461
2023-01-11 20:40:00,17520.64,17535.63,17508.86,17530.27,862.15761
2023-01-11 20:45:00,17530.6,17535.32,17524.52,17534.56,709.98211
2023-01-11 20:50:00,17533.91,17549.68,17529.73,17542.16,1039.66136
2023-01-11 20:55:00,17542.93,17558.93,17538.2,17550.57,1022.01259
2023-01-11 21:00:00,17550.57,17571.38,17549.49,17552.95,1445.03036
2023-01-11 21:05:00,17552.95,17563.38,17537.37,17543.19,1000.80005
2023-01-11 21:10:00,17543.19,17548.64,17533.05,17538.92,648.28896
2023-01-11 21:15:00,17538.61,17544.9,17529.39,17537.04,636.43636
2023-01-11 21:20:00,17537.04,17549.44,17531.09,17547.89,693.95189
2023-01-11 21:25:00,17547.48,17554.82,17546.81,17549.55,541.81746
2023-01-11 21:30:00,17549.52,17558.5,17546.65,17551.28,686.61094
2023-01-11 21:35:00,17551.28,17553.12,17546.57,17548.38,537.00002
2023-01-11 21:40:00,17548.38,17553.0,17545.27,17551.4,583.44169
2023-01-11 21:45:00,17550.96,17568.07,17550.07,17567.16,635.92322
2023-01-11 21:50:00,17566.75,17567.78,17549.94,17553.77,563.69783
2023-01-11 21:55:00,17553.77,17565.0,17552.79,17558.6,729.05425
2023-01-11 22:00:00,17559.49,17597.0,17555.06,17557.83,2463.54226
2023-01-11 22:05:00,17558.54,17566.47,17527.12,17532.91,1714.09487
2023-01-11 22:10:00,17532.39,17534.94,17515.06,17529.66,1129.94993
2023-01-11 22:15:00,17529.66,17555.63,17514.06,17546.54,1125.97704
2023-01-11 22:20:00,17546.54,17548.62,17528.55,17537.76,688.41448
2023-01-11 22:25:00,17537.76,17556.65,17537.35,17551.5,607.57162
2023-01-11 22:30:00,17551.97,17564.64,17549.0,17550.76,818.18147
2023-01-11 22:35:00,17550.16,17578.08,17550.16,17568.39,835.76596
2023-01-11 22:40:00,17568.99,17586.72,17557.73,17570.93,850.2635
2023-01-11 22:45:00,17571.46,17586.85,17568.47,17586.29,584.85309
2023-01-11 22:50:00,17586.29,17591.66,17553.57,17561.79,885.10097
2023-01-11 22:55:00,17561.41,17586.9,17555.0,17556.41,843.52069
2023-01-11 23:00:00,17556.41,17578.17,17554.78,17566.73,1142.35189
2023-01-11 23:05:00,17566.73,17578.92,17559.34,17570.35,860.4014
2023-01-11 23:10:00,17570.35,17578.88,17550.87,17552.86,1123.82887
2023-01-11 23:15:00,17552.86,17573.2,17552.09,17566.9,1108.70218
2023-01-11 23:20:00,17566.9,17578.6,17563.14,17574.26,795.52904
2023-01-11 23:25:00,17574.32,17711.62,17572.57,17650.07,3804.86927
2023-01-11 23:30:00,17650.07,17999.0,17649.46,17989.79,6821.47704
2023-01-11 23:35:00,17989.79,18000.0,17886.31,17894.95,5601.22776
2023-01-11 23:40:00,17896.23,17935.54,17862.1,17903.4,3085.94046
2023-01-11 23:45:00,17902.18,17933.21,17874.12,17919.76,2920.59574
2023-01-11 23:50:00,17919.0,17951.74,17909.32,17938.62,2104.32983
2023-01-11 23:55:00,17938.62,17960.91,17928.06,17943.26,1926.12935
2023-01-12 00:00:00,17943.26,17961.0,17907.25,17928.62,2240.71621
2023-01-12 00:05:00,17927.84,17986.35,17908.53,17974.39,2759.93039
2023-01-12 00:10:00,17973.5,17984.46,17928.53,17950.35,1789.00899
2023-01-12 00:15:00,17950.35,17953.03,17914.23,17921.45,2054.08542
2023-01-12 00:20:00,17922.27,17945.63,17914.03,17928.88,1376.6662
2023-01-12 00:25:00,17928.42,17962.26,17922.45,17955.7,1412.12806
2023-01-12 00:30:00,17954.88,17974.13,17940.81,17949.38,1387.64745
2023-01-12 00:35:00,17949.57,17953.99,17927.37,17936.11,1342.57776
2023-01-12 00:40:00,17936.11,17952.72,17930.63,17935.31,1318.01224
2023-01-12 00:45:00,17934.54,17963.77,17928.51,17946.65,1928.75659
2023-01-12 00:50:00,17946.65,18105.0,17943.0,18055.6,4149.43977
2023-01-12 00:55:00,18055.6,18297.37,18019.23,18264.1,7996.56418
2023-01-12 01:00:00,18264.1,18275.4,18171.31,18206.93,5532.9807
2023-01-12 01:05:00,18206.93,18214.98,18152.48,18156.23,2699.91405
2023-01-12 01:10:00,18156.22,18174.5,18140.58,18151.7,2445.25775
2023-01-12 01:15:00,18151.69,18182.77,18148.6,18171.58,1588.42784
2023-01-12 01:20:00,18170.81,18205.0,18166.87,18184.41,1364.23314
2023-01-12 01:25:00,18184.41,18224.6,18178.7,18196.85,1352.62952
2023-01-12 01:30:00,18197.85,18199.9,18162.83,18166.14,1061.22238
2023-01-12 01:35:00,18167.19,18194.68,18157.82,18192.65,1564.6018
2023-01-12 01:40:00,18193.23,18193.8,18172.86,18186.51,1029.75958
2023-01-12 01:45:00,18186.51,18220.05,18183.29,18220.05,1449.89859
2023-01-12 01:50:00,18220.05,18254.0,18213.17,18243.59,1772.32307
2023-01-12 01:55:00,18242.75,18292.56,18221.36,18221.51,1878.55242
2023-01-12 02:00:00,18222.31,18267.19,18211.7,18233.99,1357.85802
2023-01-12 02:05:00,18234.62,18275.0,18227.92,18267.25,1569.03579
2023-01-12 02:10:00,18268.59,18282.63,18251.1,18260.64,1306.44471
2023-01-12 02:15:00,18260.64,18265.48,18245.44,18256.89,1034.47
2023-01-12 02:20:00,18257.72,18258.0,18242.5,18247.81,946.59865
2023-01-12 02:25:00,18247.16,18253.97,18230.0,18252.07,1133.31271
2023-01-12 02:30:00,18252.08,18255.14,18242.28,18245.68,711.70808
2023-01-12 02:35:00,18245.68,18250.99,18229.29,18242.38,912.06895
2023-01-12 02:40:00,18242.38,18283.49,18242.38,18264.71,1268.15142
2023-01-12 02:45:00,18264.71,18385.71,18248.3,18250.33,3584.16108
2023-01-12 02:50:00,18252.04,18273.84,18211.7,18226.33,2988.1511
2023-01-12 02:55:00,18225.93,18227.45,18179.49,18207.54,2156.43386
2023-01-12 03:00:00,18206.85,18221.33,18196.83,18212.2,1392.96335
2023-01-12 03:05:00,18212.9,18236.89,18211.89,18232.21,1228.87346
2023-01-12 03:10:00,18232.79,18240.17,18205.44,18217.07,1207.20666
2023-01-12 03:15:00,18217.88,18233.16,18205.85,18210.12,825.31379
2023-01-12 03:20:00,18210.59,18217.01,18201.35,18214.89,649.14745
2023-01-12 03:25:00,18214.16,18231.14,18212.15,18219.23,747.3768
2023-01-12 03:30:00,18219.23,18238.64,18211.46,18234.77,818.63241
2023-01-12 03:35:00,18234.46,18237.97,18224.15,18227.15,500.38507
2023-01-12 03:40:00,18227.15,18236.17,18219.09,18228.08,836.88006
2023-01-12 03:45:00,18228.75,18234.24,18221.77,18226.26,664.35512
2023-01-12 03:50:00,18226.74,18234.48,18223.0,18226.38,635.53691
2023-01-12 03:55:00,18225.85,18228.48,18220.45,18224.68,524.13316
2023-01-12 04:00:00,18224.68,18229.51,18212.47,18212.86,779.87323
2023-01-12 04:05:00,18212.87,18221.91,18208.86,18218.77,736.99563
2023-01-12 04:10:00,18218.77,18224.48,18215.8,18219.79,600.6969
2023-01-12 04:15:00,18219.79,18224.41,18211.0,18218.13,542.89719
2023-01-12 04:20:00,18218.13,18221.56,18209.27,18209.86,417.99165
2023-01-12 04:25:00,18209.86,18215.51,18197.46,18198.72,677.34239
2023-01-12 04:30:00,18198.72,18205.23,18197.73,18201.54,645.83452
2023-01-12 04:35:00,18201.54,18218.99,18201.38,18214.97,715.305
2023-01-12 04:40:00,18215.4,18224.0,18213.12,18222.69,645.24946
2023-01-12 04:45:00,18222.17,18232.5,18212.76,18215.86,767.66399
2023-01-12 04:50:00,18215.36,18230.0,18202.66,18223.4,904.12826
2023-01-12 04:55:00,18223.26,18226.34,18211.8,18215.66,517.77913
2023-01-12 05:00:00,18215.74,18222.48,18213.19,18220.34,380.93042
2023-01-12 05:05:00,18220.77,18228.58,18218.16,18219.9,727.63485
2023-01-12 05:10:00,18219.38,18231.0,18219.02,18229.5,594.20984
2023-01-12 05:15:00,18229.06,18241.43,18214.62,18216.07,840.60914
2023-01-12 05:20:00,18216.58,18219.64,18206.15,18209.88,702.21362
2023-01-12 05:25:00,18209.66,18213.27,18162.85,18166.43,1626.32768
2023-01-12 05:30:00,18165.98,18187.97,18160.5,18174.68,1225.19773
2023-01-12 05:35:00,18174.68,18177.92,18155.33,18156.93,760.9639
2023-01-12 05:40:00,18156.21,18172.8,18146.99,18148.48,1022.90647
2023-01-12 05:45:00,18147.84,18161.3,18075.19,18089.29,2384.43559
2023-01-12 05:50:00,18090.27,18122.17,18085.85,18107.41,1150.12144
2023-01-12 05:55:00,18107.41,18110.9,18080.15,18087.54,871.10235
2023-01-12 06:00:00,18087.54,18114.11,18085.3,18109.64,1079.09386
2023-01-12 06:05:00,18110.51,18132.35,18107.28,18131.58,1159.29975
2023-01-12 06:10:00,18131.58,18140.0,18119.46,18123.86,707.11727
2023-01-12 06:15:00,18124.25,18151.61,18122.03,18144.82,1040.02136
2023-01-12 06:20:00,18144.82,18146.37,18125.09,18131.28,602.87876
2023-01-12 06:25:00,18131.21,18143.18,18124.81,18128.75,609.09353
2023-01-12 06:30:00,18129.36,18139.16,18126.86,18128.07,476.71059
2023-01-12 06:35:00,18127.4,18129.61,18109.01,18110.0,791.12824
2023-01-12 06:40:00,18110.0,18134.0,18108.56,18129.14,577.08938
2023-01-12 06:45:00,18128.62,18164.19,18127.37,18155.88,989.01481
2023-01-12 06:50:00,18155.88,18159.3,18148.55,18151.92,588.80916
2023-01-12 06:55:00,18151.93,18152.42,18142.23,18147.77,521.20913
2023-01-12 07:00:00,18147.25,18156.03,18147.0,18148.32,496.37776
2023-01-12 07:05:00,18148.24,18153.99,18140.65,18150.17,443.36757
2023-01-12 07:10:00,18150.2,18176.13,18148.64,18173.14,825.32903
2023-01-12 07:15:00,18173.15,18177.97,18160.42,18165.12,625.6456
2023-01-12 07:20:00,18165.47,18170.34,18160.18,18168.27,373.36759
2023-01-12 07:25:00,18168.27,18171.84,18157.54,18158.31,555.79238
2023-01-12 07:30:00,18158.31,18167.29,18156.12,18158.85,737.2839
2023-01-12 07:35:00,18158.3,18160.0,18150.98,18151.73,482.64708
2023-01-12 07:40:00,18151.73,18157.02,18117.3,18120.23,888.92401
2023-01-12 07:45:00,18120.23,18135.98,18118.94,18127.88,535.3509
2023-01-12 07:50:00,18127.88,18135.47,18118.06,18127.07,658.84786
2023-01-12 07:55:00,18127.06,18150.07,18125.38,18138.22,1253.37349
2023-01-12 08:00:00,18138.21,18141.63,18117.13,18120.53,647.72963
2023-01-12 08:05:00,18120.53,18126.69,18086.82,18097.65,1134.57664
2023-01-12 08:10:00,18097.63,18112.62,18071.06,18100.91,1519.87942
2023-01-12 08:15:00,18100.04,18122.68,18096.18,18118.88,926.70161
2023-01-12 08:20:00,18118.88,18133.76,18110.5,18122.55,847.24296
2023-01-12 08:25:00,18121.8,18132.95,18118.04,18129.43,471.9675
2023-01-12 08:30:00,18129.42,18135.54,18116.5,18119.44,540.55484
2023-01-12 08:35:00,18119.21,18126.63,18112.98,18113.94,440.16174
2023-01-12 08:40:00,18113.94,18118.39,18100.1,18102.81,587.31145
2023-01-12 08:45:00,18103.42,18129.83,18100.86,18125.87,636.29056
2023-01-12 08:50:00,18125.87,18132.41,18120.79,18132.0,444.10399
2023-01-12 08:55:00,18131.99,18152.17,18128.6,18151.52,816.26642
2023-01-12 09:00:00,18151.52,18155.65,18133.24,18143.54,717.26153
2023-01-12 09:05:00,18143.54,18145.72,18132.81,18140.94,618.54253
2023-01-12 09:10:00,18140.65,18151.42,18130.62,18146.06,880.39311
2023-01-12 09:15:00,18146.06,18153.42,18131.05,18135.56,668.59719
2023-01-12 09:20:00,18134.93,18149.59,18134.0,18134.2,661.06927
2023-01-12 09:25:00,18134.78,18155.72,18129.31,18154.64,744.96315
2023-01-12 09:30:00,18154.64,18169.0,18146.06,18154.49,938.37089
2023-01-12 09:35:00,18155.02,18173.72,18153.52,18172.21,531.65601
2023-01-12 09:40:00,18172.84,18173.72,18158.12,18162.83,684.93221
2023-01-12 09:45:00,18162.83,18166.32,18155.01,18159.4,478.29541
2023-01-12 09:50:00,18159.4,18163.67,18148.0,18156.78,673.8086
2023-01-12 09:55:00,18156.78,18169.99,18155.45,18164.67,569.80224
2023-01-12 10:00:00,18164.13,18164.88,18143.84,18156.36,1001.96595
2023-01-12 10:05:00,18155.55,18162.49,18142.18,18157.23,740.2671
2023-01-12 10:10:00,18157.23,18159.1,18145.89,18148.52,492.76153
2023-01-12 10:15:00,18148.52,18162.48,18145.01,18156.8,680.4221
2023-01-12 10:20:00,18157.25,18218.0,18152.72,18201.73,1619.40447
2023-01-12 10:25:00,18201.73,18203.73,18172.52,18177.22,763.38847
2023-01-12 10:30:00,18177.22,18189.26,18169.01,18170.08,757.14053
2023-01-12 10:35:00,18169.54,18197.48,18168.0,18193.45,780.69669
2023-01-12 10:40:00,18192.91,18196.67,18188.0,18195.24,505.89194
2023-01-12 10:45:00,18195.24,18203.58,18185.23,18189.63,596.4533
2023-01-12 10:50:00,18189.12,18193.19,18180.93,18186.62,547.90827
2023-01-12 10:55:00,18187.28,18189.0,18175.11,18185.6,568.70975
2023-01-12 11:00:00,18185.6,18188.99,18180.0,18184.15,431.04058
2023-01-12 11:05:00,18184.63,18189.27,18163.57,18182.45,934.06101
2023-01-12 11:10:00,18181.74,18183.11,18167.15,18172.4,644.89288
2023-01-12 11:15:00,18172.4,18200.0,18171.01,18192.19,697.78667
2023-01-12 11:20:00,18192.19,18193.55,18175.94,18176.46,610.72992
2023-01-12 11:25:00,18176.46,18184.21,18172.54,18173.51,502.45575
2023-01-12 11:30:00,18173.01,18187.53,18170.4,18184.53,533.46083
2023-01-12 11:35:00,18184.53,18192.78,18180.41,18190.57,536.15491
2023-01-12 11:40:00,18190.25,18210.01,18187.21,18204.36,892.13741
2023-01-12 11:45:00,18204.22,18222.59,18190.01,18192.05,1050.28034
2023-01-12 11:50:00,18192.05,18202.69,18191.09,18193.68,464.31388
2023-01-12 11:55:00,18193.26,18210.08,18189.5,18200.8,721.33136
2023-01-12 12:00:00,18200.8,18203.55,18193.84,18197.09,646.75292
2023-01-12 12:05:00,18197.09,18212.0,18194.0,18210.8,741.11649
2023-01-12 12:10:00,18210.29,18222.72,18200.99,18220.54,760.28861
2023-01-12 12:15:00,18220.56,18221.05,18203.2,18206.48,723.5704
2023-01-12 12:20:00,18206.02,18206.83,18188.46,18200.17,1146.93464
2023-01-12 12:25:00,18200.17,18230.49,18197.55,18217.16,1203.14349
2023-01-12 12:30:00,18217.16,18279.86,18211.17,18212.61,2277.896
2023-01-12 12:35:00,18212.2,18214.44,18170.27,18210.81,2755.12411
2023-01-12 12:40:00,18210.81,18243.7,18203.5,18227.36,1151.39056
2023-01-12 12:45:00,18228.01,18253.26,18223.89,18248.19,1215.29847
2023-01-12 12:50:00,18249.06,18276.42,18237.98,18268.79,1208.21878
2023-01-12 12:55:00,18268.79,18275.6,18253.87,18268.94,1178.6685
2023-01-12 13:00:00,18269.59,18271.98,18235.07,18256.79,1141.3512
2023-01-12 13:05:00,18257.12,18296.62,18252.41,18282.08,1806.41312
2023-01-12 13:10:00,18281.56,18285.95,18253.9,18262.7,1140.20231
2023-01-12 13:15:00,18262.44,18265.63,18242.55,18252.75,1309.13443
2023-01-12 13:20:00,18252.2,18257.05,18194.96,18234.34,2199.53091
2023-01-12 13:25:00,18234.34,18337.03,18057.95,18140.6,4818.92448
2023-01-12 13:30:00,18058.11,18380.47,17892.05,18153.21,12920.8215
2023-01-12 13:35:00,18150.24,18266.66,18077.19,18100.78,8076.20535
2023-01-12 13:40:00,18101.78,18180.0,18056.82,18155.45,4985.39102
2023-01-12 13:45:00,18156.48,18244.56,18154.15,18218.56,4868.03035
2023-01-12 13:50:00,18218.34,18294.76,18181.22,18279.38,3707.21898
2023-01-12 13:55:00,18281.25,18317.77,18238.71,18284.91,4258.3896
2023-01-12 14:00:00,18284.91,18356.58,18261.76,18331.61,3651.53719
2023-01-12 14:05:00,18330.39,18346.0,18268.53,18271.08,2680.39003
2023-01-12 14:10:00,18271.08,18292.94,18234.4,18241.9,2802.90847
2023-01-12 14:15:00,18241.9,18264.18,18170.97,18196.87,3718.96818
2023-01-12 14:20:00,18197.62,18198.9,18115.0,18137.11,3299.24167
2023-01-12 14:25:00,18137.11,18182.03,18130.81,18151.76,2503.87138
2023-01-12 14:30:00,18153.01,18165.27,18070.01,18075.9,4068.29752
2023-01-12 14:35:00,18075.9,18118.55,18063.0,18097.33,2995.5908
2023-01-12 14:40:00,18096.29,18108.31,17959.11,17984.4,4857.36944
2023-01-12 14:45:00,17984.4,18050.0,17974.12,17981.05,3509.37829
2023-01-12 14:50:00,17981.05,18016.47,17925.09,17970.04,3210.38805
2023-01-12 14:55:00,17970.04,18012.87,17945.49,17998.56,2876.50172
2023-01-12 15:00:00,17997.63,18054.7,17988.01,18047.8,2512.57373
2023-01-12 15:05:00,18048.99,18062.78,18017.83,18046.67,2458.58298
2023-01-12 15:10:00,18045.91,18122.0,18045.4,18103.28,2975.03323
2023-01-12 15:15:00,18103.28,18142.8,18100.26,18118.23,2281.80077
2023-01-12 15:20:00,18117.74,18129.39,18073.36,18099.14,1527.09717
2023-01-12 15:25:00,18099.14,18114.1,18063.37,18080.95,1683.79643
2023-01-12 15:30:00,18080.04,18093.3,18040.81,18083.08,1996.33937
2023-01-12 15:35:00,18082.28,18131.34,18081.77,18126.08,1986.214
2023-01-12 15:40:00,18126.68,18131.25,18082.01,18091.07,1801.8342
2023-01-12 15:45:00,18091.13,18111.32,18075.31,18103.04,1634.47487
2023-01-12 15:50:00,18103.04,18118.25,18091.0,18104.47,1702.95804
2023-01-12 15:55:00,18104.28,18119.09,18086.42,18086.62,1731.29407
2023-01-12 16:00:00,18087.28,18088.46,18054.61,18072.83,1917.08826
2023-01-12 16:05:00,18072.8,18090.0,18061.11,18079.18,1568.9863
2023-01-12 16:10:00,18078.72,18101.05,18057.01,18100.31,1664.03806
2023-01-12 16:15:00,18100.64,18116.42,18085.03,18115.03,1020.85783
2023-01-12 16:20:00,18114.23,18144.0,18113.93,18129.54,1223.99789
2023-01-12 16:25:00,18129.54,18143.63,18106.42,18134.38,1339.52957
2023-01-12 16:30:00,18133.97,18139.38,18100.83,18116.59,1311.50352
2023-01-12 16:35:00,18116.59,18130.08,18110.73,18116.05,1147.63214
2023-01-12 16:40:00,18116.74,18128.2,18101.86,18118.0,956.17164
2023-01-12 16:45:00,18118.77,18121.81,18092.71,18100.29,1026.28775
2023-01-12 16:50:00,18100.29,18111.91,18093.47,18106.35,793.86412
2023-01-12 16:55:00,18105.88,18137.72,18105.75,18134.55,976.31641
2023-01-12 17:00:00,18134.55,18147.33,18115.83,18116.1,1100.21827
2023-01-12 17:05:00,18116.76,18146.12,18105.56,18132.16,1052.73402
2023-01-12 17:10:00,18132.8,18170.0,18132.08,18148.26,1298.30604
2023-01-12 17:15:00,18148.26,18196.65,18146.75,18191.18,1671.9681
2023-01-12 17:20:00,18190.37,18208.0,18175.8,18199.8,1205.15821
2023-01-12 17:25:00,18199.8,18271.47,18193.15,18250.91,2110.03188
2023-01-12 17:30:00,18251.32,18320.0,18243.0,18318.14,2337.02461
2023-01-12 17:35:00,18319.75,18872.0,18293.39,18858.21,9355.3215
2023-01-12 17:40:00,18851.18,18869.33,18644.16,18652.54,6002.93753
2023-01-12 17:45:00,18654.48,18793.01,18652.54,18700.37,4327.51655
2023-01-12 17:50:00,18700.37,18760.92,18670.14,18745.42,3125.05708
2023-01-12 17:55:00,18745.0,18848.48,18735.51,18837.06,3788.14725
2023-01-12 18:00:00,18837.06,18988.0,18775.49,18821.25,6618.616
2023-01-12 18:05:00,18821.25,18823.07,18772.23,18789.59,2440.1588
2023-01-12 18:10:00,18790.77,18846.64,18715.16,18817.34,3535.90208
2023-01-12 18:15:00,18817.35,18878.3,18791.47,18837.57,2555.97589
2023-01-12 18:20:00,18837.57,18879.96,18781.26,18819.6,2278.59308
2023-01-12 18:25:00,18819.87,18823.32,18636.75,18649.3,3231.2693
2023-01-12 18:30:00,18647.77,18713.1,18615.21,18679.52,3887.8422
2023-01-12 18:35:00,18679.77,18725.27,18669.42,18698.62,1801.38257
2023-01-12 18:40:00,18698.62,18801.0,18674.19,18758.55,2184.67198
2023-01-12 18:45:00,18758.55,18830.0,18746.62,18762.62,2314.95691
2023-01-12 18:50:00,18762.85,18829.99,18753.72,18815.7,1560.42144
2023-01-12 18:55:00,18815.7,18829.0,18787.64,18796.93,1544.15871
2023-01-12 19:00:00,18796.93,18845.24,18760.78,18775.16,2145.32835
2023-01-12 19:05:00,18775.16,18836.09,18760.34,18812.46,1349.58651
2023-01-12 19:10:00,18812.46,18870.74,18810.77,18839.84,1640.79389
2023-01-12 19:15:00,18840.92,18856.92,18833.84,18850.03,1147.82261
2023-01-12 19:20:00,18850.03,18904.53,18800.17,18873.96,2676.67003
2023-01-12 19:25:00,18873.96,18884.93,18853.26,18874.83,1335.08555
2023-01-12 19:30:00,18874.83,18877.28,18832.29,18850.59,1178.90646
2023-01-12 19:35:00,18850.59,18962.0,18847.57,18890.61,2050.77618
2023-01-12 19:40:00,18890.45,18946.3,18870.18,18919.14,1923.08283
2023-01-12 19:45:00,18919.8,19060.0,18858.68,18878.67,4501.94875
2023-01-12 19:50:00,18878.99,18928.46,18840.87,18867.01,2919.9178
2023-01-12 19:55:00,18865.87,18898.26,18850.01,18885.35,1739.89025
2023-01-12 20:00:00,18885.35,18895.48,18850.64,18872.1,1383.75379
2023-01-12 20:05:00,18872.1,18876.22,18840.57,18859.1,1546.29519
2023-01-12 20:10:00,18859.01,18866.01,18820.63,18843.34,1455.63752
2023-01-12 20:15:00,18844.17,18879.82,18836.04,18853.17,936.16726
2023-01-12 20:20:00,18854.21,18916.75,18853.17,18912.33,1502.4438
2023-01-12 20:25:00,18912.15,18953.88,18891.22,18945.17,1661.57597
2023-01-12 20:30:00,18945.81,18980.0,18917.9,18962.83,1529.3387
2023-01-12 20:35:00,18961.85,18967.32,18893.61,18938.58,1531.22166
2023-01-12 20:40:00,18939.86,18970.0,18931.72,18951.23,1435.98931
2023-01-12 20:45:00,18951.23,18952.88,18907.38,18922.03,1188.06979
2023-01-12 20:50:00,18922.03,19043.7,18922.02,19026.0,1923.87351
2023-01-12 20:55:00,19024.33,19087.0,18983.08,19048.95,3143.23967
2023-01-12 21:00:00,19048.95,19117.04,18983.0,18990.49,3042.14621
2023-01-12 21:05:00,18991.62,19000.47,18956.7,18972.93,1342.96474
2023-01-12 21:10:00,18973.65,18985.21,18797.13,18836.46,4543.19052
2023-01-12 21:15:00,18836.46,18851.39,18762.0,18768.47,3281.67167
2023-01-12 21:20:00,18768.47,18826.09,18764.0,18793.42,1704.1313
2023-01-12 21:25:00,18794.15,18833.88,18791.67,18808.05,1151.33001
2023-01-12 21:30:00,18808.05,18861.76,18766.86,18843.95,1775.16532
2023-01-12 21:35:00,18843.95,18857.68,18808.67,18848.0,1216.26144
2023-01-12 21:40:00,18848.0,18857.87,18837.16,18847.1,727.42587
2023-01-12 21:45:00,18847.72,18872.53,18845.28,18854.86,930.84978
2023-01-12 21:50:00,18853.71,18870.3,18841.74,18864.48,902.74972
2023-01-12 21:55:00,18864.18,18869.27,18814.43,18830.07,1037.43496
2023-01-12 22:00:00,18830.07,18865.81,18825.0,18864.96,999.77575
2023-01-12 22:05:00,18863.79,18868.58,18826.88,18842.76,652.31759
2023-01-12 22:10:00,18842.76,18843.73,18776.83,18825.98,1457.07157
2023-01-12 22:15:00,18825.58,18845.63,18818.14,18840.4,847.47557
2023-01-12 22:20:00,18840.4,18840.6,18803.85,18813.68,642.47195
2023-01-12 22:25:00,18812.89,18821.61,18810.0,18810.29,422.58637
2023-01-12 22:30:00,18810.29,18825.98,18785.65,18813.5,593.70853
2023-01-12 22:35:00,18813.05,18852.98,18811.1,18843.68,813.84991
2023-01-12 22:40:00,18843.68,18892.91,18839.76,18889.92,582.76743
2023-01-12 22:45:00,18889.12,18893.13,18852.89,18863.72,489.20869
2023-01-12 22:50:00,18863.72,18903.91,18855.94,18902.11,704.96919
2023-01-12 22:55:00,18903.23,18936.21,18884.61,18913.92,809.12809
2023-01-12 23:00:00,18913.38,18915.56,18862.99,18901.05,998.40557
2023-01-12 23:05:00,18901.44,18908.36,18887.36,18896.1,757.14628
2023-01-12 23:10:00,18895.56,18898.41,18872.28,18889.31,938.02473
2023-01-12 23:15:00,18889.62,18900.68,18870.85,18891.27,768.47454
2023-01-12 23:20:00,18890.74,18896.98,18879.28,18881.5,584.73214
2023-01-12 23:25:00,18881.5,18884.9,18848.76,18851.63,851.88046
2023-01-12 23:30:00,18852.77,18875.58,18849.88,18857.0,622.69551
2023-01-12 23:35:00,18856.16,18879.44,18850.14,18872.17,739.74497
2023-01-12 23:40:00,18872.47,18892.01,18860.53,18885.24,759.93169
2023-01-12 23:45:00,18884.59,18890.58,18869.53,18873.56,576.7159
2023-01-12 23:50:00,18872.78,18873.82,18845.08,18866.01,812.54386
2023-01-12 23:55:00,18866.01,18868.63,18844.55,18846.62,654.00662
2023-01-13 00:00:00,18846.62,18886.56,18843.25,18874.39,994.68753
2023-01-13 00:05:00,18874.39,18878.06,18817.38,18829.08,1245.48561
2023-01-13 00:10:00,18831.05,18841.49,18815.71,18832.22,1271.25708
2023-01-13 00:15:00,18832.22,18858.12,18828.68,18853.95,771.85927
2023-01-13 00:20:00,18854.68,18887.0,18848.43,18859.1,1052.70665
2023-01-13 00:25:00,18859.09,18867.32,18835.67,18844.64,619.30464
2023-01-13 00:30:00,18843.93,18847.88,18800.75,18802.76,1353.82728
2023-01-13 00:35:00,18802.76,18817.57,18774.0,18781.85,1408.77987
2023-01-13 00:40:00,18781.85,18793.37,18714.81,18715.14,2401.69469
2023-01-13 00:45:00,18716.15,18783.7,18714.12,18765.17,1526.97938
2023-01-13 00:50:00,18764.53,18790.87,18750.0,18758.49,898.22355
2023-01-13 00:55:00,18758.46,18793.25,18756.79,18771.61,1027.09186
2023-01-13 01:00:00,18771.61,18799.84,18765.92,18796.63,904.43107
2023-01-13 01:05:00,18796.63,18804.73,18781.0,18803.51,795.75935
2023-01-13 01:10:00,18803.51,18809.99,18790.22,18794.6,688.40366
2023-01-13 01:15:00,18795.0,18814.49,18783.93,18812.11,941.54108
2023-01-13 01:20:00,18813.08,18819.37,18795.17,18800.28,586.53387
2023-01-13 01:25:00,18800.28,18806.8,18777.01,18790.32,783.94792
2023-01-13 01:30:00,18790.32,18790.59,18751.09,18757.29,860.05483
2023-01-13 01:35:00,18757.81,18787.65,18744.58,18787.42,997.127
2023-01-13 01:40:00,18787.42,18803.31,18781.81,18787.77,687.72915
2023-01-13 01:45:00,18787.77,18797.52,18760.42,18760.66,652.31603
2023-01-13 01:50:00,18760.67,18779.35,18757.74,18775.85,577.5911
2023-01-13 01:55:00,18775.85,18813.04,18775.63,18811.48,975.56283
2023-01-13 02:00:00,18811.4,18820.55,18798.3,18811.63,711.12057
2023-01-13 02:05:00,18812.31,18835.46,18810.61,18819.4,1018.13103
2023-01-13 02:10:00,18819.4,18838.44,18815.59,18827.37,634.66107
2023-01-13 02:15:00,18827.37,18827.74,18802.37,18817.52,616.0168
2023-01-13 02:20:00,18817.52,18822.34,18799.34,18801.72,718.72052
2023-01-13 02:25:00,18802.28,18811.35,18786.1,18790.6,814.67802
2023-01-13 02:30:00,18790.19,18811.77,18789.13,18804.89,603.97277
2023-01-13 02:35:00,18804.52,18805.46,18788.79,18801.06,636.61849
2023-01-13 02:40:00,18800.56,18824.92,18799.62,18823.06,666.46388
2023-01-13 02:45:00,18823.06,18833.49,18817.0,18821.81,772.58396
2023-01-13 02:50:00,18822.17,18831.69,18814.72,18825.37,595.92216
2023-01-13 02:55:00,18825.37,18842.73,18818.7,18835.48,870.35473
2023-01-13 03:00:00,18835.48,18841.19,18828.81,18830.74,791.33757
2023-01-13 03:05:00,18830.74,18847.0,18823.81,18843.61,827.99358
2023-01-13 03:10:00,18843.61,18843.7,18832.81,18842.14,727.95309
2023-01-13 03:15:00,18842.75,18842.78,18828.15,18829.67,520.97097
2023-01-13 03:20:00,18829.67,18840.93,18823.54,18827.01,745.47032
2023-01-13 03:25:00,18827.01,18838.69,18825.66,18834.02,605.56071
2023-01-13 03:30:00,18834.02,18866.17,18833.35,18856.49,899.14019
2023-01-13 03:35:00,18857.13,18861.33,18841.78,18843.38,658.4531
2023-01-13 03:40:00,18843.37,18854.85,18842.85,18844.93,604.00997
2023-01-13 03:45:00,18844.63,18864.64,18838.08,18859.83,1209.99832
2023-01-13 03:50:00,18859.83,18864.31,18855.52,18857.98,503.22787
2023-01-13 03:55:00,18857.98,18883.55,18856.93,18876.37,952.04947
2023-01-13 04:00:00,18876.37,18883.79,18860.2,18863.67,912.41914
2023-01-13 04:05:00,18864.12,18880.51,18857.99,18874.3,659.2462
2023-01-13 04:10:00,18873.72,18875.0,18845.46,18848.13,886.32917
2023-01-13 04:15:00,18848.13,18870.46,18846.41,18862.94,911.22725
2023-01-13 04:20:00,18862.94,18867.38,18854.4,18865.91,653.14506
2023-01-13 04:25:00,18865.88,18870.0,18861.53,18865.37,388.03624
2023-01-13 04:30:00,18865.17,18870.18,18855.11,18858.44,725.91934
2023-01-13 04:35:00,18858.44,18866.08,18852.01,18857.87,629.14983
2023-01-13 04:40:00,18857.88,18858.54,18851.1,18856.5,476.347
2023-01-13 04:45:00,18856.02,18859.99,18846.01,18853.72,697.01582
2023-01-13 04:50:00,18854.33,18857.75,18852.0,18856.48,405.80136
2023-01-13 04:55:00,18855.83,18860.14,18818.31,18821.27,867.00865
2023-01-13 05:00:00,18821.27,18835.77,18800.88,18817.72,1310.60816
2023-01-13 05:05:00,18818.19,18827.1,18796.08,18797.21,748.44657
2023-01-13 05:10:00,18797.73,18820.66,18793.93,18816.89,638.57268
2023-01-13 05:15:00,18816.37,18835.4,18814.14,18831.09,570.33178
2023-01-13 05:20:00,18831.09,18834.85,18819.39,18824.61,517.27814
2023-01-13 05:25:00,18824.61,18828.01,18816.0,18820.78,387.83397
2023-01-13 05:30:00,18820.34,18825.8,18794.54,18801.22,663.82355
2023-01-13 05:35:00,18801.22,18816.49,18787.82,18804.34,932.93737
2023-01-13 05:40:00,18804.34,18819.44,18802.54,18814.69,642.1184
2023-01-13 05:45:00,18814.69,18822.69,18813.34,18814.89,450.55988
2023-01-13 05:50:00,18814.89,18816.45,18790.43,18796.11,741.24943
2023-01-13 05:55:00,18796.11,18801.56,18778.41,18787.71,823.34998
2023-01-13 06:00:00,18787.71,18815.32,18780.57,18810.18,831.43804
2023-01-13 06:05:00,18810.93,18813.99,18804.46,18810.89,553.11301
2023-01-13 06:10:00,18811.42,18812.77,18787.44,18799.18,642.4004
2023-01-13 06:15:00,18798.57,18821.71,18798.55,18815.91,638.94266
2023-01-13 06:20:00,18815.91,18836.58,18814.74,18825.38,897.04056
2023-01-13 06:25:00,18826.14,18828.88,18816.85,18825.08,369.20615
2023-01-13 06:30:00,18825.48,18837.8,18825.08,18835.57,386.72666
2023-01-13 06:35:00,18835.57,18837.77,18821.89,18833.87,598.57238
2023-01-13 06:40:00,18834.51,18847.36,18831.96,18842.66,791.41418
2023-01-13 06:45:00,18843.21,18843.91,18824.94,18825.89,587.81585
2023-01-13 06:50:00,18825.9,18849.99,18824.95,18847.73,621.91522
2023-01-13 06:55:00,18847.22,18864.21,18846.36,18852.68,603.92925
2023-01-13 07:00:00,18853.1,18857.87,18841.11,18843.31,445.17944
2023-01-13 07:05:00,18843.36,18850.48,18835.58,18846.87,697.18745
2023-01-13 07:10:00,18846.87,18847.64,18826.32,18831.56,787.1318
2023-01-13 07:15:00,18830.94,18834.45,18817.18,18820.46,733.61615
2023-01-13 07:20:00,18820.71,18822.62,18802.01,18816.12,979.7204
2023-01-13 07:25:00,18815.52,18816.72,18785.0,18789.7,974.56559
2023-01-13 07:30:00,18789.36,18812.36,18787.39,18808.89,941.17239
2023-01-13 07:35:00,18808.89,18810.33,18793.85,18795.38,791.62759
2023-01-13 07:40:00,18795.38,18816.49,18794.37,18810.51,767.31603
2023-01-13 07:45:00,18810.28,18820.62,18808.45,18813.94,686.83437
2023-01-13 07:50:00,18814.49,18834.98,18813.12,18826.84,974.08579
2023-01-13 07:55:00,18826.84,18829.22,18817.5,18824.25,697.63749
2023-01-13 08:00:00,18825.0,18831.24,18816.42,18830.78,700.96697
2023-01-13 08:05:00,18830.75,18831.42,18818.01,18822.07,671.72062
2023-01-13 08:10:00,18822.62,18831.49,18810.01,18821.37,626.75473
2023-01-13 08:15:00,18821.37,18836.9,18820.32,18830.54,755.38209
2023-01-13 08:20:00,18830.54,18849.0,18825.73,18846.0,785.46173
2023-01-16 21:05:00,21246.12,21268.1,21234.17,21248.73,694.1831
2023-01-16 21:10:00,21249.4,21256.91,21224.46,21238.26,454.8314
2023-01-16 21:15:00,21237.09,21246.72,21088.24,21182.87,2223.77547
2023-01-16 21:20:00,21182.87,21203.3,21130.85,21142.14,1084.27428
2023-01-16 21:25:00,21140.56,21166.7,21048.16,21117.19,1662.84873
2023-01-16 21:30:00,21117.19,21167.04,21091.67,21146.97,1142.53433
2023-01-16 21:35:00,21146.97,21168.0,21055.63,21118.94,1119.7664
2023-01-16 21:40:00,21118.94,21142.55,21108.78,21126.26,432.23805
2023-01-16 21:45:00,21126.26,21148.07,21110.0,21128.36,616.82152
2023-01-16 21:50:00,21130.47,21156.97,21125.24,21131.91,443.25715
2023-01-16 21:55:00,21131.91,21147.73,21121.47,21132.36,497.47858
2023-01-16 22:00:00,21133.34,21162.56,21127.04,21156.85,515.93891
2023-01-16 22:05:00,21158.4,21163.47,21144.28,21156.42,396.68638
2023-01-16 22:10:00,21156.16,21201.25,21154.17,21181.63,820.9907
2023-01-16 22:15:00,21180.25,21224.12,21170.0,21179.74,886.62842
2023-01-16 22:20:00,21179.74,21205.89,21164.1,21193.84,465.99174
2023-01-16 22:25:00,21193.84,21200.0,21177.03,21196.57,296.23215
2023-01-16 22:30:00,21198.21,21210.57,21180.03,21186.01,452.11956
2023-01-16 22:35:00,21187.37,21207.61,21142.06,21189.78,788.72033
2023-01-16 22:40:00,21189.78,21192.59,21155.55,21163.12,286.68574
2023-01-16 22:45:00,21163.12,21200.0,21163.08,21177.2,205.01982
2023-01-16 22:50:00,21177.2,21184.82,21164.71,21181.65,273.11217
2023-01-16 22:55:00,21182.79,21201.32,21177.96,21185.89,396.2038
2023-01-16 23:00:00,21185.89,21189.64,21122.72,21148.77,1022.72131
2023-01-16 23:05:00,21146.21,21170.08,21132.62,21134.27,535.86929
2023-01-16 23:10:00,21134.28,21153.4,21097.27,21139.83,795.40539
2023-01-16 23:15:00,21139.02,21192.59,21138.04,21189.19,446.77619
2023-01-16 23:20:00,21189.19,21198.0,21171.23,21188.73,390.12289
2023-01-16 23:25:00,21188.73,21227.0,21188.73,21211.51,562.42628
2023-01-16 23:30:00,21211.51,21218.26,21190.21,21199.1,439.73227
2023-01-16 23:35:00,21201.08,21209.45,21172.08,21195.13,433.96923
2023-01-16 23:40:00,21195.11,21198.26,21166.54,21179.07,386.49396
2023-01-16 23:45:00,21178.19,21189.48,21162.16,21166.43,380.98816
2023-01-16 23:50:00,21166.43,21181.9,21160.73,21164.1,342.45814
2023-01-16 23:55:00,21164.1,21189.7,21151.47,21185.65,420.34188
2023-01-17 00:00:00,21185.65,21191.99,21070.01,21120.94,2428.55386
2023-01-17 00:05:00,21120.94,21204.29,21116.13,21196.43,1195.80492
2023-01-17 00:10:00,21196.41,21299.04,21195.01,21270.78,2256.31412
2023-01-17 00:15:00,21269.06,21291.53,21237.03,21268.2,1135.02473
2023-01-17 00:20:00,21267.63,21277.78,21220.15,21223.15,1016.05277
2023-01-17 00:25:00,21223.15,21246.21,21208.23,21220.08,594.93201
2023-01-17 00:30:00,21220.08,21226.03,21100.0,21145.27,2227.5496
2023-01-17 00:35:00,21145.27,21203.3,21127.66,21183.53,1172.0371
2023-01-17 00:40:00,21183.54,21186.62,21122.8,21154.26,902.15669
2023-01-17 00:45:00,21154.26,21176.44,21068.65,21085.28,1499.8437
2023-01-17 00:50:00,21085.28,21121.29,21064.56,21113.72,1300.48053
2023-01-17 00:55:00,21112.66,21116.7,21076.11,21109.52,735.71499
2023-01-17 01:00:00,21108.16,21144.28,21085.03,21139.17,921.91432
2023-01-17 01:05:00,21139.17,21146.13,21104.78,21110.23,566.65594
2023-01-17 01:10:00,21111.16,21133.34,20841.31,20971.9,4158.98247
2023-01-17 01:15:00,20971.9,21033.5,20945.95,20976.23,2276.85155
2023-01-17 01:20:00,20976.23,21005.47,20936.16,20963.31,1445.1557
2023-01-17 01:25:00,20964.9,21003.16,20963.26,20993.69,836.72848
2023-01-17 01:30:00,20992.49,21025.12,20991.23,21021.93,749.00017
2023-01-17 01:35:00,21021.07,21030.67,20980.77,21030.67,801.56933
2023-01-17 01:40:00,21030.67,21050.86,21027.24,21035.14,720.41602
2023-01-17 01:45:00,21035.14,21052.82,21030.22,21043.83,426.30263
2023-01-17 01:50:00,21043.83,21051.21,21014.47,21020.69,507.50195
2023-01-17 01:55:00,21020.69,21051.65,21020.69,21041.3,519.14961
2023-01-17 02:00:00,21039.96,21064.56,21035.94,21052.98,664.7508
2023-01-17 02:05:00,21052.86,21054.99,21017.44,21042.64,549.00255
2023-01-17 02:10:00,21042.64,21052.22,21006.72,21019.87,500.2347
2023-01-17 02:15:00,21019.87,21024.8,20986.34,21020.6,730.95959
2023-01-17 02:20:00,21019.66,21057.0,21016.75,21043.35,615.99918
2023-01-17 02:25:00,21043.35,21060.62,21032.97,21038.85,475.54301
2023-01-17 02:30:00,21038.85,21059.13,21033.56,21043.86,454.1579
2023-01-17 02:35:00,21043.29,21064.63,21038.64,21057.28,386.29117
2023-01-17 02:40:00,21058.1,21063.1,21041.93,21043.75,430.93044
2023-01-17 02:45:00,21043.08,21094.69,21041.35,21084.67,871.26696
2023-01-17 02:50:00,21083.68,21095.72,21071.09,21084.36,431.47337
2023-01-17 02:55:00,21084.36,21110.86,21070.93,21102.13,670.99348
2023-01-17 03:00:00,21102.13,21113.9,21083.32,21093.02,628.69066
2023-01-17 03:05:00,21092.06,21099.55,21073.11,21076.51,422.65259
2023-01-17 03:10:00,21076.51,21081.27,21061.93,21068.02,416.05127
2023-01-17 03:15:00,21068.02,21088.0,21067.54,21086.59,367.99862
2023-01-17 03:20:00,21085.91,21130.76,21082.65,21100.05,622.38368
2023-01-17 03:25:00,21100.05,21117.62,21090.59,21092.0,472.90459
2023-01-17 03:30:00,21091.98,21106.01,21088.71,21104.37,342.13802
2023-01-17 03:35:00,21104.37,21120.95,21079.79,21119.27,527.26316
2023-01-17 03:40:00,21119.22,21135.0,21108.42,21134.07,507.81696
2023-01-17 03:45:00,21133.11,21173.4,21130.03,21133.0,1089.30969
2023-01-17 03:50:00,21133.0,21138.43,21115.48,21128.98,493.39047
2023-01-17 03:55:00,21128.02,21138.91,21118.55,21124.57,387.86779
2023-01-17 04:00:00,21124.57,21136.26,21118.0,21128.69,455.72108
2023-01-17 04:05:00,21128.69,21132.33,21108.56,21110.2,357.79553
2023-01-17 04:10:00,21110.68,21115.3,21102.02,21105.31,351.26342
2023-01-17 04:15:00,21106.44,21133.0,21103.97,21129.26,489.94121
2023-01-17 04:20:00,21129.51,21199.99,21129.06,21159.38,1517.22018
2023-01-17 04:25:00,21160.4,21230.0,21156.98,21209.55,1071.32901
2023-01-17 04:30:00,21211.59,21236.62,21178.55,21184.76,1235.30258
2023-01-17 04:35:00,21185.87,21200.89,21161.54,21176.25,536.54556
2023-01-17 04:40:00,21175.44,21181.1,21161.76,21171.34,536.06642
2023-01-17 04:45:00,21171.34,21173.4,21143.59,21159.58,550.65798
2023-01-17 04:50:00,21159.58,21167.52,21151.05,21158.42,335.04804
2023-01-17 04:55:00,21157.98,21181.94,21143.59,21159.29,634.87375
2023-01-17 05:00:00,21159.29,21176.94,21154.57,21174.83,566.94132
2023-01-17 05:05:00,21175.71,21178.29,21157.59,21161.42,549.65236
2023-01-17 05:10:00,21160.71,21185.0,21156.95,21170.53,557.60574
2023-01-17 05:15:00,21170.53,21185.87,21150.0,21152.73,581.26477
2023-01-17 05:20:00,21153.21,21160.0,21138.41,21154.63,491.5958
2023-01-17 05:25:00,21153.82,21163.01,21130.0,21137.8,645.55447
2023-01-17 05:30:00,21136.6,21154.37,21133.16,21143.15,434.17323
2023-01-17 05:35:00,21144.3,21163.72,21141.26,21152.34,453.3121
2023-01-17 05:40:00,21152.24,21168.47,21151.0,21160.94,384.00761
2023-01-17 05:45:00,21160.94,21167.18,21133.28,21146.8,410.02527
2023-01-17 05:50:00,21146.8,21154.87,21133.52,21139.96,309.19198
2023-01-17 05:55:00,21140.62,21156.4,21139.96,21151.21,364.06777
2023-01-17 06:00:00,21151.21,21156.28,21138.57,21139.64,398.49258
2023-01-17 06:05:00,21138.8,21145.09,21121.09,21133.87,543.38409
2023-01-17 06:10:00,21133.0,21136.16,21112.63,21117.42,537.08452
2023-01-17 06:15:00,21117.42,21146.42,21116.66,21141.74,378.82629
2023-01-17 06:20:00,21142.47,21144.65,21129.61,21130.23,361.76441
2023-01-17 06:25:00,21131.23,21138.23,21117.14,21122.92,307.48247
2023-01-17 06:30:00,21123.38,21152.32,21121.98,21141.64,447.7153
2023-01-17 06:35:00,21142.27,21154.03,21138.58,21138.58,331.72972
2023-01-17 06:40:00,21139.42,21149.59,21078.49,21090.33,874.13487
2023-01-17 06:45:00,21091.69,21115.88,21089.12,21113.13,515.66475
2023-01-17 06:50:00,21113.15,21121.99,21082.78,21086.67,532.39127
2023-01-17 06:55:00,21086.67,21093.35,21063.52,21075.27,634.2013
2023-01-17 07:00:00,21076.5,21097.64,21060.8,21095.2,631.2034
2023-01-17 07:05:00,21095.2,21126.0,21088.27,21113.89,649.56972
2023-01-17 07:10:00,21113.89,21127.06,21102.73,21116.76,442.82627
2023-01-17 07:15:00,21117.75,21174.0,21116.75,21166.41,918.80038
2023-01-17 07:20:00,21166.41,21177.14,21145.71,21148.38,754.94837
2023-01-17 07:25:00,21148.38,21150.24,21100.27,21100.27,654.93115
2023-01-17 07:30:00,21101.08,21118.62,21075.0,21077.82,878.82956
2023-01-17 07:35:00,21076.94,21087.62,21061.22,21074.62,621.40209
2023-01-17 07:40:00,21074.62,21098.24,21070.77,21076.03,547.60657
2023-01-17 07:45:00,21076.03,21097.98,21073.75,21091.63,522.30901
2023-01-17 07:50:00,21090.68,21138.86,21089.84,21124.2,748.0898
2023-01-17 07:55:00,21124.8,21144.89,21118.84,21133.65,667.95466
2023-01-17 08:00:00,21133.65,21157.04,21128.59,21138.01,704.63988
2023-01-17 08:05:00,21139.35,21143.72,21128.74,21132.0,641.49397
2023-01-17 08:10:00,21132.0,21168.99,21130.0,21166.58,657.96061
2023-01-17 08:15:00,21166.58,21212.51,21150.56,21169.11,1321.802
2023-01-17 08:20:00,21169.11,21189.0,21159.14,21163.59,668.17521
2023-01-17 08:25:00,21163.6,21208.13,21159.15,21204.11,634.59319
2023-01-17 08:30:00,21204.86,21208.0,21168.65,21180.63,617.26127
2023-01-17 08:35:00,21180.65,21193.46,21167.02,21182.05,589.82291
2023-01-17 08:40:00,21180.93,21191.63,21170.04,21180.4,464.79186
2023-01-17 08:45:00,21181.15,21214.18,21176.95,21199.54,547.96899
2023-01-17 08:50:00,21198.42,21201.05,21182.63,21185.83,558.60186
2023-01-17 08:55:00,21185.83,21207.66,21184.92,21200.95,563.82101
2023-01-17 09:00:00,21199.51,21228.31,21190.08,21215.0,1061.55413
2023-01-17 09:05:00,21215.0,21249.46,21201.7,21215.84,853.30211
2023-01-17 09:10:00,21214.97,21218.5,21174.77,21176.46,801.89399
2023-01-17 09:15:00,21176.46,21191.13,21160.0,21171.03,637.82727
2023-01-17 09:20:00,21170.13,21172.59,21145.0,21157.61,728.79217
2023-01-17 09:25:00,21158.71,21176.26,21150.57,21169.13,567.18172
2023-01-17 09:30:00,21167.16,21190.57,21162.01,21164.56,527.14183
2023-01-17 09:35:00,21165.17,21175.0,21148.49,21170.53,438.30939
2023-01-17 09:40:00,21170.4,21175.6,21150.0,21152.63,790.88288
2023-01-17 09:45:00,21153.61,21195.7,21147.75,21192.52,662.40907
2023-01-17 09:50:00,21192.52,21194.93,21166.02,21173.83,428.69841
2023-01-17 09:55:00,21172.91,21183.74,21158.41,21174.92,461.74835
2023-01-17 10:00:00,21173.9,21181.88,21153.35,21159.94,565.35147
2023-01-17 10:05:00,21159.94,21165.88,21133.15,21137.19,897.10613
2023-01-17 10:10:00,21138.41,21169.79,21126.01,21157.0,796.00025
2023-01-17 10:15:00,21157.0,21163.31,21136.91,21159.28,605.27546
2023-01-17 10:20:00,21159.64,21160.27,21126.86,21131.38,643.66914
2023-01-17 10:25:00,21130.5,21136.5,21096.37,21122.71,1338.23957
2023-01-17 10:30:00,21123.74,21134.6,21102.62,21119.07,721.44727
2023-01-17 10:35:00,21118.39,21119.83,21082.48,21105.82,791.92104
2023-01-17 10:40:00,21106.38,21126.2,21104.09,21113.55,551.61422
2023-01-17 10:45:00,21113.55,21129.6,21109.5,21127.6,397.23819
2023-01-17 10:50:00,21127.6,21153.01,21123.53,21151.99,555.9671
2023-01-17 10:55:00,21151.99,21153.01,21127.71,21129.69,455.80184
2023-01-17 11:00:00,21130.43,21141.71,21103.0,21141.08,849.49203
2023-01-17 11:05:00,21139.8,21157.53,21127.49,21147.94,735.86355
2023-01-17 11:10:00,21148.93,21158.8,21125.55,21145.63,581.60393
2023-01-17 11:15:00,21145.63,21160.51,21140.78,21157.14,524.6298
2023-01-17 11:20:00,21157.14,21176.23,21153.07,21175.88,685.37265
2023-01-17 11:25:00,21174.73,21189.91,21162.78,21184.97,717.72296
2023-01-17 11:30:00,21184.22,21189.96,21164.42,21172.27,584.35372
2023-01-17 11:35:00,21172.5,21184.34,21157.41,21171.61,687.28171
2023-01-17 11:40:00,21171.61,21197.99,21160.51,21186.19,696.94997
2023-01-17 11:45:00,21185.13,21198.0,21167.21,21180.34,574.09284
2023-01-17 11:50:00,21180.55,21204.85,21175.16,21203.46,647.16016
2023-01-17 11:55:00,21203.92,21236.74,21198.27,21219.75,1232.07764
2023-01-17 12:00:00,21219.21,21233.01,21190.27,21200.04,850.74092
2023-01-17 12:05:00,21200.82,21286.5,21199.85,21231.06,1579.66945
2023-01-17 12:10:00,21231.06,21265.0,21224.21,21262.79,858.16302
2023-01-17 12:15:00,21262.82,21290.0,21243.08,21273.5,1050.36385
2023-01-17 12:20:00,21273.51,21352.0,21264.9,21329.18,2515.87329
2023-01-17 12:25:00,21329.18,21332.81,21276.27,21292.97,1610.77637
2023-01-17 12:30:00,21291.51,21303.51,21241.7,21264.13,976.77792
2023-01-17 12:35:00,21264.95,21301.48,21255.66,21268.96,804.43626
2023-01-17 12:40:00,21268.96,21270.69,21247.27,21262.6,629.22524
2023-01-17 12:45:00,21262.6,21263.95,21223.08,21224.3,959.96981
2023-01-17 12:50:00,21225.21,21243.52,21205.16,21240.11,1027.58573
2023-01-17 12:55:00,21241.23,21272.72,21238.83,21252.23,726.44558
2023-01-17 13:00:00,21253.23,21271.18,21205.98,21226.71,987.87927
2023-01-17 13:05:00,21226.28,21239.12,21177.42,21204.91,1426.53955
2023-01-17 13:10:00,21203.4,21227.89,21188.12,21218.98,822.23745
2023-01-17 13:15:00,21218.98,21240.0,21212.07,21239.31,600.93958
2023-01-17 13:20:00,21238.46,21244.0,21227.45,21233.31,574.89115
2023-01-17 13:25:00,21234.07,21249.32,21216.39,21244.91,599.12657
2023-01-17 13:30:00,21244.91,21265.61,21211.5,21229.83,949.35148
2023-01-17 13:35:00,21229.83,21238.27,21213.59,21225.26,597.4687
2023-01-17 13:40:00,21225.26,21229.75,21211.0,21212.2,494.33774
2023-01-17 13:45:00,21212.2,21240.27,21208.15,21235.67,793.79525
2023-01-17 13:50:00,21235.67,21240.8,21227.0,21229.92,428.62945
2023-01-17 13:55:00,21230.52,21238.38,21220.0,21235.07,589.49205
2023-01-17 14:00:00,21235.07,21272.68,21229.74,21270.51,703.60834
2023-01-17 14:05:00,21271.7,21350.0,21255.16,21342.97,2595.719
2023-01-17 14:10:00,21342.97,21415.83,21308.8,21390.82,2761.87
2023-01-17 14:15:00,21389.29,21415.5,21334.48,21349.64,1867.74964
2023-01-17 14:20:00,21349.68,21647.45,21346.86,21509.83,4145.11192
2023-01-17 14:25:00,21509.83,21549.75,21263.86,21279.22,6865.08163
2023-01-17 14:30:00,21279.22,21323.92,21110.61,21186.21,6420.17145
2023-01-17 14:35:00,21187.78,21223.78,21060.52,21119.55,4757.44317
2023-01-17 14:40:00,21119.55,21176.2,21056.0,21150.85,3652.43819
2023-01-17 14:45:00,21150.85,21229.6,21112.0,21189.57,2418.73822
2023-01-17 14:50:00,21188.45,21237.0,21136.81,21235.17,1844.26885
2023-01-17 14:55:00,21236.44,21317.14,21224.34,21281.66,2824.69631
2023-01-17 15:00:00,21281.66,21389.48,21281.66,21345.09,3042.34931
2023-01-17 15:05:00,21348.09,21361.06,21296.0,21312.96,2127.94698
2023-01-17 15:10:00,21314.26,21327.91,21245.96,21260.14,1749.02327
2023-01-17 15:15:00,21262.53,21355.92,21256.09,21333.25,1571.45396
2023-01-17 15:20:00,21332.6,21356.58,21298.05,21301.06,1243.19389
2023-01-17 15:25:00,21302.56,21320.56,21265.24,21270.51,1010.27343
2023-01-17 15:30:00,21270.51,21280.86,21205.56,21237.88,1625.64755
2023-01-17 15:35:00,21237.88,21243.26,21160.0,21184.54,1720.75388
2023-01-17 15:40:00,21183.61,21200.0,21030.0,21123.84,4375.06919
2023-01-17 15:45:00,21123.84,21159.17,21059.3,21150.58,2443.13949
2023-01-17 15:50:00,21150.58,21158.07,21110.0,21155.78,1420.47597
2023-01-17 15:55:00,21155.77,21193.64,21118.53,21176.06,1463.5725
2023-01-17 16:00:00,21176.06,21207.09,21134.2,21205.21,1308.30636
2023-01-17 16:05:00,21205.21,21206.23,21108.0,21147.9,1291.92691
2023-01-17 16:10:00,21148.08,21148.94,21084.0,21109.29,1750.60266
2023-01-17 16:15:00,21109.29,21143.04,21095.25,21118.94,1175.09493
2023-01-17 16:20:00,21117.97,21147.74,21102.58,21119.92,1026.84264
2023-01-17 16:25:00,21119.92,21167.92,21107.2,21159.24,1210.64381
2023-01-17 16:30:00,21160.0,21190.91,21153.98,21159.25,1001.55503
2023-01-17 16:35:00,21159.25,21182.78,21138.92,21176.9,908.47701
2023-01-17 16:40:00,21175.21,21250.0,21170.0,21210.95,1437.04201
2023-01-17 16:45:00,21210.95,21240.51,21204.55,21212.96,1274.04672
2023-01-17 16:50:00,21212.96,21220.64,21176.88,21183.63,889.72243
2023-01-17 16:55:00,21182.87,21184.95,21154.16,21162.92,1064.71356
2023-01-17 17:00:00,21161.92,21202.65,21158.03,21202.28,938.98521
2023-01-17 17:05:00,21201.39,21203.99,21155.92,21163.57,705.88121
2023-01-17 17:10:00,21163.57,21173.18,21139.41,21154.59,773.6615
2023-01-17 17:15:00,21154.59,21163.17,21108.66,21134.3,1235.43231
2023-01-17 17:20:00,21134.8,21141.34,21086.0,21107.88,1149.48195
2023-01-17 17:25:00,21108.94,21140.0,21088.28,21127.77,833.24581
2023-01-17 17:30:00,21128.65,21160.87,21119.57,21151.65,794.27074
2023-01-17 17:35:00,21150.27,21187.55,21146.0,21174.4,723.5166
2023-01-17 17:40:00,21173.35,21193.09,21165.58,21172.36,548.94599
2023-01-17 17:45:00,21172.36,21206.11,21171.49,21196.41,770.31804
2023-01-17 17:50:00,21196.41,21208.94,21179.53,21201.07,614.86737
2023-01-17 17:55:00,21201.07,21246.15,21184.05,21220.78,992.68008
2023-01-17 18:00:00,21222.39,21252.88,21189.94,21221.6,1099.17076
2023-01-17 18:05:00,21221.6,21228.0,21194.18,21211.08,523.41332
2023-01-17 18:10:00,21211.08,21215.56,21184.95,21199.08,515.98059
2023-01-17 18:15:00,21199.08,21292.97,21196.28,21276.57,1232.25579
2023-01-17 18:20:00,21277.78,21278.0,21225.0,21240.79,853.65301
2023-01-17 18:25:00,21242.4,21277.15,21238.6,21269.64,727.48585
2023-01-17 18:30:00,21268.78,21336.77,21265.24,21298.0,1426.36982
2023-01-17 18:35:00,21298.0,21338.71,21292.89,21327.44,1107.44304
2023-01-17 18:40:00,21326.11,21369.14,21318.21,21324.58,1540.34638
2023-01-17 18:45:00,21324.58,21370.0,21289.68,21364.85,1301.88636
2023-01-17 18:50:00,21363.64,21412.0,21347.24,21369.98,1455.85094
2023-01-17 18:55:00,21368.88,21373.9,21322.53,21362.89,1171.49181
2023-01-17 19:00:00,21362.89,21374.99,21318.06,21322.39,1076.7847
2023-01-17 19:05:00,21322.39,21359.01,21315.0,21320.25,822.7251
2023-01-17 19:10:00,21320.25,21351.38,21308.77,21325.5,824.31002
2023-01-17 19:15:00,21325.5,21329.99,21283.27,21289.42,1423.90018
2023-01-17 19:20:00,21289.42,21307.62,21285.74,21306.27,813.66055
2023-01-17 19:25:00,21306.94,21348.0,21306.27,21338.93,870.63027
2023-01-17 19:30:00,21338.4,21383.14,21336.62,21358.16,1419.61258
2023-01-17 19:35:00,21357.58,21375.7,21345.0,21346.3,827.65435
2023-01-17 19:40:00,21347.92,21372.0,21318.57,21359.22,1092.87354
2023-01-17 19:45:00,21359.22,21361.91,21336.88,21355.93,683.1777
2023-01-17 19:50:00,21355.93,21363.64,21332.18,21344.38,717.29926
2023-01-17 19:55:00,21344.38,21346.24,21318.31,21336.46,710.29461
2023-01-17 20:00:00,21336.46,21363.5,21324.58,21361.2,760.56244
2023-01-17 20:05:00,21361.2,21369.0,21350.05,21365.39,563.22025
2023-01-17 20:10:00,21364.6,21398.48,21356.16,21381.23,1099.26535
2023-01-17 20:15:00,21381.23,21384.5,21346.51,21352.97,633.27229
2023-01-17 20:20:00,21353.83,21378.25,21321.46,21375.94,916.72757
2023-01-17 20:25:00,21375.94,21393.0,21361.8,21370.78,747.10902
2023-01-17 20:30:00,21370.78,21378.68,21326.52,21352.26,854.31187
2023-01-17 20:35:00,21351.32,21359.15,21330.89,21338.71,639.91305
2023-01-17 20:40:00,21338.71,21343.76,21313.27,21325.2,654.27269
2023-01-17 20:45:00,21325.19,21329.99,21284.18,21308.19,1053.85648
2023-01-17 20:50:00,21308.56,21317.25,21263.22,21285.39,1029.76106
2023-01-17 20:55:00,21286.68,21391.84,21264.28,21390.44,1389.63356
2023-01-17 21:00:00,21391.82,21413.15,21336.22,21343.89,1379.92143
2023-01-17 21:05:00,21343.89,21344.93,21310.01,21315.89,857.64465
2023-01-17 21:10:00,21314.82,21326.99,21294.61,21307.26,707.11166
2023-01-17 21:15:00,21308.72,21337.78,21288.88,21320.94,748.5677
2023-01-17 21:20:00,21320.01,21344.48,21313.65,21332.56,619.37052
2023-01-17 21:25:00,21332.56,21338.21,21320.35,21329.98,540.43427
2023-01-17 21:30:00,21329.98,21330.83,21295.42,21314.49,702.04282
2023-01-17 21:35:00,21313.81,21324.13,21292.16,21308.0,511.00799
2023-01-17 21:40:00,21308.0,21308.15,21278.01,21287.2,601.19273
2023-01-17 21:45:00,21287.2,21332.25,21274.56,21325.91,860.13238
2023-01-17 21:50:00,21325.56,21328.97,21310.0,21323.81,509.39306
2023-01-17 21:55:00,21323.81,21337.0,21310.12,21312.63,623.25631
2023-01-17 22:00:00,21312.63,21323.09,21290.5,21320.86,538.30328
2023-01-17 22:05:00,21320.25,21339.99,21317.28,21319.22,652.00879
2023-01-17 22:10:00,21319.22,21319.96,21297.0,21301.15,442.38032
2023-01-17 22:15:00,21301.15,21310.61,21292.0,21294.77,361.43024
2023-01-17 22:20:00,21294.77,21328.61,21290.51,21309.58,530.72453
2023-01-17 22:25:00,21308.4,21314.85,21300.17,21307.15,330.25056
2023-01-17 22:30:00,21307.15,21319.11,21278.5,21282.83,385.26789
2023-01-17 22:35:00,21283.85,21296.18,21233.73,21280.65,1051.87497
2023-01-17 22:40:00,21279.17,21295.0,21250.96,21262.06,493.2177
2023-01-17 22:45:00,21262.06,21269.2,21228.0,21255.98,368.41106
2023-01-17 22:50:00,21257.02,21267.31,21206.63,21231.0,401.28667
2023-01-17 22:55:00,21229.92,21257.46,21215.0,21232.38,525.22844
2023-01-17 23:00:00,21232.38,21246.2,21203.34,21221.8,1293.44493
2023-01-17 23:05:00,21219.92,21270.34,21210.62,21264.97,783.67282
2023-01-17 23:10:00,21264.96,21275.0,21248.19,21263.24,573.41435
2023-01-17 23:15:00,21263.23,21265.93,21226.53,21242.48,524.71395
2023-01-17 23:20:00,21243.56,21249.25,21200.0,21204.1,767.6174
2023-01-17 23:25:00,21203.43,21229.91,21202.46,21215.81,613.64917
2023-01-17 23:30:00,21216.9,21231.5,21182.77,21201.22,677.78063
2023-01-17 23:35:00,21201.22,21201.36,21140.0,21184.93,1345.22436
2023-01-17 23:40:00,21183.35,21188.48,21130.01,21164.63,1183.92835
2023-01-17 23:45:00,21164.63,21178.0,21124.6,21170.41,961.24652
2023-01-17 23:50:00,21170.41,21182.86,21146.54,21151.82,846.51267
2023-01-17 23:55:00,21151.82,21160.93,21121.71,21134.81,1048.95982
2023-01-18 00:00:00,21132.29,21174.69,21120.7,21166.85,1237.09356
2023-01-18 00:05:00,21166.85,21185.96,21157.18,21166.25,828.00202
2023-01-18 00:10:00,21166.25,21166.54,21105.79,21117.21,899.86422
2023-01-18 00:15:00,21117.21,21168.9,21103.15,21154.01,962.83729
2023-01-18 00:20:00,21155.11,21179.33,21145.79,21156.47,556.96736
2023-01-18 00:25:00,21155.2,21174.13,21143.75,21160.57,557.00208
2023-01-18 00:30:00,21160.57,21224.11,21158.0,21202.07,1047.44178
2023-01-18 00:35:00,21201.18,21242.55,21192.81,21221.29,1016.54863
2023-01-18 00:40:00,21222.34,21235.72,21211.61,21226.09,663.53489
2023-01-18 00:45:00,21224.67,21227.71,21194.84,21219.99,604.56901
2023-01-18 00:50:00,21219.99,21232.95,21194.35,21205.68,542.03291
2023-01-18 00:55:00,21204.72,21219.13,21197.48,21202.97,441.85968
2023-01-18 01:00:00,21202.42,21240.0,21200.6,21233.32,766.5937
2023-01-18 01:05:00,21233.32,21258.5,21225.6,21251.2,747.4802
2023-01-18 01:10:00,21251.2,21264.98,21238.02,21251.71,832.43023
2023-01-18 01:15:00,21250.53,21256.56,21209.17,21209.45,614.15083
2023-01-18 01:20:00,21209.45,21240.59,21199.22,21201.97,627.76603
2023-01-18 01:25:00,21201.97,21203.54,21175.0,21187.69,786.43226
2023-01-18 01:30:00,21187.7,21204.72,21182.58,21196.72,408.84396
2023-01-18 01:35:00,21196.29,21224.76,21193.21,21218.82,657.51118
2023-01-18 01:40:00,21218.82,21232.94,21206.89,21224.51,610.71506
2023-01-18 01:45:00,21224.51,21226.7,21196.88,21199.48,625.58149
2023-01-18 01:50:00,21200.03,21217.06,21191.88,21215.49,565.27705
2023-01-18 01:55:00,21215.49,21246.87,21207.48,21243.96,842.8962
2023-01-18 02:00:00,21243.96,21251.96,21224.26,21232.23,699.06092
2023-01-18 02:05:00,21232.23,21236.0,21203.6,21207.72,557.16684
2023-01-18 02:10:00,21207.72,21224.04,21202.5,21216.14,417.22941
2023-01-18 02:15:00,21216.13,21239.18,21203.17,21239.18,658.47603
2023-01-18 02:20:00,21238.84,21244.67,21216.92,21223.21,666.0198
2023-01-18 02:25:00,21223.73,21240.26,21203.08,21204.25,537.69851
2023-01-18 02:30:00,21204.25,21213.85,21180.01,21186.08,667.27074
2023-01-18 02:35:00,21185.21,21198.89,21155.31,21163.02,886.17335
2023-01-18 02:40:00,21163.01,21349.06,21152.0,21295.13,3378.72588
2023-01-18 02:45:00,21295.11,21352.46,21282.73,21304.6,2147.33552
2023-01-18 02:50:00,21303.41,21328.68,21261.51,21282.94,1243.51148
2023-01-18 02:55:00,21284.14,21311.39,21272.73,21292.56,955.82667
2023-01-18 03:00:00,21293.76,21300.0,21260.58,21284.37,878.48937
2023-01-18 03:05:00,21285.11,21329.05,21274.98,21321.67,838.12135
2023-01-18 03:10:00,21321.66,21368.0,21308.57,21347.94,1205.27154
2023-01-18 03:15:00,21346.53,21377.44,21334.63,21359.84,1221.66739
2023-01-18 03:20:00,21358.2,21360.0,21317.13,21322.97,621.92545
2023-01-18 03:25:00,21322.26,21337.73,21313.37,21329.31,799.36437
2023-01-18 03:30:00,21329.31,21331.64,21291.91,21302.41,723.38912
2023-01-18 03:35:00,21302.41,21318.33,21289.55,21295.9,779.41527
2023-01-18 03:40:00,21296.89,21301.97,21270.4,21291.22,941.09227
2023-01-18 03:45:00,21291.22,21325.68,21287.59,21311.07,716.82421
2023-01-18 03:50:00,21310.24,21314.72,21289.54,21289.91,466.49899
2023-01-18 03:55:00,21291.45,21295.72,21255.69,21258.54,851.21337
2023-01-18 04:00:00,21257.0,21272.91,21238.83,21252.26,839.41334
2023-01-18 04:05:00,21252.26,21257.45,21228.54,21246.33,660.49276
2023-01-18 04:10:00,21246.33,21276.85,21245.05,21274.21,680.06277
2023-01-18 04:15:00,21274.21,21278.2,21251.93,21277.18,568.54928
2023-01-18 04:20:00,21278.17,21288.68,21266.67,21280.02,484.01863
2023-01-18 04:25:00,21280.02,21295.73,21279.27,21294.75,434.57071
2023-01-18 04:30:00,21294.75,21301.23,21278.24,21290.98,469.00487
2023-01-18 04:35:00,21290.98,21292.36,21270.01,21277.2,465.40275
2023-01-18 04:40:00,21277.88,21280.61,21263.4,21276.35,612.27618
2023-01-18 04:45:00,21276.35,21286.89,21254.28,21286.21,454.00577
2023-01-18 04:50:00,21286.15,21290.0,21264.97,21267.75,460.12271
2023-01-18 04:55:00,21268.18,21283.79,21266.23,21279.61,429.01009
2023-01-18 05:00:00,21279.61,21285.32,21262.51,21263.44,418.20231
2023-01-18 05:05:00,21264.26,21280.76,21254.27,21279.64,677.07575
2023-01-18 05:10:00,21279.26,21299.23,21277.44,21298.65,488.92005
2023-01-18 05:15:00,21298.64,21311.3,21291.53,21296.47,578.95917
2023-01-18 05:20:00,21296.47,21311.05,21296.11,21302.35,457.71326
2023-01-18 05:25:00,21302.78,21320.0,21288.91,21290.36,616.53132
2023-01-18 05:30:00,21290.37,21299.92,21270.0,21273.9,611.23117
2023-01-18 05:35:00,21274.93,21295.62,21272.0,21290.93,510.46373
2023-01-18 05:40:00,21290.93,21293.69,21267.08,21281.18,580.9014
2023-01-18 05:45:00,21280.55,21293.42,21268.98,21288.02,507.34798
2023-01-18 05:50:00,21289.14,21318.0,21277.88,21312.5,649.21389
2023-01-18 05:55:00,21312.5,21314.56,21300.09,21311.33,478.01321
2023-01-18 06:00:00,21311.32,21316.24,21295.22,21301.84,497.46765
2023-01-18 06:05:00,21300.83,21301.84,21276.73,21288.63,471.53037
2023-01-18 06:10:00,21289.05,21298.0,21269.79,21276.41,713.16279
2023-01-18 06:15:00,21276.41,21286.0,21265.03,21267.86,478.99809
2023-01-18 06:20:00,21267.86,21277.5,21258.54,21266.94,557.33819
2023-01-18 06:25:00,21266.24,21281.57,21264.06,21280.91,452.08347
2023-01-18 06:30:00,21280.23,21283.39,21262.02,21264.22,483.31203
2023-01-18 06:35:00,21264.78,21295.77,21262.18,21288.1,443.04901
2023-01-18 06:40:00,21287.28,21302.45,21279.71,21289.22,515.3901
2023-01-18 06:45:00,21288.62,21289.22,21256.22,21263.6,554.94477
2023-01-18 06:50:00,21263.6,21267.93,21244.88,21256.37,671.19092
2023-01-18 06:55:00,21255.43,21266.0,21247.27,21261.76,550.09595
2023-01-18 07:00:00,21261.03,21266.38,21247.39,21253.75,723.37246
2023-01-18 07:05:00,21253.87,21266.53,21246.43,21260.44,686.17123
2023-01-18 07:10:00,21260.44,21276.95,21259.56,21273.51,482.02741
2023-01-18 07:15:00,21273.66,21291.0,21271.11,21280.76,696.36703
2023-01-18 07:20:00,21280.76,21288.26,21269.42,21269.53,441.98142
2023-01-18 07:25:00,21270.37,21288.99,21262.15,21267.26,506.49684
2023-01-18 07:30:00,21266.25,21276.65,21261.64,21266.85,464.53001
2023-01-18 07:35:00,21266.85,21305.26,21264.82,21277.71,915.65574
2023-01-18 07:40:00,21277.71,21290.0,21265.95,21273.47,533.82704
2023-01-18 07:45:00,21272.55,21295.0,21267.86,21286.43,547.00649
2023-01-18 07:50:00,21287.19,21308.15,21285.67,21303.91,576.61355
2023-01-18 07:55:00,21303.43,21308.42,21288.63,21307.94,603.31114
2023-01-18 08:00:00,21307.94,21316.77,21294.16,21302.67,736.25123
2023-01-18 08:05:00,21302.66,21307.48,21277.04,21292.61,700.98739
2023-01-18 08:10:00,21291.7,21298.09,21272.71,21292.52,565.54204
2023-01-18 08:15:00,21292.52,21293.21,21250.0,21258.77,974.35393
2023-01-18 08:20:00,21258.21,21278.68,21216.16,21235.29,1345.16087
2023-01-18 08:25:00,21234.44,21249.22,21227.22,21233.02,702.10842
2023-01-18 08:30:00,21233.73,21249.61,21210.0,21247.23,771.49179
2023-01-18 08:35:00,21247.23,21258.17,21220.55,21249.73,678.9585
2023-01-18 08:40:00,21250.62,21258.32,21241.32,21256.7,492.91595
2023-01-18 08:45:00,21257.5,21266.81,21247.62,21261.55,499.62027
2023-01-18 08:50:00,21261.55,21263.0,21241.62,21243.78,574.28693
2023-01-18 08:55:00,21244.33,21250.42,21218.43,21249.31,655.24755
2023-01-18 09:00:00,21249.31,21253.29,21213.91,21217.44,614.91072
2023-01-18 09:05:00,21217.44,21248.39,21151.0,21241.61,1767.43499
2023-01-18 09:10:00,21241.61,21256.72,21234.24,21247.81,960.69601
2023-01-18 09:15:00,21247.47,21261.11,21226.15,21259.16,712.3795
2023-01-18 09:20:00,21259.18,21282.0,21259.18,21263.83,880.44635
2023-01-18 09:25:00,21263.48,21267.75,21247.68,21252.8,509.93443
2023-01-18 09:30:00,21252.8,21257.68,21222.73,21230.52,590.09053
2023-01-18 09:35:00,21228.93,21236.72,21199.0,21205.66,935.53868
2023-01-18 09:40:00,21206.52,21220.59,21183.68,21187.83,912.84505
2023-01-18 09:45:00,21187.83,21225.12,21178.0,21223.61,1067.84184
2023-01-18 09:50:00,21223.61,21233.77,21208.72,21226.37,595.10419
2023-01-18 09:55:00,21226.37,21237.26,21225.14,21230.09,493.28479
2023-01-18 10:00:00,21230.54,21236.47,21209.0,21233.81,750.85981
2023-01-18 10:05:00,21233.27,21243.8,21223.58,21240.93,562.69813
2023-01-18 10:10:00,21240.54,21241.18,21219.0,21229.13,503.55479
2023-01-18 10:15:00,21229.13,21249.0,21219.19,21246.2,549.63505
2023-01-18 10:20:00,21246.19,21257.31,21238.56,21253.01,507.04855
2023-01-18 10:25:00,21252.51,21256.99,21231.42,21240.24,628.37611
2023-01-18 10:30:00,21239.71,21242.66,21210.53,21218.43,614.9454
2023-01-18 10:35:00,21218.43,21222.0,21200.01,21201.07,634.64785
2023-01-18 10:40:00,21201.07,21207.42,21187.06,21192.83,813.07989
2023-01-18 10:45:00,21192.18,21209.6,21190.62,21207.28,578.11009
2023-01-18 10:50:00,21206.72,21210.0,21191.87,21199.8,516.20604
2023-01-18 10:55:00,21198.84,21203.11,21164.51,21183.83,824.63466
2023-01-18 11:00:00,21183.02,21197.97,21172.9,21193.93,605.57323
2023-01-18 11:05:00,21192.31,21204.28,21190.0,21197.29,547.15131
2023-01-18 11:10:00,21197.29,21214.07,21193.8,21212.08,596.95218
2023-01-18 11:15:00,21212.76,21222.74,21206.04,21211.28,624.78068
2023-01-18 11:20:00,21211.28,21211.97,21186.76,21201.75,664.73983
2023-01-18 11:25:00,21202.48,21214.44,21192.11,21210.39,522.88098
2023-01-18 11:30:00,21209.88,21213.69,21196.04,21211.72,485.5115
2023-01-18 11:35:00,21211.0,21227.99,21210.26,21222.88,642.43138
2023-01-18 11:40:00,21223.4,21237.47,21210.5,21220.21,731.26037
2023-01-18 11:45:00,21220.21,21224.29,21197.14,21209.86,584.81243
2023-01-18 11:50:00,21209.85,21221.98,21203.95,21214.76,488.77897
2023-01-18 11:55:00,21215.1,21222.83,21202.56,21204.67,509.30993
2023-01-18 12:00:00,21204.67,21222.55,21202.57,21220.84,564.2387
2023-01-18 12:05:00,21220.05,21223.57,21204.03,21205.65,561.0155
2023-01-18 12:10:00,21205.04,21229.84,21203.17,21226.79,573.33249
2023-01-18 12:15:00,21226.35,21247.8,21225.18,21244.59,686.72265
2023-01-18 12:20:00,21245.5,21246.43,21220.51,21233.39,599.54249
2023-01-18 12:25:00,21233.39,21235.33,21222.0,21228.89,563.97079
2023-01-18 12:30:00,21229.5,21243.66,21226.11,21238.31,405.49647
2023-01-18 12:35:00,21239.14,21244.08,21223.14,21243.35,519.78401
2023-01-18 12:40:00,21244.08,21249.3,21230.74,21246.72,561.08004
2023-01-18 12:45:00,21246.72,21270.0,21242.65,21259.92,942.4777
2023-01-18 12:50:00,21258.56,21295.97,21258.56,21279.42,1061.74194
2023-01-18 12:55:00,21279.49,21282.26,21258.26,21259.18,747.62564
2023-01-18 13:00:00,21260.13,21290.0,21259.03,21289.34,702.29901
2023-01-18 13:05:00,21289.34,21299.74,21276.89,21289.12,768.73542
2023-01-18 13:10:00,21289.12,21298.47,21275.07,21284.33,588.07341
2023-01-18 13:15:00,21284.22,21300.14,21265.0,21269.77,858.84001
2023-01-18 13:20:00,21269.77,21279.0,21258.17,21262.27,436.38482
2023-01-18 13:25:00,21262.27,21274.93,21248.39,21256.96,706.91613
2023-01-18 13:30:00,21257.39,21408.0,21196.03,21239.54,7570.71889
2023-01-18 13:35:00,21236.94,21298.0,21235.64,21288.98,2005.88751
2023-01-18 13:40:00,21290.5,21328.0,21283.31,21321.02,1437.16225
2023-01-18 13:45:00,21321.02,21471.27,21314.95,21413.03,4363.85957
2023-01-18 13:50:00,21413.03,21459.44,21396.7,21424.33,2139.1823
2023-01-18 13:55:00,21425.93,21449.79,21402.66,21403.31,1585.5607
2023-01-18 14:00:00,21403.31,21429.12,21368.4,21414.21,1709.91539
2023-01-18 14:05:00,21413.03,21571.25,21411.8,21533.57,4373.82842
2023-01-18 14:10:00,21533.57,21543.81,21487.79,21501.85,2101.51866
2023-01-18 14:15:00,21503.5,21565.37,21501.67,21563.1,1953.18813
2023-01-18 14:20:00,21563.1,21650.0,21428.26,21478.34,5352.8731
2023-01-18 14:25:00,21478.33,21508.57,21341.84,21400.95,3307.57793
2023-01-18 14:30:00,21399.29,21461.75,21373.03,21409.87,3091.52056
2023-01-18 14:35:00,21408.94,21418.93,21314.12,21351.68,2844.34245
2023-01-18 14:40:00,21351.68,21404.48,21332.87,21354.44,2373.12484
2023-01-18 14:45:00,21353.0,21432.97,21353.0,21417.64,1866.56404
2023-01-18 14:50:00,21417.64,21450.13,21405.78,21437.88,1240.29526
2023-01-18 14:55:00,21436.38,21445.22,21393.96,21424.3,1089.23643
2023-01-18 15:00:00,21424.3,21467.7,21414.27,21448.37,1593.22784
2023-01-18 15:05:00,21448.37,21560.0,21444.29,21499.33,2367.11373
2023-01-18 15:10:00,21500.79,21509.75,21467.63,21473.15,1225.97531
2023-01-18 15:15:00,21472.08,21507.16,21422.75,21429.7,1748.2587
2023-01-18 15:20:00,21428.58,21457.28,21407.25,21434.63,1496.02091
2023-01-18 15:25:00,21434.63,21438.45,21404.57,21432.14,1225.80553
2023-01-18 15:30:00,21432.14,21434.46,21370.02,21380.86,1641.99037
2023-01-18 15:35:00,21379.72,21388.0,21297.56,21337.46,2566.318
2023-01-18 15:40:00,21338.44,21361.37,21273.0,21289.01,2229.0173
2023-01-18 15:45:00,21289.01,21319.89,21200.0,21216.54,3422.56161
2023-01-18 15:50:00,21216.54,21220.0,20850.0,20866.32,8936.26088
2023-01-18 15:55:00,20866.32,21068.23,20842.0,21042.73,6831.62685
2023-01-18 16:00:00,21042.73,21042.73,20873.84,20912.97,4863.77426
2023-01-18 16:05:00,20912.97,20953.51,20793.0,20920.32,4623.30224
2023-01-18 16:10:00,20920.32,20926.0,20803.91,20878.93,4175.80028
2023-01-18 16:15:00,20878.93,20918.48,20823.62,20843.46,2996.89393
2023-01-18 16:20:00,20841.6,20845.33,20515.77,20676.92,9722.63487
2023-01-18 16:25:00,20676.92,20768.23,20651.46,20670.72,2351.55758
2023-01-18 16:30:00,20670.72,20737.68,20650.0,20667.08,2141.03906
2023-01-18 16:35:00,20667.05,20709.99,20560.0,20594.55,2774.60198
2023-01-18 16:40:00,20599.02,20667.19,20408.34,20490.95,3403.92465
2023-01-18 16:45:00,20490.84,20563.3,20407.15,20556.02,3085.79862
2023-01-18 16:50:00,20558.22,20636.01,20502.61,20614.98,2257.61131
2023-01-18 16:55:00,20608.48,20928.09,20562.0,20845.47,4962.45238
2023-01-18 17:00:00,20849.89,20995.53,20743.53,20845.05,7619.82843
2023-01-18 17:05:00,20842.48,20980.0,20841.36,20973.23,5068.79659
2023-01-18 17:10:00,20975.64,21105.8,20924.68,21084.29,5357.29173
2023-01-18 17:15:00,21078.71,21136.8,20924.58,20937.53,4484.10454
2023-01-18 17:20:00,20937.53,20959.28,20900.0,20919.81,2519.62911
2023-01-18 17:25:00,20919.81,20936.51,20845.35,20922.85,3025.155
2023-01-18 17:30:00,20922.85,20956.53,20873.1,20902.87,2155.04649
2023-01-18 17:35:00,20902.87,21030.76,20900.77,20955.49,2237.03568
2023-01-18 17:40:00,20957.31,20974.93,20884.7,20912.18,1470.53624
2023-01-18 17:45:00,20910.41,20947.97,20875.53,20913.61,1315.59677
2023-01-18 17:50:00,20911.94,20945.86,20851.22,20866.8,1268.64827
2023-01-18 17:55:00,20866.81,20910.24,20853.96,20887.85,1009.37885
2023-01-18 18:00:00,20887.85,20918.25,20840.81,20903.86,1820.55983
2023-01-18 18:05:00,20902.28,20905.64,20846.0,20850.08,1049.52959
2023-01-18 18:10:00,20848.64,20912.08,20848.08,20911.52,1020.51351
2023-01-18 18:15:00,20910.82,20958.71,20907.26,20919.87,1376.79349
2023-01-18 18:20:00,20919.87,20997.99,20910.51,20963.52,1333.61374
2023-01-18 18:25:00,20965.07,21055.75,20957.34,20995.96,1742.23026
2023-01-18 18:30:00,20994.81,21063.52,20975.78,21003.36,1430.62476
2023-01-18 18:35:00,21003.79,21043.96,20844.82,20927.3,4107.03696
2023-01-18 18:40:00,20924.34,20952.11,20853.93,20915.55,1592.96714
2023-01-18 18:45:00,20915.55,20985.41,20902.77,20931.41,1541.95406
2023-01-18 18:50:00,20931.41,20966.94,20928.2,20956.17,798.03798
2023-01-18 18:55:00,20956.99,20960.48,20914.89,20936.83,856.20086
2023-01-18 19:00:00,20936.37,20941.6,20893.0,20903.01,825.57242
2023-01-18 19:05:00,20903.51,20950.0,20881.19,20926.72,830.53153
2023-01-18 19:10:00,20928.69,20955.49,20925.81,20948.29,637.06174
2023-01-18 19:15:00,20949.98,20971.0,20912.19,20928.49,890.51831
2023-01-18 19:20:00,20928.49,20954.34,20919.11,20928.31,729.68992
2023-01-18 19:25:00,20928.31,20969.6,20913.97,20963.35,789.54953
2023-01-18 19:30:00,20964.44,20980.0,20955.01,20962.6,923.41341
2023-01-18 19:35:00,20962.6,20971.6,20931.02,20935.02,813.1489
2023-01-18 19:40:00,20935.01,20951.84,20926.25,20943.11,686.34895
2023-01-18 19:45:00,20943.11,20956.1,20908.41,20911.9,661.55776
2023-01-18 19:50:00,20910.01,20930.99,20900.0,20924.87,587.03702
2023-01-18 19:55:00,20925.55,20927.98,20891.12,20906.54,611.41146
2023-01-18 20:00:00,20905.37,20907.2,20859.03,20878.5,1047.68747
2023-01-18 20:05:00,20878.5,20923.64,20867.08,20907.42,746.47081
2023-01-18 20:10:00,20908.41,20938.67,20900.0,20911.71,872.42804
2023-01-18 20:15:00,20911.71,20921.81,20878.26,20892.67,877.21653
2023-01-18 20:20:00,20893.82,20895.75,20845.79,20853.99,1038.66272
2023-01-18 20:25:00,20854.0,20881.68,20821.29,20864.39,1092.57015
2023-01-18 20:30:00,20863.24,20864.78,20732.03,20772.65,2347.70338
2023-01-18 20:35:00,20771.07,20803.43,20666.79,20713.08,2194.28305
2023-01-18 20:40:00,20710.63,20778.45,20702.98,20736.2,1322.0172
2023-01-18 20:45:00,20734.72,20780.39,20695.74,20698.39,1520.4446
2023-01-18 20:50:00,20698.39,20764.75,20693.5,20758.54,957.0852
2023-01-18 20:55:00,20758.54,20770.73,20708.0,20732.6,1170.33964
2023-01-18 21:00:00,20731.35,20770.98,20712.96,20770.06,1065.81687
2023-01-18 21:05:00,20770.06,20802.85,20739.67,20800.82,1163.42834
2023-01-18 21:10:00,20799.98,20806.69,20765.93,20798.07,888.21463
2023-01-18 21:15:00,20796.65,20841.18,20796.28,20813.89,1191.67904
2023-01-18 21:20:00,20813.89,20815.63,20734.41,20780.41,1185.20316
2023-01-18 21:25:00,20780.41,20783.51,20740.55,20757.15,770.36057
2023-01-18 21:30:00,20757.15,20799.83,20736.41,20777.76,806.18348
2023-01-18 21:35:00,20778.72,20801.7,20777.59,20787.46,540.56392
2023-01-18 21:40:00,20785.71,20810.0,20776.96,20808.57,418.87071
2023-01-18 21:45:00,20808.57,20809.37,20772.26,20776.4,416.34716
2023-01-18 21:50:00,20776.4,20799.88,20766.26,20797.75,441.96175
2023-01-18 21:55:00,20796.3,20800.34,20772.0,20780.36,414.03365
2023-01-18 22:00:00,20780.36,20783.62,20728.97,20741.21,422.52453
2023-01-18 22:05:00,20741.47,20768.19,20709.65,20722.9,773.23447
2023-01-18 22:10:00,20721.64,20746.82,20695.5,20704.7,787.0428
2023-01-18 22:15:00,20704.7,20714.76,20624.02,20700.86,1238.73278
2023-01-18 22:20:00,20699.46,20750.58,20684.71,20739.66,824.4778
2023-01-18 22:25:00,20739.66,20752.34,20728.75,20737.92,418.63838
2023-01-18 22:30:00,20737.92,20785.52,20724.01,20753.14,632.3553
2023-01-18 22:35:00,20753.14,20756.56,20730.89,20751.68,414.91015
2023-01-18 22:40:00,20751.68,20757.84,20726.78,20756.44,331.43029
2023-01-18 22:45:00,20756.44,20799.73,20752.79,20786.76,341.85844
2023-01-18 22:50:00,20784.95,20813.0,20774.04,20802.78,388.22491
2023-01-18 22:55:00,20801.46,20815.0,20785.82,20805.8,293.05201
2023-01-18 23:00:00,20805.8,20818.01,20779.5,20785.82,412.25253
2023-01-18 23:05:00,20785.82,20815.14,20765.56,20772.17,462.58691
2023-01-18 23:10:00,20772.17,20776.29,20746.59,20753.02,464.49831
2023-01-18 23:15:00,20753.02,20775.36,20734.29,20758.89,403.56731
2023-01-18 23:20:00,20760.03,20765.09,20733.33,20758.19,294.96963
2023-01-18 23:25:00,20757.14,20759.69,20726.03,20739.69,364.39329
2023-01-18 23:30:00,20737.83,20756.61,20721.0,20727.95,610.85698
2023-01-18 23:35:00,20727.95,20733.31,20699.13,20710.76,1038.28701
2023-01-18 23:40:00,20710.76,20726.18,20666.61,20703.18,1043.46945
2023-01-18 23:45:00,20703.18,20731.3,20677.31,20695.76,1137.21121
2023-01-18 23:50:00,20694.19,20753.76,20652.42,20678.21,1996.29774
2023-01-18 23:55:00,20678.21,20692.89,20642.69,20677.47,1022.38514
2023-01-19 00:00:00,20677.47,20736.21,20660.15,20686.8,1588.70134
2023-01-19 00:05:00,20687.91,20725.52,20684.37,20722.54,951.82214
2023-01-19 00:10:00,20722.54,20741.35,20711.64,20729.35,879.79912
2023-01-19 00:15:00,20728.52,20764.64,20723.56,20741.47,933.49583
2023-01-19 00:20:00,20741.47,20756.5,20697.92,20706.77,809.47997
2023-01-19 00:25:00,20706.77,20714.32,20673.84,20709.14,782.11944
2023-01-19 00:30:00,20709.14,20730.0,20686.42,20712.38,894.3157
2023-01-19 00:35:00,20712.81,20740.01,20711.68,20737.22,677.3341
2023-01-19 00:40:00,20738.09,20742.67,20714.41,20720.82,823.14417
2023-01-19 00:45:00,20721.69,20741.19,20707.75,20729.36,632.5022
2023-01-19 00:50:00,20729.36,20730.4,20690.7,20704.72,814.7307
2023-01-19 00:55:00,20703.23,20714.74,20684.05,20694.01,702.87752
2023-01-19 01:00:00,20694.64,20719.0,20676.32,20714.15,808.84145
2023-01-19 01:05:00,20714.15,20731.43,20708.54,20709.8,620.27347
2023-01-19 01:10:00,20710.44,20727.02,20705.23,20726.39,530.44832
2023-01-19 01:15:00,20726.39,20760.4,20718.24,20756.6,859.51219
2023-01-19 01:20:00,20756.13,20760.36,20739.82,20758.72,909.06893
2023-01-19 01:25:00,20758.72,20774.79,20752.0,20768.85,734.45964
2023-01-19 01:30:00,20768.85,20775.85,20751.79,20760.02,629.67878
2023-01-19 01:35:00,20759.23,20763.06,20736.09,20750.47,629.39222
2023-01-19 01:40:00,20750.41,20755.84,20726.91,20748.88,785.4865
2023-01-19 01:45:00,20748.88,20751.7,20715.1,20727.34,623.56913
2023-01-19 01:50:00,20727.34,20728.62,20704.48,20707.46,633.00717
2023-01-19 01:55:00,20708.16,20719.7,20698.35,20716.95,615.89692
2023-01-19 02:00:00,20716.95,20731.94,20701.32,20721.27,701.32417
2023-01-19 02:05:00,20721.79,20727.48,20688.74,20694.37,858.76312
2023-01-19 02:10:00,20694.96,20700.74,20659.19,20684.52,1053.27715
2023-01-19 02:15:00,20685.1,20710.01,20681.48,20697.11,798.07498
2023-01-19 02:20:00,20697.72,20713.76,20691.25,20712.08,548.16098
2023-01-19 02:25:00,20712.58,20744.83,20709.25,20741.24,1018.53608
2023-01-19 02:30:00,20741.93,20756.25,20731.75,20754.39,696.17104
2023-01-19 02:35:00,20754.39,20777.82,20745.85,20751.05,1003.47777
2023-01-19 02:40:00,20750.27,20756.1,20740.13,20753.14,512.55949
2023-01-19 02:45:00,20752.52,20767.42,20750.34,20765.69,475.9268
2023-01-19 02:50:00,20765.78,20767.11,20743.72,20751.83,610.39954
2023-01-19 02:55:00,20751.44,20766.6,20747.85,20763.66,507.11655
2023-01-19 03:00:00,20763.32,20790.96,20760.88,20781.6,964.79175
2023-01-19 03:05:00,20780.66,20782.36,20748.07,20759.55,824.63886
2023-01-19 03:10:00,20759.55,20791.06,20757.54,20775.66,775.01223
2023-01-19 03:15:00,20775.66,20786.22,20767.11,20777.24,682.47808
2023-01-19 03:20:00,20776.49,20817.85,20773.29,20804.34,1237.61003
2023-01-19 03:25:00,20804.35,20807.54,20783.81,20791.83,639.55005
2023-01-19 03:30:00,20792.3,20797.32,20758.54,20776.09,929.05583
2023-01-19 03:35:00,20775.04,20776.09,20747.48,20759.35,797.50298
2023-01-19 03:40:00,20758.6,20778.0,20750.11,20774.82,663.10013
2023-01-19 03:45:00,20775.55,20791.64,20773.69,20778.95,782.40314
2023-01-19 03:50:00,20778.95,20785.02,20756.51,20762.04,677.64139
2023-01-19 03:55:00,20762.56,20769.97,20742.3,20748.04,639.98469
2023-01-19 04:00:00,20748.04,20772.28,20742.71,20766.16,786.86208
2023-01-19 04:05:00,20766.16,20786.23,20757.89,20783.78,625.71868
2023-01-19 04:10:00,20783.78,20796.41,20774.88,20793.76,726.84035
2023-01-19 04:15:00,20793.76,20796.82,20772.36,20783.51,562.12258
2023-01-19 04:20:00,20783.51,20815.43,20781.82,20811.96,594.42839
2023-01-19 04:25:00,20811.97,20837.97,20809.42,20822.79,951.12845
2023-01-19 04:30:00,20823.55,20874.81,20810.64,20841.88,1572.48886
2023-01-19 04:35:00,20841.35,20841.98,20821.02,20836.56,681.78721
2023-01-19 04:40:00,20837.0,20837.0,20820.0,20823.99,566.66088
2023-01-19 04:45:00,20823.18,20828.18,20804.09,20812.73,570.64251
2023-01-19 04:50:00,20812.73,20835.36,20810.49,20823.53,439.64554
2023-01-19 04:55:00,20823.53,20836.65,20805.46,20810.18,536.49687
2023-01-19 05:00:00,20810.53,20827.12,20803.29,20818.09,530.03649
2023-01-19 05:05:00,20817.76,20841.59,20814.84,20832.23,616.67042
2023-01-19 05:10:00,20832.23,20851.14,20830.86,20843.02,572.46507
2023-01-19 05:15:00,20843.81,20847.25,20830.0,20831.22,451.23029
2023-01-19 05:20:00,20831.28,20837.95,20820.01,20828.06,517.72506
2023-01-19 05:25:00,20828.06,20829.63,20812.43,20821.0,436.5794
2023-01-19 05:30:00,20821.3,20825.52,20797.88,20819.47,591.14699
2023-01-19 05:35:00,20819.47,20822.27,20797.34,20799.68,487.15799
2023-01-19 05:40:00,20799.68,20810.99,20793.78,20799.98,565.35991
2023-01-19 05:45:00,20799.98,20807.99,20793.34,20802.09,471.3496
2023-01-19 05:50:00,20802.09,20817.5,20802.07,20805.64,513.71747
2023-01-19 05:55:00,20805.01,20815.69,20802.68,20814.82,328.75625
2023-01-19 06:00:00,20814.82,20823.0,20810.04,20813.31,421.21762
2023-01-19 06:05:00,20813.35,20838.78,20799.0,20835.45,659.67462
2023-01-19 06:10:00,20836.02,20839.14,20819.18,20820.97,485.60263
2023-01-19 06:15:00,20821.96,20824.7,20801.86,20804.95,647.49489
2023-01-19 06:20:00,20804.95,20813.66,20802.31,20804.29,482.52148
2023-01-19 06:25:00,20804.29,20840.0,20802.63,20831.73,691.72873
2023-01-19 06:30:00,20831.74,20854.0,20829.95,20834.47,626.94706
2023-01-19 06:35:00,20834.0,20849.96,20831.49,20839.0,530.48097
2023-01-19 06:40:00,20839.0,20856.0,20830.05,20849.8,519.95562
2023-01-19 06:45:00,20850.33,20855.82,20837.87,20848.65,525.45008
2023-01-19 06:50:00,20848.65,20853.2,20836.8,20840.84,511.20209
2023-01-19 06:55:00,20841.51,20847.49,20826.51,20828.59,760.42095
2023-01-19 07:00:00,20829.12,20840.0,20823.67,20826.53,649.53266
2023-01-19 07:05:00,20826.53,20848.83,20823.31,20843.21,648.63074
2023-01-19 07:10:00,20843.76,20844.61,20828.01,20835.61,567.34078
2023-01-19 07:15:00,20835.61,20844.04,20825.02,20825.08,589.13151
2023-01-19 07:20:00,20825.55,20828.09,20812.77,20817.88,797.02906
2023-01-19 07:25:00,20817.87,20840.97,20816.5,20828.91,793.41078
2023-01-19 07:30:00,20828.91,20833.88,20812.28,20812.98,604.29627
2023-01-19 07:35:00,20812.98,20822.16,20803.39,20806.2,618.27504
2023-01-19 07:40:00,20806.9,20829.99,20805.15,20825.53,657.65519
2023-01-19 07:45:00,20825.53,20836.0,20817.4,20823.84,600.37943
2023-01-19 07:50:00,20823.54,20831.02,20818.46,20822.76,321.60771
2023-01-19 07:55:00,20822.76,20831.1,20809.51,20818.95,441.62312
2023-01-19 08:00:00,20818.94,20836.36,20809.51,20823.52,659.55298
2023-01-19 08:05:00,20823.52,20843.0,20815.79,20840.55,833.84495
2023-01-19 08:10:00,20840.0,20846.75,20815.62,20832.04,827.00721
2023-01-19 08:15:00,20832.52,20841.72,20783.96,20793.65,1305.27452
2023-01-19 08:20:00,20793.87,20805.63,20783.27,20791.8,699.4729
2023-01-19 08:25:00,20792.24,20815.91,20771.83,20800.01,991.25919
2023-01-19 08:30:00,20800.75,20803.64,20775.52,20778.17,646.01006
2023-01-19 08:35:00,20778.17,20816.8,20775.97,20811.51,802.99017
2023-01-19 08:40:00,20811.41,20813.22,20800.42,20804.62,480.23732
2023-01-19 08:45:00,20804.62,20817.31,20782.17,20785.85,653.18129
2023-01-19 08:50:00,20786.48,20794.59,20775.0,20784.41,796.63694
2023-01-19 08:55:00,20785.21,20786.31,20758.0,20769.06,878.07871
2023-01-19 09:00:00,20769.06,20783.82,20768.17,20778.01,574.40655
2023-01-19 09:05:00,20778.01,20783.91,20758.11,20762.89,799.43117
2023-01-19 09:10:00,20762.2,20777.12,20762.16,20768.05,635.6583
2023-01-19 09:15:00,20768.05,20786.15,20761.53,20782.58,601.7826
2023-01-19 09:20:00,20782.58,20798.2,20777.72,20789.55,509.81
2023-01-19 09:25:00,20790.01,20790.62,20759.46,20765.96,618.3623
2023-01-19 09:30:00,20766.55,20774.25,20730.58,20754.25,1257.11189
2023-01-19 09:35:00,20754.21,20799.87,20743.03,20795.49,1025.96629
2023-01-19 09:40:00,20795.49,20797.28,20780.7,20792.6,632.33077
2023-01-19 09:45:00,20792.6,20804.88,20788.0,20799.1,684.01097
2023-01-19 09:50:00,20799.74,20810.0,20783.86,20785.05,727.70659
2023-01-19 09:55:00,20785.05,20800.49,20780.01,20795.39,653.72219
2023-01-19 10:00:00,20794.73,20802.06,20785.23,20789.57,538.95834
2023-01-19 10:05:00,20789.58,20799.45,20788.88,20796.64,494.09023
2023-01-19 10:10:00,20797.69,20802.97,20794.2,20798.09,505.0611
2023-01-19 10:15:00,20798.1,20802.53,20782.82,20786.07,668.70888
2023-01-19 10:20:00,20785.52,20787.15,20767.02,20773.99,795.03104
2023-01-19 10:25:00,20773.99,20778.98,20758.51,20759.36,667.65808
2023-01-19 10:30:00,20759.36,20775.25,20752.2,20764.78,860.62397
2023-01-19 10:35:00,20764.36,20769.06,20749.98,20760.32,750.51765
2023-01-19 10:40:00,20760.32,20771.83,20757.11,20761.47,583.29773
2023-01-19 10:45:00,20761.47,20778.56,20752.0,20776.05,761.15637
2023-01-19 10:50:00,20776.05,20790.5,20770.76,20781.69,597.30212
2023-01-19 10:55:00,20781.69,20799.31,20779.0,20796.47,417.99639
2023-01-19 11:00:00,20796.47,20799.83,20770.06,20777.13,647.98803
2023-01-19 11:05:00,20777.13,20784.35,20765.31,20768.84,636.07821
2023-01-19 11:10:00,20769.55,20774.24,20757.72,20763.04,695.08152
2023-01-19 11:15:00,20763.05,20767.58,20744.34,20749.37,814.51699
2023-01-19 11:20:00,20749.36,20753.66,20715.42,20732.29,1101.52031
2023-01-19 11:25:00,20731.26,20742.48,20716.18,20729.92,857.93924
2023-01-19 11:30:00,20729.92,20741.31,20706.9,20739.49,990.06399
2023-01-19 11:35:00,20740.12,20742.41,20718.62,20735.96,799.01054
2023-01-19 11:40:00,20736.87,20741.85,20723.68,20740.18,748.20457
2023-01-19 11:45:00,20740.18,20751.96,20733.52,20748.58,712.40569
2023-01-19 11:50:00,20748.23,20752.26,20728.05,20734.85,684.56249
2023-01-19 11:55:00,20734.85,20753.25,20732.25,20743.72,900.82099
2023-01-19 12:00:00,20744.17,20748.71,20715.74,20727.76,943.16699
2023-01-19 12:05:00,20727.19,20748.88,20720.0,20748.56,648.62431
2023-01-19 12:10:00,20747.57,20764.53,20742.22,20759.23,874.79492
2023-01-19 12:15:00,20758.31,20775.71,20748.47,20772.79,837.83102
2023-01-19 12:20:00,20773.51,20774.72,20754.34,20755.13,755.63222
2023-01-19 12:25:00,20755.13,20770.17,20754.54,20766.61,447.45405
2023-01-19 12:30:00,20766.61,20767.45,20746.11,20747.31,629.2901
2023-01-19 12:35:00,20747.31,20760.98,20735.19,20740.45,801.33826
2023-01-19 12:40:00,20740.24,20749.04,20726.93,20729.04,835.92967
2023-01-19 12:45:00,20730.09,20739.6,20703.4,20713.42,1276.28309
2023-01-19 12:50:00,20713.3,20720.85,20679.65,20712.91,1594.12846
2023-01-19 12:55:00,20714.06,20736.37,20707.42,20727.03,984.79171
2023-01-19 13:00:00,20728.3,20740.0,20707.24,20713.9,831.08662
2023-01-19 13:05:00,20713.08,20719.05,20699.0,20717.14,879.45865
2023-01-19 13:10:00,20717.14,20726.13,20680.58,20689.96,1125.5189
2023-01-19 13:15:00,20689.2,20715.0,20660.8,20670.39,1484.91837
2023-01-19 13:20:00,20670.39,20717.88,20668.55,20704.1,1103.95667
2023-01-19 13:25:00,20704.1,20777.99,20697.29,20773.97,1506.87776
2023-01-19 13:30:00,20773.97,20787.23,20702.26,20757.35,2296.06962
2023-01-19 13:35:00,20757.35,20775.09,20732.46,20766.89,1092.10203
2023-01-19 13:40:00,20766.26,20785.6,20755.64,20775.29,1211.46546
2023-01-19 13:45:00,20775.28,20813.98,20761.3,20769.42,1487.32666
2023-01-19 13:50:00,20769.41,20799.99,20755.08,20792.76,1045.98854
2023-01-19 13:55:00,20792.76,20797.82,20774.79,20776.95,806.23299
2023-01-19 14:00:00,20776.06,20795.22,20768.97,20770.3,851.52107
2023-01-19 14:05:00,20770.3,20775.28,20731.56,20746.65,1062.95929
2023-01-19 14:10:00,20747.7,20748.94,20730.14,20745.19,797.07161
2023-01-19 14:15:00,20744.7,20753.03,20721.5,20724.21,813.90283
2023-01-19 14:20:00,20724.21,20761.85,20718.83,20757.56,966.79599
2023-01-19 14:25:00,20757.23,20777.93,20742.21,20770.64,948.8116
2023-01-19 14:30:00,20770.7,20811.64,20763.38,20801.38,2080.06212
2023-01-19 14:35:00,20801.38,20844.76,20769.49,20824.54,1838.19851
2023-01-19 14:40:00,20825.87,20883.8,20800.01,20807.92,2498.0535
2023-01-19 14:45:00,20807.13,20815.13,20760.93,20768.52,1826.3944
2023-01-19 14:50:00,20768.52,20799.99,20750.0,20757.2,2122.00169
2023-01-19 14:55:00,20756.03,20807.75,20752.13,20799.4,1407.99737
2023-01-19 15:00:00,20799.98,20839.19,20785.0,20824.35,1392.04914
2023-01-19 15:05:00,20824.36,20933.0,20824.36,20880.02,2563.42407
2023-01-19 15:10:00,20880.02,20884.2,20828.65,20844.48,1586.6265
2023-01-19 15:15:00,20845.51,20960.23,20841.84,20910.0,2651.18034
2023-01-19 15:20:00,20910.0,20935.23,20887.0,20894.45,1888.59648
2023-01-19 15:25:00,20893.31,20923.8,20880.51,20907.61,1304.28864
2023-01-19 15:30:00,20906.67,20907.99,20878.06,20889.55,1226.58284
2023-01-19 15:35:00,20889.55,20904.5,20868.75,20901.55,1357.80414
2023-01-19 15:40:00,20901.16,20925.48,20888.0,20898.46,1474.87169
2023-01-19 15:45:00,20898.46,20900.25,20860.4,20873.12,1265.92577
2023-01-19 15:50:00,20873.71,20890.11,20866.68,20883.73,1010.44727
2023-01-19 15:55:00,20882.75,20887.0,20863.88,20876.44,895.9263
2023-01-19 16:00:00,20876.44,20883.28,20846.12,20855.16,1219.29603
2023-01-19 16:05:00,20855.16,20891.64,20826.76,20883.44,1308.71511
2023-01-19 16:10:00,20883.44,20926.84,20881.2,20919.68,1573.58073
2023-01-19 16:15:00,20919.59,20922.9,20895.96,20903.9,938.61085
2023-01-19 16:20:00,20903.9,20907.99,20885.04,20904.79,754.32944
2023-01-19 16:25:00,20904.8,20907.99,20890.03,20894.92,632.15906
2023-01-19 16:30:00,20894.91,20897.48,20860.53,20862.29,1081.93301
2023-01-19 16:35:00,20863.14,20876.89,20851.49,20875.73,996.92989
2023-01-19 16:40:00,20876.44,20879.95,20841.55,20847.43,883.99781
2023-01-19 16:45:00,20847.43,20892.43,20840.01,20887.93,1132.89433
2023-01-19 16:50:00,20887.93,20889.73,20862.47,20871.34,724.43714
2023-01-19 16:55:00,20870.75,20884.1,20868.79,20875.41,575.80922
2023-01-19 17:00:00,20874.69,20912.77,20874.65,20910.98,1236.48825
2023-01-19 17:05:00,20910.98,20920.0,20885.89,20895.78,1034.40953
2023-01-19 17:10:00,20895.07,20923.95,20894.16,20916.48,786.07931
2023-01-19 17:15:00,20915.61,20944.71,20911.2,20926.28,1048.13521
2023-01-19 17:20:00,20927.46,20930.02,20884.0,20891.33,1144.94828
2023-01-19 17:25:00,20892.2,20909.14,20885.4,20903.77,624.99557
2023-01-19 17:30:00,20902.81,20903.81,20877.49,20884.92,671.0935
2023-01-19 17:35:00,20884.92,20899.27,20877.45,20880.93,584.23229
2023-01-19 17:40:00,20882.08,20891.27,20864.16,20870.9,779.24763
2023-01-19 17:45:00,20870.9,20889.99,20860.55,20864.87,646.32646
2023-01-19 17:50:00,20864.22,20871.99,20791.13,20814.92,2041.66649
2023-01-19 17:55:00,20814.92,20849.95,20810.0,20841.16,1094.82867
2023-01-19 18:00:00,20841.16,20887.44,20831.08,20871.13,1169.15274
2023-01-19 18:05:00,20871.13,20878.71,20847.91,20856.27,713.78374
2023-01-19 18:10:00,20856.28,20872.21,20847.75,20869.37,625.11741
2023-01-19 18:15:00,20869.37,20886.91,20846.73,20881.82,884.79095
2023-01-19 18:20:00,20881.75,20909.69,20875.0,20884.23,1231.27906
2023-01-19 18:25:00,20883.3,20887.48,20864.69,20882.68,739.56279
2023-01-19 18:30:00,20882.68,20909.83,20877.96,20896.02,1165.89544
2023-01-19 18:35:00,20896.02,20933.61,20884.93,20927.72,1048.25894
2023-01-19 18:40:00,20927.72,20962.77,20921.88,20950.87,1464.16268
2023-01-19 18:45:00,20950.87,21023.11,20945.07,20996.22,1856.67159
2023-01-19 18:50:00,20996.22,20996.22,20953.8,20963.97,982.17345
2023-01-19 18:55:00,20963.97,20986.66,20957.04,20977.73,828.25388
2023-01-19 19:00:00,20978.76,20988.92,20953.21,20963.67,824.37514
2023-01-19 19:05:00,20964.32,20979.25,20949.34,20977.79,828.75265
2023-01-19 19:10:00,20977.79,21040.78,20971.14,21028.41,1340.60679
2023-01-19 19:15:00,21027.39,21058.0,21006.79,21043.0,1584.9734
2023-01-19 19:20:00,21041.75,21097.03,21028.38,21092.48,1808.70179
2023-01-19 19:25:00,21094.47,21100.0,21066.66,21077.04,1212.2351
2023-01-19 19:30:00,21077.04,21137.21,21076.3,21090.5,1821.58709
2023-01-19 19:35:00,21092.56,21096.78,21059.27,21066.69,1311.24792
2023-01-19 19:40:00,21066.69,21092.5,21040.3,21085.3,1312.30933
2023-01-19 19:45:00,21085.3,21142.07,21084.02,21101.92,1395.01532
2023-01-19 19:50:00,21101.6,21108.17,21083.0,21089.54,1009.08133
2023-01-19 19:55:00,21088.65,21117.83,21081.14,21090.95,835.82708
2023-01-19 20:00:00,21092.1,21146.82,21090.42,21133.16,1150.43499
2023-01-19 20:05:00,21133.16,21147.94,21105.27,21139.94,1188.35122
2023-01-19 20:10:00,21139.04,21144.8,21122.14,21132.94,809.34734
2023-01-19 20:15:00,21132.94,21166.49,21131.45,21153.87,1616.29806
2023-01-19 20:20:00,21155.13,21172.45,21132.19,21154.04,1350.41981
2023-01-19 20:25:00,21153.31,21192.0,21138.99,21144.66,1860.39623
2023-01-19 20:30:00,21143.48,21150.61,21079.6,21101.44,1742.33707
2023-01-19 20:35:00,21099.85,21115.07,21087.83,21090.16,768.26503
2023-01-19 20:40:00,21089.5,21098.29,21036.76,21071.19,1353.87962
2023-01-19 20:45:00,21072.55,21099.39,21068.97,21096.41,787.75562
2023-01-19 20:50:00,21095.67,21101.31,21085.0,21094.26,747.03277
2023-01-19 20:55:00,21093.05,21104.46,21090.54,21102.44,656.04094
2023-01-19 21:00:00,21102.44,21115.28,21041.61,21053.97,1457.39595
2023-01-19 21:05:00,21053.06,21066.02,21045.7,21054.35,603.4259
2023-01-19 21:10:00,21053.04,21055.42,21008.79,21021.56,1051.74118
2023-01-19 21:15:00,21021.56,21042.0,21013.0,21025.03,508.75748
2023-01-19 21:20:00,21025.03,21048.39,21018.19,21038.66,475.86779
2023-01-19 21:25:00,21037.2,21047.88,21030.54,21041.71,486.44783
2023-01-19 21:30:00,21041.06,21048.99,21026.71,21038.44,439.78155
2023-01-19 21:35:00,21038.44,21043.05,21018.0,21019.27,509.2597
2023-01-19 21:40:00,21019.27,21023.84,20969.26,20976.82,970.51843
2023-01-19 21:45:00,20976.82,20997.95,20954.09,20957.76,1040.68271
2023-01-19 21:50:00,20957.73,20969.83,20946.53,20951.06,617.14421
2023-01-19 21:55:00,20951.0,20951.06,20919.31,20932.98,741.75841
2023-01-19 22:00:00,20933.65,20975.11,20930.01,20963.68,787.03952
2023-01-19 22:05:00,20963.0,21001.01,20960.35,20997.65,747.78407
2023-01-19 22:10:00,20997.65,21009.33,20981.19,21004.8,407.61732
2023-01-19 22:15:00,21005.3,21016.91,20984.41,21009.32,432.88217
2023-01-19 22:20:00,21009.32,21021.18,20987.57,20991.67,519.01582
2023-01-19 22:25:00,20992.76,20995.8,20967.01,20994.16,632.18979
2023-01-19 22:30:00,20994.19,21029.69,20993.15,21008.01,620.02743
2023-01-19 22:35:00,21008.01,21022.42,20997.54,21020.63,450.57948
2023-01-19 22:40:00,21020.63,21067.07,21020.05,21030.05,687.96563
2023-01-19 22:45:00,21030.05,21037.66,21016.03,21035.68,379.73747
2023-01-19 22:50:00,21034.65,21064.99,21032.01,21033.61,411.39389
2023-01-19 22:55:00,21034.25,21083.57,21033.61,21065.23,572.35198
2023-01-19 23:00:00,21065.84,21079.0,21039.39,21053.35,1021.72167
2023-01-19 23:05:00,21054.32,21060.1,21032.61,21038.94,530.63418
2023-01-19 23:10:00,21037.82,21053.66,21015.81,21028.43,549.46442
2023-01-19 23:15:00,21029.62,21045.73,21025.1,21026.45,471.96029
2023-01-19 23:20:00,21026.45,21050.0,21018.51,21047.57,385.41143
2023-01-19 23:25:00,21047.57,21066.55,21038.95,21062.47,633.33105
2023-01-19 23:30:00,21062.44,21091.98,21051.5,21088.39,692.50321
2023-01-19 23:35:00,21088.49,21093.0,21055.92,21058.61,556.27511
2023-01-19 23:40:00,21058.61,21071.34,21044.38,21070.61,511.76573
2023-01-19 23:45:00,21070.61,21077.92,21058.06,21059.5,473.29583
2023-01-19 23:50:00,21059.5,21093.0,21058.9,21082.1,560.30181
2023-01-19 23:55:00,21082.1,21125.43,21070.46,21071.59,937.95998
2023-01-20 00:00:00,21071.59,21087.4,21055.07,21086.65,840.7362
2023-01-20 00:05:00,21086.99,21098.0,21058.3,21060.44,742.00311
2023-01-20 00:10:00,21060.44,21082.17,21048.7,21060.63,886.29046
2023-01-20 00:15:00,21060.63,21064.75,21032.72,21051.33,992.05047
2023-01-20 00:20:00,21051.33,21071.14,21040.0,21065.26,606.2287
2023-01-20 00:25:00,21065.93,21113.32,21063.71,21102.38,1018.32532
2023-01-20 00:30:00,21103.22,21121.42,21063.25,21067.47,998.42727
2023-01-20 00:35:00,21068.28,21088.64,21066.59,21073.96,564.99241
2023-01-20 00:40:00,21073.96,21082.92,21050.24,21061.88,794.61967
2023-01-20 00:45:00,21061.88,21065.73,21028.95,21040.28,782.6236
2023-01-20 00:50:00,21041.15,21046.24,21031.0,21036.28,538.18266
2023-01-20 00:55:00,21036.28,21073.35,21034.66,21054.74,630.48638
2023-01-20 01:00:00,21054.02,21061.09,21023.0,21024.66,663.42442
2023-01-20 01:05:00,21024.65,21036.54,21013.96,21033.49,835.88149
2023-01-20 01:10:00,21032.81,21063.54,21030.93,21061.42,633.58251
2023-01-20 01:15:00,21062.25,21069.54,21051.89,21067.03,513.72157
2023-01-20 01:20:00,21066.47,21102.66,21061.07,21096.77,737.56714
2023-01-20 01:25:00,21096.51,21151.67,21087.5,21132.94,1668.64773
2023-01-20 01:30:00,21132.93,21136.11,21095.28,21097.62,931.78495
2023-01-20 01:35:00,21097.62,21113.31,21090.0,21097.63,752.16653
2023-01-20 01:40:00,21096.61,21108.59,21093.82,21101.18,559.29004
2023-01-20 01:45:00,21101.18,21114.76,21094.82,21108.26,531.08265
2023-01-20 01:50:00,21108.28,21122.07,21099.07,21117.45,743.62963
2023-01-20 01:55:00,21116.92,21133.64,21114.07,21117.28,753.9119
2023-01-20 02:00:00,21116.44,21148.39,21114.82,21127.16,956.69733
2023-01-20 02:05:00,21126.7,21129.33,21108.33,21120.9,627.08418
2023-01-20 02:10:00,21120.15,21130.78,21098.59,21099.91,684.42786
2023-01-20 02:15:00,21098.85,21162.33,21096.96,21160.29,915.96049
2023-01-20 02:20:00,21161.17,21176.85,21136.46,21153.71,1273.41677
2023-01-20 02:25:00,21154.75,21182.45,21148.25,21169.88,939.60253
2023-01-20 02:30:00,21169.88,21219.6,21143.34,21149.0,1842.71079
2023-01-20 02:35:00,21148.02,21166.38,21114.0,21126.7,1230.56086
2023-01-20 02:40:00,21125.6,21128.43,21101.48,21106.52,864.19369
2023-01-20 02:45:00,21106.5,21119.36,21086.99,21107.98,925.87078
2023-01-20 02:50:00,21108.2,21116.28,21084.93,21087.95,696.81353
2023-01-20 02:55:00,21087.95,21098.4,21078.55,21079.66,589.79476
2023-01-20 03:00:00,21079.66,21113.21,21076.48,21102.25,791.8662
2023-01-20 03:05:00,21102.25,21108.47,21094.38,21103.15,365.6587
2023-01-20 03:10:00,21103.15,21104.14,21087.24,21090.74,605.99433
2023-01-20 03:15:00,21090.74,21102.03,21058.02,21063.92,904.33238
2023-01-20 03:20:00,21064.42,21095.62,21060.94,21089.99,561.72529
2023-01-20 03:25:00,21089.99,21105.97,21089.34,21096.44,421.91443
2023-01-20 03:30:00,21096.02,21108.69,21094.84,21095.5,400.55265
2023-01-20 03:35:00,21095.5,21098.89,21075.01,21080.11,543.63226
2023-01-20 03:40:00,21080.98,21109.78,21075.85,21105.52,619.3977
2023-01-20 03:45:00,21105.52,21113.61,21093.23,21098.74,631.2884
2023-01-20 03:50:00,21098.36,21104.53,21088.32,21094.38,511.8958
2023-01-20 03:55:00,21093.71,21094.89,21073.45,21087.74,516.28195
2023-01-20 04:00:00,21087.74,21097.12,21083.35,21095.94,483.97973
2023-01-20 04:05:00,21095.94,21098.32,21080.51,21084.82,413.52552
2023-01-20 04:10:00,21084.82,21102.74,21083.88,21100.47,431.30525
2023-01-20 04:15:00,21100.83,21111.73,21095.13,21110.85,490.62123
2023-01-20 04:20:00,21111.3,21117.89,21104.44,21107.5,494.37293
2023-01-20 04:25:00,21107.5,21127.22,21100.36,21123.72,570.34014
2023-01-20 04:30:00,21123.72,21127.33,21108.81,21109.3,639.702
2023-01-20 04:35:00,21109.3,21114.07,21076.65,21079.53,729.09998
2023-01-20 04:40:00,21079.02,21082.34,21033.92,21037.37,1537.9773
2023-01-20 04:45:00,21037.37,21056.41,21026.69,21049.13,1056.21385
2023-01-20 04:50:00,21049.63,21055.93,20974.79,20983.04,1826.6369
2023-01-20 04:55:00,20983.03,21006.06,20972.24,20991.01,1240.94914
2023-01-20 05:00:00,20991.01,21008.9,20953.23,21005.54,1603.20504
2023-01-20 05:05:00,21006.29,21018.52,20990.92,21005.63,885.55761
2023-01-20 05:10:00,21005.63,21021.6,20996.59,21018.95,787.43744
2023-01-20 05:15:00,21018.95,21037.78,21014.09,21022.84,839.48881
2023-01-20 05:20:00,21022.84,21023.31,20981.19,20984.13,878.86734
2023-01-20 05:25:00,20984.94,20993.32,20964.29,20981.81,912.91062
2023-01-20 05:30:00,20982.11,20989.12,20958.81,20972.31,881.63909
2023-01-20 05:35:00,20972.31,20997.76,20965.72,20969.74,737.42985
2023-01-20 05:40:00,20969.74,20981.36,20954.0,20972.72,875.92533
2023-01-20 05:45:00,20972.72,20995.9,20967.86,20991.29,582.15381
2023-01-20 05:50:00,20991.29,21009.05,20985.37,20986.75,575.20643
2023-01-20 05:55:00,20987.34,20997.38,20974.7,20982.27,552.03636
2023-01-20 06:00:00,20983.09,20983.09,20946.12,20975.17,841.96647
2023-01-20 06:05:00,20973.9,20994.16,20969.46,20992.86,641.82203
2023-01-20 06:10:00,20992.86,20996.74,20967.71,20973.47,582.21712
2023-01-20 06:15:00,20973.47,20973.48,20926.14,20946.91,1314.33332
2023-01-20 06:20:00,20946.91,20976.95,20931.5,20974.03,909.98144
2023-01-20 06:25:00,20974.71,20987.96,20961.4,20982.3,826.30247
2023-01-20 06:30:00,20982.3,20999.8,20976.04,20985.82,622.65691
2023-01-20 06:35:00,20985.82,20991.59,20966.74,20980.09,590.78615
2023-01-20 06:40:00,20980.09,20981.23,20961.06,20971.93,603.45222
2023-01-20 06:45:00,20972.94,20985.66,20962.22,20974.93,566.31948
2023-01-20 06:50:00,20974.5,20980.7,20952.86,20959.19,633.29442
2023-01-20 06:55:00,20958.69,20961.67,20933.91,20943.73,676.4906
2023-01-20 07:00:00,20943.73,20958.94,20935.65,20954.7,507.55372
2023-01-20 07:05:00,20955.43,20956.0,20942.0,20950.99,388.88466
2023-01-20 07:10:00,20952.0,20952.3,20921.05,20927.16,783.18129
2023-01-20 07:15:00,20928.04,20928.62,20861.28,20918.52,2113.76183
2023-01-20 07:20:00,20919.41,20954.17,20912.0,20950.84,932.14017
2023-01-20 07:25:00,20950.07,20977.41,20948.81,20975.21,994.36244
2023-01-20 07:30:00,20975.21,20980.37,20954.42,20972.85,794.34559
2023-01-20 07:35:00,20972.85,20987.0,20968.13,20968.14,611.72475
2023-01-20 07:40:00,20968.52,20984.99,20967.01,20983.08,660.66133
2023-01-20 07:45:00,20982.28,20984.59,20969.22,20977.71,615.90913
2023-01-20 07:50:00,20977.71,20979.65,20947.66,20952.0,741.01767
2023-01-20 07:55:00,20951.62,20963.28,20950.07,20959.44,495.68334
2023-01-20 08:00:00,20958.43,20964.53,20947.32,20954.96,684.22044
2023-01-20 08:05:00,20954.96,20976.35,20946.27,20967.41,872.55284
2023-01-20 08:10:00,20967.95,20972.97,20950.0,20956.13,572.94389
2023-01-20 08:15:00,20956.13,20965.89,20948.58,20965.59,538.24482
2023-01-20 08:20:00,20965.59,20969.41,20928.96,20930.46,844.02107
2023-01-23 21:05:00,22969.19,22993.29,22938.66,22968.04,866.52741
2023-01-23 21:10:00,22969.3,22971.5,22937.54,22957.27,632.68972
2023-01-23 21:15:00,22958.06,22978.82,22937.87,22958.2,667.7457
2023-01-23 21:20:00,22957.11,22983.92,22952.99,22978.26,547.88028
2023-01-23 21:25:00,22977.62,22991.58,22968.38,22983.75,565.86522
2023-01-23 21:30:00,22983.75,22993.29,22958.77,22977.14,476.4857
2023-01-23 21:35:00,22977.14,22988.99,22961.64,22965.93,475.30019
2023-01-23 21:40:00,22966.69,23015.03,22964.79,23012.93,621.50249
2023-01-23 21:45:00,23012.93,23014.52,22957.64,22968.91,629.51809
2023-01-23 21:50:00,22968.91,22991.0,22942.24,22989.46,636.90615
2023-01-23 21:55:00,22989.47,23003.5,22969.38,22996.0,646.54488
2023-01-23 22:00:00,22996.82,22998.35,22963.8,22974.38,484.50005
2023-01-23 22:05:00,22973.68,23029.66,22973.21,23025.59,654.17897
2023-01-23 22:10:00,23025.59,23034.46,22959.72,22967.77,789.94746
2023-01-23 22:15:00,22967.77,22991.01,22966.58,22977.02,389.4047
2023-01-23 22:20:00,22977.02,22990.85,22970.74,22973.3,314.32452
2023-01-23 22:25:00,22972.08,22995.0,22967.4,22981.37,516.85376
2023-01-23 22:30:00,22981.69,22986.34,22972.01,22977.68,267.19784
2023-01-23 22:35:00,22977.68,23005.11,22972.74,22975.99,659.51398
2023-01-23 22:40:00,22975.99,22977.0,22931.31,22947.12,774.88852
2023-01-23 22:45:00,22945.72,22975.0,22944.8,22950.32,347.49712
2023-01-23 22:50:00,22950.45,22955.8,22852.01,22897.01,760.48685
2023-01-23 22:55:00,22897.01,22930.0,22894.39,22925.32,493.23522
2023-01-23 23:00:00,22925.32,22935.0,22888.02,22927.89,869.38762
2023-01-23 23:05:00,22926.37,22937.0,22902.26,22920.15,627.8288
2023-01-23 23:10:00,22920.15,22921.35,22885.0,22906.04,640.94457
2023-01-23 23:15:00,22907.01,22908.61,22869.12,22893.42,564.37579
2023-01-23 23:20:00,22894.27,22907.06,22877.06,22902.28,489.39469
2023-01-23 23:25:00,22902.28,22931.15,22901.55,22923.82,576.81694
2023-01-23 23:30:00,22923.8,22945.46,22890.46,22906.22,743.16621
2023-01-23 23:35:00,22907.07,22942.06,22902.33,22939.53,568.15432
2023-01-23 23:40:00,22939.53,22947.66,22930.46,22935.82,434.59775
2023-01-23 23:45:00,22936.65,22959.92,22926.87,22945.67,593.91266
2023-01-23 23:50:00,22946.96,22954.0,22942.0,22943.92,354.48844
2023-01-23 23:55:00,22943.92,22952.91,22904.25,22916.45,583.78914
2023-01-24 00:00:00,22917.81,22937.31,22892.2,22920.85,914.17473
2023-01-24 00:05:00,22920.85,22921.36,22864.67,22902.96,1424.44174
2023-01-24 00:10:00,22902.96,22946.69,22895.97,22942.09,1045.27793
2023-01-24 00:15:00,22942.09,22959.36,22926.01,22952.11,767.11034
2023-01-24 00:20:00,22951.39,22978.1,22938.0,22954.59,872.61078
2023-01-24 00:25:00,22955.49,22988.0,22954.59,22977.46,785.27218
2023-01-24 00:30:00,22976.88,23009.79,22965.45,22998.84,1115.96328
2023-01-24 00:35:00,22998.84,23003.75,22972.17,22981.56,891.14443
2023-01-24 00:40:00,22981.56,22989.0,22962.01,22974.17,783.58797
2023-01-24 00:45:00,22974.13,22990.95,22948.58,22961.84,972.98991
2023-01-24 00:50:00,22962.69,22974.93,22937.11,22964.56,777.18068
2023-01-24 00:55:00,22963.79,22989.24,22956.78,22986.44,725.09912
2023-01-24 01:00:00,22985.52,23030.0,22982.81,23002.6,1146.25076
2023-01-24 01:05:00,23001.92,23022.91,22987.59,23006.99,890.44868
2023-01-24 01:10:00,23008.13,23015.01,22976.04,22980.7,693.72547
2023-01-24 01:15:00,22979.92,23005.9,22971.44,22979.39,738.83466
2023-01-24 01:20:00,22978.54,22996.61,22965.4,22966.04,668.2046
2023-01-24 01:25:00,22966.69,22976.04,22930.14,22948.14,886.78935
2023-01-24 01:30:00,22947.29,22966.0,22930.12,22962.21,1002.0092
2023-01-24 01:35:00,22963.21,22980.87,22961.25,22971.95,639.82835
2023-01-24 01:40:00,22971.95,22990.46,22967.77,22972.4,579.35299
2023-01-24 01:45:00,22972.4,23023.42,22971.1,23018.24,1037.92555
2023-01-24 01:50:00,23018.23,23093.61,23008.0,23070.78,1662.39226
2023-01-24 01:55:00,23071.13,23105.52,23045.88,23089.46,1395.15209
2023-01-24 02:00:00,23088.48,23117.09,23068.26,23107.25,1374.71344
2023-01-24 02:05:00,23107.25,23120.0,23077.65,23103.63,1279.78627
2023-01-24 02:10:00,23102.87,23107.12,23074.57,23095.21,676.99545
2023-01-24 02:15:00,23096.18,23135.58,23095.1,23133.43,926.26903
2023-01-24 02:20:00,23133.41,23143.56,23120.0,23138.13,831.98936
2023-01-24 02:25:00,23138.88,23144.76,23087.3,23116.75,1144.06741
2023-01-24 02:30:00,23116.75,23127.64,23080.03,23103.48,824.55703
2023-01-24 02:35:00,23103.48,23106.65,23040.5,23082.87,1032.6488
2023-01-24 02:40:00,23083.67,23099.18,23067.2,23085.46,746.88527
2023-01-24 02:45:00,23086.25,23092.27,23046.66,23049.99,855.42276
2023-01-24 02:50:00,23048.99,23074.37,23040.4,23056.32,837.64173
2023-01-24 02:55:00,23056.86,23078.0,23036.27,23036.68,706.89223
2023-01-24 03:00:00,23036.68,23058.84,23031.17,23046.16,726.76879
2023-01-24 03:05:00,23046.16,23047.0,23022.0,23038.2,773.88902
2023-01-24 03:10:00,23038.86,23044.0,23015.61,23034.26,658.89101
2023-01-24 03:15:00,23033.72,23052.91,23029.44,23032.97,544.09371
2023-01-24 03:20:00,23033.73,23034.47,23002.31,23012.81,999.61261
2023-01-24 03:25:00,23012.81,23026.9,23003.24,23022.83,557.1121
2023-01-24 03:30:00,23022.83,23043.48,23015.32,23033.36,583.01124
2023-01-24 03:35:00,23032.88,23066.51,23031.57,23055.2,718.80641
2023-01-24 03:40:00,23056.37,23064.59,23044.0,23048.82,530.79911
2023-01-24 03:45:00,23048.82,23068.0,23035.85,23063.11,449.93074
2023-01-24 03:50:00,23063.11,23072.58,23053.1,23057.36,615.74303
2023-01-24 03:55:00,23058.68,23084.0,23057.36,23079.27,620.28118
2023-01-24 04:00:00,23079.87,23091.55,23070.09,23077.89,713.93269
2023-01-24 04:05:00,23078.62,23091.58,23067.18,23086.61,531.5841
2023-01-24 04:10:00,23087.27,23094.29,23070.65,23090.09,579.89435
2023-01-24 04:15:00,23091.1,23092.84,23074.76,23077.03,512.18103
2023-01-24 04:20:00,23076.24,23119.09,23066.23,23113.49,948.76837
2023-01-24 04:25:00,23113.51,23121.66,23087.08,23103.37,725.24829
2023-01-24 04:30:00,23102.44,23108.0,23086.82,23090.61,517.3648
2023-01-24 04:35:00,23090.61,23093.44,23062.82,23076.67,723.59397
2023-01-24 04:40:00,23077.69,23099.0,23075.02,23092.13,533.63953
2023-01-24 04:45:00,23092.79,23097.5,23076.44,23089.55,468.37419
2023-01-24 04:50:00,23089.55,23094.99,23064.23,23066.22,568.59871
2023-01-24 04:55:00,23065.31,23080.12,23065.31,23072.15,431.55591
2023-01-24 05:00:00,23072.17,23077.37,23045.33,23051.3,744.11826
2023-01-24 05:05:00,23051.3,23062.43,23026.01,23038.61,829.58815
2023-01-24 05:10:00,23037.93,23058.64,23030.99,23050.38,549.98013
2023-01-24 05:15:00,23050.52,23058.28,23036.0,23052.83,492.74761
2023-01-24 05:20:00,23052.83,23068.04,23045.43,23052.92,538.88344
2023-01-24 05:25:00,23053.45,23078.0,23052.11,23070.87,527.21299
2023-01-24 05:30:00,23070.78,23109.99,23069.5,23102.42,1017.99225
2023-01-24 05:35:00,23102.42,23129.53,23082.37,23122.07,1382.44073
2023-01-24 05:40:00,23122.07,23162.2,23116.51,23151.44,1656.67115
2023-01-24 05:45:00,23152.61,23160.99,23095.6,23110.94,1139.64135
2023-01-24 05:50:00,23110.06,23128.69,23089.97,23101.96,807.39249
2023-01-24 05:55:00,23100.95,23127.59,23097.33,23118.17,691.51768
2023-01-24 06:00:00,23118.44,23141.44,23114.44,23132.19,974.93193
2023-01-24 06:05:00,23131.48,23155.82,23126.26,23133.4,864.62761
2023-01-24 06:10:00,23133.35,23138.97,23116.96,23125.19,703.038
2023-01-24 06:15:00,23124.68,23145.44,23119.51,23138.39,829.32841
2023-01-24 06:20:00,23138.99,23143.26,23129.0,23130.92,413.11267
2023-01-24 06:25:00,23130.92,23135.0,23110.03,23132.86,715.65836
2023-01-24 06:30:00,23132.79,23134.47,23090.17,23094.69,700.62713
2023-01-24 06:35:00,23094.69,23125.48,23090.21,23123.9,684.67194
2023-01-24 06:40:00,23124.08,23132.82,23107.85,23108.67,532.43084
2023-01-24 06:45:00,23107.89,23117.86,23104.0,23104.9,372.38458
2023-01-24 06:50:00,23104.9,23112.91,23096.19,23097.42,542.34048
2023-01-24 06:55:00,23097.42,23105.0,23062.55,23095.63,1009.77641
2023-01-24 07:00:00,23094.85,23112.18,23093.69,23107.77,670.28774
2023-01-24 07:05:00,23106.95,23110.61,23085.76,23091.55,630.61608
2023-01-24 07:10:00,23090.91,23108.81,23088.0,23105.29,575.36949
2023-01-24 07:15:00,23104.99,23124.0,23103.75,23121.37,561.91007
2023-01-24 07:20:00,23122.03,23128.99,23091.0,23093.35,774.54763
2023-01-24 07:25:00,23093.35,23105.25,23086.01,23091.23,635.77337
2023-01-24 07:30:00,23092.3,23094.0,23075.62,23089.73,686.66092
2023-01-24 07:35:00,23088.97,23098.57,23083.3,23090.16,573.73738
2023-01-24 07:40:00,23090.15,23092.52,23040.06,23059.15,979.12408
2023-01-24 07:45:00,23059.83,23066.37,23006.98,23053.69,1119.81096
2023-01-24 07:50:00,23054.51,23063.84,23031.3,23052.66,634.39181
2023-01-24 07:55:00,23052.66,23061.0,23037.19,23054.08,632.1132
2023-01-24 08:00:00,23054.7,23069.0,23053.88,23062.99,603.53495
2023-01-24 08:05:00,23063.74,23067.45,23034.68,23036.03,823.70721
2023-01-24 08:10:00,23036.04,23053.74,23033.8,23043.55,570.62603
2023-01-24 08:15:00,23042.69,23067.9,23042.24,23066.16,595.58717
2023-01-24 08:20:00,23066.16,23082.45,23054.21,23077.37,647.04836
2023-01-24 08:25:00,23077.0,23090.25,23068.39,23073.76,602.1439
2023-01-24 08:30:00,23072.93,23078.53,23042.29,23054.78,772.20736
2023-01-24 08:35:00,23054.78,23068.46,23044.31,23062.5,595.70857
2023-01-24 08:40:00,23063.57,23089.11,23062.5,23078.19,564.01678
2023-01-24 08:45:00,23078.19,23081.64,23049.0,23057.51,635.72373
2023-01-24 08:50:00,23057.51,23069.65,23052.12,23056.28,536.11967
2023-01-24 08:55:00,23056.81,23065.79,23045.0,23053.12,577.99961
2023-01-24 09:00:00,23052.67,23058.29,22825.0,22925.41,3710.52496
2023-01-24 09:05:00,22927.17,22974.61,22907.08,22924.5,2258.82482
2023-01-24 09:10:00,22925.65,22951.97,22872.79,22919.43,2131.76745
2023-01-24 09:15:00,22920.56,22935.13,22895.53,22925.52,1271.66526
2023-01-24 09:20:00,22925.52,22958.0,22914.24,22940.98,949.71337
2023-01-24 09:25:00,22939.82,22949.57,22886.87,22917.4,1367.76962
2023-01-24 09:30:00,22918.25,22926.46,22865.59,22882.9,1350.58411
2023-01-24 09:35:00,22881.11,22899.0,22818.8,22868.28,2039.54706
2023-01-24 09:40:00,22868.28,22879.64,22770.0,22809.93,2216.74694
2023-01-24 09:45:00,22809.93,22872.35,22801.86,22868.59,1254.84622
2023-01-24 09:50:00,22867.65,22889.41,22853.15,22870.72,1121.66126
2023-01-24 09:55:00,22870.71,22872.75,22830.87,22852.79,966.81111
2023-01-24 10:00:00,22852.21,22903.2,22846.12,22898.66,1072.69233
2023-01-24 10:05:00,22899.48,22906.93,22885.68,22890.14,762.49886
2023-01-24 10:10:00,22889.33,22902.72,22865.78,22884.56,673.49222
2023-01-24 10:15:00,22884.56,22888.5,22859.52,22863.53,979.57517
2023-01-24 10:20:00,22864.14,22914.97,22860.31,22913.44,752.26095
2023-01-24 10:25:00,22913.44,22924.88,22903.75,22915.24,882.35597
2023-01-24 10:30:00,22915.24,22924.36,22897.81,22917.9,775.02555
2023-01-24 10:35:00,22917.14,22940.98,22910.0,22930.26,922.63213
2023-01-24 10:40:00,22929.34,22942.7,22921.19,22931.49,904.81636
2023-01-24 10:45:00,22931.49,22941.08,22901.01,22921.14,1112.00383
2023-01-24 10:50:00,22920.61,22928.37,22911.13,22918.59,497.22484
2023-01-24 10:55:00,22919.26,22933.54,22901.55,22902.51,623.48288
2023-01-24 11:00:00,22902.51,22917.0,22893.98,22900.47,667.86349
2023-01-24 11:05:00,22899.54,22905.86,22877.98,22880.1,713.9708
2023-01-24 11:10:00,22880.11,22920.0,22870.0,22904.61,695.48457
2023-01-24 11:15:00,22904.17,22914.41,22888.47,22888.8,587.71391
2023-01-24 11:20:00,22890.01,22908.93,22885.73,22906.03,568.76369
2023-01-24 11:25:00,22906.03,22930.38,22901.64,22922.55,830.75298
2023-01-24 11:30:00,22923.22,22933.32,22917.58,22927.19,576.84978
2023-01-24 11:35:00,22927.2,22931.58,22905.62,22912.43,707.46368
2023-01-24 11:40:00,22913.13,22924.88,22900.0,22901.73,556.78103
2023-01-24 11:45:00,22902.47,22908.18,22866.23,22886.44,776.40693
2023-01-24 11:50:00,22886.9,22900.0,22875.0,22882.15,534.09711
2023-01-24 11:55:00,22882.94,22926.75,22879.48,22917.66,746.06405
2023-01-24 12:00:00,22917.11,22925.29,22900.54,22909.36,730.0459
2023-01-24 12:05:00,22908.6,22931.65,22906.83,22909.36,560.34775
2023-01-24 12:10:00,22908.81,22913.13,22882.09,22890.01,899.57064
2023-01-24 12:15:00,22891.01,22910.0,22885.62,22894.57,559.44814
2023-01-24 12:20:00,22893.62,22908.99,22890.15,22905.17,447.59763
2023-01-24 12:25:00,22905.17,22999.72,22903.5,22996.13,1597.62189
2023-01-24 12:30:00,22994.94,23035.31,22968.48,23010.73,1577.85625
2023-01-24 12:35:00,23010.41,23011.04,22968.2,22970.93,925.19743
2023-01-24 12:40:00,22971.57,22991.26,22966.31,22987.43,570.48244
2023-01-24 12:45:00,22988.01,22990.13,22962.59,22980.54,545.94021
2023-01-24 12:50:00,22979.12,22985.64,22962.54,22965.99,452.90655
2023-01-24 12:55:00,22965.99,22981.38,22957.6,22964.13,642.90629
2023-01-24 13:00:00,22963.2,22981.58,22958.22,22976.0,577.93538
2023-01-24 13:05:00,22976.73,23016.8,22972.2,23008.56,672.73234
2023-01-24 13:10:00,23007.26,23013.71,22990.94,23000.22,725.01989
2023-01-24 13:15:00,23000.97,23012.68,22974.65,22976.62,620.10888
2023-01-24 13:20:00,22976.62,23001.99,22970.0,22999.05,543.43577
2023-01-24 13:25:00,22998.51,22999.18,22942.36,22956.13,1174.87391
2023-01-24 13:30:00,22957.52,22975.0,22870.95,22896.21,1611.22893
2023-01-24 13:35:00,22896.21,22909.84,22825.0,22844.62,1687.24134
2023-01-24 13:40:00,22844.63,22878.1,22785.01,22826.18,2647.15259
2023-01-24 13:45:00,22827.04,22883.0,22816.79,22864.88,1327.45983
2023-01-24 13:50:00,22863.46,22880.21,22840.39,22860.49,1020.15822
2023-01-24 13:55:00,22859.43,22867.11,22836.54,22859.93,919.7487
2023-01-24 14:00:00,22860.37,22875.97,22803.74,22871.49,1589.18565
2023-01-24 14:05:00,22872.81,22936.0,22869.86,22903.19,1747.75712
2023-01-24 14:10:00,22903.19,22946.55,22899.48,22937.04,999.30107
2023-01-24 14:15:00,22937.04,22939.69,22850.29,22859.64,1325.82935
2023-01-24 14:20:00,22859.64,22872.92,22808.37,22832.49,1633.11613
2023-01-24 14:25:00,22833.28,22871.96,22800.01,22851.77,1599.38811
2023-01-24 14:30:00,22853.65,22886.4,22711.0,22829.01,4150.20256
2023-01-24 14:35:00,22829.03,22835.58,22761.02,22798.93,2089.21714
2023-01-24 14:40:00,22800.41,22874.27,22792.89,22843.16,1822.84002
2023-01-24 14:45:00,22843.16,22899.99,22803.4,22862.08,2599.29248
2023-01-24 14:50:00,22863.2,22961.18,22846.28,22952.01,2069.90316
2023-01-24 14:55:00,22952.01,22960.25,22847.52,22859.1,1971.14448
2023-01-24 15:00:00,22859.1,22880.52,22803.69,22812.26,2047.89017
2023-01-24 15:05:00,22810.52,22843.75,22750.01,22831.83,2579.73643
2023-01-24 15:10:00,22831.83,22894.08,22806.56,22890.44,1886.86959
2023-01-24 15:15:00,22887.22,22920.67,22843.2,22865.71,1899.72276
2023-01-24 15:20:00,22865.71,22889.4,22844.43,22850.73,1328.99775
2023-01-24 15:25:00,22852.37,22913.71,22846.85,22909.91,1228.49962
2023-01-24 15:30:00,22908.8,22924.14,22886.43,22890.45,1155.34002
2023-01-24 15:35:00,22890.45,22894.45,22856.13,22863.7,1045.48017
2023-01-24 15:40:00,22862.94,22911.99,22858.43,22907.63,1025.25916
2023-01-24 15:45:00,22909.13,22954.99,22894.57,22936.84,1713.64381
2023-01-24 15:50:00,22935.39,22943.34,22901.01,22935.83,1069.91077
2023-01-24 15:55:00,22934.65,22959.88,22921.23,22931.36,1075.44199
2023-01-24 16:00:00,22931.36,22943.26,22923.96,22926.25,788.8582
2023-01-24 16:05:00,22925.65,22926.69,22886.66,22893.29,937.2416
2023-01-24 16:10:00,22893.82,22930.99,22873.31,22892.77,961.73492
2023-01-24 16:15:00,22892.77,22917.01,22868.75,22908.01,1087.84681
2023-01-24 16:20:00,22906.62,22923.94,22880.69,22917.43,756.77928
2023-01-24 16:25:00,22917.42,22949.26,22910.52,22942.92,859.84795
2023-01-24 16:30:00,22943.63,22946.7,22891.0,22902.87,849.4732
2023-01-24 16:35:00,22902.28,22913.28,22885.11,22899.66,705.12791
2023-01-24 16:40:00,22900.63,22907.37,22875.24,22902.79,681.61775
2023-01-24 16:45:00,22902.06,22915.51,22876.01,22881.31,637.10912
2023-01-24 16:50:00,22881.31,22899.45,22841.48,22867.6,1138.99718
2023-01-24 16:55:00,22867.6,22888.13,22843.04,22875.18,921.03779
2023-01-24 17:00:00,22875.18,22875.61,22801.0,22827.52,1422.97302
2023-01-24 17:05:00,22828.32,22859.57,22785.59,22851.32,1739.21448
2023-01-24 17:10:00,22851.15,22889.52,22843.95,22876.83,1082.01428
2023-01-24 17:15:00,22877.52,22927.37,22856.74,22921.34,1402.57403
2023-01-24 17:20:00,22920.27,22925.67,22892.66,22911.44,771.52675
2023-01-24 17:25:00,22911.44,22925.67,22885.0,22900.78,853.92345
2023-01-24 17:30:00,22900.32,22907.21,22868.68,22890.96,1019.31412
2023-01-24 17:35:00,22890.96,22922.29,22876.0,22912.09,787.00381
2023-01-24 17:40:00,22912.95,22922.81,22894.24,22897.71,843.69561
2023-01-24 17:45:00,22898.14,22918.82,22889.06,22894.64,715.42535
2023-01-24 17:50:00,22894.64,22913.57,22887.92,22909.99,613.07402
2023-01-24 17:55:00,22909.99,22922.72,22895.08,22913.49,853.15241
2023-01-24 18:00:00,22913.49,22933.0,22879.34,22884.93,1001.53125
2023-01-24 18:05:00,22886.44,22919.43,22877.19,22913.68,760.07614
2023-01-24 18:10:00,22913.69,23002.64,22912.28,22995.35,1928.62674
2023-01-24 18:15:00,22995.36,23050.0,22976.7,23003.12,1592.6497
2023-01-24 18:20:00,23002.08,23018.99,22944.79,23018.15,950.0516
2023-01-24 18:25:00,23017.04,23018.15,22979.89,22994.84,966.40929
2023-01-24 18:30:00,22994.9,23019.58,22978.97,23007.14,1253.11761
2023-01-24 18:35:00,23006.32,23013.21,22992.56,23012.62,641.85691
2023-01-24 18:40:00,23011.89,23042.52,22995.9,23012.28,995.3241
2023-01-24 18:45:00,23012.28,23033.35,23007.12,23017.92,734.11258
2023-01-24 18:50:00,23018.16,23019.65,22980.02,23000.54,919.24607
2023-01-24 18:55:00,22999.42,23020.0,22989.02,22999.85,875.86299
2023-01-24 19:00:00,23000.0,23003.04,22961.85,22971.31,1216.88698
2023-01-24 19:05:00,22972.55,22987.81,22962.55,22975.67,628.87873
2023-01-24 19:10:00,22975.67,22999.0,22971.04,22988.75,566.32258
2023-01-24 19:15:00,22988.75,23010.0,22980.14,22991.06,641.46097
2023-01-24 19:20:00,22991.88,23010.09,22989.34,22996.72,544.67153
2023-01-24 19:25:00,22996.01,23015.94,22991.76,22997.44,598.99747
2023-01-24 19:30:00,22997.44,23014.31,22993.81,22999.22,558.20493
2023-01-24 19:35:00,23000.31,23009.59,22993.27,23001.59,466.01216
2023-01-24 19:40:00,23001.59,23079.0,22987.0,23029.87,1344.21774
2023-01-24 19:45:00,23029.88,23064.98,23017.77,23017.77,979.45412
2023-01-24 19:50:00,23018.95,23027.97,22990.3,23019.14,969.55462
2023-01-24 19:55:00,23019.14,23032.31,23005.55,23018.53,642.22586
2023-01-24 20:00:00,23017.73,23040.27,23008.07,23016.24,721.90955
2023-01-24 20:05:00,23017.16,23019.71,22983.75,22984.09,777.48057
2023-01-24 20:10:00,22985.18,22994.99,22959.0,22975.78,1212.66
2023-01-24 20:15:00,22974.54,22976.0,22927.8,22956.6,1136.25278
2023-01-24 20:20:00,22956.6,22976.7,22952.55,22971.96,539.55542
2023-01-24 20:25:00,22971.96,22988.81,22950.32,22981.15,671.49605
2023-01-24 20:30:00,22980.34,23010.0,22974.75,22977.12,862.87444
2023-01-24 20:35:00,22976.14,22992.63,22943.65,22947.01,740.01811
2023-01-24 20:40:00,22948.63,22955.88,22887.0,22907.49,1828.10773
2023-01-24 20:45:00,22907.49,22947.53,22879.08,22933.76,1031.66678
2023-01-24 20:50:00,22933.75,23029.91,22928.52,23010.2,1657.17484
2023-01-24 20:55:00,23010.19,23022.0,22982.18,23010.34,890.17534
2023-01-24 21:00:00,23009.3,23080.45,22982.36,23048.38,2354.2271
2023-01-24 21:05:00,23047.36,23059.95,23020.32,23052.78,908.98549
2023-01-24 21:10:00,23052.13,23060.0,22966.83,22995.87,1270.40578
2023-01-24 21:15:00,22996.59,23031.6,22993.73,23022.27,504.51475
2023-01-24 21:20:00,23022.27,23029.54,23005.94,23011.85,397.03519
2023-01-24 21:25:00,23010.56,23026.11,22995.28,22995.5,399.75689
2023-01-24 21:30:00,22995.5,23021.33,22991.65,23015.98,530.84746
2023-01-24 21:35:00,23015.98,23021.07,22966.61,22987.71,644.53122
2023-01-24 21:40:00,22987.71,23005.0,22976.15,22994.6,442.19231
2023-01-24 21:45:00,22993.6,22994.62,22933.66,22966.37,897.9741
2023-01-24 21:50:00,22966.37,22975.67,22818.02,22862.42,2604.00729
2023-01-24 21:55:00,22862.42,22919.03,22831.75,22902.84,1833.13071
2023-01-24 22:00:00,22902.84,22922.96,22841.22,22917.53,1315.1123
2023-01-24 22:05:00,22917.53,22929.63,22874.01,22885.49,1012.0051
2023-01-24 22:10:00,22886.51,22908.9,22835.24,22897.15,1445.47377
2023-01-24 22:15:00,22898.13,22914.9,22865.2,22887.16,820.10716
2023-01-24 22:20:00,22887.16,22904.35,22861.82,22880.15,591.30367
2023-01-24 22:25:00,22880.15,22881.7,22669.42,22693.13,4853.52434
2023-01-24 22:30:00,22693.98,22825.08,22692.24,22787.16,2068.99361
2023-01-24 22:35:00,22785.4,22836.66,22722.6,22748.59,1595.35111
2023-01-24 22:40:00,22750.24,22851.0,22747.63,22825.99,968.13315
2023-01-24 22:45:00,22825.99,22838.63,22738.83,22789.68,814.17095
2023-01-24 22:50:00,22788.07,22797.56,22760.0,22785.33,470.43942
2023-01-24 22:55:00,22784.25,22786.86,22755.0,22755.52,750.10737
2023-01-24 23:00:00,22755.47,22786.96,22690.15,22742.67,1828.92637
2023-01-24 23:05:00,22741.54,22749.53,22640.0,22675.96,1624.57068
2023-01-24 23:10:00,22677.58,22717.59,22626.21,22688.52,1871.16059
2023-01-24 23:15:00,22688.52,22690.1,22526.26,22544.15,3053.81636
2023-01-24 23:20:00,22544.15,22595.0,22462.93,22553.63,3816.58784
2023-01-24 23:25:00,22553.63,22624.84,22548.77,22621.56,1679.9708
2023-01-24 23:30:00,22621.56,22660.63,22562.0,22582.29,1818.54248
2023-01-24 23:35:00,22584.18,22623.99,22543.9,22549.01,998.40965
2023-01-24 23:40:00,22549.01,22621.6,22547.27,22605.96,934.61015
2023-01-24 23:45:00,22607.94,22641.43,22545.15,22631.33,1321.31309
2023-01-24 23:50:00,22630.05,22632.58,22578.94,22621.9,896.37529
2023-01-24 23:55:00,22621.9,22641.48,22607.08,22632.89,888.5686
2023-01-25 00:00:00,22631.94,22665.0,22601.62,22662.66,1096.359
2023-01-25 00:05:00,22662.83,22670.0,22609.12,22643.51,1237.61716
2023-01-25 00:10:00,22643.51,22653.0,22609.12,22639.46,853.02848
2023-01-25 00:15:00,22639.47,22641.59,22565.34,22587.42,1533.6547
2023-01-25 00:20:00,22585.52,22593.89,22498.0,22564.39,2304.16585
2023-01-25 00:25:00,22563.73,22564.54,22505.52,22547.06,1562.75701
2023-01-25 00:30:00,22547.06,22618.68,22500.0,22616.4,2059.67254
2023-01-25 00:35:00,22616.21,22702.89,22599.48,22687.16,2079.84548
2023-01-25 00:40:00,22688.46,22715.06,22653.59,22679.14,1725.82778
2023-01-25 00:45:00,22678.02,22703.44,22671.73,22690.62,984.30582
2023-01-25 00:50:00,22690.61,22700.94,22665.02,22678.54,1092.17274
2023-01-25 00:55:00,22679.45,22699.38,22648.0,22652.23,1363.4403
2023-01-25 01:00:00,22651.23,22665.58,22584.91,22598.29,1528.49586
2023-01-25 01:05:00,22599.92,22621.05,22570.83,22607.07,1155.09662
2023-01-25 01:10:00,22606.22,22607.35,22528.26,22592.46,1643.70461
2023-01-25 01:15:00,22591.77,22596.15,22520.0,22553.6,1794.78236
2023-01-25 01:20:00,22552.15,22553.59,22454.2,22463.37,2486.03542
2023-01-25 01:25:00,22464.8,22476.0,22300.0,22379.66,5267.04475
2023-01-25 01:30:00,22377.0,22449.0,22362.06,22406.75,2009.51967
2023-01-25 01:35:00,22406.76,22465.52,22400.0,22457.8,1068.64199
2023-01-25 01:40:00,22459.28,22485.66,22440.0,22469.49,1015.18056
2023-01-25 01:45:00,22470.12,22483.56,22440.0,22477.21,846.74368
2023-01-25 01:50:00,22477.21,22488.93,22447.69,22488.66,782.55786
2023-01-25 01:55:00,22488.66,22495.18,22461.02,22490.64,807.03539
2023-01-25 02:00:00,22491.58,22518.0,22481.31,22517.1,896.65497
2023-01-25 02:05:00,22517.17,22547.64,22504.86,22544.39,976.17513
2023-01-25 02:10:00,22545.43,22553.11,22519.78,22536.32,881.88095
2023-01-25 02:15:00,22536.32,22559.78,22520.75,22549.5,654.32971
2023-01-25 02:20:00,22549.52,22559.32,22523.53,22554.69,768.92396
2023-01-25 02:25:00,22554.69,22587.0,22540.52,22577.37,799.9951
2023-01-25 02:30:00,22577.37,22581.11,22552.4,22556.27,663.18697
2023-01-25 02:35:00,22555.31,22583.25,22547.0,22582.52,671.35592
2023-01-25 02:40:00,22582.34,22597.64,22564.65,22580.23,775.75677
2023-01-25 02:45:00,22580.42,22585.58,22546.86,22549.35,850.67124
2023-01-25 02:50:00,22550.12,22565.93,22527.1,22554.22,721.40385
2023-01-25 02:55:00,22554.21,22555.0,22525.42,22549.89,568.1816
2023-01-25 03:00:00,22550.24,22569.36,22535.09,22564.95,967.85759
2023-01-25 03:05:00,22564.95,22578.65,22550.65,22569.98,714.59267
2023-01-25 03:10:00,22569.59,22599.0,22557.65,22593.76,811.75911
2023-01-25 03:15:00,22594.4,22647.66,22582.78,22638.02,1024.34475
2023-01-25 03:20:00,22639.18,22641.37,22606.75,22619.45,751.66953
2023-01-25 03:25:00,22619.95,22638.75,22613.76,22624.45,708.94534
2023-01-25 03:30:00,22624.38,22650.0,22610.0,22640.23,907.96623
2023-01-25 03:35:00,22640.91,22642.28,22623.91,22627.5,498.8272
2023-01-25 03:40:00,22627.49,22630.36,22619.28,22620.7,461.28662
2023-01-25 03:45:00,22620.71,22626.54,22600.0,22610.79,639.68862
2023-01-25 03:50:00,22612.69,22628.1,22606.85,22627.38,447.55399
2023-01-25 03:55:00,22627.32,22647.83,22622.16,22643.61,640.41004
2023-01-25 04:00:00,22643.04,22649.8,22626.66,22639.95,657.05307
2023-01-25 04:05:00,22639.33,22648.52,22624.83,22642.46,575.23591
2023-01-25 04:10:00,22643.39,22649.9,22635.09,22644.38,476.44615
2023-01-25 04:15:00,22644.06,22650.24,22621.42,22631.31,616.07953
2023-01-25 04:20:00,22631.31,22646.0,22628.43,22645.2,491.10193
2023-01-25 04:25:00,22645.35,22652.34,22641.41,22648.61,589.4116
2023-01-25 04:30:00,22648.61,22658.64,22638.42,22649.78,706.58944
2023-01-25 04:35:00,22649.78,22652.07,22633.46,22643.73,466.1113
2023-01-25 04:40:00,22643.73,22644.98,22629.6,22637.72,470.32124
2023-01-25 04:45:00,22637.72,22652.73,22636.89,22649.2,469.93612
2023-01-25 04:50:00,22648.12,22653.39,22629.63,22633.45,496.23704
2023-01-25 04:55:00,22633.31,22637.52,22620.12,22624.83,527.04374
2023-01-25 05:00:00,22625.32,22636.43,22614.4,22635.14,481.36218
2023-01-25 05:05:00,22635.14,22641.4,22617.01,22623.34,548.67235
2023-01-25 05:10:00,22623.51,22625.95,22606.04,22615.42,590.09902
2023-01-25 05:15:00,22615.41,22628.49,22606.56,22627.14,429.08306
2023-01-25 05:20:00,22626.18,22670.63,22622.02,22660.4,1021.8989
2023-01-25 05:25:00,22660.4,22693.85,22659.56,22688.66,876.93402
2023-01-25 05:30:00,22688.66,22737.58,22671.0,22681.43,1363.31568
2023-01-25 05:35:00,22681.43,22685.78,22650.24,22672.17,815.36837
2023-01-25 05:40:00,22671.36,22688.01,22664.35,22674.57,508.3008
2023-01-25 05:45:00,22674.18,22691.38,22656.0,22682.98,652.86198
2023-01-25 05:50:00,22682.78,22686.9,22660.39,22672.48,481.64913
2023-01-25 05:55:00,22671.82,22683.0,22663.51,22670.72,381.26505
2023-01-25 06:00:00,22671.42,22679.57,22660.78,22661.82,557.49436
2023-01-25 06:05:00,22662.9,22666.0,22640.8,22653.41,544.42008
2023-01-25 06:10:00,22652.66,22659.2,22634.86,22646.19,648.86513
2023-01-25 06:15:00,22646.19,22671.29,22645.59,22660.98,502.23925
2023-01-25 06:20:00,22660.84,22686.35,22656.17,22681.92,530.07518
2023-01-25 06:25:00,22682.72,22695.17,22663.95,22692.63,575.25966
2023-01-25 06:30:00,22691.85,22710.2,22682.0,22686.86,753.63105
2023-01-25 06:35:00,22685.93,22727.01,22680.63,22711.55,852.94759
2023-01-25 06:40:00,22711.55,22724.71,22695.05,22718.82,708.07044
2023-01-25 06:45:00,22718.09,22727.64,22700.23,22719.99,659.28515
2023-01-25 06:50:00,22719.31,22739.18,22703.83,22733.14,834.34913
2023-01-25 06:55:00,22733.93,22734.51,22707.0,22713.76,510.51523
2023-01-25 07:00:00,22713.59,22720.94,22694.79,22714.37,556.64449
2023-01-25 07:05:00,22713.76,22735.79,22709.77,22729.01,544.05421
2023-01-25 07:10:00,22729.61,22743.23,22716.39,22730.5,993.73961
2023-01-25 07:15:00,22731.88,22745.19,22714.0,22739.06,800.67784
2023-01-25 07:20:00,22738.55,22772.0,22714.21,22715.04,1006.73698
2023-01-25 07:25:00,22714.41,22731.55,22708.0,22724.22,699.54833
2023-01-25 07:30:00,22723.61,22728.9,22708.71,22726.34,598.75185
2023-01-25 07:35:00,22726.35,22733.87,22716.2,22730.48,560.75516
2023-01-25 07:40:00,22730.01,22750.0,22725.34,22729.27,524.94391
2023-01-25 07:45:00,22729.27,22748.99,22718.32,22721.29,505.93136
2023-01-25 07:50:00,22722.05,22738.66,22719.14,22720.25,443.84568
2023-01-25 07:55:00,22720.11,22729.0,22706.52,22712.45,488.07464
2023-01-25 08:00:00,22711.85,22735.0,22710.14,22731.82,695.92634
2023-01-25 08:05:00,22731.82,22739.11,22703.68,22715.62,822.41559
2023-01-25 08:10:00,22714.66,22723.26,22694.22,22696.46,763.37064
2023-01-25 08:15:00,22696.46,22703.96,22659.84,22685.08,1009.52861
2023-01-25 08:20:00,22685.08,22689.07,22660.98,22671.47,658.16067
2023-01-25 08:25:00,22671.47,22689.78,22661.48,22674.62,790.05134
2023-01-25 08:30:00,22675.72,22703.19,22670.0,22694.91,589.69235
2023-01-25 08:35:00,22695.63,22698.7,22681.0,22698.28,419.9709
2023-01-25 08:40:00,22698.28,22710.86,22693.7,22699.17,455.13506
2023-01-25 08:45:00,22698.56,22711.55,22687.56,22693.69,547.54032
2023-01-25 08:50:00,22694.42,22697.77,22671.27,22683.01,565.59716
2023-01-25 08:55:00,22683.01,22683.25,22655.67,22659.72,664.49934
2023-01-25 09:00:00,22659.71,22680.97,22642.8,22644.5,952.23619
2023-01-25 09:05:00,22644.5,22666.41,22638.99,22644.07,681.61623
2023-01-25 09:10:00,22644.07,22649.54,22620.15,22633.49,824.92475
2023-01-25 09:15:00,22632.64,22655.39,22581.39,22611.09,1340.39426
2023-01-25 09:20:00,22611.93,22627.73,22570.76,22620.72,1198.75985
2023-01-25 09:25:00,22619.73,22663.66,22617.84,22657.67,892.18717
2023-01-25 09:30:00,22657.67,22695.28,22657.07,22667.04,815.9599
2023-01-25 09:35:00,22667.04,22690.67,22665.48,22684.62,639.52484
2023-01-25 09:40:00,22684.58,22709.73,22681.36,22692.24,725.25665
2023-01-25 09:45:00,22692.24,22694.94,22660.79,22671.06,681.90488
2023-01-25 09:50:00,22670.02,22671.05,22626.61,22628.55,822.61861
2023-01-25 09:55:00,22628.55,22643.35,22593.03,22607.26,1181.32759
2023-01-25 10:00:00,22607.26,22624.77,22603.0,22620.8,974.59194
2023-01-25 10:05:00,22620.8,22630.78,22544.99,22590.87,1382.63172
2023-01-25 10:10:00,22590.87,22596.19,22500.01,22534.33,1888.79582
2023-01-25 10:15:00,22534.33,22580.09,22475.0,22572.65,1906.36519
2023-01-25 10:20:00,22571.15,22587.04,22555.35,22582.14,1154.21919
2023-01-25 10:25:00,22582.14,22600.81,22573.27,22586.14,778.27455
2023-01-25 10:30:00,22586.14,22592.4,22563.55,22583.82,641.54161
2023-01-25 10:35:00,22583.81,22593.08,22560.53,22568.19,771.26674
2023-01-25 10:40:00,22567.2,22581.63,22521.39,22538.87,860.75692
2023-01-25 10:45:00,22538.86,22563.22,22536.59,22553.77,651.41859
2023-01-25 10:50:00,22553.76,22621.47,22551.61,22618.71,1209.72556
2023-01-25 10:55:00,22619.75,22628.77,22601.86,22611.9,927.92051
2023-01-25 11:00:00,22610.91,22619.55,22597.11,22599.59,568.45485
2023-01-25 11:05:00,22599.59,22623.92,22598.93,22621.96,584.19098
2023-01-25 11:10:00,22621.03,22626.26,22609.04,22612.33,558.72829
2023-01-25 11:15:00,22612.33,22628.42,22593.57,22620.57,615.49752
2023-01-25 11:20:00,22620.57,22626.49,22605.14,22615.42,471.21218
2023-01-25 11:25:00,22615.4,22624.95,22606.0,22622.4,563.93081
2023-01-25 11:30:00,22622.4,22623.78,22608.24,22618.17,500.05996
2023-01-25 11:35:00,22618.17,22618.83,22573.52,22579.53,804.39283
2023-01-25 11:40:00,22579.53,22594.15,22561.18,22577.84,785.90738
2023-01-25 11:45:00,22577.84,22609.99,22573.54,22605.98,524.09704
2023-01-25 11:50:00,22606.02,22612.6,22577.18,22583.94,546.34806
2023-01-25 11:55:00,22583.94,22601.1,22573.68,22598.47,591.68504
2023-01-25 12:00:00,22598.45,22642.82,22591.7,22630.06,1009.17725
2023-01-25 12:05:00,22630.05,22697.65,22629.39,22691.98,1940.6393
2023-01-25 12:10:00,22691.04,22745.0,22672.08,22723.34,1868.15327
2023-01-25 12:15:00,22723.04,22730.65,22667.9,22703.58,1570.51084
2023-01-25 12:20:00,22703.59,22715.11,22660.26,22663.88,1132.79879
2023-01-25 12:25:00,22664.86,22709.17,22656.23,22685.86,935.66698
2023-01-25 12:30:00,22686.31,22693.22,22665.24,22692.03,1040.18652
2023-01-25 12:35:00,22692.03,22724.97,22683.97,22720.91,1071.40805
2023-01-25 12:40:00,22720.91,22740.5,22688.0,22705.35,1487.36731
2023-01-25 12:45:00,22706.34,22713.31,22673.85,22687.96,1029.78467
2023-01-25 12:50:00,22688.95,22697.9,22668.4,22684.79,857.03581
2023-01-25 12:55:00,22684.79,22696.32,22672.0,22694.23,621.29518
2023-01-25 13:00:00,22694.22,22729.99,22680.85,22721.07,1161.09111
2023-01-25 13:05:00,22721.07,22726.76,22707.88,22715.1,612.14602
2023-01-25 13:10:00,22715.1,22716.06,22674.96,22675.22,831.15167
2023-01-25 13:15:00,22675.22,22695.0,22674.41,22683.62,559.6553
2023-01-25 13:20:00,22683.62,22700.2,22673.8,22682.81,522.79534
2023-01-25 13:25:00,22682.81,22684.96,22662.68,22679.34,611.15896
2023-01-25 13:30:00,22680.22,22689.98,22665.0,22670.95,764.2214
2023-01-25 13:35:00,22670.01,22671.84,22616.16,22650.85,1357.91981
2023-01-25 13:40:00,22649.36,22651.13,22615.9,22642.03,934.98077
2023-01-25 13:45:00,22642.03,22645.38,22618.14,22622.62,883.97061
2023-01-25 13:50:00,22623.7,22624.65,22565.01,22607.98,1472.93534
2023-01-25 13:55:00,22607.51,22622.58,22573.12,22595.72,1073.16188
2023-01-25 14:00:00,22595.08,22607.34,22564.07,22567.78,1268.03254
2023-01-25 14:05:00,22567.22,22611.61,22536.96,22597.09,1836.5887
2023-01-25 14:10:00,22597.87,22598.36,22576.5,22589.0,812.86519
2023-01-25 14:15:00,22589.87,22625.73,22586.59,22601.85,1157.30947
2023-01-25 14:20:00,22601.16,22603.09,22573.04,22592.91,721.44677
2023-01-25 14:25:00,22593.86,22593.86,22553.24,22561.95,1286.19893
2023-01-25 14:30:00,22561.19,22570.79,22497.63,22533.06,2817.12698
2023-01-25 14:35:00,22533.27,22535.17,22431.07,22494.76,3101.88566
2023-01-25 14:40:00,22493.27,22557.43,22475.0,22510.95,2011.08229
2023-01-25 14:45:00,22510.43,22573.0,22493.13,22551.59,1848.4453
2023-01-25 14:50:00,22550.31,22571.56,22468.99,22478.8,1880.29635
2023-01-25 14:55:00,22478.8,22508.02,22415.35,22435.47,2335.16925
2023-01-25 15:00:00,22435.47,22465.18,22335.0,22458.91,4250.25776
2023-01-25 15:05:00,22458.91,22534.18,22445.16,22495.34,3129.51075
2023-01-25 15:10:00,22496.11,22504.32,22427.0,22430.01,1556.93995
2023-01-25 15:15:00,22430.31,22529.97,22414.45,22511.32,2403.86025
2023-01-25 15:20:00,22513.48,22513.48,22468.84,22473.22,1350.77527
2023-01-25 15:25:00,22473.22,22545.39,22472.1,22540.33,1512.60197
2023-01-25 15:30:00,22541.42,22578.0,22517.06,22541.85,2105.81352
2023-01-25 15:35:00,22542.07,22576.89,22481.37,22490.14,1633.20308
2023-01-25 15:40:00,22490.14,22554.83,22478.32,22543.22,1548.21342
2023-01-25 15:45:00,22543.22,22606.35,22539.6,22576.23,2169.24072
2023-01-25 15:50:00,22575.35,22589.48,22547.38,22569.05,1301.76575
2023-01-25 15:55:00,22569.07,22602.22,22560.36,22577.86,1125.91064
2023-01-25 16:00:00,22578.79,22593.39,22565.49,22590.25,1260.78306
2023-01-25 16:05:00,22590.7,22591.91,22516.98,22540.83,1299.56687
2023-01-25 16:10:00,22540.83,22619.0,22538.46,22616.9,1669.8986
2023-01-25 16:15:00,22616.9,22650.91,22591.81,22646.1,1492.83486
2023-01-25 16:20:00,22646.1,22690.44,22630.02,22653.62,1982.3691
2023-01-25 16:25:00,22652.26,22656.49,22623.23,22645.34,1189.40165
2023-01-25 16:30:00,22645.47,22655.47,22603.0,22620.52,1057.29125
2023-01-25 16:35:00,22619.99,22649.99,22591.66,22632.49,1058.79489
2023-01-25 16:40:00,22632.49,22643.58,22597.07,22613.41,987.67866
2023-01-25 16:45:00,22614.48,22621.98,22578.02,22601.05,1148.97308
2023-01-25 16:50:00,22601.07,22652.38,22577.99,22642.28,1251.57594
2023-01-25 16:55:00,22642.28,22662.27,22618.56,22629.75,933.14609
2023-01-25 17:00:00,22629.75,22646.7,22614.58,22622.05,938.91211
2023-01-25 17:05:00,22622.13,22653.93,22611.62,22642.18,855.64083
2023-01-25 17:10:00,22642.34,22643.85,22600.0,22618.87,745.79754
2023-01-25 17:15:00,22619.51,22630.67,22595.48,22601.3,835.69371
2023-01-25 17:20:00,22602.32,22607.19,22554.54,22573.31,1170.56566
2023-01-25 17:25:00,22574.5,22577.95,22519.8,22521.85,1441.60172
2023-01-25 17:30:00,22520.61,22553.97,22510.0,22533.46,1098.88451
2023-01-25 17:35:00,22532.26,22563.38,22531.29,22545.99,961.56422
2023-01-25 17:40:00,22545.98,22572.24,22542.01,22552.54,914.19654
2023-01-25 17:45:00,22552.54,22578.62,22546.62,22560.65,952.10331
2023-01-25 17:50:00,22560.65,22589.63,22560.2,22579.29,876.16512
2023-01-25 17:55:00,22579.29,22586.62,22547.83,22568.94,927.27346
2023-01-25 18:00:00,22569.11,22632.37,22555.44,22615.69,1291.35684
2023-01-25 18:05:00,22614.5,22637.48,22608.48,22626.43,917.76505
2023-01-25 18:10:00,22626.94,22656.78,22625.34,22637.58,1156.02181
2023-01-25 18:15:00,22637.06,22653.21,22609.98,22619.37,967.84448
2023-01-25 18:20:00,22619.37,22643.83,22618.92,22639.45,726.76322
2023-01-25 18:25:00,22638.79,22645.83,22621.72,22631.89,727.6043
2023-01-25 18:30:00,22631.9,22639.27,22596.2,22602.34,947.49341
2023-01-25 18:35:00,22603.59,22628.59,22600.0,22616.17,666.44679
2023-01-25 18:40:00,22617.2,22644.32,22616.17,22641.31,676.50275
2023-01-25 18:45:00,22641.31,22677.85,22640.24,22664.25,1070.1707
2023-01-25 18:50:00,22664.25,22703.98,22662.94,22684.81,1038.56686
2023-01-25 18:55:00,22684.77,22726.43,22681.78,22724.9,1044.63929
2023-01-25 19:00:00,22724.9,22734.95,22684.36,22709.26,1078.05877
2023-01-25 19:05:00,22708.11,22720.0,22685.04,22690.9,768.75417
2023-01-25 19:10:00,22690.9,22735.0,22685.44,22711.49,1268.33247
2023-01-25 19:15:00,22712.52,22752.08,22710.01,22727.69,1403.77267
2023-01-25 19:20:00,22728.33,22732.09,22695.86,22724.36,877.1925
2023-01-25 19:25:00,22724.94,22725.39,22662.57,22692.29,1359.15885
2023-01-25 19:30:00,22692.29,22694.43,22651.75,22660.01,1032.18683
2023-01-25 19:35:00,22660.02,22704.94,22657.54,22698.92,842.08576
2023-01-25 19:40:00,22698.92,22724.0,22695.06,22712.77,862.97216
2023-01-25 19:45:00,22712.89,22716.73,22692.28,22702.52,679.84157
2023-01-25 19:50:00,22703.41,22759.61,22695.36,22745.78,1361.40459
2023-01-25 19:55:00,22744.8,22765.3,22736.57,22748.86,1090.82417
2023-01-25 20:00:00,22749.97,22914.19,22749.93,22903.44,4317.8591
2023-01-25 20:05:00,22903.44,22934.28,22883.64,22915.43,2311.62842
2023-01-25 20:10:00,22916.43,22948.24,22895.17,22920.11,1819.2617
2023-01-25 20:15:00,22919.6,22932.32,22790.31,22836.64,2250.23401
2023-01-25 20:20:00,22837.23,22884.57,22822.66,22877.87,1177.10473
2023-01-25 20:25:00,22877.87,22911.56,22870.08,22897.94,1350.78307
2023-01-25 20:30:00,22898.77,22920.44,22851.85,22876.49,1121.03751
2023-01-25 20:35:00,22875.85,22885.23,22830.54,22878.77,1039.21042
2023-01-25 20:40:00,22879.58,22887.9,22858.81,22882.76,1018.69096
2023-01-25 20:45:00,22883.8,22924.49,22867.76,22921.35,1111.79942
2023-01-25 20:50:00,22920.2,22932.88,22886.88,22928.8,1318.64829
2023-01-25 20:55:00,22930.26,22950.91,22890.0,22938.09,1581.56993
2023-01-25 21:00:00,22935.92,22962.02,22916.01,22947.64,1342.29315
2023-01-25 21:05:00,22947.64,23049.99,22832.38,23038.19,4768.89955
2023-01-25 21:10:00,23041.71,23044.45,22895.98,22932.43,2486.8358
2023-01-25 21:15:00,22930.04,22948.64,22872.34,22945.08,1481.74993
2023-01-25 21:20:00,22946.38,22973.0,22912.14,22960.76,1204.61715
2023-01-25 21:25:00,22960.76,23010.0,22952.5,22989.14,1407.07426
2023-01-25 21:30:00,22989.63,23111.58,22984.97,23085.94,2657.83691
2023-01-25 21:35:00,23084.03,23344.78,23082.54,23287.47,5064.71316
2023-01-25 21:40:00,23285.78,23335.66,23218.54,23241.63,2281.24031
2023-01-25 21:45:00,23241.79,23328.99,23236.86,23298.1,1435.04543
2023-01-25 21:50:00,23298.99,23440.0,23275.01,23430.45,2111.54678
2023-01-25 21:55:00,23426.6,23700.0,23400.68,23592.55,4912.90922
2023-01-25 22:00:00,23592.56,23756.38,23588.14,23714.27,5054.52375
2023-01-25 22:05:00,23712.21,23816.73,23413.51,23435.43,3573.00415
2023-01-25 22:10:00,23434.04,23571.45,23204.73,23447.13,3661.51607
2023-01-25 22:15:00,23445.7,23532.13,23300.0,23405.69,1957.02083
2023-01-25 22:20:00,23405.67,23410.0,23344.48,23380.65,1006.60826
2023-01-25 22:25:00,23381.25,23476.99,23379.01,23391.01,1020.7583
2023-01-25 22:30:00,23391.98,23469.82,23361.12,23397.38,976.35902
2023-01-25 22:35:00,23398.84,23450.0,23376.96,23445.43,1033.01483
2023-01-25 22:40:00,23445.45,23473.0,23365.0,23393.54,1235.69616
2023-01-25 22:45:00,23393.76,23395.26,22869.01,23080.07,2955.96461
2023-01-25 22:50:00,23079.75,23101.57,22902.0,23020.72,2581.46076
2023-01-25 22:55:00,23017.95,23021.23,22816.66,22932.2,3585.89142
2023-01-25 23:00:00,22933.23,23053.83,22886.4,22995.93,2982.42634
2023-01-25 23:05:00,22995.93,23014.08,22897.42,23013.54,1863.82748
2023-01-25 23:10:00,23012.43,23022.91,22969.97,23001.83,1303.66651
2023-01-25 23:15:00,23001.84,23011.99,22952.24,23004.93,946.54005
2023-01-25 23:20:00,23004.93,23082.94,22994.63,23065.58,1519.9608
2023-01-25 23:25:00,23064.9,23145.21,23056.36,23095.72,1839.61725
2023-01-25 23:30:00,23096.78,23151.98,23090.4,23146.89,1338.92634
2023-01-25 23:35:00,23147.72,23196.58,23105.79,23134.27,1721.00332
2023-01-25 23:40:00,23134.27,23212.0,23127.81,23202.08,1519.33118
2023-01-25 23:45:00,23202.07,23206.68,23120.1,23125.0,1368.61694
2023-01-25 23:50:00,23125.0,23150.97,23092.62,23131.59,1091.20169
2023-01-25 23:55:00,23131.59,23132.88,23031.32,23060.94,1718.13155
2023-01-26 00:00:00,23060.42,23149.82,23058.13,23135.96,1527.5737
2023-01-26 00:05:00,23135.88,23145.65,23075.17,23096.53,1375.73873
2023-01-26 00:10:00,23098.04,23130.0,23092.69,23097.56,881.60782
2023-01-26 00:15:00,23098.51,23139.68,23083.85,23089.27,1389.44954
2023-01-26 00:20:00,23089.27,23116.38,23076.43,23091.25,1027.95599
2023-01-26 00:25:00,23091.25,23103.12,23057.0,23058.63,834.61338
2023-01-26 00:30:00,23059.77,23099.96,23041.14,23077.65,1083.33371
2023-01-26 00:35:00,23078.36,23133.38,23076.89,23112.88,1343.90274
2023-01-26 00:40:00,23113.6,23194.42,23111.98,23177.68,1410.65844
2023-01-26 00:45:00,23175.78,23195.96,23140.59,23186.23,1623.26023
2023-01-26 00:50:00,23186.24,23272.0,23161.36,23262.4,1903.0608
2023-01-26 00:55:00,23263.49,23282.47,23196.35,23240.42,1786.97376
2023-01-26 01:00:00,23240.42,23247.0,23200.16,23219.14,1166.29727
2023-01-26 01:05:00,23218.14,23240.99,23195.54,23222.9,1062.50665
2023-01-26 01:10:00,23223.63,23224.9,23170.38,23190.19,760.77168
2023-01-26 01:15:00,23191.44,23236.99,23184.84,23216.39,1053.00478
2023-01-26 01:20:00,23216.03,23219.5,23150.41,23182.53,1291.60866
2023-01-26 01:25:00,23182.54,23198.99,23157.79,23176.77,1015.61045
2023-01-26 01:30:00,23176.77,23220.46,23170.28,23217.05,1072.75309
2023-01-26 01:35:00,23216.95,23234.67,23203.16,23220.56,1036.69416
2023-01-26 01:40:00,23220.48,23236.71,23208.0,23216.92,1043.17518
2023-01-26 01:45:00,23216.82,23224.0,23157.25,23176.81,1150.63406
2023-01-26 01:50:00,23177.74,23199.19,23156.84,23177.65,942.3395
2023-01-26 01:55:00,23177.65,23178.48,23133.49,23163.24,957.52392
2023-01-26 02:00:00,23163.24,23198.08,23139.0,23195.02,814.87319
2023-01-26 02:05:00,23195.31,23212.21,23162.1,23204.74,1198.79961
2023-01-26 02:10:00,23203.97,23230.89,23190.92,23227.35,762.95684
2023-01-26 02:15:00,23228.0,23265.0,23223.88,23229.16,1102.26632
2023-01-26 02:20:00,23228.52,23239.95,23204.49,23210.06,741.89949
2023-01-26 02:25:00,23210.81,23224.05,23199.24,23216.86,736.31466
2023-01-26 02:30:00,23216.86,23242.05,23170.32,23176.63,1114.83955
2023-01-26 02:35:00,23176.63,23189.76,23166.01,23174.19,906.98381
2023-01-26 02:40:00,23174.18,23192.0,23165.0,23181.44,779.52208
2023-01-26 02:45:00,23180.83,23192.66,23137.79,23191.51,1002.31755
2023-01-26 02:50:00,23191.03,23199.0,23183.24,23188.41,622.05554
2023-01-26 02:55:00,23189.12,23204.0,23175.66,23178.98,593.97856
2023-01-26 03:00:00,23178.98,23198.2,23177.74,23179.65,628.29973
2023-01-26 03:05:00,23180.52,23227.45,23178.91,23223.02,968.44591
2023-01-26 03:10:00,23224.48,23231.89,23199.84,23206.54,674.75776
2023-01-26 03:15:00,23207.3,23215.29,23189.32,23211.19,761.1091
2023-01-26 03:20:00,23212.27,23216.9,23188.32,23196.3,739.16506
2023-01-26 03:25:00,23197.02,23200.66,23170.05,23187.43,812.38016
2023-01-26 03:30:00,23187.94,23191.1,23146.99,23154.76,897.15264
2023-01-26 03:35:00,23154.09,23166.74,23145.55,23158.41,818.74477
2023-01-26 03:40:00,23159.19,23159.29,23120.38,23132.68,1144.50877
2023-01-26 03:45:00,23132.68,23137.57,23104.67,23126.24,937.09535
2023-01-26 03:50:00,23126.0,23153.58,23117.61,23130.8,907.61751
2023-01-26 03:55:00,23129.86,23137.67,23115.93,23136.16,760.09062
2023-01-26 04:00:00,23136.16,23155.59,23119.03,23125.66,855.11591
2023-01-26 04:05:00,23125.65,23138.9,23106.24,23113.31,784.68589
2023-01-26 04:10:00,23114.04,23162.93,23106.34,23157.97,934.73744
2023-01-26 04:15:00,23158.66,23168.74,23143.74,23158.82,810.17181
2023-01-26 04:20:00,23159.21,23165.69,23145.03,23154.02,590.56698
2023-01-26 04:25:00,23153.16,23168.45,23152.76,23163.66,634.91112
2023-01-26 04:30:00,23162.89,23170.5,23105.35,23120.49,1004.12096
2023-01-26 04:35:00,23120.49,23142.97,23106.19,23142.97,711.7336
2023-01-26 04:40:00,23142.97,23175.04,23141.08,23172.74,763.93845
2023-01-26 04:45:00,23172.74,23197.8,23163.48,23174.99,912.58963
2023-01-26 04:50:00,23176.42,23189.0,23166.99,23175.58,597.27726
2023-01-26 04:55:00,23176.27,23195.81,23166.88,23179.35,798.86197
2023-01-26 05:00:00,23178.7,23192.47,23159.76,23165.18,861.47469
2023-01-26 05:05:00,23165.18,23186.62,23162.15,23175.36,671.46555
2023-01-26 05:10:00,23175.36,23191.3,23173.19,23184.17,419.03065
2023-01-26 05:15:00,23185.01,23185.89,23162.34,23169.46,590.11199
2023-01-26 05:20:00,23168.42,23180.79,23162.81,23173.39,532.20849
2023-01-26 05:25:00,23172.76,23183.26,23163.89,23171.57,526.43804
2023-01-26 05:30:00,23171.0,23179.16,23147.69,23158.45,784.13536
2023-01-26 05:35:00,23157.81,23159.53,23140.0,23142.16,550.23665
2023-01-26 05:40:00,23141.64,23148.5,23130.69,23136.1,779.04282
2023-01-26 05:45:00,23136.1,23160.51,23130.55,23156.25,702.06089
2023-01-26 05:50:00,23156.23,23172.07,23143.57,23162.64,902.21194
2023-01-26 05:55:00,23162.64,23163.04,23143.31,23147.48,797.75704
2023-01-26 06:00:00,23148.26,23160.9,23120.35,23136.7,862.84581
2023-01-26 06:05:00,23136.56,23159.19,23120.01,23157.33,893.91019
2023-01-26 06:10:00,23157.33,23164.11,23140.9,23153.17,899.68695
2023-01-26 06:15:00,23153.17,23155.38,23120.08,23123.29,739.03399
2023-01-26 06:20:00,23122.54,23126.91,22897.17,23041.71,4086.68915
2023-01-26 06:25:00,23043.02,23053.77,22931.79,23005.33,2942.05614
2023-01-26 06:30:00,23001.67,23034.09,22979.59,22985.94,1888.40838
2023-01-26 06:35:00,22985.94,23046.41,22982.5,23042.67,1374.06386
2023-01-26 06:40:00,23042.67,23061.63,23031.63,23048.02,1135.4313
2023-01-26 06:45:00,23049.23,23078.86,23045.17,23057.59,964.83053
2023-01-26 06:50:00,23057.97,23085.64,23049.45,23059.93,830.73822
2023-01-26 06:55:00,23059.18,23091.24,23050.02,23087.87,809.15136
2023-01-26 07:00:00,23088.63,23096.78,23052.03,23076.53,847.98279
2023-01-26 07:05:00,23075.89,23076.62,23032.19,23042.59,925.06477
2023-01-26 07:10:00,23042.58,23061.84,23040.32,23050.79,631.5517
2023-01-26 07:15:00,23050.79,23057.79,23016.83,23031.5,880.65363
2023-01-26 07:20:00,23030.64,23034.98,23004.12,23019.05,898.55426
2023-01-26 07:25:00,23019.05,23035.25,23015.51,23029.9,618.19409
2023-01-26 07:30:00,23029.35,23039.99,23011.91,23021.92,732.21995
2023-01-26 07:35:00,23021.84,23046.79,22975.39,22988.15,1044.20431
2023-01-26 07:40:00,22988.15,23000.49,22951.27,22980.31,1332.99585
2023-01-26 07:45:00,22979.58,23007.17,22957.1,23005.66,843.8686
2023-01-26 07:50:00,23005.19,23014.74,22987.17,23002.59,722.05966
2023-01-26 07:55:00,23003.23,23007.11,22959.16,22966.73,865.86076
2023-01-26 08:00:00,22965.81,23017.17,22964.02,23014.96,659.32046
2023-01-26 08:05:00,23014.65,23018.27,22977.8,23006.11,598.42897
2023-01-26 08:10:00,23005.18,23026.36,23002.05,23015.15,460.6809
2023-01-26 08:15:00,23014.48,23031.07,22999.55,23010.23,430.22621
2023-01-26 08:20:00,23010.43,23012.59,22994.52,22998.17,557.08719
2023-01-26 08:25:00,22998.17,22999.73,22944.3,22979.0,1236.16211
2023-01-26 08:30:00,22979.0,23001.17,22923.56,22991.02,1315.8063
2023-01-26 08:35:00,22991.5,22996.14,22968.0,22981.13,672.09082
2023-01-26 08:40:00,22981.13,23028.0,22980.63,23025.73,943.47704
2023-01-26 08:45:00,23025.9,23037.08,23011.36,23035.32,982.57738
2023-01-26 08:50:00,23034.95,23048.49,23022.51,23033.05,825.15226
2023-01-26 08:55:00,23033.05,23047.83,22999.1,23003.87,764.41776
2023-01-26 09:00:00,23003.11,23031.78,23000.04,23017.36,722.196
2023-01-26 09:05:00,23016.87,23034.55,23010.0,23024.72,615.90235
2023-01-26 09:10:00,23024.26,23036.69,23017.97,23029.23,509.24937
2023-01-26 09:15:00,23028.55,23029.33,22997.92,23002.58,777.07197
2023-01-26 09:20:00,23003.25,23004.94,22959.05,22969.99,880.4004
2023-01-26 09:25:00,22969.99,22981.92,22945.64,22968.27,865.07813
2023-01-26 09:30:00,22968.26,22977.61,22927.24,22961.94,1156.14397
2023-01-26 09:35:00,22961.94,22969.09,22900.0,22953.47,1578.0463
2023-01-26 09:40:00,22952.8,22981.23,22941.24,22975.66,758.34573
2023-01-26 09:45:00,22976.68,22985.0,22955.26,22980.79,692.14113
2023-01-26 09:50:00,22980.79,23007.06,22977.23,22992.06,756.8012
2023-01-26 09:55:00,22991.48,22999.0,22962.61,22970.7,585.13209
2023-01-26 10:00:00,22970.7,22988.65,22956.93,22979.1,653.76619
2023-01-26 10:05:00,22979.1,22986.56,22943.14,22947.45,918.92149
2023-01-26 10:10:00,22947.66,22961.76,22915.19,22928.06,939.56007
2023-01-26 10:15:00,22927.21,22957.48,22879.39,22956.06,1283.78598
2023-01-26 10:20:00,22956.05,22975.0,22936.68,22972.72,754.3204
2023-01-26 10:25:00,22973.09,22981.96,22961.01,22977.73,718.46317
2023-01-26 10:30:00,22977.31,22993.1,22961.06,22990.49,675.79853
2023-01-26 10:35:00,22990.49,22995.72,22945.01,22961.17,782.23671
2023-01-26 10:40:00,22960.34,22961.17,22926.83,22939.86,751.13438
2023-01-26 10:45:00,22939.86,22957.51,22850.01,22867.52,2070.51156
2023-01-26 10:50:00,22866.16,22913.8,22863.98,22896.42,1373.80407
2023-01-26 10:55:00,22895.32,22941.82,22888.68,22939.26,926.12822
2023-01-26 11:00:00,22939.26,22946.82,22917.5,22941.86,802.58749
2023-01-26 11:05:00,22941.87,22945.0,22895.48,22915.56,714.44009
2023-01-26 11:10:00,22916.44,22925.61,22904.22,22915.0,536.43895
2023-01-26 11:15:00,22915.55,22948.54,22909.12,22934.31,632.3041
2023-01-26 11:20:00,22935.28,22951.9,22924.98,22948.67,615.61538
2023-01-26 11:25:00,22948.67,22975.6,22940.0,22959.41,862.11678
2023-01-26 11:30:00,22959.57,22976.85,22952.1,22965.46,650.52957
2023-01-26 11:35:00,22966.5,22979.0,22960.99,22967.53,691.22596
2023-01-26 11:40:00,22966.67,22980.41,22961.4,22971.46,592.36718
2023-01-26 11:45:00,22970.86,22990.45,22947.31,22986.81,712.0898
2023-01-26 11:50:00,22986.81,22990.5,22965.52,22969.01,563.87806
2023-01-26 11:55:00,22969.85,22993.9,22968.17,22992.94,762.28503
2023-01-26 12:00:00,22992.09,22992.94,22970.82,22975.48,607.93809
2023-01-26 12:05:00,22974.45,23033.0,22974.45,22982.07,1115.85673
2023-01-26 12:10:00,22982.07,22986.69,22966.56,22972.57,557.104
2023-01-26 12:15:00,22972.57,22982.8,22962.2,22977.4,670.51651
2023-01-26 12:20:00,22977.39,23033.18,22975.26,23028.58,1098.56074
2023-01-26 12:25:00,23028.58,23065.45,23026.0,23040.55,1300.38976
2023-01-26 12:30:00,23042.09,23097.05,23038.36,23073.22,1635.07077
2023-01-26 12:35:00,23072.14,23132.99,23060.01,23082.7,1586.90379
2023-01-26 12:40:00,23081.5,23100.0,23070.05,23089.56,722.73494
2023-01-26 12:45:00,23089.56,23134.0,23081.03,23097.31,1195.73919
2023-01-26 12:50:00,23097.31,23134.9,23095.0,23130.69,1332.10187
2023-01-26 12:55:00,23130.69,23147.98,23118.99,23120.96,1022.33947
2023-01-26 13:00:00,23120.96,23154.21,23118.66,23128.12,1092.22617
2023-01-26 13:05:00,23128.79,23130.1,23070.47,23085.96,1559.29694
2023-01-26 13:10:00,23086.9,23089.42,22991.38,23062.38,1577.19849
2023-01-26 13:15:00,23061.55,23084.0,23027.37,23079.72,1295.57411
2023-01-26 13:20:00,23080.63,23085.67,23045.74,23062.33,773.27057
2023-01-26 13:25:00,23062.33,23093.0,23060.67,23068.64,829.30224
2023-01-26 13:30:00,23070.02,23112.72,22880.95,23075.02,6126.26821
2023-01-26 13:35:00,23076.74,23149.0,23039.49,23105.89,2292.64038
2023-01-26 13:40:00,23105.57,23128.28,23031.0,23047.71,1873.01752
2023-01-26 13:45:00,23047.71,23096.76,23031.81,23070.58,1179.29257
2023-01-26 13:50:00,23068.88,23119.91,23054.88,23107.39,975.01932
2023-01-26 13:55:00,23107.39,23132.35,23091.87,23128.35,1053.46481
2023-01-26 14:00:00,23127.49,23178.63,23101.91,23160.67,1589.73587
2023-01-26 14:05:00,23160.67,23193.85,23142.01,23158.43,1545.96969
2023-01-26 14:10:00,23159.67,23217.76,23152.87,23175.8,1804.9418
2023-01-26 14:15:00,23175.81,23210.0,23155.32,23160.06,1380.76139
2023-01-26 14:20:00,23160.06,23200.45,23138.52,23150.66,2026.30687
2023-01-26 14:25:00,23150.66,23199.34,23128.88,23185.33,1168.40575
2023-01-26 14:30:00,23187.1,23250.0,23182.28,23187.44,2685.38861
2023-01-26 14:35:00,23187.32,23214.54,23135.48,23170.98,2120.05059
2023-01-26 14:40:00,23171.39,23197.76,22988.01,23038.55,3743.75884
2023-01-26 14:45:00,23038.55,23090.61,22984.25,22988.21,2181.81008
2023-01-26 14:50:00,22990.09,23049.73,22922.0,22976.42,3332.50768
2023-01-26 14:55:00,22976.42,23045.11,22949.0,23039.35,2206.55216
2023-01-26 15:00:00,23037.23,23095.0,23005.43,23091.33,2326.65139
2023-01-26 15:05:00,23091.33,23110.36,23053.55,23079.22,1882.64266
2023-01-26 15:10:00,23079.22,23108.67,23051.35,23095.4,1418.45539
2023-01-26 15:15:00,23095.4,23174.72,23085.46,23172.68,1842.83972
2023-01-26 15:20:00,23171.4,23179.38,23116.71,23146.74,1719.81141
2023-01-26 15:25:00,23146.72,23153.54,23090.74,23126.94,1563.66503
2023-01-26 15:30:00,23126.94,23146.44,23092.86,23143.24,1321.94346
2023-01-26 15:35:00,23143.21,23143.46,23029.14,23041.21,1980.72407
2023-01-26 15:40:00,23041.21,23093.56,23019.58,23058.41,1689.13403
2023-01-26 15:45:00,23058.41,23060.7,22993.47,23010.7,1957.65094
2023-01-26 15:50:00,23010.34,23035.2,22951.87,22962.54,1809.25394
2023-01-26 15:55:00,22962.54,22965.85,22901.0,22958.02,2417.4464
2023-01-26 16:00:00,22955.16,23007.04,22944.5,22977.06,1771.48241
2023-01-26 16:05:00,22978.14,22991.96,22881.01,22901.6,1913.20129
2023-01-26 16:10:00,22901.6,22971.1,22853.81,22957.85,2122.45979
2023-01-26 16:15:00,22957.85,23006.15,22952.32,22979.44,1450.63064
2023-01-26 16:20:00,22979.44,22989.81,22922.35,22947.5,1419.76724
2023-01-26 16:25:00,22947.49,23001.56,22924.38,22993.24,1248.66137
2023-01-26 16:30:00,22993.24,23032.16,22986.27,23005.78,1274.10825
2023-01-26 16:35:00,23004.11,23016.16,22960.76,22976.9,928.43483
2023-01-26 16:40:00,22977.78,23028.56,22957.9,23018.58,1139.42909
2023-01-26 16:45:00,23017.76,23028.79,22995.56,23008.85,815.3869
2023-01-26 16:50:00,23008.85,23014.97,22977.0,22992.34,1072.31057
2023-01-26 16:55:00,22991.23,23016.89,22965.59,23003.98,906.17396
2023-01-26 17:00:00,23003.33,23038.59,22998.31,23028.63,939.06134
2023-01-26 17:05:00,23027.31,23054.99,23015.5,23050.51,916.83125
2023-01-26 17:10:00,23050.51,23062.77,23012.54,23022.72,994.15687
2023-01-26 17:15:00,23022.72,23035.0,23007.61,23025.43,813.2189
2023-01-26 17:20:00,23025.43,23030.32,23000.0,23009.75,798.61559
2023-01-26 17:25:00,23009.75,23033.72,22991.21,23023.92,917.45329
2023-01-26 17:30:00,23024.73,23048.3,23012.07,23037.75,740.44607
2023-01-26 17:35:00,23037.03,23048.45,23008.19,23015.98,613.56697
2023-01-26 17:40:00,23015.98,23031.37,22973.01,22998.06,953.24959
2023-01-26 17:45:00,22998.06,23005.23,22958.5,22981.81,975.02979
2023-01-26 17:50:00,22981.28,23014.99,22980.26,23011.26,689.77905
2023-01-26 17:55:00,23011.26,23020.0,22975.73,22982.85,540.64027
2023-01-26 18:00:00,22983.25,23010.99,22973.48,22991.04,873.74571
2023-01-26 18:05:00,22991.04,22992.97,22959.0,22969.3,781.35205
2023-01-26 18:10:00,22969.3,23010.0,22965.0,23002.69,665.84934
2023-01-26 18:15:00,23002.69,23018.15,22988.54,22998.26,663.17755
2023-01-26 18:20:00,22998.26,23041.03,22996.92,23039.56,699.90692
2023-01-26 18:25:00,23039.56,23090.6,23013.83,23078.84,1679.47412
2023-01-26 18:30:00,23078.84,23106.51,23070.0,23081.51,1005.71656
2023-01-26 18:35:00,23081.51,23099.63,23055.38,23084.55,1225.74359
2023-01-26 18:40:00,23084.55,23097.72,23062.69,23077.53,633.98936
2023-01-26 18:45:00,23076.28,23082.6,23044.19,23049.16,670.45841
2023-01-26 18:50:00,23048.09,23052.56,23011.91,23018.95,728.30287
2023-01-26 18:55:00,23018.41,23050.0,23013.43,23037.16,567.15542
2023-01-26 19:00:00,23038.01,23054.0,23010.78,23023.53,760.02393
2023-01-26 19:05:00,23022.59,23028.17,22997.75,23018.25,740.44353
2023-01-26 19:10:00,23018.25,23036.86,23010.0,23014.22,533.55262
2023-01-26 19:15:00,23014.11,23038.86,22980.87,23024.92,775.21013
2023-01-26 19:20:00,23025.88,23057.72,23018.57,23049.13,552.35675
2023-01-26 19:25:00,23049.85,23060.85,23025.03,23043.08,557.58171
2023-01-26 19:30:00,23043.08,23059.8,23033.02,23058.17,561.65857
2023-01-26 19:35:00,23058.17,23062.78,23042.0,23053.88,508.53153
2023-01-26 19:40:00,23054.28,23089.28,23053.19,23070.24,756.09824
2023-01-26 19:45:00,23070.23,23091.7,23062.37,23066.48,618.2169
2023-01-26 19:50:00,23065.46,23069.66,23039.05,23053.86,538.40668
2023-01-26 19:55:00,23052.97,23076.49,23040.53,23070.0,553.10338
2023-01-26 20:00:00,23068.57,23084.26,23044.35,23077.96,717.01101
2023-01-26 20:05:00,23076.45,23085.0,23037.0,23061.83,721.06105
2023-01-26 20:10:00,23061.83,23098.73,23056.43,23087.01,686.21724
2023-01-26 20:15:00,23085.63,23091.57,23061.59,23085.67,586.39337
2023-01-26 20:20:00,23086.29,23088.66,23063.02,23077.54,516.70705
2023-01-26 20:25:00,23077.54,23105.76,23064.65,23101.23,784.48222
2023-01-26 20:30:00,23101.23,23195.0,23094.82,23141.44,1593.61858
2023-01-26 20:35:00,23141.44,23143.81,23083.89,23109.72,1040.01575
2023-01-26 20:40:00,23109.72,23127.41,23090.27,23096.21,719.74339
2023-01-26 20:45:00,23096.21,23099.57,23077.51,23094.02,758.8946
2023-01-26 20:50:00,23094.02,23128.0,23092.74,23108.17,766.04726
2023-01-26 20:55:00,23109.28,23134.6,23101.8,23112.57,779.35942
2023-01-26 21:00:00,23110.98,23121.32,23054.15,23064.29,914.71126
2023-01-26 21:05:00,23064.29,23071.8,23038.93,23055.09,611.86238
2023-01-26 21:10:00,23055.09,23056.03,22967.04,22994.43,1301.52668
2023-01-26 21:15:00,22995.68,23026.98,22963.07,23023.26,945.29628
2023-01-26 21:20:00,23024.58,23041.99,23012.35,23037.71,639.10858
2023-01-26 21:25:00,23037.71,23054.6,23030.0,23041.67,684.659
2023-01-26 21:30:00,23041.67,23082.31,23037.31,23057.33,735.38708
2023-01-26 21:35:00,23057.33,23071.66,23012.46,23058.01,713.04701
2023-01-26 21:40:00,23058.01,23068.17,23044.22,23052.95,359.97296
2023-01-26 21:45:00,23052.17,23083.85,23050.6,23076.63,537.60027
2023-01-26 21:50:00,23076.64,23087.95,23062.32,23072.47,516.77226
2023-01-26 21:55:00,23073.5,23082.01,23060.59,23081.77,456.42597
2023-01-26 22:00:00,23081.78,23085.44,23055.14,23060.85,423.09948
2023-01-26 22:05:00,23060.84,23150.0,23058.5,23101.47,1245.93167
2023-01-26 22:10:00,23102.64,23106.68,23063.94,23084.44,707.51489
2023-01-26 22:15:00,23084.66,23108.43,23036.65,23039.37,998.89004
2023-01-26 22:20:00,23041.05,23062.0,23036.95,23049.21,451.1918
2023-01-26 22:25:00,23050.23,23055.94,23037.61,23054.22,245.63142
2023-01-26 22:30:00,23054.2,23054.2,23023.6,23046.1,441.48944
2023-01-26 22:35:00,23046.1,23054.44,23033.69,23041.79,309.35989
2023-01-26 22:40:00,23041.79,23049.87,23016.0,23018.39,352.91734
2023-01-26 22:45:00,23017.73,23035.76,23010.0,23012.6,283.89328
2023-01-26 22:50:00,23011.74,23047.0,23008.63,23018.57,368.48282
2023-01-26 22:55:00,23018.57,23022.45,22989.36,23003.79,412.93217
2023-01-26 23:00:00,23004.81,23014.44,22990.0,23008.77,325.51241
2023-01-26 23:05:00,23008.77,23033.25,23005.14,23006.79,371.77136
2023-01-26 23:10:00,23007.33,23011.96,22967.3,22989.47,422.9321
2023-01-26 23:15:00,22989.47,23009.78,22970.7,22999.79,537.90866
2023-01-26 23:20:00,22999.8,23021.57,22984.74,23009.32,757.90022
2023-01-26 23:25:00,23008.82,23021.66,22991.81,22999.25,574.33288
2023-01-26 23:30:00,22998.54,23012.28,22988.6,22994.59,491.45037
2023-01-26 23:35:00,22994.59,23021.98,22991.16,22995.93,469.24347
2023-01-26 23:40:00,22995.94,23018.91,22979.37,23017.95,454.64331
2023-01-26 23:45:00,23018.4,23036.3,22995.01,22998.69,657.02634
2023-01-26 23:50:00,22998.68,23024.75,22990.9,23013.58,483.01568
2023-01-26 23:55:00,23014.18,23027.58,23001.74,23009.65,480.64855
2023-01-27 00:00:00,23009.65,23032.79,23001.42,23031.49,753.1338
2023-01-27 00:05:00,23031.38,23071.0,23022.14,23067.19,888.47502
2023-01-27 00:10:00,23067.19,23076.62,23037.22,23042.29,605.80002
2023-01-27 00:15:00,23042.75,23051.26,22968.29,22973.0,1075.67065
2023-01-27 00:20:00,22973.0,23010.71,22933.62,22952.29,1512.69055
2023-01-27 00:25:00,22952.29,22978.48,22938.55,22962.02,640.32658
2023-01-27 00:30:00,22962.02,22986.54,22940.56,22976.35,767.28654
2023-01-27 00:35:00,22977.27,22992.4,22961.49,22971.97,559.05968
2023-01-27 00:40:00,22971.97,22988.88,22957.7,22968.32,486.63543
2023-01-27 00:45:00,22967.97,22982.62,22961.4,22973.37,555.12958
2023-01-27 00:50:00,22972.65,22982.91,22897.02,22913.75,1445.37762
2023-01-27 00:55:00,22913.75,22938.78,22899.97,22925.5,735.97234
2023-01-27 01:00:00,22925.08,22945.63,22903.26,22939.0,724.96946
2023-01-27 01:05:00,22939.87,22956.0,22922.08,22951.15,634.45943
2023-01-27 01:10:00,22951.64,22968.73,22937.83,22953.48,583.41462
2023-01-27 01:15:00,22953.48,22966.68,22945.82,22948.85,525.55078
2023-01-27 01:20:00,22949.25,22958.16,22887.34,22897.35,1332.07198
2023-01-27 01:25:00,22896.03,22917.12,22876.0,22893.29,942.61005
2023-01-27 01:30:00,22892.29,22917.59,22882.0,22890.83,774.44589
2023-01-27 01:35:00,22889.62,22895.0,22534.88,22658.4,6100.7989
2023-01-27 01:40:00,22657.29,22712.81,22631.0,22671.05,2145.072
2023-01-27 01:45:00,22669.07,22713.53,22655.89,22689.17,1649.78786
2023-01-27 01:50:00,22688.7,22695.38,22597.18,22600.97,1893.37598
2023-01-27 01:55:00,22600.97,22655.0,22600.0,22647.48,1471.14822
2023-01-27 02:00:00,22647.44,22677.49,22602.85,22667.27,1498.25863
2023-01-27 02:05:00,22667.27,22706.26,22650.79,22703.14,889.90982
2023-01-27 02:10:00,22703.14,22754.69,22695.15,22735.99,1276.18023
2023-01-27 02:15:00,22734.98,22755.29,22713.72,22752.12,693.28372
2023-01-27 02:20:00,22752.06,22777.0,22749.17,22762.85,957.49
2023-01-27 02:25:00,22763.77,22767.79,22745.61,22752.43,706.89553
2023-01-27 02:30:00,22752.43,22787.43,22748.3,22772.14,764.98211
2023-01-27 02:35:00,22773.46,22809.41,22767.84,22804.59,750.47029
2023-01-27 02:40:00,22804.59,22812.88,22783.07,22807.5,939.69682
2023-01-27 02:45:00,22807.5,22815.4,22769.82,22776.23,903.70236
2023-01-27 02:50:00,22776.85,22791.18,22764.79,22780.84,647.58629
2023-01-27 02:55:00,22780.84,22788.93,22772.84,22781.67,416.26929
2023-01-27 03:00:00,22781.67,22811.34,22779.4,22803.45,631.10701
2023-01-27 03:05:00,22802.48,22839.75,22802.48,22828.25,926.28943
2023-01-27 03:10:00,22827.43,22829.96,22800.0,22807.22,486.57853
2023-01-27 03:15:00,22806.48,22828.37,22796.95,22827.38,389.86804
2023-01-27 03:20:00,22828.25,22835.98,22812.29,22817.14,710.37123
2023-01-27 03:25:00,22817.92,22820.81,22807.16,22813.88,379.65279
2023-01-27 03:30:00,22813.26,22843.29,22810.02,22829.81,552.04147
2023-01-27 03:35:00,22829.13,22835.0,22806.51,22818.57,521.35165
2023-01-27 03:40:00,22817.75,22823.52,22790.51,22796.2,572.47951
2023-01-27 03:45:00,22795.52,22812.95,22792.0,22803.2,512.75213
2023-01-27 03:50:00,22802.12,22810.94,22792.1,22798.58,508.70063
2023-01-27 03:55:00,22798.58,22798.64,22761.49,22772.62,743.69873
2023-01-27 04:00:00,22772.2,22791.96,22769.09,22787.42,567.02079
2023-01-27 04:05:00,22787.42,22796.86,22760.64,22775.68,662.59996
2023-01-27 04:10:00,22775.68,22800.11,22771.2,22798.26,476.75842
2023-01-27 04:15:00,22799.11,22824.96,22791.57,22823.16,517.83471
2023-01-27 04:20:00,22823.01,22858.22,22817.5,22839.41,1060.46613
2023-01-27 04:25:00,22839.41,22854.28,22832.84,22840.56,495.67593
2023-01-27 04:30:00,22841.26,22847.51,22825.07,22834.73,491.74078
2023-01-27 04:35:00,22835.51,22838.84,22818.74,22825.81,389.38758
2023-01-27 04:40:00,22825.81,22837.99,22813.95,22826.35,495.78989
2023-01-27 04:45:00,22826.35,22833.0,22808.05,22811.92,413.91229
2023-01-27 04:50:00,22811.92,22820.1,22807.94,22811.61,296.87699
2023-01-27 04:55:00,22811.61,22812.97,22801.12,22802.81,302.81085
2023-01-27 05:00:00,22802.3,22829.08,22796.95,22820.65,557.55485
2023-01-27 05:05:00,22820.65,22842.91,22817.25,22822.31,464.18522
2023-01-27 05:10:00,22821.57,22825.0,22810.48,22815.46,467.30195
2023-01-27 05:15:00,22816.04,22838.97,22803.88,22807.33,614.41833
2023-01-27 05:20:00,22807.72,22828.45,22806.45,22819.43,426.11802
2023-01-27 05:25:00,22819.43,22839.25,22818.86,22837.77,388.79294
2023-01-27 05:30:00,22836.96,22865.22,22835.86,22857.24,817.22731
2023-01-27 05:35:00,22857.85,22886.99,22846.58,22882.2,1208.07097
2023-01-27 05:40:00,22882.19,22950.0,22882.19,22938.64,2161.04676
2023-01-27 05:45:00,22939.67,22943.6,22907.65,22937.58,874.16077
2023-01-27 05:50:00,22935.81,23100.0,22928.0,23055.01,3072.52892
2023-01-27 05:55:00,23057.1,23057.11,22988.94,23034.92,1663.7879
2023-01-27 06:00:00,23034.92,23044.68,22989.95,23018.1,1333.4412
2023-01-27 06:05:00,23018.98,23026.64,22970.0,22985.35,1097.40978
2023-01-27 06:10:00,22984.53,23006.79,22971.38,22997.07,934.50552
2023-01-27 06:15:00,22998.1,23010.0,22985.0,23008.0,700.87902
2023-01-27 06:20:00,23007.26,23025.04,22985.46,22994.46,961.31793
2023-01-27 06:25:00,22993.69,23044.68,22991.15,23042.23,841.632
2023-01-27 06:30:00,23043.31,23054.96,23002.6,23005.88,870.53686
2023-01-27 06:35:00,23006.93,23019.92,23000.17,23010.18,761.42933
2023-01-27 06:40:00,23010.18,23018.87,22997.23,23007.98,526.33322
2023-01-27 06:45:00,23007.98,23009.38,22989.4,23006.53,844.01986
2023-01-27 06:50:00,23006.53,23014.21,22997.09,23000.17,401.66571
2023-01-27 06:55:00,23000.17,23006.55,22983.39,23002.92,630.27226
2023-01-27 07:00:00,23002.48,23010.0,22990.19,22998.8,699.21761
2023-01-27 07:05:00,22998.39,23000.91,22965.32,22969.88,689.87432
2023-01-27 07:10:00,22969.71,22980.69,22960.28,22970.11,667.86672
2023-01-27 07:15:00,22970.11,22979.77,22934.35,22952.47,937.22428
2023-01-27 07:20:00,22952.47,22984.37,22949.47,22982.97,599.06935
2023-01-27 07:25:00,22982.96,22990.33,22975.63,22990.33,513.50568
2023-01-27 07:30:00,22990.32,22990.43,22972.0,22977.03,480.01653
2023-01-27 07:35:00,22977.29,23011.39,22975.74,23006.41,762.29011
2023-01-27 07:40:00,23005.53,23043.0,22995.75,23034.52,968.07627
2023-01-27 07:45:00,23033.6,23046.0,23008.38,23037.25,1028.14299
2023-01-27 07:50:00,23038.46,23081.83,23035.33,23068.99,1401.4973
2023-01-27 07:55:00,23068.11,23078.72,23047.58,23072.77,1188.57349
2023-01-27 08:00:00,23072.29,23083.87,23047.72,23049.73,833.69616
2023-01-27 08:05:00,23049.72,23054.54,23025.33,23033.17,823.58766
2023-01-27 08:10:00,23033.18,23036.8,22993.05,23000.69,905.03248
2023-01-27 08:15:00,23000.69,23002.56,22925.1,22976.45,1975.85683
2023-01-27 08:20:00,22976.45,22991.48,22954.77,22990.07,990.67593
2023-01-30 21:05:00,22758.09,22776.59,22721.71,22774.06,1017.06533
2023-01-30 21:10:00,22775.87,22781.5,22751.47,22768.12,921.62641
2023-01-30 21:15:00,22769.0,22779.93,22739.88,22776.17,806.95345
2023-01-30 21:20:00,22776.17,22794.8,22758.86,22771.16,976.83213
2023-01-30 21:25:00,22771.38,22785.69,22754.46,22761.96,630.3086
2023-01-30 21:30:00,22761.96,22773.44,22748.01,22750.86,522.89742
2023-01-30 21:35:00,22750.86,22790.56,22750.86,22771.67,610.13488
2023-01-30 21:40:00,22770.87,22777.31,22725.58,22739.7,697.62892
2023-01-30 21:45:00,22739.7,22746.87,22674.05,22709.19,961.22618
2023-01-30 21:50:00,22708.03,22728.6,22695.16,22721.96,453.9026
2023-01-30 21:55:00,22721.54,22761.1,22712.63,22743.7,635.31783
2023-01-30 22:00:00,22744.64,22746.09,22714.44,22715.24,524.01192
2023-01-30 22:05:00,22716.43,22732.06,22709.84,22716.53,526.86218
2023-01-30 22:10:00,22715.69,22731.98,22704.66,22730.32,515.02527
2023-01-30 22:15:00,22729.37,22768.02,22720.55,22759.43,575.86297
2023-01-30 22:20:00,22758.56,22761.31,22688.0,22691.52,647.07763
2023-01-30 22:25:00,22693.98,22705.97,22671.73,22696.13,982.98818
2023-01-30 22:30:00,22695.29,22712.41,22655.2,22677.56,534.89891
2023-01-30 22:35:00,22677.56,22698.14,22670.0,22670.05,340.03073
2023-01-30 22:40:00,22671.3,22729.4,22500.0,22715.55,2187.39233
2023-01-30 22:45:00,22715.55,22750.0,22690.89,22725.01,891.80789
2023-01-30 22:50:00,22726.45,22727.03,22666.73,22683.03,621.85037
2023-01-30 22:55:00,22684.26,22736.75,22675.0,22729.81,737.63164
2023-01-30 23:00:00,22731.1,22742.56,22703.61,22724.74,803.7742
2023-01-30 23:05:00,22724.74,22747.75,22707.95,22730.57,668.16937
2023-01-30 23:10:00,22730.57,22750.43,22719.38,22739.25,545.82905
2023-01-30 23:15:00,22739.25,22779.69,22727.69,22772.14,824.09542
2023-01-30 23:20:00,22773.63,22802.58,22760.5,22778.95,930.34729
2023-01-30 23:25:00,22780.07,22792.89,22761.98,22787.43,597.80734
2023-01-30 23:30:00,22788.36,22801.34,22767.81,22792.33,1112.53834
2023-01-30 23:35:00,22793.56,22812.98,22776.51,22794.67,1162.69009
2023-01-30 23:40:00,22794.68,22801.59,22782.44,22791.54,531.36675
2023-01-30 23:45:00,22791.54,22795.68,22761.94,22789.14,671.64648
2023-01-30 23:50:00,22788.15,22839.05,22783.0,22833.63,1104.18284
2023-01-30 23:55:00,22832.69,22840.69,22817.15,22826.15,664.66799
2023-01-31 00:00:00,22827.38,22833.2,22801.36,22813.33,1089.69835
2023-01-31 00:05:00,22813.33,22843.94,22807.66,22822.12,892.45417
2023-01-31 00:10:00,22823.5,22855.47,22771.0,22781.59,1696.43479
2023-01-31 00:15:00,22781.59,22815.45,22774.22,22806.12,706.71984
2023-01-31 00:20:00,22806.56,22826.82,22790.0,22797.96,729.28105
2023-01-31 00:25:00,22797.96,22803.52,22774.72,22779.19,450.52954
2023-01-31 00:30:00,22779.71,22780.94,22729.03,22749.61,1017.6627
2023-01-31 00:35:00,22749.61,22755.87,22714.77,22744.51,830.68818
2023-01-31 00:40:00,22744.51,22772.66,22740.0,22764.69,679.69888
2023-01-31 00:45:00,22764.69,22808.07,22761.17,22805.96,737.04632
2023-01-31 00:50:00,22805.96,22877.45,22805.96,22828.45,1956.56205
2023-01-31 00:55:00,22828.45,22848.91,22817.38,22828.32,736.93435
2023-01-31 01:00:00,22828.32,22843.89,22813.95,22816.59,759.60278
2023-01-31 01:05:00,22817.38,22826.62,22803.8,22817.37,728.75709
2023-01-31 01:10:00,22817.37,22836.36,22806.03,22823.46,677.16046
2023-01-31 01:15:00,22823.46,22824.22,22793.16,22796.35,676.43739
2023-01-31 01:20:00,22795.53,22822.94,22789.59,22819.4,712.86024
2023-01-31 01:25:00,22819.4,22829.0,22782.53,22794.55,636.21204
2023-01-31 01:30:00,22795.52,22798.72,22756.0,22772.32,752.75699
2023-01-31 01:35:00,22772.87,22832.88,22755.23,22828.64,703.78896
2023-01-31 01:40:00,22828.64,22855.86,22827.24,22850.49,903.77298
2023-01-31 01:45:00,22850.49,22862.0,22834.83,22845.51,991.65142
2023-01-31 01:50:00,22844.58,22856.0,22826.91,22841.02,745.8596
2023-01-31 01:55:00,22842.51,22847.27,22823.06,22830.23,578.10265
2023-01-31 02:00:00,22830.23,22844.58,22817.3,22823.74,527.09231
2023-01-31 02:05:00,22824.66,22858.98,22822.25,22853.56,917.67662
2023-01-31 02:10:00,22853.56,22892.44,22851.46,22889.54,1162.80162
2023-01-31 02:15:00,22889.54,22892.98,22865.35,22876.38,915.98069
2023-01-31 02:20:00,22877.17,22878.84,22861.06,22865.02,741.86682
2023-01-31 02:25:00,22864.17,22887.48,22864.17,22884.45,614.396
2023-01-31 02:30:00,22882.79,22898.0,22877.56,22891.24,662.83547
2023-01-31 02:35:00,22891.9,22913.71,22876.58,22882.66,864.86351
2023-01-31 02:40:00,22881.99,22903.46,22875.0,22878.92,748.64811
2023-01-31 02:45:00,22878.07,22891.0,22869.29,22877.08,502.25498
2023-01-31 02:50:00,22877.32,22888.25,22867.25,22870.03,579.35607
2023-01-31 02:55:00,22870.03,22876.46,22853.34,22857.93,664.51308
2023-01-31 03:00:00,22857.93,22863.15,22845.7,22858.04,740.48561
2023-01-31 03:05:00,22858.73,22868.99,22850.0,22867.0,373.99023
2023-01-31 03:10:00,22867.0,22869.94,22855.56,22856.23,379.45026
2023-01-31 03:15:00,22856.23,22859.01,22834.44,22838.43,608.51474
2023-01-31 03:20:00,22838.43,22853.55,22835.0,22839.43,375.76157
2023-01-31 03:25:00,22840.44,22852.89,22830.24,22842.1,539.19206
2023-01-31 03:30:00,22842.1,22857.04,22840.2,22853.33,440.75543
2023-01-31 03:35:00,22852.67,22854.11,22814.81,22833.06,651.0118
2023-01-31 03:40:00,22831.89,22854.21,22831.24,22844.22,514.40979
2023-01-31 03:45:00,22843.72,22847.94,22833.25,22842.57,376.66341
2023-01-31 03:50:00,22841.84,22847.58,22830.64,22844.91,437.83176
2023-01-31 03:55:00,22844.91,22851.21,22829.57,22835.01,400.4904
2023-01-31 04:00:00,22835.46,22848.7,22832.62,22842.03,418.69146
2023-01-31 04:05:00,22842.52,22845.15,22818.0,22822.29,729.50498
2023-01-31 04:10:00,22822.29,22823.44,22800.33,22802.01,807.38965
2023-01-31 04:15:00,22801.15,22825.08,22800.35,22823.12,425.26709
2023-01-31 04:20:00,22823.12,22835.41,22819.83,22826.07,474.15973
2023-01-31 04:25:00,22826.07,22841.97,22822.21,22839.98,414.6458
2023-01-31 04:30:00,22839.98,22865.0,22838.16,22852.57,804.98581
2023-01-31 04:35:00,22853.08,22865.58,22836.34,22840.34,613.44199
2023-01-31 04:40:00,22839.42,22849.57,22836.0,22843.31,343.53087
2023-01-31 04:45:00,22843.31,22855.43,22835.53,22839.21,535.0903
2023-01-31 04:50:00,22839.21,22846.62,22832.08,22837.13,607.24244
2023-01-31 04:55:00,22837.77,22865.52,22837.11,22861.59,636.44659
2023-01-31 05:00:00,22862.32,22872.82,22850.06,22855.0,789.22622
2023-01-31 05:05:00,22855.0,22856.99,22839.56,22845.38,497.90196
2023-01-31 05:10:00,22845.36,22869.39,22843.01,22866.01,412.2854
2023-01-31 05:15:00,22866.99,22873.01,22851.14,22858.73,598.24447
2023-01-31 05:20:00,22858.12,22869.83,22850.02,22852.27,509.84698
2023-01-31 05:25:00,22851.01,22860.13,22850.04,22854.39,331.81023
2023-01-31 05:30:00,22854.39,22861.42,22845.16,22847.63,410.12386
2023-01-31 05:35:00,22847.63,22857.19,22839.31,22848.03,475.79426
2023-01-31 05:40:00,22848.03,22850.15,22831.17,22832.97,524.99589
2023-01-31 05:45:00,22834.04,22842.91,22810.72,22814.6,626.33376
2023-01-31 05:50:00,22815.45,22828.6,22792.72,22818.98,878.82473
2023-01-31 05:55:00,22819.71,22821.92,22754.23,22759.14,1353.38617
2023-01-31 06:00:00,22759.14,22782.33,22743.05,22755.62,1268.81747
2023-01-31 06:05:00,22756.49,22777.17,22754.28,22766.56,822.73427
2023-01-31 06:10:00,22766.56,22770.52,22756.03,22764.77,626.4797
2023-01-31 06:15:00,22764.78,22802.78,22760.31,22799.92,832.65593
2023-01-31 06:20:00,22799.94,22806.83,22789.95,22795.96,609.04928
2023-01-31 06:25:00,22797.62,22800.95,22780.51,22789.17,624.70084
2023-01-31 06:30:00,22788.44,22793.79,22767.35,22783.65,516.72594
2023-01-31 06:35:00,22783.65,22830.9,22780.26,22818.82,1004.33163
2023-01-31 06:40:00,22818.82,22858.59,22817.64,22840.45,1229.49788
2023-01-31 06:45:00,22841.14,22867.77,22837.7,22846.69,888.75936
2023-01-31 06:50:00,22847.04,22851.7,22821.68,22835.21,605.49938
2023-01-31 06:55:00,22834.62,22836.88,22809.09,22812.12,578.53893
2023-01-31 07:00:00,22812.12,22837.74,22809.67,22836.71,661.87105
2023-01-31 07:05:00,22835.67,22876.8,22832.56,22868.12,1141.05474
2023-01-31 07:10:00,22868.15,22879.47,22847.27,22855.57,772.81331
2023-01-31 07:15:00,22854.77,22865.76,22841.62,22853.4,560.36512
2023-01-31 07:20:00,22852.72,22863.18,22839.68,22860.07,463.78585
2023-01-31 07:25:00,22859.69,22869.99,22851.07,22861.48,463.74038
2023-01-31 07:30:00,22861.48,22899.02,22861.4,22896.09,854.0873
2023-01-31 07:35:00,22895.19,22910.94,22886.12,22904.56,798.74765
2023-01-31 07:40:00,22905.3,22915.74,22895.29,22909.54,747.88244
2023-01-31 07:45:00,22909.52,22981.85,22906.82,22979.07,2378.43838
2023-01-31 07:50:00,22978.36,22985.91,22958.04,22975.86,1516.69311
2023-01-31 07:55:00,22975.86,22989.48,22946.02,22978.24,1279.72715
2023-01-31 08:00:00,22978.24,22996.84,22958.86,22962.16,1760.22998
2023-01-31 08:05:00,22962.45,22966.75,22930.03,22938.21,977.24534
2023-01-31 08:10:00,22937.25,22946.22,22923.33,22926.89,753.87328
2023-01-31 08:15:00,22926.89,22962.85,22922.16,22951.23,1110.0428
2023-01-31 08:20:00,22952.28,22966.68,22942.01,22943.37,750.27734
2023-01-31 08:25:00,22943.44,22946.92,22914.52,22919.81,811.91542
2023-01-31 08:30:00,22919.8,22923.44,22896.19,22915.21,944.38341
2023-01-31 08:35:00,22914.39,22925.61,22899.32,22899.44,648.75674
2023-01-31 08:40:00,22899.45,22915.71,22886.01,22892.04,679.94674
2023-01-31 08:45:00,22892.43,22908.74,22835.01,22859.47,1443.05841
2023-01-31 08:50:00,22860.68,22873.59,22841.51,22872.19,757.06134
2023-01-31 08:55:00,22872.99,22915.18,22868.35,22912.62,783.52987
2023-01-31 09:00:00,22912.6,22925.92,22904.0,22916.04,783.16957
2023-01-31 09:05:00,22915.31,22937.77,22913.0,22934.35,675.58219
2023-01-31 09:10:00,22935.23,22942.13,22911.9,22927.95,679.82436
2023-01-31 09:15:00,22927.32,22935.39,22894.64,22905.95,706.1376
2023-01-31 09:20:00,22905.95,22914.52,22901.27,22908.98,408.48572
2023-01-31 09:25:00,22908.98,22922.99,22899.16,22900.18,442.33663
2023-01-31 09:30:00,22899.44,22913.93,22892.9,22893.82,666.7248
2023-01-31 09:35:00,22893.82,22900.0,22886.0,22886.84,601.31915
2023-01-31 09:40:00,22887.82,22908.14,22886.84,22903.76,480.84429
2023-01-31 09:45:00,22903.76,22908.39,22892.86,22895.3,412.63714
2023-01-31 09:50:00,22896.43,22897.21,22882.89,22891.63,464.48162
2023-01-31 09:55:00,22890.92,22907.67,22887.9,22891.34,449.55166
2023-01-31 10:00:00,22892.45,22895.17,22868.66,22878.28,756.37085
2023-01-31 10:05:00,22877.6,22888.98,22859.77,22872.15,619.08453
2023-01-31 10:10:00,22872.15,22877.5,22850.12,22857.07,800.00509
2023-01-31 10:15:00,22855.85,22882.68,22853.88,22877.69,615.52845
2023-01-31 10:20:00,22878.32,22906.98,22876.29,22899.55,643.28677
2023-01-31 10:25:00,22899.54,22913.0,22886.79,22900.22,722.14151
2023-01-31 10:30:00,22900.22,22906.3,22888.0,22889.32,617.25979
2023-01-31 10:35:00,22888.52,22895.93,22865.88,22870.35,663.50333
2023-01-31 10:40:00,22870.34,22877.87,22861.37,22865.37,503.2644
2023-01-31 10:45:00,22864.76,22880.99,22860.3,22867.65,660.44213
2023-01-31 10:50:00,22866.95,22870.79,22833.44,22846.42,957.25192
2023-01-31 10:55:00,22847.01,22860.89,22815.0,22828.87,1249.43148
2023-01-31 11:00:00,22828.15,22847.35,22814.88,22845.99,895.61326
2023-01-31 11:05:00,22847.27,22849.99,22834.34,22844.72,514.73079
2023-01-31 11:10:00,22844.72,22854.58,22830.0,22843.01,583.15739
2023-01-31 11:15:00,22842.82,22869.05,22841.53,22862.03,584.78522
2023-01-31 11:20:00,22862.12,22864.18,22847.69,22849.36,517.04296
2023-01-31 11:25:00,22848.93,22851.14,22818.84,22830.82,682.87969
2023-01-31 11:30:00,22830.82,22843.13,22811.59,22816.79,792.55593
2023-01-31 11:35:00,22817.32,22875.9,22810.03,22871.15,951.99588
2023-01-31 11:40:00,22871.15,22881.12,22857.0,22862.58,848.85973
2023-01-31 11:45:00,22862.58,22880.39,22852.14,22869.74,681.4155
2023-01-31 11:50:00,22869.74,22874.95,22858.01,22870.81,490.14142
2023-01-31 11:55:00,22871.47,22881.44,22858.89,22865.43,584.87487
2023-01-31 12:00:00,22865.97,22899.69,22861.14,22886.02,1063.23692
2023-01-31 12:05:00,22885.34,22892.33,22854.02,22857.72,792.54569
2023-01-31 12:10:00,22857.45,22873.42,22851.01,22866.99,627.21351
2023-01-31 12:15:00,22866.99,22889.75,22858.93,22883.34,641.77594
2023-01-31 12:20:00,22883.34,22903.0,22883.08,22896.02,678.77728
2023-01-31 12:25:00,22896.02,22906.33,22881.1,22903.47,726.62968
2023-01-31 12:30:00,22904.11,22913.84,22889.84,22900.78,748.09254
2023-01-31 12:35:00,22901.82,22905.82,22875.01,22879.81,743.14358
2023-01-31 12:40:00,22879.81,22888.04,22866.66,22875.94,553.79963
2023-01-31 12:45:00,22875.23,22891.94,22868.01,22885.04,658.8001
2023-01-31 12:50:00,22885.04,22923.99,22884.33,22919.79,956.21231
2023-01-31 12:55:00,22919.28,22921.0,22895.05,22895.15,670.13285
2023-01-31 13:00:00,22895.82,22917.6,22893.22,22916.6,652.05717
2023-01-31 13:05:00,22915.94,22923.22,22906.17,22918.39,776.778
2023-01-31 13:10:00,22918.12,22936.99,22913.19,22931.86,775.6316
2023-01-31 13:15:00,22931.86,22956.77,22925.89,22953.99,930.20136
2023-01-31 13:20:00,22953.99,22954.5,22894.88,22907.69,1043.76453
2023-01-31 13:25:00,22908.87,22912.88,22884.86,22897.54,859.37885
2023-01-31 13:30:00,22897.54,23035.0,22896.21,22951.5,4473.13453
2023-01-31 13:35:00,22951.52,23071.52,22949.7,23068.54,2769.88336
2023-01-31 13:40:00,23068.55,23086.12,23025.4,23075.93,2323.95064
2023-01-31 13:45:00,23075.92,23087.66,23038.19,23045.29,1551.37985
2023-01-31 13:50:00,23045.29,23116.88,23044.55,23080.81,1988.54882
2023-01-31 13:55:00,23078.4,23127.5,23077.0,23127.11,1639.74379
2023-01-31 14:00:00,23126.94,23197.38,23087.82,23102.01,3134.55881
2023-01-31 14:05:00,23102.01,23109.51,23077.0,23082.43,1225.48059
2023-01-31 14:10:00,23082.46,23095.0,23069.44,23074.92,1192.12393
2023-01-31 14:15:00,23073.4,23101.27,23058.44,23097.69,1438.13848
2023-01-31 14:20:00,23097.69,23137.6,23095.0,23134.37,1384.39578
2023-01-31 14:25:00,23134.97,23137.28,23084.03,23094.83,1268.10551
2023-01-31 14:30:00,23093.71,23153.78,23085.0,23135.65,2334.46276
2023-01-31 14:35:00,23135.65,23146.88,23081.62,23089.23,1578.23228
2023-01-31 14:40:00,23088.25,23158.47,23056.0,23132.48,2084.17003
2023-01-31 14:45:00,23132.48,23168.12,23109.76,23164.13,1668.75121
2023-01-31 14:50:00,23162.65,23190.0,23147.47,23180.58,1777.87587
2023-01-31 14:55:00,23180.58,23181.78,23118.68,23119.64,1522.3689
2023-01-31 15:00:00,23118.76,23140.86,23104.95,23110.47,1744.71891
2023-01-31 15:05:00,23109.37,23142.47,23077.05,23080.03,1609.79543
2023-01-31 15:10:00,23080.03,23138.0,23075.01,23138.0,1584.61538
2023-01-31 15:15:00,23137.93,23153.61,23121.56,23152.29,1430.1149
2023-01-31 15:20:00,23153.39,23156.9,23122.76,23134.12,1217.05664
2023-01-31 15:25:00,23135.49,23138.81,23101.76,23134.28,971.31496
2023-01-31 15:30:00,23135.47,23163.54,23134.28,23162.19,1273.32005
2023-01-31 15:35:00,23162.19,23206.84,23151.0,23162.99,1419.4254
2023-01-31 15:40:00,23163.56,23177.94,23141.24,23150.25,1123.94719
2023-01-31 15:45:00,23150.24,23164.59,23127.32,23141.34,1129.151
2023-01-31 15:50:00,23141.05,23158.61,23117.11,23124.89,1235.97472
2023-01-31 15:55:00,23124.89,23136.48,23103.76,23121.8,925.19112
2023-01-31 16:00:00,23121.8,23138.0,23102.61,23116.82,1187.16514
2023-01-31 16:05:00,23116.82,23144.85,23104.63,23143.74,1000.30699
2023-01-31 16:10:00,23143.47,23143.74,23102.18,23107.57,1149.28308
2023-01-31 16:15:00,23107.57,23133.37,23106.59,23122.61,1024.03374
2023-01-31 16:20:00,23121.7,23132.35,23107.19,23122.97,866.29492
2023-01-31 16:25:00,23122.99,23132.0,23111.55,23125.2,636.35936
2023-01-31 16:30:00,23125.19,23158.75,23121.21,23156.5,928.11891
2023-01-31 16:35:00,23157.16,23221.14,23147.75,23171.01,2524.33523
2023-01-31 16:40:00,23171.01,23197.48,23112.28,23116.2,1515.20544
2023-01-31 16:45:00,23115.01,23127.9,23095.12,23100.7,1491.96351
2023-01-31 16:50:00,23100.7,23117.28,23081.08,23110.58,1181.78463
2023-01-31 16:55:00,23110.58,23122.0,23100.0,23109.17,1210.13185
2023-01-31 17:00:00,23109.88,23119.05,23086.01,23099.71,1154.27641
2023-01-31 17:05:00,23098.98,23116.12,23093.87,23106.84,965.55719
2023-01-31 17:10:00,23106.82,23119.47,23091.61,23112.36,803.72865
2023-01-31 17:15:00,23112.36,23130.78,23100.45,23129.64,874.93018
2023-01-31 17:20:00,23129.64,23140.47,23117.08,23127.62,927.15824
2023-01-31 17:25:00,23127.62,23142.75,23121.26,23134.27,768.803
2023-01-31 17:30:00,23134.27,23137.3,23119.32,23126.93,487.9733
2023-01-31 17:35:00,23126.23,23164.68,23123.82,23151.41,884.53838
2023-01-31 17:40:00,23151.4,23182.13,23150.72,23167.61,821.48399
2023-01-31 17:45:00,23166.27,23177.13,23151.74,23158.98,716.54848
2023-01-31 17:50:00,23158.99,23172.82,23135.27,23148.06,799.76532
2023-01-31 17:55:00,23148.08,23154.32,23137.97,23152.42,619.81488
2023-01-31 18:00:00,23151.76,23156.75,23130.24,23133.15,783.24509
2023-01-31 18:05:00,23133.15,23157.4,23130.24,23149.58,700.35401
2023-01-31 18:10:00,23150.51,23154.6,23135.04,23151.25,567.06625
2023-01-31 18:15:00,23150.61,23159.52,23131.75,23139.18,610.97069
2023-01-31 18:20:00,23139.18,23155.68,23118.01,23121.0,881.87036
2023-01-31 18:25:00,23121.37,23139.48,23116.43,23138.59,788.11755
2023-01-31 18:30:00,23138.59,23145.0,23122.12,23123.34,653.17828
2023-01-31 18:35:00,23124.11,23134.54,23115.06,23131.16,639.44299
2023-01-31 18:40:00,23131.16,23150.72,23131.16,23144.07,640.12039
2023-01-31 18:45:00,23143.08,23179.36,23141.26,23178.22,766.15847
2023-01-31 18:50:00,23178.22,23187.0,23163.98,23170.49,795.21979
2023-01-31 18:55:00,23169.75,23180.0,23164.91,23165.96,550.72156
2023-01-31 19:00:00,23166.54,23188.58,23140.44,23144.68,1261.1885
2023-01-31 19:05:00,23144.68,23161.77,23142.49,23160.62,570.64255
2023-01-31 19:10:00,23160.62,23162.65,23125.07,23125.91,719.50568
2023-01-31 19:15:00,23125.91,23137.09,23087.28,23096.11,1058.93829
2023-01-31 19:20:00,23096.11,23122.8,23095.05,23110.23,714.30132
2023-01-31 19:25:00,23109.9,23137.18,23105.0,23134.56,681.09865
2023-01-31 19:30:00,23134.56,23144.13,23122.84,23140.03,701.48259
2023-01-31 19:35:00,23140.95,23159.0,23138.06,23156.29,685.99605
2023-01-31 19:40:00,23157.05,23176.55,23147.67,23173.54,808.74681
2023-01-31 19:45:00,23174.67,23177.99,23151.49,23158.66,683.0879
2023-01-31 19:50:00,23158.66,23175.91,23151.78,23165.97,698.2335
2023-01-31 19:55:00,23165.97,23175.96,23161.95,23163.88,556.65286
2023-01-31 20:00:00,23162.99,23172.8,23156.55,23157.28,899.55083
2023-01-31 20:05:00,23156.56,23165.46,23143.31,23145.31,711.49861
2023-01-31 20:10:00,23145.31,23148.02,23108.45,23121.35,932.66356
2023-01-31 20:15:00,23120.31,23124.0,23100.66,23103.33,558.92624
2023-01-31 20:20:00,23103.83,23129.37,23101.63,23119.69,758.20907
2023-01-31 20:25:00,23119.01,23127.72,23093.95,23095.04,717.47724
2023-01-31 20:30:00,23095.63,23106.25,23045.07,23061.64,1377.1969
2023-01-31 20:35:00,23061.64,23095.79,23055.3,23085.44,868.81216
2023-01-31 20:40:00,23085.16,23102.63,23084.56,23100.2,632.18182
2023-01-31 20:45:00,23100.2,23131.58,23098.0,23125.56,934.44447
2023-01-31 20:50:00,23125.56,23145.0,23123.45,23130.08,1025.08129
2023-01-31 20:55:00,23130.08,23131.86,23091.46,23095.41,1130.5331
2023-01-31 21:00:00,23095.41,23114.67,23084.06,23111.06,747.00726
2023-01-31 21:05:00,23110.22,23124.34,23092.47,23095.06,738.01012
2023-01-31 21:10:00,23094.29,23095.05,23062.8,23070.27,877.35262
2023-01-31 21:15:00,23069.21,23092.79,22850.01,22961.58,4492.79021
2023-01-31 21:20:00,22961.58,23033.0,22951.96,23025.65,1571.84745
2023-01-31 21:25:00,23023.77,23039.0,22983.71,22991.56,1212.23281
2023-01-31 21:30:00,22991.56,23011.44,22921.75,22935.38,1593.00105
2023-01-31 21:35:00,22935.38,22939.08,22850.0,22878.07,2060.91653
2023-01-31 21:40:00,22880.0,22880.73,22812.69,22875.6,1961.52857
2023-01-31 21:45:00,22874.58,22916.39,22867.37,22901.53,1155.48321
2023-01-31 21:50:00,22901.53,22935.54,22885.98,22915.42,870.56836
2023-01-31 21:55:00,22915.42,22951.34,22913.79,22948.69,688.41908
2023-01-31 22:00:00,22947.66,22955.16,22922.65,22947.23,738.44594
2023-01-31 22:05:00,22947.93,22978.98,22940.69,22953.39,798.51822
2023-01-31 22:10:00,22954.25,22956.03,22899.04,22919.59,905.98924
2023-01-31 22:15:00,22919.59,22926.31,22892.54,22907.84,791.77352
2023-01-31 22:20:00,22907.84,22928.69,22896.04,22918.05,469.57097
2023-01-31 22:25:00,22918.06,22919.88,22890.24,22900.62,491.84032
2023-01-31 22:30:00,22899.6,22949.99,22872.12,22944.43,884.1907
2023-01-31 22:35:00,22944.43,22961.57,22928.58,22960.3,630.38251
2023-01-31 22:40:00,22959.54,22990.38,22932.69,22985.55,707.41309
2023-01-31 22:45:00,22984.61,23190.0,22983.02,23148.17,1777.79345
2023-01-31 22:50:00,23148.17,23320.0,23132.32,23221.07,2962.4918
2023-01-31 22:55:00,23221.08,23246.87,23162.67,23181.81,1321.13431
2023-01-31 23:00:00,23181.81,23188.7,23081.19,23124.21,2093.64891
2023-01-31 23:05:00,23124.21,23151.27,23090.0,23119.35,1304.33714
2023-01-31 23:10:00,23119.35,23128.54,23098.22,23106.53,708.52771
2023-01-31 23:15:00,23106.53,23138.83,23082.0,23119.07,1077.80104
2023-01-31 23:20:00,23119.07,23137.53,23096.47,23116.79,960.45477
2023-01-31 23:25:00,23116.79,23135.47,23105.5,23108.09,655.01944
2023-01-31 23:30:00,23108.09,23135.75,23103.78,23109.37,750.47199
2023-01-31 23:35:00,23110.31,23132.0,23100.03,23122.78,626.64288
2023-01-31 23:40:00,23122.55,23145.39,23120.0,23121.34,733.11797
2023-01-31 23:45:00,23122.4,23144.0,23120.41,23134.54,593.49851
2023-01-31 23:50:00,23134.49,23157.64,23122.79,23150.11,724.12191
2023-01-31 23:55:00,23149.08,23159.53,23123.23,23125.13,727.70568
2023-02-01 00:00:00,23125.13,23168.9,23123.01,23133.11,1152.26389
2023-02-01 00:05:00,23133.11,23136.9,23059.9,23067.9,1990.33791
2023-02-01 00:10:00,23069.69,23095.0,23037.43,23092.98,1340.83186
2023-02-01 00:15:00,23092.25,23094.92,23067.37,23075.56,774.21672
2023-02-01 00:20:00,23074.33,23092.57,23065.29,23088.68,700.06222
2023-02-01 00:25:00,23087.33,23090.96,23030.67,23044.19,788.05759
2023-02-01 00:30:00,23042.67,23066.5,22997.1,23052.37,1399.00778
2023-02-01 00:35:00,23051.14,23074.37,23043.27,23069.84,725.39018
2023-02-01 00:40:00,23071.26,23090.0,23065.32,23077.61,830.85726
2023-02-01 00:45:00,23077.99,23102.34,23073.02,23099.46,722.72118
2023-02-01 00:50:00,23099.34,23115.25,23082.96,23088.44,990.75955
2023-02-01 00:55:00,23088.44,23102.0,23074.71,23085.73,707.13405
2023-02-01 01:00:00,23085.36,23106.16,23081.39,23091.88,756.3205
2023-02-01 01:05:00,23092.78,23115.0,23085.05,23108.87,603.90348
2023-02-01 01:10:00,23109.67,23120.0,23095.88,23112.66,696.26009
2023-02-01 01:15:00,23113.4,23119.15,23081.22,23088.24,628.46694
2023-02-01 01:20:00,23087.1,23097.68,23068.05,23072.53,837.41218
2023-02-01 01:25:00,23072.56,23082.06,23055.25,23062.38,885.58956
2023-02-01 01:30:00,23062.12,23089.66,23057.45,23081.24,523.72864
2023-02-01 01:35:00,23081.24,23133.95,23081.24,23126.16,1139.88494
2023-02-01 01:40:00,23127.11,23161.33,23119.18,23155.83,981.46017
2023-02-01 01:45:00,23156.77,23184.29,23137.23,23156.54,1153.51201
2023-02-01 01:50:00,23157.21,23157.68,23118.89,23123.67,731.51876
2023-02-01 01:55:00,23122.93,23136.5,23115.21,23123.09,574.28978
2023-02-01 02:00:00,23123.1,23130.93,23104.87,23114.4,607.99254
2023-02-01 02:05:00,23114.4,23120.0,23097.92,23103.78,697.33278
2023-02-01 02:10:00,23102.61,23105.7,23091.67,23096.31,483.77761
2023-02-01 02:15:00,23096.3,23108.73,23082.01,23085.3,703.9213
2023-02-01 02:20:00,23085.3,23103.32,23078.5,23089.41,726.95117
2023-02-01 02:25:00,23088.68,23098.53,23080.44,23086.21,528.08614
2023-02-01 02:30:00,23086.92,23113.07,23078.68,23108.79,686.74733
2023-02-01 02:35:00,23108.79,23114.97,23093.19,23096.38,602.20536
2023-02-01 02:40:00,23095.52,23110.64,23086.92,23089.15,559.99516
2023-02-01 02:45:00,23089.63,23099.24,23083.29,23085.35,480.42528
2023-02-01 02:50:00,23085.83,23104.18,23080.8,23101.83,430.45263
2023-02-01 02:55:00,23102.4,23110.0,23095.63,23108.43,600.92887
2023-02-01 03:00:00,23107.17,23112.94,23097.28,23099.65,518.28789
2023-02-01 03:05:00,23098.82,23102.77,23088.75,23097.21,621.08469
2023-02-01 03:10:00,23096.58,23109.99,23094.31,23100.49,403.70729
2023-02-01 03:15:00,23100.49,23104.85,23077.0,23081.51,572.69365
2023-02-01 03:20:00,23081.5,23085.6,23070.44,23076.86,559.9194
2023-02-01 03:25:00,23076.86,23083.89,23063.57,23082.78,674.28786
2023-02-01 03:30:00,23082.26,23085.88,23038.07,23076.63,805.92247
2023-02-01 03:35:00,23077.62,23098.0,23075.67,23091.15,579.729
2023-02-01 03:40:00,23091.6,23106.68,23082.49,23101.75,587.46858
2023-02-01 03:45:00,23101.75,23116.62,23100.1,23109.54,371.01493
2023-02-01 03:50:00,23109.54,23128.96,23108.02,23125.88,723.78807
2023-02-01 03:55:00,23125.86,23134.59,23118.02,23130.19,545.24493
2023-02-01 04:00:00,23130.7,23139.0,23127.0,23137.58,499.83253
2023-02-01 04:05:00,23138.48,23140.52,23128.59,23137.63,487.75145
2023-02-01 04:10:00,23138.32,23144.98,23124.58,23124.76,547.07499
2023-02-01 04:15:00,23124.76,23132.0,23107.83,23122.51,610.10569
2023-02-01 04:20:00,23121.88,23157.41,23121.07,23131.33,779.09747
2023-02-01 04:25:00,23131.88,23148.48,23125.22,23137.68,469.79402
2023-02-01 04:30:00,23137.68,23154.1,23130.81,23138.41,546.79293
2023-02-01 04:35:00,23138.41,23139.98,23110.59,23137.19,862.24412
2023-02-01 04:40:00,23137.92,23152.13,23137.22,23149.46,468.21456
2023-02-01 04:45:00,23149.46,23149.7,23124.91,23127.31,595.97723
2023-02-01 04:50:00,23127.06,23135.69,23123.9,23130.06,424.54786
2023-02-01 04:55:00,23130.06,23145.33,23127.95,23135.98,557.73602
2023-02-01 05:00:00,23136.75,23148.0,23132.09,23144.12,587.67732
2023-02-01 05:05:00,23144.13,23153.06,23136.47,23150.72,665.2512
2023-02-01 05:10:00,23150.18,23159.61,23142.0,23159.21,705.93701
2023-02-01 05:15:00,23158.43,23159.99,23144.03,23147.5,543.63315
2023-02-01 05:20:00,23147.5,23162.0,23136.67,23156.42,592.05359
2023-02-01 05:25:00,23156.42,23164.0,23154.29,23159.3,557.45657
2023-02-01 05:30:00,23159.98,23167.39,23149.62,23152.53,641.17039
2023-02-01 05:35:00,23152.53,23154.56,23135.82,23140.66,477.66955
2023-02-01 05:40:00,23141.15,23147.53,23127.06,23135.71,859.41087
2023-02-01 05:45:00,23135.79,23137.86,23119.77,23124.7,582.6461
2023-02-01 05:50:00,23125.3,23135.27,23111.39,23126.06,581.2467
2023-02-01 05:55:00,23126.05,23129.08,23115.78,23118.67,409.40512
2023-02-01 06:00:00,23118.68,23131.66,23112.48,23118.69,619.81741
2023-02-01 06:05:00,23118.69,23125.43,23103.98,23120.04,691.7854
2023-02-01 06:10:00,23119.6,23131.98,23111.65,23118.34,509.76333
2023-02-01 06:15:00,23118.88,23119.3,23078.39,23081.25,1119.35497
2023-02-01 06:20:00,23082.16,23108.38,23066.81,23104.96,987.20492
2023-02-01 06:25:00,23104.96,23111.52,23098.9,23103.81,355.9462
2023-02-01 06:30:00,23104.51,23123.86,23090.3,23118.09,711.56743
2023-02-01 06:35:00,23117.36,23126.95,23106.24,23109.68,523.14498
2023-02-01 06:40:00,23108.92,23116.59,23083.44,23084.67,774.75656
2023-02-01 06:45:00,23084.67,23095.56,23076.43,23090.81,628.63496
2023-02-01 06:50:00,23091.66,23098.97,23071.34,23089.01,711.32184
2023-02-01 06:55:00,23089.0,23089.42,23048.25,23065.77,1417.04418
2023-02-01 07:00:00,23065.77,23066.52,23017.07,23042.14,1854.959
2023-02-01 07:05:00,23042.14,23054.73,23030.0,23051.32,864.18998
2023-02-01 07:10:00,23051.32,23081.85,23047.4,23077.71,885.70337
2023-02-01 07:15:00,23076.61,23094.58,23071.42,23090.56,776.20736
2023-02-01 07:20:00,23091.14,23096.35,23072.98,23093.71,634.42397
2023-02-01 07:25:00,23094.83,23113.96,23082.83,23111.14,775.54934
2023-02-01 07:30:00,23110.15,23115.54,23100.26,23105.16,759.38435
2023-02-01 07:35:00,23105.16,23106.5,23082.53,23085.6,629.22009
2023-02-01 07:40:00,23084.38,23091.0,23082.53,23087.5,468.10175
2023-02-01 07:45:00,23088.09,23089.63,23063.33,23073.97,722.1188
2023-02-01 07:50:00,23073.97,23092.19,23063.67,23090.59,566.68402
2023-02-01 07:55:00,23090.59,23093.0,23071.0,23076.68,477.86326
2023-02-01 08:00:00,23076.67,23082.0,23063.03,23071.18,1071.97771
2023-02-01 08:05:00,23070.66,23087.43,23057.01,23079.59,716.64592
2023-02-01 08:10:00,23080.36,23081.91,23049.0,23054.61,812.33032
2023-02-01 08:15:00,23055.28,23062.37,23020.44,23024.51,837.1273
2023-02-01 08:20:00,23024.09,23038.83,22946.62,22996.02,2428.92839
2023-02-01 08:25:00,22995.15,23010.46,22940.0,22967.56,1402.78138
2023-02-01 08:30:00,22967.56,22997.73,22938.16,22987.83,1348.31307
2023-02-01 08:35:00,22988.92,23002.66,22975.19,22999.75,700.17384
2023-02-01 08:40:00,22999.17,23006.16,22991.9,22992.28,703.04769
2023-02-01 08:45:00,22993.58,23012.11,22976.27,22977.65,1006.84263
2023-02-01 08:50:00,22977.07,22990.94,22969.26,22987.67,644.2532
2023-02-01 08:55:00,22986.96,22989.58,22966.54,22982.03,657.16988
2023-02-01 09:00:00,22982.15,22983.22,22957.74,22964.21,992.54233
2023-02-01 09:05:00,22962.34,22970.88,22919.33,22956.99,1105.03296
2023-02-01 09:10:00,22956.99,22990.5,22941.69,22988.69,824.7336
2023-02-01 09:15:00,22987.53,23013.77,22975.0,23010.27,891.95876
2023-02-01 09:20:00,23010.27,23015.91,22993.87,23006.59,743.55848
2023-02-01 09:25:00,23005.59,23018.76,23000.0,23017.68,543.18208
2023-02-01 09:30:00,23017.68,23021.87,22989.64,22998.43,703.48338
2023-02-01 09:35:00,22998.44,23004.99,22986.81,22990.06,476.16892
2023-02-01 09:40:00,22990.94,22992.33,22969.51,22980.7,599.61078
2023-02-01 09:45:00,22980.7,22998.36,22967.22,22991.9,571.97776
2023-02-01 09:50:00,22991.9,22997.43,22980.0,22984.85,493.50354
2023-02-01 09:55:00,22984.85,23004.69,22982.01,22991.86,635.13686
2023-02-01 10:00:00,22992.69,23007.76,22983.61,22990.38,733.43131
2023-02-01 10:05:00,22991.09,22997.73,22976.75,22992.72,607.67157
2023-02-01 10:10:00,22992.28,23006.33,22987.93,23001.28,582.41212
2023-02-01 10:15:00,23001.85,23011.87,22994.79,22997.58,610.80045
2023-02-01 10:20:00,22996.62,23002.41,22988.2,22988.7,522.36599
2023-02-01 10:25:00,22988.42,22994.89,22974.12,22977.85,548.0064
2023-02-01 10:30:00,22978.45,22986.99,22961.79,22970.69,595.63721
2023-02-01 10:35:00,22970.06,22971.06,22942.84,22959.47,687.07222
2023-02-01 10:40:00,22958.83,22986.09,22957.38,22981.59,516.38807
2023-02-01 10:45:00,22981.39,23007.56,22979.44,23003.89,581.55409
2023-02-01 10:50:00,23003.89,23006.39,22996.08,23003.2,444.54328
2023-02-01 10:55:00,23003.2,23006.22,22992.43,22996.3,425.0213
2023-02-01 11:00:00,22996.3,23006.75,22987.6,23006.75,600.55521
2023-02-01 11:05:00,23006.75,23031.85,23004.39,23021.84,799.64592
2023-02-01 11:10:00,23022.74,23030.0,23012.73,23017.66,739.4656
2023-02-01 11:15:00,23016.76,23041.68,23015.1,23032.0,864.51547
2023-02-01 11:20:00,23032.0,23068.99,23029.99,23062.89,1148.24125
2023-02-01 11:25:00,23063.51,23100.0,23054.84,23087.99,1424.8548
2023-02-01 11:30:00,23086.83,23095.93,23065.95,23074.69,978.47609
2023-02-01 11:35:00,23073.82,23088.55,23064.24,23084.67,656.42691
2023-02-01 11:40:00,23084.67,23096.12,23073.76,23077.14,690.75914
2023-02-01 11:45:00,23077.14,23083.47,23063.16,23065.12,503.93298
2023-02-01 11:50:00,23064.45,23074.9,23056.27,23066.19,486.94678
2023-02-01 11:55:00,23065.72,23085.7,23062.77,23077.52,579.4565
2023-02-01 12:00:00,23078.43,23086.66,23063.96,23085.11,826.49957
2023-02-01 12:05:00,23084.92,23098.65,23071.08,23096.26,716.75289
2023-02-01 12:10:00,23096.26,23098.8,23081.01,23096.39,739.56969
2023-02-01 12:15:00,23096.39,23099.92,23081.48,23083.52,607.44542
2023-02-01 12:20:00,23083.52,23108.09,23080.0,23083.57,959.63141
2023-02-01 12:25:00,23084.52,23097.88,23075.0,23093.66,648.12492
2023-02-01 12:30:00,23093.67,23095.38,23079.21,23090.54,555.76005
2023-02-01 12:35:00,23091.16,23096.82,23086.8,23089.05,423.35656
2023-02-01 12:40:00,23089.92,23095.57,23076.27,23078.56,548.83094
2023-02-01 12:45:00,23078.56,23092.99,23075.83,23082.06,496.45094
2023-02-01 12:50:00,23082.6,23083.16,23057.33,23062.98,694.35164
2023-02-01 12:55:00,23062.24,23071.75,23048.1,23060.63,811.1152
2023-02-01 13:00:00,23061.34,23061.38,23035.23,23042.74,946.63067
2023-02-01 13:05:00,23041.98,23055.0,23015.34,23049.67,1251.13534
2023-02-01 13:10:00,23049.67,23069.28,23037.0,23068.95,779.20953
2023-02-01 13:15:00,23068.95,23140.89,23063.0,23100.93,3287.32961
2023-02-01 13:20:00,23102.01,23139.0,23100.93,23118.94,1300.2796
2023-02-01 13:25:00,23118.92,23132.0,23093.0,23104.77,1046.70474
2023-02-01 13:30:00,23104.77,23125.96,23098.73,23115.27,944.50541
2023-02-01 13:35:00,23114.37,23119.22,23096.6,23101.56,674.22134
2023-02-01 13:40:00,23101.72,23104.0,23068.55,23070.33,874.82429
2023-02-01 13:45:00,23071.22,23101.99,23066.0,23099.05,730.29215
2023-02-01 13:50:00,23098.23,23108.0,23085.73,23091.73,667.00702
2023-02-01 13:55:00,23091.73,23105.0,23079.55,23086.1,617.7873
2023-02-01 14:00:00,23086.78,23096.26,23079.43,23086.05,514.46336
2023-02-01 14:05:00,23086.05,23090.49,23078.02,23083.24,759.71412
2023-02-01 14:10:00,23082.3,23102.94,23078.89,23099.89,962.84936
2023-02-01 14:15:00,23099.89,23122.0,23099.4,23119.99,876.57823
2023-02-01 14:20:00,23119.41,23138.19,23118.75,23131.06,958.16868
2023-02-01 14:25:00,23131.84,23135.32,23088.01,23092.1,1051.14555
2023-02-01 14:30:00,23092.1,23114.62,23054.28,23061.23,2209.94497
2023-02-01 14:35:00,23061.23,23077.99,23028.88,23072.13,1886.50749
2023-02-01 14:40:00,23072.14,23125.66,23058.77,23118.4,1478.0312
2023-02-01 14:45:00,23117.05,23144.85,23108.86,23137.55,1776.62865
2023-02-01 14:50:00,23137.55,23142.0,23111.32,23112.87,988.2561
2023-02-01 14:55:00,23112.86,23128.74,23091.14,23101.0,1056.6827
2023-02-01 15:00:00,23101.0,23111.78,23032.37,23059.67,2669.96429
2023-02-01 15:05:00,23060.0,23077.84,23031.91,23053.7,1458.76998
2023-02-01 15:10:00,23053.7,23076.98,23050.91,23075.08,1150.89291
2023-02-01 15:15:00,23074.15,23084.19,23034.16,23045.86,1345.8895
2023-02-01 15:20:00,23046.65,23056.55,23018.05,23032.37,1300.42441
2023-02-01 15:25:00,23032.92,23048.31,23018.16,23045.53,1070.96755
2023-02-01 15:30:00,23045.52,23061.94,23037.14,23052.51,1097.07806
2023-02-01 15:35:00,23051.79,23052.67,23020.0,23034.98,1012.98016
2023-02-01 15:40:00,23034.98,23053.2,23007.35,23012.19,1114.98848
2023-02-01 15:45:00,23012.3,23025.87,22962.96,22982.24,2566.93708
2023-02-01 15:50:00,22983.31,23012.0,22953.23,22988.54,1881.77392
2023-02-01 15:55:00,22988.54,23002.0,22938.36,22979.73,1488.90621
2023-02-01 16:00:00,22979.73,23003.7,22946.32,22983.77,1007.4074
2023-02-01 16:05:00,22983.75,23004.75,22980.16,22990.89,462.26703
2023-02-01 16:10:00,22991.01,23025.37,22986.4,23015.77,645.76227
2023-02-01 16:15:00,23015.86,23029.37,23010.46,23016.93,480.40812
2023-02-01 16:20:00,23016.93,23035.75,23013.45,23031.89,695.49037
2023-02-01 16:25:00,23031.32,23036.63,23004.31,23015.45,741.56082
2023-02-01 16:30:00,23015.45,23015.71,22995.68,23009.12,636.68975
2023-02-01 16:35:00,23009.77,23014.0,22982.74,23010.7,474.15107
2023-02-01 16:40:00,23010.33,23017.0,23003.34,23007.48,345.7348
2023-02-01 16:45:00,23006.75,23011.42,22989.35,22989.37,476.61324
2023-02-01 16:50:00,22989.76,22995.12,22918.2,22970.38,840.99373
2023-02-01 16:55:00,22969.51,23007.41,22946.24,22999.85,760.35431
2023-02-01 17:00:00,23000.62,23005.67,22973.66,22974.56,487.72405
2023-02-01 17:05:00,22975.08,22986.76,22968.1,22971.19,456.97889
2023-02-01 17:10:00,22971.2,22988.46,22970.31,22977.89,478.14329
2023-02-01 17:15:00,22977.89,22990.13,22970.0,22979.61,550.6214
2023-02-01 17:20:00,22980.31,23038.93,22979.61,23029.47,785.60263
2023-02-01 17:25:00,23029.47,23029.49,23002.0,23011.94,553.60142
2023-02-01 17:30:00,23011.35,23021.86,23002.44,23008.38,460.64786
2023-02-01 17:35:00,23008.39,23015.21,22979.65,22994.64,649.62639
2023-02-01 17:40:00,22994.65,23006.9,22971.7,22977.19,612.4491
2023-02-01 17:45:00,22977.19,22998.58,22929.0,22993.31,1551.10355
2023-02-01 17:50:00,22992.2,23001.99,22959.86,22992.64,888.45671
2023-02-01 17:55:00,22992.63,23003.68,22972.03,22994.27,773.1267
2023-02-01 18:00:00,22993.32,23006.94,22982.78,23003.32,756.30923
2023-02-01 18:05:00,23003.32,23014.69,22943.47,22952.72,990.02619
2023-02-01 18:10:00,22953.97,22979.24,22948.35,22967.15,756.90513
2023-02-01 18:15:00,22967.13,22992.79,22960.1,22986.94,801.84535
2023-02-01 18:20:00,22987.98,22993.71,22978.73,22990.0,493.18968
2023-02-01 18:25:00,22990.0,23116.21,22988.53,23105.0,1942.64684
2023-02-01 18:30:00,23104.99,23124.36,23063.05,23074.28,1386.74035
2023-02-01 18:35:00,23074.28,23079.55,23039.8,23058.02,1143.26875
2023-02-01 18:40:00,23059.05,23085.0,23047.22,23072.67,876.68943
2023-02-01 18:45:00,23070.92,23077.26,23027.18,23036.62,959.60271
2023-02-01 18:50:00,23035.57,23070.0,23030.6,23058.48,704.4643
2023-02-01 18:55:00,23059.38,23128.0,23030.01,23077.26,2943.97834
2023-02-01 19:00:00,23075.53,23200.51,22915.0,22994.96,5861.14422
2023-02-01 19:05:00,22994.96,23126.89,22983.0,23089.37,3564.62418
2023-02-01 19:10:00,23089.17,23109.77,23061.23,23082.05,1961.48644
2023-02-01 19:15:00,23080.48,23084.58,23001.0,23044.89,1899.45749
2023-02-01 19:20:00,23043.38,23061.09,23001.43,23015.72,1340.205
2023-02-01 19:25:00,23015.71,23040.75,22996.59,22996.95,1037.03408
2023-02-01 19:30:00,22998.27,23027.63,22760.23,22882.07,5836.36411
2023-02-01 19:35:00,22885.27,23130.99,22859.65,23093.74,7031.05497
2023-02-01 19:40:00,23093.75,23318.0,23091.98,23268.98,7118.71738
2023-02-01 19:45:00,23265.34,23369.55,23155.21,23292.33,5544.00938
2023-02-01 19:50:00,23294.88,23494.77,23292.34,23439.46,4000.52925
2023-02-01 19:55:00,23439.46,23479.48,23337.16,23385.99,3167.79825
2023-02-01 20:00:00,23385.99,23466.25,23382.73,23437.1,2939.05127
2023-02-01 20:05:00,23436.52,23459.42,23388.0,23418.37,3049.77009
2023-02-01 20:10:00,23417.21,23429.73,23327.96,23394.35,2936.40352
2023-02-01 20:15:00,23392.53,23416.72,23320.01,23392.58,2282.02043
2023-02-01 20:20:00,23392.58,23414.73,23363.55,23411.79,1473.64114
2023-02-01 20:25:00,23411.79,23554.81,23409.96,23553.13,3908.22255
2023-02-01 20:30:00,23551.13,23630.0,23547.42,23584.02,3815.60652
2023-02-01 20:35:00,23584.02,23650.0,23556.31,23581.62,2123.38057
2023-02-01 20:40:00,23581.6,23620.0,23552.21,23564.73,1958.45288
2023-02-01 20:45:00,23564.73,23595.0,23535.56,23546.97,1759.40017
2023-02-01 20:50:00,23547.3,23547.86,23482.0,23502.01,1420.67006
2023-02-01 20:55:00,23501.65,23573.6,23493.12,23573.11,1362.69229
2023-02-01 21:00:00,23571.72,23600.0,23535.27,23570.4,1413.32704
2023-02-01 21:05:00,23570.4,23745.0,23562.48,23701.25,4408.02722
2023-02-01 21:10:00,23699.78,23749.48,23657.47,23700.52,2111.37672
2023-02-01 21:15:00,23702.26,23787.23,23693.25,23752.48,2603.97424
2023-02-01 21:20:00,23752.48,23800.0,23720.0,23729.21,2240.70688
2023-02-01 21:25:00,23727.89,23745.15,23692.11,23720.69,1524.59088
2023-02-01 21:30:00,23718.99,23771.3,23715.69,23739.29,1591.42887
2023-02-01 21:35:00,23738.01,23778.91,23731.01,23742.41,1432.27483
2023-02-01 21:40:00,23742.41,23768.82,23689.17,23696.47,1396.39036
2023-02-01 21:45:00,23697.66,23710.0,23611.3,23648.27,1929.79933
2023-02-01 21:50:00,23648.27,23703.98,23625.09,23694.01,1299.27144
2023-02-01 21:55:00,23692.28,23694.82,23646.58,23681.05,896.40778
2023-02-01 22:00:00,23681.05,23744.72,23679.9,23723.79,1314.33709
2023-02-01 22:05:00,23723.79,23738.92,23707.73,23727.32,704.27813
2023-02-01 22:10:00,23727.97,23761.58,23711.18,23753.29,901.77096
2023-02-01 22:15:00,23754.31,23760.0,23710.92,23748.22,851.99956
2023-02-01 22:20:00,23748.22,23812.66,23743.16,23759.45,2162.96907
2023-02-01 22:25:00,23760.82,23769.99,23725.01,23726.26,818.57647
2023-02-01 22:30:00,23727.93,23751.17,23704.69,23710.68,719.50984
2023-02-01 22:35:00,23712.32,23745.08,23704.2,23716.12,693.65758
2023-02-01 22:40:00,23716.12,23720.29,23654.83,23657.88,782.27532
2023-02-01 22:45:00,23656.56,23729.99,23656.39,23706.66,767.62852
2023-02-01 22:50:00,23705.63,23719.55,23682.03,23698.16,544.17713
2023-02-01 22:55:00,23698.16,23725.0,23698.12,23714.5,574.50889
2023-02-01 23:00:00,23713.81,23766.4,23711.07,23751.89,1589.16889
2023-02-01 23:05:00,23751.89,23770.93,23699.0,23714.58,1147.28504
2023-02-01 23:10:00,23714.58,23752.96,23713.91,23751.39,844.6344
2023-02-01 23:15:00,23750.56,23761.56,23743.74,23749.75,793.08134
2023-02-01 23:20:00,23749.04,23786.38,23746.55,23768.78,908.30873
2023-02-01 23:25:00,23769.31,23773.35,23724.54,23763.11,841.95533
2023-02-01 23:30:00,23763.98,23769.04,23724.25,23725.72,765.81218
2023-02-01 23:35:00,23726.69,23741.5,23693.66,23697.4,954.41566
2023-02-01 23:40:00,23696.21,23717.18,23694.39,23708.26,613.89561
2023-02-01 23:45:00,23708.3,23713.35,23682.94,23706.73,849.38565
2023-02-01 23:50:00,23706.02,23714.97,23691.31,23704.5,703.8456
2023-02-01 23:55:00,23704.51,23736.12,23693.64,23732.66,844.00598
2023-02-02 00:00:00,23731.41,23765.45,23709.7,23713.54,1731.47467
2023-02-02 00:05:00,23713.25,23747.84,23704.7,23714.93,1393.25523
2023-02-02 00:10:00,23714.93,23737.78,23690.02,23721.03,1227.59279
2023-02-02 00:15:00,23721.03,23750.0,23710.01,23719.81,1107.99323
2023-02-02 00:20:00,23719.81,23799.0,23711.88,23757.39,1729.7671
2023-02-02 00:25:00,23757.09,23765.93,23717.68,23728.85,980.11902
2023-02-02 00:30:00,23728.85,23817.99,23726.59,23772.69,1858.09746
2023-02-02 00:35:00,23774.07,23847.98,23770.25,23839.88,2131.65684
2023-02-02 00:40:00,23838.68,24177.44,23833.72,24172.23,6750.8494
2023-02-02 00:45:00,24172.23,24186.79,24066.85,24115.71,2805.13995
2023-02-02 00:50:00,24115.7,24255.0,24073.22,24200.02,3297.17234
2023-02-02 00:55:00,24200.02,24214.25,24152.65,24189.85,1394.04271
2023-02-02 01:00:00,24188.09,24209.91,24117.0,24132.98,1542.74252
2023-02-02 01:05:00,24132.98,24136.27,24053.57,24093.79,1979.27779
2023-02-02 01:10:00,24093.79,24099.72,24045.29,24063.89,1318.92424
2023-02-02 01:15:00,24062.36,24107.0,24062.26,24096.1,1499.25136
2023-02-02 01:20:00,24097.11,24127.81,24093.46,24119.1,1303.71076
2023-02-02 01:25:00,24119.09,24124.84,24047.42,24052.11,1407.2353
2023-02-02 01:30:00,24052.1,24060.11,23960.74,24010.58,2496.18395
2023-02-02 01:35:00,24012.08,24023.66,23947.1,23985.51,1532.3375
2023-02-02 01:40:00,23985.51,24004.95,23975.0,23985.86,1040.2481
2023-02-02 01:45:00,23986.85,23995.73,23967.28,23989.52,876.06726
2023-02-02 01:50:00,23989.52,23992.98,23950.01,23954.99,846.33931
2023-02-02 01:55:00,23955.42,23977.23,23946.59,23950.55,697.82188
2023-02-02 02:00:00,23950.55,23988.26,23945.71,23987.3,789.11122
2023-02-02 02:05:00,23987.3,23988.25,23935.0,23962.9,955.65714
2023-02-02 02:10:00,23962.9,23966.0,23932.18,23942.85,830.0784
2023-02-02 02:15:00,23942.84,23959.04,23930.0,23935.9,725.09617
2023-02-02 02:20:00,23935.89,23937.89,23863.0,23865.36,1377.27277
2023-02-02 02:25:00,23865.37,23924.92,23863.29,23905.23,886.26506
2023-02-02 02:30:00,23906.01,23920.0,23872.35,23872.54,1105.19417
2023-02-02 02:35:00,23875.02,23875.72,23830.02,23848.45,1251.58619
2023-02-02 02:40:00,23848.45,23911.1,23840.0,23897.61,952.01336
2023-02-02 02:45:00,23897.61,23913.0,23877.61,23900.58,640.88703
2023-02-02 02:50:00,23899.78,23915.67,23899.3,23905.65,513.79666
2023-02-02 02:55:00,23905.65,23909.5,23876.34,23885.19,532.12463
2023-02-02 03:00:00,23884.85,23913.42,23882.1,23906.44,706.00532
2023-02-02 03:05:00,23907.59,23908.88,23870.88,23880.25,557.27194
2023-02-02 03:10:00,23880.25,23898.62,23879.34,23888.19,520.95536
2023-02-02 03:15:00,23888.19,23893.0,23876.52,23889.02,465.64446
2023-02-02 03:20:00,23889.98,23892.34,23854.94,23861.69,889.84737
2023-02-02 03:25:00,23860.99,23895.42,23860.07,23891.97,621.8607
2023-02-02 03:30:00,23891.32,23915.78,23887.0,23912.54,766.56811
2023-02-02 03:35:00,23912.56,23934.0,23897.96,23922.59,820.7766
2023-02-02 03:40:00,23922.59,23933.78,23914.87,23927.35,510.85603
2023-02-02 03:45:00,23927.35,23930.93,23901.0,23905.15,594.78444
2023-02-02 03:50:00,23905.15,23914.18,23873.89,23882.74,637.68287
2023-02-02 03:55:00,23881.83,23886.15,23847.28,23848.6,827.79736
2023-02-02 04:00:00,23848.6,23873.69,23838.67,23859.98,1022.37396
2023-02-02 04:05:00,23859.98,23860.0,23838.3,23852.74,526.1266
2023-02-02 04:10:00,23852.75,23865.0,23846.6,23851.68,647.41541
2023-02-02 04:15:00,23851.68,23884.66,23843.42,23881.27,775.28422
2023-02-02 04:20:00,23880.45,23890.16,23872.0,23883.83,546.56245
2023-02-02 04:25:00,23883.84,23903.33,23877.67,23889.99,733.27724
2023-02-02 04:30:00,23889.99,23893.7,23870.01,23875.47,486.77905
2023-02-02 04:35:00,23874.69,23903.98,23874.69,23901.69,683.08883
2023-02-02 04:40:00,23901.25,23905.57,23893.33,23899.23,596.31707
2023-02-02 04:45:00,23899.23,23907.22,23895.0,23901.58,540.10281
2023-02-02 04:50:00,23901.58,23907.79,23892.52,23901.66,539.19923
2023-02-02 04:55:00,23901.66,23903.05,23877.87,23882.87,687.89242
2023-02-02 05:00:00,23882.87,23898.24,23882.37,23891.39,507.21041
2023-02-02 05:05:00,23892.07,23902.12,23872.35,23901.75,699.59291
2023-02-02 05:10:00,23900.82,23921.0,23896.38,23919.71,792.66841
2023-02-02 05:15:00,23920.12,23921.1,23872.41,23876.0,874.85257
2023-02-02 05:20:00,23875.37,23878.75,23858.76,23859.05,746.73976
2023-02-02 05:25:00,23859.71,23874.58,23855.88,23861.57,663.19315
2023-02-02 05:30:00,23860.91,23874.21,23853.5,23858.86,710.53663
2023-02-02 05:35:00,23859.0,23871.91,23848.05,23853.4,605.62977
2023-02-02 05:40:00,23853.32,23861.74,23849.62,23857.84,496.29759
2023-02-02 05:45:00,23858.29,23864.41,23840.28,23863.6,607.76342
2023-02-02 05:50:00,23864.08,23879.0,23844.44,23848.61,745.16456
2023-02-02 05:55:00,23848.61,23850.73,23800.0,23804.61,1105.53925
2023-02-02 06:00:00,23803.74,23830.91,23803.73,23826.4,915.31385
2023-02-02 06:05:00,23826.38,23831.17,23801.12,23804.23,769.55071
2023-02-02 06:10:00,23804.42,23810.15,23727.99,23746.57,2111.69841
2023-02-02 06:15:00,23745.41,23771.5,23743.51,23745.77,862.11028
2023-02-02 06:20:00,23746.57,23748.23,23692.79,23704.06,1554.5924
2023-02-02 06:25:00,23704.06,23753.0,23658.2,23732.22,1485.48311
2023-02-02 06:30:00,23732.22,23769.0,23729.48,23760.16,725.08769
2023-02-02 06:35:00,23759.88,23770.7,23749.99,23765.05,823.53559
2023-02-02 06:40:00,23765.06,23799.11,23758.84,23789.86,968.38735
2023-02-02 06:45:00,23789.86,23805.0,23782.26,23787.44,661.99754
2023-02-02 06:50:00,23786.99,23792.51,23755.63,23777.3,687.56411
2023-02-02 06:55:00,23776.83,23789.99,23770.0,23786.46,411.36601
2023-02-02 07:00:00,23786.46,23815.42,23776.02,23814.14,825.07304
2023-02-02 07:05:00,23813.61,23830.37,23798.95,23803.08,922.53045
2023-02-02 07:10:00,23803.9,23815.74,23800.01,23809.68,463.11792
2023-02-02 07:15:00,23809.68,23824.83,23802.66,23816.91,638.35081
2023-02-02 07:20:00,23817.32,23832.28,23805.25,23815.17,691.45065
2023-02-02 07:25:00,23815.68,23824.49,23812.28,23814.16,437.56245
2023-02-02 07:30:00,23814.16,23827.16,23785.66,23795.25,691.47413
2023-02-02 07:35:00,23794.57,23797.31,23765.44,23769.43,798.51242
2023-02-02 07:40:00,23769.43,23798.71,23762.93,23766.12,699.95766
2023-02-02 07:45:00,23766.69,23772.64,23750.89,23751.78,816.65507
2023-02-02 07:50:00,23751.78,23776.67,23738.75,23758.74,877.54007
2023-02-02 07:55:00,23758.74,23788.07,23757.54,23781.12,595.83597
2023-02-02 08:00:00,23780.65,23796.56,23766.16,23788.96,829.73394
2023-02-02 08:05:00,23788.96,23820.96,23788.11,23819.68,975.38909
2023-02-02 08:10:00,23818.87,23820.0,23796.72,23801.98,664.73365
2023-02-02 08:15:00,23801.98,23823.34,23799.23,23811.18,683.6841
2023-02-02 08:20:00,23811.18,23830.0,23806.5,23823.43,936.34897
2023-02-02 08:25:00,23823.43,23852.75,23811.56,23839.37,1136.36577
2023-02-02 08:30:00,23839.38,23847.99,23798.55,23808.26,1110.6724
2023-02-02 08:35:00,23808.27,23815.48,23790.0,23792.98,908.37659
2023-02-02 08:40:00,23793.82,23805.73,23785.73,23794.09,624.86942
2023-02-02 08:45:00,23793.72,23805.46,23788.59,23797.75,502.62181
2023-02-02 08:50:00,23798.27,23806.43,23787.01,23792.2,628.34051
2023-02-02 08:55:00,23793.12,23806.35,23789.14,23799.59,532.51037
2023-02-02 09:00:00,23799.16,23805.45,23791.28,23799.02,608.36489
2023-02-02 09:05:00,23799.61,23816.28,23774.56,23775.84,1001.93927
2023-02-02 09:10:00,23774.85,23786.35,23751.86,23756.26,683.05068
2023-02-02 09:15:00,23756.25,23768.61,23751.83,23756.78,657.60118
2023-02-02 09:20:00,23755.89,23767.92,23750.0,23757.37,725.55928
2023-02-02 09:25:00,23757.37,23779.0,23750.12,23768.12,818.41342
2023-02-02 09:30:00,23767.17,23797.99,23766.42,23796.7,565.67627
2023-02-02 09:35:00,23797.87,23802.49,23785.14,23801.66,821.36971
2023-02-02 09:40:00,23802.12,23804.42,23791.0,23800.62,498.63965
2023-02-02 09:45:00,23801.08,23807.0,23793.53,23804.37,526.91674
2023-02-02 09:50:00,23804.37,23821.83,23785.85,23817.99,1052.06315
2023-02-02 09:55:00,23817.99,23836.0,23810.07,23830.91,969.40706
2023-02-02 10:00:00,23830.23,23835.0,23814.6,23821.43,762.90908
2023-02-02 10:05:00,23821.43,23828.02,23806.42,23808.69,700.23992
2023-02-02 10:10:00,23808.69,23809.58,23791.32,23801.84,541.65461
2023-02-02 10:15:00,23801.43,23814.35,23795.72,23800.11,541.25131
2023-02-02 10:20:00,23800.06,23813.04,23798.01,23805.58,451.82006
2023-02-02 10:25:00,23805.56,23814.51,23799.38,23802.81,644.44029
2023-02-02 10:30:00,23803.37,23805.75,23778.13,23782.89,756.61007
2023-02-02 10:35:00,23782.26,23790.34,23770.8,23773.97,764.69799
2023-02-02 10:40:00,23773.34,23801.99,23772.31,23800.7,618.8398
2023-02-02 10:45:00,23800.7,23804.31,23780.09,23786.53,563.18236
2023-02-02 10:50:00,23787.01,23794.85,23778.92,23782.74,605.0635
2023-02-02 10:55:00,23782.17,23789.45,23775.36,23780.17,483.05242
2023-02-02 11:00:00,23780.84,23792.16,23772.68,23789.6,591.36057
2023-02-02 11:05:00,23790.55,23806.97,23783.35,23803.93,823.12551
2023-02-02 11:10:00,23803.0,23816.99,23802.37,23813.28,587.62276
2023-02-02 11:15:00,23813.7,23816.38,23799.0,23810.78,672.12137
2023-02-02 11:20:00,23810.78,23814.76,23803.31,23811.99,599.16881
2023-02-02 11:25:00,23811.98,23839.0,23810.36,23834.75,783.92016
2023-02-02 11:30:00,23834.12,23835.56,23822.31,23824.37,624.79999
2023-02-02 11:35:00,23824.37,23834.48,23815.44,23832.54,625.96335
2023-02-02 11:40:00,23832.54,23850.68,23831.4,23837.7,1075.80278
2023-02-02 11:45:00,23837.7,23841.84,23821.0,23827.15,641.69564
2023-02-02 11:50:00,23827.15,23828.12,23798.01,23812.49,692.08361
2023-02-02 11:55:00,23812.49,23825.14,23803.03,23820.49,727.67122
2023-02-02 12:00:00,23820.49,23831.92,23804.72,23808.62,949.58707
2023-02-02 12:05:00,23809.53,23813.24,23798.11,23799.44,778.39892
2023-02-02 12:10:00,23798.57,23825.81,23791.5,23823.51,788.84787
2023-02-02 12:15:00,23823.72,23827.86,23802.43,23805.09,713.22432
2023-02-02 12:20:00,23805.65,23819.79,23797.14,23803.61,681.4945
2023-02-02 12:25:00,23803.61,23814.27,23794.67,23809.75,520.4814
2023-02-02 12:30:00,23809.76,23815.93,23805.27,23815.2,534.74849
2023-02-02 12:35:00,23814.71,23815.97,23782.0,23796.7,943.65948
2023-02-02 12:40:00,23796.7,23799.96,23760.83,23777.17,1274.32073
2023-02-02 12:45:00,23777.16,23798.99,23766.13,23794.44,960.34471
2023-02-02 12:50:00,23794.33,23801.65,23789.15,23793.76,745.65385
2023-02-02 12:55:00,23794.38,23807.26,23791.56,23800.76,721.99727
2023-02-02 13:00:00,23800.77,23804.23,23789.96,23795.71,825.49589
2023-02-02 13:05:00,23795.04,23801.01,23772.17,23773.25,941.34423
2023-02-02 13:10:00,23773.26,23788.33,23753.59,23780.8,1162.74908
2023-02-02 13:15:00,23779.21,23798.18,23762.02,23779.75,1213.71535
2023-02-02 13:20:00,23780.37,23807.94,23776.83,23802.13,862.34273
2023-02-02 13:25:00,23802.13,23813.94,23793.02,23798.96,932.81308
2023-02-02 13:30:00,23798.13,23816.92,23750.0,23766.37,1788.27438
2023-02-02 13:35:00,23767.12,23781.16,23752.71,23759.46,1036.89219
2023-02-02 13:40:00,23759.47,23780.0,23737.08,23772.02,1233.52274
2023-02-02 13:45:00,23772.9,23774.81,23742.76,23750.08,991.67351
2023-02-02 13:50:00,23750.08,23757.62,23715.41,23720.73,1143.92405
2023-02-02 13:55:00,23720.73,23769.6,23717.61,23766.53,1257.52863
2023-02-02 14:00:00,23766.53,23775.49,23753.02,23770.82,1010.98498
2023-02-02 14:05:00,23770.45,23808.0,23767.46,23805.69,1241.83415
2023-02-02 14:10:00,23805.69,23811.31,23792.58,23807.15,1018.71407
2023-02-02 14:15:00,23807.95,23878.0,23795.42,23865.85,1814.91793
2023-02-02 14:20:00,23864.78,23917.25,23861.37,23913.7,2314.61996
2023-02-02 14:25:00,23913.39,23945.68,23868.78,23900.84,2238.74064
2023-02-02 14:30:00,23901.69,23940.0,23870.38,23900.75,2997.6352
2023-02-02 14:35:00,23900.75,23909.54,23826.35,23842.47,2284.70993
2023-02-02 14:40:00,23842.47,23869.13,23760.0,23766.57,2369.75343
2023-02-02 14:45:00,23765.36,23847.15,23680.32,23787.84,4392.03642
2023-02-02 14:50:00,23786.52,23791.14,23670.32,23732.94,3313.09592
2023-02-02 14:55:00,23734.01,23741.67,23525.0,23609.11,5990.32444
2023-02-02 15:00:00,23609.11,23670.38,23550.8,23645.94,3650.78813
2023-02-02 15:05:00,23645.94,23694.69,23607.5,23623.33,2589.48039
2023-02-02 15:10:00,23624.69,23624.69,23557.56,23578.54,3148.52789
2023-02-02 15:15:00,23578.54,23673.73,23573.03,23665.27,2313.46521
2023-02-02 15:20:00,23664.19,23681.57,23629.93,23667.96,1766.73977
2023-02-02 15:25:00,23667.96,23690.99,23660.0,23676.91,1587.11945
2023-02-02 15:30:00,23676.0,23771.89,23671.76,23756.85,2937.86857
2023-02-02 15:35:00,23755.6,23767.16,23738.47,23744.25,1907.61433
2023-02-02 15:40:00,23743.25,23824.82,23740.0,23795.77,2656.02562
2023-02-02 15:45:00,23796.32,23810.88,23773.13,23802.75,1619.29341
2023-02-02 15:50:00,23803.01,23927.21,23792.65,23881.48,3197.92999
2023-02-02 15:55:00,23880.62,23896.02,23803.81,23839.5,2120.34153
2023-02-02 16:00:00,23839.5,23892.43,23813.8,23887.01,2174.93879
2023-02-02 16:05:00,23884.72,23898.58,23830.04,23851.88,1884.2454
2023-02-02 16:10:00,23851.89,23872.26,23780.01,23794.64,2021.50859
2023-02-02 16:15:00,23796.28,23814.75,23766.0,23768.43,1502.04014
2023-02-02 16:20:00,23768.43,23845.54,23765.09,23833.71,1612.61374
2023-02-02 16:25:00,23835.35,23863.08,23819.54,23851.97,1650.03707
2023-02-02 16:30:00,23851.97,23897.16,23850.75,23894.56,1720.37967
2023-02-02 16:35:00,23894.12,23898.98,23792.51,23824.91,1981.97147
2023-02-02 16:40:00,23826.01,23849.47,23777.84,23842.64,1625.57248
2023-02-02 16:45:00,23841.01,23850.0,23805.21,23811.92,1267.40413
2023-02-02 16:50:00,23811.92,23823.89,23791.65,23812.46,1107.28285
2023-02-02 16:55:00,23812.46,23822.12,23785.01,23790.35,1150.72142
2023-02-02 17:00:00,23790.35,23844.58,23786.0,23818.5,1564.28816
2023-02-02 17:05:00,23819.12,23820.73,23786.41,23787.02,1121.73563
2023-02-02 17:10:00,23787.48,23825.0,23780.01,23819.47,1157.23461
2023-02-02 17:15:00,23820.91,23835.43,23813.53,23820.95,1109.94605
2023-02-02 17:20:00,23820.95,23844.67,23811.0,23843.6,1045.18045
2023-02-02 17:25:00,23843.6,23851.7,23822.41,23826.96,1155.6594
2023-02-02 17:30:00,23828.14,23896.28,23822.41,23890.45,1538.9604
2023-02-02 17:35:00,23890.45,23899.0,23868.08,23881.48,988.58756
2023-02-02 17:40:00,23882.42,23889.83,23859.72,23882.99,960.61147
2023-02-02 17:45:00,23884.0,23889.8,23865.91,23876.57,852.32422
2023-02-02 17:50:00,23875.83,23918.0,23870.65,23913.71,1187.61019
2023-02-02 17:55:00,23913.71,23935.05,23879.6,23893.33,1344.86892
2023-02-02 18:00:00,23894.1,23980.0,23889.88,23958.35,2091.12978
2023-02-02 18:05:00,23957.4,23969.86,23924.13,23931.5,1415.90427
2023-02-02 18:10:00,23931.5,23999.0,23927.27,23992.31,1495.57091
2023-02-02 18:15:00,23992.31,24144.62,23967.36,24123.85,5310.87872
2023-02-02 18:20:00,24122.65,24138.79,24062.5,24114.93,2181.63134
2023-02-02 18:25:00,24114.93,24116.61,23984.77,24008.0,2407.43917
2023-02-02 18:30:00,24006.46,24041.11,23975.43,24022.53,1750.63723
2023-02-02 18:35:00,24023.61,24092.55,24018.32,24077.81,1698.24208
2023-02-02 18:40:00,24077.81,24114.04,24069.0,24110.21,2090.67072
2023-02-02 18:45:00,24110.21,24114.23,24049.5,24052.59,1520.81589
2023-02-02 18:50:00,24051.67,24077.91,24050.72,24073.51,1229.77372
2023-02-02 18:55:00,24074.91,24075.49,24050.11,24054.54,1034.37762
2023-02-02 19:00:00,24055.71,24071.0,23968.36,23977.25,2275.73803
2023-02-02 19:05:00,23977.25,24009.63,23945.53,23953.41,1877.16021
2023-02-02 19:10:00,23953.41,23961.55,23846.97,23896.75,2914.41061
2023-02-02 19:15:00,23895.37,23906.78,23820.0,23837.64,2224.20271
2023-02-02 19:20:00,23837.64,23842.04,23750.0,23801.76,3377.75388
2023-02-02 19:25:00,23801.76,23843.27,23791.01,23832.71,1864.4193
2023-02-02 19:30:00,23832.71,23853.0,23758.21,23771.4,2032.75325
2023-02-02 19:35:00,23771.4,23837.64,23740.14,23807.73,1938.29552
2023-02-02 19:40:00,23806.88,23820.0,23725.76,23752.8,1996.58222
2023-02-02 19:45:00,23752.81,23807.13,23738.17,23804.71,1693.47272
2023-02-02 19:50:00,23804.7,23828.42,23795.23,23817.58,1579.77267
2023-02-02 19:55:00,23818.73,23824.35,23781.68,23802.57,1500.09518
2023-02-02 20:00:00,23802.57,23805.34,23748.55,23768.09,1826.79951
2023-02-02 20:05:00,23769.64,23820.64,23753.02,23770.36,1916.13408
2023-02-02 20:10:00,23770.37,23817.56,23768.71,23816.8,1229.31767
2023-02-02 20:15:00,23816.8,23818.56,23771.84,23790.79,1296.42576
2023-02-02 20:20:00,23790.79,23821.28,23775.71,23815.53,980.40566
2023-02-02 20:25:00,23815.53,23821.91,23770.15,23778.91,1241.52518
2023-02-02 20:30:00,23779.69,23815.98,23775.75,23815.98,1113.21565
2023-02-02 20:35:00,23815.98,23826.74,23782.51,23790.49,1177.99297
2023-02-02 20:40:00,23790.49,23800.0,23765.01,23782.08,968.04382
2023-02-02 20:45:00,23782.08,23816.31,23776.23,23810.41,1132.72842
2023-02-02 20:50:00,23810.41,23839.4,23809.53,23814.91,1536.2394
2023-02-02 20:55:00,23814.91,23878.0,23802.31,23872.75,1461.2426
2023-02-02 21:00:00,23872.76,23924.81,23830.14,23863.57,3474.0982
2023-02-02 21:05:00,23862.92,23876.37,23710.87,23747.22,3140.25865
2023-02-02 21:10:00,23747.22,23836.52,23733.18,23777.51,2038.08892
2023-02-02 21:15:00,23777.51,23794.95,23761.48,23773.59,990.5252
2023-02-02 21:20:00,23774.82,23783.1,23722.85,23757.15,1405.33744
2023-02-02 21:25:00,23757.15,23780.19,23746.5,23761.2,828.96735
2023-02-02 21:30:00,23760.1,23776.37,23600.0,23679.65,4369.44716
2023-02-02 21:35:00,23677.71,23722.64,23661.21,23705.29,1379.65911
2023-02-02 21:40:00,23704.52,23736.78,23696.91,23708.92,1003.25997
2023-02-02 21:45:00,23708.92,23718.95,23650.01,23665.58,1084.46967
2023-02-02 21:50:00,23666.43,23676.75,23600.0,23615.59,1113.29232
2023-02-02 21:55:00,23615.59,23627.56,23413.02,23455.65,4019.57829
2023-02-02 22:00:00,23455.65,23539.99,23363.27,23480.77,3414.53313
2023-02-02 22:05:00,23479.11,23526.09,23462.15,23508.6,1632.78005
2023-02-02 22:10:00,23507.32,23510.88,23479.17,23500.74,946.32642
2023-02-02 22:15:00,23500.74,23582.82,23496.36,23560.21,1385.4924
2023-02-02 22:20:00,23562.16,23589.44,23549.02,23586.37,1286.73052
2023-02-02 22:25:00,23585.72,23587.59,23501.76,23524.87,1075.50211
2023-02-02 22:30:00,23524.6,23574.79,23522.45,23547.4,631.5622
2023-02-02 22:35:00,23547.39,23568.67,23532.86,23562.84,674.50683
2023-02-02 22:40:00,23562.85,23572.63,23546.98,23552.1,529.28523
2023-02-02 22:45:00,23551.57,23567.99,23520.25,23565.33,457.72648
2023-02-02 22:50:00,23565.33,23618.98,23558.43,23571.99,959.04953
2023-02-02 22:55:00,23573.06,23591.72,23553.74,23556.13,514.57992
2023-02-02 23:00:00,23556.7,23593.61,23539.23,23590.82,1010.01686
2023-02-02 23:05:00,23590.46,23595.5,23566.47,23576.06,708.37196
2023-02-02 23:10:00,23576.06,23585.0,23555.01,23571.28,673.61195
2023-02-02 23:15:00,23571.26,23571.28,23550.67,23558.47,712.50432
2023-02-02 23:20:00,23557.54,23564.76,23510.25,23515.94,976.38802
2023-02-02 23:25:00,23515.96,23524.87,23481.39,23490.31,911.00157
2023-02-02 23:30:00,23490.52,23541.39,23484.41,23527.17,881.23782
2023-02-02 23:35:00,23527.17,23541.78,23500.0,23501.06,709.82036
2023-02-02 23:40:00,23501.06,23504.69,23459.01,23467.37,912.26203
2023-02-02 23:45:00,23467.37,23501.54,23453.36,23489.82,912.6632
2023-02-02 23:50:00,23489.82,23501.53,23466.37,23482.44,669.80411
2023-02-02 23:55:00,23483.06,23503.87,23423.75,23488.94,1608.81652
2023-02-03 00:00:00,23489.33,23564.64,23488.07,23555.97,1901.87538
2023-02-03 00:05:00,23555.97,23573.26,23524.32,23568.32,1018.87864
2023-02-03 00:10:00,23568.33,23583.99,23556.16,23574.9,893.52628
2023-02-03 00:15:00,23574.89,23579.79,23552.97,23557.49,709.11865
2023-02-03 00:20:00,23558.25,23585.04,23555.68,23562.27,841.2691
2023-02-03 00:25:00,23563.47,23566.09,23547.81,23561.45,554.85375
2023-02-03 00:30:00,23561.45,23562.83,23493.57,23498.78,1191.7485
2023-02-03 00:35:00,23500.04,23500.04,23436.06,23492.42,1832.83392
2023-02-03 00:40:00,23493.7,23561.44,23491.64,23521.37,1153.92137
2023-02-03 00:45:00,23521.85,23549.54,23521.37,23543.89,777.38064
2023-02-03 00:50:00,23543.89,23565.3,23535.98,23558.14,716.84458
2023-02-03 00:55:00,23558.72,23560.11,23540.03,23552.89,583.68078
2023-02-03 01:00:00,23553.32,23583.33,23533.88,23568.69,847.69994
2023-02-03 01:05:00,23569.53,23583.0,23556.64,23579.47,610.978
2023-02-03 01:10:00,23580.26,23582.81,23546.34,23559.63,771.99797
2023-02-03 01:15:00,23559.64,23561.24,23534.67,23546.85,665.82806
2023-02-03 01:20:00,23546.88,23585.24,23537.02,23580.87,678.42633
2023-02-03 01:25:00,23580.87,23585.24,23568.51,23575.24,552.43203
2023-02-03 01:30:00,23575.24,23590.11,23567.22,23585.63,719.12364
2023-02-03 01:35:00,23585.63,23587.27,23545.84,23548.2,689.04564
2023-02-03 01:40:00,23548.2,23561.79,23538.0,23541.32,643.1399
2023-02-03 01:45:00,23540.75,23564.64,23540.74,23558.61,516.17536
2023-02-03 01:50:00,23558.06,23569.49,23522.7,23569.49,1028.40499
2023-02-03 01:55:00,23569.48,23573.16,23551.09,23555.12,620.24467
2023-02-03 02:00:00,23555.12,23572.42,23546.27,23570.72,662.00688
2023-02-03 02:05:00,23570.2,23580.6,23557.59,23573.44,782.51207
2023-02-03 02:10:00,23572.76,23574.56,23531.96,23534.64,616.14296
2023-02-03 02:15:00,23535.52,23549.13,23533.17,23539.54,582.95419
2023-02-03 02:20:00,23539.53,23545.93,23485.32,23486.71,1179.0127
2023-02-03 02:25:00,23486.72,23508.44,23460.0,23473.71,1224.13587
2023-02-03 02:30:00,23473.71,23521.78,23465.57,23500.81,1042.14289
2023-02-03 02:35:00,23499.76,23505.49,23463.79,23471.51,773.19298
2023-02-03 02:40:00,23472.66,23476.25,23411.47,23422.72,1558.95578
2023-02-03 02:45:00,23422.85,23463.98,23419.08,23460.29,979.14567
2023-02-03 02:50:00,23459.7,23462.76,23429.23,23430.16,764.5642
2023-02-03 02:55:00,23431.48,23484.88,23430.16,23475.45,862.68946
2023-02-03 03:00:00,23475.46,23494.36,23465.09,23487.01,699.52759
2023-02-03 03:05:00,23486.3,23489.89,23453.48,23457.84,682.48746
2023-02-03 03:10:00,23457.84,23460.01,23422.97,23434.94,1019.6172
2023-02-03 03:15:00,23434.94,23498.26,23413.01,23495.05,1125.14322
2023-02-03 03:20:00,23494.22,23514.52,23481.78,23492.57,1267.43376
2023-02-03 03:25:00,23492.12,23506.09,23467.37,23501.03,876.61492
2023-02-03 03:30:00,23501.04,23516.0,23488.5,23513.94,857.53749
2023-02-03 03:35:00,23513.94,23534.69,23511.15,23525.97,952.68025
2023-02-03 03:40:00,23525.2,23530.59,23509.21,23525.59,706.29344
2023-02-03 03:45:00,23525.59,23529.85,23511.6,23527.02,525.89311
2023-02-03 03:50:00,23527.02,23529.46,23510.79,23526.1,634.89675
2023-02-03 03:55:00,23526.8,23536.35,23513.52,23534.18,713.92559
2023-02-03 04:00:00,23533.64,23539.57,23513.02,23518.53,508.68722
2023-02-03 04:05:00,23518.41,23530.82,23507.21,23528.43,715.50998
2023-02-03 04:10:00,23527.45,23534.0,23517.71,23524.61,555.82384
2023-02-03 04:15:00,23524.61,23543.02,23520.92,23542.64,651.47783
2023-02-03 04:20:00,23541.7,23554.93,23523.2,23547.26,800.8437
2023-02-03 04:25:00,23547.26,23549.51,23532.01,23536.89,575.46431
2023-02-03 04:30:00,23536.89,23544.73,23530.46,23536.57,568.1442
2023-02-03 04:35:00,23537.31,23566.18,23534.05,23557.92,877.49638
2023-02-03 04:40:00,23557.07,23559.12,23535.49,23549.71,566.86798
2023-02-03 04:45:00,23549.71,23550.45,23525.46,23527.81,521.05086
2023-02-03 04:50:00,23527.81,23531.82,23511.06,23517.36,676.24634
2023-02-03 04:55:00,23516.95,23521.85,23507.93,23516.73,584.74112
2023-02-03 05:00:00,23516.73,23532.77,23501.24,23532.07,774.89137
2023-02-03 05:05:00,23532.07,23533.72,23512.9,23530.63,602.07319
2023-02-03 05:10:00,23531.17,23536.57,23525.44,23534.73,470.08104
2023-02-03 05:15:00,23534.73,23549.37,23529.57,23541.4,565.01677
2023-02-03 05:20:00,23541.4,23547.59,23535.6,23540.04,498.3999
2023-02-03 05:25:00,23540.46,23541.87,23513.42,23517.42,606.71747
2023-02-03 05:30:00,23517.42,23537.0,23515.79,23527.05,650.52773
2023-02-03 05:35:00,23526.53,23542.85,23523.03,23534.9,672.97082
2023-02-03 05:40:00,23534.89,23542.71,23527.1,23536.36,591.57151
2023-02-03 05:45:00,23536.36,23537.85,23521.13,23522.06,647.56471
2023-02-03 05:50:00,23522.06,23538.33,23518.01,23522.97,687.86283
2023-02-03 05:55:00,23522.97,23528.2,23517.41,23523.58,598.03996
2023-02-03 06:00:00,23523.57,23533.8,23520.3,23524.76,535.14062
2023-02-03 06:05:00,23524.76,23541.88,23523.89,23535.92,705.53924
2023-02-03 06:10:00,23535.92,23552.4,23534.5,23547.69,836.06974
2023-02-03 06:15:00,23547.69,23549.16,23522.88,23527.67,588.46483
2023-02-03 06:20:00,23527.67,23528.82,23507.09,23509.45,707.10036
2023-02-03 06:25:00,23509.45,23526.39,23507.98,23520.73,688.58913
2023-02-03 06:30:00,23521.15,23540.18,23514.55,23533.19,752.23594
2023-02-03 06:35:00,23532.61,23537.16,23527.34,23533.26,614.39721
2023-02-03 06:40:00,23532.57,23533.98,23523.04,23530.98,502.52538
2023-02-03 06:45:00,23530.98,23534.0,23522.75,23527.45,645.77471
2023-02-03 06:50:00,23527.45,23528.12,23505.9,23513.37,731.38014
2023-02-03 06:55:00,23513.37,23522.98,23508.56,23513.55,553.6695
2023-02-03 07:00:00,23512.71,23517.0,23507.2,23516.23,713.40099
2023-02-03 07:05:00,23515.56,23524.91,23475.87,23494.55,1207.37777
2023-02-03 07:10:00,23495.24,23531.0,23489.02,23524.24,1028.44534
2023-02-03 07:15:00,23524.24,23545.28,23522.33,23542.06,809.14081
2023-02-03 07:20:00,23541.58,23543.59,23522.77,23527.74,734.0945
2023-02-03 07:25:00,23528.33,23531.21,23476.12,23477.35,1108.81378
2023-02-03 07:30:00,23477.34,23503.4,23465.48,23482.11,1400.92744
2023-02-03 07:35:00,23481.6,23490.21,23450.0,23465.47,1390.78707
2023-02-03 07:40:00,23465.47,23479.61,23449.16,23471.37,985.44019
2023-02-03 07:45:00,23471.99,23481.32,23460.27,23476.13,773.42704
2023-02-03 07:50:00,23475.79,23485.0,23452.77,23465.88,1025.78212
2023-02-03 07:55:00,23465.88,23467.02,23447.25,23456.23,982.28087
2023-02-03 08:00:00,23456.22,23472.0,23432.62,23436.18,1424.08776
2023-02-03 08:05:00,23436.7,23441.92,23400.0,23408.71,1574.55913
2023-02-03 08:10:00,23408.72,23421.46,23322.3,23388.87,3007.73696
2023-02-03 08:15:00,23389.91,23421.21,23371.17,23401.6,1172.7859
2023-02-03 08:20:00,23400.2,23403.53,23350.01,23370.68,1076.69731
2023-02-06 21:05:00,23003.42,23004.03,22972.07,22977.25,636.57922
2023-02-06 21:10:00,22976.32,22986.21,22963.76,22981.7,471.0449
2023-02-06 21:15:00,22982.32,23001.75,22971.94,22998.15,469.27374
2023-02-06 21:20:00,22998.15,23006.1,22990.16,22994.04,359.35917
2023-02-06 21:25:00,22994.01,22996.49,22973.0,22978.75,491.61859
2023-02-06 21:30:00,22978.75,22982.99,22963.79,22973.42,439.58095
2023-02-06 21:35:00,22973.42,22987.99,22971.21,22979.71,335.25733
2023-02-06 21:40:00,22979.25,22983.24,22971.81,22976.15,283.31275
2023-02-06 21:45:00,22976.15,22978.12,22901.0,22931.92,1282.34363
2023-02-06 21:50:00,22930.62,22954.33,22922.09,22925.7,472.56529
2023-02-06 21:55:00,22925.7,22929.11,22905.33,22915.05,556.65798
2023-02-06 22:00:00,22915.05,22926.13,22907.15,22912.93,521.51927
2023-02-06 22:05:00,22913.64,22913.84,22840.0,22893.13,1513.65611
2023-02-06 22:10:00,22893.13,22893.13,22848.7,22867.68,671.87324
2023-02-06 22:15:00,22867.32,22898.77,22849.69,22895.81,637.35662
2023-02-06 22:20:00,22896.62,22904.31,22871.27,22872.86,471.33986
2023-02-06 22:25:00,22872.86,22892.35,22870.0,22885.37,414.39672
2023-02-06 22:30:00,22885.37,22903.16,22873.08,22898.5,366.56537
2023-02-06 22:35:00,22898.5,22899.08,22872.2,22875.37,373.45478
2023-02-06 22:40:00,22876.07,22898.58,22873.55,22894.88,352.3695
2023-02-06 22:45:00,22895.56,22923.64,22888.18,22900.93,558.42393
2023-02-06 22:50:00,22900.93,22915.49,22875.48,22887.68,393.24003
2023-02-06 22:55:00,22888.05,22890.45,22874.0,22879.37,323.35549
2023-02-06 23:00:00,22879.93,22890.34,22840.07,22851.91,1706.18754
2023-02-06 23:05:00,22851.87,22853.58,22766.58,22788.46,2873.95658
2023-02-06 23:10:00,22788.46,22799.85,22671.28,22735.15,3481.15682
2023-02-06 23:15:00,22735.15,22739.79,22663.83,22675.84,2591.79854
2023-02-06 23:20:00,22674.92,22729.52,22638.0,22715.45,2399.69867
2023-02-06 23:25:00,22716.41,22733.49,22680.42,22720.7,1429.8919
2023-02-06 23:30:00,22722.22,22733.15,22673.6,22732.34,1229.21381
2023-02-06 23:35:00,22731.28,22764.66,22725.74,22738.35,1418.75512
2023-02-06 23:40:00,22738.35,22759.99,22721.32,22753.03,735.36831
2023-02-06 23:45:00,22753.03,22784.0,22741.01,22780.37,1007.47474
2023-02-06 23:50:00,22781.54,22781.54,22744.12,22752.28,722.80657
2023-02-06 23:55:00,22750.67,22765.27,22741.29,22762.52,618.51354
2023-02-07 00:00:00,22762.52,22787.53,22745.78,22786.26,992.73556
2023-02-07 00:05:00,22786.26,22807.79,22780.82,22804.38,1027.76165
2023-02-07 00:10:00,22804.38,22817.41,22789.98,22813.3,704.2881
2023-02-07 00:15:00,22813.45,22826.03,22798.1,22817.46,908.1543
2023-02-07 00:20:00,22817.46,22818.16,22777.55,22788.78,585.57257
2023-02-07 00:25:00,22788.78,22821.57,22772.97,22817.59,513.64556
2023-02-07 00:30:00,22818.4,22819.17,22802.73,22810.09,555.23129
2023-02-07 00:35:00,22811.12,22811.12,22757.42,22777.39,936.65031
2023-02-07 00:40:00,22778.23,22789.02,22756.58,22769.58,604.0348
2023-02-07 00:45:00,22769.59,22818.56,22761.36,22817.8,666.2709
2023-02-07 00:50:00,22816.95,22822.49,22800.75,22808.02,714.66926
2023-02-07 00:55:00,22808.6,22811.47,22790.13,22795.13,592.73773
2023-02-07 01:00:00,22795.72,22825.39,22791.0,22822.87,1027.57157
2023-02-07 01:05:00,22822.87,22838.03,22820.35,22827.36,713.39829
2023-02-07 01:10:00,22827.37,22848.56,22823.17,22844.42,651.89327
2023-02-07 01:15:00,22844.42,22847.11,22817.87,22831.01,614.30353
2023-02-07 01:20:00,22831.65,22846.78,22823.52,22842.48,551.70994
2023-02-07 01:25:00,22843.15,22864.28,22828.68,22855.13,794.31283
2023-02-07 01:30:00,22855.86,22860.0,22840.72,22846.57,665.5687
2023-02-07 01:35:00,22846.05,22849.72,22828.62,22834.48,583.82238
2023-02-07 01:40:00,22834.48,22837.55,22824.84,22832.75,549.32026
2023-02-07 01:45:00,22832.45,22844.79,22830.21,22843.4,532.05393
2023-02-07 01:50:00,22843.4,22848.97,22838.33,22847.24,458.90226
2023-02-07 01:55:00,22847.24,22864.0,22829.21,22849.16,879.99469
2023-02-07 02:00:00,22849.16,22860.5,22827.58,22833.34,726.32478
2023-02-07 02:05:00,22832.66,22836.85,22816.13,22820.58,584.00169
2023-02-07 02:10:00,22821.36,22827.84,22809.04,22815.95,756.00054
2023-02-07 02:15:00,22815.33,22830.5,22814.72,22829.49,393.47001
2023-02-07 02:20:00,22829.49,22839.0,22805.0,22836.43,600.39524
2023-02-07 02:25:00,22836.43,22837.5,22819.98,22825.61,429.17038
2023-02-07 02:30:00,22825.35,22828.85,22808.51,22815.46,743.79013
2023-02-07 02:35:00,22815.46,22819.62,22808.76,22816.14,405.42697
2023-02-07 02:40:00,22816.6,22825.93,22814.37,22823.33,339.87565
2023-02-07 02:45:00,22823.16,22865.22,22821.25,22862.9,699.31853
2023-02-07 02:50:00,22862.9,22888.0,22861.21,22881.83,1201.51383
2023-02-07 02:55:00,22882.48,22889.61,22865.43,22883.71,934.60556
2023-02-07 03:00:00,22883.71,22889.49,22856.94,22867.88,702.78926
2023-02-07 03:05:00,22868.71,22885.11,22856.37,22884.05,615.89455
2023-02-07 03:10:00,22884.11,22885.55,22863.44,22865.12,436.41354
2023-02-07 03:15:00,22865.12,22868.35,22850.62,22856.15,618.81292
2023-02-07 03:20:00,22855.34,22874.35,22855.23,22867.65,630.3362
2023-02-07 03:25:00,22868.48,22883.75,22860.64,22874.4,1063.52119
2023-02-07 03:30:00,22874.4,22879.29,22861.85,22866.98,866.31673
2023-02-07 03:35:00,22867.75,22890.77,22860.83,22888.47,844.96013
2023-02-07 03:40:00,22888.47,22897.67,22876.07,22883.26,1279.07645
2023-02-07 03:45:00,22883.78,22894.81,22878.67,22883.35,545.07463
2023-02-07 03:50:00,22883.35,22886.85,22868.13,22871.28,600.48569
2023-02-07 03:55:00,22871.28,22880.7,22864.6,22877.99,655.19046
2023-02-07 04:00:00,22877.99,22881.28,22871.7,22872.42,549.41756
2023-02-07 04:05:00,22872.82,22882.5,22866.43,22880.1,692.90165
2023-02-07 04:10:00,22880.12,22885.79,22877.23,22880.97,410.87592
2023-02-07 04:15:00,22881.15,22887.48,22870.02,22874.35,556.94384
2023-02-07 04:20:00,22874.35,22899.48,22871.05,22896.69,918.20317
2023-02-07 04:25:00,22896.69,22900.0,22884.5,22891.29,779.6722
2023-02-07 04:30:00,22891.1,22923.24,22889.75,22918.31,1270.47324
2023-02-07 04:35:00,22918.69,22928.39,22864.44,22865.99,1275.05323
2023-02-07 04:40:00,22865.49,22881.68,22861.45,22871.82,1171.55312
2023-02-07 04:45:00,22871.02,22883.62,22866.43,22875.03,663.77387
2023-02-07 04:50:00,22875.03,22883.32,22870.3,22876.32,540.14585
2023-02-07 04:55:00,22876.93,22886.18,22870.0,22870.35,564.31338
2023-02-07 05:00:00,22870.94,22888.08,22864.37,22885.69,667.55983
2023-02-07 05:05:00,22885.69,22903.75,22882.9,22902.95,841.86378
2023-02-07 05:10:00,22902.95,22906.31,22894.79,22895.72,695.43814
2023-02-07 05:15:00,22896.03,22911.3,22891.78,22908.82,754.37209
2023-02-07 05:20:00,22908.82,22949.05,22906.98,22907.67,1239.79527
2023-02-07 05:25:00,22907.67,22930.7,22903.01,22925.17,727.97123
2023-02-07 05:30:00,22925.17,22946.6,22907.96,22921.32,1009.91952
2023-02-07 05:35:00,22920.68,22932.34,22914.43,22919.2,637.65861
2023-02-07 05:40:00,22919.21,22926.92,22910.37,22917.03,556.37314
2023-02-07 05:45:00,22917.42,22927.3,22912.42,22919.13,563.45931
2023-02-07 05:50:00,22918.92,22935.46,22918.02,22930.01,518.12546
2023-02-07 05:55:00,22929.46,22949.74,22926.0,22936.72,1002.26786
2023-02-07 06:00:00,22935.92,22947.86,22927.45,22928.84,794.78652
2023-02-07 06:05:00,22929.54,22935.34,22920.32,22927.17,615.17823
2023-02-07 06:10:00,22927.17,22938.88,22924.68,22932.71,612.65336
2023-02-07 06:15:00,22932.7,22948.0,22931.14,22937.59,607.53334
2023-02-07 06:20:00,22937.14,22970.97,22936.12,22957.67,1334.76467
2023-02-07 06:25:00,22957.27,22986.71,22956.56,22972.25,1095.0687
2023-02-07 06:30:00,22972.47,22975.73,22943.41,22949.95,709.09641
2023-02-07 06:35:00,22950.45,22953.27,22930.89,22933.01,773.78193
2023-02-07 06:40:00,22933.65,22949.15,22927.63,22948.14,710.86414
2023-02-07 06:45:00,22948.14,22949.6,22937.06,22940.88,602.14979
2023-02-07 06:50:00,22940.24,22941.61,22930.35,22938.24,582.71861
2023-02-07 06:55:00,22937.45,22939.36,22922.45,22927.38,648.83198
2023-02-07 07:00:00,22926.9,22929.92,22912.03,22917.88,784.40754
2023-02-07 07:05:00,22918.77,22936.5,22917.4,22931.69,605.67373
2023-02-07 07:10:00,22931.69,22948.84,22928.44,22939.86,647.06843
2023-02-07 07:15:00,22939.86,22954.91,22933.44,22948.17,844.22104
2023-02-07 07:20:00,22948.17,22960.83,22937.23,22938.96,669.99743
2023-02-07 07:25:00,22938.07,22941.89,22925.42,22932.2,660.15618
2023-02-07 07:30:00,22932.2,22935.0,22925.0,22927.01,559.01466
2023-02-07 07:35:00,22927.01,22927.43,22895.14,22904.41,1223.74556
2023-02-07 07:40:00,22905.08,22914.62,22888.11,22909.89,849.46845
2023-02-07 07:45:00,22909.88,22917.99,22904.84,22914.72,659.24209
2023-02-07 07:50:00,22914.77,22921.75,22912.12,22913.78,697.34976
2023-02-07 07:55:00,22913.29,22915.0,22900.32,22910.91,603.44611
2023-02-07 08:00:00,22910.91,22921.18,22908.46,22919.86,684.74278
2023-02-07 08:05:00,22919.86,22921.27,22870.57,22886.92,1867.59634
2023-02-07 08:10:00,22886.34,22900.13,22871.09,22882.2,1353.251
2023-02-07 08:15:00,22882.19,22896.64,22879.52,22889.55,1047.81298
2023-02-07 08:20:00,22889.56,22896.0,22880.23,22895.11,849.24138
2023-02-07 08:25:00,22894.17,22904.71,22888.93,22897.38,825.35814
2023-02-07 08:30:00,22897.38,22905.0,22886.72,22902.38,799.45688
2023-02-07 08:35:00,22902.74,22908.0,22893.54,22904.01,702.95141
2023-02-07 08:40:00,22903.56,22910.26,22893.57,22896.39,761.72378
2023-02-07 08:45:00,22896.39,22903.59,22885.44,22888.79,685.85512
2023-02-07 08:50:00,22889.98,22891.23,22862.85,22873.57,1321.80457
2023-02-07 08:55:00,22874.09,22878.7,22866.23,22872.67,618.23312
2023-02-07 09:00:00,22872.95,22913.0,22871.12,22908.56,1442.57171
2023-02-07 09:05:00,22909.02,22935.0,22894.15,22931.14,1158.96611
2023-02-07 09:10:00,22931.13,22966.33,22924.89,22959.78,1643.90874
2023-02-07 09:15:00,22960.52,22965.53,22939.15,22950.07,1295.12373
2023-02-07 09:20:00,22950.8,22961.48,22912.6,22913.81,1131.097
2023-02-07 09:25:00,22913.79,22930.29,22912.12,22924.96,704.46965
2023-02-07 09:30:00,22924.53,22944.88,22922.43,22923.83,736.12523
2023-02-07 09:35:00,22923.83,22958.78,22919.61,22945.81,1010.12997
2023-02-07 09:40:00,22945.53,22971.78,22943.75,22960.8,1031.72743
2023-02-07 09:45:00,22960.8,22983.56,22953.32,22983.48,648.91698
2023-02-07 09:50:00,22983.46,23016.62,22958.3,23006.29,1817.11608
2023-02-07 09:55:00,23007.24,23044.86,22994.49,23011.79,1791.88504
2023-02-07 10:00:00,23010.93,23032.89,22992.79,22998.61,1370.02444
2023-02-07 10:05:00,22997.57,23001.43,22971.84,22998.03,934.70443
2023-02-07 10:10:00,22997.33,23027.0,22991.22,23024.32,919.85193
2023-02-07 10:15:00,23024.32,23056.0,23019.28,23046.41,1738.33198
2023-02-07 10:20:00,23046.64,23064.56,23033.51,23035.65,908.73931
2023-02-07 10:25:00,23035.65,23050.0,23026.0,23041.42,689.75644
2023-02-07 10:30:00,23041.42,23046.89,23015.85,23019.01,740.14159
2023-02-07 10:35:00,23017.93,23026.83,23007.74,23017.1,608.12996
2023-02-07 10:40:00,23017.62,23019.73,23003.66,23006.14,608.68804
2023-02-07 10:45:00,23006.77,23007.04,22991.3,22995.72,693.10736
2023-02-07 10:50:00,22995.14,23000.32,22981.72,22985.0,633.64079
2023-02-07 10:55:00,22985.52,22993.32,22980.27,22983.51,510.48342
2023-02-07 11:00:00,22984.04,22993.0,22976.43,22991.67,688.75914
2023-02-07 11:05:00,22991.67,23022.82,22990.53,22995.57,1079.02628
2023-02-07 11:10:00,22995.58,22997.44,22976.1,22978.9,582.78655
2023-02-07 11:15:00,22978.11,22983.68,22971.41,22978.52,692.45589
2023-02-07 11:20:00,22978.97,22990.23,22974.33,22988.59,548.31701
2023-02-07 11:25:00,22989.28,23004.64,22982.65,23002.14,592.39822
2023-02-07 11:30:00,23002.18,23005.1,22973.0,22982.78,848.8433
2023-02-07 11:35:00,22982.01,22983.41,22965.01,22970.26,665.04141
2023-02-07 11:40:00,22969.32,22987.23,22968.0,22986.69,725.96631
2023-02-07 11:45:00,22986.11,22988.32,22975.48,22985.17,486.69104
2023-02-07 11:50:00,22985.17,22989.0,22979.18,22985.3,450.86426
2023-02-07 11:55:00,22985.28,22995.02,22976.74,22977.24,633.17816
2023-02-07 12:00:00,22977.24,23008.93,22976.09,22993.61,959.01861
2023-02-07 12:05:00,22993.61,23009.03,22992.2,23004.49,653.68437
2023-02-07 12:10:00,23004.49,23006.04,22963.63,22975.71,943.7932
2023-02-07 12:15:00,22975.71,23017.0,22974.09,23002.22,894.54433
2023-02-07 12:20:00,23001.59,23009.72,22992.52,23001.51,527.68631
2023-02-07 12:25:00,23002.04,23005.63,22994.95,22996.2,586.932
2023-02-07 12:30:00,22996.2,23006.82,22977.3,22987.06,777.39552
2023-02-07 12:35:00,22987.06,23015.81,22985.07,23015.55,561.78014
2023-02-07 12:40:00,23014.96,23019.99,23004.86,23010.47,702.17709
2023-02-07 12:45:00,23009.82,23026.66,23001.56,23005.73,765.00614
2023-02-07 12:50:00,23004.81,23022.0,22992.34,23019.78,799.13381
2023-02-07 12:55:00,23019.78,23035.74,23013.65,23023.67,966.20911
2023-02-07 13:00:00,23023.67,23042.0,23012.31,23015.54,909.39306
2023-02-07 13:05:00,23014.53,23019.06,23005.19,23010.61,550.14753
2023-02-07 13:10:00,23011.28,23013.24,22996.89,23006.93,671.18846
2023-02-07 13:15:00,23006.94,23020.23,22989.0,22990.29,707.64657
2023-02-07 13:20:00,22991.33,22996.82,22970.13,22975.33,974.44747
2023-02-07 13:25:00,22974.61,22988.41,22970.0,22974.92,782.7889
2023-02-07 13:30:00,22974.92,22976.81,22938.13,22944.85,1489.812
2023-02-07 13:35:00,22943.9,22967.72,22942.23,22965.4,916.39769
2023-02-07 13:40:00,22965.4,23013.63,22963.85,22998.42,1365.92105
2023-02-07 13:45:00,22998.42,23007.19,22985.48,23000.3,770.47107
2023-02-07 13:50:00,23000.12,23003.03,22974.88,22981.34,850.17403
2023-02-07 13:55:00,22979.95,22988.37,22966.97,22982.54,679.87408
2023-02-07 14:00:00,22982.65,22990.2,22966.3,22969.81,1033.08832
2023-02-07 14:05:00,22970.28,22986.59,22964.65,22974.44,813.73042
2023-02-07 14:10:00,22973.48,22987.5,22961.69,22983.16,704.48783
2023-02-07 14:15:00,22983.16,22997.0,22982.41,22995.62,593.85045
2023-02-07 14:20:00,22995.62,23016.0,22991.12,23013.68,770.61362
2023-02-07 14:25:00,23014.57,23014.57,22969.0,22972.69,1022.70856
2023-02-07 14:30:00,22972.69,23007.9,22955.73,22971.15,3048.7158
2023-02-07 14:35:00,22971.15,22996.93,22932.0,22988.68,1931.50657
2023-02-07 14:40:00,22988.68,23017.4,22977.3,23007.07,1901.74084
2023-02-07 14:45:00,23007.07,23008.95,22962.12,22982.5,1565.24863
2023-02-07 14:50:00,22983.49,23018.46,22962.97,22990.34,1624.98444
2023-02-07 14:55:00,22989.12,22999.99,22972.0,22976.86,1278.82144
2023-02-07 15:00:00,22976.85,22983.0,22950.0,22961.81,1650.26243
2023-02-07 15:05:00,22962.69,22980.11,22953.46,22954.64,1195.20898
2023-02-07 15:10:00,22953.49,22964.14,22926.66,22948.83,1643.53477
2023-02-07 15:15:00,22949.73,22965.0,22930.57,22962.11,1485.91351
2023-02-07 15:20:00,22960.98,22971.97,22951.08,22954.03,960.30789
2023-02-07 15:25:00,22954.75,22958.72,22888.88,22904.64,1917.60499
2023-02-07 15:30:00,22904.64,22923.87,22876.35,22915.37,1439.76591
2023-02-07 15:35:00,22915.37,22943.15,22908.65,22938.18,1256.83042
2023-02-07 15:40:00,22938.87,22950.0,22929.45,22946.91,1031.63181
2023-02-07 15:45:00,22946.91,22955.6,22889.7,22919.0,1519.76536
2023-02-07 15:50:00,22919.0,22935.09,22893.74,22902.03,1161.3462
2023-02-07 15:55:00,22902.03,22913.18,22885.21,22904.89,1075.05941
2023-02-07 16:00:00,22904.89,22915.43,22898.16,22899.29,726.8901
2023-02-07 16:05:00,22899.29,22944.67,22894.96,22933.36,1215.73956
2023-02-07 16:10:00,22934.18,22936.85,22915.43,22925.33,781.18931
2023-02-07 16:15:00,22926.02,22932.5,22902.0,22906.75,703.4264
2023-02-07 16:20:00,22906.76,22911.08,22870.23,22881.06,1564.94831
2023-02-07 16:25:00,22882.34,22945.0,22880.86,22936.96,1329.4221
2023-02-07 16:30:00,22937.79,23026.96,22933.82,23000.71,2180.4396
2023-02-07 16:35:00,23000.72,23007.58,22956.56,22956.58,843.43309
2023-02-07 16:40:00,22956.58,22975.99,22950.01,22965.58,1132.68194
2023-02-07 16:45:00,22964.6,23009.17,22956.03,22988.87,1373.67022
2023-02-07 16:50:00,22988.86,23015.62,22984.33,22992.8,1141.88519
2023-02-07 16:55:00,22993.66,22999.9,22972.6,22977.98,746.99356
2023-02-07 17:00:00,22977.98,22989.04,22963.27,22978.12,883.42347
2023-02-07 17:05:00,22978.12,22991.75,22972.0,22981.22,851.15185
2023-02-07 17:10:00,22981.22,22993.69,22963.1,22972.28,723.86783
2023-02-07 17:15:00,22972.28,22972.93,22955.2,22956.09,741.87797
2023-02-07 17:20:00,22956.1,22962.59,22915.11,22925.34,1201.93303
2023-02-07 17:25:00,22924.92,22937.78,22890.01,22900.5,1204.00586
2023-02-07 17:30:00,22900.51,22918.1,22892.0,22908.6,1229.04662
2023-02-07 17:35:00,22908.6,22942.11,22904.62,22926.38,946.06908
2023-02-07 17:40:00,22926.38,23051.79,22925.9,23002.81,3059.04123
2023-02-07 17:45:00,23005.15,23240.99,23001.8,23213.07,7613.92719
2023-02-07 17:50:00,23213.07,23337.0,23163.07,23305.72,4464.1654
2023-02-07 17:55:00,23305.72,23332.4,23269.33,23282.92,2880.59073
2023-02-07 18:00:00,23282.92,23350.25,23254.15,23254.93,3672.15786
2023-02-07 18:05:00,23254.93,23289.45,23126.77,23160.1,4194.23994
2023-02-07 18:10:00,23160.93,23212.08,23143.75,23154.63,2819.2439
2023-02-07 18:15:00,23155.96,23168.03,23017.95,23092.98,4681.38463
2023-02-07 18:20:00,23092.1,23126.81,22956.45,22994.71,3605.33488
2023-02-07 18:25:00,22993.07,22997.93,22793.0,22793.63,4994.25754
2023-02-07 18:30:00,22793.63,22912.04,22769.05,22829.46,2957.78882
2023-02-07 18:35:00,22830.66,22927.75,22823.48,22904.06,1631.91649
2023-02-07 18:40:00,22904.06,22955.41,22871.16,22895.96,1463.91089
2023-02-07 18:45:00,22894.79,22899.5,22840.03,22865.14,1520.36333
2023-02-07 18:50:00,22863.51,22932.0,22840.07,22928.23,2056.96014
2023-02-07 18:55:00,22928.23,22937.48,22875.67,22932.28,1646.21134
2023-02-07 19:00:00,22931.98,23062.76,22921.88,23027.86,3017.64236
2023-02-07 19:05:00,23029.21,23120.55,23001.0,23071.95,3104.53161
2023-02-07 19:10:00,23070.71,23115.0,23046.86,23055.34,2197.25962
2023-02-07 19:15:00,23055.33,23106.07,23053.67,23094.17,1866.3951
2023-02-07 19:20:00,23094.92,23097.28,23029.98,23072.94,1770.60859
2023-02-07 19:25:00,23072.94,23100.86,23026.37,23059.81,1677.39736
2023-02-07 19:30:00,23059.12,23138.86,23046.1,23111.07,2056.21612
2023-02-07 19:35:00,23111.08,23119.84,23076.86,23095.79,1378.91553
2023-02-07 19:40:00,23095.79,23105.0,23065.44,23077.15,1406.63545
2023-02-07 19:45:00,23077.15,23090.97,23056.51,23058.56,1276.53597
2023-02-07 19:50:00,23058.89,23113.2,23045.15,23107.2,1447.51503
2023-02-07 19:55:00,23107.2,23110.94,23068.52,23091.9,1132.2512
2023-02-07 20:00:00,23092.87,23149.0,23060.21,23064.12,2237.74964
2023-02-07 20:05:00,23064.12,23088.13,23029.11,23047.03,1594.28618
2023-02-07 20:10:00,23046.06,23076.93,23045.59,23067.19,974.95447
2023-02-07 20:15:00,23067.2,23105.89,23067.02,23097.41,1060.7198
2023-02-07 20:20:00,23097.41,23120.91,23090.29,23114.35,954.36937
2023-02-07 20:25:00,23114.35,23197.72,23104.21,23192.02,1988.63415
2023-02-07 20:30:00,23193.02,23234.74,23147.03,23190.53,2418.53622
2023-02-07 20:35:00,23190.53,23208.56,23161.07,23205.18,1252.15678
2023-02-07 20:40:00,23205.18,23223.88,23185.0,23192.31,1188.10171
2023-02-07 20:45:00,23190.42,23235.08,23186.08,23208.95,1478.84143
2023-02-07 20:50:00,23210.7,23250.0,23207.85,23237.53,1469.13879
2023-02-07 20:55:00,23236.2,23238.27,23193.03,23194.36,1338.0301
2023-02-07 21:00:00,23194.36,23230.67,23191.72,23226.56,830.41025
2023-02-07 21:05:00,23226.56,23269.53,23218.05,23227.38,1342.02882
2023-02-07 21:10:00,23225.79,23249.21,23210.46,23227.57,818.26368
2023-02-07 21:15:00,23227.57,23228.97,23194.68,23219.39,727.26943
2023-02-07 21:20:00,23219.78,23258.7,23219.14,23250.52,901.78713
2023-02-07 21:25:00,23251.2,23252.38,23223.81,23237.42,645.65056
2023-02-07 21:30:00,23238.67,23255.08,23227.07,23255.07,592.03564
2023-02-07 21:35:00,23255.07,23255.08,23186.96,23188.58,1207.60622
2023-02-07 21:40:00,23188.58,23207.3,23176.8,23193.55,830.64381
2023-02-07 21:45:00,23192.69,23220.0,23185.01,23202.19,585.33811
2023-02-07 21:50:00,23202.19,23221.22,23194.0,23199.13,612.79375
2023-02-07 21:55:00,23198.56,23221.4,23193.43,23196.25,648.29536
2023-02-07 22:00:00,23196.25,23218.04,23176.25,23179.39,833.18638
2023-02-07 22:05:00,23179.39,23186.09,23141.56,23170.78,962.94629
2023-02-07 22:10:00,23169.9,23199.86,23166.99,23188.97,527.82175
2023-02-07 22:15:00,23188.48,23203.74,23173.39,23200.91,486.6894
2023-02-07 22:20:00,23200.12,23202.91,23162.92,23163.81,500.66496
2023-02-07 22:25:00,23165.07,23188.56,23156.4,23175.49,393.20416
2023-02-07 22:30:00,23174.83,23192.57,23168.24,23188.23,480.99927
2023-02-07 22:35:00,23189.67,23200.0,23177.86,23192.86,435.925
2023-02-07 22:40:00,23192.85,23279.95,23185.8,23241.9,886.27238
2023-02-07 22:45:00,23241.9,23286.25,23220.0,23281.88,849.74488
2023-02-07 22:50:00,23281.88,23309.29,23235.7,23239.2,1084.06429
2023-02-07 22:55:00,23239.2,23260.37,23212.53,23228.69,749.75911
2023-02-07 23:00:00,23228.15,23253.93,23228.09,23247.73,859.38494
2023-02-07 23:05:00,23247.73,23274.72,23245.39,23256.86,788.13214
2023-02-07 23:10:00,23256.86,23265.86,23236.23,23245.44,870.28253
2023-02-07 23:15:00,23244.05,23262.38,23236.12,23256.95,439.38534
2023-02-07 23:20:00,23256.95,23288.41,23248.53,23281.93,725.36891
2023-02-07 23:25:00,23281.93,23288.0,23264.61,23275.2,832.92732
2023-02-07 23:30:00,23274.81,23296.2,23266.16,23275.98,842.99166
2023-02-07 23:35:00,23275.98,23279.0,23238.82,23250.05,654.82705
2023-02-07 23:40:00,23250.05,23274.99,23249.19,23268.21,512.302
2023-02-07 23:45:00,23269.17,23279.99,23252.08,23271.37,679.75426
2023-02-07 23:50:00,23271.37,23280.0,23261.0,23264.42,553.40929
2023-02-07 23:55:00,23264.14,23270.0,23239.5,23240.46,534.48453
2023-02-08 00:00:00,23242.42,23269.89,23239.18,23262.21,706.10669
2023-02-08 00:05:00,23262.21,23263.49,23231.0,23248.59,953.284
2023-02-08 00:10:00,23248.59,23256.92,23228.83,23243.45,775.58947
2023-02-08 00:15:00,23244.39,23255.33,23235.4,23238.04,620.30346
2023-02-08 00:20:00,23237.34,23272.98,23235.07,23267.16,954.06132
2023-02-08 00:25:00,23267.16,23273.87,23249.98,23256.72,667.21008
2023-02-08 00:30:00,23256.72,23259.67,23232.0,23247.32,722.41249
2023-02-08 00:35:00,23246.79,23330.55,23246.79,23326.35,2006.46236
2023-02-08 00:40:00,23326.35,23330.0,23272.23,23280.28,1229.27212
2023-02-08 00:45:00,23280.28,23350.0,23271.54,23346.68,1499.37784
2023-02-08 00:50:00,23347.81,23361.64,23303.7,23311.65,1476.97027
2023-02-08 00:55:00,23312.53,23328.73,23307.75,23326.4,797.82964
2023-02-08 01:00:00,23326.4,23344.76,23302.21,23308.43,1169.6458
2023-02-08 01:05:00,23308.02,23346.78,23303.39,23333.61,911.52778
2023-02-08 01:10:00,23333.61,23452.0,23325.5,23376.16,2316.83483
2023-02-08 01:15:00,23377.75,23428.02,23331.7,23350.86,1630.01241
2023-02-08 01:20:00,23351.6,23366.54,23326.72,23332.66,967.078
2023-02-08 01:25:00,23332.65,23336.61,23301.4,23313.16,1129.45853
2023-02-08 01:30:00,23313.16,23337.22,23290.05,23322.1,1138.40383
2023-02-08 01:35:00,23322.83,23344.5,23317.32,23320.17,628.1709
2023-02-08 01:40:00,23319.47,23326.51,23289.42,23300.59,1042.03538
2023-02-08 01:45:00,23300.12,23304.01,23282.51,23299.06,605.63228
2023-02-08 01:50:00,23299.06,23308.82,23292.7,23302.43,600.3306
2023-02-08 01:55:00,23301.93,23302.76,23279.16,23287.66,734.1994
2023-02-08 02:00:00,23287.66,23309.18,23283.14,23294.17,868.02163
2023-02-08 02:05:00,23294.17,23296.07,23266.0,23273.58,875.21995
2023-02-08 02:10:00,23273.58,23280.34,23266.0,23272.69,551.2683
2023-02-08 02:15:00,23271.73,23280.98,23258.04,23279.71,781.46717
2023-02-08 02:20:00,23279.71,23294.54,23275.4,23289.22,674.80569
2023-02-08 02:25:00,23288.66,23299.75,23284.75,23287.95,500.61151
2023-02-08 02:30:00,23287.95,23297.1,23268.16,23279.56,555.92752
2023-02-08 02:35:00,23279.56,23297.69,23274.17,23292.66,518.96032
2023-02-08 02:40:00,23292.19,23294.57,23273.01,23284.14,580.61491
2023-02-08 02:45:00,23283.72,23285.48,23267.62,23273.34,523.58301
2023-02-08 02:50:00,23273.96,23279.4,23262.52,23269.93,555.70554
2023-02-08 02:55:00,23270.31,23273.06,23237.54,23244.6,900.51364
2023-02-08 03:00:00,23244.6,23256.24,23244.05,23246.16,585.67027
2023-02-08 03:05:00,23246.16,23251.12,23235.06,23246.04,693.37786
2023-02-08 03:10:00,23245.32,23250.2,23237.19,23240.51,572.47445
2023-02-08 03:15:00,23240.51,23257.01,23225.19,23247.17,882.45484
2023-02-08 03:20:00,23247.17,23273.1,23246.15,23259.66,622.8298
2023-02-08 03:25:00,23259.88,23264.55,23252.33,23263.18,520.97908
2023-02-08 03:30:00,23263.17,23268.76,23253.25,23259.91,490.02891
2023-02-08 03:35:00,23259.36,23265.32,23252.76,23260.5,576.10431
2023-02-08 03:40:00,23260.49,23261.6,23253.72,23257.77,413.65989
2023-02-08 03:45:00,23258.4,23278.09,23254.89,23269.16,627.11147
2023-02-08 03:50:00,23269.72,23279.25,23267.43,23272.92,610.25633
2023-02-08 03:55:00,23272.39,23274.1,23254.83,23255.34,541.92001
2023-02-08 04:00:00,23255.34,23272.38,23254.63,23269.63,488.26271
2023-02-08 04:05:00,23269.63,23287.3,23265.29,23280.89,664.99869
2023-02-08 04:10:00,23280.89,23282.35,23255.34,23258.25,557.884
2023-02-08 04:15:00,23259.09,23267.45,23257.12,23261.32,463.76375
2023-02-08 04:20:00,23261.32,23275.25,23258.3,23270.81,388.91841
2023-02-08 04:25:00,23270.49,23278.39,23266.9,23271.73,430.63853
2023-02-08 04:30:00,23272.08,23274.55,23267.36,23268.61,302.78249
2023-02-08 04:35:00,23268.61,23270.46,23247.9,23248.73,572.43472
2023-02-08 04:40:00,23248.73,23253.34,23240.01,23241.52,617.15552
2023-02-08 04:45:00,23241.52,23248.52,23239.62,23245.92,450.57974
2023-02-08 04:50:00,23245.93,23258.09,23241.0,23256.27,642.22359
2023-02-08 04:55:00,23257.15,23259.81,23242.9,23246.71,680.10639
2023-02-08 05:00:00,23246.71,23258.0,23246.17,23256.36,457.57671
2023-02-08 05:05:00,23257.0,23257.8,23237.1,23240.53,796.67052
2023-02-08 05:10:00,23240.53,23249.2,23237.4,23242.15,517.19235
2023-02-08 05:15:00,23242.77,23246.6,23238.56,23239.88,438.63657
2023-02-08 05:20:00,23239.88,23246.7,23238.0,23240.22,557.14612
2023-02-08 05:25:00,23240.22,23246.91,23210.15,23219.94,1131.64366
2023-02-08 05:30:00,23219.94,23230.69,23218.37,23224.66,750.97254
2023-02-08 05:35:00,23224.14,23231.09,23218.44,23219.7,774.37121
2023-02-08 05:40:00,23220.19,23221.46,23183.17,23199.06,1389.40951
2023-02-08 05:45:00,23199.78,23225.1,23198.16,23223.13,673.64905
2023-02-08 05:50:00,23223.66,23237.51,23219.32,23230.35,787.24046
2023-02-08 05:55:00,23229.81,23233.97,23222.94,23224.39,499.13396
2023-02-08 06:00:00,23223.74,23227.6,23212.24,23215.6,699.2167
2023-02-08 06:05:00,23215.12,23218.94,23188.01,23190.28,946.69976
2023-02-08 06:10:00,23190.28,23235.92,23188.82,23231.33,920.77583
2023-02-08 06:15:00,23231.69,23236.9,23221.0,23227.61,685.90578
2023-02-08 06:20:00,23227.0,23230.76,23203.52,23204.81,589.74503
2023-02-08 06:25:00,23204.53,23210.05,23185.89,23205.48,745.23113
2023-02-08 06:30:00,23204.87,23228.0,23201.51,23224.87,662.9351
2023-02-08 06:35:00,23225.44,23225.94,23205.68,23214.92,655.50862
2023-02-08 06:40:00,23215.41,23216.3,23200.01,23202.18,585.00585
2023-02-08 06:45:00,23202.18,23210.56,23201.18,23208.33,468.27514
2023-02-08 06:50:00,23208.93,23208.93,23195.8,23203.86,633.13881
2023-02-08 06:55:00,23204.26,23208.24,23190.83,23198.27,697.10377
2023-02-08 07:00:00,23198.83,23214.29,23184.05,23205.5,952.10728
2023-02-08 07:05:00,23205.51,23220.03,23204.36,23210.25,679.03817
2023-02-08 07:10:00,23210.25,23216.83,23199.55,23215.43,623.80129
2023-02-08 07:15:00,23215.32,23221.46,23203.83,23215.31,705.24488
2023-02-08 07:20:00,23215.24,23226.92,23212.76,23224.81,578.32511
2023-02-08 07:25:00,23223.87,23239.33,23223.87,23228.93,724.58236
2023-02-08 07:30:00,23228.93,23234.55,23218.39,23218.95,611.37568
2023-02-08 07:35:00,23218.95,23226.55,23209.13,23211.7,670.58653
2023-02-08 07:40:00,23212.9,23221.32,23200.11,23219.73,601.8974
2023-02-08 07:45:00,23219.74,23236.99,23212.47,23232.39,744.47816
2023-02-08 07:50:00,23232.93,23236.72,23220.09,23225.05,636.57758
2023-02-08 07:55:00,23224.83,23236.35,23220.0,23232.68,552.43603
2023-02-08 08:00:00,23233.23,23239.44,23220.0,23222.74,868.77692
2023-02-08 08:05:00,23222.28,23224.45,23187.66,23201.29,1093.03735
2023-02-08 08:10:00,23201.32,23202.04,23189.53,23195.67,763.90117
2023-02-08 08:15:00,23195.67,23218.75,23188.09,23218.26,1061.47587
2023-02-08 08:20:00,23217.28,23219.76,23203.98,23211.79,735.93768
2023-02-08 08:25:00,23211.79,23211.79,23187.24,23187.58,672.09418
2023-02-08 08:30:00,23187.58,23199.75,23171.61,23186.28,1147.5793
2023-02-08 08:35:00,23186.9,23194.99,23163.0,23194.06,1130.18685
2023-02-08 08:40:00,23194.06,23215.0,23192.69,23207.95,835.39221
2023-02-08 08:45:00,23207.95,23212.88,23193.84,23198.49,817.88464
2023-02-08 08:50:00,23197.77,23202.01,23192.96,23197.84,533.59282
2023-02-08 08:55:00,23198.15,23210.75,23197.13,23205.96,545.37057
2023-02-08 09:00:00,23206.4,23208.07,23191.47,23192.05,562.62274
2023-02-08 09:05:00,23192.68,23205.0,23184.12,23203.63,748.26275
2023-02-08 09:10:00,23202.61,23224.9,23202.61,23216.83,671.80241
2023-02-08 09:15:00,23216.33,23222.81,23207.67,23218.95,701.30438
2023-02-08 09:20:00,23218.21,23224.06,23214.06,23219.18,495.17162
2023-02-08 09:25:00,23219.63,23222.82,23200.0,23205.28,687.41636
2023-02-08 09:30:00,23204.44,23208.78,23185.72,23190.69,558.15982
2023-02-08 09:35:00,23190.69,23212.48,23185.0,23207.47,701.18457
2023-02-08 09:40:00,23208.12,23214.92,23185.0,23186.22,792.50177
2023-02-08 09:45:00,23186.99,23192.42,23175.81,23190.65,749.76174
2023-02-08 09:50:00,23190.65,23194.83,23186.79,23191.09,490.48221
2023-02-08 09:55:00,23190.63,23203.34,23176.32,23202.9,784.65224
2023-02-08 10:00:00,23202.9,23205.78,23190.08,23192.29,624.7541
2023-02-08 10:05:00,23191.82,23193.53,23167.0,23177.63,839.95862
2023-02-08 10:10:00,23178.33,23179.7,23146.73,23166.08,1037.92906
2023-02-08 10:15:00,23165.68,23177.36,23157.28,23173.27,654.78548
2023-02-08 10:20:00,23172.68,23179.96,23161.07,23179.25,555.02252
2023-02-08 10:25:00,23179.24,23184.65,23169.23,23176.61,596.35411
2023-02-08 10:30:00,23176.62,23182.5,23161.48,23166.26,776.98223
2023-02-08 10:35:00,23166.75,23171.03,23146.5,23160.33,1100.60319
2023-02-08 10:40:00,23159.62,23168.74,23132.21,23152.63,910.12258
2023-02-08 10:45:00,23153.12,23172.25,23150.0,23169.8,498.14122
2023-02-08 10:50:00,23170.12,23171.0,23154.0,23163.34,558.30386
2023-02-08 10:55:00,23163.98,23173.0,23157.47,23159.81,567.35335
2023-02-08 11:00:00,23160.16,23164.05,23144.35,23145.12,601.91794
2023-02-08 11:05:00,23145.12,23149.47,23136.1,23146.93,761.72183
2023-02-08 11:10:00,23146.18,23169.71,23143.0,23165.86,720.24728
2023-02-08 11:15:00,23165.86,23169.04,23153.85,23163.15,597.22593
2023-02-08 11:20:00,23162.47,23171.17,23157.04,23165.82,578.11378
2023-02-08 11:25:00,23166.26,23174.98,23163.0,23173.86,453.0484
2023-02-08 11:30:00,23173.86,23184.63,23172.22,23180.06,774.61866
2023-02-08 11:35:00,23180.06,23182.4,23162.21,23164.8,617.80925
2023-02-08 11:40:00,23164.8,23168.0,23148.6,23152.09,469.15419
2023-02-08 11:45:00,23151.36,23163.93,23142.51,23159.31,763.52848
2023-02-08 11:50:00,23158.59,23178.91,23153.5,23169.22,660.25348
2023-02-08 11:55:00,23168.75,23170.4,23151.82,23159.07,567.30525
2023-02-08 12:00:00,23159.07,23171.4,23157.6,23171.02,601.87592
2023-02-08 12:05:00,23171.02,23175.87,23162.04,23174.33,633.42187
2023-02-08 12:10:00,23174.33,23197.97,23168.5,23192.53,932.69708
2023-02-08 12:15:00,23191.72,23199.58,23168.59,23180.12,853.43222
2023-02-08 12:20:00,23180.12,23180.61,23167.41,23175.23,659.85102
2023-02-08 12:25:00,23174.5,23178.65,23167.96,23171.86,529.03623
2023-02-08 12:30:00,23171.86,23191.73,23171.2,23183.34,648.9575
2023-02-08 12:35:00,23183.34,23190.89,23173.44,23177.64,644.21563
2023-02-08 12:40:00,23177.16,23183.0,23175.14,23176.6,511.41093
2023-02-08 12:45:00,23176.15,23180.39,23157.83,23161.05,713.0895
2023-02-08 12:50:00,23160.57,23161.66,23085.89,23119.97,2209.47744
2023-02-08 12:55:00,23119.96,23130.4,23100.12,23123.44,1051.54871
2023-02-08 13:00:00,23122.88,23129.34,23082.47,23088.02,1725.41808
2023-02-08 13:05:00,23088.5,23139.13,23086.8,23123.24,1130.01517
2023-02-08 13:10:00,23121.94,23141.8,23106.64,23116.56,1150.68242
2023-02-08 13:15:00,23117.43,23119.72,23075.67,23116.97,1273.52518
2023-02-08 13:20:00,23116.96,23117.07,23079.11,23082.06,1051.62143
2023-02-08 13:25:00,23082.75,23108.81,23060.01,23065.6,1435.74479
2023-02-08 13:30:00,23064.93,23098.77,23043.72,23090.28,1423.81577
2023-02-08 13:35:00,23090.91,23127.71,23081.98,23126.39,1333.29197
2023-02-08 13:40:00,23126.38,23131.16,23100.0,23128.69,1094.31737
2023-02-08 13:45:00,23128.69,23130.83,23107.65,23128.28,964.10971
2023-02-08 13:50:00,23127.66,23133.13,23101.0,23103.94,929.13036
2023-02-08 13:55:00,23104.76,23116.62,23099.08,23114.88,721.98
2023-02-08 14:00:00,23114.87,23114.87,23072.03,23076.29,904.69812
2023-02-08 14:05:00,23074.89,23087.56,23061.0,23076.55,1176.94866
2023-02-08 14:10:00,23076.55,23091.73,23071.59,23075.95,743.84842
2023-02-08 14:15:00,23075.95,23085.0,23039.29,23081.97,1226.53015
2023-02-08 14:20:00,23081.97,23101.83,23072.98,23099.68,882.0078
2023-02-08 14:25:00,23099.68,23099.69,23053.95,23063.98,895.35585
2023-02-08 14:30:00,23063.44,23100.0,23005.0,23061.66,2750.13936
2023-02-08 14:35:00,23062.96,23080.0,23042.73,23077.22,1692.48263
2023-02-08 14:40:00,23077.22,23132.36,23074.37,23114.16,1799.89276
2023-02-08 14:45:00,23112.93,23129.14,23089.26,23090.37,1973.97063
2023-02-08 14:50:00,23090.37,23091.41,23005.0,23027.72,2814.86805
2023-02-08 14:55:00,23027.7,23055.72,22990.14,23051.91,2224.28645
2023-02-08 15:00:00,23050.6,23051.91,22968.0,23005.01,2546.57717
2023-02-08 15:05:00,23005.01,23018.95,22960.51,23000.78,2106.93827
2023-02-08 15:10:00,23000.78,23004.0,22937.59,22942.82,2154.6932
2023-02-08 15:15:00,22942.82,23000.0,22922.0,22998.14,1967.71281
2023-02-08 15:20:00,22997.31,22998.3,22946.51,22963.37,1275.50996
2023-02-08 15:25:00,22964.57,22968.0,22938.97,22953.75,1241.22556
2023-02-08 15:30:00,22953.75,22955.0,22873.9,22910.36,2807.20875
2023-02-08 15:35:00,22910.36,22932.61,22870.0,22915.83,1585.71845
2023-02-08 15:40:00,22915.83,22916.91,22878.24,22903.25,1369.21862
2023-02-08 15:45:00,22902.07,22920.0,22863.27,22909.41,1852.07858
2023-02-08 15:50:00,22909.0,22910.0,22857.0,22879.58,1569.00839
2023-02-08 15:55:00,22878.81,22889.66,22861.41,22872.28,1383.83954
2023-02-08 16:00:00,22871.28,22889.99,22840.0,22878.01,2091.88927
2023-02-08 16:05:00,22878.01,22879.96,22825.46,22859.77,1839.13093
2023-02-08 16:10:00,22858.57,22859.74,22800.0,22808.7,2416.78505
2023-02-08 16:15:00,22808.7,22833.15,22770.6,22777.06,2963.66178
2023-02-08 16:20:00,22777.06,22798.24,22701.72,22724.07,3233.66599
2023-02-08 16:25:00,22722.16,22817.42,22665.85,22803.19,3893.99715
2023-02-08 16:30:00,22803.19,22804.2,22728.51,22753.92,1947.24895
2023-02-08 16:35:00,22755.06,22849.66,22740.02,22846.51,2251.20804
2023-02-08 16:40:00,22847.95,22892.71,22816.36,22863.92,2484.87439
2023-02-08 16:45:00,22865.04,22915.9,22837.91,22892.02,2094.2393
2023-02-08 16:50:00,22892.02,22914.74,22863.27,22898.41,1955.89953
2023-02-08 16:55:00,22899.22,22971.52,22882.97,22966.3,2140.7606
2023-02-08 17:00:00,22965.01,22970.21,22916.09,22924.57,1923.56513
2023-02-08 17:05:00,22924.56,22934.72,22908.25,22930.87,1492.18931
2023-02-08 17:10:00,22930.07,22968.7,22925.82,22930.24,1451.14583
2023-02-08 17:15:00,22930.24,22955.2,22912.24,22943.99,1185.99765
2023-02-08 17:20:00,22943.99,23027.0,22937.42,22998.5,2005.62082
2023-02-08 17:25:00,22998.52,23011.03,22967.21,23004.0,1244.28439
2023-02-08 17:30:00,23003.87,23012.74,22950.0,22956.08,1469.70368
2023-02-08 17:35:00,22956.08,22971.72,22925.01,22931.77,1420.59597
2023-02-08 17:40:00,22930.87,22951.31,22911.46,22946.5,1402.88208
2023-02-08 17:45:00,22945.33,22968.95,22937.32,22947.85,1194.7214
2023-02-08 17:50:00,22946.9,22975.0,22945.15,22955.86,901.91883
2023-02-08 17:55:00,22955.34,23013.64,22954.82,23004.04,1490.90442
2023-02-08 18:00:00,23005.12,23042.95,22985.61,23014.65,1534.38284
2023-02-08 18:05:00,23014.65,23037.8,22989.8,23014.97,1379.48571
2023-02-08 18:10:00,23014.25,23016.0,22982.34,22992.41,969.18928
2023-02-08 18:15:00,22992.41,23002.28,22964.76,22974.32,1083.96825
2023-02-08 18:20:00,22972.94,22981.35,22965.4,22975.39,651.43636
2023-02-08 18:25:00,22975.39,22981.25,22936.03,22945.83,1062.32927
2023-02-08 18:30:00,22945.09,22949.99,22912.25,22915.97,1044.94689
2023-02-08 18:35:00,22914.13,22942.21,22888.88,22904.05,1332.3437
2023-02-08 18:40:00,22905.09,22929.73,22888.89,22913.83,1324.08131
2023-02-08 18:45:00,22913.83,22914.4,22865.05,22873.77,1377.44981
2023-02-08 18:50:00,22874.54,22876.52,22832.53,22841.71,1478.58781
2023-02-08 18:55:00,22842.78,22897.75,22835.47,22893.03,1242.35114
2023-02-08 19:00:00,22893.96,22924.62,22866.65,22906.53,1447.59851
2023-02-08 19:05:00,22906.53,22919.03,22870.02,22888.07,1046.90443
2023-02-08 19:10:00,22888.95,22914.84,22883.17,22892.16,893.70042
2023-02-08 19:15:00,22893.46,22928.78,22890.83,22907.92,1067.04029
2023-02-08 19:20:00,22907.92,22912.48,22878.17,22881.03,829.29608
2023-02-08 19:25:00,22881.72,22887.54,22856.74,22858.11,834.1845
2023-02-08 19:30:00,22857.41,22860.74,22821.75,22827.52,1236.14576
2023-02-08 19:35:00,22827.52,22886.14,22821.75,22875.87,1050.76025
2023-02-08 19:40:00,22876.16,22885.66,22828.88,22856.63,1036.99642
2023-02-08 19:45:00,22856.63,22860.13,22829.75,22829.77,935.24167
2023-02-08 19:50:00,22830.56,22868.87,22829.77,22863.93,849.35722
2023-02-08 19:55:00,22863.93,22886.67,22859.26,22874.89,803.00721
2023-02-08 20:00:00,22873.9,22882.59,22836.73,22840.04,1042.85568
2023-02-08 20:05:00,22839.72,22841.25,22778.93,22812.82,1802.0457
2023-02-08 20:10:00,22813.38,22823.02,22792.47,22806.56,1219.9534
2023-02-08 20:15:00,22806.56,22846.89,22803.0,22810.28,1032.91174
2023-02-08 20:20:00,22810.28,22872.37,22809.14,22866.44,1137.90069
2023-02-08 20:25:00,22866.44,22883.28,22858.66,22878.23,1018.85766
2023-02-08 20:30:00,22878.23,22909.83,22858.77,22866.88,1237.57539
2023-02-08 20:35:00,22866.88,22886.56,22858.8,22879.8,750.04886
2023-02-08 20:40:00,22879.8,22895.42,22865.78,22885.13,831.80858
2023-02-08 20:45:00,22884.16,22888.44,22861.29,22864.65,932.49677
2023-02-08 20:50:00,22865.59,22912.6,22857.31,22860.96,1546.17739
2023-02-08 20:55:00,22860.97,22869.92,22824.7,22829.87,1439.11244
2023-02-08 21:00:00,22829.87,22883.63,22818.37,22870.81,1021.56586
2023-02-08 21:05:00,22870.81,22885.69,22865.32,22869.75,659.20265
2023-02-08 21:10:00,22869.75,22897.0,22865.09,22891.67,582.6315
2023-02-08 21:15:00,22891.01,22905.85,22887.85,22902.96,544.65666
2023-02-08 21:20:00,22902.96,22908.88,22894.3,22905.7,452.71001
2023-02-08 21:25:00,22904.81,22920.0,22900.95,22918.43,536.8216
2023-02-08 21:30:00,22918.0,22940.87,22914.83,22934.5,605.24197
2023-02-08 21:35:00,22934.5,22955.66,22921.76,22948.0,759.52019
2023-02-08 21:40:00,22948.0,22969.39,22939.01,22965.27,632.84165
2023-02-08 21:45:00,22964.22,22980.3,22931.93,22933.18,706.13462
2023-02-08 21:50:00,22933.32,22958.41,22925.81,22957.03,470.89303
2023-02-08 21:55:00,22957.03,22971.94,22951.06,22955.37,404.25448
2023-02-08 22:00:00,22956.11,22967.92,22946.33,22959.91,448.00939
2023-02-08 22:05:00,22959.91,22961.87,22943.92,22952.38,401.9324
2023-02-08 22:10:00,22952.37,22963.72,22946.84,22952.52,278.57949
2023-02-08 22:15:00,22952.92,22956.29,22943.37,22950.61,307.28108
2023-02-08 22:20:00,22950.61,22962.25,22942.94,22961.29,369.8247
2023-02-08 22:25:00,22961.29,22970.89,22942.86,22955.8,506.70549
2023-02-08 22:30:00,22955.8,22966.36,22950.23,22959.37,311.70049
2023-02-08 22:35:00,22959.37,22962.27,22946.94,22955.79,430.18059
2023-02-08 22:40:00,22956.43,22974.04,22952.73,22959.09,328.10649
2023-02-08 22:45:00,22958.53,22975.57,22958.23,22974.86,390.7285
2023-02-08 22:50:00,22974.86,22975.53,22930.58,22932.1,548.41186
2023-02-08 22:55:00,22931.4,22941.29,22915.72,22928.75,608.58883
2023-02-08 23:00:00,22929.28,22953.16,22906.86,22934.85,1188.737
2023-02-08 23:05:00,22935.72,22940.1,22890.43,22903.65,1151.28742
2023-02-08 23:10:00,22903.65,22921.63,22878.7,22888.13,962.47785
2023-02-08 23:15:00,22888.64,22898.4,22873.6,22878.78,876.1919
2023-02-08 23:20:00,22879.9,22929.99,22875.31,22923.6,854.64464
2023-02-08 23:25:00,22924.42,22935.78,22912.41,22914.03,674.38539
2023-02-08 23:30:00,22914.03,22943.95,22912.11,22938.17,613.44483
2023-02-08 23:35:00,22938.17,22955.63,22930.52,22949.0,723.466
2023-02-08 23:40:00,22949.0,22957.74,22937.28,22950.51,605.63211
2023-02-08 23:45:00,22949.9,22953.4,22935.73,22935.73,496.81011
2023-02-08 23:50:00,22936.32,22950.76,22930.07,22950.31,536.49564
2023-02-08 23:55:00,22949.46,22970.61,22926.47,22963.0,756.40031
2023-02-09 00:00:00,22961.85,22983.45,22959.11,22983.45,693.38531
2023-02-09 00:05:00,22982.96,22998.0,22963.01,22983.61,1168.93245
2023-02-09 00:10:00,22984.33,23011.39,22947.4,22953.98,1175.24388
2023-02-09 00:15:00,22953.29,22962.23,22940.46,22950.45,612.48123
2023-02-09 00:20:00,22949.52,22950.46,22933.38,22933.97,410.07281
2023-02-09 00:25:00,22933.97,22998.95,22926.35,22988.08,699.69287
2023-02-09 00:30:00,22988.08,22989.61,22962.59,22969.7,547.16659
2023-02-09 00:35:00,22969.72,22975.32,22938.57,22955.97,779.0606
2023-02-09 00:40:00,22955.46,22962.88,22936.01,22941.12,673.2622
2023-02-09 00:45:00,22941.82,22955.47,22936.38,22948.81,651.92888
2023-02-09 00:50:00,22948.81,22960.11,22942.51,22953.72,627.25099
2023-02-09 00:55:00,22953.72,22992.26,22952.32,22980.64,1096.42859
2023-02-09 01:00:00,22980.12,22993.9,22969.95,22975.65,921.55813
2023-02-09 01:05:00,22976.52,22976.77,22933.6,22945.25,917.2614
2023-02-09 01:10:00,22945.25,22965.42,22936.65,22959.66,735.73538
2023-02-09 01:15:00,22960.52,22981.85,22954.62,22977.47,679.70266
2023-02-09 01:20:00,22978.47,22986.94,22967.99,22980.65,774.26852
2023-02-09 01:25:00,22980.65,22983.39,22941.57,22952.04,790.49021
2023-02-09 01:30:00,22951.41,22979.85,22951.21,22968.43,738.55867
2023-02-09 01:35:00,22967.62,22980.7,22965.54,22976.44,537.78928
2023-02-09 01:40:00,22976.44,22984.57,22965.3,22968.71,697.13524
2023-02-09 01:45:00,22968.16,22973.12,22954.45,22959.89,569.02008
2023-02-09 01:50:00,22960.43,22967.92,22946.73,22952.19,551.22445
2023-02-09 01:55:00,22951.81,22956.13,22942.07,22948.13,543.25533
2023-02-09 02:00:00,22948.13,22955.53,22936.33,22949.39,767.59581
2023-02-09 02:05:00,22949.97,22956.92,22911.87,22917.39,1047.90114
2023-02-09 02:10:00,22916.6,22917.39,22891.26,22893.06,914.84466
2023-02-09 02:15:00,22893.05,22935.6,22890.0,22931.97,1015.30032
2023-02-09 02:20:00,22930.82,22937.37,22906.09,22914.44,662.78414
2023-02-09 02:25:00,22914.92,22930.96,22913.49,22924.33,567.1729
2023-02-09 02:30:00,22923.73,22944.97,22919.14,22930.99,642.54458
2023-02-09 02:35:00,22930.99,22933.89,22902.0,22906.38,573.37883
2023-02-09 02:40:00,22905.84,22912.97,22868.37,22885.14,1072.10852
2023-02-09 02:45:00,22885.14,22907.55,22880.0,22905.44,773.99874
2023-02-09 02:50:00,22905.44,22905.78,22846.72,22852.1,1491.39248
2023-02-09 02:55:00,22851.64,22855.8,22801.15,22806.76,2339.39204
2023-02-09 03:00:00,22806.76,22816.77,22681.0,22697.54,5641.15529
2023-02-09 03:05:00,22697.54,22701.33,22424.48,22548.29,7360.279
2023-02-09 03:10:00,22548.29,22646.4,22528.31,22572.22,3783.84895
2023-02-09 03:15:00,22574.22,22624.91,22550.01,22618.0,2402.91058
2023-02-09 03:20:00,22617.99,22640.12,22528.0,22584.45,2562.98493
2023-02-09 03:25:00,22584.45,22598.02,22486.63,22523.4,2632.35602
2023-02-09 03:30:00,22522.11,22555.33,22477.71,22487.05,2166.78626
2023-02-09 03:35:00,22489.44,22521.21,22453.32,22495.18,2757.3167
2023-02-09 03:40:00,22494.0,22563.82,22451.11,22549.16,2021.89252
2023-02-09 03:45:00,22549.16,22568.0,22491.89,22547.73,1819.08889
2023-02-09 03:50:00,22547.73,22559.43,22528.26,22548.62,1158.67937
2023-02-09 03:55:00,22547.5,22558.36,22502.28,22518.44,1387.54985
2023-02-09 04:00:00,22519.56,22519.69,22400.0,22451.86,2643.93566
2023-02-09 04:05:00,22451.87,22489.35,22353.71,22486.2,3076.38069
2023-02-09 04:10:00,22486.95,22545.98,22479.13,22529.05,2023.97623
2023-02-09 04:15:00,22527.61,22596.85,22523.0,22594.41,2281.89836
2023-02-09 04:20:00,22594.41,22599.99,22549.8,22565.15,1039.59412
2023-02-09 04:25:00,22565.13,22565.25,22520.04,22538.75,1399.10247
2023-02-09 04:30:00,22540.25,22586.5,22530.75,22570.9,1028.44974
2023-02-09 04:35:00,22570.9,22577.06,22544.58,22554.59,874.13402
2023-02-09 04:40:00,22554.9,22611.56,22547.89,22600.13,1234.36262
2023-02-09 04:45:00,22600.17,22602.04,22550.13,22569.89,676.4283
2023-02-09 04:50:00,22570.52,22587.41,22557.9,22561.47,812.17427
2023-02-09 04:55:00,22561.46,22574.59,22546.9,22568.57,850.91422
2023-02-09 05:00:00,22569.04,22595.0,22557.0,22592.89,867.3485
2023-02-09 05:05:00,22592.89,22596.01,22548.85,22554.94,959.01737
2023-02-09 05:10:00,22554.64,22573.71,22550.27,22564.6,650.65372
2023-02-09 05:15:00,22565.06,22570.0,22533.99,22542.43,959.4116
2023-02-09 05:20:00,22542.89,22581.39,22533.84,22572.92,1085.57972
2023-02-09 05:25:00,22572.61,22585.99,22568.24,22574.59,634.81236
2023-02-09 05:30:00,22574.59,22595.78,22540.54,22591.36,1411.17387
2023-02-09 05:35:00,22591.85,22609.74,22570.01,22600.44,1648.4954
2023-02-09 05:40:00,22601.09,22611.0,22587.91,22603.76,813.92653
2023-02-09 05:45:00,22603.76,22641.16,22571.01,22623.0,2686.63413
2023-02-09 05:50:00,22623.0,22626.76,22598.08,22601.51,862.11332
2023-02-09 05:55:00,22601.32,22608.61,22595.91,22603.08,690.86245
2023-02-09 06:00:00,22602.5,22626.21,22583.0,22585.22,1319.12993
2023-02-09 06:05:00,22585.21,22600.87,22573.9,22593.68,935.9382
2023-02-09 06:10:00,22592.88,22598.47,22574.95,22592.77,853.12674
2023-02-09 06:15:00,22592.78,22618.51,22584.45,22614.09,701.07441
2023-02-09 06:20:00,22614.12,22616.79,22585.68,22606.11,610.95548
2023-02-09 06:25:00,22606.11,22606.11,22586.04,22594.31,584.97284
2023-02-09 06:30:00,22594.31,22598.57,22577.05,22593.81,669.52151
2023-02-09 06:35:00,22593.72,22609.63,22587.17,22606.02,687.04955
2023-02-09 06:40:00,22606.02,22612.46,22596.65,22610.74,772.1862
2023-02-09 06:45:00,22610.74,22704.74,22607.44,22694.23,2336.57115
2023-02-09 06:50:00,22693.6,22733.54,22683.75,22711.02,2202.70739
2023-02-09 06:55:00,22711.02,22726.09,22693.78,22719.25,1208.67537
2023-02-09 07:00:00,22719.22,22737.48,22685.01,22690.12,1780.72963
2023-02-09 07:05:00,22690.12,22692.25,22663.13,22673.12,1181.26649
2023-02-09 07:10:00,22673.93,22683.86,22657.15,22661.28,831.75541
2023-02-09 07:15:00,22661.28,22684.25,22650.0,22675.45,1016.15036
2023-02-09 07:20:00,22675.44,22682.23,22654.89,22664.63,774.30465
2023-02-09 07:25:00,22664.63,22668.92,22648.94,22650.98,692.73343
2023-02-09 07:30:00,22650.99,22674.11,22645.05,22672.59,784.29
2023-02-09 07:35:00,22672.75,22688.52,22667.57,22677.48,781.50708
2023-02-09 07:40:00,22676.97,22697.55,22673.14,22682.3,831.84902
2023-02-09 07:45:00,22681.76,22700.0,22661.02,22669.18,949.85475
2023-02-09 07:50:00,22669.18,22674.1,22660.32,22664.09,657.37784
2023-02-09 07:55:00,22663.38,22683.31,22662.88,22676.41,700.49359
2023-02-09 08:00:00,22676.41,22705.0,22665.13,22674.4,1270.96404
2023-02-09 08:05:00,22674.4,22698.73,22670.43,22678.04,854.53822
2023-02-09 08:10:00,22678.04,22702.09,22672.1,22683.34,790.24328
2023-02-09 08:15:00,22683.93,22728.28,22681.19,22719.46,1008.82959
2023-02-09 08:20:00,22720.29,22751.86,22706.29,22742.32,1193.46041
2023-02-09 08:25:00,22742.32,22770.0,22731.0,22743.41,1667.30054
2023-02-09 08:30:00,22742.26,22751.27,22700.0,22712.04,1337.12223
2023-02-09 08:35:00,22712.84,22722.82,22701.27,22715.05,1016.64167
2023-02-09 08:40:00,22715.05,22715.52,22695.47,22702.72,738.89726
2023-02-09 08:45:00,22702.03,22720.32,22700.36,22718.34,709.69537
2023-02-09 08:50:00,22718.33,22728.01,22700.5,22718.51,832.62132
2023-02-09 08:55:00,22718.29,22735.23,22711.0,22720.65,699.08902
2023-02-09 09:00:00,22720.65,22734.46,22719.5,22727.87,782.22477
2023-02-09 09:05:00,22727.93,22738.37,22713.79,22717.84,747.03615
2023-02-09 09:10:00,22718.66,22736.1,22716.11,22730.77,772.67215
2023-02-09 09:15:00,22730.77,22746.55,22713.76,22718.81,927.23774
2023-02-09 09:20:00,22718.81,22719.17,22692.68,22693.19,863.00813
2023-02-09 09:25:00,22693.19,22703.67,22682.74,22687.3,848.79724
2023-02-09 09:30:00,22687.3,22700.12,22682.77,22695.05,684.48553
2023-02-09 09:35:00,22695.05,22712.22,22691.08,22692.61,696.63211
2023-02-09 09:40:00,22692.15,22705.44,22680.0,22697.0,777.53826
2023-02-09 09:45:00,22697.62,22738.37,22696.5,22738.35,968.37072
2023-02-09 09:50:00,22738.35,22745.33,22711.75,22714.61,910.81003
2023-02-09 09:55:00,22713.99,22740.96,22702.46,22738.69,828.21319
2023-02-09 10:00:00,22738.69,22741.2,22716.05,22718.36,678.55481
2023-02-09 10:05:00,22718.36,22737.82,22716.58,22729.05,794.26465
2023-02-09 10:10:00,22729.06,22736.85,22719.49,22722.98,600.03265
2023-02-09 10:15:00,22722.98,22725.75,22710.14,22719.55,721.70356
2023-02-09 10:20:00,22720.05,22733.93,22718.17,22718.95,736.36299
2023-02-09 10:25:00,22719.28,22720.65,22707.84,22708.6,742.8929
2023-02-09 10:30:00,22708.3,22716.97,22698.03,22699.61,694.64475
2023-02-09 10:35:00,22698.68,22714.25,22685.0,22702.3,940.28974
2023-02-09 10:40:00,22703.32,22705.5,22685.44,22688.13,594.54061
2023-02-09 10:45:00,22687.19,22691.44,22670.6,22679.67,992.07607
2023-02-09 10:50:00,22680.33,22715.79,22675.0,22710.65,961.4658
2023-02-09 10:55:00,22711.0,22712.07,22695.29,22698.53,560.51422
2023-02-09 11:00:00,22698.9,22706.2,22689.7,22690.43,679.02994
2023-02-09 11:05:00,22690.4,22692.55,22672.84,22684.26,833.87668
2023-02-09 11:10:00,22683.86,22700.63,22663.32,22672.45,1041.85023
2023-02-09 11:15:00,22672.96,22688.43,22671.22,22680.35,698.72203
2023-02-09 11:20:00,22679.91,22704.17,22675.97,22691.35,746.54882
2023-02-09 11:25:00,22690.77,22699.0,22682.57,22692.53,738.65008
2023-02-09 11:30:00,22693.22,22695.67,22684.0,22691.61,710.06623
2023-02-09 11:35:00,22691.06,22706.12,22690.61,22699.12,877.27238
2023-02-09 11:40:00,22699.12,22717.81,22696.15,22712.55,1003.42301
2023-02-09 11:45:00,22712.04,22725.0,22702.68,22714.05,903.52259
2023-02-09 11:50:00,22714.53,22739.69,22712.2,22714.12,1200.32228
2023-02-09 11:55:00,22713.48,22715.43,22666.81,22685.79,1319.2685
2023-02-09 12:00:00,22685.79,22690.99,22667.55,22679.88,1100.9847
2023-02-09 12:05:00,22679.87,22700.78,22678.93,22687.37,1103.47721
2023-02-09 12:10:00,22687.97,22696.75,22673.8,22676.99,746.61155
2023-02-09 12:15:00,22676.99,22690.15,22668.82,22675.89,792.68366
2023-02-09 12:20:00,22675.32,22691.0,22671.0,22677.22,816.90915
2023-02-09 12:25:00,22676.79,22682.69,22650.0,22652.65,1204.24935
2023-02-09 12:30:00,22651.98,22678.49,22628.5,22639.33,1528.59835
2023-02-09 12:35:00,22637.77,22648.96,22564.4,22605.06,2314.59528
2023-02-09 12:40:00,22605.06,22690.98,22604.8,22677.63,2426.72315
2023-02-09 12:45:00,22678.69,22782.0,22677.63,22762.48,4018.42724
2023-02-09 12:50:00,22760.95,22775.23,22723.21,22733.97,2111.411
2023-02-09 12:55:00,22733.32,22733.98,22696.77,22705.5,1266.11776
2023-02-09 13:00:00,22706.09,22723.7,22691.58,22705.63,1177.52358
2023-02-09 13:05:00,22706.91,22744.0,22699.1,22732.06,1072.82734
2023-02-09 13:10:00,22732.8,22745.62,22715.0,22717.08,897.09824
2023-02-09 13:15:00,22716.45,22732.99,22712.56,22718.38,887.2876
2023-02-09 13:20:00,22718.38,22736.61,22697.29,22703.27,1101.18267
2023-02-09 13:25:00,22702.62,22718.76,22683.74,22691.86,1002.4553
2023-02-09 13:30:00,22691.86,22768.99,22690.81,22760.96,2054.22221
2023-02-09 13:35:00,22760.96,22769.31,22729.35,22738.94,1368.50475
2023-02-09 13:40:00,22738.94,22757.01,22693.6,22693.63,1149.52278
2023-02-09 13:45:00,22695.32,22739.19,22691.0,22733.12,945.16711
2023-02-09 13:50:00,22733.12,22756.83,22728.69,22744.98,1010.39555
2023-02-09 13:55:00,22744.98,22754.26,22732.65,22747.58,890.61471
2023-02-09 14:00:00,22747.58,22758.12,22741.51,22747.77,954.76297
2023-02-09 14:05:00,22748.46,22761.62,22730.38,22759.67,1429.06219
2023-02-09 14:10:00,22758.92,22760.67,22731.4,22738.68,977.64003
2023-02-09 14:15:00,22738.68,22762.88,22737.16,22752.76,1019.65263
2023-02-09 14:20:00,22752.56,22766.73,22736.16,22737.62,844.25429
2023-02-09 14:25:00,22736.97,22777.0,22736.49,22760.1,1341.56494
2023-02-09 14:30:00,22759.98,22780.0,22716.7,22757.38,2910.2965
2023-02-09 14:35:00,22758.7,22831.41,22710.15,22726.34,3501.62027
2023-02-09 14:40:00,22727.69,22749.45,22687.49,22693.55,2355.98255
2023-02-09 14:45:00,22694.81,22732.34,22689.09,22724.96,1682.07159
2023-02-09 14:50:00,22724.96,22765.0,22677.45,22704.36,2282.64378
2023-02-09 14:55:00,22704.36,22734.55,22673.46,22694.29,1925.09143
2023-02-09 15:00:00,22693.22,22712.56,22671.08,22689.99,1861.95473
2023-02-09 15:05:00,22689.99,22709.01,22673.32,22683.83,1143.56446
2023-02-09 15:10:00,22685.17,22702.4,22674.21,22680.11,1033.11012
2023-02-09 15:15:00,22681.08,22705.0,22657.25,22675.0,1544.96929
2023-02-09 15:20:00,22675.0,22709.28,22659.62,22669.42,1471.24836
2023-02-09 15:25:00,22669.74,22679.4,22586.0,22623.17,2839.24123
2023-02-09 15:30:00,22622.84,22645.97,22591.98,22604.19,2268.465
2023-02-09 15:35:00,22605.0,22606.57,22566.59,22580.46,2189.62798
2023-02-09 15:40:00,22580.46,22604.64,22556.32,22581.81,1859.06744
2023-02-09 15:45:00,22581.81,22647.12,22575.71,22641.03,1738.48556
2023-02-09 15:50:00,22640.5,22654.73,22600.39,22601.94,1224.51439
2023-02-09 15:55:00,22601.94,22620.99,22600.0,22610.94,962.92845
2023-02-09 16:00:00,22610.94,22614.55,22540.0,22596.97,2243.0597
2023-02-09 16:05:00,22596.06,22623.41,22580.0,22615.02,1409.69489
2023-02-09 16:10:00,22613.39,22620.51,22590.0,22607.02,1187.69249
2023-02-09 16:15:00,22605.81,22610.13,22561.75,22566.83,1181.49471
2023-02-09 16:20:00,22567.85,22577.77,22525.95,22535.5,2044.46325
2023-02-09 16:25:00,22535.5,22555.0,22500.0,22553.65,2273.86335
2023-02-09 16:30:00,22553.65,22558.88,22492.47,22503.5,2132.93084
2023-02-09 16:35:00,22504.55,22530.18,22460.0,22509.53,2529.34137
2023-02-09 16:40:00,22508.13,22550.0,22504.89,22541.06,1381.28708
2023-02-09 16:45:00,22541.06,22561.45,22508.33,22510.21,1932.42863
2023-02-09 16:50:00,22508.33,22522.76,22497.67,22500.37,1041.62552
2023-02-09 16:55:00,22500.37,22512.97,22452.0,22511.8,2154.11748
2023-02-09 17:00:00,22510.24,22536.86,22488.34,22530.38,1641.75359
2023-02-09 17:05:00,22530.38,22576.58,22527.34,22575.34,1442.55915
2023-02-09 17:10:00,22575.34,22589.5,22564.41,22575.47,1320.09006
2023-02-09 17:15:00,22575.47,22580.0,22546.82,22576.81,1105.65421
2023-02-09 17:20:00,22576.83,22578.25,22550.87,22556.28,914.76078
2023-02-09 17:25:00,22556.28,22599.85,22551.03,22571.3,1251.86744
2023-02-09 17:30:00,22572.16,22582.02,22484.0,22488.11,1611.94102
2023-02-09 17:35:00,22488.11,22505.55,22453.81,22458.74,2079.50553
2023-02-09 17:40:00,22457.45,22527.28,22450.0,22516.43,1763.82951
2023-02-09 17:45:00,22516.43,22521.02,22465.96,22476.26,1529.32054
2023-02-09 17:50:00,22476.26,22512.0,22472.11,22495.12,1322.94884
2023-02-09 17:55:00,22494.36,22539.2,22485.22,22537.33,1468.4992
2023-02-09 18:00:00,22536.33,22545.46,22489.78,22510.53,1901.38338
2023-02-09 18:05:00,22510.53,22560.72,22504.23,22555.01,1514.40633
2023-02-09 18:10:00,22555.01,22562.65,22531.51,22560.95,1291.3704
2023-02-09 18:15:00,22560.95,22572.34,22546.98,22561.32,1158.38386
2023-02-09 18:20:00,22562.23,22600.0,22555.29,22559.57,1390.03322
2023-02-09 18:25:00,22560.65,22575.0,22536.67,22539.93,1086.32727
2023-02-09 18:30:00,22538.5,22584.61,22527.0,22568.93,1276.45251
2023-02-09 18:35:00,22568.93,22571.55,22548.62,22556.81,933.22754
2023-02-09 18:40:00,22557.91,22561.0,22502.99,22504.51,1342.35545
2023-02-09 18:45:00,22504.51,22512.56,22464.28,22492.54,1757.29798
2023-02-09 18:50:00,22492.54,22519.12,22477.79,22513.0,1228.27154
2023-02-09 18:55:00,22512.17,22520.85,22486.38,22514.75,983.7805
2023-02-09 19:00:00,22514.75,22530.0,22480.0,22494.18,1590.59969
2023-02-09 19:05:00,22494.18,22510.0,22462.21,22463.62,1185.18791
2023-02-09 19:10:00,22465.09,22469.03,22396.5,22434.13,2891.91211
2023-02-09 19:15:00,22434.13,22467.96,22365.1,22422.34,2639.18575
2023-02-09 19:20:00,22422.34,22446.08,22177.0,22244.23,4909.66743
2023-02-09 19:25:00,22243.09,22284.83,22100.08,22180.29,5811.90348
2023-02-09 19:30:00,22180.28,22180.49,21881.0,22002.74,6507.41826
2023-02-09 19:35:00,22002.74,22085.74,21987.43,22015.28,3198.91319
2023-02-09 19:40:00,22015.28,22063.16,21990.92,22020.2,2529.67919
2023-02-09 19:45:00,22020.2,22047.15,21919.85,21946.72,2265.09987
2023-02-09 19:50:00,21946.72,22012.77,21893.21,22003.12,2337.01753
2023-02-09 19:55:00,22003.12,22042.18,21934.71,22032.71,2356.62303
2023-02-09 20:00:00,22030.99,22032.71,21908.97,21919.21,2610.5845
2023-02-09 20:05:00,21916.96,21979.29,21900.8,21964.96,2058.64855
2023-02-09 20:10:00,21965.01,21974.33,21890.01,21898.02,2160.66613
2023-02-09 20:15:00,21896.26,21936.25,21836.0,21906.18,2701.26515
2023-02-09 20:20:00,21908.57,21970.42,21874.3,21909.09,2641.78401
2023-02-09 20:25:00,21910.0,21930.15,21857.06,21922.54,1678.85122
2023-02-09 20:30:00,21922.54,21950.0,21875.23,21950.0,1958.36853
2023-02-09 20:35:00,21948.38,22020.0,21925.2,22018.34,2100.67536
2023-02-09 20:40:00,22019.78,22065.0,21975.88,22042.57,1943.85601
2023-02-09 20:45:00,22042.59,22084.46,22019.18,22030.72,2463.93884
2023-02-09 20:50:00,22030.72,22082.45,22029.4,22048.64,1817.41291
2023-02-09 20:55:00,22048.64,22049.84,21983.12,21994.21,1704.57164
2023-02-09 21:00:00,21994.21,22006.91,21937.27,21947.03,1440.38648
2023-02-09 21:05:00,21947.03,21980.0,21926.36,21942.63,1603.82705
2023-02-09 21:10:00,21942.63,21944.06,21891.61,21922.08,1398.31524
2023-02-09 21:15:00,21923.36,21968.65,21918.07,21931.32,1005.53506
2023-02-09 21:20:00,21931.32,21949.95,21870.0,21884.0,1387.37687
2023-02-09 21:25:00,21885.4,21927.54,21861.54,21862.74,1546.07555
2023-02-09 21:30:00,21862.74,21871.33,21695.0,21824.96,5952.73635
2023-02-09 21:35:00,21824.96,21923.45,21806.04,21863.27,2520.17402
2023-02-09 21:40:00,21863.09,21865.42,21784.67,21814.57,2017.66554
2023-02-09 21:45:00,21815.04,21861.42,21793.05,21823.42,1812.1375
2023-02-09 21:50:00,21823.42,21827.51,21745.05,21821.06,2121.70039
2023-02-09 21:55:00,21819.16,21863.76,21802.81,21856.3,1316.96738
2023-02-09 22:00:00,21856.3,21864.88,21815.14,21817.86,949.70748
2023-02-09 22:05:00,21817.86,21892.86,21800.52,21885.6,1121.6858
2023-02-09 22:10:00,21885.6,21904.0,21876.33,21890.23,661.56166
2023-02-09 22:15:00,21890.23,21955.14,21869.0,21889.83,1149.33539
2023-02-09 22:20:00,21891.71,21906.05,21850.32,21905.56,625.11797
2023-02-09 22:25:00,21905.56,21920.12,21878.16,21886.79,569.46494
2023-02-09 22:30:00,21886.79,21918.63,21864.45,21893.26,567.11406
2023-02-09 22:35:00,21894.24,21917.54,21881.78,21886.76,458.66611
2023-02-09 22:40:00,21887.23,21890.47,21827.8,21832.3,718.04402
2023-02-09 22:45:00,21832.3,21862.75,21808.63,21824.72,633.26339
2023-02-09 22:50:00,21826.11,21829.88,21688.0,21729.86,1603.72241
2023-02-09 22:55:00,21730.88,21794.73,21707.76,21767.53,2134.27083
2023-02-09 23:00:00,21767.53,21810.0,21743.0,21804.16,1968.59339
2023-02-09 23:05:00,21805.79,21850.64,21801.61,21840.71,1373.606
2023-02-09 23:10:00,21839.5,21851.5,21814.51,21838.88,892.67398
2023-02-09 23:15:00,21838.88,21849.0,21812.84,21829.13,1174.89606
2023-02-09 23:20:00,21829.13,21848.94,21820.65,21834.22,641.99525
2023-02-09 23:25:00,21834.23,21854.73,21825.26,21831.41,1016.47418
2023-02-09 23:30:00,21832.91,21838.54,21797.91,21817.51,974.518
2023-02-09 23:35:00,21817.51,21821.59,21790.74,21800.61,755.78475
2023-02-09 23:40:00,21800.01,21855.74,21797.64,21820.01,981.85548
2023-02-09 23:45:00,21821.39,21835.43,21794.07,21832.62,975.98333
2023-02-09 23:50:00,21832.62,21834.34,21778.19,21791.95,799.50196
2023-02-09 23:55:00,21790.62,21800.0,21777.65,21796.35,856.60831
2023-02-10 00:00:00,21797.83,21825.7,21756.0,21822.97,1882.55593
2023-02-10 00:05:00,21822.97,21852.15,21790.63,21851.99,1363.02498
2023-02-10 00:10:00,21851.17,21864.11,21832.54,21856.25,1122.28486
2023-02-10 00:15:00,21856.26,21863.94,21829.76,21847.46,1248.23856
2023-02-10 00:20:00,21846.65,21848.77,21817.42,21837.47,872.63308
2023-02-10 00:25:00,21836.42,21859.0,21825.5,21838.78,1235.72383
2023-02-10 00:30:00,21839.81,21846.37,21802.88,21831.79,1351.08108
2023-02-10 00:35:00,21832.7,21880.18,21825.94,21866.54,1242.1134
2023-02-10 00:40:00,21866.55,21877.32,21839.2,21852.38,980.2284
2023-02-10 00:45:00,21852.38,21855.58,21821.57,21827.75,980.73811
2023-02-10 00:50:00,21827.76,21833.46,21806.23,21814.9,705.72932
2023-02-10 00:55:00,21813.41,21825.26,21792.39,21824.09,883.74438
2023-02-10 01:00:00,21824.09,21829.36,21795.07,21819.43,1119.96837
2023-02-10 01:05:00,21819.43,21863.04,21818.6,21853.91,972.58828
2023-02-10 01:10:00,21853.91,21872.39,21845.87,21863.83,887.73973
2023-02-10 01:15:00,21864.68,21866.62,21835.78,21850.45,1058.27306
2023-02-10 01:20:00,21851.48,21858.41,21839.54,21849.56,686.32393
2023-02-10 01:25:00,21849.56,21850.71,21812.8,21818.74,946.91046
2023-02-10 01:30:00,21818.74,21850.0,21810.0,21845.71,916.12052
2023-02-10 01:35:00,21844.93,21868.34,21843.19,21850.74,855.32516
2023-02-10 01:40:00,21851.83,21869.77,21835.1,21854.29,1016.35863
2023-02-10 01:45:00,21854.95,21880.56,21850.74,21878.01,1121.57705
2023-02-10 01:50:00,21878.99,21890.63,21867.08,21887.77,718.77384
2023-02-10 01:55:00,21886.84,21897.24,21875.14,21894.16,747.64144
2023-02-10 02:00:00,21894.63,21902.55,21881.13,21894.23,982.19905
2023-02-10 02:05:00,21894.23,21895.85,21876.04,21882.23,717.80158
2023-02-10 02:10:00,21882.88,21908.04,21879.25,21902.35,828.40028
2023-02-10 02:15:00,21901.65,21907.85,21884.05,21894.87,767.78937
2023-02-10 02:20:00,21895.74,21902.39,21869.54,21884.12,928.56843
2023-02-10 02:25:00,21884.12,21886.32,21854.01,21865.59,800.81249
2023-02-10 02:30:00,21866.89,21899.89,21863.0,21886.47,655.04376
2023-02-10 02:35:00,21887.65,21897.57,21876.68,21893.28,713.5919
2023-02-10 02:40:00,21893.28,21904.41,21888.99,21904.36,567.33316
2023-02-10 02:45:00,21904.15,21911.91,21896.95,21909.81,750.40822
2023-02-10 02:50:00,21909.81,21913.17,21896.24,21911.07,743.49665
2023-02-10 02:55:00,21912.28,21938.16,21905.0,21917.77,1149.54241
2023-02-10 03:00:00,21918.73,21929.27,21894.28,21897.63,1204.16688
2023-02-10 03:05:00,21897.63,21905.0,21872.22,21875.63,898.35545
2023-02-10 03:10:00,21876.66,21888.52,21873.72,21884.34,748.07819
2023-02-10 03:15:00,21883.84,21893.25,21871.31,21874.57,652.57266
2023-02-10 03:20:00,21874.57,21889.56,21871.17,21882.65,775.87722
2023-02-10 03:25:00,21881.92,21889.09,21862.49,21865.86,788.27814
2023-02-10 03:30:00,21866.22,21873.51,21858.22,21872.65,705.92121
2023-02-10 03:35:00,21872.65,21885.56,21865.49,21871.89,649.73124
2023-02-10 03:40:00,21871.55,21872.3,21842.02,21851.4,979.74924
2023-02-10 03:45:00,21851.4,21852.13,21826.88,21831.11,710.94947
2023-02-10 03:50:00,21830.55,21853.01,21818.18,21844.45,819.38187
2023-02-10 03:55:00,21844.45,21845.16,21820.01,21825.59,649.54257
2023-02-10 04:00:00,21825.59,21833.28,21790.69,21819.86,1621.32544
2023-02-10 04:05:00,21819.86,21821.21,21771.59,21776.83,1391.75949
2023-02-10 04:10:00,21776.66,21780.18,21704.0,21772.52,2489.59956
2023-02-10 04:15:00,21771.62,21795.21,21756.36,21777.92,1181.59635
2023-02-10 04:20:00,21777.06,21809.21,21775.49,21804.58,1001.65089
2023-02-10 04:25:00,21803.94,21824.5,21795.73,21816.53,841.08856
2023-02-10 04:30:00,21815.58,21818.86,21786.13,21804.23,710.2206
2023-02-10 04:35:00,21804.22,21816.83,21771.42,21814.37,1010.84515
2023-02-10 04:40:00,21813.8,21815.13,21790.65,21798.76,792.76484
2023-02-10 04:45:00,21798.76,21824.05,21796.14,21819.57,762.55038
2023-02-10 04:50:00,21819.58,21821.02,21768.54,21780.7,1053.05999
2023-02-10 04:55:00,21780.7,21798.06,21763.5,21786.08,900.93338
2023-02-10 05:00:00,21786.07,21787.11,21747.94,21760.75,1163.83889
2023-02-10 05:05:00,21761.05,21817.62,21758.12,21808.31,1272.4894
2023-02-10 05:10:00,21809.11,21822.01,21803.64,21813.11,751.5314
2023-02-10 05:15:00,21813.11,21822.84,21801.73,21802.57,868.28216
2023-02-10 05:20:00,21802.58,21804.55,21768.48,21777.57,1046.08816
2023-02-10 05:25:00,21777.57,21788.41,21755.0,21761.76,1220.01267
2023-02-10 05:30:00,21762.53,21778.1,21752.55,21762.31,984.33743
2023-02-10 05:35:00,21762.84,21806.56,21622.4,21780.12,4115.99861
2023-02-10 05:40:00,21780.71,21843.73,21780.12,21832.58,2848.84691
2023-02-10 05:45:00,21831.52,21839.18,21805.0,21823.24,1338.62533
2023-02-10 05:50:00,21822.33,21825.0,21792.1,21801.86,1157.71523
2023-02-10 05:55:00,21801.86,21806.84,21787.76,21796.78,928.14125
2023-02-10 06:00:00,21796.78,21827.0,21777.02,21817.03,1370.34798
2023-02-10 06:05:00,21817.03,21840.0,21811.49,21830.98,1053.1749
2023-02-10 06:10:00,21830.98,21849.99,21827.96,21837.36,1012.40532
2023-02-10 06:15:00,21837.72,21846.98,21824.2,21845.03,710.42033
2023-02-10 06:20:00,21845.03,21852.42,21831.6,21847.94,747.12545
2023-02-10 06:25:00,21847.38,21849.98,21830.03,21848.24,741.14365
2023-02-10 06:30:00,21848.66,21880.0,21844.45,21869.54,1069.01936
2023-02-10 06:35:00,21869.54,21876.03,21846.65,21849.62,1092.5116
2023-02-10 06:40:00,21850.32,21858.72,21836.45,21853.52,896.85536
2023-02-10 06:45:00,21854.44,21861.72,21842.48,21860.7,841.24634
2023-02-10 06:50:00,21860.7,21878.3,21847.17,21870.27,869.86682
2023-02-10 06:55:00,21869.51,21877.5,21861.65,21874.73,858.23106
2023-02-10 07:00:00,21874.73,21885.25,21854.58,21864.03,1395.52597
2023-02-10 07:05:00,21864.71,21873.93,21840.44,21853.35,1176.46902
2023-02-10 07:10:00,21852.5,21860.33,21837.51,21848.08,925.42661
2023-02-10 07:15:00,21847.46,21863.0,21843.55,21860.17,985.85275
2023-02-10 07:20:00,21860.17,21894.0,21829.01,21841.83,1680.42887
2023-02-10 07:25:00,21841.83,21847.38,21831.59,21835.21,905.82823
2023-02-10 07:30:00,21835.96,21862.0,21829.87,21860.82,1009.93183
2023-02-10 07:35:00,21861.3,21876.69,21850.68,21865.38,928.84466
2023-02-10 07:40:00,21864.73,21888.17,21864.6,21883.98,1027.66422
2023-02-10 07:45:00,21884.38,21891.34,21863.96,21890.75,1138.70631
2023-02-10 07:50:00,21890.75,21921.0,21886.79,21910.21,1571.29385
2023-02-10 07:55:00,21911.33,21926.2,21889.5,21911.71,1587.8911
2023-02-10 08:00:00,21910.61,21926.91,21883.88,21886.73,2022.65643
2023-02-10 08:05:00,21887.77,21902.94,21882.11,21889.09,896.74396
2023-02-10 08:10:00,21889.09,21910.0,21882.97,21897.26,1005.00076
2023-02-10 08:15:00,21897.26,21909.85,21878.68,21902.39,1122.64002
2023-02-10 08:20:00,21902.26,21906.87,21884.92,21889.77,918.2348
2023-02-13 21:05:00,21638.79,21648.46,21635.15,21643.98,493.20613
2023-02-13 21:10:00,21643.07,21643.98,21617.14,21622.32,609.44838
2023-02-13 21:15:00,21622.32,21624.81,21612.82,21619.71,405.41838
2023-02-13 21:20:00,21620.42,21625.2,21592.56,21604.06,588.43809
2023-02-13 21:25:00,21605.08,21626.96,21603.84,21619.58,358.4573
2023-02-13 21:30:00,21619.58,21627.5,21594.3,21610.38,550.64112
2023-02-13 21:35:00,21611.03,21614.0,21595.0,21603.12,420.85838
2023-02-13 21:40:00,21602.5,21610.0,21593.17,21594.9,424.8233
2023-02-13 21:45:00,21594.9,21612.5,21583.4,21588.64,561.27539
2023-02-13 21:50:00,21587.76,21622.0,21585.46,21620.86,451.57113
2023-02-13 21:55:00,21620.86,21625.29,21607.98,21614.52,359.75065
2023-02-13 22:00:00,21614.52,21621.74,21605.26,21618.91,367.54854
2023-02-13 22:05:00,21618.11,21628.0,21612.04,21618.36,324.38026
2023-02-13 22:10:00,21618.02,21623.7,21612.0,21615.28,237.50174
2023-02-13 22:15:00,21614.67,21616.26,21604.35,21609.02,281.181
2023-02-13 22:20:00,21609.02,21613.48,21602.67,21605.17,257.17756
2023-02-13 22:25:00,21605.59,21624.1,21602.44,21613.68,458.06459
2023-02-13 22:30:00,21613.68,21629.09,21611.7,21629.08,319.44153
2023-02-13 22:35:00,21629.08,21654.99,21628.36,21642.63,561.03948
2023-02-13 22:40:00,21642.78,21650.48,21633.93,21646.51,367.24342
2023-02-13 22:45:00,21646.47,21679.36,21641.65,21670.01,445.61262
2023-02-13 22:50:00,21670.01,21672.64,21646.91,21659.44,405.28687
2023-02-13 22:55:00,21659.43,21663.33,21635.61,21640.37,530.0757
2023-02-13 23:00:00,21641.27,21658.01,21633.08,21654.21,824.56496
2023-02-13 23:05:00,21654.83,21662.91,21634.89,21643.13,555.9991
2023-02-13 23:10:00,21644.08,21741.66,21640.41,21703.07,1721.3566
2023-02-13 23:15:00,21702.1,21785.0,21694.91,21748.52,1924.19405
2023-02-13 23:20:00,21746.7,21780.0,21731.11,21770.26,1165.86398
2023-02-13 23:25:00,21769.05,21808.16,21755.71,21806.21,1815.62722
2023-02-13 23:30:00,21807.1,21840.0,21785.36,21816.75,1862.4816
2023-02-13 23:35:00,21816.76,21845.79,21775.92,21795.82,1373.37506
2023-02-13 23:40:00,21796.74,21815.7,21780.0,21804.24,783.80267
2023-02-13 23:45:00,21805.24,21817.78,21785.63,21794.45,831.77303
2023-02-13 23:50:00,21795.24,21821.81,21785.24,21820.17,776.63055
2023-02-13 23:55:00,21820.17,21821.23,21766.83,21773.97,1036.80854
2023-02-14 00:00:00,21774.63,21791.8,21762.23,21789.96,1039.26498
2023-02-14 00:05:00,21789.09,21795.0,21738.19,21765.01,1369.46371
2023-02-14 00:10:00,21765.01,21778.19,21758.17,21765.36,645.85618
2023-02-14 00:15:00,21764.6,21773.98,21737.49,21763.3,798.11341
2023-02-14 00:20:00,21763.3,21816.62,21753.48,21809.45,1191.05151
2023-02-14 00:25:00,21810.28,21813.13,21754.32,21756.14,980.31681
2023-02-14 00:30:00,21756.14,21774.19,21748.5,21764.45,562.65527
2023-02-14 00:35:00,21764.95,21770.56,21743.28,21752.2,603.45564
2023-02-14 00:40:00,21752.68,21768.59,21742.17,21766.45,571.13719
2023-02-14 00:45:00,21767.04,21775.06,21743.97,21746.74,615.47501
2023-02-14 00:50:00,21747.31,21756.04,21737.07,21741.73,568.22254
2023-02-14 00:55:00,21741.72,21747.42,21729.74,21737.95,701.11702
2023-02-14 01:00:00,21737.96,21752.0,21729.34,21750.85,647.39869
2023-02-14 01:05:00,21750.85,21760.29,21726.88,21741.83,786.42111
2023-02-14 01:10:00,21741.82,21750.77,21734.0,21742.96,485.49774
2023-02-14 01:15:00,21742.33,21750.85,21712.0,21724.88,741.88359
2023-02-14 01:20:00,21725.37,21725.73,21707.28,21714.31,743.48665
2023-02-14 01:25:00,21714.31,21715.66,21701.0,21702.48,596.98961
2023-02-14 01:30:00,21702.5,21703.26,21678.98,21687.1,833.33142
2023-02-14 01:35:00,21687.85,21723.86,21677.47,21717.08,767.485
2023-02-14 01:40:00,21717.07,21723.56,21702.68,21708.81,622.71487
2023-02-14 01:45:00,21709.28,21711.0,21703.99,21706.31,341.11851
2023-02-14 01:50:00,21706.31,21712.25,21693.66,21699.63,598.40135
2023-02-14 01:55:00,21699.63,21708.36,21694.49,21707.11,451.743
2023-02-14 02:00:00,21706.6,21708.97,21693.95,21697.79,447.30001
2023-02-14 02:05:00,21697.32,21717.64,21696.68,21714.29,625.59531
2023-02-14 02:10:00,21715.31,21739.76,21714.3,21728.39,945.23638
2023-02-14 02:15:00,21728.39,21737.67,21721.22,21729.46,666.12099
2023-02-14 02:20:00,21729.46,21730.61,21716.27,21722.64,578.25722
2023-02-14 02:25:00,21723.0,21724.72,21709.61,21723.21,516.68856
2023-02-14 02:30:00,21723.76,21732.09,21702.0,21714.68,656.12022
2023-02-14 02:35:00,21714.68,21729.12,21710.0,21729.12,481.32204
2023-02-14 02:40:00,21728.71,21740.74,21725.54,21728.23,584.08302
2023-02-14 02:45:00,21727.76,21729.71,21716.54,21723.59,528.67509
2023-02-14 02:50:00,21724.33,21725.98,21707.69,21713.63,475.28122
2023-02-14 02:55:00,21713.38,21731.99,21710.65,21716.23,519.54704
2023-02-14 03:00:00,21716.23,21732.99,21710.1,21732.3,682.19402
2023-02-14 03:05:00,21732.3,21747.97,21732.29,21743.28,628.30806
2023-02-14 03:10:00,21743.28,21745.01,21730.17,21738.0,426.90361
2023-02-14 03:15:00,21737.5,21738.76,21725.55,21726.73,488.95867
2023-02-14 03:20:00,21726.73,21729.93,21704.74,21706.19,551.64658
2023-02-14 03:25:00,21706.62,21711.01,21695.63,21700.67,701.17855
2023-02-14 03:30:00,21700.67,21722.27,21697.89,21720.18,580.51766
2023-02-14 03:35:00,21720.18,21721.31,21707.33,21707.46,503.60333
2023-02-14 03:40:00,21708.03,21709.26,21690.55,21699.7,674.72377
2023-02-14 03:45:00,21700.38,21703.09,21694.35,21699.78,447.99615
2023-02-14 03:50:00,21698.92,21717.83,21698.92,21711.5,604.00131
2023-02-14 03:55:00,21711.92,21713.99,21690.63,21700.42,653.89395
2023-02-14 04:00:00,21700.42,21707.4,21694.19,21706.07,457.11545
2023-02-14 04:05:00,21705.63,21706.49,21686.57,21693.34,649.60272
2023-02-14 04:10:00,21692.9,21699.32,21684.59,21689.35,515.74278
2023-02-14 04:15:00,21689.91,21707.29,21686.24,21705.01,495.24902
2023-02-14 04:20:00,21705.01,21725.89,21697.49,21720.1,974.68018
2023-02-14 04:25:00,21720.1,21739.72,21718.92,21735.05,714.67915
2023-02-14 04:30:00,21735.05,21736.68,21709.01,21711.65,626.2649
2023-02-14 04:35:00,21711.94,21734.32,21710.28,21726.58,543.10424
2023-02-14 04:40:00,21726.01,21729.61,21713.67,21715.22,418.00163
2023-02-14 04:45:00,21714.82,21724.89,21711.93,21713.98,460.67453
2023-02-14 04:50:00,21712.93,21718.0,21710.64,21717.53,348.84308
2023-02-14 04:55:00,21717.11,21718.0,21704.52,21704.95,428.40892
2023-02-14 05:00:00,21704.95,21719.86,21702.8,21719.0,700.71794
2023-02-14 05:05:00,21718.64,21728.85,21716.76,21726.83,669.18035
2023-02-14 05:10:00,21726.83,21737.6,21705.84,21710.58,828.64755
2023-02-14 05:15:00,21710.46,21725.67,21708.73,21725.0,471.05992
2023-02-14 05:20:00,21724.59,21734.68,21716.01,21721.38,558.88402
2023-02-14 05:25:00,21721.9,21723.08,21714.56,21719.22,439.2739
2023-02-14 05:30:00,21719.42,21721.74,21715.34,21719.0,560.35
2023-02-14 05:35:00,21718.51,21730.02,21717.94,21724.69,616.9152
2023-02-14 05:40:00,21725.34,21734.64,21709.23,21710.2,677.25403
2023-02-14 05:45:00,21710.19,21712.75,21697.86,21704.44,769.0482
2023-02-14 05:50:00,21704.43,21727.11,21699.89,21719.11,689.5099
2023-02-14 05:55:00,21719.55,21731.02,21717.0,21725.23,690.27974
2023-02-14 06:00:00,21725.79,21734.57,21718.0,21722.29,789.8163
2023-02-14 06:05:00,21722.29,21730.55,21718.0,21729.0,518.68283
2023-02-14 06:10:00,21729.0,21759.8,21728.46,21757.78,1064.98941
2023-02-14 06:15:00,21757.78,21767.98,21749.29,21754.41,1061.32358
2023-02-14 06:20:00,21754.41,21760.0,21737.19,21758.0,746.16845
2023-02-14 06:25:00,21758.0,21763.92,21741.66,21746.72,709.31817
2023-02-14 06:30:00,21746.71,21749.35,21735.0,21735.61,604.9576
2023-02-14 06:35:00,21736.07,21746.01,21723.08,21744.23,878.09965
2023-02-14 06:40:00,21743.59,21745.26,21725.0,21726.33,628.94051
2023-02-14 06:45:00,21726.33,21751.0,21724.68,21746.49,699.27141
2023-02-14 06:50:00,21745.7,21750.8,21739.23,21740.1,530.58306
2023-02-14 06:55:00,21739.29,21761.64,21737.62,21744.02,756.10757
2023-02-14 07:00:00,21744.01,21751.86,21741.36,21746.58,667.94301
2023-02-14 07:05:00,21746.58,21752.49,21740.56,21746.83,662.91487
2023-02-14 07:10:00,21746.25,21755.22,21745.14,21746.45,634.81654
2023-02-14 07:15:00,21746.45,21755.0,21736.51,21751.5,673.42207
2023-02-14 07:20:00,21751.97,21759.81,21749.86,21754.51,646.92992
2023-02-14 07:25:00,21754.5,21765.0,21743.33,21752.78,705.27337
2023-02-14 07:30:00,21753.18,21756.54,21743.73,21749.85,559.19588
2023-02-14 07:35:00,21749.54,21782.81,21746.37,21768.58,1128.21595
2023-02-14 07:40:00,21768.58,21789.46,21764.5,21768.18,941.90126
2023-02-14 07:45:00,21769.05,21774.5,21756.07,21759.05,574.85519
2023-02-14 07:50:00,21759.05,21764.59,21756.06,21761.88,480.07554
2023-02-14 07:55:00,21761.44,21769.86,21750.74,21768.48,766.29643
2023-02-14 08:00:00,21767.56,21772.86,21750.46,21751.53,952.21082
2023-02-14 08:05:00,21751.53,21752.49,21711.52,21729.92,1278.21628
2023-02-14 08:10:00,21729.92,21739.99,21724.21,21735.64,685.11927
2023-02-14 08:15:00,21735.64,21738.84,21708.64,21717.43,1047.47669
2023-02-14 08:20:00,21716.75,21724.84,21707.9,21720.99,793.57408
2023-02-14 08:25:00,21721.52,21730.0,21711.96,21715.58,728.88853
2023-02-14 08:30:00,21715.09,21718.2,21691.7,21696.29,970.06315
2023-02-14 08:35:00,21696.29,21706.63,21666.39,21686.01,1166.35356
2023-02-14 08:40:00,21685.25,21699.99,21679.67,21697.42,669.80608
2023-02-14 08:45:00,21697.42,21712.9,21693.24,21709.74,690.72652
2023-02-14 08:50:00,21709.74,21718.99,21708.01,21711.45,547.44655
2023-02-14 08:55:00,21711.45,21711.71,21683.84,21694.92,829.77494
2023-02-14 09:00:00,21694.92,21738.94,21684.88,21713.41,1286.50392
2023-02-14 09:05:00,21713.41,21715.46,21680.85,21687.6,947.01545
2023-02-14 09:10:00,21687.6,21708.67,21685.33,21700.71,777.69266
2023-02-14 09:15:00,21700.93,21716.99,21700.0,21711.66,868.44633
2023-02-14 09:20:00,21712.21,21716.32,21693.52,21702.71,650.37928
2023-02-14 09:25:00,21702.71,21719.13,21699.58,21714.99,767.97223
2023-02-14 09:30:00,21714.53,21718.89,21704.48,21710.1,670.85657
2023-02-14 09:35:00,21710.09,21734.34,21705.11,21732.72,630.79767
2023-02-14 09:40:00,21732.72,21736.76,21724.88,21727.73,783.9387
2023-02-14 09:45:00,21727.73,21760.0,21725.34,21748.71,1297.93056
2023-02-14 09:50:00,21748.71,21875.42,21748.49,21830.21,4437.77466
2023-02-14 09:55:00,21830.67,21845.0,21804.47,21817.09,1773.21736
2023-02-14 10:00:00,21817.73,21827.77,21785.51,21803.51,1394.73946
2023-02-14 10:05:00,21803.51,21837.66,21796.19,21826.11,1232.45838
2023-02-14 10:10:00,21825.32,21837.38,21803.66,21809.09,1105.82824
2023-02-14 10:15:00,21809.09,21811.48,21781.39,21788.48,1042.08668
2023-02-14 10:20:00,21787.82,21815.04,21784.98,21806.86,870.58257
2023-02-14 10:25:00,21806.86,21820.0,21801.68,21814.78,772.59535
2023-02-14 10:30:00,21814.76,21838.39,21799.03,21829.61,1117.29368
2023-02-14 10:35:00,21828.84,21839.97,21819.04,21829.6,786.28025
2023-02-14 10:40:00,21828.88,21831.14,21810.0,21810.73,584.31383
2023-02-14 10:45:00,21810.73,21831.94,21807.97,21810.07,880.09418
2023-02-14 10:50:00,21810.82,21819.16,21788.0,21795.17,1080.60641
2023-02-14 10:55:00,21794.7,21811.5,21792.06,21809.49,599.07471
2023-02-14 11:00:00,21809.49,21817.17,21803.29,21811.6,693.55852
2023-02-14 11:05:00,21811.59,21815.0,21793.37,21802.78,699.94309
2023-02-14 11:10:00,21802.78,21803.11,21774.45,21781.61,1017.98197
2023-02-14 11:15:00,21780.83,21802.99,21776.55,21800.0,909.88741
2023-02-14 11:20:00,21799.2,21801.59,21784.67,21789.71,563.90455
2023-02-14 11:25:00,21789.71,21817.17,21787.02,21810.02,867.09713
2023-02-14 11:30:00,21809.55,21817.98,21798.25,21803.88,681.23981
2023-02-14 11:35:00,21803.88,21810.73,21793.86,21805.4,450.60703
2023-02-14 11:40:00,21805.4,21808.18,21789.42,21800.7,573.7713
2023-02-14 11:45:00,21800.7,21805.05,21793.32,21794.26,446.5913
2023-02-14 11:50:00,21794.27,21803.73,21791.1,21797.41,536.14319
2023-02-14 11:55:00,21797.06,21814.44,21794.56,21809.81,795.58997
2023-02-14 12:00:00,21809.81,21815.47,21802.75,21804.04,760.66193
2023-02-14 12:05:00,21804.37,21817.93,21802.8,21814.94,636.85921
2023-02-14 12:10:00,21814.94,21816.0,21794.42,21800.2,661.6582
2023-02-14 12:15:00,21800.19,21836.86,21797.54,21835.4,967.328
2023-02-14 12:20:00,21834.49,21837.8,21811.86,21813.76,682.57762
2023-02-14 12:25:00,21813.76,21832.4,21808.54,21828.61,542.82033
2023-02-14 12:30:00,21828.94,21858.94,21824.26,21843.99,1154.11279
2023-02-14 12:35:00,21843.57,21854.71,21816.13,21826.78,1033.39446
2023-02-14 12:40:00,21826.31,21838.36,21818.65,21832.37,699.24547
2023-02-14 12:45:00,21831.81,21849.43,21831.4,21841.28,734.84108
2023-02-14 12:50:00,21841.73,21897.0,21840.37,21876.4,1773.0041
2023-02-14 12:55:00,21876.4,21886.99,21850.0,21859.32,1163.41811
2023-02-14 13:00:00,21859.32,21877.56,21851.61,21867.5,1129.22149
2023-02-14 13:05:00,21867.51,21886.1,21856.28,21861.98,1303.63273
2023-02-14 13:10:00,21861.98,21874.15,21849.53,21852.01,990.75676
2023-02-14 13:15:00,21852.01,21858.0,21808.84,21826.93,1612.55588
2023-02-14 13:20:00,21827.16,21857.99,21788.9,21822.12,2059.72638
2023-02-14 13:25:00,21822.12,21894.18,21809.89,21834.32,2941.82684
2023-02-14 13:30:00,21832.6,21856.15,21532.77,21755.76,9947.71097
2023-02-14 13:35:00,21755.76,21814.04,21660.0,21675.46,5388.4008
2023-02-14 13:40:00,21674.35,21745.5,21650.0,21711.22,3531.56591
2023-02-14 13:45:00,21710.7,21775.36,21674.74,21758.73,3274.32979
2023-02-14 13:50:00,21759.57,21785.4,21720.01,21734.24,2598.04692
2023-02-14 13:55:00,21734.24,21757.1,21710.0,21720.09,2319.39976
2023-02-14 14:00:00,21719.05,21748.99,21676.0,21683.75,2728.36658
2023-02-14 14:05:00,21683.75,21700.0,21617.07,21649.73,2999.75772
2023-02-14 14:10:00,21648.66,21682.0,21621.07,21644.01,2324.83451
2023-02-14 14:15:00,21644.8,21680.13,21630.91,21675.12,1744.41746
2023-02-14 14:20:00,21675.12,21690.0,21645.58,21653.1,1842.20846
2023-02-14 14:25:00,21651.63,21672.34,21600.0,21609.92,1830.99303
2023-02-14 14:30:00,21609.79,21681.39,21570.0,21671.46,4050.62169
2023-02-14 14:35:00,21670.54,21708.1,21651.9,21701.47,2968.18
2023-02-14 14:40:00,21701.47,21743.43,21681.0,21717.33,2744.89346
2023-02-14 14:45:00,21715.75,21852.0,21713.86,21851.98,3984.41991
2023-02-14 14:50:00,21851.98,22138.6,21850.3,22031.97,8162.33246
2023-02-14 14:55:00,22029.45,22260.0,22029.45,22247.39,8392.06091
2023-02-14 15:00:00,22247.39,22301.49,22171.76,22200.0,5590.48105
2023-02-14 15:05:00,22198.59,22266.98,22194.45,22227.46,3147.7464
2023-02-14 15:10:00,22228.8,22319.08,22219.05,22285.08,4665.84904
2023-02-14 15:15:00,22285.06,22310.0,22229.44,22243.58,3244.31226
2023-02-14 15:20:00,22241.72,22265.78,22219.33,22222.54,2322.49155
2023-02-14 15:25:00,22222.53,22244.94,22132.84,22144.37,3028.29985
2023-02-14 15:30:00,22144.37,22183.45,22090.44,22095.18,3275.25383
2023-02-14 15:35:00,22093.75,22120.82,21986.09,21987.24,4655.42015
2023-02-14 15:40:00,21987.24,21996.0,21859.9,21988.03,5278.95125
2023-02-14 15:45:00,21988.03,22081.57,21901.13,22050.95,4237.74759
2023-02-14 15:50:00,22050.95,22060.25,21936.11,21971.45,3099.01919
2023-02-14 15:55:00,21972.6,22051.78,21942.35,22041.45,2607.81245
2023-02-14 16:00:00,22040.52,22135.75,22026.0,22085.47,3833.46794
2023-02-14 16:05:00,22086.93,22105.97,22007.5,22018.16,2858.25251
2023-02-14 16:10:00,22018.15,22077.05,22010.08,22027.87,1983.60162
2023-02-14 16:15:00,22026.68,22093.39,22015.31,22073.86,2321.75772
2023-02-14 16:20:00,22072.88,22085.99,22040.0,22068.3,1630.62853
2023-02-14 16:25:00,22068.27,22084.27,21970.29,21984.54,2622.60089
2023-02-14 16:30:00,21984.54,21986.44,21943.12,21979.43,2425.00757
2023-02-14 16:35:00,21978.09,22017.35,21967.87,21983.5,1837.00106
2023-02-14 16:40:00,21983.78,22015.0,21973.71,21981.37,1523.1038
2023-02-14 16:45:00,21979.7,21995.0,21950.43,21977.48,1748.53234
2023-02-14 16:50:00,21976.68,21977.48,21917.31,21964.47,1623.00548
2023-02-14 16:55:00,21965.21,22014.5,21957.88,22008.36,1797.86763
2023-02-14 17:00:00,22009.21,22068.04,22003.11,22043.77,2363.49363
2023-02-14 17:05:00,22043.78,22069.62,22033.14,22051.1,1329.3344
2023-02-14 17:10:00,22051.1,22079.98,22020.76,22037.83,1392.34754
2023-02-14 17:15:00,22037.82,22041.95,22007.12,22025.59,1246.7744
2023-02-14 17:20:00,22024.65,22046.65,22011.34,22027.0,937.03742
2023-02-14 17:25:00,22026.43,22057.45,22023.46,22040.01,1010.64769
2023-02-14 17:30:00,22041.33,22086.75,22026.84,22083.61,1320.65483
2023-02-14 17:35:00,22083.97,22084.98,22040.0,22055.07,1173.15506
2023-02-14 17:40:00,22055.07,22072.31,22030.19,22045.4,982.04138
2023-02-14 17:45:00,22045.4,22058.98,22021.6,22050.22,995.97028
2023-02-14 17:50:00,22050.23,22053.31,22010.0,22019.41,1007.13609
2023-02-14 17:55:00,22019.41,22064.35,21996.05,22050.16,1198.95278
2023-02-14 18:00:00,22050.88,22155.0,22045.53,22124.52,3070.78143
2023-02-14 18:05:00,22124.52,22179.6,22109.46,22123.3,2419.23531
2023-02-14 18:10:00,22124.55,22149.24,22095.96,22129.45,2140.71418
2023-02-14 18:15:00,22130.55,22172.18,22112.98,22143.81,2223.32099
2023-02-14 18:20:00,22143.81,22148.37,22102.36,22132.38,1271.74168
2023-02-14 18:25:00,22133.87,22134.84,22100.63,22112.56,1067.43176
2023-02-14 18:30:00,22111.51,22139.02,22103.47,22120.02,1172.73117
2023-02-14 18:35:00,22119.89,22142.93,22107.85,22125.81,1117.99679
2023-02-14 18:40:00,22127.05,22137.72,22085.24,22087.11,1383.56002
2023-02-14 18:45:00,22087.94,22124.33,22086.83,22120.1,1012.2976
2023-02-14 18:50:00,22121.39,22126.74,22100.21,22113.59,846.64049
2023-02-14 18:55:00,22113.59,22129.58,22100.41,22114.15,941.96633
2023-02-14 19:00:00,22114.95,22133.3,22089.47,22127.36,1314.59618
2023-02-14 19:05:00,22128.27,22128.58,22064.48,22073.1,1857.19431
2023-02-14 19:10:00,22072.15,22129.9,22072.15,22120.24,1381.69352
2023-02-14 19:15:00,22119.16,22156.1,22111.18,22149.08,1445.00806
2023-02-14 19:20:00,22148.39,22183.65,22139.74,22168.97,1388.59733
2023-02-14 19:25:00,22168.97,22213.37,22149.65,22184.1,1921.67531
2023-02-14 19:30:00,22184.1,22225.0,22180.96,22208.4,1769.77977
2023-02-14 19:35:00,22208.41,22234.68,22191.39,22216.39,1639.17481
2023-02-14 19:40:00,22217.99,22237.69,22200.0,22213.51,1515.84585
2023-02-14 19:45:00,22213.51,22245.0,22210.01,22216.36,1439.20714
2023-02-14 19:50:00,22215.73,22228.5,22190.08,22195.76,1278.60976
2023-02-14 19:55:00,22195.75,22219.95,22188.16,22208.65,1112.0918
2023-02-14 20:00:00,22207.96,22225.9,22184.86,22187.67,1389.09721
2023-02-14 20:05:00,22186.59,22211.88,22168.94,22187.81,1103.29518
2023-02-14 20:10:00,22187.81,22200.0,22170.0,22176.14,1178.36756
2023-02-14 20:15:00,22175.62,22197.19,22168.78,22178.97,953.64706
2023-02-14 20:20:00,22178.97,22206.0,22175.85,22202.63,858.44093
2023-02-14 20:25:00,22202.63,22226.16,22195.45,22203.43,1253.50257
2023-02-14 20:30:00,22203.43,22216.49,22186.65,22202.01,1088.30257
2023-02-14 20:35:00,22202.01,22208.66,22185.12,22197.46,842.75097
2023-02-14 20:40:00,22196.77,22235.52,22194.16,22214.63,959.32927
2023-02-14 20:45:00,22215.5,22232.0,22205.13,22228.99,889.11909
2023-02-14 20:50:00,22229.79,22236.55,22205.56,22225.89,1105.2168
2023-02-14 20:55:00,22226.63,22258.94,22221.67,22252.94,1638.51958
2023-02-14 21:00:00,22250.47,22258.4,22165.77,22168.72,1489.4805
2023-02-14 21:05:00,22170.24,22176.85,22122.7,22147.96,1410.06334
2023-02-14 21:10:00,22147.96,22193.26,22139.22,22182.19,1154.08527
2023-02-14 21:15:00,22182.19,22188.84,22148.76,22161.77,744.4024
2023-02-14 21:20:00,22160.78,22218.0,22160.78,22216.05,921.3666
2023-02-14 21:25:00,22217.49,22285.0,22211.56,22245.74,2332.591
2023-02-14 21:30:00,22245.74,22251.32,22188.55,22193.07,903.13894
2023-02-14 21:35:00,22193.95,22203.58,22182.9,22201.38,523.21419
2023-02-14 21:40:00,22201.33,22233.0,22198.78,22225.08,591.28085
2023-02-14 21:45:00,22225.08,22233.16,22207.02,22219.38,610.23732
2023-02-14 21:50:00,22218.72,22252.71,22215.8,22244.98,720.31099
2023-02-14 21:55:00,22244.98,22255.92,22236.06,22241.14,503.94096
2023-02-14 22:00:00,22241.89,22250.0,22234.55,22236.01,347.8058
2023-02-14 22:05:00,22236.01,22240.1,22223.99,22237.46,651.88134
2023-02-14 22:10:00,22236.7,22238.25,22220.08,22220.91,318.03436
2023-02-14 22:15:00,22220.41,22231.92,22211.6,22217.38,389.44818
2023-02-14 22:20:00,22217.38,22218.87,22197.79,22207.42,404.56188
2023-02-14 22:25:00,22207.41,22234.74,22201.0,22202.69,687.67651
2023-02-14 22:30:00,22203.17,22215.71,22199.01,22199.53,362.45055
2023-02-14 22:35:00,22199.97,22209.28,22186.31,22187.55,535.73184
2023-02-14 22:40:00,22188.18,22202.89,22180.64,22181.5,369.96398
2023-02-14 22:45:00,22180.86,22191.71,22154.51,22156.15,651.61742
2023-02-14 22:50:00,22156.15,22168.0,22151.07,22167.01,403.17424
2023-02-14 22:55:00,22167.01,22189.2,22165.05,22187.69,383.55409
2023-02-14 23:00:00,22188.07,22205.29,22167.0,22195.8,663.7604
2023-02-14 23:05:00,22196.22,22243.73,22194.69,22240.71,1378.19043
2023-02-14 23:10:00,22240.71,22261.57,22229.02,22241.93,1172.39368
2023-02-14 23:15:00,22241.93,22249.34,22220.01,22241.33,783.35627
2023-02-14 23:20:00,22240.7,22252.87,22212.62,22214.56,698.96423
2023-02-14 23:25:00,22214.56,22226.0,22210.39,22215.08,517.38037
2023-02-14 23:30:00,22214.3,22240.0,22214.22,22231.92,552.61159
2023-02-14 23:35:00,22232.87,22241.84,22216.0,22223.22,612.41726
2023-02-14 23:40:00,22223.22,22232.1,22212.62,22218.04,438.85394
2023-02-14 23:45:00,22218.04,22229.35,22211.29,22216.58,611.39887
2023-02-14 23:50:00,22216.58,22217.68,22198.1,22200.76,803.30433
2023-02-14 23:55:00,22200.76,22208.0,22195.25,22199.84,409.54751
2023-02-15 00:00:00,22199.84,22200.88,22146.92,22182.83,1609.05176
2023-02-15 00:05:00,22182.82,22199.23,22143.84,22172.41,925.05196
2023-02-15 00:10:00,22173.24,22189.67,22164.73,22169.57,840.94217
2023-02-15 00:15:00,22169.57,22183.92,22162.47,22175.36,660.8354
2023-02-15 00:20:00,22176.01,22177.84,22148.25,22159.71,636.02713
2023-02-15 00:25:00,22159.71,22182.11,22154.7,22176.27,646.66634
2023-02-15 00:30:00,22175.66,22189.69,22131.96,22134.02,887.73631
2023-02-15 00:35:00,22134.02,22148.49,22105.0,22132.15,1257.40412
2023-02-15 00:40:00,22132.15,22143.93,22123.43,22133.02,810.65843
2023-02-15 00:45:00,22133.52,22148.17,22130.66,22140.94,636.82366
2023-02-15 00:50:00,22141.65,22158.97,22140.22,22148.74,618.03309
2023-02-15 00:55:00,22148.74,22154.0,22135.0,22149.74,616.06123
2023-02-15 01:00:00,22150.21,22159.08,22141.11,22158.23,674.69262
2023-02-15 01:05:00,22159.07,22170.22,22156.6,22160.04,545.84893
2023-02-15 01:10:00,22160.81,22165.13,22135.0,22137.59,634.83753
2023-02-15 01:15:00,22137.11,22146.07,22126.1,22137.78,690.78627
2023-02-15 01:20:00,22137.0,22156.54,22133.86,22156.0,576.70287
2023-02-15 01:25:00,22156.0,22158.43,22150.02,22150.55,473.78087
2023-02-15 01:30:00,22150.94,22160.0,22125.7,22130.72,753.8433
2023-02-15 01:35:00,22130.72,22137.38,22122.74,22128.57,618.60516
2023-02-15 01:40:00,22128.5,22139.64,22121.92,22137.38,438.6857
2023-02-15 01:45:00,22136.59,22140.11,22114.98,22123.42,727.42096
2023-02-15 01:50:00,22123.42,22131.41,22111.14,22120.05,705.14268
2023-02-15 01:55:00,22119.72,22120.88,22094.34,22109.62,885.04097
2023-02-15 02:00:00,22109.62,22128.0,22105.02,22109.44,890.92519
2023-02-15 02:05:00,22109.44,22114.35,22095.24,22106.42,516.83234
2023-02-15 02:10:00,22106.42,22128.2,22104.65,22113.18,753.21835
2023-02-15 02:15:00,22113.18,22121.75,22104.71,22114.8,538.00855
2023-02-15 02:20:00,22114.8,22122.0,22098.0,22100.15,602.47372
2023-02-15 02:25:00,22100.15,22106.64,22098.98,22101.11,455.48335
2023-02-15 02:30:00,22101.11,22104.76,22090.38,22096.81,868.35017
2023-02-15 02:35:00,22097.4,22103.35,22088.31,22095.02,671.77151
2023-02-15 02:40:00,22094.38,22096.8,22075.88,22082.37,800.60753
2023-02-15 02:45:00,22081.98,22083.81,22047.28,22052.09,1172.27953
2023-02-15 02:50:00,22053.02,22080.12,22048.46,22056.43,963.50517
2023-02-15 02:55:00,22057.26,22083.11,22055.02,22072.85,732.46372
2023-02-15 03:00:00,22072.24,22098.34,22067.96,22096.54,887.58108
2023-02-15 03:05:00,22097.16,22099.81,22069.03,22072.58,703.73941
2023-02-15 03:10:00,22072.03,22093.81,22070.93,22089.86,635.26915
2023-02-15 03:15:00,22089.86,22137.59,22085.64,22125.27,1660.59851
2023-02-15 03:20:00,22125.28,22128.25,22097.66,22105.54,1422.40092
2023-02-15 03:25:00,22105.2,22106.7,22091.63,22104.59,653.2549
2023-02-15 03:30:00,22104.59,22114.33,22082.78,22089.88,791.69175
2023-02-15 03:35:00,22089.99,22097.94,22080.98,22096.02,535.41195
2023-02-15 03:40:00,22096.38,22103.8,22087.8,22089.75,577.05399
2023-02-15 03:45:00,22090.32,22096.1,22082.87,22086.41,558.98484
2023-02-15 03:50:00,22085.96,22101.51,22083.77,22098.28,523.96389
2023-02-15 03:55:00,22097.86,22112.69,22095.42,22099.49,573.90877
2023-02-15 04:00:00,22099.13,22117.8,22093.59,22106.44,807.02623
2023-02-15 04:05:00,22107.15,22107.16,22094.43,22097.67,503.37785
2023-02-15 04:10:00,22097.69,22101.93,22093.0,22099.55,410.79732
2023-02-15 04:15:00,22098.94,22108.94,22094.16,22100.11,740.60229
2023-02-15 04:20:00,22099.53,22111.78,22095.69,22110.2,590.15244
2023-02-15 04:25:00,22110.03,22117.82,22106.62,22110.02,522.64785
2023-02-15 04:30:00,22110.02,22117.82,22099.68,22105.3,618.54893
2023-02-15 04:35:00,22105.7,22118.0,22104.36,22112.51,644.76826
2023-02-15 04:40:00,22112.51,22115.0,22100.89,22108.57,530.5296
2023-02-15 04:45:00,22108.57,22113.99,22103.0,22109.2,566.77522
2023-02-15 04:50:00,22109.6,22113.43,22104.5,22105.56,449.03946
2023-02-15 04:55:00,22105.88,22108.15,22072.55,22084.9,960.90276
2023-02-15 05:00:00,22084.34,22093.08,22082.56,22091.67,643.41689
2023-02-15 05:05:00,22092.46,22120.35,22089.77,22110.82,883.26051
2023-02-15 05:10:00,22111.36,22112.64,22083.45,22087.6,530.87615
2023-02-15 05:15:00,22087.6,22093.4,22084.49,22084.87,429.80175
2023-02-15 05:20:00,22084.87,22099.14,22083.03,22097.76,549.80281
2023-02-15 05:25:00,22097.76,22107.26,22093.24,22105.43,521.71972
2023-02-15 05:30:00,22105.02,22114.02,22104.64,22111.65,546.37028
2023-02-15 05:35:00,22112.22,22148.82,22111.42,22140.45,1013.54622
2023-02-15 05:40:00,22140.45,22146.86,22120.02,22138.06,868.13975
2023-02-15 05:45:00,22138.06,22140.36,22116.1,22119.85,707.05745
2023-02-15 05:50:00,22119.15,22123.0,22110.0,22116.39,614.64535
2023-02-15 05:55:00,22116.81,22141.36,22114.93,22134.08,644.60329
2023-02-15 06:00:00,22134.08,22140.0,22129.09,22133.86,615.22772
2023-02-15 06:05:00,22133.86,22150.54,22133.33,22139.44,713.70016
2023-02-15 06:10:00,22140.02,22158.42,22134.61,22147.96,785.74015
2023-02-15 06:15:00,22147.13,22149.17,22136.38,22141.94,533.54819
2023-02-15 06:20:00,22142.53,22144.74,22136.5,22137.49,420.83723
2023-02-15 06:25:00,22137.49,22145.61,22133.37,22138.21,535.51833
2023-02-15 06:30:00,22137.96,22140.38,22122.93,22126.37,798.94374
2023-02-15 06:35:00,22126.37,22133.54,22122.93,22128.09,570.45415
2023-02-15 06:40:00,22128.61,22133.07,22123.14,22129.97,536.41813
2023-02-15 06:45:00,22129.97,22134.46,22123.0,22126.81,521.29216
2023-02-15 06:50:00,22126.24,22128.63,22118.0,22118.87,683.03664
2023-02-15 06:55:00,22118.44,22120.0,22108.0,22117.68,706.45944
2023-02-15 07:00:00,22118.05,22126.72,22116.15,22125.14,767.00644
2023-02-15 07:05:00,22125.14,22131.9,22119.69,22130.64,504.73506
2023-02-15 07:10:00,22130.64,22145.81,22127.37,22138.8,652.41941
2023-02-15 07:15:00,22138.8,22149.45,22136.51,22141.55,593.91794
2023-02-15 07:20:00,22141.09,22144.38,22138.9,22139.49,477.16206
2023-02-15 07:25:00,22139.2,22170.07,22136.8,22158.29,1035.60354
2023-02-15 07:30:00,22157.63,22199.29,22129.06,22131.26,1412.39288
2023-02-15 07:35:00,22131.23,22134.72,22117.03,22119.58,1030.19158
2023-02-15 07:40:00,22119.05,22135.07,22117.0,22130.53,672.76323
2023-02-15 07:45:00,22130.53,22134.54,22121.0,22122.14,550.82156
2023-02-15 07:50:00,22122.14,22128.02,22115.7,22117.22,572.81235
2023-02-15 07:55:00,22116.71,22118.32,22098.0,22109.89,1300.84112
2023-02-15 08:00:00,22109.89,22120.0,22097.08,22098.93,933.53752
2023-02-15 08:05:00,22098.93,22111.0,22096.07,22104.04,947.64924
2023-02-15 08:10:00,22103.53,22120.28,22095.86,22116.92,908.17677
2023-02-15 08:15:00,22116.91,22125.0,22106.7,22123.89,781.64221
2023-02-15 08:20:00,22124.35,22127.58,22108.26,22109.33,659.05769
2023-02-15 08:25:00,22109.33,22120.92,22102.53,22117.93,673.85476
2023-02-15 08:30:00,22117.93,22130.68,22117.42,22128.71,630.97492
2023-02-15 08:35:00,22128.27,22131.63,22098.01,22100.86,883.63119
2023-02-15 08:40:00,22100.86,22103.83,22089.11,22102.14,899.44571
2023-02-15 08:45:00,22102.55,22103.48,22091.12,22101.87,739.97357
2023-02-15 08:50:00,22101.27,22108.43,22097.6,22102.92,640.50856
2023-02-15 08:55:00,22102.45,22106.0,22092.9,22094.02,640.98851
2023-02-15 09:00:00,22094.62,22105.44,22091.98,22103.21,729.1821
2023-02-15 09:05:00,22103.21,22105.51,22089.78,22105.13,650.48379
2023-02-15 09:10:00,22105.13,22122.89,22097.89,22100.71,996.01177
2023-02-15 09:15:00,22100.71,22106.72,22095.2,22097.85,557.69604
2023-02-15 09:20:00,22098.23,22104.87,22097.03,22103.83,578.63676
2023-02-15 09:25:00,22103.83,22122.0,22102.42,22121.73,643.01629
2023-02-15 09:30:00,22121.73,22131.0,22116.57,22129.14,764.21678
2023-02-15 09:35:00,22129.63,22140.04,22122.81,22133.69,1037.74445
2023-02-15 09:40:00,22134.09,22134.86,22121.87,22130.6,533.9775
2023-02-15 09:45:00,22131.18,22159.3,22130.55,22147.49,1014.36656
2023-02-15 09:50:00,22146.66,22148.3,22130.03,22146.02,663.90215
2023-02-15 09:55:00,22146.02,22199.6,22140.62,22170.51,1231.78776
2023-02-15 10:00:00,22169.7,22175.14,22162.84,22163.12,970.93651
2023-02-15 10:05:00,22163.12,22164.6,22151.64,22154.68,566.16525
2023-02-15 10:10:00,22154.4,22162.0,22145.76,22159.98,597.79471
2023-02-15 10:15:00,22159.98,22160.5,22148.0,22157.43,655.09146
2023-02-15 10:20:00,22156.6,22171.59,22156.0,22168.84,632.1934
2023-02-15 10:25:00,22168.8,22181.95,22164.46,22170.73,808.89292
2023-02-15 10:30:00,22170.73,22181.98,22166.2,22180.99,672.71283
2023-02-15 10:35:00,22180.99,22227.99,22179.38,22221.88,1597.05975
2023-02-15 10:40:00,22221.88,22227.11,22206.56,22217.0,1070.45509
2023-02-15 10:45:00,22217.0,22248.29,22214.0,22243.7,1417.58197
2023-02-15 10:50:00,22243.7,22257.91,22233.82,22240.82,1308.73649
2023-02-15 10:55:00,22240.82,22249.26,22231.04,22234.96,919.04009
2023-02-15 11:00:00,22234.74,22277.83,22232.21,22255.29,1400.94874
2023-02-15 11:05:00,22255.29,22263.22,22228.02,22232.44,1024.99489
2023-02-15 11:10:00,22231.55,22234.51,22223.02,22223.8,614.33367
2023-02-15 11:15:00,22223.29,22241.55,22222.81,22238.41,685.22465
2023-02-15 11:20:00,22237.98,22250.0,22236.86,22248.83,820.25101
2023-02-15 11:25:00,22248.09,22252.56,22232.32,22236.88,739.9341
2023-02-15 11:30:00,22236.18,22300.0,22233.69,22268.58,1920.20303
2023-02-15 11:35:00,22268.58,22425.0,22255.0,22391.6,2453.67667
2023-02-15 11:40:00,22391.6,22500.0,22365.93,22455.27,5053.13216
2023-02-15 11:45:00,22455.78,22486.79,22427.44,22453.36,1782.51347
2023-02-15 11:50:00,22452.06,22489.76,22439.04,22444.04,1395.20655
2023-02-15 11:55:00,22444.04,22461.85,22415.22,22445.13,1417.17091
2023-02-15 12:00:00,22444.28,22577.95,22443.24,22554.21,3562.86297
2023-02-15 12:05:00,22553.42,22568.47,22514.22,22554.33,3158.44789
2023-02-15 12:10:00,22555.82,22748.0,22550.52,22686.98,6019.29597
2023-02-15 12:15:00,22685.64,22711.97,22660.52,22674.61,2218.95558
2023-02-15 12:20:00,22675.95,22916.98,22674.29,22780.02,5663.81322
2023-02-15 12:25:00,22780.02,22820.0,22774.01,22778.06,2721.69697
2023-02-15 12:30:00,22778.06,22835.5,22774.96,22801.98,2029.75967
2023-02-15 12:35:00,22801.98,22838.43,22747.82,22763.29,2263.93999
2023-02-15 12:40:00,22763.29,22808.0,22753.67,22786.5,1803.53781
2023-02-15 12:45:00,22786.5,22822.13,22752.57,22763.54,2028.21639
2023-02-15 12:50:00,22763.54,22787.92,22740.11,22742.87,1906.64505
2023-02-15 12:55:00,22743.81,22779.0,22741.6,22772.21,1381.53011
2023-02-15 13:00:00,22772.21,22783.74,22741.78,22744.12,1730.51191
2023-02-15 13:05:00,22745.41,22764.0,22740.83,22752.3,1198.62435
2023-02-15 13:10:00,22751.48,22754.63,22678.68,22688.97,2333.66956
2023-02-15 13:15:00,22686.69,22729.66,22676.76,22727.5,2313.74866
2023-02-15 13:20:00,22726.86,22746.59,22717.19,22733.42,1241.92575
2023-02-15 13:25:00,22733.42,22773.72,22732.38,22768.16,1213.97019
2023-02-15 13:30:00,22768.16,22768.16,22666.0,22693.7,3954.30256
2023-02-15 13:35:00,22694.88,22744.17,22685.4,22717.66,2364.53821
2023-02-15 13:40:00,22716.32,22748.91,22700.0,22737.31,1372.22744
2023-02-15 13:45:00,22737.92,22769.98,22725.69,22760.01,1499.08237
2023-02-15 13:50:00,22761.66,22765.96,22740.0,22742.8,1769.0181
2023-02-15 13:55:00,22743.61,22746.38,22690.82,22698.86,1410.40732
2023-02-15 14:00:00,22698.81,22720.49,22688.0,22713.76,1383.30448
2023-02-15 14:05:00,22713.2,22722.33,22687.29,22700.54,1188.79506
2023-02-15 14:10:00,22700.74,22718.42,22675.3,22675.32,1357.80574
2023-02-15 14:15:00,22675.94,22688.04,22650.0,22650.4,1661.63726
2023-02-15 14:20:00,22650.4,22676.88,22620.0,22660.13,2087.67732
2023-02-15 14:25:00,22660.98,22703.74,22655.72,22701.42,1439.22452
2023-02-15 14:30:00,22701.42,22755.53,22679.18,22730.92,3023.97201
2023-02-15 14:35:00,22730.92,22742.76,22702.22,22704.14,1304.15991
2023-02-15 14:40:00,22704.15,22752.46,22682.39,22731.1,1708.77342
2023-02-15 14:45:00,22731.1,22788.0,22714.18,22784.94,1877.40471
2023-02-15 14:50:00,22784.94,22797.88,22630.11,22676.45,3048.1762
2023-02-15 14:55:00,22675.17,22694.18,22650.82,22684.47,1858.13887
2023-02-15 15:00:00,22685.6,22733.65,22674.11,22730.0,2192.08927
2023-02-15 15:05:00,22728.96,22741.79,22683.66,22695.94,1968.05087
2023-02-15 15:10:00,22695.94,22711.87,22661.66,22703.94,1863.70149
2023-02-15 15:15:00,22702.78,22765.68,22701.67,22750.57,2032.29875
2023-02-15 15:20:00,22749.63,22767.0,22733.62,22738.72,1381.98955
2023-02-15 15:25:00,22737.76,22781.52,22730.04,22769.06,1399.40573
2023-02-15 15:30:00,22769.9,22808.52,22753.59,22802.31,2161.90345
2023-02-15 15:35:00,22801.48,22808.69,22773.0,22785.52,1348.03011
2023-02-15 15:40:00,22785.52,22822.0,22741.8,22741.93,1904.65747
2023-02-15 15:45:00,22741.8,22755.7,22716.71,22737.73,1094.53326
2023-02-15 15:50:00,22737.73,22884.77,22734.04,22849.6,2557.9034
2023-02-15 15:55:00,22849.6,22875.95,22802.69,22809.46,1773.36834
2023-02-15 16:00:00,22809.46,22827.84,22777.09,22818.01,1291.57984
2023-02-15 16:05:00,22819.08,22869.6,22811.61,22848.96,1469.17131
2023-02-15 16:10:00,22849.56,22943.17,22841.68,22842.2,2034.11699
2023-02-15 16:15:00,22842.2,22900.01,22766.06,22783.5,2579.13793
2023-02-15 16:20:00,22783.51,22806.68,22760.25,22787.54,923.79577
2023-02-15 16:25:00,22787.64,22845.13,22770.29,22836.17,871.42142
2023-02-15 16:30:00,22835.24,22838.05,22746.36,22762.19,1209.78881
2023-02-15 16:35:00,22762.19,22787.96,22748.21,22783.97,747.11736
2023-02-15 16:40:00,22784.69,22817.99,22775.33,22801.18,736.22576
2023-02-15 16:45:00,22801.98,22811.4,22781.82,22798.51,535.42975
2023-02-15 16:50:00,22797.83,22805.84,22770.21,22778.93,432.66497
2023-02-15 16:55:00,22779.93,22795.82,22761.3,22763.1,595.47256
2023-02-15 17:00:00,22763.1,22786.97,22762.45,22777.63,571.60281
2023-02-15 17:05:00,22778.68,22787.0,22745.03,22777.64,795.72737
2023-02-15 17:10:00,22777.67,22792.07,22769.63,22787.68,540.27591
2023-02-15 17:15:00,22787.68,22787.93,22770.0,22776.64,393.66151
2023-02-15 17:20:00,22776.64,22806.81,22768.0,22804.72,671.92128
2023-02-15 17:25:00,22805.27,22815.0,22790.0,22794.37,712.25796
2023-02-15 17:30:00,22795.01,22805.8,22778.52,22803.05,612.69571
2023-02-15 17:35:00,22803.03,22827.67,22770.77,22819.62,1758.1155
2023-02-15 17:40:00,22820.42,22835.89,22808.76,22816.39,1146.76748
2023-02-15 17:45:00,22816.39,22825.8,22791.15,22802.73,747.90519
2023-02-15 17:50:00,22802.73,22811.52,22786.51,22791.24,676.05997
2023-02-15 17:55:00,22791.24,22813.38,22788.18,22805.48,910.47171
2023-02-15 18:00:00,22805.48,22823.04,22795.28,22795.7,1016.52901
2023-02-15 18:05:00,22795.7,22797.08,22771.86,22794.37,872.32888
2023-02-15 18:10:00,22794.37,22806.71,22783.72,22799.7,784.05693
2023-02-15 18:15:00,22800.56,22819.98,22791.46,22813.64,723.24229
2023-02-15 18:20:00,22814.06,22834.89,22807.27,22831.85,976.11693
2023-02-15 18:25:00,22831.85,22885.1,22828.66,22871.52,1775.9296
2023-02-15 18:30:00,22872.28,22887.83,22845.93,22857.26,1261.33957
2023-02-15 18:35:00,22856.59,22922.09,22830.54,22910.43,1755.69503
2023-02-15 18:40:00,22910.43,22977.77,22889.62,22948.57,2478.02426
2023-02-15 18:45:00,22950.59,23052.99,22920.94,22971.25,3302.04646
2023-02-15 18:50:00,22971.25,22978.87,22910.37,22974.41,1732.35881
2023-02-15 18:55:00,22974.41,22988.96,22952.19,22973.86,1264.41904
2023-02-15 19:00:00,22974.54,22989.7,22945.54,22954.06,1502.22719
2023-02-15 19:05:00,22954.06,23100.0,22950.0,23061.78,1953.82283
2023-02-15 19:10:00,23063.95,23200.0,23030.0,23170.0,5066.92011
2023-02-15 19:15:00,23171.64,23224.8,23148.06,23202.61,3833.86904
2023-02-15 19:20:00,23204.62,23218.47,23153.52,23164.59,2611.16768
2023-02-15 19:25:00,23163.32,23256.13,23161.27,23242.19,2506.88825
2023-02-15 19:30:00,23243.55,23353.87,23227.26,23273.66,5047.43045
2023-02-15 19:35:00,23275.03,23315.16,23272.8,23280.33,1413.51258
2023-02-15 19:40:00,23280.96,23307.8,23241.04,23304.99,1330.97597
2023-02-15 19:45:00,23304.99,23325.0,23260.0,23261.43,1141.64167
2023-02-15 19:50:00,23261.43,23302.89,23250.0,23295.56,1321.64226
2023-02-15 19:55:00,23294.57,23320.88,23272.34,23318.9,1582.51986
2023-02-15 20:00:00,23320.18,23387.51,23296.3,23361.79,2094.21748
2023-02-15 20:05:00,23360.88,23600.0,23360.88,23536.24,5049.72699
2023-02-15 20:10:00,23534.22,23733.38,23534.22,23631.56,4136.14328
2023-02-15 20:15:00,23631.31,23757.76,23630.86,23728.41,2783.06871
2023-02-15 20:20:00,23728.41,23847.0,23720.73,23799.0,3676.80092
2023-02-15 20:25:00,23797.37,23835.77,23765.02,23812.57,1890.13685
2023-02-15 20:30:00,23815.06,24300.0,23810.27,24222.32,6742.04938
2023-02-15 20:35:00,24218.36,24237.77,23949.0,24070.16,4654.69254
2023-02-15 20:40:00,24069.48,24150.0,24010.0,24041.95,2756.99521
2023-02-15 20:45:00,24043.3,24147.0,24026.36,24091.66,2102.81
2023-02-15 20:50:00,24092.65,24139.98,24031.18,24139.98,1685.65955
2023-02-15 20:55:00,24139.98,24160.09,24065.57,24145.04,1908.21577
2023-02-15 21:00:00,24146.6,24164.65,24053.0,24102.36,2032.18437
2023-02-15 21:05:00,24101.93,24135.99,24092.17,24097.52,1138.85403
2023-02-15 21:10:00,24098.81,24120.0,24009.7,24055.51,1512.42794
2023-02-15 21:15:00,24054.58,24100.47,24051.58,24082.69,1181.77613
2023-02-15 21:20:00,24082.69,24144.14,24082.68,24124.72,1611.93739
2023-02-15 21:25:00,24124.72,24137.98,24085.89,24097.56,829.9766
2023-02-15 21:30:00,24097.56,24250.0,24094.96,24125.9,2084.80121
2023-02-15 21:35:00,24125.9,24169.16,24074.0,24090.65,1255.50267
2023-02-15 21:40:00,24089.82,24131.54,24084.41,24104.69,1109.56994
2023-02-15 21:45:00,24104.69,24118.91,24057.03,24069.14,834.46256
2023-02-15 21:50:00,24069.14,24188.53,24068.32,24156.62,1231.22631
2023-02-15 21:55:00,24156.61,24188.89,24153.21,24175.86,890.53877
2023-02-15 22:00:00,24175.01,24200.07,24143.59,24160.66,1232.02569
2023-02-15 22:05:00,24160.66,24237.57,24159.95,24236.07,1404.9838
2023-02-15 22:10:00,24236.07,24333.0,24200.0,24299.72,2918.29125
2023-02-15 22:15:00,24297.4,24380.0,24213.06,24314.14,2651.86725
2023-02-15 22:20:00,24312.67,24357.68,24241.85,24281.15,2576.2249
2023-02-15 22:25:00,24281.15,24300.13,24247.62,24252.04,1100.29551
2023-02-15 22:30:00,24252.04,24278.19,24247.0,24278.16,796.30222
2023-02-15 22:35:00,24277.36,24317.92,24248.19,24312.47,1245.65718
2023-02-15 22:40:00,24313.53,24315.44,24255.0,24265.29,661.94525
2023-02-15 22:45:00,24265.29,24308.27,24262.9,24287.21,681.29346
2023-02-15 22:50:00,24286.35,24299.0,24262.93,24266.05,613.67895
2023-02-15 22:55:00,24265.05,24278.53,24108.77,24151.6,2102.1501
2023-02-15 23:00:00,24150.26,24237.41,24148.0,24191.0,1605.02379
2023-02-15 23:05:00,24191.0,24254.0,24186.89,24247.72,1012.22591
2023-02-15 23:10:00,24246.95,24290.0,24224.73,24283.1,1151.18922
2023-02-15 23:15:00,24283.17,24341.91,24247.69,24259.78,1756.42794
2023-02-15 23:20:00,24258.64,24304.63,24257.42,24286.87,1114.88856
2023-02-15 23:25:00,24285.07,24296.38,24240.69,24287.31,955.84469
2023-02-15 23:30:00,24286.74,24319.59,24284.13,24302.11,1189.04523
2023-02-15 23:35:00,24302.11,24316.42,24275.7,24278.11,886.81869
2023-02-15 23:40:00,24278.11,24298.72,24274.41,24281.07,681.05456
2023-02-15 23:45:00,24281.07,24338.93,24279.14,24298.97,1229.10825
2023-02-15 23:50:00,24300.06,24337.75,24288.17,24328.65,1022.14979
2023-02-15 23:55:00,24329.93,24344.0,24304.39,24324.05,975.65326
2023-02-16 00:00:00,24322.87,24437.81,24278.58,24327.98,3599.25333
2023-02-16 00:05:00,24329.28,24415.19,24325.27,24406.7,1390.67338
2023-02-16 00:10:00,24406.69,24654.0,24375.0,24596.33,3820.99904
2023-02-16 00:15:00,24596.33,24849.95,24593.27,24803.04,5272.00805
2023-02-16 00:20:00,24803.68,24905.0,24760.0,24786.03,2915.06445
2023-02-16 00:25:00,24786.03,24856.54,24746.12,24767.48,1730.65376
2023-02-16 00:30:00,24767.48,24792.55,24656.28,24676.38,1935.05365
2023-02-16 00:35:00,24676.38,24700.0,24590.0,24630.97,1987.90772
2023-02-16 00:40:00,24633.18,24681.28,24623.35,24666.32,1404.95745
2023-02-16 00:45:00,24666.8,24677.62,24566.29,24605.3,1342.20355
2023-02-16 00:50:00,24605.3,24623.61,24559.19,24574.4,1171.26438
2023-02-16 00:55:00,24574.4,24617.0,24571.14,24583.17,929.69841
2023-02-16 01:00:00,24584.4,24629.99,24560.96,24628.03,1317.55104
2023-02-16 01:05:00,24629.7,24676.0,24615.39,24663.05,1309.9096
2023-02-16 01:10:00,24663.98,24683.81,24640.38,24677.18,831.80517
2023-02-16 01:15:00,24677.18,24679.38,24591.38,24600.0,1027.98542
2023-02-16 01:20:00,24600.0,24637.43,24575.0,24630.66,848.23902
2023-02-16 01:25:00,24631.49,24646.82,24615.23,24617.81,471.30092
2023-02-16 01:30:00,24617.81,24656.97,24587.0,24590.01,964.79666
2023-02-16 01:35:00,24589.83,24634.56,24587.0,24600.34,698.22292
2023-02-16 01:40:00,24599.21,24633.99,24585.96,24590.88,678.97348
2023-02-16 01:45:00,24590.26,24607.84,24576.84,24594.55,928.20375
2023-02-16 01:50:00,24595.28,24611.99,24563.68,24592.06,1083.62094
2023-02-16 01:55:00,24592.28,24635.94,24583.65,24627.17,725.74357
2023-02-16 02:00:00,24627.17,24655.0,24614.54,24644.1,880.5744
2023-02-16 02:05:00,24645.05,24647.0,24604.34,24614.3,636.95822
2023-02-16 02:10:00,24614.3,24647.0,24610.76,24642.85,515.14154
2023-02-16 02:15:00,24643.95,24646.92,24620.59,24637.36,662.10194
2023-02-16 02:20:00,24636.48,24672.61,24631.81,24659.07,1016.6648
2023-02-16 02:25:00,24660.09,24689.88,24648.42,24667.47,1010.83569
2023-02-16 02:30:00,24667.47,24744.75,24651.68,24724.87,1575.3561
2023-02-16 02:35:00,24725.26,24733.75,24686.12,24686.89,975.88638
2023-02-16 02:40:00,24687.62,24694.39,24667.03,24672.29,908.14552
2023-02-16 02:45:00,24673.27,24701.28,24670.62,24697.43,773.73372
2023-02-16 02:50:00,24696.75,24719.96,24696.24,24704.92,646.01431
2023-02-16 02:55:00,24704.14,24714.64,24680.76,24687.88,1012.1695
2023-02-16 03:00:00,24687.88,24724.03,24684.44,24717.32,980.08626
2023-02-16 03:05:00,24717.92,24745.0,24714.92,24739.17,955.04486
2023-02-16 03:10:00,24740.25,24758.38,24726.77,24726.97,905.08252
2023-02-16 03:15:00,24728.62,24730.07,24655.22,24677.28,1421.31079
2023-02-16 03:20:00,24677.28,24718.61,24674.53,24700.3,925.40992
2023-02-16 03:25:00,24700.3,24709.61,24689.08,24693.6,610.36262
2023-02-16 03:30:00,24693.03,24711.34,24692.02,24707.79,700.49089
2023-02-16 03:35:00,24708.32,24720.0,24703.91,24718.72,521.34786
2023-02-16 03:40:00,24718.72,24745.05,24709.29,24731.73,711.77216
2023-02-16 03:45:00,24732.28,24736.64,24703.7,24708.09,800.24143
2023-02-16 03:50:00,24708.09,24729.13,24705.98,24724.38,580.92809
2023-02-16 03:55:00,24724.38,24740.0,24715.05,24732.42,738.40245
2023-02-16 04:00:00,24731.6,24756.35,24708.62,24709.98,1165.31772
2023-02-16 04:05:00,24711.13,24716.51,24688.34,24692.42,1131.36737
2023-02-16 04:10:00,24693.32,24710.0,24661.51,24668.15,941.11632
2023-02-16 04:15:00,24668.15,24680.83,24647.85,24648.66,956.43135
2023-02-16 04:20:00,24648.01,24683.33,24645.73,24675.37,1370.05326
2023-02-16 04:25:00,24676.81,24698.56,24674.17,24682.25,1018.77443
2023-02-16 04:30:00,24681.07,24719.43,24677.77,24691.41,885.32561
2023-02-16 04:35:00,24691.41,24704.44,24681.9,24687.14,625.1603
2023-02-16 04:40:00,24687.14,24689.34,24670.09,24675.66,604.96501
2023-02-16 04:45:00,24674.95,24683.24,24654.46,24655.56,766.22165
2023-02-16 04:50:00,24655.56,24663.14,24640.0,24658.93,930.15645
2023-02-16 04:55:00,24658.07,24674.88,24631.35,24634.15,1217.1444
2023-02-16 05:00:00,24633.46,24659.59,24613.03,24632.68,1166.74953
2023-02-16 05:05:00,24632.92,24638.42,24602.0,24612.91,922.50091
2023-02-16 05:10:00,24612.05,24638.37,24610.01,24620.28,869.72066
2023-02-16 05:15:00,24622.58,24647.16,24620.3,24645.71,683.31763
2023-02-16 05:20:00,24645.54,24670.56,24644.79,24666.03,886.67721
2023-02-16 05:25:00,24667.1,24713.82,24662.58,24701.61,1396.05594
2023-02-16 05:30:00,24700.77,24714.82,24682.76,24690.0,827.94898
2023-02-16 05:35:00,24689.11,24698.37,24669.47,24686.81,761.47589
2023-02-16 05:40:00,24686.56,24691.74,24661.0,24663.9,695.18021
2023-02-16 05:45:00,24663.91,24682.91,24661.84,24678.3,604.23981
2023-02-16 05:50:00,24677.51,24701.67,24664.97,24686.0,800.1808
2023-02-16 05:55:00,24685.37,24692.5,24678.0,24681.94,581.5796
2023-02-16 06:00:00,24681.94,24685.21,24665.32,24665.63,757.94343
2023-02-16 06:05:00,24666.2,24668.61,24647.07,24650.84,931.9643
2023-02-16 06:10:00,24650.3,24696.55,24644.96,24661.03,1176.74887
2023-02-16 06:15:00,24660.5,24715.73,24659.28,24707.77,1905.81794
2023-02-16 06:20:00,24706.66,24734.37,24700.36,24724.81,987.49782
2023-02-16 06:25:00,24725.35,24728.72,24710.52,24719.37,842.8618
2023-02-16 06:30:00,24718.86,24731.03,24702.21,24715.2,890.03293
2023-02-16 06:35:00,24715.2,24725.0,24704.23,24706.2,479.72519
2023-02-16 06:40:00,24706.2,24707.52,24672.3,24681.66,756.93573
2023-02-16 06:45:00,24680.89,24700.16,24680.32,24697.17,547.63834
2023-02-16 06:50:00,24697.8,24715.0,24680.85,24702.7,554.91935
2023-02-16 06:55:00,24702.7,24704.57,24568.1,24586.08,1696.17282
2023-02-16 07:00:00,24583.9,24625.72,24570.0,24572.74,1267.70972
2023-02-16 07:05:00,24572.74,24582.87,24430.12,24520.02,2529.20116
2023-02-16 07:10:00,24518.28,24629.89,24518.28,24614.34,1977.97008
2023-02-16 07:15:00,24615.38,24657.48,24554.02,24580.91,1557.99844
2023-02-16 07:20:00,24580.92,24609.92,24550.17,24567.8,878.68579
2023-02-16 07:25:00,24567.8,24587.85,24520.0,24587.81,1272.8583
2023-02-16 07:30:00,24587.81,24609.08,24550.04,24554.67,711.48101
2023-02-16 07:35:00,24554.66,24570.0,24530.63,24556.39,704.94193
2023-02-16 07:40:00,24555.8,24600.0,24542.04,24548.63,1201.01254
2023-02-16 07:45:00,24548.63,24573.37,24547.43,24551.77,762.04738
2023-02-16 07:50:00,24551.77,24599.99,24550.86,24583.13,911.41115
2023-02-16 07:55:00,24582.17,24614.55,24567.67,24612.95,939.97976
2023-02-16 08:00:00,24611.51,24616.33,24580.19,24580.85,1166.26298
2023-02-16 08:05:00,24580.87,24601.29,24565.9,24578.27,1053.65998
2023-02-16 08:10:00,24578.27,24616.67,24574.17,24612.62,929.79749
2023-02-16 08:15:00,24612.62,24642.14,24606.04,24629.73,977.76309
2023-02-16 08:20:00,24629.73,24635.42,24618.01,24631.04,491.05634
2023-02-16 08:25:00,24631.85,24644.52,24623.08,24638.51,719.32156
2023-02-16 08:30:00,24638.1,24664.49,24632.07,24654.34,990.38585
2023-02-16 08:35:00,24653.41,24656.06,24618.0,24629.08,869.14989
2023-02-16 08:40:00,24629.08,24646.0,24611.83,24644.41,677.22721
2023-02-16 08:45:00,24644.61,24647.2,24624.21,24625.27,585.34015
2023-02-16 08:50:00,24624.81,24639.99,24623.5,24629.67,634.55848
2023-02-16 08:55:00,24629.67,24629.67,24570.13,24580.34,985.79276
2023-02-16 09:00:00,24579.25,24604.7,24558.99,24598.59,1359.95899
2023-02-16 09:05:00,24598.59,24599.51,24558.2,24562.54,856.16415
2023-02-16 09:10:00,24562.54,24579.77,24557.11,24575.89,843.41207
2023-02-16 09:15:00,24575.89,24605.99,24573.69,24597.44,829.82227
2023-02-16 09:20:00,24597.44,24606.62,24592.02,24602.59,651.53082
2023-02-16 09:25:00,24602.59,24612.21,24600.0,24609.83,708.51656
2023-02-16 09:30:00,24609.83,24631.19,24603.99,24627.27,851.66418
2023-02-16 09:35:00,24627.27,24631.44,24600.03,24620.21,900.60229
2023-02-16 09:40:00,24620.32,24625.0,24611.42,24613.04,580.59138
2023-02-16 09:45:00,24613.04,24621.72,24601.16,24607.89,503.08071
2023-02-16 09:50:00,24607.89,24639.51,24602.13,24638.12,760.18273
2023-02-16 09:55:00,24638.12,24652.49,24630.53,24643.64,767.11713
2023-02-16 10:00:00,24642.73,24653.65,24630.0,24637.45,725.64271
2023-02-16 10:05:00,24637.45,24642.23,24630.38,24638.72,537.92029
2023-02-16 10:10:00,24638.33,24659.0,24630.32,24631.26,1027.79758
2023-02-16 10:15:00,24631.26,24632.33,24608.0,24613.57,1056.74324
2023-02-16 10:20:00,24614.54,24622.26,24608.35,24612.97,484.7055
2023-02-16 10:25:00,24612.97,24647.94,24600.5,24642.08,865.14904
2023-02-16 10:30:00,24642.27,24643.2,24609.5,24621.23,839.61506
2023-02-16 10:35:00,24621.91,24629.71,24618.48,24625.88,347.18927
2023-02-16 10:40:00,24625.66,24642.54,24616.06,24640.73,602.3054
2023-02-16 10:45:00,24640.35,24641.67,24620.81,24638.47,600.10052
2023-02-16 10:50:00,24638.06,24639.99,24614.06,24619.62,633.85313
2023-02-16 10:55:00,24619.62,24628.58,24614.72,24617.72,569.60287
2023-02-16 11:00:00,24617.2,24620.84,24600.29,24604.1,796.2571
2023-02-16 11:05:00,24604.1,24623.75,24600.04,24621.14,750.14247
2023-02-16 11:10:00,24620.53,24624.99,24550.01,24554.96,1323.29865
2023-02-16 11:15:00,24554.97,24578.76,24546.68,24562.49,1852.39444
2023-02-16 11:20:00,24562.38,24590.0,24560.58,24582.91,712.91135
2023-02-16 11:25:00,24582.9,24583.47,24560.0,24566.79,774.7072
2023-02-16 11:30:00,24565.39,24586.34,24542.14,24546.41,877.04112
2023-02-16 11:35:00,24546.42,24553.88,24522.02,24548.64,1058.98107
2023-02-16 11:40:00,24547.93,24552.53,24509.07,24512.32,939.08111
2023-02-16 11:45:00,24512.32,24539.73,24510.9,24518.72,871.67338
2023-02-16 11:50:00,24518.06,24548.09,24516.09,24537.18,692.88565
2023-02-16 11:55:00,24537.77,24577.2,24535.6,24568.55,851.91204
2023-02-16 12:00:00,24567.93,24574.38,24531.24,24533.49,965.10767
2023-02-16 12:05:00,24533.11,24545.59,24488.61,24497.1,1060.14139
2023-02-16 12:10:00,24495.98,24497.39,24448.78,24471.16,1688.75575
2023-02-16 12:15:00,24471.79,24517.21,24468.44,24514.42,1096.91679
2023-02-16 12:20:00,24513.83,24553.66,24511.52,24525.14,1001.99156
2023-02-16 12:25:00,24526.07,24533.89,24505.66,24512.84,704.39447
2023-02-16 12:30:00,24511.98,24556.91,24511.51,24549.47,806.71682
2023-02-16 12:35:00,24549.47,24560.0,24545.4,24548.21,613.88313
2023-02-16 12:40:00,24548.21,24578.0,24541.13,24577.01,840.79337
2023-02-16 12:45:00,24577.01,24591.64,24564.87,24569.56,1002.71884
2023-02-16 12:50:00,24570.02,24609.72,24567.42,24588.93,1063.70999
2023-02-16 12:55:00,24588.4,24591.13,24571.14,24585.55,652.50627
2023-02-16 13:00:00,24585.54,24609.42,24571.64,24602.52,1008.96452
2023-02-16 13:05:00,24603.77,24606.0,24585.62,24597.9,820.34309
2023-02-16 13:10:00,24599.02,24601.92,24573.57,24578.79,841.97068
2023-02-16 13:15:00,24578.12,24589.06,24556.0,24558.81,991.16939
2023-02-16 13:20:00,24559.08,24572.33,24529.2,24540.99,879.77604
2023-02-16 13:25:00,24540.99,24579.21,24511.22,24570.44,1264.92186
2023-02-16 13:30:00,24572.0,24600.0,24436.0,24596.0,5164.96899
2023-02-16 13:35:00,24594.25,24663.99,24514.06,24557.68,3192.7932
2023-02-16 13:40:00,24557.68,24576.81,24494.77,24521.51,1687.56089
2023-02-16 13:45:00,24522.16,24527.06,24391.0,24438.35,3978.20212
2023-02-16 13:50:00,24439.7,24470.51,24408.54,24444.63,2334.75812
2023-02-16 13:55:00,24446.03,24462.82,24355.0,24445.81,2681.83097
2023-02-16 14:00:00,24446.19,24448.05,24346.66,24352.71,2585.50757
2023-02-16 14:05:00,24352.71,24445.4,24352.69,24436.48,1895.38915
2023-02-16 14:10:00,24437.7,24497.96,24429.12,24440.97,2441.92851
2023-02-16 14:15:00,24440.4,24457.41,24368.02,24396.73,1869.10713
2023-02-16 14:20:00,24396.73,24425.13,24372.02,24385.01,1423.76811
2023-02-16 14:25:00,24386.4,24408.0,24361.0,24391.75,1938.93845
2023-02-16 14:30:00,24391.75,24449.23,24372.86,24382.34,2807.40774
2023-02-16 14:35:00,24382.34,24388.88,24283.35,24373.59,3648.30992
2023-02-16 14:40:00,24370.62,24417.31,24310.01,24363.33,2415.41753
2023-02-16 14:45:00,24362.35,24418.59,24322.8,24399.24,2358.54807
2023-02-16 14:50:00,24399.01,24456.92,24378.14,24442.76,2411.48934
2023-02-16 14:55:00,24444.57,24454.43,24411.0,24423.8,1750.85351
2023-02-16 15:00:00,24423.8,24429.08,24381.14,24418.88,1915.31229
2023-02-16 15:05:00,24418.88,24483.55,24410.02,24465.0,2035.17362
2023-02-16 15:10:00,24465.0,24526.71,24456.01,24494.38,2205.41893
2023-02-16 15:15:00,24494.38,24535.64,24461.05,24530.25,1905.71121
2023-02-16 15:20:00,24529.01,24590.0,24526.64,24550.04,2453.68586
2023-02-16 15:25:00,24550.99,24562.8,24512.54,24540.3,1550.47631
2023-02-16 15:30:00,24539.05,24569.66,24528.2,24556.91,1516.04124
2023-02-16 15:35:00,24556.91,24622.0,24525.0,24592.06,2528.46376
2023-02-16 15:40:00,24592.06,24788.0,24576.5,24770.59,4288.13477
2023-02-16 15:45:00,24770.59,24956.27,24766.4,24941.64,7401.43665
2023-02-16 15:50:00,24943.98,25004.15,24861.01,24961.48,5249.5541
2023-02-16 15:55:00,24961.48,25091.0,24904.55,25072.67,4853.50657
2023-02-16 16:00:00,25072.67,25247.0,25014.09,25235.36,6836.91438
2023-02-16 16:05:00,25238.0,25250.0,24606.14,24732.89,10671.12056
2023-02-16 16:10:00,24732.89,24827.01,24681.0,24751.28,6292.34387
2023-02-16 16:15:00,24753.3,24857.94,24656.89,24832.16,4893.81508
2023-02-16 16:20:00,24834.26,24874.9,24754.79,24781.38,4251.87355
2023-02-16 16:25:00,24779.13,24838.0,24750.01,24836.54,3176.07831
2023-02-16 16:30:00,24836.54,25049.92,24807.57,24974.89,6410.53692
2023-02-16 16:35:00,24974.89,24979.53,24816.75,24903.67,4424.61542
2023-02-16 16:40:00,24904.67,24927.99,24821.99,24866.85,2837.7359
2023-02-16 16:45:00,24866.85,24934.53,24850.0,24886.4,2305.77224
2023-02-16 16:50:00,24884.96,24973.22,24884.88,24942.59,2135.54132
2023-02-16 16:55:00,24942.6,25016.88,24895.34,24898.43,2725.24671
2023-02-16 17:00:00,24897.39,24937.72,24841.3,24864.58,2585.03845
2023-02-16 17:05:00,24866.06,24872.34,24817.97,24855.5,2078.94445
2023-02-16 17:10:00,24855.6,24901.92,24846.56,24873.17,1726.38696
2023-02-16 17:15:00,24872.8,24918.23,24766.0,24770.94,2609.81906
2023-02-16 17:20:00,24770.94,24844.0,24768.08,24835.79,2120.09185
2023-02-16 17:25:00,24835.96,24872.81,24815.46,24842.76,1477.31904
2023-02-16 17:30:00,24842.76,24916.95,24825.42,24908.24,1576.09713
2023-02-16 17:35:00,24909.43,24950.0,24887.84,24909.53,1862.86332
2023-02-16 17:40:00,24910.03,24952.75,24901.86,24949.57,1506.67044
2023-02-16 17:45:00,24949.35,24960.46,24891.33,24913.73,1552.21652
2023-02-16 17:50:00,24913.73,24940.81,24885.55,24928.23,1281.69588
2023-02-16 17:55:00,24927.23,24933.87,24870.5,24891.88,1357.7789
2023-02-16 18:00:00,24891.88,24926.42,24855.0,24873.83,1908.6056
2023-02-16 18:05:00,24872.73,24939.99,24867.96,24936.14,1332.28879
2023-02-16 18:10:00,24936.14,24946.21,24863.59,24930.79,1689.54039
2023-02-16 18:15:00,24930.79,24933.26,24868.63,24887.09,1392.98838
2023-02-16 18:20:00,24887.09,24902.15,24866.34,24888.64,1022.86912
2023-02-16 18:25:00,24888.64,24909.21,24875.61,24880.47,1008.14317
2023-02-16 18:30:00,24879.38,24900.83,24874.0,24897.11,1013.27568
2023-02-16 18:35:00,24897.11,25005.25,24895.39,24980.8,2031.32229
2023-02-16 18:40:00,24980.8,25040.32,24963.64,25014.58,1898.32054
2023-02-16 18:45:00,25014.58,25022.02,24981.85,25000.78,1336.45497
2023-02-16 18:50:00,25000.78,25012.76,24942.01,24958.68,1273.07688
2023-02-16 18:55:00,24958.68,24988.6,24935.01,24971.47,1080.75014
2023-02-16 19:00:00,24970.77,24998.68,24963.21,24985.0,1241.49957
2023-02-16 19:05:00,24983.89,24985.0,24948.94,24951.07,840.95308
2023-02-16 19:10:00,24949.78,24959.81,24916.8,24923.37,1163.3643
2023-02-16 19:15:00,24922.61,24955.9,24911.51,24926.85,846.37374
2023-02-16 19:20:00,24926.85,24930.39,24832.33,24860.35,1913.41829
2023-02-16 19:25:00,24861.18,24925.88,24857.16,24884.28,1120.71889
2023-02-16 19:30:00,24882.43,24894.21,24859.26,24863.05,988.2114
2023-02-16 19:35:00,24864.28,24892.0,24858.94,24872.84,789.25756
2023-02-16 19:40:00,24872.0,24907.75,24843.12,24878.3,1193.88331
2023-02-16 19:45:00,24879.35,24891.96,24870.72,24878.91,824.14262
2023-02-16 19:50:00,24879.7,24903.13,24831.45,24897.0,1230.59268
2023-02-16 19:55:00,24897.0,24915.3,24870.5,24872.58,969.52457
2023-02-16 20:00:00,24872.58,24879.81,24808.0,24814.51,1501.15774
2023-02-16 20:05:00,24814.51,24835.84,24752.47,24809.06,2873.14078
2023-02-16 20:10:00,24809.06,24838.86,24770.0,24770.43,1405.43022
2023-02-16 20:15:00,24770.43,24779.18,24671.0,24704.91,2922.52046
2023-02-16 20:20:00,24704.91,24736.17,24633.59,24651.47,2432.72252
2023-02-16 20:25:00,24652.4,24680.93,24447.47,24473.92,4875.32446
2023-02-16 20:30:00,24472.13,24592.42,24456.84,24586.48,2886.64079
2023-02-16 20:35:00,24586.48,24648.78,24552.14,24567.5,2421.98201
2023-02-16 20:40:00,24569.14,24586.21,24500.01,24553.81,1886.07074
2023-02-16 20:45:00,24553.81,24572.99,24477.27,24538.25,1668.56693
2023-02-16 20:50:00,24537.02,24621.98,24506.63,24568.42,1937.80284
2023-02-16 20:55:00,24569.88,24592.15,24500.0,24565.36,1710.20088
2023-02-16 21:00:00,24565.36,24570.0,24490.22,24492.07,1367.30856
2023-02-16 21:05:00,24493.51,24550.0,24433.11,24539.64,1999.17709
2023-02-16 21:10:00,24537.18,24578.58,24534.92,24540.13,1237.07583
2023-02-16 21:15:00,24540.13,24556.21,24472.06,24483.83,979.84278
2023-02-16 21:20:00,24483.83,24507.55,24448.27,24450.39,1105.5892
2023-02-16 21:25:00,24449.83,24504.54,24446.4,24478.38,1051.70554
2023-02-16 21:30:00,24479.48,24545.05,24357.83,24522.77,3148.25936
2023-02-16 21:35:00,24522.77,24557.53,24501.63,24524.93,1188.98756
2023-02-16 21:40:00,24524.4,24528.82,24456.7,24460.86,1140.06877
2023-02-16 21:45:00,24459.14,24526.51,24450.58,24518.13,1022.64327
2023-02-16 21:50:00,24519.57,24526.5,24487.48,24511.79,765.37532
2023-02-16 21:55:00,24513.64,24539.0,24469.51,24537.04,943.796
2023-02-16 22:00:00,24538.38,24551.82,24513.01,24549.55,854.78326
2023-02-16 22:05:00,24549.99,24552.46,24510.61,24515.05,738.77451
2023-02-16 22:10:00,24516.27,24520.53,24440.04,24449.5,1022.30231
2023-02-16 22:15:00,24449.5,24465.45,24340.68,24380.05,1783.34877
2023-02-16 22:20:00,24381.98,24397.15,24323.14,24359.21,1512.2725
2023-02-16 22:25:00,24358.42,24398.06,24341.0,24357.82,1038.66147
2023-02-16 22:30:00,24357.82,24360.93,24033.0,24099.01,4833.09422
2023-02-16 22:35:00,24095.65,24194.89,24010.0,24020.1,3333.68846
2023-02-16 22:40:00,24016.88,24151.53,23966.2,24114.37,2010.00186
2023-02-16 22:45:00,24114.37,24156.49,24067.67,24070.14,823.97112
2023-02-16 22:50:00,24070.14,24137.0,24067.4,24079.02,966.94406
2023-02-16 22:55:00,24079.02,24104.15,23989.91,23994.76,1824.30766
2023-02-16 23:00:00,23994.78,24083.2,23984.23,23996.28,1995.8193
2023-02-16 23:05:00,23994.22,24096.7,23881.0,24071.65,3086.4906
2023-02-16 23:10:00,24071.65,24081.6,24035.74,24061.66,964.27053
2023-02-16 23:15:00,24063.22,24073.53,23940.19,23942.9,2053.13829
2023-02-16 23:20:00,23944.82,23967.24,23827.96,23908.95,2399.56885
2023-02-16 23:25:00,23906.71,23913.23,23820.0,23857.04,1314.40824
2023-02-16 23:30:00,23857.04,23938.05,23808.0,23821.7,2166.68615
2023-02-16 23:35:00,23821.7,23891.5,23766.63,23798.57,2396.43291
2023-02-16 23:40:00,23801.53,23814.56,23699.98,23787.76,2620.43748
2023-02-16 23:45:00,23784.84,23788.41,23623.01,23681.83,2911.89599
2023-02-16 23:50:00,23681.83,23688.6,23505.25,23544.88,3506.11039
2023-02-16 23:55:00,23544.88,23636.29,23507.08,23517.72,2465.0789
2023-02-17 00:00:00,23517.72,23553.0,23339.37,23539.17,6832.42596
2023-02-17 00:05:00,23539.17,23657.64,23525.95,23653.3,2911.54853
2023-02-17 00:10:00,23653.67,23698.99,23516.64,23529.29,4300.25545
2023-02-17 00:15:00,23529.29,23623.67,23506.01,23621.5,1982.0852
2023-02-17 00:20:00,23620.41,23626.25,23566.45,23595.9,1544.77546
2023-02-17 00:25:00,23595.9,23633.0,23588.83,23630.01,1284.07065
2023-02-17 00:30:00,23630.95,23752.0,23628.36,23745.98,2970.66502
2023-02-17 00:35:00,23745.99,23765.08,23680.92,23757.43,2298.31054
2023-02-17 00:40:00,23755.81,23777.77,23728.93,23758.58,1828.99124
2023-02-17 00:45:00,23758.58,23778.22,23693.17,23721.72,2587.78834
2023-02-17 00:50:00,23722.7,23722.7,23643.07,23693.05,1404.28234
2023-02-17 00:55:00,23693.06,23741.59,23673.15,23713.37,1337.53408
2023-02-17 01:00:00,23713.37,23716.37,23652.86,23672.06,1706.83099
2023-02-17 01:05:00,23672.06,23732.0,23638.63,23728.48,1302.74097
2023-02-17 01:10:00,23729.73,23759.71,23717.08,23734.91,1458.37277
2023-02-17 01:15:00,23734.91,23771.68,23706.76,23767.37,1118.81776
2023-02-17 01:20:00,23766.6,23768.4,23683.17,23711.14,1354.34897
2023-02-17 01:25:00,23710.25,23760.13,23697.61,23757.23,971.68756
2023-02-17 01:30:00,23757.23,23768.68,23723.84,23737.51,885.39978
2023-02-17 01:35:00,23737.51,23756.72,23705.0,23754.34,968.40677
2023-02-17 01:40:00,23754.34,23754.34,23730.0,23750.75,918.01551
2023-02-17 01:45:00,23750.75,23752.34,23706.79,23731.89,1158.32006
2023-02-17 01:50:00,23730.53,23764.46,23722.07,23764.46,842.62535
2023-02-17 01:55:00,23764.46,23880.0,23754.52,23849.87,2693.7831
2023-02-17 02:00:00,23849.87,23853.32,23805.53,23836.65,1674.86216
2023-02-17 02:05:00,23835.55,23837.49,23751.85,23779.25,1520.0892
2023-02-17 02:10:00,23778.31,23789.59,23763.55,23784.65,1027.51896
2023-02-17 02:15:00,23784.65,23820.0,23774.74,23817.1,896.29869
2023-02-17 02:20:00,23816.84,23854.46,23810.09,23824.87,1035.86244
2023-02-17 02:25:00,23825.79,23837.22,23808.03,23833.85,725.47138
2023-02-17 02:30:00,23833.85,23850.01,23817.43,23818.53,728.40869
2023-02-17 02:35:00,23818.53,23851.59,23815.3,23832.96,731.66145
2023-02-17 02:40:00,23832.96,23854.85,23831.09,23851.95,729.63742
2023-02-17 02:45:00,23851.26,23852.21,23804.84,23815.01,1042.26288
2023-02-17 02:50:00,23814.48,23825.3,23780.01,23781.48,930.82531
2023-02-17 02:55:00,23781.49,23794.12,23772.03,23772.31,789.08535
2023-02-17 03:00:00,23772.31,23787.57,23757.14,23781.45,750.52746
2023-02-17 03:05:00,23781.45,23814.97,23779.64,23810.46,536.41089
2023-02-17 03:10:00,23810.46,23828.74,23809.12,23827.8,642.49034
2023-02-17 03:15:00,23827.8,23853.83,23824.71,23851.2,983.05628
2023-02-17 03:20:00,23852.12,23856.14,23820.66,23834.69,756.84471
2023-02-17 03:25:00,23835.18,23886.48,23832.18,23872.59,1385.20783
2023-02-17 03:30:00,23871.55,23914.58,23843.01,23844.25,1516.97917
2023-02-17 03:35:00,23844.54,23860.01,23833.8,23846.67,971.03772
2023-02-17 03:40:00,23846.67,23850.0,23836.0,23848.25,465.64076
2023-02-17 03:45:00,23848.83,23881.96,23846.12,23851.26,1098.8218
2023-02-17 03:50:00,23851.96,23854.04,23834.13,23839.83,808.18178
2023-02-17 03:55:00,23839.83,23853.9,23827.69,23838.64,826.52734
2023-02-17 04:00:00,23838.64,23854.31,23829.55,23843.1,733.62858
2023-02-17 04:05:00,23842.38,23883.12,23834.0,23875.61,881.60385
2023-02-17 04:10:00,23875.61,23876.07,23841.33,23844.78,583.13179
2023-02-17 04:15:00,23844.77,23852.48,23797.89,23801.63,1494.68492
2023-02-17 04:20:00,23802.44,23815.61,23769.87,23786.5,985.63884
2023-02-17 04:25:00,23787.9,23799.99,23776.36,23776.88,592.14869
2023-02-17 04:30:00,23777.62,23817.0,23770.0,23804.42,971.1479
2023-02-17 04:35:00,23804.42,23814.74,23735.81,23772.91,1472.45727
2023-02-17 04:40:00,23772.91,23792.24,23722.61,23779.25,1502.21239
2023-02-17 04:45:00,23779.25,23789.76,23755.62,23765.25,639.8672
2023-02-17 04:50:00,23766.16,23786.77,23761.21,23783.3,619.42483
2023-02-17 04:55:00,23783.91,23814.95,23782.75,23805.15,823.28435
2023-02-17 05:00:00,23805.14,23812.29,23782.43,23787.42,605.74131
2023-02-17 05:05:00,23787.42,23789.74,23754.99,23758.9,621.71367
2023-02-17 05:10:00,23758.9,23764.94,23731.07,23744.99,753.62783
2023-02-17 05:15:00,23744.99,23766.74,23719.58,23731.6,1073.82343
2023-02-17 05:20:00,23730.84,23754.26,23728.92,23745.24,576.98336
2023-02-17 05:25:00,23745.9,23756.66,23726.99,23728.93,646.19244
2023-02-17 05:30:00,23729.8,23748.0,23721.83,23740.68,554.06464
2023-02-17 05:35:00,23739.9,23750.0,23691.0,23737.37,1242.21885
2023-02-17 05:40:00,23738.44,23764.73,23737.37,23759.25,681.39104
2023-02-17 05:45:00,23759.25,23764.99,23744.79,23750.3,695.35116
2023-02-17 05:50:00,23748.96,23756.84,23703.3,23714.66,978.34948
2023-02-17 05:55:00,23716.12,23725.43,23686.29,23707.55,909.10146
2023-02-17 06:00:00,23708.43,23728.25,23704.11,23712.74,681.55743
2023-02-17 06:05:00,23712.02,23733.2,23680.53,23730.79,1034.95231
2023-02-17 06:10:00,23729.73,23746.89,23727.38,23741.97,758.45304
2023-02-17 06:15:00,23741.97,23751.09,23687.52,23696.98,1012.1399
2023-02-17 06:20:00,23696.98,23720.9,23686.92,23700.92,723.60345
2023-02-17 06:25:00,23702.93,23726.65,23683.64,23725.46,764.87754
2023-02-17 06:30:00,23724.18,23730.0,23703.25,23707.11,523.89165
2023-02-17 06:35:00,23707.11,23708.85,23657.69,23662.52,1138.42037
2023-02-17 06:40:00,23662.52,23675.47,23634.05,23656.37,1198.56853
2023-02-17 06:45:00,23656.37,23692.84,23647.18,23668.71,766.64072
2023-02-17 06:50:00,23667.82,23674.18,23634.68,23641.54,681.71761
2023-02-17 06:55:00,23641.54,23669.0,23612.0,23668.1,1087.01939
2023-02-17 07:00:00,23668.1,23684.95,23633.7,23680.62,997.82219
2023-02-17 07:05:00,23681.83,23766.64,23678.82,23751.64,1925.40306
2023-02-17 07:10:00,23751.64,23765.83,23727.7,23746.1,1092.20078
2023-02-17 07:15:00,23745.07,23758.0,23723.28,23746.34,819.29862
2023-02-17 07:20:00,23746.34,23786.11,23741.23,23768.54,999.35754
2023-02-17 07:25:00,23767.77,23776.23,23755.3,23763.81,878.42804
2023-02-17 07:30:00,23763.81,23768.8,23745.38,23746.32,757.23314
2023-02-17 07:35:00,23745.53,23759.8,23724.71,23726.39,864.42106
2023-02-17 07:40:00,23726.39,23746.39,23714.09,23745.78,871.96489
2023-02-17 07:45:00,23745.78,23752.2,23682.08,23687.52,1140.37953
2023-02-17 07:50:00,23687.04,23688.18,23655.35,23655.35,1184.85606
2023-02-17 07:55:00,23655.35,23671.5,23628.36,23637.04,1240.38731
2023-02-17 08:00:00,23635.84,23652.11,23587.35,23626.65,2124.08599
2023-02-17 08:05:00,23625.63,23668.55,23625.18,23646.26,1268.04042
2023-02-17 08:10:00,23645.09,23687.56,23635.29,23677.36,915.30694
2023-02-17 08:15:00,23678.0,23689.6,23643.86,23657.95,975.31702
2023-02-17 08:20:00,23657.95,23665.58,23643.66,23663.56,602.68791
2023-02-20 21:05:00,24807.62,24809.77,24758.0,24788.64,708.6891
2023-02-20 21:10:00,24789.44,24797.33,24770.83,24790.56,473.84286
2023-02-20 21:15:00,24791.22,24804.01,24785.02,24791.7,450.33969
2023-02-20 21:20:00,24791.7,24794.92,24770.0,24772.79,564.35809
2023-02-20 21:25:00,24772.79,24792.0,24762.4,24788.75,526.37353
2023-02-20 21:30:00,24788.75,24795.29,24751.77,24770.86,683.93767
2023-02-20 21:35:00,24770.86,24790.0,24770.0,24788.22,364.56168
2023-02-20 21:40:00,24788.22,24828.04,24782.08,24827.89,589.66484
2023-02-20 21:45:00,24827.89,24828.5,24765.04,24776.33,676.53945
2023-02-20 21:50:00,24775.22,24799.84,24771.29,24780.94,394.07658
2023-02-20 21:55:00,24780.18,24783.34,24765.0,24769.57,440.81142
2023-02-20 22:00:00,24768.7,24783.43,24755.0,24763.89,625.12518
2023-02-20 22:05:00,24763.19,24780.83,24752.88,24777.88,413.47254
2023-02-20 22:10:00,24778.39,24780.84,24767.65,24774.04,259.96613
2023-02-20 22:15:00,24774.04,24777.03,24752.29,24760.51,311.74669
2023-02-20 22:20:00,24760.43,24760.51,24655.0,24745.15,1622.27192
2023-02-20 22:25:00,24745.15,24748.91,24675.68,24695.12,731.19271
2023-02-20 22:30:00,24695.12,24742.0,24680.14,24741.33,727.35862
2023-02-20 22:35:00,24740.58,24749.7,24695.7,24701.75,573.6298
2023-02-20 22:40:00,24700.58,24731.11,24697.54,24707.66,456.07614
2023-02-20 22:45:00,24708.22,24732.0,24698.26,24728.37,335.53876
2023-02-20 22:50:00,24728.0,24768.44,24726.48,24730.84,655.63988
2023-02-20 22:55:00,24730.84,24733.72,24692.18,24704.52,683.14166
2023-02-20 23:00:00,24704.18,24754.05,24697.27,24733.83,938.79357
2023-02-20 23:05:00,24732.63,24772.5,24729.0,24763.6,537.44862
2023-02-20 23:10:00,24762.92,24823.71,24761.87,24823.71,1069.00672
2023-02-20 23:15:00,24822.09,24826.31,24771.45,24789.87,543.33234
2023-02-20 23:20:00,24790.72,24803.34,24770.0,24786.65,429.59361
2023-02-20 23:25:00,24786.66,24808.11,24760.63,24790.75,435.38422
2023-02-20 23:30:00,24790.0,24803.88,24762.49,24771.34,476.87386
2023-02-20 23:35:00,24771.34,24785.0,24762.26,24769.09,462.20303
2023-02-20 23:40:00,24770.19,24785.88,24765.73,24775.37,346.58768
2023-02-20 23:45:00,24774.73,24799.17,24771.46,24795.62,521.32825
2023-02-20 23:50:00,24795.54,24825.0,24790.01,24805.85,432.44761
2023-02-20 23:55:00,24806.36,24848.22,24802.3,24842.2,681.10146
2023-02-21 00:00:00,24843.89,24848.22,24817.34,24818.04,767.84066
2023-02-21 00:05:00,24818.04,24835.58,24813.02,24819.28,656.69674
2023-02-21 00:10:00,24819.96,24833.07,24787.6,24821.84,695.67696
2023-02-21 00:15:00,24821.16,24827.11,24781.5,24787.21,735.87347
2023-02-21 00:20:00,24787.22,24825.0,24783.57,24816.42,528.058
2023-02-21 00:25:00,24815.68,24819.47,24796.7,24817.89,537.27029
2023-02-21 00:30:00,24817.89,24900.0,24814.17,24886.57,1200.17811
2023-02-21 00:35:00,24888.0,24915.8,24874.8,24913.22,1277.36899
2023-02-21 00:40:00,24914.55,24940.0,24882.47,24911.82,1192.14801
2023-02-21 00:45:00,24911.82,24912.92,24876.49,24892.38,814.2109
2023-02-21 00:50:00,24892.38,24894.81,24867.06,24882.63,534.45081
2023-02-21 00:55:00,24882.63,24883.66,24846.36,24858.6,632.39853
2023-02-21 01:00:00,24858.6,24872.56,24837.54,24843.35,837.83831
2023-02-21 01:05:00,24843.35,24851.83,24822.32,24845.62,616.52127
2023-02-21 01:10:00,24847.12,24863.4,24822.98,24854.33,704.30898
2023-02-21 01:15:00,24855.0,24888.88,24821.06,24823.85,873.52907
2023-02-21 01:20:00,24823.85,24843.48,24805.38,24835.36,681.88243
2023-02-21 01:25:00,24834.37,24851.94,24812.56,24826.55,567.32776
2023-02-21 01:30:00,24825.66,24845.0,24802.34,24822.71,703.45416
2023-02-21 01:35:00,24822.71,24865.0,24821.34,24856.98,616.86691
2023-02-21 01:40:00,24858.29,24881.02,24834.09,24865.98,734.86765
2023-02-21 01:45:00,24865.25,24931.26,24861.62,24909.02,1183.87363
2023-02-21 01:50:00,24909.86,24912.17,24884.21,24885.64,658.5371
2023-02-21 01:55:00,24887.0,24888.48,24854.44,24863.71,707.38562
2023-02-21 02:00:00,24862.93,24884.14,24856.04,24871.45,683.76574
2023-02-21 02:05:00,24872.49,24910.0,24863.3,24891.02,861.96747
2023-02-21 02:10:00,24891.02,24908.13,24886.8,24886.8,617.35002
2023-02-21 02:15:00,24886.71,24918.99,24876.8,24897.24,862.5607
2023-02-21 02:20:00,24895.95,24905.51,24879.72,24894.78,420.286
2023-02-21 02:25:00,24894.78,24943.0,24892.71,24926.46,1082.28456
2023-02-21 02:30:00,24925.59,24998.94,24919.93,24996.0,2346.6123
2023-02-21 02:35:00,24996.57,25077.1,24952.99,25048.78,2726.95268
2023-02-21 02:40:00,25047.42,25093.23,24990.57,25072.35,2113.39333
2023-02-21 02:45:00,25071.56,25076.67,24988.23,24999.78,1353.45904
2023-02-21 02:50:00,24999.78,25008.07,24958.45,24965.61,1253.16031
2023-02-21 02:55:00,24967.0,24968.68,24887.83,24911.51,1857.0429
2023-02-21 03:00:00,24910.32,24913.21,24847.0,24869.16,2018.09153
2023-02-21 03:05:00,24868.0,24979.35,24865.29,24974.33,1569.24834
2023-02-21 03:10:00,24973.59,24979.97,24926.48,24949.44,1221.40327
2023-02-21 03:15:00,24949.44,24971.31,24907.01,24956.87,854.00183
2023-02-21 03:20:00,24956.26,24989.0,24951.86,24981.83,1004.80248
2023-02-21 03:25:00,24981.83,25004.88,24964.24,24975.71,1035.19136
2023-02-21 03:30:00,24975.66,25014.35,24956.0,24992.44,1235.80105
2023-02-21 03:35:00,24993.22,24994.19,24943.06,24946.55,907.01206
2023-02-21 03:40:00,24946.55,24958.0,24921.74,24928.32,935.36782
2023-02-21 03:45:00,24928.99,24953.45,24911.33,24922.52,806.8582
2023-02-21 03:50:00,24923.37,24938.77,24911.01,24914.31,683.24046
2023-02-21 03:55:00,24914.03,24943.3,24911.36,24926.56,581.4821
2023-02-21 04:00:00,24926.56,24944.6,24908.01,24934.94,799.11794
2023-02-21 04:05:00,24934.94,24939.36,24893.26,24901.98,678.45938
2023-02-21 04:10:00,24901.98,24917.47,24894.26,24905.74,642.98678
2023-02-21 04:15:00,24905.74,24906.96,24866.11,24889.56,977.35601
2023-02-21 04:20:00,24889.56,24929.0,24886.09,24913.08,690.884
2023-02-21 04:25:00,24912.39,24929.0,24905.86,24928.3,487.12953
2023-02-21 04:30:00,24927.23,24928.32,24886.6,24895.19,618.21639
2023-02-21 04:35:00,24895.18,24896.48,24865.0,24868.53,746.95548
2023-02-21 04:40:00,24868.52,24891.72,24854.18,24875.03,741.19332
2023-02-21 04:45:00,24874.33,24890.0,24860.01,24875.61,737.99401
2023-02-21 04:50:00,24875.61,24908.87,24869.53,24895.68,544.26103
2023-02-21 04:55:00,24896.36,24917.74,24891.71,24904.14,663.11033
2023-02-21 05:00:00,24904.98,24908.82,24884.29,24899.5,540.65544
2023-02-21 05:05:00,24899.5,24915.11,24892.58,24913.34,647.77268
2023-02-21 05:10:00,24913.34,24917.02,24870.27,24884.02,720.21746
2023-02-21 05:15:00,24883.39,24917.0,24877.13,24911.07,582.74332
2023-02-21 05:20:00,24911.91,24913.56,24878.2,24888.39,614.53186
2023-02-21 05:25:00,24889.34,24910.66,24885.37,24903.56,552.4825
2023-02-21 05:30:00,24902.82,24923.24,24900.25,24920.52,606.85981
2023-02-21 05:35:00,24921.78,24938.56,24910.7,24923.49,829.14306
2023-02-21 05:40:00,24924.3,24926.81,24899.03,24911.42,604.49666
2023-02-21 05:45:00,24911.42,24941.33,24908.36,24937.53,650.88252
2023-02-21 05:50:00,24937.54,24964.4,24929.74,24948.7,819.60613
2023-02-21 05:55:00,24948.7,24963.26,24933.92,24945.37,696.90894
2023-02-21 06:00:00,24946.44,24980.66,24936.88,24939.01,1036.18824
2023-02-21 06:05:00,24937.93,24950.36,24929.33,24941.58,671.09968
2023-02-21 06:10:00,24941.58,24979.26,24941.23,24975.33,802.08106
2023-02-21 06:15:00,24974.76,24977.7,24952.97,24970.05,735.69479
2023-02-21 06:20:00,24970.05,24984.63,24938.0,24943.81,808.42856
2023-02-21 06:25:00,24943.81,24952.0,24931.14,24945.15,595.14585
2023-02-21 06:30:00,24944.73,24946.08,24923.34,24929.71,567.82866
2023-02-21 06:35:00,24929.7,24973.18,24924.37,24965.19,764.31599
2023-02-21 06:40:00,24965.9,24979.99,24954.93,24971.61,718.02027
2023-02-21 06:45:00,24971.61,24986.0,24958.2,24966.59,776.88637
2023-02-21 06:50:00,24966.59,25039.67,24963.7,25029.52,1534.33868
2023-02-21 06:55:00,25029.52,25045.04,25009.48,25032.42,1194.53161
2023-02-21 07:00:00,25033.02,25034.7,24952.36,24987.05,1405.27482
2023-02-21 07:05:00,24987.05,25000.0,24936.99,24959.04,1245.17249
2023-02-21 07:10:00,24959.04,25028.81,24955.82,25019.05,1371.35915
2023-02-21 07:15:00,25019.05,25020.75,24980.0,24983.48,730.18754
2023-02-21 07:20:00,24983.49,25014.9,24981.0,24993.34,786.72328
2023-02-21 07:25:00,24992.67,25005.0,24985.0,24993.93,512.3574
2023-02-21 07:30:00,24993.93,25014.61,24973.66,24982.27,875.08023
2023-02-21 07:35:00,24983.02,24997.96,24971.55,24984.79,605.51924
2023-02-21 07:40:00,24984.72,24997.13,24975.0,24987.92,659.91016
2023-02-21 07:45:00,24988.79,25019.66,24980.11,25010.14,942.98806
2023-02-21 07:50:00,25009.5,25050.0,24999.56,25042.02,1238.88928
2023-02-21 07:55:00,25043.17,25044.77,24987.28,24999.95,1095.04736
2023-02-21 08:00:00,24999.77,25020.0,24980.19,25018.65,1060.60937
2023-02-21 08:05:00,25019.16,25076.1,25018.41,25066.03,1958.75357
2023-02-21 08:10:00,25066.03,25075.0,25026.62,25036.02,1099.14721
2023-02-21 08:15:00,25036.02,25140.3,25013.0,25065.62,3254.42414
2023-02-21 08:20:00,25065.62,25114.09,25035.5,25096.46,1808.28086
2023-02-21 08:25:00,25096.47,25250.0,25032.01,25051.68,5332.2309
2023-02-21 08:30:00,25051.68,25090.98,24935.29,25024.02,5131.52829
2023-02-21 08:35:00,25023.1,25027.4,24837.35,24850.01,4289.3554
2023-02-21 08:40:00,24850.0,24889.66,24767.01,24812.11,4567.14529
2023-02-21 08:45:00,24813.11,24814.66,24627.44,24703.58,5619.822
2023-02-21 08:50:00,24702.54,24746.99,24650.0,24719.3,2462.52322
2023-02-21 08:55:00,24718.71,24727.72,24650.01,24689.23,1758.1212
2023-02-21 09:00:00,24689.66,24759.32,24656.47,24757.66,1859.15265
2023-02-21 09:05:00,24757.66,24763.51,24657.52,24660.8,1473.85001
2023-02-21 09:10:00,24659.93,24681.54,24555.55,24657.51,2394.72547
2023-02-21 09:15:00,24657.51,24732.96,24653.97,24711.8,1236.30592
2023-02-21 09:20:00,24711.79,24717.3,24651.01,24713.04,1011.67543
2023-02-21 09:25:00,24713.04,24750.0,24696.55,24720.29,849.99272
2023-02-21 09:30:00,24720.79,24816.47,24707.29,24808.92,1930.6786
2023-02-21 09:35:00,24809.52,24833.89,24767.63,24821.98,2048.6981
2023-02-21 09:40:00,24821.98,24836.98,24785.88,24798.4,1349.0567
2023-02-21 09:45:00,24798.4,24813.58,24752.0,24769.78,1394.40359
2023-02-21 09:50:00,24769.61,24834.06,24762.0,24804.99,1572.00323
2023-02-21 09:55:00,24804.99,24819.0,24788.22,24799.99,946.6537
2023-02-21 10:00:00,24799.99,24805.3,24776.47,24781.43,915.33171
2023-02-21 10:05:00,24781.98,24793.33,24743.4,24793.05,1151.41549
2023-02-21 10:10:00,24792.82,24806.98,24733.99,24735.6,991.72717
2023-02-21 10:15:00,24734.64,24754.49,24702.0,24703.62,1352.28023
2023-02-21 10:20:00,24702.74,24767.93,24698.73,24755.69,1146.07917
2023-02-21 10:25:00,24756.67,24776.98,24723.56,24766.21,1059.80461
2023-02-21 10:30:00,24766.21,24777.0,24731.29,24740.1,943.33319
2023-02-21 10:35:00,24740.77,24750.0,24687.88,24745.78,1495.40812
2023-02-21 10:40:00,24746.6,24760.0,24712.98,24719.63,925.38922
2023-02-21 10:45:00,24719.63,24749.93,24675.68,24690.85,1611.36873
2023-02-21 10:50:00,24689.9,24723.27,24675.39,24692.7,1267.20901
2023-02-21 10:55:00,24692.7,24708.77,24676.0,24702.72,945.41969
2023-02-21 11:00:00,24703.2,24724.97,24679.74,24712.78,1378.01377
2023-02-21 11:05:00,24712.78,24722.71,24698.0,24701.36,815.87105
2023-02-21 11:10:00,24702.39,24707.84,24647.75,24662.71,1527.57972
2023-02-21 11:15:00,24663.76,24737.7,24652.39,24736.77,1272.21373
2023-02-21 11:20:00,24736.77,24755.0,24717.39,24745.42,1079.67905
2023-02-21 11:25:00,24745.42,24749.67,24724.94,24730.14,662.37799
2023-02-21 11:30:00,24730.14,24752.0,24683.48,24710.53,1098.75478
2023-02-21 11:35:00,24709.58,24716.65,24665.16,24668.88,1178.19469
2023-02-21 11:40:00,24668.88,24703.0,24656.41,24687.74,1353.04051
2023-02-21 11:45:00,24688.92,24698.97,24628.0,24631.82,1548.76675
2023-02-21 11:50:00,24632.13,24664.47,24600.0,24627.5,1512.51374
2023-02-21 11:55:00,24627.48,24652.28,24561.58,24572.83,2537.92292
2023-02-21 12:00:00,24572.83,24642.2,24555.37,24618.25,2158.17749
2023-02-21 12:05:00,24618.25,24634.64,24488.0,24533.42,3786.21229
2023-02-21 12:10:00,24533.84,24619.91,24522.29,24611.74,1675.71991
2023-02-21 12:15:00,24612.7,24613.85,24536.65,24537.81,1562.40248
2023-02-21 12:20:00,24537.81,24564.28,24521.21,24535.13,1506.08865
2023-02-21 12:25:00,24535.14,24602.5,24516.82,24600.12,1397.23961
2023-02-21 12:30:00,24600.12,24665.29,24588.61,24662.32,1750.69546
2023-02-21 12:35:00,24662.58,24665.31,24619.39,24635.51,1248.043
2023-02-21 12:40:00,24635.51,24637.41,24582.79,24599.58,1187.66896
2023-02-21 12:45:00,24599.98,24654.9,24597.13,24628.19,839.55007
2023-02-21 12:50:00,24627.11,24645.63,24601.27,24617.95,777.30368
2023-02-21 12:55:00,24617.95,24638.32,24611.85,24634.0,607.83721
2023-02-21 13:00:00,24633.99,24650.82,24617.02,24633.11,933.88087
2023-02-21 13:05:00,24634.63,24646.81,24617.84,24636.51,781.82548
2023-02-21 13:10:00,24636.51,24664.6,24626.73,24649.66,1087.01584
2023-02-21 13:15:00,24650.34,24697.54,24642.6,24654.15,1194.78916
2023-02-21 13:20:00,24655.52,24663.0,24630.01,24651.11,948.87399
2023-02-21 13:25:00,24652.23,24655.29,24607.0,24637.91,1320.93754
2023-02-21 13:30:00,24637.92,24695.78,24630.61,24691.77,1418.51884
2023-02-21 13:35:00,24691.65,24698.0,24641.68,24673.07,895.62254
2023-02-21 13:40:00,24672.45,24675.04,24616.09,24624.43,912.38146
2023-02-21 13:45:00,24625.04,24653.26,24591.44,24599.72,1281.18675
2023-02-21 13:50:00,24601.08,24608.71,24580.01,24589.32,1288.40815
2023-02-21 13:55:00,24589.32,24604.44,24510.27,24569.8,2784.77326
2023-02-21 14:00:00,24569.73,24609.98,24548.33,24554.44,1439.22491
2023-02-21 14:05:00,24553.19,24625.0,24551.54,24611.62,1271.80405
2023-02-21 14:10:00,24610.83,24623.5,24580.68,24604.7,1217.15224
2023-02-21 14:15:00,24605.48,24666.99,24595.25,24642.77,1631.41265
2023-02-21 14:20:00,24644.04,24665.0,24625.4,24647.62,1106.27618
2023-02-21 14:25:00,24648.57,24654.13,24623.25,24643.12,983.5685
2023-02-21 14:30:00,24643.11,24743.0,24598.79,24736.08,2899.11876
2023-02-21 14:35:00,24735.37,24755.0,24663.01,24746.73,2691.52102
2023-02-21 14:40:00,24747.62,24790.0,24713.23,24745.12,2553.5255
2023-02-21 14:45:00,24744.94,24754.09,24680.0,24687.97,3311.57584
2023-02-21 14:50:00,24687.97,24717.95,24652.36,24703.26,2060.6446
2023-02-21 14:55:00,24701.76,24726.96,24660.0,24684.93,1873.89682
2023-02-21 15:00:00,24684.7,24722.0,24670.0,24689.26,1822.00594
2023-02-21 15:05:00,24690.15,24722.0,24677.72,24690.34,1505.42138
2023-02-21 15:10:00,24691.56,24696.8,24580.0,24596.92,2271.703
2023-02-21 15:15:00,24596.92,24602.67,24408.0,24530.3,4827.31031
2023-02-21 15:20:00,24530.3,24558.83,24474.41,24527.22,1931.29544
2023-02-21 15:25:00,24529.08,24533.67,24468.65,24519.03,1793.73054
2023-02-21 15:30:00,24519.02,24585.51,24475.01,24572.46,1911.958
2023-02-21 15:35:00,24572.46,24612.78,24551.33,24592.66,1646.75052
2023-02-21 15:40:00,24592.66,24625.77,24583.52,24590.56,1538.64036
2023-02-21 15:45:00,24589.92,24632.9,24570.85,24585.32,1613.94158
2023-02-21 15:50:00,24585.32,24591.02,24541.75,24575.29,1245.51768
2023-02-21 15:55:00,24575.29,24604.2,24540.33,24558.09,1110.60586
2023-02-21 16:00:00,24556.81,24588.33,24534.87,24535.29,1175.17756
2023-02-21 16:05:00,24534.87,24542.0,24482.0,24490.61,1611.44865
2023-02-21 16:10:00,24490.61,24497.76,24376.0,24452.62,2766.72559
2023-02-21 16:15:00,24450.5,24468.85,24311.04,24349.46,3826.13571
2023-02-21 16:20:00,24351.12,24390.03,24322.76,24355.99,1961.80981
2023-02-21 16:25:00,24356.78,24414.42,24353.98,24372.0,1612.2233
2023-02-21 16:30:00,24373.05,24398.54,24288.0,24308.68,2746.58619
2023-02-21 16:35:00,24308.68,24402.03,24279.35,24368.26,2395.42975
2023-02-21 16:40:00,24368.26,24436.35,24348.87,24406.21,1621.47726
2023-02-21 16:45:00,24407.59,24445.58,24369.37,24430.19,1854.05039
2023-02-21 16:50:00,24429.25,24438.0,24403.06,24431.98,1201.63758
2023-02-21 16:55:00,24430.92,24445.48,24379.03,24403.27,1403.28626
2023-02-21 17:00:00,24402.23,24427.16,24390.9,24411.26,1068.30531
2023-02-21 17:05:00,24411.26,24444.06,24410.0,24438.39,1135.80276
2023-02-21 17:10:00,24440.01,24443.02,24378.39,24385.86,1000.18712
2023-02-21 17:15:00,24384.28,24436.06,24370.83,24429.33,953.90492
2023-02-21 17:20:00,24430.23,24445.46,24400.0,24411.24,1063.59762
2023-02-21 17:25:00,24411.24,24445.46,24396.05,24406.98,1143.0078
2023-02-21 17:30:00,24408.03,24448.23,24398.96,24445.45,950.4016
2023-02-21 17:35:00,24446.25,24454.46,24417.09,24440.75,879.98979
2023-02-21 17:40:00,24439.8,24511.1,24439.62,24478.14,1663.51585
2023-02-21 17:45:00,24478.14,24522.82,24470.19,24511.39,1261.17353
2023-02-21 17:50:00,24511.74,24590.71,24505.63,24578.08,1780.65005
2023-02-21 17:55:00,24579.07,24660.78,24551.2,24655.45,2855.10656
2023-02-21 18:00:00,24656.65,24740.0,24629.31,24737.08,3691.28419
2023-02-21 18:05:00,24737.08,24745.78,24633.11,24639.93,2782.39347
2023-02-21 18:10:00,24639.93,24664.0,24575.42,24657.1,2505.49169
2023-02-21 18:15:00,24657.48,24686.66,24619.85,24627.21,1655.20832
2023-02-21 18:20:00,24627.21,24664.12,24623.07,24631.75,1118.74693
2023-02-21 18:25:00,24632.7,24661.95,24621.7,24637.58,1313.05718
2023-02-21 18:30:00,24636.72,24650.56,24608.99,24615.53,1125.58885
2023-02-21 18:35:00,24615.54,24627.87,24569.23,24580.9,1637.10152
2023-02-21 18:40:00,24580.9,24599.54,24560.0,24597.15,1227.83508
2023-02-21 18:45:00,24597.15,24715.0,24581.06,24692.71,1904.88144
2023-02-21 18:50:00,24692.71,24719.18,24677.02,24704.43,1416.96937
2023-02-21 18:55:00,24705.26,24730.48,24675.37,24685.06,1232.12855
2023-02-21 19:00:00,24685.84,24692.29,24645.23,24670.38,1191.09375
2023-02-21 19:05:00,24670.38,24685.4,24643.0,24646.16,862.36157
2023-02-21 19:10:00,24646.16,24667.0,24624.18,24649.01,1074.57638
2023-02-21 19:15:00,24648.23,24651.28,24591.86,24594.98,1096.23541
2023-02-21 19:20:00,24594.98,24605.0,24555.15,24584.72,1256.44926
2023-02-21 19:25:00,24584.72,24647.64,24579.06,24633.43,1238.66266
2023-02-21 19:30:00,24633.43,24685.66,24613.77,24683.8,1334.53651
2023-02-21 19:35:00,24682.48,24697.35,24651.48,24653.72,1282.26675
2023-02-21 19:40:00,24654.29,24658.51,24550.0,24611.2,2042.62417
2023-02-21 19:45:00,24610.29,24627.45,24587.75,24612.71,959.02401
2023-02-21 19:50:00,24613.38,24625.82,24592.32,24618.08,851.58912
2023-02-21 19:55:00,24618.72,24636.16,24581.0,24602.88,791.15837
2023-02-21 20:00:00,24602.88,24639.56,24571.86,24631.99,980.11913
2023-02-21 20:05:00,24631.94,24633.72,24587.76,24598.63,762.03362
2023-02-21 20:10:00,24599.83,24605.76,24550.44,24557.8,1109.41213
2023-02-21 20:15:00,24557.8,24595.0,24550.03,24552.77,893.06885
2023-02-21 20:20:00,24553.66,24560.64,24501.36,24524.38,1621.80323
2023-02-21 20:25:00,24524.38,24525.55,24436.81,24459.96,1613.76668
2023-02-21 20:30:00,24460.6,24528.33,24445.28,24515.41,1213.26765
2023-02-21 20:35:00,24516.52,24527.55,24478.52,24506.14,939.20463
2023-02-21 20:40:00,24505.12,24522.22,24419.74,24474.11,1340.57846
2023-02-21 20:45:00,24474.11,24493.7,24441.66,24481.9,919.81389
2023-02-21 20:50:00,24481.91,24498.15,24455.8,24470.84,1297.82524
2023-02-21 20:55:00,24471.96,24488.0,24450.2,24465.63,909.22644
2023-02-21 21:00:00,24464.31,24520.0,24450.2,24497.01,994.76502
2023-02-21 21:05:00,24497.0,24538.52,24482.67,24507.08,813.10949
2023-02-21 21:10:00,24508.29,24512.62,24354.0,24379.29,2056.61723
2023-02-21 21:15:00,24380.66,24400.87,24270.0,24352.44,2391.75619
2023-02-21 21:20:00,24351.09,24368.49,24155.0,24198.06,3638.55195
2023-02-21 21:25:00,24195.8,24271.16,24148.34,24225.15,2059.12724
2023-02-21 21:30:00,24225.15,24318.34,24207.4,24264.02,1576.22392
2023-02-21 21:35:00,24264.02,24321.87,24249.69,24320.34,1131.89902
2023-02-21 21:40:00,24321.84,24337.74,24245.96,24279.37,1047.7168
2023-02-21 21:45:00,24277.96,24295.65,24173.95,24257.03,1412.62853
2023-02-21 21:50:00,24255.21,24270.95,24183.25,24238.99,1070.61995
2023-02-21 21:55:00,24237.18,24243.15,24160.0,24201.2,1156.23275
2023-02-21 22:00:00,24201.2,24208.3,24154.98,24188.28,940.9179
2023-02-21 22:05:00,24187.97,24322.38,24168.27,24258.57,1622.55536
2023-02-21 22:10:00,24256.06,24280.0,24226.34,24252.93,822.96099
2023-02-21 22:15:00,24252.93,24307.94,24245.23,24282.05,760.39555
2023-02-21 22:20:00,24281.06,24285.63,24235.2,24248.12,585.70075
2023-02-21 22:25:00,24247.28,24312.83,24246.47,24295.68,647.22304
2023-02-21 22:30:00,24295.68,24327.0,24270.25,24302.21,597.86239
2023-02-21 22:35:00,24301.13,24357.06,24281.57,24337.84,631.68971
2023-02-21 22:40:00,24338.84,24365.86,24310.0,24354.54,628.12728
2023-02-21 22:45:00,24355.05,24425.0,24334.56,24401.86,918.20853
2023-02-21 22:50:00,24401.86,24406.6,24330.0,24354.65,690.88808
2023-02-21 22:55:00,24353.28,24393.15,24351.01,24384.11,495.02662
2023-02-21 23:00:00,24383.8,24396.06,24342.5,24377.35,775.74049
2023-02-21 23:05:00,24375.77,24403.41,24368.64,24383.15,862.73118
2023-02-21 23:10:00,24383.15,24394.57,24355.0,24390.03,594.3905
2023-02-21 23:15:00,24390.04,24392.3,24361.84,24362.59,485.87162
2023-02-21 23:20:00,24362.6,24373.5,24339.06,24354.66,538.37293
2023-02-21 23:25:00,24353.84,24368.49,24335.6,24354.34,494.92355
2023-02-21 23:30:00,24354.13,24399.0,24344.94,24372.44,553.08794
2023-02-21 23:35:00,24372.44,24400.24,24370.04,24391.99,477.15953
2023-02-21 23:40:00,24391.99,24402.23,24365.27,24375.15,481.2875
2023-02-21 23:45:00,24376.37,24397.02,24366.53,24391.79,400.52342
2023-02-21 23:50:00,24391.79,24447.14,24388.3,24420.35,841.3518
2023-02-21 23:55:00,24421.5,24459.12,24407.59,24452.16,542.04823
2023-02-22 00:00:00,24450.67,24457.4,24414.36,24447.42,966.64616
2023-02-22 00:05:00,24447.42,24472.19,24440.61,24470.96,994.03147
2023-02-22 00:10:00,24470.97,24476.05,24435.86,24445.41,1078.83675
2023-02-22 00:15:00,24444.51,24468.88,24422.72,24427.76,778.38152
2023-02-22 00:20:00,24427.76,24440.87,24413.08,24420.67,700.4684
2023-02-22 00:25:00,24420.14,24424.07,24397.01,24421.58,803.3391
2023-02-22 00:30:00,24422.68,24425.44,24398.0,24398.04,652.44187
2023-02-22 00:35:00,24399.07,24423.0,24387.08,24396.81,710.51141
2023-02-22 00:40:00,24395.81,24396.81,24351.06,24357.54,843.97347
2023-02-22 00:45:00,24358.68,24362.15,24304.88,24323.78,1282.53949
2023-02-22 00:50:00,24324.37,24390.08,24264.27,24384.93,1331.92026
2023-02-22 00:55:00,24384.93,24420.52,24348.53,24412.47,1218.47045
2023-02-22 01:00:00,24411.32,24436.01,24379.87,24392.64,1211.21984
2023-02-22 01:05:00,24392.64,24402.14,24367.8,24380.3,948.04773
2023-02-22 01:10:00,24380.3,24392.22,24348.0,24373.06,888.39437
2023-02-22 01:15:00,24372.07,24410.0,24371.31,24392.76,743.74036
2023-02-22 01:20:00,24392.76,24419.0,24390.99,24406.88,497.62924
2023-02-22 01:25:00,24406.88,24409.76,24337.92,24357.6,665.04541
2023-02-22 01:30:00,24357.6,24393.97,24329.98,24331.9,774.71464
2023-02-22 01:35:00,24331.9,24332.52,24279.8,24289.85,1230.43269
2023-02-22 01:40:00,24289.85,24331.72,24261.84,24327.74,908.57205
2023-02-22 01:45:00,24327.74,24331.09,24231.0,24287.01,1540.90111
2023-02-22 01:50:00,24287.0,24305.91,24199.28,24207.86,1656.36919
2023-02-22 01:55:00,24207.86,24212.89,24108.0,24175.5,2983.31034
2023-02-22 02:00:00,24175.72,24179.47,24000.0,24050.58,6244.31681
2023-02-22 02:05:00,24050.58,24109.09,23951.64,24104.75,3596.74421
2023-02-22 02:10:00,24106.0,24133.48,24034.23,24046.23,1762.0531
2023-02-22 02:15:00,24046.23,24105.0,24042.39,24064.38,1471.71903
2023-02-22 02:20:00,24064.38,24140.0,24050.87,24118.7,1517.17226
2023-02-22 02:25:00,24119.66,24130.4,23999.01,24030.31,1838.78559
2023-02-22 02:30:00,24031.84,24050.55,23855.55,23960.7,3802.20806
2023-02-22 02:35:00,23960.7,24106.08,23957.75,24088.73,2023.72014
2023-02-22 02:40:00,24088.74,24152.95,24058.67,24140.37,2019.16976
2023-02-22 02:45:00,24139.1,24192.32,24109.12,24176.39,1964.5042
2023-02-22 02:50:00,24176.39,24182.31,24121.82,24153.87,976.27901
2023-02-22 02:55:00,24152.53,24178.42,24129.0,24170.47,1014.33491
2023-02-22 03:00:00,24172.23,24233.09,24120.35,24226.75,1717.26422
2023-02-22 03:05:00,24228.12,24270.88,24210.69,24237.65,1649.99164
2023-02-22 03:10:00,24238.13,24241.19,24200.01,24209.32,960.43792
2023-02-22 03:15:00,24209.32,24230.0,24159.59,24179.03,1151.98773
2023-02-22 03:20:00,24178.91,24214.5,24164.92,24188.24,789.02091
2023-02-22 03:25:00,24187.28,24235.01,24182.53,24213.18,764.92037
2023-02-22 03:30:00,24212.79,24228.94,24151.12,24163.65,1065.84377
2023-02-22 03:35:00,24163.65,24199.54,24153.34,24172.32,913.50491
2023-02-22 03:40:00,24173.23,24179.88,24150.15,24161.75,970.79567
2023-02-22 03:45:00,24161.24,24188.6,24160.0,24178.35,711.52346
2023-02-22 03:50:00,24178.35,24236.89,24174.2,24227.74,1213.58613
2023-02-22 03:55:00,24227.74,24251.39,24190.4,24201.85,1403.36252
2023-02-22 04:00:00,24202.67,24220.0,24172.98,24178.99,1042.53566
2023-02-22 04:05:00,24178.99,24207.63,24170.0,24188.2,665.88085
2023-02-22 04:10:00,24188.2,24214.01,24168.66,24207.83,784.72313
2023-02-22 04:15:00,24206.72,24221.6,24183.12,24196.61,984.72447
2023-02-22 04:20:00,24196.62,24204.26,24164.43,24168.83,836.25142
2023-02-22 04:25:00,24168.01,24183.44,24138.01,24144.18,1002.29979
2023-02-22 04:30:00,24143.63,24161.17,24121.8,24129.82,891.97793
2023-02-22 04:35:00,24128.35,24129.82,24062.52,24091.52,1470.59076
2023-02-22 04:40:00,24091.52,24098.8,24023.47,24096.05,1269.82562
2023-02-22 04:45:00,24096.73,24105.52,24024.58,24047.92,1210.71014
2023-02-22 04:50:00,24048.77,24153.84,24046.44,24125.54,1174.56757
2023-02-22 04:55:00,24125.54,24170.44,24107.45,24155.23,991.85644
2023-02-22 05:00:00,24156.53,24172.01,24136.68,24161.68,899.34921
2023-02-22 05:05:00,24161.68,24164.31,24131.09,24132.79,699.37384
2023-02-22 05:10:00,24132.03,24134.08,24077.66,24096.45,972.71031
2023-02-22 05:15:00,24096.45,24116.1,24026.18,24066.32,1029.22956
2023-02-22 05:20:00,24067.71,24122.0,24026.27,24035.03,1216.63278
2023-02-22 05:25:00,24034.02,24060.91,23992.93,24018.19,1525.12895
2023-02-22 05:30:00,24018.19,24072.6,24015.46,24047.92,1355.31354
2023-02-22 05:35:00,24047.09,24091.32,24033.76,24061.68,1171.80446
2023-02-22 05:40:00,24062.36,24065.29,24008.7,24043.73,1027.68749
2023-02-22 05:45:00,24042.84,24080.85,24025.2,24075.12,890.24212
2023-02-22 05:50:00,24075.12,24115.06,24057.38,24107.57,1205.40324
2023-02-22 05:55:00,24107.57,24111.0,24090.46,24107.02,597.5413
2023-02-22 06:00:00,24105.55,24124.08,24077.8,24119.02,1070.94811
2023-02-22 06:05:00,24117.18,24129.1,24090.28,24106.89,688.85557
2023-02-22 06:10:00,24106.15,24110.71,24073.37,24089.37,806.60473
2023-02-22 06:15:00,24090.1,24097.13,24021.33,24040.09,1246.59733
2023-02-22 06:20:00,24041.64,24073.0,24023.59,24060.59,992.59294
2023-02-22 06:25:00,24061.55,24068.38,24035.0,24040.45,662.18566
2023-02-22 06:30:00,24039.45,24049.31,23951.57,24010.13,2409.56245
2023-02-22 06:35:00,24008.8,24019.18,23962.03,23989.64,1187.57976
2023-02-22 06:40:00,23989.64,23995.88,23958.46,23988.82,941.1787
2023-02-22 06:45:00,23988.82,24048.62,23957.34,24029.24,1497.80476
2023-02-22 06:50:00,24029.24,24038.19,23975.05,23991.29,990.9092
2023-02-22 06:55:00,23991.29,24019.88,23931.09,23950.15,1838.89352
2023-02-22 07:00:00,23950.15,23975.97,23933.8,23942.77,1512.23966
2023-02-22 07:05:00,23942.8,23979.39,23932.0,23938.09,1022.43944
2023-02-22 07:10:00,23938.09,24024.39,23931.0,24003.58,1405.99873
2023-02-22 07:15:00,24004.9,24037.93,23996.52,24015.52,1205.77095
2023-02-22 07:20:00,24015.52,24088.98,24013.6,24068.01,1449.2824
2023-02-22 07:25:00,24068.01,24073.27,23981.59,23981.59,1054.64703
2023-02-22 07:30:00,23981.59,24048.99,23966.73,24018.34,1295.99559
2023-02-22 07:35:00,24018.34,24040.32,23995.71,24037.73,723.81394
2023-02-22 07:40:00,24038.31,24042.0,24000.0,24039.94,881.52533
2023-02-22 07:45:00,24039.94,24083.75,24022.93,24078.86,1145.92523
2023-02-22 07:50:00,24079.99,24101.62,24061.48,24078.07,1276.6573
2023-02-22 07:55:00,24078.07,24087.0,24034.1,24060.95,1034.79598
2023-02-22 08:00:00,24059.73,24070.78,24025.59,24038.96,1255.18481
2023-02-22 08:05:00,24038.96,24070.98,24026.7,24041.58,1060.59349
2023-02-22 08:10:00,24040.4,24044.69,23993.46,24003.61,967.75463
2023-02-22 08:15:00,24004.44,24023.35,23977.02,23982.66,904.9223
2023-02-22 08:20:00,23982.76,24032.33,23958.77,24030.21,1187.74425
2023-02-22 08:25:00,24030.22,24043.11,23990.09,24000.41,966.61223
2023-02-22 08:30:00,24001.61,24007.3,23900.35,23962.88,1969.5872
2023-02-22 08:35:00,23965.11,23973.65,23871.15,23878.92,2436.50526
2023-02-22 08:40:00,23878.91,23934.0,23860.61,23874.16,1863.78738
2023-02-22 08:45:00,23872.74,23941.64,23860.88,23934.69,1696.24055
2023-02-22 08:50:00,23933.48,23977.95,23927.88,23944.29,1253.59308
2023-02-22 08:55:00,23944.29,23975.14,23929.19,23965.78,953.70798
2023-02-22 09:00:00,23965.78,23968.8,23941.83,23956.98,1302.23815
2023-02-22 09:05:00,23956.98,23998.0,23954.71,23974.57,1191.27323
2023-02-22 09:10:00,23975.73,23995.0,23947.02,23993.48,1140.75332
2023-02-22 09:15:00,23993.47,24022.02,23970.01,24020.67,1075.4927
2023-02-22 09:20:00,24021.93,24056.56,24016.01,24032.93,1467.60966
2023-02-22 09:25:00,24032.99,24085.42,24029.81,24077.5,1227.10342
2023-02-22 09:30:00,24077.5,24090.0,24037.67,24047.01,1260.88088
2023-02-22 09:35:00,24047.01,24053.94,24001.08,24050.61,1215.62035
2023-02-22 09:40:00,24050.61,24116.0,24045.49,24109.34,2514.2911
2023-02-22 09:45:00,24109.34,24171.9,24091.58,24145.05,1973.79171
2023-02-22 09:50:00,24144.65,24160.33,24102.2,24119.51,1353.75833
2023-02-22 09:55:00,24118.87,24130.0,24088.37,24105.6,1025.46816
2023-02-22 10:00:00,24107.54,24126.62,24092.0,24124.29,924.84179
2023-02-22 10:05:00,24125.21,24143.66,24112.52,24116.51,1005.11971
2023-02-22 10:10:00,24115.42,24132.73,24083.88,24091.28,1091.92816
2023-02-22 10:15:00,24091.27,24145.03,24084.7,24142.4,989.84154
2023-02-22 10:20:00,24141.67,24143.32,24076.06,24093.51,931.2977
2023-02-22 10:25:00,24094.39,24109.77,24084.74,24096.99,711.18856
2023-02-22 10:30:00,24098.11,24107.84,24087.15,24102.55,647.89738
2023-02-22 10:35:00,24103.55,24160.89,24101.23,24152.38,1091.5539
2023-02-22 10:40:00,24152.38,24197.99,24149.34,24168.05,1318.11506
2023-02-22 10:45:00,24168.05,24200.0,24149.96,24155.1,1055.14099
2023-02-22 10:50:00,24155.1,24185.75,24151.36,24180.82,788.58863
2023-02-22 10:55:00,24179.42,24190.0,24162.98,24181.69,656.64449
2023-02-22 11:00:00,24182.38,24199.87,24176.25,24180.55,966.59371
2023-02-22 11:05:00,24181.29,24197.94,24157.57,24160.75,933.84343
2023-02-22 11:10:00,24161.59,24170.68,24149.51,24152.69,794.01834
2023-02-22 11:15:00,24153.37,24216.55,24147.99,24197.39,1525.07125
2023-02-22 11:20:00,24196.79,24201.45,24150.66,24167.35,1084.81891
2023-02-22 11:25:00,24167.35,24169.1,24087.91,24097.84,1392.24743
2023-02-22 11:30:00,24098.99,24143.62,24085.77,24090.87,1461.46213
2023-02-22 11:35:00,24090.87,24107.18,24043.43,24051.91,1645.24101
2023-02-22 11:40:00,24051.91,24131.28,24044.59,24126.59,1234.39935
2023-02-22 11:45:00,24128.07,24135.0,24081.11,24093.1,856.6123
2023-02-22 11:50:00,24094.22,24162.81,24091.72,24149.19,1158.01306
2023-02-22 11:55:00,24149.19,24170.45,24142.97,24160.87,884.63149
2023-02-22 12:00:00,24160.87,24166.55,24138.68,24164.5,924.92693
2023-02-22 12:05:00,24164.5,24184.04,24155.67,24175.65,922.62017
2023-02-22 12:10:00,24175.65,24183.77,24156.51,24175.34,798.4503
2023-02-22 12:15:00,24175.34,24195.41,24159.77,24192.54,780.70564
2023-02-22 12:20:00,24193.56,24230.0,24177.14,24213.01,1373.01222
2023-02-22 12:25:00,24213.74,24235.37,24190.01,24210.53,1326.17881
2023-02-22 12:30:00,24211.35,24212.03,24168.0,24189.14,1209.48851
2023-02-22 12:35:00,24189.14,24216.24,24179.19,24181.36,840.09106
2023-02-22 12:40:00,24181.36,24206.37,24166.21,24169.71,822.61871
2023-02-22 12:45:00,24168.72,24190.35,24117.22,24122.8,1718.91133
2023-02-22 12:50:00,24121.3,24127.42,24086.19,24111.89,1495.3147
2023-02-22 12:55:00,24110.77,24151.89,24109.83,24129.68,868.3429
2023-02-22 13:00:00,24130.67,24145.98,24115.06,24122.08,961.55402
2023-02-22 13:05:00,24122.59,24139.34,24106.44,24138.63,820.46525
2023-02-22 13:10:00,24139.34,24155.37,23958.0,24018.68,4178.1889
2023-02-22 13:15:00,24017.52,24074.99,23980.7,24047.2,1717.85399
2023-02-22 13:20:00,24046.6,24109.8,24039.11,24108.49,1224.68938
2023-02-22 13:25:00,24108.49,24119.98,24055.96,24071.6,1124.40707
2023-02-22 13:30:00,24072.88,24088.11,24026.59,24057.41,1181.98076
2023-02-22 13:35:00,24058.29,24101.67,24029.87,24096.87,935.62073
2023-02-22 13:40:00,24096.87,24126.87,24085.61,24108.83,993.39916
2023-02-22 13:45:00,24110.13,24142.49,24106.04,24122.02,974.04558
2023-02-22 13:50:00,24122.02,24139.97,24091.47,24129.57,966.50516
2023-02-22 13:55:00,24128.57,24135.15,24096.2,24109.71,952.05002
2023-02-22 14:00:00,24110.8,24118.51,24036.27,24045.66,1326.13257
2023-02-22 14:05:00,24045.66,24067.0,23995.19,24002.66,2459.87881
2023-02-22 14:10:00,24001.05,24020.43,23980.2,24002.33,1491.55124
2023-02-22 14:15:00,24001.21,24028.08,23961.92,23994.27,2005.03781
2023-02-22 14:20:00,23994.27,24012.78,23950.0,23959.03,1661.1654
2023-02-22 14:25:00,23957.16,24005.0,23936.0,23974.51,1737.41529
2023-02-22 14:30:00,23976.85,24063.18,23970.96,24017.47,2676.57601
2023-02-22 14:35:00,24015.95,24043.7,23971.37,24026.44,2232.07539
2023-02-22 14:40:00,24028.2,24045.96,24000.02,24035.54,1601.75782
2023-02-22 14:45:00,24035.54,24074.15,24031.08,24065.13,1770.38147
2023-02-22 14:50:00,24065.13,24070.0,23962.43,23969.92,1810.41641
2023-02-22 14:55:00,23969.92,23989.97,23916.32,23939.75,2330.89101
2023-02-22 15:00:00,23939.75,23970.16,23858.0,23891.5,3566.88273
2023-02-22 15:05:00,23894.57,24005.11,23891.5,23927.21,3119.73342
2023-02-22 15:10:00,23926.76,23930.56,23738.0,23818.2,5195.07797
2023-02-22 15:15:00,23817.15,23849.75,23658.22,23704.79,4313.53751
2023-02-22 15:20:00,23703.82,23774.03,23627.08,23767.52,3829.76429
2023-02-22 15:25:00,23767.52,23846.8,23750.0,23754.52,2487.45315
2023-02-22 15:30:00,23752.55,23783.94,23677.52,23692.31,2664.55587
2023-02-22 15:35:00,23691.3,23766.54,23682.57,23695.49,2137.59329
2023-02-22 15:40:00,23695.49,23755.0,23690.89,23745.72,1942.00853
2023-02-22 15:45:00,23745.72,23793.96,23738.98,23773.86,1663.37356
2023-02-22 15:50:00,23774.89,23791.94,23702.35,23710.67,1686.64256
2023-02-22 15:55:00,23710.67,23768.54,23702.34,23713.61,1430.08392
2023-02-22 16:00:00,23714.94,23740.82,23690.0,23724.0,1855.43707
2023-02-22 16:05:00,23724.82,23760.0,23713.05,23737.16,1570.32618
2023-02-22 16:10:00,23737.16,23766.68,23688.18,23697.03,1653.08161
2023-02-22 16:15:00,23695.44,23728.03,23663.86,23727.89,1608.44616
2023-02-22 16:20:00,23726.26,23747.0,23706.11,23743.61,1133.52426
2023-02-22 16:25:00,23742.01,23750.09,23612.02,23684.03,1852.91822
2023-02-22 16:30:00,23683.98,23716.64,23633.0,23663.87,2042.72978
2023-02-22 16:35:00,23662.01,23707.95,23638.73,23659.89,1584.33782
2023-02-22 16:40:00,23659.89,23706.79,23658.24,23704.59,1187.19877
2023-02-22 16:45:00,23703.29,23711.0,23642.64,23652.01,1068.63578
2023-02-22 16:50:00,23652.01,23681.66,23574.69,23596.19,2236.16434
2023-02-22 16:55:00,23597.48,23640.93,23578.27,23634.98,1670.33204
2023-02-22 17:00:00,23633.64,23646.68,23596.21,23645.08,1392.10637
2023-02-22 17:05:00,23646.36,23661.6,23614.3,23615.5,1243.74979
2023-02-22 17:10:00,23615.5,23625.78,23588.63,23599.42,1347.6202
2023-02-22 17:15:00,23599.42,23657.1,23598.2,23650.06,1134.35621
2023-02-22 17:20:00,23650.06,23733.11,23648.62,23729.13,1605.33811
2023-02-22 17:25:00,23728.34,23737.0,23680.73,23700.19,1530.81603
2023-02-22 17:30:00,23700.84,23743.04,23697.56,23715.4,1328.76743
2023-02-22 17:35:00,23714.07,23785.79,23707.01,23751.94,1504.14642
2023-02-22 17:40:00,23751.94,23773.0,23730.85,23759.78,957.68505
2023-02-22 17:45:00,23759.77,23773.28,23728.41,23752.87,964.15019
2023-02-22 17:50:00,23752.87,23764.0,23716.95,23737.49,846.18721
2023-02-22 17:55:00,23736.51,23756.69,23715.87,23745.83,734.57431
2023-02-22 18:00:00,23745.83,23764.22,23727.57,23763.13,929.15362
2023-02-22 18:05:00,23764.07,23816.0,23760.53,23810.25,1238.44636
2023-02-22 18:10:00,23809.64,23814.8,23758.58,23782.14,1032.11068
2023-02-22 18:15:00,23780.87,23815.0,23779.56,23794.29,946.88312
2023-02-22 18:20:00,23795.17,23813.34,23773.0,23806.47,855.19539
2023-02-22 18:25:00,23807.57,23834.32,23798.24,23822.65,972.97961
2023-02-22 18:30:00,23821.8,23831.73,23800.0,23816.42,999.84652
2023-02-22 18:35:00,23816.42,23819.26,23778.44,23813.41,865.68141
2023-02-22 18:40:00,23813.41,23827.54,23790.0,23819.26,969.62317
2023-02-22 18:45:00,23819.22,23823.53,23784.0,23793.91,944.92283
2023-02-22 18:50:00,23793.91,23796.48,23720.0,23736.78,1371.7533
2023-02-22 18:55:00,23735.78,23772.0,23726.74,23740.08,1035.71454
2023-02-22 19:00:00,23740.08,23882.19,23650.0,23865.1,5755.96269
2023-02-22 19:05:00,23863.25,23972.97,23812.5,23925.29,4358.45906
2023-02-22 19:10:00,23921.58,23948.0,23762.92,23825.95,3072.82099
2023-02-22 19:15:00,23824.53,23899.56,23723.68,23883.86,2800.68848
2023-02-22 19:20:00,23881.74,23917.09,23790.9,23820.25,2125.20396
2023-02-22 19:25:00,23818.76,23863.73,23793.56,23825.71,1616.4768
2023-02-22 19:30:00,23827.45,23828.03,23729.69,23771.02,1941.03429
2023-02-22 19:35:00,23772.27,23832.58,23740.15,23798.52,1619.3199
2023-02-22 19:40:00,23797.63,23816.0,23751.33,23787.73,1209.55464
2023-02-22 19:45:00,23787.73,23902.0,23762.88,23877.03,1461.72872
2023-02-22 19:50:00,23877.03,23887.98,23806.75,23811.45,1223.26223
2023-02-22 19:55:00,23811.45,23818.77,23755.34,23791.67,1370.28969
2023-02-22 20:00:00,23791.68,23812.86,23768.0,23795.78,1322.22196
2023-02-22 20:05:00,23795.78,23829.47,23780.0,23824.88,1017.52533
2023-02-22 20:10:00,23826.32,23849.0,23792.0,23807.61,1131.99356
2023-02-22 20:15:00,23806.12,23877.99,23797.41,23838.34,1701.08563
2023-02-22 20:20:00,23838.34,23854.03,23809.0,23839.71,822.80288
2023-02-22 20:25:00,23840.48,23857.32,23813.19,23813.19,843.77208
2023-02-22 20:30:00,23813.19,23821.1,23779.28,23802.39,816.49966
2023-02-22 20:35:00,23803.88,23811.49,23755.22,23766.31,894.54902
2023-02-22 20:40:00,23767.57,23799.16,23750.0,23759.77,1103.73715
2023-02-22 20:45:00,23759.77,23780.8,23740.54,23759.86,911.26455
2023-02-22 20:50:00,23758.04,23791.01,23735.19,23774.18,918.40737
2023-02-22 20:55:00,23772.14,23799.49,23766.98,23799.49,879.40514
2023-02-22 21:00:00,23798.25,23848.81,23795.93,23823.78,1000.68192
2023-02-22 21:05:00,23823.24,23838.23,23789.12,23802.79,621.8533
2023-02-22 21:10:00,23802.79,23817.37,23789.68,23795.69,397.71665
2023-02-22 21:15:00,23795.05,23817.95,23790.5,23794.02,371.0776
2023-02-22 21:20:00,23794.02,23810.3,23787.55,23806.98,348.97115
2023-02-22 21:25:00,23806.98,23829.08,23795.0,23827.15,450.44025
2023-02-22 21:30:00,23827.15,23831.85,23791.0,23791.0,537.92935
2023-02-22 21:35:00,23791.99,23793.48,23765.19,23790.67,504.75596
2023-02-22 21:40:00,23790.8,23795.8,23747.92,23758.14,569.26009
2023-02-22 21:45:00,23758.74,23771.43,23740.0,23763.29,479.96615
2023-02-22 21:50:00,23763.29,23820.64,23758.14,23793.74,742.08357
2023-02-22 21:55:00,23794.85,23813.03,23789.25,23801.77,348.92575
2023-02-22 22:00:00,23802.73,23808.87,23787.7,23795.63,308.14893
2023-02-22 22:05:00,23795.66,23842.79,23780.74,23820.61,747.52911
2023-02-22 22:10:00,23820.61,23841.5,23815.0,23833.24,388.07047
2023-02-22 22:15:00,23833.24,23965.86,23830.02,23961.91,1467.54225
2023-02-22 22:20:00,23959.26,23965.29,23911.51,23944.25,999.92721
2023-02-22 22:25:00,23945.68,23979.98,23906.26,23975.18,732.14593
2023-02-22 22:30:00,23976.21,23977.84,23920.0,23958.88,624.67799
2023-02-22 22:35:00,23957.47,24088.38,23937.18,24070.74,1798.49701
2023-02-22 22:40:00,24072.89,24090.0,24002.28,24002.28,881.47318
2023-02-22 22:45:00,24004.4,24056.65,24000.33,24056.65,634.1664
2023-02-22 22:50:00,24056.65,24080.92,24041.33,24056.61,630.16392
2023-02-22 22:55:00,24056.47,24105.01,24030.77,24100.68,891.3317
2023-02-22 23:00:00,24102.93,24188.0,24077.64,24184.61,1855.94366
2023-02-22 23:05:00,24184.61,24187.43,24140.77,24173.68,1308.05433
2023-02-22 23:10:00,24173.68,24214.5,24170.45,24192.84,1096.13111
2023-02-22 23:15:00,24192.84,24218.64,24142.04,24155.07,1136.52427
2023-02-22 23:20:00,24153.17,24168.07,24119.37,24128.45,750.61474
2023-02-22 23:25:00,24129.69,24205.0,24128.3,24183.1,759.01778
2023-02-22 23:30:00,24182.72,24186.33,24122.36,24148.37,779.92061
2023-02-22 23:35:00,24148.99,24155.55,24109.87,24120.49,547.47923
2023-02-22 23:40:00,24120.49,24137.77,24112.53,24132.48,471.93037
2023-02-22 23:45:00,24133.98,24161.29,24102.57,24154.94,710.83021
2023-02-22 23:50:00,24156.05,24218.92,24150.35,24187.01,958.92091
2023-02-22 23:55:00,24187.01,24207.61,24179.23,24182.21,562.66455
2023-02-23 00:00:00,24182.21,24208.0,24180.0,24188.29,1175.75318
2023-02-23 00:05:00,24187.32,24194.42,24155.46,24169.52,772.62261
2023-02-23 00:10:00,24169.52,24216.0,24167.21,24207.02,791.92434
2023-02-23 00:15:00,24207.78,24239.47,24166.99,24233.42,1116.45037
2023-02-23 00:20:00,24233.42,24246.06,24212.11,24213.3,868.58154
2023-02-23 00:25:00,24214.83,24228.49,24181.11,24184.89,1000.50617
2023-02-23 00:30:00,24184.9,24224.06,24141.3,24158.07,1271.70466
2023-02-23 00:35:00,24158.07,24172.98,24148.29,24149.73,695.99662
2023-02-23 00:40:00,24150.57,24164.34,24128.94,24154.77,757.14799
2023-02-23 00:45:00,24153.71,24167.33,24133.28,24161.35,631.65889
2023-02-23 00:50:00,24162.2,24166.97,24137.17,24138.65,540.09326
2023-02-23 00:55:00,24138.04,24152.28,24124.33,24129.22,539.24681
2023-02-23 01:00:00,24129.96,24151.22,24125.16,24149.0,662.87743
2023-02-23 01:05:00,24149.0,24182.83,24146.63,24166.74,794.3423
2023-02-23 01:10:00,24166.74,24177.88,24138.36,24147.64,498.37167
2023-02-23 01:15:00,24147.1,24167.29,24145.41,24158.6,495.68852
2023-02-23 01:20:00,24158.14,24165.38,24128.62,24149.61,700.5576
2023-02-23 01:25:00,24150.69,24167.42,24148.02,24149.48,412.77174
2023-02-23 01:30:00,24149.23,24180.0,24144.09,24159.63,685.64078
2023-02-23 01:35:00,24159.63,24208.16,24153.53,24157.31,1015.05146
2023-02-23 01:40:00,24157.31,24164.09,24143.32,24151.78,676.07546
2023-02-23 01:45:00,24151.05,24166.01,24141.01,24153.41,634.99618
2023-02-23 01:50:00,24153.41,24157.56,24143.23,24147.7,361.31578
2023-02-23 01:55:00,24148.28,24200.0,24143.13,24189.43,709.67746
2023-02-23 02:00:00,24189.43,24227.0,24186.9,24210.98,1269.12642
2023-02-23 02:05:00,24209.98,24271.49,24209.98,24245.74,2483.11035
2023-02-23 02:10:00,24244.92,24261.24,24179.63,24185.6,1242.23538
2023-02-23 02:15:00,24186.68,24221.27,24165.77,24218.08,862.78845
2023-02-23 02:20:00,24216.97,24257.98,24209.0,24228.52,1008.3063
2023-02-23 02:25:00,24228.53,24284.41,24226.01,24257.43,1411.81948
2023-02-23 02:30:00,24257.43,24383.25,24250.02,24345.77,2673.29856
2023-02-23 02:35:00,24345.77,24462.53,24342.05,24417.63,3338.78541
2023-02-23 02:40:00,24417.63,24551.9,24417.63,24537.62,4048.63276
2023-02-23 02:45:00,24539.98,24594.0,24501.43,24529.81,3471.60453
2023-02-23 02:50:00,24529.81,24587.78,24500.0,24562.67,1907.92068
2023-02-23 02:55:00,24562.67,24579.0,24514.47,24531.61,1557.73659
2023-02-23 03:00:00,24531.61,24599.59,24530.83,24574.14,1970.90298
2023-02-23 03:05:00,24574.14,24578.0,24508.12,24528.81,1483.66519
2023-02-23 03:10:00,24527.76,24545.11,24499.16,24517.81,1399.29685
2023-02-23 03:15:00,24519.46,24582.01,24515.88,24580.0,1266.90105
2023-02-23 03:20:00,24581.52,24586.61,24520.4,24526.14,1035.88306
2023-02-23 03:25:00,24525.9,24559.99,24520.14,24531.63,1066.47312
2023-02-23 03:30:00,24530.76,24537.51,24505.74,24530.66,1013.29152
2023-02-23 03:35:00,24530.66,24560.0,24530.0,24540.5,831.35451
2023-02-23 03:40:00,24540.5,24541.24,24490.1,24498.03,1374.10744
2023-02-23 03:45:00,24498.03,24514.51,24439.6,24448.06,1361.25359
2023-02-23 03:50:00,24448.06,24491.0,24446.56,24469.72,1174.06556
2023-02-23 03:55:00,24469.72,24479.87,24433.83,24454.85,966.44189
2023-02-23 04:00:00,24454.85,24478.24,24446.01,24460.14,1091.74943
2023-02-23 04:05:00,24460.14,24491.24,24454.88,24466.25,905.33843
2023-02-23 04:10:00,24466.25,24468.25,24436.09,24438.84,892.01645
2023-02-23 04:15:00,24438.84,24454.97,24423.48,24430.47,1030.27048
2023-02-23 04:20:00,24429.68,24479.82,24421.48,24462.82,1053.47638
2023-02-23 04:25:00,24462.92,24474.77,24447.14,24448.98,519.35773
2023-02-23 04:30:00,24448.43,24462.33,24436.25,24458.32,589.8617
2023-02-23 04:35:00,24458.79,24466.34,24428.64,24447.89,655.37207
2023-02-23 04:40:00,24447.89,24475.06,24431.33,24473.9,600.86992
2023-02-23 04:45:00,24473.15,24488.0,24464.27,24482.29,798.37615
2023-02-23 04:50:00,24482.77,24486.0,24451.79,24462.22,535.71171
2023-02-23 04:55:00,24462.92,24526.08,24458.45,24521.24,896.98408
2023-02-23 05:00:00,24519.92,24523.56,24497.79,24506.27,1000.68569
2023-02-23 05:05:00,24507.0,24511.88,24480.67,24509.23,828.8885
2023-02-23 05:10:00,24508.5,24509.99,24492.01,24498.6,623.97815
2023-02-23 05:15:00,24498.6,24505.0,24490.07,24497.06,604.67897
2023-02-23 05:20:00,24496.4,24517.32,24493.54,24511.65,900.77124
2023-02-23 05:25:00,24511.65,24516.87,24456.63,24466.81,918.20341
2023-02-23 05:30:00,24467.51,24476.34,24406.49,24423.68,1546.42585
2023-02-23 05:35:00,24423.68,24425.35,24377.25,24386.95,1646.38696
2023-02-23 05:40:00,24386.95,24404.63,24369.74,24393.72,1079.9048
2023-02-23 05:45:00,24392.98,24417.57,24391.02,24399.85,807.70122
2023-02-23 05:50:00,24399.85,24400.45,24346.32,24366.34,1387.81198
2023-02-23 05:55:00,24365.19,24399.84,24359.91,24391.34,803.85006
2023-02-23 06:00:00,24391.34,24416.11,24391.24,24395.19,860.74925
2023-02-23 06:05:00,24395.19,24403.0,24363.46,24401.79,854.49958
2023-02-23 06:10:00,24402.53,24413.57,24371.5,24388.86,641.15197
2023-02-23 06:15:00,24389.77,24391.88,24375.59,24384.69,614.89109
2023-02-23 06:20:00,24384.69,24390.63,24369.93,24370.72,574.87029
2023-02-23 06:25:00,24370.72,24389.71,24362.94,24367.48,676.39618
2023-02-23 06:30:00,24368.16,24373.87,24356.58,24357.31,659.75053
2023-02-23 06:35:00,24357.74,24362.65,24311.66,24313.25,1194.93363
2023-02-23 06:40:00,24313.25,24373.87,24311.35,24363.0,1054.15317
2023-02-23 06:45:00,24364.38,24377.87,24355.18,24363.04,634.10371
2023-02-23 06:50:00,24363.04,24395.63,24352.81,24390.48,602.18543
2023-02-23 06:55:00,24390.87,24401.73,24370.23,24390.36,779.02899
2023-02-23 07:00:00,24389.6,24414.35,24380.44,24408.39,785.4239
2023-02-23 07:05:00,24407.64,24426.51,24369.58,24369.94,1229.34664
2023-02-23 07:10:00,24370.92,24413.09,24366.0,24401.69,819.5592
2023-02-23 07:15:00,24400.62,24429.64,24398.52,24413.94,909.87262
2023-02-23 07:20:00,24413.94,24429.72,24397.5,24398.4,852.81389
2023-02-23 07:25:00,24398.4,24428.0,24398.21,24415.06,785.95721
2023-02-23 07:30:00,24416.0,24423.69,24400.0,24403.83,841.3515
2023-02-23 07:35:00,24403.83,24418.74,24398.02,24402.2,558.7018
2023-02-23 07:40:00,24402.9,24407.43,24383.38,24388.91,717.08202
2023-02-23 07:45:00,24388.91,24430.0,24381.02,24413.44,904.49864
2023-02-23 07:50:00,24413.44,24422.55,24372.15,24393.36,940.83824
2023-02-23 07:55:00,24393.36,24395.0,24361.77,24376.27,682.13635
2023-02-23 08:00:00,24377.12,24392.56,24370.0,24371.34,799.79673
2023-02-23 08:05:00,24371.35,24387.0,24362.41,24382.34,742.15653
2023-02-23 08:10:00,24382.34,24427.83,24382.22,24426.55,877.60226
2023-02-23 08:15:00,24426.55,24467.82,24425.55,24456.11,1542.23509
2023-02-23 08:20:00,24455.33,24494.28,24419.63,24424.11,1569.44583
2023-02-23 08:25:00,24424.11,24440.0,24375.0,24432.73,1346.08018
2023-02-23 08:30:00,24432.73,24482.73,24431.14,24462.63,1139.21654
2023-02-23 08:35:00,24461.03,24472.89,24426.0,24433.65,980.88051
2023-02-23 08:40:00,24434.34,24443.6,24409.1,24437.12,924.68419
2023-02-23 08:45:00,24438.2,24457.09,24426.66,24436.55,753.02429
2023-02-23 08:50:00,24436.55,24455.94,24415.13,24427.38,721.79517
2023-02-23 08:55:00,24427.38,24436.87,24400.83,24406.78,907.21277
2023-02-23 09:00:00,24406.78,24421.3,24397.13,24419.32,826.59377
2023-02-23 09:05:00,24419.91,24435.89,24412.87,24423.2,773.46179
2023-02-23 09:10:00,24423.8,24437.63,24411.0,24433.58,617.60294
2023-02-23 09:15:00,24434.0,24468.75,24433.41,24441.91,1074.45409
2023-02-23 09:20:00,24442.67,24452.49,24380.54,24400.37,1314.56822
2023-02-23 09:25:00,24401.57,24415.0,24385.37,24397.1,1018.63618
2023-02-23 09:30:00,24398.37,24401.37,24331.53,24340.0,1308.94535
2023-02-23 09:35:00,24339.1,24385.15,24339.1,24380.15,931.45063
2023-02-23 09:40:00,24379.16,24397.14,24357.59,24367.96,681.95734
2023-02-23 09:45:00,24367.96,24379.16,24349.38,24355.33,634.89961
2023-02-23 09:50:00,24355.33,24360.6,24311.92,24332.66,1220.59316
2023-02-23 09:55:00,24335.13,24347.0,24264.58,24282.42,1779.66002
2023-02-23 10:00:00,24282.42,24301.89,24262.0,24264.46,1296.18998
2023-02-23 10:05:00,24265.32,24271.39,24190.0,24237.38,2439.39473
2023-02-23 10:10:00,24238.08,24278.0,24210.57,24246.34,1716.68497
2023-02-23 10:15:00,24246.29,24272.63,24226.4,24260.35,1235.23003
2023-02-23 10:20:00,24260.35,24299.0,24254.41,24297.3,1181.84472
2023-02-23 10:25:00,24296.61,24312.61,24288.47,24310.36,808.41587
2023-02-23 10:30:00,24309.58,24314.34,24273.68,24282.54,1185.10113
2023-02-23 10:35:00,24283.29,24285.97,24244.63,24258.87,948.54064
2023-02-23 10:40:00,24259.3,24277.93,24233.91,24266.52,927.97523
2023-02-23 10:45:00,24266.52,24274.97,24256.7,24270.73,619.58154
2023-02-23 10:50:00,24270.73,24281.5,24261.01,24277.48,610.73679
2023-02-23 10:55:00,24277.48,24282.75,24227.63,24255.92,1109.69345
2023-02-23 11:00:00,24255.93,24261.04,24230.4,24231.55,967.12285
2023-02-23 11:05:00,24232.66,24268.23,24219.29,24264.22,990.10757
2023-02-23 11:10:00,24265.03,24268.61,24230.0,24232.87,802.54324
2023-02-23 11:15:00,24232.29,24234.88,24170.0,24193.04,1719.99064
2023-02-23 11:20:00,24193.04,24194.8,23950.0,24011.83,4436.05858
2023-02-23 11:25:00,24009.84,24014.68,23850.0,23865.59,4428.54534
2023-02-23 11:30:00,23863.46,23937.99,23814.59,23866.01,4796.56813
2023-02-23 11:35:00,23866.01,23869.64,23660.0,23727.73,5622.45752
2023-02-23 11:40:00,23727.73,23816.69,23702.0,23783.3,3739.0689
2023-02-23 11:45:00,23783.3,23794.59,23647.46,23702.82,3236.7126
2023-02-23 11:50:00,23702.82,23774.18,23675.32,23768.81,2028.63393
2023-02-23 11:55:00,23768.81,23791.15,23714.05,23780.2,1623.54769
2023-02-23 12:00:00,23780.21,23783.01,23701.58,23703.62,2728.71643
2023-02-23 12:05:00,23704.54,23748.9,23608.0,23737.98,3452.71298
2023-02-23 12:10:00,23739.53,23763.46,23723.9,23747.33,1627.54778
2023-02-23 12:15:00,23745.87,23821.45,23726.09,23806.63,1965.13199
2023-02-23 12:20:00,23805.52,23863.0,23795.0,23814.31,2655.58918
2023-02-23 12:25:00,23814.31,23843.81,23770.23,23824.84,2174.37892
2023-02-23 12:30:00,23824.84,23859.35,23801.02,23846.74,1553.47595
2023-02-23 12:35:00,23846.74,23850.82,23815.47,23815.88,1132.16804
2023-02-23 12:40:00,23815.88,23832.49,23790.6,23829.38,1040.05957
2023-02-23 12:45:00,23829.38,23909.99,23797.63,23906.71,1918.35182
2023-02-23 12:50:00,23906.71,24008.0,23897.01,23973.9,3353.1077
2023-02-23 12:55:00,23975.37,23983.11,23904.0,23912.09,2421.23746
2023-02-23 13:00:00,23912.82,23993.02,23909.95,23982.91,1842.25712
2023-02-23 13:05:00,23982.91,24000.0,23950.62,23970.96,1777.54079
2023-02-23 13:10:00,23970.96,24163.0,23960.93,24106.9,3851.86099
2023-02-23 13:15:00,24108.81,24228.44,24053.2,24192.2,4029.6124
2023-02-23 13:20:00,24192.2,24208.8,24129.46,24171.8,2934.86441
2023-02-23 13:25:00,24170.44,24176.62,24114.91,24146.82,2158.92181
2023-02-23 13:30:00,24146.82,24195.79,23989.47,24065.93,5380.75516
2023-02-23 13:35:00,24067.29,24181.53,24060.0,24139.0,2822.53864
2023-02-23 13:40:00,24139.4,24148.28,24062.5,24084.13,2399.42606
2023-02-23 13:45:00,24085.44,24111.3,24013.1,24019.25,1950.14742
2023-02-23 13:50:00,24018.01,24049.99,23837.67,23932.26,4618.65189
2023-02-23 13:55:00,23932.26,24076.02,23918.34,24010.23,3342.49585
2023-02-23 14:00:00,24007.81,24060.0,23955.06,24029.81,2475.34755
2023-02-23 14:05:00,24029.81,24072.09,24005.17,24067.54,1612.50554
2023-02-23 14:10:00,24069.02,24160.44,24065.07,24086.1,2979.62181
2023-02-23 14:15:00,24084.46,24152.49,24072.35,24140.58,1795.56041
2023-02-23 14:20:00,24141.5,24146.66,24047.8,24060.37,1857.94677
2023-02-23 14:25:00,24060.37,24078.94,24020.0,24046.67,1549.71298
2023-02-23 14:30:00,24046.67,24108.55,24007.82,24028.35,2853.05238
2023-02-23 14:35:00,24028.35,24042.17,23911.94,23926.15,3104.5115
2023-02-23 14:40:00,23925.01,23999.5,23919.13,23941.89,2607.39945
2023-02-23 14:45:00,23942.73,24096.38,23937.85,24018.49,3232.40478
2023-02-23 14:50:00,24018.49,24068.04,24003.87,24052.71,2033.69836
2023-02-23 14:55:00,24052.71,24061.8,24003.41,24011.3,1754.90349
2023-02-23 15:00:00,24012.02,24035.0,23935.0,23939.71,2558.65211
2023-02-23 15:05:00,23940.37,23969.0,23861.45,23932.96,2794.18465
2023-02-23 15:10:00,23932.96,23955.2,23867.0,23940.97,1856.30542
2023-02-23 15:15:00,23939.89,23970.0,23904.8,23915.85,1731.22432
2023-02-23 15:20:00,23915.85,23965.0,23907.65,23959.2,1597.77222
2023-02-23 15:25:00,23960.33,24038.84,23953.18,23990.91,2216.71663
2023-02-23 15:30:00,23990.46,24064.3,23900.0,24052.26,2845.3121
2023-02-23 15:35:00,24049.15,24057.96,24002.68,24023.67,1738.30154
2023-02-23 15:40:00,24023.67,24025.01,23950.9,24002.15,1689.69666
2023-02-23 15:45:00,24002.16,24022.71,23921.51,23938.49,2109.03808
2023-02-23 15:50:00,23938.49,23958.83,23913.0,23954.27,1608.05807
2023-02-23 15:55:00,23953.35,23959.54,23923.71,23950.92,1197.68802
2023-02-23 16:00:00,23951.83,24008.76,23939.08,23958.9,1991.8253
2023-02-23 16:05:00,23959.29,23961.15,23890.38,23910.25,2040.96195
2023-02-23 16:10:00,23910.57,23951.2,23901.98,23918.99,1415.4814
2023-02-23 16:15:00,23918.99,23936.17,23870.65,23874.66,1798.07591
2023-02-23 16:20:00,23873.85,23935.9,23859.63,23929.89,1601.13994
2023-02-23 16:25:00,23929.89,23949.15,23884.22,23921.51,1520.20526
2023-02-23 16:30:00,23920.19,23946.0,23903.07,23933.75,1331.25587
2023-02-23 16:35:00,23933.75,23940.12,23875.44,23881.29,1301.80894
2023-02-23 16:40:00,23881.3,23901.41,23851.92,23881.23,1596.94528
2023-02-23 16:45:00,23882.5,23908.43,23868.55,23883.04,1353.61703
2023-02-23 16:50:00,23884.35,23889.0,23810.03,23816.23,1908.31205
2023-02-23 16:55:00,23816.23,23824.99,23752.93,23762.61,2815.50526
2023-02-23 17:00:00,23760.23,23829.88,23745.0,23812.56,1911.29448
2023-02-23 17:05:00,23812.56,23878.16,23809.0,23850.54,1625.05278
2023-02-23 17:10:00,23850.54,23857.63,23790.83,23847.85,1349.38633
2023-02-23 17:15:00,23847.85,23899.5,23843.62,23874.31,1623.84079
2023-02-23 17:20:00,23873.27,23876.29,23797.0,23857.46,1391.52061
2023-02-23 17:25:00,23857.46,23863.29,23819.73,23822.9,1134.93078
2023-02-23 17:30:00,23823.93,23917.12,23789.5,23910.62,1812.91172
2023-02-23 17:35:00,23911.34,23937.43,23894.72,23912.68,1638.41445
2023-02-23 17:40:00,23912.68,23965.95,23886.43,23962.76,1559.85986
2023-02-23 17:45:00,23962.76,23985.02,23932.81,23957.7,1674.11447
2023-02-23 17:50:00,23957.18,23972.78,23755.1,23814.44,3252.07626
2023-02-23 17:55:00,23814.44,23882.66,23785.01,23840.97,1772.0023
2023-02-23 18:00:00,23840.97,23892.46,23776.0,23782.63,2349.77113
2023-02-23 18:05:00,23781.3,23809.72,23725.1,23776.24,2412.09584
2023-02-23 18:10:00,23776.24,23803.41,23755.77,23787.4,912.71496
2023-02-23 18:15:00,23788.42,23838.5,23759.08,23833.1,1166.97174
2023-02-23 18:20:00,23834.72,23851.88,23811.94,23814.97,1035.68785
2023-02-23 18:25:00,23813.34,23835.27,23779.03,23832.59,990.75029
2023-02-23 18:30:00,23831.44,23864.5,23809.38,23844.96,973.37947
2023-02-23 18:35:00,23846.18,23846.18,23777.6,23832.52,1118.34695
2023-02-23 18:40:00,23832.52,23867.14,23828.5,23848.34,1242.7213
2023-02-23 18:45:00,23848.35,23900.0,23830.0,23898.38,1126.1538
2023-02-23 18:50:00,23899.63,23907.14,23867.37,23880.23,981.03405
2023-02-23 18:55:00,23881.31,23885.5,23842.18,23861.72,802.95124
2023-02-23 19:00:00,23861.72,23868.54,23835.0,23838.21,898.03053
2023-02-23 19:05:00,23838.21,23899.49,23835.72,23898.96,1016.3308
2023-02-23 19:10:00,23897.41,23976.19,23896.39,23945.92,1650.96305
2023-02-23 19:15:00,23945.02,24045.77,23944.97,23988.15,2696.70973
2023-02-23 19:20:00,23988.15,24021.49,23966.0,23988.56,1409.51505
2023-02-23 19:25:00,23987.04,24019.45,23982.65,23996.92,1077.96631
2023-02-23 19:30:00,23998.37,24056.0,23996.75,24035.03,1240.47636
2023-02-23 19:35:00,24036.49,24043.86,23965.47,23987.66,1368.7175
2023-02-23 19:40:00,23988.72,23995.7,23953.26,23982.13,1113.25181
2023-02-23 19:45:00,23982.13,24013.6,23961.06,23988.94,1301.3027
2023-02-23 19:50:00,23988.94,24000.77,23952.34,23984.63,1036.65293
2023-02-23 19:55:00,23983.02,23995.0,23938.11,23971.5,1279.36275
2023-02-23 20:00:00,23971.51,24069.87,23971.0,24063.78,1704.791
2023-02-23 20:05:00,24063.9,24069.19,23983.4,24000.02,1418.5485
2023-02-23 20:10:00,24000.94,24047.94,23985.13,24024.11,1160.18127
2023-02-23 20:15:00,24024.11,24044.25,23991.0,23995.96,921.62127
2023-02-23 20:20:00,23995.48,24018.08,23979.39,24006.81,880.98633
2023-02-23 20:25:00,24006.81,24019.71,23983.07,24006.95,831.23436
2023-02-23 20:30:00,24005.96,24035.67,23983.0,24027.5,1121.89388
2023-02-23 20:35:00,24027.5,24034.01,23988.91,23992.96,846.15991
2023-02-23 20:40:00,23992.01,24015.77,23976.96,24001.94,893.98805
2023-02-23 20:45:00,24001.94,24001.94,23955.22,23969.0,1022.26748
2023-02-23 20:50:00,23970.0,23989.35,23902.04,23921.56,1470.50923
2023-02-23 20:55:00,23921.56,23958.74,23908.26,23943.8,1026.36736
2023-02-23 21:00:00,23943.8,23948.95,23923.0,23929.07,673.41691
2023-02-23 21:05:00,23929.76,23959.01,23927.09,23939.04,517.31093
2023-02-23 21:10:00,23939.04,23965.61,23938.68,23962.46,473.87791
2023-02-23 21:15:00,23962.46,24014.48,23936.29,24006.36,1099.80075
2023-02-23 21:20:00,24006.36,24006.5,23971.2,23977.82,677.96967
2023-02-23 21:25:00,23977.82,23980.99,23945.31,23951.69,629.25002
2023-02-23 21:30:00,23951.69,23966.33,23930.01,23943.87,621.23016
2023-02-23 21:35:00,23943.87,23961.6,23927.08,23938.17,484.59556
2023-02-23 21:40:00,23937.53,23963.35,23933.11,23940.65,518.29047
2023-02-23 21:45:00,23941.61,23947.22,23912.77,23916.03,662.99731
2023-02-23 21:50:00,23916.97,23936.13,23902.0,23902.0,619.72344
2023-02-23 21:55:00,23902.57,23917.8,23862.44,23873.57,998.18249
2023-02-23 22:00:00,23874.98,23902.38,23840.0,23848.98,1007.67905
2023-02-23 22:05:00,23848.97,23871.82,23791.02,23810.8,1361.61984
2023-02-23 22:10:00,23810.8,23828.87,23756.77,23783.87,1166.77747
2023-02-23 22:15:00,23785.71,23827.85,23766.41,23808.72,1040.87666
2023-02-23 22:20:00,23808.72,23833.1,23781.2,23818.48,883.96829
2023-02-23 22:25:00,23819.46,23855.26,23818.5,23840.44,751.4029
2023-02-23 22:30:00,23841.43,23850.09,23815.99,23816.86,572.0216
2023-02-23 22:35:00,23817.49,23839.85,23781.01,23784.22,505.85565
2023-02-23 22:40:00,23781.73,23841.37,23761.48,23812.03,683.09514
2023-02-23 22:45:00,23812.03,23834.13,23790.17,23828.05,402.71486
2023-02-23 22:50:00,23829.07,23896.73,23823.88,23889.69,813.79055
2023-02-23 22:55:00,23890.82,23896.38,23860.68,23866.11,506.55043
2023-02-23 23:00:00,23866.11,23885.65,23860.0,23873.08,715.10283
2023-02-23 23:05:00,23872.96,23907.6,23860.0,23897.16,900.5007
2023-02-23 23:10:00,23897.16,23897.81,23857.0,23859.85,600.01385
2023-02-23 23:15:00,23859.85,23872.07,23839.51,23846.23,743.17395
2023-02-23 23:20:00,23847.41,23872.94,23825.0,23871.29,583.76442
2023-02-23 23:25:00,23871.29,23889.0,23852.31,23886.5,549.80431
2023-02-23 23:30:00,23887.54,23894.86,23864.76,23873.97,515.71523
2023-02-23 23:35:00,23873.14,23895.86,23864.77,23893.56,396.55892
2023-02-23 23:40:00,23894.62,23926.18,23878.95,23888.03,723.398
2023-02-23 23:45:00,23888.03,23950.0,23877.39,23929.5,1123.79504
2023-02-23 23:50:00,23928.77,23958.0,23923.46,23945.14,607.54623
2023-02-23 23:55:00,23945.14,23947.89,23926.23,23940.2,537.25089
2023-02-24 00:00:00,23940.2,23962.11,23916.08,23957.51,1140.80026
2023-02-24 00:05:00,23957.51,23992.0,23938.23,23990.61,1075.22542
2023-02-24 00:10:00,23988.67,24022.87,23954.63,23974.03,1183.74754
2023-02-24 00:15:00,23974.03,24015.6,23945.01,24002.65,881.94998
2023-02-24 00:20:00,24002.65,24013.05,23945.07,23952.28,737.96959
2023-02-24 00:25:00,23952.28,23969.52,23941.08,23943.36,631.38106
2023-02-24 00:30:00,23944.45,23946.58,23896.25,23917.42,847.29073
2023-02-24 00:35:00,23917.42,23949.19,23895.5,23906.17,764.75385
2023-02-24 00:40:00,23907.0,23917.8,23890.0,23903.37,729.37847
2023-02-24 00:45:00,23902.62,23934.61,23896.49,23928.73,462.41656
2023-02-24 00:50:00,23927.9,23945.28,23920.15,23943.96,504.70278
2023-02-24 00:55:00,23942.83,23965.13,23939.55,23958.71,487.48527
2023-02-24 01:00:00,23958.71,24021.16,23956.8,24020.15,1212.65244
2023-02-24 01:05:00,24019.05,24128.0,23970.46,24121.41,2283.44575
2023-02-24 01:10:00,24121.41,24132.35,24064.37,24087.01,1840.03832
2023-02-24 01:15:00,24087.01,24129.03,24052.51,24089.32,1340.43071
2023-02-24 01:20:00,24089.31,24095.24,24037.75,24065.46,1115.92333
2023-02-24 01:25:00,24065.46,24088.53,24023.81,24035.39,1044.82622
2023-02-24 01:30:00,24035.39,24047.53,24008.32,24041.5,856.37483
2023-02-24 01:35:00,24041.5,24062.0,24020.1,24049.73,690.65076
2023-02-24 01:40:00,24049.73,24076.82,24041.0,24066.74,786.64844
2023-02-24 01:45:00,24066.74,24076.9,24031.0,24045.74,662.13532
2023-02-24 01:50:00,24045.74,24049.91,24016.29,24033.28,617.8055
2023-02-24 01:55:00,24033.19,24035.54,23989.73,24002.85,767.65056
2023-02-24 02:00:00,24001.78,24020.44,23968.38,23970.05,1034.32516
2023-02-24 02:05:00,23970.87,23999.41,23935.58,23958.14,1078.19654
2023-02-24 02:10:00,23958.14,23977.36,23956.76,23966.33,633.74746
2023-02-24 02:15:00,23967.15,23977.66,23945.43,23957.1,911.73304
2023-02-24 02:20:00,23958.05,23964.3,23940.57,23950.35,655.02523
2023-02-24 02:25:00,23950.35,23991.99,23942.87,23988.82,659.57077
2023-02-24 02:30:00,23988.82,24029.91,23972.08,24015.1,890.27157
2023-02-24 02:35:00,24014.26,24019.38,23983.0,23985.37,525.56837
2023-02-24 02:40:00,23986.26,24020.28,23984.46,23986.66,552.65077
2023-02-24 02:45:00,23986.66,23995.53,23939.0,23949.55,908.03529
2023-02-24 02:50:00,23948.74,23965.83,23924.37,23957.11,748.67699
2023-02-24 02:55:00,23958.3,23965.18,23907.15,23940.42,843.55893
2023-02-24 03:00:00,23940.42,23953.5,23921.46,23927.67,735.01999
2023-02-24 03:05:00,23927.67,23956.61,23925.83,23948.6,491.51373
2023-02-24 03:10:00,23948.45,23973.38,23946.16,23964.76,550.61551
2023-02-24 03:15:00,23963.54,23983.64,23955.0,23956.85,529.08693
2023-02-24 03:20:00,23956.18,23998.1,23946.95,23984.48,553.02823
2023-02-24 03:25:00,23984.48,23992.0,23961.12,23965.28,404.35127
2023-02-24 03:30:00,23964.54,23985.36,23963.86,23979.2,350.1908
2023-02-24 03:35:00,23979.72,23984.43,23962.53,23964.97,339.38615
2023-02-24 03:40:00,23965.54,23973.78,23945.53,23948.71,487.57266
2023-02-24 03:45:00,23947.89,23983.0,23945.29,23975.0,395.18965
2023-02-24 03:50:00,23975.0,23978.76,23955.0,23955.47,326.60516
2023-02-24 03:55:00,23956.07,23965.0,23937.09,23954.05,492.92747
2023-02-24 04:00:00,23954.5,23975.0,23950.45,23964.35,567.34146
2023-02-24 04:05:00,23964.35,23979.96,23958.84,23978.97,445.39864
2023-02-24 04:10:00,23978.91,23981.48,23968.0,23974.77,362.89638
2023-02-24 04:15:00,23975.61,23976.41,23952.0,23953.39,458.07078
2023-02-24 04:20:00,23953.39,23977.72,23923.88,23973.31,1064.94976
2023-02-24 04:25:00,23973.31,23979.25,23951.22,23954.58,408.31398
2023-02-24 04:30:00,23955.26,23965.47,23950.0,23960.54,481.79745
2023-02-24 04:35:00,23961.44,23975.76,23947.22,23950.96,612.59629
2023-02-24 04:40:00,23951.51,23978.89,23948.8,23971.56,550.96504
2023-02-24 04:45:00,23971.99,23986.08,23969.69,23985.01,575.49616
2023-02-24 04:50:00,23984.78,23986.12,23967.93,23972.96,464.11129
2023-02-24 04:55:00,23972.96,23975.14,23941.01,23942.21,479.58567
2023-02-24 05:00:00,23941.77,23948.15,23895.12,23926.38,1252.56162
2023-02-24 05:05:00,23926.38,23928.89,23850.0,23869.49,1489.42551
2023-02-24 05:10:00,23870.92,23892.82,23857.0,23883.51,762.48691
2023-02-24 05:15:00,23884.25,23916.8,23851.84,23865.98,1123.69119
2023-02-24 05:20:00,23865.29,23898.26,23860.9,23880.78,669.26534
2023-02-24 05:25:00,23880.78,23929.46,23879.9,23918.97,694.75456
2023-02-24 05:30:00,23918.35,23925.71,23891.02,23909.39,714.51836
2023-02-24 05:35:00,23909.39,23916.71,23890.9,23909.74,426.03572
2023-02-24 05:40:00,23909.74,23913.55,23894.57,23899.65,378.29613
2023-02-24 05:45:00,23900.21,23920.36,23890.9,23918.26,447.3094
2023-02-24 05:50:00,23917.68,23922.25,23876.0,23886.23,604.74445
2023-02-24 05:55:00,23886.23,23910.38,23878.42,23896.6,448.80081
2023-02-24 06:00:00,23896.6,23899.48,23878.12,23879.93,498.82215
2023-02-24 06:05:00,23879.93,23884.26,23783.54,23810.72,2273.20883
2023-02-24 06:10:00,23810.73,23830.0,23790.86,23800.54,1228.87691
2023-02-24 06:15:00,23801.44,23839.7,23780.0,23822.87,1281.20295
2023-02-24 06:20:00,23823.34,23866.05,23820.3,23847.55,704.94889
2023-02-24 06:25:00,23846.38,23874.63,23845.79,23869.4,699.97015
2023-02-24 06:30:00,23869.4,23872.28,23842.27,23848.51,604.41619
2023-02-24 06:35:00,23847.51,23895.2,23845.91,23874.84,654.47851
2023-02-24 06:40:00,23874.24,23881.58,23845.68,23852.8,557.49581
2023-02-24 06:45:00,23852.8,23880.0,23851.94,23875.29,448.52768
2023-02-24 06:50:00,23874.59,23909.42,23872.05,23906.93,889.41958
2023-02-24 06:55:00,23906.93,23913.59,23876.64,23892.06,781.32435
2023-02-24 07:00:00,23891.19,23905.0,23878.31,23878.96,734.19726
2023-02-24 07:05:00,23879.49,23884.16,23851.39,23868.37,670.55397
2023-02-24 07:10:00,23868.37,23896.63,23867.74,23879.89,519.92816
2023-02-24 07:15:00,23879.12,23880.36,23792.6,23805.77,1569.03757
2023-02-24 07:20:00,23804.95,23820.16,23775.8,23794.64,1257.92128
2023-02-24 07:25:00,23793.69,23818.0,23766.6,23795.32,868.47474
2023-02-24 07:30:00,23794.51,23820.0,23775.26,23819.44,751.46743
2023-02-24 07:35:00,23819.44,23836.88,23804.01,23816.28,1347.18991
2023-02-24 07:40:00,23816.28,23847.48,23806.08,23843.94,948.89616
2023-02-24 07:45:00,23843.94,23856.89,23824.99,23855.27,834.15925
2023-02-24 07:50:00,23854.05,23869.74,23843.5,23862.63,804.11965
2023-02-24 07:55:00,23862.12,23864.79,23820.33,23830.32,875.80091
2023-02-24 08:00:00,23831.22,23857.61,23816.41,23848.71,966.21207
2023-02-24 08:05:00,23848.71,23852.0,23785.7,23790.55,986.57582
2023-02-24 08:10:00,23790.55,23806.66,23760.01,23762.98,1289.91897
2023-02-24 08:15:00,23762.99,23793.61,23754.03,23786.32,1107.57707
2023-02-24 08:20:00,23786.32,23814.12,23777.65,23792.92,717.12938
2023-02-27 21:05:00,23310.48,23351.0,23297.68,23347.94,732.52761
2023-02-27 21:10:00,23346.77,23368.44,23335.26,23336.85,718.15493
2023-02-27 21:15:00,23337.62,23365.0,23333.71,23334.32,586.14569
2023-02-27 21:20:00,23335.39,23368.5,23332.43,23344.6,526.81139
2023-02-27 21:25:00,23343.8,23351.99,23304.59,23350.68,756.15346
2023-02-27 21:30:00,23350.54,23394.0,23342.96,23367.5,1132.58622
2023-02-27 21:35:00,23368.13,23378.49,23348.78,23364.98,564.45591
2023-02-27 21:40:00,23365.31,23397.34,23364.97,23380.82,497.45345
2023-02-27 21:45:00,23379.88,23393.0,23358.8,23383.42,547.35887
2023-02-27 21:50:00,23384.1,23387.36,23361.74,23371.16,424.97243
2023-02-27 21:55:00,23371.99,23390.44,23367.69,23381.38,458.38079
2023-02-27 22:00:00,23381.38,23391.59,23361.26,23386.75,532.23132
2023-02-27 22:05:00,23385.99,23440.0,23384.12,23397.17,1169.37921
2023-02-27 22:10:00,23397.95,23427.53,23383.29,23389.14,690.16457
2023-02-27 22:15:00,23389.14,23408.9,23387.89,23402.06,319.28804
2023-02-27 22:20:00,23401.45,23422.78,23362.56,23378.2,643.29465
2023-02-27 22:25:00,23378.2,23399.54,23361.07,23379.54,715.93903
2023-02-27 22:30:00,23379.86,23418.15,23376.28,23410.39,482.9334
2023-02-27 22:35:00,23410.39,23410.4,23380.0,23399.97,443.96815
2023-02-27 22:40:00,23398.97,23410.0,23385.88,23397.31,282.41292
2023-02-27 22:45:00,23397.31,23408.33,23390.54,23392.41,184.08938
2023-02-27 22:50:00,23393.0,23557.79,23392.34,23481.37,1592.16971
2023-02-27 22:55:00,23481.01,23544.11,23468.83,23482.13,1500.72762
2023-02-27 23:00:00,23481.28,23508.27,23448.2,23460.19,1050.49506
2023-02-27 23:05:00,23459.22,23504.62,23459.22,23491.78,664.80045
2023-02-27 23:10:00,23490.75,23494.33,23459.78,23467.31,493.86559
2023-02-27 23:15:00,23467.89,23506.42,23466.17,23503.82,598.38806
2023-02-27 23:20:00,23503.82,23525.88,23497.56,23504.64,643.23059
2023-02-27 23:25:00,23505.38,23509.35,23479.25,23490.51,382.45805
2023-02-27 23:30:00,23491.18,23509.16,23480.79,23493.66,501.4307
2023-02-27 23:35:00,23492.85,23526.56,23492.85,23498.57,436.03492
2023-02-27 23:40:00,23499.44,23555.24,23497.0,23534.67,740.14081
2023-02-27 23:45:00,23534.09,23582.98,23506.74,23508.73,1148.33248
2023-02-27 23:50:00,23507.84,23521.8,23490.16,23499.26,543.54858
2023-02-27 23:55:00,23499.83,23522.19,23485.02,23492.09,449.87934
2023-02-28 00:00:00,23492.09,23508.68,23470.4,23507.69,706.03095
2023-02-28 00:05:00,23507.38,23515.9,23472.63,23498.72,693.74618
2023-02-28 00:10:00,23498.72,23500.99,23475.38,23483.83,413.603
2023-02-28 00:15:00,23484.62,23514.33,23472.0,23508.26,548.47367
2023-02-28 00:20:00,23507.3,23549.99,23502.04,23525.22,838.69508
2023-02-28 00:25:00,23525.22,23534.48,23472.39,23484.13,731.24323
2023-02-28 00:30:00,23484.14,23525.84,23473.7,23479.85,689.58381
2023-02-28 00:35:00,23478.44,23485.48,23439.45,23477.98,1047.09012
2023-02-28 00:40:00,23477.98,23481.96,23456.56,23473.58,489.35692
2023-02-28 00:45:00,23473.07,23484.04,23442.77,23452.15,500.9617
2023-02-28 00:50:00,23452.98,23455.89,23421.48,23446.6,646.55658
2023-02-28 00:55:00,23446.6,23459.99,23409.79,23420.55,908.16305
2023-02-28 01:00:00,23420.55,23430.79,23395.23,23401.57,709.88546
2023-02-28 01:05:00,23401.09,23437.79,23394.06,23433.84,561.1507
2023-02-28 01:10:00,23433.84,23457.85,23421.33,23456.99,487.47531
2023-02-28 01:15:00,23455.69,23460.01,23426.41,23436.5,490.12348
2023-02-28 01:20:00,23436.49,23440.6,23421.55,23435.03,344.7454
2023-02-28 01:25:00,23434.57,23437.46,23409.67,23422.06,418.1256
2023-02-28 01:30:00,23421.79,23442.86,23402.54,23404.6,642.05406
2023-02-28 01:35:00,23404.58,23429.0,23400.0,23401.87,499.64301
2023-02-28 01:40:00,23402.81,23403.21,23349.57,23366.41,850.42508
2023-02-28 01:45:00,23366.41,23396.7,23359.06,23395.12,444.59706
2023-02-28 01:50:00,23395.84,23452.02,23388.68,23449.09,789.19878
2023-02-28 01:55:00,23449.62,23453.86,23425.88,23433.16,527.04593
2023-02-28 02:00:00,23433.16,23440.71,23404.41,23419.2,444.40093
2023-02-28 02:05:00,23419.2,23434.32,23386.79,23400.01,639.68498
2023-02-28 02:10:00,23400.01,23440.89,23398.0,23438.86,473.74648
2023-02-28 02:15:00,23439.6,23451.68,23434.03,23447.38,362.16777
2023-02-28 02:20:00,23447.38,23470.0,23424.77,23468.68,545.80175
2023-02-28 02:25:00,23468.6,23475.73,23455.18,23470.37,475.16499
2023-02-28 02:30:00,23470.37,23471.06,23441.0,23446.06,451.0863
2023-02-28 02:35:00,23446.06,23448.2,23432.38,23441.0,362.81798
2023-02-28 02:40:00,23441.0,23443.14,23423.0,23426.22,281.19568
2023-02-28 02:45:00,23426.22,23449.01,23410.4,23416.82,483.28233
2023-02-28 02:50:00,23416.26,23457.6,23413.74,23443.27,510.3292
2023-02-28 02:55:00,23442.55,23450.05,23426.94,23441.76,345.9724
2023-02-28 03:00:00,23441.76,23447.52,23436.52,23440.29,286.6552
2023-02-28 03:05:00,23440.74,23468.71,23436.12,23460.44,428.60051
2023-02-28 03:10:00,23460.8,23526.0,23456.72,23496.67,962.1451
2023-02-28 03:15:00,23497.38,23509.7,23479.3,23498.58,556.74605
2023-02-28 03:20:00,23498.58,23500.65,23470.5,23476.34,486.45296
2023-02-28 03:25:00,23476.92,23487.84,23466.65,23476.65,382.7435
2023-02-28 03:30:00,23476.65,23488.52,23470.58,23483.57,316.67503
2023-02-28 03:35:00,23483.57,23485.13,23456.88,23464.52,406.86784
2023-02-28 03:40:00,23465.15,23490.73,23460.69,23487.81,574.81734
2023-02-28 03:45:00,23487.42,23490.83,23450.35,23458.89,439.70761
2023-02-28 03:50:00,23458.89,23471.8,23455.27,23460.63,390.48277
2023-02-28 03:55:00,23460.63,23473.89,23455.51,23467.52,311.59056
2023-02-28 04:00:00,23467.01,23470.44,23457.14,23459.33,585.92694
2023-02-28 04:05:00,23459.46,23461.72,23435.39,23435.39,544.44601
2023-02-28 04:10:00,23436.09,23444.15,23421.04,23426.1,451.56588
2023-02-28 04:15:00,23426.13,23435.35,23394.68,23405.99,935.39238
2023-02-28 04:20:00,23405.99,23441.6,23397.26,23411.73,843.11613
2023-02-28 04:25:00,23412.24,23428.83,23406.81,23426.07,332.60172
2023-02-28 04:30:00,23426.67,23430.61,23410.0,23411.74,279.87911
2023-02-28 04:35:00,23412.4,23416.52,23387.0,23409.18,518.05929
2023-02-28 04:40:00,23409.18,23419.78,23406.87,23413.19,271.57763
2023-02-28 04:45:00,23413.55,23429.77,23386.31,23429.22,545.01198
2023-02-28 04:50:00,23429.22,23442.78,23391.51,23429.41,768.00752
2023-02-28 04:55:00,23429.41,23429.89,23405.02,23415.0,418.65975
2023-02-28 05:00:00,23414.64,23425.88,23405.89,23420.25,423.39124
2023-02-28 05:05:00,23420.25,23421.47,23405.95,23416.56,353.39015
2023-02-28 05:10:00,23416.57,23436.15,23413.68,23432.31,398.49968
2023-02-28 05:15:00,23432.31,23445.69,23426.9,23439.42,307.97357
2023-02-28 05:20:00,23439.06,23447.76,23417.68,23420.71,531.56095
2023-02-28 05:25:00,23420.71,23432.0,23407.0,23428.49,364.35551
2023-02-28 05:30:00,23428.49,23430.19,23396.79,23398.77,563.54384
2023-02-28 05:35:00,23397.92,23400.6,23364.01,23386.71,1073.69141
2023-02-28 05:40:00,23387.3,23406.88,23383.87,23397.38,424.34144
2023-02-28 05:45:00,23397.38,23409.67,23379.48,23398.52,435.25323
2023-02-28 05:50:00,23397.89,23400.0,23375.28,23393.22,477.15113
2023-02-28 05:55:00,23393.76,23398.08,23372.62,23378.45,455.99247
2023-02-28 06:00:00,23377.69,23394.97,23366.11,23387.14,638.82053
2023-02-28 06:05:00,23387.14,23398.22,23379.03,23387.77,371.99004
2023-02-28 06:10:00,23387.32,23404.03,23383.95,23401.21,431.65659
2023-02-28 06:15:00,23400.98,23409.65,23381.0,23403.51,586.00295
2023-02-28 06:20:00,23404.32,23406.97,23385.61,23389.26,291.68772
2023-02-28 06:25:00,23389.8,23392.15,23370.0,23373.11,339.04662
2023-02-28 06:30:00,23373.11,23398.18,23362.25,23396.02,497.4411
2023-02-28 06:35:00,23396.02,23407.4,23388.0,23394.11,393.19234
2023-02-28 06:40:00,23394.11,23402.82,23388.6,23401.83,355.709
2023-02-28 06:45:00,23402.46,23410.0,23387.08,23387.91,391.34435
2023-02-28 06:50:00,23387.68,23412.56,23387.02,23410.37,426.10506
2023-02-28 06:55:00,23410.37,23414.34,23386.0,23392.3,476.45074
2023-02-28 07:00:00,23391.69,23394.12,23383.0,23384.51,399.24832
2023-02-28 07:05:00,23384.19,23393.76,23369.22,23373.11,575.36751
2023-02-28 07:10:00,23373.55,23391.62,23366.48,23389.58,578.17575
2023-02-28 07:15:00,23389.58,23397.58,23382.23,23387.93,361.45944
2023-02-28 07:20:00,23388.33,23394.71,23372.11,23383.87,438.81368
2023-02-28 07:25:00,23383.49,23386.98,23351.76,23355.35,755.98158
2023-02-28 07:30:00,23354.44,23378.59,23341.88,23365.92,627.38854
2023-02-28 07:35:00,23365.3,23371.0,23310.42,23316.48,1224.7472
2023-02-28 07:40:00,23316.48,23344.92,23279.42,23309.51,1928.0691
2023-02-28 07:45:00,23309.43,23312.4,23261.54,23271.48,1631.76176
2023-02-28 07:50:00,23270.39,23289.72,23241.57,23255.79,1582.26354
2023-02-28 07:55:00,23256.33,23262.88,23212.8,23236.68,1527.18968
2023-02-28 08:00:00,23235.63,23261.27,23200.0,23257.67,1658.79442
2023-02-28 08:05:00,23257.67,23281.7,23233.2,23275.41,1131.5937
2023-02-28 08:10:00,23276.21,23277.23,23242.22,23268.12,911.46484
2023-02-28 08:15:00,23268.12,23270.51,23235.29,23253.26,731.64395
2023-02-28 08:20:00,23252.44,23295.87,23236.16,23294.32,751.23654
2023-02-28 08:25:00,23294.32,23297.47,23271.63,23291.24,699.59571
2023-02-28 08:30:00,23291.24,23291.24,23262.61,23268.72,570.99473
2023-02-28 08:35:00,23269.48,23289.45,23265.02,23285.74,510.15251
2023-02-28 08:40:00,23285.74,23302.94,23278.68,23280.47,654.41219
2023-02-28 08:45:00,23280.81,23288.81,23252.18,23263.09,542.85913
2023-02-28 08:50:00,23263.09,23301.34,23242.0,23289.31,850.43646
2023-02-28 08:55:00,23289.31,23297.04,23262.1,23264.21,619.58475
2023-02-28 09:00:00,23263.3,23298.68,23258.0,23281.24,786.51435
2023-02-28 09:05:00,23281.86,23313.47,23279.6,23304.02,688.84808
2023-02-28 09:10:00,23304.02,23321.76,23296.11,23303.47,636.91424
2023-02-28 09:15:00,23303.47,23311.47,23281.57,23285.69,559.36731
2023-02-28 09:20:00,23285.69,23298.0,23276.0,23290.93,460.52403
2023-02-28 09:25:00,23290.74,23302.99,23286.63,23288.21,415.97582
2023-02-28 09:30:00,23288.21,23290.64,23259.23,23268.16,717.92284
2023-02-28 09:35:00,23268.16,23274.73,23244.21,23270.85,645.17549
2023-02-28 09:40:00,23270.85,23284.04,23265.58,23276.51,460.72796
2023-02-28 09:45:00,23275.99,23287.96,23255.0,23285.35,526.96586
2023-02-28 09:50:00,23285.35,23298.64,23279.85,23285.99,482.88982
2023-02-28 09:55:00,23285.99,23292.54,23266.03,23267.79,467.04745
2023-02-28 10:00:00,23268.43,23278.72,23256.4,23260.28,519.25527
2023-02-28 10:05:00,23259.65,23284.5,23253.5,23284.07,567.1496
2023-02-28 10:10:00,23284.07,23298.63,23280.54,23287.52,541.84501
2023-02-28 10:15:00,23287.52,23313.72,23284.5,23297.81,605.87767
2023-02-28 10:20:00,23297.81,23303.03,23270.0,23272.76,599.725
2023-02-28 10:25:00,23273.31,23300.08,23270.07,23294.57,519.41346
2023-02-28 10:30:00,23294.99,23308.08,23286.56,23307.69,568.61635
2023-02-28 10:35:00,23306.95,23315.87,23297.4,23314.64,670.9959
2023-02-28 10:40:00,23314.64,23356.8,23314.03,23353.06,1052.33275
2023-02-28 10:45:00,23352.51,23391.03,23344.22,23379.98,1178.25826
2023-02-28 10:50:00,23379.98,23387.0,23360.0,23366.45,865.7737
2023-02-28 10:55:00,23366.45,23376.62,23356.07,23363.9,636.41133
2023-02-28 11:00:00,23363.9,23376.96,23355.96,23372.45,556.637
2023-02-28 11:05:00,23373.2,23373.47,23345.27,23346.78,533.94876
2023-02-28 11:10:00,23346.1,23364.15,23335.47,23341.5,758.41925
2023-02-28 11:15:00,23340.84,23364.86,23337.09,23359.2,551.18959
2023-02-28 11:20:00,23359.2,23368.51,23342.29,23348.91,516.50179
2023-02-28 11:25:00,23348.91,23367.96,23343.0,23347.48,566.15888
2023-02-28 11:30:00,23347.48,23370.57,23345.33,23351.02,657.25383
2023-02-28 11:35:00,23351.02,23386.41,23348.67,23374.01,711.87557
2023-02-28 11:40:00,23373.41,23421.98,23372.27,23405.18,1406.66146
2023-02-28 11:45:00,23405.18,23419.75,23391.28,23395.43,735.61785
2023-02-28 11:50:00,23395.43,23410.73,23380.87,23405.63,734.68519
2023-02-28 11:55:00,23406.1,23408.59,23388.85,23392.69,542.25557
2023-02-28 12:00:00,23391.96,23410.29,23385.29,23404.67,652.19656
2023-02-28 12:05:00,23404.67,23436.15,23403.03,23418.7,1002.66642
2023-02-28 12:10:00,23419.04,23453.19,23418.28,23432.38,1216.26593
2023-02-28 12:15:00,23432.38,23485.61,23425.74,23462.49,1380.72758
2023-02-28 12:20:00,23461.37,23504.83,23456.16,23493.24,1460.88346
2023-02-28 12:25:00,23494.33,23504.48,23462.32,23493.77,1285.87166
2023-02-28 12:30:00,23494.84,23506.11,23455.29,23467.53,1200.2766
2023-02-28 12:35:00,23467.53,23478.26,23455.45,23457.03,724.73041
2023-02-28 12:40:00,23457.63,23473.93,23450.0,23455.53,781.4966
2023-02-28 12:45:00,23455.5,23471.4,23436.42,23445.61,897.53163
2023-02-28 12:50:00,23446.06,23468.79,23439.51,23458.74,736.52482
2023-02-28 12:55:00,23458.74,23471.44,23447.44,23454.54,633.74831
2023-02-28 13:00:00,23454.01,23487.78,23408.0,23412.08,1432.55859
2023-02-28 13:05:00,23412.08,23430.45,23393.41,23405.46,1238.61612
2023-02-28 13:10:00,23405.46,23437.96,23404.27,23426.86,727.23311
2023-02-28 13:15:00,23426.87,23440.0,23413.05,23418.09,699.68981
2023-02-28 13:20:00,23418.09,23418.09,23368.79,23395.54,1135.65499
2023-02-28 13:25:00,23395.54,23411.0,23386.18,23408.89,790.82857
2023-02-28 13:30:00,23408.89,23419.4,23374.13,23392.56,1022.67069
2023-02-28 13:35:00,23392.56,23408.0,23375.61,23383.36,1150.5152
2023-02-28 13:40:00,23383.36,23404.8,23380.61,23391.08,857.50635
2023-02-28 13:45:00,23391.08,23447.2,23391.07,23430.34,989.30896
2023-02-28 13:50:00,23431.07,23444.12,23400.02,23407.45,818.5108
2023-02-28 13:55:00,23406.49,23415.6,23393.5,23403.17,596.22583
2023-02-28 14:00:00,23403.17,23432.44,23398.8,23402.28,969.6637
2023-02-28 14:05:00,23402.08,23416.84,23395.61,23407.49,614.7896
2023-02-28 14:10:00,23407.67,23423.4,23380.19,23393.61,747.03485
2023-02-28 14:15:00,23393.61,23408.07,23384.3,23406.24,704.23165
2023-02-28 14:20:00,23406.24,23429.0,23399.02,23411.87,882.32523
2023-02-28 14:25:00,23411.87,23417.24,23390.28,23395.35,662.09211
2023-02-28 14:30:00,23394.44,23413.0,23315.42,23331.29,2315.08303
2023-02-28 14:35:00,23332.13,23500.0,23324.34,23481.54,3568.42423
2023-02-28 14:40:00,23481.54,23562.26,23478.93,23501.75,3551.19103
2023-02-28 14:45:00,23502.58,23579.12,23493.46,23508.54,3537.52453
2023-02-28 14:50:00,23508.54,23518.6,23405.43,23466.37,3276.75252
2023-02-28 14:55:00,23466.37,23481.75,23412.5,23425.94,1893.07689
2023-02-28 15:00:00,23425.19,23532.97,23420.41,23525.76,2813.21094
2023-02-28 15:05:00,23526.64,23529.37,23471.11,23473.51,1967.08284
2023-02-28 15:10:00,23475.35,23479.98,23403.45,23439.35,2277.27564
2023-02-28 15:15:00,23438.58,23464.77,23405.35,23431.28,1619.70804
2023-02-28 15:20:00,23431.28,23506.77,23418.35,23502.34,1942.98869
2023-02-28 15:25:00,23502.34,23546.25,23457.39,23470.5,2315.12994
2023-02-28 15:30:00,23470.5,23520.0,23454.32,23499.56,1689.91998
2023-02-28 15:35:00,23499.56,23512.27,23472.7,23502.01,1549.98274
2023-02-28 15:40:00,23501.4,23546.32,23484.56,23522.73,2001.60643
2023-02-28 15:45:00,23523.61,23534.24,23476.49,23488.15,1608.24625
2023-02-28 15:50:00,23488.15,23515.84,23473.0,23503.83,1271.77884
2023-02-28 15:55:00,23502.94,23526.36,23492.0,23518.3,1175.2526
2023-02-28 16:00:00,23519.08,23561.42,23517.0,23544.86,1778.50999
2023-02-28 16:05:00,23544.86,23600.0,23541.52,23565.93,1916.31269
2023-02-28 16:10:00,23565.93,23579.01,23497.74,23506.0,1687.92182
2023-02-28 16:15:00,23506.0,23534.54,23481.0,23491.07,1520.74873
2023-02-28 16:20:00,23490.22,23516.0,23460.0,23481.16,1293.58224
2023-02-28 16:25:00,23482.49,23515.0,23464.05,23488.32,1146.79256
2023-02-28 16:30:00,23487.53,23500.0,23465.0,23469.41,994.20113
2023-02-28 16:35:00,23470.34,23486.64,23451.19,23466.06,905.89561
2023-02-28 16:40:00,23466.61,23469.31,23448.46,23451.13,920.45168
2023-02-28 16:45:00,23450.38,23459.97,23426.47,23459.13,1091.94696
2023-02-28 16:50:00,23458.29,23477.95,23435.44,23470.38,986.39628
2023-02-28 16:55:00,23469.69,23475.62,23434.6,23456.05,938.84444
2023-02-28 17:00:00,23456.05,23477.17,23448.49,23451.91,954.79318
2023-02-28 17:05:00,23451.19,23472.54,23447.5,23469.73,717.98621
2023-02-28 17:10:00,23470.55,23511.82,23468.98,23501.69,982.70057
2023-02-28 17:15:00,23500.87,23511.0,23481.84,23494.79,640.86107
2023-02-28 17:20:00,23494.79,23531.7,23488.7,23517.0,1036.95321
2023-02-28 17:25:00,23517.0,23542.0,23500.38,23504.28,1018.66557
2023-02-28 17:30:00,23504.28,23509.04,23477.37,23482.32,770.56311
2023-02-28 17:35:00,23482.32,23505.05,23475.0,23495.37,794.66856
2023-02-28 17:40:00,23495.37,23509.0,23482.0,23503.75,725.18252
2023-02-28 17:45:00,23503.3,23530.79,23495.99,23525.48,665.75897
2023-02-28 17:50:00,23526.44,23558.34,23518.25,23545.46,1098.40273
2023-02-28 17:55:00,23545.46,23553.58,23524.83,23526.54,656.48016
2023-02-28 18:00:00,23525.9,23535.52,23517.0,23530.75,688.01135
2023-02-28 18:05:00,23530.36,23550.0,23517.31,23520.74,779.22981
2023-02-28 18:10:00,23521.53,23536.82,23511.05,23511.05,702.09457
2023-02-28 18:15:00,23511.98,23515.14,23436.88,23454.15,1608.00202
2023-02-28 18:20:00,23453.15,23512.3,23444.63,23512.23,1286.45271
2023-02-28 18:25:00,23511.26,23513.79,23477.0,23483.13,733.19459
2023-02-28 18:30:00,23483.13,23498.24,23441.91,23461.67,1105.94731
2023-02-28 18:35:00,23462.34,23470.76,23446.8,23452.58,721.56239
2023-02-28 18:40:00,23452.64,23493.99,23452.58,23485.0,856.98753
2023-02-28 18:45:00,23484.2,23499.48,23456.83,23462.67,941.90134
2023-02-28 18:50:00,23462.67,23483.81,23458.29,23471.86,620.81521
2023-02-28 18:55:00,23471.31,23484.71,23467.37,23481.63,590.78254
2023-02-28 19:00:00,23481.63,23492.84,23472.24,23473.37,634.81084
2023-02-28 19:05:00,23473.37,23475.66,23432.18,23465.01,1114.71801
2023-02-28 19:10:00,23465.06,23469.78,23446.15,23461.17,495.12874
2023-02-28 19:15:00,23461.17,23465.0,23377.0,23411.48,1649.99156
2023-02-28 19:20:00,23410.45,23424.28,23289.67,23329.46,2966.06836
2023-02-28 19:25:00,23329.04,23353.96,23217.89,23230.29,3148.38641
2023-02-28 19:30:00,23230.29,23308.16,23205.06,23295.17,2502.89631
2023-02-28 19:35:00,23296.49,23322.52,23273.3,23296.18,1449.07075
2023-02-28 19:40:00,23296.18,23307.33,23258.53,23277.27,1159.72248
2023-02-28 19:45:00,23277.27,23314.2,23263.46,23306.79,1114.35962
2023-02-28 19:50:00,23306.79,23314.41,23271.24,23284.78,954.89014
2023-02-28 19:55:00,23284.78,23285.77,23250.5,23264.36,1047.20373
2023-02-28 20:00:00,23263.38,23272.46,23167.15,23189.26,2865.91452
2023-02-28 20:05:00,23190.17,23282.26,23166.35,23265.13,1911.86591
2023-02-28 20:10:00,23265.13,23312.43,23251.07,23304.0,1258.64557
2023-02-28 20:15:00,23304.62,23304.83,23268.47,23284.73,866.46829
2023-02-28 20:20:00,23283.83,23289.14,23260.38,23276.95,655.91894
2023-02-28 20:25:00,23276.95,23295.0,23243.04,23258.49,898.60403
2023-02-28 20:30:00,23258.49,23270.39,23243.61,23249.85,879.63776
2023-02-28 20:35:00,23249.85,23278.57,23228.0,23273.63,1159.3206
2023-02-28 20:40:00,23273.63,23310.0,23265.0,23303.66,1094.54362
2023-02-28 20:45:00,23304.93,23343.55,23282.55,23301.16,1448.56857
2023-02-28 20:50:00,23300.24,23326.28,23289.68,23299.5,1017.007
2023-02-28 20:55:00,23298.96,23307.75,23270.57,23272.05,1176.58082
2023-02-28 21:00:00,23270.59,23277.98,23192.12,23209.65,1829.57503
2023-02-28 21:05:00,23208.53,23215.49,23168.8,23186.68,1913.37923
2023-02-28 21:10:00,23186.68,23195.11,23110.0,23167.24,2844.56697
2023-02-28 21:15:00,23166.46,23209.49,23151.23,23187.49,1334.29768
2023-02-28 21:20:00,23187.5,23193.0,23150.0,23157.5,935.70468
2023-02-28 21:25:00,23158.07,23205.6,23151.94,23194.45,639.90001
2023-02-28 21:30:00,23195.37,23197.46,23055.54,23063.84,2143.84155
2023-02-28 21:35:00,23063.84,23125.1,23050.0,23092.42,2378.55935
2023-02-28 21:40:00,23093.84,23095.96,23020.97,23090.74,1905.8792
2023-02-28 21:45:00,23089.79,23099.75,23039.75,23080.71,1475.1076
2023-02-28 21:50:00,23081.74,23151.45,23060.42,23148.29,1432.05492
2023-02-28 21:55:00,23148.29,23154.03,23123.86,23139.89,920.07319
2023-02-28 22:00:00,23138.89,23173.84,23094.69,23164.41,1371.8245
2023-02-28 22:05:00,23163.41,23186.45,23150.01,23179.73,906.61149
2023-02-28 22:10:00,23180.73,23228.05,23178.78,23221.81,1154.39134
2023-02-28 22:15:00,23221.81,23240.82,23200.0,23203.96,1091.44676
2023-02-28 22:20:00,23205.1,23221.69,23179.5,23188.42,935.77018
2023-02-28 22:25:00,23188.42,23214.06,23177.22,23194.03,657.50704
2023-02-28 22:30:00,23193.32,23218.85,23188.0,23217.09,566.62159
2023-02-28 22:35:00,23217.71,23218.99,23196.31,23202.92,460.93412
2023-02-28 22:40:00,23202.43,23225.48,23172.21,23223.3,480.59937
2023-02-28 22:45:00,23223.3,23229.7,23192.85,23200.18,429.80884
2023-02-28 22:50:00,23200.62,23200.97,23122.07,23144.6,1005.21635
2023-02-28 22:55:00,23145.25,23171.99,23135.77,23161.38,784.81001
2023-02-28 23:00:00,23160.47,23161.38,23123.18,23146.11,1263.47088
2023-02-28 23:05:00,23145.49,23168.4,23130.73,23153.91,703.99311
2023-02-28 23:10:00,23154.65,23168.83,23138.27,23153.41,646.56736
2023-02-28 23:15:00,23153.74,23199.96,23141.74,23182.56,789.99412
2023-02-28 23:20:00,23183.15,23197.34,23177.89,23186.53,385.32073
2023-02-28 23:25:00,23186.53,23186.75,23122.43,23127.21,727.51499
2023-02-28 23:30:00,23127.21,23149.54,23098.35,23104.28,940.0059
2023-02-28 23:35:00,23104.28,23175.65,23103.59,23151.75,799.24936
2023-02-28 23:40:00,23150.85,23157.8,23129.09,23136.94,554.47874
2023-02-28 23:45:00,23135.83,23159.4,23128.33,23135.48,615.48909
2023-02-28 23:50:00,23134.86,23160.79,23113.77,23124.18,700.01719
2023-02-28 23:55:00,23124.18,23142.58,23112.33,23141.57,570.96849
2023-03-01 00:00:00,23141.57,23178.71,23130.25,23178.71,990.65778
2023-03-01 00:05:00,23178.03,23183.13,23118.56,23120.06,826.75617
2023-03-01 00:10:00,23120.06,23171.67,23116.07,23159.91,858.93792
2023-03-01 00:15:00,23160.83,23185.64,23158.02,23183.94,705.74922
2023-03-01 00:20:00,23183.94,23219.99,23172.16,23201.88,934.12131
2023-03-01 00:25:00,23201.88,23208.44,23165.6,23170.13,687.4902
2023-03-01 00:30:00,23170.13,23217.13,23166.68,23198.48,784.1195
2023-03-01 00:35:00,23199.21,23207.1,23178.28,23186.96,618.56599
2023-03-01 00:40:00,23186.96,23194.86,23140.5,23145.49,902.20734
2023-03-01 00:45:00,23146.08,23149.35,23088.0,23091.08,1144.4341
2023-03-01 00:50:00,23091.08,23097.92,23023.0,23027.84,2430.88373
2023-03-01 00:55:00,23028.77,23114.69,23020.03,23101.0,1853.02592
2023-03-01 01:00:00,23101.0,23121.4,23075.14,23110.67,1401.87303
2023-03-01 01:05:00,23110.67,23139.2,23094.27,23115.04,754.62964
2023-03-01 01:10:00,23115.04,23166.03,23114.33,23163.84,911.60159
2023-03-01 01:15:00,23164.4,23169.1,23130.01,23136.43,816.94269
2023-03-01 01:20:00,23137.28,23150.69,23123.01,23142.03,565.00413
2023-03-01 01:25:00,23142.03,23154.23,23131.08,23152.02,467.08693
2023-03-01 01:30:00,23152.02,23268.84,23150.12,23264.77,2118.43679
2023-03-01 01:35:00,23263.7,23278.0,23210.01,23242.52,1114.58154
2023-03-01 01:40:00,23242.5,23244.05,23209.43,23238.27,710.87214
2023-03-01 01:45:00,23237.52,23254.57,23224.5,23246.04,720.63607
2023-03-01 01:50:00,23245.38,23296.94,23238.27,23253.45,1109.06552
2023-03-01 01:55:00,23252.67,23269.69,23231.29,23245.96,883.44713
2023-03-01 02:00:00,23245.96,23263.9,23237.2,23238.37,612.71009
2023-03-01 02:05:00,23239.16,23250.02,23235.64,23244.55,446.9621
2023-03-01 02:10:00,23244.55,23265.39,23240.0,23260.21,561.87033
2023-03-01 02:15:00,23261.12,23282.97,23256.68,23280.25,480.07735
2023-03-01 02:20:00,23280.72,23288.78,23244.7,23246.3,723.63134
2023-03-01 02:25:00,23246.3,23272.63,23240.3,23244.87,501.3239
2023-03-01 02:30:00,23244.87,23265.55,23234.2,23265.55,693.96324
2023-03-01 02:35:00,23265.55,23295.44,23262.24,23276.64,979.47846
2023-03-01 02:40:00,23276.04,23321.76,23274.29,23295.99,793.0234
2023-03-01 02:45:00,23294.43,23313.32,23288.5,23291.5,623.36176
2023-03-01 02:50:00,23291.49,23314.73,23290.55,23306.65,739.57428
2023-03-01 02:55:00,23306.65,23336.46,23300.0,23331.21,749.84514
2023-03-01 03:00:00,23332.57,23337.14,23306.22,23329.67,841.87229
2023-03-01 03:05:00,23329.67,23372.51,23317.78,23324.23,1517.42441
2023-03-01 03:10:00,23324.23,23444.0,23305.97,23436.97,2030.90276
2023-03-01 03:15:00,23435.93,23498.0,23409.48,23418.87,2974.49819
2023-03-01 03:20:00,23420.38,23453.07,23386.84,23427.81,1643.90517
2023-03-01 03:25:00,23428.67,23467.65,23408.93,23421.87,1320.54766
2023-03-01 03:30:00,23423.14,23479.3,23420.86,23467.12,812.75322
2023-03-01 03:35:00,23466.16,23489.0,23451.2,23453.11,806.61699
2023-03-01 03:40:00,23453.83,23487.1,23443.0,23472.27,758.52859
2023-03-01 03:45:00,23473.64,23488.0,23418.09,23431.42,943.16083
2023-03-01 03:50:00,23431.42,23444.48,23403.67,23417.48,736.64507
2023-03-01 03:55:00,23417.48,23448.28,23417.48,23441.14,559.83913
2023-03-01 04:00:00,23440.37,23456.5,23432.28,23434.76,605.2559
2023-03-01 04:05:00,23433.87,23444.71,23430.63,23433.24,555.66622
2023-03-01 04:10:00,23434.11,23445.05,23425.44,23431.39,439.64586
2023-03-01 04:15:00,23430.69,23474.41,23428.88,23443.39,646.40709
2023-03-01 04:20:00,23443.39,23481.52,23442.56,23469.87,656.9968
2023-03-01 04:25:00,23469.87,23485.43,23457.74,23468.05,535.34179
2023-03-01 04:30:00,23468.05,23500.0,23466.57,23478.97,707.20196
2023-03-01 04:35:00,23478.97,23529.97,23476.77,23502.0,1267.32095
2023-03-01 04:40:00,23502.0,23528.39,23486.04,23491.64,746.00389
2023-03-01 04:45:00,23492.12,23748.94,23490.56,23721.21,3859.04634
2023-03-01 04:50:00,23721.21,23820.0,23717.08,23810.53,3738.24887
2023-03-01 04:55:00,23812.31,23847.0,23764.59,23794.48,1688.12834
2023-03-01 05:00:00,23794.48,23821.56,23749.17,23776.77,1474.00806
2023-03-01 05:05:00,23776.89,23798.77,23761.61,23762.82,890.42645
2023-03-01 05:10:00,23761.9,23786.72,23727.79,23733.55,880.33089
2023-03-01 05:15:00,23734.91,23762.5,23676.24,23683.72,1240.43825
2023-03-01 05:20:00,23683.72,23707.83,23646.16,23674.78,1624.74148
2023-03-01 05:25:00,23674.78,23699.76,23649.96,23682.34,1175.99192
2023-03-01 05:30:00,23682.34,23704.97,23664.1,23675.68,842.63113
2023-03-01 05:35:00,23675.68,23705.59,23631.97,23697.74,1353.74919
2023-03-01 05:40:00,23697.74,23725.72,23660.52,23682.98,1181.45092
2023-03-01 05:45:00,23682.99,23691.37,23652.42,23671.76,656.50222
2023-03-01 05:50:00,23671.58,23700.0,23666.99,23685.81,576.03272
2023-03-01 05:55:00,23686.47,23705.6,23673.34,23694.17,576.70623
2023-03-01 06:00:00,23695.14,23709.46,23672.0,23674.8,678.19772
2023-03-01 06:05:00,23674.8,23688.28,23666.0,23682.07,598.88966
2023-03-01 06:10:00,23682.87,23746.55,23676.54,23706.07,1095.27332
2023-03-01 06:15:00,23706.06,23723.62,23692.62,23700.33,870.2678
2023-03-01 06:20:00,23700.33,23719.52,23690.0,23715.33,598.72976
2023-03-01 06:25:00,23714.51,23734.0,23700.2,23729.89,681.37558
2023-03-01 06:30:00,23729.89,23770.8,23704.26,23750.59,1066.84101
2023-03-01 06:35:00,23750.59,23768.51,23720.0,23754.36,938.52224
2023-03-01 06:40:00,23755.48,23790.0,23744.47,23776.79,1014.98584
2023-03-01 06:45:00,23775.98,23794.87,23702.27,23719.43,1399.17962
2023-03-01 06:50:00,23719.5,23803.39,23711.29,23741.21,1663.95887
2023-03-01 06:55:00,23742.26,23778.88,23740.0,23752.75,759.74727
2023-03-01 07:00:00,23752.75,23761.99,23715.0,23730.72,1064.19638
2023-03-01 07:05:00,23729.24,23731.21,23681.0,23718.06,1776.5131
2023-03-01 07:10:00,23718.06,23762.22,23713.57,23742.81,1428.73979
2023-03-01 07:15:00,23742.81,23755.64,23706.23,23717.02,1100.34892
2023-03-01 07:20:00,23716.04,23734.77,23709.0,23721.72,645.88604
2023-03-01 07:25:00,23720.85,23745.03,23713.26,23720.45,742.88344
2023-03-01 07:30:00,23720.45,23734.53,23701.91,23709.72,575.0253
2023-03-01 07:35:00,23709.72,23714.28,23692.99,23699.17,586.96034
2023-03-01 07:40:00,23697.91,23724.22,23697.9,23721.23,552.07485
2023-03-01 07:45:00,23721.95,23734.25,23702.78,23707.1,643.33028
2023-03-01 07:50:00,23707.1,23725.55,23704.0,23713.82,468.35333
2023-03-01 07:55:00,23713.82,23720.0,23700.42,23716.06,568.57904
2023-03-01 08:00:00,23716.06,23734.5,23681.81,23725.3,1189.93506
2023-03-01 08:05:00,23726.44,23759.46,23715.57,23740.85,1154.23053
2023-03-01 08:10:00,23740.85,23795.0,23739.92,23767.96,1231.62316
2023-03-01 08:15:00,23767.11,23783.59,23739.0,23766.22,939.60271
2023-03-01 08:20:00,23766.22,23785.49,23758.53,23768.13,911.7217
2023-03-01 08:25:00,23767.16,23771.74,23730.0,23735.13,870.30023
2023-03-01 08:30:00,23735.13,23754.15,23721.81,23746.23,694.37392
2023-03-01 08:35:00,23746.23,23772.6,23732.1,23760.38,765.89387
2023-03-01 08:40:00,23761.28,23767.17,23740.69,23757.97,635.06605
2023-03-01 08:45:00,23757.97,23774.72,23745.19,23757.84,590.81874
2023-03-01 08:50:00,23757.84,23991.11,23752.07,23950.85,2625.57688
2023-03-01 08:55:00,23951.82,24000.0,23848.27,23867.78,3439.96053
2023-03-01 09:00:00,23869.01,23907.68,23801.64,23845.37,2411.94302
2023-03-01 09:05:00,23844.27,23853.0,23813.47,23827.82,1212.40252
2023-03-01 09:10:00,23828.74,23854.89,23825.0,23854.07,789.98494
2023-03-01 09:15:00,23854.07,23854.84,23821.24,23831.14,864.7292
2023-03-01 09:20:00,23831.98,23847.13,23754.5,23778.7,1553.59719
2023-03-01 09:25:00,23777.67,23795.33,23764.81,23788.14,955.13435
2023-03-01 09:30:00,23786.79,23799.5,23759.61,23798.33,803.53983
2023-03-01 09:35:00,23797.59,23816.69,23796.14,23799.01,716.20741
2023-03-01 09:40:00,23798.23,23810.68,23746.0,23757.05,1236.28474
2023-03-01 09:45:00,23757.77,23769.67,23725.07,23747.59,1177.90571
2023-03-01 09:50:00,23747.59,23767.95,23735.1,23766.58,714.68309
2023-03-01 09:55:00,23767.6,23780.98,23749.82,23756.14,749.33731
2023-03-01 10:00:00,23755.74,23766.73,23738.0,23739.78,683.55496
2023-03-01 10:05:00,23739.78,23750.31,23727.8,23733.43,597.76314
2023-03-01 10:10:00,23732.93,23753.04,23710.01,23730.74,1138.42501
2023-03-01 10:15:00,23731.4,23738.13,23706.33,23710.53,657.02786
2023-03-01 10:20:00,23710.53,23725.99,23673.44,23716.12,1387.25731
2023-03-01 10:25:00,23716.12,23739.46,23708.65,23725.32,756.37752
2023-03-01 10:30:00,23724.46,23742.69,23715.12,23726.61,752.5592
2023-03-01 10:35:00,23726.61,23761.57,23725.61,23754.03,752.54122
2023-03-01 10:40:00,23754.03,23768.86,23739.5,23757.43,644.45128
2023-03-01 10:45:00,23757.42,23762.36,23733.91,23747.06,585.891
2023-03-01 10:50:00,23747.62,23769.58,23737.7,23761.63,584.58127
2023-03-01 10:55:00,23762.04,23787.46,23758.86,23777.62,719.35174
2023-03-01 11:00:00,23777.62,23788.06,23762.53,23764.77,641.58905
2023-03-01 11:05:00,23764.77,23787.0,23762.54,23781.58,562.56567
2023-03-01 11:10:00,23781.71,23788.4,23774.08,23778.99,578.4827
2023-03-01 11:15:00,23778.99,23785.0,23763.18,23781.28,599.15423
2023-03-01 11:20:00,23781.28,23784.99,23756.56,23760.39,700.77227
2023-03-01 11:25:00,23760.84,23764.36,23738.51,23749.04,776.34829
2023-03-01 11:30:00,23750.5,23767.64,23739.11,23758.15,636.29606
2023-03-01 11:35:00,23758.15,23758.98,23721.61,23735.95,650.76215
2023-03-01 11:40:00,23735.95,23746.98,23721.52,23744.48,593.15005
2023-03-01 11:45:00,23744.46,23744.88,23706.72,23714.23,810.21254
2023-03-01 11:50:00,23714.34,23729.4,23700.0,23706.22,827.56304
2023-03-01 11:55:00,23706.82,23743.59,23702.58,23739.17,722.22341
2023-03-01 12:00:00,23739.87,23748.33,23726.26,23737.6,664.68668
2023-03-01 12:05:00,23737.6,23756.75,23734.38,23735.49,605.77429
2023-03-01 12:10:00,23734.65,23736.84,23717.9,23726.06,504.34063
2023-03-01 12:15:00,23726.94,23749.07,23720.53,23744.92,544.7612
2023-03-01 12:20:00,23744.29,23753.2,23742.97,23748.34,398.99866
2023-03-01 12:25:00,23747.72,23797.09,23746.52,23787.79,1000.68718
2023-03-01 12:30:00,23786.81,23820.51,23732.67,23738.97,2160.81316
2023-03-01 12:35:00,23738.01,23753.1,23736.74,23743.66,598.38885
2023-03-01 12:40:00,23742.88,23770.82,23723.2,23725.26,897.79792
2023-03-01 12:45:00,23724.51,23739.98,23701.09,23736.12,1283.7678
2023-03-01 12:50:00,23735.09,23739.0,23712.66,23729.79,591.15899
2023-03-01 12:55:00,23729.24,23734.89,23712.95,23722.6,631.45086
2023-03-01 13:00:00,23722.6,23735.17,23713.72,23714.25,785.50774
2023-03-01 13:05:00,23714.93,23723.63,23661.37,23689.36,1385.45324
2023-03-01 13:10:00,23689.14,23708.87,23680.0,23685.87,833.68563
2023-03-01 13:15:00,23685.87,23704.99,23683.78,23700.95,721.76553
2023-03-01 13:20:00,23700.28,23709.67,23687.0,23691.71,789.59687
2023-03-01 13:25:00,23691.71,23693.5,23636.5,23646.54,1307.79892
2023-03-01 13:30:00,23647.11,23680.0,23617.05,23620.49,1862.48602
2023-03-01 13:35:00,23620.49,23684.99,23616.45,23680.82,1366.86939
2023-03-01 13:40:00,23680.82,23710.43,23666.04,23668.02,1220.0697
2023-03-01 13:45:00,23668.02,23695.84,23653.16,23691.55,914.93731
2023-03-01 13:50:00,23692.16,23700.34,23677.44,23688.71,632.93252
2023-03-01 13:55:00,23689.41,23703.48,23668.83,23689.45,792.3299
2023-03-01 14:00:00,23689.97,23711.0,23684.23,23701.46,895.05034
2023-03-01 14:05:00,23702.21,23702.83,23651.09,23673.45,985.59318
2023-03-01 14:10:00,23674.54,23691.72,23670.83,23688.07,700.84089
2023-03-01 14:15:00,23688.07,23697.55,23663.0,23667.84,731.50054
2023-03-01 14:20:00,23667.84,23702.9,23666.97,23690.0,910.14376
2023-03-01 14:25:00,23689.42,23703.14,23670.0,23685.29,1229.58198
2023-03-01 14:30:00,23685.28,23713.81,23671.0,23672.16,1967.0894
2023-03-01 14:35:00,23672.76,23681.99,23570.0,23666.43,3309.09543
2023-03-01 14:40:00,23667.7,23760.12,23643.27,23716.2,2799.92935
2023-03-01 14:45:00,23716.2,23880.0,23710.78,23866.89,3964.13689
2023-03-01 14:50:00,23866.89,23888.0,23756.99,23777.19,2965.31644
2023-03-01 14:55:00,23777.19,23794.92,23661.76,23679.86,2642.0036
2023-03-01 15:00:00,23679.86,23744.93,23638.0,23660.08,4145.61492
2023-03-01 15:05:00,23660.08,23661.68,23550.8,23604.68,3870.47117
2023-03-01 15:10:00,23603.39,23660.0,23580.06,23654.26,2548.06525
2023-03-01 15:15:00,23653.39,23683.74,23606.7,23666.69,2103.41125
2023-03-01 15:20:00,23667.46,23722.74,23650.64,23697.5,2246.59898
2023-03-01 15:25:00,23697.5,23710.97,23650.98,23678.84,1589.07729
2023-03-01 15:30:00,23678.83,23701.58,23643.13,23693.84,1505.43785
2023-03-01 15:35:00,23693.84,23770.0,23689.29,23731.82,2058.67139
2023-03-01 15:40:00,23730.27,23770.0,23718.63,23738.12,1689.71482
2023-03-01 15:45:00,23737.02,23760.41,23717.73,23738.65,1581.54513
2023-03-01 15:50:00,23738.65,23740.31,23697.13,23704.75,1308.83596
2023-03-01 15:55:00,23704.75,23727.25,23688.67,23711.09,1284.05795
2023-03-01 16:00:00,23711.09,23715.14,23672.0,23673.12,1235.50456
2023-03-01 16:05:00,23673.78,23686.72,23608.69,23615.04,1792.49465
2023-03-01 16:10:00,23616.04,23618.99,23555.06,23605.26,3044.47103
2023-03-01 16:15:00,23605.26,23631.98,23555.94,23601.29,1969.17916
2023-03-01 16:20:00,23601.29,23646.0,23572.6,23637.47,1962.74356
2023-03-01 16:25:00,23637.47,23655.03,23611.2,23622.12,1497.20394
2023-03-01 16:30:00,23623.14,23651.57,23617.15,23645.19,1268.36815
2023-03-01 16:35:00,23644.6,23663.39,23627.64,23648.46,1301.23779
2023-03-01 16:40:00,23647.06,23723.99,23644.99,23685.08,1986.88024
2023-03-01 16:45:00,23683.39,23746.24,23683.39,23709.63,1619.80989
2023-03-01 16:50:00,23709.63,23732.69,23694.0,23713.39,1235.34107
2023-03-01 16:55:00,23712.72,23730.0,23685.74,23691.9,1143.65218
2023-03-01 17:00:00,23692.54,23706.72,23669.3,23679.22,1047.81715
2023-03-01 17:05:00,23679.22,23725.97,23674.25,23724.27,1105.28791
2023-03-01 17:10:00,23723.75,23744.31,23695.3,23720.12,1413.51213
2023-03-01 17:15:00,23721.36,23725.39,23697.28,23710.0,833.9045
2023-03-01 17:20:00,23710.29,23743.25,23704.45,23711.12,995.51837
2023-03-01 17:25:00,23711.12,23740.0,23679.33,23681.39,1167.30517
2023-03-01 17:30:00,23681.39,23715.61,23681.04,23694.86,786.15502
2023-03-01 17:35:00,23694.86,23718.82,23687.6,23700.68,757.57631
2023-03-01 17:40:00,23700.68,23732.63,23698.64,23724.8,795.14726
2023-03-01 17:45:00,23724.8,23742.92,23713.42,23741.82,1058.78468
2023-03-01 17:50:00,23741.82,23744.68,23719.0,23727.48,786.47965
2023-03-01 17:55:00,23727.48,23731.9,23691.37,23704.68,1101.8394
2023-03-01 18:00:00,23704.68,23723.58,23702.04,23715.64,790.14479
2023-03-01 18:05:00,23715.64,23724.32,23706.8,23717.74,701.35715
2023-03-01 18:10:00,23717.75,23719.52,23698.06,23709.01,592.8084
2023-03-01 18:15:00,23709.01,23724.82,23698.1,23719.27,657.64833
2023-03-01 18:20:00,23718.5,23720.61,23695.0,23696.16,708.1706
2023-03-01 18:25:00,23696.16,23702.28,23656.15,23677.93,1059.28523
2023-03-01 18:30:00,23677.28,23679.32,23646.73,23650.49,1027.18993
2023-03-01 18:35:00,23651.31,23712.89,23648.7,23700.72,837.25696
2023-03-01 18:40:00,23700.0,23705.5,23668.01,23676.65,648.11038
2023-03-01 18:45:00,23677.18,23689.75,23657.01,23676.38,750.8301
2023-03-01 18:50:00,23675.63,23687.5,23666.94,23673.29,574.99586
2023-03-01 18:55:00,23673.29,23699.92,23661.5,23690.88,672.13428
2023-03-01 19:00:00,23690.88,23695.57,23652.68,23663.9,861.61288
2023-03-01 19:05:00,23663.12,23673.27,23623.48,23641.51,983.73689
2023-03-01 19:10:00,23641.33,23669.83,23639.9,23661.93,739.06924
2023-03-01 19:15:00,23661.93,23683.9,23645.38,23658.64,973.20814
2023-03-01 19:20:00,23658.63,23673.95,23645.11,23673.0,614.99113
2023-03-01 19:25:00,23671.76,23674.54,23646.51,23647.59,721.75789
2023-03-01 19:30:00,23647.59,23653.96,23612.99,23617.17,912.63485
2023-03-01 19:35:00,23618.24,23638.16,23610.71,23612.44,944.52993
2023-03-01 19:40:00,23612.44,23647.49,23600.0,23637.01,918.71436
2023-03-01 19:45:00,23637.89,23638.17,23441.67,23483.23,3696.34006
2023-03-01 19:50:00,23484.28,23485.23,23328.16,23379.97,5018.55149
2023-03-01 19:55:00,23379.97,23380.03,23328.48,23355.14,2229.20491
2023-03-01 20:00:00,23354.03,23419.94,23300.0,23405.87,3048.06058
2023-03-01 20:05:00,23404.95,23454.46,23368.39,23442.95,2029.0769
2023-03-01 20:10:00,23442.95,23450.0,23417.99,23432.68,1076.12767
2023-03-01 20:15:00,23431.39,23471.62,23421.77,23453.6,1397.55029
2023-03-01 20:20:00,23454.36,23468.33,23402.63,23410.65,1227.09442
2023-03-01 20:25:00,23409.9,23430.47,23405.9,23415.0,754.8139
2023-03-01 20:30:00,23415.0,23434.67,23385.0,23425.5,1269.95615
2023-03-01 20:35:00,23425.5,23427.57,23391.43,23395.88,962.66259
2023-03-01 20:40:00,23396.5,23443.13,23388.46,23435.32,886.26911
2023-03-01 20:45:00,23436.39,23447.73,23412.32,23445.0,766.02786
2023-03-01 20:50:00,23445.0,23446.31,23401.9,23414.47,873.14377
2023-03-01 20:55:00,23414.47,23428.98,23401.96,23421.23,848.33892
2023-03-01 21:00:00,23421.23,23423.58,23375.0,23381.01,992.20476
2023-03-01 21:05:00,23381.68,23394.92,23368.41,23381.08,766.38278
2023-03-01 21:10:00,23380.45,23417.25,23373.42,23408.16,557.30986
2023-03-01 21:15:00,23407.44,23432.06,23402.82,23427.28,633.15984
2023-03-01 21:20:00,23426.71,23459.18,23420.89,23455.8,823.4183
2023-03-01 21:25:00,23455.21,23497.33,23444.95,23491.41,880.03646
2023-03-01 21:30:00,23492.1,23538.0,23469.91,23523.61,1384.30669
2023-03-01 21:35:00,23524.31,23593.32,23508.42,23580.08,1679.92431
2023-03-01 21:40:00,23581.05,23581.05,23517.19,23535.17,1222.84246
2023-03-01 21:45:00,23535.4,23541.64,23525.0,23529.88,567.88422
2023-03-01 21:50:00,23529.44,23573.86,23527.64,23550.12,786.25585
2023-03-01 21:55:00,23550.12,23564.38,23529.19,23553.73,633.4139
2023-03-01 22:00:00,23553.94,23579.52,23542.19,23548.94,674.5464
2023-03-01 22:05:00,23549.37,23564.78,23535.5,23554.89,517.28404
2023-03-01 22:10:00,23554.89,23555.38,23534.47,23535.31,370.36889
2023-03-01 22:15:00,23536.32,23539.48,23476.97,23499.85,999.0274
2023-03-01 22:20:00,23500.6,23507.45,23444.23,23460.47,922.56634
2023-03-01 22:25:00,23460.47,23491.82,23440.39,23474.42,730.41864
2023-03-01 22:30:00,23474.11,23500.89,23462.75,23491.9,503.07595
2023-03-01 22:35:00,23491.9,23501.08,23462.0,23483.23,624.38451
2023-03-01 22:40:00,23483.72,23525.55,23476.49,23518.19,433.67049
2023-03-01 22:45:00,23518.19,23554.52,23502.83,23516.64,566.60735
2023-03-01 22:50:00,23517.24,23548.41,23513.65,23535.5,437.22161
2023-03-01 22:55:00,23534.81,23537.24,23514.4,23531.94,435.15508
2023-03-01 23:00:00,23531.41,23535.0,23504.05,23504.39,759.54804
2023-03-01 23:05:00,23504.39,23533.74,23501.2,23532.29,590.48952
2023-03-01 23:10:00,23531.44,23546.03,23523.21,23526.62,500.30075
2023-03-01 23:15:00,23527.46,23531.68,23508.19,23523.42,461.15545
2023-03-01 23:20:00,23523.42,23546.28,23521.0,23542.23,408.93579
2023-03-01 23:25:00,23541.7,23562.42,23524.65,23559.23,533.18163
2023-03-01 23:30:00,23558.68,23655.98,23546.28,23633.33,1432.07066
2023-03-01 23:35:00,23634.37,23634.37,23591.69,23600.18,1087.92953
2023-03-01 23:40:00,23600.18,23640.97,23596.0,23625.11,747.83811
2023-03-01 23:45:00,23625.11,23674.6,23622.22,23665.66,995.12387
2023-03-01 23:50:00,23666.25,23668.56,23635.58,23647.74,615.51171
2023-03-01 23:55:00,23648.53,23653.57,23623.77,23628.97,611.87501
2023-03-02 00:00:00,23629.76,23650.0,23611.31,23614.76,933.68228
2023-03-02 00:05:00,23613.95,23647.93,23611.71,23645.83,590.29339
2023-03-02 00:10:00,23645.83,23664.0,23627.88,23629.0,824.63905
2023-03-02 00:15:00,23628.1,23742.65,23617.86,23717.01,1991.35585
2023-03-02 00:20:00,23717.01,23796.93,23716.0,23717.36,2127.73226
2023-03-02 00:25:00,23718.37,23726.1,23690.11,23696.51,1094.82369
2023-03-02 00:30:00,23696.51,23716.21,23667.58,23671.0,909.70292
2023-03-02 00:35:00,23671.0,23684.77,23654.03,23678.45,860.58547
2023-03-02 00:40:00,23677.63,23680.39,23651.73,23665.08,612.34334
2023-03-02 00:45:00,23666.11,23666.35,23629.04,23637.28,645.09974
2023-03-02 00:50:00,23638.27,23651.47,23622.0,23628.11,691.57926
2023-03-02 00:55:00,23628.7,23628.72,23595.11,23606.95,921.66653
2023-03-02 01:00:00,23606.31,23634.98,23566.16,23596.2,1228.84607
2023-03-02 01:05:00,23597.05,23630.97,23578.68,23608.15,820.43434
2023-03-02 01:10:00,23608.88,23635.87,23603.55,23628.23,645.70465
2023-03-02 01:15:00,23628.92,23635.0,23596.16,23622.65,878.32058
2023-03-02 01:20:00,23621.96,23630.99,23605.83,23609.24,524.71503
2023-03-02 01:25:00,23609.45,23610.47,23531.87,23554.31,1105.39342
2023-03-02 01:30:00,23554.84,23587.87,23542.96,23549.66,908.16908
2023-03-02 01:35:00,23550.43,23570.41,23466.41,23475.9,1641.42507
2023-03-02 01:40:00,23477.42,23499.78,23445.63,23492.68,1712.30784
2023-03-02 01:45:00,23493.61,23539.22,23470.38,23534.37,1040.22683
2023-03-02 01:50:00,23534.37,23539.81,23508.97,23531.27,721.63005
2023-03-02 01:55:00,23530.29,23532.68,23502.99,23513.5,659.446
2023-03-02 02:00:00,23514.29,23543.1,23505.97,23539.85,760.27242
2023-03-02 02:05:00,23540.13,23543.63,23502.88,23518.3,576.74857
2023-03-02 02:10:00,23518.82,23535.11,23501.7,23528.49,435.47595
2023-03-02 02:15:00,23528.49,23538.19,23470.84,23500.08,963.20354
2023-03-02 02:20:00,23500.07,23512.99,23489.45,23511.62,488.32415
2023-03-02 02:25:00,23511.63,23542.27,23504.66,23537.9,596.62521
2023-03-02 02:30:00,23537.9,23538.69,23513.92,23514.48,615.70373
2023-03-02 02:35:00,23514.48,23517.46,23491.43,23500.88,582.30728
2023-03-02 02:40:00,23501.09,23504.03,23448.92,23465.87,894.11003
2023-03-02 02:45:00,23464.79,23509.03,23454.94,23493.67,737.37445
2023-03-02 02:50:00,23495.12,23500.44,23472.01,23489.38,645.04927
2023-03-02 02:55:00,23488.69,23503.48,23472.33,23494.47,594.22227
2023-03-02 03:00:00,23494.47,23506.84,23482.12,23484.19,622.81364
2023-03-02 03:05:00,23484.04,23486.26,23435.29,23452.76,799.76583
2023-03-02 03:10:00,23452.76,23497.16,23423.17,23488.21,1085.8571
2023-03-02 03:15:00,23488.21,23502.45,23475.0,23499.59,586.07074
2023-03-02 03:20:00,23499.59,23508.96,23490.19,23504.65,531.47507
2023-03-02 03:25:00,23505.16,23506.73,23490.16,23501.17,410.24761
2023-03-02 03:30:00,23501.63,23505.45,23481.36,23500.78,571.14688
2023-03-02 03:35:00,23501.35,23502.1,23482.44,23489.09,378.6058
2023-03-02 03:40:00,23488.08,23501.4,23469.91,23492.33,474.65013
2023-03-02 03:45:00,23492.33,23494.36,23468.93,23487.9,425.10849
2023-03-02 03:50:00,23487.31,23513.49,23467.04,23507.97,597.39031
2023-03-02 03:55:00,23507.97,23509.28,23492.41,23494.29,455.9897
2023-03-02 04:00:00,23494.29,23501.92,23485.01,23487.91,432.6217
2023-03-02 04:05:00,23488.41,23495.99,23478.66,23492.07,372.98471
2023-03-02 04:10:00,23492.07,23495.88,23485.0,23492.86,295.90092
2023-03-02 04:15:00,23492.36,23499.65,23476.32,23476.65,443.63511
2023-03-02 04:20:00,23476.32,23492.27,23469.43,23485.63,386.21735
2023-03-02 04:25:00,23485.63,23492.44,23479.11,23485.64,316.52496
2023-03-02 04:30:00,23485.09,23499.08,23481.98,23497.93,367.03853
2023-03-02 04:35:00,23497.93,23521.95,23493.0,23519.78,607.46453
2023-03-02 04:40:00,23519.78,23523.5,23510.0,23521.1,359.92086
2023-03-02 04:45:00,23521.1,23523.57,23510.47,23516.07,315.04267
2023-03-02 04:50:00,23516.07,23527.3,23515.0,23525.34,332.1042
2023-03-02 04:55:00,23525.34,23546.82,23520.87,23536.33,464.19109
2023-03-02 05:00:00,23536.34,23544.76,23530.58,23532.92,380.22225
2023-03-02 05:05:00,23532.49,23538.57,23521.46,23525.71,449.53356
2023-03-02 05:10:00,23525.71,23527.8,23475.37,23487.54,514.87525
2023-03-02 05:15:00,23487.09,23502.29,23478.42,23489.54,615.32376
2023-03-02 05:20:00,23489.91,23508.06,23486.31,23494.16,361.4153
2023-03-02 05:25:00,23494.16,23502.77,23478.0,23478.24,493.99518
2023-03-02 05:30:00,23478.95,23494.36,23464.83,23467.12,501.72884
2023-03-02 05:35:00,23467.12,23474.02,23444.96,23445.61,560.65448
2023-03-02 05:40:00,23446.51,23462.8,23438.19,23457.3,528.53298
2023-03-02 05:45:00,23456.45,23467.4,23450.17,23458.26,478.67136
2023-03-02 05:50:00,23457.71,23460.59,23410.65,23431.99,848.72483
2023-03-02 05:55:00,23431.99,23449.35,23421.23,23445.71,583.23977
2023-03-02 06:00:00,23445.48,23455.46,23410.25,23420.58,1155.9469
2023-03-02 06:05:00,23420.58,23441.17,23409.95,23438.08,602.30071
2023-03-02 06:10:00,23438.08,23441.17,23374.46,23419.75,1418.9252
2023-03-02 06:15:00,23419.75,23436.95,23393.42,23434.25,648.18822
2023-03-02 06:20:00,23434.25,23464.23,23423.31,23448.79,750.28757
2023-03-02 06:25:00,23449.46,23474.35,23446.41,23464.05,711.59211
2023-03-02 06:30:00,23463.61,23467.16,23443.43,23451.94,437.13943
2023-03-02 06:35:00,23451.44,23461.12,23440.0,23445.95,334.9899
2023-03-02 06:40:00,23445.56,23461.99,23444.61,23455.76,404.12091
2023-03-02 06:45:00,23455.24,23462.7,23425.29,23438.44,461.88332
2023-03-02 06:50:00,23438.44,23473.4,23433.0,23463.86,606.69679
2023-03-02 06:55:00,23463.86,23466.9,23433.75,23437.86,548.94479
2023-03-02 07:00:00,23437.86,23446.47,23428.5,23429.29,433.58133
2023-03-02 07:05:00,23429.46,23446.17,23421.03,23439.8,556.5876
2023-03-02 07:10:00,23439.8,23448.08,23429.35,23438.23,373.33716
2023-03-02 07:15:00,23437.5,23438.31,23412.0,23414.69,659.57052
2023-03-02 07:20:00,23414.35,23415.43,23341.0,23365.89,1649.06056
2023-03-02 07:25:00,23365.89,23386.04,23335.41,23386.04,1183.46951
2023-03-02 07:30:00,23386.01,23392.72,23362.1,23379.84,972.7155
2023-03-02 07:35:00,23379.84,23387.63,23363.37,23386.86,544.16977
2023-03-02 07:40:00,23386.26,23417.5,23373.83,23411.84,810.02691
2023-03-02 07:45:00,23411.71,23419.0,23392.1,23412.33,609.69437
2023-03-02 07:50:00,23412.33,23414.07,23388.75,23392.78,483.59475
2023-03-02 07:55:00,23393.28,23397.92,23376.99,23391.87,586.55526
2023-03-02 08:00:00,23391.87,23397.66,23377.52,23388.9,724.87529
2023-03-02 08:05:00,23388.9,23396.94,23370.28,23373.51,669.12611
2023-03-02 08:10:00,23373.51,23397.92,23369.28,23392.9,607.53494
2023-03-02 08:15:00,23392.9,23404.71,23382.89,23395.38,745.7013
2023-03-02 08:20:00,23395.38,23403.2,23386.09,23390.58,458.02712
2023-03-02 08:25:00,23390.58,23411.0,23389.94,23407.03,474.01091
2023-03-02 08:30:00,23407.21,23413.08,23347.76,23358.67,1002.1293
2023-03-02 08:35:00,23358.67,23383.16,23351.22,23371.69,818.09205
2023-03-02 08:40:00,23372.11,23466.68,23365.72,23460.33,1821.28703
2023-03-02 08:45:00,23460.76,23464.8,23426.64,23459.48,870.71874
2023-03-02 08:50:00,23459.48,23465.37,23443.01,23453.88,713.58236
2023-03-02 08:55:00,23453.39,23465.83,23426.3,23443.67,558.95807
2023-03-02 09:00:00,23443.67,23445.9,23422.39,23441.81,718.01864
2023-03-02 09:05:00,23441.81,23453.52,23419.92,23448.92,524.5102
2023-03-02 09:10:00,23448.92,23453.23,23433.48,23441.67,406.73754
2023-03-02 09:15:00,23441.67,23445.5,23420.01,23421.01,435.93222
2023-03-02 09:20:00,23421.01,23437.97,23412.02,23429.73,534.75621
2023-03-02 09:25:00,23430.04,23453.76,23418.55,23450.29,622.25254
2023-03-02 09:30:00,23451.23,23468.5,23438.99,23447.34,572.75229
2023-03-02 09:35:00,23447.98,23459.98,23423.83,23439.9,697.93397
2023-03-02 09:40:00,23439.28,23448.0,23431.04,23441.82,337.51307
2023-03-02 09:45:00,23441.82,23452.57,23426.82,23429.42,668.47827
2023-03-02 09:50:00,23429.42,23434.69,23421.61,23429.76,355.01307
2023-03-02 09:55:00,23429.24,23431.0,23386.45,23400.39,952.66317
2023-03-02 10:00:00,23399.85,23416.38,23389.86,23414.66,1020.34024
2023-03-02 10:05:00,23415.33,23416.94,23379.0,23380.76,827.61957
2023-03-02 10:10:00,23380.76,23389.99,23360.0,23388.76,851.02077
2023-03-02 10:15:00,23388.15,23402.0,23383.86,23396.83,624.30228
2023-03-02 10:20:00,23397.37,23419.66,23392.53,23397.05,567.12541
2023-03-02 10:25:00,23397.13,23400.0,23372.11,23396.7,686.22304
2023-03-02 10:30:00,23396.04,23417.25,23392.93,23402.12,555.87317
2023-03-02 10:35:00,23401.65,23406.06,23375.0,23403.69,589.40049
2023-03-02 10:40:00,23403.69,23404.68,23380.89,23395.92,473.95679
2023-03-02 10:45:00,23396.38,23397.42,23365.42,23370.1,556.91504
2023-03-02 10:50:00,23370.69,23381.09,23337.37,23357.29,1285.41778
2023-03-02 10:55:00,23357.63,23389.61,23352.69,23375.64,703.06737
2023-03-02 11:00:00,23375.22,23388.86,23368.85,23388.46,577.25921
2023-03-02 11:05:00,23388.46,23393.46,23368.39,23372.77,580.40022
2023-03-02 11:10:00,23371.97,23386.38,23359.5,23361.8,684.71608
2023-03-02 11:15:00,23361.8,23386.97,23361.53,23377.95,553.0476
2023-03-02 11:20:00,23377.95,23383.54,23359.24,23368.79,507.29325
2023-03-02 11:25:00,23368.79,23397.73,23366.34,23389.49,577.82636
2023-03-02 11:30:00,23389.49,23396.3,23379.48,23388.19,467.03252
2023-03-02 11:35:00,23388.72,23413.95,23375.85,23408.88,643.84525
2023-03-02 11:40:00,23408.87,23421.78,23404.17,23408.84,643.61665
2023-03-02 11:45:00,23408.84,23415.71,23387.28,23399.46,548.40611
2023-03-02 11:50:00,23399.46,23429.28,23397.6,23426.13,563.3077
2023-03-02 11:55:00,23426.13,23429.83,23409.18,23414.73,652.29321
2023-03-02 12:00:00,23414.73,23434.26,23408.99,23430.71,531.4334
2023-03-02 12:05:00,23430.71,23430.93,23410.03,23412.75,525.88013
2023-03-02 12:10:00,23413.15,23420.35,23392.23,23408.45,674.99532
2023-03-02 12:15:00,23408.45,23420.0,23390.52,23393.36,588.54755
2023-03-02 12:20:00,23392.63,23394.83,23364.84,23373.86,607.30617
2023-03-02 12:25:00,23373.86,23375.04,23350.0,23351.92,1066.93879
2023-03-02 12:30:00,23352.26,23377.78,23320.09,23357.29,1905.68546
2023-03-02 12:35:00,23357.3,23399.99,23357.29,23370.36,1140.43094
2023-03-02 12:40:00,23369.72,23387.0,23319.0,23343.86,1263.12547
2023-03-02 12:45:00,23343.84,23360.99,23334.0,23354.39,807.3072
2023-03-02 12:50:00,23354.39,23357.88,23323.0,23339.17,860.31594
2023-03-02 12:55:00,23339.17,23360.52,23325.0,23355.54,637.36086
2023-03-02 13:00:00,23354.61,23376.52,23339.82,23371.32,886.37398
2023-03-02 13:05:00,23371.59,23372.27,23338.42,23339.68,645.83472
2023-03-02 13:10:00,23339.68,23348.0,23236.0,23274.05,2496.95414
2023-03-02 13:15:00,23274.49,23384.95,23252.52,23357.12,2384.81955
2023-03-02 13:20:00,23357.12,23402.82,23353.32,23391.33,1222.18706
2023-03-02 13:25:00,23391.33,23409.89,23351.01,23369.69,1314.63364
2023-03-02 13:30:00,23369.69,23412.0,23305.93,23345.83,2978.61055
2023-03-02 13:35:00,23347.1,23387.68,23343.05,23385.5,1145.57216
2023-03-02 13:40:00,23385.5,23389.14,23362.28,23374.86,1011.91169
2023-03-02 13:45:00,23374.02,23382.0,23343.98,23347.83,866.89396
2023-03-02 13:50:00,23347.83,23355.53,23277.0,23304.16,1691.22401
2023-03-02 13:55:00,23303.03,23328.46,23292.0,23308.95,1304.97962
2023-03-02 14:00:00,23309.98,23349.21,23294.44,23327.61,1243.29003
2023-03-02 14:05:00,23327.61,23331.3,23253.3,23265.87,1757.5839
2023-03-02 14:10:00,23265.87,23277.65,23195.9,23254.69,2913.80573
2023-03-02 14:15:00,23255.69,23289.89,23209.0,23255.57,1922.22825
2023-03-02 14:20:00,23254.9,23296.5,23226.14,23295.15,1243.75352
2023-03-02 14:25:00,23294.02,23306.93,23261.39,23304.2,1174.37024
2023-03-02 14:30:00,23305.18,23339.99,23277.65,23319.64,2321.44323
2023-03-02 14:35:00,23320.91,23328.26,23262.88,23306.12,1466.70113
2023-03-02 14:40:00,23307.29,23316.96,23262.52,23273.45,1336.49507
2023-03-02 14:45:00,23273.45,23297.51,23241.02,23278.37,1484.41069
2023-03-02 14:50:00,23278.37,23337.9,23270.0,23307.95,1517.9107
2023-03-02 14:55:00,23307.15,23319.75,23278.58,23305.46,1269.21554
2023-03-02 15:00:00,23305.46,23372.73,23299.47,23361.38,1634.80159
2023-03-02 15:05:00,23361.39,23374.01,23323.84,23358.09,1560.23696
2023-03-02 15:10:00,23358.1,23363.05,23333.02,23341.33,1002.37339
2023-03-02 15:15:00,23340.5,23368.99,23312.52,23331.42,1485.11029
2023-03-02 15:20:00,23330.92,23336.45,23274.08,23333.04,1575.08081
2023-03-02 15:25:00,23334.58,23369.99,23295.45,23338.08,1567.43569
2023-03-02 15:30:00,23338.76,23383.83,23327.16,23359.99,1372.22779
2023-03-02 15:35:00,23359.99,23376.62,23331.14,23341.5,1126.25684
2023-03-02 15:40:00,23341.5,23344.53,23320.12,23328.31,1010.30346
2023-03-02 15:45:00,23327.31,23343.22,23313.0,23321.77,969.03765
2023-03-02 15:50:00,23321.11,23363.65,23320.22,23356.24,964.71156
2023-03-02 15:55:00,23356.24,23376.75,23337.31,23361.11,1132.71077
2023-03-02 16:00:00,23361.1,23373.89,23340.36,23344.81,1135.49838
2023-03-02 16:05:00,23344.81,23375.96,23341.09,23368.47,958.44975
2023-03-02 16:10:00,23367.92,23374.58,23347.73,23351.73,901.6524
2023-03-02 16:15:00,23350.81,23386.96,23350.7,23382.91,972.02274
2023-03-02 16:20:00,23381.94,23387.84,23351.64,23355.49,734.12974
2023-03-02 16:25:00,23355.49,23358.0,23318.97,23320.75,913.29466
2023-03-02 16:30:00,23320.75,23339.09,23304.71,23314.5,776.58116
2023-03-02 16:35:00,23313.69,23315.38,23259.24,23283.95,1106.70345
2023-03-02 16:40:00,23282.77,23305.51,23258.5,23305.24,1072.7649
2023-03-02 16:45:00,23305.24,23323.2,23286.15,23294.01,962.73327
2023-03-02 16:50:00,23294.01,23308.06,23250.24,23270.49,997.86472
2023-03-02 16:55:00,23270.49,23285.48,23260.75,23279.98,666.80705
2023-03-02 17:00:00,23279.45,23284.85,23259.76,23267.69,965.9352
2023-03-02 17:05:00,23266.97,23285.26,23261.91,23270.07,580.34085
2023-03-02 17:10:00,23269.19,23273.52,23252.48,23254.49,492.56068
2023-03-02 17:15:00,23253.69,23265.76,23231.29,23235.34,807.0244
2023-03-02 17:20:00,23234.37,23282.72,23232.41,23274.0,785.7513
2023-03-02 17:25:00,23274.0,23304.0,23272.37,23292.86,902.12058
2023-03-02 17:30:00,23292.86,23319.36,23291.24,23294.82,1106.17949
2023-03-02 17:35:00,23294.82,23296.66,23266.0,23270.5,618.27235
2023-03-02 17:40:00,23269.77,23270.99,23245.65,23248.3,823.75998
2023-03-02 17:45:00,23248.3,23264.71,23231.3,23241.97,764.46028
2023-03-02 17:50:00,23241.97,23280.03,23240.0,23266.92,627.33638
2023-03-02 17:55:00,23266.92,23288.36,23254.24,23268.91,592.68535
2023-03-02 18:00:00,23269.02,23280.16,23257.02,23260.62,600.73813
2023-03-02 18:05:00,23260.05,23280.0,23254.31,23277.51,593.68639
2023-03-02 18:10:00,23277.51,23302.15,23271.39,23301.12,601.50353
2023-03-02 18:15:00,23301.12,23303.05,23276.33,23292.49,490.71603
2023-03-02 18:20:00,23291.68,23314.0,23289.6,23299.22,615.19376
2023-03-02 18:25:00,23298.58,23307.03,23280.02,23285.12,514.16045
2023-03-02 18:30:00,23284.65,23307.51,23272.25,23305.87,614.49784
2023-03-02 18:35:00,23305.29,23424.27,23305.09,23408.41,2905.58809
2023-03-02 18:40:00,23408.41,23443.62,23375.57,23386.58,1617.17352
2023-03-02 18:45:00,23386.58,23411.83,23353.93,23394.59,1276.88842
2023-03-02 18:50:00,23395.37,23430.16,23389.11,23412.85,978.01226
2023-03-02 18:55:00,23412.85,23458.94,23407.0,23441.14,1364.64718
2023-03-02 19:00:00,23441.14,23500.0,23439.5,23475.79,2424.33028
2023-03-02 19:05:00,23475.79,23507.97,23456.38,23460.44,1625.34803
2023-03-02 19:10:00,23460.44,23489.99,23397.89,23415.36,1889.52958
2023-03-02 19:15:00,23415.36,23438.04,23388.76,23436.59,1265.4897
2023-03-02 19:20:00,23436.73,23461.53,23427.74,23455.87,1030.1233
2023-03-02 19:25:00,23455.87,23489.92,23443.42,23468.87,1051.10804
2023-03-02 19:30:00,23468.57,23483.16,23436.78,23448.18,901.94923
2023-03-02 19:35:00,23448.02,23474.32,23421.18,23471.97,924.57302
2023-03-02 19:40:00,23472.48,23501.94,23459.53,23475.32,927.70046
2023-03-02 19:45:00,23475.32,23478.4,23458.33,23469.01,787.1235
2023-03-02 19:50:00,23469.01,23477.71,23442.68,23447.39,651.21676
2023-03-02 19:55:00,23446.68,23472.68,23442.55,23463.99,646.75623
2023-03-02 20:00:00,23463.4,23495.77,23428.0,23429.87,1174.56766
2023-03-02 20:05:00,23429.87,23450.15,23425.09,23441.94,766.93807
2023-03-02 20:10:00,23441.94,23483.95,23438.52,23471.35,767.6137
2023-03-02 20:15:00,23472.7,23495.8,23457.04,23465.53,907.21547
2023-03-02 20:20:00,23465.53,23486.94,23457.1,23472.06,608.14778
2023-03-02 20:25:00,23473.35,23498.0,23463.41,23476.23,672.20701
2023-03-02 20:30:00,23476.23,23487.32,23463.0,23471.18,727.40751
2023-03-02 20:35:00,23471.18,23487.58,23452.01,23478.73,1117.83729
2023-03-02 20:40:00,23477.48,23542.16,23458.29,23511.44,1778.94158
2023-03-02 20:45:00,23512.04,23567.52,23504.77,23552.24,1439.84391
2023-03-02 20:50:00,23553.49,23554.43,23431.65,23460.79,1515.03511
2023-03-02 20:55:00,23462.33,23478.99,23448.57,23467.06,1137.41107
2023-03-02 21:00:00,23467.64,23474.09,23439.96,23441.49,933.51002
2023-03-02 21:05:00,23441.49,23453.32,23424.78,23436.9,733.24037
2023-03-02 21:10:00,23436.19,23467.0,23433.2,23465.16,481.144
2023-03-02 21:15:00,23465.88,23473.18,23447.76,23449.03,491.29781
2023-03-02 21:20:00,23449.57,23457.94,23427.12,23432.5,620.35466
2023-03-02 21:25:00,23432.5,23458.37,23431.55,23452.12,341.33537
2023-03-02 21:30:00,23451.65,23456.64,23386.44,23409.81,899.18903
2023-03-02 21:35:00,23408.93,23424.36,23400.0,23413.32,485.52923
2023-03-02 21:40:00,23414.06,23430.0,23408.77,23422.24,358.39919
2023-03-02 21:45:00,23422.81,23443.5,23418.01,23438.5,393.75184
2023-03-02 21:50:00,23438.5,23446.98,23425.04,23436.03,366.0129
2023-03-02 21:55:00,23435.53,23436.03,23407.46,23408.65,350.57689
2023-03-02 22:00:00,23409.47,23433.27,23408.65,23429.33,362.61822
2023-03-02 22:05:00,23429.89,23439.99,23421.28,23434.2,285.2688
2023-03-02 22:10:00,23434.91,23465.99,23426.91,23460.99,392.02563
2023-03-02 22:15:00,23460.99,23460.99,23446.02,23456.39,291.4952
2023-03-02 22:20:00,23456.76,23510.04,23454.0,23503.08,809.36241
2023-03-02 22:25:00,23503.08,23539.16,23498.0,23532.0,689.14779
2023-03-02 22:30:00,23532.0,23557.01,23484.44,23502.85,1113.94072
2023-03-02 22:35:00,23502.85,23533.01,23485.55,23513.01,641.39755
2023-03-02 22:40:00,23512.22,23529.36,23493.01,23510.7,350.23459
2023-03-02 22:45:00,23510.15,23516.13,23478.2,23482.53,318.01637
2023-03-02 22:50:00,23482.53,23494.61,23470.0,23471.52,365.93075
2023-03-02 22:55:00,23471.52,23483.0,23455.76,23460.97,398.70748
2023-03-02 23:00:00,23460.27,23473.96,23439.22,23465.11,933.43425
2023-03-02 23:05:00,23465.11,23475.43,23459.32,23465.9,333.85384
2023-03-02 23:10:00,23465.32,23482.38,23464.1,23477.32,316.27216
2023-03-02 23:15:00,23477.31,23504.01,23474.81,23485.33,497.26898
2023-03-02 23:20:00,23484.88,23498.55,23468.31,23472.66,446.13092
2023-03-02 23:25:00,23471.74,23479.29,23437.0,23452.88,696.82502
2023-03-02 23:30:00,23452.88,23464.99,23439.13,23441.05,341.14891
2023-03-02 23:35:00,23440.26,23491.76,23429.32,23479.39,600.65037
2023-03-02 23:40:00,23478.75,23490.78,23463.55,23468.98,341.08501
2023-03-02 23:45:00,23470.2,23475.04,23446.52,23457.25,252.59176
2023-03-02 23:50:00,23456.05,23475.29,23455.2,23468.53,181.15447
2023-03-02 23:55:00,23468.53,23470.24,23450.46,23465.32,212.06888
2023-03-03 00:00:00,23465.32,23476.95,23454.48,23456.85,405.64983
2023-03-03 00:05:00,23456.68,23464.7,23438.88,23443.98,487.46047
2023-03-03 00:10:00,23443.98,23456.16,23429.99,23431.7,286.21992
2023-03-03 00:15:00,23431.7,23442.67,23422.89,23437.06,463.45495
2023-03-03 00:20:00,23436.48,23455.0,23430.0,23440.32,337.41205
2023-03-03 00:25:00,23440.0,23440.8,23400.37,23409.04,483.26702
2023-03-03 00:30:00,23408.18,23455.07,23403.42,23453.32,397.82685
2023-03-03 00:35:00,23453.78,23459.99,23402.72,23408.67,452.80048
2023-03-03 00:40:00,23408.01,23419.73,23398.85,23408.99,585.81806
2023-03-03 00:45:00,23408.99,23442.0,23408.35,23426.69,487.99
2023-03-03 00:50:00,23426.69,23436.55,23417.15,23432.98,244.71659
2023-03-03 00:55:00,23433.4,23437.07,23409.13,23418.5,399.51373
2023-03-03 01:00:00,23417.58,23425.7,23406.53,23418.94,360.1454
2023-03-03 01:05:00,23418.94,23419.4,23400.0,23403.85,336.29316
2023-03-03 01:10:00,23404.51,23422.0,23401.3,23414.05,360.1987
2023-03-03 01:15:00,23414.05,23418.91,23241.38,23256.09,2239.28147
2023-03-03 01:20:00,23257.83,23264.51,22881.0,22998.04,8479.53876
2023-03-03 01:25:00,22998.04,23011.68,22830.0,22852.03,5086.3428
2023-03-03 01:30:00,22850.72,22865.59,22111.22,22440.55,11550.11551
2023-03-03 01:35:00,22442.34,22516.77,22299.19,22354.86,7189.18792
2023-03-03 01:40:00,22354.86,22394.27,22176.38,22346.08,7177.87201
2023-03-03 01:45:00,22345.06,22396.34,22276.0,22366.59,4723.27472
2023-03-03 01:50:00,22366.59,22366.94,22292.98,22336.71,3223.30061
2023-03-03 01:55:00,22335.49,22337.68,21971.13,22150.31,7978.01803
2023-03-03 02:00:00,22150.31,22271.85,22099.18,22267.11,4984.3422
2023-03-03 02:05:00,22269.25,22329.25,22238.11,22258.21,3159.86094
2023-03-03 02:10:00,22258.21,22324.5,22226.17,22292.6,2393.94572
2023-03-03 02:15:00,22291.08,22348.47,22261.52,22348.18,2334.75103
2023-03-03 02:20:00,22346.47,22454.94,22313.2,22336.91,3730.77442
2023-03-03 02:25:00,22336.91,22415.7,22335.0,22405.95,1673.61246
2023-03-03 02:30:00,22407.14,22410.38,22310.24,22347.19,1865.83593
2023-03-03 02:35:00,22347.19,22378.13,22325.06,22359.56,1462.39987
2023-03-03 02:40:00,22357.92,22379.98,22285.61,22326.49,1624.90312
2023-03-03 02:45:00,22325.47,22350.0,22295.0,22336.52,1275.52607
2023-03-03 02:50:00,22336.52,22371.88,22321.09,22325.94,1301.12591
2023-03-03 02:55:00,22325.94,22363.59,22323.27,22348.57,1210.08264
2023-03-03 03:00:00,22347.51,22349.66,22289.69,22302.96,1393.8143
2023-03-03 03:05:00,22302.47,22346.08,22276.9,22334.09,1429.64045
2023-03-03 03:10:00,22334.09,22341.3,22287.36,22288.74,1072.24218
2023-03-03 03:15:00,22288.38,22312.0,22282.14,22309.66,1011.74756
2023-03-03 03:20:00,22308.59,22389.0,22290.98,22387.12,1067.2788
2023-03-03 03:25:00,22386.77,22400.87,22353.0,22382.92,1615.58319
2023-03-03 03:30:00,22382.92,22399.4,22356.16,22369.62,1387.87691
2023-03-03 03:35:00,22370.72,22374.0,22315.0,22349.46,988.51983
2023-03-03 03:40:00,22349.49,22378.99,22332.0,22355.29,916.57592
2023-03-03 03:45:00,22354.69,22370.22,22318.54,22350.86,1013.99779
2023-03-03 03:50:00,22350.13,22355.94,22285.5,22297.61,1591.6119
2023-03-03 03:55:00,22299.07,22341.23,22296.67,22319.69,760.55945
2023-03-03 04:00:00,22319.69,22319.84,22251.08,22287.27,2275.03463
2023-03-03 04:05:00,22287.27,22344.31,22284.14,22338.52,1113.83524
2023-03-03 04:10:00,22337.56,22346.17,22313.96,22333.68,912.62547
2023-03-03 04:15:00,22332.54,22350.9,22326.46,22349.69,506.52258
2023-03-03 04:20:00,22349.69,22351.0,22333.43,22345.88,514.84573
2023-03-03 04:25:00,22345.42,22351.73,22330.01,22350.53,569.68328
2023-03-03 04:30:00,22350.53,22363.74,22338.01,22347.41,558.87386
2023-03-03 04:35:00,22347.41,22354.32,22315.52,22344.54,826.12751
2023-03-03 04:40:00,22344.54,22359.83,22321.07,22326.45,1160.16762
2023-03-03 04:45:00,22327.68,22348.67,22321.19,22344.0,632.33665
2023-03-03 04:50:00,22343.34,22378.27,22340.0,22366.1,764.98705
2023-03-03 04:55:00,22366.1,22393.33,22362.23,22376.5,826.44037
2023-03-03 05:00:00,22376.46,22411.36,22373.25,22397.41,1111.64881
2023-03-03 05:05:00,22397.4,22408.3,22356.32,22380.6,849.11187
2023-03-03 05:10:00,22381.44,22392.69,22354.22,22371.77,631.49711
2023-03-03 05:15:00,22370.86,22380.31,22350.0,22355.63,1012.3632
2023-03-03 05:20:00,22356.74,22367.99,22331.8,22334.56,1052.13746
2023-03-03 05:25:00,22335.18,22362.03,22333.52,22341.49,628.56473
2023-03-03 05:30:00,22341.49,22365.52,22339.73,22349.51,629.12273
2023-03-03 05:35:00,22349.52,22362.0,22329.14,22356.44,838.31505
2023-03-03 05:40:00,22356.15,22357.99,22333.73,22349.4,662.5474
2023-03-03 05:45:00,22349.51,22365.04,22347.74,22360.7,611.25997
2023-03-03 05:50:00,22360.01,22361.61,22334.55,22347.35,667.85583
2023-03-03 05:55:00,22347.35,22356.0,22341.23,22341.8,567.52567
2023-03-03 06:00:00,22341.8,22374.4,22325.81,22373.82,997.33796
2023-03-03 06:05:00,22373.82,22374.4,22340.01,22350.28,694.2413
2023-03-03 06:10:00,22350.28,22377.77,22343.92,22360.46,754.97626
2023-03-03 06:15:00,22360.46,22374.24,22359.0,22365.71,655.37958
2023-03-03 06:20:00,22365.71,22384.92,22349.0,22379.87,1134.56823
2023-03-03 06:25:00,22379.87,22402.25,22373.82,22398.26,860.98017
2023-03-03 06:30:00,22398.24,22401.97,22382.97,22393.88,716.66813
2023-03-03 06:35:00,22393.88,22401.91,22378.62,22380.14,943.4389
2023-03-03 06:40:00,22378.77,22391.52,22363.84,22387.63,1132.80473
2023-03-03 06:45:00,22387.63,22387.63,22372.52,22381.16,599.82453
2023-03-03 06:50:00,22380.18,22392.0,22375.0,22376.13,553.03005
2023-03-03 06:55:00,22376.13,22392.74,22371.64,22378.73,584.41402
2023-03-03 07:00:00,22379.01,22381.32,22347.7,22358.88,1036.93745
2023-03-03 07:05:00,22358.88,22360.11,22340.87,22358.67,885.72386
2023-03-03 07:10:00,22359.62,22365.0,22346.59,22357.76,658.59965
2023-03-03 07:15:00,22358.37,22376.5,22342.1,22357.06,789.4297
2023-03-03 07:20:00,22357.79,22357.88,22343.26,22351.6,451.01031
2023-03-03 07:25:00,22351.6,22358.27,22332.03,22354.32,830.81385
2023-03-03 07:30:00,22354.32,22382.0,22345.47,22375.11,851.11957
2023-03-03 07:35:00,22374.66,22384.0,22361.08,22379.07,850.84257
2023-03-03 07:40:00,22379.07,22402.73,22377.99,22397.03,1160.66842
2023-03-03 07:45:00,22396.84,22404.7,22381.62,22394.6,769.31031
2023-03-03 07:50:00,22395.36,22396.46,22364.77,22368.85,923.76422
2023-03-03 07:55:00,22368.31,22375.57,22357.01,22360.78,765.37008
2023-03-03 08:00:00,22360.78,22383.22,22356.0,22373.51,1061.93922
2023-03-03 08:05:00,22373.51,22381.6,22354.36,22374.05,678.16711
2023-03-03 08:10:00,22374.85,22377.0,22360.35,22370.1,590.90802
2023-03-03 08:15:00,22370.1,22381.95,22363.51,22374.79,723.81304
2023-03-03 08:20:00,22374.79,22387.0,22369.37,22377.18,810.0131
