close,rsi_prediction,rsi_actual
303.49,-0.21484837,45.95252122549078
303.42,-0.21166469,55.56888312609141
303.58,-0.323412,50.403094582351336
303.5,-0.50432754,61.47155509296098
303.6,-0.52533716,62.02469457024217
303.68,-0.4595003,53.36189268773841
303.61,-0.39548275,59.45959861043756
303.57,-0.35929325,55.72341129065014
303.56,-0.28557694,59.679659623321925
303.54,-0.21069527,61.59134507034627
303.4,-0.24058418,61.851060726958515
303.47,-0.18397835,59.46924145622924
303.48,-0.19365934,57.101188114875534
303.43,-0.24765195,61.85925195566843
303.34,-0.26193258,64.3850881398242
303.23,-0.15155476,56.16333303386965
303.25,-0.15906602,62.051106738802375
303.36,-0.1639056,60.07619360186478
303.3,-0.23237616,65.71657632053925
303.9,-0.32325414,55.51120667326786
303.4,-0.3292487,50.422547879339675
303.83,-0.19674817,48.245269202878696
303.6,-0.10193451,41.183282388228804
304.26,-0.058046542,43.88213095244331
304.3,-0.01669521,48.543801214356805
303.88,0.53891075,42.64755706625398
304.3,0.8689164,39.885486067061684
304.1,0.9518676,43.66889444270654
304.39,0.96239495,43.1070277348566
304.54,0.9640258,40.84328809836767
304.56,0.96543914,43.55657288957463
304.45,0.965697,54.30972735377553
304.34,0.96539485,52.707672942806006
304.66,0.9648909,52.956748096832676
304.85,0.9656953,56.18723802270452
304.46,0.96631104,52.45708575969322
304.9,0.96484935,57.77080962567589
304.8,0.9640202,58.000592863841625
305.28,0.964128,54.19001540499971
304.7,0.96605855,50.74899620807406
304.35,0.96557283,53.25089902946186
304.19,0.9650375,52.453796006673834
303.6,0.9652843,57.02596490253883
303.78,0.9593764,49.56054156876654
304.11,0.92751694,47.60310126471307
303.6,0.85237604,44.36798371880611
303.33,0.6725488,40.311318209999754
303.59,0.43054175,44.30006253646434
303.54,-0.18398844,43.64568412520779
303.34,-0.69621164,42.43072337523805
303.51,-0.8625089,45.51591201594585
304.32,-0.9174531,53.1503081256873
304.2,-0.86462104,50.6048800368501
304.22,-0.6901133,46.55321795374342
304.48,-0.29243153,46.72335488911698
304.23,0.16642162,51.389417711597275
304.67,0.4520884,52.509236012796215
304.69,0.61573404,54.60090947304218
304.45,0.6848388,58.395831973890544
304.22,0.7245106,58.395831973890544
304.4,0.729571,52.492705701749976
304.35,0.72145474,50.59345942145369
304.68,0.7149391,53.32164441771171
304.2,0.65825117,57.53081679550203
304.06,0.597981,58.65502465129894
303.82,0.49351263,59.48010764921812
303.49,0.50202173,50.7540123450244
303.73,0.28474864,53.159155689702274
303.68,-0.26409155,56.98764425406465
303.59,-0.7456141,64.62951107894787
303.76,-0.87778264,66.75011615658298
304.24,-0.92400056,69.78480612309184
304.08,-0.897518,60.63260543722222
303.81,-0.77685976,61.39344516988123
303.82,-0.51899785,57.22481259321188
304.1,-0.46880442,57.81241245426022
304.17,-0.36059123,56.5573799092365
304.3,-0.1068615,52.65892163150042
304.55,-0.033345144,50.67893538254331
304.55,-0.05126899,54.54423498653832
304.26,-0.009872427,56.80123119752687
304.16,-0.14486724,56.3377705732179
304.31,-0.1360236,51.57892750994042
304.56,-0.23490153,48.629773856067125
304.63,0.042443376,48.416823664505884
304.68,0.39172652,45.418222937829356
304.28,0.6296456,49.05855901540125
304.41,0.641909,50.24967260678679
304.63,0.7298991,53.08491618938452
305.17,0.82178134,55.58372314964974
305.35,0.92017967,53.35784947451315
305.63,0.9442859,54.34236147159699
305.2,0.94872355,52.55053666608629
305.26,0.9354768,52.829700468183525
305.05,0.93128157,51.52388714669903
305.09,0.9226788,53.97418625062455
305.03,0.91909957,55.19369557783788
304.84,0.91580254,55.511061568693385
304.74,0.9038151,53.86747510903675
304.95,0.891746,53.86747510903673
305.08,0.8896162,87.15888260840123
305.06,0.8774553,87.96417202627889
304.85,0.8544437,85.95474211596921
304.71,0.72585475,85.25561928444534
304.7,0.3648727,86.18346156280097
304.56,-0.3917511,77.30061748300405
304.71,-0.88845193,70.11653772031929
304.76,-0.94289243,62.16624965472158
304.88,-0.95190614,62.85644302658869
304.99,-0.9328359,61.140484028083364
304.91,-0.8040313,62.67669179150144
304.95,-0.5081435,61.92346723005705
304.89,-0.28381383,62.40995943454344
304.9,-0.29845116,69.45071194871187
304.86,-0.1834342,68.21843265023112
304.94,0.1286611,68.81433102187235
304.98,0.3270008,69.92757772265107
304.99,0.4407014,65.57336707346127
304.95,0.49565336,62.27645636602149
304.95,0.518608,56.008982889584026
307.97,0.46082368,47.81730644177497
308.23,0.81802994,51.40967855011748
308.14,0.938346,52.77956375405625
308.11,0.9593343,49.600383089629204
308.34,0.96026415,49.431616951940356
307.95,0.95535195,47.34960797494469
307.59,0.9443146,46.81869688810491
307.13,0.93125796,48.67785425043763
307.2,0.9262838,45.9848200021591
307.1,0.9110802,45.9848200021591
307.24,0.9033925,44.95467896910377
307.2,0.8990943,40.99834291341956
307.24,0.89856434,41.825385231027795
307.91,0.8919748,39.44369234169855
307.85,0.85536367,36.12106034163833
307.91,0.78734,48.771942897431785
308.02,0.6332734,43.64297648481359
307.83,0.6228606,45.02649630532286
307.68,0.47203642,50.48131004499958
307.37,0.2977353,44.74377840676434
306.88,0.16830556,47.32283881019969
307.11,0.1218536,45.603641210871295
307.2,-0.30772817,43.34267467313229
307.01,-0.42256483,34.451906186066985
307.0,-0.50065136,41.37392529853642
306.88,-0.72376275,41.37392529853642
306.85,-0.8608101,39.501208817468516
306.94,-0.9325804,39.34140080016342
306.8,-0.94643307,39.34140080016342
306.8,-0.9022552,37.91810819666893
306.75,-0.6676136,30.255920543884695
306.55,-0.50668836,38.26496745604776
306.58,-0.44264877,54.707373778109904
306.46,-0.48260364,63.553014977071854
306.28,-0.4484708,58.29811752265853
306.77,-0.36260054,57.06623848651293
306.5,-0.4206943,58.368862826067684
306.56,-0.33761647,58.19599850237746
306.81,-0.27401805,60.10463206428513
306.51,0.26809326,64.93246912669596
306.63,-0.01765094,60.78319857675341
306.54,0.072024316,61.97270627663896
306.42,0.07221412,64.3046668687297
305.84,-0.11355227,64.09303002354315
306.15,0.05580381,59.06844446822358
306.15,0.15650743,55.36782884231401
306.03,0.20337416,55.36782884231401
306.02,0.35992613,59.823418517574176
306.02,0.39370334,59.38313042106793
305.94,0.28501067,54.820816159793125
305.42,0.2234601,53.55480597841077
305.73,0.2025755,60.85612697354647
306.64,0.14447644,54.6842616893787
307.41,-0.054702584,53.325300942904185
307.08,-0.080420345,51.935372339684314
307.0,0.54425347,57.8510036944058
307.11,0.8564746,54.545977753802866
307.1,0.93287545,58.532352156087676
307.25,0.9562787,61.84748859324672
307.67,0.9619736,57.53977327614748
307.45,0.96513003,59.36839887636015
307.55,0.96625966,51.24752643567253
307.75,0.96646786,52.77462171231673
307.74,0.9661291,50.322633568548724
307.5,0.9660483,52.34043010333376
307.31,0.96644974,49.767657752473866
307.31,0.96731186,51.15979147348343
307.6,0.9673181,51.159791473483416
307.58,0.9655139,52.89028244749615
307.37,0.96134084,52.639211822805166
307.31,0.9571664,55.590578493113355
307.76,0.95998114,49.690633679408066
307.46,0.95759964,47.79070614016009
307.39,0.9445363,49.10061105616846
307.32,0.93905264,50.43970341760695
307.67,0.9290718,52.33052709916186
307.51,0.9188812,52.883629575452254
307.76,0.85758895,54.03239616934648
307.99,0.8171925,51.658694532486834
307.79,0.9042773,47.19323339283862
307.91,0.91579753,45.97053570451085
307.5,0.9241336,46.713910606542086
307.59,0.8553272,58.6587460872827
307.46,0.8051272,57.94143810189294
307.57,0.66474885,57.56241421711987
307.44,0.7081714,60.355263667917704
307.51,0.5006274,60.355263667917704
307.51,0.38050786,61.52975854360566
307.59,0.42632568,61.52975854360567
307.58,0.24352822,57.57347509744329
307.71,-0.065858856,49.81263237383761
307.48,0.33941257,43.193902441807246
307.4,0.034985814,43.193902441807246
307.45,0.29250017,45.407770669219936
307.5,0.5199361,59.63755330295458
307.57,0.6500353,61.193719917119914
307.59,0.60433507,49.538210196945045
307.63,0.74512994,53.208030980639705
307.56,0.9024463,49.343499610758876
307.42,0.9323251,47.0774774570142
307.38,0.78180516,61.22147560429517
307.4,0.5084969,54.80501055002457
307.79,0.18774071,42.743822472580895
307.77,0.57695776,36.0508813894557
307.76,0.708708,38.47887437710939
307.86,0.7070872,45.381630239821185
307.86,0.69315594,43.82416744406159
307.9,0.69050705,44.03102416284227
307.9,0.67233294,43.007725232702306
307.82,0.6440923,39.54375341638088
307.64,0.5522509,38.278892940198396
307.45,0.57357615,32.53513758620191
307.45,0.4941508,30.833792644361573
307.5,-0.054320704,35.744670477293845
307.92,-0.586503,42.87171002680597
307.98,-0.7356672,42.22096456904795
307.64,-0.5482057,46.17993071880697
307.77,-0.4703035,47.26093181867799
307.64,-0.32467842,45.489791309485234
307.56,-0.15535358,43.91439507970095
308.15,0.031179994,37.30552380896844
307.91,0.16211493,40.11504237531053
307.31,-0.20149137,32.2031406782366
306.84,-0.36962262,32.713560845045606
306.95,-0.8228275,31.075842545671545
307.29,-0.9189446,31.64282136931692
307.19,-0.9271091,40.590043359774086
307.2,-0.92047477,47.548568116169605
307.14,-0.8821119,43.128487206484536
306.93,-0.8390026,54.512796910448216
306.85,-0.8101641,59.122247603902935
306.44,-0.7926309,50.665866879287144
306.3,-0.8391152,52.495212087897116
306.49,-0.8399689,43.983452265553964
306.8,-0.82909095,43.38224280650899
306.76,-0.86050296,44.365009519499075
306.94,-0.8756055,41.04057350447612
306.99,-0.8847708,40.91358737218972
306.9,-0.901495,39.21486789354071
306.82,-0.9265227,38.68267154746119
306.44,-0.94159114,42.06935179551141
306.55,-0.95235616,29.85909103290103
305.99,-0.9379931,42.71781282013119
306.01,-0.9303006,36.827525082863765
305.88,-0.9119856,29.393691412041857
305.9,-0.9168487,32.490342209654344
306.24,-0.922921,38.66237998370739
306.56,-0.9274316,34.87798531119242
306.3,-0.8595199,34.81003316184927
306.95,-0.79163325,37.055183285432896
307.29,-0.6642918,37.734415787449365
306.77,-0.6446271,39.28662489188756
306.9,-0.3734325,42.246619125321615
306.27,-0.3792357,39.11702729978237
306.22,-0.27514896,44.63784518374216
306.28,-0.27928257,46.08571267763374
306.02,-0.32406688,47.300107944009646
306.01,-0.44029474,48.13878033720932
305.88,-0.5982556,48.579410638626044
305.84,-0.7680399,66.67263698702828
306.0,-0.86919725,70.72373436797157
304.9,-0.89996016,67.07639212373613
305.69,-0.8888125,63.54706808773211
305.05,-0.8809991,65.63835991670261
303.96,-0.84926736,68.21182375772386
304.19,-0.82477236,72.1176946781093
304.68,-0.85331047,66.02821210641774
304.14,-0.88902503,66.68675244123557
304.13,-0.90766954,64.14256793530743
304.3,-0.92402834,64.37368513886787
304.35,-0.9314322,78.10341896987511
304.46,-0.93457663,67.73070909112207
304.67,-0.92944187,73.6479686485849
304.35,-0.8917813,76.19324719390808
304.75,-0.90919214,72.21643106536145
304.86,-0.9243163,70.11453847233335
304.95,-0.95168984,71.09601301757107
305.01,-0.9642457,66.14716269631674
305.04,-0.9656636,62.64641244972656
306.82,-0.9668632,67.63969676902252
307.47,-0.9662223,67.97200069975624
307.2,-0.96449023,56.62254617212602
306.93,-0.95959723,56.62254617212601
307.22,-0.94411176,50.91119484358475
307.6,-0.9195485,51.661315206153404
308.26,-0.9001069,50.484365897871406
307.8,-0.87701327,50.62687698595213
307.9,-0.8165285,51.30604705723981
307.71,-0.7506571,53.15655184405639
307.74,-0.699928,51.83078346790282
310.45,-0.5799698,49.27217400876955
309.45,0.19012351,49.82406039013564
311.02,0.6687597,55.086260138567155
311.87,0.85881,53.6718357568394
311.42,0.9028737,56.18168023448518
311.18,0.8988808,50.76843107501039
311.44,0.86429596,52.444326625722034
310.89,0.76934445,51.500335273445906
310.48,0.68493116,49.27175146242514
311.59,0.5921717,48.73104688106613
311.67,0.6465668,46.42661920664801
310.22,0.6829483,54.763852160220594
310.22,0.59880346,46.81476049932062
309.38,0.69770503,52.76060430709221
309.5,0.75861293,60.950129520257946
309.33,0.69146085,59.01188568079163
309.35,0.24710962,61.83249229825113
309.44,-0.820537,73.84197072632405
309.68,-0.9589322,72.48810347181575
309.53,-0.96675885,68.98550923769253
309.24,-0.9679195,70.06717477325896
309.3,-0.96820325,72.27479162568144
309.9,-0.9681899,74.20742514880186
309.76,-0.96817964,77.89181398304628
310.05,-0.9683969,71.27366754899835
309.52,-0.96869284,72.00021295995403
309.7,-0.96881825,61.88642366394761
309.61,-0.96882284,63.57800069225541
309.4,-0.9687085,63.06129546601619
309.35,-0.96847844,61.01424523410992
309.14,-0.9683943,60.82933305804722
309.9,-0.9685696,58.171327059814836
309.13,-0.9683644,57.590599544114966
309.75,-0.9686027,61.395134659621476
310.83,-0.9683745,58.51706043017168
310.64,-0.9680209,62.25958019647593
311.05,-0.9675174,63.977693701938854
313.59,-0.96705633,64.93281431133767
313.45,-0.9641812,57.5879084457834
313.09,-0.96152955,63.32281488195816
313.34,-0.9508982,59.97174485534615
313.87,-0.9148537,50.470911869067905
314.37,-0.85231465,56.226195889310034
315.48,-0.7777939,56.805337040052095
314.81,-0.7061278,59.973651539280816
315.0,-0.65931875,62.18414157551293
313.86,-0.5994634,62.841164212549494
314.21,-0.35039642,60.47522439993857
314.15,-0.0022514535,60.6831539644409
313.92,0.28774762,61.12365500389016
313.9,0.45539832,57.9758172335078
313.62,0.551516,59.474217560783025
313.56,0.4969042,57.15752821566168
314.11,0.46421915,57.03161080496263
313.83,0.53317326,60.84065733779096
314.38,0.6525499,60.41861110891391
314.65,0.71198726,61.65977066028616
314.8,0.7368321,63.37238306039019
314.13,0.8033534,60.463780646485866
314.99,0.6833512,57.31601436935038
314.66,0.8375371,40.5094230313046
313.57,0.8331376,37.84473693561073
314.41,0.6727032,33.783541052754636
314.5,0.6505422,35.25333082026864
315.0,0.6972982,30.19998800875693
315.37,0.8081229,34.15988938292358
315.48,0.83186704,33.54504780919402
315.25,0.8540059,36.28934420270662
315.28,0.8571882,35.89031413979462
315.34,0.84298843,34.89850247191379
315.07,0.8419117,29.86245503440071
315.25,0.8338973,31.121759726996846
315.06,0.7848299,31.453114082208337
315.05,0.78387314,32.329578348993145
315.46,0.7527607,29.487314266800936
315.43,0.68374616,25.36968411373844
315.56,0.63483,29.101350475581373
315.74,0.59119594,46.205828484016024
315.56,0.53933495,49.978864148396426
315.36,0.42062947,47.678036601599274
313.88,0.44698685,47.790575701739414
313.55,0.22074635,47.91123149486101
312.99,0.16800536,47.43897359329806
313.1,0.3016471,47.57809034504977
312.33,0.24515536,47.57809034504977
312.63,-0.019412473,44.826105950020775
312.54,-0.32123742,49.396679106740514
312.74,-0.48081443,50.75995777650164
312.69,-0.68891954,45.22050573780912
312.57,-0.80146927,45.72409328611013
311.89,-0.7967296,60.46639402226285
311.97,-0.79195976,56.37993611624762
311.99,-0.7838946,57.37705193520891
312.04,-0.7715051,81.44021624182079
311.69,-0.7932321,81.83628375664294
311.09,-0.83763653,77.93791788019992
311.3,-0.75803024,70.95318355543456
312.54,-0.60299236,71.22696945265872
312.9,-0.7021291,71.63824442957129
312.67,-0.6136649,65.39687291019082
312.68,-0.3450469,67.46478049336623
312.69,-0.14225876,64.6892787079515
312.65,0.2474798,63.7809881402501
312.66,0.7218214,66.00825731711954
312.66,0.8842932,65.78484247539676
312.46,0.92707723,66.09381324538165
312.75,0.9422917,69.09890290041841
312.84,0.9486472,68.96724829334926
312.46,0.9508744,69.9536664539278
312.49,0.94862896,67.63830823271313
313.62,0.9453672,66.59972127875878
313.34,0.9513908,67.14304925365379
313.43,0.9470978,56.294842524321545
318.17,0.9284341,62.11607253387742
318.34,0.9353669,66.49759920959565
317.97,0.93990785,66.09923424095751
317.26,0.9393244,65.25722194221517
317.33,0.94452566,62.54034892452989
317.43,0.95278436,63.14906999406933
316.81,0.95752174,54.20518835607893
317.23,0.9573373,59.03353555986723
316.95,0.9545287,54.87936149982411
316.86,0.95119643,58.40259552439484
317.25,0.9467132,57.637312092399995
317.23,0.94232154,55.67322284735332
317.28,0.93367624,57.54292941432999
317.78,0.93303007,59.091476926191945
317.77,0.93109673,58.93714455666019
317.93,0.9256978,60.49282666228599
317.77,0.92056024,59.6240269536472
317.7,0.9195679,60.83552515785081
317.77,0.9191353,55.78794897295385
317.0,0.91764617,55.78794897295385
317.68,0.8884458,54.11419856097287
318.3,0.8801982,53.34812299457745
318.27,0.867904,51.38946257150807
318.21,0.8539944,42.9069854823995
318.02,0.8515208,43.509489644694646
318.09,0.8197009,47.488072962943015
317.43,0.8070508,46.778472847333965
317.94,0.6752945,45.143932227001734
317.6,0.6211567,50.52257039914873
317.98,0.5939021,50.7226975064735
317.92,0.67814726,48.605464902046734
317.77,0.704426,45.72768131770356
317.95,0.6316971,43.927131942635626
318.1,0.55802965,46.690055952894596
318.09,0.49986356,44.9551435791903
318.23,0.4502152,47.57734966105426
318.18,0.50661445,47.844915959147485
318.28,0.5437611,46.07221982644665
318.0,0.57162035,58.402122747989424
318.0,0.49760658,53.58156338610951
317.91,0.2948367,55.05351540912579
317.87,0.27536878,52.73795771625046
317.77,0.33461434,53.670630082266456
317.27,0.31470683,64.58419100711316
317.3,0.43461412,54.160890757285664
317.5,0.2461385,63.17871323984314
317.46,-0.06392592,60.09827995408661
317.37,-0.15176845,63.07148040065266
317.63,-0.09919236,62.418166823498865
317.64,-0.03812341,66.30245981624714
317.54,-0.11373258,57.434949372215826
317.4,-0.051970016,62.79380448223455
317.31,0.070346355,58.03600691187803
317.42,0.079287104,57.13939167285497
317.34,0.01610278,56.76163843990937
317.44,-0.053898983,57.812886285488304
317.45,-0.078989185,58.88929087643818
317.38,-0.079316944,56.24012067642909
317.9,-0.027312703,51.84469825161244
317.71,-0.05467397,53.15884951743159
317.78,-0.35295603,51.01693442451691
317.69,-0.4038904,52.25986327847011
317.73,-0.41038924,55.69053504635565
318.31,-0.33539852,53.97069781853162
317.87,-0.11245054,53.71549107322409
318.49,0.34980127,51.112652590835175
318.34,0.6785177,49.56089893454921
318.57,0.85960084,54.29309969529421
318.54,0.92693996,47.69827938763574
318.85,0.95081896,46.98904861368962
318.42,0.96132064,47.270499064173954
318.85,0.96384573,48.1597198934025
318.59,0.96550244,44.64616376952879
318.54,0.9646456,43.083843858914406
318.52,0.963577,44.81683314231006
318.59,0.9600566,44.23662083834042
318.66,0.95397985,45.00339302108756
318.54,0.9344511,41.90100314978042
318.33,0.90561813,46.287369541692144
318.4,0.9009468,40.85216544467786
318.3,0.8927943,43.99953098444412
318.36,0.84668416,43.99953098444412
318.53,0.7882692,59.132064702958644
318.46,0.8046158,48.05995482899313
318.45,0.74542785,54.56909445692918
318.35,0.63037765,55.89194666145091
318.29,0.66287833,58.49495466592851
318.48,0.67849606,60.77983346732909
318.22,0.8138637,53.05879958332167
318.19,0.7820455,50.99186031947506
318.2,0.7240187,51.247519685175604
318.23,0.70356154,51.247519685175604
318.1,0.74347675,51.247519685175604
318.04,0.78531873,55.85006037434134
318.09,0.6540299,58.73440046278099
318.07,0.36241522,70.04016203072867
318.09,-0.057879336,72.88746543942277
317.99,-0.4660586,74.02674062551708
318.1,-0.6649374,75.9606799972718
317.92,-0.7988165,63.27598548976579
318.0,-0.8399696,59.78193496588944
318.0,-0.8618811,59.96506967832048
318.48,-0.8365141,64.64604118898009
318.1,-0.90134084,54.69768370609464
318.37,-0.7702753,56.54429841457444
318.43,-0.67549604,45.54746867202988
318.55,-0.64144003,38.01902805785426
318.66,-0.7427659,37.88932834053409
318.39,-0.8473937,35.910382136149146
318.31,-0.84660065,32.72030491316668
318.32,-0.7328411,41.16345100074165
318.32,-0.54010373,41.16345100074165
318.32,-0.35597464,43.07536269893764
318.48,-0.15860552,40.85154426103897
318.59,0.11490836,48.95934814220504
319.18,0.33318707,46.55404417986319
319.39,0.77400076,50.99843441827877
319.48,0.91854924,46.6469810952785
319.64,0.9368418,41.06265342219405
319.24,0.9420998,42.46596208393008
319.11,0.93862665,42.004363011481026
319.12,0.93476844,41.35883414472313
319.39,0.93230855,42.54740643138481
319.0,0.9287278,41.81718848133424
319.1,0.92256844,40.50700453638512
318.55,0.9046502,40.312689744204874
318.03,0.88272405,46.40405989903701
318.02,0.8244257,43.574182714119516
317.87,0.595675,41.67916005284867
317.61,-0.45216817,32.404544073976155
318.0,-0.9281222,39.987502437448086
318.0,-0.9624136,42.38757308365446
318.09,-0.96583503,50.85424963735433
317.95,-0.9660432,53.60758869820834
318.35,-0.96640486,51.33623960204305
318.21,-0.967291,47.58581269663583
318.45,-0.9672256,48.2289386822655
318.2,-0.9646071,50.62138509372732
317.83,-0.9563922,47.20435209743696
317.9,-0.93201804,42.91482086739966
317.87,-0.7995814,45.11221524108466
317.83,-0.5863005,49.52915046117203
317.88,-0.4153673,45.57915765474421
317.84,-0.34750003,51.693254567841976
317.77,-0.37206298,57.56144592793575
317.76,-0.473818,56.63530216326772
317.98,-0.6271829,61.02496592876439
317.85,-0.52689105,67.55474760730735
317.76,-0.57834095,66.06477993207183
317.21,-0.7373897,71.00111041583455
317.5,-0.8691194,68.50539777921806
317.6,-0.90134907,64.5931991395011
318.0,-0.9054288,64.34586648447196
318.15,-0.92248136,63.301735563950466
318.04,-0.95466053,64.5410316512155
317.85,-0.9635918,52.78344781463338
317.88,-0.966677,51.14525096875836
317.99,-0.9668619,46.66142393931755
317.83,-0.9663738,48.151253827373964
317.61,-0.964783,39.91767914908633
317.7,-0.9615083,44.59399455654822
317.89,-0.95898783,46.43085565644898
317.7,-0.9573127,47.676263652055226
317.98,-0.95122045,47.281667222943824
318.3,-0.9378609,46.251050392595474
318.26,-0.77363235,44.177018047736375
318.52,-0.28243232,43.96470203861044
319.0,0.06221867,44.25323187042014
318.94,0.40624288,51.512709927357925
319.37,0.64570576,50.46425331160279
319.27,0.7735338,47.84259844052108
319.11,0.7784222,48.703562084655786
319.1,0.6431128,44.97269923173054
319.06,0.48841995,41.77276000937563
319.14,0.35132742,43.43968452486612
318.65,0.28044268,42.39407492370747
318.57,0.097441696,44.202063711552704
318.34,0.033307564,40.885461351448846
318.41,0.031962615,33.26871861040748
317.93,0.056244276,31.94905801516691
318.15,0.42242762,30.46189125806016
318.24,0.784282,32.16220101686271
318.3,0.8696585,35.956631004924034
318.28,0.8443105,33.701040396942695
318.23,0.8355048,51.18071227668993
318.13,0.7304793,47.848396731277695
318.12,0.4895124,45.63323766783488
318.13,0.11400567,50.05964436167197
318.4,-0.25634578,44.89329979927786
318.36,-0.46315253,47.398825968482136
318.26,0.39560923,48.24356453791147
318.29,0.87022835,51.59233727306396
318.15,0.9578643,46.710210181539196
318.02,0.950331,46.18722674080075
318.07,0.9334186,51.18976714605813
318.03,0.88936746,39.726316382073556
318.08,0.8051208,48.36664195470169
317.96,0.55762076,45.67082530368414
317.62,0.14784868,43.27317546000904
317.55,-0.13968967,33.008953634703715
317.47,-0.32084987,39.34711429929291
317.51,-0.43201035,34.41236077677475
317.6,-0.5840334,26.07220827618907
317.5,-0.65612024,28.956595092372016
318.03,-0.6912673,34.09901646464667
317.9,-0.5048237,30.86063415660269
317.81,-0.2584493,35.21481482293493
317.97,-0.012175021,35.21481482293493
317.76,0.34256697,37.401465627662816
317.85,0.5332209,32.93886325471512
317.88,0.7880222,31.27271039765571
318.0,0.9287169,28.530086015303528
317.82,0.95778906,25.91893839071681
317.8,0.9642215,28.346623721460567
317.97,0.9639736,39.91326018649083
317.48,0.9641532,42.415896428742094
317.82,0.9593863,43.43084366508467
317.69,0.95520383,46.31788389901176
317.57,0.9423339,52.86991003080536
316.91,0.9107517,56.21585721802447
317.18,0.7927974,59.20972979025121
316.8,0.57027316,58.315104919395964
315.9,0.19948564,55.428952760770635
316.04,-0.2773061,58.72857040426162
316.3,-0.55820245,63.569308897858136
315.95,-0.7047002,60.877930766067855
316.18,-0.79436153,61.25646432071541
316.18,-0.82526404,61.04443687269845
316.29,-0.8293443,55.462463463646074
315.88,-0.72801745,64.31319505663794
315.71,-0.6745375,64.53641928425199
315.41,-0.6706009,73.73622785691951
315.09,-0.6835052,68.23715214356658
315.2,-0.6808876,61.78613968897453
315.8,-0.6754864,60.214234904625094
315.95,-0.49129784,64.92329972958593
316.01,-0.38797706,67.30473331222237
316.18,-0.44547838,63.64831412193338
316.61,-0.52511567,65.99921676309674
316.86,-0.5455317,61.85684389606336
317.1,-0.51435673,59.60086176013266
317.05,-0.4371821,63.676977589468365
316.89,-0.29908273,62.488751737731164
317.13,-0.056703255,57.23117256937743
317.53,0.2865213,57.06957927032059
317.39,0.5950261,60.98452892727108
317.42,0.718351,60.26711113001504
317.41,0.73123175,60.51721186833018
317.14,0.6867661,59.11467948304304
317.82,0.6085229,57.07950871140485
317.84,0.5814051,52.060985534408175
318.88,0.5549342,53.907407116606635
318.58,0.6278132,54.080560246126254
318.19,0.59731966,55.86604733462352
318.09,0.48529008,50.38094796841281
318.58,0.43155378,52.319977148678646
318.86,0.53030217,49.606047755659354
318.64,0.56937873,50.66600565098979
318.9,0.49151623,52.59867630441487
318.65,0.3880739,52.35326333848263
318.51,0.33468488,51.57580937947688
318.91,0.29850978,51.30232570653952
318.84,0.29719773,52.389827009623204
318.52,0.3213203,62.70459412304796
318.51,0.35582927,53.71400777072752
318.84,0.42195812,55.58441963997052
318.8,0.5540899,57.4367037818501
318.82,0.6076883,59.07065549353177
318.75,0.6383605,60.695568685121394
318.65,0.6670977,57.03765875049843
318.39,0.6368032,63.710870788718
318.5,0.45564654,60.159174165141685
318.51,0.79167455,59.269606360740866
318.61,0.85627383,60.52677763956837
318.35,0.8921775,55.5985295254159
318.45,0.9211242,56.78276135670143
318.32,0.80324584,52.5560300173882
318.37,0.5741392,45.97483220520516
318.46,0.26284668,45.484131178795806
318.45,-0.06929244,49.00128968445286
318.42,-0.24755222,49.29486825785626
318.41,-0.27006266,48.99115237729839
318.45,-0.5190933,51.5622829175705
318.91,-0.5926553,58.5872928297155
318.58,-0.4296833,34.09279969323782
318.67,-0.474249,47.62627335179575
318.76,-0.28386462,52.40987759913013
318.84,0.071621805,58.52866942261249
318.92,0.72348434,62.246021749858386
318.8,0.90315807,61.13941581352456
319.14,0.9249702,48.95496013755224
319.02,0.9537662,49.91954672635032
318.99,0.9587162,50.778132431359445
319.05,0.9575136,50.778132431359445
318.89,0.95325696,47.32771427781294
318.94,0.94775885,47.67580270045428
318.8,0.94688886,56.49917240325806
318.55,0.9304364,49.27734852144046
318.53,0.83566606,44.84847499555074
318.65,0.7985313,47.172639484964186
318.66,0.5132161,50.469482773579756
318.65,0.22305056,49.41281364684905
318.73,-0.06560935,49.5752340928402
318.98,-0.13089329,46.82295424474248
317.83,0.30309868,46.01381763779095
318.49,-0.1188539,49.75413168971301
318.79,-0.49996105,49.75413168971301
319.24,0.24956897,51.880688139915776
319.56,0.61318815,49.619116893671716
319.5,0.82530314,52.839412458445246
318.72,0.90599644,55.15463867919795
318.79,0.91801465,61.87361726862207
318.85,0.9275615,58.34346147103797
318.85,0.93911874,57.172509584266905
318.63,0.948653,58.776312094276186
318.65,0.9541709,57.99667093909916
319.22,0.9512267,55.61337689260496
318.76,0.9500122,50.18451099270709
318.43,0.9436851,51.11882630547976
318.58,0.9376812,48.89666535041533
318.8,0.91828305,46.02389176853631
318.73,0.93586147,37.040168279308595
318.74,0.9442127,44.63097631524371
318.57,0.94948566,46.25911258956329
318.52,0.9477949,41.55892837977492
318.72,0.9413611,39.81622936314884
318.72,0.94253415,38.42794054375852
318.83,0.95695263,39.000565403173226
318.72,0.96257526,37.67973491623814
318.88,0.9651256,38.322452112121866
319.0,0.9640747,45.307949826641185
319.4,0.9628959,50.314204633388435
319.25,0.9647064,54.1225723171432
319.2,0.9664365,45.447333201890835
319.29,0.9663323,45.70065965214252
319.26,0.96125287,46.23837400141923
319.17,0.93444276,40.60846151189355
318.95,0.8590624,32.17151520067298
318.99,0.76152134,35.23680163142284
318.9,0.7990981,39.76716630396457
318.78,0.8018698,40.55740743965259
318.32,0.7027337,44.479639646919665
318.62,0.4683336,49.719844621573635
318.69,-0.002057322,57.228998699124936
318.44,-0.42307082,55.12900424014128
318.34,-0.54386055,39.0228720585551
318.26,-0.7177747,47.76469627334268
318.28,-0.71667725,52.72760518686822
318.21,-0.6785945,51.79242469200881
318.23,-0.62470555,45.556389221980986
318.46,-0.65334296,39.48411779179364
318.65,-0.74908113,36.40975314144794
318.81,-0.7855667,37.11285498687981
318.44,-0.6152179,34.07022799612621
318.45,-0.41970593,34.07022799612621
318.47,-0.4023969,32.62272097766711
318.21,-0.44081596,28.68530700071586
317.69,-0.6112154,39.219031032428944
317.8,-0.5749494,40.89784619675976
317.97,-0.55990857,39.37524364287513
318.0,-0.5824384,39.254180105806796
318.15,-0.5866773,36.25321259201193
318.37,-0.64425594,42.672169787959305
318.75,-0.67154425,45.12255229444849
318.66,-0.63087636,52.60284419159913
317.72,-0.50418895,47.51676628235439
318.22,-0.47905546,48.13397686175102
318.56,-0.46679747,46.944884125770734
318.5,-0.24303555,48.65245356642971
318.07,-0.118010215,46.70967251780031
317.56,-0.1460645,46.709672517800314
317.26,0.072415754,46.70967251780031
317.3,0.18494058,44.49074634461192
317.0,0.2220911,44.726390835617686
317.0,0.047099385,48.05129655339881
316.86,-0.031636983,45.723982998828774
316.44,-0.14554363,46.48524920053012
317.0,-0.21059231,46.75334151627552
317.1,-0.2650688,46.50245838880582
316.97,-0.35483906,45.19653228934084
316.96,-0.5452566,40.10264136786982
316.71,-0.66912127,41.45612001298543
317.05,-0.69377655,32.85996904050781
317.19,-0.70227665,31.86702587122026
317.67,-0.67213535,32.95786267355527
317.32,-0.6722273,53.151768534379386
317.36,-0.5619152,50.52924180253626
317.28,-0.28491592,52.62691259438223
317.38,-0.0133299325,47.429003393771346
317.26,0.33248863,47.012291730439735
317.26,0.6476215,46.79092721958848
317.26,0.7514153,49.35886607441195
317.14,0.79361564,50.136345720733
317.15,0.8141753,53.943748985715814
317.29,0.8224899,55.87872779403392
317.18,0.8378397,57.55894912843888
317.21,0.8350774,52.62580456060323
317.22,0.83321327,45.762149482418906
317.21,0.77075815,55.59693407829357
317.16,0.7088541,54.303742188497154
316.95,0.6438954,53.23690150123307
316.99,0.32472482,53.72640716406125
316.56,-0.046885427,56.195448530698656
316.5,-0.47391388,48.64787327555872
316.53,-0.5255616,40.60040429154568
317.28,-0.39867172,39.09454443673395
317.16,-0.15904821,38.90032080237596
317.26,0.27449438,45.071748846761324
317.02,0.431435,44.15685593516001
317.0,0.29697737,41.2278227148646
316.99,0.35765103,46.248972503832235
317.09,0.51281285,46.00001505034026
317.12,0.6419052,44.206155191288765
317.27,0.7330799,44.867691001927454
317.35,0.770603,41.4291724862913
317.42,0.85196185,44.26013970775884
317.26,0.8470413,44.97616608379169
317.0,0.68808585,41.26552805107617
317.41,0.5687529,29.99170270118283
317.36,0.10115308,38.82714693198802
317.32,0.015275499,36.79000038741098
317.34,-0.08992951,38.679875343943465
317.44,-0.111484475,42.964878279464905
317.17,-0.12152644,40.98224236374256
316.8,0.002637041,39.66803617387658
316.72,-0.0382659,39.216595065507626
316.71,-0.043267135,38.50865787502836
316.92,-0.21809302,30.116687667983122
316.88,-0.6402627,25.638832856969664
316.75,-0.73932487,17.61703495423817
316.92,-0.75795275,14.032052411436002
316.91,-0.71664035,13.856021730516291
316.84,-0.7583541,15.845625518152747
316.86,-0.87547493,18.453438720142373
316.73,-0.9135624,15.470469368948178
316.81,-0.9192932,25.67249138877673
316.83,-0.88870925,28.177068671276334
316.7,-0.8798124,31.347799374151457
316.15,-0.8644342,37.3087790236285
316.42,-0.884449,34.54038298771719
316.31,-0.9145232,33.107343014900785
316.37,-0.9252803,31.795971250081063
316.51,-0.9118008,24.89373771246838
316.42,-0.91746986,29.341016112267994
316.36,-0.9039488,28.22675280733458
316.34,-0.89281666,26.714008343969603
316.31,-0.822192,32.9487926114387
315.88,-0.75325906,33.785550683044306
315.56,-0.6696637,36.35172346442392
314.65,-0.6660266,37.43966517821589
313.96,-0.72989017,41.73016090680492
313.92,-0.7294662,43.80535180502291
313.99,-0.69123036,54.74099780099838
314.08,-0.6297493,51.648402991230924
313.56,-0.5904763,50.959422412664054
313.97,-0.56259745,56.014567445999205
314.08,-0.51981175,51.38028395988912
314.22,-0.5186163,50.345137672883624
314.5,-0.47965842,52.07803672260093
314.26,-0.266988,46.64365172557959
314.13,-0.050724376,39.7303919623658
314.01,-0.022924371,41.670050913950675
313.23,-0.0963388,39.741699577851506
313.44,-0.24888195,43.37027172458489
313.31,-0.26701123,42.155280794333855
313.13,-0.28050163,42.37260324341174
313.42,-0.38419098,40.25525871396959
313.46,-0.4094929,40.98809773331155
313.58,-0.377563,43.47694340568105
313.63,-0.31630114,49.03273109212274
313.83,-0.306964,51.59466498785299
313.93,-0.26707152,49.79754164604654
314.56,-0.36289224,50.947543525104486
314.38,-0.4720413,50.69740878854302
314.34,-0.5443161,50.16691194327345
314.66,-0.34009716,53.07525944120728
314.4,-0.12185112,57.005783969986034
314.34,0.26246828,53.39349155605457
314.44,0.61739534,53.91761353383515
314.13,0.73068047,51.725111689872506
313.65,0.79042983,52.02524123414389
313.75,0.7848901,52.65916648375046
313.61,0.81234574,56.38321108689593
313.79,0.8119409,59.52624182777531
313.71,0.7119716,51.84528231508811
313.72,0.5618793,51.84528231508811
313.59,0.014234984,61.458233622498035
313.62,-0.651036,53.85054882953045
313.72,-0.80745625,60.87956651400663
313.96,-0.8682592,60.87956651400663
314.08,-0.9173138,64.88176352167096
314.0,-0.9308095,64.88176352167096
314.05,-0.92182654,50.971900988031436
314.04,-0.903614,49.481773082790625
314.02,-0.8770559,59.30446902556674
314.13,-0.85637516,52.60015280495364
314.29,-0.8645154,53.008792285101606
314.17,-0.85064036,45.06012905659155
314.19,-0.81320506,45.06012905659155
314.12,-0.6999388,49.87723575834947
314.13,-0.42110953,49.21338793079356
314.15,0.06772439,51.083115644848185
314.27,0.26292372,46.686960405114505
314.38,0.5726531,36.811220719508626
314.17,0.74399006,40.27447243716966
314.17,0.7148924,38.02980076217796
314.52,0.66661173,32.945023471979844
314.29,0.82906574,33.21215644005297
314.6,0.844488,31.07879099399141
314.6,0.8731271,28.60530497257006
314.8,0.8958351,25.250742534486132
314.8,0.91813684,32.90432624512671
314.34,0.9304624,31.778026369127666
314.28,0.9066458,37.181236826622374
314.74,0.8968639,44.80349245643458
314.46,0.9353314,46.449947153527596
314.48,0.9125541,50.24585573367695
314.1,0.882192,59.51701959584737
314.1,0.8383469,55.97016092093391
314.31,0.83679795,59.836583355597796
314.28,0.873565,60.93130085640473
314.36,0.90641195,67.39205601472841
314.17,0.9295201,57.52659726030801
313.62,0.94267875,51.86584818751876
313.76,0.9582956,45.680350360797746
313.62,0.96002513,45.17582142940297
313.26,0.96018267,44.77638139643199
313.27,0.95491797,45.46871385275579
313.11,0.94976467,56.71774516443033
312.91,0.9370313,61.09528573711023
312.6,0.9134135,61.31138513438897
312.88,0.891187,59.18709286653437
312.79,0.86771387,55.07694309608296
313.0,0.8321112,58.081223819145386
313.34,0.76655245,55.64196140683498
313.42,0.7173073,55.784801784192915
313.61,0.8185465,53.2018397417704
314.18,0.87168163,51.907678399911504
314.0,0.913278,48.80281693399198
314.27,0.9232116,51.901162711302895
314.35,0.9174622,45.45367782368375
314.89,0.881324,40.73992886341654
314.37,0.8469897,41.9554015027382
314.01,0.802218,34.67842916116555
313.55,0.74738204,34.00973554711537
313.51,0.67048776,25.661262277520542
313.48,0.65828645,18.868942011483906
313.52,0.5986476,17.361097253898347
314.29,0.58670557,21.517460047001226
314.68,0.72589636,32.48773522532807
314.7,0.81696063,29.980497651757933
314.58,0.8118517,33.83012832714727
314.34,0.7561624,32.06709829782652
314.57,0.72099894,27.80563658521571
314.43,0.71221864,33.93163207538599
314.44,0.679767,34.70984631719662
314.3,0.63756627,41.95067414407168
314.23,0.4987327,37.20580289741437
314.06,0.23298968,35.820664232636304
314.23,-0.18586017,39.34672285259204
313.86,-0.28771612,39.959210583612574
313.54,-0.45294118,43.289522198390195
313.6,-0.19560008,41.543244104800415
313.03,0.5152367,38.22229617619252
312.97,0.49790812,43.23750296332916
312.03,0.18164879,42.28949996973825
310.75,-0.44803283,44.00820569894148
310.36,-0.7039472,46.64105064789838
310.6,-0.8011326,45.48928351058417
311.32,-0.85539836,42.65348376972798
310.92,-0.86968035,44.443780697435265
311.2,-0.879724,42.65133759567229
310.94,-0.8878131,38.22417092128551
310.23,-0.8996472,40.86815783126582
310.69,-0.8827408,37.124986018364666
310.75,-0.87372595,36.50767117533341
311.34,-0.79549,38.16850473664108
310.71,-0.7082605,34.69357475112068
310.51,-0.60131645,34.17010459183014
310.8,-0.654573,30.860511388666662
310.85,-0.6947834,30.286138145044077
311.12,-0.3126935,37.95503321718226
310.93,-0.42097756,38.73961162279162
310.55,-0.6016989,37.09771793434938
310.94,-0.4314455,41.41709668901933
310.84,-0.49456125,41.826803513788064
310.97,-0.12905459,59.1920293755107
311.17,0.38726878,67.36274424257789
311.07,0.63612396,68.74140990526384
310.82,0.6882868,64.50292849201767
310.94,0.7500121,65.81259458603161
310.79,0.82747066,66.8658144210024
310.39,0.82554466,66.1344329557789
310.55,0.86096257,65.36447629414523
310.2,0.9125092,65.47270088330909
310.14,0.79822975,65.25312220486774
310.23,0.59518605,65.37816672208747
309.91,0.3395111,65.12576843029709
309.86,0.09811951,65.12576843029709
309.53,-0.11258567,55.87016537653307
309.47,-0.31710383,60.155427024469844
309.84,-0.56012654,69.94660488083157
309.88,-0.65907717,75.14391000296492
309.75,-0.4804188,75.42990355049864
309.96,-0.48102027,76.31051627453438
309.98,-0.7001118,78.39525630453818
311.11,-0.7257536,64.36518572959781
311.99,-0.6814629,56.75568333171695
312.17,-0.6707979,60.62043275252732
311.91,-0.474257,62.93440165487721
312.06,0.047189284,58.75181387691637
312.18,0.6872853,60.329207257063246
312.14,0.91518205,60.76014640884516
312.1,0.9511663,57.08706811799647
312.11,0.9580208,61.7302229409473
312.1,0.94620514,55.42902613518193
312.11,0.9370459,55.12603033680532
312.1,0.93000287,52.06125479803823
312.1,0.9182981,49.259438246939986
311.73,0.90266204,52.039130982073786
311.99,0.86556876,48.43003348423356
312.8,0.8310163,42.83172442214367
313.44,0.81428564,45.574130673612295
313.48,0.852251,48.09772109117144
313.6,0.876023,51.00308497313563
313.9,0.89674413,48.538998295077064
313.21,0.90539837,55.98214318034991
312.73,0.8673518,53.88387149110824
313.1,0.7922519,56.45288574081313
313.34,0.80063915,61.44423475967812
313.07,0.8229798,55.89135856382412
313.22,0.772758,55.7270071991668
313.26,0.7757421,54.51848358931769
313.04,0.77605003,53.80048719647642
313.45,0.73425555,53.04811432270854
313.05,0.7481791,46.716115353743085
313.03,0.69522375,46.54989974014628
312.83,0.6421608,46.37221602395932
312.64,0.58049774,45.43830460594746
312.83,0.561768,40.20619596087977
312.59,0.33015916,44.77190394088911
312.17,0.38864213,40.59879443627114
312.34,0.13973269,31.299202635635908
312.5,-0.0077241864,33.083738852556834
312.69,-0.17048341,37.863720320140764
312.53,-0.15891849,39.963024420854445
313.05,-0.21620482,30.523202290265022
312.92,0.23498899,34.815021579717694
313.11,0.43852216,35.97661336106845
313.52,0.52220494,31.71604313812538
313.19,0.70109564,30.07234292264038
313.18,0.8014105,35.47431320162898
313.11,0.8657173,31.49547603785582
313.07,0.8991753,41.93105945226714
313.03,0.91504085,41.374697824900295
312.67,0.9233459,39.89261698856162
312.66,0.8838621,43.41853241057868
312.65,0.89145064,43.03019961013792
312.6,0.88402367,44.10691688345838
312.3,0.8539127,42.94156189568244
312.5,0.8745814,39.17916051726934
312.25,0.8532016,40.83331264826371
311.51,0.72594416,38.17760641895157
311.59,0.5667866,46.29465050241816
311.81,0.41127276,45.203405886560596
311.91,0.21959876,50.41777702698806
311.06,0.07970662,52.11008396456832
311.28,0.2582791,48.37597609235865
311.34,0.26019457,52.074405068648424
310.92,0.21078324,49.875534689028996
310.74,0.08291383,52.57147120821144
311.01,0.036383186,50.61691135508675
310.6,-0.157233,54.10809887729321
311.21,-0.08866761,56.710079495638944
311.16,-0.13455576,55.80149101346036
311.03,-0.2278192,55.99132325393459
311.24,-0.32211232,50.60751161033189
311.21,-0.34373927,51.48127796532847
311.27,-0.46177197,53.04667147330503
311.19,-0.55463666,53.278580071983164
310.92,-0.4660713,53.27858007198317
311.0,-0.5991652,52.67511062716902
310.81,-0.5643779,52.67511062716902
311.22,-0.35859448,51.99212808269
311.15,0.16038609,50.9254942790181
311.44,0.44437864,53.33132301121877
311.54,0.6906494,57.20456071851905
311.33,0.85272074,62.99292845033768
311.54,0.90551835,68.46183436747374
311.42,0.9045227,62.49433580773586
311.57,0.822662,59.16219021755684
311.47,0.64271045,64.18871747053372
311.66,0.38444412,63.0490777044111
311.81,0.29906425,62.64978451118438
311.77,0.25174436,53.83740464686023
311.78,0.20716979,52.19035266688401
311.55,0.15227567,52.190352666883996
311.59,0.08619596,52.5272264070519
311.66,0.038188897,52.131643318641665
311.67,-0.012638123,51.29953218838157
311.67,-0.0890353,47.23941030362416
311.65,-0.14790466,44.94111694390958
311.65,-0.19511713,38.545761858494224
311.63,-0.27136567,45.956241958074415
311.6,-0.337139,53.42728323381528
311.67,-0.42322966,39.23997794469864
311.79,-0.409234,40.57287329963387
312.0,-0.18482533,54.74028484137986
312.25,-0.08178213,59.45410222453996
312.1,0.059750684,50.68912318519462
312.01,0.05689432,54.76521399116614
312.23,-0.06698507,57.469533022675364
312.2,-0.013328385,57.8315231438941
312.19,0.02074421,59.32291267424726
311.95,0.025914656,64.99010102265244
311.9,-0.045484737,53.63020708779831
311.9,-0.09765046,53.63020708779832
311.91,-0.110263966,57.40771536494318
311.9,-0.17364539,59.11573119682046
311.88,-0.22481552,52.73850940705027
311.78,-0.050272267,51.0442046286416
311.72,0.3924466,53.07364010649268
311.53,0.64350086,53.07364010649268
311.7,0.6089298,50.63904892494274
311.91,0.43968308,49.41840064594055
311.4,0.5612271,52.151055185356455
311.44,0.53782916,51.336479374807496
311.97,0.28398192,51.87614191212716
312.21,0.58031064,40.88884640645668
311.84,0.70582557,50.22391954428353
312.05,0.7537271,50.22391954428355
312.2,0.7498627,46.7524633445175
312.22,0.79182506,44.124864041565935
312.3,0.8862299,49.01123229666038
312.64,0.92183805,56.54935134678482
312.16,0.93025595,49.363748290499124
312.16,0.9067573,50.63046809248453
312.37,0.91355735,54.32219977359536
312.47,0.93908185,55.51628572869516
312.19,0.9520225,61.79104472537817
312.11,0.95068073,57.778681371516946
312.21,0.9478697,63.792158339067306
312.21,0.948086,58.372966257728784
312.11,0.9459817,60.86368133656851
312.06,0.94367564,62.23258551651253
312.17,0.938698,60.70806630304878
312.14,0.9399875,61.7180033916546
312.16,0.94437265,67.68190067002212
311.71,0.9469207,67.95074949305663
312.08,0.9084427,58.514806848152325
312.08,0.7562573,62.558681671733666
311.93,0.4030775,65.09539371845685
311.81,0.2870119,65.37609106681573
312.0,-0.3034188,58.99008555746131
312.35,-0.29190361,59.999958431114266
312.03,0.607472,51.37177371746009
312.09,0.890659,51.3717737174601
312.27,0.93366516,48.00103681673467
312.33,0.9390101,53.723506146887544
312.68,0.9498698,52.8290719113207
312.52,0.955741,56.88727286004356
312.9,0.9516974,61.9265475281482
312.67,0.9525263,54.39477662961036
312.83,0.95137566,55.4555815372305
312.92,0.95466995,55.4555815372305
312.86,0.95634633,55.20736195258248
312.92,0.95458627,59.14595014213737
313.32,0.95513153,59.90528912906884
313.34,0.95688987,57.599426543297646
312.98,0.95745665,58.670196783133896
313.24,0.9528179,57.116832342829795
313.42,0.95411026,58.30565654286236
313.44,0.9546796,59.03938137913344
313.19,0.95262545,55.20338735709331
313.25,0.93399423,50.68927621765994
312.87,0.878147,50.68927621765994
312.87,0.806348,49.0286651626063
312.71,0.6779888,44.90916220231351
312.99,0.48756483,40.157440208901605
312.95,0.72568893,38.35772924757831
313.16,0.6205751,37.58039819704447
313.46,0.5435031,38.031204119285036
313.13,0.71031725,45.64137287096818
313.19,0.6262117,40.31022059230625
313.19,0.550333,41.1329870192411
313.18,0.51884985,39.37930606658765
313.38,0.54078424,38.49556363611693
313.42,0.61519265,43.91721850313965
313.34,0.606294,53.17748719003814
313.39,0.53753036,46.846525256461454
313.34,0.39287567,50.206569680067744
313.39,0.2643352,49.20172343851583
313.42,0.121636525,37.5890482939694
313.31,-0.04723954,42.67211025950681
313.17,-0.23762688,44.61523028616233
313.17,-0.5816326,44.95013661207861
313.12,-0.6920717,47.67602694974782
312.99,-0.869893,45.84258493338227
312.82,-0.8218597,40.52756748394589
312.75,-0.85805565,43.143029598648894
312.72,-0.924889,52.198638762414994
312.73,-0.9495283,47.805918629927305
312.91,-0.947342,38.87958694718506
312.73,-0.93660724,40.14648620524514
312.75,-0.892213,39.703349589436705
312.69,-0.8648453,40.05960737806536
312.66,-0.8736633,41.90778540073106
312.78,-0.89997506,35.73712244849603
313.03,-0.9132082,34.47555362226965
312.84,-0.89543897,32.22925372964266
312.94,-0.87367356,31.823256471935913
312.91,-0.83013356,34.059652808486405
312.48,-0.7665106,30.600457379015527
312.63,-0.88483924,47.475926096203274
312.69,-0.9125271,50.509144666593876
312.7,-0.9427395,48.06349011008319
312.78,-0.95468,46.97482957867438
312.72,-0.95321417,50.59053673428283
312.53,-0.94624954,47.39984931969876
312.6,-0.9306083,51.30830520074807
312.88,-0.93324894,59.11074533084464
312.73,-0.9178172,54.00046242388994
312.35,-0.9012802,45.1071737869862
312.39,-0.83706856,56.47259918763162
312.37,-0.8360979,51.688546855603704
312.38,-0.860879,56.87475263114964
312.43,-0.85514575,52.481260233779736
312.17,-0.91966087,50.481455397344924
312.11,-0.9439198,44.621883125563706
312.0,-0.95269847,43.93537904679493
311.98,-0.9595712,36.149235882274745
312.03,-0.96340615,32.34986415486435
311.87,-0.9645237,39.80225520873192
312.34,-0.96553457,38.62398949184968
312.45,-0.9655151,38.48765705123367
312.36,-0.964538,40.30304289397505
312.32,-0.95908177,38.17950645772365
312.44,-0.9421598,39.88503566784649
312.33,-0.9364077,45.442527364523926
312.46,-0.9321111,41.96118000120311
312.77,-0.93038857,40.45908255104809
312.6,-0.9231702,47.438540571847724
312.24,-0.91890496,47.43854057184772
312.77,-0.9061765,52.063450712245285
312.55,-0.9004978,50.120525812103565
312.84,-0.87713003,51.422060008455794
312.63,-0.8592578,50.016555699381236
312.53,-0.8733085,47.01792518257646
312.21,-0.8604192,47.27976029299412
312.17,-0.86640155,54.95180276130214
311.65,-0.83293545,55.81732909213499
311.33,-0.79650617,57.1473441386159
311.68,-0.7692014,59.75658456727455
311.59,-0.7101785,62.616466948733375
311.58,-0.49887723,59.99285555015624
311.66,-0.16282101,65.10950973793489
311.52,0.1296461,72.06472602730817
311.59,0.20927744,74.4030693745892
311.83,0.2556422,79.56177964691655
311.63,0.37781104,83.15295306406495
311.54,0.43213782,70.3289079338789
311.85,0.45236945,64.10177778860138
311.85,0.52774256,63.51566772140123
312.07,0.5909788,63.63502689576723
311.98,0.64719534,69.53782222341057
312.04,0.6554988,56.88250104637752
311.98,0.6992112,46.68660062761333
311.85,0.72297907,43.45998101459507
311.86,0.73194313,45.876964037625164
312.18,0.717362,36.60783261561198
312.22,0.79792154,35.21470649089702
312.28,0.7837545,35.13471109639723
312.4,0.80022395,33.340316338345175
312.54,0.82460105,31.086524626077583
312.46,0.8133305,32.44324245085989
312.72,0.78804743,34.18741334627802
313.19,0.77518106,34.36989031238903
313.39,0.77717584,36.64016828709633
313.95,0.79064226,33.903645380407504
314.5,0.7985123,32.209740160759054
313.97,0.8121342,32.209740160759054
313.66,0.8151823,27.680921459381015
313.63,0.7305112,29.02431119678097
313.64,0.622132,28.270257410065458
314.19,0.41298446,34.03754879734242
313.49,0.34295923,37.705439167442364
312.71,-0.18834063,35.813143377707526
312.41,-0.6157736,40.527448580259794
312.59,-0.62808913,41.577673791584274
311.6,-0.3123357,25.72616482979045
311.42,0.1709914,26.655595676123255
311.41,-0.55721325,28.20365721486022
311.19,-0.8709006,36.661877214055174
310.9,-0.9437615,35.2351818300696
310.98,-0.9589963,37.16624155083095
311.08,-0.9631138,35.01950919252162
311.09,-0.96394324,32.24929782524158
311.21,-0.96393055,31.328984201342152
310.95,-0.96062225,26.45144352866086
310.78,-0.94860744,23.32309305820726
310.78,-0.91798306,21.550426570230595
310.3,-0.8417949,35.92977084765702
310.36,-0.70388657,40.87291444209667
310.28,-0.5555832,36.047522966732714
310.53,-0.4284014,34.679180009047606
310.7,-0.36876827,40.61351439488893
310.55,-0.123365745,42.89895001774431
310.77,-0.15268165,41.83928050853998
310.82,-0.31517434,35.63459106074462
309.2,-0.53591526,38.49934335757423
309.25,-0.42002022,42.19365456311605
309.33,-0.44582406,44.37826415467092
309.8,-0.40173468,44.06180502931046
309.65,-0.36691594,39.32994452645604
309.76,-0.30862305,37.3974521730377
309.55,-0.29709557,40.967408704537995
309.26,-0.3518801,45.564084092531495
309.16,-0.38579515,44.43494516518792
308.56,-0.45673677,41.4483238808878
308.08,-0.6158559,46.99066658707852
307.77,-0.6594534,40.43751427949429
308.62,-0.68561876,45.33675504877385
308.98,-0.6697937,41.37458949758903
308.4,-0.621902,46.41759106438707
308.22,-0.6470777,46.41759106438707
308.66,-0.479712,45.73321383068311
308.84,-0.62233835,46.58139799016164
308.73,-0.7879131,47.3203267416243
308.01,-0.9142362,46.35359454307936
308.22,-0.88351136,47.98832419121531
308.5,-0.8150918,46.4635607040315
308.67,-0.86563027,47.71589225936784
308.64,-0.9533741,51.87269370666555
308.17,-0.9587433,51.68829611806258
307.96,-0.9349314,54.80277503566735
308.2,-0.8322013,54.97642918100991
308.53,-0.8943292,54.9764291810099
308.43,-0.90949047,62.21608838954151
308.16,-0.8828434,67.57057164799834
308.55,-0.80920494,62.67163529932736
307.93,-0.7419491,51.554262599530674
308.3,-0.73407,49.75170768070567
307.9,-0.67270136,52.9713555840875
308.3,-0.5889821,44.39398921994435
308.3,-0.18070485,39.15161875315577
308.24,0.09876314,38.46899429187331
308.3,0.272225,44.38632779040305
308.35,0.40019163,41.83753857503668
308.28,0.36444446,50.15933324431171
308.38,0.36564732,51.80942647594949
308.28,0.57577217,52.79128362938545
308.35,0.68481326,51.97667066241927
308.59,0.7721326,52.293779816995865
308.58,0.87958086,52.108503545052045
308.76,0.9111884,49.28762981838853
308.77,0.93048763,44.140904910864556
308.77,0.93721527,39.67883271649315
309.2,0.93295556,39.111132355426705
309.61,0.94187516,31.768758847131828
309.4,0.94943756,32.22549549826472
308.82,0.9560314,35.70187246997165
308.71,0.9434267,42.48018230976624
308.91,0.936263,40.74550481159993
308.35,0.9334814,37.07688417442343
307.92,0.9213364,43.562641278128034
307.86,0.92067295,41.2719821098983
308.2,0.82525945,39.59053360066759
308.0,0.6928152,38.465430635853984
308.54,0.26744,42.63504480595917
308.66,0.40944067,41.36411515423792
308.73,0.1757261,42.061603905746466
308.68,-0.5789173,36.72915173363813
308.7,-0.6985452,38.698436161077595
308.69,-0.5197381,43.43815972246992
308.54,-0.02084213,43.079455615693526
308.24,0.4131174,41.070623689810766
307.94,0.47130066,42.89550135758153
307.9,0.49059772,60.16541717952768
307.3,0.05184728,56.71471210841255
307.32,-0.067364246,55.70279791824968
307.47,-0.26743233,63.19838107765965
307.79,-0.41031715,63.94223557312381
307.67,-0.49060643,61.4884275988004
307.4,-0.55263907,59.912768775156565
307.72,-0.62435997,58.30379016763834
307.56,-0.7673806,60.73706699886423
307.44,-0.8424854,61.38422908516691
307.36,-0.86380994,61.723942125184514
307.55,-0.79252225,59.200072348597374
307.47,-0.6677372,56.70314933829063
307.5,-0.58083534,56.92056712252519
307.16,-0.53874373,44.805523080037666
307.24,-0.48413655,47.90986327052678
307.44,-0.4651942,47.46753803295436
307.42,-0.36579922,44.37883995951258
307.31,-0.3163038,46.52032072949634
307.38,-0.16446908,49.89617045875937
308.29,-0.17280196,55.89293687404595
308.12,-0.5050851,56.32595982151053
308.07,-0.6963934,51.93333926912938
308.6,-0.66326666,52.43270443596152
308.66,-0.58262354,53.21781485115679
308.55,-0.5098327,56.32321531056452
308.48,-0.35503033,50.32706950189394
308.41,-0.145416,50.890108406525336
308.56,0.24069928,48.52095783878606
308.6,0.6266492,49.77985975728869
308.62,0.86997306,57.12014282038012
308.53,0.9361604,61.95677284284902
308.44,0.9549249,67.25948931164226
308.45,0.9623926,47.97133170026085
307.95,0.96548074,40.33181035344248
308.08,0.96652615,37.79538270819127
308.06,0.9667132,41.53503768203783
307.92,0.9659848,45.480095413363415
308.0,0.96498394,45.13484774934141
308.13,0.9594459,38.25464922273495
308.39,0.93545866,36.746548882560596
308.41,0.9604064,40.42545518911017
308.25,0.9640651,38.61161741173225
308.27,0.96598476,50.23427168027301
308.3,0.9655494,50.75363497427784
308.42,0.9676908,53.702218401422655
308.22,0.96884596,50.629661004103376
308.24,0.9692461,47.347626115373046
308.16,0.9688027,50.7834731457496
308.2,0.96753377,45.779062204534284
308.46,0.96841073,50.812615922919534
308.67,0.9684199,57.568543661818104
308.95,0.968082,57.85847008075331
308.2,0.9670684,61.27769003911124
307.74,0.96490556,55.06309935028442
307.56,0.9651429,51.77940522020615
307.73,0.95304286,50.16843581758884
307.92,0.9352378,49.072310607626605
307.9,0.8813407,49.858844369159556
307.46,0.7937275,46.56717007158269
307.35,0.6833062,52.87412612813496
307.51,0.5865854,51.643258855903106
307.39,0.52722067,48.40709531544405
307.97,0.4908748,49.88665653823643
308.0,0.6406569,46.790127933564705
308.17,0.73724556,48.175823360986676
308.01,0.8836941,48.175823360986676
307.83,0.8990967,50.421907437194
308.01,0.8167335,44.43096841679424
307.73,0.7688693,46.78786307997444
308.0,0.53722626,56.13745464734896
308.43,0.5145961,55.1437133650545
308.45,0.7000631,63.91465700569543
308.69,0.7408265,48.80211776981021
308.38,0.7758155,51.44002106893439
308.2,0.7260515,54.14349065841514
308.11,0.5099103,55.55424551307707
308.05,0.31271663,57.434562553387615
308.09,0.15859073,60.85302114444403
307.92,0.008910051,62.134513786866194
308.24,-0.040574715,66.6998639344174
308.18,-0.30067882,65.01161612187417
308.02,-0.3531896,61.42383392368702
308.09,-0.39892876,56.09016009126583
307.94,-0.55732363,57.57780281639276
308.0,-0.7545682,62.71672388607513
308.0,-0.8048248,66.7938409173627
308.09,-0.7915277,63.07949775461212
307.83,-0.7550746,61.46898420039455
307.92,-0.6251531,56.991798014746564
308.34,-0.5347824,51.718050867814625
308.3,-0.5107869,56.99288241476705
308.81,-0.4706241,56.166847234917526
308.06,-0.20114616,56.3372254027856
308.22,-0.2454172,59.07799663707641
308.39,-0.43293792,54.902655055948344
308.48,-0.6065443,54.902655055948344
308.6,-0.56629246,57.605380263841155
308.83,-0.41831508,53.64822656636172
308.92,-0.300786,51.05173018265797
309.27,-0.104864426,55.28884501773204
309.2,0.17379858,56.701570443632846
309.05,0.4282773,60.18530026432843
308.81,0.49821088,60.93745131581303
308.9,0.16591711,61.90619889109615
309.24,-0.08724619,63.089158531970256
309.56,0.42872787,57.92352036332334
309.4,0.78341454,61.136220834098424
309.33,0.8629941,60.80291061163881
309.13,0.86096144,60.44800188545633
308.87,0.8844707,59.69748063988525
309.19,0.8886333,57.76648335663961
309.15,0.88557273,54.00406738838674
309.16,0.86378336,56.44791701946128
309.32,0.84330875,59.62450096171899
309.14,0.816882,70.2473148774303
309.14,0.7433582,59.464248835048394
309.28,0.6904838,59.87877450259772
309.12,0.625733,61.972709849716864
309.01,0.6416838,61.972709849716864
309.21,0.7190595,61.972709849716864
309.28,0.8522648,63.40400099894815
309.46,0.90805686,61.33230821138087
309.5,0.94543225,60.903693571659055
309.55,0.95594305,63.38384191881558
309.61,0.9599098,66.67257904997405
309.45,0.9583037,66.18017048328629
309.6,0.9492144,50.207107015258536
309.59,0.94257796,48.62719024789446
309.58,0.9389165,56.8214507661023
309.56,0.9134284,52.925200391799834
309.51,0.8652753,52.281745582207215
309.41,0.7863054,60.33204038084394
309.49,0.70662063,65.40135580445762
309.6,0.7334053,70.85616689987584
310.1,0.7310163,64.13085086134565
309.78,0.79714125,58.18354959001297
309.8,0.762214,62.1442571666192
309.9,0.6337528,56.870671907473735
309.9,0.6509929,44.79434500821512
309.9,0.7154343,43.28442703245173
309.96,0.7714239,43.73828016587997
309.91,0.8035132,42.1054228202365
309.9,0.7830652,38.65213921445064
309.99,0.7486285,38.48219408308751
310.12,0.76725554,37.59219899273769
310.11,0.8108784,43.24633643622492
309.71,0.8051859,41.043803296293426
309.66,0.76385427,54.09148205744114
309.94,0.8165514,54.09148205744114
309.82,0.8697225,50.66906850534505
309.8,0.9016824,54.58844517479123
310.11,0.9245765,55.588433356063064
310.36,0.9444075,54.05030501670595
310.7,0.9614997,49.6149664248796
310.49,0.96510506,44.38511447787036
310.28,0.9664621,45.6699867286739
310.5,0.9644162,46.988912336963615
310.3,0.96390015,43.36132639883546
309.71,0.96027374,43.13717640437891
309.62,0.9508991,41.96897107375285
309.64,0.93748516,42.30549550276702
309.55,0.8728373,43.711607285817244
309.35,0.7201511,44.44072335567786
309.34,0.37122944,34.004900562431914
309.29,-0.40926012,30.034568616816976
309.49,-0.8344905,28.041652104364868
309.38,-0.9384024,34.846244177034535
309.95,-0.9508392,36.54674140288766
309.95,-0.9526593,39.60245700723439
309.8,-0.95938706,47.7341821492258
309.99,-0.9572814,45.53349728656782
310.04,-0.8576479,45.03660055340583
309.98,-0.5484998,45.98872885370603
309.8,-0.0476213,45.14649896616484
309.56,0.3269414,33.15741450418441
309.61,0.4677732,29.75373887858443
309.66,0.54183173,25.521671588087468
309.5,0.61726147,26.54455702958564
309.49,0.66137743,22.830196213298475
309.44,0.740784,26.20023076985279
309.45,0.7395648,31.960041183809185
309.49,0.7749718,35.57025577000345
309.51,0.6821819,32.336652291672614
309.07,0.5912677,34.17780072755869
308.84,0.6448413,34.17780072755868
308.71,0.29170185,37.15276741306429
308.9,-0.25577492,35.24656635181393
308.95,-0.6227009,41.39866553406152
309.04,-0.8153658,42.63433866800122
309.31,-0.63735455,45.422860625738274
309.22,-0.68979377,43.89109641514176
309.2,-0.48732823,49.94988682103828
309.23,-0.1575983,49.66113450839021
309.2,0.42511594,43.67882021014907
308.65,0.7300027,49.083226294717534
308.43,0.73973906,49.083226294717534
308.1,0.5530095,57.27245066868384
308.13,-0.07207669,63.75319125039008
307.8,-0.3982619,62.16655218105369
307.9,-0.49228236,58.116734688246716
308.08,-0.65352297,55.71151390166658
308.2,-0.7494911,48.193622582223014
307.99,-0.74319667,48.46111578283006
308.05,-0.82132465,44.27578844233114
308.05,-0.85694903,48.761090012405816
308.14,-0.8378022,49.037189617880976
308.04,-0.77464616,51.29811557442905
308.23,-0.7064165,54.806798526441966
308.27,-0.73731023,51.43041037990999
308.36,-0.8078269,59.081025671014885
308.3,-0.9052846,58.12679677204679
308.5,-0.919259,56.80930641312691
308.49,-0.9421735,54.165042358950174
308.27,-0.95846075,51.889135393530175
308.45,-0.9548948,87.18340765082229
308.45,-0.95954525,87.9646113946846
308.76,-0.961995,84.02496942342827
309.08,-0.9611846,84.6754062079831
309.03,-0.9603289,83.34647463208155
308.9,-0.9584485,82.47524299757993
308.82,-0.9585614,82.47524299757994
308.54,-0.9586647,80.71392909852851
308.55,-0.95828766,80.86065395112782
308.38,-0.9559266,79.1317763279836
308.54,-0.95504946,79.82846987740288
308.55,-0.9527032,80.00816392065066
308.63,-0.95015264,77.52890482368706
308.76,-0.94508636,78.53188917909783
308.65,-0.92151725,79.10579728441026
308.96,-0.9034569,77.43383963974951
308.93,-0.8272318,75.43076584446744
308.89,-0.69509065,72.82244759981282
308.81,-0.58374816,76.59868362549491
308.74,-0.5151409,79.2991345285941
313.0,-0.586361,79.88725079201313
313.35,-0.06001306,77.80433731167791
313.1,0.38123485,75.38522182165319
313.32,0.7566978,72.06721032138726
313.24,0.86429286,75.35881018794404
313.19,0.8916878,69.65581399528965
313.19,0.9080528,69.09271340745097
313.1,0.9142428,73.07728046998207
313.13,0.92043287,71.04648282685392
313.05,0.9244926,63.93908416155204
313.17,0.92660195,61.151799312309784
313.2,0.9282191,62.12174660773251
313.1,0.9290845,55.1958625555019
313.24,0.9279848,55.3871639093738
313.32,0.9133051,48.47708791978904
313.26,0.90727746,45.15043461884326
313.19,0.90992236,43.45045536249616
313.1,0.90672606,43.45045536249616
313.49,0.881414,40.1396683325955
313.83,0.9348066,33.10800106766234
313.91,0.9411342,36.895931013588914
313.84,0.94308895,35.504041650656944
313.76,0.9407412,34.87434060796155
313.65,0.9405557,33.437344476635964
313.96,0.9268083,42.75198576681539
313.76,0.94083047,45.01202747931418
313.74,0.9331264,49.97461247576435
314.08,0.9329723,46.93360433125218
314.01,0.9405498,41.15446679964094
313.75,0.9387806,40.09119856055211
313.64,0.9231876,34.49288899063072
313.7,0.8920333,37.19151574546955
313.42,0.8558316,38.01648265817026
313.43,0.7173278,40.53968100014655
313.12,0.73219,39.20297941869125
312.95,0.6828212,34.17546617331676
312.86,0.53566265,53.45866011047556
312.86,0.5388149,51.58795671491776
312.69,0.520819,59.520463057151474
312.25,0.30166778,50.01585745320287
312.39,0.34346372,52.49582043808109
312.3,0.35861233,51.524167983330415
312.26,0.4048824,54.259399099858044
312.17,0.38129154,58.59270627308708
312.5,0.3498417,56.9071247863716
312.59,0.3028075,59.15664431662543
312.8,0.3006309,59.44165374768697
312.66,0.15063183,63.05130280464055
312.36,0.028418243,64.61653124042151
312.3,-0.014220392,66.40462217760992
311.95,-0.0837109,66.66379650367304
312.05,-0.06780391,65.5742137528324
312.08,-0.012676137,58.61059820291865
312.17,0.108517885,53.407601789811366
312.1,-0.051920064,53.791736773773735
311.81,-0.1438215,51.50521829334205
312.68,-0.3663491,52.5903454388927
312.58,-0.48463732,52.81773946057774
313.1,-0.6846669,41.97661454014432
312.54,-0.7073586,48.36788458784498
312.71,-0.56755203,55.364567978695355
312.65,-0.4344624,50.759846189221136
312.83,-0.2788412,49.981279728966385
313.14,-0.13282472,48.57707796949381
313.05,-0.05328706,51.51120053715441
313.21,0.0058921003,50.18947271552818
313.23,0.07849749,49.959386347757665
313.49,0.0649262,52.75817954287201
313.61,0.052427426,50.967399941210786
313.75,0.069189474,50.967399941210786
313.77,0.13300662,52.56786995778982
313.73,-0.019624189,52.8441386894669
313.46,-0.07605739,52.8441386894669
313.23,-0.15934706,52.1397259327959
313.25,-0.0043934407,52.1397259327959
313.15,0.3009658,48.05380267405057
313.2,0.5972781,46.623019424486166
313.21,0.61296254,47.04749944337261
312.71,0.35708338,48.80140407382058
312.99,0.26640302,47.529858389135214
313.36,0.37094122,47.52985838913522
313.13,0.47182745,67.0887475194875
313.09,0.113752306,47.18418077407747
313.02,-0.35453027,43.178839638090935
313.16,-0.44095233,38.31415659961371
313.1,-0.54772973,36.54076015275458
313.09,-0.66624635,32.636441234516894
313.21,-0.731013,37.15600184873078
313.14,-0.582751,34.34370785320364
313.14,-0.34829748,32.03938693535095
313.2,-0.081035815,36.33308079742382
313.21,0.39815345,36.15735839586024
313.21,0.69241357,47.164937300466136
313.19,0.83972675,42.43709933416068
313.19,0.85434985,45.150906015791456
313.08,0.8637261,32.004022631706704
313.04,0.8639291,35.84657492976957
313.05,0.84299624,35.34051127466339
313.09,0.75108707,42.546780511489395
313.06,0.60629684,38.2357573879869
313.06,0.32573873,41.333315367359724
313.65,-0.026464824,43.56838428147855
313.03,0.13038315,40.685144049389265
312.85,0.57694286,44.24069364668303
312.6,0.49752966,50.946507007961536
312.5,-0.16301686,49.52123506356415
312.26,-0.26238474,52.220296257573395
312.41,-0.26991957,48.32460075157011
312.24,-0.29632005,45.04999226266091
312.09,-0.26019487,43.22383500762464
312.23,-0.25981444,44.54431782066068
312.22,-0.25483364,40.79754909757743
312.62,-0.24542445,39.33974027486285
312.38,-0.29368696,35.678513208035014
312.49,-0.3574585,34.38612104803877
311.6,-0.34881592,40.80094208390284
311.77,-0.33213097,46.23522881921793
311.73,-0.33561513,44.76025689579547
312.06,-0.29814303,40.57802957660303
311.75,-0.3278546,39.74484857810523
311.9,-0.30581725,38.061593073613444
312.01,-0.22631837,42.51847456390083
311.82,-0.24893337,38.01326183699797
311.99,-0.083956905,34.527906615992414
312.35,-0.035899736,30.47246595015457
312.27,-0.034424517,38.50218674582664
312.42,-0.17011288,38.97654353629761
312.21,-0.1475724,36.69069557663632
312.02,0.06878974,39.24865323753168
311.91,0.1696839,35.53750216336087
311.97,0.40891787,42.16311391431594
311.75,0.6395359,46.74767381059114
311.66,0.76406574,50.7515505089321
311.42,0.76150143,50.343913350308966
311.33,0.6541488,48.66029420412402
311.58,0.4633289,46.76550995888228
311.82,0.3969887,47.73951374741682
311.74,0.6476478,45.075050650893836
311.5,0.680508,48.18918148821514
311.45,0.49151897,43.94107936100448
311.35,-0.42115316,45.83555413202321
311.52,-0.73620564,40.939954136769906
311.26,-0.79650354,45.81740180842305
311.03,-0.783397,41.32529885787248
310.72,-0.7151855,43.75475770610021
311.04,-0.6538683,37.76701091220515
311.06,-0.70924217,37.083858269671744
310.91,-0.75745136,43.17238150717937
311.01,-0.8206424,38.43816725505292
310.77,-0.84760165,33.29622543823268
311.04,-0.88056535,29.10351716005815
311.25,-0.87826604,27.460632037560863
311.45,-0.9172269,39.2739390980238
311.43,-0.92534614,31.093997139888156
311.35,-0.8572429,29.270290516762067
311.26,-0.50913167,31.85291714605154
311.3,-0.073237225,30.266055739441317
311.18,0.51712215,32.308869448857635
311.3,0.8580328,35.04127673006679
311.11,0.91067666,34.78922374925784
311.18,0.9299048,34.258468209145676
310.95,0.93993646,34.258468209145676
311.13,0.94479644,35.95817543232443
310.91,0.94683737,35.95817543232444
311.0,0.94662344,39.8649930304422
310.68,0.94240993,39.66454433262995
310.64,0.94337726,45.29304090705618
310.86,0.91366005,41.15818216457575
310.6,0.77916664,45.65724362501214
310.26,0.6528529,43.422560377768626
309.92,0.5133421,43.42256037776862
309.77,0.080284335,48.40175918879293
310.25,-0.2198803,50.604820066170596
309.53,-0.3079041,47.59565316772644
309.33,-0.38164303,41.33852922205
309.45,-0.37241742,46.30870347096877
309.29,-0.37969685,46.30870347096877
309.38,-0.3957354,47.22386540221154
309.5,-0.40126282,44.75906907546149
309.48,-0.39949334,46.431847253450584
309.44,-0.39994454,42.29410752948418
309.44,-0.38922676,48.5485917105583
309.5,-0.3597798,48.548591710558306
309.5,-0.27477774,65.30489385157492
309.63,-0.19045538,57.31874484313134
309.62,-0.14540179,59.17282169693658
309.81,-0.2665946,59.17282169693657
309.62,-0.44481423,59.78069867125484
309.78,-0.5532953,62.393666719798524
309.68,-0.6516062,62.39366671979853
309.68,-0.6818223,62.61037559310284
309.85,-0.6255142,62.22422219265158
309.93,-0.556275,65.43806291137908
309.82,-0.30912662,55.92263064737843
309.56,0.0073587676,46.186386562403655
309.73,-0.40741542,49.43678376900007
309.73,-0.5755378,54.15810826827828
309.76,-0.600668,58.14538265750063
309.67,-0.5622352,54.46107942185644
309.72,-0.50152934,57.98934225178125
309.57,-0.4762693,54.30765176923084
309.76,-0.5162731,43.914236626361095
309.76,-0.3616084,38.922739243433426
310.49,-0.16803455,29.408786559438866
310.2,0.323069,26.57300674646547
310.3,0.32176256,22.32312775757852
310.3,0.38235626,20.5235585390901
310.33,0.361916,26.02806498234483
310.46,0.39345166,29.532071461553826
310.46,0.5098739,25.971439405749653
310.47,0.57293254,30.973795995591242
310.46,0.5501994,32.80742955234298
310.6,0.5232176,35.67016493067782
310.34,0.50621957,36.50256625492329
309.99,0.5295135,35.87762569028188
310.11,0.32240176,37.03847340436813
310.3,0.28985268,31.82633174902307
310.48,0.4174082,31.826331749023073
310.35,0.5307853,31.45959236250019
310.51,0.5228848,26.338888120673886
310.38,0.5335758,26.047447652444895
309.93,0.46136737,27.768885756448313
309.65,0.39328596,25.431322838521154
308.91,0.46045375,24.42485733595101
308.61,0.4359342,28.96606889636851
308.06,0.32766193,39.64198158548752
307.78,0.23430803,35.951906033070756
308.02,0.19870177,32.67626025047353
308.18,0.19499297,41.88726403854699
307.75,0.2752892,42.69144460492398
307.99,0.31107473,37.39692636179884
308.08,0.22545023,42.07912301249092
308.22,0.15878081,36.57196439991431
308.26,0.09139856,34.858116379128425
308.21,-0.034934137,32.054136616676054
308.26,-0.09788089,29.49873570455816
307.84,-0.12482069,30.417796971168148
307.84,-0.19369613,29.688411265723158
307.81,-0.24170989,35.187640255355745
307.34,-0.2730874,37.47729245315937
307.31,-0.3711967,33.9861898712084
307.37,-0.33102208,32.88648710793923
307.15,-0.29733148,37.25907392158247
307.05,-0.24627104,48.50071837665491
307.2,-0.19136699,49.88223854317268
307.61,-0.2245793,54.927922291434484
307.35,-0.17742585,58.68485947388784
307.09,-0.16145794,59.52334119013856
307.51,-0.4439201,56.439498603301416
307.55,-0.7230355,51.2886007266322
307.17,-0.57730824,50.37179328745718
307.4,-0.6978877,53.0814118044567
306.97,-0.8401933,57.57186991347362
306.82,-0.8403782,59.86976198959102
306.56,-0.8565724,55.750922931595426
306.3,-0.8508838,56.92664616909661
306.34,-0.8088201,53.63775587748793
306.27,-0.73027587,49.71937645241077
306.5,-0.70263916,50.336294317076955
306.6,-0.69568974,47.02256935862107
306.33,-0.5815771,46.40570097596038
306.24,-0.5817972,51.64331990106212
306.42,-0.6627857,51.643319901062135
306.98,-0.52258986,51.88044549451766
307.06,-0.53321666,52.630897713731784
307.37,-0.6057018,55.378785232197714
307.63,-0.59750694,50.76575181927501
307.69,-0.42732176,53.62582259417573
307.54,-0.25862592,55.88391120136452
307.27,-0.07398324,58.766845479990295
307.22,0.17354694,58.766845479990295
307.37,0.49741003,58.766845479990295
307.64,0.7054503,54.3322927627368
307.79,0.718619,48.72304962667464
307.6,0.6857771,47.78548916158634
307.67,0.6933287,48.497014953941395
307.52,0.71007264,48.49701495394139
307.33,0.52684534,47.7424895572137
307.36,0.0479181,48.17663887082758
307.2,-0.22449431,50.395676278729255
307.17,-0.37361506,47.33951962040599
307.4,-0.32838944,41.19074459050429
307.4,-0.27956933,37.57710025269609
307.41,-0.11887634,8.295093011118853
307.44,-0.11861693,7.969639389798176
307.55,-0.0655812,13.454769451257873
307.39,0.347884,12.668719827165553
307.5,0.4161341,14.523143369617001
307.59,0.5751279,15.869851507706716
307.71,0.70003784,19.759712287653226
307.71,0.8152507,19.232996037282817
307.71,0.8234871,30.16745326455593
307.59,0.76771146,30.16745326455593
307.42,0.6677156,33.96893043038841
307.39,0.38410732,30.845499464669818
307.41,-0.033811364,30.765329315083374
307.41,-0.07629373,29.685168445425557
307.39,0.09630479,32.62458357148297
307.4,0.21259376,33.225808941705814
307.45,0.46349058,36.091857190676606
307.38,0.4526729,32.64302627801562
307.22,0.68199015,35.74266682785292
307.11,0.7270535,41.00525387248194
303.0,0.66563225,43.40846719844799
302.8,0.4685107,40.408505002786036
303.1,0.24884349,38.58121583702185
302.81,0.1215813,38.44747655584716
302.91,-0.040564667,36.66797630884763
302.98,-0.12807117,37.14993219545941
303.18,-0.14143267,36.6987918854797
303.07,-0.18667161,35.763371686666176
303.67,-0.16339,26.536639331090317
303.67,-0.12965477,23.151206661464517
303.89,-0.023174154,22.532073456475448
303.51,-0.29862222,18.640014572562645
303.5,-0.57610446,30.269512799819907
303.37,-0.6807589,26.572419486136056
303.52,-0.7550936,23.027889653431536
303.55,-0.7114498,19.382868339070846
303.69,-0.61037004,19.201031169195222
303.37,-0.7109756,22.71468363843837
303.52,-0.8392735,21.32746651428376
303.79,-0.8362158,28.133748199851233
303.92,-0.8566612,28.06112522291975
303.7,-0.8363403,31.850138340616006
303.56,-0.79220176,33.54634413894825
303.55,-0.7719005,30.964237578199103
303.42,-0.654543,31.16801024975967
303.44,-0.760832,29.217623742057786
303.41,-0.7604242,35.99561018766153
303.35,-0.85694504,44.1922964291237
302.59,-0.8985332,49.65801691689375
302.19,-0.85564446,48.01553994732859
302.11,-0.8418433,50.65219720824512
301.53,-0.79885215,48.16738098055597
302.05,-0.7840089,43.56436912163363
301.58,-0.713215,37.541752253934895
301.03,-0.62495095,39.57849149393424
300.31,-0.56943554,35.99677218273663
300.27,-0.5216036,33.770379073924836
300.45,-0.4721103,39.38742352055166
300.2,-0.39097586,49.60085762239281
300.56,-0.30156714,51.580889446971945
300.55,-0.3028601,54.69566550754601
300.75,-0.29879424,61.98811259792204
300.84,-0.32886964,62.96883430307558
300.56,-0.49453625,59.94073302460718
300.57,-0.53660613,57.98870437029415
300.36,-0.6054852,63.50256561905437
300.69,-0.6152501,56.260533649966504
301.16,-0.52787536,57.98074170330144
301.53,-0.80927765,53.33038741068662
301.41,-0.7693513,52.80908759765946
301.59,-0.48938125,50.932534546121474
301.42,-0.027959203,54.188338326147736
301.08,0.29198503,56.912040969021426
300.55,0.37554199,54.48521225626233
300.67,0.36344418,54.87376503568445
300.33,0.5242406,53.883015069343024
300.1,0.40230706,54.76260764106002
300.42,0.3795058,53.30280504606354
301.13,0.37776878,50.580248398631035
301.29,0.7242605,51.11801077037295
301.55,0.9077063,51.870029859152226
302.27,0.9537761,50.612230375252544
302.38,0.9584752,49.95989472051052
302.18,0.95794916,53.20738349329701
302.05,0.95153505,50.613321266130505
302.61,0.93883115,50.8479289903785
302.1,0.9286146,50.3329382167999
302.27,0.90552557,53.38364472205528
301.92,0.87730014,52.801525603148306
301.88,0.8559598,54.6648621828672
301.74,0.87215054,52.4355353741308
302.0,0.88785046,53.3142695897984
302.23,0.89853376,56.488477147967394
302.07,0.8971681,57.060131959079996
302.1,0.8836745,56.264072644975435
302.04,0.8607112,51.969603994112404
302.1,0.8533141,52.325852625464165
302.02,0.83636695,50.316295377509356
301.87,0.81029725,49.90350478054396
301.9,0.44940943,49.037022062281814
301.94,0.23700844,43.36138372387008
301.88,0.24054523,43.36138372387008
301.85,0.24780075,61.465512319854135
302.0,0.43121034,57.056404868323995
301.89,0.5328728,52.28313339428009
301.9,0.5641476,56.50336919116851
301.88,0.53176504,58.748546723065246
302.0,0.5946823,59.590892263931615
301.98,0.73710895,57.48405094743063
302.05,0.84888184,55.37563944924842
301.98,0.904475,52.869643736481734
302.01,0.92479557,54.70904501838935
302.12,0.91845095,53.36332540756581
302.14,0.89579576,56.79667888832074
302.12,0.90162814,50.9607224048282
302.01,0.85941845,34.11722880397045
302.02,0.6792023,24.496033491577425
301.97,0.27479967,34.4497312082281
301.96,0.08555235,32.1663856970324
301.94,-0.053085063,31.327829725390433
301.8,0.12594102,45.78695132557075
301.8,0.44605,46.214871900135456
302.29,0.1400434,46.8920375493554
302.18,0.8570868,42.65121385888028
302.05,0.9431051,37.35877636840368
302.19,0.92970765,44.945677259821295
302.27,0.93354714,40.46714674803588
302.3,0.94551116,34.40230309062897
302.25,0.94911104,34.40230309062897
302.2,0.94823515,29.98375852826147
302.14,0.947484,29.98375852826146
302.19,0.94970244,30.776932720596804
302.16,0.95269597,35.74188196155279
302.25,0.9574451,38.25213222744853
302.12,0.95771945,34.61182368708808
301.54,0.96191263,33.64630077569851
300.9,0.9601027,32.93947652438646
301.22,0.93722194,28.88755294148759
301.06,0.8368426,42.81636702764483
301.0,0.6437791,47.658783791494166
301.57,0.58706164,55.86891147957815
301.59,0.58002454,53.22453234138461
301.62,0.6586588,64.45717275076652
301.4,0.8924461,56.451285576753705
301.08,0.94882894,58.62176027383149
301.41,0.9077753,56.79278233189895
301.13,0.9210945,56.008669946516946
300.67,0.86108136,50.592542748863934
300.67,0.6089232,56.3949758426334
300.28,0.095326856,55.330087948008845
300.28,-0.16925676,55.588123317297146
300.31,-0.40330756,54.90501303877162
300.5,-0.55799955,53.146646675016854
300.6,-0.7184907,52.069155222133624
300.35,-0.8015611,54.23414729267822
300.28,-0.82158214,52.09011861894856
300.23,-0.8625056,55.691400293254844
299.92,-0.8868104,49.91866550581188
300.49,-0.89060986,40.68418702836659
300.74,-0.91987705,62.48996947908275
301.25,-0.921641,58.703554042858244
301.1,-0.90141493,61.79806811223937
302.03,-0.8690829,69.40957236014872
301.52,-0.82445663,70.87346440915688
301.72,-0.6945187,76.35661685892573
301.6,-0.45661578,73.18624793388688
301.55,-0.32610062,75.4276731761721
301.19,-0.37217808,74.11935667902621
301.65,-0.50799376,68.25451855393467
301.58,-0.47503498,69.71325613880717
301.6,-0.3927347,69.77079130464521
301.56,-0.3133846,62.1428415095331
301.46,-0.24422722,60.022743408698396
301.4,-0.2682452,64.64174230283302
301.53,-0.13676485,58.29489392566751
301.42,-0.064898886,56.585405589388536
301.63,0.016254665,56.75611404577528
301.33,0.029887134,56.938458911281344
300.72,-0.081085585,53.535008549187836
302.5,-0.43700948,52.33189443620439
302.21,-0.079217106,51.954670297045546
302.57,0.4655339,54.31876194896624
303.68,0.77047837,55.726409122713996
303.94,0.9343282,56.44902666517487
305.11,0.9556616,56.57623765591524
304.86,0.9616222,54.85081869256864
305.37,0.96521246,51.789161436266
305.27,0.9668991,54.08898131409895
304.81,0.96697074,54.24568334880057
305.07,0.9658384,56.17858617536752
305.08,0.9646585,52.035708132563975
304.48,0.96322924,57.06876469459395
304.3,0.9615488,55.25593015533137
304.94,0.95924675,58.41709193733083
304.38,0.9556809,56.9018215514849
304.22,0.9469683,59.488459171174476
304.24,0.92467326,58.310691653546534
304.26,0.8877864,56.15554567486474
303.98,0.88648075,54.46930128486363
303.88,0.8007637,56.28678194493419
303.85,0.53227335,57.70106119332171
304.05,0.053705897,57.91056030098834
304.17,-0.35265374,63.716445792119515
304.23,-0.519793,62.177020347650604
304.24,-0.56944287,65.74242190264839
304.14,-0.67882705,58.869724290752934
303.96,-0.8352734,51.113727334163386
304.11,-0.9012967,43.037641313127764
304.12,-0.9534029,41.992001674515315
304.24,-0.96013004,43.47107261649053
304.03,-0.95280087,52.21805707490515
304.34,-0.9527737,55.028293926634355
304.25,-0.93259215,44.65715823581632
304.45,-0.90220237,44.168176112055505
304.38,-0.892488,42.17869547158134
304.54,-0.9053137,36.82042117799682
304.49,-0.9090448,46.73842104030335
304.4,-0.90779406,40.82294621995653
304.33,-0.9266242,40.5596918380338
304.42,-0.9429548,45.30750576526512
304.49,-0.941156,43.946608970045745
304.5,-0.928515,36.80359893734454
304.8,-0.912245,34.250095553664984
304.75,-0.89026093,39.18894242069697
304.95,-0.8942077,37.145643448608986
304.72,-0.84446985,32.71528648678415
304.41,-0.89559305,30.695848165946177
304.0,-0.90467393,30.914539669155783
303.94,-0.92139673,28.673421793452047
304.0,-0.9530575,42.837618179073964
304.4,-0.96294117,40.578928590047745
304.55,-0.96428794,45.913115427805835
304.0,-0.9620773,45.381330886820024
303.97,-0.9629201,48.73821723647951
303.85,-0.96458155,43.6480979460324
303.49,-0.96541697,37.493605466484055
303.98,-0.9583053,31.400913531813213
303.56,-0.9590705,33.42704077054096
303.54,-0.95281696,33.952248503879986
303.79,-0.94615895,32.132262768291106
303.7,-0.9368691,31.67512980529821
303.16,-0.9079333,36.53672086505655
302.93,-0.86938524,41.88093845244299
303.18,-0.784403,38.29253803469824
303.01,-0.7167999,37.07852698053178
302.6,-0.5551117,33.53911583942731
302.39,-0.4466664,39.40213863656871
302.4,-0.36477718,44.35794772657303
302.17,-0.28548205,45.63477421115552
302.9,-0.21461256,41.29741651006891
302.71,-0.15749973,36.08328053846475
303.04,-0.05266463,34.897040025747074
303.0,-0.10305286,42.5273768264629
303.21,-0.17156889,44.24754851881613
302.84,-0.20759207,45.524556284736825
302.3,-0.31071404,39.13000544895974
301.61,-0.2177254,40.48882457688598
301.73,-0.068517625,48.2625330769041
301.76,-0.021490952,46.30822167946214
301.56,-0.027036887,47.0775068777852
301.51,-0.030351687,49.118752968459134
301.76,-0.17774062,54.627724849387086
302.06,-0.2821748,52.68771253978446
301.75,-0.24325927,57.06638304008928
301.64,-0.38078108,52.33894359079275
301.3,-0.536198,53.06094273125774
301.62,-0.5868888,52.88837962222668
301.92,-0.6281502,53.53926386260128
302.0,-0.49676755,51.434759617477575
301.66,-0.37109593,54.74379309538254
301.18,-0.46791205,57.83754970339017
301.06,-0.49163893,60.86990427038382
301.51,-0.59515023,62.74546580169673
301.62,-0.6070333,64.30454213638086
301.7,-0.61807764,57.68673330387786
301.17,-0.5905211,61.076241364321874
301.25,-0.5253523,56.84136970040491
301.75,-0.3424212,55.74594551873216
301.6,-0.57709515,51.67090320771419
301.65,-0.58228123,48.458431897433776
301.78,-0.6268156,45.958287483658516
302.16,-0.67082214,47.528149530987065
302.04,-0.48936743,42.75162842422992
302.36,0.41797572,41.148380356467094
302.07,0.9025289,42.69136482104792
302.12,0.9434001,36.50675508289641
302.11,0.9553241,36.78072567589034
302.15,0.96070457,36.6106007435556
302.04,0.96228296,46.47538576466479
302.23,0.96370107,44.269653690538135
302.42,0.9628543,45.0358194960988
302.62,0.96258175,45.035819496098796
302.75,0.9634585,45.035819496098796
302.86,0.96456754,42.14144646323655
302.58,0.9651296,39.627319246512485
302.8,0.96434754,45.37070408972396
302.61,0.9638059,44.115256889705975
302.56,0.96290445,45.41650158265738
302.37,0.963347,49.235355124136895
302.21,0.9637257,51.07836346149628
302.08,0.96293515,50.74767765631514
302.15,0.9616989,49.707971635644434
301.9,0.95867586,43.33391730717671
301.81,0.95900506,12.891607796795599
301.87,0.9468737,12.319320289584615
301.51,0.8941799,21.44032018185202
301.52,0.7693596,20.11478946543143
301.51,0.50163245,23.67212182096331
301.88,0.24298893,21.289845979471338
301.77,-0.031307217,20.006586567206853
301.8,-0.37072128,21.24062567097483
301.8,-0.67126167,21.61270625024532
301.8,-0.7484389,21.39500455667228
301.68,-0.7100619,22.446598805378844
301.57,-0.78360385,22.127796894947803
301.75,-0.73121685,21.534911634768598
301.7,-0.8005981,21.397706026608677
301.74,-0.923007,18.536074356784237
301.86,-0.9407967,23.89473286962265
301.92,-0.947172,27.623541224500002
301.91,-0.9338704,40.07377530628718
301.88,-0.8579129,37.95332660968719
301.68,-0.57614905,32.74788355284887
298.26,-0.50811255,39.6442335179659
298.05,-0.53799176,38.50344169596169
298.56,-0.77124226,40.836885962547846
298.26,-0.8257692,29.541386494005113
298.47,-0.7167176,29.275114917423295
297.98,-0.649996,22.801255665628382
297.69,-0.6520959,22.25760106647432
297.76,-0.6377356,27.529962137349994
297.78,-0.6354805,40.23883953498396
297.74,-0.59508765,47.71888586870513
297.79,-0.5019346,45.9038690303395
297.74,-0.47432825,50.59515673224696
297.65,-0.45131013,50.1361056964329
297.63,-0.45204243,54.65532270947161
297.18,-0.4490895,51.13249809430862
297.4,-0.46868014,51.874838212079574
297.56,-0.5297058,54.304385514592454
298.19,-0.554397,49.07125209231788
298.0,-0.65584147,50.4819467106717
297.47,-0.61921537,44.759717554165434
297.88,-0.7874733,45.96891973191351
297.77,-0.85798496,48.08289123310225
297.91,-0.9342831,52.60259128846545
296.6,-0.9515086,54.58303912751013
296.56,-0.958558,57.81040202147146
295.39,-0.9580641,58.919954033208896
295.27,-0.95070213,56.39117734993624
295.61,-0.9351983,57.223655450573276
296.6,-0.89596117,57.87319106054868
297.35,-0.81642276,59.947238996161815
297.13,-0.85658044,54.75238585513635
297.64,-0.8543983,55.485485064407705
297.59,-0.8120166,49.83366957815693
298.1,-0.7015552,48.60329627849867
297.74,-0.3849276,51.739950512527535
297.82,-0.02374774,55.70936578998891
298.08,0.21140304,58.41086456924025
297.57,0.30392694,68.76330848657422
297.71,0.2493856,67.62016961034033
297.11,0.098350376,62.35721612195435
297.22,-0.13584113,63.014798325034015
297.41,-0.23747633,59.04748609392995
297.84,-0.13369887,52.752507085741776
298.04,-0.35647893,51.15088775405726
298.38,-0.52205974,53.6753108474169
298.5,-0.50355655,51.52467596839321
298.31,-0.51194096,55.37571619161176
298.39,-0.58818823,51.96710752844243
298.45,-0.6351048,47.08202129095555
298.64,-0.64752895,52.43253932003981
298.3,-0.5464791,48.84265615496639
298.36,-0.5549187,50.46590760096472
297.97,-0.5118982,46.49399766112819
297.88,-0.5351079,37.922580987207624
298.1,-0.52617157,36.21495796664432
298.4,-0.4615059,34.8796288763841
298.62,-0.42072108,36.8846098974152
299.73,-0.31735882,33.296542573630425
299.66,-0.005275479,37.49409855146861
299.33,0.14486049,34.67427778319373
299.4,0.22089788,42.16851748661751
299.15,0.2200462,37.87873786087059
298.71,0.03983012,36.86894555229621
298.59,-0.20712072,31.381426500721965
298.79,-0.20672129,35.689332826491196
298.64,-0.2542377,35.99841357305365
298.94,-0.34000117,41.728767253222756
298.71,-0.23278101,42.31425828573484
298.35,-0.25152078,40.876749716881896
298.75,-0.24382922,30.302218002836913
298.48,-0.10854124,23.012245406617367
298.6,0.4104672,20.761493383875617
298.3,0.5974699,19.739528223153542
297.5,0.7547945,19.490139294284383
297.31,0.5396763,22.211674595080392
297.16,0.3610015,16.755764561501294
297.28,0.16716479,16.72827954622641
296.89,-0.13212888,14.634295975810433
297.14,-0.33783108,25.104532213752424
296.84,-0.5608645,28.15481351324461
297.32,-0.5261056,26.640170393544388
296.88,-0.51093894,28.990981876772757
296.77,-0.46606663,37.980234457579925
296.1,-0.4363392,36.442446872032896
296.38,-0.3842926,39.58344512843699
296.4,-0.415232,44.882529351511884
296.78,-0.46057785,39.42907190507096
296.82,-0.53887844,44.39780217679977
296.69,-0.5768068,44.485378203058254
295.45,-0.67944276,40.816063612325166
294.04,-0.8731626,42.36170099395461
293.45,-0.90994006,39.19263852628726
293.16,-0.90822625,39.824980126527656
293.09,-0.8927622,38.9525195180182
293.27,-0.8276201,36.37778503026398
291.66,-0.7989786,29.44848976148323
291.65,-0.824509,34.211584855495495
290.84,-0.837067,32.84692537727901
291.68,-0.8228132,31.01499007976586
291.95,-0.75874394,30.244338148548795
291.6,-0.6483588,25.109123489107475
291.8,-0.6410149,34.705176271248106
292.64,-0.61060363,39.46461088827585
292.38,-0.52360237,40.32501024530372
292.69,-0.47499248,39.98499377873374
293.25,-0.58521885,47.3478597829332
292.43,-0.718521,49.51354764524359
292.99,-0.68840533,56.85275000017589
293.0,-0.5960044,56.92299783295351
292.47,-0.3583,61.51181577755915
292.63,-0.23982723,58.92706151939796
292.17,-0.2420549,65.06778505465
292.23,-0.1593986,65.45329163355272
292.11,0.12663968,65.23178762535609
291.75,0.40658334,59.48665325512403
290.56,0.39439932,61.68104117014593
290.98,0.3154593,61.889450163607926
290.74,0.1838754,63.25260849358438
290.41,0.09192609,57.53684448150265
290.27,0.0706232,58.03688298100429
289.2,0.060088173,59.90144164397784
290.06,-0.02602674,58.75135460791342
290.55,-0.06860456,61.16055218825518
290.64,-0.04435422,57.922088009874614
290.59,-0.053137094,57.64814735353144
291.36,0.017452288,61.91558280671625
291.61,0.15080222,57.9162717532168
292.57,0.25835237,61.19411638311079
292.58,0.6304625,69.35835597640701
293.26,0.88165784,71.89377672422592
293.0,0.93050075,72.74110880595589
294.01,0.9360913,70.01339848793684
294.08,0.9381294,66.29503760256993
294.06,0.9236777,69.44108655342912
293.53,0.90582645,66.61385133084725
293.85,0.89199173,60.85595966237914
293.88,0.8533199,65.6861174946005
294.07,0.7688292,66.75494347182688
293.58,0.69853777,68.64798354527088
293.64,0.5264391,61.39689209542676
293.86,0.43651807,60.21145485169173
293.77,0.42555296,62.30174622956818
294.04,0.44850025,60.44925352754973
293.8,0.5784861,56.67970805942693
293.78,0.6987699,42.1962589338002
294.22,0.717796,45.25306463715465
293.94,0.78437513,49.18086499469647
294.28,0.79451394,51.2618962444388
295.36,0.8181173,49.195689525276485
295.79,0.8565653,42.46729767053316
295.94,0.8392082,44.3752309777039
295.76,0.7949737,38.615477030031414
295.51,0.7669278,37.724243685578074
295.96,0.7463676,40.20140580302097
295.77,0.7705028,33.05146839878731
295.36,0.77628964,38.63708979162857
295.98,0.7978995,40.52953848909176
296.13,0.8168048,39.5256706781212
296.4,0.83068144,44.637479135337635
295.88,0.84051317,48.10197802607058
295.79,0.8369388,51.65615464771408
296.03,0.83886176,45.75123786697651
295.9,0.8336927,45.047044178690534
295.63,0.83215773,43.08316720223808
294.25,0.83351594,40.16859048375385
294.53,0.6375055,42.62730921529036
294.91,0.48136505,40.907459824347406
295.12,0.24854936,43.491944370877796
294.92,0.2318865,42.10376700905344
294.19,0.16109559,38.510756949258244
294.36,-0.2384818,39.53439172657273
293.65,-0.54941845,42.19904113867257
293.53,-0.6777289,40.593606156329216
293.73,-0.6527027,42.32642484227084
292.72,-0.6704048,41.38105131328865
293.2,-0.51798433,43.42237786320928
293.37,-0.5196115,44.46374939871654
293.24,-0.4134419,46.58146513184308
293.69,-0.33764923,45.189667168873015
294.02,-0.3359892,47.081626149404194
294.38,-0.25096238,46.2224991108339
293.75,-0.12099764,48.64457733910008
293.67,0.016486136,58.12332933780453
293.45,0.031647414,61.28400390924828
293.11,-0.07758421,67.96372727659595
293.31,-0.12506387,67.11825117771853
293.12,-0.14298153,56.51784596756562
293.32,-0.004635162,59.70024236018008
293.18,0.26255012,58.6337602951888
292.8,0.31960392,56.11482759842159
292.87,-0.19980854,56.828166586180686
293.05,-0.2893991,54.905907572455185
292.9,-0.5927682,52.976104623836186
293.01,-0.59932125,56.59088708253696
292.93,-0.5239422,56.915137299378046
293.05,-0.44757533,42.670291458264295
293.11,-0.44337085,48.3707677141391
293.23,-0.40748426,53.231528918363615
293.14,-0.36802652,55.16025490890569
293.24,-0.33625928,52.33772982396946
293.19,-0.0668149,56.56188207066916
293.31,0.24614483,45.31639597695352
293.87,0.37092578,45.76303951934783
294.1,0.32071018,40.959295788443406
294.69,0.22692746,33.56117495691401
294.65,0.17605099,36.71743715896829
294.09,0.16291253,31.973642069568477
294.35,0.06854857,30.233025540142865
294.29,-0.0201371,36.30148367238636
294.15,-0.100879416,40.449424099613765
294.2,-0.14891584,46.410534142919964
294.1,-0.16143599,45.873013313326624
294.0,-0.15506282,47.19037933763808
294.22,-0.11935933,43.856789767228435
294.24,0.002583032,42.30316463173287
293.41,0.08366883,52.62984705877043
293.75,0.06824856,47.37880540997493
294.08,0.057736687,51.14468125248413
294.22,0.1248802,49.97746779534826
294.05,0.33828756,48.086527184295505
294.35,0.51543194,46.89234578926646
293.57,0.68510497,45.79018122848639
293.6,0.5454305,43.122041025018234
293.2,0.39066935,47.46739557330679
292.42,0.24793385,47.33310889553023
292.62,0.04388771,46.622891318330275
292.04,-0.094523,54.55394694735591
291.8,-0.41132197,54.82169529548215
292.19,-0.7227735,54.821695295482165
292.48,-0.7742617,61.52539229722296
292.94,-0.7033659,59.47550594522985
292.89,-0.28108922,54.99114881726695
292.99,0.2103347,54.636239405508555
292.7,0.6923259,47.9682718859774
292.56,0.68452,44.5978870824711
293.36,0.5980799,44.162021614084026
292.9,0.60168356,46.05460905191919
293.23,0.68415517,44.90718275023411
293.13,0.8156167,51.58751712712787
292.97,0.89524966,53.44508061767294
292.87,0.9320505,44.71135601121118
292.78,0.9426812,48.70420340092528
292.56,0.92962736,43.15853484841807
292.85,0.91237426,41.165945057008365
292.84,0.9335215,38.72694678710429
292.79,0.9379864,37.7137491241853
293.33,0.939185,45.06570316442052
293.35,0.94107944,41.45981397415851
293.35,0.9487503,36.93113125230859
293.86,0.94601935,32.67229446593317
293.75,0.9513325,26.045406377839107
293.5,0.94977343,24.880817725793055
293.48,0.93529904,25.872343186880908
293.08,0.9087311,32.92760649796473
292.85,0.8607888,28.7815648506593
292.82,0.793386,27.767829015086924
292.92,0.7947948,24.991659414137704
292.85,0.8741154,31.960064584761117
293.21,0.90564775,29.74704270443771
293.32,0.9173868,41.73310676225257
292.8,0.9504646,38.0616101852981
293.03,0.9427591,39.42798492944127
292.65,0.9418161,36.16326570027829
292.5,0.94126445,36.90358156179375
292.31,0.87216926,35.74294885794276
292.23,0.77244365,34.65934821283365
292.61,0.535707,33.21351838846634
292.35,0.22830895,35.7395192505596
291.98,-0.11200092,35.92593553648031
291.57,-0.4476361,33.03611076806964
290.73,-0.6897963,37.84357550647416
290.55,-0.84853387,40.948153103896765
290.6,-0.8913223,41.31949682255374
290.97,-0.908543,41.90959321175099
290.45,-0.93430996,44.32150430933258
290.31,-0.93327034,39.73203169751136
289.9,-0.9301426,40.796875509901916
290.29,-0.93023115,42.11849104328423
290.0,-0.9462249,41.29126885867275
290.8,-0.94374305,37.77567303452869
290.38,-0.93950474,36.26426544479035
290.48,-0.93833554,43.9873403101477
290.1,-0.9420728,43.10837127975463
290.15,-0.94173276,21.996691839520377
290.02,-0.9279296,25.854566200056254
289.9,-0.91770923,32.1011566576576
289.74,-0.9113495,31.872858723202707
289.88,-0.8697395,34.385529659082316
289.89,-0.8383633,34.73118605035361
289.61,-0.7877617,34.34153189924337
289.86,-0.67273104,34.931160714366825
290.03,-0.569382,33.42274338771832
290.05,-0.43986118,33.42274338771832
290.08,-0.4693352,34.59263726832915
290.2,-0.49083537,38.10639864814685
289.89,-0.72443503,38.81436042377114
289.94,-0.64404577,36.42156240766185
290.0,-0.4887982,31.802929206514907
289.95,-0.8103334,39.16177600207935
289.73,-0.92272425,33.617058588105
289.63,-0.8907453,28.235508902483907
289.95,-0.7470474,33.83515643414515
289.9,-0.69898826,26.625833685278717
287.67,-0.78129363,25.547721710145165
287.89,-0.6357902,24.227162427269363
288.27,-0.81593746,31.646818181899132
288.24,-0.8637819,33.270681531304426
288.39,-0.8268729,44.21311934691678
288.41,-0.62484723,52.170061012563615
288.37,-0.46774396,47.87129146988529
288.4,-0.49021238,50.08591846959762
288.26,-0.6051571,43.397820844772056
288.26,-0.66720164,48.27882671077116
288.31,-0.71378165,41.17712824271459
288.46,-0.7619704,34.993997725130946
288.49,-0.78477055,40.823640014565434
288.33,-0.7900299,34.691739826467646
287.98,-0.81110114,34.01112939651901
288.29,-0.7599608,38.955176826946015
287.85,-0.7075416,41.42116373212084
287.3,-0.7046306,46.90682423879725
287.57,-0.7341042,50.82225158209746
286.7,-0.8118237,47.08296338464629
286.54,-0.8128586,45.714570608513874
286.34,-0.77217096,47.45589331612998
286.73,-0.71626675,53.043152133852736
286.82,-0.67152625,52.2707972769425
287.51,-0.57648104,50.681334796107926
288.16,-0.45837662,49.764651466692406
287.78,-0.3776865,56.126592399363965
287.97,-0.23396142,54.14276876619728
287.33,-0.0011216807,42.89482476964883
287.75,0.38285506,39.87329356932969
286.97,0.7193523,48.8369594245524
286.1,0.85592365,52.01388317216254
286.63,0.88449264,50.33104977942748
285.66,0.90680546,48.069978651398706
285.54,0.88504076,45.309602155799546
286.0,0.89385426,49.86870208030753
286.24,0.90154356,47.89098435004735
286.81,0.92775136,47.80221947403277
287.26,0.94607383,53.0502177091426
286.81,0.9631759,58.57651252768691
286.64,0.9656455,66.56227122297635
286.82,0.965397,65.5159669246911
287.44,0.96539575,60.49774538554391
287.36,0.96424,55.80093768110945
287.2,0.96360713,54.524504652149155
287.11,0.96297973,57.58450568888226
287.78,0.9625397,60.45046610765006
287.6,0.95779705,63.61469962638476
286.36,0.8747918,65.26385343924397
285.94,0.5234786,63.42915362531391
286.91,-0.07468414,65.8219513787397
287.31,0.11732191,57.88502002124807
287.11,0.1600604,54.263869781763695
286.84,0.20837967,56.85622999422096
286.5,0.21169733,53.86705616170223
287.0,0.109084316,53.46345394309374
286.77,0.49241316,53.03551503228704
286.76,0.6101847,52.136674251967754
287.32,0.6929268,41.300740276023426
288.01,0.77632195,41.06098921856265
289.31,0.8311541,40.80588935498844
289.21,0.89504164,43.81327555961343
288.72,0.90468067,43.5156631705571
288.22,0.8875242,46.39150507127914
288.08,0.83886063,45.373743390482105
288.49,0.8116984,50.564695387449746
288.9,0.8604007,46.84906198821049
289.39,0.8992716,45.56945967494769
289.66,0.9287331,48.980172170247315
289.5,0.9354462,54.0639297978729
289.87,0.9183068,52.68502629112999
289.15,0.9058486,50.60027115655602
288.78,0.88001233,51.15532926712885
289.11,0.7776916,50.243384125841914
288.81,0.6888605,51.636139153210756
288.77,0.5438194,51.797587961892965
288.73,0.42959207,50.52609962953181
288.65,0.3383403,50.52609962953182
287.5,0.23020831,51.89558423260405
287.47,0.56005853,49.77582697334493
287.44,0.24978256,54.023003399551584
287.68,0.1978601,62.48322499146403
287.65,0.0040969797,54.21847419588842
287.87,-0.4703003,56.976326549192315
287.78,-0.7327225,58.90189125275889
288.18,-0.72831506,61.20336487669527
287.87,-0.79284793,67.66320424578285
287.76,-0.81523424,69.80828455692689
288.01,-0.8628874,70.11329259745268
288.42,-0.8886727,63.65014118965111
288.32,-0.71244806,58.65882353727867
288.17,-0.43736055,58.04607345005086
288.21,0.3884377,63.51812964704423
288.15,0.6808773,57.464403321216686
288.24,0.7662316,58.597596753701154
288.25,0.7787786,62.978955578219654
288.18,0.7334072,57.42604181148582
288.18,0.71826005,52.937973601093724
288.25,0.6989663,54.322001411526
288.15,0.6277171,59.330969157397995
288.36,0.54761976,46.84441242709169
288.88,0.5836394,43.7094375088798
288.48,0.84783477,46.77804785593738
288.66,0.8779067,51.085493223009315
288.79,0.8434634,41.45120646133098
288.95,0.88248813,40.525261839706026
289.48,0.9059703,43.25541457842776
289.69,0.92190844,50.58411429732359
289.72,0.92484504,55.19977243606288
289.44,0.91860193,51.934724342045904
289.2,0.8278522,50.51879164888743
289.17,0.654515,48.95089070510787
289.57,0.5393569,51.128811051194354
289.27,0.5712863,53.908273402379926
289.35,0.5085176,65.18067800582213
289.68,0.4658234,60.18269290638468
289.4,0.5056589,62.81468987617469
289.15,0.44115576,56.63303702293809
289.24,0.23629569,55.2332450808836
289.59,0.17863329,54.57295749800076
288.8,0.3685877,43.39859165761255
288.55,-0.12129879,37.523767595792
288.75,-0.53158605,41.60068781142234
289.05,-0.8465962,40.18855840661439
288.25,-0.9103338,39.67664565651176
288.16,-0.9330271,38.10837891831144
288.34,-0.93313336,42.3357058369522
288.88,-0.9311247,35.510723835621825
289.28,-0.9553731,36.86395424425576
289.03,-0.9166317,35.26989979871008
288.92,-0.7844487,29.272094187215142
288.8,-0.5401631,27.390994090857117
288.96,-0.0824591,24.060710358549727
289.17,0.39522567,35.238377286799754
290.28,0.6010223,35.70694688364981
289.93,0.84867144,35.56837500790137
290.23,0.92583597,35.127940834180734
289.77,0.95401543,40.42432390383598
289.66,0.95871663,37.38390913363214
289.61,0.96219987,45.28875746257822
288.61,0.9639891,52.86248420571744
287.9,0.95750743,51.10434418851716
288.24,0.95912755,42.97968893200509
288.07,0.9488429,41.2690418431539
288.01,0.9197448,35.62570026988954
287.83,0.7861398,34.72331874446988
288.14,0.50782996,37.124478761418025
287.33,-0.0024899002,45.36887004908866
287.43,-0.33659938,49.96167305146982
287.23,-0.42603615,47.40315818321807
286.35,-0.3976271,49.898788324206336
286.02,-0.31871867,45.65006202836537
285.36,-0.15044789,45.747606388889004
286.23,-0.21719292,42.61749822746247
286.27,-0.21396136,45.87123113071133
286.25,-0.24909362,43.47346041439425
286.19,-0.32452998,42.785317482247784
286.59,-0.392909,42.42372620781755
286.22,-0.50093025,43.07138829097715
286.88,-0.55736506,42.657979347677454
287.66,-0.5629329,43.24463412053308
287.48,-0.45268455,40.66821086659429
286.53,-0.05317883,41.644934379604564
286.3,0.5860456,45.50907608557236
285.45,0.7162125,47.081450104976355
285.3,0.63049734,42.463011192919154
285.51,0.4264962,41.584412362539666
286.31,0.003934977,48.61755887812969
286.83,0.058303963,46.246901950812045
286.52,-0.07468351,45.96294716941802
286.8,0.070150785,44.77859282512701
286.29,0.19037925,45.53429660365371
286.3,0.2449633,52.530233777273914
285.92,0.37478912,52.349200867314416
286.23,0.34941512,54.05440646040135
285.95,0.58619475,54.405829762753186
285.87,0.57015276,52.67043505150553
285.83,0.48809442,53.46961425124896
285.88,0.037569515,54.503760258778925
285.84,-0.21825391,48.471010543201665
285.88,-0.34857595,50.729843518958596
285.65,-0.45529586,55.173786956624326
285.71,-0.6036672,55.173786956624326
285.95,-0.7655098,59.234968730904015
286.05,-0.8831364,56.4796789302234
285.7,-0.9299084,46.662417992236705
285.63,-0.9485493,49.1551367239153
286.06,-0.958126,35.62584145613665
285.89,-0.9542859,40.70769810976485
285.87,-0.95838374,33.670686470741
285.79,-0.95550495,41.10411757222276
285.83,-0.9479209,39.09863440861146
286.23,-0.9284143,44.88997344971058
286.22,-0.8841084,44.093117567925965
286.32,-0.7846187,41.20486577471944
286.34,-0.5228329,44.41313589978703
286.26,-0.28383008,38.3962501015379
286.3,-0.100609,39.85865258767847
286.35,0.20395143,34.27296858281486
286.09,0.39832774,29.25235214801442
286.19,0.54487467,30.759012128278236
286.4,0.6513099,30.153895060382972
286.4,0.7270762,27.954145535114495
286.6,0.79063666,40.234258777297605
286.5,0.83285797,51.17382170788538
286.08,0.87159455,47.04024894058734
286.19,0.88947254,43.46376649208021
285.36,0.8882644,52.09334693354871
285.6,0.8699269,50.06274395778338
285.01,0.52291137,41.00345193052148
285.41,-0.2702978,39.39137868986024
285.24,-0.5157919,37.50115007573923
285.58,-0.60665774,38.64262688858472
285.52,-0.6412691,34.162975828096805
285.3,-0.60398453,32.34581708500676
285.48,-0.58261955,39.87218627913424
285.0,-0.39090288,39.001037402585595
285.08,-0.40222767,48.66416346031619
284.57,-0.43624324,51.66283150834967
283.99,-0.4113963,53.75379472203906
284.07,-0.4542386,53.10838371471465
284.0,-0.5113623,50.70441331821868
283.74,-0.5306022,55.44335883360695
284.42,-0.53470254,47.63504447897136
285.25,-0.53314984,48.95920201268788
284.88,-0.347389,46.43039341508241
284.53,-0.28740147,52.43436066142482
285.3,-0.20931019,45.948430064287976
285.11,0.042922214,50.53251814113349
284.11,0.34274897,54.90829272927099
283.9,0.39936152,57.37638622583769
283.65,0.5837144,55.57977694369143
283.74,0.61341554,53.66371540793165
283.14,0.7722803,53.44325645510216
282.87,0.837904,55.79034799610408
283.46,0.7930281,58.24613611225492
283.35,0.62664354,51.80911325308326
284.23,0.30372974,51.91509172327463
284.55,0.09665762,53.564685693154125
284.78,0.012414386,54.12957642273001
284.72,-0.24611504,56.52190349044469
284.5,-0.34009683,53.24644822864227
284.98,-0.3794872,51.030979486332505
284.22,-0.3391764,52.23488667020483
284.35,-0.26866335,57.26375344252146
284.09,-0.18969516,65.40324790006245
284.68,-0.15357919,59.65399048332289
283.99,-0.077444665,63.14310972230243
284.47,-0.06085143,61.38408346229922
284.98,-0.036370188,63.04700567371889
285.29,-0.097243614,53.765904184298584
285.12,-0.06428087,49.65378808373591
284.94,-0.09528484,48.84909619070389
284.92,-0.22437762,47.08806915037165
285.16,-0.36134422,49.938617650073255
285.42,-0.3838152,49.16074847138495
284.88,-0.2671252,45.94915187698086
284.89,-0.30789852,49.7660312283832
285.04,-0.33452708,53.43813728661221
285.09,-0.3251621,49.53832480866342
285.3,-0.3436539,44.20323674905247
285.07,-0.38549045,48.12123438008762
284.91,-0.47659844,49.35230788511147
285.0,-0.63661814,51.94487402942669
285.4,-0.6382131,50.197193880500954
286.23,-0.43883908,50.496139201053595
285.84,-0.10225288,44.46058570261939
286.23,0.14611305,44.79894002993276
286.11,0.36688942,44.362362829502864
286.29,0.60526353,44.05413389507348
285.62,0.64679015,47.21388658545808
285.27,0.4500467,42.52575471568626
285.2,0.08264036,52.362543464673635
285.05,-0.18976794,53.13381330065974
285.27,-0.2655153,49.34795543642254
285.21,-0.2882528,47.36552076514624
284.96,-0.16758767,59.14799547726862
285.23,0.072483875,54.24416793120432
285.51,0.54268914,53.137149429691874
285.23,0.7707569,53.57443677231603
284.8,0.86405057,50.688039857976804
285.08,0.8772864,46.998706166216365
285.17,0.8884182,50.53856007112137
285.36,0.90349615,81.2444571755262
285.24,0.93228596,82.74109510258842
285.26,0.9486414,83.38588088644701
284.84,0.95940316,75.86420095997755
284.86,0.9563676,74.2952469622704
284.83,0.94264895,73.74774523015614
284.81,0.85076946,71.47868666263703
284.97,0.6720567,72.125220301833
284.68,0.30364868,74.76535840653092
285.24,-0.5203879,76.02864783139194
285.29,-0.48449764,72.61875093121895
285.07,-0.2035107,73.88033519753016
284.95,0.07207955,76.0380870298077
285.75,0.12184015,59.171272796118856
285.45,0.25682095,62.00409782737526
285.38,0.17997324,58.60797916217423
285.41,-0.043295324,56.84327213104292
285.24,-0.110017926,56.75125979359144
285.01,-0.11549601,56.901519877751305
285.22,-0.33720952,52.034263014238135
290.0,-0.3829297,54.226861538481465
290.62,0.72982514,60.636474050586685
290.9,0.91891146,68.21617943047207
290.21,0.9384796,74.06811910747085
290.06,0.94574827,75.3243484514819
290.01,0.94996184,78.27687312553363
289.81,0.9525637,79.99537039268817
289.95,0.9533634,81.34394534002475
290.55,0.95370305,79.08827305993736
290.86,0.95422983,74.2504173755169
290.59,0.9539777,73.74437930474267
290.86,0.9533038,73.74437930474267
291.35,0.9535186,70.40542090336558
289.78,0.95450914,67.76213678502283
290.27,0.92869663,68.45303197167692
289.89,0.8996951,70.24887962709602
289.69,0.87559366,69.37327535416757
289.68,0.87309676,60.44788984609286
289.7,0.78797066,63.227007931864186
289.2,0.7916855,66.32154096511903
289.46,0.6993415,62.438254238361914
290.32,0.35185826,63.49066526800704
291.68,-0.09356834,64.56001038709064
293.16,-0.30266187,60.8417317322988
293.54,-0.2574155,60.23910300295094
294.53,-0.26071188,60.74161521685883
295.19,-0.20481126,63.62926181602631
295.75,-0.22909859,56.69974264296054
295.53,-0.21249984,50.84677139303573
295.05,-0.095220916,43.69759157323897
295.0,-0.17077476,48.58798321310257
295.0,-0.28102502,48.58798321310257
294.7,-0.43401164,54.065198275898155
294.46,-0.5391219,49.3768835702549
294.59,-0.53420043,52.77629830927064
294.93,-0.4219917,50.982666544060116
294.86,-0.2700201,48.05153658865282
294.09,-0.17878674,46.51552714575759
294.51,-0.28672203,44.68867909873034
295.02,-0.28404683,46.81956384510021
294.67,-0.14940327,49.16307681905231
294.83,-0.035800517,42.94679432508756
294.99,0.12960805,44.43522076164607
294.68,0.27948803,41.61003602798228
294.63,0.43983707,39.466818986038696
294.69,0.52042484,47.118855070312634
295.04,0.51617575,50.90610002859525
294.5,0.4969928,48.48635009424952
293.97,0.47653654,54.236458687464825
293.19,0.51556623,52.48394125040673
293.68,0.3339103,47.12685116063508
293.68,-0.006782975,51.077784730936784
294.26,-0.025974812,47.17594798147945
293.78,0.034574334,46.35148037480295
294.15,0.045909654,41.12672945155268
293.97,0.22799309,41.39023688286453
293.67,0.36053747,35.93419318058697
293.51,0.3636211,38.02881266193504
293.32,0.19580197,42.85755039250524
293.5,0.084232904,47.952876726158145
293.7,0.028338296,47.19749661315561
293.09,-0.018324643,46.63243523491793
293.21,-0.27122897,48.36341582176286
292.92,-0.49751443,48.63942025348912
292.69,-0.6366764,48.499830526206146
293.29,-0.69071215,48.20188029427073
293.63,-0.7420437,41.36090216655774
293.41,-0.43266317,43.60207514661971
293.95,-0.2538589,47.73873097413076
293.8,0.092441045,47.58837116036025
293.31,0.12879539,45.876661567899106
293.67,0.2862186,51.35795493286306
293.3,0.3564094,50.16121640120148
293.22,0.6440826,51.38127256435475
292.68,0.803732,58.15746157749386
292.7,0.8418029,60.37073057589243
292.07,0.77237314,61.86423338638721
292.22,0.63402385,64.72737261708824
292.58,0.30187753,65.11202550732284
293.0,-0.24460629,60.82598497689783
292.93,-0.24405564,61.433528153967096
292.88,-0.10626219,62.067076929715526
293.01,0.25472614,66.51056404718307
293.03,0.57474524,72.80106970521842
293.02,0.6999123,60.367616263822995
293.0,0.849349,63.70534735218797
292.5,0.8931168,58.756993846019135
292.63,0.79492235,61.940681954440244
292.88,0.6664659,60.58470418538222
292.87,0.80966985,59.97869183604276
292.76,0.94159704,55.40313370588681
293.08,0.9517665,55.71946835011069
293.01,0.95549273,53.47288069399997
293.08,0.9462575,55.577125694704534
293.51,0.9549839,54.25585607931688
293.67,0.9611207,47.55893935129977
293.78,0.96234035,44.84909724548475
294.0,0.96179116,40.99223048165226
294.03,0.9600807,48.64352177531572
293.85,0.9585264,53.39277679246287
293.89,0.9540768,55.21006694635949
293.93,0.952643,38.77855190101884
294.23,0.9482566,34.94429729625396
294.78,0.9449151,29.420740228102815
294.22,0.9513614,34.264165390736146
294.5,0.94199044,29.077205540182522
294.24,0.9395748,24.901602832560044
294.5,0.9355445,30.568662908280164
294.43,0.9323786,28.899922880543993
294.4,0.92855287,29.665644093868515
294.17,0.92146796,33.080636695673675
294.19,0.8747751,32.6155222350277
294.08,0.8661985,28.51393934690314
294.2,0.8924499,28.312134842262676
294.14,0.90167975,23.831668385855746
293.81,0.90241224,21.775513449564855
293.66,0.9300789,19.130871909837925
293.43,0.92713565,18.04738051624509
293.8,0.7971373,22.916777835786238
294.07,0.45792678,19.261731873984342
294.18,0.74290156,16.78152123217768
293.07,0.9009722,13.742727972433464
292.69,0.84022975,13.652478639448912
292.02,0.7109903,16.02795362973736
292.31,0.6066402,17.704191654433238
291.61,0.46360454,18.65799550268731
290.89,0.42449757,22.983741065663402
291.27,0.42684808,30.89867271632129
291.0,0.43905923,27.515082620338376
291.05,0.39907444,24.83081943480402
291.27,0.25653696,31.384269070180398
291.21,0.19154413,36.73054575895851
290.64,0.20079492,34.72337845231899
290.61,0.18466519,26.479482180056447
289.87,0.14787608,36.73684192897327
289.46,0.18210027,31.041444686209857
288.85,0.22362502,29.45388657839885
288.57,0.1344569,35.832621413643864
288.86,0.02162355,34.169022240785715
288.0,-0.059499405,38.80019655959131
287.26,-0.071665525,39.12959660169587
286.08,-0.09805574,33.21022916598817
286.04,-0.086693235,33.649631986803584
286.2,-0.09771674,31.93032096587053
286.31,-0.07119894,39.31203286586602
286.37,-0.09022235,34.682939718832735
286.64,-0.09193563,32.61497934264915
287.18,-0.11201321,29.214869402653378
286.58,-0.095149815,34.30169337136279
286.03,-0.08844579,28.37300691690632
286.53,-0.108923815,23.69106859361379
286.98,-0.012641288,28.28493783638857
286.67,0.099917755,28.35985006848104
285.03,0.16928236,29.781687473277135
286.07,0.2322062,33.86524537166822
284.8,0.23593445,34.884765097184875
284.39,0.22896592,36.82114345712095
285.13,0.14783837,35.77103245955555
284.76,-0.019757451,36.48044259421512
285.32,-0.099309064,44.55874768963794
285.36,-0.07546629,45.32289468522208
284.13,-0.24227963,43.76386122688915
284.18,-0.22798413,40.4544311749124
283.8,-0.19361329,40.72765574213808
284.64,-0.15120801,41.498542175406484
283.68,-0.2286828,46.72211876934555
283.2,-0.4101024,48.14672266741328
282.33,-0.52370876,52.97120369188869
282.93,-0.47525528,52.69332128778381
281.31,-0.49637043,50.78076651238319
279.59,-0.3160899,48.778770798030855
280.21,-0.18403201,44.138433600785646
280.22,-0.28705132,47.15755732502663
280.4,-0.5791473,41.78966987581369
280.92,-0.6849164,44.952774096311174
281.05,-0.60331845,45.694289889007926
281.29,-0.5205343,46.3612525010283
281.07,-0.42727444,45.55783281521402
281.15,-0.15091076,49.00756777631049
282.13,0.29661494,45.776119286545224
282.23,0.6135803,44.717654217079115
281.99,0.66580665,46.19154548265285
281.46,0.7164427,56.42745459304997
281.49,0.7384184,41.22551044421199
281.57,0.71941113,53.60574369954985
282.13,0.6534909,50.16870975062423
282.29,0.5997164,52.57035301202303
282.86,0.64009184,52.57035301202304
282.83,0.7634416,58.661948389244365
282.63,0.8591396,52.26401017389667
282.42,0.90357715,55.83456646310424
281.9,0.9173257,55.96840868647569
282.19,0.8929838,47.45106816433554
281.55,0.8237279,46.14480855220085
281.85,0.71217024,50.042315464027
281.92,0.69545895,48.09322823091777
281.98,0.54803586,41.07001377924659
281.9,0.4751981,48.21523640059044
282.19,0.3598204,47.091226635506004
281.89,0.3014787,47.091226635506004
281.79,0.27603093,61.79531779837638
281.9,0.30650458,67.80725887710886
282.8,0.10027907,60.78119173125776
281.18,0.51844484,58.867890741595396
282.67,0.1698405,60.30331963094741
282.22,0.36800495,62.3380018785732
282.55,0.47769693,56.07968211984252
282.55,0.6315131,50.71454828600713
283.42,0.7206569,47.33803049536204
282.65,0.7661951,36.81993040144934
283.18,0.7459193,33.18212010764898
283.2,0.74154514,40.601280779976264
282.1,0.73646194,56.48224048260781
281.91,0.73637813,58.5670458947414
282.41,0.673915,64.62523289913109
282.15,0.72381145,64.5826828916256
281.09,0.5994491,63.01874325858044
282.02,0.49700972,59.852382922600825
281.85,0.58738625,61.85809418584146
281.85,0.607688,65.51499692768056
284.27,0.7138985,64.43871426874259
285.78,0.7992487,61.144298629779115
284.75,0.8110045,57.55010774474049
284.45,0.77759326,56.607095932574694
284.77,0.69969666,56.64534856948992
285.23,0.7350956,57.80697375382565
284.3,0.7956811,49.86808558190472
283.39,0.74738073,52.99638225677204
282.76,0.6786081,54.06814781731971
280.25,0.6153246,59.69039656686458
279.1,0.5689259,57.3479846241811
280.45,-0.25483847,57.7135245456867
284.57,-0.731416,62.20907561327288
285.29,-0.4613759,62.320641877644036
287.68,0.21641,59.96917636638456
287.67,0.5033993,55.07034519543236
287.32,0.6359618,55.64838104802799
286.61,0.55453,53.01627838056574
287.3,0.4889219,56.80290737798691
288.66,0.428608,61.61962608434859
288.44,0.41312417,59.80738387104867
287.77,0.34884468,64.58492184658091
287.01,0.23599449,58.467262000611356
286.81,0.12452649,59.94516155614073
286.82,0.08598949,53.76423268077149
287.11,0.08801521,55.78583105450951
285.51,0.1495183,55.3514416934232
286.23,0.24887393,54.69620365699558
286.48,0.41279387,60.62014757128327
287.9,0.39060158,62.584774366237426
287.46,0.29028997,57.9172175769211
287.55,0.23904084,56.67576100182087
288.71,0.14655131,56.78659792869243
288.74,0.35699838,57.257636789512866
288.37,0.366698,57.00669091363434
287.56,0.089841254,52.390823515715134
287.68,0.11010419,54.98434272022511
287.25,0.26931733,50.06293078519872
287.99,0.34840658,50.217722755724104
289.06,0.5002838,46.63701678556003
288.79,0.64262205,48.44433322954863
289.94,0.63917756,51.158866690013824
289.0,0.5686779,47.61523392126919
289.34,0.34342378,44.383271138159806
288.32,0.12082106,45.06881970341522
288.74,-0.27292663,53.15310499651965
288.67,-0.44827738,52.42268071156023
288.57,-0.5154629,52.51053006776797
289.75,-0.5407598,52.19913775854079
290.19,-0.3444014,52.19913775854079
289.53,-0.07842017,54.494222933050786
289.35,-0.23457766,55.23077373752319
289.37,-0.44357935,55.0935833014354
289.45,-0.56445956,62.00494178085123
289.42,-0.631445,62.189263250163926
288.86,-0.64989364,59.694343063675134
289.23,-0.4958304,61.26333055951555
288.61,-0.42328563,64.07462446232209
288.63,-0.6786697,59.58402589925672
288.17,-0.6396672,61.62234029343965
288.38,-0.7757622,61.62234029343965
288.7,-0.9073709,55.1686271204438
288.28,-0.954717,52.518691185259726
287.87,-0.9646896,24.11793074130702
287.94,-0.9657945,27.395663980301677
288.85,-0.96593297,27.954232358917803
288.77,-0.9663348,27.815957337861263
288.78,-0.9649371,29.198862855220618
288.75,-0.9598502,28.661287923462858
288.75,-0.94470286,29.775168034049315
288.97,-0.85581553,28.288682747023326
289.04,-0.2582339,25.542185730974715
289.03,0.20741257,25.4888851520854
289.71,0.10411604,28.999187696765834
289.73,0.029965354,30.44286355457005
289.57,0.10312135,30.00484631140518
289.72,0.069355264,25.35570109647507
290.0,-0.03946604,25.29624941064601
289.73,0.10604602,24.79536928271556
289.92,0.015800536,24.21448436775804
289.92,0.07843423,25.87677136039409
289.54,0.1411132,31.53693349903575
289.37,0.2733903,27.78336860562216
285.5,0.35622782,36.61440891010819
285.8,-0.04267691,35.49262630356235
285.85,-0.71902853,43.56192265890221
285.82,-0.89899623,42.89516617182692
285.93,-0.9499442,46.838424680075455
285.83,-0.95193964,44.16246663938776
285.91,-0.9254486,40.744053783512996
285.66,-0.9114138,44.5929786329334
285.16,-0.8675894,35.62244295392008
285.15,-0.8785159,34.14309785504705
285.37,-0.8834886,38.8528282201869
285.46,-0.8869904,35.66319676033173
285.4,-0.85167056,48.2460410530234
284.69,-0.80815613,46.27695975028981
284.68,-0.7766496,46.07444959552535
284.6,-0.7973493,39.31225731348168
284.51,-0.8726243,43.58724197107639
284.59,-0.92175287,43.951688654749674
284.87,-0.9282229,49.0340833982738
284.41,-0.9231444,48.702271040505856
284.91,-0.93698025,49.43919579808837
284.79,-0.94928885,47.36309957137972
285.31,-0.95767134,48.32534850780794
285.25,-0.96405613,48.9002095606968
285.52,-0.96400046,49.80228981975559
285.3,-0.960405,46.834357101271614
285.0,-0.9605446,47.34129048746099
285.25,-0.9575117,49.91287395580257
284.35,-0.9425332,49.73848603504835
284.17,-0.8900564,45.46209005604304
284.48,-0.9177321,45.86309840738428
284.12,-0.9529288,50.738978700141026
285.11,-0.95947874,54.45014650870837
284.91,-0.9608281,32.86499620022378
284.89,-0.94819194,33.69751035683939
284.16,-0.904189,26.87769125948072
284.51,-0.95267445,32.456271078189815
284.54,-0.9602355,34.11038565746771
284.97,-0.96161616,38.25543156860037
284.94,-0.9608754,32.37957210096006
285.0,-0.95696574,37.22525215735059
284.83,-0.9518865,41.24154630354607
284.9,-0.94220906,49.25014734530821
284.94,-0.9115379,47.388740103668674
285.0,-0.85346186,48.38389950045174
284.8,-0.83846647,50.832172376712315
284.83,-0.7173309,50.946068895238014
284.98,-0.594524,55.598316679256456
284.97,-0.605542,52.1727538395738
284.72,-0.7983582,51.66489066726368
284.74,-0.8939522,45.05281770350354
284.99,-0.8713307,41.29260204336683
285.2,-0.88872355,42.820542639443715
283.5,-0.87237144,40.44997820623795
283.55,-0.8062336,36.7362052850185
282.6,-0.8871863,42.9549606050209
282.96,-0.9327155,42.32970023632352
283.07,-0.9515679,39.44419331583837
283.35,-0.95784736,41.5882289031052
282.6,-0.95964366,46.80395404306234
282.95,-0.9650116,44.3179845155691
283.26,-0.96532017,43.02875537164977
283.97,-0.95909107,42.54409071727464
283.78,-0.9574767,40.69303864343088
283.87,-0.9633252,39.22278426944602
284.09,-0.9658763,40.38262903637491
284.1,-0.96516776,39.97188769890003
284.52,-0.9628624,41.88170842011597
284.25,-0.9460808,43.807035598699954
284.21,-0.84139675,47.54948661323347
283.65,-0.6524713,45.90332301189342
283.28,-0.5213529,44.253419011151074
283.39,-0.5064607,45.88268140617623
283.16,-0.36365402,41.924075822921424
282.77,-0.36592868,43.90943299169056
283.2,-0.41193894,48.636799640339866
283.14,-0.43072054,46.72823855617105
282.86,-0.41972262,54.973686367747966
283.0,-0.6566682,51.24994434398752
283.36,-0.8241641,53.06262698745062
283.15,-0.84567493,53.06262698745062
283.04,-0.88492024,63.94607713979207
283.0,-0.9279522,55.3846533373361
282.85,-0.9490057,46.167757050680684
282.73,-0.9564929,51.042244292899355
282.79,-0.9592327,51.825204651382094
282.76,-0.96129483,50.09950048338816
282.85,-0.9624718,52.322145283762275
282.94,-0.9637758,53.35482228357574
283.12,-0.95991266,48.80152633854466
283.03,-0.9553993,51.582635570723376
282.94,-0.952806,61.25352876967975
283.01,-0.9193771,62.51345625937304
282.8,-0.9166322,61.0177298399852
282.88,-0.9012104,50.13045976176471
283.08,-0.8346729,52.60042073879879
282.99,-0.8614118,52.91435444914971
283.38,-0.9132492,52.539610183622976
283.21,-0.9365487,47.800250180937816
283.3,-0.9317967,51.26028727131987
283.3,-0.91469914,53.52994293110478
283.93,-0.85776544,46.52969878094428
283.54,-0.7908648,38.24365654061528
283.0,-0.6981312,44.29715742409942
283.3,-0.6757554,38.13957791073888
283.35,-0.6087217,37.07232981071776
283.25,-0.6809566,43.84169820006682
283.38,-0.727379,39.91155187587461
283.44,-0.7311478,44.04257997336582
283.2,-0.77730584,46.04010817315049
283.35,-0.77338856,41.389109201559464
283.99,-0.78518176,42.05270579514051
284.09,-0.41279995,45.22509008776153
284.02,0.2548245,45.73028907872437
283.43,0.4025568,43.42963968281335
283.59,0.21415044,45.102674168423825
283.61,0.2888684,56.737994883012945
283.59,0.04821603,50.6529598930287
283.33,-0.14820217,64.19601057971353
283.52,-0.40950125,63.479908264057
283.65,-0.38772145,56.91607016135711
283.26,-0.17035487,53.09749992659308
282.66,0.11910656,54.47681924179712
283.0,0.31990734,50.19672271111277
282.48,-0.18914187,49.011882341646604
282.38,-0.59760284,50.64291267573129
282.78,-0.82516086,52.650479268200414
282.44,-0.89259493,58.944705348009364
282.7,-0.92112476,60.941655544579476
282.83,-0.93732685,51.272852304487685
282.45,-0.93296033,58.88349680836146
282.49,-0.9394138,56.565843889905366
282.68,-0.93898195,51.61446902523503
282.71,-0.94018334,54.78628468272593
282.55,-0.9452476,52.69381451083197
282.64,-0.9558447,63.59226124859815
283.4,-0.9614345,63.66108400009539
283.0,-0.96381605,57.35593789911145
284.31,-0.965909,50.38894519398407
284.26,-0.9659402,50.665528110328935
283.78,-0.963112,48.159611350035384
283.47,-0.9564694,49.604987859489995
283.6,-0.93419135,54.040625071823186
283.25,-0.90574497,51.961061278692775
283.15,-0.90275526,48.97035183731967
283.28,-0.9240927,48.11818990441465
283.44,-0.9358684,49.53672562007011
284.0,-0.9303955,45.61893037330528
284.2,-0.8846876,47.28654580567756
283.48,-0.7027883,49.46876477689289
284.26,-0.73794377,47.23886878077737
284.07,-0.4083759,47.23886878077737
283.64,-0.17096046,52.48310291112554
283.96,-0.1889341,47.6509251860848
283.78,-0.34628975,54.968599024294015
285.09,-0.31091875,54.968599024294015
285.1,-0.21865384,51.96977145730529
284.56,-0.26215243,49.34667815479283
283.86,-0.3657584,48.78837464833505
283.89,-0.33509806,48.94389413428275
283.63,-0.3723115,39.82649336644458
283.77,-0.42184478,39.375114738604424
284.22,-0.43139407,44.30365499912231
284.03,-0.25190067,43.00535051774126
283.75,-0.11314586,43.00535051774126
283.67,-0.20088626,46.802166973514964
283.79,-0.40496764,47.163175623447835
283.44,-0.7539582,48.663867352902976
283.57,-0.9223124,48.66386735290298
283.74,-0.9486455,52.749504756777114
283.56,-0.9577072,54.60233477783374
283.56,-0.9633441,53.919243185500974
283.94,-0.9636259,55.32369374229083
283.58,-0.9650935,57.89052140515623
284.17,-0.9644019,58.28758141626368
284.17,-0.9661254,58.28758141626369
283.96,-0.9650754,55.84477964555715
283.77,-0.9594303,48.22659463488906
283.73,-0.9411338,53.364984005963755
283.74,-0.8366512,48.65947422146065
283.04,-0.662169,46.12376851146613
283.0,-0.7754812,50.8847190384639
283.29,-0.9318387,54.528768318495025
283.19,-0.96191454,55.19993777033363
283.19,-0.9651504,53.499123810735746
283.4,-0.96540135,52.913860765835366
283.42,-0.96392894,47.587775378528455
283.5,-0.9585933,53.89999334111026
283.5,-0.954149,53.61027839717794
283.71,-0.93361396,45.90444510792112
283.81,-0.8679986,44.024510450388874
283.78,-0.85099643,51.7400694905814
283.85,-0.8309744,55.811422073289805
283.98,-0.7989731,56.25303534961347
284.0,-0.71859026,53.38047464847886
284.0,-0.6703572,40.811971941345234
283.92,-0.7715634,37.73636824212023
283.64,-0.8559722,47.047565224456534
283.85,-0.91017956,42.328189064354724
283.66,-0.9402231,38.90380026221463
283.55,-0.9430571,40.321819766784785
283.74,-0.9499901,37.655118425970706
283.9,-0.95329773,33.20362717352454
283.93,-0.9473842,41.57197829639577
283.87,-0.9186547,40.215523176482584
283.85,-0.91002744,48.63797173425394
283.66,-0.90022457,46.29664059446076
283.9,-0.90558404,45.787993115230186
283.89,-0.8980567,52.03114802636305
283.6,-0.6599144,45.67929441005094
283.52,-0.8507753,44.263790280239625
283.81,-0.9142128,46.25657005937101
283.99,-0.9180695,51.31763586393626
284.01,-0.8858308,55.800153890798
283.91,-0.77831876,59.51707384540248
283.35,-0.66050446,65.61965348240312
283.17,-0.8054961,66.61511072834321
283.56,-0.9421898,61.89721512127419
283.29,-0.947332,63.29690849638695
283.07,-0.9556542,65.29397724800728
283.13,-0.9577365,62.54525605205552
282.96,-0.9604488,56.561922689057596
282.64,-0.960255,58.251615803121084
283.0,-0.95847803,62.01292030953909
282.91,-0.9560114,60.215263692238175
283.33,-0.95889705,66.38120337985967
283.19,-0.95291793,61.16799482227957
283.16,-0.9491397,60.52809545092445
283.49,-0.94025326,63.02731475612933
283.12,-0.91687256,65.14018819729853
283.03,-0.89694923,55.34728723650554
283.13,-0.81551456,61.68529227379277
283.4,-0.32840768,60.312215320328235
283.67,0.26965463,69.42232502677545
283.92,0.5952252,67.5042598542672
284.41,0.57195497,67.50425985426719
284.5,0.7722887,71.27769367942373
284.28,0.85178447,70.20700895397074
284.39,0.8803565,73.9196932333381
284.55,0.87403643,74.07782074074481
284.43,0.8594505,68.28182711700393
284.15,0.8449375,70.65902627624777
284.26,0.81092745,68.87998864519933
284.52,0.758,84.49138314914005
284.44,0.73387015,85.2684810104104
284.91,0.71795905,84.95232996453865
284.67,0.77320206,87.7021692827172
284.64,0.734144,90.01752135696951
284.82,0.7096118,75.81090113757124
284.98,0.70699966,76.84322650412827
284.52,0.71050304,79.59769999769158
284.99,0.53440094,80.03306034178806
284.92,0.6823063,82.1368674248467
285.79,0.7998846,82.50010596082701
285.69,0.8984148,76.47144609099696
285.69,0.91236246,63.35974689024998
286.1,0.91462976,56.00445424399743
286.05,0.92395383,51.89349888870861
286.49,0.92980343,55.31545130239084
286.51,0.93579,55.17909733582512
286.25,0.93614507,69.58931234097824
286.5,0.91119665,76.3366190850655
286.42,0.889045,79.9120004443893
289.39,0.8241316,77.88657256934992
289.68,0.90092176,78.85930349266181
289.66,0.9145711,83.21289488535241
290.78,0.89032483,83.15579922802179
292.1,0.89064795,81.17636680641935
290.88,0.8716795,70.35506651020229
291.2,0.82501936,67.84626973285324
292.14,0.80918735,69.90820087883407
292.3,0.6856701,69.38166159063643
293.12,0.6612624,69.04563409697836
293.27,0.6148064,70.580095800254
292.73,0.64077246,68.09597410147734
291.31,0.54565,69.2884311478045
290.3,0.38133425,68.11343102945983
289.66,0.21515782,68.04439406113143
290.28,0.03222695,69.76075239275595
290.26,-0.029962664,71.23272201388538
293.83,0.05724661,65.9005732361043
296.77,0.3602727,71.84621554572237
298.96,0.37129083,71.87460924669692
298.61,0.2899504,75.09365314797851
299.2,0.10316877,63.90697765070292
302.43,0.24945202,61.40065351800617
302.42,0.38536695,60.15977103441662
302.09,0.3212078,50.834619594085915
300.11,0.3665358,52.18739226701784
299.6,0.23906173,56.13045235293288
300.51,0.12012456,58.132644990593086
300.41,0.086446464,53.221256811465935
300.35,0.08807987,54.03941834052964
300.95,0.046582785,55.027669587475145
300.54,-0.023974424,54.01513096478152
300.96,0.05150121,54.01513096478152
300.78,0.0712375,51.43257816876188
300.77,0.03290395,44.95184668267102
301.29,-0.0015795552,51.735151460831
301.75,-0.054327834,49.04215340890722
301.04,0.0015094081,48.64448107765682
302.9,0.011576391,50.55658986569909
302.91,0.31328747,52.40349579827447
304.1,0.4681364,58.953256813335756
302.41,0.5535344,58.08522618329203
301.98,0.33830974,55.1692258672817
301.77,0.18177088,52.20566729183184
300.0,0.0851747,47.08249907030986
300.3,-0.37415135,49.51388025176789
301.21,-0.70661086,46.87245995340768
301.7,-0.89617187,47.822921360839956
300.78,-0.8492213,46.9872842821966
300.96,-0.8977208,50.91302391262247
301.17,-0.9118897,50.439785025805705
301.0,-0.91526854,48.89004447079131
301.0,-0.91456336,50.85835833037849
300.6,-0.9083675,52.81528636299683
299.48,-0.93824863,54.347499276102674
300.64,-0.9523788,51.16648557917864
300.16,-0.956916,47.1710453764214
300.09,-0.959295,47.783751459643526
300.4,-0.9582834,49.87080843265802
300.7,-0.9612833,48.412110468461805
301.89,-0.96437234,59.87705872912636
301.77,-0.9661599,60.98007764506822
301.37,-0.95719814,62.318771235725556
300.95,-0.9433919,58.817608315550075
300.16,-0.9184353,53.16114909962294
300.52,-0.67568064,54.09338763697464
300.11,-0.3900916,56.51665744956767
300.24,-0.30354223,56.14836212219034
300.12,-0.25341186,60.240726414476576
300.63,0.57864314,54.73933358867894
300.57,0.6283671,54.1343309876425
300.38,0.75055116,51.208649911058444
300.61,0.78517383,50.59516111199114
300.84,0.80104584,49.322470579800424
301.02,0.827882,47.15107459780252
300.7,0.80450726,45.136968520852655
300.27,0.72818524,50.66848837993996
300.33,0.7945325,52.004724599001605
300.53,0.83157027,51.257127227878996
300.39,0.8723924,46.90061042260138
301.66,0.87506884,43.33107430107843
301.81,0.9229082,38.53492612001778
301.99,0.94594264,38.31215415801288
301.7,0.95813644,37.15555095059316
301.19,0.9621825,30.028776666253936
301.29,0.96127254,34.65158799776915
301.55,0.9599611,22.28447378465394
301.52,0.9600701,17.38450187602555
301.96,0.95847803,11.425030169969148
301.52,0.9612026,11.83832451888716
301.47,0.95990306,17.341775327293544
301.23,0.95774645,17.210791953439372
301.18,0.9552153,33.45035376632176
301.08,0.9521041,30.810754772170363
300.91,0.9419873,28.736666928367672
300.75,0.8986485,42.83923723115705
301.14,0.7898669,40.23816444281582
301.24,0.23435341,42.24442937299418
301.19,-0.15320683,37.64149461122861
300.89,-0.58260214,38.27134733575587
300.62,-0.6274518,39.84183250131551
300.21,-0.6824554,38.65048304091632
300.19,-0.80625176,32.68598623172743
300.09,-0.8927351,31.9910097924759
299.36,-0.90410596,33.80974091504467
299.61,-0.89945185,34.04716803095988
297.66,-0.87628645,37.20085098292738
296.23,-0.8550222,34.34394840665634
293.08,-0.8276067,34.1199909116992
293.12,-0.8203133,33.37008402832337
293.65,-0.82977146,40.81247132052609
293.59,-0.80059016,38.574312944641804
295.39,-0.7801916,36.92544389320927
294.66,-0.6941672,33.62953115568049
294.04,-0.6243528,33.726054764826976
296.15,-0.60373724,33.56833200532353
295.51,-0.623034,32.530709480901464
295.85,-0.7822948,31.860856636733164
294.7,-0.9027026,31.86085663673317
294.8,-0.9362429,51.80902546188684
295.04,-0.92569023,60.1954243101302
294.77,-0.9407674,60.461965765566575
293.24,-0.94669193,58.68454805146071
293.04,-0.90970373,53.010501538597744
293.28,-0.79726136,51.208124789913434
293.31,-0.63090366,57.2708062620906
293.7,-0.5993458,57.332199315579345
293.07,-0.63670135,57.853906162280545
293.02,-0.6175392,57.4754952181902
292.86,-0.5953556,59.541645499594054
293.71,-0.6612093,59.61451313058808
293.3,-0.71130925,53.03149619325834
292.99,-0.7330583,55.51146944401643
292.33,-0.82667106,54.7845936870341
292.34,-0.9266862,46.77521508916884
292.31,-0.93751836,47.83801840886182
292.12,-0.9420494,44.61118552496531
292.0,-0.946496,45.88608646463703
292.0,-0.93716717,52.378482117467925
294.08,-0.9159619,49.20002713397455
295.47,-0.9516296,45.17435523511038
295.52,-0.9550012,40.854413013820164
295.31,-0.93936086,41.52354103239549
294.6,-0.884245,40.6163190816298
294.36,-0.62146807,48.92008213873517
295.29,0.20009296,47.50807270923427
295.3,0.48899174,48.98801275465495
295.38,0.60785764,46.27814582303955
295.34,0.689084,50.33277103778767
295.63,0.75827277,54.52818007387585
295.64,0.81131554,57.56147078941899
295.0,0.82422245,60.40584945666099
295.3,0.7662336,56.68624486401668
295.23,0.7252466,45.925527460740426
294.38,0.71325934,48.222274476689435
294.49,0.72490126,51.59177058236168
294.12,0.72702694,49.9902092809373
294.24,0.41670537,49.782176530705804
294.9,0.13051482,47.24157223587875
294.57,0.014914992,42.56303185224821
294.12,-0.21024571,44.17552358412365
293.58,-0.29810268,39.491480205096146
293.64,-0.77885425,33.62001817560551
293.53,-0.92713886,37.71158972863167
294.29,-0.93693244,33.23091531978793
294.14,-0.94546664,37.18763254842602
294.28,-0.9399846,33.75445995800987
294.01,-0.94023687,37.29918687923654
294.38,-0.93412673,38.64037049101423
294.8,-0.9407694,40.98837142099485
295.13,-0.8820793,38.25059044357684
295.46,-0.773334,49.21072716363884
295.16,-0.66023076,46.431602563943954
294.1,-0.54420143,44.67852920813032
294.33,-0.4118923,39.96594441943914
294.68,-0.43212545,39.123108495515964
294.52,-0.34846768,37.20284377333509
294.5,-0.2900281,48.34322145977769
294.26,-0.26575738,49.19957734022832
293.78,-0.37311435,60.364221313721075
293.91,-0.6558705,58.32280496141288
293.4,-0.6920718,59.58445335085414
292.62,-0.61334324,60.30341411505238
292.94,-0.67234665,56.51405364569781
292.29,-0.70936567,56.681564678223836
292.61,-0.7748991,51.64668087862071
292.1,-0.8326807,56.67318525375706
292.39,-0.8620868,57.50774867046595
292.5,-0.86964303,60.76340509375151
292.69,-0.84558666,55.39300884457137
292.36,-0.77604395,55.928509543196235
293.35,-0.722126,54.74882643985518
293.04,-0.46296644,51.806819221074264
292.84,-0.34534737,49.405192616546785
292.26,-0.34392655,53.393874891136385
292.15,-0.2626604,54.36253125691343
291.9,-0.30882716,52.787175709392486
292.92,-0.36540082,52.514034183172264
293.01,-0.32228822,50.95242785253156
294.43,-0.36916658,49.651471254856155
294.22,-0.42059013,42.397606330993185
294.4,-0.41785684,46.177974071471255
294.5,-0.40491077,46.92816583853448
294.15,-0.34748745,50.07561654092755
294.17,-0.3387386,52.529924587161716
293.7,-0.3186084,46.199381605380474
294.27,-0.1959723,48.478897367060405
294.37,-0.003293394,51.43360567685412
294.77,0.13732105,52.02618756898693
294.3,0.21968453,50.856732079458766
294.36,0.32154474,50.33453355425343
294.26,0.44692135,26.500587619546145
294.01,0.42860046,26.335472392476333
293.8,0.34082747,18.746365052334145
294.16,0.04922409,21.178963024549358
294.25,-0.091153406,19.73002064084457
294.13,-0.08850072,21.83690291449986
294.11,0.0032795586,14.787021984799606
294.0,0.06663592,26.936095216165047
293.91,0.013250815,44.532234751097484
293.35,0.029675053,44.302431188453475
293.6,-0.048969638,41.403271393408
293.65,-0.34408233,30.768038269649505
293.86,-0.70562536,30.120869856750037
294.03,-0.81906176,31.982567624415704
293.59,-0.65958375,30.33207645628565
293.74,-0.7472306,34.189061455218074
293.94,-0.7492478,33.53410549269427
293.98,-0.46461174,32.306349847085734
293.91,-0.1182655,30.913359679613123
293.88,0.04053053,33.16343457185265
291.44,0.1132793,35.048768221760135
291.41,-0.07122813,38.17877401183752
289.6,-0.6054149,37.835155929799456
289.78,-0.8469014,38.4319086466291
289.37,-0.76268435,38.88321010732147
289.52,-0.6286522,45.430873194291806
286.99,-0.61929417,43.138777435117994
288.2,-0.55712396,43.00525635129355
290.7,-0.48508623,39.09578617116056
290.65,-0.44363675,32.12443531801174
290.02,-0.40181455,39.38810351269854
286.93,-0.35820967,37.81299156698339
286.69,-0.3373431,43.78466818477949
286.98,-0.41183108,46.19099451751223
286.43,-0.34176463,41.904937034312795
287.01,-0.27736768,48.24246449821513
286.82,-0.31997776,43.805963730381045
286.47,-0.40951127,47.35156685909471
286.07,-0.42002174,47.22572560524058
286.36,-0.4537514,40.802887780949554
286.6,-0.5013377,40.58672331846712
287.0,-0.5058244,40.24233177714841
286.93,-0.5869135,42.26474925810007
287.0,-0.5464895,42.356094811304395
287.05,-0.5097321,43.51107775899172
287.81,-0.77895844,47.12407156605946
287.46,-0.8626542,46.869204422576885
287.44,-0.9351427,45.88917876916739
286.84,-0.96078926,52.58638969675181
285.51,-0.9642757,49.3454463223791
286.34,-0.96351105,53.18383524428045
286.04,-0.96355504,52.47019943859702
286.78,-0.9634352,55.24208156599562
287.1,-0.96311,50.97356297375069
286.39,-0.9566717,48.45357940794741
287.26,-0.9459543,56.11677305595732
286.51,-0.88926804,59.8052673852805
287.02,-0.8647022,63.40016626206757
287.0,-0.8629831,62.45654014835623
285.9,-0.8759842,53.0951238078047
285.86,-0.5963771,58.22868348851286
285.8,0.46875316,60.781409519994135
286.03,0.7791468,60.565949088105405
286.04,0.87012523,60.64107584914623
286.16,0.8816629,63.207597988381345
286.54,0.8633435,59.40407953886735
286.51,0.8761956,61.49679169476906
286.4,0.918229,64.10281194836135
287.09,0.9396561,61.97694167830468
286.75,0.9425903,55.642593666683226
287.17,0.8960995,53.897782460610664
287.1,0.8102642,50.170463538200195
287.4,0.7693162,52.219278354264354
287.0,0.88990176,47.563717354447434
286.75,0.8906924,52.256783532084306
287.57,0.86992943,53.09783750054604
288.04,0.7764099,62.94071258633374
288.55,0.82548165,60.49911122978309
288.47,0.8520479,61.69915585111328
287.59,0.86471117,61.948145352527106
288.26,0.6341933,61.51746426732958
288.63,0.56168324,72.5478945336085
288.61,0.73779845,71.7228143577753
288.62,0.6656654,60.17613922724729
288.96,0.46917835,65.2966968231108
288.65,0.24290167,68.854690539826
288.91,-0.12366697,66.30351977100241
289.25,-0.25327057,60.913999174697395
289.09,-0.13375229,59.484577136243
288.58,-0.23796791,57.81479810002019
288.43,-0.55631256,59.35083262156204
288.1,-0.774487,60.28522415321633
288.29,-0.7844843,59.18635798430576
287.87,-0.73752123,58.29630640342766
288.3,-0.6177557,64.39243593905077
288.38,-0.21272133,59.811836971389454
289.5,0.25874996,60.06676952620838
289.3,0.7722493,59.257147042384815
289.45,0.89662707,59.11413485288433
289.48,0.9277186,60.35074630432251
289.45,0.9260037,56.372393175326884
291.06,0.9257359,58.631475446514
291.0,0.93879455,57.04105163874601
290.06,0.9496737,59.300041568990736
290.86,0.9499126,58.429293785404234
291.52,0.9568989,56.987440090995165
291.29,0.9613925,50.60009758522601
290.78,0.962994,48.89177214980764
290.64,0.96143866,56.632312451061495
290.48,0.9590665,61.097433414452155
290.68,0.9563935,63.64345398968088
290.8,0.95219564,64.98039335751739
290.71,0.94719666,17.981619820765935
290.64,0.944275,15.877217233517712
291.38,0.9355423,20.606197859308722
291.02,0.9370363,20.026361443867444
291.05,0.9365692,20.537149279521103
290.99,0.933214,26.058935927760977
290.98,0.9220538,29.196231657453396
291.1,0.9004738,35.12496661304147
290.84,0.8878374,32.85363592891259
291.04,0.9111564,36.627226405060945
290.94,0.929936,37.20694741952016
291.13,0.938898,36.60591073819608
291.08,0.94032556,39.281827794724386
291.0,0.9368788,47.235017012977636
290.62,0.93664336,47.411640170474996
290.51,0.8837185,46.572212273928415
291.05,0.79600877,46.2197032445797
291.43,0.8628747,46.86933104780417
291.67,0.94600606,48.793665777822426
291.8,0.95368844,51.828836313601414
283.22,0.9577252,50.82465395658507
281.76,0.95316845,50.02179049637262
282.45,0.87463295,46.90951861453187
282.12,0.7327526,44.829963102271044
282.19,0.5924928,51.441285921467696
282.95,0.42270094,60.50899877830168
283.4,0.15400748,55.68624956354115
284.3,-0.18741855,55.44426632787825
283.61,-0.43803325,52.496239483379306
284.2,-0.68758994,58.03623613650017
284.29,-0.89794105,64.57578981883323
284.14,-0.90981096,63.699526302283616
284.52,-0.92788553,64.92951932227062
285.78,-0.93469596,60.68523320417716
285.81,-0.93224466,63.63475559483634
285.66,-0.9582146,64.39464118617695
285.6,-0.96618456,60.68780516753433
285.69,-0.9670595,56.709663376508225
285.95,-0.9666946,59.50206104615674
286.37,-0.9636317,57.13942110390307
286.24,-0.9577842,58.48848461522398
286.14,-0.94926316,56.570910257500415
285.75,-0.93776786,53.116227343498565
285.48,-0.91955376,58.21918461867519
286.25,-0.9022426,60.96451664203737
287.62,-0.8924233,60.96451664203737
287.03,-0.7984679,64.50201763063347
287.0,-0.5111465,61.669745907046924
286.64,-0.50403976,62.698679394613485
287.47,-0.6035876,62.698679394613485
288.69,-0.5102852,59.647905850059125
288.59,-0.48016065,58.31922651394558
288.83,-0.47346595,54.895346462004625
288.37,-0.47199944,51.63095927984549
288.9,-0.489096,46.47927405667226
289.04,-0.4976061,47.6052816369177
288.66,-0.4610345,46.89691673641986
288.23,-0.43791908,41.08177391337556
288.65,-0.4074062,47.55638397397542
288.4,-0.49948272,54.860738017355246
288.59,-0.52369964,57.61264280975431
288.4,-0.48327976,57.70838863978269
288.05,-0.376774,61.45859956452273
288.7,-0.45167425,65.04683639392346
289.09,-0.30118048,55.58546781294812
289.09,-0.1235462,50.19955322666455
289.6,-0.011229903,54.819722136402845
289.36,0.43404126,49.65608334096521
289.5,0.5455835,50.82967722524169
289.5,0.57929826,53.55057750526323
289.27,0.65712154,51.89387851321523
289.17,0.49795723,51.43688761858356
288.91,0.32382256,52.005838171931074
288.65,-0.04269114,51.23019856060219
288.2,-0.20159107,51.230198560602204
288.29,-0.26813367,56.72010419231476
288.23,-0.2122289,58.10522300464659
287.7,-0.12795155,61.42867965792792
288.19,0.52419055,61.25424621043084
288.86,0.25560987,62.17949926681834
289.15,0.41736975,68.8817551768659
289.16,0.8224982,64.47417094591398
289.56,0.9184016,64.67701266321278
289.99,0.9436735,67.65985917304293
289.26,0.95109075,63.79231512583357
288.76,0.93921596,61.887461810648794
289.25,0.9270273,61.68908714784915
288.74,0.9319045,47.441385050893764
288.86,0.92976165,52.09764965981525
289.14,0.930823,52.231691188724106
288.99,0.93446416,48.03396889413508
288.95,0.94201964,51.90915425178203
289.0,0.941732,56.44350224360919
288.94,0.9403824,56.56950031501028
288.94,0.9403227,55.02669347623391
289.38,0.93541735,49.82365596411923
289.5,0.9247828,50.763714243949856
289.8,0.93780833,50.42458788225744
289.79,0.9507752,46.11188924528704
289.87,0.95630586,41.68204586854538
290.54,0.9582672,46.48073252679301
290.3,0.9621623,59.9831037483229
290.32,0.96366477,56.13187819167512
290.62,0.96413344,57.19731624833461
290.42,0.9646899,58.52324087909664
290.32,0.9647239,62.60591950764661
290.31,0.9624576,59.62140502145753
289.44,0.9591798,54.8203787312068
289.78,0.9373612,52.769023045447014
289.79,0.9177,54.32641544661817
289.5,0.8295705,55.75474946325918
289.77,0.83453745,48.41704583276441
290.12,0.861699,49.99207746627695
290.13,0.8751402,50.95962604006573
290.04,0.897533,35.27824423088972
289.72,0.8881566,40.230071900453915
289.78,0.8265836,36.9916559685286
289.76,0.7787996,32.154584553813805
289.5,0.69296044,38.06735498301709
289.2,0.40261117,37.19463385316832
289.46,0.17266774,48.50896959311869
290.45,-0.15683357,44.70814163657578
290.2,0.32285625,54.543165682281206
290.29,0.62791127,50.84226516956905
290.4,0.7210142,56.526843368922606
290.76,0.7916349,54.33754551614701
290.59,0.89359504,51.138128225606685
290.3,0.9281495,50.74807740228512
290.17,0.9380753,46.45520520087268
290.28,0.9427608,50.83458787798371
290.38,0.9509986,52.99863137020526
289.93,0.95349383,52.56529786553269
290.03,0.9464926,51.88007140954567
290.09,0.9518064,43.78657005528905
288.81,0.9489854,47.989642773707416
289.13,0.94965357,46.99385008662822
288.79,0.8774599,52.12864451143842
288.2,0.6603903,51.34745357226566
288.6,0.09589292,52.550795447160645
288.5,-0.39812016,49.10270337973535
289.39,-0.7051849,48.628745982028704
289.0,-0.7678521,49.157249188131516
290.0,-0.76462024,49.29768566775379
289.62,-0.6987775,49.006133675152896
290.3,-0.47589448,59.76814634936448
290.08,-0.44211507,56.12364538945213
289.75,-0.41287673,45.63500663521602
289.71,-0.27251887,44.463157671101285
289.26,-0.06978399,46.48134721680107
289.7,-0.014810308,48.36728428628081
289.93,0.16859117,47.3406798199436
289.89,0.31429407,47.340679819943595
289.83,0.4706375,46.62337371622577
289.04,0.62214583,45.14990290888321
289.42,0.6604453,52.98980525795247
289.32,0.78972715,48.287426470173386
289.8,0.79726505,45.615559200279286
289.73,0.8290377,49.12576421107676
289.84,0.8510763,45.52949143807574
289.55,0.8506072,44.409149928155294
289.51,0.84569067,48.02465519344029
289.55,0.6428979,51.12205730891334
289.56,0.5085961,48.65677924640663
289.54,0.6327131,49.87165651464814
290.38,0.7114346,51.461891481348545
290.14,0.8771077,51.267283599316556
289.3,0.93265164,48.31580368611096
289.19,0.8773045,50.95130800319348
289.34,0.8054076,58.04107049471293
289.48,0.64537245,64.64523830208215
289.4,0.6153956,65.37878985490089
289.4,0.55055034,73.01601835406927
289.35,0.25497082,74.5287716959152
289.25,-0.17716993,72.68118362764861
289.74,-0.6882082,64.1218158854198
289.43,-0.7397656,61.96081861384602
289.24,-0.70696145,62.45631139814276
289.46,-0.7736725,66.24445133609836
289.21,-0.83126354,62.629112874787474
289.13,-0.7238416,58.959967203577634
289.34,-0.7571354,59.24566355530989
289.53,-0.79971594,55.500901515299674
289.38,-0.86710155,54.47095463371805
289.45,-0.8524797,49.52247467466046
289.54,-0.6455988,49.13788470227122
289.53,-0.53205526,44.998192461753725
289.38,-0.44388464,47.796873879259465
289.51,-0.34838724,45.67887410617891
289.91,-0.23031692,40.731173938937445
290.39,0.15696932,42.41057873336392
290.45,0.36954147,42.41057873336393
291.21,0.47054973,47.353668526952546
291.4,0.5674343,48.774198767796136
291.32,0.64068776,49.98530824778765
290.92,0.65224147,51.468125528440865
290.81,0.6135917,55.055611489087376
290.85,0.69779456,53.91116555247859
291.17,0.84258026,52.73073032741611
291.0,0.90266556,55.36215733938265
290.82,0.9288157,51.937102555871284
290.84,0.93683183,53.073996812312565
290.66,0.9408902,55.88353854105114
290.61,0.92594784,55.525525143484536
290.36,0.88446283,39.65670377324624
290.34,0.7937002,38.43303297665508
290.12,0.79106605,30.36164900590484
290.25,0.57056,48.18426098833482
290.14,0.056405734,47.823139958788865
289.86,-0.34533793,46.32748646458543
289.93,-0.5454146,50.4957934708282
289.93,-0.5962741,46.41935537383711
290.13,-0.5070054,44.2224320058969
290.19,-0.7180015,46.05540948208484
290.24,-0.6691624,44.4812132737284
290.3,-0.8009165,44.98746274394471
290.45,-0.7706025,54.76087420880926
290.41,-0.46763393,55.15090615739264
290.37,0.3040974,67.84094330751131
290.47,0.40185133,61.05573569125359
290.36,0.4434964,73.55289488616901
290.4,0.5429364,73.55289488616901
290.5,0.5684168,76.67987557848058
290.49,0.4350124,78.52170499398623
289.91,0.29061446,79.3723700620162
289.85,0.0616133,79.85567227580313
289.37,-0.30645743,83.5460567115248
290.1,-0.53523,83.13601059405536
290.08,-0.6312479,84.52638610066379
290.0,-0.5671,74.93740849715617
290.2,-0.51974976,78.61618125424069
289.99,-0.5589691,82.20391167782304
289.87,-0.6180149,74.68954405098997
289.95,-0.6681281,75.94600534871681
289.87,-0.7441455,79.84213099980272
289.89,-0.7435773,77.26142924472171
290.33,-0.78400785,76.96375987546645
290.35,-0.7813901,76.33035215228055
291.2,-0.7873341,73.24671326902634
290.89,-0.6506535,74.47414385677354
292.25,-0.51358956,67.20105174176568
292.25,-0.066915125,62.753317742797634
292.74,0.42953545,63.26016163470967
293.07,0.7083009,67.1154208312314
293.23,0.8767417,62.55031371302384
293.32,0.92468107,59.19342930294646
294.12,0.9478016,62.113009592115844
294.1,0.95501614,61.96381153994136
294.44,0.9576273,65.28633080953898
293.95,0.95949346,60.659599586871806
294.64,0.95978165,63.87606261424504
295.52,0.9608007,63.71577373655049
295.03,0.9635505,64.10379759525767
295.29,0.9636003,62.135908612551425
296.23,0.96351737,56.37520074170476
296.05,0.96506673,60.65061888256512
296.03,0.96550614,65.47613336823798
295.99,0.96558094,61.18831700983131
295.8,0.9650644,58.94972819113069
296.01,0.96448654,61.44528684793599
295.55,0.9640405,58.92917350075366
295.24,0.9644358,58.4139767938755
295.3,0.9650305,66.16552510080652
295.78,0.9651769,74.29437205990138
295.47,0.96486396,60.2068240986307
295.23,0.96541953,59.73764471298914
295.55,0.96589434,57.68035826141455
295.54,0.9650223,56.81274487348732
295.91,0.9645174,53.23985368388245
295.61,0.96567607,53.457245295906475
295.96,0.96541417,59.35820303924019
295.95,0.9660747,58.66765193911908
295.99,0.96620107,53.68999624359338
295.88,0.9654691,51.895802357955624
295.54,0.96463406,57.56774813396063
295.91,0.96497715,53.154584041880106
296.4,0.96494514,61.0907197234544
296.14,0.96508247,57.120715241006394
296.0,0.9635407,54.841862525511985
296.23,0.961428,56.98192924434726
296.08,0.9608624,57.47517778083746
296.05,0.9577361,56.22547933184517
296.78,0.95227826,49.07528365761017
297.93,0.95755935,49.93239312136748
296.89,0.96279407,48.30631438429067
296.85,0.96366173,52.41428299729336
296.68,0.9617864,50.522643278315236
296.61,0.9547342,50.2436737261744
296.32,0.94217455,48.934248036388176
296.34,0.93382835,48.03546494521185
296.92,0.9458518,46.651319125731796
296.87,0.9503625,48.94000475636567
296.5,0.9503663,53.106372732821825
296.36,0.9442501,52.00950193493408
296.88,0.9240579,48.25298181923009
296.54,0.7497892,46.696322410655696
297.38,0.40909305,52.062721768084316
297.06,0.28247327,52.24127397986965
296.87,0.14066248,53.18029480651353
297.09,0.014537913,50.60846862899601
297.14,-0.075827055,49.324056649339575
297.05,-0.26981795,49.55385271453624
296.49,-0.48017582,45.54993031846576
296.56,-0.68134385,40.638599933904054
296.43,-0.50649995,65.2041716361705
296.75,-0.3115713,56.00809350560317
296.61,-0.13550073,50.1583644744496
296.59,-0.18042524,42.11619570720409
296.5,-0.36224833,47.34695156234838
296.44,-0.5168186,45.654386882752135
296.35,-0.13163407,44.47719296949315
296.48,0.068539195,47.64891018889126
296.73,0.08349756,50.20184505776818
296.67,-0.050258182,50.33226471475317
296.46,0.017099243,58.126865736558564
296.37,-0.14296238,52.72620625139744
296.66,-0.13418268,52.59464254813281
296.67,0.5202994,51.48779319951081
296.72,0.9161175,51.89661924607427
296.6,0.9522564,51.740096237482724
296.54,0.9619043,44.38729742844354
296.55,0.95725894,43.73115084956359
296.37,0.9476698,45.12877842357878
296.12,0.8699253,45.49327896399535
297.64,0.76589805,35.27349441771688
297.08,0.9360491,38.921952060966404
296.65,0.9594274,44.938312579403856
295.92,0.9592645,44.938312579403856
296.34,0.95449793,39.876639274696466
296.18,0.77672505,40.59719731668679
296.07,0.4030413,53.14538211609421
296.31,0.09743517,51.727620983269304
296.51,-0.05468893,54.35055698521162
296.52,-0.1776935,50.50835451234925
297.18,-0.17873105,55.227874175493184
296.78,0.05035003,53.39990112785146
296.77,0.42066544,53.94708341418975
296.69,0.5701971,51.349747169778304
296.72,0.6224175,55.790923748664625
296.71,0.61677384,59.74808849879917
296.2,0.5062715,57.42667397703581
296.15,0.30397925,59.63529266070168
296.23,0.11586133,63.36735503772019
296.25,0.018762456,66.09027195867438
295.44,0.20260707,72.51469593885682
295.64,-0.11557624,74.03847236189316
296.0,-0.47469047,69.12528806376362
296.0,-0.59641683,70.95207570746207
295.6,-0.61804223,66.70188937609842
295.64,-0.70480084,67.18303144658361
296.47,-0.75501716,62.513698368366754
296.37,0.012086274,66.29753883672252
296.57,0.34423918,61.99220043412424
296.31,0.6833461,64.67730138518297
296.67,0.9475942,62.398593715778006
296.55,0.95730287,54.47542953394885
296.59,0.9617163,53.83528547873427
296.43,0.964831,53.980878336537415
296.74,0.96578115,51.53064085458821
297.05,0.9645462,61.267751158626936
296.92,0.9658564,62.93819847891709
297.09,0.9644214,59.790902924006794
297.4,0.9615005,58.49382214713859
297.65,0.95266116,60.09212262602836
298.38,0.94587773,32.97269474587435
298.59,0.9465013,42.886267022971055
298.34,0.941566,37.17412744174865
298.56,0.9380132,31.734072538831782
298.34,0.9297335,37.74127891828382
298.39,0.90976983,30.708478511663944
298.15,0.8810493,29.88137672487469
298.51,0.8096878,38.372299929659384
298.28,0.6647324,38.79240500679031
298.53,0.5610015,37.051586726534936
298.41,0.49427715,38.44599205470708
297.95,0.48691022,37.96299099961115
297.91,0.44558695,36.96281433551679
297.92,0.4698204,38.70200520514572
297.78,0.43826336,40.1469289341672
298.5,0.47090605,44.078120830955505
298.65,0.52407706,50.063207776660626
298.48,0.81836647,48.06520081400832
298.41,0.8385114,48.06520081400832
298.53,0.82634,46.881590893309884
296.15,0.8732478,47.576706161868074
297.0,0.5985837,46.2724907586957
296.18,0.18519062,44.83847931124798
295.2,-0.010970953,46.0842251143569
295.8,-0.31124306,46.0842251143569
294.35,-0.4182213,45.68536699930626
294.15,-0.5943994,43.91177423246994
295.1,-0.68328124,50.864655369414855
295.15,-0.57658476,50.71079543872561
294.83,-0.48284146,48.95652175167719
294.98,-0.40778306,49.63877436350891
294.9,-0.3582469,50.17665238314123
294.74,-0.32164314,49.794826683964246
294.9,-0.29954016,50.99950170942109
295.03,-0.19871984,49.71483023657151
295.39,-0.0022877527,50.826462234677
296.0,0.1485914,48.296886882876514
295.78,0.31228304,46.70393999080403
295.78,0.49503025,51.614325582807716
295.66,0.6956196,52.08969811426742
295.72,0.83814037,48.02473221480981
295.6,0.8633045,48.83103407553408
295.47,0.8407255,64.32650098077008
295.56,0.8377486,58.23896217140594
295.56,0.78473103,56.399619485006625
295.53,0.76569325,62.047122507045536
295.4,0.6719301,62.49554454727886
295.84,0.36315617,59.46879785920939
295.83,0.010312269,64.4177558790539
295.72,-0.21335644,61.875171324679215
295.76,-0.44692546,58.16649725900215
295.79,-0.3298395,55.53758926721626
295.77,-0.378528,52.95987876726003
295.83,-0.37138602,52.4829131826681
295.77,-0.38714084,51.240466311245015
295.82,-0.33872777,53.151465781636794
295.71,-0.23218407,57.007471169275505
295.64,-0.16399422,56.71177166163128
295.84,-0.39178208,60.46601977002622
295.86,-0.44509912,59.80883983575968
295.7,-0.19560772,48.69474072327952
295.73,0.35847938,38.91113499707877
296.51,0.47250515,28.292019175752703
296.26,0.8255264,29.270252193589947
296.18,0.8962488,36.91619957035248
296.53,0.91865724,29.356188016126683
296.56,0.9121192,29.179876474783345
296.44,0.9030903,35.06024378447746
296.76,0.89195126,41.92274214224588
296.66,0.8961601,41.7941926105842
296.51,0.8576349,39.44932880117964
296.4,0.7869372,40.05300291034518
296.29,0.45037478,38.0123774140164
296.27,0.087013245,37.06338067310453
296.22,0.063812576,28.603920964695913
296.3,-0.13360965,28.831107068969075
296.47,-0.09197851,37.97126071177141
296.46,0.13646771,37.252334597509325
296.63,0.2097772,35.217761290880226
296.61,0.47905013,32.20894372458278
296.22,0.58138615,27.7625118335256
295.73,0.43510738,25.72796612568518
294.88,-0.041392196,20.644571317411028
294.92,-0.6525982,28.451804369251676
295.25,-0.7780296,23.8947855053835
294.52,-0.7976734,28.518396119751298
294.5,-0.7865354,37.19336873643531
294.78,-0.75239545,37.48007165832524
295.15,-0.70766544,37.388171653390366
295.14,-0.6167736,45.074977606191005
294.96,-0.6194852,44.85120728820947
294.99,-0.6178175,49.93661156855274
294.84,-0.61109185,44.474063952733374
294.77,-0.5892198,45.69899975942747
294.0,-0.57075727,44.5236941576192
294.01,-0.64017206,47.846033396787945
294.44,-0.6893547,42.804818203936065
294.38,-0.6995326,39.496937723220064
294.21,-0.67772794,41.688541703007914
293.94,-0.69073236,40.55842712747359
293.47,-0.72972554,39.97491748590484
293.22,-0.6865277,38.199382584791806
292.44,-0.5787797,37.24912547044734
292.84,-0.5849298,57.27808000479234
292.12,-0.562649,50.35462970048572
292.39,-0.52318084,51.81083802703099
292.96,-0.48927504,53.065343092743234
292.98,-0.5191662,51.363524694403736
292.97,-0.39245763,49.64879513321773
293.5,-0.34382027,49.9257611592457
293.48,-0.40730566,56.608831194512156
293.86,-0.4433359,59.62218143185266
293.39,-0.5017251,61.02561483090779
293.48,-0.53965616,57.546048735890544
293.38,-0.59195596,56.070494387550326
293.61,-0.42510226,56.47115831183751
293.19,-0.2054113,53.00060907986818
292.88,-0.11793204,53.915630171639584
293.02,0.014286509,52.62830074743753
292.92,0.12871867,50.58434961073882
292.87,0.22703315,57.94070900748627
292.72,0.24143074,55.245158142490716
292.64,0.2561575,58.37346890921782
294.04,0.25858954,61.28757228078621
293.48,0.6667423,61.700067936916746
293.61,0.77104336,59.86810002182549
293.72,0.8064424,58.92600671227306
293.59,0.8137563,57.465244107981974
293.46,0.79618305,56.708282568663506
293.48,0.7753736,54.641271645934495
294.0,0.77872944,55.938456677208904
294.27,0.80273473,53.2073053988389
294.4,0.83131444,55.544758640698376
294.19,0.8391799,56.48121240403678
294.1,0.7595685,53.449871866535595
294.13,0.67361844,55.260000406757136
293.93,0.60822266,55.52606113366655
293.99,0.46923906,60.35063854648774
293.92,0.1376302,61.76135117860784
293.81,-0.20524766,62.4801675109397
294.27,-0.31070295,54.40356244855937
294.13,-0.13180137,49.40192174952046
294.34,-0.15684327,90.03560519921044
294.55,-0.16498066,90.06169038639345
294.58,-0.032829337,85.94274660155992
294.5,-0.17791177,78.650935589808
294.46,-0.34803674,75.42063937099907
294.4,-0.43181264,76.75710185068849
294.37,-0.5446767,76.64202889757978
294.29,-0.6594057,77.6522828776542
294.35,-0.7618516,78.05386360726864
294.25,-0.764248,76.17762882331742
294.35,-0.7695774,77.85636409131791
294.39,-0.717717,78.41568914970112
294.29,-0.71788555,77.21545436102983
294.36,-0.7321352,76.2725289490352
294.37,-0.77122945,71.86225646156842
294.56,-0.8038837,70.91597731080402
294.62,-0.6739851,72.78155428986899
294.65,-0.306414,71.25399831482447
294.43,-0.1606004,72.23037202821125
294.27,-0.50579077,74.617783741472
300.86,-0.8682137,55.49346142309207
300.88,0.094697565,56.03679209057868
300.54,0.5967544,53.237166179463514
299.9,0.83471,53.445897745914806
299.6,0.8603832,47.712121623319966
299.99,0.88333154,52.735897764731966
299.98,0.90881944,49.19489605823961
300.26,0.93044597,49.7625091992046
300.37,0.9444518,50.94299510334358
300.23,0.953767,49.32048199619462
300.64,0.957327,48.426100897480076
300.78,0.959774,43.895047397731226
300.7,0.96047395,53.30531216549229
300.64,0.9606987,54.84827680058172
300.36,0.9605693,54.2962313673565
300.3,0.9605013,55.966727685219865
300.59,0.96027285,53.270778473526725
300.5,0.9606522,55.69673653656167
300.64,0.9542745,47.93834717614079
301.0,0.92831635,46.41905481208582
299.66,0.9170656,52.014741983966275
299.72,0.7130804,54.15273479140497
299.48,0.7329087,52.09423025484431
299.5,0.6940703,52.372761218376375
299.0,0.35038957,51.72502077888481
299.46,-0.40682468,52.51559247185072
299.14,-0.90101534,52.14771842398559
299.19,-0.95154583,72.8990541216098
299.29,-0.95976293,67.1806119747461
299.16,-0.96220464,67.25537361776675
299.09,-0.9615276,61.24547632733841
298.72,-0.95530397,64.09598100026334
299.46,-0.94261944,58.22600431837929
299.6,-0.9167001,54.27504247080906
299.56,-0.8506368,58.03417946426457
299.7,-0.39858603,60.25653189549084
299.52,-0.039830558,61.17901247900185
299.71,0.1514687,56.51704200375798
299.16,0.18701561,59.90693489318455
299.04,0.07516207,61.33891809912056
299.45,-0.1798147,60.716150073426164
299.62,-0.3401071,61.76139232747507
299.48,-0.21465217,63.23620208989114
299.5,-0.2295398,61.94964970008444
299.46,-0.33715534,54.60085314118538
299.51,-0.47256932,56.905417193967025
299.49,-0.55332804,53.0394055341395
301.52,-0.57667154,51.77668507132328
301.15,0.0027025458,45.634213847626384
301.16,0.48465434,44.418174856237826
300.76,0.72375584,42.91302106727749
301.09,0.8129921,40.494863429631586
300.67,0.8658201,44.07707457005708
300.36,0.86228234,50.940414892230976
300.74,0.8191613,51.098057130549165
300.98,0.7774785,51.43417697473486
301.08,0.7740334,50.316832032046065
300.75,0.7902943,48.97997338173388
301.09,0.71057034,47.998991556143864
301.24,0.7137946,55.3226502304765
301.2,0.7498146,58.47194025749084
301.3,0.8379342,54.753048298500026
301.44,0.8554521,56.50546161328223
301.37,0.89613974,63.378923407906086
300.94,0.9164015,61.06932697328279
301.12,0.91487384,57.88880398692869
300.88,0.91925174,53.594596234325756
300.8,0.8979519,54.1440862042488
300.38,0.9282588,53.6876719387686
300.29,0.92859524,55.310448954848745
300.18,0.8629046,57.89247152790362
300.0,0.5183812,55.75751625647851
300.19,-0.09787578,53.37286743281992
300.6,-0.36873507,53.10111911787065
300.61,-0.4833413,52.52511181617317
300.63,-0.6229825,55.145040509159685
300.57,-0.40330225,56.439455425299954
300.5,-0.1926804,51.33433873121327
300.45,-0.09373207,54.1271602719012
300.83,0.03388447,51.577090481526575
301.02,0.66778475,55.26532994749722
300.85,0.88518155,56.096387446793074
300.95,0.9190045,54.286255820786565
301.4,0.9374818,53.91156600533912
301.3,0.9505195,56.19100519872671
301.16,0.95710325,52.96684372487627
300.96,0.95918834,51.76728551659131
300.99,0.9618779,49.74518958255576
300.97,0.9629977,47.73708227044054
301.05,0.96337515,49.91445564927467
301.18,0.96361035,50.35989301461884
301.1,0.9633141,49.88213937804711
301.01,0.96229875,48.883302833941165
301.0,0.95989865,61.68869048542591
300.98,0.9524371,55.418884953520205
301.08,0.9497181,55.418884953520205
301.13,0.94304305,45.5143494099631
300.97,0.9423663,45.5143494099631
301.07,0.9487193,42.57292347325707
300.99,0.9460686,61.15812140612874
301.12,0.92792064,54.27898121793364
301.15,0.91673946,38.777876004108045
301.1,0.9533619,40.4430343466704
301.09,0.92531174,49.345339686458686
301.16,0.8968753,40.47676243142707
301.08,0.89771104,41.62957648636489
301.05,0.8842263,34.32676001493515
301.0,0.8551113,33.949485600219795
300.95,0.7502472,39.22467368729178
301.0,0.61130697,47.62059175369108
301.01,0.11486694,44.100095174502655
301.0,-0.11796155,44.50177519342834
300.98,-0.45260924,53.19460201732853
301.29,-0.7790288,49.70139776344751
301.16,-0.7982164,43.81418850287103
301.16,-0.82181656,42.80825896156935
300.92,-0.8421673,41.48933894916992
300.92,-0.90765285,49.49561578202064
300.84,-0.93854386,45.16206720046063
301.39,-0.9513855,45.16206720046063
301.19,-0.92658204,40.998946504618424
300.53,-0.72095585,33.224431074117014
300.59,-0.91360766,34.640065223112714
300.95,-0.95429695,33.65224783842061
300.46,-0.94086736,33.31124945867824
300.51,-0.9467345,39.67478589672621
300.0,-0.9524994,43.10227783278461
299.97,-0.9546165,42.64184050175031
300.19,-0.9563137,46.152192603305025
300.6,-0.9513872,39.689466041083804
300.38,-0.949276,30.159928659524404
300.4,-0.9487716,29.896393461456515
300.88,-0.9462223,33.04657654006289
300.68,-0.93469596,35.54201480293997
300.3,-0.9246412,36.1823969589284
300.23,-0.8899423,41.214050216579196
300.14,-0.77774596,34.914375648736225
300.57,-0.7040316,39.412179311838564
300.29,-0.4824941,39.15876493651242
300.29,-0.49747312,46.88273342670616
300.01,-0.5059342,41.843053462821125
299.35,-0.58840716,37.607151208880126
299.42,-0.6562805,29.06835067903448
299.33,-0.8084025,32.31036660627202
299.3,-0.8400029,31.89719669296881
299.59,-0.7917984,35.28382788939313
299.76,-0.81418055,35.28382788939313
299.73,-0.7933266,35.47967412735303
299.9,-0.7945939,42.2546341032303
299.48,-0.61434,42.79371920835015
298.6,-0.47657695,38.41648154691073
298.57,-0.43824843,35.431835342856644
298.72,-0.2929929,35.431835342856644
298.84,-0.130448,34.3601462680595
298.87,0.22745581,30.994816322350218
299.11,0.24255694,36.15748107966294
298.6,0.21584918,41.86018390778893
298.83,-0.30048895,43.791267918098924
298.81,-0.41141662,45.73239018416871
299.23,-0.5297915,46.723091648655426
298.86,-0.37539056,46.35852545022798
298.5,-0.47481534,44.669436583634024
297.53,-0.43928885,42.98287191308969
297.72,-0.39143965,46.82657073227537
297.67,-0.5036624,47.30477120681621
297.86,-0.563965,49.50545183490536
297.86,-0.6698653,56.08850520335144
297.87,-0.82133144,59.324640260005026
298.23,-0.85145247,59.324640260005026
298.26,-0.8722822,59.324640260005026
297.92,-0.8829326,64.00240402703699
297.66,-0.8355282,64.00240402703699
297.66,-0.80307305,66.07618272243691
297.57,-0.8635885,67.36463238920919
297.27,-0.89913505,65.0828856608877
297.5,-0.899157,66.31173549176636
297.78,-0.90657395,63.89026145026612
297.88,-0.94093335,57.826150719751936
297.98,-0.9438767,61.06011470053904
298.03,-0.94145405,60.29409829961734
298.01,-0.94034415,57.20278987295608
297.92,-0.9193049,64.34017915437113
297.83,-0.8897587,60.94330748075464
297.99,-0.8983127,65.32449497391637
298.01,-0.9093686,58.28360632513056
298.1,-0.8933926,57.94729671044438
298.4,-0.8861313,56.54187155782978
298.57,-0.8696778,48.60702892922099
298.57,-0.8397946,55.35435803392582
298.57,-0.76147264,56.81960458675468
298.81,-0.6405774,58.76291857359971
298.81,-0.5193717,59.73858219838131
298.92,-0.40086135,58.25427205123401
298.99,-0.30597907,57.86716893006315
298.93,-0.23057517,63.5981584293914
298.99,-0.18198374,73.35565999608423
298.93,-0.1340588,74.03699733602627
298.77,-0.09996378,66.36148627920394
298.9,-0.054012895,62.695004618318904
298.88,0.007252837,62.695004618318904
298.8,0.041312218,57.34982645954126
299.09,0.0058252853,56.37923958073336
299.0,0.028111218,45.80474136376241
299.2,0.0058541703,40.05599752889359
299.0,0.05900516,33.097335241828254
298.99,-0.004647307,38.06341153070952
298.95,-0.047936212,50.92265034567466
298.7,-0.09118835,59.89069566898093
298.95,-0.26682234,70.07241654804243
299.01,-0.34465292,65.18094791791634
299.09,-0.12171921,71.58850161255181
299.13,0.01239472,66.12798141186855
299.09,0.1556455,63.30505612681748
299.08,0.14562346,56.35130199142663
299.3,0.18623388,58.37866154151453
299.85,0.46369112,58.47756413840509
299.9,0.70590025,58.47756413840508
299.69,0.75913525,57.52634829248389
299.58,0.75411016,51.91790749533865
299.58,0.6560675,52.189247524505134
299.42,0.62656856,43.69218304609865
299.39,0.5398853,49.37826918883978
299.01,0.4932983,51.19075935192189
298.74,0.22431593,48.51818464216468
298.32,0.5934993,46.555045923124815
298.5,0.4381386,42.59543172508135
299.09,0.05857251,41.7587385442008
299.68,-0.12930758,39.044911726716045
300.7,-0.082661614,43.35414266364975
300.42,0.44490236,45.19019649240407
301.26,0.6691118,44.48438800260657
300.91,0.80010635,44.03993560101413
300.72,0.809798,44.83140293873294
300.21,0.7796458,46.855080144831476
300.42,0.6984302,52.984120587646174
300.43,0.45202756,50.877809265960906
300.43,0.20403257,46.53144051867737
300.37,-0.020961262,45.65637012094176
300.0,-0.14852346,43.879039251488614
300.02,-0.21236673,43.51419081072555
299.38,-0.22103216,37.91264270273198
299.79,-0.5993906,34.05044534449658
299.93,-0.6951877,43.46821155984488
299.73,-0.63011813,41.44717064194841
299.58,-0.6702388,38.90008175659364
299.26,-0.9042317,38.7492308031323
299.19,-0.94032615,32.16680169508557
298.96,-0.9587484,27.539933673616147
299.21,-0.9639938,39.250595767731234
299.32,-0.96461946,39.62587988877374
299.27,-0.96466464,40.613590963049774
299.24,-0.9650877,45.94662812218759
299.28,-0.96501786,51.32633065520498
299.38,-0.9644108,55.363049122016584
299.71,-0.9571918,52.745861013994
299.6,-0.9372592,55.46648098084612
299.36,-0.9089638,55.61935504598912
299.31,-0.8021396,55.4144961291935
299.21,-0.6436212,54.33684538704432
299.19,-0.60696226,53.66253206721955
298.86,-0.65574825,51.815886016220084
298.59,-0.74149346,49.96424614759054
299.0,-0.77791977,51.36790798772801
298.87,-0.85670525,53.251026051496666
298.7,-0.8684619,54.896743351817676
298.69,-0.8743101,61.01911254125061
298.2,-0.8647357,62.88976046761894
297.75,-0.83448404,64.00587282137965
298.31,-0.8451316,60.727681535393096
298.33,-0.87947947,52.10572467217951
298.38,-0.8856858,56.53610686942249
298.66,-0.8628242,52.850655472940524
298.98,-0.762598,53.77776777333072
299.25,-0.44573978,53.49456919426012
299.1,0.17289285,47.56062793753619
299.28,0.6497197,54.04805904596618
299.29,0.8522209,50.190278848671596
299.28,0.8970433,48.693114069901966
299.23,0.8916629,47.92336009301645
299.2,0.87410825,43.934292124693485
299.12,0.87072414,35.89099115804436
299.04,0.85575795,45.77930385349987
299.1,0.813407,47.88497966979256
299.18,0.6941565,15.70355750313494
299.25,0.2188808,15.57574572637144
299.54,-0.71958834,15.413623152813038
299.64,-0.83968115,14.91215764683985
299.7,-0.8496597,25.75138066497628
299.6,-0.85765606,25.243460292550374
299.3,-0.82912594,27.889164220190782
299.5,-0.7392843,27.777721999779843
299.36,-0.7109849,25.079611378360806
299.4,-0.58874327,30.191201378697713
299.39,-0.5437898,29.09189890738051
299.17,-0.53803515,27.703812921919468
299.43,-0.6279649,30.04800143319522
299.28,-0.75209606,33.15998365641202
299.22,-0.77515656,33.31971462235997
299.19,-0.79370373,33.31971462235997
299.03,-0.85845774,32.95437647054061
298.63,-0.7405809,33.73681591937919
299.0,-0.9110595,29.72130080303785
299.09,-0.91827035,27.507359658039903
294.68,-0.9385619,22.331991648230616
294.63,-0.9570364,60.343860027199305
294.57,-0.9583636,59.57797494188909
294.39,-0.9588726,59.48763092995032
295.14,-0.9571924,61.137692866525704
295.03,-0.959929,60.42412976342638
295.22,-0.95215714,72.92049731635792
295.2,-0.93535554,75.71591018592413
294.7,-0.9141858,77.52519596581837
295.05,-0.89564353,77.3282271280092
294.87,-0.8771521,78.30756291283444
294.64,-0.87329805,80.12836922793417
294.79,-0.8809841,79.35585982777653
294.99,-0.888189,75.86749767505128
295.0,-0.86741394,68.54073154262935
295.0,-0.86754864,65.61607600803148
294.96,-0.75446314,66.13480791121081
295.0,-0.6160382,66.83528166886742
294.57,-0.60815305,63.05382491329284
294.3,-0.60382235,61.13800893634431
293.52,-0.64417946,56.99379559645785
297.21,-0.64982206,59.57584473491567
297.12,-0.56867933,61.42848082296549
297.11,-0.22669022,61.57436612461568
297.37,0.2363369,60.22518484096088
297.3,0.43921325,63.938388145931
299.87,0.5647686,62.24357476726453
300.74,0.827211,61.43417548441189
301.37,0.94617194,60.58573120597573
301.35,0.9608797,56.392135848105305
301.68,0.96365577,49.939631908587714
302.33,0.9648926,48.783612744208135
302.26,0.96567196,44.06055948018072
301.95,0.9661843,49.342321734552755
301.25,0.966523,48.538861142738114
300.95,0.96715957,51.45740278110301
301.05,0.9675145,48.61207726958191
301.18,0.9674301,47.99082334087926
300.83,0.96672887,51.71245036432377
300.65,0.9649789,55.28159252730664
300.25,0.96005434,47.02138828328901
300.6,0.94657546,54.561575808498844
300.86,0.9167629,52.84350149901651
300.88,0.8783152,59.42787220660336
300.77,0.8373094,52.47891744931589
301.25,0.7843334,51.27509853174661
301.12,0.79045784,47.34131602300951
301.06,0.7431264,49.15779816927609
301.0,0.7607889,49.625636067557785
300.7,0.82629746,48.54328679524708
300.18,0.7790369,51.57628966910717
300.08,0.7923054,52.33273184389553
299.65,0.70547616,51.89620798598218
300.08,0.10562349,47.48817179512334
300.01,-0.5275015,47.488171795123336
300.25,-0.8361774,48.14726803390651
300.02,-0.90176946,46.8799275573465
299.97,-0.9119495,49.89793889045047
300.25,-0.91279083,47.34208172518022
300.54,-0.91920775,49.7446358146354
299.9,-0.91568273,47.759003813861696
300.56,-0.9057609,46.31116505168662
300.42,-0.9210183,46.74581871525935
301.09,-0.879439,51.406162258209534
300.5,-0.9242742,50.54015254646771
300.39,-0.90068644,52.89050712715585
300.02,-0.7876819,52.40291347756262
300.18,-0.5714014,50.887275607891546
300.22,-0.52413553,55.084323261221144
300.13,-0.58430463,52.15127206455511
300.37,-0.70617944,56.255915707377035
300.43,-0.69293207,66.02169626971718
300.4,-0.6992751,65.18216987189284
300.09,-0.70378166,68.3595982964058
300.09,-0.7432682,63.271920508921454
300.13,-0.6727182,63.434737965079755
300.05,-0.62132764,64.28721205537738
300.22,-0.48571494,58.68796266417778
300.07,-0.44855815,38.652384117509094
300.2,-0.17087635,36.84617240529381
300.09,0.67260575,33.259542683296175
300.01,0.8240555,44.18199019867219
300.03,0.83126396,53.78219862728605
300.25,0.83558124,58.86196024537605
300.21,0.9368947,60.45754876945494
300.32,0.9507676,60.28966311345708
300.3,0.95817727,55.785320304422314
300.24,0.9567286,60.388855763768625
300.42,0.9600989,55.741343783090045
300.31,0.9630118,56.6093926447355
300.49,0.9643882,60.967163843165714
301.05,0.9669187,55.90149526297738
301.02,0.96821046,60.26034103162405
301.24,0.96843094,59.59261066356487
301.06,0.96795136,56.07930335006357
301.07,0.9662066,51.13238081407454
301.12,0.9607479,56.319377976841025
300.93,0.95399815,58.11481913180163
299.88,0.89820015,58.84354633527968
299.74,0.42350346,58.29740070146928
299.44,0.4716371,48.720282167238835
300.0,0.3289294,52.95257274139481
300.66,0.4016239,47.21701491136389
301.1,0.551163,48.6771733793332
301.25,0.51097214,59.33744096385249
301.24,0.5171786,55.5265706784683
300.97,0.48464718,50.01717587430095
301.36,0.48591456,53.48482527968261
301.07,0.47164318,54.83461097411182
301.14,0.3823038,38.56487397101653
301.51,0.32164112,42.953129104840485
301.2,0.3090986,41.24475411067878
301.58,0.21194522,38.13359959647287
301.54,0.11108603,36.431883845868455
301.33,0.15361719,39.58762920195834
301.01,0.10510707,33.6202187287719
301.41,0.026121706,36.59639207409853
301.56,-0.10422793,37.10255327832456
301.62,-0.01146023,39.44527194612191
301.59,0.15644373,42.64079832813539
301.0,0.11250032,39.16832711437821
301.3,0.07075664,45.75528105561577
300.89,0.1616103,47.78489955764036
300.99,0.54523295,46.53484590242585
301.87,0.5963319,44.1508353405971
301.6,0.65459985,59.849567362848035
301.17,0.8160128,65.65403150795314
301.47,0.5214501,60.38518249003264
301.59,0.5188415,63.985933081181756
299.97,0.47183946,68.52853120845617
300.36,0.2768908,69.29557219716449
300.15,-0.6349135,64.82889882224862
299.75,-0.78265154,69.73154384920554
299.52,-0.3385929,68.8873684862726
299.77,-0.09068076,68.22031134709773
298.94,0.06890032,68.27544951756721
299.18,0.15187986,79.59753597830358
299.22,0.17141183,83.82557852717578
299.4,0.2110676,80.10836752053835
299.65,0.22547667,76.5401665453468
299.26,0.25348425,77.20684542517392
299.8,0.23032531,78.71789600445277
299.98,0.26278964,78.33221199111632
299.86,0.40708855,61.403550464316744
299.63,0.47903523,63.55454765373787
301.26,0.5181058,63.92223898207108
302.17,0.5185889,63.84516456879985
301.66,0.48080996,60.918365561634424
302.25,0.48690346,58.349173926194176
303.12,0.55816865,50.55607215370976
303.28,0.59840566,50.55607215370976
302.86,0.6358234,52.588756846828566
303.84,0.6174188,54.53663967726548
303.76,0.66249114,49.900169354816676
303.7,0.70515347,52.126493812010665
303.71,0.7469634,53.313431127112324
306.68,0.75654656,64.25960358561854
308.7,0.8013675,60.721462569962846
308.28,0.8476953,63.149328370258495
307.87,0.87772644,61.273116603190715
308.12,0.9009718,61.43406811170009
308.7,0.9131629,59.56778853250279
308.66,0.91552466,57.16334694484062
306.57,0.9097894,56.70685904504859
307.1,0.89895946,58.28533419629643
307.19,0.8599526,40.30265713225899
307.18,0.8207022,42.22238362626255
306.81,0.79585946,45.32752666212026
306.48,0.7744349,45.48144739731504
305.36,0.7911406,42.94260308803128
305.36,0.77149314,45.14118007400708
305.67,0.61694837,45.069248200417675
305.97,0.23080336,39.50957394843574
305.34,-0.08518721,43.01761055799174
305.66,-0.2665355,38.18519475895618
305.83,-0.5131247,42.35156019724452
307.78,-0.7214873,43.15879062777556
307.33,-0.71006334,43.0146459904103
307.83,-0.7026408,45.18344031135773
307.6,-0.6588793,41.7602365849991
307.63,-0.6794879,44.73227905851977
307.42,-0.63561803,44.73227905851977
307.15,-0.6716378,44.84484134764601
307.1,-0.5744403,52.18592015509782
307.32,-0.4643679,61.61733352149301
304.82,-0.3751402,59.307622687511696
305.07,-0.67669106,59.75074721179659
305.48,-0.6068597,54.43131825207232
305.5,-0.63375545,58.12491817115808
305.11,-0.60666966,53.458488295716755
305.37,-0.48732367,54.48504883992381
305.36,-0.5482881,60.09357434707165
304.54,-0.52725595,62.609429021151165
304.92,-0.69724095,59.68292997790604
304.15,-0.89557165,55.89533455579112
304.61,-0.9492646,48.67221519941348
304.7,-0.9603048,50.13321996082605
304.68,-0.96440935,49.376433223538996
304.9,-0.9658903,47.44806011595056
304.46,-0.9649408,48.21043112855407
304.75,-0.9613251,45.27976447164859
304.75,-0.9530099,38.723609782659366
304.76,-0.9506898,37.17771086196837
305.46,-0.9509509,36.39535223924539
306.66,-0.96409005,31.84825627341048
306.44,-0.96635014,34.235903213033325
306.5,-0.96532404,37.297422317278844
306.0,-0.9583748,34.46961959701885
306.46,-0.8987574,31.277380850987726
306.0,-0.58500975,38.25638234855915
306.12,-0.23363523,41.27853382458242
306.83,0.12719035,46.6668454185943
307.19,0.63286346,46.07299055679501
306.93,0.8856192,43.39674345645514
306.58,0.9357685,53.78329615522433
305.82,0.9480589,58.516022339143866
305.98,0.9565839,58.17234815064768
305.9,0.95975745,50.22982521186812
305.7,0.9568983,51.92629225516282
305.77,0.93705094,55.214282191207865
305.48,0.81313837,47.1166390637776
304.73,0.02268493,48.09262082430285
304.53,-0.6050692,50.36171210039614
304.43,-0.7815776,50.46310522132708
303.8,-0.85730547,47.535246209554415
303.97,-0.8193382,43.90976485266231
304.19,-0.8371109,42.956181723716625
303.83,-0.8380602,38.5396078218391
303.38,-0.83367145,45.98507640337081
303.89,-0.81299394,45.40246068410527
304.13,-0.78749394,41.79113634134724
304.59,-0.78702223,37.10697572577703
304.53,-0.7105637,33.302483147758615
304.26,-0.6003216,34.12589286331066
305.23,-0.55369246,36.10794310951941
305.79,-0.43136597,36.40233627510238
305.76,-0.25577056,46.267500217066306
305.01,0.057194494,44.26881675838633
305.19,0.38603657,42.11370969587576
305.55,0.5672306,42.388292717400255
304.71,0.6160215,45.715932246931544
304.81,0.30239543,39.65246334028103
305.04,0.17476939,33.627992486346095
305.05,-0.040269647,40.82427162094927
304.77,-0.30257413,43.2345069657098
304.4,-0.50857127,37.48045912342139
304.3,-0.68142253,42.647420696637035
303.81,-0.50408256,37.8269117400355
304.42,0.266747,36.69257390464247
304.36,0.6905674,42.28424773629551
303.98,0.7696505,40.51780637387583
303.42,0.55547464,43.18980796686749
302.89,0.26217607,43.89781506148854
302.95,-0.09184213,46.52919863339641
303.09,-0.56576824,43.718649662387485
303.11,-0.7882668,55.58505556084059
303.85,-0.8794372,52.673076483755466
303.65,-0.92039365,49.955368505861436
303.43,-0.90863276,46.95951663951516
303.45,-0.86143714,43.76807677317122
303.69,-0.86762685,42.095563343832275
303.1,-0.8374085,45.62849962440578
302.36,-0.7405388,43.25979008580983
302.91,-0.7315309,45.10129816814186
303.11,-0.8810643,51.83506867615127
302.41,-0.8829338,75.53445887796747
302.85,-0.92163414,77.20876881394233
302.22,-0.92895305,70.40385964711872
302.06,-0.93473583,60.933285791621984
302.54,-0.9419827,58.04480752827639
302.32,-0.94480026,59.38113369126962
302.55,-0.94852304,61.17223613217547
302.61,-0.9360016,62.80275554493251
302.83,-0.92375046,65.84876043983336
302.55,-0.9127656,60.581506333295586
303.7,-0.88221896,60.358670908777455
303.42,-0.88004744,58.42989097958514
303.15,-0.8118496,60.80390439881646
302.84,-0.49031422,65.4837293909107
302.49,-0.35627908,63.46469736230355
302.3,-0.23329374,62.85596306723681
302.6,-0.33585668,64.43059847368919
302.35,-0.41481277,65.32758788448402
302.5,-0.5679974,
303.1,-0.61651057,
307.5,-0.4743766,
308.11,-0.43085226,
307.31,-0.2166081,
306.0,0.051862698,
305.55,0.19802675,
305.84,0.16076788,
306.23,0.06632341,
306.59,0.0097307805,
307.3,0.039387826,
306.6,0.08531974,
306.57,0.025906853,
306.32,-0.012263736,
306.76,-0.011543278,
307.73,0.057333525,
307.49,0.19803815,
307.42,0.3629357,
307.72,0.5719643,
307.89,0.79199564,
