begin,open,close,high,low,value,volume,end
2025-08-20 06:50:00,127.05,127.05,127.05,127.05,51582.3,406,2025-08-20 06:59:59
2025-08-20 07:00:00,127.2,127.3,127.3,126.95,573111.85,4503,2025-08-20 07:09:59
2025-08-20 07:10:00,127.3,127.15,127.3,127.1,154322.5,1213,2025-08-20 07:19:59
2025-08-20 07:20:00,127.25,127.1,127.25,127.1,298242.85000000003,2344,2025-08-20 07:29:59
2025-08-20 07:30:00,127.1,127.1,127.1,127.0,277519.75,2185,2025-08-20 07:39:59
2025-08-20 07:40:00,127.1,127.1,127.1,127.0,260124.10000000003,2048,2025-08-20 07:49:59
2025-08-20 07:50:00,127.1,127.1,127.1,127.05,39900.05,314,2025-08-20 07:59:59
2025-08-20 08:00:00,127.05,127.0,127.1,127.0,199040.05,1567,2025-08-20 08:09:59
2025-08-20 08:10:00,127.0,127.0,127.05,126.95,126747.8,998,2025-08-20 08:19:59
2025-08-20 08:20:00,127.0,127.1,127.1,127.0,511402.25000000006,4025,2025-08-20 08:29:59
2025-08-20 08:30:00,127.1,127.1,127.1,127.1,7753.1,61,2025-08-20 08:39:59
2025-08-20 08:40:00,127.1,127.1,127.1,127.05,28335.45,223,2025-08-20 08:49:59
2025-08-20 08:50:00,127.05,127.05,127.1,127.05,43201.2,340,2025-08-20 08:59:59
2025-08-20 09:00:00,127.05,127.1,127.1,126.95,232675.85,1832,2025-08-20 09:09:59
2025-08-20 09:10:00,127.0,127.2,127.2,127.0,169943.05000000002,1337,2025-08-20 09:19:59
2025-08-20 09:20:00,127.2,127.25,127.3,127.15,766509.4,6027,2025-08-20 09:29:59
2025-08-20 09:30:00,127.25,127.25,127.25,127.15,36647.55,288,2025-08-20 09:39:59
2025-08-20 09:40:00,127.25,127.1,127.3,127.1,1581308.05,12435,2025-08-20 09:49:59
2025-08-20 09:50:00,127.15,127.2,127.3,127.1,410441.7,3228,2025-08-20 09:59:59
2025-08-20 10:00:00,127.3,127.05,127.3,126.95,2046036.6500000001,16105,2025-08-20 10:09:59
2025-08-20 10:10:00,127.0,127.0,127.1,126.85,472706.2,3722,2025-08-20 10:19:59
2025-08-20 10:20:00,126.9,126.9,127.0,126.7,1811837.5999999996,14286,2025-08-20 10:29:59
2025-08-20 10:30:00,126.9,126.85,126.9,126.7,541721.2,4275,2025-08-20 10:39:59
2025-08-20 10:40:00,126.85,126.7,126.85,126.7,270892.9,2138,2025-08-20 10:49:59
2025-08-20 10:50:00,126.85,126.95,126.95,126.7,743683.0,5860,2025-08-20 10:59:59
2025-08-20 11:00:00,126.85,126.9,127.1,126.8,2172205.6,17102,2025-08-20 11:09:59
2025-08-20 11:10:00,127.0,127.1,127.1,126.9,431552.1,3397,2025-08-20 11:19:59
2025-08-20 11:20:00,127.1,127.1,127.35,127.05,1724854.0999999999,13554,2025-08-20 11:29:59
2025-08-20 11:30:00,127.05,127.2,127.2,127.05,74018.15000000001,582,2025-08-20 11:39:59
2025-08-20 11:40:00,127.1,126.95,127.2,126.85,1039300.8499999997,8189,2025-08-20 11:49:59
2025-08-20 11:50:00,126.95,127.0,127.0,126.85,638613.8,5029,2025-08-20 11:59:59
2025-08-20 12:00:00,127.0,127.25,127.35,126.95,837054.3000000003,6583,2025-08-20 12:09:59
2025-08-20 12:10:00,127.35,127.1,127.35,127.1,311116.6999999999,2445,2025-08-20 12:19:59
2025-08-20 12:20:00,127.2,127.05,127.2,127.0,684590.3999999999,5388,2025-08-20 12:29:59
2025-08-20 12:30:00,127.05,127.0,127.05,126.9,461888.3,3637,2025-08-20 12:39:59
2025-08-20 12:40:00,126.9,127.15,127.15,126.9,482534.25,3798,2025-08-20 12:49:59
2025-08-20 12:50:00,127.15,127.05,127.15,127.0,330826.60000000003,2603,2025-08-20 12:59:59
2025-08-20 13:00:00,127.0,126.95,127.05,126.85,1284842.05,10125,2025-08-20 13:09:59
2025-08-20 13:10:00,127.05,127.0,127.1,126.95,49417.15,389,2025-08-20 13:19:59
2025-08-20 13:20:00,127.0,127.0,127.1,127.0,262512.5,2067,2025-08-20 13:29:59
2025-08-20 13:30:00,126.95,126.95,127.0,126.95,318106.25000000006,2505,2025-08-20 13:39:59
2025-08-20 13:40:00,127.0,126.9,127.0,126.85,146954.9,1158,2025-08-20 13:49:59
2025-08-20 13:50:00,126.95,127.0,127.0,126.85,1086613.95,8559,2025-08-20 13:59:59
2025-08-20 14:00:00,127.0,126.85,127.05,126.85,802812.6499999999,6322,2025-08-20 14:09:59
2025-08-20 14:10:00,126.9,126.95,126.95,126.8,412049.85000000003,3247,2025-08-20 14:19:59
2025-08-20 14:20:00,126.95,126.75,126.95,126.75,311752.8,2459,2025-08-20 14:29:59
2025-08-20 14:30:00,126.7,126.6,126.7,126.5,1901078.1,15011,2025-08-20 14:39:59
2025-08-20 14:40:00,126.6,126.65,126.65,126.5,641741.2,5070,2025-08-20 14:49:59
2025-08-20 14:50:00,126.65,126.6,126.65,126.5,147540.75000000003,1166,2025-08-20 14:59:59
2025-08-20 15:00:00,126.55,126.3,126.65,126.15,4474622.8500000015,35401,2025-08-20 15:09:59
2025-08-20 15:10:00,126.25,126.15,126.45,126.1,906363.6000000001,7179,2025-08-20 15:19:59
2025-08-20 15:20:00,126.2,126.45,126.45,126.15,541148.0,4284,2025-08-20 15:29:59
2025-08-20 15:30:00,126.35,126.7,126.7,126.35,1274211.75,10065,2025-08-20 15:39:59
2025-08-20 15:40:00,126.65,126.7,126.7,126.6,196165.95,1549,2025-08-20 15:49:59
2025-08-20 15:50:00,126.6,126.7,126.7,126.55,473841.70000000007,3743,2025-08-20 15:59:59
2025-08-20 16:00:00,126.7,126.7,126.7,126.55,399149.5,3151,2025-08-20 16:09:59
2025-08-20 16:10:00,126.7,126.65,126.7,126.55,212107.44999999998,1676,2025-08-20 16:19:59
2025-08-20 16:20:00,126.65,126.5,126.7,126.45,185110.25000000003,1463,2025-08-20 16:29:59
2025-08-20 16:30:00,126.45,126.2,126.45,126.1,2245770.45,17787,2025-08-20 16:39:59
2025-08-20 16:40:00,126.25,126.4,126.4,126.15,148928.84999999998,1179,2025-08-20 16:49:59
2025-08-20 16:50:00,126.25,126.2,126.3,126.2,475613.15,3768,2025-08-20 16:59:59
2025-08-20 17:00:00,126.25,126.25,126.3,126.2,120038.55,951,2025-08-20 17:09:59
2025-08-20 17:10:00,126.25,126.35,126.35,126.2,281918.64999999997,2233,2025-08-20 17:19:59
2025-08-20 17:20:00,126.35,126.2,126.35,126.15,208849.1,1654,2025-08-20 17:29:59
2025-08-20 17:30:00,126.2,126.3,126.3,126.15,267948.5,2123,2025-08-20 17:39:59
2025-08-20 17:40:00,126.3,126.3,126.3,126.25,34978.95,277,2025-08-20 17:49:59
2025-08-20 17:50:00,126.3,126.2,126.3,126.2,343122.85000000003,2718,2025-08-20 17:59:59
2025-08-20 18:00:00,126.25,126.2,126.25,126.2,261925.15,2075,2025-08-20 18:09:59
2025-08-20 18:10:00,126.25,126.65,126.85,126.25,3634127.9,28701,2025-08-20 18:19:59
2025-08-20 18:20:00,126.8,126.9,126.95,126.65,2476753.1,19529,2025-08-20 18:29:59
2025-08-20 18:30:00,126.9,126.95,127.05,126.8,1254662.0000000002,9881,2025-08-20 18:39:59
2025-08-20 18:40:00,126.65,126.65,126.65,126.65,27483.050000000003,217,2025-08-20 18:48:09
2025-08-20 19:00:00,126.4,126.9,126.95,126.4,22912.9,181,2025-08-20 19:09:59
2025-08-20 19:10:00,126.9,126.85,126.9,126.75,9639.099999999999,76,2025-08-20 19:19:59
2025-08-20 19:20:00,126.85,126.7,126.9,126.6,243847.15,1925,2025-08-20 19:29:59
2025-08-20 19:30:00,126.7,126.75,126.8,126.7,165859.05000000002,1309,2025-08-20 19:39:59
2025-08-20 19:40:00,126.75,126.5,126.75,126.4,197838.2,1564,2025-08-20 19:49:59
2025-08-20 19:50:00,126.5,126.5,126.5,126.35,104808.4,829,2025-08-20 19:59:59
2025-08-20 20:00:00,126.5,126.65,126.65,126.4,155388.45,1228,2025-08-20 20:09:59
2025-08-20 20:10:00,126.6,126.65,126.65,126.4,24675.7,195,2025-08-20 20:19:59
2025-08-20 20:20:00,126.65,126.6,126.65,126.45,7848.700000000001,62,2025-08-20 20:29:59
2025-08-20 20:30:00,126.6,126.6,126.6,126.6,7089.599999999999,56,2025-08-20 20:39:59
2025-08-20 20:40:00,126.6,126.55,126.6,126.45,166438.44999999998,1316,2025-08-20 20:49:59
2025-08-20 20:50:00,126.6,126.55,126.6,126.5,1118990.1500000001,8845,2025-08-20 20:59:59
2025-08-20 21:00:00,126.5,126.6,126.6,126.5,293536.60000000003,2320,2025-08-20 21:09:59
2025-08-20 21:10:00,126.6,126.55,126.6,126.5,178431.74999999997,1410,2025-08-20 21:19:59
2025-08-20 21:20:00,126.55,126.55,126.55,126.5,7718.8,61,2025-08-20 21:29:59
2025-08-20 21:30:00,126.55,126.5,126.55,126.4,657745.8,5201,2025-08-20 21:39:59
2025-08-20 21:40:00,126.5,126.45,126.6,126.4,333609.1,2637,2025-08-20 21:49:59
2025-08-20 21:50:00,126.45,126.5,126.6,126.45,586809.8999999999,4638,2025-08-20 21:59:59
2025-08-20 22:00:00,126.5,126.55,126.55,126.45,64259.8,508,2025-08-20 22:09:59
2025-08-20 22:10:00,126.5,126.6,126.6,126.45,28712.25,227,2025-08-20 22:19:59
2025-08-20 22:20:00,126.5,126.55,126.6,126.5,54648.99999999999,432,2025-08-20 22:29:59
2025-08-20 22:30:00,126.55,126.7,126.7,126.55,257502.65,2034,2025-08-20 22:39:59
2025-08-20 22:40:00,126.7,126.7,126.7,126.65,9122.349999999999,72,2025-08-20 22:49:59
2025-08-20 22:50:00,126.7,126.7,126.7,126.55,122130.09999999999,964,2025-08-20 22:59:59
2025-08-20 23:00:00,126.7,126.55,126.7,126.55,76981.6,608,2025-08-20 23:09:59
2025-08-20 23:10:00,126.65,126.65,126.7,126.65,17858.45,141,2025-08-20 23:19:59
2025-08-20 23:20:00,126.6,126.5,126.6,126.5,72247.8,571,2025-08-20 23:29:59
2025-08-20 23:30:00,126.45,126.45,126.5,126.45,70812.25,560,2025-08-20 23:39:59
2025-08-20 23:40:00,126.45,126.4,126.55,126.4,449581.4,3555,2025-08-20 23:49:59
2025-08-21 06:50:00,126.4,126.4,126.4,126.4,1390.4,11,2025-08-21 06:59:59
2025-08-21 07:00:00,126.35,126.8,126.85,126.35,263608.14999999997,2079,2025-08-21 07:09:59
2025-08-21 07:10:00,126.8,126.7,126.85,126.55,319472.0499999999,2522,2025-08-21 07:19:59
2025-08-21 07:20:00,126.8,126.85,126.85,126.65,179043.64999999997,1412,2025-08-21 07:29:59
2025-08-21 07:30:00,126.85,126.7,126.85,126.7,7229.4,57,2025-08-21 07:39:59
2025-08-21 07:40:00,126.85,126.7,126.85,126.7,1395.2,11,2025-08-21 07:49:59
2025-08-21 07:50:00,126.85,126.8,126.85,126.75,16233.35,128,2025-08-21 07:58:01
2025-08-21 08:00:00,126.75,126.8,126.85,126.75,313884.69999999995,2475,2025-08-21 08:09:59
2025-08-21 08:10:00,126.8,126.8,126.95,126.75,428111.05000000005,3374,2025-08-21 08:19:59
2025-08-21 08:20:00,126.8,126.7,126.8,126.7,352695.3,2783,2025-08-21 08:29:59
2025-08-21 08:30:00,126.75,126.7,126.75,126.55,683670.4999999999,5399,2025-08-21 08:39:59
2025-08-21 08:40:00,126.7,126.65,126.7,126.65,9119.349999999999,72,2025-08-21 08:49:59
2025-08-21 08:50:00,126.65,126.75,126.75,126.55,422925.8,3340,2025-08-21 08:59:59
2025-08-21 09:00:00,126.75,126.75,126.9,126.7,181331.95000000004,1430,2025-08-21 09:09:59
2025-08-21 09:10:00,126.85,126.9,126.9,126.85,92992.19999999998,733,2025-08-21 09:19:59
2025-08-21 09:20:00,126.85,126.8,126.9,126.8,150016.2,1183,2025-08-21 09:29:59
2025-08-21 09:30:00,126.8,126.75,126.8,126.65,246761.55,1948,2025-08-21 09:39:59
2025-08-21 09:40:00,126.75,126.65,126.75,126.55,108420.65,856,2025-08-21 09:49:59
2025-08-21 09:50:00,126.65,126.5,126.75,126.4,421420.75000000006,3331,2025-08-21 09:59:59
2025-08-21 10:00:00,126.45,126.55,126.55,126.3,418291.9,3310,2025-08-21 10:09:59
2025-08-21 10:10:00,126.55,126.5,126.65,126.5,284023.4,2244,2025-08-21 10:19:59
2025-08-21 10:20:00,126.6,125.75,126.6,125.75,7644107.450000002,60603,2025-08-21 10:29:59
2025-08-21 10:30:00,125.8,125.9,125.9,125.75,593537.0,4716,2025-08-21 10:39:59
2025-08-21 10:40:00,125.95,125.7,125.95,125.5,6545957.699999998,52100,2025-08-21 10:49:59
2025-08-21 10:50:00,125.7,125.6,125.7,125.6,158575.69999999998,1262,2025-08-21 10:59:59
2025-08-21 11:00:00,125.65,125.6,125.65,125.5,2333193.25,18582,2025-08-21 11:09:59
2025-08-21 11:10:00,125.55,125.3,125.55,125.3,3076083.3,24524,2025-08-21 11:19:59
2025-08-21 11:20:00,125.3,125.5,125.5,125.1,1688486.6500000004,13482,2025-08-21 11:29:59
2025-08-21 11:30:00,125.5,125.45,125.5,125.4,100270.55,799,2025-08-21 11:39:59
2025-08-21 11:40:00,125.5,125.45,125.5,125.4,96590.79999999999,770,2025-08-21 11:49:59
2025-08-21 11:50:00,125.45,125.45,125.45,125.3,649057.4500000001,5178,2025-08-21 11:59:04
2025-08-21 12:00:00,125.45,125.4,125.45,125.35,81890.59999999999,653,2025-08-21 12:09:59
2025-08-21 12:10:00,125.45,125.65,125.7,125.4,1021546.0999999999,8137,2025-08-21 12:19:59
2025-08-21 12:20:00,125.65,125.7,125.8,125.6,1626407.1500000001,12937,2025-08-21 12:29:59
2025-08-21 12:30:00,125.7,125.65,125.7,125.6,580108.8500000001,4617,2025-08-21 12:39:59
2025-08-21 12:40:00,125.7,125.65,125.75,125.6,1267534.2999999998,10084,2025-08-21 12:49:59
2025-08-21 12:50:00,125.75,125.9,125.9,125.75,1346411.0,10700,2025-08-21 12:59:59
2025-08-21 13:00:00,125.9,125.9,125.95,125.75,1048778.8,8332,2025-08-21 13:09:59
2025-08-21 13:10:00,125.8,125.7,125.85,125.7,157188.00000000003,1250,2025-08-21 13:19:59
2025-08-21 13:20:00,125.7,125.45,125.7,125.35,1528744.3,12179,2025-08-21 13:29:59
2025-08-21 13:30:00,125.35,125.55,125.55,125.35,2633529.1,20990,2025-08-21 13:39:59
2025-08-21 13:40:00,125.45,125.45,125.5,125.35,1416993.1999999997,11299,2025-08-21 13:49:59
2025-08-21 13:50:00,125.4,125.4,125.45,125.35,535454.4500000001,4271,2025-08-21 13:59:59
2025-08-21 14:00:00,125.4,126.05,126.05,125.35,3631430.8999999994,28871,2025-08-21 14:09:59
2025-08-21 14:10:00,126.0,126.05,126.15,126.0,1425965.95,11314,2025-08-21 14:19:59
2025-08-21 14:20:00,126.05,126.0,126.1,125.95,352828.0500000001,2799,2025-08-21 14:29:59
2025-08-21 14:30:00,125.95,125.95,126.1,125.9,175495.85,1393,2025-08-21 14:39:59
2025-08-21 14:40:00,125.95,125.8,125.95,125.75,185570.55,1474,2025-08-21 14:49:59
2025-08-21 14:50:00,125.8,125.9,126.0,125.8,765990.8,6084,2025-08-21 14:59:59
2025-08-21 15:00:00,125.9,125.55,125.95,125.55,3485346.3500000006,27719,2025-08-21 15:09:59
2025-08-21 15:10:00,125.6,125.75,125.8,125.55,1296136.75,10313,2025-08-21 15:19:59
2025-08-21 15:20:00,125.75,125.6,125.75,125.55,1371479.7499999998,10921,2025-08-21 15:29:59
2025-08-21 15:30:00,125.6,125.65,125.75,125.55,2904395.7,23116,2025-08-21 15:39:59
2025-08-21 15:40:00,125.6,125.6,125.75,125.5,275401.8,2193,2025-08-21 15:49:59
2025-08-21 15:50:00,125.65,125.5,125.65,125.4,1694451.3499999992,13502,2025-08-21 15:59:59
2025-08-21 16:00:00,125.4,125.4,125.55,125.4,243962.65,1944,2025-08-21 16:09:59
2025-08-21 16:10:00,125.4,125.1,125.4,125.1,7002169.650000008,55882,2025-08-21 16:19:59
2025-08-21 16:20:00,125.05,125.0,125.3,125.0,3391658.3,27123,2025-08-21 16:29:59
2025-08-21 16:30:00,125.05,124.95,125.05,124.7,3884778.0499999993,31105,2025-08-21 16:39:59
2025-08-21 16:40:00,124.95,124.8,124.95,124.75,440235.5,3527,2025-08-21 16:49:59
2025-08-21 16:50:00,124.8,124.65,124.8,124.6,1476630.8,11843,2025-08-21 16:59:59
2025-08-21 17:00:00,124.7,124.85,124.85,124.7,1561106.4,12513,2025-08-21 17:09:59
2025-08-21 17:10:00,124.85,124.45,124.85,124.3,4578457.999999999,36759,2025-08-21 17:19:59
2025-08-21 17:20:00,124.5,124.75,124.9,124.5,3038870.349999998,24387,2025-08-21 17:29:59
2025-08-21 17:30:00,124.8,125.1,125.1,124.65,2023633.7499999998,16203,2025-08-21 17:39:59
2025-08-21 17:40:00,125.1,125.0,125.1,124.95,539510.25,4315,2025-08-21 17:49:59
2025-08-21 17:50:00,125.0,125.0,125.1,125.0,136309.55,1090,2025-08-21 17:59:59
2025-08-21 18:00:00,125.0,125.05,125.1,125.0,684075.2999999999,5471,2025-08-21 18:09:59
2025-08-21 18:10:00,125.0,124.7,125.1,124.7,634492.6,5081,2025-08-21 18:19:59
2025-08-21 18:20:00,124.75,124.85,125.1,124.75,2061681.6,16500,2025-08-21 18:29:59
2025-08-21 18:30:00,124.8,124.8,125.1,124.75,2836898.0500000003,22708,2025-08-21 18:39:59
2025-08-21 18:40:00,124.75,124.75,124.75,124.75,28318.25,227,2025-08-21 18:49:59
2025-08-21 19:00:00,124.7,124.75,124.8,124.65,484748.9,3887,2025-08-21 19:09:59
2025-08-21 19:10:00,124.75,124.65,124.75,124.55,566309.3499999999,4545,2025-08-21 19:19:59
2025-08-21 19:20:00,124.65,124.75,124.75,124.45,1456591.5999999999,11686,2025-08-21 19:29:59
2025-08-21 19:30:00,124.75,124.75,124.8,124.7,310752.75,2491,2025-08-21 19:39:59
2025-08-21 19:40:00,124.7,124.75,124.75,124.7,129575.45,1039,2025-08-21 19:49:59
2025-08-21 19:50:00,124.75,124.7,124.75,124.7,190687.0,1529,2025-08-21 19:59:59
2025-08-21 20:00:00,124.7,124.65,124.75,124.55,513115.99999999994,4115,2025-08-21 20:09:59
2025-08-21 20:10:00,124.55,124.6,124.6,124.45,1645389.75,13216,2025-08-21 20:19:59
2025-08-21 20:20:00,124.6,124.6,124.6,124.55,38750.45,311,2025-08-21 20:29:59
2025-08-21 20:30:00,124.55,124.55,124.65,124.55,99397.79999999999,798,2025-08-21 20:39:59
2025-08-21 20:40:00,124.55,124.65,124.65,124.55,469292.0,3766,2025-08-21 20:49:59
2025-08-21 20:50:00,124.65,124.6,124.65,124.6,451229.85,3620,2025-08-21 20:58:04
2025-08-21 21:00:00,124.65,124.6,124.65,124.6,33523.6,269,2025-08-21 21:09:59
2025-08-21 21:10:00,124.65,124.65,124.65,124.6,50978.850000000006,409,2025-08-21 21:19:59
2025-08-21 21:20:00,124.65,124.6,124.65,124.5,483738.89999999997,3884,2025-08-21 21:29:59
2025-08-21 21:30:00,124.5,124.4,124.5,124.4,875666.8000000003,7037,2025-08-21 21:39:59
2025-08-21 21:40:00,124.4,124.4,124.45,124.35,244770.44999999998,1968,2025-08-21 21:49:59
2025-08-21 21:50:00,124.45,124.25,124.45,124.25,1109210.6500000004,8922,2025-08-21 21:59:59
2025-08-21 22:00:00,124.35,124.1,124.35,124.05,1797384.4999999995,14474,2025-08-21 22:09:59
2025-08-21 22:10:00,124.1,124.25,124.25,124.1,134201.9,1081,2025-08-21 22:19:59
2025-08-21 22:20:00,124.3,124.2,124.3,124.15,100021.65,805,2025-08-21 22:29:59
2025-08-21 22:30:00,124.2,124.25,124.25,124.15,170461.84999999998,1373,2025-08-21 22:39:59
2025-08-21 22:40:00,124.25,124.15,124.25,124.1,212864.05000000002,1715,2025-08-21 22:49:59
2025-08-21 22:50:00,124.15,124.15,124.25,124.1,525159.8499999996,4231,2025-08-21 22:59:59
2025-08-21 23:00:00,124.15,124.2,124.25,124.1,563821.7000000001,4542,2025-08-21 23:09:59
2025-08-21 23:10:00,124.2,124.4,124.4,124.15,97641.84999999998,786,2025-08-21 23:19:59
2025-08-21 23:20:00,124.4,124.35,124.4,124.25,99673.20000000001,802,2025-08-21 23:29:59
2025-08-21 23:30:00,124.35,124.3,124.4,124.25,215898.64999999997,1737,2025-08-21 23:39:59
2025-08-21 23:40:00,124.4,124.55,124.6,124.4,618276.4500000001,4965,2025-08-21 23:49:59
2025-08-22 06:50:00,124.75,124.75,124.75,124.75,3243.5,26,2025-08-22 06:59:59
2025-08-22 07:00:00,124.8,124.7,125.2,124.55,1579494.9000000004,12660,2025-08-22 07:09:59
2025-08-22 07:10:00,124.7,124.35,124.8,124.3,1827293.25,14679,2025-08-22 07:19:59
2025-08-22 07:20:00,124.45,124.45,124.5,124.4,145804.75,1172,2025-08-22 07:29:59
2025-08-22 07:30:00,124.4,124.55,124.55,124.4,69326.40000000001,557,2025-08-22 07:39:59
2025-08-22 07:40:00,124.55,124.4,124.55,124.35,221228.84999999995,1778,2025-08-22 07:49:59
2025-08-22 07:50:00,124.4,124.4,124.4,124.3,119464.69999999998,961,2025-08-22 07:59:01
2025-08-22 08:00:00,124.3,124.3,124.4,124.3,411971.6,3314,2025-08-22 08:09:59
2025-08-22 08:10:00,124.4,124.6,124.6,124.35,17166.149999999998,138,2025-08-22 08:19:59
2025-08-22 08:20:00,124.6,124.6,124.65,124.5,84343.1,677,2025-08-22 08:29:59
2025-08-22 08:30:00,124.7,124.9,124.9,124.7,922172.2500000001,7389,2025-08-22 08:39:59
2025-08-22 08:40:00,124.9,124.85,124.9,124.8,130220.05,1043,2025-08-22 08:49:59
2025-08-22 08:50:00,124.85,124.95,124.95,124.85,146213.3,1171,2025-08-22 08:59:59
2025-08-22 09:00:00,124.95,125.15,125.2,124.9,545989.7499999999,4367,2025-08-22 09:09:59
2025-08-22 09:10:00,125.15,125.05,125.15,124.9,1209192.6500000001,9671,2025-08-22 09:19:59
2025-08-22 09:20:00,125.1,125.05,125.15,125.05,512038.0,4093,2025-08-22 09:29:59
2025-08-22 09:30:00,125.05,125.15,125.15,125.05,233393.4,1865,2025-08-22 09:39:59
2025-08-22 09:40:00,125.15,125.05,125.15,124.95,761251.5,6089,2025-08-22 09:49:59
2025-08-22 09:50:00,125.0,124.95,125.1,124.9,675089.7999999998,5401,2025-08-22 09:59:59
2025-08-22 10:00:00,124.95,125.15,125.3,124.9,1238934.5999999999,9900,2025-08-22 10:09:59
2025-08-22 10:10:00,125.25,125.15,125.3,125.0,649683.1,5190,2025-08-22 10:19:59
2025-08-22 10:20:00,125.15,125.15,125.2,125.0,1788446.9999999998,14298,2025-08-22 10:29:59
2025-08-22 10:30:00,125.05,124.95,125.1,124.9,732088.3500000001,5857,2025-08-22 10:39:59
2025-08-22 10:40:00,124.95,125.05,125.05,124.9,319829.10000000003,2559,2025-08-22 10:49:59
2025-08-22 10:50:00,125.05,124.9,125.05,124.9,504176.20000000007,4035,2025-08-22 10:59:59
2025-08-22 11:00:00,124.95,125.1,125.1,124.9,241155.35,1930,2025-08-22 11:09:59
2025-08-22 11:10:00,125.1,125.15,125.15,125.1,51557.350000000006,412,2025-08-22 11:19:59
2025-08-22 11:20:00,125.05,125.1,125.2,125.05,200492.25,1602,2025-08-22 11:29:59
2025-08-22 11:30:00,125.1,125.05,125.1,125.05,132932.85,1063,2025-08-22 11:39:59
2025-08-22 11:40:00,125.0,125.1,125.1,125.0,506226.89999999997,4048,2025-08-22 11:49:59
2025-08-22 11:50:00,125.1,124.95,125.1,124.95,626327.05,5010,2025-08-22 11:59:59
2025-08-22 12:00:00,124.9,125.0,125.05,124.9,651908.45,5215,2025-08-22 12:09:59
2025-08-22 12:10:00,125.0,125.0,125.0,124.6,3015183.95,24171,2025-08-22 12:19:59
2025-08-22 12:20:00,125.0,124.95,125.0,124.8,253972.35,2034,2025-08-22 12:29:59
2025-08-22 12:30:00,124.95,124.95,124.95,124.9,19614.65,157,2025-08-22 12:39:59
2025-08-22 12:40:00,124.9,124.95,125.0,124.9,345305.65,2763,2025-08-22 12:49:59
2025-08-22 12:50:00,125.0,125.0,125.0,124.95,183115.85,1465,2025-08-22 12:59:59
2025-08-22 13:00:00,125.0,125.0,125.1,124.95,585257.85,4681,2025-08-22 13:09:59
2025-08-22 13:10:00,125.1,125.1,125.1,124.95,832236.7000000002,6658,2025-08-22 13:19:59
2025-08-22 13:20:00,125.1,125.15,125.2,125.05,533963.9500000001,4266,2025-08-22 13:29:59
2025-08-22 13:30:00,125.2,125.2,125.2,125.15,41566.35,332,2025-08-22 13:39:59
2025-08-22 13:40:00,125.2,125.2,125.2,125.15,43441.350000000006,347,2025-08-22 13:49:59
2025-08-22 13:50:00,125.2,125.15,125.2,125.15,19780.15,158,2025-08-22 13:59:59
2025-08-22 14:00:00,125.2,125.15,125.2,125.0,1434921.05,11474,2025-08-22 14:09:59
2025-08-22 14:10:00,125.15,125.25,125.3,125.1,1945489.1,15537,2025-08-22 14:19:59
2025-08-22 14:20:00,125.25,125.15,125.3,125.1,485812.94999999995,3880,2025-08-22 14:29:59
2025-08-22 14:30:00,125.15,125.6,125.65,125.15,1719157.0999999996,13703,2025-08-22 14:39:59
2025-08-22 14:40:00,125.6,125.5,125.6,125.45,213586.7,1702,2025-08-22 14:49:59
2025-08-22 14:50:00,125.55,125.45,125.55,125.35,574770.4500000001,4580,2025-08-22 14:59:59
2025-08-22 15:00:00,125.4,125.0,125.45,125.0,2036520.5,16260,2025-08-22 15:09:59
2025-08-22 15:10:00,125.1,125.1,125.1,125.0,33023.2,264,2025-08-22 15:19:59
2025-08-22 15:20:00,125.1,125.15,125.2,125.05,316613.05000000005,2530,2025-08-22 15:29:59
2025-08-22 15:30:00,125.15,124.95,125.25,124.9,2327053.199999786,18613,2025-08-22 15:39:59
2025-08-22 15:40:00,125.0,125.1,125.1,124.95,327440.45,2618,2025-08-22 15:49:59
2025-08-22 15:50:00,125.1,124.6,125.1,124.6,3286963.9999999995,26317,2025-08-22 15:59:59
2025-08-22 16:00:00,124.6,124.65,124.65,124.45,993778.3,7980,2025-08-22 16:09:59
2025-08-22 16:10:00,124.6,124.9,124.9,124.6,553274.8500000001,4436,2025-08-22 16:19:59
2025-08-22 16:20:00,124.9,125.0,125.0,124.85,404518.1,3237,2025-08-22 16:29:59
2025-08-22 16:30:00,124.9,124.95,125.05,124.9,119526.70000000001,956,2025-08-22 16:39:59
2025-08-22 16:40:00,124.95,125.0,125.0,124.9,187642.95,1502,2025-08-22 16:49:59
2025-08-22 16:50:00,124.95,125.1,125.15,124.95,134206.74999999997,1073,2025-08-22 16:59:59
2025-08-22 17:00:00,125.1,125.15,125.2,125.1,119900.44999999998,958,2025-08-22 17:09:59
2025-08-22 17:10:00,125.15,125.15,125.15,125.1,278830.19999999995,2228,2025-08-22 17:19:59
2025-08-22 17:20:00,125.15,125.15,125.15,125.1,32413.4,259,2025-08-22 17:29:59
2025-08-22 17:30:00,125.15,125.1,125.15,125.1,144293.75000000003,1153,2025-08-22 17:39:59
2025-08-22 17:40:00,125.1,125.0,125.1,124.95,118391.8,947,2025-08-22 17:49:59
2025-08-22 17:50:00,125.0,125.0,125.0,124.95,82239.85,658,2025-08-22 17:59:59
2025-08-22 18:00:00,125.0,125.15,125.15,125.0,748438.9500000001,5984,2025-08-22 18:09:59
2025-08-22 18:10:00,125.1,125.1,125.2,125.05,315983.85,2525,2025-08-22 18:19:59
2025-08-22 18:20:00,125.1,125.1,125.15,125.0,913784.9999999999,7306,2025-08-22 18:29:59
2025-08-22 18:30:00,125.1,125.2,125.2,125.05,502671.89999999997,4016,2025-08-22 18:39:59
2025-08-22 18:40:00,125.15,125.15,125.15,125.15,78969.65,631,2025-08-22 18:49:04
2025-08-22 19:00:00,125.1,125.3,125.3,125.05,771342.75,6162,2025-08-22 19:09:59
2025-08-22 19:10:00,125.3,125.25,125.3,125.25,391023.3499999999,3121,2025-08-22 19:19:59
2025-08-22 19:20:00,125.3,125.1,125.3,125.1,198894.65000000002,1588,2025-08-22 19:29:59
2025-08-22 19:30:00,125.2,125.2,125.2,125.05,78077.44999999998,624,2025-08-22 19:39:59
2025-08-22 19:40:00,125.2,125.15,125.2,125.1,110896.65000000002,886,2025-08-22 19:49:59
2025-08-22 19:50:00,125.15,125.2,125.2,125.1,102859.55,822,2025-08-22 19:59:59
2025-08-22 20:00:00,125.15,125.15,125.2,125.15,7760.1,62,2025-08-22 20:09:59
2025-08-22 20:10:00,125.15,125.1,125.2,125.0,2434749.45,19471,2025-08-22 20:19:59
2025-08-22 20:20:00,125.1,125.1,125.2,125.1,166409.25,1330,2025-08-22 20:29:59
2025-08-22 20:30:00,125.1,125.05,125.25,125.0,529483.35,4231,2025-08-22 20:39:59
2025-08-22 20:40:00,125.05,125.1,125.1,125.0,41141.2,329,2025-08-22 20:49:59
2025-08-22 20:50:00,125.1,125.1,125.1,125.0,7004.6,56,2025-08-22 20:59:14
2025-08-22 21:00:00,125.1,125.2,125.2,125.1,60924.0,487,2025-08-22 21:09:59
2025-08-22 21:10:00,125.2,125.15,125.2,125.05,294624.55,2355,2025-08-22 21:19:59
2025-08-22 21:20:00,125.15,125.15,125.2,125.1,7258.700000000001,58,2025-08-22 21:29:59
2025-08-22 21:30:00,125.15,125.15,125.15,125.1,25272.799999999996,202,2025-08-22 21:39:59
2025-08-22 21:40:00,125.1,125.1,125.1,125.05,109333.0,874,2025-08-22 21:49:59
2025-08-22 21:50:00,125.1,125.05,125.1,125.0,185326.75000000003,1482,2025-08-22 21:59:59
2025-08-22 22:00:00,125.0,125.05,125.05,125.0,168426.55,1347,2025-08-22 22:09:59
2025-08-22 22:10:00,125.05,125.05,125.05,125.05,43517.4,348,2025-08-22 22:19:59
2025-08-22 22:20:00,125.05,125.1,125.1,125.05,474572.7,3794,2025-08-22 22:29:59
2025-08-22 22:30:00,125.1,125.05,125.1,125.05,51772.00000000001,414,2025-08-22 22:39:59
2025-08-22 22:40:00,125.1,125.05,125.1,125.05,39641.299999999996,317,2025-08-22 22:49:59
2025-08-22 22:50:00,125.1,125.15,125.15,125.1,66693.85,533,2025-08-22 22:59:59
2025-08-22 23:00:00,125.15,125.15,125.15,125.1,2502.4500000000003,20,2025-08-22 23:09:59
2025-08-22 23:10:00,125.15,125.15,125.15,125.1,158889.50000000003,1270,2025-08-22 23:19:59
2025-08-22 23:20:00,125.15,125.1,125.15,125.1,20149.05,161,2025-08-22 23:29:59
2025-08-22 23:30:00,125.15,125.25,125.25,125.0,1939402.7999999998,15507,2025-08-22 23:39:59
2025-08-22 23:40:00,125.1,125.05,125.15,125.0,1166730.15,9331,2025-08-22 23:49:04
2025-08-23 09:50:00,125.05,125.05,125.05,125.05,875.35,7,2025-08-23 09:59:59
2025-08-23 10:00:00,125.05,125.0,125.4,124.9,77936.8,623,2025-08-23 10:09:59
2025-08-23 10:10:00,125.2,125.35,125.4,125.1,247510.34999999998,1975,2025-08-23 10:19:59
2025-08-23 10:20:00,125.2,125.35,125.4,125.1,4637.95,37,2025-08-23 10:29:59
2025-08-23 10:30:00,125.3,125.55,125.55,125.2,315191.25,2513,2025-08-23 10:39:59
2025-08-23 10:40:00,125.5,125.35,125.5,125.35,2007.6999999999998,16,2025-08-23 10:49:59
2025-08-23 10:50:00,125.5,125.35,125.5,125.25,136035.4,1084,2025-08-23 10:59:59
2025-08-23 11:00:00,125.35,125.45,125.45,125.15,5637.0,45,2025-08-23 11:09:59
2025-08-23 11:10:00,125.4,125.2,125.45,125.2,24550.550000000003,196,2025-08-23 11:19:59
2025-08-23 11:20:00,125.2,125.25,125.4,125.2,39063.85000000001,312,2025-08-23 11:29:59
2025-08-23 11:30:00,125.35,125.35,125.4,125.35,20436.149999999998,163,2025-08-23 11:39:59
2025-08-23 11:40:00,125.4,125.45,125.45,125.25,134173.55000000002,1070,2025-08-23 11:49:59
2025-08-23 11:50:00,125.4,125.4,125.4,125.4,5266.8,42,2025-08-23 11:59:01
2025-08-23 12:00:00,125.3,125.3,125.4,125.3,1253.2,10,2025-08-23 12:09:59
2025-08-23 12:10:00,125.45,125.35,125.45,125.2,47281.049999999996,377,2025-08-23 12:19:59
2025-08-23 12:20:00,125.35,125.4,125.45,125.35,12164.8,97,2025-08-23 12:29:59
2025-08-23 12:30:00,125.4,125.4,125.4,125.3,2130.8,17,2025-08-23 12:39:59
2025-08-23 12:40:00,125.3,125.45,125.45,125.3,10663.100000000002,85,2025-08-23 12:49:59
2025-08-23 12:50:00,125.4,125.4,125.4,125.3,38869.3,310,2025-08-23 12:59:59
2025-08-23 13:00:00,125.4,125.3,125.4,125.3,32210.199999999997,257,2025-08-23 13:09:59
2025-08-23 13:10:00,125.3,125.3,125.3,125.25,6264.650000000001,50,2025-08-23 13:19:59
2025-08-23 13:20:00,125.3,125.2,125.3,125.2,29305.45,234,2025-08-23 13:29:59
2025-08-23 13:30:00,125.3,125.3,125.3,125.25,17285.35,138,2025-08-23 13:39:59
2025-08-23 13:40:00,125.3,125.3,125.3,125.3,2130.1,17,2025-08-23 13:49:59
2025-08-23 13:50:00,125.3,125.3,125.3,125.2,38822.40000000001,310,2025-08-23 13:59:06
2025-08-23 14:00:00,125.25,125.2,125.25,125.2,1252.4,10,2025-08-23 14:09:59
2025-08-23 14:10:00,125.2,125.3,125.3,125.2,39691.85,317,2025-08-23 14:19:59
2025-08-23 14:20:00,125.3,125.3,125.3,125.3,11903.5,95,2025-08-23 14:29:59
2025-08-23 14:30:00,125.3,125.3,125.3,125.25,3508.3500000000004,28,2025-08-23 14:39:59
2025-08-23 14:40:00,125.3,125.4,125.4,125.3,248184.39999999997,1980,2025-08-23 14:49:59
2025-08-23 14:50:00,125.4,125.4,125.4,125.4,1254.0,10,2025-08-23 14:58:06
2025-08-23 15:00:00,125.4,125.25,125.4,125.25,25426.1,203,2025-08-23 15:09:59
2025-08-23 15:10:00,125.25,125.25,125.4,125.25,19421.1,155,2025-08-23 15:19:59
2025-08-23 15:20:00,125.4,125.45,125.45,125.05,383717.9,3067,2025-08-23 15:29:59
2025-08-23 15:30:00,125.1,125.4,125.45,125.1,13528.4,108,2025-08-23 15:39:59
2025-08-23 15:40:00,125.4,125.1,125.45,125.1,109139.95,870,2025-08-23 15:49:59
2025-08-23 15:50:00,125.4,125.45,125.45,125.4,24077.9,192,2025-08-23 15:59:59
2025-08-23 16:00:00,125.45,125.4,125.45,125.1,24195.8,193,2025-08-23 16:09:59
2025-08-23 16:10:00,125.4,125.4,125.4,125.1,24563.1,196,2025-08-23 16:19:59
2025-08-23 16:20:00,125.4,125.4,125.4,125.4,4263.6,34,2025-08-23 16:29:59
2025-08-23 16:30:00,125.4,125.4,125.4,125.15,35684.25,285,2025-08-23 16:39:59
2025-08-23 16:40:00,125.4,125.4,125.4,125.35,51664.75,412,2025-08-23 16:49:59
2025-08-23 16:50:00,125.35,125.35,125.4,125.15,6018.1,48,2025-08-23 16:59:01
2025-08-23 17:00:00,125.15,125.3,125.3,125.05,264031.24999999994,2111,2025-08-23 17:09:59
2025-08-23 17:10:00,125.3,125.3,125.3,125.3,4009.6000000000004,32,2025-08-23 17:19:59
2025-08-23 17:20:00,125.1,125.2,125.3,125.1,22277.2,178,2025-08-23 17:29:59
2025-08-23 17:30:00,125.2,125.2,125.2,125.1,5132.6,41,2025-08-23 17:39:59
2025-08-23 17:40:00,125.2,125.05,125.2,125.05,109302.4,874,2025-08-23 17:49:59
2025-08-23 17:50:00,125.1,125.1,125.1,125.05,11882.349999999999,95,2025-08-23 17:59:59
2025-08-23 18:00:00,125.1,125.1,125.1,125.05,20385.8,163,2025-08-23 18:09:59
2025-08-23 18:10:00,125.1,125.1,125.1,125.05,5378.9,43,2025-08-23 18:19:59
2025-08-23 18:20:00,125.2,125.05,125.2,125.05,272114.95,2176,2025-08-23 18:29:59
2025-08-23 18:30:00,125.2,125.25,125.25,125.05,6261.349999999999,50,2025-08-23 18:39:59
2025-08-23 18:40:00,125.05,125.3,125.3,125.05,45458.549999999996,363,2025-08-23 18:49:59
2025-08-23 18:50:00,125.3,125.4,125.4,125.3,210222.6,1677,2025-08-23 18:59:59
2025-08-24 09:50:00,125.4,125.4,125.4,125.4,125.4,1,2025-08-24 09:59:59
2025-08-24 10:00:00,125.4,125.25,125.5,125.25,160709.4,1283,2025-08-24 10:09:59
2025-08-24 10:10:00,125.25,125.25,125.3,125.15,21660.5,173,2025-08-24 10:19:59
2025-08-24 10:20:00,125.25,125.1,125.25,125.1,60090.65,480,2025-08-24 10:29:59
2025-08-24 10:30:00,125.1,125.05,125.25,124.7,763514.1000000008,6108,2025-08-24 10:39:59
2025-08-24 10:40:00,125.0,125.05,125.05,124.75,60357.2,483,2025-08-24 10:49:59
2025-08-24 10:50:00,125.05,125.05,125.05,125.0,36375.5,291,2025-08-24 10:58:01
2025-08-24 11:00:00,125.0,125.0,125.05,125.0,59501.8,476,2025-08-24 11:09:59
2025-08-24 11:10:00,125.05,125.0,125.1,125.0,71764.20000000001,574,2025-08-24 11:19:59
2025-08-24 11:20:00,125.0,125.2,125.2,125.0,44171.1,353,2025-08-24 11:29:59
2025-08-24 11:30:00,125.25,125.2,125.25,125.2,15028.900000000001,120,2025-08-24 11:39:59
2025-08-24 11:40:00,125.25,125.2,125.25,125.0,134222.1,1072,2025-08-24 11:49:59
2025-08-24 11:50:00,125.2,125.2,125.2,125.2,8388.4,67,2025-08-24 11:59:59
2025-08-24 12:00:00,125.2,125.2,125.2,125.05,29296.65,234,2025-08-24 12:09:59
2025-08-24 12:10:00,125.2,125.25,125.25,125.0,84978.5,679,2025-08-24 12:19:59
2025-08-24 12:20:00,125.25,125.2,125.25,125.05,8262.1,66,2025-08-24 12:29:59
2025-08-24 12:30:00,125.1,125.2,125.2,125.1,7509.000000000001,60,2025-08-24 12:39:59
2025-08-24 12:40:00,125.2,125.0,125.2,124.85,596057.3000000002,4769,2025-08-24 12:49:59
2025-08-24 12:50:00,125.0,124.95,125.05,124.85,16986.2,136,2025-08-24 12:59:59
2025-08-24 13:00:00,124.95,124.95,125.0,124.8,322724.75000000006,2585,2025-08-24 13:09:59
2025-08-24 13:10:00,124.95,124.8,124.95,124.8,295566.7,2368,2025-08-24 13:19:59
2025-08-24 13:20:00,124.95,124.95,125.0,124.75,110731.7,887,2025-08-24 13:29:59
2025-08-24 13:30:00,124.95,124.8,124.95,124.8,3872.85,31,2025-08-24 13:39:59
2025-08-24 13:40:00,124.95,124.95,124.95,124.75,100329.80000000002,804,2025-08-24 13:49:59
2025-08-24 13:50:00,124.95,124.95,124.95,124.95,13494.6,108,2025-08-24 13:59:59
2025-08-24 14:00:00,124.95,124.95,124.95,124.95,2249.1000000000004,18,2025-08-24 14:09:59
2025-08-24 14:10:00,124.95,124.95,124.95,124.95,3998.4,32,2025-08-24 14:19:59
2025-08-24 14:20:00,124.95,124.95,124.95,124.9,4247.4,34,2025-08-24 14:29:59
2025-08-24 14:30:00,124.9,124.95,124.95,124.9,62347.25,499,2025-08-24 14:39:59
2025-08-24 14:40:00,124.95,125.0,125.0,124.9,21749.550000000003,174,2025-08-24 14:49:59
2025-08-24 14:50:00,125.0,125.0,125.0,125.0,2875.0,23,2025-08-24 14:59:59
2025-08-24 15:00:00,125.0,125.0,125.0,125.0,3750.0,30,2025-08-24 15:09:59
2025-08-24 15:10:00,125.0,125.0,125.0,124.9,20370.0,163,2025-08-24 15:19:59
2025-08-24 15:20:00,124.9,125.0,125.0,124.9,22994.0,184,2025-08-24 15:29:59
2025-08-24 15:30:00,125.0,124.95,125.0,124.9,1624.55,13,2025-08-24 15:39:59
2025-08-24 15:40:00,124.95,125.0,125.0,124.9,43218.0,346,2025-08-24 15:49:59
2025-08-24 15:50:00,125.0,125.0,125.0,125.0,37500.0,300,2025-08-24 15:59:01
2025-08-24 16:00:00,125.0,125.0,125.0,125.0,3625.0,29,2025-08-24 16:09:59
2025-08-24 16:10:00,124.95,125.0,125.0,124.9,2749.2000000000003,22,2025-08-24 16:19:59
2025-08-24 16:20:00,124.9,124.9,125.0,124.9,155635.59999999998,1246,2025-08-24 16:29:59
2025-08-24 16:30:00,124.9,124.75,125.0,124.75,103344.10000000003,828,2025-08-24 16:39:59
2025-08-24 16:40:00,124.8,124.9,124.9,124.75,13224.650000000001,106,2025-08-24 16:49:59
2025-08-24 16:50:00,124.9,125.0,125.0,124.9,12740.3,102,2025-08-24 16:59:01
2025-08-24 17:00:00,124.9,124.9,124.95,124.85,5245.7,42,2025-08-24 17:09:59
2025-08-24 17:10:00,124.9,124.85,125.0,124.85,38334.45,307,2025-08-24 17:19:59
2025-08-24 17:20:00,124.85,124.85,124.85,124.8,137696.7,1103,2025-08-24 17:29:59
2025-08-24 17:30:00,124.85,124.85,124.95,124.8,20598.300000000003,165,2025-08-24 17:39:59
2025-08-24 17:40:00,124.9,124.95,125.0,124.9,134071.6,1073,2025-08-24 17:49:59
2025-08-24 17:50:00,124.95,125.0,125.0,124.95,3499.75,28,2025-08-24 17:59:59
2025-08-24 18:00:00,125.0,124.85,125.0,124.85,256440.19999999998,2052,2025-08-24 18:09:59
2025-08-24 18:10:00,124.85,124.95,124.95,124.85,9992.35,80,2025-08-24 18:19:59
2025-08-24 18:20:00,125.0,124.95,125.0,124.85,1124.6000000000001,9,2025-08-24 18:29:59
2025-08-24 18:30:00,124.95,124.85,124.95,124.85,81655.84999999999,654,2025-08-24 18:39:59
2025-08-24 18:40:00,124.9,124.85,124.95,124.85,27468.699999999997,220,2025-08-24 18:49:59
2025-08-24 18:50:00,124.9,124.8,124.9,124.75,382139.44999999995,3062,2025-08-24 18:59:59
2025-08-25 06:50:00,125.05,125.05,125.05,125.05,110419.15,883,2025-08-25 06:59:59
2025-08-25 07:00:00,124.8,124.9,125.05,124.8,305402.64999999997,2444,2025-08-25 07:09:59
2025-08-25 07:10:00,124.9,125.0,125.0,124.9,166019.19999999998,1329,2025-08-25 07:19:59
2025-08-25 07:20:00,125.0,124.9,125.05,124.85,343546.75,2749,2025-08-25 07:29:59
2025-08-25 07:30:00,124.95,124.8,124.95,124.75,408171.85,3269,2025-08-25 07:39:59
2025-08-25 07:40:00,124.8,124.9,124.9,124.75,39442.65,316,2025-08-25 07:49:59
2025-08-25 07:50:00,124.9,124.85,124.9,124.8,11735.4,94,2025-08-25 07:59:59
2025-08-25 08:00:00,124.85,124.95,124.95,124.8,13365.2,107,2025-08-25 08:09:59
2025-08-25 08:10:00,124.95,124.9,125.0,124.9,559233.2,4475,2025-08-25 08:19:59
2025-08-25 08:20:00,125.0,125.0,125.0,125.0,5875.0,47,2025-08-25 08:29:59
2025-08-25 08:30:00,125.0,124.9,125.0,124.9,128869.75,1031,2025-08-25 08:39:59
2025-08-25 08:40:00,125.0,125.05,125.05,125.0,12876.15,103,2025-08-25 08:49:59
2025-08-25 08:50:00,125.0,125.05,125.05,124.95,37501.75,300,2025-08-25 08:59:06
2025-08-25 09:00:00,125.0,125.0,125.05,124.95,98483.75,788,2025-08-25 09:09:59
2025-08-25 09:10:00,125.0,124.95,125.0,124.85,321545.75000000006,2574,2025-08-25 09:19:59
2025-08-25 09:20:00,124.95,124.85,124.95,124.85,33718.15,270,2025-08-25 09:29:59
2025-08-25 09:30:00,124.85,124.85,124.85,124.8,77760.9,623,2025-08-25 09:39:59
2025-08-25 09:40:00,124.85,124.75,124.85,124.75,1750855.1,14032,2025-08-25 09:49:59
2025-08-25 09:50:00,124.75,124.85,124.85,124.75,104693.05,839,2025-08-25 09:59:59
2025-08-25 10:00:00,124.8,124.7,124.8,124.55,1191684.2499999995,9561,2025-08-25 10:09:59
2025-08-25 10:10:00,124.7,124.65,124.7,124.55,426247.79999999993,3421,2025-08-25 10:19:59
2025-08-25 10:20:00,124.55,124.7,124.7,124.55,703653.6499999998,5646,2025-08-25 10:29:59
2025-08-25 10:30:00,124.7,124.75,124.8,124.65,519560.64999999997,4165,2025-08-25 10:39:59
2025-08-25 10:40:00,124.75,124.75,124.75,124.7,24696.350000000002,198,2025-08-25 10:49:59
2025-08-25 10:50:00,124.75,124.75,124.75,124.7,27061.7,217,2025-08-25 10:59:59
2025-08-25 11:00:00,124.75,124.2,124.75,124.15,2400669.9,19288,2025-08-25 11:09:59
2025-08-25 11:10:00,124.15,123.9,124.3,123.3,8194037.849999994,66193,2025-08-25 11:19:59
2025-08-25 11:20:00,123.9,124.15,124.15,123.8,2419741.35,19519,2025-08-25 11:29:59
2025-08-25 11:30:00,124.15,124.25,124.3,123.8,4089170.600000001,32959,2025-08-25 11:39:59
2025-08-25 11:40:00,124.15,124.0,124.15,123.95,992305.0000000001,8002,2025-08-25 11:49:59
2025-08-25 11:50:00,123.95,124.25,124.25,123.95,1186482.1,9557,2025-08-25 11:59:59
2025-08-25 12:00:00,124.25,124.3,124.35,124.25,599958.3999999999,4826,2025-08-25 12:09:59
2025-08-25 12:10:00,124.35,124.35,124.35,124.25,844773.6,6796,2025-08-25 12:19:59
2025-08-25 12:20:00,124.3,124.5,124.5,124.3,831951.75,6686,2025-08-25 12:29:59
2025-08-25 12:30:00,124.5,124.4,124.6,124.35,636134.3500000001,5113,2025-08-25 12:39:59
2025-08-25 12:40:00,124.5,124.6,124.6,124.4,712831.95,5724,2025-08-25 12:49:59
2025-08-25 12:50:00,124.55,124.6,124.6,124.5,20180.199999999997,162,2025-08-25 12:59:08
2025-08-25 13:00:00,124.6,124.75,124.75,124.6,320071.5,2567,2025-08-25 13:09:59
2025-08-25 13:10:00,124.75,124.8,124.8,124.75,887463.4000000001,7112,2025-08-25 13:19:59
2025-08-25 13:20:00,124.75,124.65,124.8,124.55,1559557.8,12512,2025-08-25 13:29:59
2025-08-25 13:30:00,124.65,124.45,124.65,124.45,553243.5,4443,2025-08-25 13:39:59
2025-08-25 13:40:00,124.45,124.0,124.5,123.7,8104015.049999999,65314,2025-08-25 13:49:59
2025-08-25 13:50:00,124.05,124.4,124.5,124.05,702924.9500000001,5656,2025-08-25 13:59:59
2025-08-25 14:00:00,124.4,124.45,124.45,124.4,237810.4,1911,2025-08-25 14:09:59
2025-08-25 14:10:00,124.45,124.45,124.45,124.3,1422224.3499999999,11430,2025-08-25 14:19:59
2025-08-25 14:20:00,124.4,124.6,124.7,124.4,748156.4499999998,6008,2025-08-25 14:29:59
2025-08-25 14:30:00,124.7,124.7,124.8,124.5,1521772.0999999999,12205,2025-08-25 14:39:59
2025-08-25 14:40:00,124.7,124.45,124.7,124.45,57681.95,463,2025-08-25 14:49:59
2025-08-25 14:50:00,124.4,124.5,124.55,124.35,325492.95000000007,2616,2025-08-25 14:59:59
2025-08-25 15:00:00,124.5,124.4,124.55,124.4,61492.5,494,2025-08-25 15:09:59
2025-08-25 15:10:00,124.5,124.65,124.7,124.4,1275614.1500000001,10238,2025-08-25 15:19:59
2025-08-25 15:20:00,124.6,124.5,124.6,124.5,127914.0,1027,2025-08-25 15:29:59
2025-08-25 15:30:00,124.55,124.6,124.6,124.5,27409.6,220,2025-08-25 15:39:59
2025-08-25 15:40:00,124.6,124.25,124.6,124.25,1709318.6,13749,2025-08-25 15:49:59
2025-08-25 15:50:00,124.35,124.4,124.4,124.35,35442.9,285,2025-08-25 15:59:59
2025-08-25 16:00:00,124.4,124.35,124.4,124.25,268233.49999999994,2158,2025-08-25 16:09:59
2025-08-25 16:10:00,124.35,124.5,124.55,124.35,108747.59999999998,874,2025-08-25 16:19:59
2025-08-25 16:20:00,124.5,124.4,124.5,124.4,53390.35,429,2025-08-25 16:29:59
2025-08-25 16:30:00,124.5,124.5,124.5,124.4,141629.55,1138,2025-08-25 16:39:59
2025-08-25 16:40:00,124.5,124.6,124.7,124.4,516644.35,4148,2025-08-25 16:49:59
2025-08-25 16:50:00,124.6,125.05,125.1,124.6,4080838.9499999983,32677,2025-08-25 16:59:59
2025-08-25 17:00:00,125.05,125.0,125.05,124.95,493902.10000000003,3952,2025-08-25 17:09:59
2025-08-25 17:10:00,125.05,125.0,125.15,124.95,590227.5000000001,4719,2025-08-25 17:19:59
2025-08-25 17:20:00,125.1,125.05,125.1,124.9,226471.20000000004,1812,2025-08-25 17:29:59
2025-08-25 17:30:00,125.0,124.95,125.05,124.9,29375.65,235,2025-08-25 17:39:59
2025-08-25 17:40:00,125.0,124.9,125.0,124.9,130088.7,1041,2025-08-25 17:49:59
2025-08-25 17:50:00,124.9,124.95,124.95,124.9,48089.4,385,2025-08-25 17:59:59
2025-08-25 18:00:00,124.9,125.25,125.25,124.9,2276687.7,18202,2025-08-25 18:09:59
2025-08-25 18:10:00,125.2,125.0,125.2,125.0,247788.3,1981,2025-08-25 18:19:59
2025-08-25 18:20:00,125.0,124.95,125.1,124.9,450255.30000000005,3604,2025-08-25 18:29:59
2025-08-25 18:30:00,125.0,125.1,125.1,124.9,194875.45000000004,1559,2025-08-25 18:39:59
2025-08-25 18:40:00,125.1,125.1,125.1,125.1,85193.09999999999,681,2025-08-25 18:49:59
2025-08-25 19:00:00,125.05,124.95,125.05,124.9,549567.2000000001,4398,2025-08-25 19:09:59
2025-08-25 19:10:00,124.95,124.95,125.0,124.9,221018.65,1769,2025-08-25 19:19:59
2025-08-25 19:20:00,124.95,124.95,124.95,124.9,92962.65,744,2025-08-25 19:29:59
2025-08-25 19:30:00,124.95,125.0,125.0,124.9,233160.95,1866,2025-08-25 19:39:59
2025-08-25 19:40:00,125.0,124.85,125.0,124.85,180013.05,1441,2025-08-25 19:49:59
2025-08-25 19:50:00,124.9,124.95,124.95,124.85,28226.1,226,2025-08-25 19:59:59
2025-08-25 20:00:00,124.95,124.9,124.95,124.9,68946.05,552,2025-08-25 20:09:59
2025-08-25 20:10:00,124.9,124.9,124.95,124.9,16863.4,135,2025-08-25 20:19:59
2025-08-25 20:20:00,124.95,124.75,124.95,124.75,296711.94999999995,2377,2025-08-25 20:29:59
2025-08-25 20:30:00,124.75,124.85,124.85,124.7,230282.90000000002,1845,2025-08-25 20:39:59
2025-08-25 20:40:00,124.85,124.9,124.9,124.85,63813.15,511,2025-08-25 20:49:59
2025-08-25 20:50:00,124.8,124.9,124.95,124.8,41457.1,332,2025-08-25 20:59:10
2025-08-25 21:00:00,124.95,124.8,124.95,124.8,183921.6,1473,2025-08-25 21:09:59
2025-08-25 21:10:00,124.8,124.9,124.9,124.75,214076.15,1715,2025-08-25 21:19:59
2025-08-25 21:20:00,124.9,124.9,124.9,124.9,12365.1,99,2025-08-25 21:29:59
2025-08-25 21:30:00,124.8,124.9,124.9,124.8,28206.800000000003,226,2025-08-25 21:39:59
2025-08-25 21:40:00,124.85,124.85,124.85,124.8,18477.550000000003,148,2025-08-25 21:49:59
2025-08-25 21:50:00,124.85,125.0,125.0,124.85,3026686.8,24221,2025-08-25 21:59:10
2025-08-25 22:00:00,125.05,125.05,125.05,125.0,145755.80000000002,1166,2025-08-25 22:09:59
2025-08-25 22:10:00,125.05,124.9,125.05,124.9,435071.80000000005,3481,2025-08-25 22:19:59
2025-08-25 22:20:00,125.0,124.95,125.05,124.95,528660.95,4229,2025-08-25 22:29:59
2025-08-25 22:30:00,125.0,125.0,125.05,124.95,628375.0,5027,2025-08-25 22:39:59
2025-08-25 22:40:00,125.0,125.0,125.05,125.0,519757.5,4157,2025-08-25 22:49:59
2025-08-25 22:50:00,125.0,124.9,125.0,124.9,405929.45,3249,2025-08-25 22:59:09
2025-08-25 23:00:00,125.0,124.85,125.0,124.85,194660.45,1559,2025-08-25 23:09:59
2025-08-25 23:10:00,124.85,124.85,124.85,124.8,86131.5,690,2025-08-25 23:19:59
2025-08-25 23:20:00,124.95,124.8,124.95,124.8,271769.45,2177,2025-08-25 23:29:59
2025-08-25 23:30:00,124.8,124.85,124.9,124.8,120891.20000000001,968,2025-08-25 23:39:59
2025-08-25 23:40:00,124.85,124.85,124.95,124.8,387601.05,3103,2025-08-25 23:49:59
2025-08-26 06:50:00,124.85,124.85,124.85,124.85,4369.75,35,2025-08-26 06:59:59
2025-08-26 07:00:00,124.85,125.15,125.35,124.85,252717.79999999996,2018,2025-08-26 07:09:59
2025-08-26 07:10:00,125.2,125.35,125.35,125.2,179532.9,1433,2025-08-26 07:19:59
2025-08-26 07:20:00,125.35,125.35,125.4,125.25,216467.14999999997,1727,2025-08-26 07:29:59
2025-08-26 07:30:00,125.4,125.45,125.5,125.4,287458.15,2292,2025-08-26 07:39:59
2025-08-26 07:40:00,125.45,125.45,125.5,125.4,349111.29999999993,2783,2025-08-26 07:49:59
2025-08-26 07:50:00,125.45,125.1,125.45,125.1,2120559.5000000005,16939,2025-08-26 07:59:59
2025-08-26 08:00:00,125.3,125.25,125.3,125.15,11021.6,88,2025-08-26 08:09:59
2025-08-26 08:10:00,125.15,125.4,125.4,125.15,48857.149999999994,390,2025-08-26 08:19:59
2025-08-26 08:20:00,125.4,125.45,125.45,125.25,215814.85,1721,2025-08-26 08:29:59
2025-08-26 08:30:00,125.4,125.35,125.4,125.3,133949.3,1069,2025-08-26 08:39:59
2025-08-26 08:40:00,125.35,125.25,125.4,125.25,372129.25,2969,2025-08-26 08:49:59
2025-08-26 08:50:00,125.25,125.25,125.25,125.2,3130.75,25,2025-08-26 08:59:59
2025-08-26 09:00:00,125.25,125.3,125.3,125.2,147535.75,1178,2025-08-26 09:09:59
2025-08-26 09:10:00,125.2,125.45,125.45,125.2,726478.4000000001,5796,2025-08-26 09:19:59
2025-08-26 09:20:00,125.45,125.65,125.65,125.3,468996.4,3737,2025-08-26 09:29:59
2025-08-26 09:30:00,125.7,125.6,125.75,125.55,71247.05,567,2025-08-26 09:39:59
2025-08-26 09:40:00,125.55,125.7,125.95,125.55,1291332.6499999997,10268,2025-08-26 09:49:59
2025-08-26 09:50:00,125.65,125.8,125.85,125.6,517109.64999999997,4112,2025-08-26 09:59:59
2025-08-26 10:00:00,125.7,125.8,125.9,125.7,1493629.0500000003,11874,2025-08-26 10:09:59
2025-08-26 10:10:00,125.8,125.9,125.9,125.7,3010369.5999999996,23924,2025-08-26 10:19:59
2025-08-26 10:20:00,125.9,125.85,125.9,125.85,728993.0,5792,2025-08-26 10:29:59
2025-08-26 10:30:00,125.9,125.9,125.95,125.85,1438106.4499999997,11424,2025-08-26 10:39:59
2025-08-26 10:40:00,125.9,126.05,126.05,125.9,5889028.45,46740,2025-08-26 10:49:59
2025-08-26 10:50:00,126.05,125.95,126.05,125.85,4444741.65000001,35286,2025-08-26 10:59:59
2025-08-26 11:00:00,125.95,126.05,126.05,125.85,1834132.35,14566,2025-08-26 11:09:59
2025-08-26 11:10:00,126.05,126.0,126.05,126.0,640245.45,5081,2025-08-26 11:19:59
2025-08-26 11:20:00,126.0,126.05,126.05,126.0,692932.75,5499,2025-08-26 11:29:59
2025-08-26 11:30:00,126.05,126.05,126.05,126.0,328788.89999999997,2609,2025-08-26 11:39:59
2025-08-26 11:40:00,126.05,126.0,126.05,126.0,450107.8999999999,3571,2025-08-26 11:49:59
2025-08-26 11:50:00,126.0,126.0,126.05,126.0,93631.55,743,2025-08-26 11:59:59
2025-08-26 12:00:00,126.05,126.15,126.15,126.0,1768880.8499999996,14027,2025-08-26 12:09:59
2025-08-26 12:10:00,126.15,126.15,126.15,126.1,303699.45,2408,2025-08-26 12:19:59
2025-08-26 12:20:00,126.15,126.3,126.35,126.15,4545244.700000001,35997,2025-08-26 12:29:59
2025-08-26 12:30:00,126.15,126.1,126.3,126.1,649906.4500000001,5150,2025-08-26 12:39:59
2025-08-26 12:40:00,126.15,126.1,126.15,126.1,41618.7,330,2025-08-26 12:49:59
2025-08-26 12:50:00,126.15,126.1,126.15,126.1,578310.9,4586,2025-08-26 12:59:59
2025-08-26 13:00:00,126.15,126.3,126.35,126.15,2726217.55,21594,2025-08-26 13:09:59
2025-08-26 13:10:00,126.3,126.45,126.5,126.25,1360664.9999999998,10764,2025-08-26 13:19:59
2025-08-26 13:20:00,126.45,126.35,126.5,126.35,1066001.9,8430,2025-08-26 13:29:59
2025-08-26 13:30:00,126.35,126.4,126.4,126.2,1892596.8,14988,2025-08-26 13:39:59
2025-08-26 13:40:00,126.4,126.3,126.4,126.3,105718.34999999999,837,2025-08-26 13:49:59
2025-08-26 13:50:00,126.35,126.45,126.45,126.25,4004088.55,31687,2025-08-26 13:59:59
2025-08-26 14:00:00,126.45,126.6,126.6,126.4,2426026.0500000007,19177,2025-08-26 14:09:59
2025-08-26 14:10:00,126.6,126.5,126.65,126.45,1711576.2,13527,2025-08-26 14:19:59
2025-08-26 14:20:00,126.45,126.45,126.5,126.4,683362.15,5405,2025-08-26 14:29:59
2025-08-26 14:30:00,126.45,126.3,126.55,126.3,4054458.1,32080,2025-08-26 14:39:59
2025-08-26 14:40:00,126.3,126.35,126.4,126.25,1115047.7,8830,2025-08-26 14:49:59
2025-08-26 14:50:00,126.35,126.5,126.5,126.25,714101.7499999999,5650,2025-08-26 14:59:59
2025-08-26 15:00:00,126.45,126.3,126.45,126.25,731884.1,5791,2025-08-26 15:09:59
2025-08-26 15:10:00,126.3,126.3,126.3,126.2,2138528.55,16944,2025-08-26 15:19:59
2025-08-26 15:20:00,126.3,126.25,126.3,126.2,117387.54999999999,930,2025-08-26 15:29:59
2025-08-26 15:30:00,126.2,126.25,126.25,126.2,597203.9500000001,4732,2025-08-26 15:39:59
2025-08-26 15:40:00,126.3,126.35,126.4,126.25,644910.35,5105,2025-08-26 15:49:59
2025-08-26 15:50:00,126.3,126.05,126.3,125.85,8413657.05,66721,2025-08-26 15:59:08
2025-08-26 16:00:00,126.0,126.15,126.25,126.0,2264357.7499999995,17945,2025-08-26 16:09:59
2025-08-26 16:10:00,126.15,126.15,126.3,126.15,1600379.3000000003,12681,2025-08-26 16:19:59
2025-08-26 16:20:00,126.2,126.25,126.25,126.15,86324.6,684,2025-08-26 16:29:59
2025-08-26 16:30:00,126.25,126.25,126.25,126.2,236577.75,1874,2025-08-26 16:39:59
2025-08-26 16:40:00,126.25,126.3,126.35,126.25,818303.5,6481,2025-08-26 16:49:59
2025-08-26 16:50:00,126.3,126.3,126.4,126.25,1787716.7000000002,14151,2025-08-26 16:59:08
2025-08-26 17:00:00,126.25,126.35,126.35,126.2,1589325.35,12589,2025-08-26 17:09:59
2025-08-26 17:10:00,126.35,126.3,126.4,126.25,240728.49999999997,1906,2025-08-26 17:19:59
2025-08-26 17:20:00,126.2,126.25,126.3,126.2,697289.6000000001,5525,2025-08-26 17:29:59
2025-08-26 17:30:00,126.2,126.3,126.35,126.2,376282.3,2980,2025-08-26 17:39:59
2025-08-26 17:40:00,126.35,126.2,126.35,126.15,2678713.2499999995,21227,2025-08-26 17:49:59
2025-08-26 17:50:00,126.2,126.1,126.3,126.1,2474239.8,19609,2025-08-26 17:59:59
2025-08-26 18:00:00,126.25,126.1,126.25,126.1,472606.85,3747,2025-08-26 18:09:59
2025-08-26 18:10:00,126.15,126.15,126.25,126.1,903541.8,7160,2025-08-26 18:19:59
2025-08-26 18:20:00,126.25,126.25,126.6,126.15,5938434.949999999,46993,2025-08-26 18:29:59
2025-08-26 18:30:00,126.25,126.3,126.3,126.2,75872.34999999999,601,2025-08-26 18:39:59
2025-08-26 18:40:00,126.3,126.3,126.3,126.3,159643.19999999998,1264,2025-08-26 18:49:59
2025-08-26 19:00:00,126.3,126.2,126.3,126.15,1483966.2000000002,11757,2025-08-26 19:09:59
2025-08-26 19:10:00,126.15,126.25,126.25,126.15,38357.5,304,2025-08-26 19:19:59
2025-08-26 19:20:00,126.15,126.1,126.25,126.1,161091.35000000003,1277,2025-08-26 19:29:59
2025-08-26 19:30:00,126.1,126.15,126.15,126.1,90319.8,716,2025-08-26 19:39:59
2025-08-26 19:40:00,126.1,126.1,126.15,126.1,3153.4500000000007,25,2025-08-26 19:49:59
2025-08-26 19:50:00,126.1,126.15,126.15,126.1,86272.7,684,2025-08-26 19:59:59
2025-08-26 20:00:00,126.15,126.2,126.2,126.15,124259.0,985,2025-08-26 20:09:59
2025-08-26 20:10:00,126.15,126.15,126.2,126.15,90198.3,715,2025-08-26 20:19:59
2025-08-26 20:20:00,126.15,126.2,126.2,126.15,83276.15000000001,660,2025-08-26 20:29:59
2025-08-26 20:30:00,126.2,126.2,126.2,126.15,4920.85,39,2025-08-26 20:39:59
2025-08-26 20:40:00,126.2,126.25,126.25,126.15,873095.7,6917,2025-08-26 20:49:59
2025-08-26 20:50:00,126.25,126.2,126.25,126.2,249720.35,1978,2025-08-26 20:59:59
2025-08-26 21:00:00,126.2,126.25,126.25,126.2,50247.35,398,2025-08-26 21:09:59
2025-08-26 21:10:00,126.25,126.25,126.25,126.25,3156.25,25,2025-08-26 21:19:59
2025-08-26 21:20:00,126.25,126.2,126.25,126.1,411821.3,3264,2025-08-26 21:29:59
2025-08-26 21:30:00,126.2,126.2,126.2,126.15,211132.4,1673,2025-08-26 21:39:59
2025-08-26 21:40:00,126.15,126.2,126.2,126.1,600565.4,4762,2025-08-26 21:49:59
2025-08-26 21:50:00,126.1,126.1,126.1,126.05,297594.39999999997,2360,2025-08-26 21:59:04
2025-08-26 22:00:00,126.1,126.1,126.1,126.05,9454.800000000001,75,2025-08-26 22:09:59
2025-08-26 22:10:00,126.05,126.05,126.1,126.05,275852.10000000003,2188,2025-08-26 22:19:59
2025-08-26 22:20:00,126.1,126.1,126.1,126.05,45773.9,363,2025-08-26 22:29:59
2025-08-26 22:30:00,126.1,126.05,126.1,126.05,630.4499999999999,5,2025-08-26 22:39:59
2025-08-26 22:40:00,126.1,126.1,126.1,126.05,60255.299999999996,478,2025-08-26 22:49:59
2025-08-26 22:50:00,126.1,126.05,126.1,126.05,432780.39999999997,3433,2025-08-26 22:58:04
2025-08-26 23:00:00,126.05,126.0,126.1,126.0,501667.9,3981,2025-08-26 23:09:59
2025-08-26 23:10:00,126.1,126.1,126.1,126.0,4665.6,37,2025-08-26 23:19:59
2025-08-26 23:20:00,126.1,126.05,126.1,126.0,26838.55,213,2025-08-26 23:29:59
2025-08-26 23:30:00,126.0,126.05,126.05,126.0,259014.90000000002,2055,2025-08-26 23:39:59
2025-08-26 23:40:00,126.05,125.95,126.05,125.8,567345.3999999999,4504,2025-08-26 23:49:59
2025-08-27 06:50:00,125.9,125.9,125.9,125.9,755.4,6,2025-08-27 06:59:59
2025-08-27 07:00:00,125.9,126.3,126.5,125.75,2422553.55,19200,2025-08-27 07:09:59
2025-08-27 07:10:00,126.25,126.3,126.3,126.25,146854.15000000002,1163,2025-08-27 07:19:59
2025-08-27 07:20:00,126.25,126.35,126.35,126.25,26911.199999999997,213,2025-08-27 07:29:59
2025-08-27 07:30:00,126.3,126.35,126.35,126.3,133677.1,1058,2025-08-27 07:39:59
2025-08-27 07:40:00,126.35,126.35,126.35,126.3,120537.30000000003,954,2025-08-27 07:49:59
2025-08-27 07:50:00,126.35,126.35,126.4,126.3,199155.84999999998,1576,2025-08-27 07:59:01
2025-08-27 08:00:00,126.35,126.5,126.5,126.3,305148.80000000005,2415,2025-08-27 08:09:59
2025-08-27 08:10:00,126.5,126.45,126.5,126.45,52993.35,419,2025-08-27 08:19:59
2025-08-27 08:20:00,126.5,126.5,126.6,126.45,900745.5,7119,2025-08-27 08:29:59
2025-08-27 08:30:00,126.55,126.55,126.55,126.5,57315.5,453,2025-08-27 08:39:59
2025-08-27 08:40:00,126.5,126.45,126.65,126.35,2090661.55,16533,2025-08-27 08:49:59
2025-08-27 08:50:00,126.45,126.5,126.5,126.45,14289.75,113,2025-08-27 08:59:59
2025-08-27 09:00:00,126.5,126.45,126.5,126.3,155596.45,1231,2025-08-27 09:09:59
2025-08-27 09:10:00,126.45,126.45,126.55,126.45,186795.55,1477,2025-08-27 09:19:59
2025-08-27 09:20:00,126.4,126.3,126.45,126.3,50658.95,401,2025-08-27 09:29:59
2025-08-27 09:30:00,126.3,126.35,126.45,126.3,53189.4,421,2025-08-27 09:39:59
2025-08-27 09:40:00,126.35,126.45,126.5,126.35,61823.55,489,2025-08-27 09:49:59
2025-08-27 09:50:00,126.45,126.5,126.5,126.35,180479.8,1428,2025-08-27 09:59:59
2025-08-27 10:00:00,126.5,126.9,126.95,126.4,4355790.550000001,34373,2025-08-27 10:09:59
2025-08-27 10:10:00,126.8,127.0,127.05,126.8,3513836.45,27673,2025-08-27 10:19:59
2025-08-27 10:20:00,126.95,127.05,127.35,126.9,5418944.85,42631,2025-08-27 10:29:59
2025-08-27 10:30:00,127.05,127.0,127.05,127.0,560449.1,4412,2025-08-27 10:39:59
2025-08-27 10:40:00,127.05,127.1,127.2,127.05,2355554.1500000004,18533,2025-08-27 10:49:59
2025-08-27 10:50:00,127.2,127.15,127.2,127.1,113933.04999999999,896,2025-08-27 10:59:59
2025-08-27 11:00:00,127.15,127.05,127.15,127.05,1075379.25,8460,2025-08-27 11:09:59
2025-08-27 11:10:00,127.1,127.15,127.15,127.0,2084165.8,16398,2025-08-27 11:19:59
2025-08-27 11:20:00,127.15,127.4,127.4,127.15,3981608.1,31274,2025-08-27 11:29:59
2025-08-27 11:30:00,127.4,127.55,127.6,127.3,3036762.5000000014,23828,2025-08-27 11:39:59
2025-08-27 11:40:00,127.55,127.35,127.55,127.35,1095630.1999999995,8598,2025-08-27 11:49:59
2025-08-27 11:50:00,127.35,127.4,127.55,127.35,2204607.9,17305,2025-08-27 11:59:59
2025-08-27 12:00:00,127.4,127.55,127.55,127.4,571533.9500000001,4482,2025-08-27 12:09:59
2025-08-27 12:10:00,127.5,127.5,127.6,127.45,1776854.7000000002,13931,2025-08-27 12:19:59
2025-08-27 12:20:00,127.6,127.5,127.6,127.5,375613.25,2945,2025-08-27 12:29:59
2025-08-27 12:30:00,127.5,127.55,127.55,127.5,327937.3,2572,2025-08-27 12:39:59
2025-08-27 12:40:00,127.55,127.6,127.6,127.5,5337167.55,41858,2025-08-27 12:49:59
2025-08-27 12:50:00,127.55,128.1,128.2,127.5,18216714.9,142542,2025-08-27 12:59:59
2025-08-27 13:00:00,128.2,128.45,128.7,128.2,24489968.650000002,190642,2025-08-27 13:09:59
2025-08-27 13:10:00,128.45,128.65,128.65,128.3,5135364.800000001,39995,2025-08-27 13:19:59
2025-08-27 13:20:00,128.6,128.45,128.7,128.3,5898046.15,45901,2025-08-27 13:29:59
2025-08-27 13:30:00,128.55,128.4,128.6,128.35,3439260.750000001,26774,2025-08-27 13:39:59
2025-08-27 13:40:00,128.5,128.05,128.55,127.95,10098686.649999999,78802,2025-08-27 13:49:59
2025-08-27 13:50:00,128.05,128.2,128.6,128.05,5460787.450000002,42568,2025-08-27 13:59:59
2025-08-27 14:00:00,128.2,128.05,128.2,128.0,5039228.6,39343,2025-08-27 14:09:59
2025-08-27 14:10:00,128.15,128.3,128.45,128.1,3022047.1999999997,23545,2025-08-27 14:19:59
2025-08-27 14:20:00,128.35,128.2,128.45,128.15,992298.15,7733,2025-08-27 14:29:59
2025-08-27 14:30:00,128.2,128.25,128.25,128.15,2193890.8000000003,17115,2025-08-27 14:39:59
2025-08-27 14:40:00,128.25,128.25,128.25,128.05,4864051.050000001,37944,2025-08-27 14:49:59
2025-08-27 14:50:00,128.25,129.15,129.55,128.2,38116129.50000001,295528,2025-08-27 14:59:59
2025-08-27 15:00:00,129.05,129.25,129.55,128.95,31769132.950000007,245692,2025-08-27 15:09:59
2025-08-27 15:10:00,129.15,128.95,129.25,128.7,10322456.049999997,80042,2025-08-27 15:19:59
2025-08-27 15:20:00,128.9,129.0,129.2,128.8,6795227.7,52694,2025-08-27 15:29:59
2025-08-27 15:30:00,129.0,129.1,129.2,129.0,13977867.700000003,108251,2025-08-27 15:39:59
2025-08-27 15:40:00,129.15,129.25,129.4,129.05,5479459.2,42401,2025-08-27 15:49:59
2025-08-27 15:50:00,129.25,129.75,129.8,129.2,13846314.100000001,106869,2025-08-27 15:59:59
2025-08-27 16:00:00,129.8,129.6,130.2,129.3,51668987.550000004,397939,2025-08-27 16:09:59
2025-08-27 16:10:00,129.5,129.95,129.95,129.5,8503154.000000002,65486,2025-08-27 16:19:59
2025-08-27 16:20:00,129.85,130.25,130.25,129.75,15890741.350000001,122271,2025-08-27 16:29:59
2025-08-27 16:30:00,130.15,130.5,130.8,129.7,35410756.2,271880,2025-08-27 16:39:59
2025-08-27 16:40:00,130.5,132.5,132.75,130.45,61736332.249999985,469666,2025-08-27 16:49:59
2025-08-27 16:50:00,132.5,132.8,134.2,132.0,95160394.40000002,715336,2025-08-27 16:59:59
2025-08-27 17:00:00,132.85,132.5,133.0,132.35,34344834.65,258979,2025-08-27 17:09:59
2025-08-27 17:10:00,132.55,132.2,132.9,132.15,23177277.099999994,174939,2025-08-27 17:19:59
2025-08-27 17:20:00,132.35,132.4,132.45,132.05,13044657.85,98641,2025-08-27 17:29:59
2025-08-27 17:30:00,132.35,132.35,132.7,132.2,10548274.599999998,79632,2025-08-27 17:39:59
2025-08-27 17:40:00,132.4,131.75,132.4,131.35,31246092.05000001,237079,2025-08-27 17:49:59
2025-08-27 17:50:00,131.75,131.65,131.85,131.5,7760531.3999999985,58952,2025-08-27 17:59:59
2025-08-27 18:00:00,131.65,131.75,132.0,131.65,7717928.449999998,58537,2025-08-27 18:09:59
2025-08-27 18:10:00,131.7,131.5,131.95,131.45,5549542.95,42129,2025-08-27 18:19:59
2025-08-27 18:20:00,131.5,131.3,131.85,131.1,11374968.7,86567,2025-08-27 18:29:59
2025-08-27 18:30:00,131.3,131.3,131.5,131.1,5959891.5,45397,2025-08-27 18:39:59
2025-08-27 18:40:00,131.3,131.3,131.3,131.3,311574.9,2373,2025-08-27 18:49:59
2025-08-27 19:00:00,131.2,131.75,131.9,131.2,4336574.95,32932,2025-08-27 19:09:59
2025-08-27 19:10:00,131.8,132.25,132.5,131.75,9931912.200000001,75191,2025-08-27 19:19:59
2025-08-27 19:20:00,132.25,131.85,132.45,131.75,5372715.149999999,40695,2025-08-27 19:29:59
2025-08-27 19:30:00,131.95,131.75,132.0,131.6,8474717.6,64323,2025-08-27 19:39:59
2025-08-27 19:40:00,131.75,130.9,131.95,130.4,27082123.000000004,206705,2025-08-27 19:49:59
2025-08-27 19:50:00,130.9,130.9,131.0,130.75,3968871.9,30334,2025-08-27 19:59:59
2025-08-27 20:00:00,130.9,130.6,131.1,130.6,5407105.800000001,41318,2025-08-27 20:09:59
2025-08-27 20:10:00,130.75,131.05,131.05,130.65,2160734.3,16507,2025-08-27 20:19:59
2025-08-27 20:20:00,131.0,131.6,131.6,130.85,7917308.949999999,60291,2025-08-27 20:29:59
2025-08-27 20:30:00,131.6,131.35,131.7,131.3,2943660.4,22381,2025-08-27 20:39:59
2025-08-27 20:40:00,131.35,131.05,131.35,130.65,10319152.900000002,78820,2025-08-27 20:49:59
2025-08-27 20:50:00,131.05,131.0,131.15,130.95,1302453.6500000001,9937,2025-08-27 20:59:59
2025-08-27 21:00:00,131.0,131.3,131.35,131.0,1222913.9,9325,2025-08-27 21:09:59
2025-08-27 21:10:00,131.3,131.55,131.6,131.3,5620040.850000001,42759,2025-08-27 21:19:59
2025-08-27 21:20:00,131.5,131.45,131.7,131.4,3143628.15,23891,2025-08-27 21:29:59
2025-08-27 21:30:00,131.55,131.2,131.55,130.75,4786367.1,36508,2025-08-27 21:39:59
2025-08-27 21:40:00,131.2,131.0,131.3,130.9,1820950.3499999999,13891,2025-08-27 21:49:59
2025-08-27 21:50:00,131.0,131.0,131.1,130.85,903990.05,6902,2025-08-27 21:59:59
2025-08-27 22:00:00,131.0,130.9,131.1,130.75,2352527.7,17977,2025-08-27 22:09:59
2025-08-27 22:10:00,130.9,130.85,130.95,130.75,1755886.9000000001,13419,2025-08-27 22:19:59
2025-08-27 22:20:00,130.85,130.8,131.0,130.65,5844438.449999999,44686,2025-08-27 22:29:59
2025-08-27 22:30:00,130.8,130.6,130.85,130.6,5417006.100000001,41462,2025-08-27 22:39:59
2025-08-27 22:40:00,130.75,130.9,131.05,130.65,3246981.5500000003,24798,2025-08-27 22:49:59
2025-08-27 22:50:00,130.9,131.25,131.3,130.85,3086147.95,23549,2025-08-27 22:59:59
2025-08-27 23:00:00,131.1,131.1,131.25,131.1,1536867.4499999997,11718,2025-08-27 23:09:59
2025-08-27 23:10:00,131.15,131.05,131.2,130.95,3024071.9,23069,2025-08-27 23:19:59
2025-08-27 23:20:00,131.05,131.05,131.15,131.0,3181055.1999999997,24261,2025-08-27 23:29:59
2025-08-27 23:30:00,131.05,131.05,131.15,131.0,2014172.1999999997,15366,2025-08-27 23:39:59
2025-08-27 23:40:00,131.05,131.05,131.35,131.05,3911565.5499999993,29829,2025-08-27 23:49:59
2025-08-28 06:50:00,131.2,131.2,131.2,131.2,689587.2,5256,2025-08-28 06:59:59
2025-08-28 07:00:00,131.1,130.3,131.2,130.2,7621113.899999999,58331,2025-08-28 07:09:59
2025-08-28 07:10:00,130.45,130.4,130.65,130.3,2310979.0999999996,17713,2025-08-28 07:19:59
2025-08-28 07:20:00,130.45,130.35,130.6,130.3,4692103.15,35977,2025-08-28 07:29:59
2025-08-28 07:30:00,130.35,130.55,130.6,130.35,751316.55,5757,2025-08-28 07:39:59
2025-08-28 07:40:00,130.5,130.3,130.5,130.25,1659121.2000000002,12726,2025-08-28 07:49:59
2025-08-28 07:50:00,130.25,130.4,130.4,130.25,736287.95,5651,2025-08-28 07:59:01
2025-08-28 08:00:00,130.3,129.95,130.45,129.85,9031379.200000005,69428,2025-08-28 08:09:59
2025-08-28 08:10:00,129.95,130.15,130.3,129.95,2472196.0500000003,18989,2025-08-28 08:19:59
2025-08-28 08:20:00,130.15,130.2,130.2,130.1,1819810.9999999998,13979,2025-08-28 08:29:59
2025-08-28 08:30:00,130.2,130.35,130.35,130.1,361446.5,2775,2025-08-28 08:39:59
2025-08-28 08:40:00,130.25,130.25,130.3,130.15,233923.95,1796,2025-08-28 08:49:59
2025-08-28 08:50:00,130.3,130.65,130.65,130.3,2129263.4,16311,2025-08-28 08:59:59
2025-08-28 09:00:00,130.6,130.35,130.65,130.2,2588808.8,19849,2025-08-28 09:09:59
2025-08-28 09:10:00,130.25,130.15,130.3,130.1,1518581.2000000002,11665,2025-08-28 09:19:59
2025-08-28 09:20:00,130.2,130.3,130.35,130.2,314025.14999999997,2411,2025-08-28 09:29:59
2025-08-28 09:30:00,130.3,130.4,130.45,130.3,916920.4,7033,2025-08-28 09:39:59
2025-08-28 09:40:00,130.3,130.4,130.4,130.3,445977.1,3421,2025-08-28 09:49:59
2025-08-28 09:50:00,130.45,130.5,130.75,130.4,3160018.45,24196,2025-08-28 09:59:59
2025-08-28 10:00:00,130.5,130.3,130.6,130.0,7339239.1,56330,2025-08-28 10:09:59
2025-08-28 10:10:00,130.25,130.3,130.35,129.8,8399873.899999999,64584,2025-08-28 10:19:59
2025-08-28 10:20:00,130.2,130.3,130.35,130.05,3387576.9500000007,26016,2025-08-28 10:29:59
2025-08-28 10:30:00,130.3,130.5,130.55,130.2,1713314.4000000001,13148,2025-08-28 10:39:59
2025-08-28 10:40:00,130.5,130.65,130.9,130.2,6448404.750000002,49373,2025-08-28 10:49:59
2025-08-28 10:50:00,130.7,130.55,130.9,130.5,3233585.7000000007,24740,2025-08-28 10:59:59
2025-08-28 11:00:00,130.55,130.65,130.9,130.2,6635795.65,50852,2025-08-28 11:09:59
2025-08-28 11:10:00,130.65,131.0,131.0,130.65,3329715.55,25434,2025-08-28 11:19:59
2025-08-28 11:20:00,131.05,131.0,131.35,131.0,5987611.9,45637,2025-08-28 11:29:59
2025-08-28 11:30:00,131.0,131.6,131.7,131.0,11537440.399999995,87724,2025-08-28 11:39:59
2025-08-28 11:40:00,131.65,131.95,132.1,131.65,8821794.95,66881,2025-08-28 11:49:59
2025-08-28 11:50:00,131.95,131.4,132.0,131.3,4930068.300000001,37480,2025-08-28 11:59:59
2025-08-28 12:00:00,131.4,130.75,131.45,130.75,11353656.399999999,86656,2025-08-28 12:09:59
2025-08-28 12:10:00,130.85,130.9,131.2,130.8,2835640.7500000005,21644,2025-08-28 12:19:59
2025-08-28 12:20:00,131.05,131.15,131.25,131.0,836349.6999999998,6380,2025-08-28 12:29:59
2025-08-28 12:30:00,131.15,130.8,131.15,130.7,2212769.6999999997,16898,2025-08-28 12:39:59
2025-08-28 12:40:00,130.8,131.1,131.15,130.8,1089367.5,8312,2025-08-28 12:49:59
2025-08-28 12:50:00,131.1,130.85,131.15,130.7,2117710.9499999997,16170,2025-08-28 12:59:59
2025-08-28 13:00:00,130.85,130.9,131.0,130.75,4904724.85,37446,2025-08-28 13:09:59
2025-08-28 13:10:00,130.8,131.0,131.05,130.8,2049436.1,15650,2025-08-28 13:19:59
2025-08-28 13:20:00,131.05,131.0,131.05,131.0,1271295.6,9704,2025-08-28 13:29:59
2025-08-28 13:30:00,131.05,130.75,131.1,130.65,5396296.5,41240,2025-08-28 13:39:59
2025-08-28 13:40:00,130.75,130.9,130.9,130.75,101541.55,776,2025-08-28 13:49:59
2025-08-28 13:50:00,130.85,130.4,130.85,130.2,7202183.85,55228,2025-08-28 13:59:59
2025-08-28 14:00:00,130.35,130.5,130.5,130.25,1191025.2,9131,2025-08-28 14:09:59
2025-08-28 14:10:00,130.5,130.85,130.9,130.4,7577864.400000001,58014,2025-08-28 14:19:59
2025-08-28 14:20:00,130.8,130.8,130.9,130.7,343730.30000000005,2628,2025-08-28 14:29:59
2025-08-28 14:30:00,130.9,130.95,131.0,130.75,1117894.5,8541,2025-08-28 14:39:59
2025-08-28 14:40:00,130.95,131.0,131.05,130.9,822667.2999999999,6281,2025-08-28 14:49:59
2025-08-28 14:50:00,131.0,131.05,131.1,130.9,2139888.3499999996,16335,2025-08-28 14:59:59
2025-08-28 15:00:00,131.05,131.05,131.05,131.0,197223.7,1505,2025-08-28 15:09:59
2025-08-28 15:10:00,131.05,131.95,132.0,131.0,15444858.950000022,117319,2025-08-28 15:19:59
2025-08-28 15:20:00,131.95,131.8,132.0,131.2,7567905.849999997,57511,2025-08-28 15:29:59
2025-08-28 15:30:00,131.7,131.7,131.9,131.7,2833668.4000000004,21501,2025-08-28 15:39:59
2025-08-28 15:40:00,131.75,132.3,132.3,131.7,8139406.149999999,61651,2025-08-28 15:49:59
2025-08-28 15:50:00,132.3,131.95,132.3,131.95,8709545.049999999,65928,2025-08-28 15:59:59
2025-08-28 16:00:00,131.9,131.95,132.0,131.85,612292.2499999999,4642,2025-08-28 16:09:59
2025-08-28 16:10:00,131.95,131.95,131.95,131.75,917946.0499999998,6962,2025-08-28 16:19:59
2025-08-28 16:20:00,131.9,132.15,132.2,131.75,6990723.349999999,52947,2025-08-28 16:29:59
2025-08-28 16:30:00,132.15,131.85,132.45,131.85,4017209.4999999995,30384,2025-08-28 16:39:59
2025-08-28 16:40:00,131.95,131.45,132.0,131.3,9348023.699999997,71091,2025-08-28 16:49:59
2025-08-28 16:50:00,131.4,131.2,131.45,131.1,1896293.0499999998,14447,2025-08-28 16:59:59
2025-08-28 17:00:00,131.15,131.15,131.3,131.05,1574843.7999999998,12004,2025-08-28 17:09:59
2025-08-28 17:10:00,131.25,131.25,131.25,131.05,1697565.25,12944,2025-08-28 17:19:59
2025-08-28 17:20:00,131.25,131.1,131.25,131.1,430611.1000000001,3284,2025-08-28 17:29:59
2025-08-28 17:30:00,131.1,131.1,131.15,130.8,5715833.2,43632,2025-08-28 17:39:59
2025-08-28 17:40:00,131.05,131.15,131.2,131.05,285498.0,2177,2025-08-28 17:49:59
2025-08-28 17:50:00,131.2,131.65,131.8,131.15,5743291.7,43693,2025-08-28 17:59:59
2025-08-28 18:00:00,131.65,132.0,132.0,131.55,6462767.100000001,48984,2025-08-28 18:09:59
2025-08-28 18:10:00,132.0,131.95,132.05,131.75,4499150.449999999,34118,2025-08-28 18:19:59
2025-08-28 18:20:00,131.9,132.0,132.1,131.75,1679215.1999999995,12726,2025-08-28 18:29:59
2025-08-28 18:30:00,132.0,131.9,132.15,131.8,2955833.850000001,22398,2025-08-28 18:39:59
2025-08-28 18:40:00,131.9,131.9,131.9,131.9,38382.9,291,2025-08-28 18:49:09
2025-08-28 19:00:00,131.9,131.85,131.9,131.65,1407631.9000000001,10687,2025-08-28 19:09:59
2025-08-28 19:10:00,131.8,131.65,131.8,131.5,512436.4,3893,2025-08-28 19:19:59
2025-08-28 19:20:00,131.65,131.9,131.95,131.6,1344634.4500000002,10198,2025-08-28 19:29:59
2025-08-28 19:30:00,131.7,131.8,131.85,131.65,579537.5,4398,2025-08-28 19:39:59
2025-08-28 19:40:00,131.8,131.75,131.85,131.65,655726.25,4976,2025-08-28 19:49:59
2025-08-28 19:50:00,131.75,131.9,131.95,131.55,2302685.3500000006,17478,2025-08-28 19:59:59
2025-08-28 20:00:00,131.9,131.05,131.9,131.05,4742858.45,36114,2025-08-28 20:09:59
2025-08-28 20:10:00,131.15,131.05,131.15,130.45,8934564.200000001,68323,2025-08-28 20:19:59
2025-08-28 20:20:00,131.05,130.85,131.1,130.8,2260647.45,17259,2025-08-28 20:29:59
2025-08-28 20:30:00,130.95,130.4,130.95,130.15,5853114.95,44923,2025-08-28 20:39:59
2025-08-28 20:40:00,130.4,130.45,130.45,130.1,7881312.550000001,60530,2025-08-28 20:49:59
2025-08-28 20:50:00,130.4,130.6,130.65,130.35,1965386.9000000001,15063,2025-08-28 20:59:59
2025-08-28 21:00:00,130.5,130.75,130.75,130.5,2512784.85,19236,2025-08-28 21:09:59
2025-08-28 21:10:00,130.75,130.4,130.85,130.4,3490722.4999999995,26733,2025-08-28 21:19:59
2025-08-28 21:20:00,130.4,130.75,130.85,130.4,1442428.75,11038,2025-08-28 21:29:59
2025-08-28 21:30:00,130.75,130.85,131.0,130.7,1504185.7000000002,11490,2025-08-28 21:39:59
2025-08-28 21:40:00,130.85,130.85,131.05,130.85,1759509.7,13433,2025-08-28 21:49:59
2025-08-28 21:50:00,130.85,130.95,130.95,130.85,896086.9999999999,6844,2025-08-28 21:59:59
2025-08-28 22:00:00,130.95,130.95,131.0,130.85,986821.25,7538,2025-08-28 22:09:59
2025-08-28 22:10:00,130.95,130.85,130.95,130.65,2955310.45,22591,2025-08-28 22:19:59
2025-08-28 22:20:00,130.9,130.95,131.0,130.6,1668454.6,12759,2025-08-28 22:29:59
2025-08-28 22:30:00,130.75,130.55,130.85,130.55,537464.75,4113,2025-08-28 22:39:59
2025-08-28 22:40:00,130.55,130.6,130.8,130.55,286383.14999999997,2192,2025-08-28 22:49:59
2025-08-28 22:50:00,130.8,130.9,130.9,130.6,590154.5000000001,4511,2025-08-28 22:59:59
2025-08-28 23:00:00,130.75,130.6,130.85,130.55,1191961.1999999997,9125,2025-08-28 23:09:59
2025-08-28 23:10:00,130.55,130.85,130.85,130.55,541600.6000000001,4146,2025-08-28 23:19:59
2025-08-28 23:20:00,130.85,131.1,131.1,130.75,1506453.0,11499,2025-08-28 23:29:59
2025-08-28 23:30:00,131.1,131.1,131.1,131.05,4799352.8,36619,2025-08-28 23:39:59
2025-08-28 23:40:00,131.1,131.6,131.6,131.05,826441.7999999999,6294,2025-08-28 23:49:59
2025-08-29 06:50:00,131.4,131.4,131.4,131.4,131400.0,1000,2025-08-29 06:59:59
2025-08-29 07:00:00,131.6,131.6,131.7,131.35,1129992.6,8593,2025-08-29 07:09:59
2025-08-29 07:10:00,131.6,131.3,131.65,131.3,537129.1,4087,2025-08-29 07:19:59
2025-08-29 07:20:00,131.3,131.25,131.3,131.2,72187.55,550,2025-08-29 07:29:59
2025-08-29 07:30:00,131.25,131.15,131.25,131.0,606398.9500000001,4626,2025-08-29 07:39:59
2025-08-29 07:40:00,131.2,131.35,131.35,131.15,482668.15,3677,2025-08-29 07:49:59
2025-08-29 07:50:00,131.4,131.55,131.7,131.35,772648.25,5873,2025-08-29 07:59:59
2025-08-29 08:00:00,131.55,131.55,131.7,131.45,941674.6,7154,2025-08-29 08:09:59
2025-08-29 08:10:00,131.7,131.65,131.85,131.6,1839430.0,13959,2025-08-29 08:19:59
2025-08-29 08:20:00,131.65,131.65,131.7,131.65,143912.85,1093,2025-08-29 08:29:59
2025-08-29 08:30:00,131.7,131.75,131.75,131.65,144876.44999999998,1100,2025-08-29 08:39:59
2025-08-29 08:40:00,131.75,131.7,131.85,131.6,1435848.0,10902,2025-08-29 08:49:59
2025-08-29 08:50:00,131.7,131.5,131.7,131.5,70239.90000000001,534,2025-08-29 08:59:02
2025-08-29 09:00:00,131.55,131.7,132.2,131.05,17385042.599999998,131933,2025-08-29 09:09:59
2025-08-29 09:10:00,131.7,131.5,131.7,131.25,1950856.65,14836,2025-08-29 09:19:59
2025-08-29 09:20:00,131.5,131.3,131.55,131.25,412325.30000000005,3138,2025-08-29 09:29:59
2025-08-29 09:30:00,131.3,131.25,131.3,131.15,496133.1500000001,3782,2025-08-29 09:39:59
2025-08-29 09:40:00,131.2,131.3,131.3,131.1,618786.7000000001,4715,2025-08-29 09:49:59
2025-08-29 09:50:00,131.35,131.0,131.35,131.0,907782.1500000001,6924,2025-08-29 09:59:59
2025-08-29 10:00:00,131.0,131.1,131.25,130.75,2806874.9,21424,2025-08-29 10:09:59
2025-08-29 10:10:00,131.1,130.9,131.1,130.6,3160352.55,24163,2025-08-29 10:19:59
2025-08-29 10:20:00,130.9,131.05,131.2,130.8,3433970.7500000014,26211,2025-08-29 10:29:59
2025-08-29 10:30:00,131.05,130.8,131.05,130.7,1968829.6,15054,2025-08-29 10:39:59
2025-08-29 10:40:00,130.75,131.0,131.0,130.75,572389.2,4372,2025-08-29 10:49:59
2025-08-29 10:50:00,130.95,131.25,131.3,130.9,2127122.9,16214,2025-08-29 10:59:59
2025-08-29 11:00:00,131.2,131.05,131.3,131.0,1501564.3999999997,11454,2025-08-29 11:09:59
2025-08-29 11:10:00,131.15,130.9,131.15,130.9,1052188.7,8034,2025-08-29 11:19:59
2025-08-29 11:20:00,130.9,130.9,131.05,130.7,2602849.2500000005,19895,2025-08-29 11:29:59
2025-08-29 11:30:00,130.75,130.65,130.95,130.65,1309735.2499999998,10016,2025-08-29 11:39:59
2025-08-29 11:40:00,130.7,131.0,131.15,130.65,3223309.5,24639,2025-08-29 11:49:59
2025-08-29 11:50:00,131.0,130.9,131.0,130.85,617178.0,4715,2025-08-29 11:59:59
2025-08-29 12:00:00,130.85,130.9,130.9,130.8,438646.95,3352,2025-08-29 12:09:59
2025-08-29 12:10:00,130.85,130.55,130.85,130.55,2859281.0500000003,21886,2025-08-29 12:19:59
2025-08-29 12:20:00,130.6,130.75,130.85,130.55,1197225.5,9161,2025-08-29 12:29:59
2025-08-29 12:30:00,130.75,130.55,130.8,130.55,2571742.8000000003,19679,2025-08-29 12:39:59
2025-08-29 12:40:00,130.65,130.3,130.7,130.25,7250165.4,55612,2025-08-29 12:49:59
2025-08-29 12:50:00,130.3,130.2,130.35,130.0,6323990.15,48611,2025-08-29 12:59:59
2025-08-29 13:00:00,130.2,130.6,131.65,130.2,8342062.350000001,63716,2025-08-29 13:09:59
2025-08-29 13:10:00,130.6,130.65,130.85,130.55,3070233.4,23494,2025-08-29 13:19:59
2025-08-29 13:20:00,130.75,130.9,131.1,130.65,1645366.0499999998,12570,2025-08-29 13:29:59
2025-08-29 13:30:00,130.9,130.55,130.95,130.5,2802009.9499999993,21422,2025-08-29 13:39:59
2025-08-29 13:40:00,130.6,130.75,130.8,130.55,805850.5000000001,6167,2025-08-29 13:49:59
2025-08-29 13:50:00,130.6,130.5,130.7,130.5,1162247.75,8904,2025-08-29 13:59:59
2025-08-29 14:00:00,130.5,130.3,130.5,130.25,2319000.8499999996,17796,2025-08-29 14:09:59
2025-08-29 14:10:00,130.3,130.2,130.3,130.2,1106666.95,8496,2025-08-29 14:19:59
2025-08-29 14:20:00,130.2,130.15,130.5,130.0,6946461.599999999,53352,2025-08-29 14:29:59
2025-08-29 14:30:00,130.15,130.05,130.25,130.0,2015629.3499999999,15500,2025-08-29 14:39:59
2025-08-29 14:40:00,130.05,130.2,130.25,129.8,6445133.250000001,49586,2025-08-29 14:49:59
2025-08-29 14:50:00,130.2,130.35,130.4,130.05,873943.4500000001,6711,2025-08-29 14:59:59
2025-08-29 15:00:00,130.4,130.25,130.4,130.25,233277.05,1790,2025-08-29 15:09:59
2025-08-29 15:10:00,130.2,130.15,130.25,130.15,1464560.7999999998,11248,2025-08-29 15:19:59
2025-08-29 15:20:00,130.15,130.2,130.3,130.0,1274562.6,9800,2025-08-29 15:29:59
2025-08-29 15:30:00,130.15,130.1,130.2,130.0,901038.85,6927,2025-08-29 15:39:59
2025-08-29 15:40:00,130.1,130.1,130.15,130.0,1480957.9000000001,11389,2025-08-29 15:49:59
2025-08-29 15:50:00,130.1,129.95,130.1,129.8,2831798.7499999995,21788,2025-08-29 15:59:59
2025-08-29 16:00:00,129.9,129.95,130.1,129.8,2582946.95,19877,2025-08-29 16:09:59
2025-08-29 16:10:00,130.05,129.95,130.05,129.9,349728.7,2691,2025-08-29 16:19:59
2025-08-29 16:20:00,129.9,129.9,130.0,129.9,471545.95000000007,3630,2025-08-29 16:29:59
2025-08-29 16:30:00,129.95,129.75,130.0,129.75,1724902.5500000003,13284,2025-08-29 16:39:59
2025-08-29 16:40:00,129.8,129.85,129.9,129.75,155626.74999999997,1199,2025-08-29 16:49:59
2025-08-29 16:50:00,129.85,129.7,129.9,129.7,1174329.4,9052,2025-08-29 16:59:59
2025-08-29 17:00:00,129.8,131.5,131.85,129.7,32195724.599999994,245633,2025-08-29 17:09:59
2025-08-29 17:10:00,131.55,131.6,131.95,130.95,29275173.50000001,222613,2025-08-29 17:19:59
2025-08-29 17:20:00,131.6,131.3,131.75,131.2,8021019.499999999,61020,2025-08-29 17:29:59
2025-08-29 17:30:00,131.3,131.25,131.45,131.15,2555930.7,19460,2025-08-29 17:39:59
2025-08-29 17:40:00,131.25,132.05,132.05,131.15,10627275.35,80625,2025-08-29 17:49:59
2025-08-29 17:50:00,132.05,132.6,132.9,132.05,32690665.2,246563,2025-08-29 17:59:59
2025-08-29 18:00:00,132.6,132.55,132.75,132.15,14129289.850000003,106660,2025-08-29 18:09:59
2025-08-29 18:10:00,132.55,132.45,132.65,132.2,3069556.2500000005,23186,2025-08-29 18:19:59
2025-08-29 18:20:00,132.35,132.3,132.65,132.15,5509413.049999999,41620,2025-08-29 18:29:59
2025-08-29 18:30:00,132.3,132.35,132.35,132.0,7684665.399999999,58104,2025-08-29 18:39:59
2025-08-29 18:40:00,132.35,132.35,132.35,132.35,173246.15000000002,1309,2025-08-29 18:49:59
2025-08-29 19:00:00,132.3,132.9,133.0,132.3,9276758.399999999,69896,2025-08-29 19:09:59
2025-08-29 19:10:00,132.85,132.45,132.85,132.35,2604694.45,19636,2025-08-29 19:19:59
2025-08-29 19:20:00,132.45,133.0,133.0,132.45,7854529.050000001,59151,2025-08-29 19:29:59
2025-08-29 19:30:00,133.0,132.7,133.0,132.5,1776575.0500000003,13385,2025-08-29 19:39:59
2025-08-29 19:40:00,132.65,132.4,132.75,132.35,2391456.3999999994,18045,2025-08-29 19:49:59
2025-08-29 19:50:00,132.4,132.6,132.95,132.35,2323813.2499999995,17508,2025-08-29 19:59:59
2025-08-29 20:00:00,132.6,132.5,132.65,132.35,2028095.6500000004,15314,2025-08-29 20:09:59
2025-08-29 20:10:00,132.45,132.9,132.9,132.4,1402704.0,10568,2025-08-29 20:19:59
2025-08-29 20:20:00,132.75,133.25,133.3,132.75,9699287.999999998,72894,2025-08-29 20:29:59
2025-08-29 20:30:00,133.3,134.15,134.75,133.3,37950208.400000006,283081,2025-08-29 20:39:59
2025-08-29 20:40:00,134.2,134.35,134.75,134.1,17891808.850000005,133009,2025-08-29 20:49:59
2025-08-29 20:50:00,134.4,134.65,134.9,134.35,10336207.049999999,76714,2025-08-29 20:59:59
2025-08-29 21:00:00,134.7,134.3,134.7,134.15,14513340.8,107952,2025-08-29 21:09:59
2025-08-29 21:10:00,134.4,133.95,134.4,133.35,18458430.450000003,137946,2025-08-29 21:19:59
2025-08-29 21:20:00,134.0,134.05,134.15,133.95,1724840.25,12868,2025-08-29 21:29:59
2025-08-29 21:30:00,134.05,133.55,134.35,133.55,9039082.5,67460,2025-08-29 21:39:59
2025-08-29 21:40:00,133.55,133.6,133.85,133.5,4328880.1,32398,2025-08-29 21:49:59
2025-08-29 21:50:00,133.6,133.85,133.95,133.5,3179798.8499999996,23793,2025-08-29 21:59:59
2025-08-29 22:00:00,133.8,133.9,134.15,133.7,2886580.8500000006,21551,2025-08-29 22:09:59
2025-08-29 22:10:00,133.9,134.45,134.6,133.75,18256486.599999994,135912,2025-08-29 22:19:59
2025-08-29 22:20:00,134.55,134.1,134.55,134.05,6112633.05,45528,2025-08-29 22:29:59
2025-08-29 22:30:00,134.15,134.6,134.6,134.15,3189244.4000000004,23723,2025-08-29 22:39:59
2025-08-29 22:40:00,134.6,134.7,134.95,134.35,20114500.7,149294,2025-08-29 22:49:59
2025-08-29 22:50:00,134.65,134.55,134.8,134.55,3353289.3499999954,24902,2025-08-29 22:59:59
2025-08-29 23:00:00,134.55,134.6,134.6,134.35,2317363.2,17236,2025-08-29 23:09:59
2025-08-29 23:10:00,134.65,134.6,134.85,134.55,5292084.500000008,39274,2025-08-29 23:19:59
2025-08-29 23:20:00,134.75,134.9,134.9,134.65,3436694.2500000014,25494,2025-08-29 23:29:59
2025-08-29 23:30:00,134.9,135.05,135.45,134.85,20224425.15,149703,2025-08-29 23:39:59
2025-08-29 23:40:00,135.1,135.1,135.5,135.05,13690457.900000002,101260,2025-08-29 23:49:59
2025-08-30 09:50:00,135.2,135.2,135.2,135.2,159671.2,1181,2025-08-30 09:59:59
2025-08-30 10:00:00,135.2,135.6,135.8,135.1,4907118.45,36199,2025-08-30 10:09:59
2025-08-30 10:10:00,135.65,134.9,135.65,134.9,1955419.65,14465,2025-08-30 10:19:59
2025-08-30 10:20:00,134.9,135.0,135.0,134.9,462330.69999999995,3426,2025-08-30 10:29:59
2025-08-30 10:30:00,134.95,134.7,135.0,134.65,554472.9,4112,2025-08-30 10:39:59
2025-08-30 10:40:00,134.75,134.7,134.8,134.7,252731.55000000005,1876,2025-08-30 10:49:59
2025-08-30 10:50:00,134.7,134.8,134.8,134.65,360264.85,2674,2025-08-30 10:59:59
2025-08-30 11:00:00,134.8,134.75,134.85,134.6,1056693.85,7844,2025-08-30 11:09:59
2025-08-30 11:10:00,134.7,134.3,134.75,134.25,2978737.4,22146,2025-08-30 11:19:59
2025-08-30 11:20:00,134.3,134.3,134.55,134.25,2840920.25,21157,2025-08-30 11:29:59
2025-08-30 11:30:00,134.5,134.55,134.6,134.4,346044.4000000001,2572,2025-08-30 11:39:59
2025-08-30 11:40:00,134.55,134.6,134.6,134.55,209836.1,1559,2025-08-30 11:49:59
2025-08-30 11:50:00,134.55,134.65,134.65,134.55,888399.75,6601,2025-08-30 11:59:59
2025-08-30 12:00:00,134.65,134.75,134.8,134.65,686603.4,5096,2025-08-30 12:09:59
2025-08-30 12:10:00,134.75,134.8,134.85,134.75,1409347.1500000001,10455,2025-08-30 12:19:59
2025-08-30 12:20:00,134.85,134.9,134.9,134.85,449765.85,3335,2025-08-30 12:29:59
2025-08-30 12:30:00,134.85,134.85,134.9,134.85,154808.80000000002,1148,2025-08-30 12:39:59
2025-08-30 12:40:00,134.85,134.9,134.9,134.85,25490.55,189,2025-08-30 12:49:59
2025-08-30 12:50:00,134.9,134.85,134.9,134.75,325515.44999999984,2414,2025-08-30 12:59:59
2025-08-30 13:00:00,134.85,134.6,134.85,134.6,314610.1,2336,2025-08-30 13:09:59
2025-08-30 13:10:00,134.6,134.55,134.6,134.55,252609.30000000002,1877,2025-08-30 13:19:59
2025-08-30 13:20:00,134.55,134.75,134.8,134.4,2148445.05,15977,2025-08-30 13:29:59
2025-08-30 13:30:00,134.55,134.8,134.8,134.45,263932.35,1959,2025-08-30 13:39:59
2025-08-30 13:40:00,134.8,134.55,134.8,134.55,608904.6499999999,4522,2025-08-30 13:49:59
2025-08-30 13:50:00,134.6,134.6,134.6,134.55,258545.44999999995,1921,2025-08-30 13:59:59
2025-08-30 14:00:00,134.6,134.75,134.8,134.5,489830.65,3640,2025-08-30 14:09:59
2025-08-30 14:10:00,134.75,134.85,134.9,134.65,1475330.3000000003,10941,2025-08-30 14:19:59
2025-08-30 14:20:00,134.85,134.7,134.9,134.55,1106022.9499999997,8203,2025-08-30 14:29:59
2025-08-30 14:30:00,134.6,134.8,134.9,134.6,498770.39999999997,3700,2025-08-30 14:39:59
2025-08-30 14:40:00,134.75,134.9,134.9,134.7,34789.6,258,2025-08-30 14:49:59
2025-08-30 14:50:00,134.9,134.75,134.9,134.75,192457.15,1427,2025-08-30 14:59:59
2025-08-30 15:00:00,134.75,134.7,134.9,134.7,260185.65000000005,1929,2025-08-30 15:09:59
2025-08-30 15:10:00,134.85,134.7,134.9,134.7,68498.09999999999,508,2025-08-30 15:19:59
2025-08-30 15:20:00,134.7,134.8,134.9,134.7,188813.84999999998,1400,2025-08-30 15:29:59
2025-08-30 15:30:00,134.85,134.85,134.9,134.6,300531.85,2231,2025-08-30 15:39:59
2025-08-30 15:40:00,134.6,134.8,134.9,134.5,689519.5999999999,5122,2025-08-30 15:49:59
2025-08-30 15:50:00,134.65,134.55,134.8,134.5,267487.05000000005,1988,2025-08-30 15:59:59
2025-08-30 16:00:00,134.75,134.75,134.85,134.55,268985.15,1996,2025-08-30 16:09:59
2025-08-30 16:10:00,134.8,134.75,134.85,134.75,206646.3,1533,2025-08-30 16:19:59
2025-08-30 16:20:00,134.85,134.7,134.9,134.55,713766.1,5297,2025-08-30 16:29:59
2025-08-30 16:30:00,134.75,134.6,134.85,134.55,115355.05,856,2025-08-30 16:39:59
2025-08-30 16:40:00,134.6,134.6,134.8,134.55,259710.75,1929,2025-08-30 16:49:59
2025-08-30 16:50:00,134.75,134.7,134.75,134.55,95297.75,708,2025-08-30 16:59:59
2025-08-30 17:00:00,134.7,134.75,134.75,134.55,160118.85,1189,2025-08-30 17:09:59
2025-08-30 17:10:00,134.7,134.55,134.75,134.25,6443357.849999999,47940,2025-08-30 17:19:59
2025-08-30 17:20:00,134.6,134.6,134.6,134.45,113570.69999999998,844,2025-08-30 17:29:59
2025-08-30 17:30:00,134.6,134.2,134.6,134.2,2181924.1000000006,16249,2025-08-30 17:39:59
2025-08-30 17:40:00,134.25,134.35,134.6,134.2,1623280.1500000001,12077,2025-08-30 17:49:59
2025-08-30 17:50:00,134.35,134.25,134.45,134.25,373831.99999999994,2781,2025-08-30 17:59:59
2025-08-30 18:00:00,134.25,134.2,134.4,134.0,3785334.5500000007,28234,2025-08-30 18:09:59
2025-08-30 18:10:00,134.2,134.15,134.2,134.0,558030.7499999999,4162,2025-08-30 18:19:59
2025-08-30 18:20:00,134.15,134.25,134.25,134.05,868073.6499999999,6472,2025-08-30 18:29:59
2025-08-30 18:30:00,134.25,134.7,134.7,134.2,2865461.1500000004,21294,2025-08-30 18:39:59
2025-08-30 18:40:00,134.6,134.1,134.65,134.1,1690853.4,12599,2025-08-30 18:49:59
2025-08-30 18:50:00,134.15,134.5,134.5,134.15,357187.7,2658,2025-08-30 18:59:59
2025-08-31 09:50:00,134.1,134.1,134.1,134.1,45996.299999999996,343,2025-08-31 09:59:59
2025-08-31 10:00:00,134.15,133.7,134.15,133.3,5081800.85,38010,2025-08-31 10:09:59
2025-08-31 10:10:00,133.75,133.8,133.8,133.5,559281.2999999999,4184,2025-08-31 10:19:59
2025-08-31 10:20:00,133.8,133.7,133.9,133.6,158392.65,1184,2025-08-31 10:29:59
2025-08-31 10:30:00,133.75,133.8,133.9,133.75,187494.55000000002,1401,2025-08-31 10:39:59
2025-08-31 10:40:00,133.8,133.8,133.8,133.7,735019.6499999999,5496,2025-08-31 10:49:59
2025-08-31 10:50:00,133.8,133.75,133.8,133.7,405257.85000000003,3031,2025-08-31 10:59:59
2025-08-31 11:00:00,133.75,133.7,133.75,133.7,106570.0,797,2025-08-31 11:09:59
2025-08-31 11:10:00,133.75,133.7,133.8,133.7,255537.05,1911,2025-08-31 11:19:59
2025-08-31 11:20:00,133.7,133.65,133.7,133.65,50669.95,379,2025-08-31 11:29:59
2025-08-31 11:30:00,133.7,133.7,133.7,133.65,89438.75,669,2025-08-31 11:39:59
2025-08-31 11:40:00,133.7,133.7,133.7,133.65,26872.8,201,2025-08-31 11:49:59
2025-08-31 11:50:00,133.7,133.6,133.7,133.6,1314389.0999999996,9831,2025-08-31 11:59:01
2025-08-31 12:00:00,133.7,133.7,133.7,133.6,465795.94999999995,3484,2025-08-31 12:09:59
2025-08-31 12:10:00,133.75,133.85,133.85,133.75,365434.69999999995,2731,2025-08-31 12:19:59
2025-08-31 12:20:00,133.85,133.85,133.85,133.7,55945.25,418,2025-08-31 12:29:59
2025-08-31 12:30:00,133.8,133.8,133.85,133.8,186568.15,1394,2025-08-31 12:39:59
2025-08-31 12:40:00,133.8,133.75,133.85,133.75,173546.55,1297,2025-08-31 12:49:59
2025-08-31 12:50:00,133.8,133.8,133.8,133.65,1421641.7,10633,2025-08-31 12:59:59
2025-08-31 13:00:00,133.8,133.7,133.8,133.7,50428.9,377,2025-08-31 13:09:59
2025-08-31 13:10:00,133.8,133.6,133.8,133.6,1719578.2000000002,12861,2025-08-31 13:19:59
2025-08-31 13:20:00,133.6,133.7,133.75,133.6,1591271.2,11910,2025-08-31 13:29:59
2025-08-31 13:30:00,133.75,133.7,133.75,133.7,288391.3,2157,2025-08-31 13:39:59
2025-08-31 13:40:00,133.7,133.7,133.7,133.5,1664173.4000000001,12462,2025-08-31 13:49:59
2025-08-31 13:50:00,133.75,133.7,133.75,133.65,309786.05000000005,2317,2025-08-31 13:59:59
2025-08-31 14:00:00,133.7,133.65,133.7,133.65,43585.0,326,2025-08-31 14:09:59
2025-08-31 14:10:00,133.7,133.55,133.7,133.55,106134.3,794,2025-08-31 14:19:59
2025-08-31 14:20:00,133.65,133.7,133.7,133.55,23519.550000000003,176,2025-08-31 14:29:59
2025-08-31 14:30:00,133.7,133.6,133.7,133.6,278101.39999999997,2081,2025-08-31 14:39:59
2025-08-31 14:40:00,133.6,133.75,133.75,133.55,583745.2499999999,4367,2025-08-31 14:49:59
2025-08-31 14:50:00,133.6,133.75,133.75,133.55,1054646.1500000001,7893,2025-08-31 14:59:59
2025-08-31 15:00:00,133.75,133.7,133.75,133.7,111510.65,834,2025-08-31 15:09:59
2025-08-31 15:10:00,133.7,133.6,133.75,133.6,288876.54999999993,2162,2025-08-31 15:19:59
2025-08-31 15:20:00,133.6,133.5,133.6,133.5,1687957.4,12642,2025-08-31 15:29:59
2025-08-31 15:30:00,133.5,133.7,133.7,133.5,1147958.85,8593,2025-08-31 15:39:59
2025-08-31 15:40:00,133.7,133.7,133.75,133.55,1088256.7,8138,2025-08-31 15:49:59
2025-08-31 15:50:00,133.6,133.65,133.75,133.6,127152.25,951,2025-08-31 15:59:59
2025-08-31 16:00:00,133.65,133.65,133.65,133.6,702028.8,5253,2025-08-31 16:09:59
2025-08-31 16:10:00,133.6,133.6,133.65,133.5,610565.5000000001,4570,2025-08-31 16:19:59
2025-08-31 16:20:00,133.6,133.65,133.65,133.55,264928.45,1983,2025-08-31 16:29:59
2025-08-31 16:30:00,133.65,133.65,133.65,133.6,547960.1000000001,4100,2025-08-31 16:39:59
2025-08-31 16:40:00,133.65,133.6,133.65,133.55,483084.8,3616,2025-08-31 16:49:59
2025-08-31 16:50:00,133.6,133.65,133.65,133.55,1341401.0999999996,10037,2025-08-31 16:59:59
2025-08-31 17:00:00,133.6,133.7,133.7,133.55,161932.7,1212,2025-08-31 17:09:59
2025-08-31 17:10:00,133.6,133.65,133.7,133.6,215571.3,1613,2025-08-31 17:19:59
2025-08-31 17:20:00,133.7,133.7,133.7,133.65,140499.5,1051,2025-08-31 17:29:59
2025-08-31 17:30:00,133.75,133.75,133.75,133.65,68462.95,512,2025-08-31 17:39:59
2025-08-31 17:40:00,133.75,133.65,133.75,133.65,494270.1000000001,3697,2025-08-31 17:49:59
2025-08-31 17:50:00,133.6,133.65,133.65,133.6,133096.8,996,2025-08-31 17:59:59
2025-08-31 18:00:00,133.65,133.65,133.65,133.6,298530.2,2234,2025-08-31 18:09:59
2025-08-31 18:10:00,133.6,133.6,133.65,133.45,1928204.1499999994,14440,2025-08-31 18:19:59
2025-08-31 18:20:00,133.5,133.5,133.5,133.35,2872847.7,21539,2025-08-31 18:29:59
2025-08-31 18:30:00,133.4,133.5,133.5,133.4,714872.85,5355,2025-08-31 18:39:59
2025-08-31 18:40:00,133.5,133.5,133.65,133.45,1264092.45,9469,2025-08-31 18:49:59
2025-08-31 18:50:00,133.45,133.5,133.5,133.4,122379.69999999994,917,2025-08-31 18:59:59
2025-09-01 06:50:00,133.6,133.6,133.6,133.6,37808.799999999996,283,2025-09-01 06:59:59
2025-09-01 07:00:00,133.55,133.75,134.15,133.5,2564467.349999995,19160,2025-09-01 07:09:59
2025-09-01 07:10:00,133.85,134.2,134.2,133.85,4374479.2,32639,2025-09-01 07:19:59
2025-09-01 07:20:00,134.2,134.5,134.5,134.2,2208525.35,16432,2025-09-01 07:29:59
2025-09-01 07:30:00,134.5,134.4,134.6,134.35,3666701.1500000004,27254,2025-09-01 07:39:59
2025-09-01 07:40:00,134.5,135.0,135.15,134.45,8496712.15,62979,2025-09-01 07:49:59
2025-09-01 07:50:00,135.0,135.0,135.45,135.0,6875880.15,50866,2025-09-01 07:59:59
2025-09-01 08:00:00,135.0,134.9,135.0,134.9,780605.0,5784,2025-09-01 08:09:59
2025-09-01 08:10:00,134.9,134.7,134.95,134.7,1400104.45,10389,2025-09-01 08:19:59
2025-09-01 08:20:00,134.7,134.4,134.75,134.3,2759486.2000000007,20516,2025-09-01 08:29:59
2025-09-01 08:30:00,134.4,134.6,134.6,134.35,600209.3,4463,2025-09-01 08:39:59
2025-09-01 08:40:00,134.6,134.55,134.6,134.45,725465.4500000001,5393,2025-09-01 08:49:59
2025-09-01 08:50:00,134.55,134.4,134.6,134.4,1343139.7999999998,9991,2025-09-01 08:59:59
2025-09-01 09:00:00,134.4,134.25,134.4,134.1,934955.7,6967,2025-09-01 09:09:59
2025-09-01 09:10:00,134.25,134.25,134.25,134.15,194471.55,1449,2025-09-01 09:19:59
2025-09-01 09:20:00,134.25,134.4,134.4,134.2,1180568.15,8791,2025-09-01 09:29:59
2025-09-01 09:30:00,134.4,134.4,134.4,134.25,25522.7,190,2025-09-01 09:39:59
2025-09-01 09:40:00,134.35,134.25,134.35,134.2,581375.35,4329,2025-09-01 09:49:59
2025-09-01 09:50:00,134.35,133.8,134.35,133.7,7403998.9,55273,2025-09-01 09:59:59
2025-09-01 10:00:00,133.9,133.8,133.95,133.7,3474292.100000001,25962,2025-09-01 10:09:59
2025-09-01 10:10:00,133.9,133.3,133.95,133.15,5641744.14999996,42278,2025-09-01 10:19:59
2025-09-01 10:20:00,133.35,133.0,133.55,132.85,17411396.499999985,130743,2025-09-01 10:29:59
2025-09-01 10:30:00,133.0,133.65,133.7,133.0,10923059.900000002,81837,2025-09-01 10:39:59
2025-09-01 10:40:00,133.65,133.45,133.65,133.4,461024.85,3454,2025-09-01 10:49:59
2025-09-01 10:50:00,133.45,133.2,133.45,133.15,1727802.05,12959,2025-09-01 10:59:59
2025-09-01 11:00:00,133.2,133.3,133.4,133.2,887717.7,6657,2025-09-01 11:09:59
2025-09-01 11:10:00,133.35,133.5,133.5,133.3,2275539.1999999997,17054,2025-09-01 11:19:59
2025-09-01 11:20:00,133.45,133.35,133.5,133.3,839419.4999999999,6293,2025-09-01 11:29:59
2025-09-01 11:30:00,133.35,133.45,133.5,133.25,618362.9,4638,2025-09-01 11:39:59
2025-09-01 11:40:00,133.45,133.55,133.6,133.35,1804973.05,13519,2025-09-01 11:49:59
2025-09-01 11:50:00,133.55,133.55,133.6,133.45,527887.9999999999,3953,2025-09-01 11:59:59
2025-09-01 12:00:00,133.55,133.6,133.6,133.4,1042088.95,7805,2025-09-01 12:09:59
2025-09-01 12:10:00,133.6,133.55,133.6,133.5,196317.2,1470,2025-09-01 12:19:59
2025-09-01 12:20:00,133.55,133.4,133.55,133.3,1361653.3499999999,10207,2025-09-01 12:29:59
2025-09-01 12:30:00,133.4,133.15,133.4,133.15,1531799.15,11497,2025-09-01 12:39:59
2025-09-01 12:40:00,133.2,133.25,133.3,133.15,490026.14999999997,3678,2025-09-01 12:49:59
2025-09-01 12:50:00,133.2,133.25,133.25,133.15,1059106.3,7950,2025-09-01 12:59:59
2025-09-01 13:00:00,133.2,133.3,133.3,133.2,152531.74999999997,1145,2025-09-01 13:09:59
2025-09-01 13:10:00,133.3,133.3,133.4,133.2,387966.65,2910,2025-09-01 13:19:59
2025-09-01 13:20:00,133.3,133.45,133.45,133.3,113257.49999999999,849,2025-09-01 13:29:59
2025-09-01 13:30:00,133.45,133.55,133.6,133.45,1857642.4500000002,13908,2025-09-01 13:39:59
2025-09-01 13:40:00,133.55,133.35,133.6,133.35,313323.8,2348,2025-09-01 13:49:59
2025-09-01 13:50:00,133.4,133.3,133.4,133.3,144936.59999999998,1087,2025-09-01 13:59:59
2025-09-01 14:00:00,133.3,133.4,133.4,133.3,327194.0999999999,2453,2025-09-01 14:09:59
2025-09-01 14:10:00,133.4,133.45,133.45,133.3,2935930.45,22001,2025-09-01 14:19:59
2025-09-01 14:20:00,133.4,133.4,133.45,133.35,455551.2,3415,2025-09-01 14:29:59
2025-09-01 14:30:00,133.4,133.45,133.45,133.4,195980.69999999998,1469,2025-09-01 14:39:59
2025-09-01 14:40:00,133.4,133.7,133.85,133.4,5409146.050000001,40510,2025-09-01 14:49:59
2025-09-01 14:50:00,133.7,133.7,133.7,133.65,268440.25,2008,2025-09-01 14:59:59
2025-09-01 15:00:00,133.7,133.7,133.75,133.65,131797.90000000002,986,2025-09-01 15:09:59
2025-09-01 15:10:00,133.65,133.65,133.7,133.5,374382.74999999994,2802,2025-09-01 15:19:59
2025-09-01 15:20:00,133.65,132.0,134.15,131.35,71693926.30000001,541051,2025-09-01 15:29:59
2025-09-01 15:30:00,132.05,135.05,135.7,132.05,105808754.39999999,790080,2025-09-01 15:39:59
2025-09-01 15:40:00,135.05,136.5,138.0,134.8,156130056.74999994,1141397,2025-09-01 15:49:59
2025-09-01 15:50:00,136.5,136.65,137.05,136.25,32954058.55,241152,2025-09-01 15:59:59
2025-09-01 16:00:00,136.55,137.3,137.6,136.5,48544924.0,354057,2025-09-01 16:09:59
2025-09-01 16:10:00,137.25,136.8,137.5,136.65,24044046.85,175453,2025-09-01 16:19:59
2025-09-01 16:20:00,136.8,137.7,138.25,136.7,100677372.89999999,730819,2025-09-01 16:29:59
2025-09-01 16:30:00,137.65,137.45,137.9,137.4,42364504.85000002,307714,2025-09-01 16:39:59
2025-09-01 16:40:00,137.5,137.65,138.5,137.45,85316108.3,618703,2025-09-01 16:49:59
2025-09-01 16:50:00,137.75,137.65,137.8,137.35,25369445.9,184505,2025-09-01 16:59:59
2025-09-01 17:00:00,137.65,137.7,138.15,137.15,41985080.50000002,304789,2025-09-01 17:09:59
2025-09-01 17:10:00,137.6,137.35,137.8,136.85,38920857.4,283461,2025-09-01 17:19:59
2025-09-01 17:20:00,137.4,137.9,137.95,137.3,21284024.349999998,154647,2025-09-01 17:29:59
2025-09-01 17:30:00,137.85,138.15,138.4,137.6,31603634.200000003,229031,2025-09-01 17:39:59
2025-09-01 17:40:00,138.15,137.8,138.25,137.65,20539939.699999996,148902,2025-09-01 17:49:59
2025-09-01 17:50:00,137.8,137.65,138.3,137.35,35513017.1,257557,2025-09-01 17:59:59
2025-09-01 18:00:00,137.55,137.7,137.7,137.35,15881344.950000003,115469,2025-09-01 18:09:59
2025-09-01 18:10:00,137.7,138.05,138.8,137.5,60345531.69999999,436025,2025-09-01 18:19:59
2025-09-01 18:20:00,138.05,138.75,138.75,138.05,22716949.099999994,164187,2025-09-01 18:29:59
2025-09-01 18:30:00,138.75,138.25,138.8,138.05,22588592.250000007,163355,2025-09-01 18:39:59
2025-09-01 18:40:00,138.2,138.2,138.2,138.2,1814289.5999999999,13128,2025-09-01 18:49:59
2025-09-01 19:00:00,138.2,138.1,138.3,137.95,8057393.899999999,58337,2025-09-01 19:09:59
2025-09-01 19:10:00,138.1,138.0,138.25,137.75,13764474.300000004,99820,2025-09-01 19:19:59
2025-09-01 19:20:00,138.05,137.7,138.35,137.7,11002847.649999999,79736,2025-09-01 19:29:59
2025-09-01 19:30:00,137.7,137.7,137.9,137.4,21392948.95,155480,2025-09-01 19:39:59
2025-09-01 19:40:00,137.7,137.55,137.75,137.35,19619154.499999996,142670,2025-09-01 19:49:59
2025-09-01 19:50:00,137.55,137.5,137.75,137.35,7912736.149999999,57564,2025-09-01 19:59:59
2025-09-01 20:00:00,137.55,137.95,137.95,137.4,19211612.400000002,139479,2025-09-01 20:09:59
2025-09-01 20:10:00,137.75,137.9,138.25,137.75,6030499.749999999,43693,2025-09-01 20:19:59
2025-09-01 20:20:00,137.9,138.05,138.2,137.75,4629891.0,33546,2025-09-01 20:29:59
2025-09-01 20:30:00,138.1,137.95,138.3,137.95,5822820.750000001,42161,2025-09-01 20:39:59
2025-09-01 20:40:00,137.95,138.0,138.2,137.85,4089345.0999999996,29622,2025-09-01 20:49:59
2025-09-01 20:50:00,138.0,137.9,138.1,137.75,8562790.35,62078,2025-09-01 20:59:59
2025-09-01 21:00:00,137.85,137.85,138.0,137.7,7010878.1499999985,50868,2025-09-01 21:09:59
2025-09-01 21:10:00,137.85,138.4,138.4,137.8,22026326.200000003,159470,2025-09-01 21:19:59
2025-09-01 21:20:00,138.35,138.5,138.65,138.25,24863531.34999999,179516,2025-09-01 21:29:59
2025-09-01 21:30:00,138.5,139.0,139.05,138.35,56035113.89999999,403723,2025-09-01 21:39:59
2025-09-01 21:40:00,139.05,138.6,139.25,138.2,29716434.100000016,214337,2025-09-01 21:49:59
2025-09-01 21:50:00,138.55,138.55,138.7,138.35,6569028.449999999,47431,2025-09-01 21:59:59
2025-09-01 22:00:00,138.5,138.45,138.65,138.3,7001237.5,50559,2025-09-01 22:09:59
2025-09-01 22:10:00,138.5,138.7,138.9,138.4,8923866.750000002,64324,2025-09-01 22:19:59
2025-09-01 22:20:00,138.7,139.05,139.05,138.65,10744983.050000004,77360,2025-09-01 22:29:59
2025-09-01 22:30:00,139.05,138.9,139.3,138.85,22538562.49999999,162077,2025-09-01 22:39:59
2025-09-01 22:40:00,138.9,139.15,139.2,138.8,5553774.7,39951,2025-09-01 22:49:59
2025-09-01 22:50:00,139.1,138.9,139.1,138.75,8843188.7,63652,2025-09-01 22:59:59
2025-09-01 23:00:00,138.9,138.95,139.0,138.85,3473777.7,24995,2025-09-01 23:09:59
2025-09-01 23:10:00,138.95,138.85,139.0,138.85,3993754.15,28739,2025-09-01 23:19:59
2025-09-01 23:20:00,138.9,138.9,138.9,138.8,5338053.9,38451,2025-09-01 23:29:59
2025-09-01 23:30:00,138.8,138.85,139.0,138.65,11763863.25,84706,2025-09-01 23:39:59
2025-09-01 23:40:00,138.7,138.85,139.0,138.6,13011303.0,93753,2025-09-01 23:49:59
2025-09-02 06:50:00,138.85,138.85,138.85,138.85,293390.05,2113,2025-09-02 06:59:59
2025-09-02 07:00:00,138.85,138.0,139.0,137.9,20822809.650000002,150590,2025-09-02 07:09:59
2025-09-02 07:10:00,138.0,138.05,138.15,137.55,13582396.949999996,98544,2025-09-02 07:19:59
2025-09-02 07:20:00,138.05,137.85,138.2,137.8,4399924.85,31884,2025-09-02 07:29:59
2025-09-02 07:30:00,137.8,137.6,137.9,137.35,18201103.450000003,132301,2025-09-02 07:39:59
2025-09-02 07:40:00,137.6,138.2,138.4,137.4,14804454.550000004,107370,2025-09-02 07:49:59
2025-09-02 07:50:00,138.2,137.95,138.2,137.9,2059145.7,14915,2025-09-02 07:59:59
2025-09-02 08:00:00,137.95,137.45,137.95,137.4,5522426.399999998,40142,2025-09-02 08:09:59
2025-09-02 08:10:00,137.45,137.65,137.65,137.35,10108547.250000002,73548,2025-09-02 08:19:59
2025-09-02 08:20:00,137.6,137.1,137.65,137.1,16994051.649999995,123764,2025-09-02 08:29:59
2025-09-02 08:30:00,137.1,137.0,137.25,136.8,14983863.700000001,109372,2025-09-02 08:39:59
2025-09-02 08:40:00,136.95,137.0,137.35,136.95,11147217.250000004,81294,2025-09-02 08:49:59
2025-09-02 08:50:00,136.95,137.2,137.25,136.95,4906901.649999999,35790,2025-09-02 08:59:59
2025-09-02 09:00:00,137.15,137.2,137.3,136.95,4706119.549999999,34337,2025-09-02 09:09:59
2025-09-02 09:10:00,137.25,136.7,137.3,136.55,17888400.400000002,130730,2025-09-02 09:19:59
2025-09-02 09:20:00,136.7,137.25,137.3,136.6,11813981.25,86184,2025-09-02 09:29:59
2025-09-02 09:30:00,137.3,137.3,137.3,137.15,7206273.149999999,52524,2025-09-02 09:39:59
2025-09-02 09:40:00,137.3,137.7,138.15,137.3,21243219.800000004,154125,2025-09-02 09:49:59
2025-09-02 09:50:00,137.7,137.7,138.0,137.65,6080838.700000001,44114,2025-09-02 09:59:59
2025-09-02 10:00:00,137.7,137.45,137.85,137.3,11444090.349999998,83240,2025-09-02 10:09:59
2025-09-02 10:10:00,137.45,137.8,137.85,137.45,4931165.1,35813,2025-09-02 10:19:59
2025-09-02 10:20:00,137.8,138.15,138.2,137.5,10807501.55,78337,2025-09-02 10:29:59
2025-09-02 10:30:00,138.15,137.95,138.25,137.85,6894519.0,49925,2025-09-02 10:39:59
2025-09-02 10:40:00,137.95,138.0,138.2,137.9,3564467.85,25822,2025-09-02 10:49:59
2025-09-02 10:50:00,137.95,137.7,138.2,137.45,8282470.099999998,60120,2025-09-02 10:59:59
2025-09-02 11:00:00,137.75,137.75,137.8,137.45,3281043.15,23845,2025-09-02 11:09:59
2025-09-02 11:10:00,137.75,137.85,137.9,137.65,874803.5499999999,6347,2025-09-02 11:19:59
2025-09-02 11:20:00,137.9,137.9,137.9,137.7,2915401.6000000006,21146,2025-09-02 11:29:59
2025-09-02 11:30:00,137.9,138.1,138.2,137.85,5766588.599999998,41782,2025-09-02 11:39:59
2025-09-02 11:40:00,138.1,137.9,138.1,137.9,2893542.5500000003,20958,2025-09-02 11:49:59
2025-09-02 11:50:00,137.9,137.9,138.0,137.75,2663294.3500000006,19320,2025-09-02 11:59:59
2025-09-02 12:00:00,137.9,137.9,137.9,137.7,1719576.1500000001,12480,2025-09-02 12:09:59
2025-09-02 12:10:00,137.9,137.75,137.9,137.55,2957196.9499999997,21476,2025-09-02 12:19:59
2025-09-02 12:20:00,137.75,137.85,137.85,137.7,2042985.4,14829,2025-09-02 12:29:59
2025-09-02 12:30:00,137.85,137.75,137.85,137.7,2481490.1,18012,2025-09-02 12:39:59
2025-09-02 12:40:00,137.75,138.15,138.15,137.55,12927071.150000004,93793,2025-09-02 12:49:59
2025-09-02 12:50:00,138.15,137.75,138.15,137.7,2810679.15,20385,2025-09-02 12:59:59
2025-09-02 13:00:00,137.75,138.0,138.05,137.75,2574933.9000000004,18663,2025-09-02 13:09:59
2025-09-02 13:10:00,138.0,137.7,138.0,137.35,7215831.45,52420,2025-09-02 13:19:59
2025-09-02 13:20:00,137.7,137.15,137.7,137.05,10222797.9,74441,2025-09-02 13:29:59
2025-09-02 13:30:00,137.05,137.3,137.3,136.95,6432333.750000001,46920,2025-09-02 13:39:59
2025-09-02 13:40:00,137.3,137.25,137.4,137.2,3678686.75,26792,2025-09-02 13:49:59
2025-09-02 13:50:00,137.25,136.95,137.3,136.95,6466520.250000001,47174,2025-09-02 13:59:59
2025-09-02 14:00:00,136.95,137.25,137.35,136.95,4578800.1,33415,2025-09-02 14:09:59
2025-09-02 14:10:00,137.35,137.45,137.45,137.3,1794231.9500000002,13057,2025-09-02 14:19:59
2025-09-02 14:20:00,137.45,137.45,137.5,137.35,671018.2,4882,2025-09-02 14:29:59
2025-09-02 14:30:00,137.4,137.35,137.45,137.2,964184.1499999999,7022,2025-09-02 14:39:59
2025-09-02 14:40:00,137.35,137.4,137.45,137.3,841821.35,6128,2025-09-02 14:49:59
2025-09-02 14:50:00,137.45,137.45,137.5,137.4,1150206.1500000001,8366,2025-09-02 14:59:03
2025-09-02 15:00:00,137.45,137.65,137.8,137.2,5742973.150000001,41739,2025-09-02 15:09:59
2025-09-02 15:10:00,137.65,137.5,137.7,137.4,1141261.35,8295,2025-09-02 15:19:59
2025-09-02 15:20:00,137.5,137.35,137.55,137.25,1129314.4,8222,2025-09-02 15:29:59
2025-09-02 15:30:00,137.35,137.3,137.45,137.05,4242982.5,30917,2025-09-02 15:39:59
2025-09-02 15:40:00,137.35,137.15,137.4,137.0,7234403.2,52778,2025-09-02 15:49:59
2025-09-02 15:50:00,137.1,136.8,137.25,136.65,17544549.95000001,128193,2025-09-02 15:59:59
2025-09-02 16:00:00,136.85,136.75,136.95,136.7,3421182.5500000007,25009,2025-09-02 16:09:59
2025-09-02 16:10:00,136.75,136.35,136.8,136.15,33503334.150000006,245400,2025-09-02 16:19:59
2025-09-02 16:20:00,136.4,137.05,137.05,136.35,7929504.9,57980,2025-09-02 16:29:59
2025-09-02 16:30:00,137.05,136.75,137.05,136.55,3353530.2499999995,24514,2025-09-02 16:39:59
2025-09-02 16:40:00,136.7,136.9,136.9,136.5,4685074.65,34301,2025-09-02 16:49:59
2025-09-02 16:50:00,136.95,137.4,137.5,136.7,16842578.5,122746,2025-09-02 16:59:59
2025-09-02 17:00:00,137.4,137.25,137.4,137.05,2239080.75,16317,2025-09-02 17:09:59
2025-09-02 17:10:00,137.2,137.2,137.35,137.1,1660167.2499999998,12099,2025-09-02 17:19:59
2025-09-02 17:20:00,137.1,137.1,137.25,137.0,1928409.2500000005,14065,2025-09-02 17:29:59
2025-09-02 17:30:00,137.2,137.4,137.4,137.1,1368339.1499999994,9965,2025-09-02 17:39:59
2025-09-02 17:40:00,137.35,137.65,137.85,137.35,9090902.099999996,66048,2025-09-02 17:49:59
2025-09-02 17:50:00,137.65,137.5,137.65,137.4,3296055.15,23973,2025-09-02 17:59:59
2025-09-02 18:00:00,137.55,137.3,137.55,137.25,4226078.999999999,30766,2025-09-02 18:09:59
2025-09-02 18:10:00,137.3,137.3,137.4,136.95,4229957.3,30839,2025-09-02 18:19:59
2025-09-02 18:20:00,137.3,137.3,137.35,137.1,813949.2500000001,5931,2025-09-02 18:29:59
2025-09-02 18:30:00,137.25,137.0,137.35,136.9,1814935.1500000001,13238,2025-09-02 18:39:59
2025-09-02 18:40:00,136.95,136.95,136.95,136.95,353331.0,2580,2025-09-02 18:49:59
2025-09-02 19:00:00,136.95,137.35,137.6,136.95,3271066.0,23817,2025-09-02 19:09:59
2025-09-02 19:10:00,137.4,137.15,137.4,137.0,2242959.05,16357,2025-09-02 19:19:59
2025-09-02 19:20:00,137.15,137.3,137.3,137.0,899103.95,6558,2025-09-02 19:29:59
2025-09-02 19:30:00,137.25,137.3,137.3,137.25,113802.95000000001,829,2025-09-02 19:39:59
2025-09-02 19:40:00,137.25,137.2,137.35,137.2,415443.05000000005,3026,2025-09-02 19:49:59
2025-09-02 19:50:00,137.25,137.35,137.35,137.2,295994.1,2156,2025-09-02 19:59:59
2025-09-02 20:00:00,137.35,137.35,137.35,137.3,627029.5,4566,2025-09-02 20:09:59
2025-09-02 20:10:00,137.3,137.5,137.55,137.3,709858.45,5166,2025-09-02 20:19:59
2025-09-02 20:20:00,137.5,137.4,137.65,137.3,2053078.5000000002,14928,2025-09-02 20:29:59
2025-09-02 20:30:00,137.4,137.45,137.5,137.3,3208931.8999999994,23354,2025-09-02 20:39:59
2025-09-02 20:40:00,137.45,137.15,137.45,137.0,4821280.500000001,35157,2025-09-02 20:49:59
2025-09-02 20:50:00,137.15,137.5,137.5,137.05,3497445.0,25480,2025-09-02 20:59:59
2025-09-02 21:00:00,137.5,137.35,137.5,137.35,445126.3,3240,2025-09-02 21:09:59
2025-09-02 21:10:00,137.4,137.4,137.4,137.35,798931.0,5816,2025-09-02 21:19:59
2025-09-02 21:20:00,137.4,137.3,137.4,137.3,1124676.7499999998,8188,2025-09-02 21:29:59
2025-09-02 21:30:00,137.3,137.2,137.3,137.15,172055.45,1254,2025-09-02 21:39:59
2025-09-02 21:40:00,137.2,137.35,137.35,137.15,3156496.7,23000,2025-09-02 21:49:59
2025-09-02 21:50:00,137.4,137.4,137.5,137.05,3276857.8,23864,2025-09-02 21:59:59
2025-09-02 22:00:00,137.45,137.55,137.65,137.4,5942470.35,43189,2025-09-02 22:09:59
2025-09-02 22:10:00,137.55,137.75,137.95,137.5,11685502.15,84809,2025-09-02 22:19:59
2025-09-02 22:20:00,137.8,138.15,138.35,137.7,12451495.000000004,90223,2025-09-02 22:29:59
2025-09-02 22:30:00,138.15,137.75,138.15,137.75,9984834.8,72336,2025-09-02 22:39:59
2025-09-02 22:40:00,137.8,137.95,138.0,137.8,210485.80000000002,1526,2025-09-02 22:49:59
2025-09-02 22:50:00,138.0,138.05,138.25,137.95,1025004.75,7421,2025-09-02 22:59:59
2025-09-02 23:00:00,138.05,138.05,138.2,137.95,1752147.5500000003,12690,2025-09-02 23:09:59
2025-09-02 23:10:00,138.05,138.15,138.2,137.95,646687.85,4681,2025-09-02 23:19:59
2025-09-02 23:20:00,138.15,137.9,138.2,137.9,911875.7,6605,2025-09-02 23:29:59
2025-09-02 23:30:00,137.9,138.15,138.2,137.75,4829922.449999998,34988,2025-09-02 23:39:59
2025-09-02 23:40:00,138.15,138.2,138.2,138.0,1698710.6500000004,12298,2025-09-02 23:49:59
2025-09-03 06:50:00,138.4,138.4,138.4,138.4,171892.8,1242,2025-09-03 06:59:59
2025-09-03 07:00:00,138.4,137.8,138.5,137.55,8315182.65,60247,2025-09-03 07:09:59
2025-09-03 07:10:00,137.75,137.8,138.05,137.75,991772.1000000001,7191,2025-09-03 07:19:59
2025-09-03 07:20:00,137.8,137.65,137.95,137.65,1720690.1,12494,2025-09-03 07:29:59
2025-09-03 07:30:00,137.75,137.3,137.85,137.25,3214033.25,23385,2025-09-03 07:39:59
2025-09-03 07:40:00,137.3,137.4,137.5,137.2,1132677.1500000001,8253,2025-09-03 07:49:59
2025-09-03 07:50:00,137.5,137.4,137.55,137.2,1450649.2999999998,10565,2025-09-03 07:59:59
2025-09-03 08:00:00,137.4,137.3,137.4,137.2,703841.9500000001,5127,2025-09-03 08:09:59
2025-09-03 08:10:00,137.3,137.35,137.4,137.3,297467.95,2166,2025-09-03 08:19:59
2025-09-03 08:20:00,137.35,137.35,137.4,137.3,1821902.75,13267,2025-09-03 08:29:59
2025-09-03 08:30:00,137.3,137.3,137.3,137.15,1824524.2999999998,13301,2025-09-03 08:39:59
2025-09-03 08:40:00,137.3,137.3,137.35,137.25,301784.20000000007,2198,2025-09-03 08:49:59
2025-09-03 08:50:00,137.35,137.75,137.75,137.35,2314596.25,16821,2025-09-03 08:59:59
2025-09-03 09:00:00,137.7,137.6,137.8,137.6,690721.3499999999,5015,2025-09-03 09:09:59
2025-09-03 09:10:00,137.65,137.6,137.85,137.5,1042266.4000000001,7569,2025-09-03 09:19:59
2025-09-03 09:20:00,137.75,137.4,137.9,137.2,2802990.7,20392,2025-09-03 09:29:59
2025-09-03 09:30:00,137.45,138.85,139.15,137.35,48556773.04999999,350441,2025-09-03 09:39:59
2025-09-03 09:40:00,138.85,139.15,139.45,138.75,18341463.900000002,131891,2025-09-03 09:49:59
2025-09-03 09:50:00,139.1,138.9,139.2,138.7,11140083.3,80138,2025-09-03 09:59:59
2025-09-03 10:00:00,138.9,139.0,139.1,138.75,6641575.950000005,47795,2025-09-03 10:09:59
2025-09-03 10:10:00,139.0,138.75,139.1,138.75,6649194.550000001,47855,2025-09-03 10:19:59
2025-09-03 10:20:00,138.85,139.9,140.85,138.85,83498701.34999998,596733,2025-09-03 10:29:59
2025-09-03 10:30:00,139.9,139.85,140.15,139.8,19763643.499999996,141165,2025-09-03 10:39:59
2025-09-03 10:40:00,139.85,139.65,140.0,139.45,18401471.6,131801,2025-09-03 10:49:59
2025-09-03 10:50:00,139.65,139.4,139.75,139.0,16762513.400000002,120341,2025-09-03 10:59:59
2025-09-03 11:00:00,139.45,139.4,139.55,139.25,5753166.350000001,41275,2025-09-03 11:09:59
2025-09-03 11:10:00,139.4,138.7,139.45,138.5,24251067.0,174609,2025-09-03 11:19:59
2025-09-03 11:20:00,138.75,138.8,138.9,138.6,5220515.649999999,37625,2025-09-03 11:29:59
2025-09-03 11:30:00,138.85,138.95,139.3,138.8,10500970.599999998,75509,2025-09-03 11:39:59
2025-09-03 11:40:00,139.05,138.85,139.05,138.75,2568387.9000000004,18489,2025-09-03 11:49:59
2025-09-03 11:50:00,138.85,139.55,139.55,138.8,5500217.75,39490,2025-09-03 11:59:59
2025-09-03 12:00:00,139.55,139.95,139.95,139.25,19413912.0,139049,2025-09-03 12:09:59
2025-09-03 12:10:00,139.95,139.8,140.0,139.55,12167079.350000001,87008,2025-09-03 12:19:59
2025-09-03 12:20:00,139.8,139.65,139.9,139.65,7957283.949999999,56917,2025-09-03 12:29:59
2025-09-03 12:30:00,139.6,139.45,139.6,139.4,2498315.05,17912,2025-09-03 12:39:59
2025-09-03 12:40:00,139.5,139.6,139.7,139.5,2219607.4499999997,15902,2025-09-03 12:49:59
2025-09-03 12:50:00,139.55,139.4,139.6,139.35,6743074.7,48350,2025-09-03 12:59:59
2025-09-03 13:00:00,139.4,139.3,139.65,139.25,7858295.500000002,56387,2025-09-03 13:09:59
2025-09-03 13:10:00,139.35,139.7,139.7,139.35,4002478.05,28692,2025-09-03 13:19:59
2025-09-03 13:20:00,139.7,139.6,139.7,139.5,1195178.0,8562,2025-09-03 13:29:59
2025-09-03 13:30:00,139.55,139.65,139.7,139.45,2463886.7,17648,2025-09-03 13:39:59
2025-09-03 13:40:00,139.6,139.25,139.7,139.0,7099607.55,50979,2025-09-03 13:49:59
2025-09-03 13:50:00,139.3,139.5,139.5,139.2,3340191.6500000004,23984,2025-09-03 13:59:59
2025-09-03 14:00:00,139.5,139.35,139.5,139.25,424308.95000000007,3045,2025-09-03 14:09:59
2025-09-03 14:10:00,139.35,139.2,139.4,138.95,8814753.750000002,63324,2025-09-03 14:19:59
2025-09-03 14:20:00,139.2,138.75,139.2,138.6,12756149.700000003,91894,2025-09-03 14:29:59
2025-09-03 14:30:00,138.8,139.05,139.15,138.8,2816959.3,20265,2025-09-03 14:39:59
2025-09-03 14:40:00,139.05,139.15,139.2,139.05,803302.2499999999,5775,2025-09-03 14:49:59
2025-09-03 14:50:00,139.2,139.35,139.35,139.1,2341904.7499999995,16826,2025-09-03 14:59:59
2025-09-03 15:00:00,139.3,139.05,139.4,139.05,1956664.05,14047,2025-09-03 15:09:59
2025-09-03 15:10:00,139.05,138.7,139.05,138.45,8920240.05,64348,2025-09-03 15:19:59
2025-09-03 15:20:00,138.7,138.75,138.75,138.6,1524630.7,10992,2025-09-03 15:29:59
2025-09-03 15:30:00,138.75,138.65,138.75,138.65,763526.7000000002,5505,2025-09-03 15:39:59
2025-09-03 15:40:00,138.65,138.95,139.0,138.65,673703.85,4852,2025-09-03 15:49:59
2025-09-03 15:50:00,138.95,138.75,139.0,138.6,2093807.2000000002,15091,2025-09-03 15:59:59
2025-09-03 16:00:00,138.75,138.85,138.85,138.65,779484.85,5619,2025-09-03 16:09:59
2025-09-03 16:10:00,138.8,138.85,138.95,138.7,776288.9500000001,5593,2025-09-03 16:19:59
2025-09-03 16:20:00,138.85,138.95,138.95,138.75,1454888.7999999998,10474,2025-09-03 16:29:59
2025-09-03 16:30:00,138.95,139.3,139.5,138.95,7006758.800000001,50308,2025-09-03 16:39:59
2025-09-03 16:40:00,139.25,139.5,139.55,139.25,1688894.9000000001,12116,2025-09-03 16:49:59
2025-09-03 16:50:00,139.55,139.0,139.55,138.75,10161452.7,72958,2025-09-03 16:59:59
2025-09-03 17:00:00,139.05,139.25,139.25,138.85,1276829.9500000002,9180,2025-09-03 17:09:59
2025-09-03 17:10:00,139.15,139.25,139.25,139.1,1903976.2999999998,13677,2025-09-03 17:19:59
2025-09-03 17:20:00,139.25,139.55,139.65,139.25,3756090.35,26928,2025-09-03 17:29:59
2025-09-03 17:30:00,139.65,139.6,139.75,139.35,9158751.9,65606,2025-09-03 17:39:59
2025-09-03 17:40:00,139.6,139.75,139.85,139.45,15581865.899999997,111649,2025-09-03 17:49:59
2025-09-03 17:50:00,139.7,139.85,139.85,139.7,1589134.9500000002,11367,2025-09-03 17:59:59
2025-09-03 18:00:00,139.85,139.6,139.85,139.6,1935181.1999999997,13845,2025-09-03 18:09:59
2025-09-03 18:10:00,139.65,139.55,139.65,139.3,4074649.0,29227,2025-09-03 18:19:59
2025-09-03 18:20:00,139.55,139.55,139.7,139.45,2312958.8499999996,16564,2025-09-03 18:29:59
2025-09-03 18:30:00,139.55,139.5,139.6,139.15,3130501.3499999996,22466,2025-09-03 18:39:59
2025-09-03 18:40:00,139.5,139.5,139.5,139.5,294903.0,2114,2025-09-03 18:49:59
2025-09-03 19:00:00,139.6,139.8,139.85,139.45,5211544.199999999,37301,2025-09-03 19:09:59
2025-09-03 19:10:00,139.8,139.9,139.9,139.65,5125178.949999999,36644,2025-09-03 19:19:59
2025-09-03 19:20:00,139.9,140.1,140.15,139.85,23273146.450000007,166220,2025-09-03 19:29:59
2025-09-03 19:30:00,140.1,140.05,140.15,139.85,4129607.1,29495,2025-09-03 19:39:59
2025-09-03 19:40:00,140.0,139.85,140.05,139.75,3089366.1,22084,2025-09-03 19:49:59
2025-09-03 19:50:00,139.8,139.7,139.9,139.55,4356839.250000001,31188,2025-09-03 19:59:59
2025-09-03 20:00:00,139.65,139.8,139.9,139.5,5989223.05,42878,2025-09-03 20:09:59
2025-09-03 20:10:00,139.8,139.9,140.0,139.75,3363440.3,24037,2025-09-03 20:19:59
2025-09-03 20:20:00,139.9,139.95,139.95,139.85,877475.15,6271,2025-09-03 20:29:59
2025-09-03 20:30:00,139.85,139.95,140.0,139.85,2368279.0,16921,2025-09-03 20:39:59
2025-09-03 20:40:00,139.95,139.9,139.95,139.75,1083843.25,7748,2025-09-03 20:49:59
2025-09-03 20:50:00,139.85,139.8,139.85,139.5,4307648.85,30866,2025-09-03 20:59:59
2025-09-03 21:00:00,139.8,139.7,139.85,139.65,330304.5,2363,2025-09-03 21:09:59
2025-09-03 21:10:00,139.65,139.85,139.95,139.65,2423601.35,17330,2025-09-03 21:19:59
2025-09-03 21:20:00,139.9,139.85,139.95,139.7,1434698.4,10258,2025-09-03 21:29:59
2025-09-03 21:30:00,139.9,139.95,139.95,139.8,2583444.45,18464,2025-09-03 21:39:59
2025-09-03 21:40:00,139.95,139.9,139.95,139.8,777950.15,5561,2025-09-03 21:49:59
2025-09-03 21:50:00,139.9,139.9,139.9,139.8,2634684.6,18835,2025-09-03 21:59:59
2025-09-03 22:00:00,139.9,140.0,140.1,139.9,6376103.300000001,45551,2025-09-03 22:09:59
2025-09-03 22:10:00,139.95,139.75,140.1,139.75,4536668.3,32408,2025-09-03 22:19:59
2025-09-03 22:20:00,139.75,139.85,139.95,139.7,4063119.75,29073,2025-09-03 22:29:59
2025-09-03 22:30:00,139.85,139.75,140.0,139.75,3172610.7,22681,2025-09-03 22:39:59
2025-09-03 22:40:00,139.75,139.8,139.85,139.45,10422419.200000003,74679,2025-09-03 22:49:59
2025-09-03 22:50:00,139.8,139.8,139.85,139.65,251837.8,1802,2025-09-03 22:59:59
2025-09-03 23:00:00,139.8,139.9,139.95,139.7,889312.6999999998,6360,2025-09-03 23:09:59
2025-09-03 23:10:00,139.9,139.8,139.95,139.8,460285.05000000005,3290,2025-09-03 23:19:59
2025-09-03 23:20:00,139.8,139.45,139.9,139.45,3853058.6999999993,27603,2025-09-03 23:29:59
2025-09-03 23:30:00,139.45,139.7,139.75,139.4,2661544.8000000007,19080,2025-09-03 23:39:59
2025-09-03 23:40:00,139.55,139.55,139.55,139.35,4533438.45,32516,2025-09-03 23:49:59
2025-09-04 06:50:00,139.5,139.5,139.5,139.5,193905.0,1390,2025-09-04 06:59:59
2025-09-04 07:00:00,139.55,139.45,139.6,138.7,4649155.949999999,33397,2025-09-04 07:09:59
2025-09-04 07:10:00,139.45,139.0,139.6,138.8,3154003.45,22678,2025-09-04 07:19:59
2025-09-04 07:20:00,139.0,139.3,139.3,138.95,419440.79999999993,3016,2025-09-04 07:29:59
2025-09-04 07:30:00,139.3,139.35,139.35,139.3,139326.8,1000,2025-09-04 07:39:59
2025-09-04 07:40:00,139.35,139.4,139.45,139.3,469111.8,3366,2025-09-04 07:49:59
2025-09-04 07:50:00,139.4,139.4,139.4,139.3,420683.6500000001,3018,2025-09-04 07:59:59
2025-09-04 08:00:00,139.4,139.35,139.4,139.3,230915.25,1657,2025-09-04 08:09:59
2025-09-04 08:10:00,139.35,139.5,139.55,139.3,1344263.6500000001,9639,2025-09-04 08:19:59
2025-09-04 08:20:00,139.5,139.55,139.55,139.5,674439.3500000001,4833,2025-09-04 08:29:59
2025-09-04 08:30:00,139.5,139.5,139.55,139.5,1169126.9499999997,8378,2025-09-04 08:39:59
2025-09-04 08:40:00,139.55,139.7,139.7,139.5,1863060.65,13349,2025-09-04 08:49:59
2025-09-04 08:50:00,139.7,139.7,139.7,139.6,197345.34999999998,1413,2025-09-04 08:59:59
2025-09-04 09:00:00,139.7,139.5,139.7,139.35,5344670.700000001,38307,2025-09-04 09:09:59
2025-09-04 09:10:00,139.5,139.4,139.5,139.1,8254483.5,59268,2025-09-04 09:19:59
2025-09-04 09:20:00,139.4,139.8,139.9,139.4,3763377.8499999996,26950,2025-09-04 09:29:59
2025-09-04 09:30:00,139.8,139.65,139.85,139.6,2619751.0000000005,18744,2025-09-04 09:39:59
2025-09-04 09:40:00,139.65,140.35,140.85,139.65,25538570.500000004,181915,2025-09-04 09:49:59
2025-09-04 09:50:00,140.4,140.95,141.15,140.3,25154781.4,178763,2025-09-04 09:59:59
2025-09-04 10:00:00,140.95,140.85,141.5,140.55,34123241.000000015,241914,2025-09-04 10:09:59
2025-09-04 10:10:00,140.8,140.75,140.95,140.45,12106638.05,86031,2025-09-04 10:19:59
2025-09-04 10:20:00,140.7,140.6,140.75,140.45,4235318.55,30136,2025-09-04 10:29:59
2025-09-04 10:30:00,140.6,140.3,141.0,139.95,27699587.249999996,197353,2025-09-04 10:39:59
2025-09-04 10:40:00,140.5,140.25,140.55,140.1,11988677.049999997,85487,2025-09-04 10:49:59
2025-09-04 10:50:00,140.2,140.15,140.35,139.95,6890478.500000001,49179,2025-09-04 10:59:59
2025-09-04 11:00:00,140.15,140.0,140.4,139.9,8191036.950000002,58472,2025-09-04 11:09:59
2025-09-04 11:10:00,140.0,139.95,140.0,139.7,14061497.999999994,100551,2025-09-04 11:19:59
2025-09-04 11:20:00,140.0,140.05,140.15,139.8,5656296.149999999,40403,2025-09-04 11:29:59
2025-09-04 11:30:00,140.0,140.15,140.2,139.95,2154937.3499999996,15384,2025-09-04 11:39:59
2025-09-04 11:40:00,140.0,140.25,140.25,140.0,2791237.05,19917,2025-09-04 11:49:59
2025-09-04 11:50:00,140.25,140.35,140.4,140.2,1343378.0999999999,9575,2025-09-04 11:59:59
2025-09-04 12:00:00,140.35,140.05,140.35,140.05,819683.1,5848,2025-09-04 12:09:59
2025-09-04 12:10:00,140.1,140.15,140.15,140.0,800541.7500000001,5714,2025-09-04 12:19:59
2025-09-04 12:20:00,140.15,139.65,140.2,139.4,9617115.100000003,68855,2025-09-04 12:29:59
2025-09-04 12:30:00,139.6,139.7,139.8,139.35,7714868.149999999,55282,2025-09-04 12:39:59
2025-09-04 12:40:00,139.75,139.4,139.8,139.25,8956474.95,64246,2025-09-04 12:49:59
2025-09-04 12:50:00,139.4,139.4,139.5,139.35,1062112.8499999999,7619,2025-09-04 12:59:59
2025-09-04 13:00:00,139.35,139.6,139.6,139.3,375308.19999999995,2691,2025-09-04 13:09:59
2025-09-04 13:10:00,139.65,139.4,139.65,139.15,4228246.300000001,30358,2025-09-04 13:19:59
2025-09-04 13:20:00,139.4,139.4,139.45,139.2,283054.35000000003,2032,2025-09-04 13:29:59
2025-09-04 13:30:00,139.4,139.2,139.4,139.2,782221.5500000002,5616,2025-09-04 13:39:59
2025-09-04 13:40:00,139.2,139.75,140.0,139.2,11362335.300000003,81302,2025-09-04 13:49:59
2025-09-04 13:50:00,139.75,139.9,139.95,139.65,1151239.25,8233,2025-09-04 13:59:59
2025-09-04 14:00:00,139.9,139.95,140.05,139.8,3771237.6999999997,26951,2025-09-04 14:09:59
2025-09-04 14:10:00,139.95,139.75,139.95,139.75,891275.1999999998,6372,2025-09-04 14:19:59
2025-09-04 14:20:00,139.8,139.9,139.95,139.75,701597.5500000002,5016,2025-09-04 14:29:59
2025-09-04 14:30:00,139.9,139.7,139.9,139.7,1639362.3999999997,11729,2025-09-04 14:39:59
2025-09-04 14:40:00,139.7,139.85,139.9,139.65,351077.9,2512,2025-09-04 14:49:59
2025-09-04 14:50:00,139.8,139.95,140.0,139.7,1712827.1999999997,12248,2025-09-04 14:59:59
2025-09-04 15:00:00,139.95,139.85,140.1,139.8,2110316.0,15083,2025-09-04 15:09:59
2025-09-04 15:10:00,139.9,139.65,139.95,139.55,2882286.6,20623,2025-09-04 15:19:59
2025-09-04 15:20:00,139.6,139.3,139.6,139.2,8754039.3,62822,2025-09-04 15:29:59
2025-09-04 15:30:00,139.3,139.4,139.5,139.3,730380.95,5240,2025-09-04 15:39:59
2025-09-04 15:40:00,139.5,139.3,139.55,139.1,7421319.700000001,53310,2025-09-04 15:49:59
2025-09-04 15:50:00,139.3,139.1,139.35,139.1,2643778.5,18997,2025-09-04 15:59:59
2025-09-04 16:00:00,139.1,139.3,139.4,139.1,1990983.2499999998,14300,2025-09-04 16:09:59
2025-09-04 16:10:00,139.3,139.5,139.5,139.25,2996643.7,21497,2025-09-04 16:19:59
2025-09-04 16:20:00,139.5,139.5,139.5,139.4,1393169.9,9988,2025-09-04 16:29:59
2025-09-04 16:30:00,139.5,139.5,139.5,139.4,157018.55,1126,2025-09-04 16:39:59
2025-09-04 16:40:00,139.5,139.65,139.65,139.45,1889468.7000000002,13542,2025-09-04 16:49:59
2025-09-04 16:50:00,139.65,139.8,139.85,139.6,1527325.8,10930,2025-09-04 16:59:59
2025-09-04 17:00:00,139.75,139.5,139.9,139.3,9989857.0,71544,2025-09-04 17:09:59
2025-09-04 17:10:00,139.5,139.3,139.9,139.3,3349492.3999999994,23992,2025-09-04 17:19:59
2025-09-04 17:20:00,139.4,139.25,139.45,139.0,9076621.75,65264,2025-09-04 17:29:59
2025-09-04 17:30:00,139.25,139.1,139.35,139.1,4005674.05,28778,2025-09-04 17:39:59
2025-09-04 17:40:00,139.2,139.3,139.35,139.05,2973051.8000000003,21367,2025-09-04 17:49:59
2025-09-04 17:50:00,139.3,139.55,139.55,139.1,1665022.4000000001,11952,2025-09-04 17:59:59
2025-09-04 18:00:00,139.55,139.55,139.55,139.15,1818266.45,13047,2025-09-04 18:09:59
2025-09-04 18:10:00,139.55,139.25,139.55,139.25,3313694.9499999997,23770,2025-09-04 18:19:59
2025-09-04 18:20:00,139.25,139.35,139.45,139.2,1273620.2500000002,9145,2025-09-04 18:29:59
2025-09-04 18:30:00,139.35,139.3,139.35,139.1,3270034.7500000005,23481,2025-09-04 18:39:59
2025-09-04 18:40:00,139.3,139.3,139.3,139.3,210064.39999999994,1508,2025-09-04 18:49:59
2025-09-04 19:00:00,139.3,139.3,139.3,139.2,1430337.95,10269,2025-09-04 19:09:59
2025-09-04 19:10:00,139.3,139.2,139.3,139.15,770078.5499999999,5530,2025-09-04 19:19:59
2025-09-04 19:20:00,139.25,139.2,139.25,139.15,745778.7999999998,5359,2025-09-04 19:29:59
2025-09-04 19:30:00,139.2,139.2,139.2,139.15,106333.6,764,2025-09-04 19:39:59
2025-09-04 19:40:00,139.2,139.3,139.3,139.15,862386.95,6193,2025-09-04 19:49:59
2025-09-04 19:50:00,139.3,139.65,139.9,139.3,4101371.3,29360,2025-09-04 19:59:59
2025-09-04 20:00:00,139.55,139.75,139.75,139.5,716879.8,5137,2025-09-04 20:09:59
2025-09-04 20:10:00,139.55,139.5,139.75,139.45,1482634.7999999998,10629,2025-09-04 20:19:59
2025-09-04 20:20:00,139.5,139.4,139.5,139.3,1628247.7000000002,11683,2025-09-04 20:29:59
2025-09-04 20:30:00,139.4,139.4,139.45,139.35,434654.8,3119,2025-09-04 20:39:59
2025-09-04 20:40:00,139.4,139.45,139.45,139.2,2528298.8,18161,2025-09-04 20:49:59
2025-09-04 20:50:00,139.45,139.6,139.65,139.35,1311435.7000000002,9400,2025-09-04 20:58:03
2025-09-04 21:00:00,139.6,139.65,139.7,139.55,1483014.6,10622,2025-09-04 21:09:59
2025-09-04 21:10:00,139.65,139.9,140.05,139.65,5707725.65,40806,2025-09-04 21:19:59
2025-09-04 21:20:00,139.8,140.05,140.2,139.75,2061075.4499999997,14723,2025-09-04 21:29:59
2025-09-04 21:30:00,140.15,139.95,140.35,139.7,6616414.5,47252,2025-09-04 21:39:59
2025-09-04 21:40:00,139.95,140.05,140.05,139.85,926948.55,6622,2025-09-04 21:49:59
2025-09-04 21:50:00,140.05,140.15,140.45,140.05,6206627.400000002,44247,2025-09-04 21:59:59
2025-09-04 22:00:00,140.2,140.0,140.2,139.95,387486.85,2767,2025-09-04 22:09:59
2025-09-04 22:10:00,139.95,139.9,139.95,139.7,1883578.4999999998,13472,2025-09-04 22:19:59
2025-09-04 22:20:00,139.8,139.85,139.9,139.75,763749.1,5464,2025-09-04 22:29:59
2025-09-04 22:30:00,139.9,139.8,140.0,139.8,324965.04999999993,2323,2025-09-04 22:39:59
2025-09-04 22:40:00,139.85,139.95,140.0,139.8,562007.2,4016,2025-09-04 22:49:59
2025-09-04 22:50:00,139.95,139.75,139.95,139.7,1687833.8999999985,12077,2025-09-04 22:59:59
2025-09-04 23:00:00,139.75,139.75,139.8,139.65,871820.2500000001,6241,2025-09-04 23:09:59
2025-09-04 23:10:00,139.75,139.9,139.95,139.75,424313.75,3033,2025-09-04 23:19:59
2025-09-04 23:20:00,139.8,139.85,139.9,139.8,17766.7,127,2025-09-04 23:29:59
2025-09-04 23:30:00,139.9,139.7,139.9,139.7,363815.8499999999,2602,2025-09-04 23:39:59
2025-09-04 23:40:00,139.7,139.85,139.85,139.5,1341838.9,9607,2025-09-04 23:49:59
2025-09-05 06:50:00,139.6,139.6,139.6,139.6,65751.6,471,2025-09-05 06:59:59
2025-09-05 07:00:00,139.85,140.3,140.5,139.6,6249828.4,44542,2025-09-05 07:09:59
2025-09-05 07:10:00,140.3,140.0,140.35,140.0,3770758.1999999993,26926,2025-09-05 07:19:59
2025-09-05 07:20:00,140.0,140.0,140.0,139.95,1036139.7999999999,7401,2025-09-05 07:29:59
2025-09-05 07:30:00,140.0,140.0,140.1,139.95,286225.3,2044,2025-09-05 07:39:59
2025-09-05 07:40:00,140.15,140.1,140.15,140.0,376986.05000000005,2691,2025-09-05 07:49:59
2025-09-05 07:50:00,140.1,140.05,140.1,140.05,35853.55,256,2025-09-05 07:59:05
2025-09-05 08:00:00,140.05,139.8,140.05,139.8,2594828.8,18554,2025-09-05 08:09:59
2025-09-05 08:10:00,139.9,140.0,140.0,139.85,249150.90000000002,1780,2025-09-05 08:19:59
2025-09-05 08:20:00,140.0,139.8,140.0,139.7,1011938.9500000001,7238,2025-09-05 08:29:59
2025-09-05 08:30:00,139.9,139.85,139.95,139.75,660873.6499999999,4726,2025-09-05 08:39:59
2025-09-05 08:40:00,139.85,139.8,139.85,139.75,162216.95,1160,2025-09-05 08:49:59
2025-09-05 08:50:00,139.8,139.75,139.8,139.7,212834.75,1523,2025-09-05 08:59:59
2025-09-05 09:00:00,139.75,139.9,140.0,139.75,643028.7,4599,2025-09-05 09:09:59
2025-09-05 09:10:00,139.9,139.8,139.95,139.6,2441895.15,17478,2025-09-05 09:19:59
2025-09-05 09:20:00,139.8,139.55,139.8,139.45,3506106.8000000003,25123,2025-09-05 09:29:59
2025-09-05 09:30:00,139.5,139.6,139.6,139.5,236287.65000000002,1693,2025-09-05 09:39:59
2025-09-05 09:40:00,139.6,139.65,139.65,139.35,2324817.6499999994,16663,2025-09-05 09:49:59
2025-09-05 09:50:00,139.7,139.7,139.9,139.6,2163028.4,15475,2025-09-05 09:59:59
2025-09-05 10:00:00,139.85,139.5,139.85,139.3,5289232.350000001,37915,2025-09-05 10:09:59
2025-09-05 10:10:00,139.6,139.7,139.7,139.5,368052.1,2636,2025-09-05 10:19:59
2025-09-05 10:20:00,139.7,139.6,139.75,139.5,941974.3,6747,2025-09-05 10:29:59
2025-09-05 10:30:00,139.6,139.55,139.6,139.3,2652413.25,19029,2025-09-05 10:39:59
2025-09-05 10:40:00,139.45,139.15,139.55,139.05,13820285.1,99271,2025-09-05 10:49:59
2025-09-05 10:50:00,139.15,139.35,139.4,139.15,524710.4,3767,2025-09-05 10:59:59
2025-09-05 11:00:00,139.35,139.35,139.35,138.95,6813995.3500000015,48991,2025-09-05 11:09:59
2025-09-05 11:10:00,139.35,139.15,139.35,139.15,927312.8,6661,2025-09-05 11:19:59
2025-09-05 11:20:00,139.15,139.15,139.2,139.1,655354.2500000001,4710,2025-09-05 11:29:59
2025-09-05 11:30:00,139.1,139.3,139.35,139.05,1761560.1500000001,12661,2025-09-05 11:39:59
2025-09-05 11:40:00,139.3,139.75,139.75,139.2,3771050.65,27035,2025-09-05 11:49:59
2025-09-05 11:50:00,139.75,139.7,139.8,139.6,3698296.6500000004,26476,2025-09-05 11:59:59
2025-09-05 12:00:00,139.75,139.75,139.9,139.6,4230243.25,30266,2025-09-05 12:09:59
2025-09-05 12:10:00,139.75,139.65,139.8,139.6,932763.4,6678,2025-09-05 12:19:59
2025-09-05 12:20:00,139.6,139.4,139.65,139.4,1441571.4,10334,2025-09-05 12:29:59
2025-09-05 12:30:00,139.4,139.4,139.5,139.35,896229.8500000002,6426,2025-09-05 12:39:59
2025-09-05 12:40:00,139.5,139.6,139.6,139.4,910051.55,6524,2025-09-05 12:49:59
2025-09-05 12:50:00,139.6,139.6,139.7,139.6,1024753.9500000001,7338,2025-09-05 12:59:59
2025-09-05 13:00:00,139.6,139.55,139.65,139.45,1050455.2,7528,2025-09-05 13:09:59
2025-09-05 13:10:00,139.6,139.3,139.65,139.3,1839447.5000000002,13186,2025-09-05 13:19:59
2025-09-05 13:20:00,139.3,139.5,139.6,139.3,426373.9,3058,2025-09-05 13:29:59
2025-09-05 13:30:00,139.5,139.45,139.5,139.3,766792.7999999999,5502,2025-09-05 13:39:59
2025-09-05 13:40:00,139.4,139.65,139.65,139.3,1351028.8999999969,9682,2025-09-05 13:49:59
2025-09-05 13:50:00,139.6,139.5,139.65,139.5,184839.69999999998,1324,2025-09-05 13:59:59
2025-09-05 14:00:00,139.6,139.65,139.65,139.5,448813.8,3214,2025-09-05 14:09:59
2025-09-05 14:10:00,139.6,139.6,139.65,139.5,298024.85,2135,2025-09-05 14:19:59
2025-09-05 14:20:00,139.6,139.65,139.65,139.4,1508803.6500000001,10815,2025-09-05 14:29:59
2025-09-05 14:30:00,139.65,139.9,139.95,139.55,4322630.5,30919,2025-09-05 14:39:59
2025-09-05 14:40:00,139.95,140.0,140.05,139.85,3417606.2,24412,2025-09-05 14:49:59
2025-09-05 14:50:00,140.0,140.3,140.3,139.95,5358060.75,38221,2025-09-05 14:59:59
2025-09-05 15:00:00,140.3,140.4,140.65,140.25,8282118.7,58953,2025-09-05 15:09:59
2025-09-05 15:10:00,140.4,140.25,140.45,140.05,2973113.4999999986,21197,2025-09-05 15:19:59
2025-09-05 15:20:00,140.25,140.15,140.25,140.05,55502.850000000006,396,2025-09-05 15:29:59
2025-09-05 15:30:00,140.15,140.05,140.15,139.8,2427966.8000000003,17349,2025-09-05 15:39:59
2025-09-05 15:40:00,140.05,140.4,140.45,139.9,3646540.55,25995,2025-09-05 15:49:59
2025-09-05 15:50:00,140.4,140.45,140.45,140.2,2989267.95,21302,2025-09-05 15:59:59
2025-09-05 16:00:00,140.4,140.4,140.45,140.3,779457.4,5551,2025-09-05 16:09:59
2025-09-05 16:10:00,140.4,140.35,140.4,140.3,532668.2000000002,3795,2025-09-05 16:19:59
2025-09-05 16:20:00,140.35,140.35,140.4,140.3,525621.3,3746,2025-09-05 16:29:59
2025-09-05 16:30:00,140.3,139.75,140.35,139.75,7571729.649999999,54105,2025-09-05 16:39:59
2025-09-05 16:40:00,139.75,140.0,140.15,139.75,808458.2000000002,5772,2025-09-05 16:49:59
2025-09-05 16:50:00,140.0,139.6,140.0,139.4,9775817.449999997,69997,2025-09-05 16:59:59
2025-09-05 17:00:00,139.6,139.95,140.0,139.6,2799626.6,20021,2025-09-05 17:09:59
2025-09-05 17:10:00,139.9,140.05,140.05,139.85,288247.15,2059,2025-09-05 17:19:59
2025-09-05 17:20:00,140.0,139.95,140.0,139.85,805417.6,5755,2025-09-05 17:29:59
2025-09-05 17:30:00,139.85,139.65,139.95,139.65,1129868.9999999998,8086,2025-09-05 17:39:59
2025-09-05 17:40:00,139.7,139.8,139.85,139.7,223812.9500000002,1601,2025-09-05 17:49:59
2025-09-05 17:50:00,139.8,139.65,139.8,139.65,98496.85,705,2025-09-05 17:59:08
2025-09-05 18:00:00,139.65,139.7,139.8,139.65,622512.5000000001,4456,2025-09-05 18:09:59
2025-09-05 18:10:00,139.8,139.95,140.05,139.8,1409331.8000000003,10072,2025-09-05 18:19:59
2025-09-05 18:20:00,139.85,140.0,140.0,139.8,1231718.95,8803,2025-09-05 18:29:59
2025-09-05 18:30:00,139.95,139.95,139.95,139.6,2585979.999999999,18504,2025-09-05 18:39:59
2025-09-05 18:40:00,140.0,140.0,140.0,140.0,136640.0,976,2025-09-05 18:49:08
2025-09-05 19:00:00,140.0,139.8,140.0,139.75,482214.74999999994,3446,2025-09-05 19:09:59
2025-09-05 19:10:00,139.95,139.95,139.95,139.65,266162.19999999995,1904,2025-09-05 19:19:59
2025-09-05 19:20:00,139.85,139.7,139.95,139.6,793755.0,5684,2025-09-05 19:29:59
2025-09-05 19:30:00,139.7,139.65,139.75,139.55,339991.60000000003,2435,2025-09-05 19:39:59
2025-09-05 19:40:00,139.75,139.8,139.8,139.7,135547.2,970,2025-09-05 19:49:59
2025-09-05 19:50:00,139.8,139.75,139.9,139.7,678356.7000000001,4852,2025-09-05 19:59:59
2025-09-05 20:00:00,139.8,139.9,139.95,139.8,453211.04999999993,3239,2025-09-05 20:09:59
2025-09-05 20:10:00,139.9,139.85,139.95,139.85,37625.600000000006,269,2025-09-05 20:19:59
2025-09-05 20:20:00,139.85,139.9,139.95,139.8,862827.4500000001,6170,2025-09-05 20:29:59
2025-09-05 20:30:00,139.85,139.95,139.95,139.7,1342225.9499999997,9604,2025-09-05 20:39:59
2025-09-05 20:40:00,139.9,139.85,139.95,139.7,628522.65,4497,2025-09-05 20:49:59
2025-09-05 20:50:00,139.85,139.45,139.85,139.3,3674270.3999999985,26343,2025-09-05 20:59:59
2025-09-05 21:00:00,139.5,139.45,139.55,139.35,769563.7,5520,2025-09-05 21:09:59
2025-09-05 21:10:00,139.45,139.4,139.45,139.4,325503.0,2335,2025-09-05 21:19:59
2025-09-05 21:20:00,139.4,139.45,139.45,139.4,1177236.4500000002,8442,2025-09-05 21:29:59
2025-09-05 21:30:00,139.45,139.7,139.75,139.45,1169879.7,8375,2025-09-05 21:39:59
2025-09-05 21:40:00,139.7,139.75,139.8,139.7,110270.4,789,2025-09-05 21:49:59
2025-09-05 21:50:00,139.8,139.85,139.85,139.8,47533.350000000006,340,2025-09-05 21:59:08
2025-09-05 22:00:00,139.85,139.75,139.85,139.6,2353141.65,16842,2025-09-05 22:09:59
2025-09-05 22:10:00,139.75,139.5,139.75,139.5,661656.85,4739,2025-09-05 22:19:59
2025-09-05 22:20:00,139.65,139.65,139.65,139.5,190935.80000000002,1368,2025-09-05 22:29:59
2025-09-05 22:30:00,139.65,139.55,139.65,139.55,22754.2,163,2025-09-05 22:39:59
2025-09-05 22:40:00,139.65,139.65,139.7,139.5,445072.45,3188,2025-09-05 22:49:59
2025-09-05 22:50:00,139.6,139.6,139.6,139.5,77328.95,554,2025-09-05 22:59:59
2025-09-05 23:00:00,139.55,139.75,139.75,139.5,153138.0,1097,2025-09-05 23:09:59
2025-09-05 23:10:00,139.75,139.8,139.8,139.7,527331.6,3773,2025-09-05 23:19:59
2025-09-05 23:20:00,139.8,139.7,139.8,139.7,142871.7,1022,2025-09-05 23:29:59
2025-09-05 23:30:00,139.7,139.7,139.8,139.65,451623.35000000003,3232,2025-09-05 23:39:59
2025-09-05 23:40:00,139.8,139.65,139.8,139.65,1600856.9500000002,11453,2025-09-05 23:49:59
2025-09-06 09:50:00,139.6,139.6,139.6,139.6,25128.0,180,2025-09-06 09:59:59
2025-09-06 10:00:00,139.7,139.75,140.0,139.4,2217310.15,15849,2025-09-06 10:09:59
2025-09-06 10:10:00,139.75,139.85,139.95,139.55,1113160.75,7970,2025-09-06 10:19:59
2025-09-06 10:20:00,139.85,139.85,139.85,139.65,100944.95000000001,722,2025-09-06 10:29:59
2025-09-06 10:30:00,139.85,140.0,140.0,139.6,1113803.2999999998,7958,2025-09-06 10:39:59
2025-09-06 10:40:00,140.0,139.9,140.05,139.85,135400.25000000003,967,2025-09-06 10:49:59
2025-09-06 10:50:00,139.95,139.85,140.0,139.85,147311.65,1053,2025-09-06 10:59:59
2025-09-06 11:00:00,139.85,139.85,139.85,139.75,128201.85,917,2025-09-06 11:09:59
2025-09-06 11:10:00,139.85,139.85,139.85,139.8,102475.70000000001,733,2025-09-06 11:19:59
2025-09-06 11:20:00,139.85,139.9,139.9,139.75,128538.44999999998,919,2025-09-06 11:29:59
2025-09-06 11:30:00,139.9,139.85,139.9,139.8,27132.2,194,2025-09-06 11:39:59
2025-09-06 11:40:00,139.8,139.85,139.85,139.8,4195.299999999999,30,2025-09-06 11:49:59
2025-09-06 11:50:00,139.85,139.85,139.85,139.8,11326.2,81,2025-09-06 11:59:59
2025-09-06 12:00:00,139.85,139.85,139.85,139.8,20692.65,148,2025-09-06 12:09:59
2025-09-06 12:10:00,139.8,139.5,139.95,139.5,1860459.0500000003,13324,2025-09-06 12:19:59
2025-09-06 12:20:00,139.85,139.8,139.9,139.6,214589.74999999997,1535,2025-09-06 12:29:59
2025-09-06 12:30:00,139.85,139.75,139.9,139.75,48512.65000000001,347,2025-09-06 12:39:59
2025-09-06 12:40:00,139.7,139.6,139.75,139.5,735717.3500000001,5273,2025-09-06 12:49:59
2025-09-06 12:50:00,139.75,139.75,139.75,139.65,82563.25,591,2025-09-06 12:59:01
2025-09-06 13:00:00,139.75,139.75,139.75,139.75,9083.75,65,2025-09-06 13:09:59
2025-09-06 13:10:00,139.75,139.85,139.85,139.75,113136.04999999999,809,2025-09-06 13:19:59
2025-09-06 13:20:00,139.75,139.85,139.85,139.65,322452.65,2308,2025-09-06 13:29:59
2025-09-06 13:30:00,139.8,139.65,139.8,139.5,6949922.999999999,49817,2025-09-06 13:39:59
2025-09-06 13:40:00,139.7,139.55,139.7,139.55,19404.0,139,2025-09-06 13:49:59
2025-09-06 13:50:00,139.6,139.6,139.6,139.55,123673.84999999999,886,2025-09-06 13:59:59
2025-09-06 14:00:00,139.7,139.7,139.7,139.6,6703.599999999999,48,2025-09-06 14:09:59
2025-09-06 14:10:00,139.7,139.55,139.7,139.55,12563.65,90,2025-09-06 14:19:59
2025-09-06 14:20:00,139.6,139.8,139.8,139.55,198898.1,1423,2025-09-06 14:29:59
2025-09-06 14:30:00,139.8,139.8,139.8,139.55,113374.24999999999,812,2025-09-06 14:39:59
2025-09-06 14:40:00,139.8,139.8,139.8,139.6,19703.999999999996,141,2025-09-06 14:49:59
2025-09-06 14:50:00,139.8,139.65,139.8,139.65,59940.85,429,2025-09-06 14:59:59
2025-09-06 15:00:00,139.6,139.65,139.65,139.55,82913.75,594,2025-09-06 15:09:59
2025-09-06 15:10:00,139.6,139.75,139.75,139.6,108410.25,776,2025-09-06 15:19:59
2025-09-06 15:20:00,139.8,139.9,140.0,139.8,1717725.95,12276,2025-09-06 15:29:59
2025-09-06 15:30:00,139.9,139.85,139.95,139.85,107155.0,766,2025-09-06 15:39:59
2025-09-06 15:40:00,139.85,139.8,139.9,139.8,95629.0,684,2025-09-06 15:49:59
2025-09-06 15:50:00,139.85,139.85,139.85,139.85,76218.25,545,2025-09-06 15:58:06
2025-09-06 16:00:00,139.9,139.9,139.9,139.85,52866.8,378,2025-09-06 16:09:59
2025-09-06 16:10:00,139.9,139.9,139.9,139.8,9512.600000000002,68,2025-09-06 16:19:59
2025-09-06 16:20:00,139.9,139.9,139.9,139.8,50077.9,358,2025-09-06 16:29:59
2025-09-06 16:30:00,139.85,139.9,139.9,139.8,27555.199999999997,197,2025-09-06 16:39:59
2025-09-06 16:40:00,139.9,139.9,139.9,139.8,60568.7,433,2025-09-06 16:49:59
2025-09-06 16:50:00,139.9,139.85,139.9,139.7,210228.34999999998,1504,2025-09-06 16:59:59
2025-09-06 17:00:00,139.85,139.85,139.9,139.7,49776.299999999996,356,2025-09-06 17:09:59
2025-09-06 17:10:00,139.85,139.8,139.85,139.55,685305.4500000001,4909,2025-09-06 17:19:59
2025-09-06 17:20:00,139.8,139.8,139.8,139.7,59128.5,423,2025-09-06 17:29:59
2025-09-06 17:30:00,139.7,139.7,139.85,139.7,327591.4,2344,2025-09-06 17:39:59
2025-09-06 17:40:00,139.7,139.95,139.95,139.6,812086.6000000001,5805,2025-09-06 17:49:59
2025-09-06 17:50:00,139.85,139.7,139.95,139.65,1289216.9000000001,9216,2025-09-06 17:59:59
2025-09-06 18:00:00,139.9,139.85,139.95,139.7,541202.1,3868,2025-09-06 18:09:59
2025-09-06 18:10:00,139.85,139.9,139.95,139.8,14690.100000000002,105,2025-09-06 18:19:59
2025-09-06 18:20:00,139.85,139.85,139.9,139.8,12867.249999999998,92,2025-09-06 18:29:59
2025-09-06 18:30:00,139.8,139.85,139.85,139.7,266913.25000000006,1910,2025-09-06 18:39:59
2025-09-06 18:40:00,139.85,139.85,139.85,139.7,293011.95,2096,2025-09-06 18:49:59
2025-09-06 18:50:00,139.8,139.85,139.9,139.7,725150.2000000001,5190,2025-09-06 18:59:59
2025-09-07 09:50:00,139.85,139.85,139.85,139.85,31606.1,226,2025-09-07 09:59:59
2025-09-07 10:00:00,139.85,140.2,140.35,139.85,891245.05,6362,2025-09-07 10:09:59
2025-09-07 10:10:00,140.2,140.0,140.2,139.95,475485.8,3396,2025-09-07 10:19:59
2025-09-07 10:20:00,140.0,140.0,140.0,139.9,148655.9,1062,2025-09-07 10:29:59
2025-09-07 10:30:00,140.0,139.9,140.0,139.9,199941.70000000004,1429,2025-09-07 10:39:59
2025-09-07 10:40:00,139.95,140.0,140.0,139.9,188285.05,1345,2025-09-07 10:49:59
2025-09-07 10:50:00,140.0,139.85,140.0,139.85,2047047.85,14636,2025-09-07 10:59:59
2025-09-07 11:00:00,139.9,139.95,139.95,139.85,126087.44999999998,901,2025-09-07 11:09:59
2025-09-07 11:10:00,139.95,139.95,140.0,139.9,278456.80000000005,1990,2025-09-07 11:19:59
2025-09-07 11:20:00,139.95,139.85,139.95,139.7,1120904.85,8020,2025-09-07 11:29:59
2025-09-07 11:30:00,139.85,139.85,139.85,139.7,78694.9,563,2025-09-07 11:39:59
2025-09-07 11:40:00,139.8,139.8,139.85,139.55,1179403.9499999997,8445,2025-09-07 11:49:59
2025-09-07 11:50:00,139.8,139.7,139.9,139.7,231756.50000000003,1657,2025-09-07 11:59:59
2025-09-07 12:00:00,139.9,139.7,139.9,139.7,108031.3,773,2025-09-07 12:09:59
2025-09-07 12:10:00,139.75,139.75,139.9,139.75,885334.1,6335,2025-09-07 12:19:59
2025-09-07 12:20:00,139.7,139.75,139.75,139.7,626883.4,4486,2025-09-07 12:29:59
2025-09-07 12:30:00,139.75,139.75,139.75,139.7,346159.9,2477,2025-09-07 12:39:59
2025-09-07 12:40:00,139.75,139.75,139.75,139.7,33669.65,241,2025-09-07 12:49:59
2025-09-07 12:50:00,139.75,139.9,139.9,139.7,251410.84999999998,1799,2025-09-07 12:59:06
2025-09-07 13:00:00,139.9,139.9,139.9,139.75,15388.35,110,2025-09-07 13:09:59
2025-09-07 13:10:00,139.75,139.9,139.9,139.75,15237.1,109,2025-09-07 13:19:59
2025-09-07 13:20:00,139.8,139.95,139.95,139.8,29247.350000000002,209,2025-09-07 13:29:59
2025-09-07 13:30:00,139.95,140.0,140.0,139.8,138275.24999999997,988,2025-09-07 13:39:59
2025-09-07 13:40:00,139.85,140.0,140.0,139.85,755985.45,5400,2025-09-07 13:49:59
2025-09-07 13:50:00,140.0,140.1,140.15,139.9,1596889.8,11397,2025-09-07 13:59:59
2025-09-07 14:00:00,140.1,140.1,140.1,140.0,24096.749999999996,172,2025-09-07 14:09:59
2025-09-07 14:10:00,140.1,140.1,140.1,140.0,48889.75,349,2025-09-07 14:19:59
2025-09-07 14:20:00,140.1,140.15,140.15,140.1,76238.15,544,2025-09-07 14:29:59
2025-09-07 14:30:00,140.1,140.15,140.15,140.1,123470.75,881,2025-09-07 14:39:59
2025-09-07 14:40:00,140.15,140.15,140.15,140.1,106513.5,760,2025-09-07 14:49:59
2025-09-07 14:50:00,140.1,140.15,140.15,140.1,119253.65,851,2025-09-07 14:59:59
2025-09-07 15:00:00,140.15,140.15,140.15,140.1,27189.000000000004,194,2025-09-07 15:09:59
2025-09-07 15:10:00,140.15,140.15,140.15,140.1,90658.24999999999,647,2025-09-07 15:19:59
2025-09-07 15:20:00,140.1,140.15,140.15,140.1,308964.60000000003,2205,2025-09-07 15:29:59
2025-09-07 15:30:00,140.1,140.15,140.15,140.0,470995.8,3361,2025-09-07 15:39:59
2025-09-07 15:40:00,140.15,140.15,140.15,140.05,15271.949999999999,109,2025-09-07 15:49:59
2025-09-07 15:50:00,140.15,140.05,140.15,140.05,71008.4,507,2025-09-07 15:59:01
2025-09-07 16:00:00,140.05,140.1,140.1,140.05,34314.15,245,2025-09-07 16:09:59
2025-09-07 16:10:00,140.1,140.1,140.1,140.05,425755.6,3040,2025-09-07 16:19:59
2025-09-07 16:20:00,140.1,140.1,140.1,140.05,206724.55,1476,2025-09-07 16:29:59
2025-09-07 16:30:00,140.1,140.1,140.1,140.05,34035.25,243,2025-09-07 16:39:59
2025-09-07 16:40:00,140.05,140.05,140.1,140.05,316038.5,2256,2025-09-07 16:49:59
2025-09-07 16:50:00,140.05,140.1,140.1,140.0,121440.00000000001,867,2025-09-07 16:59:06
2025-09-07 17:00:00,140.1,140.1,140.1,140.05,13169.099999999999,94,2025-09-07 17:09:59
2025-09-07 17:10:00,140.1,140.15,140.15,140.05,708996.7000000001,5059,2025-09-07 17:19:59
2025-09-07 17:20:00,140.15,140.15,140.15,140.05,368451.94999999995,2629,2025-09-07 17:29:59
2025-09-07 17:30:00,140.15,140.15,140.15,140.05,67953.4,485,2025-09-07 17:39:59
2025-09-07 17:40:00,140.05,140.05,140.15,140.05,160050.0,1142,2025-09-07 17:49:59
2025-09-07 17:50:00,140.15,140.15,140.15,140.0,301804.35000000003,2155,2025-09-07 17:59:01
2025-09-07 18:00:00,140.1,140.0,140.15,140.0,249028.5,1778,2025-09-07 18:09:59
2025-09-07 18:10:00,140.05,140.1,140.15,140.0,30809.499999999996,220,2025-09-07 18:19:59
2025-09-07 18:20:00,140.1,140.15,140.15,140.0,293561.14999999997,2095,2025-09-07 18:29:59
2025-09-07 18:30:00,140.15,140.15,140.15,140.1,44987.4,321,2025-09-07 18:39:59
2025-09-07 18:40:00,140.1,140.15,140.15,140.0,448275.85,3199,2025-09-07 18:49:59
2025-09-07 18:50:00,140.15,140.1,140.15,140.0,156960.35,1120,2025-09-07 18:59:59
2025-09-08 06:50:00,140.1,140.1,140.1,140.1,222759.0,1590,2025-09-08 06:59:59
2025-09-08 07:00:00,140.0,140.45,140.75,140.0,3652787.2999999975,26002,2025-09-08 07:09:59
2025-09-08 07:10:00,140.45,140.55,140.65,140.35,1901778.5,13535,2025-09-08 07:19:59
2025-09-08 07:20:00,140.55,140.65,140.65,140.5,756752.15,5383,2025-09-08 07:29:59
2025-09-08 07:30:00,140.6,140.75,140.85,140.6,3142899.749999999,22335,2025-09-08 07:39:59
2025-09-08 07:40:00,140.75,140.9,140.9,140.65,3191459.95,22657,2025-09-08 07:49:59
2025-09-08 07:50:00,140.9,140.95,141.3,140.85,7690927.999999999,54502,2025-09-08 07:59:59
2025-09-08 08:00:00,141.0,140.75,141.0,140.35,7933266.700000003,56438,2025-09-08 08:09:59
2025-09-08 08:10:00,140.75,140.85,140.95,140.75,1321927.8499999999,9385,2025-09-08 08:19:59
2025-09-08 08:20:00,140.85,140.65,140.9,140.6,2312521.2499999995,16433,2025-09-08 08:29:59
2025-09-08 08:30:00,140.65,141.1,141.1,140.6,3077365.5500000007,21832,2025-09-08 08:39:59
2025-09-08 08:40:00,141.05,142.7,143.0,141.05,40403637.499999985,284137,2025-09-08 08:49:59
2025-09-08 08:50:00,142.75,142.25,142.8,142.2,16908187.150000002,118765,2025-09-08 08:59:59
2025-09-08 09:00:00,142.3,142.3,142.45,142.0,8292055.2,58320,2025-09-08 09:09:59
2025-09-08 09:10:00,142.25,142.1,142.3,142.0,3734142.9999999995,26267,2025-09-08 09:19:59
2025-09-08 09:20:00,142.05,142.15,142.3,142.05,2758724.75,19403,2025-09-08 09:29:59
2025-09-08 09:30:00,142.1,142.15,142.2,142.1,890951.8499999999,6268,2025-09-08 09:39:59
2025-09-08 09:40:00,142.2,142.2,142.25,142.1,3750909.3000000007,26380,2025-09-08 09:49:59
2025-09-08 09:50:00,142.2,142.9,142.9,142.1,19602643.19999999,137519,2025-09-08 09:59:59
2025-09-08 10:00:00,142.9,142.25,142.9,142.0,22798296.05,160218,2025-09-08 10:09:59
2025-09-08 10:10:00,142.25,142.4,142.55,142.2,10058962.65,70666,2025-09-08 10:19:59
2025-09-08 10:20:00,142.4,142.15,142.45,142.0,7004649.5,49276,2025-09-08 10:29:59
2025-09-08 10:30:00,142.15,141.95,142.15,141.75,7812271.7,55059,2025-09-08 10:39:59
2025-09-08 10:40:00,141.95,141.9,142.0,141.85,2160904.3500000006,15224,2025-09-08 10:49:59
2025-09-08 10:50:00,141.95,142.05,142.1,141.9,5258696.399999999,37041,2025-09-08 10:59:59
2025-09-08 11:00:00,142.05,141.95,142.1,141.9,1728773.95,12173,2025-09-08 11:09:59
2025-09-08 11:10:00,141.95,142.2,142.3,141.9,7875122.299999998,55415,2025-09-08 11:19:59
2025-09-08 11:20:00,142.15,142.2,142.2,141.95,5502939.9,38743,2025-09-08 11:29:59
2025-09-08 11:30:00,142.2,142.2,142.25,142.0,2012370.85,14155,2025-09-08 11:39:59
2025-09-08 11:40:00,142.2,142.25,142.25,142.05,1587879.65,11167,2025-09-08 11:49:59
2025-09-08 11:50:00,142.25,142.4,142.45,142.15,5621747.849999999,39501,2025-09-08 11:59:59
2025-09-08 12:00:00,142.4,142.05,142.45,142.05,1757005.7,12353,2025-09-08 12:09:59
2025-09-08 12:10:00,142.05,142.05,142.2,142.0,1125190.75,7922,2025-09-08 12:19:59
2025-09-08 12:20:00,142.05,142.15,142.15,141.9,4297900.25,30272,2025-09-08 12:29:59
2025-09-08 12:30:00,142.15,142.1,142.2,142.0,790298.4999999999,5561,2025-09-08 12:39:59
2025-09-08 12:40:00,142.1,142.2,142.3,142.1,474787.0500000001,3339,2025-09-08 12:49:59
2025-09-08 12:50:00,142.3,142.3,142.3,142.1,586732.7500000001,4125,2025-09-08 12:59:59
2025-09-08 13:00:00,142.3,142.35,142.4,142.0,9251421.249999998,65050,2025-09-08 13:09:59
2025-09-08 13:10:00,142.25,142.35,142.4,142.25,1323994.9000000001,9302,2025-09-08 13:19:59
2025-09-08 13:20:00,142.35,142.2,142.35,142.1,800843.2,5632,2025-09-08 13:29:59
2025-09-08 13:30:00,142.2,142.15,142.3,142.05,1413156.2999999998,9942,2025-09-08 13:39:59
2025-09-08 13:40:00,142.15,142.2,142.25,142.05,1318992.3000000003,9281,2025-09-08 13:49:59
2025-09-08 13:50:00,142.2,142.4,142.4,142.1,870679.25,6118,2025-09-08 13:59:59
2025-09-08 14:00:00,142.3,142.25,142.4,142.25,1797720.7999999998,12631,2025-09-08 14:09:59
2025-09-08 14:10:00,142.2,142.25,142.25,142.0,1623497.6,11423,2025-09-08 14:19:59
2025-09-08 14:20:00,142.25,142.3,142.3,142.2,512339.25,3602,2025-09-08 14:29:59
2025-09-08 14:30:00,142.3,142.3,142.3,142.25,1393274.0499999998,9792,2025-09-08 14:39:59
2025-09-08 14:40:00,142.25,142.35,142.35,142.25,1244347.4999999995,8745,2025-09-08 14:49:59
2025-09-08 14:50:00,142.35,142.35,142.4,142.25,561220.7000000001,3943,2025-09-08 14:59:59
2025-09-08 15:00:00,142.3,142.3,142.4,142.15,1934279.1,13593,2025-09-08 15:09:59
2025-09-08 15:10:00,142.3,142.2,142.3,142.1,629103.5,4425,2025-09-08 15:19:59
2025-09-08 15:20:00,142.2,142.1,142.25,142.1,466093.10000000003,3278,2025-09-08 15:29:59
2025-09-08 15:30:00,142.15,142.05,142.15,141.9,9156442.100000001,64498,2025-09-08 15:39:59
2025-09-08 15:40:00,142.05,141.9,142.2,141.9,1507995.5999999999,10616,2025-09-08 15:49:59
2025-09-08 15:50:00,141.9,141.55,141.9,141.05,30593680.550000053,216234,2025-09-08 15:59:59
2025-09-08 16:00:00,141.45,141.6,141.65,141.45,1544347.1500000001,10910,2025-09-08 16:09:59
2025-09-08 16:10:00,141.6,141.7,141.9,141.6,3202164.4500000007,22582,2025-09-08 16:19:59
2025-09-08 16:20:00,141.7,141.8,141.8,141.7,816215.8,5758,2025-09-08 16:29:59
2025-09-08 16:30:00,141.8,141.7,141.8,141.55,971354.6000000002,6859,2025-09-08 16:39:59
2025-09-08 16:40:00,141.7,141.65,141.8,141.6,419429.55,2960,2025-09-08 16:49:59
2025-09-08 16:50:00,141.65,141.45,141.75,141.4,1217667.6000000003,8601,2025-09-08 16:59:59
2025-09-08 17:00:00,141.45,141.3,141.55,141.1,4588704.399999999,32488,2025-09-08 17:09:59
2025-09-08 17:10:00,141.3,141.5,141.55,141.15,1782679.65,12612,2025-09-08 17:19:59
2025-09-08 17:20:00,141.55,141.65,141.7,141.5,1286632.7499999998,9087,2025-09-08 17:29:59
2025-09-08 17:30:00,141.65,141.7,141.7,141.65,190524.05000000002,1345,2025-09-08 17:39:59
2025-09-08 17:40:00,141.7,141.8,141.85,141.7,1495324.3,10547,2025-09-08 17:49:59
2025-09-08 17:50:00,141.85,141.6,141.85,141.5,3038580.8499999996,21464,2025-09-08 17:59:59
2025-09-08 18:00:00,141.6,141.5,141.6,141.15,4094523.5500000007,28969,2025-09-08 18:09:59
2025-09-08 18:10:00,141.5,141.45,141.5,141.35,204095.99999999997,1443,2025-09-08 18:19:59
2025-09-08 18:20:00,141.4,141.4,141.45,141.2,1031550.5500000004,7298,2025-09-08 18:29:59
2025-09-08 18:30:00,141.3,141.25,141.45,141.25,886310.0,6272,2025-09-08 18:39:59
2025-09-08 18:40:00,141.25,141.25,141.25,141.25,1066155.0,7548,2025-09-08 18:49:59
2025-09-08 19:00:00,141.45,141.6,141.75,141.3,925956.7499999999,6540,2025-09-08 19:09:59
2025-09-08 19:10:00,141.75,141.45,141.75,141.4,985920.5499999998,6966,2025-09-08 19:19:59
2025-09-08 19:20:00,141.45,141.7,141.7,141.45,682406.0999999999,4821,2025-09-08 19:29:59
2025-09-08 19:30:00,141.7,141.4,141.7,141.25,1392946.55,9848,2025-09-08 19:39:59
2025-09-08 19:40:00,141.4,141.5,141.5,141.4,239154.55,1691,2025-09-08 19:49:59
2025-09-08 19:50:00,141.5,141.45,141.5,141.4,107385.6,759,2025-09-08 19:59:59
2025-09-08 20:00:00,141.45,141.4,141.45,141.25,1392324.8499999999,9850,2025-09-08 20:09:59
2025-09-08 20:10:00,141.4,141.4,141.4,141.25,153934.20000000004,1089,2025-09-08 20:19:59
2025-09-08 20:20:00,141.4,141.25,141.4,141.1,10743209.100000001,76086,2025-09-08 20:29:59
2025-09-08 20:30:00,141.2,141.5,141.65,141.2,2168210.25,15328,2025-09-08 20:39:59
2025-09-08 20:40:00,141.5,141.6,141.6,141.4,633717.55,4477,2025-09-08 20:49:59
2025-09-08 20:50:00,141.6,141.5,141.6,141.5,124382.34999999999,879,2025-09-08 20:59:59
2025-09-08 21:00:00,141.5,141.6,141.6,141.5,318118.45,2247,2025-09-08 21:09:59
2025-09-08 21:10:00,141.6,141.45,141.6,141.45,340090.44999999995,2403,2025-09-08 21:19:59
2025-09-08 21:20:00,141.5,141.6,141.6,141.4,386624.55,2733,2025-09-08 21:29:59
2025-09-08 21:30:00,141.6,141.5,141.6,141.35,771454.35,5456,2025-09-08 21:39:59
2025-09-08 21:40:00,141.5,141.5,141.6,141.45,321866.45,2274,2025-09-08 21:49:59
2025-09-08 21:50:00,141.5,141.4,141.5,141.4,96335.9,681,2025-09-08 21:59:59
2025-09-08 22:00:00,141.4,141.5,141.5,141.4,660359.5,4667,2025-09-08 22:09:59
2025-09-08 22:10:00,141.5,141.55,141.55,141.4,452980.95,3201,2025-09-08 22:19:59
2025-09-08 22:20:00,141.55,141.55,141.65,141.55,973993.1000000001,6879,2025-09-08 22:29:59
2025-09-08 22:30:00,141.55,141.6,141.6,141.5,70227.90000000001,496,2025-09-08 22:39:59
2025-09-08 22:40:00,141.6,141.75,141.75,141.55,476512.4999999999,3363,2025-09-08 22:49:59
2025-09-08 22:50:00,141.75,141.75,141.8,141.4,3011929.4,21264,2025-09-08 22:59:59
2025-09-08 23:00:00,141.75,141.7,141.75,141.7,100055.2,706,2025-09-08 23:09:59
2025-09-08 23:10:00,141.7,141.75,141.75,141.65,89013.55,628,2025-09-08 23:19:59
2025-09-08 23:20:00,141.75,141.65,141.75,141.65,50451.65000000001,356,2025-09-08 23:29:59
2025-09-08 23:30:00,141.75,141.7,141.75,141.7,914096.3999999999,6449,2025-09-08 23:39:59
2025-09-08 23:40:00,141.75,141.8,141.85,141.7,984226.9500000001,6942,2025-09-08 23:49:59
2025-09-09 06:50:00,142.0,142.0,142.0,142.0,79236.0,558,2025-09-09 06:59:59
2025-09-09 07:00:00,141.95,142.15,142.2,141.85,4509096.899999999,31732,2025-09-09 07:09:59
2025-09-09 07:10:00,142.15,142.1,142.2,142.0,1495741.5499999998,10524,2025-09-09 07:19:59
2025-09-09 07:20:00,142.1,142.0,142.2,142.0,2114503.25,14882,2025-09-09 07:29:59
2025-09-09 07:30:00,142.0,141.9,142.0,141.7,1115463.15,7865,2025-09-09 07:39:59
2025-09-09 07:40:00,141.8,141.8,141.85,141.8,493672.85000000003,3481,2025-09-09 07:49:59
2025-09-09 07:50:00,141.85,141.8,141.85,141.8,247324.55000000002,1744,2025-09-09 07:59:59
2025-09-09 08:00:00,141.85,141.75,141.85,141.75,223428.64999999997,1576,2025-09-09 08:09:59
2025-09-09 08:10:00,141.75,141.75,141.8,141.75,250212.95,1765,2025-09-09 08:19:59
2025-09-09 08:20:00,141.75,141.6,141.8,141.55,931904.35,6581,2025-09-09 08:29:59
2025-09-09 08:30:00,141.65,141.8,141.8,141.6,1019061.45,7189,2025-09-09 08:39:59
2025-09-09 08:40:00,141.8,141.85,141.9,141.75,687840.35,4850,2025-09-09 08:49:59
2025-09-09 08:50:00,141.85,141.9,141.95,141.8,62016.649999999994,437,2025-09-09 08:59:59
2025-09-09 09:00:00,141.95,141.85,141.95,141.85,555993.4000000001,3917,2025-09-09 09:09:59
2025-09-09 09:10:00,141.9,141.85,141.9,141.8,270198.7,1905,2025-09-09 09:19:59
2025-09-09 09:20:00,141.85,141.85,141.85,141.8,80428.50000000001,567,2025-09-09 09:29:59
2025-09-09 09:30:00,141.85,141.85,141.85,141.8,177266.49999999997,1250,2025-09-09 09:39:59
2025-09-09 09:40:00,141.85,141.8,141.85,141.75,1906489.3499999999,13445,2025-09-09 09:49:59
2025-09-09 09:50:00,141.8,141.35,141.8,141.1,17980337.950000003,127172,2025-09-09 09:59:59
2025-09-09 10:00:00,141.55,141.35,141.9,141.25,6983054.45,49329,2025-09-09 10:09:59
2025-09-09 10:10:00,141.25,141.2,141.35,140.75,11537958.45,81824,2025-09-09 10:19:59
2025-09-09 10:20:00,141.15,140.85,141.2,140.55,18915545.9,134340,2025-09-09 10:29:59
2025-09-09 10:30:00,140.85,141.1,141.25,140.85,6233403.149999999,44216,2025-09-09 10:39:59
2025-09-09 10:40:00,141.15,141.15,141.35,141.1,1379941.2499999998,9773,2025-09-09 10:49:59
2025-09-09 10:50:00,141.2,141.15,141.2,141.0,940645.5499999999,6668,2025-09-09 10:59:59
2025-09-09 11:00:00,141.15,141.0,141.15,140.85,2072823.45,14703,2025-09-09 11:09:59
2025-09-09 11:10:00,141.0,141.0,141.1,140.9,690588.0999999999,4899,2025-09-09 11:19:59
2025-09-09 11:20:00,141.0,140.9,141.05,140.65,3341664.6999999997,23731,2025-09-09 11:29:59
2025-09-09 11:30:00,140.9,140.65,141.5,140.55,24069111.000000004,170687,2025-09-09 11:39:59
2025-09-09 11:40:00,140.65,140.65,140.7,140.6,2023277.0499999998,14386,2025-09-09 11:49:59
2025-09-09 11:50:00,140.65,140.8,140.9,140.65,2998492.350000032,21298,2025-09-09 11:59:59
2025-09-09 12:00:00,140.8,140.75,140.8,140.65,1020267.4,7249,2025-09-09 12:09:59
2025-09-09 12:10:00,140.8,140.8,140.8,140.7,1239393.9500000002,8803,2025-09-09 12:19:59
2025-09-09 12:20:00,140.8,140.8,140.8,140.7,347883.1500000001,2471,2025-09-09 12:29:59
2025-09-09 12:30:00,140.75,140.75,141.05,140.65,3507930.5999999996,24915,2025-09-09 12:39:59
2025-09-09 12:40:00,140.75,140.8,140.9,140.6,1408304.8,10009,2025-09-09 12:49:59
2025-09-09 12:50:00,140.8,140.9,141.0,140.5,11772013.15,83655,2025-09-09 12:59:59
2025-09-09 13:00:00,140.9,140.85,140.9,140.55,3138217.1,22300,2025-09-09 13:09:59
2025-09-09 13:10:00,140.75,140.75,140.8,140.5,3894119.4999999995,27696,2025-09-09 13:19:59
2025-09-09 13:20:00,140.8,140.75,141.0,140.65,8278124.65,58769,2025-09-09 13:29:59
2025-09-09 13:30:00,140.8,140.85,141.0,140.8,2749233.95,19509,2025-09-09 13:39:59
2025-09-09 13:40:00,140.9,141.0,141.0,140.85,1633265.2000000002,11589,2025-09-09 13:49:59
2025-09-09 13:50:00,141.0,141.15,141.15,140.85,2926971.249999999,20764,2025-09-09 13:59:59
2025-09-09 14:00:00,141.15,141.15,141.2,141.15,392143.35,2778,2025-09-09 14:09:59
2025-09-09 14:10:00,141.15,141.1,141.2,141.0,474128.35000000003,3360,2025-09-09 14:19:59
2025-09-09 14:20:00,141.1,141.15,141.15,141.1,298090.6,2112,2025-09-09 14:29:59
2025-09-09 14:30:00,141.15,141.15,141.15,141.1,739938.6,5244,2025-09-09 14:39:59
2025-09-09 14:40:00,141.15,141.15,141.15,141.1,632016.8,4478,2025-09-09 14:49:59
2025-09-09 14:50:00,141.15,141.15,141.15,141.1,105720.9,749,2025-09-09 14:59:59
2025-09-09 15:00:00,141.15,141.0,141.15,141.0,1569461.3000000003,11127,2025-09-09 15:09:59
2025-09-09 15:10:00,141.05,141.25,141.35,141.0,2920895.4999999995,20687,2025-09-09 15:19:59
2025-09-09 15:20:00,141.2,141.1,141.25,141.1,524272.35000000003,3714,2025-09-09 15:29:59
2025-09-09 15:30:00,141.1,141.2,141.2,141.0,1757879.1999999997,12455,2025-09-09 15:39:59
2025-09-09 15:40:00,141.2,141.3,141.5,141.15,2875862.8,20344,2025-09-09 15:49:59
2025-09-09 15:50:00,141.3,142.15,142.4,141.1,30314520.099999994,213518,2025-09-09 15:59:59
2025-09-09 16:00:00,142.1,141.95,142.5,141.9,13945585.550000003,98062,2025-09-09 16:09:59
2025-09-09 16:10:00,142.0,142.0,142.0,141.75,9113033.100000001,64205,2025-09-09 16:19:59
2025-09-09 16:20:00,142.0,141.8,142.15,141.75,1465190.45,10320,2025-09-09 16:29:59
2025-09-09 16:30:00,141.8,142.0,142.0,141.65,1521544.25,10731,2025-09-09 16:39:59
2025-09-09 16:40:00,141.95,142.0,142.05,141.9,676159.5499999999,4762,2025-09-09 16:49:59
2025-09-09 16:50:00,141.9,141.9,141.95,141.75,2455227.0999999996,17304,2025-09-09 16:59:59
2025-09-09 17:00:00,141.95,141.8,142.1,141.8,897266.1999999998,6322,2025-09-09 17:09:59
2025-09-09 17:10:00,141.85,141.9,141.95,141.75,938301.0000000002,6614,2025-09-09 17:19:59
2025-09-09 17:20:00,141.85,141.9,141.9,141.8,128683.1,907,2025-09-09 17:29:59
2025-09-09 17:30:00,141.9,141.85,141.95,141.8,83867.05,591,2025-09-09 17:39:59
2025-09-09 17:40:00,141.95,141.95,141.95,141.85,1648459.4499999995,11617,2025-09-09 17:49:59
2025-09-09 17:50:00,141.95,142.0,142.0,141.9,792650.5999999999,5584,2025-09-09 17:59:59
2025-09-09 18:00:00,141.95,142.0,142.1,141.9,1216204.6500000013,8565,2025-09-09 18:09:59
2025-09-09 18:10:00,142.0,141.55,142.15,141.55,5319386.499999999,37518,2025-09-09 18:19:59
2025-09-09 18:20:00,141.6,141.7,141.75,141.55,774836.35,5470,2025-09-09 18:29:59
2025-09-09 18:30:00,141.75,141.8,141.9,141.5,2421031.9,17091,2025-09-09 18:39:59
2025-09-09 18:40:00,141.75,141.75,141.75,141.75,32602.5,230,2025-09-09 18:49:59
2025-09-09 19:00:00,141.8,141.9,141.95,141.75,971706.2500000001,6849,2025-09-09 19:09:59
2025-09-09 19:10:00,141.9,141.75,141.9,141.65,345264.25,2435,2025-09-09 19:19:59
2025-09-09 19:20:00,141.65,141.5,141.75,141.5,2762116.9000000004,19514,2025-09-09 19:29:59
2025-09-09 19:30:00,141.5,141.7,141.75,141.5,861098.8,6081,2025-09-09 19:39:59
2025-09-09 19:40:00,141.6,141.6,141.6,141.25,2784742.9499999997,19693,2025-09-09 19:49:59
2025-09-09 19:50:00,141.6,141.65,141.65,141.5,1241133.7,8770,2025-09-09 19:59:59
2025-09-09 20:00:00,141.65,141.55,141.7,141.4,434255.24999999994,3068,2025-09-09 20:09:59
2025-09-09 20:10:00,141.45,141.6,141.7,141.4,838285.1,5918,2025-09-09 20:19:59
2025-09-09 20:20:00,141.65,141.8,141.95,141.55,683989.8500000001,4821,2025-09-09 20:29:59
2025-09-09 20:30:00,141.95,141.9,141.95,141.75,77046.2,543,2025-09-09 20:39:59
2025-09-09 20:40:00,141.9,141.9,141.9,141.7,120261.55,848,2025-09-09 20:49:59
2025-09-09 20:50:00,141.9,141.85,142.0,141.6,2336992.2000000044,16473,2025-09-09 20:59:59
2025-09-09 21:00:00,141.85,141.85,141.95,141.75,430910.2,3037,2025-09-09 21:09:59
2025-09-09 21:10:00,141.9,141.9,141.9,141.85,58320.25,411,2025-09-09 21:19:59
2025-09-09 21:20:00,141.9,141.85,141.95,141.85,424471.55000000005,2991,2025-09-09 21:29:59
2025-09-09 21:30:00,141.85,141.8,141.9,141.8,311820.8,2198,2025-09-09 21:39:59
2025-09-09 21:40:00,141.85,141.75,141.85,141.75,187479.85,1322,2025-09-09 21:49:59
2025-09-09 21:50:00,141.85,141.8,141.9,141.75,317026.75000000006,2235,2025-09-09 21:59:59
2025-09-09 22:00:00,141.85,141.7,141.85,141.6,2045242.9500000002,14434,2025-09-09 22:09:59
2025-09-09 22:10:00,141.7,141.8,141.8,141.65,103484.45,730,2025-09-09 22:19:59
2025-09-09 22:20:00,141.8,141.75,141.8,141.6,187101.14999999997,1321,2025-09-09 22:29:59
2025-09-09 22:30:00,141.6,142.05,142.05,141.6,8314004.8500000015,58579,2025-09-09 22:39:59
2025-09-09 22:40:00,142.0,142.05,142.05,142.0,113340.95,798,2025-09-09 22:49:59
2025-09-09 22:50:00,142.05,141.95,142.2,141.95,953915.5000000005,6713,2025-09-09 22:59:59
2025-09-09 23:00:00,141.95,142.0,142.05,141.95,84050.65,592,2025-09-09 23:09:59
2025-09-09 23:10:00,142.05,142.25,142.25,142.05,1386775.7999999984,9754,2025-09-09 23:19:59
2025-09-09 23:20:00,142.2,141.95,142.25,141.8,2154548.1000000006,15178,2025-09-09 23:29:59
2025-09-09 23:30:00,141.95,141.9,142.0,141.85,524184.80000000005,3692,2025-09-09 23:39:59
2025-09-09 23:40:00,141.95,141.75,142.0,141.75,893496.55,6298,2025-09-09 23:49:59
2025-09-10 06:50:00,142.2,142.2,142.2,142.2,12655.8,89,2025-09-10 06:59:59
2025-09-10 07:00:00,142.2,141.95,142.35,141.75,5611379.400000001,39519,2025-09-10 07:09:59
2025-09-10 07:10:00,141.95,142.35,142.35,141.9,1134897.25,7981,2025-09-10 07:19:59
2025-09-10 07:20:00,142.3,142.15,142.35,142.05,352609.85,2479,2025-09-10 07:29:59
2025-09-10 07:30:00,142.15,141.9,142.15,141.8,526034.6000000001,3706,2025-09-10 07:39:59
2025-09-10 07:40:00,141.9,141.85,142.0,141.85,684031.2,4821,2025-09-10 07:49:59
2025-09-10 07:50:00,141.85,141.75,141.9,141.6,1747939.6500000001,12333,2025-09-10 07:59:59
2025-09-10 08:00:00,141.75,141.75,141.75,141.5,823088.3499999999,5815,2025-09-10 08:09:59
2025-09-10 08:10:00,141.6,141.6,141.8,141.55,657578.1499999999,4643,2025-09-10 08:19:59
2025-09-10 08:20:00,141.6,141.35,141.65,141.35,4026089.1499999994,28465,2025-09-10 08:29:59
2025-09-10 08:30:00,141.4,141.5,141.6,141.35,432233.44999999995,3055,2025-09-10 08:39:59
2025-09-10 08:40:00,141.5,141.65,141.7,141.5,653052.0,4612,2025-09-10 08:49:59
2025-09-10 08:50:00,141.6,141.5,141.65,141.45,572144.95,4043,2025-09-10 08:59:59
2025-09-10 09:00:00,141.5,141.7,141.7,141.5,854875.9500000001,6036,2025-09-10 09:09:59
2025-09-10 09:10:00,141.6,141.55,141.65,141.5,1599133.6,11301,2025-09-10 09:19:59
2025-09-10 09:20:00,141.5,141.5,141.6,141.5,612678.4000000001,4329,2025-09-10 09:29:59
2025-09-10 09:30:00,141.55,141.55,141.55,141.15,3953775.100000001,27962,2025-09-10 09:39:59
2025-09-10 09:40:00,141.55,141.45,141.55,141.45,295009.6,2085,2025-09-10 09:49:59
2025-09-10 09:50:00,141.45,141.4,141.5,141.3,1544662.9,10928,2025-09-10 09:59:59
2025-09-10 10:00:00,141.4,141.55,141.55,141.3,3619681.5,25594,2025-09-10 10:09:59
2025-09-10 10:10:00,141.5,141.55,141.55,141.5,1413224.5499999998,9985,2025-09-10 10:19:59
2025-09-10 10:20:00,141.55,141.5,141.55,141.5,461290.99999999994,3259,2025-09-10 10:29:59
2025-09-10 10:30:00,141.55,141.5,141.55,141.4,1278025.4499999997,9033,2025-09-10 10:39:59
2025-09-10 10:40:00,141.4,142.0,142.2,141.4,6430534.400000002,45324,2025-09-10 10:49:59
2025-09-10 10:50:00,142.05,142.3,142.4,142.0,4499294.100000001,31620,2025-09-10 10:59:59
2025-09-10 11:00:00,142.25,142.2,142.35,142.1,2316357.25,16284,2025-09-10 11:09:59
2025-09-10 11:10:00,142.15,142.1,142.2,142.0,4017488.45,28279,2025-09-10 11:19:59
2025-09-10 11:20:00,142.1,142.2,142.2,142.05,944253.1000000002,6642,2025-09-10 11:29:59
2025-09-10 11:30:00,142.2,142.5,142.75,142.15,8107361.749999999,56872,2025-09-10 11:39:59
2025-09-10 11:40:00,142.5,142.25,142.5,142.15,1286668.05,9046,2025-09-10 11:49:59
2025-09-10 11:50:00,142.25,142.2,142.4,142.2,787928.25,5539,2025-09-10 11:59:59
2025-09-10 12:00:00,142.3,142.0,142.3,142.0,1737117.1500000004,12225,2025-09-10 12:09:59
2025-09-10 12:10:00,142.05,142.1,142.15,142.0,334936.89999999997,2357,2025-09-10 12:19:59
2025-09-10 12:20:00,142.05,141.95,142.4,141.8,6704968.199999999,47197,2025-09-10 12:29:59
2025-09-10 12:30:00,141.95,142.1,142.2,141.9,773282.05,5441,2025-09-10 12:39:59
2025-09-10 12:40:00,142.1,142.1,142.15,142.0,1000374.45,7041,2025-09-10 12:49:59
2025-09-10 12:50:00,142.1,142.2,142.25,141.9,2441633.65,17186,2025-09-10 12:59:59
2025-09-10 13:00:00,142.2,142.15,142.25,141.95,1705712.4,12008,2025-09-10 13:09:59
2025-09-10 13:10:00,142.1,142.2,142.2,142.1,239518.30000000002,1685,2025-09-10 13:19:59
2025-09-10 13:20:00,142.1,142.0,142.2,141.9,2444238.5500000003,17204,2025-09-10 13:29:59
2025-09-10 13:30:00,142.0,141.9,142.0,141.55,5978404.6000000015,42151,2025-09-10 13:39:59
2025-09-10 13:40:00,141.9,142.15,142.3,141.9,2211458.8499999996,15558,2025-09-10 13:49:59
2025-09-10 13:50:00,142.15,141.9,142.15,141.9,1889523.1999999997,13307,2025-09-10 13:59:59
2025-09-10 14:00:00,141.9,141.95,141.95,141.85,994094.1999999998,7007,2025-09-10 14:09:59
2025-09-10 14:10:00,141.85,142.15,142.2,141.85,1056953.4000000001,7440,2025-09-10 14:19:59
2025-09-10 14:20:00,142.1,142.0,142.15,141.9,1929367.25,13592,2025-09-10 14:29:59
2025-09-10 14:30:00,142.1,142.1,142.3,142.0,1729840.0999999999,12168,2025-09-10 14:39:59
2025-09-10 14:40:00,142.1,141.7,142.1,141.5,5230301.75,36917,2025-09-10 14:49:59
2025-09-10 14:50:00,141.7,141.7,141.8,141.7,692585.1000000001,4886,2025-09-10 14:59:59
2025-09-10 15:00:00,141.7,141.75,141.75,141.65,304467.69999999995,2149,2025-09-10 15:09:59
2025-09-10 15:10:00,141.75,141.9,141.95,141.65,3439777.4,24250,2025-09-10 15:19:59
2025-09-10 15:20:00,141.95,141.85,141.95,141.75,309470.15,2182,2025-09-10 15:29:59
2025-09-10 15:30:00,141.75,141.85,141.9,141.7,240282.05000000002,1694,2025-09-10 15:39:59
2025-09-10 15:40:00,141.8,141.8,141.85,141.75,252676.2,1782,2025-09-10 15:49:59
2025-09-10 15:50:00,141.8,141.85,141.85,141.75,1405994.4500000002,9915,2025-09-10 15:59:59
2025-09-10 16:00:00,141.9,141.95,141.95,141.85,85005.45,599,2025-09-10 16:09:59
2025-09-10 16:10:00,141.9,141.85,142.0,141.85,669460.7999999999,4716,2025-09-10 16:19:59
2025-09-10 16:20:00,141.9,141.85,142.0,141.85,739515.1499999997,5210,2025-09-10 16:29:59
2025-09-10 16:30:00,141.8,141.85,141.9,141.8,434169.95000000007,3061,2025-09-10 16:39:59
2025-09-10 16:40:00,141.85,141.85,141.85,141.8,184946.4,1304,2025-09-10 16:49:59
2025-09-10 16:50:00,141.8,141.85,141.85,141.8,208235.14999999997,1468,2025-09-10 16:59:59
2025-09-10 17:00:00,141.85,141.9,141.9,141.8,387574.85,2732,2025-09-10 17:09:59
2025-09-10 17:10:00,141.9,141.85,141.9,141.8,271875.10000000003,1917,2025-09-10 17:19:59
2025-09-10 17:20:00,141.85,141.85,141.9,141.7,969723.7499999999,6840,2025-09-10 17:29:59
2025-09-10 17:30:00,141.85,141.7,141.9,141.7,587686.1,4145,2025-09-10 17:39:59
2025-09-10 17:40:00,141.7,141.8,141.8,141.55,2352504.8500000006,16608,2025-09-10 17:49:59
2025-09-10 17:50:00,141.8,141.8,141.8,141.7,23106.75,163,2025-09-10 17:59:59
2025-09-10 18:00:00,141.75,141.7,141.8,141.7,400401.1,2825,2025-09-10 18:09:59
2025-09-10 18:10:00,141.7,141.85,141.9,141.7,1102758.1499999985,7776,2025-09-10 18:19:59
2025-09-10 18:20:00,141.85,141.75,141.85,141.65,381942.74999999994,2694,2025-09-10 18:29:59
2025-09-10 18:30:00,141.75,141.7,141.8,141.6,1709374.2500000102,12069,2025-09-10 18:39:59
2025-09-10 18:40:00,141.65,141.65,141.65,141.65,84848.34999999999,599,2025-09-10 18:49:59
2025-09-10 19:00:00,141.6,141.4,141.7,141.35,3639594.549999999,25722,2025-09-10 19:09:59
2025-09-10 19:10:00,141.4,141.3,141.45,141.15,10463735.250000002,74073,2025-09-10 19:19:59
2025-09-10 19:20:00,141.25,141.35,141.35,141.25,496448.9,3513,2025-09-10 19:29:59
2025-09-10 19:30:00,141.3,141.25,141.35,141.2,759325.0499999999,5377,2025-09-10 19:39:59
2025-09-10 19:40:00,141.25,141.35,141.4,141.2,546943.2,3872,2025-09-10 19:49:59
2025-09-10 19:50:00,141.4,141.4,141.4,141.2,2137073.4499999983,15123,2025-09-10 19:59:59
2025-09-10 20:00:00,141.35,141.2,141.4,141.2,680268.65,4816,2025-09-10 20:09:59
2025-09-10 20:10:00,141.25,141.3,141.35,141.1,3053381.9999999986,21626,2025-09-10 20:19:59
2025-09-10 20:20:00,141.3,141.45,141.5,141.3,1442828.8999999997,10201,2025-09-10 20:29:59
2025-09-10 20:30:00,141.45,141.6,141.65,141.4,1163328.4499999997,8217,2025-09-10 20:39:59
2025-09-10 20:40:00,141.65,141.65,141.7,141.5,815996.25,5763,2025-09-10 20:49:59
2025-09-10 20:50:00,141.7,141.65,141.9,141.65,1354008.5,9547,2025-09-10 20:59:59
2025-09-10 21:00:00,141.7,141.6,141.7,141.55,71529.24999999999,505,2025-09-10 21:09:59
2025-09-10 21:10:00,141.6,141.5,141.6,141.5,3529075.85,24924,2025-09-10 21:19:59
2025-09-10 21:20:00,141.6,141.7,141.75,141.45,1051007.55,7423,2025-09-10 21:29:59
2025-09-10 21:30:00,141.7,141.6,141.7,141.5,246303.29999999996,1740,2025-09-10 21:39:59
2025-09-10 21:40:00,141.6,141.7,141.75,141.6,423786.0,2991,2025-09-10 21:49:59
2025-09-10 21:50:00,141.6,141.7,141.75,141.6,549884.7,3881,2025-09-10 21:59:59
2025-09-10 22:00:00,141.6,141.7,141.75,141.55,745559.3,5263,2025-09-10 22:09:59
2025-09-10 22:10:00,141.7,141.8,141.8,141.65,125023.4,882,2025-09-10 22:19:59
2025-09-10 22:20:00,141.8,141.75,141.8,141.7,186065.75,1313,2025-09-10 22:29:59
2025-09-10 22:30:00,141.75,141.6,141.75,141.5,2340629.1999999997,16532,2025-09-10 22:39:59
2025-09-10 22:40:00,141.6,141.6,141.7,141.55,220049.14999999997,1553,2025-09-10 22:49:59
2025-09-10 22:50:00,141.6,141.6,141.6,141.6,97987.2,692,2025-09-10 22:59:59
2025-09-10 23:00:00,141.6,141.7,141.75,141.6,1523051.45,10749,2025-09-10 23:09:59
2025-09-10 23:10:00,141.65,141.75,141.8,141.65,219142.6,1546,2025-09-10 23:19:59
2025-09-10 23:20:00,141.7,141.55,141.7,141.5,489434.80000000005,3457,2025-09-10 23:29:59
2025-09-10 23:30:00,141.55,141.6,141.7,141.45,950404.9500000001,6713,2025-09-10 23:39:59
2025-09-10 23:40:00,141.6,141.6,141.65,141.4,244485.84999999995,1728,2025-09-10 23:49:59
2025-09-11 06:50:00,141.6,141.6,141.6,141.6,2831.9999999999995,20,2025-09-11 06:59:59
2025-09-11 07:00:00,141.6,141.45,141.6,141.1,2403229.6999999997,17003,2025-09-11 07:09:59
2025-09-11 07:10:00,141.5,141.6,141.75,141.5,1078230.0,7616,2025-09-11 07:19:59
2025-09-11 07:20:00,141.65,141.6,141.65,141.55,121741.75,860,2025-09-11 07:29:59
2025-09-11 07:30:00,141.6,141.75,141.75,141.55,94317.6,666,2025-09-11 07:39:59
2025-09-11 07:40:00,141.75,141.75,141.75,141.55,448818.80000000005,3169,2025-09-11 07:49:59
2025-09-11 07:50:00,141.8,141.6,141.9,141.6,287063.9,2024,2025-09-11 07:59:59
2025-09-11 08:00:00,141.75,141.7,141.85,141.7,284152.55000000005,2004,2025-09-11 08:09:59
2025-09-11 08:10:00,141.7,141.8,141.85,141.7,500293.89999999997,3527,2025-09-11 08:19:59
2025-09-11 08:20:00,141.85,141.85,141.85,141.8,201790.09999999998,1423,2025-09-11 08:29:59
2025-09-11 08:30:00,141.85,141.85,141.85,141.8,755487.6,5326,2025-09-11 08:39:59
2025-09-11 08:40:00,141.85,141.9,141.9,141.85,216179.8,1524,2025-09-11 08:49:59
2025-09-11 08:50:00,141.9,141.9,142.05,141.8,2242297.55,15794,2025-09-11 08:59:59
2025-09-11 09:00:00,141.9,142.0,142.0,141.9,106313.2,749,2025-09-11 09:09:59
2025-09-11 09:10:00,142.0,142.2,142.3,142.0,5923029.3,41656,2025-09-11 09:19:59
2025-09-11 09:20:00,142.15,142.15,142.3,142.05,2441086.65,17162,2025-09-11 09:29:59
2025-09-11 09:30:00,142.15,142.0,142.15,141.95,1780172.7499999998,12536,2025-09-11 09:39:59
2025-09-11 09:40:00,142.0,141.85,142.0,141.85,576220.4500000001,4061,2025-09-11 09:49:59
2025-09-11 09:50:00,141.85,142.0,142.05,141.8,2437552.9499999997,17169,2025-09-11 09:59:59
2025-09-11 10:00:00,142.0,141.8,142.15,141.8,2788143.0499999993,19637,2025-09-11 10:09:59
2025-09-11 10:10:00,141.8,141.8,141.9,141.8,696838.0,4914,2025-09-11 10:19:59
2025-09-11 10:20:00,141.85,141.8,141.9,141.75,2938587.9,20723,2025-09-11 10:29:59
2025-09-11 10:30:00,141.7,141.65,141.75,141.6,849684.75,5998,2025-09-11 10:39:59
2025-09-11 10:40:00,141.65,141.6,141.7,141.5,2077014.5000000002,14669,2025-09-11 10:49:59
2025-09-11 10:50:00,141.7,141.6,141.7,141.5,1403736.2,9914,2025-09-11 10:59:59
2025-09-11 11:00:00,141.6,141.4,141.6,141.4,6517227.200000004,46065,2025-09-11 11:09:59
2025-09-11 11:10:00,141.4,141.25,141.45,141.25,6486271.6,45904,2025-09-11 11:19:59
2025-09-11 11:20:00,141.35,141.2,141.55,141.2,4291066.15,30381,2025-09-11 11:29:59
2025-09-11 11:30:00,141.2,141.4,141.4,141.1,3665615.7000000007,25961,2025-09-11 11:39:59
2025-09-11 11:40:00,141.4,141.55,141.6,141.4,780041.6500000001,5514,2025-09-11 11:49:59
2025-09-11 11:50:00,141.55,141.6,141.75,141.5,2266907.55,16007,2025-09-11 11:59:59
2025-09-11 12:00:00,141.6,141.6,141.75,141.5,1283431.9500000004,9061,2025-09-11 12:09:59
2025-09-11 12:10:00,141.6,141.7,141.7,141.55,940227.5,6638,2025-09-11 12:19:59
2025-09-11 12:20:00,141.7,141.7,141.75,141.6,1534372.75,10829,2025-09-11 12:29:59
2025-09-11 12:30:00,141.7,141.65,141.75,141.55,1047674.3499999999,7397,2025-09-11 12:39:59
2025-09-11 12:40:00,141.6,141.8,141.8,141.5,3193366.300000053,22544,2025-09-11 12:49:59
2025-09-11 12:50:00,141.8,141.7,141.8,141.6,73410.35,518,2025-09-11 12:59:59
2025-09-11 13:00:00,141.7,141.5,141.7,141.5,678638.7499999999,4794,2025-09-11 13:09:59
2025-09-11 13:10:00,141.6,141.6,141.6,141.5,815785.0499999999,5765,2025-09-11 13:19:59
2025-09-11 13:20:00,141.6,141.5,141.6,141.5,560499.5,3961,2025-09-11 13:29:59
2025-09-11 13:30:00,141.6,141.55,141.6,141.45,1202977.8,8501,2025-09-11 13:39:59
2025-09-11 13:40:00,141.55,141.5,141.55,141.5,222073.94999999998,1569,2025-09-11 13:49:59
2025-09-11 13:50:00,141.5,141.6,141.6,141.5,335823.2,2373,2025-09-11 13:59:59
2025-09-11 14:00:00,141.6,141.75,141.8,141.5,2133731.6,15072,2025-09-11 14:09:59
2025-09-11 14:10:00,141.75,141.65,141.8,141.5,1753912.0000000128,12385,2025-09-11 14:19:59
2025-09-11 14:20:00,141.65,141.5,141.65,141.5,843774.7000000001,5962,2025-09-11 14:29:59
2025-09-11 14:30:00,141.5,141.6,141.6,141.45,345874.45,2444,2025-09-11 14:39:59
2025-09-11 14:40:00,141.6,141.65,141.65,141.5,757563.2999999999,5351,2025-09-11 14:49:59
2025-09-11 14:50:00,141.65,141.7,141.85,141.6,1670945.7500000005,11787,2025-09-11 14:59:59
2025-09-11 15:00:00,141.8,141.65,141.85,141.65,394421.79999999993,2783,2025-09-11 15:09:59
2025-09-11 15:10:00,141.8,141.7,141.8,141.65,45502.299999999996,321,2025-09-11 15:19:59
2025-09-11 15:20:00,141.7,141.8,141.8,141.65,713005.4500000001,5029,2025-09-11 15:29:59
2025-09-11 15:30:00,141.75,141.6,141.75,141.5,1935962.95,13672,2025-09-11 15:39:59
2025-09-11 15:40:00,141.6,141.6,141.7,141.5,1165167.0,8226,2025-09-11 15:49:59
2025-09-11 15:50:00,141.6,142.0,142.0,141.6,6397697.35,45090,2025-09-11 15:59:59
2025-09-11 16:00:00,142.0,141.75,142.0,141.7,914008.8999999998,6446,2025-09-11 16:09:59
2025-09-11 16:10:00,141.75,141.75,141.85,141.7,260580.14999999997,1838,2025-09-11 16:19:59
2025-09-11 16:20:00,141.75,141.85,141.85,141.75,197989.7,1396,2025-09-11 16:29:59
2025-09-11 16:30:00,141.8,141.85,141.85,141.7,1106869.5000000002,7808,2025-09-11 16:39:59
2025-09-11 16:40:00,141.75,141.8,141.85,141.65,520694.9,3675,2025-09-11 16:49:59
2025-09-11 16:50:00,141.8,141.75,141.8,141.7,209737.05000000002,1480,2025-09-11 16:59:59
2025-09-11 17:00:00,141.75,141.85,141.85,141.7,342919.5,2419,2025-09-11 17:09:59
2025-09-11 17:10:00,141.85,141.7,141.85,141.7,146575.4,1034,2025-09-11 17:19:59
2025-09-11 17:20:00,141.7,141.8,141.8,141.65,1305122.0,9208,2025-09-11 17:29:59
2025-09-11 17:30:00,141.7,141.85,141.9,141.7,1280061.45,9029,2025-09-11 17:39:59
2025-09-11 17:40:00,141.75,141.75,141.85,141.7,929613.5,6558,2025-09-11 17:49:59
2025-09-11 17:50:00,141.75,141.7,141.75,141.65,317318.60000000003,2240,2025-09-11 17:59:59
2025-09-11 18:00:00,141.7,141.7,141.75,141.6,803127.0499999999,5671,2025-09-11 18:09:59
2025-09-11 18:10:00,141.7,141.55,141.7,141.35,4937772.85,34906,2025-09-11 18:19:59
2025-09-11 18:20:00,141.55,141.5,141.65,141.5,569117.75,4021,2025-09-11 18:29:59
2025-09-11 18:30:00,141.6,141.7,141.7,141.55,160484.1,1133,2025-09-11 18:39:59
2025-09-11 18:40:00,141.7,141.7,141.7,141.7,182226.19999999998,1286,2025-09-11 18:49:59
2025-09-11 19:00:00,141.7,141.7,141.7,141.5,1652058.8,11667,2025-09-11 19:09:59
2025-09-11 19:10:00,141.7,141.7,141.7,141.5,420234.14999999997,2969,2025-09-11 19:19:59
2025-09-11 19:20:00,141.6,141.75,141.8,141.5,854745.4,6032,2025-09-11 19:29:59
2025-09-11 19:30:00,141.8,141.6,141.8,141.6,339144.75,2394,2025-09-11 19:39:59
2025-09-11 19:40:00,141.55,141.75,141.75,141.5,598718.3500000001,4228,2025-09-11 19:49:59
2025-09-11 19:50:00,141.75,141.6,141.75,141.6,94096.59999999999,664,2025-09-11 19:59:59
2025-09-11 20:00:00,141.6,141.55,141.7,141.5,141918.5,1002,2025-09-11 20:09:59
2025-09-11 20:10:00,141.6,141.65,141.65,141.5,1206859.7,8528,2025-09-11 20:19:59
2025-09-11 20:20:00,141.5,141.6,141.6,141.45,347417.60000000003,2455,2025-09-11 20:29:59
2025-09-11 20:30:00,141.65,141.65,141.65,141.55,375072.2000000001,2648,2025-09-11 20:39:59
2025-09-11 20:40:00,141.7,141.65,141.75,141.65,71429.54999999999,504,2025-09-11 20:49:59
2025-09-11 20:50:00,141.7,141.75,141.75,141.65,210047.85000000003,1482,2025-09-11 20:59:59
2025-09-11 21:00:00,141.75,141.65,141.75,141.65,12471.2,88,2025-09-11 21:09:59
2025-09-11 21:10:00,141.7,141.65,141.75,141.65,656596.25,4635,2025-09-11 21:19:59
2025-09-11 21:20:00,141.6,141.7,141.75,141.6,1584889.75,11186,2025-09-11 21:29:59
2025-09-11 21:30:00,141.7,141.75,141.75,141.65,823395.8999999999,5809,2025-09-11 21:39:59
2025-09-11 21:40:00,141.75,141.7,141.75,141.65,463973.00000000006,3274,2025-09-11 21:49:59
2025-09-11 21:50:00,141.7,141.7,141.7,141.6,438221.5999999999,3094,2025-09-11 21:59:59
2025-09-11 22:00:00,141.7,141.7,141.7,141.6,69148.1,488,2025-09-11 22:09:59
2025-09-11 22:10:00,141.7,141.7,141.7,141.65,16862.100000000002,119,2025-09-11 22:19:59
2025-09-11 22:20:00,141.7,141.7,141.7,141.6,18846.0,133,2025-09-11 22:29:59
2025-09-11 22:30:00,141.6,141.65,141.7,141.6,153267.59999999998,1082,2025-09-11 22:39:59
2025-09-11 22:40:00,141.75,141.75,141.75,141.65,202496.90000000002,1429,2025-09-11 22:49:59
2025-09-11 22:50:00,141.75,141.7,141.75,141.7,9638.95,68,2025-09-11 22:59:59
2025-09-11 23:00:00,141.75,141.7,141.75,141.7,189776.45,1339,2025-09-11 23:09:59
2025-09-11 23:10:00,141.7,141.7,141.75,141.7,63490.049999999996,448,2025-09-11 23:19:59
2025-09-11 23:20:00,141.75,141.7,141.75,141.65,149792.35,1057,2025-09-11 23:29:59
2025-09-11 23:30:00,141.7,141.6,141.7,141.6,670943.75,4738,2025-09-11 23:39:59
2025-09-11 23:40:00,141.65,141.65,141.75,141.6,498499.55,3519,2025-09-11 23:49:59
2025-09-12 06:50:00,141.6,141.6,141.6,141.6,991.1999999999999,7,2025-09-12 06:59:59
2025-09-12 07:00:00,141.6,142.05,142.15,141.6,1999841.4999999998,14087,2025-09-12 07:09:59
2025-09-12 07:10:00,142.05,141.95,142.05,141.95,247655.90000000002,1744,2025-09-12 07:19:59
2025-09-12 07:20:00,142.0,142.0,142.1,141.9,1389572.0999999996,9782,2025-09-12 07:29:59
2025-09-12 07:30:00,142.0,142.0,142.05,141.9,187668.15,1322,2025-09-12 07:39:59
2025-09-12 07:40:00,142.0,142.0,142.05,142.0,306155.95,2156,2025-09-12 07:49:59
2025-09-12 07:50:00,142.0,142.0,142.1,142.0,96178.15,677,2025-09-12 07:59:59
2025-09-12 08:00:00,142.1,142.05,142.1,142.0,178737.44999999998,1258,2025-09-12 08:09:59
2025-09-12 08:10:00,142.0,142.8,142.9,142.0,7287423.400000005,51144,2025-09-12 08:19:59
2025-09-12 08:20:00,142.8,142.6,143.0,142.6,5189499.350000001,36337,2025-09-12 08:29:59
2025-09-12 08:30:00,142.65,142.55,142.65,142.5,2108258.6999999997,14790,2025-09-12 08:39:59
2025-09-12 08:40:00,142.55,142.5,142.55,142.5,214761.99999999997,1507,2025-09-12 08:49:59
2025-09-12 08:50:00,142.55,142.55,142.55,142.5,1624792.2,11399,2025-09-12 08:59:59
2025-09-12 09:00:00,142.5,142.55,142.55,142.5,171058.9,1200,2025-09-12 09:09:59
2025-09-12 09:10:00,142.55,142.55,142.55,142.5,488076.1,3424,2025-09-12 09:19:59
2025-09-12 09:20:00,142.55,142.6,142.75,142.5,1168877.0500000003,8197,2025-09-12 09:29:59
2025-09-12 09:30:00,142.6,142.7,142.75,142.6,1219241.3,8547,2025-09-12 09:39:59
2025-09-12 09:40:00,142.7,142.6,142.7,142.6,298970.44999999995,2096,2025-09-12 09:49:59
2025-09-12 09:50:00,142.6,142.65,142.65,142.6,302800.85,2123,2025-09-12 09:59:59
2025-09-12 10:00:00,142.6,142.0,142.65,141.95,10907791.100000001,76673,2025-09-12 10:09:59
2025-09-12 10:10:00,142.0,141.9,142.15,141.9,887126.4500000001,6249,2025-09-12 10:19:59
2025-09-12 10:20:00,141.9,142.15,142.15,141.9,546628.75,3848,2025-09-12 10:29:59
2025-09-12 10:30:00,142.15,142.0,142.15,141.9,437733.75,3083,2025-09-12 10:39:59
2025-09-12 10:40:00,142.05,142.1,142.25,142.0,1233167.9,8678,2025-09-12 10:49:59
2025-09-12 10:50:00,142.15,142.0,142.15,142.0,692248.7999999999,4872,2025-09-12 10:59:59
2025-09-12 11:00:00,142.1,142.1,142.1,141.9,358645.79999999993,2526,2025-09-12 11:09:59
2025-09-12 11:10:00,142.0,142.0,142.1,141.8,3659979.95,25785,2025-09-12 11:19:59
2025-09-12 11:20:00,142.0,141.85,142.0,141.8,437971.45,3087,2025-09-12 11:29:59
2025-09-12 11:30:00,141.8,141.75,141.95,141.75,1282413.3499999999,9043,2025-09-12 11:39:59
2025-09-12 11:40:00,141.75,141.7,142.1,141.7,3996537.1000000006,28166,2025-09-12 11:49:59
2025-09-12 11:50:00,141.75,141.85,141.9,141.7,278601.3,1965,2025-09-12 11:59:59
2025-09-12 12:00:00,141.85,141.75,141.85,141.65,763037.0999999999,5384,2025-09-12 12:09:59
2025-09-12 12:10:00,141.75,141.65,141.8,141.6,1361738.8500000003,9611,2025-09-12 12:19:59
2025-09-12 12:20:00,141.65,141.6,141.7,141.4,3523089.35,24896,2025-09-12 12:29:59
2025-09-12 12:30:00,141.6,141.55,141.6,141.5,313438.19999999995,2215,2025-09-12 12:39:59
2025-09-12 12:40:00,141.55,141.8,141.85,141.5,2197412.7500000005,15503,2025-09-12 12:49:59
2025-09-12 12:50:00,141.8,141.5,141.8,141.5,2441494.4000000004,17244,2025-09-12 12:59:59
2025-09-12 13:00:00,141.5,141.45,141.75,141.4,2554523.2,18054,2025-09-12 13:09:59
2025-09-12 13:10:00,141.45,141.4,141.45,141.2,3397071.95,24042,2025-09-12 13:19:59
2025-09-12 13:20:00,141.4,141.5,141.6,141.2,3351370.6999999997,23699,2025-09-12 13:29:59
2025-09-12 13:30:00,141.4,139.9,141.4,138.2,80465885.50000016,576882,2025-09-12 13:39:59
2025-09-12 13:40:00,139.85,139.8,140.2,139.35,8303693.699999999,59408,2025-09-12 13:49:59
2025-09-12 13:50:00,139.8,139.95,140.1,139.4,10644346.0,76145,2025-09-12 13:59:59
2025-09-12 14:00:00,139.95,140.45,140.45,139.8,5781985.550000001,41248,2025-09-12 14:09:59
2025-09-12 14:10:00,140.45,140.55,140.75,140.4,5557555.8500000015,39540,2025-09-12 14:19:59
2025-09-12 14:20:00,140.5,140.55,140.75,140.35,2976293.7,21164,2025-09-12 14:29:59
2025-09-12 14:30:00,140.6,140.2,140.6,140.1,3184750.15,22705,2025-09-12 14:39:59
2025-09-12 14:40:00,140.2,140.45,140.55,139.95,11080936.9,79084,2025-09-12 14:49:59
2025-09-12 14:50:00,140.5,141.3,141.3,140.5,16871804.2,119709,2025-09-12 14:59:59
2025-09-12 15:00:00,141.3,141.7,141.75,141.0,11775201.05,83251,2025-09-12 15:09:59
2025-09-12 15:10:00,141.65,141.4,141.75,141.0,10961263.95,77512,2025-09-12 15:19:59
2025-09-12 15:20:00,141.35,140.8,141.35,140.8,3801285.4999999995,26939,2025-09-12 15:29:59
2025-09-12 15:30:00,140.8,140.3,140.8,140.3,5754304.449999999,40930,2025-09-12 15:39:59
2025-09-12 15:40:00,140.35,140.2,140.4,140.0,13667941.950000001,97524,2025-09-12 15:49:59
2025-09-12 15:50:00,140.25,140.1,140.6,140.1,6475644.949999999,46143,2025-09-12 15:59:59
2025-09-12 16:00:00,140.2,140.4,140.55,140.1,3392969.2,24182,2025-09-12 16:09:59
2025-09-12 16:10:00,140.4,140.35,140.5,140.3,854211.3499999999,6084,2025-09-12 16:19:59
2025-09-12 16:20:00,140.35,140.4,140.7,140.35,2349405.4999999995,16718,2025-09-12 16:29:59
2025-09-12 16:30:00,140.35,140.1,140.35,140.0,2060140.0499999998,14705,2025-09-12 16:39:59
2025-09-12 16:40:00,140.05,140.0,140.35,139.9,4611928.2,32933,2025-09-12 16:49:59
2025-09-12 16:50:00,140.0,140.1,140.2,139.95,3234360.8000000026,23100,2025-09-12 16:59:59
2025-09-12 17:00:00,140.1,140.05,140.1,139.9,3338137.9999999995,23854,2025-09-12 17:09:59
2025-09-12 17:10:00,140.1,140.1,140.1,140.0,690389.8,4930,2025-09-12 17:19:59
2025-09-12 17:20:00,140.1,140.15,140.15,139.9,2134648.4499999997,15247,2025-09-12 17:29:59
2025-09-12 17:30:00,140.15,140.2,140.2,140.1,239282.55,1707,2025-09-12 17:39:59
2025-09-12 17:40:00,140.2,140.05,140.2,140.05,2089836.35,14920,2025-09-12 17:49:59
2025-09-12 17:50:00,140.05,139.55,140.05,139.5,8668379.0,62016,2025-09-12 17:59:59
2025-09-12 18:00:00,139.55,139.75,139.75,139.45,2614354.8,18734,2025-09-12 18:09:59
2025-09-12 18:10:00,139.75,139.85,139.85,139.7,472801.04999999993,3382,2025-09-12 18:19:59
2025-09-12 18:20:00,139.85,139.95,140.05,139.8,2555717.149999999,18265,2025-09-12 18:29:59
2025-09-12 18:30:00,139.95,139.6,140.2,139.6,2797462.950000003,19986,2025-09-12 18:39:59
2025-09-12 18:40:00,139.65,139.65,139.65,139.65,157525.2,1128,2025-09-12 18:49:09
2025-09-12 19:00:00,139.65,139.85,139.95,139.6,1025525.85,7341,2025-09-12 19:09:59
2025-09-12 19:10:00,139.85,139.6,139.85,139.6,792233.45,5670,2025-09-12 19:19:59
2025-09-12 19:20:00,139.6,139.75,139.8,139.6,1157756.1,8292,2025-09-12 19:29:59
2025-09-12 19:30:00,139.7,139.5,139.75,139.5,4462614.000000001,31983,2025-09-12 19:39:59
2025-09-12 19:40:00,139.5,139.5,139.55,139.35,4845550.3,34741,2025-09-12 19:49:59
2025-09-12 19:50:00,139.45,139.8,139.8,139.4,2474688.4499999997,17732,2025-09-12 19:59:59
2025-09-12 20:00:00,139.8,140.15,140.25,139.75,2504874.75,17885,2025-09-12 20:09:59
2025-09-12 20:10:00,140.15,139.95,140.2,139.9,517140.80000000005,3692,2025-09-12 20:19:59
2025-09-12 20:20:00,139.95,140.15,140.2,139.85,3971103.5000000005,28355,2025-09-12 20:29:59
2025-09-12 20:30:00,140.15,140.0,140.2,139.95,2727080.0500000003,19474,2025-09-12 20:39:59
2025-09-12 20:40:00,140.05,140.1,140.2,140.0,141251.4,1008,2025-09-12 20:49:59
2025-09-12 20:50:00,140.15,140.1,140.2,140.0,1898964.5499999998,13549,2025-09-12 20:59:59
2025-09-12 21:00:00,140.1,140.0,140.1,140.0,1255208.65,8965,2025-09-12 21:09:59
2025-09-12 21:10:00,140.0,140.1,140.1,139.95,450478.4,3217,2025-09-12 21:19:59
2025-09-12 21:20:00,140.1,140.05,140.1,140.0,399523.3999999999,2853,2025-09-12 21:29:59
2025-09-12 21:30:00,140.05,140.1,140.1,140.0,651352.75,4651,2025-09-12 21:39:59
2025-09-12 21:40:00,140.1,140.0,140.1,140.0,688720.3499999999,4918,2025-09-12 21:49:59
2025-09-12 21:50:00,140.05,140.0,140.05,140.0,1935928.0999999999,13828,2025-09-12 21:59:59
2025-09-12 22:00:00,140.0,139.8,140.05,139.7,3864696.7,27646,2025-09-12 22:09:59
2025-09-12 22:10:00,139.8,140.15,140.2,139.7,3671231.1,26241,2025-09-12 22:19:59
2025-09-12 22:20:00,140.15,140.1,140.15,139.9,611908.5499999999,4373,2025-09-12 22:29:59
2025-09-12 22:30:00,140.1,140.1,140.1,140.05,58267.299999999996,416,2025-09-12 22:39:59
2025-09-12 22:40:00,140.05,140.1,140.15,140.0,197906.35,1413,2025-09-12 22:49:59
2025-09-12 22:50:00,140.1,140.1,140.1,140.0,349903.04999999993,2499,2025-09-12 22:59:59
2025-09-12 23:00:00,140.1,140.2,140.2,140.0,495618.10000000003,3539,2025-09-12 23:09:59
2025-09-12 23:10:00,140.2,140.25,140.3,140.05,5337715.9999997765,38073,2025-09-12 23:19:59
2025-09-12 23:20:00,140.25,140.3,140.3,140.2,1023846.3,7298,2025-09-12 23:29:59
2025-09-12 23:30:00,140.3,140.25,140.3,140.1,1802390.9,12852,2025-09-12 23:39:59
2025-09-12 23:40:00,140.25,140.25,140.25,140.1,247323.74999999997,1765,2025-09-12 23:49:59
2025-09-13 09:50:00,140.3,140.3,140.3,140.3,11223.999999999998,80,2025-09-13 09:59:59
2025-09-13 11:40:00,140.3,140.5,140.6,140.2,128509.9,915,2025-09-13 11:49:59
2025-09-13 11:50:00,140.5,140.75,140.75,140.5,2898814.6500000004,20628,2025-09-13 11:59:59
2025-09-13 12:00:00,140.75,140.55,140.8,140.5,2228868.3000000003,15842,2025-09-13 12:09:59
2025-09-13 12:10:00,140.55,140.55,140.7,140.55,424250.0,3018,2025-09-13 12:19:59
2025-09-13 12:20:00,140.55,140.65,140.75,140.5,74388.54999999999,529,2025-09-13 12:29:59
2025-09-13 12:30:00,140.65,140.55,140.65,140.5,199311.49999999997,1418,2025-09-13 12:39:59
2025-09-13 12:40:00,140.55,140.6,140.6,140.5,229599.45,1634,2025-09-13 12:49:59
2025-09-13 12:50:00,140.6,140.75,140.85,140.5,737336.4499999998,5239,2025-09-13 12:59:59
2025-09-13 13:00:00,140.75,140.35,140.75,140.2,1088331.0,7755,2025-09-13 13:09:59
2025-09-13 13:10:00,140.55,140.6,140.6,140.35,56219.45,400,2025-09-13 13:19:59
2025-09-13 13:20:00,140.6,140.5,140.7,140.5,221652.94999999998,1576,2025-09-13 13:29:59
2025-09-13 13:30:00,140.5,140.4,140.5,140.4,32169.199999999997,229,2025-09-13 13:39:59
2025-09-13 13:40:00,140.5,140.45,140.65,140.4,173739.65,1236,2025-09-13 13:49:59
2025-09-13 13:50:00,140.45,140.6,140.6,140.45,135158.9,962,2025-09-13 13:59:01
2025-09-13 14:00:00,140.6,140.6,140.6,140.4,223840.55000000002,1593,2025-09-13 14:09:59
2025-09-13 14:10:00,140.6,140.6,140.6,140.45,194556.55000000002,1384,2025-09-13 14:19:59
2025-09-13 14:20:00,140.6,140.55,140.6,140.45,93452.70000000001,665,2025-09-13 14:29:59
2025-09-13 14:30:00,140.5,140.55,140.55,140.45,56635.549999999996,403,2025-09-13 14:39:59
2025-09-13 14:40:00,140.55,140.55,140.55,140.45,87413.15,622,2025-09-13 14:49:59
2025-09-13 14:50:00,140.55,140.55,140.55,140.45,53684.75,382,2025-09-13 14:59:59
2025-09-13 15:00:00,140.45,140.45,140.45,140.35,985276.7,7017,2025-09-13 15:09:59
2025-09-13 15:10:00,140.45,140.5,140.5,140.3,85656.85,610,2025-09-13 15:19:59
2025-09-13 15:20:00,140.3,140.45,140.45,140.25,104544.85,745,2025-09-13 15:29:59
2025-09-13 15:30:00,140.3,140.4,140.5,140.3,111803.75,796,2025-09-13 15:39:59
2025-09-13 15:40:00,140.5,140.35,140.5,140.05,1354661.45,9663,2025-09-13 15:49:59
2025-09-13 15:50:00,140.3,140.3,140.4,140.05,100173.00000000001,715,2025-09-13 15:59:59
2025-09-13 16:00:00,140.15,140.1,140.35,139.95,1692077.45,12080,2025-09-13 16:09:59
2025-09-13 16:10:00,140.1,140.15,140.35,140.1,699834.65,4994,2025-09-13 16:19:59
2025-09-13 16:20:00,140.15,140.25,140.35,140.1,46852.8,334,2025-09-13 16:29:59
2025-09-13 16:30:00,140.25,140.35,140.35,140.25,613361.1499999999,4373,2025-09-13 16:39:59
2025-09-13 16:40:00,140.25,140.25,140.35,140.25,5751.6,41,2025-09-13 16:49:59
2025-09-13 16:50:00,140.3,140.35,140.35,140.25,223148.00000000003,1590,2025-09-13 16:59:59
2025-09-13 17:00:00,140.35,140.25,140.35,140.25,95679.8,682,2025-09-13 17:09:59
2025-09-13 17:10:00,140.3,140.25,140.3,140.25,85851.59999999999,612,2025-09-13 17:19:59
2025-09-13 17:20:00,140.3,140.25,140.3,140.25,70141.90000000001,500,2025-09-13 17:29:59
2025-09-13 17:30:00,140.3,140.3,140.3,140.25,16272.799999999997,116,2025-09-13 17:39:59
2025-09-13 17:40:00,140.25,140.3,140.3,140.25,357081.45,2546,2025-09-13 17:49:59
2025-09-13 17:50:00,140.3,140.3,140.3,140.25,47410.700000000004,338,2025-09-13 17:59:59
2025-09-13 18:00:00,140.25,140.15,140.3,139.85,813807.7,5810,2025-09-13 18:09:59
2025-09-13 18:10:00,140.2,140.1,140.2,139.8,486991.7,3482,2025-09-13 18:19:59
2025-09-13 18:20:00,140.1,140.0,140.2,139.75,218583.05,1563,2025-09-13 18:29:59
2025-09-13 18:30:00,140.1,139.9,140.1,139.65,1587769.25,11360,2025-09-13 18:39:59
2025-09-13 18:40:00,140.05,140.05,140.2,139.65,1361200.85,9740,2025-09-13 18:49:59
2025-09-13 18:50:00,139.7,139.6,139.9,139.6,1710573.85,12249,2025-09-13 18:59:59
2025-09-14 09:50:00,139.8,139.8,139.8,139.8,347403.0,2485,2025-09-14 09:59:59
2025-09-14 10:00:00,139.8,140.1,140.2,139.8,122918.34999999996,878,2025-09-14 10:09:59
2025-09-14 10:10:00,140.1,140.05,140.15,139.8,210528.55,1505,2025-09-14 10:19:59
2025-09-14 10:20:00,140.05,140.45,140.45,140.05,1035709.4999999999,7387,2025-09-14 10:29:59
2025-09-14 10:30:00,140.4,140.25,140.45,140.0,601627.0000000001,4295,2025-09-14 10:39:59
2025-09-14 10:40:00,140.15,140.15,140.15,140.05,148964.44999999998,1063,2025-09-14 10:49:59
2025-09-14 10:50:00,140.05,140.1,140.15,140.0,295134.75,2108,2025-09-14 10:59:59
2025-09-14 11:00:00,140.1,140.15,140.15,140.0,168687.59999999998,1204,2025-09-14 11:09:59
2025-09-14 11:10:00,140.15,140.25,140.25,140.0,684837.9,4891,2025-09-14 11:19:59
2025-09-14 11:20:00,140.25,140.25,140.3,140.0,2148874.45,15336,2025-09-14 11:29:59
2025-09-14 11:30:00,140.25,140.05,140.25,140.05,240276.85000000003,1715,2025-09-14 11:39:59
2025-09-14 11:40:00,140.1,140.1,140.1,140.0,487363.8499999999,3481,2025-09-14 11:49:59
2025-09-14 11:50:00,140.1,140.2,140.2,140.0,166879.9,1191,2025-09-14 11:59:59
2025-09-14 12:00:00,140.2,140.0,140.2,140.0,169896.34999999998,1213,2025-09-14 12:09:59
2025-09-14 12:10:00,140.1,140.1,140.1,140.0,33610.1,240,2025-09-14 12:19:59
2025-09-14 12:20:00,140.1,140.0,140.15,140.0,133333.5,952,2025-09-14 12:29:59
2025-09-14 12:30:00,140.0,140.1,140.1,140.0,13721.900000000001,98,2025-09-14 12:39:59
2025-09-14 12:40:00,140.05,140.0,140.15,140.0,56301.700000000004,402,2025-09-14 12:49:59
2025-09-14 12:50:00,140.1,140.0,140.1,140.0,495540.3,3539,2025-09-14 12:59:59
2025-09-14 13:00:00,140.0,140.1,140.1,139.95,313095.10000000003,2237,2025-09-14 13:09:59
2025-09-14 13:10:00,140.0,140.0,140.25,140.0,234162.30000000005,1671,2025-09-14 13:19:59
2025-09-14 13:20:00,140.05,140.0,140.1,140.0,160777.45,1148,2025-09-14 13:29:59
2025-09-14 13:30:00,140.1,140.0,140.1,140.0,595804.3999999999,4253,2025-09-14 13:39:59
2025-09-14 13:40:00,140.1,140.35,140.35,140.1,2694201.8,19210,2025-09-14 13:49:59
2025-09-14 13:50:00,140.35,140.25,140.35,140.15,994721.85,7090,2025-09-14 13:59:59
2025-09-14 14:00:00,140.35,140.45,140.5,140.25,392652.10000000003,2796,2025-09-14 14:09:59
2025-09-14 14:10:00,140.45,140.3,140.5,140.25,98009.35,698,2025-09-14 14:19:59
2025-09-14 14:20:00,140.25,140.5,140.5,140.25,766371.9,5456,2025-09-14 14:29:59
2025-09-14 14:30:00,140.5,140.35,140.5,140.35,114352.25,814,2025-09-14 14:39:59
2025-09-14 14:40:00,140.4,140.5,140.5,140.25,247610.59999999995,1764,2025-09-14 14:49:59
2025-09-14 14:50:00,140.5,140.45,140.55,140.35,393071.95,2798,2025-09-14 14:59:01
2025-09-14 15:00:00,140.45,140.45,140.55,140.4,977522.5499999999,6962,2025-09-14 15:09:59
2025-09-14 15:10:00,140.5,140.55,140.6,140.5,904555.3999999999,6435,2025-09-14 15:19:59
2025-09-14 15:20:00,140.5,140.55,140.6,140.5,2026759.9,14416,2025-09-14 15:29:59
2025-09-14 15:30:00,140.55,140.6,140.6,140.5,2194766.85,15612,2025-09-14 15:39:59
2025-09-14 15:40:00,140.6,140.65,140.7,140.55,2084513.25,14818,2025-09-14 15:49:59
2025-09-14 15:50:00,140.55,140.3,140.65,139.95,4479352.899999999,31984,2025-09-14 15:59:59
2025-09-14 16:00:00,140.3,140.45,140.5,140.3,370235.4,2637,2025-09-14 16:09:59
2025-09-14 16:10:00,140.45,140.4,140.45,140.3,55040.45,392,2025-09-14 16:19:59
2025-09-14 16:20:00,140.4,140.4,140.4,140.25,51524.299999999996,367,2025-09-14 16:29:59
2025-09-14 16:30:00,140.25,140.4,140.4,140.25,55586.7,396,2025-09-14 16:39:59
2025-09-14 16:40:00,140.4,140.45,140.45,140.3,86650.4,617,2025-09-14 16:49:59
2025-09-14 16:50:00,140.4,140.45,140.45,140.25,39448.5,281,2025-09-14 16:59:59
2025-09-14 17:00:00,140.25,140.4,140.45,140.25,199557.30000000002,1421,2025-09-14 17:09:59
2025-09-14 17:10:00,140.45,140.35,140.45,140.35,43248.25000000001,308,2025-09-14 17:19:59
2025-09-14 17:20:00,140.4,140.3,140.45,140.3,785502.05,5598,2025-09-14 17:29:59
2025-09-14 17:30:00,140.45,140.15,140.45,140.0,1080667.25,7708,2025-09-14 17:39:59
2025-09-14 17:40:00,140.15,140.15,140.35,140.15,26382.400000000005,188,2025-09-14 17:49:59
2025-09-14 17:50:00,140.15,140.15,140.3,140.05,121217.25000000001,865,2025-09-14 17:59:59
2025-09-14 18:00:00,140.15,140.4,140.4,140.15,433481.54999999993,3089,2025-09-14 18:09:59
2025-09-14 18:10:00,140.4,140.35,140.45,140.3,360804.95,2570,2025-09-14 18:19:59
2025-09-14 18:20:00,140.45,140.15,140.45,140.1,806262.4000000001,5752,2025-09-14 18:29:59
2025-09-14 18:30:00,140.3,140.15,140.35,140.15,32274.000000000004,230,2025-09-14 18:39:59
2025-09-14 18:40:00,140.15,140.2,140.4,140.15,256168.30000000002,1825,2025-09-14 18:49:59
2025-09-14 18:50:00,140.4,140.35,140.4,140.1,347999.35000000003,2482,2025-09-14 18:59:59
2025-09-15 06:50:00,140.35,140.35,140.35,140.35,4912.25,35,2025-09-15 06:59:59
2025-09-15 07:00:00,140.45,140.5,140.65,140.05,1098435.900000001,7815,2025-09-15 07:09:59
2025-09-15 07:10:00,140.5,140.3,140.6,140.25,307335.35000000003,2189,2025-09-15 07:19:59
2025-09-15 07:20:00,140.3,140.0,140.3,140.0,820399.0999999999,5856,2025-09-15 07:29:59
2025-09-15 07:30:00,140.1,140.05,140.3,140.0,685769.4,4895,2025-09-15 07:39:59
2025-09-15 07:40:00,140.15,140.1,140.15,140.0,69209.15,494,2025-09-15 07:49:59
2025-09-15 07:50:00,140.1,140.1,140.1,140.05,166573.25,1189,2025-09-15 07:59:59
2025-09-15 08:00:00,140.1,140.2,140.2,140.05,376871.35000000003,2690,2025-09-15 08:09:59
2025-09-15 08:10:00,140.2,140.45,140.45,140.1,1356761.55,9666,2025-09-15 08:19:59
2025-09-15 08:20:00,140.45,140.35,140.45,140.35,210038.55000000002,1496,2025-09-15 08:29:59
2025-09-15 08:30:00,140.35,140.6,140.65,140.35,1255210.25,8934,2025-09-15 08:39:59
2025-09-15 08:40:00,140.6,140.6,140.8,140.35,5236206.300000001,37238,2025-09-15 08:49:59
2025-09-15 08:50:00,140.55,140.45,140.6,140.45,1997622.9500000002,14217,2025-09-15 08:59:59
2025-09-15 09:00:00,140.5,140.4,140.5,140.35,1389131.5,9893,2025-09-15 09:09:59
2025-09-15 09:10:00,140.4,140.15,140.45,140.15,606058.9,4319,2025-09-15 09:19:59
2025-09-15 09:20:00,140.25,140.2,140.25,140.1,692593.6,4942,2025-09-15 09:29:59
2025-09-15 09:30:00,140.1,140.15,140.2,140.05,2048295.25,14623,2025-09-15 09:39:59
2025-09-15 09:40:00,140.05,140.15,140.15,140.0,1210521.55,8644,2025-09-15 09:49:59
2025-09-15 09:50:00,140.15,140.2,140.2,140.0,2430497.2499999995,17355,2025-09-15 09:59:59
2025-09-15 10:00:00,140.15,140.1,140.3,140.0,3326420.150000001,23743,2025-09-15 10:09:59
2025-09-15 10:10:00,140.0,140.3,140.3,140.0,278697.89999999997,1988,2025-09-15 10:19:59
2025-09-15 10:20:00,140.3,140.1,140.3,140.0,2127049.45,15183,2025-09-15 10:29:59
2025-09-15 10:30:00,140.1,140.1,140.1,140.0,91899.05,656,2025-09-15 10:39:59
2025-09-15 10:40:00,140.05,139.9,140.1,139.85,1496814.2499999995,10692,2025-09-15 10:49:59
2025-09-15 10:50:00,139.9,139.75,139.9,139.7,1050058.55,7512,2025-09-15 10:59:59
2025-09-15 11:00:00,139.8,139.6,139.8,139.6,963992.0000000003,6901,2025-09-15 11:09:59
2025-09-15 11:10:00,139.7,139.0,139.7,139.0,3560297.900000001,25549,2025-09-15 11:19:59
2025-09-15 11:20:00,139.1,138.85,139.2,138.55,8679997.299999999,62497,2025-09-15 11:29:59
2025-09-15 11:30:00,138.8,138.6,138.85,138.2,4812787.8,34756,2025-09-15 11:39:59
2025-09-15 11:40:00,138.6,138.85,139.0,138.6,5753256.900000007,41454,2025-09-15 11:49:59
2025-09-15 11:50:00,138.85,139.1,139.15,138.8,1079524.25,7767,2025-09-15 11:59:59
2025-09-15 12:00:00,139.1,138.8,139.1,138.8,4178614.199999999,30067,2025-09-15 12:09:59
2025-09-15 12:10:00,138.8,139.3,139.3,138.8,1503976.0000000002,10811,2025-09-15 12:19:59
2025-09-15 12:20:00,139.25,139.35,139.35,139.2,1055698.0,7579,2025-09-15 12:29:59
2025-09-15 12:30:00,139.25,139.1,139.3,139.1,1542799.1,11082,2025-09-15 12:39:59
2025-09-15 12:40:00,139.1,138.75,139.25,138.55,8689917.55,62645,2025-09-15 12:49:59
2025-09-15 12:50:00,138.75,138.75,138.85,138.6,1085819.9000000001,7826,2025-09-15 12:59:59
2025-09-15 13:00:00,138.65,138.9,138.95,138.6,713782.55,5144,2025-09-15 13:09:59
2025-09-15 13:10:00,138.95,139.05,139.05,138.9,3218523.35,23148,2025-09-15 13:19:59
2025-09-15 13:20:00,139.05,139.1,139.1,139.0,1829573.95,13157,2025-09-15 13:29:59
2025-09-15 13:30:00,139.0,138.8,139.0,138.8,3571652.5499999993,25707,2025-09-15 13:39:59
2025-09-15 13:40:00,138.95,138.75,139.0,138.7,1956591.95,14093,2025-09-15 13:49:59
2025-09-15 13:50:00,138.8,138.9,138.9,138.75,683548.1500000001,4924,2025-09-15 13:59:59
2025-09-15 14:00:00,138.9,138.8,138.9,138.65,1619748.65,11676,2025-09-15 14:09:59
2025-09-15 14:10:00,138.8,138.8,139.05,138.75,1264480.55,9106,2025-09-15 14:19:59
2025-09-15 14:20:00,138.8,139.1,139.1,138.75,1192152.0999999999,8584,2025-09-15 14:29:59
2025-09-15 14:30:00,139.05,139.1,139.1,138.95,1325599.2999999998,9532,2025-09-15 14:39:59
2025-09-15 14:40:00,139.1,139.15,139.2,139.05,488495.24999999994,3511,2025-09-15 14:49:59
2025-09-15 14:50:00,139.15,139.15,139.35,139.0,1168900.7,8397,2025-09-15 14:59:59
2025-09-15 15:00:00,139.15,139.55,139.6,139.15,3865721.099999998,27740,2025-09-15 15:09:59
2025-09-15 15:10:00,139.55,139.05,139.55,139.05,605230.7499999999,4344,2025-09-15 15:19:59
2025-09-15 15:20:00,139.15,139.35,139.35,139.1,1523955.5000000002,10952,2025-09-15 15:29:59
2025-09-15 15:30:00,139.35,139.2,139.35,139.05,614867.7999999999,4415,2025-09-15 15:39:59
2025-09-15 15:40:00,139.2,138.9,139.2,138.8,1769925.4500000002,12740,2025-09-15 15:49:59
2025-09-15 15:50:00,138.9,138.9,139.0,138.85,179767.7,1294,2025-09-15 15:59:59
2025-09-15 16:00:00,138.95,138.85,139.1,138.85,678614.5499999999,4884,2025-09-15 16:09:59
2025-09-15 16:10:00,138.85,138.85,138.85,138.8,167451.75,1206,2025-09-15 16:19:59
2025-09-15 16:20:00,138.85,138.8,138.85,138.8,707349.5499999999,5095,2025-09-15 16:29:59
2025-09-15 16:30:00,138.85,138.8,138.85,138.75,258020.6,1859,2025-09-15 16:39:59
2025-09-15 16:40:00,138.8,138.7,138.85,138.55,4614256.750000002,33280,2025-09-15 16:49:59
2025-09-15 16:50:00,138.7,138.5,138.8,138.5,1342521.0499999998,9690,2025-09-15 16:59:59
2025-09-15 17:00:00,138.5,138.6,138.6,138.5,1307815.7499999998,9442,2025-09-15 17:09:59
2025-09-15 17:10:00,138.6,138.55,138.65,138.5,1394144.0499999998,10062,2025-09-15 17:19:59
2025-09-15 17:20:00,138.5,138.6,138.65,138.5,398571.55,2877,2025-09-15 17:29:59
2025-09-15 17:30:00,138.55,138.75,138.95,138.5,2941249.0,21203,2025-09-15 17:39:59
2025-09-15 17:40:00,138.65,138.75,138.85,138.65,201042.55000000072,1449,2025-09-15 17:49:59
2025-09-15 17:50:00,138.85,138.7,138.9,138.65,654809.25,4718,2025-09-15 17:59:59
2025-09-15 18:00:00,138.65,138.65,138.75,138.5,2474257.2,17853,2025-09-15 18:09:59
2025-09-15 18:10:00,138.75,138.8,138.95,138.5,8180667.85,58989,2025-09-15 18:19:59
2025-09-15 18:20:00,138.7,138.75,138.8,138.6,1423166.0999999999,10263,2025-09-15 18:29:59
2025-09-15 18:30:00,138.8,138.85,138.95,138.7,2194707.7,15805,2025-09-15 18:39:59
2025-09-15 18:40:00,138.85,138.85,138.85,138.85,33185.15,239,2025-09-15 18:49:59
2025-09-15 19:00:00,138.8,138.8,138.9,138.6,1094639.6500000001,7889,2025-09-15 19:09:59
2025-09-15 19:10:00,138.8,138.85,138.85,138.65,194640.30000000002,1403,2025-09-15 19:19:59
2025-09-15 19:20:00,138.85,139.2,139.3,138.75,2843426.5999999996,20431,2025-09-15 19:29:59
2025-09-15 19:30:00,139.25,139.15,139.25,138.95,495159.5,3561,2025-09-15 19:39:59
2025-09-15 19:40:00,139.15,139.15,139.2,139.1,378950.35,2723,2025-09-15 19:49:59
2025-09-15 19:50:00,139.15,139.1,139.15,139.1,245456.8,1764,2025-09-15 19:59:59
2025-09-15 20:00:00,139.15,139.2,139.2,139.1,102862.45,739,2025-09-15 20:09:59
2025-09-15 20:10:00,139.25,139.2,139.25,139.1,657924.15,4728,2025-09-15 20:19:59
2025-09-15 20:20:00,139.15,139.2,139.2,139.15,64727.84999999999,465,2025-09-15 20:29:59
2025-09-15 20:30:00,139.2,139.1,139.25,139.05,33249.8,239,2025-09-15 20:39:59
2025-09-15 20:40:00,139.15,139.15,139.25,139.1,313755.85000000003,2254,2025-09-15 20:49:59
2025-09-15 20:50:00,139.15,139.0,139.15,138.95,285025.80000000005,2050,2025-09-15 20:59:59
2025-09-15 21:00:00,139.0,138.9,139.1,138.9,607231.7000000001,4371,2025-09-15 21:09:59
2025-09-15 21:10:00,138.9,138.9,138.9,138.85,58047.15,418,2025-09-15 21:19:59
2025-09-15 21:20:00,138.9,139.0,139.0,138.85,134559.24999999997,969,2025-09-15 21:29:59
2025-09-15 21:30:00,139.0,139.05,139.1,138.85,96599.1,695,2025-09-15 21:39:59
2025-09-15 21:40:00,139.05,138.8,139.1,138.75,3929350.4500000007,28316,2025-09-15 21:49:59
2025-09-15 21:50:00,138.85,138.85,138.85,138.75,184193.45,1327,2025-09-15 21:59:59
2025-09-15 22:00:00,138.75,138.8,138.85,138.75,37757.1,272,2025-09-15 22:09:59
2025-09-15 22:10:00,138.85,138.8,138.85,138.8,222833.89999999997,1605,2025-09-15 22:19:59
2025-09-15 22:20:00,138.8,138.9,138.9,138.8,217393.85,1566,2025-09-15 22:29:59
2025-09-15 22:30:00,138.85,138.9,138.9,138.85,48603.95,350,2025-09-15 22:39:59
2025-09-15 22:40:00,138.9,138.9,138.9,138.8,10415.65,75,2025-09-15 22:49:59
2025-09-15 22:50:00,138.85,138.8,138.9,138.75,2453479.95,17680,2025-09-15 22:59:59
2025-09-15 23:00:00,138.8,138.8,138.8,138.75,93959.50000000001,677,2025-09-15 23:09:59
2025-09-15 23:10:00,138.75,138.8,138.8,138.75,62311.5,449,2025-09-15 23:19:59
2025-09-15 23:20:00,138.8,138.7,138.8,138.55,1929748.3499999999,13913,2025-09-15 23:29:59
2025-09-15 23:30:00,138.7,138.65,138.8,138.65,92360.95,666,2025-09-15 23:39:59
2025-09-15 23:40:00,138.75,138.75,138.9,138.6,1380283.2000000002,9952,2025-09-15 23:49:59
2025-09-16 06:50:00,138.8,138.8,138.8,138.8,1526.8,11,2025-09-16 06:59:59
2025-09-16 07:00:00,139.1,139.5,140.0,138.6,5864189.000000002,41968,2025-09-16 07:09:59
2025-09-16 07:10:00,139.55,139.45,139.6,139.35,553373.0,3967,2025-09-16 07:19:59
2025-09-16 07:20:00,139.45,139.35,139.55,139.35,1078646.7000000002,7733,2025-09-16 07:29:59
2025-09-16 07:30:00,139.35,139.25,139.4,139.25,336205.3,2413,2025-09-16 07:39:59
2025-09-16 07:40:00,139.4,139.25,139.4,139.25,151114.59999999998,1085,2025-09-16 07:49:59
2025-09-16 07:50:00,139.2,139.25,139.25,139.1,803418.05,5771,2025-09-16 07:59:05
2025-09-16 08:00:00,139.25,139.25,139.25,139.1,64154.05,461,2025-09-16 08:09:59
2025-09-16 08:10:00,139.2,139.5,139.55,139.15,812352.5999999999,5825,2025-09-16 08:19:59
2025-09-16 08:20:00,139.5,139.55,139.55,139.35,448453.6499999999,3215,2025-09-16 08:29:59
2025-09-16 08:30:00,139.5,139.7,139.75,139.5,1040376.15,7449,2025-09-16 08:39:59
2025-09-16 08:40:00,139.75,139.9,139.9,139.75,862225.3999999998,6168,2025-09-16 08:49:59
2025-09-16 08:50:00,139.9,139.6,139.9,139.3,2888789.55,20688,2025-09-16 08:59:59
2025-09-16 09:00:00,139.65,139.55,139.65,139.5,374907.99999999994,2686,2025-09-16 09:09:59
2025-09-16 09:10:00,139.55,139.6,139.6,139.5,140503.8,1007,2025-09-16 09:19:59
2025-09-16 09:20:00,139.65,139.7,139.75,139.6,374268.14999999997,2679,2025-09-16 09:29:59
2025-09-16 09:30:00,139.7,139.6,139.8,139.5,566782.45,4060,2025-09-16 09:39:59
2025-09-16 09:40:00,139.6,139.5,139.65,139.35,939099.7499999999,6735,2025-09-16 09:49:59
2025-09-16 09:50:00,139.6,139.35,139.6,139.15,1745371.9500000002,12525,2025-09-16 09:59:59
2025-09-16 10:00:00,139.6,139.45,139.65,139.35,155032.2,1111,2025-09-16 10:09:59
2025-09-16 10:10:00,139.55,139.65,139.65,139.45,349448.39999999997,2504,2025-09-16 10:19:59
2025-09-16 10:20:00,139.65,139.9,139.95,139.55,3193038.999999999,22837,2025-09-16 10:29:59
2025-09-16 10:30:00,139.9,139.95,140.0,139.8,967479.9500000001,6915,2025-09-16 10:39:59
2025-09-16 10:40:00,139.95,140.0,140.05,139.8,1243468.6500000001,8883,2025-09-16 10:49:59
2025-09-16 10:50:00,140.0,139.9,140.05,139.9,421092.0,3008,2025-09-16 10:59:59
2025-09-16 11:00:00,140.0,139.8,140.0,139.7,547654.5,3917,2025-09-16 11:09:59
2025-09-16 11:10:00,139.85,139.9,139.95,139.75,990316.4999999999,7081,2025-09-16 11:19:59
2025-09-16 11:20:00,139.75,139.8,139.9,139.6,824570.3500000001,5900,2025-09-16 11:29:59
2025-09-16 11:30:00,139.75,139.4,139.8,139.15,2833627.5999999996,20299,2025-09-16 11:39:59
2025-09-16 11:40:00,139.4,139.3,139.4,139.1,491313.8999999999,3529,2025-09-16 11:49:59
2025-09-16 11:50:00,139.2,138.9,139.25,138.7,5219818.550000001,37583,2025-09-16 11:59:59
2025-09-16 12:00:00,138.9,138.7,138.95,138.6,1263008.6500000004,9104,2025-09-16 12:09:59
2025-09-16 12:10:00,138.6,138.7,138.8,138.05,6005875.100000001,43403,2025-09-16 12:19:59
2025-09-16 12:20:00,138.75,138.75,138.9,138.75,3180192.1500000004,22905,2025-09-16 12:29:59
2025-09-16 12:30:00,138.7,138.05,138.75,138.0,5441121.499999999,39380,2025-09-16 12:39:59
2025-09-16 12:40:00,138.05,137.9,138.15,137.75,5149074.300000001,37335,2025-09-16 12:49:59
2025-09-16 12:50:00,137.9,138.05,138.15,137.9,3654945.0500000007,26486,2025-09-16 12:59:59
2025-09-16 13:00:00,138.15,138.0,138.15,137.85,5207168.649999999,37731,2025-09-16 13:09:59
2025-09-16 13:10:00,138.0,137.95,138.05,137.85,712161.3,5162,2025-09-16 13:19:59
2025-09-16 13:20:00,137.95,138.25,138.35,137.9,3610135.100000001,26142,2025-09-16 13:29:59
2025-09-16 13:30:00,138.3,138.3,138.35,138.1,1210625.75,8756,2025-09-16 13:39:59
2025-09-16 13:40:00,138.35,138.2,138.35,138.2,1652691.0499999998,11949,2025-09-16 13:49:59
2025-09-16 13:50:00,138.25,138.4,138.4,138.0,4048933.5500000003,29307,2025-09-16 13:59:59
2025-09-16 14:00:00,138.4,138.4,138.5,138.3,765768.7,5532,2025-09-16 14:09:59
2025-09-16 14:10:00,138.3,138.25,138.4,138.25,150855.25,1091,2025-09-16 14:19:59
2025-09-16 14:20:00,138.3,138.4,138.45,138.25,1540474.1500000001,11131,2025-09-16 14:29:59
2025-09-16 14:30:00,138.4,138.55,138.6,138.35,361051.95,2607,2025-09-16 14:39:59
2025-09-16 14:40:00,138.6,138.7,138.7,138.55,1391787.1,10040,2025-09-16 14:49:59
2025-09-16 14:50:00,138.65,138.5,138.65,138.35,372245.2,2688,2025-09-16 14:59:59
2025-09-16 15:00:00,138.5,138.5,138.55,138.4,556200.0,4016,2025-09-16 15:09:59
2025-09-16 15:10:00,138.5,138.45,138.5,138.45,293946.85000000003,2123,2025-09-16 15:19:59
2025-09-16 15:20:00,138.45,138.5,138.5,138.4,246171.49999999997,1778,2025-09-16 15:29:59
2025-09-16 15:30:00,138.5,138.35,138.5,138.35,955302.4999999999,6902,2025-09-16 15:39:59
2025-09-16 15:40:00,138.35,138.25,138.4,138.25,284386.95,2056,2025-09-16 15:49:59
2025-09-16 15:50:00,138.3,138.45,138.6,138.25,2211692.1500000004,15977,2025-09-16 15:59:59
2025-09-16 16:00:00,138.45,138.4,138.45,138.3,222967.44999999995,1612,2025-09-16 16:09:59
2025-09-16 16:10:00,138.4,138.35,138.4,138.3,19919.25,144,2025-09-16 16:19:59
2025-09-16 16:20:00,138.4,138.65,138.7,138.35,2820666.6500000004,20353,2025-09-16 16:29:59
2025-09-16 16:30:00,138.6,139.05,139.05,138.55,4461258.999999999,32127,2025-09-16 16:39:59
2025-09-16 16:40:00,139.0,139.35,139.35,138.95,2690706.15,19342,2025-09-16 16:49:59
2025-09-16 16:50:00,139.35,139.1,139.55,139.1,4821590.85,34606,2025-09-16 16:59:59
2025-09-16 17:00:00,139.25,139.4,139.45,139.1,433427.44999999995,3109,2025-09-16 17:09:59
2025-09-16 17:10:00,139.4,139.3,139.4,139.2,1120559.8500000003,8044,2025-09-16 17:19:59
2025-09-16 17:20:00,139.25,139.35,139.4,139.15,1502299.1500000001,10790,2025-09-16 17:29:59
2025-09-16 17:30:00,139.35,139.3,139.35,139.2,73946.95000000001,531,2025-09-16 17:39:59
2025-09-16 17:40:00,139.3,139.4,139.45,139.2,1359611.35,9765,2025-09-16 17:49:59
2025-09-16 17:50:00,139.45,139.4,139.45,139.25,597057.15,4284,2025-09-16 17:59:59
2025-09-16 18:00:00,139.4,139.55,139.7,139.25,3071158.3499999996,22010,2025-09-16 18:09:59
2025-09-16 18:10:00,139.65,139.35,139.65,139.3,452877.64999999997,3247,2025-09-16 18:19:59
2025-09-16 18:20:00,139.35,139.55,139.55,139.3,819018.5499999999,5876,2025-09-16 18:29:59
2025-09-16 18:30:00,139.55,139.5,139.65,139.45,2278116.05,16323,2025-09-16 18:39:59
2025-09-16 18:40:00,139.5,139.5,139.5,139.5,40873.5,293,2025-09-16 18:49:59
2025-09-16 19:00:00,139.5,139.4,139.6,139.3,686409.9500000001,4923,2025-09-16 19:09:59
2025-09-16 19:10:00,139.5,139.35,139.55,139.35,218581.25,1568,2025-09-16 19:19:59
2025-09-16 19:20:00,139.35,139.4,139.5,139.35,66925.44999999995,480,2025-09-16 19:29:59
2025-09-16 19:30:00,139.45,139.45,139.5,139.35,20076.350000000002,144,2025-09-16 19:39:59
2025-09-16 19:40:00,139.45,139.45,139.45,139.35,430460.1,3089,2025-09-16 19:49:59
2025-09-16 19:50:00,139.35,139.35,139.5,139.3,626492.5499999999,4492,2025-09-16 19:59:59
2025-09-16 20:00:00,139.45,139.4,139.45,139.35,177055.35000000003,1270,2025-09-16 20:09:59
2025-09-16 20:10:00,139.4,139.35,139.45,139.35,34293.30000000001,246,2025-09-16 20:19:59
2025-09-16 20:20:00,139.4,139.25,139.4,139.15,1472598.8499999994,10578,2025-09-16 20:29:59
2025-09-16 20:30:00,139.25,138.9,139.3,138.85,2085289.1000000006,15001,2025-09-16 20:39:59
2025-09-16 20:40:00,138.95,139.1,139.1,138.9,179476.0,1292,2025-09-16 20:49:59
2025-09-16 20:50:00,139.05,138.95,139.05,138.9,16812.65,121,2025-09-16 20:59:59
2025-09-16 21:00:00,139.0,139.05,139.05,138.95,66168.1,476,2025-09-16 21:09:59
2025-09-16 21:10:00,139.05,139.2,139.2,139.05,231627.55,1665,2025-09-16 21:19:59
2025-09-16 21:20:00,139.1,139.1,139.25,139.0,111402.0,801,2025-09-16 21:29:59
2025-09-16 21:30:00,139.2,139.1,139.2,139.0,85790.9,617,2025-09-16 21:39:59
2025-09-16 21:40:00,139.1,139.05,139.1,139.05,54519.2,392,2025-09-16 21:49:59
2025-09-16 21:50:00,139.0,138.95,139.05,138.8,1107217.7,7972,2025-09-16 21:59:09
2025-09-16 22:00:00,138.9,139.0,139.0,138.85,44326.0,319,2025-09-16 22:09:59
2025-09-16 22:10:00,138.9,138.95,139.0,138.9,79340.9,571,2025-09-16 22:19:59
2025-09-16 22:20:00,139.0,139.0,139.0,138.95,188890.7,1359,2025-09-16 22:29:59
2025-09-16 22:30:00,138.95,138.95,139.0,138.9,276084.35000000003,1987,2025-09-16 22:39:59
2025-09-16 22:40:00,138.95,138.95,139.0,138.9,94073.34999999999,677,2025-09-16 22:49:59
2025-09-16 22:50:00,138.95,138.9,139.0,138.9,68627.40000000001,494,2025-09-16 22:58:09
2025-09-16 23:00:00,138.95,138.95,139.0,138.85,1900188.9000000001,13682,2025-09-16 23:09:59
2025-09-16 23:10:00,139.0,138.95,139.0,138.95,55729.7,401,2025-09-16 23:19:59
2025-09-16 23:20:00,138.95,138.95,139.0,138.9,62806.70000000001,452,2025-09-16 23:29:59
2025-09-16 23:30:00,138.9,139.6,139.6,138.9,5970258.6499999985,42843,2025-09-16 23:39:59
2025-09-16 23:40:00,139.45,139.3,139.45,139.2,450780.8,3235,2025-09-16 23:49:59
2025-09-17 06:50:00,139.65,139.65,139.65,139.65,26812.8,192,2025-09-17 06:59:59
2025-09-17 07:00:00,139.6,139.6,139.9,139.55,657746.2,4708,2025-09-17 07:09:59
2025-09-17 07:10:00,139.6,139.7,139.75,139.6,113827.89999999998,815,2025-09-17 07:19:59
2025-09-17 07:20:00,139.65,139.35,139.65,139.35,381268.60000000003,2735,2025-09-17 07:29:59
2025-09-17 07:30:00,139.45,139.45,139.55,139.4,228355.95,1637,2025-09-17 07:39:59
2025-09-17 07:40:00,139.45,139.5,139.5,139.35,102718.3,737,2025-09-17 07:49:59
2025-09-17 07:50:00,139.45,139.5,139.5,139.45,19945.6,143,2025-09-17 07:59:06
2025-09-17 08:00:00,139.5,139.4,139.5,139.4,19245.35,138,2025-09-17 08:09:59
2025-09-17 08:10:00,139.4,139.35,139.45,139.25,409543.8499999999,2940,2025-09-17 08:19:59
2025-09-17 08:20:00,139.35,139.4,139.4,139.35,171688.65,1232,2025-09-17 08:29:59
2025-09-17 08:30:00,139.4,139.4,139.4,139.25,37207.6,267,2025-09-17 08:39:59
2025-09-17 08:40:00,139.4,139.25,139.4,139.05,1679619.2499999998,12071,2025-09-17 08:49:59
2025-09-17 08:50:00,139.25,139.3,139.35,139.2,149568.75,1074,2025-09-17 08:59:59
2025-09-17 09:00:00,139.3,139.15,139.3,139.1,52898.600000000006,380,2025-09-17 09:09:59
2025-09-17 09:10:00,139.3,139.1,139.3,139.1,23514.65,169,2025-09-17 09:19:59
2025-09-17 09:20:00,139.1,138.8,139.1,138.65,1444546.2500000002,10410,2025-09-17 09:29:59
2025-09-17 09:30:00,138.8,138.95,138.95,138.6,1966553.1499999997,14174,2025-09-17 09:39:59
2025-09-17 09:40:00,138.9,138.85,139.0,138.75,370467.35,2668,2025-09-17 09:49:59
2025-09-17 09:50:00,138.8,138.8,139.1,138.75,319628.5,2301,2025-09-17 09:59:59
2025-09-17 10:00:00,138.8,139.25,139.25,138.7,885111.25,6370,2025-09-17 10:09:59
2025-09-17 10:10:00,139.2,138.9,139.2,138.9,70352.1,506,2025-09-17 10:19:59
2025-09-17 10:20:00,138.9,139.0,139.05,138.9,93661.55,674,2025-09-17 10:29:59
2025-09-17 10:30:00,139.05,138.95,139.1,138.95,465317.1,3346,2025-09-17 10:39:59
2025-09-17 10:40:00,139.0,138.75,139.05,138.65,1794609.4,12927,2025-09-17 10:49:59
2025-09-17 10:50:00,138.7,138.85,139.1,138.7,1545687.7999999998,11126,2025-09-17 10:59:59
2025-09-17 11:00:00,138.85,139.25,139.45,138.85,2849634.2000000007,20479,2025-09-17 11:09:59
2025-09-17 11:10:00,139.25,139.2,139.4,139.1,1138009.3,8174,2025-09-17 11:19:59
2025-09-17 11:20:00,139.3,139.25,139.35,139.2,472804.0,3395,2025-09-17 11:29:59
2025-09-17 11:30:00,139.25,139.0,139.25,138.95,1980839.75,14241,2025-09-17 11:39:59
2025-09-17 11:40:00,139.0,139.15,139.55,138.9,3935804.649999999,28245,2025-09-17 11:49:59
2025-09-17 11:50:00,139.2,139.45,139.6,139.0,4383586.800000001,31443,2025-09-17 11:59:59
2025-09-17 12:00:00,139.35,139.45,139.5,139.25,585944.4,4206,2025-09-17 12:09:59
2025-09-17 12:10:00,139.45,139.3,139.45,139.1,1008983.6499999999,7249,2025-09-17 12:19:59
2025-09-17 12:20:00,139.3,139.65,139.85,139.1,3863850.6499999994,27679,2025-09-17 12:29:59
2025-09-17 12:30:00,139.65,139.45,139.65,139.45,279485.35000000003,2003,2025-09-17 12:39:59
2025-09-17 12:40:00,139.6,139.5,139.6,139.45,84949.2,609,2025-09-17 12:49:59
2025-09-17 12:50:00,139.45,139.35,139.5,139.35,79189.5,568,2025-09-17 12:59:59
2025-09-17 13:00:00,139.35,139.5,139.5,139.3,328990.85,2359,2025-09-17 13:09:59
2025-09-17 13:10:00,139.45,139.7,139.8,139.4,1063799.3,7617,2025-09-17 13:19:59
2025-09-17 13:20:00,139.7,139.8,139.8,139.6,447148.95,3201,2025-09-17 13:29:59
2025-09-17 13:30:00,139.8,140.8,141.5,139.8,20456560.150000002,145342,2025-09-17 13:39:59
2025-09-17 13:40:00,140.8,142.1,142.8,140.8,30298115.0,213358,2025-09-17 13:49:59
2025-09-17 13:50:00,142.1,142.0,142.4,141.8,12156763.049999999,85546,2025-09-17 13:59:59
2025-09-17 14:00:00,142.0,141.8,142.2,141.65,8461506.450000001,59635,2025-09-17 14:09:59
2025-09-17 14:10:00,141.9,141.7,142.0,141.5,4661673.749999999,32894,2025-09-17 14:19:59
2025-09-17 14:20:00,141.7,141.65,141.7,141.55,1711459.05,12083,2025-09-17 14:29:59
2025-09-17 14:30:00,141.65,141.35,141.65,141.3,3067223.4499999997,21686,2025-09-17 14:39:59
2025-09-17 14:40:00,141.35,141.6,141.6,141.3,2122564.8,15004,2025-09-17 14:49:59
2025-09-17 14:50:00,141.6,141.3,141.6,141.3,1184494.3499999999,8377,2025-09-17 14:59:59
2025-09-17 15:00:00,141.4,141.4,141.45,141.3,442600.29999999993,3131,2025-09-17 15:09:59
2025-09-17 15:10:00,141.4,141.4,141.5,141.0,8833163.749999994,62518,2025-09-17 15:19:59
2025-09-17 15:20:00,141.45,141.2,141.45,141.15,3869461.1500000004,27370,2025-09-17 15:29:59
2025-09-17 15:30:00,141.2,141.1,141.2,140.75,9760650.650000002,69297,2025-09-17 15:39:59
2025-09-17 15:40:00,141.05,140.95,141.1,140.6,5435707.750000001,38602,2025-09-17 15:49:59
2025-09-17 15:50:00,141.0,140.65,141.0,140.35,7682498.050000002,54668,2025-09-17 15:59:59
2025-09-17 16:00:00,140.7,140.75,140.75,140.55,424743.65,3020,2025-09-17 16:09:59
2025-09-17 16:10:00,140.7,140.85,140.85,140.6,2308718.95,16405,2025-09-17 16:19:59
2025-09-17 16:20:00,140.85,140.55,140.85,140.5,2115187.15,15037,2025-09-17 16:29:59
2025-09-17 16:30:00,140.55,140.6,141.1,140.55,10227715.799999997,72590,2025-09-17 16:39:59
2025-09-17 16:40:00,140.6,140.6,140.7,140.55,944091.9,6714,2025-09-17 16:49:59
2025-09-17 16:50:00,140.6,140.8,140.85,140.6,1098574.2,7805,2025-09-17 16:59:59
2025-09-17 17:00:00,140.8,141.0,141.05,140.8,3963832.2,28120,2025-09-17 17:09:59
2025-09-17 17:10:00,141.05,140.95,141.05,140.95,827502.9999999999,5867,2025-09-17 17:19:59
2025-09-17 17:20:00,140.95,141.25,141.45,140.8,6228760.099999999,44123,2025-09-17 17:29:59
2025-09-17 17:30:00,141.25,141.3,141.4,141.05,3893225.3499999996,27556,2025-09-17 17:39:59
2025-09-17 17:40:00,141.35,140.9,141.4,140.45,12325420.05,87523,2025-09-17 17:49:59
2025-09-17 17:50:00,140.95,141.2,141.2,140.9,2783294.95,19725,2025-09-17 17:59:59
2025-09-17 18:00:00,141.1,141.0,141.2,140.95,2688319.7,19054,2025-09-17 18:09:59
2025-09-17 18:10:00,141.0,141.1,141.15,140.75,1134195.5500000005,8048,2025-09-17 18:19:59
2025-09-17 18:20:00,141.1,141.35,141.4,140.85,7498643.699999886,53072,2025-09-17 18:29:59
2025-09-17 18:30:00,141.4,141.35,141.4,141.1,981462.6499999999,6944,2025-09-17 18:39:59
2025-09-17 18:40:00,141.35,141.35,141.35,141.35,112797.30000000002,798,2025-09-17 18:49:59
2025-09-17 19:00:00,141.35,141.4,141.4,141.3,841734.2,5955,2025-09-17 19:09:59
2025-09-17 19:10:00,141.4,141.3,141.4,141.2,2716660.9999999995,19215,2025-09-17 19:19:59
2025-09-17 19:20:00,141.2,141.0,141.3,141.0,799563.9,5666,2025-09-17 19:29:59
2025-09-17 19:30:00,141.1,141.25,141.3,140.8,2839933.1000000006,20131,2025-09-17 19:39:59
2025-09-17 19:40:00,141.25,141.3,141.3,141.15,721992.5,5111,2025-09-17 19:49:59
2025-09-17 19:50:00,141.3,141.1,141.3,141.05,1442572.0500000003,10222,2025-09-17 19:59:59
2025-09-17 20:00:00,141.15,141.35,141.35,141.15,895719.8499999999,6341,2025-09-17 20:09:59
2025-09-17 20:10:00,141.35,141.4,141.5,141.3,1042847.5499999998,7374,2025-09-17 20:19:59
2025-09-17 20:20:00,141.3,141.4,141.45,141.3,269641.95,1907,2025-09-17 20:29:59
2025-09-17 20:30:00,141.4,141.65,141.65,141.3,3482580.5500000007,24616,2025-09-17 20:39:59
2025-09-17 20:40:00,141.65,141.85,141.85,141.6,2009231.75,14172,2025-09-17 20:49:59
2025-09-17 20:50:00,141.85,141.8,141.9,141.65,2782864.0499999993,19622,2025-09-17 20:59:59
2025-09-17 21:00:00,141.75,141.75,141.9,141.75,2939116.35,20719,2025-09-17 21:09:59
2025-09-17 21:10:00,141.8,141.65,141.85,141.65,1136894.35,8022,2025-09-17 21:19:59
2025-09-17 21:20:00,141.6,141.65,141.7,141.5,539605.85,3811,2025-09-17 21:29:59
2025-09-17 21:30:00,141.7,141.75,141.8,141.65,512714.39999999997,3617,2025-09-17 21:39:59
2025-09-17 21:40:00,141.8,141.7,141.8,141.7,2318331.6500000004,16359,2025-09-17 21:49:59
2025-09-17 21:50:00,141.75,141.65,141.8,141.6,1407495.7000000002,9928,2025-09-17 21:59:59
2025-09-17 22:00:00,141.65,142.35,142.5,141.65,20670744.4,145365,2025-09-17 22:09:59
2025-09-17 22:10:00,142.35,142.55,142.6,142.35,6468350.0,45379,2025-09-17 22:19:59
2025-09-17 22:20:00,142.6,142.8,142.9,142.55,14626757.749999998,102440,2025-09-17 22:29:59
2025-09-17 22:30:00,142.8,143.4,143.6,142.8,20349946.8,142113,2025-09-17 22:39:59
2025-09-17 22:40:00,143.4,144.25,144.25,143.4,24855687.650000006,172802,2025-09-17 22:49:59
2025-09-17 22:50:00,144.1,144.1,144.35,143.85,15774522.200000001,109480,2025-09-17 22:59:59
2025-09-17 23:00:00,144.1,143.9,144.2,143.7,6181447.05,42948,2025-09-17 23:09:59
2025-09-17 23:10:00,143.9,143.95,143.95,143.55,4717654.15,32817,2025-09-17 23:19:59
2025-09-17 23:20:00,143.9,144.05,144.25,143.85,9359041.45,64919,2025-09-17 23:29:59
2025-09-17 23:30:00,144.15,144.1,144.2,143.75,3586548.5500000003,24912,2025-09-17 23:39:59
2025-09-17 23:40:00,144.1,143.9,144.15,143.7,6270303.6,43583,2025-09-17 23:49:59
2025-09-18 06:50:00,143.9,143.9,143.9,143.9,208942.8,1452,2025-09-18 06:59:59
2025-09-18 07:00:00,144.0,143.8,144.05,143.6,4680723.7,32551,2025-09-18 07:09:59
2025-09-18 07:10:00,143.8,144.3,144.3,143.8,4441660.35,30800,2025-09-18 07:19:59
2025-09-18 07:20:00,144.3,143.8,144.3,143.75,3037977.9999999995,21101,2025-09-18 07:29:59
2025-09-18 07:30:00,143.75,143.3,143.8,143.3,3346964.95,23310,2025-09-18 07:39:59
2025-09-18 07:40:00,143.4,143.05,143.4,142.9,5369684.7,37517,2025-09-18 07:49:59
2025-09-18 07:50:00,143.05,143.15,143.3,143.0,1507886.0,10530,2025-09-18 07:59:59
2025-09-18 08:00:00,143.25,143.2,143.3,143.2,388591.0,2713,2025-09-18 08:09:59
2025-09-18 08:10:00,143.2,143.15,143.2,142.9,2888808.6500000004,20194,2025-09-18 08:19:59
2025-09-18 08:20:00,143.1,143.2,143.25,143.1,986298.3000000002,6888,2025-09-18 08:29:59
2025-09-18 08:30:00,143.25,143.3,143.35,143.15,2471720.1,17257,2025-09-18 08:39:59
2025-09-18 08:40:00,143.35,143.05,143.4,143.05,2034837.4499999997,14207,2025-09-18 08:49:59
2025-09-18 08:50:00,143.0,142.6,143.0,142.25,8517800.549999999,59737,2025-09-18 08:59:59
2025-09-18 09:00:00,142.6,142.85,142.85,142.6,1868843.9499999997,13095,2025-09-18 09:09:59
2025-09-18 09:10:00,142.8,142.75,142.85,142.7,2865532.65,20066,2025-09-18 09:19:59
2025-09-18 09:20:00,142.75,142.85,142.85,142.7,371533.2,2602,2025-09-18 09:29:59
2025-09-18 09:30:00,142.75,142.8,142.85,142.4,3973790.100000001,27877,2025-09-18 09:39:59
2025-09-18 09:40:00,142.8,143.0,143.05,142.75,1443773.3499999996,10102,2025-09-18 09:49:59
2025-09-18 09:50:00,143.0,142.9,143.0,142.75,296557.60000000003,2076,2025-09-18 09:59:59
2025-09-18 10:00:00,142.9,142.55,142.95,142.5,7296004.4,51111,2025-09-18 10:09:59
2025-09-18 10:10:00,142.55,142.8,142.9,142.5,5047271.55,35379,2025-09-18 10:19:59
2025-09-18 10:20:00,142.75,143.05,143.05,142.7,2003824.15,14016,2025-09-18 10:29:59
2025-09-18 10:30:00,143.05,143.1,143.2,143.0,1548833.8499999999,10823,2025-09-18 10:39:59
2025-09-18 10:40:00,143.15,143.05,143.25,142.95,1524374.5999999999,10649,2025-09-18 10:49:59
2025-09-18 10:50:00,143.0,142.7,143.0,142.55,2459996.3000000003,17234,2025-09-18 10:59:02
2025-09-18 11:00:00,142.7,142.7,142.8,142.6,1687556.4000000001,11830,2025-09-18 11:09:59
2025-09-18 11:10:00,142.7,143.0,143.2,142.65,4909986.999999999,34349,2025-09-18 11:19:59
2025-09-18 11:20:00,143.0,143.2,143.2,142.85,990306.7500000007,6918,2025-09-18 11:29:59
2025-09-18 11:30:00,143.25,143.15,143.35,143.15,4396084.1,30680,2025-09-18 11:39:59
2025-09-18 11:40:00,143.3,143.2,143.3,143.15,740115.3,5167,2025-09-18 11:49:59
2025-09-18 11:50:00,143.25,143.55,143.65,143.25,3679482.0999999996,25642,2025-09-18 11:59:59
2025-09-18 12:00:00,143.55,143.7,143.75,143.55,1971929.4000000004,13729,2025-09-18 12:09:59
2025-09-18 12:10:00,143.75,143.5,143.8,143.45,1471094.7999999996,10239,2025-09-18 12:19:59
2025-09-18 12:20:00,143.45,143.45,143.5,143.35,913611.3999999998,6370,2025-09-18 12:29:59
2025-09-18 12:30:00,143.35,142.9,143.4,142.85,3436808.7,24016,2025-09-18 12:39:59
2025-09-18 12:40:00,143.0,142.95,143.1,142.85,690572.25,4829,2025-09-18 12:49:59
2025-09-18 12:50:00,142.85,142.95,143.0,142.85,379080.05,2652,2025-09-18 12:59:59
2025-09-18 13:00:00,142.95,142.9,143.0,142.75,1463199.2,10246,2025-09-18 13:09:59
2025-09-18 13:10:00,142.9,142.9,142.95,142.85,680701.6000000001,4765,2025-09-18 13:19:59
2025-09-18 13:20:00,142.95,143.1,143.35,142.9,2391386.8,16707,2025-09-18 13:29:59
2025-09-18 13:30:00,143.15,143.0,143.25,143.0,559669.7,3910,2025-09-18 13:39:59
2025-09-18 13:40:00,143.0,142.8,143.0,142.65,3484036.9999999995,24400,2025-09-18 13:49:59
2025-09-18 13:50:00,142.8,142.85,142.85,142.75,249926.15,1750,2025-09-18 13:59:59
2025-09-18 14:00:00,142.85,142.75,143.0,142.6,3105826.2500000005,21762,2025-09-18 14:09:59
2025-09-18 14:10:00,142.75,142.75,142.75,142.55,522427.9,3663,2025-09-18 14:19:59
2025-09-18 14:20:00,142.75,142.55,142.85,142.35,8331216.900000001,58444,2025-09-18 14:29:59
2025-09-18 14:30:00,142.5,142.55,142.55,142.35,1893646.4500000004,13299,2025-09-18 14:39:59
2025-09-18 14:40:00,142.5,142.6,142.6,142.5,923749.0999999999,6480,2025-09-18 14:49:59
2025-09-18 14:50:00,142.55,142.45,142.55,142.35,2057322.6,14444,2025-09-18 14:59:59
2025-09-18 15:00:00,142.4,142.0,142.4,142.0,11974049.500000002,84211,2025-09-18 15:09:59
2025-09-18 15:10:00,142.0,142.2,142.25,141.85,5615643.349999999,39568,2025-09-18 15:19:59
2025-09-18 15:20:00,142.2,142.4,142.45,142.1,960984.0500000002,6750,2025-09-18 15:29:59
2025-09-18 15:30:00,142.45,142.4,142.6,142.3,1294447.0499999996,9085,2025-09-18 15:39:59
2025-09-18 15:40:00,142.4,142.15,142.45,142.05,3978302.2000000123,27993,2025-09-18 15:49:59
2025-09-18 15:50:00,142.15,142.3,142.5,142.0,4498064.600000011,31631,2025-09-18 15:59:59
2025-09-18 16:00:00,142.35,142.25,142.55,142.1,1781898.35,12520,2025-09-18 16:09:59
2025-09-18 16:10:00,142.3,142.4,142.4,142.2,57899.05,407,2025-09-18 16:19:59
2025-09-18 16:20:00,142.4,142.05,142.4,141.75,6634123.299999999,46762,2025-09-18 16:29:59
2025-09-18 16:30:00,142.1,142.0,142.2,141.9,103576.25,729,2025-09-18 16:39:59
2025-09-18 16:40:00,142.0,141.95,142.2,141.95,303509.45,2136,2025-09-18 16:49:59
2025-09-18 16:50:00,141.95,142.0,142.1,141.9,2561524.3499999996,18037,2025-09-18 16:59:59
2025-09-18 17:00:00,142.05,142.35,142.4,142.0,560689.2,3940,2025-09-18 17:09:59
2025-09-18 17:10:00,142.4,142.25,142.6,142.25,1293768.9,9081,2025-09-18 17:19:59
2025-09-18 17:20:00,142.35,142.25,142.5,142.05,734708.55,5164,2025-09-18 17:29:59
2025-09-18 17:30:00,142.25,142.4,142.4,142.15,465654.5,3274,2025-09-18 17:39:59
2025-09-18 17:40:00,142.3,142.4,142.55,142.25,2209595.4000000004,15509,2025-09-18 17:49:59
2025-09-18 17:50:00,142.45,142.45,142.5,142.4,508456.0500000001,3569,2025-09-18 17:59:59
2025-09-18 18:00:00,142.45,142.5,142.5,142.4,342728.4,2406,2025-09-18 18:09:59
2025-09-18 18:10:00,142.5,142.5,142.5,142.3,955767.95,6713,2025-09-18 18:19:59
2025-09-18 18:20:00,142.5,142.6,142.6,142.3,1471229.9999999998,10328,2025-09-18 18:29:59
2025-09-18 18:30:00,142.6,142.6,142.6,142.55,796368.6,5585,2025-09-18 18:39:59
2025-09-18 18:40:00,142.65,142.65,142.65,142.65,167899.05,1177,2025-09-18 18:49:08
2025-09-18 19:00:00,142.6,142.75,142.75,142.6,937358.95,6568,2025-09-18 19:09:59
2025-09-18 19:10:00,142.75,142.7,142.75,142.6,109274.85,766,2025-09-18 19:19:59
2025-09-18 19:20:00,142.75,142.9,143.0,142.65,2458620.3,17207,2025-09-18 19:29:59
2025-09-18 19:30:00,142.9,142.7,142.95,142.7,391224.75,2739,2025-09-18 19:39:59
2025-09-18 19:40:00,142.7,142.7,142.75,142.7,16269.599999999999,114,2025-09-18 19:49:59
2025-09-18 19:50:00,142.75,142.75,142.8,142.7,328468.5,2301,2025-09-18 19:59:59
2025-09-18 20:00:00,142.75,142.6,142.75,142.6,254468.35,1783,2025-09-18 20:09:59
2025-09-18 20:10:00,142.65,142.45,142.65,142.45,917589.7499999999,6438,2025-09-18 20:19:59
2025-09-18 20:20:00,142.45,142.3,142.45,142.3,616942.75,4333,2025-09-18 20:29:59
2025-09-18 20:30:00,142.35,142.25,142.35,142.1,1151725.2,8100,2025-09-18 20:39:59
2025-09-18 20:40:00,142.25,142.35,142.35,142.2,290500.55,2042,2025-09-18 20:49:59
2025-09-18 20:50:00,142.35,142.0,142.4,141.85,2518802.5,17738,2025-09-18 20:59:59
2025-09-18 21:00:00,141.95,141.2,142.0,141.2,10831069.049999997,76505,2025-09-18 21:09:59
2025-09-18 21:10:00,141.2,141.2,141.25,140.75,10414141.2,73882,2025-09-18 21:19:59
2025-09-18 21:20:00,141.2,141.45,141.5,141.2,1484660.85,10504,2025-09-18 21:29:59
2025-09-18 21:30:00,141.35,141.3,141.45,141.3,964033.6000000001,6819,2025-09-18 21:39:59
2025-09-18 21:40:00,141.3,141.2,141.5,141.05,2065785.8499999999,14623,2025-09-18 21:49:59
2025-09-18 21:50:00,141.2,141.25,141.35,141.1,1381219.05,9784,2025-09-18 21:59:08
2025-09-18 22:00:00,141.3,141.25,141.35,141.0,1839392.4500000002,13040,2025-09-18 22:09:59
2025-09-18 22:10:00,141.2,141.3,141.35,141.15,208682.54999999993,1477,2025-09-18 22:19:59
2025-09-18 22:20:00,141.2,141.3,141.3,141.2,9890.8,70,2025-09-18 22:29:59
2025-09-18 22:30:00,141.3,141.35,141.35,141.15,165465.8,1171,2025-09-18 22:39:59
2025-09-18 22:40:00,141.35,141.15,141.35,141.15,37422.4,265,2025-09-18 22:49:59
2025-09-18 22:50:00,141.15,141.25,141.25,141.1,255341.24999999997,1809,2025-09-18 22:59:59
2025-09-18 23:00:00,141.25,141.25,141.4,141.1,944671.4,6692,2025-09-18 23:09:59
2025-09-18 23:10:00,141.3,141.25,141.3,141.25,7204.45,51,2025-09-18 23:19:59
2025-09-18 23:20:00,141.2,141.3,141.3,141.1,1119665.3,7930,2025-09-18 23:29:59
2025-09-18 23:30:00,141.3,141.35,141.45,141.1,2914285.4,20635,2025-09-18 23:39:59
2025-09-18 23:40:00,141.2,141.35,141.45,141.05,775210.4999999999,5490,2025-09-18 23:49:59
2025-09-19 06:50:00,141.65,141.65,141.65,141.65,56801.65,401,2025-09-19 06:59:59
2025-09-19 07:00:00,141.5,141.6,141.65,141.35,1552755.0999999999,10975,2025-09-19 07:09:59
2025-09-19 07:10:00,141.55,141.7,141.75,141.45,593528.5,4190,2025-09-19 07:19:59
2025-09-19 07:20:00,141.6,141.45,141.65,141.45,444562.9,3140,2025-09-19 07:29:59
2025-09-19 07:30:00,141.4,141.4,141.4,141.35,230552.05,1631,2025-09-19 07:39:59
2025-09-19 07:40:00,141.4,141.35,141.4,141.2,630180.55,4459,2025-09-19 07:49:59
2025-09-19 07:50:00,141.4,141.45,141.45,141.4,177215.55,1253,2025-09-19 07:59:59
2025-09-19 08:00:00,141.45,141.3,141.45,141.2,539814.9500000001,3821,2025-09-19 08:09:59
2025-09-19 08:10:00,141.3,141.45,141.45,141.2,411882.49999999994,2914,2025-09-19 08:19:59
2025-09-19 08:20:00,141.4,141.4,141.45,141.35,519477.05000000005,3674,2025-09-19 08:29:59
2025-09-19 08:30:00,141.45,141.35,141.45,141.35,76192.65000000001,539,2025-09-19 08:39:59
2025-09-19 08:40:00,141.4,141.05,141.45,141.05,1795486.6,12718,2025-09-19 08:49:59
2025-09-19 08:50:00,141.2,141.0,141.2,140.95,621977.55,4411,2025-09-19 08:59:59
2025-09-19 09:00:00,141.05,141.4,141.45,141.0,1794260.4999999998,12716,2025-09-19 09:09:59
2025-09-19 09:10:00,141.45,141.55,141.55,141.35,202259.95,1430,2025-09-19 09:19:59
2025-09-19 09:20:00,141.55,141.45,141.6,141.4,1327023.1,9374,2025-09-19 09:29:59
2025-09-19 09:30:00,141.45,141.45,141.45,141.4,71431.59999999998,505,2025-09-19 09:39:59
2025-09-19 09:40:00,141.4,141.3,141.4,141.1,2052196.2,14530,2025-09-19 09:49:59
2025-09-19 09:50:00,141.3,141.6,141.65,141.3,1143862.35,8089,2025-09-19 09:59:59
2025-09-19 10:00:00,141.6,142.1,142.5,141.6,8316160.799999999,58493,2025-09-19 10:09:59
2025-09-19 10:10:00,142.1,141.95,142.2,141.75,2203158.4000000004,15519,2025-09-19 10:19:59
2025-09-19 10:20:00,141.95,142.35,142.35,141.75,846569.8000000002,5957,2025-09-19 10:29:59
2025-09-19 10:30:00,142.35,141.95,142.35,141.9,855990.8000000038,6025,2025-09-19 10:39:59
2025-09-19 10:40:00,141.85,141.9,142.05,141.8,575664.45,4055,2025-09-19 10:49:59
2025-09-19 10:50:00,141.9,141.75,142.0,141.6,3072868.3500000006,21690,2025-09-19 10:59:59
2025-09-19 11:00:00,141.65,141.6,141.7,141.4,2283613.1,16137,2025-09-19 11:09:59
2025-09-19 11:10:00,141.55,141.3,141.6,141.3,1056317.35,7467,2025-09-19 11:19:59
2025-09-19 11:20:00,141.35,141.4,141.45,141.2,475173.95,3364,2025-09-19 11:29:59
2025-09-19 11:30:00,141.45,141.15,141.45,141.15,299828.9,2122,2025-09-19 11:39:59
2025-09-19 11:40:00,141.3,141.5,141.55,141.2,1362264.75,9632,2025-09-19 11:49:59
2025-09-19 11:50:00,141.5,141.35,141.55,141.2,596005.4500000001,4218,2025-09-19 11:59:59
2025-09-19 12:00:00,141.35,141.4,141.4,141.25,255424.19999999995,1807,2025-09-19 12:09:59
2025-09-19 12:10:00,141.4,141.2,141.4,141.0,2480962.250000001,17575,2025-09-19 12:19:59
2025-09-19 12:20:00,141.2,141.3,141.4,141.2,74723.09999999999,529,2025-09-19 12:29:59
2025-09-19 12:30:00,141.3,141.25,141.3,141.1,644480.1,4565,2025-09-19 12:39:59
2025-09-19 12:40:00,141.25,141.2,141.3,141.1,444820.30000000005,3150,2025-09-19 12:49:59
2025-09-19 12:50:00,141.2,141.15,141.25,141.1,704109.55,4989,2025-09-19 12:59:59
2025-09-19 13:00:00,141.25,141.3,141.45,141.2,602598.9000000001,4264,2025-09-19 13:09:59
2025-09-19 13:10:00,141.3,141.15,141.35,141.05,634751.1499999999,4498,2025-09-19 13:19:59
2025-09-19 13:20:00,141.05,141.3,141.35,141.05,1864742.7500000002,13201,2025-09-19 13:29:59
2025-09-19 13:30:00,141.35,141.0,141.35,141.0,1420169.6,10070,2025-09-19 13:39:59
2025-09-19 13:40:00,141.1,140.6,141.1,140.5,9484054.099999998,67403,2025-09-19 13:49:59
2025-09-19 13:50:00,140.55,140.6,140.65,140.5,289086.60000000003,2056,2025-09-19 13:59:59
2025-09-19 14:00:00,140.55,140.6,140.65,140.5,749059.45,5329,2025-09-19 14:09:59
2025-09-19 14:10:00,140.65,140.6,140.7,140.4,1668876.6999999997,11872,2025-09-19 14:19:59
2025-09-19 14:20:00,140.55,140.05,140.6,140.05,8023844.7,57234,2025-09-19 14:29:59
2025-09-19 14:30:00,140.05,140.2,140.2,140.0,3507614.85,25041,2025-09-19 14:39:59
2025-09-19 14:40:00,140.2,140.65,140.7,140.15,3445437.3000000003,24552,2025-09-19 14:49:59
2025-09-19 14:50:00,140.65,140.95,141.35,140.6,1970978.0999999996,13988,2025-09-19 14:59:59
2025-09-19 15:00:00,140.95,140.95,141.2,140.75,5179318.699999999,36739,2025-09-19 15:09:59
2025-09-19 15:10:00,140.95,140.7,140.95,140.55,1991158.8000000007,14150,2025-09-19 15:19:59
2025-09-19 15:20:00,140.7,140.55,141.0,140.55,2637596.9499999993,18739,2025-09-19 15:29:59
2025-09-19 15:30:00,140.7,140.65,140.8,140.55,4381654.649999973,31156,2025-09-19 15:39:59
2025-09-19 15:40:00,140.65,140.6,140.8,140.3,7368840.600000009,52413,2025-09-19 15:49:59
2025-09-19 15:50:00,140.55,140.75,140.95,140.35,3218120.95,22871,2025-09-19 15:59:59
2025-09-19 16:00:00,140.75,140.75,140.75,140.65,41080.95,292,2025-09-19 16:09:59
2025-09-19 16:10:00,140.75,140.95,140.95,140.65,198580.70000000004,1410,2025-09-19 16:19:59
2025-09-19 16:20:00,140.95,140.85,141.0,140.7,272468.6,1936,2025-09-19 16:29:59
2025-09-19 16:30:00,140.85,140.9,140.9,140.4,4946179.2,35160,2025-09-19 16:39:59
2025-09-19 16:40:00,140.7,140.75,140.8,140.65,391952.6,2786,2025-09-19 16:49:59
2025-09-19 16:50:00,140.8,141.0,141.0,140.7,1077907.8,7652,2025-09-19 16:59:59
2025-09-19 17:00:00,141.0,141.05,141.05,140.85,1290083.4500000002,9150,2025-09-19 17:09:59
2025-09-19 17:10:00,141.05,140.95,141.05,140.65,1143936.15,8119,2025-09-19 17:19:59
2025-09-19 17:20:00,140.95,140.65,140.95,140.65,1120492.7,7963,2025-09-19 17:29:59
2025-09-19 17:30:00,140.7,140.05,140.7,139.6,9273509.700000003,66217,2025-09-19 17:39:59
2025-09-19 17:40:00,140.05,140.05,140.05,139.5,4826216.699999999,34544,2025-09-19 17:49:59
2025-09-19 17:50:00,139.9,140.0,140.4,139.85,3162259.15,22565,2025-09-19 17:59:59
2025-09-19 18:00:00,140.1,139.85,140.2,139.75,2730307.0,19518,2025-09-19 18:09:59
2025-09-19 18:10:00,139.85,139.6,139.85,139.5,4283019.6,30685,2025-09-19 18:19:59
2025-09-19 18:20:00,139.65,139.7,139.7,139.4,8338131.049999997,59757,2025-09-19 18:29:59
2025-09-19 18:30:00,139.75,139.35,139.8,139.35,1002441.5999999999,7181,2025-09-19 18:39:59
2025-09-19 18:40:00,139.75,139.75,139.75,139.75,511345.25,3659,2025-09-19 18:49:59
2025-09-19 19:00:00,139.75,139.4,139.8,139.35,1733492.5999999996,12420,2025-09-19 19:09:59
2025-09-19 19:10:00,139.55,140.15,140.2,139.4,4430751.250000001,31663,2025-09-19 19:19:59
2025-09-19 19:20:00,140.2,139.4,140.2,139.25,2618271.45,18742,2025-09-19 19:29:59
2025-09-19 19:30:00,139.4,139.5,139.55,139.25,1332336.5999999999,9558,2025-09-19 19:39:59
2025-09-19 19:40:00,139.55,139.65,139.7,139.45,549359.8500000001,3937,2025-09-19 19:49:59
2025-09-19 19:50:00,139.6,140.0,140.0,139.3,4280242.300000002,30607,2025-09-19 19:59:04
2025-09-19 20:00:00,139.95,139.75,140.0,139.75,1032370.8500000001,7383,2025-09-19 20:09:59
2025-09-19 20:10:00,139.75,139.85,140.05,139.7,2267310.7999999784,16205,2025-09-19 20:19:59
2025-09-19 20:20:00,139.85,139.5,139.95,139.5,1005027.1000000001,7196,2025-09-19 20:29:59
2025-09-19 20:30:00,139.55,139.55,139.65,139.45,94731.34999999999,679,2025-09-19 20:39:59
2025-09-19 20:40:00,139.55,139.8,139.8,139.5,724827.15,5192,2025-09-19 20:49:59
2025-09-19 20:50:00,139.8,139.95,140.0,139.7,1168819.7000000002,8354,2025-09-19 20:59:59
2025-09-19 21:00:00,140.0,139.9,140.0,139.9,186033.49999999994,1329,2025-09-19 21:09:59
2025-09-19 21:10:00,139.95,140.0,140.0,139.9,283779.65,2028,2025-09-19 21:19:59
2025-09-19 21:20:00,139.95,140.0,140.05,139.95,590959.1999999998,4220,2025-09-19 21:29:59
2025-09-19 21:30:00,140.0,139.85,140.05,139.85,680445.75,4862,2025-09-19 21:39:59
2025-09-19 21:40:00,139.95,139.95,139.95,139.85,12592.9,90,2025-09-19 21:49:59
2025-09-19 21:50:00,139.95,139.9,140.0,139.9,97422.8,696,2025-09-19 21:59:59
2025-09-19 22:00:00,139.85,139.95,139.95,139.85,76410.3,546,2025-09-19 22:09:59
2025-09-19 22:10:00,139.95,139.8,139.95,139.6,1058982.8,7580,2025-09-19 22:19:59
2025-09-19 22:20:00,139.8,139.75,139.95,139.5,1429622.8500000003,10243,2025-09-19 22:29:59
2025-09-19 22:30:00,139.75,139.75,139.9,139.55,419266.70000000007,3002,2025-09-19 22:39:59
2025-09-19 22:40:00,139.75,139.55,139.75,139.55,1055452.6500000001,7560,2025-09-19 22:49:59
2025-09-19 22:50:00,139.5,139.4,139.5,139.25,4791277.000000001,34388,2025-09-19 22:59:59
2025-09-19 23:00:00,139.5,139.5,139.6,139.35,893635.1000000001,6405,2025-09-19 23:09:59
2025-09-19 23:10:00,139.6,139.4,139.6,139.35,453833.45,3254,2025-09-19 23:19:59
2025-09-19 23:20:00,139.4,139.4,139.4,139.35,1456666.2,10450,2025-09-19 23:29:59
2025-09-19 23:30:00,139.4,139.5,139.5,139.35,1606481.150000001,11524,2025-09-19 23:39:59
2025-09-19 23:40:00,139.5,139.55,139.75,139.45,1902119.2499999353,13629,2025-09-19 23:49:59
2025-09-22 06:50:00,139.6,139.6,139.6,139.6,27222.0,195,2025-09-22 06:59:59
2025-09-22 07:00:00,140.0,139.65,140.35,139.65,1464475.550000001,10463,2025-09-22 07:09:59
2025-09-22 07:10:00,139.7,140.0,140.0,139.65,390175.3,2793,2025-09-22 07:19:59
2025-09-22 07:20:00,139.95,139.85,140.0,139.7,236357.4,1690,2025-09-22 07:29:59
2025-09-22 07:30:00,139.85,139.9,139.95,139.85,413253.44999999995,2953,2025-09-22 07:39:59
2025-09-22 07:40:00,139.95,139.9,140.0,139.7,2706004.1999999997,19356,2025-09-22 07:49:59
2025-09-22 07:50:00,139.85,140.0,140.05,139.85,251870.45000000004,1800,2025-09-22 07:59:59
2025-09-22 08:00:00,140.05,140.25,140.25,140.0,279913.35,1997,2025-09-22 08:09:59
2025-09-22 08:10:00,140.25,140.2,140.25,140.2,328496.9,2343,2025-09-22 08:19:59
2025-09-22 08:20:00,140.2,140.25,140.3,140.2,233465.85,1665,2025-09-22 08:29:59
2025-09-22 08:30:00,140.25,140.3,140.3,140.2,292499.5,2085,2025-09-22 08:39:59
2025-09-22 08:40:00,140.3,140.2,140.3,140.2,60459.950000000004,431,2025-09-22 08:49:59
2025-09-22 08:50:00,140.3,140.2,140.3,140.15,580619.15,4141,2025-09-22 08:59:59
2025-09-22 09:00:00,140.2,140.15,140.2,140.1,111281.75,794,2025-09-22 09:09:59
2025-09-22 09:10:00,140.15,140.15,140.2,140.0,1265309.8499999999,9031,2025-09-22 09:19:59
2025-09-22 09:20:00,140.15,139.95,140.15,139.85,645069.25,4608,2025-09-22 09:29:59
2025-09-22 09:30:00,139.95,140.0,140.0,139.9,719169.95,5137,2025-09-22 09:39:59
2025-09-22 09:40:00,140.0,139.95,140.0,139.9,291154.8,2080,2025-09-22 09:49:59
2025-09-22 09:50:00,140.0,139.9,140.3,139.75,4401279.199999999,31468,2025-09-22 09:59:59
2025-09-22 10:00:00,139.85,140.1,140.1,139.75,2620007.6,18732,2025-09-22 10:09:59
2025-09-22 10:10:00,140.1,140.1,140.25,140.05,579967.9500000001,4139,2025-09-22 10:19:59
2025-09-22 10:20:00,140.05,139.75,140.1,139.35,4794927.549999999,34338,2025-09-22 10:29:59
2025-09-22 10:30:00,139.4,139.2,139.5,139.05,1939014.0499999998,13933,2025-09-22 10:39:59
2025-09-22 10:40:00,139.2,139.15,139.25,138.9,2752028.0500000003,19794,2025-09-22 10:49:59
2025-09-22 10:50:00,139.2,139.55,139.75,139.2,1118418.75,8018,2025-09-22 10:59:59
2025-09-22 11:00:00,139.7,139.4,139.75,139.4,2070762.1500000004,14841,2025-09-22 11:09:59
2025-09-22 11:10:00,139.4,139.3,139.5,139.1,858541.65,6166,2025-09-22 11:19:59
2025-09-22 11:20:00,139.3,139.35,139.35,139.15,2154132.8,15470,2025-09-22 11:29:59
2025-09-22 11:30:00,139.35,139.0,139.35,138.8,3201309.200000001,23035,2025-09-22 11:39:59
2025-09-22 11:40:00,138.95,139.15,139.15,138.8,1191219.05,8570,2025-09-22 11:49:59
2025-09-22 11:50:00,139.15,139.1,139.25,138.9,1502497.3499999999,10802,2025-09-22 11:59:59
2025-09-22 12:00:00,139.1,139.9,140.1,138.85,11272251.350000001,80759,2025-09-22 12:09:59
2025-09-22 12:10:00,139.9,140.75,141.4,139.85,13884331.55,98812,2025-09-22 12:19:59
2025-09-22 12:20:00,140.7,140.5,140.85,140.35,2913992.5,20728,2025-09-22 12:29:59
2025-09-22 12:30:00,140.55,140.6,140.6,139.9,4787903.750000002,34158,2025-09-22 12:39:59
2025-09-22 12:40:00,140.5,139.35,140.5,139.2,9425868.449999997,67487,2025-09-22 12:49:59
2025-09-22 12:50:00,139.3,138.85,139.45,138.75,2839313.3,20431,2025-09-22 12:59:59
2025-09-22 13:00:00,138.85,139.15,139.15,138.65,4530106.799999999,32630,2025-09-22 13:09:59
2025-09-22 13:10:00,139.1,139.25,139.3,138.9,5466250.149999999,39310,2025-09-22 13:19:59
2025-09-22 13:20:00,139.2,138.5,139.35,138.2,21631847.19999998,155954,2025-09-22 13:29:59
2025-09-22 13:30:00,138.55,138.55,138.65,138.25,1231863.5,8896,2025-09-22 13:39:59
2025-09-22 13:40:00,138.55,138.65,138.85,138.4,1589322.4000000004,11462,2025-09-22 13:49:59
2025-09-22 13:50:00,138.65,138.35,138.8,137.95,12407961.300000006,89761,2025-09-22 13:59:59
2025-09-22 14:00:00,138.35,137.95,138.35,137.65,15554804.64999999,112818,2025-09-22 14:09:59
2025-09-22 14:10:00,138.0,138.5,138.55,137.95,1271201.7000000002,9197,2025-09-22 14:19:59
2025-09-22 14:20:00,138.55,138.6,138.85,138.35,3352168.9999999995,24197,2025-09-22 14:29:59
2025-09-22 14:30:00,138.45,138.75,138.8,138.4,1609468.2000000002,11606,2025-09-22 14:39:59
2025-09-22 14:40:00,138.7,138.3,139.1,138.3,4721171.000000001,34038,2025-09-22 14:49:59
2025-09-22 14:50:00,138.45,139.05,139.65,138.4,11025433.950000001,79219,2025-09-22 14:59:59
2025-09-22 15:00:00,139.15,139.05,139.25,139.0,2458585.55,17672,2025-09-22 15:09:59
2025-09-22 15:10:00,139.05,139.25,139.3,138.9,1373357.6500000001,9877,2025-09-22 15:19:59
2025-09-22 15:20:00,139.3,139.2,139.45,139.1,2990401.95,21459,2025-09-22 15:29:59
2025-09-22 15:30:00,139.25,139.25,139.45,139.25,1108595.55,7957,2025-09-22 15:39:59
2025-09-22 15:40:00,139.25,139.35,139.5,139.2,1132053.9000000036,8120,2025-09-22 15:49:59
2025-09-22 15:50:00,139.45,139.15,139.45,139.05,1396605.4000000001,10034,2025-09-22 15:59:59
2025-09-22 16:00:00,139.05,138.95,139.15,138.9,637049.4,4584,2025-09-22 16:09:59
2025-09-22 16:10:00,138.95,139.1,139.15,138.95,72544.5,522,2025-09-22 16:19:59
2025-09-22 16:20:00,139.1,139.15,139.15,139.0,447486.50000000006,3217,2025-09-22 16:29:59
2025-09-22 16:30:00,139.15,138.9,139.15,138.9,656784.6,4725,2025-09-22 16:39:59
2025-09-22 16:40:00,138.95,138.9,139.05,138.75,2128795.25,15331,2025-09-22 16:49:59
2025-09-22 16:50:00,138.95,138.95,139.05,138.9,295170.30000000005,2124,2025-09-22 16:59:59
2025-09-22 17:00:00,139.0,138.7,139.05,138.6,2617383.6000000006,18866,2025-09-22 17:09:59
2025-09-22 17:10:00,138.8,138.7,139.0,138.55,715355.35,5153,2025-09-22 17:19:59
2025-09-22 17:20:00,138.65,139.3,139.4,138.65,2757842.25,19829,2025-09-22 17:29:59
2025-09-22 17:30:00,139.3,139.35,139.4,139.1,357500.95,2568,2025-09-22 17:39:59
2025-09-22 17:40:00,139.35,139.4,139.45,139.3,637462.5,4573,2025-09-22 17:49:59
2025-09-22 17:50:00,139.4,139.4,139.55,139.3,1849462.4000000001,13262,2025-09-22 17:59:59
2025-09-22 18:00:00,139.3,139.55,139.6,139.3,1444187.05,10350,2025-09-22 18:09:59
2025-09-22 18:10:00,139.6,139.5,139.6,139.4,856972.85,6143,2025-09-22 18:19:59
2025-09-22 18:20:00,139.5,139.4,139.5,139.35,821839.9999999999,5894,2025-09-22 18:29:59
2025-09-22 18:30:00,139.4,139.0,139.4,138.95,1315597.4999999998,9457,2025-09-22 18:39:59
2025-09-22 18:40:00,139.0,139.0,139.0,139.0,86875.0,625,2025-09-22 18:49:14
2025-09-22 19:00:00,138.95,139.25,139.35,138.95,814728.8499999999,5852,2025-09-22 19:09:59
2025-09-22 19:10:00,139.25,139.6,139.6,139.25,515724.8,3696,2025-09-22 19:19:59
2025-09-22 19:20:00,139.55,139.4,139.6,139.4,1774897.4000000001,12719,2025-09-22 19:29:59
2025-09-22 19:30:00,139.55,139.45,139.55,139.3,84359.50000000001,605,2025-09-22 19:39:59
2025-09-22 19:40:00,139.45,139.5,139.55,139.35,463949.4,3325,2025-09-22 19:49:59
2025-09-22 19:50:00,139.5,139.45,139.5,139.35,165901.15000000002,1190,2025-09-22 19:59:59
2025-09-22 20:00:00,139.5,139.4,139.5,139.4,26213.450000000004,188,2025-09-22 20:09:59
2025-09-22 20:10:00,139.45,139.45,139.5,139.4,1637529.2,11739,2025-09-22 20:19:59
2025-09-22 20:20:00,139.45,138.9,139.45,138.9,2449730.85,17615,2025-09-22 20:29:59
2025-09-22 20:30:00,139.0,139.15,139.15,138.9,76707.2,552,2025-09-22 20:39:59
2025-09-22 20:40:00,139.1,139.45,139.5,139.05,1046389.95,7512,2025-09-22 20:49:59
2025-09-22 20:50:00,139.45,139.35,139.5,139.3,129551.40000000001,929,2025-09-22 20:59:59
2025-09-22 21:00:00,139.35,139.7,139.9,139.35,3617414.0500000017,25900,2025-09-22 21:09:59
2025-09-22 21:10:00,139.6,139.75,139.95,139.6,2165586.6500000004,15493,2025-09-22 21:19:59
2025-09-22 21:20:00,139.7,139.75,139.8,139.7,1230244.7499999998,8803,2025-09-22 21:29:59
2025-09-22 21:30:00,139.7,139.75,139.75,139.6,166254.85,1190,2025-09-22 21:39:59
2025-09-22 21:40:00,139.75,139.75,139.75,139.75,44859.75,321,2025-09-22 21:49:59
2025-09-22 21:50:00,139.75,139.65,139.75,139.65,227098.05,1626,2025-09-22 21:59:59
2025-09-22 22:00:00,139.7,139.65,139.7,139.6,350931.05,2513,2025-09-22 22:09:59
2025-09-22 22:10:00,139.65,139.55,139.65,139.4,655567.8,4700,2025-09-22 22:19:59
2025-09-22 22:20:00,139.5,139.45,139.5,139.4,204002.5,1463,2025-09-22 22:29:59
2025-09-22 22:30:00,139.45,139.65,139.65,139.45,176764.79999999996,1267,2025-09-22 22:39:59
2025-09-22 22:40:00,139.65,139.65,139.65,139.55,422473.60000000003,3027,2025-09-22 22:49:59
2025-09-22 22:50:00,139.65,139.65,139.65,139.55,30290.149999999998,217,2025-09-22 22:59:05
2025-09-22 23:00:00,139.65,139.65,139.7,139.55,333230.74999999994,2386,2025-09-22 23:09:59
2025-09-22 23:10:00,139.65,139.65,139.65,139.65,32538.45,233,2025-09-22 23:19:59
2025-09-22 23:20:00,139.65,139.05,139.65,139.05,6448180.1000000015,46299,2025-09-22 23:29:59
2025-09-22 23:30:00,139.05,139.0,139.15,138.8,776060.85,5583,2025-09-22 23:39:59
2025-09-22 23:40:00,139.0,139.25,139.25,138.65,5153671.000000004,37130,2025-09-22 23:49:59
2025-09-23 06:50:00,139.25,139.25,139.25,139.25,8772.75,63,2025-09-23 06:59:59
2025-09-23 07:00:00,139.4,139.0,139.45,138.55,2976077.75,21431,2025-09-23 07:09:59
2025-09-23 07:10:00,139.0,139.1,139.15,138.85,360397.2,2593,2025-09-23 07:19:59
2025-09-23 07:20:00,139.0,138.9,139.1,138.8,995667.9000000001,7171,2025-09-23 07:29:59
2025-09-23 07:30:00,138.9,139.1,139.15,138.9,88315.5,635,2025-09-23 07:39:59
2025-09-23 07:40:00,139.05,138.95,139.1,138.9,534635.5,3846,2025-09-23 07:49:59
2025-09-23 07:50:00,138.95,138.95,139.0,138.9,191335.05000000002,1377,2025-09-23 07:59:59
2025-09-23 08:00:00,139.0,138.95,139.0,138.9,167245.15000000002,1204,2025-09-23 08:09:59
2025-09-23 08:10:00,138.95,138.95,139.0,138.85,276476.9,1990,2025-09-23 08:19:59
2025-09-23 08:20:00,138.95,138.9,138.95,138.7,316634.95,2281,2025-09-23 08:29:59
2025-09-23 08:30:00,138.75,138.95,138.95,138.75,208626.35000000003,1503,2025-09-23 08:39:59
2025-09-23 08:40:00,138.9,139.0,139.0,138.85,114025.55,821,2025-09-23 08:49:59
2025-09-23 08:50:00,139.0,138.75,139.0,138.75,747219.0,5381,2025-09-23 08:59:59
2025-09-23 09:00:00,138.9,138.8,138.9,138.55,1248473.4999999998,9005,2025-09-23 09:09:59
2025-09-23 09:10:00,138.8,138.8,138.9,138.55,601366.8,4335,2025-09-23 09:19:59
2025-09-23 09:20:00,138.85,139.0,139.0,138.8,42505.45,306,2025-09-23 09:29:59
2025-09-23 09:30:00,138.95,139.05,139.25,138.9,427721.4000000001,3075,2025-09-23 09:39:59
2025-09-23 09:40:00,139.05,139.1,139.1,138.85,814446.9,5864,2025-09-23 09:49:59
2025-09-23 09:50:00,139.15,139.1,139.3,138.95,1336003.1,9601,2025-09-23 09:59:59
2025-09-23 10:00:00,139.05,138.7,139.1,138.6,1586872.6500000004,11440,2025-09-23 10:09:59
2025-09-23 10:10:00,138.7,139.0,139.1,138.7,623904.65,4488,2025-09-23 10:19:59
2025-09-23 10:20:00,139.05,139.0,139.15,138.85,1607279.4999999998,11568,2025-09-23 10:29:59
2025-09-23 10:30:00,138.95,139.05,139.1,138.8,175341.65,1262,2025-09-23 10:39:59
2025-09-23 10:40:00,139.05,138.35,139.1,138.25,4840646.449999999,34932,2025-09-23 10:49:59
2025-09-23 10:50:00,138.35,138.5,138.6,138.35,1461211.95,10554,2025-09-23 10:59:59
2025-09-23 11:00:00,138.45,138.1,138.55,138.0,2106991.3499999996,15254,2025-09-23 11:09:59
2025-09-23 11:10:00,138.15,137.5,138.15,137.5,5966697.549999999,43345,2025-09-23 11:19:59
2025-09-23 11:20:00,137.55,137.85,137.85,137.5,1017504.85,7391,2025-09-23 11:29:59
2025-09-23 11:30:00,137.85,138.25,138.3,137.8,5037093.550000001,36506,2025-09-23 11:39:59
2025-09-23 11:40:00,138.3,139.0,139.0,138.25,2624405.6999999997,18933,2025-09-23 11:49:59
2025-09-23 11:50:00,138.95,139.15,139.25,138.75,2785502.4500000007,20032,2025-09-23 11:59:59
2025-09-23 12:00:00,139.15,139.0,139.2,138.75,927414.2,6677,2025-09-23 12:09:59
2025-09-23 12:10:00,138.95,138.95,139.0,138.85,451878.00000000006,3252,2025-09-23 12:19:59
2025-09-23 12:20:00,138.95,139.25,139.3,138.95,1078171.3,7750,2025-09-23 12:29:59
2025-09-23 12:30:00,139.3,139.2,139.35,139.2,1172403.4000000001,8415,2025-09-23 12:39:59
2025-09-23 12:40:00,139.3,139.3,139.35,139.2,238156.30000000002,1710,2025-09-23 12:49:59
2025-09-23 12:50:00,139.2,139.45,139.5,139.0,4302731.799999999,30890,2025-09-23 12:59:59
2025-09-23 13:00:00,139.45,139.2,139.5,139.15,1472043.0499999998,10560,2025-09-23 13:09:59
2025-09-23 13:10:00,139.25,139.3,139.35,139.2,124877.20000000003,897,2025-09-23 13:19:59
2025-09-23 13:20:00,139.3,138.8,139.3,138.35,4439975.95,32008,2025-09-23 13:29:59
2025-09-23 13:30:00,138.8,138.75,138.8,138.6,174933.30000000005,1261,2025-09-23 13:39:59
2025-09-23 13:40:00,138.75,138.75,138.8,138.65,82962.1,598,2025-09-23 13:49:59
2025-09-23 13:50:00,138.75,138.6,138.85,138.6,1222072.8499999994,8814,2025-09-23 13:59:59
2025-09-23 14:00:00,138.6,138.85,138.85,138.55,231771.69999999998,1672,2025-09-23 14:09:59
2025-09-23 14:10:00,138.85,139.1,139.15,138.75,897884.5500000002,6459,2025-09-23 14:19:59
2025-09-23 14:20:00,139.15,139.2,139.2,139.1,315199.19999999995,2265,2025-09-23 14:29:59
2025-09-23 14:30:00,139.2,139.15,139.2,139.1,811074.2,5828,2025-09-23 14:39:59
2025-09-23 14:40:00,139.15,138.9,139.15,138.7,7887189.950000001,56767,2025-09-23 14:49:59
2025-09-23 14:50:00,138.9,138.9,138.9,138.65,3377948.6500000004,24336,2025-09-23 14:59:59
2025-09-23 15:00:00,138.9,138.9,139.0,138.85,585475.75,4216,2025-09-23 15:09:59
2025-09-23 15:10:00,138.95,138.8,138.95,138.65,1923827.2999999998,13863,2025-09-23 15:19:59
2025-09-23 15:20:00,138.75,138.9,138.9,138.7,779160.25,5613,2025-09-23 15:29:59
2025-09-23 15:30:00,138.9,138.85,138.9,138.75,1077978.5500000003,7768,2025-09-23 15:39:59
2025-09-23 15:40:00,138.75,138.85,138.95,138.75,462541.44999999995,3332,2025-09-23 15:49:59
2025-09-23 15:50:00,138.95,138.95,139.0,138.85,134513.85000000003,968,2025-09-23 15:59:59
2025-09-23 16:00:00,138.95,138.85,139.0,138.85,248362.95,1788,2025-09-23 16:09:59
2025-09-23 16:10:00,138.85,138.65,138.85,138.45,4704884.449999999,33921,2025-09-23 16:19:59
2025-09-23 16:20:00,138.7,138.95,138.95,138.65,457602.0,3297,2025-09-23 16:29:59
2025-09-23 16:30:00,138.95,138.6,138.95,138.5,1332961.2,9611,2025-09-23 16:39:59
2025-09-23 16:40:00,138.65,138.7,138.75,138.5,241925.9,1745,2025-09-23 16:49:59
2025-09-23 16:50:00,138.6,138.8,138.8,138.6,374098.35000000003,2696,2025-09-23 16:59:59
2025-09-23 17:00:00,138.8,138.65,138.8,138.6,832043.35,6000,2025-09-23 17:09:59
2025-09-23 17:10:00,138.65,138.2,138.8,138.2,1767238.400000001,12769,2025-09-23 17:19:59
2025-09-23 17:20:00,138.25,138.25,138.5,138.1,2061647.8999999994,14906,2025-09-23 17:29:59
2025-09-23 17:30:00,138.2,138.3,138.3,138.0,3429584.3,24825,2025-09-23 17:39:59
2025-09-23 17:40:00,138.3,138.3,138.4,138.15,1358742.5,9824,2025-09-23 17:49:59
2025-09-23 17:50:00,138.3,138.45,138.5,138.25,340863.00000000006,2463,2025-09-23 17:59:59
2025-09-23 18:00:00,138.5,138.5,138.65,138.4,514478.00000000006,3713,2025-09-23 18:09:59
2025-09-23 18:10:00,138.5,138.55,138.55,138.4,266887.2,1927,2025-09-23 18:19:59
2025-09-23 18:20:00,138.5,138.5,138.65,138.45,735003.3500000008,5304,2025-09-23 18:29:59
2025-09-23 18:30:00,138.6,138.55,138.6,138.35,1717497.2000000004,12403,2025-09-23 18:39:59
2025-09-23 18:40:00,138.3,138.3,138.3,138.3,381293.10000000003,2757,2025-09-23 18:49:59
2025-09-23 19:00:00,138.3,138.6,138.6,138.25,828884.6499999999,5986,2025-09-23 19:09:59
2025-09-23 19:10:00,138.4,138.4,138.6,138.35,307891.35,2225,2025-09-23 19:19:59
2025-09-23 19:20:00,138.4,138.1,138.4,138.1,1858314.4999999995,13451,2025-09-23 19:29:59
2025-09-23 19:30:00,138.1,138.15,138.2,138.05,320557.85,2321,2025-09-23 19:39:59
2025-09-23 19:40:00,138.15,138.0,138.15,137.85,1372297.1999999997,9947,2025-09-23 19:49:59
2025-09-23 19:50:00,138.1,138.05,138.1,137.95,77835.95000000001,564,2025-09-23 19:59:59
2025-09-23 20:00:00,138.05,137.95,138.2,137.95,437096.6,3167,2025-09-23 20:09:59
2025-09-23 20:10:00,138.15,138.25,138.3,138.05,144978.15,1049,2025-09-23 20:19:59
2025-09-23 20:20:00,138.25,138.3,138.45,138.2,880841.5500000002,6365,2025-09-23 20:29:59
2025-09-23 20:30:00,138.3,138.05,138.4,137.95,304260.69999999995,2203,2025-09-23 20:39:59
2025-09-23 20:40:00,138.05,138.05,138.1,138.0,244450.85,1771,2025-09-23 20:49:59
2025-09-23 20:50:00,138.05,137.7,138.1,137.7,1585799.0499999989,11507,2025-09-23 20:59:59
2025-09-23 21:00:00,137.8,137.95,137.95,137.7,810666.9500000002,5880,2025-09-23 21:09:59
2025-09-23 21:10:00,137.95,138.0,138.0,137.85,780217.55,5655,2025-09-23 21:19:59
2025-09-23 21:20:00,137.95,138.0,138.05,137.8,1341704.15,9726,2025-09-23 21:29:59
2025-09-23 21:30:00,137.85,138.0,138.0,137.85,40428.55,293,2025-09-23 21:39:59
2025-09-23 21:40:00,138.0,138.0,138.0,137.9,28427.6,206,2025-09-23 21:49:59
2025-09-23 21:50:00,138.0,137.5,138.05,137.5,3372604.2000000007,24508,2025-09-23 21:59:59
2025-09-23 22:00:00,137.45,136.45,137.45,135.5,24259512.100000005,177972,2025-09-23 22:09:59
2025-09-23 22:10:00,136.45,135.9,136.5,135.45,9569000.05,70492,2025-09-23 22:19:59
2025-09-23 22:20:00,135.9,134.8,135.95,134.8,18874560.85,139537,2025-09-23 22:29:59
2025-09-23 22:30:00,134.9,135.05,135.35,134.75,12860902.700000001,95258,2025-09-23 22:39:59
2025-09-23 22:40:00,135.05,135.05,135.4,134.8,5763362.999999999,42678,2025-09-23 22:49:59
2025-09-23 22:50:00,135.15,134.85,135.15,134.8,3554379.0000000005,26332,2025-09-23 22:59:59
2025-09-23 23:00:00,134.85,135.2,135.25,134.8,2214990.7499999995,16394,2025-09-23 23:09:59
2025-09-23 23:10:00,135.3,135.25,135.35,135.1,1914437.9,14153,2025-09-23 23:19:59
2025-09-23 23:20:00,135.2,135.45,135.45,135.2,1988507.3000000003,14695,2025-09-23 23:29:59
2025-09-23 23:30:00,135.4,135.4,135.5,135.1,4643742.849999956,34318,2025-09-23 23:39:59
2025-09-23 23:40:00,135.4,135.85,135.85,135.25,7153076.050000001,52758,2025-09-23 23:49:59
2025-09-24 06:50:00,136.85,136.85,136.85,136.85,302438.5,2210,2025-09-24 06:59:59
2025-09-24 07:00:00,136.85,136.85,137.05,136.1,6520487.75,47697,2025-09-24 07:09:59
2025-09-24 07:10:00,136.85,136.8,136.85,136.55,1166034.6500000001,8531,2025-09-24 07:19:59
2025-09-24 07:20:00,136.8,136.75,136.85,136.65,542542.95,3968,2025-09-24 07:29:59
2025-09-24 07:30:00,136.75,136.8,136.8,136.75,376234.9,2751,2025-09-24 07:39:59
2025-09-24 07:40:00,136.8,136.25,136.8,136.1,3560872.7000000007,26090,2025-09-24 07:49:59
2025-09-24 07:50:00,136.2,136.3,136.3,135.7,3786313.4499999993,27840,2025-09-24 07:59:59
2025-09-24 08:00:00,136.2,136.15,136.2,135.85,425634.29999999993,3129,2025-09-24 08:09:59
2025-09-24 08:10:00,136.2,135.6,136.2,135.45,2578517.3,18992,2025-09-24 08:19:59
2025-09-24 08:20:00,135.6,135.2,135.6,135.2,1686558.4,12467,2025-09-24 08:29:59
2025-09-24 08:30:00,135.4,135.2,135.45,135.05,1528112.9500000002,11300,2025-09-24 08:39:59
2025-09-24 08:40:00,135.15,135.05,135.35,135.0,2249870.55,16649,2025-09-24 08:49:59
2025-09-24 08:50:00,135.05,135.75,135.75,135.05,8804418.6,65061,2025-09-24 08:59:59
2025-09-24 09:00:00,135.7,135.0,135.75,135.0,4292080.4,31733,2025-09-24 09:09:59
2025-09-24 09:10:00,135.1,133.4,135.15,133.15,23329224.350000005,174217,2025-09-24 09:19:59
2025-09-24 09:20:00,133.5,133.45,133.8,133.15,7591506.05,56858,2025-09-24 09:29:59
2025-09-24 09:30:00,133.6,132.75,133.7,132.55,8798285.450000001,66119,2025-09-24 09:39:59
2025-09-24 09:40:00,132.8,133.05,133.05,132.1,15116687.449999997,114012,2025-09-24 09:49:59
2025-09-24 09:50:00,133.05,133.5,133.65,133.05,5225268.8,39152,2025-09-24 09:59:59
2025-09-24 10:00:00,133.4,133.05,133.45,132.6,8515321.5,64008,2025-09-24 10:09:59
2025-09-24 10:10:00,133.05,133.85,133.95,132.95,7616564.05,57044,2025-09-24 10:19:59
2025-09-24 10:20:00,133.95,134.35,134.4,133.75,3693807.1000000006,27556,2025-09-24 10:29:59
2025-09-24 10:30:00,134.3,134.25,134.4,134.1,2505442.15,18662,2025-09-24 10:39:59
2025-09-24 10:40:00,134.3,134.25,134.4,134.1,992856.4000000001,7398,2025-09-24 10:49:59
2025-09-24 10:50:00,134.1,134.8,134.95,133.75,10940733.649999999,81412,2025-09-24 10:59:59
2025-09-24 11:00:00,134.8,134.9,134.95,134.55,3521584.2999999993,26133,2025-09-24 11:09:59
2025-09-24 11:10:00,134.85,135.45,135.5,134.7,3772316.9499999993,27928,2025-09-24 11:19:59
2025-09-24 11:20:00,135.45,135.55,135.55,135.25,2722198.2500000005,20105,2025-09-24 11:29:59
2025-09-24 11:30:00,135.55,135.95,135.95,135.5,6509622.999999998,47972,2025-09-24 11:39:59
2025-09-24 11:40:00,135.95,135.5,135.95,135.45,1731975.45,12774,2025-09-24 11:49:59
2025-09-24 11:50:00,135.5,135.4,135.5,135.1,5471689.800000001,40444,2025-09-24 11:59:59
2025-09-24 12:00:00,135.4,135.15,135.45,135.15,952101.3999999999,7036,2025-09-24 12:09:59
2025-09-24 12:10:00,135.2,135.0,135.25,134.85,4032789.6499999994,29879,2025-09-24 12:19:59
2025-09-24 12:20:00,135.0,134.65,135.35,134.5,4360064.1,32333,2025-09-24 12:29:59
2025-09-24 12:30:00,134.6,135.05,135.05,134.55,1482740.8,10999,2025-09-24 12:39:59
2025-09-24 12:40:00,135.05,134.65,135.05,134.5,5690306.100000001,42219,2025-09-24 12:49:59
2025-09-24 12:50:00,134.65,134.55,134.8,134.45,1480530.35,11000,2025-09-24 12:59:59
2025-09-24 13:00:00,134.55,134.65,134.65,134.5,1539211.9999999998,11439,2025-09-24 13:09:59
2025-09-24 13:10:00,134.65,134.55,134.65,134.45,519750.5,3864,2025-09-24 13:19:59
2025-09-24 13:20:00,134.55,134.55,134.6,134.5,255327.39999999994,1898,2025-09-24 13:29:59
2025-09-24 13:30:00,134.55,134.0,134.7,133.0,9137844.849999998,68390,2025-09-24 13:39:59
2025-09-24 13:40:00,134.0,134.45,134.45,133.9,1971652.5499999996,14687,2025-09-24 13:49:59
2025-09-24 13:50:00,134.45,134.3,134.45,134.25,277432.30000000005,2066,2025-09-24 13:59:59
2025-09-24 14:00:00,134.3,134.15,134.3,133.75,2336862.2,17437,2025-09-24 14:09:59
2025-09-24 14:10:00,134.15,134.15,134.2,133.75,2161128.1000000006,16147,2025-09-24 14:19:59
2025-09-24 14:20:00,134.2,134.05,134.2,133.9,207683.14999999997,1549,2025-09-24 14:29:59
2025-09-24 14:30:00,134.05,134.45,134.5,134.05,1702542.4,12670,2025-09-24 14:39:59
2025-09-24 14:40:00,134.5,135.05,135.05,134.45,8044837.8,59669,2025-09-24 14:49:59
2025-09-24 14:50:00,135.1,135.45,135.6,135.1,4059848.999999999,30000,2025-09-24 14:59:59
2025-09-24 15:00:00,135.45,135.15,135.5,135.15,2901620.4,21440,2025-09-24 15:09:59
2025-09-24 15:10:00,135.15,135.2,135.35,135.1,1496285.4,11066,2025-09-24 15:19:59
2025-09-24 15:20:00,135.2,135.15,135.3,135.0,3192876.85,23615,2025-09-24 15:29:59
2025-09-24 15:30:00,135.15,135.5,135.5,135.05,1716860.9,12688,2025-09-24 15:39:59
2025-09-24 15:40:00,135.45,135.4,135.5,135.25,1355250.75,10008,2025-09-24 15:49:59
2025-09-24 15:50:00,135.5,135.45,135.5,135.25,1086168.4500000002,8024,2025-09-24 15:59:59
2025-09-24 16:00:00,135.45,135.75,135.75,134.9,5218851.25,38551,2025-09-24 16:09:59
2025-09-24 16:10:00,135.75,135.95,136.1,135.75,4421485.050000001,32542,2025-09-24 16:19:59
2025-09-24 16:20:00,135.95,135.85,136.0,135.75,2178735.1,16033,2025-09-24 16:29:59
2025-09-24 16:30:00,135.85,135.75,135.85,135.7,999877.8500000001,7367,2025-09-24 16:39:59
2025-09-24 16:40:00,135.75,135.8,135.85,135.7,1047007.65,7713,2025-09-24 16:49:59
2025-09-24 16:50:00,135.75,135.8,135.85,135.75,201914.55,1487,2025-09-24 16:59:59
2025-09-24 17:00:00,135.85,135.6,135.85,135.45,847413.1,6249,2025-09-24 17:09:59
2025-09-24 17:10:00,135.6,135.6,135.75,135.45,674639.6499999999,4973,2025-09-24 17:19:59
2025-09-24 17:20:00,135.6,135.15,135.65,135.1,1002849.3999999999,7407,2025-09-24 17:29:59
2025-09-24 17:30:00,135.3,134.8,135.3,134.75,5185645.899999999,38426,2025-09-24 17:39:59
2025-09-24 17:40:00,134.9,135.2,135.2,134.9,829090.6,6142,2025-09-24 17:49:59
2025-09-24 17:50:00,135.25,135.4,135.6,135.25,1915135.3500000003,14132,2025-09-24 17:59:59
2025-09-24 18:00:00,135.45,135.55,135.7,135.4,1032280.7999999998,7615,2025-09-24 18:09:59
2025-09-24 18:10:00,135.5,135.55,135.65,135.45,996616.55,7354,2025-09-24 18:19:59
2025-09-24 18:20:00,135.55,135.95,136.0,135.45,3448849.8,25385,2025-09-24 18:29:59
2025-09-24 18:30:00,135.8,135.9,135.9,135.8,921017.7000000001,6779,2025-09-24 18:39:59
2025-09-24 18:40:00,135.9,135.9,135.9,135.9,125707.49999999996,925,2025-09-24 18:49:59
2025-09-24 19:00:00,135.9,135.55,135.9,135.55,1587940.45,11702,2025-09-24 19:09:59
2025-09-24 19:10:00,135.65,135.35,135.65,135.25,423990.79999999993,3130,2025-09-24 19:19:59
2025-09-24 19:20:00,135.35,135.25,135.35,135.1,474992.79999999993,3514,2025-09-24 19:29:59
2025-09-24 19:30:00,135.3,135.15,135.3,135.05,1117422.6500000001,8268,2025-09-24 19:39:59
2025-09-24 19:40:00,135.1,135.15,135.15,135.0,1539749.4999999998,11404,2025-09-24 19:49:59
2025-09-24 19:50:00,135.15,135.5,135.5,135.05,1923174.2499999998,14211,2025-09-24 19:59:59
2025-09-24 20:00:00,135.5,135.6,135.7,135.4,356575.00000000006,2631,2025-09-24 20:09:59
2025-09-24 20:10:00,135.6,135.5,135.6,135.4,74118.75,547,2025-09-24 20:19:59
2025-09-24 20:20:00,135.5,135.25,135.5,135.05,2607311.9999999995,19265,2025-09-24 20:29:59
2025-09-24 20:30:00,135.35,135.35,135.5,135.35,1209229.4,8932,2025-09-24 20:39:59
2025-09-24 20:40:00,135.3,135.35,135.45,135.25,398960.4,2949,2025-09-24 20:49:59
2025-09-24 20:50:00,135.35,135.15,135.35,135.15,280035.6,2071,2025-09-24 20:59:59
2025-09-24 21:00:00,135.15,135.3,135.3,135.1,150845.84999999998,1116,2025-09-24 21:09:59
2025-09-24 21:10:00,135.4,135.4,135.4,135.3,242070.19999999995,1788,2025-09-24 21:19:59
2025-09-24 21:20:00,135.4,135.35,135.4,135.3,184250.80000000005,1361,2025-09-24 21:29:59
2025-09-24 21:30:00,135.3,135.4,135.4,135.3,230446.60000000003,1703,2025-09-24 21:39:59
2025-09-24 21:40:00,135.4,135.05,135.4,135.05,557571.5499999999,4126,2025-09-24 21:49:59
2025-09-24 21:50:00,135.05,134.95,135.05,134.85,1973302.4999999998,14623,2025-09-24 21:59:59
2025-09-24 22:00:00,135.0,135.15,135.15,135.0,897429.5,6647,2025-09-24 22:09:59
2025-09-24 22:10:00,135.15,135.15,135.3,135.15,49636.35,367,2025-09-24 22:19:59
2025-09-24 22:20:00,135.25,135.3,135.3,135.1,68414.0,506,2025-09-24 22:29:59
2025-09-24 22:30:00,135.3,135.45,135.5,135.2,1117824.2499999998,8257,2025-09-24 22:39:59
2025-09-24 22:40:00,135.45,135.5,135.5,135.45,42266.45,312,2025-09-24 22:49:59
2025-09-24 22:50:00,135.5,135.45,135.5,135.4,142498.3,1052,2025-09-24 22:59:59
2025-09-24 23:00:00,135.45,135.7,135.75,135.4,1415687.5499999893,10434,2025-09-24 23:09:59
2025-09-24 23:10:00,135.7,135.7,135.75,135.6,109899.05,810,2025-09-24 23:19:59
2025-09-24 23:20:00,135.55,135.6,135.75,135.55,95600.1,705,2025-09-24 23:29:59
2025-09-24 23:30:00,135.6,135.55,135.6,135.45,529959.45,3910,2025-09-24 23:39:59
2025-09-24 23:40:00,135.5,135.6,135.6,135.5,301280.19999999995,2222,2025-09-24 23:49:59
2025-09-25 06:50:00,135.6,135.6,135.6,135.6,42578.399999999994,314,2025-09-25 06:59:59
2025-09-25 07:00:00,135.6,135.9,135.95,135.2,970635.75,7153,2025-09-25 07:09:59
2025-09-25 07:10:00,135.8,136.05,136.1,135.7,703484.6000000001,5176,2025-09-25 07:19:59
2025-09-25 07:20:00,136.05,137.45,139.0,136.05,14454833.050000003,105295,2025-09-25 07:29:59
2025-09-25 07:30:00,137.55,137.5,137.8,137.3,4858286.350000001,35336,2025-09-25 07:39:59
2025-09-25 07:40:00,137.5,138.1,138.55,137.4,7971091.15,57749,2025-09-25 07:49:59
2025-09-25 07:50:00,138.1,138.1,138.15,137.8,1991796.0499999998,14434,2025-09-25 07:59:59
2025-09-25 08:00:00,138.05,137.65,138.05,137.6,2329863.9,16911,2025-09-25 08:09:59
2025-09-25 08:10:00,137.7,137.85,137.85,137.7,618218.4000000001,4487,2025-09-25 08:19:59
2025-09-25 08:20:00,137.8,138.2,138.2,137.8,1704150.4999999998,12349,2025-09-25 08:29:59
2025-09-25 08:30:00,138.2,138.0,138.2,137.95,1105968.2499999998,8009,2025-09-25 08:39:59
2025-09-25 08:40:00,138.0,138.1,138.1,138.0,437406.85000000003,3168,2025-09-25 08:49:59
2025-09-25 08:50:00,138.15,137.75,138.15,137.65,4315336.350000001,31291,2025-09-25 08:59:59
2025-09-25 09:00:00,137.75,137.5,137.75,137.5,2979735.5500000007,21666,2025-09-25 09:09:59
2025-09-25 09:10:00,137.5,137.5,137.75,137.4,1710356.2000000002,12434,2025-09-25 09:19:59
2025-09-25 09:20:00,137.6,137.75,137.8,137.25,2662498.0500000003,19363,2025-09-25 09:29:59
2025-09-25 09:30:00,137.75,137.75,137.75,137.65,621330.9,4512,2025-09-25 09:39:59
2025-09-25 09:40:00,137.75,137.8,137.85,137.7,696779.2999999999,5058,2025-09-25 09:49:59
2025-09-25 09:50:00,137.8,138.1,138.15,137.7,2733042.1999999997,19811,2025-09-25 09:59:59
2025-09-25 10:00:00,138.0,138.35,138.9,137.75,17499935.25,126498,2025-09-25 10:09:59
2025-09-25 10:10:00,138.35,138.9,138.9,137.9,13120327.45,94755,2025-09-25 10:19:59
2025-09-25 10:20:00,138.9,138.3,139.0,138.25,6393946.55,46080,2025-09-25 10:29:59
2025-09-25 10:30:00,138.25,137.85,138.4,137.6,6079821.999999999,44098,2025-09-25 10:39:59
2025-09-25 10:40:00,137.8,137.85,137.95,137.7,2493444.4,18097,2025-09-25 10:49:59
2025-09-25 10:50:00,137.85,138.0,138.05,137.65,2975030.6,21576,2025-09-25 10:59:59
2025-09-25 11:00:00,137.9,137.65,138.1,137.45,6537912.850000001,47483,2025-09-25 11:09:59
2025-09-25 11:10:00,137.6,138.1,138.3,137.45,5770013.199999999,41847,2025-09-25 11:19:59
2025-09-25 11:20:00,138.1,138.0,138.1,137.9,745654.9500000001,5405,2025-09-25 11:29:59
2025-09-25 11:30:00,138.0,138.4,138.6,138.0,3964078.5500000003,28642,2025-09-25 11:39:59
2025-09-25 11:40:00,138.35,138.5,138.55,138.25,1028911.2000000001,7429,2025-09-25 11:49:59
2025-09-25 11:50:00,138.5,138.3,138.5,138.25,1430133.0,10338,2025-09-25 11:59:59
2025-09-25 12:00:00,138.4,138.2,138.4,138.0,1435589.3999999997,10393,2025-09-25 12:09:59
2025-09-25 12:10:00,138.2,138.1,138.25,137.75,4351731.300000001,31545,2025-09-25 12:19:59
2025-09-25 12:20:00,138.1,138.5,138.55,138.05,3700806.5999999996,26756,2025-09-25 12:29:59
2025-09-25 12:30:00,138.5,138.15,138.5,138.15,641593.3999999999,4641,2025-09-25 12:39:59
2025-09-25 12:40:00,138.15,138.1,138.15,138.05,20720.199999999997,150,2025-09-25 12:49:59
2025-09-25 12:50:00,138.1,138.2,138.25,138.1,228137.44999999995,1651,2025-09-25 12:59:59
2025-09-25 13:00:00,138.2,138.2,138.2,138.05,668961.5,4843,2025-09-25 13:09:59
2025-09-25 13:10:00,138.2,138.15,138.2,138.1,90355.90000000002,654,2025-09-25 13:19:59
2025-09-25 13:20:00,138.15,137.7,138.15,137.65,4240076.2,30762,2025-09-25 13:29:59
2025-09-25 13:30:00,137.8,137.55,137.8,137.5,2816991.500000001,20469,2025-09-25 13:39:59
2025-09-25 13:40:00,137.6,137.8,137.8,137.55,177152.09999999998,1287,2025-09-25 13:49:59
2025-09-25 13:50:00,137.75,137.6,137.8,137.5,2473836.2,17982,2025-09-25 13:59:59
2025-09-25 14:00:00,137.5,137.6,137.65,137.5,349212.0,2539,2025-09-25 14:09:59
2025-09-25 14:10:00,137.6,137.75,137.75,137.55,403140.39999999997,2929,2025-09-25 14:19:59
2025-09-25 14:20:00,137.7,137.65,137.8,137.55,1368877.15,9947,2025-09-25 14:29:59
2025-09-25 14:30:00,137.65,137.35,137.65,137.25,4706380.75,34263,2025-09-25 14:39:59
2025-09-25 14:40:00,137.35,137.65,137.65,137.3,1568328.25,11407,2025-09-25 14:49:59
2025-09-25 14:50:00,137.7,137.6,137.7,137.5,300801.9,2185,2025-09-25 14:59:59
2025-09-25 15:00:00,137.6,137.6,137.7,137.6,96628.44999999998,702,2025-09-25 15:09:59
2025-09-25 15:10:00,137.6,137.55,137.65,137.4,379726.95,2762,2025-09-25 15:19:59
2025-09-25 15:20:00,137.55,137.25,137.55,137.2,1167620.85,8502,2025-09-25 15:29:59
2025-09-25 15:30:00,137.25,137.4,137.4,137.25,488046.1000000001,3554,2025-09-25 15:39:59
2025-09-25 15:40:00,137.4,137.5,137.55,137.3,350016.55,2546,2025-09-25 15:49:59
2025-09-25 15:50:00,137.45,137.3,137.45,137.25,957723.7499999999,6973,2025-09-25 15:59:59
2025-09-25 16:00:00,137.35,137.35,137.45,137.3,630530.9500000001,4592,2025-09-25 16:09:59
2025-09-25 16:10:00,137.4,137.5,137.5,137.35,120129.2,874,2025-09-25 16:19:59
2025-09-25 16:20:00,137.5,137.3,137.5,137.2,1982429.3499999999,14442,2025-09-25 16:29:59
2025-09-25 16:30:00,137.35,137.2,137.35,137.2,512468.00000000006,3735,2025-09-25 16:39:59
2025-09-25 16:40:00,137.2,137.2,137.2,137.15,661696.2,4824,2025-09-25 16:49:59
2025-09-25 16:50:00,137.2,137.15,137.2,137.15,790685.9500000001,5765,2025-09-25 16:59:59
2025-09-25 17:00:00,137.2,137.3,137.3,137.15,1209030.1499999997,8812,2025-09-25 17:09:59
2025-09-25 17:10:00,137.3,137.2,137.3,137.15,1033350.7999999999,7534,2025-09-25 17:19:59
2025-09-25 17:20:00,137.2,137.15,137.2,137.15,163261.1,1190,2025-09-25 17:29:59
2025-09-25 17:30:00,137.2,137.2,137.25,137.15,418844.45,3053,2025-09-25 17:39:59
2025-09-25 17:40:00,137.2,136.65,137.2,136.65,8325881.449999998,60796,2025-09-25 17:49:59
2025-09-25 17:50:00,136.7,136.7,136.75,136.65,126285.34999999999,924,2025-09-25 17:59:59
2025-09-25 18:00:00,136.7,136.65,136.75,136.6,761022.7999999999,5568,2025-09-25 18:09:59
2025-09-25 18:10:00,136.65,136.15,136.7,136.1,5464328.250000001,40065,2025-09-25 18:19:59
2025-09-25 18:20:00,136.15,136.2,136.4,136.1,1511264.2,11095,2025-09-25 18:29:59
2025-09-25 18:30:00,136.15,135.9,136.2,135.85,1535995.8,11288,2025-09-25 18:39:59
2025-09-25 18:40:00,135.9,135.9,135.9,135.9,396012.6,2914,2025-09-25 18:49:03
2025-09-25 19:00:00,135.95,136.0,136.0,135.85,576949.7999999999,4244,2025-09-25 19:09:59
2025-09-25 19:10:00,136.0,136.65,136.9,135.85,4458463.6,32662,2025-09-25 19:19:59
2025-09-25 19:20:00,136.7,136.15,136.7,135.8,4083854.9999999995,29965,2025-09-25 19:29:59
2025-09-25 19:30:00,136.1,136.3,136.3,136.1,311827.60000000003,2290,2025-09-25 19:39:59
2025-09-25 19:40:00,136.3,136.4,136.4,136.25,397004.69999999995,2911,2025-09-25 19:49:59
2025-09-25 19:50:00,136.35,136.55,136.55,136.1,1077949.5,7905,2025-09-25 19:59:59
2025-09-25 20:00:00,136.5,136.6,136.65,136.45,1031841.25,7557,2025-09-25 20:09:59
2025-09-25 20:10:00,136.6,136.6,136.7,136.5,417356.4,3055,2025-09-25 20:19:59
2025-09-25 20:20:00,136.5,136.4,136.6,136.4,772545.2,5658,2025-09-25 20:29:59
2025-09-25 20:30:00,136.45,136.5,136.5,136.3,518957.39999999997,3806,2025-09-25 20:39:59
2025-09-25 20:40:00,136.5,136.6,136.6,136.45,531669.9500000002,3895,2025-09-25 20:49:59
2025-09-25 20:50:00,136.55,136.65,136.65,136.5,181399.9,1328,2025-09-25 20:59:59
2025-09-25 21:00:00,136.6,136.6,136.65,136.35,848090.5,6213,2025-09-25 21:09:59
2025-09-25 21:10:00,136.55,136.65,136.65,136.5,291123.5,2132,2025-09-25 21:19:59
2025-09-25 21:20:00,136.6,136.65,136.75,136.6,475523.1500000001,3479,2025-09-25 21:29:59
2025-09-25 21:30:00,136.65,136.55,136.75,136.45,849131.7000000001,6218,2025-09-25 21:39:59
2025-09-25 21:40:00,136.5,136.65,136.7,136.5,478118.4,3500,2025-09-25 21:49:59
2025-09-25 21:50:00,136.65,136.6,136.7,136.6,28703.649999999998,210,2025-09-25 21:59:08
2025-09-25 22:00:00,136.65,136.8,136.9,136.65,905566.65,6619,2025-09-25 22:09:59
2025-09-25 22:10:00,136.85,136.85,136.85,136.7,564825.5,4130,2025-09-25 22:19:59
2025-09-25 22:20:00,136.85,136.8,136.85,136.8,24218.550000000003,177,2025-09-25 22:29:59
2025-09-25 22:30:00,136.85,136.75,136.85,136.75,316659.35,2314,2025-09-25 22:39:59
2025-09-25 22:40:00,136.85,136.75,136.85,136.6,942783.2999999999,6899,2025-09-25 22:49:59
2025-09-25 22:50:00,136.8,136.75,136.95,136.75,329337.45,2407,2025-09-25 22:59:59
2025-09-25 23:00:00,136.9,136.8,136.9,136.75,145644.10000000003,1065,2025-09-25 23:09:59
2025-09-25 23:10:00,136.8,136.65,136.85,136.65,132062.75,966,2025-09-25 23:19:59
2025-09-25 23:20:00,136.65,136.7,136.7,136.45,1426262.7500000002,10447,2025-09-25 23:29:59
2025-09-25 23:30:00,136.7,136.9,136.95,136.7,904435.6499999999,6609,2025-09-25 23:39:59
2025-09-25 23:40:00,136.85,136.6,136.95,136.6,294697.5,2153,2025-09-25 23:49:59
2025-09-26 06:50:00,136.7,136.7,136.7,136.7,16540.7,121,2025-09-26 06:59:59
2025-09-26 07:00:00,137.0,137.15,137.3,136.7,1312583.9999999998,9575,2025-09-26 07:09:59
2025-09-26 07:10:00,137.15,137.3,137.4,137.15,251202.55000000002,1830,2025-09-26 07:19:59
2025-09-26 07:20:00,137.3,137.3,137.35,137.15,294432.1000000001,2145,2025-09-26 07:29:59
2025-09-26 07:30:00,137.3,137.25,137.35,137.15,325093.64999999997,2368,2025-09-26 07:39:59
2025-09-26 07:40:00,137.15,136.7,137.2,136.65,1075591.9000000001,7854,2025-09-26 07:49:59
2025-09-26 07:50:00,136.65,136.8,136.9,136.6,107830.5,789,2025-09-26 07:59:59
2025-09-26 08:00:00,136.8,136.75,137.0,136.65,1126109.2999999998,8232,2025-09-26 08:09:59
2025-09-26 08:10:00,136.7,137.0,137.0,136.6,224937.5,1644,2025-09-26 08:19:59
2025-09-26 08:20:00,137.0,136.95,137.0,136.85,514404.65,3756,2025-09-26 08:29:59
2025-09-26 08:30:00,137.0,137.0,137.1,136.75,1465210.2,10699,2025-09-26 08:39:59
2025-09-26 08:40:00,137.0,137.1,137.2,137.0,718187.9,5237,2025-09-26 08:49:59
2025-09-26 08:50:00,137.1,137.3,137.3,137.05,1150502.8000000003,8381,2025-09-26 08:59:59
2025-09-26 09:00:00,137.3,137.6,137.6,137.25,1656987.8,12060,2025-09-26 09:09:59
2025-09-26 09:10:00,137.6,137.9,138.3,137.6,2836849.4000000004,20568,2025-09-26 09:19:59
2025-09-26 09:20:00,137.9,138.0,138.0,137.8,700984.7000000001,5082,2025-09-26 09:29:59
2025-09-26 09:30:00,137.95,137.9,138.05,137.8,1140769.7500000012,8267,2025-09-26 09:39:59
2025-09-26 09:40:00,137.9,137.8,137.9,137.75,807886.0499999999,5862,2025-09-26 09:49:59
2025-09-26 09:50:00,137.8,137.65,137.85,137.5,1255640.4,9116,2025-09-26 09:59:59
2025-09-26 10:00:00,137.6,137.8,137.95,137.35,2058331.0999999999,14946,2025-09-26 10:09:59
2025-09-26 10:10:00,137.75,137.15,137.75,137.05,2082825.9499999997,15165,2025-09-26 10:19:59
2025-09-26 10:20:00,137.1,137.05,137.35,137.05,855962.7,6243,2025-09-26 10:29:59
2025-09-26 10:30:00,137.15,137.05,137.2,137.0,355661.79999999993,2595,2025-09-26 10:39:59
2025-09-26 10:40:00,137.1,136.8,137.15,136.8,1844669.25,13474,2025-09-26 10:49:59
2025-09-26 10:50:00,136.9,136.9,137.05,136.85,625861.75,4570,2025-09-26 10:59:59
2025-09-26 11:00:00,137.0,137.05,137.2,136.8,1434555.9,10478,2025-09-26 11:09:59
2025-09-26 11:10:00,137.2,137.4,137.6,137.05,3258939.4000000004,23730,2025-09-26 11:19:59
2025-09-26 11:20:00,137.5,137.2,137.5,137.1,821846.6499999999,5991,2025-09-26 11:29:59
2025-09-26 11:30:00,137.2,137.2,137.25,137.0,165478.19999999998,1207,2025-09-26 11:39:59
2025-09-26 11:40:00,137.2,137.35,137.4,137.15,260128.45,1895,2025-09-26 11:49:59
2025-09-26 11:50:00,137.35,137.25,137.35,137.15,480251.19999999955,3498,2025-09-26 11:59:59
2025-09-26 12:00:00,137.25,137.9,138.0,137.25,5030542.649999999,36565,2025-09-26 12:09:59
2025-09-26 12:10:00,137.9,137.85,137.95,137.8,593248.5,4303,2025-09-26 12:19:59
2025-09-26 12:20:00,137.85,137.75,137.85,137.7,596384.35,4329,2025-09-26 12:29:59
2025-09-26 12:30:00,137.7,137.65,137.8,137.55,2661261.0,19335,2025-09-26 12:39:59
2025-09-26 12:40:00,137.75,137.85,137.95,137.75,1062197.2000000002,7707,2025-09-26 12:49:59
2025-09-26 12:50:00,137.9,137.8,137.95,137.15,8039302.1,58451,2025-09-26 12:59:59
2025-09-26 13:00:00,137.8,137.7,137.8,137.65,491215.0,3568,2025-09-26 13:09:59
2025-09-26 13:10:00,137.7,137.65,137.9,137.4,2275874.5,16532,2025-09-26 13:19:59
2025-09-26 13:20:00,137.65,137.65,137.8,137.5,784853.3000000002,5703,2025-09-26 13:29:59
2025-09-26 13:30:00,137.65,137.55,137.65,137.35,1907247.3500000003,13874,2025-09-26 13:39:59
2025-09-26 13:40:00,137.4,137.5,137.55,137.35,987839.4,7189,2025-09-26 13:49:59
2025-09-26 13:50:00,137.5,137.5,137.5,137.35,155080.84999999998,1129,2025-09-26 13:59:59
2025-09-26 14:00:00,137.5,137.5,137.55,137.45,281164.95000000007,2045,2025-09-26 14:09:59
2025-09-26 14:10:00,137.5,137.4,137.5,137.1,1347280.5499999998,9813,2025-09-26 14:19:59
2025-09-26 14:20:00,137.4,137.4,137.4,137.3,208704.35,1519,2025-09-26 14:29:59
2025-09-26 14:30:00,137.4,137.25,137.4,137.25,1076388.6499999997,7836,2025-09-26 14:39:59
2025-09-26 14:40:00,137.25,137.35,137.35,137.2,112111.15000000002,817,2025-09-26 14:49:59
2025-09-26 14:50:00,137.35,137.45,137.45,137.35,72292.54999999999,526,2025-09-26 14:59:59
2025-09-26 15:00:00,137.4,137.4,137.45,137.35,435322.25000000006,3168,2025-09-26 15:09:59
2025-09-26 15:10:00,137.3,137.4,137.4,137.3,69081.7,503,2025-09-26 15:19:59
2025-09-26 15:20:00,137.35,137.3,137.35,137.2,386749.8499999999,2817,2025-09-26 15:29:59
2025-09-26 15:30:00,137.3,137.35,137.35,137.3,218050.59999999998,1588,2025-09-26 15:39:59
2025-09-26 15:40:00,137.35,137.35,137.4,137.25,1137969.9,8285,2025-09-26 15:49:59
2025-09-26 15:50:00,137.35,137.5,137.5,137.3,602203.1499999999,4384,2025-09-26 15:59:59
2025-09-26 16:00:00,137.5,137.4,137.6,137.25,3531194.1500000167,25683,2025-09-26 16:09:59
2025-09-26 16:10:00,137.4,137.45,137.55,137.05,3657219.5500000007,26633,2025-09-26 16:19:59
2025-09-26 16:20:00,137.45,137.35,137.5,137.3,116687.15,849,2025-09-26 16:29:59
2025-09-26 16:30:00,137.4,137.35,137.45,137.35,48492.75000000001,353,2025-09-26 16:39:59
2025-09-26 16:40:00,137.35,137.4,137.55,137.25,1333914.25,9704,2025-09-26 16:49:59
2025-09-26 16:50:00,137.4,137.0,137.4,136.6,5948567.600000001,43475,2025-09-26 16:59:59
2025-09-26 17:00:00,137.0,136.9,137.0,136.8,550024.8,4018,2025-09-26 17:09:59
2025-09-26 17:10:00,136.9,136.95,137.05,136.7,2516629.5500000003,18380,2025-09-26 17:19:59
2025-09-26 17:20:00,136.95,136.9,137.1,136.8,271698.3999999999,1983,2025-09-26 17:29:59
2025-09-26 17:30:00,136.9,137.1,137.2,136.85,425313.55000000005,3103,2025-09-26 17:39:59
2025-09-26 17:40:00,137.1,137.0,137.1,136.85,702284.5500000002,5129,2025-09-26 17:49:59
2025-09-26 17:50:00,137.0,137.45,137.45,137.0,806900.5500000007,5879,2025-09-26 17:59:59
2025-09-26 18:00:00,137.45,137.35,137.45,137.3,339073.9000000001,2468,2025-09-26 18:09:59
2025-09-26 18:10:00,137.3,137.35,137.35,137.2,74825.59999999999,545,2025-09-26 18:19:59
2025-09-26 18:20:00,137.35,137.45,137.45,137.25,306509.15,2231,2025-09-26 18:29:59
2025-09-26 18:30:00,137.45,137.95,137.95,137.4,1390280.75,10096,2025-09-26 18:39:59
2025-09-26 18:40:00,137.95,137.95,137.95,137.95,59318.5,430,2025-09-26 18:49:59
2025-09-26 19:00:00,137.9,137.75,137.95,137.65,2579288.9499999993,18706,2025-09-26 19:09:59
2025-09-26 19:10:00,137.8,137.55,137.8,137.55,703325.9500000002,5108,2025-09-26 19:19:59
2025-09-26 19:20:00,137.8,137.8,137.8,137.65,67371.0,489,2025-09-26 19:29:59
2025-09-26 19:30:00,137.8,137.8,137.8,137.6,101061.70000000001,734,2025-09-26 19:39:59
2025-09-26 19:40:00,137.75,137.75,137.8,137.6,179886.74999999997,1306,2025-09-26 19:49:59
2025-09-26 19:50:00,137.75,137.7,137.75,137.3,1804417.4000000001,13121,2025-09-26 19:59:59
2025-09-26 20:00:00,137.7,137.45,137.7,137.4,250493.3,1822,2025-09-26 20:09:59
2025-09-26 20:10:00,137.45,137.5,137.5,137.4,106768.44999999998,777,2025-09-26 20:19:59
2025-09-26 20:20:00,137.5,137.4,137.6,137.4,228813.7,1665,2025-09-26 20:29:59
2025-09-26 20:30:00,137.5,137.5,137.5,137.4,58983.200000000004,429,2025-09-26 20:39:59
2025-09-26 20:40:00,137.5,137.4,137.5,137.4,18697.85,136,2025-09-26 20:49:59
2025-09-26 20:50:00,137.5,137.5,137.5,137.3,459635.5,3346,2025-09-26 20:59:59
2025-09-26 21:00:00,137.5,137.45,137.5,137.4,82747.1,602,2025-09-26 21:09:59
2025-09-26 21:10:00,137.45,137.65,137.65,137.4,263184.3,1914,2025-09-26 21:19:59
2025-09-26 21:20:00,137.65,137.75,137.75,137.6,462653.39999999997,3360,2025-09-26 21:29:59
2025-09-26 21:30:00,137.75,137.65,137.75,137.6,163461.30000000002,1187,2025-09-26 21:39:59
2025-09-26 21:40:00,137.65,137.5,137.65,137.4,85845.65000000001,624,2025-09-26 21:49:59
2025-09-26 21:50:00,137.5,137.55,137.55,137.4,32047.05,233,2025-09-26 21:59:59
2025-09-26 22:00:00,137.55,137.55,137.55,137.5,141537.85,1029,2025-09-26 22:09:59
2025-09-26 22:10:00,137.55,137.45,137.55,137.45,31211.05,227,2025-09-26 22:19:59
2025-09-26 22:20:00,137.55,137.75,137.8,137.45,872865.95,6342,2025-09-26 22:29:59
2025-09-26 22:30:00,137.7,137.6,137.7,137.6,164765.79999999996,1197,2025-09-26 22:39:59
2025-09-26 22:40:00,137.65,137.4,137.7,137.25,2193290.2,15965,2025-09-26 22:49:59
2025-09-26 22:50:00,137.4,137.4,137.5,137.2,436097.0000000001,3176,2025-09-26 22:58:03
2025-09-26 23:00:00,137.35,137.4,137.45,137.3,9341.8,68,2025-09-26 23:09:59
2025-09-26 23:10:00,137.4,137.05,137.4,136.95,1244762.5999999999,9081,2025-09-26 23:19:59
2025-09-26 23:20:00,137.05,136.9,137.15,136.65,1411360.5499999998,10315,2025-09-26 23:29:59
2025-09-26 23:30:00,137.05,137.25,137.25,136.8,989558.1499999999,7219,2025-09-26 23:39:59
2025-09-26 23:40:00,137.25,137.15,137.25,136.7,709319.6000000001,5183,2025-09-26 23:49:59
2025-09-27 09:50:00,137.15,137.15,137.15,137.15,16046.55,117,2025-09-27 09:59:59
2025-09-27 10:00:00,137.2,137.8,137.9,136.9,1839156.3000000005,13354,2025-09-27 10:09:59
2025-09-27 10:10:00,137.8,137.85,138.0,137.55,787065.6499999999,5709,2025-09-27 10:19:59
2025-09-27 10:20:00,137.95,137.9,138.0,137.85,412041.85000000003,2987,2025-09-27 10:29:59
2025-09-27 10:30:00,137.95,137.95,138.0,137.55,1495118.7,10845,2025-09-27 10:39:59
2025-09-27 10:40:00,137.95,137.95,138.0,137.75,229953.55000000002,1667,2025-09-27 10:49:59
2025-09-27 10:50:00,137.9,138.1,138.1,137.85,1565321.0499999998,11340,2025-09-27 10:59:59
2025-09-27 11:00:00,138.0,138.0,138.0,137.85,101148.25,733,2025-09-27 11:09:59
2025-09-27 11:10:00,138.0,137.95,138.05,137.9,500922.94999999995,3631,2025-09-27 11:19:59
2025-09-27 11:20:00,137.95,138.0,138.0,137.95,46087.6,334,2025-09-27 11:29:59
2025-09-27 11:30:00,138.0,138.0,138.0,137.95,31048.45,225,2025-09-27 11:39:59
2025-09-27 11:40:00,138.0,137.9,138.0,137.9,22482.100000000002,163,2025-09-27 11:49:59
2025-09-27 11:50:00,137.95,137.9,137.95,137.9,179412.15,1301,2025-09-27 11:59:59
2025-09-27 12:00:00,137.9,137.85,137.9,137.65,58403.1,424,2025-09-27 12:09:59
2025-09-27 12:10:00,137.85,137.85,137.85,137.8,7443.75,54,2025-09-27 12:19:59
2025-09-27 12:20:00,137.85,137.8,137.85,137.75,14742.999999999998,107,2025-09-27 12:29:59
2025-09-27 12:30:00,137.8,138.05,138.05,137.8,1395147.1000000003,10110,2025-09-27 12:39:59
2025-09-27 12:40:00,137.8,137.75,138.05,137.65,1091072.5999999996,7915,2025-09-27 12:49:59
2025-09-27 12:50:00,137.8,137.8,137.9,137.7,57162.3,415,2025-09-27 12:59:59
2025-09-27 13:00:00,137.8,137.8,137.8,137.75,18736.899999999998,136,2025-09-27 13:09:59
2025-09-27 13:10:00,137.8,138.05,138.05,137.75,687645.9500000004,4982,2025-09-27 13:19:59
2025-09-27 13:20:00,138.05,137.9,138.05,137.8,24416.4,177,2025-09-27 13:29:59
2025-09-27 13:30:00,137.9,137.9,138.05,137.9,26769.749999999996,194,2025-09-27 13:39:59
2025-09-27 13:40:00,138.05,138.0,138.35,137.9,2787441.8999999966,20173,2025-09-27 13:49:59
2025-09-27 13:50:00,137.9,138.1,138.15,137.9,33246.950000000004,241,2025-09-27 13:59:59
2025-09-27 14:00:00,138.1,138.05,138.15,138.05,214725.1,1555,2025-09-27 14:09:59
2025-09-27 14:10:00,138.05,138.0,138.05,137.95,958953.8,6949,2025-09-27 14:19:59
2025-09-27 14:20:00,138.0,138.0,138.0,137.75,77938.19999999997,565,2025-09-27 14:29:59
2025-09-27 14:30:00,138.0,138.0,138.2,137.9,863345.5000000005,6250,2025-09-27 14:39:59
2025-09-27 14:40:00,138.0,137.95,138.25,137.95,827149.9000000001,5984,2025-09-27 14:49:59
2025-09-27 14:50:00,137.95,138.0,138.0,137.95,32014.3,232,2025-09-27 14:59:59
2025-09-27 15:00:00,138.0,138.0,138.0,137.95,43053.850000000006,312,2025-09-27 15:09:59
2025-09-27 15:10:00,138.0,138.0,138.0,137.95,18629.850000000002,135,2025-09-27 15:19:59
2025-09-27 15:20:00,138.0,138.0,138.1,137.9,230674.99999999997,1672,2025-09-27 15:29:59
2025-09-27 15:30:00,138.0,138.1,138.1,137.95,110526.05,801,2025-09-27 15:39:59
2025-09-27 15:40:00,138.2,138.1,138.2,138.05,118388.65,857,2025-09-27 15:49:59
2025-09-27 15:50:00,138.1,138.0,138.1,138.0,19875.3,144,2025-09-27 15:59:59
2025-09-27 16:00:00,138.0,138.0,138.0,137.8,179419.35000000006,1301,2025-09-27 16:09:59
2025-09-27 16:10:00,138.0,137.85,138.05,137.85,10901.850000000002,79,2025-09-27 16:19:59
2025-09-27 16:20:00,137.9,137.9,138.05,137.85,61005.799999999996,442,2025-09-27 16:29:59
2025-09-27 16:30:00,137.9,137.9,137.95,137.9,4274.95,31,2025-09-27 16:39:59
2025-09-27 16:40:00,137.85,138.05,138.2,137.8,1761614.0,12757,2025-09-27 16:49:59
2025-09-27 16:50:00,138.0,138.0,138.0,137.9,15867.4,115,2025-09-27 16:59:59
2025-09-27 17:00:00,137.9,137.9,138.0,137.8,32684.750000000004,237,2025-09-27 17:09:59
2025-09-27 17:10:00,138.0,138.0,138.0,137.9,6346.7,46,2025-09-27 17:19:59
2025-09-27 17:20:00,138.0,138.0,138.0,137.9,63582.5,461,2025-09-27 17:29:59
2025-09-27 17:30:00,138.05,138.1,138.1,138.0,27618.0,200,2025-09-27 17:39:59
2025-09-27 17:40:00,138.0,138.1,138.15,138.0,821273.85,5947,2025-09-27 17:49:59
2025-09-27 17:50:00,138.0,138.0,138.0,137.95,114124.8,827,2025-09-27 17:59:59
2025-09-27 18:00:00,138.1,138.05,138.1,137.95,71903.65,521,2025-09-27 18:09:59
2025-09-27 18:10:00,138.1,138.0,138.1,137.95,6347.6,46,2025-09-27 18:19:59
2025-09-27 18:20:00,138.0,137.95,138.0,137.9,30897.9,224,2025-09-27 18:29:59
2025-09-27 18:30:00,137.95,138.1,138.1,137.95,37815.600000000006,274,2025-09-27 18:39:59
2025-09-27 18:40:00,138.1,138.1,138.1,137.95,123022.54999999999,891,2025-09-27 18:49:59
2025-09-27 18:50:00,138.1,138.05,138.1,137.75,1120388.450000001,8127,2025-09-27 18:59:59
2025-09-28 09:50:00,138.05,138.05,138.05,138.05,19741.149999999998,143,2025-09-28 09:59:59
2025-09-28 10:00:00,138.0,138.0,138.15,137.6,1087529.2000000002,7877,2025-09-28 10:09:59
2025-09-28 10:10:00,138.0,137.85,138.05,137.7,294849.85,2138,2025-09-28 10:19:59
2025-09-28 10:20:00,137.85,137.9,137.9,137.8,190646.15000000002,1383,2025-09-28 10:29:59
2025-09-28 10:30:00,137.9,137.7,137.9,137.7,239273.34999999998,1737,2025-09-28 10:39:59
2025-09-28 10:40:00,137.7,137.9,137.9,137.7,44944.00000000001,326,2025-09-28 10:49:59
2025-09-28 10:50:00,137.9,137.9,138.0,137.85,123897.2,898,2025-09-28 10:59:02
2025-09-28 11:00:00,138.0,138.05,138.05,137.9,276826.3,2006,2025-09-28 11:09:59
2025-09-28 11:10:00,138.05,137.9,138.05,137.9,285873.75,2072,2025-09-28 11:19:59
2025-09-28 11:20:00,138.05,138.2,138.5,138.0,4929419.4,35658,2025-09-28 11:29:59
2025-09-28 11:30:00,138.25,138.1,138.25,137.75,1476551.45,10708,2025-09-28 11:39:59
2025-09-28 11:40:00,138.0,137.95,138.1,137.8,132343.10000000003,960,2025-09-28 11:49:59
2025-09-28 11:50:00,137.95,138.0,138.0,137.9,5242.9,38,2025-09-28 11:59:59
2025-09-28 12:00:00,138.0,138.1,138.1,138.0,32576.95,236,2025-09-28 12:09:59
2025-09-28 12:10:00,138.05,138.1,138.1,138.0,10355.75,75,2025-09-28 12:19:59
2025-09-28 12:20:00,138.1,138.1,138.15,138.05,32734.449999999993,237,2025-09-28 12:29:59
2025-09-28 12:30:00,138.1,138.1,138.1,138.05,22922.35,166,2025-09-28 12:39:59
2025-09-28 12:40:00,138.05,138.3,138.3,138.0,414166.10000000003,2997,2025-09-28 12:49:59
2025-09-28 12:50:00,138.3,138.25,138.3,138.1,15619.45,113,2025-09-28 12:56:01
2025-09-28 13:00:00,138.2,138.1,138.25,138.1,49198.59999999999,356,2025-09-28 13:09:59
2025-09-28 13:10:00,138.15,138.15,138.2,138.1,21825.15,158,2025-09-28 13:19:59
2025-09-28 13:20:00,138.15,138.2,138.2,138.15,27774.750000000004,201,2025-09-28 13:29:59
2025-09-28 13:30:00,138.15,138.2,138.2,138.1,63699.3,461,2025-09-28 13:39:59
2025-09-28 13:40:00,138.2,138.15,138.2,138.15,28188.950000000004,204,2025-09-28 13:49:59
2025-09-28 13:50:00,138.15,138.2,138.2,138.05,152895.65,1107,2025-09-28 13:59:59
2025-09-28 14:00:00,138.15,138.15,138.2,138.15,95356.84999999999,690,2025-09-28 14:09:59
2025-09-28 14:10:00,138.2,138.15,138.2,138.05,180900.44999999998,1310,2025-09-28 14:19:59
2025-09-28 14:20:00,138.15,138.15,138.15,138.1,13399.05,97,2025-09-28 14:29:59
2025-09-28 14:30:00,138.1,138.15,138.15,138.05,16571.35,120,2025-09-28 14:39:59
2025-09-28 14:40:00,138.15,138.15,138.15,138.05,86011.65,623,2025-09-28 14:49:59
2025-09-28 14:50:00,138.15,138.15,138.15,138.15,2624.85,19,2025-09-28 14:58:01
2025-09-28 15:00:00,138.15,138.05,138.15,138.0,296591.05000000005,2149,2025-09-28 15:09:59
2025-09-28 15:10:00,138.05,138.15,138.2,138.05,249632.55000000002,1807,2025-09-28 15:19:59
2025-09-28 15:20:00,138.2,138.2,138.2,138.15,23902.4,173,2025-09-28 15:29:59
2025-09-28 15:30:00,138.15,138.2,138.2,138.15,298235.39999999997,2158,2025-09-28 15:39:59
2025-09-28 15:40:00,138.2,138.2,138.2,138.15,153392.15,1110,2025-09-28 15:49:59
2025-09-28 15:50:00,138.2,138.2,138.25,138.15,116528.84999999999,843,2025-09-28 15:59:59
2025-09-28 16:00:00,138.25,138.15,138.25,138.15,165389.94999999998,1197,2025-09-28 16:09:59
2025-09-28 16:10:00,138.2,138.2,138.2,138.1,84404.54999999999,611,2025-09-28 16:19:59
2025-09-28 16:20:00,138.2,138.15,138.2,138.1,4421.5,32,2025-09-28 16:29:59
2025-09-28 16:30:00,138.15,138.1,138.2,138.1,57039.95,413,2025-09-28 16:39:59
2025-09-28 16:40:00,138.2,138.15,138.2,138.15,4559.549999999999,33,2025-09-28 16:49:59
2025-09-28 16:50:00,138.1,138.25,138.25,138.1,714086.8,5167,2025-09-28 16:59:06
2025-09-28 17:00:00,138.25,138.25,138.25,138.15,145991.0,1056,2025-09-28 17:09:59
2025-09-28 17:10:00,138.25,138.25,138.25,138.25,54747.0,396,2025-09-28 17:19:59
2025-09-28 17:20:00,138.2,138.1,138.2,138.1,271688.35,1967,2025-09-28 17:29:59
2025-09-28 17:30:00,138.1,138.1,138.25,138.1,63152.700000000004,457,2025-09-28 17:39:59
2025-09-28 17:40:00,138.1,138.25,138.25,138.1,45608.549999999996,330,2025-09-28 17:49:59
2025-09-28 17:50:00,138.25,138.15,138.25,138.1,138029.55,999,2025-09-28 17:59:59
2025-09-28 18:00:00,138.1,138.15,138.15,138.1,272817.55,1975,2025-09-28 18:09:59
2025-09-28 18:10:00,138.15,138.15,138.2,138.1,203041.1,1470,2025-09-28 18:19:59
2025-09-28 18:20:00,138.1,138.15,138.15,138.1,74853.94999999998,542,2025-09-28 18:29:59
2025-09-28 18:30:00,138.15,138.1,138.15,138.1,45441.049999999996,329,2025-09-28 18:39:59
2025-09-28 18:40:00,138.15,138.15,138.15,138.1,97792.04999999999,708,2025-09-28 18:49:59
2025-09-28 18:50:00,138.15,138.0,138.15,138.0,431121.85,3124,2025-09-28 18:59:59
2025-09-29 06:50:00,138.0,138.0,138.0,138.0,138.0,1,2025-09-29 06:59:59
2025-09-29 07:00:00,138.35,138.5,138.5,138.0,2632929.9499999993,19025,2025-09-29 07:09:59
2025-09-29 07:10:00,138.5,138.2,138.5,138.2,320885.7,2321,2025-09-29 07:19:59
2025-09-29 07:20:00,138.25,138.0,138.25,138.0,1583401.2999999996,11465,2025-09-29 07:29:59
2025-09-29 07:30:00,138.15,138.05,138.2,138.05,262532.55,1901,2025-09-29 07:39:59
2025-09-29 07:40:00,138.05,137.9,138.1,137.8,885825.25,6422,2025-09-29 07:49:59
2025-09-29 07:50:00,137.9,137.9,137.9,137.8,151498.95,1099,2025-09-29 07:59:59
2025-09-29 08:00:00,137.9,138.15,138.15,137.9,510765.99999999994,3703,2025-09-29 08:09:59
2025-09-29 08:10:00,138.15,138.15,138.2,138.05,264573.85,1915,2025-09-29 08:19:59
2025-09-29 08:20:00,138.15,138.15,138.15,138.1,79021.45,572,2025-09-29 08:29:59
2025-09-29 08:30:00,138.15,138.2,138.2,138.1,24042.350000000002,174,2025-09-29 08:39:59
2025-09-29 08:40:00,138.2,138.2,138.2,138.15,67717.95,490,2025-09-29 08:49:59
2025-09-29 08:50:00,138.2,138.15,138.2,138.1,226276.34999999995,1638,2025-09-29 08:59:59
2025-09-29 09:00:00,138.15,137.95,138.3,137.75,3035611.7500000005,21984,2025-09-29 09:09:59
2025-09-29 09:10:00,137.95,137.8,137.95,137.8,217894.85,1581,2025-09-29 09:19:59
2025-09-29 09:20:00,137.85,137.9,137.95,137.8,599532.75,4348,2025-09-29 09:29:59
2025-09-29 09:30:00,137.85,137.95,137.95,137.85,314854.7,2283,2025-09-29 09:39:59
2025-09-29 09:40:00,137.9,137.85,137.95,137.85,2021163.7500000002,14661,2025-09-29 09:49:59
2025-09-29 09:50:00,137.9,137.7,137.9,137.7,1652551.0,11996,2025-09-29 09:59:59
2025-09-29 10:00:00,137.75,137.65,137.85,137.35,5630528.800000001,40926,2025-09-29 10:09:59
2025-09-29 10:10:00,137.6,137.55,137.75,137.5,452371.30000000005,3287,2025-09-29 10:19:59
2025-09-29 10:20:00,137.5,137.6,137.65,137.2,2386424.8499999996,17360,2025-09-29 10:29:59
2025-09-29 10:30:00,137.6,137.8,137.85,137.6,2197535.3,15955,2025-09-29 10:39:59
2025-09-29 10:40:00,137.8,137.8,137.85,137.7,1365313.45,9906,2025-09-29 10:49:59
2025-09-29 10:50:00,137.8,137.8,137.8,137.75,141105.5,1024,2025-09-29 10:59:59
2025-09-29 11:00:00,137.8,138.15,138.2,137.8,3761222.049999999,27268,2025-09-29 11:09:59
2025-09-29 11:10:00,138.2,138.0,138.25,137.95,2395395.2,17343,2025-09-29 11:19:59
2025-09-29 11:20:00,138.05,138.0,138.05,137.7,2698428.15,19575,2025-09-29 11:29:59
2025-09-29 11:30:00,138.0,138.15,138.15,137.95,891759.05,6459,2025-09-29 11:39:59
2025-09-29 11:40:00,138.15,137.7,138.15,137.7,1279554.25,9282,2025-09-29 11:49:59
2025-09-29 11:50:00,137.9,137.65,137.95,137.6,809031.55,5876,2025-09-29 11:59:59
2025-09-29 12:00:00,137.65,138.4,138.4,137.6,3392130.95,24552,2025-09-29 12:09:59
2025-09-29 12:10:00,138.4,138.35,138.5,138.35,4558779.799999998,32922,2025-09-29 12:19:59
2025-09-29 12:20:00,138.45,138.35,138.45,138.25,397619.8,2874,2025-09-29 12:29:59
2025-09-29 12:30:00,138.35,137.95,138.35,137.8,3688822.4999999995,26729,2025-09-29 12:39:59
2025-09-29 12:40:00,137.85,137.7,138.05,137.6,781255.3499999996,5670,2025-09-29 12:49:59
2025-09-29 12:50:00,137.75,137.7,137.8,137.7,432870.14999999997,3143,2025-09-29 12:59:59
2025-09-29 13:00:00,137.85,138.05,138.3,137.85,3089242.4499999993,22357,2025-09-29 13:09:59
2025-09-29 13:10:00,138.05,138.1,138.2,138.0,252896.75000000003,1831,2025-09-29 13:19:59
2025-09-29 13:20:00,138.1,138.05,138.1,138.0,197317.09999999998,1429,2025-09-29 13:29:59
2025-09-29 13:30:00,138.05,138.1,138.1,138.0,520776.9,3772,2025-09-29 13:39:59
2025-09-29 13:40:00,138.1,138.2,138.3,138.0,1182428.0999999996,8555,2025-09-29 13:49:59
2025-09-29 13:50:00,138.2,138.35,138.35,138.2,1193224.2999999998,8625,2025-09-29 13:59:59
2025-09-29 14:00:00,138.35,138.4,138.4,138.25,725406.0,5243,2025-09-29 14:09:59
2025-09-29 14:10:00,138.35,138.8,138.85,138.3,14530533.549999997,104820,2025-09-29 14:19:59
2025-09-29 14:20:00,138.8,138.65,138.8,138.4,1488125.3499999999,10742,2025-09-29 14:29:59
2025-09-29 14:30:00,138.65,138.25,138.65,137.9,5223884.800000001,37786,2025-09-29 14:39:59
2025-09-29 14:40:00,138.15,138.1,138.25,138.1,75870.35,549,2025-09-29 14:49:59
2025-09-29 14:50:00,138.15,138.2,138.2,138.1,461808.9000000001,3342,2025-09-29 14:59:59
2025-09-29 15:00:00,138.15,138.05,138.15,137.95,1036485.1999999998,7506,2025-09-29 15:09:59
2025-09-29 15:10:00,138.05,138.0,138.05,137.95,86375.89999999998,626,2025-09-29 15:19:59
2025-09-29 15:20:00,138.0,137.95,138.1,137.9,1236713.0000000002,8964,2025-09-29 15:29:59
2025-09-29 15:30:00,138.1,138.15,138.2,138.0,757875.1000000001,5487,2025-09-29 15:39:59
2025-09-29 15:40:00,138.15,138.0,138.2,137.9,1469334.1500000001,10638,2025-09-29 15:49:59
2025-09-29 15:50:00,138.0,137.95,138.1,137.9,186711.2,1353,2025-09-29 15:59:59
2025-09-29 16:00:00,138.0,137.55,138.2,137.35,6086291.95,44220,2025-09-29 16:09:59
2025-09-29 16:10:00,137.55,137.6,137.6,137.25,2013161.9500000002,14654,2025-09-29 16:19:59
2025-09-29 16:20:00,137.6,137.65,137.8,137.05,7893845.049999999,57477,2025-09-29 16:29:59
2025-09-29 16:30:00,137.75,137.9,137.95,137.7,2102044.45,15253,2025-09-29 16:39:59
2025-09-29 16:40:00,137.8,137.5,137.8,137.3,1579581.0999999999,11474,2025-09-29 16:49:59
2025-09-29 16:50:00,137.5,137.4,137.65,137.35,742054.9,5396,2025-09-29 16:59:59
2025-09-29 17:00:00,137.4,137.05,137.5,137.0,4087676.2999999993,29813,2025-09-29 17:09:59
2025-09-29 17:10:00,137.15,137.2,137.25,137.0,1086500.55,7924,2025-09-29 17:19:59
2025-09-29 17:20:00,137.2,136.7,137.2,136.5,9309950.950000003,68135,2025-09-29 17:29:59
2025-09-29 17:30:00,136.7,136.55,136.75,136.5,2969624.05,21743,2025-09-29 17:39:59
2025-09-29 17:40:00,136.55,136.65,136.75,136.5,1658622.9499999995,12142,2025-09-29 17:49:59
2025-09-29 17:50:00,136.65,136.7,136.75,136.6,560659.5000000002,4101,2025-09-29 17:59:59
2025-09-29 18:00:00,136.7,136.15,136.7,136.05,3782707.2500000005,27760,2025-09-29 18:09:59
2025-09-29 18:10:00,136.15,136.0,136.2,135.7,7018998.149999975,51617,2025-09-29 18:19:59
2025-09-29 18:20:00,136.0,135.4,136.05,135.3,9045441.65,66675,2025-09-29 18:29:59
2025-09-29 18:30:00,135.4,135.3,135.45,135.15,3958740.1999999997,29266,2025-09-29 18:39:59
2025-09-29 18:40:00,135.3,135.3,135.3,135.3,38966.399999999994,288,2025-09-29 18:49:04
2025-09-29 19:00:00,135.3,135.05,135.5,134.55,15014308.549999995,111104,2025-09-29 19:09:59
2025-09-29 19:10:00,135.05,135.15,135.2,134.6,3319876.6999999997,24612,2025-09-29 19:19:59
2025-09-29 19:20:00,135.2,135.4,135.45,135.2,4251493.4,31414,2025-09-29 19:29:59
2025-09-29 19:30:00,135.35,135.35,135.35,135.0,2776718.8,20548,2025-09-29 19:39:59
2025-09-29 19:40:00,135.4,135.45,135.5,135.35,2136423.0999999847,15770,2025-09-29 19:49:59
2025-09-29 19:50:00,135.4,135.25,135.5,135.0,4943853.7,36560,2025-09-29 19:59:59
2025-09-29 20:00:00,135.2,135.2,135.2,135.0,249980.94999999998,1850,2025-09-29 20:09:59
2025-09-29 20:10:00,135.2,135.4,135.4,135.1,444480.25,3287,2025-09-29 20:19:59
2025-09-29 20:20:00,135.4,135.7,135.7,135.3,1825531.8999999997,13472,2025-09-29 20:29:59
2025-09-29 20:30:00,135.6,135.75,135.75,135.55,528621.8500000001,3897,2025-09-29 20:39:59
2025-09-29 20:40:00,135.75,135.7,135.9,135.55,2165485.6500000004,15951,2025-09-29 20:49:59
2025-09-29 20:50:00,135.6,135.85,135.85,135.6,733806.1500000001,5407,2025-09-29 20:59:59
2025-09-29 21:00:00,135.85,135.4,135.85,135.4,650633.05,4799,2025-09-29 21:09:59
2025-09-29 21:10:00,135.5,134.7,135.5,134.7,2589286.6,19182,2025-09-29 21:19:59
2025-09-29 21:20:00,134.75,135.0,135.0,134.65,3358656.3000000003,24925,2025-09-29 21:29:59
2025-09-29 21:30:00,135.0,134.85,135.0,134.4,5640698.499999999,41907,2025-09-29 21:39:59
2025-09-29 21:40:00,134.85,135.0,135.2,134.8,1914318.5999999999,14173,2025-09-29 21:49:59
2025-09-29 21:50:00,135.0,135.4,135.4,135.0,461933.9000000001,3418,2025-09-29 21:59:59
2025-09-29 22:00:00,135.35,135.2,135.4,135.15,187335.8,1385,2025-09-29 22:09:59
2025-09-29 22:10:00,135.25,135.15,135.35,135.1,213735.3,1581,2025-09-29 22:19:59
2025-09-29 22:20:00,135.25,135.1,135.4,135.0,1876533.2,13889,2025-09-29 22:29:59
2025-09-29 22:30:00,135.1,135.55,135.55,135.1,821319.75,6071,2025-09-29 22:39:59
2025-09-29 22:40:00,135.5,135.6,135.8,135.5,1162995.75,8573,2025-09-29 22:49:59
2025-09-29 22:50:00,135.55,135.35,135.6,135.35,373797.15,2759,2025-09-29 22:59:59
2025-09-29 23:00:00,135.55,135.5,135.55,135.5,17349.45,128,2025-09-29 23:09:59
2025-09-29 23:10:00,135.5,135.4,135.5,135.4,238450.59999999998,1761,2025-09-29 23:19:59
2025-09-29 23:20:00,135.4,135.4,135.55,135.3,704068.9,5200,2025-09-29 23:29:59
2025-09-29 23:30:00,135.45,135.2,135.5,134.85,3238171.1999999997,23969,2025-09-29 23:39:59
2025-09-29 23:40:00,135.2,135.15,135.45,134.85,2194699.9499999997,16239,2025-09-29 23:49:59
2025-09-30 06:50:00,135.2,135.2,135.2,135.2,13790.4,102,2025-09-30 06:59:59
2025-09-30 07:00:00,135.55,136.1,136.3,135.55,2857012.45,20995,2025-09-30 07:09:59
2025-09-30 07:10:00,136.1,136.05,136.1,135.9,658890.75,4844,2025-09-30 07:19:59
2025-09-30 07:20:00,136.05,136.05,136.1,136.05,482842.35,3548,2025-09-30 07:29:59
2025-09-30 07:30:00,136.1,136.05,136.1,136.0,875947.3500000001,6438,2025-09-30 07:39:59
2025-09-30 07:40:00,136.05,136.0,136.05,135.95,590438.1499999999,4341,2025-09-30 07:49:59
2025-09-30 07:50:00,135.95,135.5,135.95,135.15,12418025.9,91681,2025-09-30 07:59:59
2025-09-30 08:00:00,135.5,135.7,135.7,135.5,192719.9,1422,2025-09-30 08:09:59
2025-09-30 08:10:00,135.7,136.3,136.55,135.55,6555645.799999998,48199,2025-09-30 08:19:59
2025-09-30 08:20:00,136.3,136.3,136.3,136.15,899741.3000000002,6603,2025-09-30 08:29:59
2025-09-30 08:30:00,136.3,136.15,136.3,135.9,3800898.05,27928,2025-09-30 08:39:59
2025-09-30 08:40:00,136.2,135.7,136.2,135.5,6301892.249999998,46435,2025-09-30 08:49:59
2025-09-30 08:50:00,135.6,135.05,135.7,135.0,6638025.299999997,49122,2025-09-30 08:59:59
2025-09-30 09:00:00,135.05,134.8,135.05,134.65,1763187.0999999999,13072,2025-09-30 09:09:59
2025-09-30 09:10:00,134.8,134.75,134.8,134.6,964562.4999999995,7162,2025-09-30 09:19:59
2025-09-30 09:20:00,134.75,135.1,135.1,134.75,246003.94999999998,1824,2025-09-30 09:29:59
2025-09-30 09:30:00,135.05,135.15,135.2,135.05,409845.0,3033,2025-09-30 09:39:59
2025-09-30 09:40:00,135.1,135.15,135.15,135.1,82026.40000000001,607,2025-09-30 09:49:59
2025-09-30 09:50:00,135.15,135.15,135.3,135.05,1193291.9000000001,8830,2025-09-30 09:59:59
2025-09-30 10:00:00,135.05,134.35,135.15,134.15,12737785.650000002,94649,2025-09-30 10:09:59
2025-09-30 10:10:00,134.3,134.0,134.3,133.5,10389311.900000002,77641,2025-09-30 10:19:59
2025-09-30 10:20:00,133.95,133.5,134.0,133.2,7130769.05,53398,2025-09-30 10:29:59
2025-09-30 10:30:00,133.45,134.15,134.15,133.35,4548461.4,33995,2025-09-30 10:39:59
2025-09-30 10:40:00,134.1,134.6,134.65,133.95,5237511.7,38977,2025-09-30 10:49:59
2025-09-30 10:50:00,134.6,134.75,134.75,134.55,719941.5499999999,5347,2025-09-30 10:59:59
2025-09-30 11:00:00,134.75,134.75,134.85,134.6,1382971.4,10260,2025-09-30 11:09:59
2025-09-30 11:10:00,134.65,134.4,134.65,134.35,1629749.9999999998,12114,2025-09-30 11:19:59
2025-09-30 11:20:00,134.4,134.4,134.45,134.25,1757466.0999999996,13079,2025-09-30 11:29:59
2025-09-30 11:30:00,134.3,134.0,134.35,134.0,3496120.55,26050,2025-09-30 11:39:59
2025-09-30 11:40:00,134.0,134.35,134.35,133.95,1348519.3,10057,2025-09-30 11:49:59
2025-09-30 11:50:00,134.3,133.8,134.3,133.8,3553440.8000000035,26542,2025-09-30 11:59:59
2025-09-30 12:00:00,133.85,133.8,134.1,133.75,1241750.0,9273,2025-09-30 12:09:59
2025-09-30 12:10:00,133.75,134.25,134.25,133.75,683872.85,5106,2025-09-30 12:19:59
2025-09-30 12:20:00,134.15,133.85,134.15,133.8,1800647.0999999999,13439,2025-09-30 12:29:59
2025-09-30 12:30:00,133.95,133.8,134.0,133.55,1734153.3,12971,2025-09-30 12:39:59
2025-09-30 12:40:00,133.7,134.0,134.05,133.65,1686785.0499999996,12604,2025-09-30 12:49:59
2025-09-30 12:50:00,134.05,134.4,134.4,133.85,2782092.25,20740,2025-09-30 12:59:59
2025-09-30 13:00:00,134.4,134.05,134.5,134.0,3578912.9499999997,26681,2025-09-30 13:09:59
2025-09-30 13:10:00,134.05,134.0,134.25,133.95,1218694.35,9091,2025-09-30 13:19:59
2025-09-30 13:20:00,134.0,133.95,134.25,133.8,2671899.7,19946,2025-09-30 13:29:59
2025-09-30 13:30:00,133.95,134.05,134.05,133.85,1954787.45,14596,2025-09-30 13:39:59
2025-09-30 13:40:00,134.05,133.8,134.05,133.5,5988874.949999999,44781,2025-09-30 13:49:59
2025-09-30 13:50:00,133.8,134.2,134.2,133.65,875407.8999999999,6531,2025-09-30 13:59:59
2025-09-30 14:00:00,134.15,134.1,134.2,134.0,2577763.5,19216,2025-09-30 14:09:59
2025-09-30 14:10:00,134.15,134.1,134.2,134.05,563142.95,4197,2025-09-30 14:19:59
2025-09-30 14:20:00,134.2,134.0,134.2,133.9,859113.5499999999,6411,2025-09-30 14:29:59
2025-09-30 14:30:00,134.0,134.45,134.45,133.95,1677509.199999999,12499,2025-09-30 14:39:59
2025-09-30 14:40:00,134.45,134.45,134.5,134.25,977035.7999999999,7272,2025-09-30 14:49:59
2025-09-30 14:50:00,134.45,133.95,134.45,133.8,620895.6500000003,4633,2025-09-30 14:59:59
2025-09-30 15:00:00,133.95,133.85,134.05,133.7,785499.8999999999,5870,2025-09-30 15:09:59
2025-09-30 15:10:00,133.9,134.3,134.4,133.75,555877.25,4143,2025-09-30 15:19:59
2025-09-30 15:20:00,134.15,134.8,134.8,134.15,3422100.25,25424,2025-09-30 15:29:59
2025-09-30 15:30:00,134.8,134.55,134.8,134.4,966926.0500000002,7183,2025-09-30 15:39:59
2025-09-30 15:40:00,134.55,134.5,134.7,134.35,515403.7500000001,3830,2025-09-30 15:49:59
2025-09-30 15:50:00,134.4,134.65,134.65,134.35,1449061.2500000002,10764,2025-09-30 15:59:59
2025-09-30 16:00:00,134.6,134.65,134.65,134.4,1231792.15,9152,2025-09-30 16:09:59
2025-09-30 16:10:00,134.65,134.95,134.95,134.3,4271659.549999999,31718,2025-09-30 16:19:59
2025-09-30 16:20:00,134.9,134.85,135.35,134.65,7204839.2,53369,2025-09-30 16:29:59
2025-09-30 16:30:00,134.85,135.2,135.3,134.85,1437072.7500000002,10635,2025-09-30 16:39:59
2025-09-30 16:40:00,135.2,135.3,135.5,135.2,1636098.2499999998,12090,2025-09-30 16:49:59
2025-09-30 16:50:00,135.3,135.5,135.65,135.2,3678696.3499999996,27157,2025-09-30 16:59:59
2025-09-30 17:00:00,135.5,135.5,135.6,135.4,940757.7500000001,6943,2025-09-30 17:09:59
2025-09-30 17:10:00,135.5,135.25,135.5,135.0,2798928.8500000006,20687,2025-09-30 17:19:59
2025-09-30 17:20:00,135.25,135.2,135.3,135.1,1646856.7000000002,12179,2025-09-30 17:29:59
2025-09-30 17:30:00,135.2,135.2,135.45,135.1,1427768.4999999998,10553,2025-09-30 17:39:59
2025-09-30 17:40:00,135.2,135.6,135.6,135.2,979902.6000000003,7238,2025-09-30 17:49:59
2025-09-30 17:50:00,135.55,135.6,135.7,135.25,4016958.5999999978,29656,2025-09-30 17:59:59
2025-09-30 18:00:00,135.6,135.65,135.65,135.25,2071078.9499999997,15292,2025-09-30 18:09:59
2025-09-30 18:10:00,135.65,135.85,135.9,135.55,2584058.3000000003,19030,2025-09-30 18:19:59
2025-09-30 18:20:00,135.85,135.5,135.9,135.4,2434395.6000000006,17944,2025-09-30 18:29:59
2025-09-30 18:30:00,135.5,135.4,135.5,135.2,499946.94999999995,3694,2025-09-30 18:39:59
2025-09-30 18:40:00,135.45,135.45,135.45,135.45,64609.649999999994,477,2025-09-30 18:49:08
2025-09-30 19:00:00,135.4,135.35,135.6,135.05,1183802.9,8753,2025-09-30 19:09:59
2025-09-30 19:10:00,135.35,135.35,135.5,135.2,268062.5,1981,2025-09-30 19:19:59
2025-09-30 19:20:00,135.3,135.1,135.35,135.0,902582.8500000001,6679,2025-09-30 19:29:59
2025-09-30 19:30:00,135.1,134.9,135.1,134.6,2055284.95,15248,2025-09-30 19:39:59
2025-09-30 19:40:00,134.85,134.65,134.9,134.55,467066.50000000006,3467,2025-09-30 19:49:59
2025-09-30 19:50:00,134.8,134.45,134.8,134.15,891490.1000000001,6635,2025-09-30 19:59:59
2025-09-30 20:00:00,134.45,134.3,134.45,134.2,141895.34999999998,1056,2025-09-30 20:09:59
2025-09-30 20:10:00,134.35,134.4,134.4,134.2,252887.75000000003,1884,2025-09-30 20:19:59
2025-09-30 20:20:00,134.4,134.5,134.55,134.4,155651.55000000002,1158,2025-09-30 20:29:59
2025-09-30 20:30:00,134.45,134.45,134.45,134.35,236056.1,1756,2025-09-30 20:39:59
2025-09-30 20:40:00,134.45,134.5,134.65,134.35,113318.55000000002,843,2025-09-30 20:49:59
2025-09-30 20:50:00,134.6,134.7,134.7,134.45,247795.75,1840,2025-09-30 20:59:59
2025-09-30 21:00:00,134.75,134.7,134.8,134.7,76673.45,569,2025-09-30 21:09:59
2025-09-30 21:10:00,134.7,134.9,135.0,134.7,1394243.4999999995,10339,2025-09-30 21:19:59
2025-09-30 21:20:00,135.0,134.9,135.0,134.65,553162.7000000001,4104,2025-09-30 21:29:59
2025-09-30 21:30:00,134.9,134.8,134.9,134.65,105507.55,783,2025-09-30 21:39:59
2025-09-30 21:40:00,134.8,134.9,134.9,134.75,21570.099999999995,160,2025-09-30 21:49:59
2025-09-30 21:50:00,134.9,134.85,134.9,134.75,65010.850000000006,482,2025-09-30 21:59:59
2025-09-30 22:00:00,134.85,134.5,134.85,134.5,1036697.2999999998,7698,2025-09-30 22:09:59
2025-09-30 22:10:00,134.65,134.65,134.75,134.55,15893.05,118,2025-09-30 22:19:59
2025-09-30 22:20:00,134.65,134.85,134.85,134.65,484520.14999999997,3594,2025-09-30 22:29:59
2025-09-30 22:30:00,134.85,134.9,134.9,134.75,1031945.2000000001,7655,2025-09-30 22:39:59
2025-09-30 22:40:00,134.9,135.0,135.0,134.85,499462.94999999995,3701,2025-09-30 22:49:59
2025-09-30 22:50:00,135.0,134.95,135.0,134.85,48850.85,362,2025-09-30 22:59:59
2025-09-30 23:00:00,135.0,134.95,135.0,134.9,12552.1,93,2025-09-30 23:09:59
2025-09-30 23:10:00,134.95,135.05,135.05,134.95,172321.19999999992,1276,2025-09-30 23:19:59
2025-09-30 23:20:00,135.1,135.15,135.15,135.05,58899.04999999999,436,2025-09-30 23:29:59
2025-09-30 23:30:00,135.05,134.8,135.05,134.75,649303.8000000002,4812,2025-09-30 23:39:59
2025-09-30 23:40:00,134.85,134.85,134.9,134.6,406985.3499999999,3021,2025-09-30 23:49:59
2025-10-01 06:50:00,134.85,134.85,134.85,134.85,10518.3,78,2025-10-01 06:59:59
2025-10-01 07:00:00,134.9,135.05,135.3,134.7,1367713.6,10139,2025-10-01 07:09:59
2025-10-01 07:10:00,135.0,135.1,135.1,134.9,39416.85,292,2025-10-01 07:19:59
2025-10-01 07:20:00,135.1,135.2,135.2,135.05,309662.1,2291,2025-10-01 07:29:59
2025-10-01 07:30:00,135.2,135.4,135.45,135.2,116469.34999999999,861,2025-10-01 07:39:59
2025-10-01 07:40:00,135.45,135.55,135.55,135.45,83470.45000000003,616,2025-10-01 07:49:59
2025-10-01 07:50:00,135.55,135.5,135.7,135.5,383030.80000000005,2825,2025-10-01 07:59:59
2025-10-01 08:00:00,135.5,135.6,135.6,135.5,31184.149999999998,230,2025-10-01 08:09:59
2025-10-01 08:10:00,135.6,135.6,135.6,135.5,549435.05,4054,2025-10-01 08:19:59
2025-10-01 08:20:00,135.6,135.6,135.6,135.35,628937.25,4642,2025-10-01 08:29:59
2025-10-01 08:30:00,135.6,135.05,135.6,135.05,1400733.8499999999,10348,2025-10-01 08:39:59
2025-10-01 08:40:00,135.1,135.45,135.5,135.05,284858.45000000007,2107,2025-10-01 08:49:59
2025-10-01 08:50:00,135.45,135.1,135.45,135.1,969250.6000000001,7170,2025-10-01 08:59:59
2025-10-01 09:00:00,135.1,135.1,135.1,135.0,632893.2999999999,4686,2025-10-01 09:09:59
2025-10-01 09:10:00,135.2,135.4,135.45,135.1,284906.69999999995,2106,2025-10-01 09:19:59
2025-10-01 09:20:00,135.3,135.25,135.4,135.15,829722.4499999998,6134,2025-10-01 09:29:59
2025-10-01 09:30:00,135.3,135.55,135.6,135.25,1915656.3999999994,14142,2025-10-01 09:39:59
2025-10-01 09:40:00,135.45,135.45,135.45,135.35,107395.0,793,2025-10-01 09:49:59
2025-10-01 09:50:00,135.45,135.6,135.6,135.35,775225.15,5722,2025-10-01 09:59:59
2025-10-01 10:00:00,135.6,135.4,135.85,135.3,5715647.399999999,42140,2025-10-01 10:09:59
2025-10-01 10:10:00,135.4,135.45,135.7,135.3,548888.5,4049,2025-10-01 10:19:59
2025-10-01 10:20:00,135.5,135.7,135.75,135.4,182154.7,1343,2025-10-01 10:29:59
2025-10-01 10:30:00,135.7,136.1,136.1,135.7,5976516.050000002,43952,2025-10-01 10:39:59
2025-10-01 10:40:00,136.1,136.1,136.35,135.9,4292850.95,31513,2025-10-01 10:49:59
2025-10-01 10:50:00,136.05,136.0,136.1,135.65,2965244.9000000004,21819,2025-10-01 10:59:59
2025-10-01 11:00:00,135.85,135.95,136.0,135.75,255909.94999999998,1883,2025-10-01 11:09:59
2025-10-01 11:10:00,135.95,136.15,136.15,135.85,2997819.4999999995,22032,2025-10-01 11:19:59
2025-10-01 11:20:00,136.15,136.1,136.15,136.0,153949.64999999997,1131,2025-10-01 11:29:59
2025-10-01 11:30:00,136.0,135.95,136.15,135.95,300254.50000000006,2207,2025-10-01 11:39:59
2025-10-01 11:40:00,135.95,135.7,135.95,135.7,796611.15,5867,2025-10-01 11:49:59
2025-10-01 11:50:00,135.75,135.9,135.9,135.65,473783.60000000003,3489,2025-10-01 11:59:59
2025-10-01 12:00:00,135.9,135.85,136.0,135.75,611910.2000000001,4502,2025-10-01 12:09:59
2025-10-01 12:10:00,135.95,135.75,135.95,135.65,876992.6499999999,6460,2025-10-01 12:19:59
2025-10-01 12:20:00,135.75,135.9,135.9,135.35,1528326.8,11259,2025-10-01 12:29:59
2025-10-01 12:30:00,135.9,135.7,136.0,135.65,1717023.2499999998,12651,2025-10-01 12:39:59
2025-10-01 12:40:00,135.7,136.0,136.05,135.45,2072056.8500000006,15255,2025-10-01 12:49:59
2025-10-01 12:50:00,136.0,136.1,136.15,135.85,742144.8999999999,5456,2025-10-01 12:59:59
2025-10-01 13:00:00,135.95,135.75,136.1,135.7,709452.45,5219,2025-10-01 13:09:59
2025-10-01 13:10:00,135.85,135.95,136.05,135.75,507545.7500000001,3733,2025-10-01 13:19:59
2025-10-01 13:20:00,135.95,135.55,136.0,135.5,4803587.6499999985,35412,2025-10-01 13:29:59
2025-10-01 13:30:00,135.5,135.4,135.5,135.2,2233397.1499999994,16510,2025-10-01 13:39:59
2025-10-01 13:40:00,135.4,135.5,135.55,135.25,561240.65,4145,2025-10-01 13:49:59
2025-10-01 13:50:00,135.5,135.65,135.7,135.4,2557810.0500000007,18863,2025-10-01 13:59:59
2025-10-01 14:00:00,135.55,135.15,135.7,135.05,3943819.8000000007,29154,2025-10-01 14:09:59
2025-10-01 14:10:00,135.25,134.9,135.45,134.65,5187243.949999998,38440,2025-10-01 14:19:59
2025-10-01 14:20:00,134.9,134.7,134.95,134.4,4717179.150000001,35050,2025-10-01 14:29:59
2025-10-01 14:30:00,134.7,133.8,134.8,133.8,13032161.849999998,97197,2025-10-01 14:39:59
2025-10-01 14:40:00,133.85,134.15,134.15,133.6,4826078.000000001,36046,2025-10-01 14:49:59
2025-10-01 14:50:00,134.1,133.85,134.2,133.7,5352296.5,39976,2025-10-01 14:59:59
2025-10-01 15:00:00,133.85,133.6,133.9,133.45,12375928.450000005,92590,2025-10-01 15:09:59
2025-10-01 15:10:00,133.7,133.75,133.8,133.5,2519940.45,18854,2025-10-01 15:19:59
2025-10-01 15:20:00,133.75,133.65,133.75,133.4,5025527.85,37630,2025-10-01 15:29:59
2025-10-01 15:30:00,133.7,134.25,134.25,133.7,1953922.3499999999,14579,2025-10-01 15:39:59
2025-10-01 15:40:00,134.15,133.8,134.15,133.6,2814814.5000000005,21028,2025-10-01 15:49:59
2025-10-01 15:50:00,133.8,133.85,134.05,133.65,1101542.4000000001,8229,2025-10-01 15:59:59
2025-10-01 16:00:00,133.8,133.4,133.95,133.35,7469525.7,55932,2025-10-01 16:09:59
2025-10-01 16:10:00,133.4,133.5,133.8,133.4,2304352.3,17267,2025-10-01 16:19:59
2025-10-01 16:20:00,133.5,133.4,133.7,133.35,1528185.9500000002,11449,2025-10-01 16:29:59
2025-10-01 16:30:00,133.45,133.8,133.95,133.35,1612411.45,12067,2025-10-01 16:39:59
2025-10-01 16:40:00,133.75,134.45,134.55,133.7,4766839.100000001,35523,2025-10-01 16:49:59
2025-10-01 16:50:00,134.4,134.35,134.4,134.0,1564263.0500000003,11660,2025-10-01 16:59:59
2025-10-01 17:00:00,134.2,134.05,134.3,133.8,1071057.2,7993,2025-10-01 17:09:59
2025-10-01 17:10:00,134.0,133.75,134.05,133.55,971855.7000000001,7267,2025-10-01 17:19:59
2025-10-01 17:20:00,133.7,133.45,133.95,132.9,16914717.95,126887,2025-10-01 17:29:59
2025-10-01 17:30:00,133.35,133.7,133.9,133.05,12055211.7,90251,2025-10-01 17:39:59
2025-10-01 17:40:00,133.7,133.8,133.95,133.5,2123819.45,15880,2025-10-01 17:49:59
2025-10-01 17:50:00,133.8,134.35,134.45,133.6,4232248.699999999,31558,2025-10-01 17:59:59
2025-10-01 18:00:00,134.25,134.4,134.8,134.2,1903895.8500000006,14150,2025-10-01 18:09:59
2025-10-01 18:10:00,134.4,134.05,134.65,134.05,1872688.4500000002,13942,2025-10-01 18:19:59
2025-10-01 18:20:00,134.2,134.5,134.65,134.1,1196570.25,8902,2025-10-01 18:29:59
2025-10-01 18:30:00,134.55,134.35,134.65,134.2,2226048.0500000003,16565,2025-10-01 18:39:59
2025-10-01 18:40:00,134.35,134.35,134.35,134.35,116615.79999999999,868,2025-10-01 18:49:59
2025-10-01 19:00:00,134.45,134.45,134.5,134.1,1117325.85,8322,2025-10-01 19:09:59
2025-10-01 19:10:00,134.45,134.85,134.85,134.35,1277454.0499999998,9487,2025-10-01 19:19:59
2025-10-01 19:20:00,134.85,134.6,134.95,134.4,2317277.7,17214,2025-10-01 19:29:59
2025-10-01 19:30:00,134.4,135.2,136.1,134.4,12218333.899999995,90243,2025-10-01 19:39:59
2025-10-01 19:40:00,135.1,135.1,135.2,134.95,1637211.05,12125,2025-10-01 19:49:59
2025-10-01 19:50:00,135.1,135.1,135.2,135.0,257726.40000000002,1908,2025-10-01 19:59:59
2025-10-01 20:00:00,135.1,135.1,135.1,135.0,127773.29999999999,946,2025-10-01 20:09:59
2025-10-01 20:10:00,135.1,135.0,135.1,135.0,230764.90000000002,1709,2025-10-01 20:19:59
2025-10-01 20:20:00,135.1,134.85,135.1,134.75,250908.74999999997,1859,2025-10-01 20:29:59
2025-10-01 20:30:00,134.8,134.8,134.95,134.7,409214.10000000003,3036,2025-10-01 20:39:59
2025-10-01 20:40:00,134.9,134.9,135.0,134.8,145964.7,1082,2025-10-01 20:49:59
2025-10-01 20:50:00,134.85,134.85,134.9,134.7,677816.7000000001,5028,2025-10-01 20:59:59
2025-10-01 21:00:00,134.85,134.6,134.9,134.45,2142834.4,15910,2025-10-01 21:09:59
2025-10-01 21:10:00,134.8,134.7,135.0,134.6,1196750.9000000001,8877,2025-10-01 21:19:59
2025-10-01 21:20:00,134.8,135.4,135.55,134.7,1506792.6,11145,2025-10-01 21:29:59
2025-10-01 21:30:00,135.25,135.1,135.4,135.1,963566.8499999999,7126,2025-10-01 21:39:59
2025-10-01 21:40:00,135.25,135.2,135.3,135.1,30424.550000000003,225,2025-10-01 21:49:59
2025-10-01 21:50:00,135.2,135.15,135.25,135.1,240284.4,1778,2025-10-01 21:59:13
2025-10-01 22:00:00,135.2,135.1,135.25,135.1,818737.6499999999,6056,2025-10-01 22:09:59
2025-10-01 22:10:00,135.1,135.2,135.2,135.05,201446.25,1491,2025-10-01 22:19:59
2025-10-01 22:20:00,135.25,135.5,135.55,135.2,1376889.5,10169,2025-10-01 22:29:59
2025-10-01 22:30:00,135.5,135.3,135.5,135.3,64035.00000000001,473,2025-10-01 22:39:59
2025-10-01 22:40:00,135.35,135.4,135.5,135.3,271391.2,2004,2025-10-01 22:49:59
2025-10-01 22:50:00,135.4,135.35,135.4,135.3,91094.15,673,2025-10-01 22:59:04
2025-10-01 23:00:00,135.4,135.4,135.5,135.3,135260.55000000002,999,2025-10-01 23:09:59
2025-10-01 23:10:00,135.5,135.55,135.55,135.45,977764.4500000002,7216,2025-10-01 23:19:59
2025-10-01 23:20:00,135.55,135.35,135.55,135.35,394736.8,2915,2025-10-01 23:29:59
2025-10-01 23:30:00,135.35,135.6,135.6,135.3,289548.55,2138,2025-10-01 23:39:59
2025-10-01 23:40:00,135.6,135.45,135.6,135.35,618656.5999999999,4568,2025-10-01 23:49:59
2025-10-02 06:50:00,135.75,135.75,135.75,135.75,37467.0,276,2025-10-02 06:59:59
2025-10-02 07:00:00,135.75,136.1,136.2,135.5,3775994.2500000005,27787,2025-10-02 07:09:59
2025-10-02 07:10:00,136.05,136.3,136.5,135.95,1927876.7,14147,2025-10-02 07:19:59
2025-10-02 07:20:00,136.3,136.1,136.35,136.0,754545.3,5539,2025-10-02 07:29:59
2025-10-02 07:30:00,136.15,135.85,136.15,135.75,540132.0500000002,3977,2025-10-02 07:39:59
2025-10-02 07:40:00,135.85,134.9,135.85,134.9,2155118.0,15922,2025-10-02 07:49:59
2025-10-02 07:50:00,134.9,135.1,135.2,134.9,2293793.9,16995,2025-10-02 07:59:59
2025-10-02 08:00:00,134.95,134.25,135.05,134.05,3414512.8500000006,25384,2025-10-02 08:09:59
2025-10-02 08:10:00,134.25,134.5,134.65,134.05,3456231.45,25729,2025-10-02 08:19:59
2025-10-02 08:20:00,134.6,134.2,134.6,134.2,867353.4999999999,6453,2025-10-02 08:29:59
2025-10-02 08:30:00,134.3,134.05,134.4,134.05,1447012.4,10781,2025-10-02 08:39:59
2025-10-02 08:40:00,134.0,134.1,134.15,134.0,497371.85,3711,2025-10-02 08:49:59
2025-10-02 08:50:00,134.1,134.35,134.7,134.1,3247076.3499999996,24155,2025-10-02 08:59:59
2025-10-02 09:00:00,134.35,135.0,135.15,134.35,2227087.35,16504,2025-10-02 09:09:59
2025-10-02 09:10:00,135.0,134.95,135.05,134.75,391790.2,2904,2025-10-02 09:19:59
2025-10-02 09:20:00,135.0,135.2,135.2,134.9,869811.65,6438,2025-10-02 09:29:59
2025-10-02 09:30:00,135.2,135.1,135.2,135.0,118238.3,875,2025-10-02 09:39:59
2025-10-02 09:40:00,135.1,134.9,135.1,134.9,109106.75,808,2025-10-02 09:49:59
2025-10-02 09:50:00,134.9,135.0,135.05,134.8,409067.95000000007,3031,2025-10-02 09:59:59
2025-10-02 10:00:00,135.0,134.7,135.1,134.7,2745277.85,20350,2025-10-02 10:09:59
2025-10-02 10:10:00,134.75,134.6,134.75,134.3,993213.5499999998,7386,2025-10-02 10:19:59
2025-10-02 10:20:00,134.7,134.9,134.9,134.6,202088.1499999999,1500,2025-10-02 10:29:59
2025-10-02 10:30:00,134.9,135.2,135.4,134.9,1103448.3,8161,2025-10-02 10:39:59
2025-10-02 10:40:00,135.1,135.0,135.2,134.95,883800.2,6541,2025-10-02 10:49:59
2025-10-02 10:50:00,135.15,135.0,135.2,134.95,1210032.1,8960,2025-10-02 10:59:59
2025-10-02 11:00:00,135.0,135.15,135.15,134.95,330687.05,2448,2025-10-02 11:09:59
2025-10-02 11:10:00,135.15,135.1,135.15,134.95,1605375.4,11885,2025-10-02 11:19:59
2025-10-02 11:20:00,135.1,135.1,135.75,134.9,8514455.05,62884,2025-10-02 11:29:59
2025-10-02 11:30:00,134.95,134.15,134.95,133.8,14862016.800000003,110698,2025-10-02 11:39:59
2025-10-02 11:40:00,134.1,134.2,134.4,133.95,1884791.5500000003,14038,2025-10-02 11:49:59
2025-10-02 11:50:00,134.2,134.3,134.4,134.1,686845.4000000001,5115,2025-10-02 11:59:59
2025-10-02 12:00:00,134.3,133.95,134.4,133.85,1724589.8499999999,12862,2025-10-02 12:09:59
2025-10-02 12:10:00,133.85,134.05,134.15,133.6,2423431.55,18102,2025-10-02 12:19:59
2025-10-02 12:20:00,134.05,134.1,134.15,133.85,268710.6,2006,2025-10-02 12:29:59
2025-10-02 12:30:00,134.15,134.35,134.5,134.15,2387837.2,17768,2025-10-02 12:39:59
2025-10-02 12:40:00,134.35,134.7,134.8,134.35,632438.3,4701,2025-10-02 12:49:59
2025-10-02 12:50:00,134.75,135.05,135.05,134.65,854005.65,6333,2025-10-02 12:59:59
2025-10-02 13:00:00,135.05,135.0,135.1,134.8,3530475.4,26155,2025-10-02 13:09:59
2025-10-02 13:10:00,134.85,134.85,135.0,134.7,886342.4999999999,6574,2025-10-02 13:19:59
2025-10-02 13:20:00,134.75,134.7,134.9,134.7,550558.8999999999,4085,2025-10-02 13:29:59
2025-10-02 13:30:00,134.85,135.0,135.0,134.7,797969.4000000013,5917,2025-10-02 13:39:59
2025-10-02 13:40:00,134.9,134.35,135.0,134.15,3842165.599999999,28553,2025-10-02 13:49:59
2025-10-02 13:50:00,134.35,134.4,134.55,134.3,388711.35,2891,2025-10-02 13:59:59
2025-10-02 14:00:00,134.5,134.45,134.65,134.35,902733.3999999999,6712,2025-10-02 14:09:59
2025-10-02 14:10:00,134.45,134.7,134.75,134.2,3919678.9499999997,29145,2025-10-02 14:19:59
2025-10-02 14:20:00,134.7,134.35,134.75,134.35,631618.8999999999,4694,2025-10-02 14:29:59
2025-10-02 14:30:00,134.35,134.65,134.7,134.35,457022.9000000001,3396,2025-10-02 14:39:59
2025-10-02 14:40:00,134.65,134.95,135.1,134.65,1355840.5499999998,10048,2025-10-02 14:49:59
2025-10-02 14:50:00,135.1,135.4,135.55,135.0,1831667.1999999997,13536,2025-10-02 14:59:59
2025-10-02 15:00:00,135.45,135.25,135.5,135.0,3410514.4499999997,25213,2025-10-02 15:09:59
2025-10-02 15:10:00,135.15,135.15,135.25,135.0,182407.05000000002,1350,2025-10-02 15:19:59
2025-10-02 15:20:00,135.15,135.2,135.25,135.05,602613.4,4457,2025-10-02 15:29:59
2025-10-02 15:30:00,135.15,134.9,135.2,134.85,2779860.4,20600,2025-10-02 15:39:59
2025-10-02 15:40:00,134.9,135.05,135.2,134.9,1806808.65,13381,2025-10-02 15:49:59
2025-10-02 15:50:00,135.05,134.9,135.2,134.75,1677466.0999999999,12431,2025-10-02 15:59:59
2025-10-02 16:00:00,134.8,135.0,135.0,134.75,913639.3000000002,6774,2025-10-02 16:09:59
2025-10-02 16:10:00,134.9,134.9,135.0,134.8,252106.15,1869,2025-10-02 16:19:59
2025-10-02 16:20:00,135.0,134.8,135.0,134.75,884340.7,6558,2025-10-02 16:29:59
2025-10-02 16:30:00,134.8,135.0,135.15,134.7,1989795.4499999997,14744,2025-10-02 16:39:59
2025-10-02 16:40:00,135.0,135.0,135.1,135.0,431318.55000000005,3194,2025-10-02 16:49:59
2025-10-02 16:50:00,135.0,134.6,135.0,134.6,3131860.55,23247,2025-10-02 16:59:59
2025-10-02 17:00:00,134.7,135.1,135.1,134.7,1191596.1,8831,2025-10-02 17:09:59
2025-10-02 17:10:00,134.95,135.25,135.35,134.9,1091830.1999999997,8080,2025-10-02 17:19:59
2025-10-02 17:20:00,135.25,135.2,135.25,134.95,3144991.0000000005,23291,2025-10-02 17:29:59
2025-10-02 17:30:00,135.1,135.05,135.25,134.95,1280129.5499999998,9476,2025-10-02 17:39:59
2025-10-02 17:40:00,135.0,135.15,135.25,134.85,840075.2999999999,6219,2025-10-02 17:49:59
2025-10-02 17:50:00,135.1,135.0,135.2,134.75,1636377.5,12125,2025-10-02 17:59:59
2025-10-02 18:00:00,134.85,134.9,135.05,134.85,229882.15,1704,2025-10-02 18:09:59
2025-10-02 18:10:00,134.85,134.55,135.05,134.55,1877153.75,13923,2025-10-02 18:19:59
2025-10-02 18:20:00,134.55,134.6,134.8,134.5,686531.1000000001,5101,2025-10-02 18:29:59
2025-10-02 18:30:00,134.6,134.65,134.65,134.45,1963891.0,14602,2025-10-02 18:39:59
2025-10-02 18:40:00,134.5,134.5,134.5,134.5,688371.0,5118,2025-10-02 18:47:04
2025-10-02 19:00:00,134.5,134.75,134.85,134.5,1381850.2999999998,10255,2025-10-02 19:09:59
2025-10-02 19:10:00,134.75,134.45,134.8,134.45,580796.8499999999,4317,2025-10-02 19:19:59
2025-10-02 19:20:00,134.65,134.95,134.95,134.65,1003586.3999999999,7445,2025-10-02 19:29:59
2025-10-02 19:30:00,134.95,134.95,134.95,134.8,957416.1999999998,7095,2025-10-02 19:39:59
2025-10-02 19:40:00,134.95,134.95,134.95,134.85,134739.8,999,2025-10-02 19:49:59
2025-10-02 19:50:00,134.95,134.8,134.95,134.8,70271.95,521,2025-10-02 19:59:59
2025-10-02 20:00:00,134.95,134.85,134.95,134.75,184794.59999999998,1370,2025-10-02 20:09:59
2025-10-02 20:10:00,134.85,134.9,134.95,134.8,309453.25000000006,2294,2025-10-02 20:19:59
2025-10-02 20:20:00,134.9,134.7,134.9,134.4,4593334.45,34124,2025-10-02 20:29:59
2025-10-02 20:30:00,134.7,134.85,134.85,134.7,144875.2,1075,2025-10-02 20:39:59
2025-10-02 20:40:00,134.8,134.85,134.85,134.75,492734.8,3654,2025-10-02 20:49:59
2025-10-02 20:50:00,134.85,134.95,134.95,134.8,1764387.4,13080,2025-10-02 20:59:59
2025-10-02 21:00:00,134.85,134.45,134.95,134.45,2407683.8499999996,17883,2025-10-02 21:09:59
2025-10-02 21:10:00,134.5,134.7,134.95,134.45,2835344.4000000004,21050,2025-10-02 21:19:59
2025-10-02 21:20:00,134.85,134.65,134.85,134.55,350697.85000000003,2605,2025-10-02 21:29:59
2025-10-02 21:30:00,134.65,134.5,134.65,134.4,589345.3500000001,4383,2025-10-02 21:39:59
2025-10-02 21:40:00,134.6,134.7,134.75,134.5,1338272.35,9941,2025-10-02 21:49:59
2025-10-02 21:50:00,134.65,134.4,134.7,134.1,2261087.100000025,16828,2025-10-02 21:59:59
2025-10-02 22:00:00,134.4,134.45,134.6,134.4,431614.19999999995,3209,2025-10-02 22:09:59
2025-10-02 22:10:00,134.55,134.8,134.8,134.55,773682.3000000002,5745,2025-10-02 22:19:59
2025-10-02 22:20:00,134.8,134.7,134.9,134.7,501416.45,3718,2025-10-02 22:29:59
2025-10-02 22:30:00,134.7,134.65,134.8,134.5,335922.00000000006,2495,2025-10-02 22:39:59
2025-10-02 22:40:00,134.65,134.9,135.0,134.6,1231281.65,9131,2025-10-02 22:49:59
2025-10-02 22:50:00,134.95,134.6,135.05,134.6,2276645.0,16896,2025-10-02 22:59:59
2025-10-02 23:00:00,134.75,134.9,134.9,134.75,61244.450000000004,454,2025-10-02 23:09:59
2025-10-02 23:10:00,134.8,134.75,134.9,134.6,310533.15,2305,2025-10-02 23:19:59
2025-10-02 23:20:00,134.75,134.6,134.75,134.5,118190.30000000002,878,2025-10-02 23:29:59
2025-10-02 23:30:00,134.5,134.5,134.6,134.3,629100.1,4679,2025-10-02 23:39:59
2025-10-02 23:40:00,134.5,134.6,134.65,134.2,437108.69999999995,3254,2025-10-02 23:48:09
2025-10-03 06:50:00,135.0,135.0,135.0,135.0,3375.0,25,2025-10-03 06:59:59
2025-10-03 07:00:00,135.0,134.85,135.0,134.35,309500.1,2300,2025-10-03 07:09:59
2025-10-03 07:10:00,134.85,135.0,135.0,134.8,114003.95000000001,845,2025-10-03 07:19:59
2025-10-03 07:20:00,135.0,134.95,135.0,134.85,25899.699999999997,192,2025-10-03 07:29:59
2025-10-03 07:30:00,134.85,135.05,135.05,134.85,576989.1,4274,2025-10-03 07:39:59
2025-10-03 07:40:00,135.05,135.0,135.05,134.9,182641.9,1353,2025-10-03 07:49:59
2025-10-03 07:50:00,134.9,135.05,135.05,134.9,38483.15,285,2025-10-03 07:59:59
2025-10-03 08:00:00,135.05,135.1,135.2,134.95,753608.3500000001,5578,2025-10-03 08:09:59
2025-10-03 08:10:00,135.15,135.05,135.15,134.95,186018.15000000002,1378,2025-10-03 08:19:59
2025-10-03 08:20:00,135.05,135.05,135.05,135.0,138966.30000000002,1029,2025-10-03 08:29:59
2025-10-03 08:30:00,135.0,135.0,135.05,134.95,102063.6,756,2025-10-03 08:39:59
2025-10-03 08:40:00,135.0,135.0,135.0,135.0,907335.0,6721,2025-10-03 08:49:59
2025-10-03 08:50:00,135.0,135.0,135.05,134.95,290090.8,2149,2025-10-03 08:59:59
2025-10-03 09:00:00,135.05,135.1,135.1,135.0,327861.7,2428,2025-10-03 09:09:59
2025-10-03 09:10:00,135.1,135.05,135.15,135.0,356990.25,2642,2025-10-03 09:19:59
2025-10-03 09:20:00,135.2,134.85,135.2,134.85,1526609.0,11309,2025-10-03 09:29:59
2025-10-03 09:30:00,134.9,135.0,135.0,134.8,509137.4,3775,2025-10-03 09:39:59
2025-10-03 09:40:00,135.0,135.3,135.3,134.9,810176.45,5992,2025-10-03 09:49:59
2025-10-03 09:50:00,135.15,135.1,135.25,135.05,81760.3,605,2025-10-03 09:59:59
2025-10-03 10:00:00,135.1,135.25,135.4,135.05,1305539.3,9655,2025-10-03 10:09:59
2025-10-03 10:10:00,135.25,135.15,135.25,135.1,320453.7,2371,2025-10-03 10:19:59
2025-10-03 10:20:00,135.25,135.25,135.25,135.1,89783.3,664,2025-10-03 10:29:59
2025-10-03 10:30:00,135.2,135.25,135.35,135.15,949125.0500000002,7016,2025-10-03 10:39:59
2025-10-03 10:40:00,135.25,135.3,135.3,135.2,652586.3000000002,4824,2025-10-03 10:49:59
2025-10-03 10:50:00,135.3,135.25,135.5,135.2,2556701.0,18887,2025-10-03 10:59:59
2025-10-03 11:00:00,135.3,135.2,135.3,135.2,220779.7,1632,2025-10-03 11:09:59
2025-10-03 11:10:00,135.2,135.55,135.6,135.15,5066919.15,37405,2025-10-03 11:19:59
2025-10-03 11:20:00,135.5,135.35,135.55,135.25,1004394.8,7420,2025-10-03 11:29:59
2025-10-03 11:30:00,135.3,135.5,135.5,135.3,1241754.7999999998,9169,2025-10-03 11:39:59
2025-10-03 11:40:00,135.5,135.45,135.5,135.4,641167.6,4735,2025-10-03 11:49:59
2025-10-03 11:50:00,135.45,135.35,135.45,135.25,720633.7999999999,5326,2025-10-03 11:59:59
2025-10-03 12:00:00,135.25,135.15,135.35,134.95,5524050.700000001,40897,2025-10-03 12:09:59
2025-10-03 12:10:00,135.15,134.85,135.15,134.7,987311.5,7321,2025-10-03 12:19:59
2025-10-03 12:20:00,134.85,134.75,134.85,134.7,399741.0,2967,2025-10-03 12:29:59
2025-10-03 12:30:00,134.7,134.65,134.75,134.5,552847.65,4108,2025-10-03 12:39:59
2025-10-03 12:40:00,134.7,133.75,134.7,133.65,8177137.950000001,60956,2025-10-03 12:49:59
2025-10-03 12:50:00,133.75,133.3,133.85,133.3,5632515.6,42161,2025-10-03 12:59:59
2025-10-03 13:00:00,133.25,133.5,133.6,133.25,4386811.25,32888,2025-10-03 13:09:59
2025-10-03 13:10:00,133.5,133.95,134.0,133.35,4331870.2,32357,2025-10-03 13:19:59
2025-10-03 13:20:00,133.9,133.9,133.9,133.65,558580.7,4177,2025-10-03 13:29:59
2025-10-03 13:30:00,133.9,133.9,133.95,133.7,900410.15,6731,2025-10-03 13:39:59
2025-10-03 13:40:00,133.95,133.65,134.0,133.65,1630327.8,12182,2025-10-03 13:49:59
2025-10-03 13:50:00,133.75,133.9,133.9,133.55,586364.65,4386,2025-10-03 13:59:59
2025-10-03 14:00:00,133.9,133.45,133.9,133.3,3702477.6000000015,27741,2025-10-03 14:09:59
2025-10-03 14:10:00,133.45,133.85,133.9,133.3,2842722.55,21280,2025-10-03 14:19:59
2025-10-03 14:20:00,133.85,133.95,134.0,133.6,3446804.8500000006,25741,2025-10-03 14:29:59
2025-10-03 14:30:00,133.95,133.9,133.95,133.75,269671.3,2015,2025-10-03 14:39:59
2025-10-03 14:40:00,133.85,133.75,133.9,133.75,341831.1,2555,2025-10-03 14:49:59
2025-10-03 14:50:00,133.75,133.8,133.95,133.75,896770.0,6699,2025-10-03 14:59:59
2025-10-03 15:00:00,133.8,133.9,133.95,133.7,1657707.9500000002,12384,2025-10-03 15:09:59
2025-10-03 15:10:00,133.9,133.75,133.9,133.7,246563.85000000006,1843,2025-10-03 15:19:59
2025-10-03 15:20:00,133.75,133.9,133.95,133.7,672871.2,5029,2025-10-03 15:29:59
2025-10-03 15:30:00,133.9,133.7,134.0,133.7,1330147.2000000002,9944,2025-10-03 15:39:59
2025-10-03 15:40:00,133.7,133.5,133.85,133.5,1373775.4999999998,10279,2025-10-03 15:49:59
2025-10-03 15:50:00,133.55,133.7,133.85,133.55,544655.75,4074,2025-10-03 15:59:59
2025-10-03 16:00:00,133.7,133.6,133.7,133.55,1053938.8499999999,7883,2025-10-03 16:09:59
2025-10-03 16:10:00,133.65,133.7,133.7,133.3,1504414.4500000004,11277,2025-10-03 16:19:59
2025-10-03 16:20:00,133.7,133.45,133.8,133.35,2184593.0500000003,16372,2025-10-03 16:29:59
2025-10-03 16:30:00,133.35,134.05,134.05,133.15,5175317.25,38717,2025-10-03 16:39:59
2025-10-03 16:40:00,134.05,134.25,134.55,134.0,12438824.800000004,92604,2025-10-03 16:49:59
2025-10-03 16:50:00,134.25,134.2,134.45,134.0,3458399.9,25759,2025-10-03 16:59:59
2025-10-03 17:00:00,134.1,134.0,134.1,133.75,1545411.9499999997,11537,2025-10-03 17:09:59
2025-10-03 17:10:00,133.95,134.5,134.95,133.8,9916589.449999997,73806,2025-10-03 17:19:59
2025-10-03 17:20:00,134.5,135.2,136.1,134.5,29431515.500000004,217168,2025-10-03 17:29:59
2025-10-03 17:30:00,135.2,135.15,135.45,135.0,6087066.3,45014,2025-10-03 17:39:59
2025-10-03 17:40:00,135.25,135.2,135.4,135.05,1676600.1500000001,12397,2025-10-03 17:49:59
2025-10-03 17:50:00,135.25,135.15,135.3,135.05,947901.2,7012,2025-10-03 17:59:59
2025-10-03 18:00:00,135.05,135.0,135.15,135.0,1418929.9,10509,2025-10-03 18:09:59
2025-10-03 18:10:00,135.05,135.1,135.15,135.0,606435.8999999998,4489,2025-10-03 18:19:59
2025-10-03 18:20:00,135.1,134.8,135.1,134.75,1885200.1500000004,13981,2025-10-03 18:29:59
2025-10-03 18:30:00,134.85,134.75,135.05,134.65,1855858.0500000003,13768,2025-10-03 18:39:59
2025-10-03 18:40:00,134.6,134.6,134.6,134.6,74972.2,557,2025-10-03 18:49:08
2025-10-03 19:00:00,134.75,134.55,134.95,134.55,941894.3,6995,2025-10-03 19:09:59
2025-10-03 19:10:00,134.55,134.35,134.65,134.35,1194704.1,8881,2025-10-03 19:19:59
2025-10-03 19:20:00,134.35,134.4,134.45,134.05,846930.5499999998,6310,2025-10-03 19:29:59
2025-10-03 19:30:00,134.3,133.55,134.4,133.4,5270493.15,39422,2025-10-03 19:39:59
2025-10-03 19:40:00,133.55,133.95,134.1,133.5,2110045.45,15770,2025-10-03 19:49:59
2025-10-03 19:50:00,134.05,134.0,134.05,133.7,3133386.3,23404,2025-10-03 19:59:59
2025-10-03 20:00:00,134.0,134.25,134.25,133.95,1062497.1500000004,7926,2025-10-03 20:09:59
2025-10-03 20:10:00,134.25,134.2,134.25,134.1,339613.4,2530,2025-10-03 20:19:59
2025-10-03 20:20:00,134.2,133.95,134.2,133.9,175270.35000000003,1308,2025-10-03 20:29:59
2025-10-03 20:30:00,133.95,134.35,134.4,133.9,2057414.3499999996,15329,2025-10-03 20:39:59
2025-10-03 20:40:00,134.35,134.0,134.35,134.0,927428.7,6918,2025-10-03 20:49:59
2025-10-03 20:50:00,134.0,133.8,134.1,133.75,1210453.0000000002,9042,2025-10-03 20:59:59
2025-10-03 21:00:00,134.0,133.9,134.0,133.75,585915.3,4376,2025-10-03 21:09:59
2025-10-03 21:10:00,133.9,134.0,134.2,133.85,798907.75,5963,2025-10-03 21:19:59
2025-10-03 21:20:00,134.0,134.1,134.15,133.9,446616.5,3334,2025-10-03 21:29:59
2025-10-03 21:30:00,134.1,134.1,134.3,133.9,758286.7,5651,2025-10-03 21:39:59
2025-10-03 21:40:00,134.1,134.15,134.25,133.8,1163080.9499999997,8683,2025-10-03 21:49:59
2025-10-03 21:50:00,134.15,134.1,134.15,133.9,79103.05000000002,590,2025-10-03 21:59:59
2025-10-03 22:00:00,134.1,134.0,134.15,133.9,149613.2,1116,2025-10-03 22:09:59
2025-10-03 22:10:00,134.0,134.2,134.3,133.8,1837874.45,13705,2025-10-03 22:19:59
2025-10-03 22:20:00,134.2,134.2,134.3,134.05,73914.95000000001,551,2025-10-03 22:29:59
2025-10-03 22:30:00,134.2,134.1,134.25,134.05,255541.15,1906,2025-10-03 22:39:59
2025-10-03 22:40:00,134.1,134.1,134.25,134.1,71649.35,534,2025-10-03 22:49:59
2025-10-03 22:50:00,134.05,134.1,134.1,134.0,105876.10000000002,790,2025-10-03 22:59:59
2025-10-03 23:00:00,134.1,134.1,134.1,134.0,40363.7,301,2025-10-03 23:09:59
2025-10-03 23:10:00,134.1,134.1,134.1,134.0,94235.84999999999,703,2025-10-03 23:19:59
2025-10-03 23:20:00,134.1,133.75,134.1,133.7,2163816.8,16175,2025-10-03 23:29:59
2025-10-03 23:30:00,133.75,133.75,133.95,133.75,705515.0,5274,2025-10-03 23:39:59
2025-10-03 23:40:00,133.8,133.25,133.95,133.25,2879785.4499999993,21564,2025-10-03 23:49:59
2025-10-04 09:50:00,133.55,133.55,133.55,133.55,129543.50000000001,970,2025-10-04 09:59:59
2025-10-04 10:00:00,134.15,133.7,134.15,133.5,1720214.3000000003,12870,2025-10-04 10:09:59
2025-10-04 10:10:00,133.7,133.65,133.8,133.5,401301.99999999994,3004,2025-10-04 10:19:59
2025-10-04 10:20:00,133.5,133.75,133.75,133.45,526170.4500000001,3937,2025-10-04 10:29:59
2025-10-04 10:30:00,133.75,133.4,133.75,133.4,671083.8499999999,5024,2025-10-04 10:39:59
2025-10-04 10:40:00,133.4,133.1,133.5,132.95,2846918.4,21377,2025-10-04 10:49:59
2025-10-04 10:50:00,133.3,133.05,133.3,133.05,264326.3,1985,2025-10-04 10:59:59
2025-10-04 11:00:00,133.05,133.15,133.2,132.9,2029204.0499999998,15258,2025-10-04 11:09:59
2025-10-04 11:10:00,133.15,133.1,133.2,133.0,422526.35,3174,2025-10-04 11:19:59
2025-10-04 11:20:00,133.1,133.2,133.2,133.05,160963.20000000004,1209,2025-10-04 11:29:59
2025-10-04 11:30:00,133.2,133.25,133.35,133.1,411270.5,3087,2025-10-04 11:39:59
2025-10-04 11:40:00,133.25,133.45,133.5,133.25,689187.2999999999,5168,2025-10-04 11:49:59
2025-10-04 11:50:00,133.45,133.1,133.5,132.85,2486389.95,18680,2025-10-04 11:59:59
2025-10-04 12:00:00,132.85,133.0,133.1,132.75,751992.25,5662,2025-10-04 12:09:59
2025-10-04 12:10:00,132.9,132.5,133.0,132.5,4424836.9,33376,2025-10-04 12:19:59
2025-10-04 12:20:00,132.55,132.55,132.75,132.45,1371061.8,10340,2025-10-04 12:29:59
2025-10-04 12:30:00,132.55,132.5,132.55,132.2,1040862.9999999998,7864,2025-10-04 12:39:59
2025-10-04 12:40:00,132.35,132.5,132.55,132.1,1993917.8499999999,15073,2025-10-04 12:49:59
2025-10-04 12:50:00,132.3,132.35,132.55,132.15,763964.9000000001,5772,2025-10-04 12:59:59
2025-10-04 13:00:00,132.35,132.1,132.4,131.65,8443091.099999998,64030,2025-10-04 13:09:59
2025-10-04 13:10:00,132.1,132.25,132.3,131.85,1115525.6499999997,8443,2025-10-04 13:19:59
2025-10-04 13:20:00,132.25,132.1,132.25,131.75,2465955.7,18679,2025-10-04 13:29:59
2025-10-04 13:30:00,132.1,131.65,132.35,131.4,5381496.100000001,40888,2025-10-04 13:39:59
2025-10-04 13:40:00,131.7,131.45,131.7,130.75,7255635.000000002,55310,2025-10-04 13:49:59
2025-10-04 13:50:00,131.4,132.05,132.15,131.2,6246334.1499999985,47385,2025-10-04 13:59:59
2025-10-04 14:00:00,132.05,131.95,132.1,131.6,1516462.0,11502,2025-10-04 14:09:59
2025-10-04 14:10:00,131.9,132.05,132.2,131.8,625369.55,4738,2025-10-04 14:19:59
2025-10-04 14:20:00,132.05,132.0,132.3,131.95,800346.05,6057,2025-10-04 14:29:59
2025-10-04 14:30:00,131.95,131.95,132.0,131.8,671643.5,5090,2025-10-04 14:39:59
2025-10-04 14:40:00,132.0,132.3,132.4,131.85,1113128.7999999998,8428,2025-10-04 14:49:59
2025-10-04 14:50:00,132.1,132.35,132.45,132.05,419756.65,3172,2025-10-04 14:59:59
2025-10-04 15:00:00,132.45,132.6,132.6,132.35,599197.9,4522,2025-10-04 15:09:59
2025-10-04 15:10:00,132.6,132.25,132.6,132.25,1132574.7999999996,8558,2025-10-04 15:19:59
2025-10-04 15:20:00,132.25,132.25,132.45,132.25,220860.25,1668,2025-10-04 15:29:59
2025-10-04 15:30:00,132.45,132.25,132.45,132.2,637953.05,4823,2025-10-04 15:39:59
2025-10-04 15:40:00,132.2,132.5,132.55,132.2,1156486.1,8733,2025-10-04 15:49:59
2025-10-04 15:50:00,132.5,132.5,132.5,132.3,180228.75,1361,2025-10-04 15:59:59
2025-10-04 16:00:00,132.5,132.5,132.5,132.4,310971.95,2347,2025-10-04 16:09:59
2025-10-04 16:10:00,132.5,132.0,132.55,131.85,4473134.75,33860,2025-10-04 16:19:59
2025-10-04 16:20:00,132.0,132.05,132.2,132.0,145393.6,1101,2025-10-04 16:29:59
2025-10-04 16:30:00,132.0,132.25,132.25,132.0,346127.1000000001,2620,2025-10-04 16:39:59
2025-10-04 16:40:00,132.25,132.05,132.25,132.0,187640.55,1419,2025-10-04 16:49:59
2025-10-04 16:50:00,132.25,132.2,132.3,132.0,460801.9,3488,2025-10-04 16:59:59
2025-10-04 17:00:00,132.2,132.0,132.25,132.0,208876.05,1582,2025-10-04 17:09:59
2025-10-04 17:10:00,132.0,132.2,132.3,132.0,517458.89999999997,3914,2025-10-04 17:19:59
2025-10-04 17:20:00,132.2,132.2,132.2,132.05,54321.75,411,2025-10-04 17:29:59
2025-10-04 17:30:00,132.05,132.1,132.2,131.95,477457.15,3616,2025-10-04 17:39:59
2025-10-04 17:40:00,132.0,132.0,132.1,131.8,467199.9499999999,3542,2025-10-04 17:49:59
2025-10-04 17:50:00,132.0,132.0,132.2,131.9,214829.5,1627,2025-10-04 17:59:59
2025-10-04 18:00:00,132.0,132.1,132.15,131.8,555174.2999999997,4207,2025-10-04 18:09:59
2025-10-04 18:10:00,132.1,132.25,132.25,131.8,477569.8,3618,2025-10-04 18:19:59
2025-10-04 18:20:00,132.25,132.15,132.25,132.0,302162.4,2286,2025-10-04 18:29:59
2025-10-04 18:30:00,132.0,132.2,132.25,132.0,256381.1,1941,2025-10-04 18:39:59
2025-10-04 18:40:00,132.0,131.95,132.2,131.95,233467.60000000003,1768,2025-10-04 18:49:59
2025-10-04 18:50:00,131.95,132.2,132.2,131.95,51811.899999999994,392,2025-10-04 18:59:01
2025-10-05 09:50:00,132.2,132.2,132.2,132.2,33446.6,253,2025-10-05 09:59:59
2025-10-05 10:00:00,132.45,132.25,132.7,131.95,281654.25,2129,2025-10-05 10:09:59
2025-10-05 10:10:00,132.25,132.05,132.25,131.8,591228.2000000001,4481,2025-10-05 10:19:59
2025-10-05 10:20:00,132.05,132.2,132.2,131.8,532612.4,4033,2025-10-05 10:29:59
2025-10-05 10:30:00,132.2,132.15,132.2,131.8,804151.4500000001,6094,2025-10-05 10:39:59
2025-10-05 10:40:00,132.15,132.2,132.2,132.0,112455.54999999999,851,2025-10-05 10:49:59
2025-10-05 10:50:00,132.15,132.25,132.25,132.15,19833.0,150,2025-10-05 10:59:59
2025-10-05 11:00:00,132.25,132.35,132.35,132.15,367492.45,2778,2025-10-05 11:09:59
2025-10-05 11:10:00,132.35,132.35,132.35,132.3,173903.59999999998,1314,2025-10-05 11:19:59
2025-10-05 11:20:00,132.35,132.3,132.4,132.3,51094.3,386,2025-10-05 11:29:59
2025-10-05 11:30:00,132.4,132.5,132.5,132.35,83184.45,628,2025-10-05 11:39:59
2025-10-05 11:40:00,132.5,132.5,132.5,132.45,69286.75,523,2025-10-05 11:49:59
2025-10-05 11:50:00,132.5,132.5,132.5,132.45,12982.5,98,2025-10-05 11:59:59
2025-10-05 12:00:00,132.5,132.45,132.5,132.45,136469.65000000002,1030,2025-10-05 12:09:59
2025-10-05 12:10:00,132.5,132.5,132.5,132.45,65320.35,493,2025-10-05 12:19:59
2025-10-05 12:20:00,132.5,132.5,132.5,132.5,14177.5,107,2025-10-05 12:29:59
2025-10-05 12:30:00,132.45,132.3,132.5,132.15,484531.2000000001,3662,2025-10-05 12:39:59
2025-10-05 12:40:00,132.3,132.45,132.45,132.15,41278.95000000001,312,2025-10-05 12:49:59
2025-10-05 12:50:00,132.35,132.4,132.45,132.3,58374.50000000001,441,2025-10-05 12:59:59
2025-10-05 13:00:00,132.45,132.4,132.45,132.3,137297.95,1037,2025-10-05 13:09:59
2025-10-05 13:10:00,132.45,132.5,132.5,132.4,61062.95,461,2025-10-05 13:19:59
2025-10-05 13:20:00,132.4,132.45,132.5,132.3,108389.35,819,2025-10-05 13:29:59
2025-10-05 13:30:00,132.45,132.4,132.45,132.3,119419.8,902,2025-10-05 13:39:59
2025-10-05 13:40:00,132.45,132.4,132.45,132.3,26611.900000000005,201,2025-10-05 13:49:59
2025-10-05 13:50:00,132.4,132.4,132.4,132.35,111348.2,841,2025-10-05 13:59:59
2025-10-05 14:00:00,132.4,132.4,132.4,132.35,54413.899999999994,411,2025-10-05 14:09:59
2025-10-05 14:10:00,132.4,132.4,132.4,132.4,50312.0,380,2025-10-05 14:19:59
2025-10-05 14:20:00,132.4,132.45,132.5,132.35,176515.34999999998,1333,2025-10-05 14:29:59
2025-10-05 14:30:00,132.5,132.5,132.5,132.45,488791.75,3689,2025-10-05 14:39:59
2025-10-05 14:40:00,132.55,132.55,132.55,132.55,285380.15,2153,2025-10-05 14:49:59
2025-10-05 14:50:00,132.55,132.6,132.6,132.55,204804.0,1545,2025-10-05 14:59:59
2025-10-05 15:00:00,132.55,132.55,132.55,132.5,90378.54999999999,682,2025-10-05 15:09:59
2025-10-05 15:10:00,132.55,132.6,132.6,132.5,45206.350000000006,341,2025-10-05 15:19:59
2025-10-05 15:20:00,132.6,132.6,132.6,132.6,99980.40000000001,754,2025-10-05 15:29:59
2025-10-05 15:30:00,132.6,132.55,132.6,132.5,192834.19999999998,1455,2025-10-05 15:39:59
2025-10-05 15:40:00,132.55,132.55,132.55,132.5,40560.00000000001,306,2025-10-05 15:49:59
2025-10-05 15:50:00,132.55,132.55,132.55,132.5,54080.3,408,2025-10-05 15:59:59
2025-10-05 16:00:00,132.55,132.65,132.65,132.55,13394.849999999999,101,2025-10-05 16:09:59
2025-10-05 16:10:00,132.65,132.7,132.8,132.6,127935.15000000002,964,2025-10-05 16:19:59
2025-10-05 16:20:00,132.6,132.7,132.7,132.55,576381.3999999999,4347,2025-10-05 16:29:59
2025-10-05 16:30:00,132.7,132.7,132.7,132.55,144005.10000000003,1086,2025-10-05 16:39:59
2025-10-05 16:40:00,132.7,132.75,132.75,132.55,40076.2,302,2025-10-05 16:49:59
2025-10-05 16:50:00,132.75,132.75,132.75,132.5,144351.0,1089,2025-10-05 16:59:59
2025-10-05 17:00:00,132.75,132.75,132.75,132.6,53863.1,406,2025-10-05 17:09:59
2025-10-05 17:10:00,132.6,132.75,132.75,132.6,22430.45,169,2025-10-05 17:19:59
2025-10-05 17:20:00,132.75,132.65,132.75,132.6,180689.0,1362,2025-10-05 17:29:59
2025-10-05 17:30:00,132.65,132.75,132.75,132.6,256394.15,1932,2025-10-05 17:39:59
2025-10-05 17:40:00,132.75,132.9,132.9,132.7,435602.0999999995,3280,2025-10-05 17:49:59
2025-10-05 17:50:00,132.9,132.85,132.9,132.85,439215.8,3306,2025-10-05 17:59:06
2025-10-05 18:00:00,132.85,133.05,133.1,132.8,877422.4,6600,2025-10-05 18:09:59
2025-10-05 18:10:00,132.95,133.05,133.1,132.95,339122.39999999997,2548,2025-10-05 18:19:59
2025-10-05 18:20:00,133.0,133.05,133.05,133.0,32728.799999999992,246,2025-10-05 18:29:59
2025-10-05 18:30:00,133.05,133.1,133.1,132.8,1058298.65,7956,2025-10-05 18:39:59
2025-10-05 18:40:00,133.0,133.1,133.1,132.95,317220.14999999997,2384,2025-10-05 18:49:59
2025-10-05 18:50:00,133.1,133.15,133.15,133.0,2754784.250000001,20697,2025-10-05 18:59:59
2025-10-06 06:50:00,133.3,133.3,133.3,133.3,173556.6,1302,2025-10-06 06:59:59
2025-10-06 07:00:00,133.4,133.8,134.1,133.35,1164023.65,8694,2025-10-06 07:09:59
2025-10-06 07:10:00,133.65,133.9,133.9,133.5,339400.5,2540,2025-10-06 07:19:59
2025-10-06 07:20:00,133.9,134.05,134.1,133.9,877383.4,6549,2025-10-06 07:29:59
2025-10-06 07:30:00,134.0,134.1,134.25,134.0,1200565.6,8951,2025-10-06 07:39:59
2025-10-06 07:40:00,134.1,134.3,134.3,134.1,905057.75,6744,2025-10-06 07:49:59
2025-10-06 07:50:00,134.3,134.3,134.35,134.3,940715.2000000001,7004,2025-10-06 07:59:59
2025-10-06 08:00:00,134.35,134.5,134.85,134.35,2361804.100000001,17535,2025-10-06 08:09:59
2025-10-06 08:10:00,134.5,134.45,134.5,134.25,1909938.0000000002,14214,2025-10-06 08:19:59
2025-10-06 08:20:00,134.45,134.5,134.5,134.45,230586.79999999996,1715,2025-10-06 08:29:59
2025-10-06 08:30:00,134.5,134.5,134.5,134.35,462823.0,3442,2025-10-06 08:39:59
2025-10-06 08:40:00,134.4,134.45,134.6,134.35,755688.0499999997,5619,2025-10-06 08:49:59
2025-10-06 08:50:00,134.45,134.35,134.5,134.35,453416.25000000006,3373,2025-10-06 08:59:59
2025-10-06 09:00:00,134.45,134.15,134.45,134.15,1004076.8999999999,7480,2025-10-06 09:09:59
2025-10-06 09:10:00,134.2,134.15,134.4,134.15,1131328.6,8431,2025-10-06 09:19:59
2025-10-06 09:20:00,134.3,134.2,134.35,134.2,623118.7999999999,4642,2025-10-06 09:29:59
2025-10-06 09:30:00,134.35,134.3,134.35,134.1,621355.1,4632,2025-10-06 09:39:59
2025-10-06 09:40:00,134.25,134.25,134.25,134.05,694627.8000000002,5179,2025-10-06 09:49:59
2025-10-06 09:50:00,134.25,134.3,134.3,134.1,266346.5,1985,2025-10-06 09:59:59
2025-10-06 10:00:00,134.3,135.1,135.2,134.2,6735479.25,50027,2025-10-06 10:09:59
2025-10-06 10:10:00,135.1,135.4,135.4,134.95,2735802.55,20246,2025-10-06 10:19:59
2025-10-06 10:20:00,135.45,135.5,135.55,135.0,6498983.900000002,48024,2025-10-06 10:29:59
2025-10-06 10:30:00,135.5,135.6,135.75,135.2,2099518.85,15499,2025-10-06 10:39:59
2025-10-06 10:40:00,135.6,135.65,136.1,135.25,9406600.849999996,69247,2025-10-06 10:49:59
2025-10-06 10:50:00,135.65,135.85,135.9,135.65,2590548.9,19080,2025-10-06 10:59:59
2025-10-06 11:00:00,135.9,136.15,136.2,135.75,3151042.7,23168,2025-10-06 11:09:59
2025-10-06 11:10:00,136.15,135.9,136.35,135.8,2760768.6999999997,20282,2025-10-06 11:19:59
2025-10-06 11:20:00,135.9,135.8,135.9,135.75,1168515.9000000001,8602,2025-10-06 11:29:59
2025-10-06 11:30:00,135.9,135.9,135.95,135.75,1030643.6000000003,7585,2025-10-06 11:39:59
2025-10-06 11:40:00,135.85,135.85,135.95,135.75,606505.5499999998,4463,2025-10-06 11:49:59
2025-10-06 11:50:00,135.75,135.8,135.95,135.65,606178.5000000001,4463,2025-10-06 11:59:59
2025-10-06 12:00:00,135.8,136.0,136.05,135.8,1031625.7499999999,7589,2025-10-06 12:09:59
2025-10-06 12:10:00,136.0,136.0,136.2,135.8,5266738.450000001,38694,2025-10-06 12:19:59
2025-10-06 12:20:00,136.0,136.0,136.15,135.9,1932894.6,14210,2025-10-06 12:29:59
2025-10-06 12:30:00,136.05,135.85,136.1,135.85,1225190.1,9010,2025-10-06 12:39:59
2025-10-06 12:40:00,135.95,136.35,136.55,135.85,24058072.450000007,176554,2025-10-06 12:49:59
2025-10-06 12:50:00,136.35,136.45,136.65,136.15,2482475.5999999996,18192,2025-10-06 12:59:59
2025-10-06 13:00:00,136.6,136.4,136.6,136.2,2308984.65,16928,2025-10-06 13:09:59
2025-10-06 13:10:00,136.4,136.5,136.8,136.25,3252198.35,23811,2025-10-06 13:19:59
2025-10-06 13:20:00,136.55,136.95,137.0,136.5,6146034.3,44942,2025-10-06 13:29:59
2025-10-06 13:30:00,136.95,136.75,137.0,136.7,1427103.8500000003,10430,2025-10-06 13:39:59
2025-10-06 13:40:00,136.75,136.45,136.8,136.15,1811179.1,13275,2025-10-06 13:49:59
2025-10-06 13:50:00,136.45,136.5,136.5,136.15,1726609.15,12671,2025-10-06 13:59:03
2025-10-06 14:00:00,136.5,136.3,136.65,136.0,6840314.000000002,50187,2025-10-06 14:09:59
2025-10-06 14:10:00,136.4,136.15,136.4,136.1,1190297.85,8739,2025-10-06 14:19:59
2025-10-06 14:20:00,136.15,135.75,136.15,135.7,2862029.1000000006,21061,2025-10-06 14:29:59
2025-10-06 14:30:00,135.75,135.75,135.9,135.65,1071134.6,7887,2025-10-06 14:39:59
2025-10-06 14:40:00,135.75,135.65,135.9,135.55,1293908.0999999999,9534,2025-10-06 14:49:59
2025-10-06 14:50:00,135.6,135.4,135.65,135.2,3428162.8500000006,25321,2025-10-06 14:59:59
2025-10-06 15:00:00,135.35,135.45,135.5,135.25,1566056.0,11562,2025-10-06 15:09:59
2025-10-06 15:10:00,135.35,135.25,135.55,135.15,1294347.4500000002,9563,2025-10-06 15:19:59
2025-10-06 15:20:00,135.25,135.15,135.6,135.0,3388343.6999999997,25037,2025-10-06 15:29:59
2025-10-06 15:30:00,135.15,135.15,135.35,134.75,1983072.8000000003,14696,2025-10-06 15:39:59
2025-10-06 15:40:00,135.25,135.6,135.75,135.0,1028799.8999999999,7597,2025-10-06 15:49:59
2025-10-06 15:50:00,135.4,135.2,135.55,135.1,1565441.6000000008,11567,2025-10-06 15:59:59
2025-10-06 16:00:00,135.4,135.9,135.9,135.2,934174.9000000001,6886,2025-10-06 16:09:59
2025-10-06 16:10:00,135.8,136.75,136.75,135.8,6897375.75,50540,2025-10-06 16:19:59
2025-10-06 16:20:00,136.8,136.2,136.9,135.15,15858453.100000005,116453,2025-10-06 16:29:59
2025-10-06 16:30:00,136.2,136.4,136.4,136.2,243881.05,1789,2025-10-06 16:39:59
2025-10-06 16:40:00,136.35,136.65,136.75,136.25,951995.2499999999,6979,2025-10-06 16:49:59
2025-10-06 16:50:00,136.7,136.9,136.9,136.7,950344.9,6946,2025-10-06 16:59:59
2025-10-06 17:00:00,136.9,136.7,136.9,136.6,1993383.0499999993,14571,2025-10-06 17:09:59
2025-10-06 17:10:00,136.7,136.8,136.85,136.65,1359683.2000000004,9945,2025-10-06 17:19:59
2025-10-06 17:20:00,136.65,136.8,136.8,136.2,2563123.55,18767,2025-10-06 17:29:59
2025-10-06 17:30:00,136.7,136.6,136.85,136.45,3107815.65,22739,2025-10-06 17:39:59
2025-10-06 17:40:00,136.8,136.65,136.9,136.5,1722931.5999999996,12601,2025-10-06 17:49:59
2025-10-06 17:50:00,136.7,136.55,136.75,136.45,984819.95,7207,2025-10-06 17:59:59
2025-10-06 18:00:00,136.55,136.4,136.55,136.2,2366428.5,17354,2025-10-06 18:09:59
2025-10-06 18:10:00,136.4,136.65,136.7,136.4,2694963.9,19734,2025-10-06 18:19:59
2025-10-06 18:20:00,136.65,136.5,136.7,136.4,1361296.85,9972,2025-10-06 18:29:59
2025-10-06 18:30:00,136.55,135.75,136.55,135.4,9344726.899999999,68685,2025-10-06 18:39:59
2025-10-06 18:40:00,135.75,135.75,135.75,135.75,221679.75,1633,2025-10-06 18:49:59
2025-10-06 19:00:00,135.9,136.0,136.15,135.75,1025744.8,7547,2025-10-06 19:09:59
2025-10-06 19:10:00,136.0,136.2,136.35,135.8,1603565.6500000001,11777,2025-10-06 19:19:59
2025-10-06 19:20:00,136.2,136.0,136.35,135.95,1644762.85,12084,2025-10-06 19:29:59
2025-10-06 19:30:00,135.95,136.2,136.25,135.95,660225.7000000001,4854,2025-10-06 19:39:59
2025-10-06 19:40:00,136.1,136.25,136.35,135.9,846081.4999999999,6216,2025-10-06 19:49:59
2025-10-06 19:50:00,136.25,136.2,136.35,136.0,1694650.2,12447,2025-10-06 19:59:59
2025-10-06 20:00:00,136.2,136.3,136.3,136.2,258477.59999999998,1897,2025-10-06 20:09:59
2025-10-06 20:10:00,136.3,136.4,136.4,136.25,321989.80000000005,2362,2025-10-06 20:19:59
2025-10-06 20:20:00,136.35,136.4,136.45,136.3,221499.94999999998,1624,2025-10-06 20:29:59
2025-10-06 20:30:00,136.4,136.4,136.5,136.2,1385520.4,10163,2025-10-06 20:39:59
2025-10-06 20:40:00,136.4,135.95,136.4,135.95,327352.74999999994,2404,2025-10-06 20:49:59
2025-10-06 20:50:00,136.05,136.0,136.15,135.9,133934.25,985,2025-10-06 20:59:59
2025-10-06 21:00:00,136.0,136.0,136.0,135.95,442398.05,3253,2025-10-06 21:09:59
2025-10-06 21:10:00,136.0,136.1,136.1,135.95,368150.64999999997,2707,2025-10-06 21:19:59
2025-10-06 21:20:00,136.1,136.0,136.1,136.0,18909.800000000003,139,2025-10-06 21:29:59
2025-10-06 21:30:00,136.0,135.95,136.0,135.95,113002.75,831,2025-10-06 21:39:59
2025-10-06 21:40:00,136.0,136.05,136.1,136.0,80108.8,589,2025-10-06 21:49:59
2025-10-06 21:50:00,136.05,136.25,136.3,136.05,1184472.399999999,8700,2025-10-06 21:59:59
2025-10-06 22:00:00,136.25,136.3,136.3,136.15,22208.15,163,2025-10-06 22:09:59
2025-10-06 22:10:00,136.3,136.4,136.4,136.3,304848.50000000006,2235,2025-10-06 22:19:59
2025-10-06 22:20:00,136.4,136.4,136.4,136.35,9547.35,70,2025-10-06 22:29:59
2025-10-06 22:30:00,136.4,136.5,136.5,136.3,1856950.7500000005,13613,2025-10-06 22:39:59
2025-10-06 22:40:00,136.45,136.75,136.8,136.4,4274915.250000054,31283,2025-10-06 22:49:59
2025-10-06 22:50:00,136.75,136.75,136.75,136.7,61263.2,448,2025-10-06 22:59:59
2025-10-06 23:00:00,136.75,136.65,136.75,136.55,562252.05,4115,2025-10-06 23:09:59
2025-10-06 23:10:00,136.65,136.7,136.7,136.6,23642.400000000005,173,2025-10-06 23:19:59
2025-10-06 23:20:00,136.7,136.4,136.7,136.4,1566024.7500000002,11468,2025-10-06 23:29:59
2025-10-06 23:30:00,136.45,136.35,136.45,136.3,453112.9000000001,3324,2025-10-06 23:39:59
2025-10-06 23:40:00,136.35,136.3,136.35,136.2,1109385.4499999995,8140,2025-10-06 23:49:05
2025-10-07 06:50:00,136.3,136.3,136.3,136.3,618393.1000000001,4537,2025-10-07 06:59:59
2025-10-07 07:00:00,136.3,135.35,136.3,135.0,4177655.9499999997,30852,2025-10-07 07:09:59
2025-10-07 07:10:00,135.4,136.05,136.05,135.4,690158.8,5083,2025-10-07 07:19:59
2025-10-07 07:20:00,135.95,135.85,135.95,135.75,155844.65000000002,1147,2025-10-07 07:29:59
2025-10-07 07:30:00,135.85,135.75,135.95,135.75,292305.35,2152,2025-10-07 07:39:59
2025-10-07 07:40:00,135.75,135.95,136.0,135.7,682500.15,5024,2025-10-07 07:49:59
2025-10-07 07:50:00,135.85,135.85,135.95,135.7,1228278.3,9041,2025-10-07 07:59:59
2025-10-07 08:00:00,135.95,136.05,136.1,135.9,1033796.9499999998,7601,2025-10-07 08:09:59
2025-10-07 08:10:00,136.05,136.4,136.4,136.05,148358.3,1089,2025-10-07 08:19:59
2025-10-07 08:20:00,136.3,136.9,136.9,136.3,1226275.7000000002,8969,2025-10-07 08:29:59
2025-10-07 08:30:00,136.9,136.8,136.9,136.65,705114.0,5153,2025-10-07 08:39:59
2025-10-07 08:40:00,136.8,136.85,136.9,136.8,840491.15,6142,2025-10-07 08:49:59
2025-10-07 08:50:00,136.9,137.35,137.45,136.9,2891894.649999999,21090,2025-10-07 08:59:59
2025-10-07 09:00:00,137.35,137.0,137.4,136.9,4036091.5999999996,29410,2025-10-07 09:09:59
2025-10-07 09:10:00,137.0,137.05,137.15,137.0,414631.69999999995,3025,2025-10-07 09:19:59
2025-10-07 09:20:00,137.0,137.0,137.05,137.0,271990.4,1985,2025-10-07 09:29:59
2025-10-07 09:30:00,136.95,136.75,137.0,136.6,3115882.4999999995,22790,2025-10-07 09:39:59
2025-10-07 09:40:00,136.7,136.6,136.7,136.4,2997519.1999999993,21956,2025-10-07 09:49:59
2025-10-07 09:50:00,136.6,136.6,136.65,136.3,1460835.0000000016,10708,2025-10-07 09:59:59
2025-10-07 10:00:00,136.45,135.75,136.7,135.7,8663245.849999882,63653,2025-10-07 10:09:59
2025-10-07 10:10:00,135.95,136.15,136.2,135.95,1912670.9999999998,14061,2025-10-07 10:19:59
2025-10-07 10:20:00,136.15,136.6,136.6,135.95,2253517.9999999995,16523,2025-10-07 10:29:59
2025-10-07 10:30:00,136.55,136.9,136.9,136.0,3374509.95,24731,2025-10-07 10:39:59
2025-10-07 10:40:00,136.8,137.15,137.15,136.8,938390.05,6850,2025-10-07 10:49:59
2025-10-07 10:50:00,137.05,136.85,137.35,136.75,5026316.750000099,36676,2025-10-07 10:59:59
2025-10-07 11:00:00,136.85,137.15,137.25,136.85,781514.2999999999,5698,2025-10-07 11:09:59
2025-10-07 11:10:00,137.2,137.05,137.25,136.9,832599.3500000001,6076,2025-10-07 11:19:59
2025-10-07 11:20:00,137.15,137.2,137.25,136.9,3008777.75,21935,2025-10-07 11:29:59
2025-10-07 11:30:00,137.2,136.95,137.2,136.65,3334470.45,24335,2025-10-07 11:39:59
2025-10-07 11:40:00,137.05,136.8,137.05,136.55,2145418.0,15697,2025-10-07 11:49:59
2025-10-07 11:50:00,136.8,136.85,136.95,136.7,376240.54999999993,2750,2025-10-07 11:59:59
2025-10-07 12:00:00,136.85,137.0,137.0,136.75,1130805.2999999998,8259,2025-10-07 12:09:59
2025-10-07 12:10:00,137.0,137.0,137.0,136.9,207655.10000000003,1516,2025-10-07 12:19:59
2025-10-07 12:20:00,137.0,136.75,137.0,136.75,397011.25,2901,2025-10-07 12:29:59
2025-10-07 12:30:00,136.9,136.55,136.95,136.25,7090402.85,51983,2025-10-07 12:39:59
2025-10-07 12:40:00,136.55,136.55,136.7,136.4,905363.9500000002,6630,2025-10-07 12:49:59
2025-10-07 12:50:00,136.55,136.4,136.65,136.05,2332232.2500000005,17112,2025-10-07 12:59:59
2025-10-07 13:00:00,136.4,136.2,136.4,136.05,3681660.6500000004,27027,2025-10-07 13:09:59
2025-10-07 13:10:00,136.25,136.4,136.45,136.25,997022.1000000002,7312,2025-10-07 13:19:59
2025-10-07 13:20:00,136.45,136.55,136.55,136.4,388347.5999999999,2845,2025-10-07 13:29:59
2025-10-07 13:30:00,136.5,136.6,136.75,136.5,3102717.8,22700,2025-10-07 13:39:59
2025-10-07 13:40:00,136.6,136.8,136.8,136.35,3682806.2500000005,26946,2025-10-07 13:49:59
2025-10-07 13:50:00,136.8,136.9,137.0,136.7,848784.85,6201,2025-10-07 13:59:59
2025-10-07 14:00:00,136.95,136.65,136.95,136.3,2450455.1999999997,17943,2025-10-07 14:09:59
2025-10-07 14:10:00,136.65,136.75,136.75,136.5,432727.15,3168,2025-10-07 14:19:59
2025-10-07 14:20:00,136.7,136.75,136.75,136.6,233757.80000000002,1711,2025-10-07 14:29:59
2025-10-07 14:30:00,136.75,136.85,136.85,136.6,369574.65,2703,2025-10-07 14:39:59
2025-10-07 14:40:00,136.8,136.65,136.9,136.65,1048427.0000000001,7662,2025-10-07 14:49:59
2025-10-07 14:50:00,136.7,136.75,136.8,136.65,136746.45,1000,2025-10-07 14:59:59
2025-10-07 15:00:00,136.75,136.25,136.75,136.25,3811290.8999999985,27922,2025-10-07 15:09:59
2025-10-07 15:10:00,136.25,136.55,136.6,136.2,1002464.8999999999,7357,2025-10-07 15:19:59
2025-10-07 15:20:00,136.5,136.45,136.5,136.3,571671.9000000001,4192,2025-10-07 15:29:59
2025-10-07 15:30:00,136.45,136.75,136.75,136.3,1039084.2999999998,7609,2025-10-07 15:39:59
2025-10-07 15:40:00,136.75,136.85,136.85,136.65,631523.75,4618,2025-10-07 15:49:59
2025-10-07 15:50:00,136.85,136.85,136.85,136.6,184308.75,1348,2025-10-07 15:59:59
2025-10-07 16:00:00,136.85,136.85,136.85,136.7,322096.8000000001,2354,2025-10-07 16:09:59
2025-10-07 16:10:00,136.85,136.65,136.9,136.65,616070.65,4505,2025-10-07 16:19:59
2025-10-07 16:20:00,136.75,136.55,136.85,136.45,415504.35,3041,2025-10-07 16:29:59
2025-10-07 16:30:00,136.6,136.8,136.8,136.6,143165.19999999998,1047,2025-10-07 16:39:59
2025-10-07 16:40:00,136.8,136.7,136.85,136.6,652506.3999999999,4773,2025-10-07 16:49:59
2025-10-07 16:50:00,136.7,136.85,136.85,136.55,795430.6499999999,5819,2025-10-07 16:59:59
2025-10-07 17:00:00,136.85,136.4,136.85,136.3,1283442.95,9404,2025-10-07 17:09:59
2025-10-07 17:10:00,136.5,136.7,136.75,136.35,540480.0499999998,3959,2025-10-07 17:19:59
2025-10-07 17:20:00,136.7,136.7,136.75,136.5,904429.1000000001,6619,2025-10-07 17:29:59
2025-10-07 17:30:00,136.75,136.6,136.75,136.45,791565.6499999999,5798,2025-10-07 17:39:59
2025-10-07 17:40:00,136.6,136.65,136.8,136.6,552462.3999999999,4042,2025-10-07 17:49:59
2025-10-07 17:50:00,136.75,136.85,136.85,136.75,568807.0499999998,4157,2025-10-07 17:59:59
2025-10-07 18:00:00,136.85,136.55,136.85,136.55,908189.6,6645,2025-10-07 18:09:59
2025-10-07 18:10:00,136.55,136.8,136.8,136.55,514100.35000000003,3764,2025-10-07 18:19:59
2025-10-07 18:20:00,136.8,136.8,136.85,136.7,655267.5,4789,2025-10-07 18:29:59
2025-10-07 18:30:00,136.75,136.8,136.8,136.6,411162.60000000003,3008,2025-10-07 18:39:59
2025-10-07 18:40:00,136.85,136.85,136.85,136.85,270552.45,1977,2025-10-07 18:49:59
2025-10-07 19:00:00,136.8,136.8,136.85,136.75,257063.59999999995,1879,2025-10-07 19:09:59
2025-10-07 19:10:00,136.75,136.75,136.85,136.7,111607.85,816,2025-10-07 19:19:59
2025-10-07 19:20:00,136.8,136.75,136.8,136.65,185970.75,1360,2025-10-07 19:29:59
2025-10-07 19:30:00,136.75,136.85,136.85,136.65,923546.8999999998,6752,2025-10-07 19:39:59
2025-10-07 19:40:00,136.85,136.7,136.85,136.5,824020.6499999998,6033,2025-10-07 19:49:59
2025-10-07 19:50:00,136.7,136.8,136.8,136.65,62484.6,457,2025-10-07 19:59:59
2025-10-07 20:00:00,136.8,136.7,136.8,136.7,234778.6,1717,2025-10-07 20:09:59
2025-10-07 20:10:00,136.7,136.8,136.8,136.7,536228.05,3922,2025-10-07 20:19:59
2025-10-07 20:20:00,136.8,136.85,136.85,136.8,585109.4999999999,4276,2025-10-07 20:29:59
2025-10-07 20:30:00,136.85,137.05,137.15,136.85,5960838.149999999,43516,2025-10-07 20:39:59
2025-10-07 20:40:00,137.05,137.05,137.15,137.0,601019.15,4384,2025-10-07 20:49:59
2025-10-07 20:50:00,137.0,137.15,137.15,137.0,322222.25,2350,2025-10-07 20:59:59
2025-10-07 21:00:00,137.05,137.1,137.15,137.05,176324.74999999994,1286,2025-10-07 21:09:59
2025-10-07 21:10:00,137.05,137.1,137.15,137.05,59219.2,432,2025-10-07 21:19:59
2025-10-07 21:20:00,137.1,137.0,137.1,137.0,363897.0999999999,2656,2025-10-07 21:29:59
2025-10-07 21:30:00,137.0,137.05,137.05,137.0,114406.95,835,2025-10-07 21:39:59
2025-10-07 21:40:00,137.05,137.05,137.05,137.0,128945.15000000001,941,2025-10-07 21:49:59
2025-10-07 21:50:00,137.05,137.1,137.1,137.0,189875.8,1385,2025-10-07 21:59:04
2025-10-07 22:00:00,137.1,137.1,137.1,137.0,60432.4,441,2025-10-07 22:09:59
2025-10-07 22:10:00,137.05,137.05,137.1,137.0,244086.05,1781,2025-10-07 22:19:59
2025-10-07 22:20:00,137.0,136.85,137.05,136.85,1568692.3499999996,11451,2025-10-07 22:29:59
2025-10-07 22:30:00,137.0,136.95,137.0,136.85,105862.54999999999,773,2025-10-07 22:39:59
2025-10-07 22:40:00,137.0,137.0,137.0,136.95,36849.2,269,2025-10-07 22:49:59
2025-10-07 22:50:00,136.95,137.15,137.15,136.95,396450.3999999999,2892,2025-10-07 22:59:59
2025-10-07 23:00:00,137.05,137.2,137.2,137.05,504236.80000000016,3677,2025-10-07 23:09:59
2025-10-07 23:10:00,137.2,137.2,137.25,137.1,88487.4,645,2025-10-07 23:19:59
2025-10-07 23:20:00,137.2,137.2,137.2,137.15,75871.55,553,2025-10-07 23:29:59
2025-10-07 23:30:00,137.15,137.15,137.3,137.0,1545165.8000000003,11265,2025-10-07 23:39:59
2025-10-07 23:40:00,137.15,137.15,137.15,137.0,176975.05,1291,2025-10-07 23:49:59
2025-10-08 06:50:00,137.35,137.35,137.35,137.35,2197.6,16,2025-10-08 06:59:59
2025-10-08 07:00:00,137.35,137.5,137.5,137.15,475136.80000000005,3458,2025-10-08 07:09:59
2025-10-08 07:10:00,137.45,137.75,137.8,137.45,3796529.4999999995,27582,2025-10-08 07:19:59
2025-10-08 07:20:00,137.75,137.7,137.8,137.55,528387.45,3836,2025-10-08 07:29:59
2025-10-08 07:30:00,137.75,137.6,137.75,137.55,256551.55000000002,1863,2025-10-08 07:39:59
2025-10-08 07:40:00,137.6,137.65,137.7,137.55,500835.89999999997,3638,2025-10-08 07:49:59
2025-10-08 07:50:00,137.65,137.7,137.75,137.65,108233.9,786,2025-10-08 07:59:59
2025-10-08 08:00:00,137.75,137.7,137.75,137.6,647590.6499999999,4704,2025-10-08 08:09:59
2025-10-08 08:10:00,137.7,137.7,137.7,137.6,517932.94999999995,3763,2025-10-08 08:19:59
2025-10-08 08:20:00,137.7,137.75,137.75,137.65,301593.2,2190,2025-10-08 08:29:59
2025-10-08 08:30:00,137.75,137.6,137.75,137.55,474593.8999999999,3447,2025-10-08 08:39:59
2025-10-08 08:40:00,137.6,137.75,137.75,137.55,297922.35,2164,2025-10-08 08:49:59
2025-10-08 08:50:00,137.75,137.55,137.8,137.45,1396581.5,10144,2025-10-08 08:59:59
2025-10-08 09:00:00,137.55,137.65,137.65,137.55,415093.05,3017,2025-10-08 09:09:59
2025-10-08 09:10:00,137.65,137.65,137.75,137.6,329520.30000000005,2394,2025-10-08 09:19:59
2025-10-08 09:20:00,137.7,137.65,137.75,137.65,145535.0,1057,2025-10-08 09:29:59
2025-10-08 09:30:00,137.65,137.65,137.65,137.6,517684.7999999999,3762,2025-10-08 09:39:59
2025-10-08 09:40:00,137.65,137.7,137.7,137.65,383901.7,2788,2025-10-08 09:49:59
2025-10-08 09:50:00,137.75,137.7,137.75,137.6,867248.2999999999,6298,2025-10-08 09:59:59
2025-10-08 10:00:00,137.7,137.7,138.0,137.6,4388101.1,31842,2025-10-08 10:09:59
2025-10-08 10:10:00,137.7,137.25,137.7,137.15,2682012.9499999997,19517,2025-10-08 10:19:59
2025-10-08 10:20:00,137.15,137.35,137.45,137.15,947217.3499999999,6903,2025-10-08 10:29:59
2025-10-08 10:30:00,137.3,137.4,137.45,137.15,1557017.05,11340,2025-10-08 10:39:59
2025-10-08 10:40:00,137.4,137.1,137.4,137.05,1810870.5500000003,13205,2025-10-08 10:49:59
2025-10-08 10:50:00,137.15,136.8,137.15,136.45,7062323.599999993,51616,2025-10-08 10:59:59
2025-10-08 11:00:00,136.8,136.85,136.95,136.8,547045.5,3997,2025-10-08 11:09:59
2025-10-08 11:10:00,136.8,137.0,137.0,136.55,2193064.25,16029,2025-10-08 11:19:59
2025-10-08 11:20:00,136.95,137.0,137.05,136.65,1619601.2499999998,11834,2025-10-08 11:29:59
2025-10-08 11:30:00,137.0,137.45,137.6,137.0,6585535.499999999,47895,2025-10-08 11:39:59
2025-10-08 11:40:00,137.45,137.4,137.6,137.4,2028314.3500000006,14753,2025-10-08 11:49:59
2025-10-08 11:50:00,137.4,136.9,137.5,136.9,1811299.4999999998,13204,2025-10-08 11:59:59
2025-10-08 12:00:00,136.95,136.8,137.0,136.7,1221920.2000000002,8931,2025-10-08 12:09:59
2025-10-08 12:10:00,136.7,136.7,137.0,136.6,1188012.1,8685,2025-10-08 12:19:59
2025-10-08 12:20:00,136.7,136.55,136.8,136.5,2661516.0,19486,2025-10-08 12:29:59
2025-10-08 12:30:00,136.5,136.55,136.7,136.5,2761721.7000000007,20224,2025-10-08 12:39:59
2025-10-08 12:40:00,136.55,136.7,136.7,136.25,1814938.9000000001,13303,2025-10-08 12:49:59
2025-10-08 12:50:00,136.65,136.4,136.7,136.4,693683.7500000001,5078,2025-10-08 12:59:59
2025-10-08 13:00:00,136.35,136.5,136.6,136.25,1256937.7,9218,2025-10-08 13:09:59
2025-10-08 13:10:00,136.55,136.25,136.65,136.25,935434.75,6856,2025-10-08 13:19:59
2025-10-08 13:20:00,136.25,136.15,136.4,136.15,3299033.1999999997,24212,2025-10-08 13:29:59
2025-10-08 13:30:00,136.2,136.05,136.4,136.0,2443394.8,17954,2025-10-08 13:39:59
2025-10-08 13:40:00,136.05,136.15,136.25,136.0,2904381.8500000006,21348,2025-10-08 13:49:59
2025-10-08 13:50:00,136.15,136.15,136.3,136.0,1676758.65,12317,2025-10-08 13:59:59
2025-10-08 14:00:00,136.05,136.35,136.45,135.7,4823670.75,35459,2025-10-08 14:09:59
2025-10-08 14:10:00,136.25,136.55,136.55,136.2,729811.3,5350,2025-10-08 14:19:59
2025-10-08 14:20:00,136.55,136.3,136.7,136.25,2777657.45,20363,2025-10-08 14:29:59
2025-10-08 14:30:00,136.3,136.35,136.5,136.2,1096438.65,8047,2025-10-08 14:39:59
2025-10-08 14:40:00,136.45,136.15,136.5,136.15,1062185.3499999999,7790,2025-10-08 14:49:59
2025-10-08 14:50:00,136.1,135.95,136.35,135.95,530562.6,3899,2025-10-08 14:59:59
2025-10-08 15:00:00,136.05,136.15,136.15,135.9,881798.5,6485,2025-10-08 15:09:59
2025-10-08 15:10:00,136.15,136.5,136.5,136.1,1382901.1,10150,2025-10-08 15:19:59
2025-10-08 15:20:00,136.45,136.2,136.45,136.0,1717338.9499999995,12616,2025-10-08 15:29:59
2025-10-08 15:30:00,136.2,136.0,136.35,136.0,957063.8,7030,2025-10-08 15:39:59
2025-10-08 15:40:00,136.0,136.15,136.15,135.85,1277995.75,9399,2025-10-08 15:49:59
2025-10-08 15:50:00,136.05,135.9,136.2,135.85,1619079.4000000001,11906,2025-10-08 15:59:59
2025-10-08 16:00:00,135.9,135.0,135.9,135.0,11286377.75,83365,2025-10-08 16:09:59
2025-10-08 16:10:00,135.15,135.3,135.4,135.0,1816610.35,13439,2025-10-08 16:19:59
2025-10-08 16:20:00,135.5,135.5,135.8,135.3,6736577.55,49677,2025-10-08 16:29:59
2025-10-08 16:30:00,135.4,135.75,135.75,135.4,815927.3,6022,2025-10-08 16:39:59
2025-10-08 16:40:00,135.7,135.8,135.85,135.5,720423.6000000001,5309,2025-10-08 16:49:59
2025-10-08 16:50:00,135.85,135.5,135.9,135.35,2149702.8000000003,15853,2025-10-08 16:59:59
2025-10-08 17:00:00,135.45,135.3,135.7,135.25,1048417.9,7739,2025-10-08 17:09:59
2025-10-08 17:10:00,135.4,135.4,135.6,135.1,2333312.75,17238,2025-10-08 17:19:59
2025-10-08 17:20:00,135.4,135.65,135.7,135.0,3037677.55,22471,2025-10-08 17:29:59
2025-10-08 17:30:00,135.65,135.4,135.65,135.3,2204108.7499999995,16271,2025-10-08 17:39:59
2025-10-08 17:40:00,135.45,135.15,135.45,135.0,1490373.9499999997,11034,2025-10-08 17:49:59
2025-10-08 17:50:00,135.15,134.65,135.15,134.4,7935834.55,58953,2025-10-08 17:59:59
2025-10-08 18:00:00,134.65,135.35,135.4,134.4,4184154.950000001,31036,2025-10-08 18:09:59
2025-10-08 18:10:00,135.2,134.6,135.25,134.3,3900384.2000000007,28965,2025-10-08 18:19:59
2025-10-08 18:20:00,134.6,134.25,134.65,134.25,2081866.1500000004,15488,2025-10-08 18:29:59
2025-10-08 18:30:00,134.3,134.35,134.5,133.65,6624304.5,49394,2025-10-08 18:39:59
2025-10-08 18:40:00,134.5,134.5,134.5,134.5,652728.5,4853,2025-10-08 18:49:59
2025-10-08 19:00:00,134.55,134.6,134.7,134.05,3509219.9000000004,26093,2025-10-08 19:09:59
2025-10-08 19:10:00,134.45,134.8,135.15,134.45,4697990.800000013,34836,2025-10-08 19:19:59
2025-10-08 19:20:00,134.75,134.95,135.15,134.7,733465.4500000001,5435,2025-10-08 19:29:59
2025-10-08 19:30:00,135.1,134.85,135.15,134.7,1110867.7,8240,2025-10-08 19:39:59
2025-10-08 19:40:00,134.75,134.65,134.85,134.4,1897236.9,14089,2025-10-08 19:49:59
2025-10-08 19:50:00,134.65,135.0,135.05,134.35,2952443.9499999997,21915,2025-10-08 19:59:59
2025-10-08 20:00:00,134.95,135.5,135.5,134.9,1343625.75,9926,2025-10-08 20:09:59
2025-10-08 20:10:00,135.5,135.45,135.65,135.45,1861306.0,13731,2025-10-08 20:19:59
2025-10-08 20:20:00,135.4,135.6,135.7,135.2,1746780.3499999999,12895,2025-10-08 20:29:59
2025-10-08 20:30:00,135.6,135.55,135.7,135.5,282082.3,2080,2025-10-08 20:39:59
2025-10-08 20:40:00,135.55,135.65,135.65,135.5,280779.39999999997,2071,2025-10-08 20:49:59
2025-10-08 20:50:00,135.65,135.7,135.7,135.5,1719036.8499999999,12672,2025-10-08 20:59:59
2025-10-08 21:00:00,135.7,135.95,135.95,135.7,1043351.0,7683,2025-10-08 21:09:59
2025-10-08 21:10:00,135.95,135.85,135.95,135.7,1114353.2999999996,8207,2025-10-08 21:19:59
2025-10-08 21:20:00,135.85,135.95,135.95,135.8,907016.6499999999,6677,2025-10-08 21:29:59
2025-10-08 21:30:00,135.95,135.8,135.95,135.7,633138.4,4665,2025-10-08 21:39:59
2025-10-08 21:40:00,135.8,135.7,135.8,135.7,230191.94999999998,1696,2025-10-08 21:49:59
2025-10-08 21:50:00,135.75,135.7,135.75,135.55,384570.55,2835,2025-10-08 21:59:59
2025-10-08 22:00:00,135.7,135.5,135.7,135.5,232065.24999999997,1712,2025-10-08 22:09:59
2025-10-08 22:10:00,135.5,135.45,135.5,135.4,65418.700000000004,483,2025-10-08 22:19:59
2025-10-08 22:20:00,135.4,135.15,135.5,135.15,1105960.5500000003,8181,2025-10-08 22:29:59
2025-10-08 22:30:00,135.3,135.3,135.3,135.15,44210.6,327,2025-10-08 22:39:59
2025-10-08 22:40:00,135.3,135.25,135.35,135.2,102907.45,761,2025-10-08 22:49:59
2025-10-08 22:50:00,135.25,135.35,135.35,135.2,45991.0,340,2025-10-08 22:59:59
2025-10-08 23:00:00,135.3,135.35,135.35,135.25,297453.5,2198,2025-10-08 23:09:59
2025-10-08 23:10:00,135.35,135.35,135.4,135.25,188938.75,1396,2025-10-08 23:19:59
2025-10-08 23:20:00,135.35,135.25,135.35,135.25,12579.9,93,2025-10-08 23:29:59
2025-10-08 23:30:00,135.3,135.5,135.5,135.25,546872.5999999999,4039,2025-10-08 23:39:59
2025-10-08 23:40:00,135.55,135.7,135.7,135.45,275261.0,2031,2025-10-08 23:49:59
2025-10-09 06:50:00,135.95,135.95,135.95,135.95,2990.9,22,2025-10-09 06:59:59
2025-10-09 07:00:00,135.95,135.85,137.1,135.75,1862365.5,13653,2025-10-09 07:09:59
2025-10-09 07:10:00,136.05,136.4,136.6,135.9,1062269.3000000003,7791,2025-10-09 07:19:59
2025-10-09 07:20:00,136.5,136.5,136.5,136.05,244643.34999999998,1795,2025-10-09 07:29:59
2025-10-09 07:30:00,136.3,136.4,136.45,136.15,75674.94999999998,555,2025-10-09 07:39:59
2025-10-09 07:40:00,136.4,136.5,136.5,136.35,584293.2000000002,4283,2025-10-09 07:49:59
2025-10-09 07:50:00,136.5,136.5,136.5,136.45,317765.75,2328,2025-10-09 07:59:01
2025-10-09 08:00:00,136.5,136.4,136.5,136.3,482619.30000000005,3537,2025-10-09 08:09:59
2025-10-09 08:10:00,136.3,136.45,136.5,136.0,1400862.2999999998,10290,2025-10-09 08:19:59
2025-10-09 08:20:00,136.35,136.25,136.35,136.05,443362.7,3257,2025-10-09 08:29:59
2025-10-09 08:30:00,136.3,136.05,136.3,136.05,224891.05,1652,2025-10-09 08:39:59
2025-10-09 08:40:00,136.05,135.6,136.05,135.6,325731.4500000001,2399,2025-10-09 08:49:59
2025-10-09 08:50:00,135.6,135.8,135.8,135.55,644905.35,4754,2025-10-09 08:59:59
2025-10-09 09:00:00,135.75,135.35,135.95,135.25,1226338.75,9057,2025-10-09 09:09:59
2025-10-09 09:10:00,135.45,134.6,135.5,134.55,4313466.75,31933,2025-10-09 09:19:59
2025-10-09 09:20:00,134.6,135.0,135.0,134.6,2247562.7,16676,2025-10-09 09:29:59
2025-10-09 09:30:00,135.0,135.05,135.2,134.9,752946.4,5574,2025-10-09 09:39:59
2025-10-09 09:40:00,135.05,134.6,135.2,134.3,1659574.0500000003,12336,2025-10-09 09:49:59
2025-10-09 09:50:00,134.7,135.05,135.2,134.7,1072188.8,7941,2025-10-09 09:59:59
2025-10-09 10:00:00,135.2,135.65,135.95,134.75,6153822.800000001,45400,2025-10-09 10:09:59
2025-10-09 10:10:00,135.6,135.95,136.25,135.6,8268582.05,60801,2025-10-09 10:19:59
2025-10-09 10:20:00,135.95,135.95,136.1,135.5,1538518.7500000002,11330,2025-10-09 10:29:59
2025-10-09 10:30:00,135.95,136.1,136.25,135.75,2591824.5,19047,2025-10-09 10:39:59
2025-10-09 10:40:00,136.1,136.0,136.25,135.85,880294.1499999999,6470,2025-10-09 10:49:59
2025-10-09 10:50:00,136.0,135.5,136.0,135.5,902519.4,6654,2025-10-09 10:59:59
2025-10-09 11:00:00,135.7,135.05,135.8,135.0,909757.0000000001,6716,2025-10-09 11:09:59
2025-10-09 11:10:00,135.05,135.0,135.3,134.85,2429143.35,17989,2025-10-09 11:19:59
2025-10-09 11:20:00,134.95,133.75,135.05,133.75,10828300.799999997,80679,2025-10-09 11:29:59
2025-10-09 11:30:00,133.75,133.15,133.75,133.0,20869675.700000003,156525,2025-10-09 11:39:59
2025-10-09 11:40:00,133.25,133.55,133.95,133.15,8054799.199999999,60333,2025-10-09 11:49:59
2025-10-09 11:50:00,133.55,133.85,133.9,133.05,5123813.299999999,38416,2025-10-09 11:59:59
2025-10-09 12:00:00,133.85,134.9,135.1,133.75,9852271.4,73261,2025-10-09 12:09:59
2025-10-09 12:10:00,134.9,135.6,135.65,134.85,10124032.200000001,74862,2025-10-09 12:19:59
2025-10-09 12:20:00,135.6,135.65,136.4,135.6,6493320.349999999,47749,2025-10-09 12:29:59
2025-10-09 12:30:00,135.65,135.65,135.95,135.2,2449092.2500000005,18069,2025-10-09 12:39:59
2025-10-09 12:40:00,135.5,134.55,135.55,134.35,5620694.55,41670,2025-10-09 12:49:59
2025-10-09 12:50:00,134.7,135.55,135.7,134.7,2019709.65,14941,2025-10-09 12:59:59
2025-10-09 13:00:00,135.55,136.2,136.2,135.4,3846378.7999999993,28281,2025-10-09 13:09:59
2025-10-09 13:10:00,136.1,135.6,136.2,135.6,2270020.3499999996,16712,2025-10-09 13:19:59
2025-10-09 13:20:00,135.65,135.35,136.1,135.35,4015586.5999999996,29591,2025-10-09 13:29:59
2025-10-09 13:30:00,135.45,135.3,135.65,135.3,723819.95,5344,2025-10-09 13:39:59
2025-10-09 13:40:00,135.35,135.65,135.65,135.3,772671.8000000002,5704,2025-10-09 13:49:59
2025-10-09 13:50:00,135.65,135.45,135.75,135.35,816524.7999999999,6020,2025-10-09 13:59:59
2025-10-09 14:00:00,135.45,135.25,135.5,135.25,547281.35,4044,2025-10-09 14:09:59
2025-10-09 14:10:00,135.25,135.2,135.4,135.1,1574316.9999999998,11641,2025-10-09 14:19:59
2025-10-09 14:20:00,135.2,135.55,135.55,135.1,2295699.4500000067,16958,2025-10-09 14:29:59
2025-10-09 14:30:00,135.55,135.2,135.7,135.2,1052381.0499999998,7772,2025-10-09 14:39:59
2025-10-09 14:40:00,135.35,135.75,135.75,135.35,705169.5499999999,5203,2025-10-09 14:49:59
2025-10-09 14:50:00,135.65,135.6,135.7,135.5,849296.05,6261,2025-10-09 14:59:59
2025-10-09 15:00:00,135.65,135.6,135.7,135.5,701628.0500000003,5173,2025-10-09 15:09:59
2025-10-09 15:10:00,135.5,135.6,135.85,135.5,2408820.0500000007,17757,2025-10-09 15:19:59
2025-10-09 15:20:00,135.5,135.55,135.6,135.45,290319.60000000003,2142,2025-10-09 15:29:59
2025-10-09 15:30:00,135.55,135.8,135.9,135.5,3096877.8500000006,22814,2025-10-09 15:39:59
2025-10-09 15:40:00,135.8,135.7,135.85,135.6,1596817.0999999999,11770,2025-10-09 15:49:59
2025-10-09 15:50:00,135.7,135.6,135.75,135.45,1474211.8,10867,2025-10-09 15:59:59
2025-10-09 16:00:00,135.6,135.55,135.75,135.5,292243.4,2155,2025-10-09 16:09:59
2025-10-09 16:10:00,135.5,135.8,135.8,135.5,460965.19999999995,3398,2025-10-09 16:19:59
2025-10-09 16:20:00,135.8,136.45,136.5,135.8,17428964.14999999,127854,2025-10-09 16:29:59
2025-10-09 16:30:00,136.45,136.5,136.6,136.3,1370623.7499999998,10043,2025-10-09 16:39:59
2025-10-09 16:40:00,136.5,136.85,136.85,136.5,5034098.0,36823,2025-10-09 16:49:59
2025-10-09 16:50:00,136.85,136.5,137.0,136.45,11471939.149999999,83820,2025-10-09 16:59:59
2025-10-09 17:00:00,136.5,136.55,137.0,136.45,12549527.649999999,91690,2025-10-09 17:09:59
2025-10-09 17:10:00,136.65,136.35,136.85,136.35,3332380.3,24383,2025-10-09 17:19:59
2025-10-09 17:20:00,136.35,136.35,136.5,136.2,1726059.3000000003,12662,2025-10-09 17:29:59
2025-10-09 17:30:00,136.3,136.15,136.35,136.05,1119369.2,8220,2025-10-09 17:39:59
2025-10-09 17:40:00,136.2,136.1,136.2,136.05,350911.84999999974,2578,2025-10-09 17:49:59
2025-10-09 17:50:00,136.15,136.45,136.45,136.1,1014800.0999999999,7450,2025-10-09 17:59:59
2025-10-09 18:00:00,136.45,136.75,137.0,136.4,2424215.8499999996,17731,2025-10-09 18:09:59
2025-10-09 18:10:00,136.8,136.8,137.0,136.65,2112913.7,15435,2025-10-09 18:19:59
2025-10-09 18:20:00,136.8,136.75,136.8,136.7,172314.65,1260,2025-10-09 18:29:59
2025-10-09 18:30:00,136.75,136.55,136.75,136.45,2129091.3,15587,2025-10-09 18:39:59
2025-10-09 18:40:00,136.75,136.75,136.75,136.75,28991.0,212,2025-10-09 18:49:59
2025-10-09 19:00:00,136.6,136.8,136.8,136.55,1882300.75,13767,2025-10-09 19:09:59
2025-10-09 19:10:00,136.75,136.6,136.8,136.4,2927011.8999999994,21433,2025-10-09 19:19:59
2025-10-09 19:20:00,136.65,136.7,136.75,136.5,345031.05000000005,2526,2025-10-09 19:29:59
2025-10-09 19:30:00,136.7,136.45,136.7,136.45,316451.15,2317,2025-10-09 19:39:59
2025-10-09 19:40:00,136.5,136.5,136.5,136.2,899709.55,6603,2025-10-09 19:49:59
2025-10-09 19:50:00,136.45,136.1,136.5,136.1,522534.25,3835,2025-10-09 19:59:59
2025-10-09 20:00:00,136.2,136.4,136.4,136.1,394094.05000000005,2892,2025-10-09 20:09:59
2025-10-09 20:10:00,136.4,136.3,136.5,136.3,168352.8,1234,2025-10-09 20:19:59
2025-10-09 20:20:00,136.3,136.3,136.4,136.1,600417.55,4409,2025-10-09 20:29:59
2025-10-09 20:30:00,136.3,136.15,136.3,136.1,341432.39999999997,2508,2025-10-09 20:39:59
2025-10-09 20:40:00,136.15,136.1,136.15,136.05,459729.5,3378,2025-10-09 20:49:59
2025-10-09 20:50:00,136.1,136.35,136.35,136.0,1386288.6499999997,10185,2025-10-09 20:59:10
2025-10-09 21:00:00,136.35,136.4,136.4,136.3,287889.64999999997,2111,2025-10-09 21:09:59
2025-10-09 21:10:00,136.4,136.2,136.4,136.15,359985.95,2642,2025-10-09 21:19:59
2025-10-09 21:20:00,136.3,136.2,136.35,136.15,417758.85,3067,2025-10-09 21:29:59
2025-10-09 21:30:00,136.2,136.2,136.2,136.15,51342.85,377,2025-10-09 21:39:59
2025-10-09 21:40:00,136.2,136.5,136.5,136.15,233202.4,1710,2025-10-09 21:49:59
2025-10-09 21:50:00,136.5,136.45,136.55,136.35,559125.0000000001,4098,2025-10-09 21:59:05
2025-10-09 22:00:00,136.4,136.35,136.45,136.25,229100.3,1680,2025-10-09 22:09:59
2025-10-09 22:10:00,136.35,136.15,136.35,136.1,563099.9499999998,4135,2025-10-09 22:19:59
2025-10-09 22:20:00,136.15,135.55,136.2,135.3,10179967.300000004,75034,2025-10-09 22:29:59
2025-10-09 22:30:00,135.7,135.5,135.75,135.3,1207638.15,8917,2025-10-09 22:39:59
2025-10-09 22:40:00,135.5,136.15,136.3,135.45,5512744.950000001,40572,2025-10-09 22:49:59
2025-10-09 22:50:00,136.1,136.1,136.1,135.95,188126.85000000003,1383,2025-10-09 22:59:59
2025-10-09 23:00:00,136.15,136.1,136.25,136.0,518534.75,3810,2025-10-09 23:09:59
2025-10-09 23:10:00,136.1,136.1,136.1,136.1,161822.90000000002,1189,2025-10-09 23:19:59
2025-10-09 23:20:00,136.05,136.05,136.3,136.0,675270.8999999999,4961,2025-10-09 23:29:59
2025-10-09 23:30:00,136.25,136.15,136.6,136.0,2693711.0999999996,19748,2025-10-09 23:39:59
2025-10-09 23:40:00,136.3,136.4,136.45,136.3,509057.7000000001,3732,2025-10-09 23:49:59
2025-10-10 06:50:00,136.4,136.4,136.4,136.4,69564.0,510,2025-10-10 06:59:59
2025-10-10 07:00:00,136.4,135.35,136.4,135.35,1366754.1500000001,10066,2025-10-10 07:09:59
2025-10-10 07:10:00,135.35,135.7,135.7,135.3,877028.65,6472,2025-10-10 07:19:59
2025-10-10 07:20:00,135.8,136.05,136.15,135.8,512586.15,3770,2025-10-10 07:29:59
2025-10-10 07:30:00,136.05,136.3,136.3,135.9,40310.95,296,2025-10-10 07:39:59
2025-10-10 07:40:00,136.3,136.35,136.35,136.25,532257.7999999999,3906,2025-10-10 07:49:59
2025-10-10 07:50:00,136.25,136.4,136.4,136.2,259244.55,1901,2025-10-10 07:59:59
2025-10-10 08:00:00,136.35,136.3,136.35,136.2,114315.25,839,2025-10-10 08:09:59
2025-10-10 08:10:00,136.3,136.15,136.3,136.05,180573.55000000005,1327,2025-10-10 08:19:59
2025-10-10 08:20:00,136.15,136.15,136.2,136.05,9121.5,67,2025-10-10 08:29:59
2025-10-10 08:30:00,136.15,136.15,136.15,136.05,14976.400000000001,110,2025-10-10 08:39:59
2025-10-10 08:40:00,136.15,136.25,136.25,136.15,388088.80000000005,2850,2025-10-10 08:49:59
2025-10-10 08:50:00,136.3,136.4,136.4,136.2,76580.50000000001,562,2025-10-10 08:59:59
2025-10-10 09:00:00,136.4,137.0,137.0,136.4,6195001.349999999,45255,2025-10-10 09:09:59
2025-10-10 09:10:00,136.9,136.95,137.2,136.85,5167251.150000001,37716,2025-10-10 09:19:59
2025-10-10 09:20:00,136.95,137.25,137.35,136.6,1329033.1500000001,9703,2025-10-10 09:29:59
2025-10-10 09:30:00,137.3,137.35,137.5,137.2,1315592.55,9579,2025-10-10 09:39:59
2025-10-10 09:40:00,137.4,137.45,137.55,136.7,7183890.699999999,52381,2025-10-10 09:49:59
2025-10-10 09:50:00,137.45,137.15,137.55,137.1,1854777.9500000002,13508,2025-10-10 09:59:59
2025-10-10 10:00:00,137.15,136.75,137.15,136.25,4341765.199999999,31785,2025-10-10 10:09:59
2025-10-10 10:10:00,136.75,136.7,136.75,136.35,1555863.2500000002,11394,2025-10-10 10:19:59
2025-10-10 10:20:00,136.65,136.55,136.75,136.35,1465391.4999999995,10733,2025-10-10 10:29:59
2025-10-10 10:30:00,136.5,136.85,136.9,136.2,2839419.5,20800,2025-10-10 10:39:59
2025-10-10 10:40:00,136.85,136.75,136.9,136.5,167802.85,1228,2025-10-10 10:49:59
2025-10-10 10:50:00,136.75,136.55,136.85,136.55,40472.950000000004,296,2025-10-10 10:59:59
2025-10-10 11:00:00,136.55,136.8,136.8,136.3,1127024.6500000001,8257,2025-10-10 11:09:59
2025-10-10 11:10:00,136.7,136.75,136.8,136.45,609236.3000000002,4459,2025-10-10 11:19:59
2025-10-10 11:20:00,136.6,137.2,137.25,136.5,2114476.3499999996,15435,2025-10-10 11:29:59
2025-10-10 11:30:00,137.25,137.6,137.65,137.2,2946421.5,21440,2025-10-10 11:39:59
2025-10-10 11:40:00,137.6,137.4,137.7,137.2,2082888.7000000002,15147,2025-10-10 11:49:59
2025-10-10 11:50:00,137.4,137.5,137.5,137.15,1245465.4500000002,9070,2025-10-10 11:59:59
2025-10-10 12:00:00,137.5,137.2,137.5,136.65,2403608.9,17535,2025-10-10 12:09:59
2025-10-10 12:10:00,137.25,136.95,137.25,136.95,828410.55,6042,2025-10-10 12:19:59
2025-10-10 12:20:00,136.95,136.9,137.1,136.75,425894.64999999997,3111,2025-10-10 12:29:59
2025-10-10 12:30:00,136.85,136.95,137.2,136.8,1203947.8499999999,8782,2025-10-10 12:39:59
2025-10-10 12:40:00,137.0,137.25,137.25,136.85,445600.15,3253,2025-10-10 12:49:59
2025-10-10 12:50:00,137.25,136.95,137.35,136.75,5408056.350000001,39422,2025-10-10 12:59:59
2025-10-10 13:00:00,137.1,137.2,137.2,136.95,151769.15,1107,2025-10-10 13:09:59
2025-10-10 13:10:00,137.2,137.15,137.2,136.85,1009281.3999999999,7364,2025-10-10 13:19:59
2025-10-10 13:20:00,137.15,136.8,137.2,136.8,774699.4999999999,5656,2025-10-10 13:29:59
2025-10-10 13:30:00,136.75,137.1,137.1,136.4,4876046.05,35664,2025-10-10 13:39:59
2025-10-10 13:40:00,137.0,136.6,137.05,136.35,2452757.35,17964,2025-10-10 13:49:59
2025-10-10 13:50:00,136.5,136.75,136.75,136.5,874318.3999999999,6400,2025-10-10 13:59:59
2025-10-10 14:00:00,136.75,136.5,136.85,136.4,1405534.9,10287,2025-10-10 14:09:59
2025-10-10 14:10:00,136.6,136.85,136.85,136.5,504009.94999999995,3687,2025-10-10 14:19:59
2025-10-10 14:20:00,136.75,136.6,136.85,136.45,688805.95,5044,2025-10-10 14:29:59
2025-10-10 14:30:00,136.6,136.75,136.8,136.5,259641.0,1900,2025-10-10 14:39:59
2025-10-10 14:40:00,136.75,136.95,136.95,136.75,1805221.9999999998,13184,2025-10-10 14:49:59
2025-10-10 14:50:00,136.95,136.8,137.0,136.6,979508.6500000001,7159,2025-10-10 14:59:59
2025-10-10 15:00:00,136.8,136.8,136.9,136.65,1636978.9,11964,2025-10-10 15:09:59
2025-10-10 15:10:00,136.8,136.55,136.8,136.55,2775484.3,20318,2025-10-10 15:19:59
2025-10-10 15:20:00,136.6,136.4,136.7,136.3,9116282.299999999,66821,2025-10-10 15:29:59
2025-10-10 15:30:00,136.3,135.8,136.4,135.75,9650840.150000002,70912,2025-10-10 15:39:59
2025-10-10 15:40:00,135.8,135.55,135.9,135.3,13177437.149999999,97177,2025-10-10 15:49:59
2025-10-10 15:50:00,135.6,135.2,135.6,135.2,8124985.1,60052,2025-10-10 15:59:59
2025-10-10 16:00:00,135.25,135.65,135.7,135.1,3478135.9,25704,2025-10-10 16:09:59
2025-10-10 16:10:00,135.65,135.65,135.7,135.25,1440168.6500000001,10629,2025-10-10 16:19:59
2025-10-10 16:20:00,135.65,135.05,135.65,135.0,6667405.85,49319,2025-10-10 16:29:59
2025-10-10 16:30:00,135.15,135.1,135.35,135.0,2236957.55,16551,2025-10-10 16:39:59
2025-10-10 16:40:00,135.1,135.4,135.45,134.85,4217513.2,31213,2025-10-10 16:49:59
2025-10-10 16:50:00,135.4,135.4,135.5,134.85,2524166.2500000005,18665,2025-10-10 16:59:59
2025-10-10 17:00:00,135.4,135.65,135.65,135.0,2503155.95,18486,2025-10-10 17:09:59
2025-10-10 17:10:00,135.65,135.55,135.75,135.5,1195979.3,8815,2025-10-10 17:19:59
2025-10-10 17:20:00,135.55,135.5,135.75,135.45,1593971.2999999998,11755,2025-10-10 17:29:59
2025-10-10 17:30:00,135.45,135.4,135.6,135.1,1062496.05,7846,2025-10-10 17:39:59
2025-10-10 17:40:00,135.45,135.6,135.6,135.35,1520396.05,11219,2025-10-10 17:49:59
2025-10-10 17:50:00,135.6,135.5,135.6,135.25,5531325.949999999,40811,2025-10-10 17:59:59
2025-10-10 18:00:00,135.55,135.35,135.6,135.3,2306366.0,17021,2025-10-10 18:09:59
2025-10-10 18:10:00,135.4,135.65,135.65,135.1,3554638.5999999996,26222,2025-10-10 18:19:59
2025-10-10 18:20:00,135.65,135.75,135.75,135.3,4061757.2000000007,29966,2025-10-10 18:29:59
2025-10-10 18:30:00,135.6,135.85,136.1,135.45,1701826.3000000003,12535,2025-10-10 18:39:59
2025-10-10 18:40:00,135.85,135.85,135.85,135.85,37358.75,275,2025-10-10 18:49:59
2025-10-10 19:00:00,135.95,135.95,135.95,135.65,914925.2999999999,6736,2025-10-10 19:09:59
2025-10-10 19:10:00,135.95,136.0,136.4,135.75,760718.4000000001,5590,2025-10-10 19:19:59
2025-10-10 19:20:00,136.0,136.25,136.25,136.0,386483.69999999995,2839,2025-10-10 19:29:59
2025-10-10 19:30:00,136.25,136.25,136.3,136.0,1165099.9,8561,2025-10-10 19:39:59
2025-10-10 19:40:00,136.3,136.25,136.3,136.1,139094.40000000002,1021,2025-10-10 19:49:59
2025-10-10 19:50:00,136.25,136.15,136.35,136.15,456858.74999999994,3352,2025-10-10 19:59:59
2025-10-10 20:00:00,136.15,136.35,136.4,136.0,1921645.4999999998,14104,2025-10-10 20:09:59
2025-10-10 20:10:00,136.35,136.5,136.55,136.15,5814594.7,42614,2025-10-10 20:19:59
2025-10-10 20:20:00,136.5,137.15,137.2,136.4,7381530.300000001,53951,2025-10-10 20:29:59
2025-10-10 20:30:00,137.05,137.5,137.55,137.0,7539814.500000001,54875,2025-10-10 20:39:59
2025-10-10 20:40:00,137.5,136.7,137.5,136.7,3663213.5999999996,26746,2025-10-10 20:49:59
2025-10-10 20:50:00,136.9,137.1,137.1,136.9,808683.6000000001,5900,2025-10-10 20:59:59
2025-10-10 21:00:00,137.1,136.7,137.1,136.7,1093272.7,7991,2025-10-10 21:09:59
2025-10-10 21:10:00,136.7,137.0,137.0,136.65,1180224.7000000002,8629,2025-10-10 21:19:59
2025-10-10 21:20:00,137.0,136.9,137.0,136.65,1110938.25,8119,2025-10-10 21:29:59
2025-10-10 21:30:00,136.8,136.9,136.9,136.75,395702.6,2893,2025-10-10 21:39:59
2025-10-10 21:40:00,136.9,136.7,136.9,136.5,1423595.2000000002,10416,2025-10-10 21:49:59
2025-10-10 21:50:00,136.7,136.5,136.7,136.45,440490.35000000003,3227,2025-10-10 21:59:59
2025-10-10 22:00:00,136.5,136.65,136.65,136.5,125363.79999999997,918,2025-10-10 22:09:59
2025-10-10 22:10:00,136.65,136.55,136.65,136.35,767903.65,5627,2025-10-10 22:19:59
2025-10-10 22:20:00,136.55,136.6,136.65,136.45,520245.5,3809,2025-10-10 22:29:59
2025-10-10 22:30:00,136.65,136.65,136.65,136.6,82808.79999999999,606,2025-10-10 22:39:59
2025-10-10 22:40:00,136.65,136.7,136.75,136.65,802830.8,5875,2025-10-10 22:49:59
2025-10-10 22:50:00,136.7,136.75,136.75,136.65,175980.0,1287,2025-10-10 22:59:59
2025-10-10 23:00:00,136.75,136.7,136.75,136.65,359625.75,2631,2025-10-10 23:09:59
2025-10-10 23:10:00,136.7,136.7,136.7,136.6,982577.45,7190,2025-10-10 23:19:59
2025-10-10 23:20:00,136.7,136.55,136.7,136.5,444904.4999999999,3258,2025-10-10 23:29:59
2025-10-10 23:30:00,136.55,136.65,136.75,136.5,890042.15,6514,2025-10-10 23:39:59
2025-10-10 23:40:00,136.65,136.85,137.2,136.5,4879834.55,35635,2025-10-10 23:49:14
2025-10-11 09:50:00,136.85,136.85,136.85,136.85,182147.35000000003,1331,2025-10-11 09:59:59
2025-10-11 10:00:00,136.8,136.5,137.0,136.3,622752.6500000001,4564,2025-10-11 10:09:59
2025-10-11 10:10:00,136.5,136.65,136.7,136.2,276319.7,2027,2025-10-11 10:19:59
2025-10-11 10:20:00,136.6,136.55,136.7,136.3,170624.09999999998,1249,2025-10-11 10:29:59
2025-10-11 10:30:00,136.45,136.35,136.45,136.2,906154.3999999999,6648,2025-10-11 10:39:59
2025-10-11 10:40:00,136.25,136.4,136.4,136.25,359031.64999999997,2634,2025-10-11 10:49:59
2025-10-11 10:50:00,136.3,136.3,136.4,136.25,18399.050000000003,135,2025-10-11 10:59:59
2025-10-11 11:00:00,136.3,136.3,136.3,136.25,106171.45,779,2025-10-11 11:09:59
2025-10-11 11:10:00,136.5,136.45,136.5,136.25,15136.7,111,2025-10-11 11:19:59
2025-10-11 11:20:00,136.35,136.55,136.7,136.35,226277.8,1657,2025-10-11 11:29:59
2025-10-11 11:30:00,136.55,136.55,136.75,136.55,190653.69999999998,1395,2025-10-11 11:39:59
2025-10-11 11:40:00,136.7,136.65,136.7,136.55,47677.85,349,2025-10-11 11:49:59
2025-10-11 11:50:00,136.65,136.55,136.65,136.35,597836.35,4383,2025-10-11 11:59:06
2025-10-11 12:00:00,136.55,136.65,136.65,136.45,136821.05,1002,2025-10-11 12:09:59
2025-10-11 12:10:00,136.65,136.65,136.65,136.55,61746.24999999999,452,2025-10-11 12:19:59
2025-10-11 12:20:00,136.65,136.55,136.65,136.55,158734.7,1162,2025-10-11 12:29:59
2025-10-11 12:30:00,136.55,136.7,136.7,136.5,393729.8,2882,2025-10-11 12:39:59
2025-10-11 12:40:00,136.7,136.65,136.7,136.55,50700.55,371,2025-10-11 12:49:59
2025-10-11 12:50:00,136.7,136.7,136.7,136.65,59874.2,438,2025-10-11 12:59:59
2025-10-11 13:00:00,136.7,136.7,136.7,136.65,73938.3,541,2025-10-11 13:09:59
2025-10-11 13:10:00,136.7,136.7,136.7,136.65,73256.09999999999,536,2025-10-11 13:19:59
2025-10-11 13:20:00,136.65,136.65,136.7,136.65,27473.4,201,2025-10-11 13:29:59
2025-10-11 13:30:00,136.65,136.7,136.7,136.65,22965.55,168,2025-10-11 13:39:59
2025-10-11 13:40:00,136.65,136.7,136.7,136.6,999655.15,7313,2025-10-11 13:49:59
2025-10-11 13:50:00,136.7,136.6,136.7,136.6,57686.59999999999,422,2025-10-11 13:59:59
2025-10-11 14:00:00,136.6,136.65,136.7,136.6,16531.1,121,2025-10-11 14:09:59
2025-10-11 14:10:00,136.65,136.95,136.95,136.6,386913.4000000001,2827,2025-10-11 14:19:59
2025-10-11 14:20:00,136.95,136.9,136.95,136.9,9721.15,71,2025-10-11 14:29:59
2025-10-11 14:30:00,136.9,136.9,136.95,136.9,49574.350000000006,362,2025-10-11 14:39:59
2025-10-11 14:40:00,136.9,136.95,136.95,136.8,197617.10000000006,1443,2025-10-11 14:49:59
2025-10-11 14:50:00,136.7,136.7,136.95,136.65,85985.75000000001,629,2025-10-11 14:59:59
2025-10-11 15:00:00,136.7,136.8,136.95,136.5,1154973.4999999998,8459,2025-10-11 15:09:59
2025-10-11 15:10:00,136.8,136.85,136.9,136.75,41049.59999999999,300,2025-10-11 15:19:59
2025-10-11 15:20:00,136.85,136.85,136.9,136.85,3558.45,26,2025-10-11 15:29:59
2025-10-11 15:30:00,136.9,137.0,137.0,136.85,614474.9500000002,4487,2025-10-11 15:39:59
2025-10-11 15:40:00,137.0,136.9,137.0,136.85,19581.0,143,2025-10-11 15:49:59
2025-10-11 15:50:00,136.9,137.0,137.0,136.85,236552.05,1727,2025-10-11 15:59:59
2025-10-11 16:00:00,137.0,137.15,137.15,137.0,931123.2000000002,6796,2025-10-11 16:09:59
2025-10-11 16:10:00,137.15,137.1,137.15,137.0,56622.90000000001,413,2025-10-11 16:19:59
2025-10-11 16:20:00,137.1,137.0,137.1,136.9,73837.6,539,2025-10-11 16:29:59
2025-10-11 16:30:00,137.0,136.9,137.0,136.9,6983.0,51,2025-10-11 16:39:59
2025-10-11 16:40:00,137.0,137.0,137.0,136.9,31783.4,232,2025-10-11 16:49:59
2025-10-11 16:50:00,136.9,137.0,137.0,136.85,136123.80000000002,994,2025-10-11 16:59:59
2025-10-11 17:00:00,136.85,136.85,137.0,136.85,33950.85,248,2025-10-11 17:09:59
2025-10-11 17:10:00,136.95,136.95,136.95,136.75,228728.8,1672,2025-10-11 17:19:59
2025-10-11 17:20:00,136.95,136.8,136.95,136.8,41179.0,301,2025-10-11 17:29:59
