begin,open,close,high,low,value,volume,end
2025-08-20 09:50:00,1.17,1.17,1.17,1.17,6123780.0,5234000,2025-08-20 09:59:59
2025-08-20 10:00:00,1.17,1.0145,1.17,1.0137,163207940.99999997,153852000,2025-08-20 10:09:59
2025-08-20 10:10:00,1.014,1.0036,1.0324,1.002,88892107.1,87439000,2025-08-20 10:19:59
2025-08-20 10:20:00,1.0036,0.975,1.01,0.9672,86394611.39999999,87257000,2025-08-20 10:29:59
2025-08-20 10:30:00,0.975,0.975,0.988,0.97,64372542.50000001,65829000,2025-08-20 10:39:59
2025-08-20 10:40:00,0.976,0.9944,0.9986,0.974,31621520.200000003,32049000,2025-08-20 10:49:59
2025-08-20 10:50:00,0.994,0.981,0.9962,0.976,28064311.700000007,28479000,2025-08-20 10:59:59
2025-08-20 11:00:00,0.981,0.9685,0.985,0.967,34116714.699999996,34948000,2025-08-20 11:09:59
2025-08-20 11:10:00,0.9683,0.96,0.972,0.9565,34953006.10000001,36287000,2025-08-20 11:19:59
2025-08-20 11:20:00,0.96,0.9367,0.966,0.925,84331697.90000007,89094000,2025-08-20 11:29:59
2025-08-20 11:30:00,0.9367,0.9264,0.9402,0.911,51619057.49999999,55948000,2025-08-20 11:39:59
2025-08-20 11:40:00,0.9264,0.9296,0.9356,0.9252,22109088.0,23748000,2025-08-20 11:49:59
2025-08-20 11:50:00,0.9293,0.9411,0.9478,0.9185,75564748.60000001,81101000,2025-08-20 11:59:59
2025-08-20 12:00:00,0.9408,0.9386,0.945,0.9344,36484147.49999999,38723000,2025-08-20 12:09:59
2025-08-20 12:10:00,0.9408,0.9566,0.9573,0.9408,52640274.00000002,55437000,2025-08-20 12:19:59
2025-08-20 12:20:00,0.9568,0.9651,0.9779,0.952,89889075.60000001,93118000,2025-08-20 12:29:59
2025-08-20 12:30:00,0.9629,0.9637,0.9791,0.96,72459104.00000001,74579000,2025-08-20 12:39:59
2025-08-20 12:40:00,0.964,0.9634,0.9677,0.9582,63047498.89999999,65514000,2025-08-20 12:49:59
2025-08-20 12:50:00,0.9634,0.9684,0.9688,0.96,25196198.3,26108000,2025-08-20 12:59:59
2025-08-20 13:00:00,0.9684,0.9676,0.97,0.9656,31187339.499999993,32187000,2025-08-20 13:09:59
2025-08-20 13:10:00,0.9678,0.9633,0.968,0.9631,11364164.999999998,11768000,2025-08-20 13:19:59
2025-08-20 13:20:00,0.9633,0.9661,0.9671,0.961,13169886.5,13664000,2025-08-20 13:29:59
2025-08-20 13:30:00,0.9665,0.968,0.968,0.9633,9202129.200000001,9516000,2025-08-20 13:39:59
2025-08-20 13:40:00,0.968,0.9671,0.968,0.9661,6156976.1,6366000,2025-08-20 13:49:59
2025-08-20 13:50:00,0.9673,0.9632,0.968,0.9592,17075605.700000003,17700000,2025-08-20 13:59:59
2025-08-20 14:00:00,0.9632,0.9646,0.9673,0.9581,20687099.299999997,21448000,2025-08-20 14:09:59
2025-08-20 14:10:00,0.9645,0.9641,0.9648,0.9587,19419156.200000003,20195000,2025-08-20 14:19:59
2025-08-20 14:20:00,0.9635,0.9536,0.9636,0.9511,26366870.299999997,27563000,2025-08-20 14:29:59
2025-08-20 14:30:00,0.9532,0.9592,0.9611,0.9532,13210396.2,13814000,2025-08-20 14:39:59
2025-08-20 14:40:00,0.9592,0.961,0.9632,0.9464,23515041.0,24624000,2025-08-20 14:49:59
2025-08-20 14:50:00,0.9615,0.966,0.9664,0.961,20240540.300000004,20991000,2025-08-20 14:59:59
2025-08-20 15:00:00,0.9661,0.9661,0.9666,0.9638,9241418.399999999,9573000,2025-08-20 15:09:59
2025-08-20 15:10:00,0.9661,0.9685,0.969,0.966,21345466.000000004,22061000,2025-08-20 15:19:59
2025-08-20 15:20:00,0.9685,0.9686,0.9689,0.966,18898664.999999996,19527000,2025-08-20 15:29:59
2025-08-20 15:30:00,0.9686,0.9684,0.974,0.964,121845232.00000006,125697000,2025-08-20 15:39:59
2025-08-20 15:40:00,0.9669,0.9735,0.9745,0.9664,16611422.5,17103000,2025-08-20 15:49:59
2025-08-20 15:50:00,0.9735,0.974,0.9755,0.9713,11920909.700000001,12238000,2025-08-20 15:59:59
2025-08-20 16:00:00,0.9741,0.9723,0.9748,0.968,11097397.200000001,11428000,2025-08-20 16:09:59
2025-08-20 16:10:00,0.9716,0.9698,0.9722,0.968,5868405.699999999,6048000,2025-08-20 16:19:59
2025-08-20 16:20:00,0.9698,0.9712,0.972,0.9682,3928401.0999999996,4046000,2025-08-20 16:29:59
2025-08-20 16:30:00,0.9708,0.9629,0.972,0.957,12795142.1,13251000,2025-08-20 16:39:59
2025-08-20 16:40:00,0.9616,0.9615,0.9658,0.9587,6033060.9,6266000,2025-08-20 16:49:59
2025-08-20 16:50:00,0.9619,0.9654,0.9677,0.961,3153570.5,3271000,2025-08-20 16:59:59
2025-08-20 17:00:00,0.9653,0.9691,0.9712,0.9636,7794537.2,8055000,2025-08-20 17:09:59
2025-08-20 17:10:00,0.9678,0.9745,0.9753,0.965,12987867.5,13368000,2025-08-20 17:19:59
2025-08-20 17:20:00,0.9742,0.9734,0.9753,0.9713,9504210.799999999,9757000,2025-08-20 17:29:59
2025-08-20 17:30:00,0.9734,0.9735,0.9753,0.9711,15085049.0,15507000,2025-08-20 17:39:59
2025-08-20 17:40:00,0.9735,0.9719,0.9737,0.9692,7701384.500000002,7929000,2025-08-20 17:49:59
2025-08-20 17:50:00,0.972,0.9678,0.9726,0.9655,8095072.099999999,8356000,2025-08-20 17:59:59
2025-08-20 18:00:00,0.9694,0.971,0.9716,0.9683,1973925.1999999997,2034000,2025-08-20 18:09:59
2025-08-20 18:10:00,0.9715,0.9704,0.9724,0.97,2140564.6999999997,2203000,2025-08-20 18:19:59
2025-08-20 18:20:00,0.971,0.9723,0.9726,0.9688,10608892.700000001,10936000,2025-08-20 18:29:59
2025-08-20 18:30:00,0.9723,0.9719,0.9723,0.97,4079532.3000000003,4200000,2025-08-20 18:39:59
2025-08-20 18:40:00,0.972,0.972,0.972,0.972,311040.0,320000,2025-08-20 18:49:59
2025-08-21 09:50:00,0.97,0.97,0.97,0.97,1856580.0,1914000,2025-08-21 09:59:59
2025-08-21 10:00:00,0.97,0.9728,0.9733,0.9627,14519034.8,14977000,2025-08-21 10:09:59
2025-08-21 10:10:00,0.9726,0.9619,0.9728,0.96,13763608.900000002,14255000,2025-08-21 10:19:59
2025-08-21 10:20:00,0.9646,0.9526,0.9646,0.9462,20456171.0,21388000,2025-08-21 10:29:59
2025-08-21 10:30:00,0.9526,0.9407,0.9558,0.9265,31948187.499999996,33984000,2025-08-21 10:39:59
2025-08-21 10:40:00,0.9409,0.944,0.948,0.9401,10514139.900000002,11139000,2025-08-21 10:49:59
2025-08-21 10:50:00,0.944,0.9499,0.9534,0.944,5234496.499999999,5516000,2025-08-21 10:59:59
2025-08-21 11:00:00,0.9498,0.9408,0.951,0.9401,9539997.3,10109000,2025-08-21 11:09:59
2025-08-21 11:10:00,0.9409,0.9429,0.9433,0.938,12713394.4,13509000,2025-08-21 11:19:59
2025-08-21 11:20:00,0.9429,0.9438,0.9439,0.942,2416393.7,2562000,2025-08-21 11:29:59
2025-08-21 11:30:00,0.9438,0.9428,0.9439,0.9425,5258895.2,5577000,2025-08-21 11:39:59
2025-08-21 11:40:00,0.9428,0.9446,0.9447,0.9425,4010923.5000000005,4249000,2025-08-21 11:49:59
2025-08-21 11:50:00,0.9446,0.9432,0.9446,0.9429,2091253.9000000001,2216000,2025-08-21 11:59:59
2025-08-21 12:00:00,0.9429,0.941,0.9433,0.941,4280938.199999999,4542000,2025-08-21 12:09:59
2025-08-21 12:10:00,0.941,0.941,0.9424,0.94,2588215.3000000003,2751000,2025-08-21 12:19:59
2025-08-21 12:20:00,0.941,0.9401,0.9423,0.9393,2325171.5,2472000,2025-08-21 12:29:59
2025-08-21 12:30:00,0.9401,0.9365,0.941,0.9351,9648850.299999997,10294000,2025-08-21 12:39:59
2025-08-21 12:40:00,0.9365,0.9374,0.9375,0.9361,3610163.6999999997,3852000,2025-08-21 12:49:59
2025-08-21 12:50:00,0.9371,0.9385,0.9392,0.9368,9508057.300000003,10139000,2025-08-21 12:59:59
2025-08-21 13:00:00,0.9386,0.9367,0.9387,0.9366,2761137.2,2945000,2025-08-21 13:09:59
2025-08-21 13:10:00,0.9367,0.9358,0.9386,0.934,8289935.700000001,8860000,2025-08-21 13:19:59
2025-08-21 13:20:00,0.9352,0.9331,0.9362,0.9314,6553689.000000001,7021000,2025-08-21 13:29:59
2025-08-21 13:30:00,0.9331,0.9292,0.9345,0.928,13689893.8,14719000,2025-08-21 13:39:59
2025-08-21 13:40:00,0.9291,0.9234,0.9313,0.9212,19711290.800000004,21301000,2025-08-21 13:49:59
2025-08-21 13:50:00,0.9234,0.922,0.9238,0.915,22280123.39999999,24229000,2025-08-21 13:59:59
2025-08-21 14:00:00,0.9208,0.9224,0.9278,0.9177,106729975.8000001,115451000,2025-08-21 14:09:59
2025-08-21 14:10:00,0.9224,0.9283,0.9312,0.921,10296166.299999999,11105000,2025-08-21 14:19:59
2025-08-21 14:20:00,0.9283,0.9321,0.9324,0.9272,6184557.7,6652000,2025-08-21 14:29:59
2025-08-21 14:30:00,0.932,0.929,0.9325,0.929,5866506.1,6300000,2025-08-21 14:39:59
2025-08-21 14:40:00,0.93,0.9289,0.9314,0.9267,1772536.7,1908000,2025-08-21 14:49:59
2025-08-21 14:50:00,0.9294,0.9291,0.9324,0.9283,2203212.2,2368000,2025-08-21 14:59:59
2025-08-21 15:00:00,0.9295,0.9268,0.9295,0.9256,2147857.6999999997,2315000,2025-08-21 15:09:59
2025-08-21 15:10:00,0.9265,0.9263,0.9274,0.9258,1143734.7999999996,1234000,2025-08-21 15:19:59
2025-08-21 15:20:00,0.926,0.9248,0.926,0.9211,5117857.5,5540000,2025-08-21 15:29:59
2025-08-21 15:30:00,0.9248,0.9224,0.9274,0.9202,5732128.700000001,6207000,2025-08-21 15:39:59
2025-08-21 15:40:00,0.9225,0.9244,0.925,0.9223,1822792.8,1973000,2025-08-21 15:49:59
2025-08-21 15:50:00,0.924,0.9256,0.9259,0.9227,960028.4,1038000,2025-08-21 15:59:59
2025-08-21 16:00:00,0.9252,0.9267,0.9297,0.9252,2389096.6,2576000,2025-08-21 16:09:59
2025-08-21 16:10:00,0.928,0.9278,0.9296,0.9251,3605107.7,3884000,2025-08-21 16:19:59
2025-08-21 16:20:00,0.9277,0.9268,0.93,0.9248,3953477.7,4257000,2025-08-21 16:29:59
2025-08-21 16:30:00,0.9259,0.9211,0.9275,0.921,2813968.2,3042000,2025-08-21 16:39:59
2025-08-21 16:40:00,0.921,0.9169,0.9247,0.9151,14202447.1,15444000,2025-08-21 16:49:59
2025-08-21 16:50:00,0.9168,0.9164,0.9187,0.9131,4375221.1,4776000,2025-08-21 16:59:59
2025-08-21 17:00:00,0.9154,0.9162,0.9168,0.9133,3479532.8000000003,3805000,2025-08-21 17:09:59
2025-08-21 17:10:00,0.9163,0.9165,0.9177,0.915,3031729.400000001,3307000,2025-08-21 17:19:59
2025-08-21 17:20:00,0.9165,0.9172,0.9175,0.915,1126900.1,1229000,2025-08-21 17:29:59
2025-08-21 17:30:00,0.9171,0.9169,0.9175,0.9161,1403276.5,1530000,2025-08-21 17:39:59
2025-08-21 17:40:00,0.9173,0.9156,0.9175,0.9155,617687.7,674000,2025-08-21 17:49:59
2025-08-21 17:50:00,0.9158,0.9172,0.9173,0.9156,1114344.0000000002,1216000,2025-08-21 17:59:59
2025-08-21 18:00:00,0.9167,0.9141,0.9171,0.9121,5658724.899999999,6187000,2025-08-21 18:09:59
2025-08-21 18:10:00,0.9144,0.9119,0.9157,0.905,29607891.499999996,32592000,2025-08-21 18:19:59
2025-08-21 18:20:00,0.9114,0.9183,0.9198,0.9062,9310263.7,10170000,2025-08-21 18:29:59
2025-08-21 18:30:00,0.9183,0.9168,0.9185,0.9101,4863588.5,5315000,2025-08-21 18:39:59
2025-08-21 18:40:00,0.9159,0.9159,0.9159,0.9159,293088.0,320000,2025-08-21 18:49:59
2025-08-22 09:50:00,0.916,0.916,0.916,0.916,115416.0,126000,2025-08-22 09:59:59
2025-08-22 10:00:00,0.9166,0.9162,0.9243,0.9159,4382544.3,4766000,2025-08-22 10:09:59
2025-08-22 10:10:00,0.9161,0.9055,0.9177,0.9014,9454541.600000001,10421000,2025-08-22 10:19:59
2025-08-22 10:20:00,0.9054,0.8963,0.9056,0.8889,29354907.399999995,32808000,2025-08-22 10:29:59
2025-08-22 10:30:00,0.896,0.8966,0.8968,0.8938,6730797.3,7517000,2025-08-22 10:39:59
2025-08-22 10:40:00,0.8957,0.8932,0.8957,0.8901,7519373.100000001,8418000,2025-08-22 10:49:59
2025-08-22 10:50:00,0.8932,0.8935,0.8935,0.8902,2993983.1,3358000,2025-08-22 10:59:59
2025-08-22 11:00:00,0.8934,0.8923,0.8938,0.8913,8426666.400000002,9431000,2025-08-22 11:09:59
2025-08-22 11:10:00,0.8922,0.8938,0.8938,0.8922,5310980.499999999,5944000,2025-08-22 11:19:59
2025-08-22 11:20:00,0.8938,0.8868,0.8938,0.8863,16538680.7,18596000,2025-08-22 11:29:59
2025-08-22 11:30:00,0.887,0.889,0.8899,0.8866,3352922.7000000007,3772000,2025-08-22 11:39:59
2025-08-22 11:40:00,0.889,0.8804,0.8894,0.8801,15228084.600000001,17241000,2025-08-22 11:49:59
2025-08-22 11:50:00,0.8811,0.8777,0.8817,0.8727,22908846.400000002,26093000,2025-08-22 11:59:59
2025-08-22 12:00:00,0.8777,0.872,0.878,0.87,30567357.1,35020000,2025-08-22 12:09:59
2025-08-22 12:10:00,0.8724,0.8738,0.8749,0.871,9287484.000000002,10643000,2025-08-22 12:19:59
2025-08-22 12:20:00,0.8739,0.868,0.876,0.8678,17109592.5,19597000,2025-08-22 12:29:59
2025-08-22 12:30:00,0.868,0.8694,0.8727,0.8667,11467411.200000003,13189000,2025-08-22 12:39:59
2025-08-22 12:40:00,0.8694,0.8643,0.8699,0.8625,16659495.8,19239000,2025-08-22 12:49:59
2025-08-22 12:50:00,0.8645,0.8649,0.865,0.863,9147140.499999998,10577000,2025-08-22 12:59:59
2025-08-22 13:00:00,0.8646,0.8638,0.867,0.86,19730610.000000004,22893000,2025-08-22 13:09:59
2025-08-22 13:10:00,0.8638,0.8697,0.8698,0.8608,9554691.2,11033000,2025-08-22 13:19:59
2025-08-22 13:20:00,0.8698,0.8751,0.876,0.8684,14747814.799999997,16930000,2025-08-22 13:29:59
2025-08-22 13:30:00,0.8756,0.8743,0.8759,0.8721,5099258.7,5831000,2025-08-22 13:39:59
2025-08-22 13:40:00,0.8743,0.8724,0.8749,0.8707,4174296.6999999997,4779000,2025-08-22 13:49:59
2025-08-22 13:50:00,0.8724,0.8719,0.8771,0.8708,7850090.399999998,8975000,2025-08-22 13:59:59
2025-08-22 14:00:00,0.8719,0.8678,0.872,0.8655,8874167.299999997,10219000,2025-08-22 14:09:59
2025-08-22 14:10:00,0.8678,0.8695,0.872,0.8672,6293322.0,7242000,2025-08-22 14:19:59
2025-08-22 14:20:00,0.8694,0.8697,0.87,0.8683,2266648.3,2607000,2025-08-22 14:29:59
2025-08-22 14:30:00,0.8697,0.869,0.87,0.8681,3679865.3000000003,4233000,2025-08-22 14:39:59
2025-08-22 14:40:00,0.8692,0.8691,0.87,0.8683,5136231.000000001,5906000,2025-08-22 14:49:59
2025-08-22 14:50:00,0.8691,0.8676,0.8695,0.8664,2527418.0,2912000,2025-08-22 14:59:59
2025-08-22 15:00:00,0.867,0.8649,0.8684,0.8631,7308986.8999999985,8448000,2025-08-22 15:09:59
2025-08-22 15:10:00,0.8648,0.8678,0.868,0.8634,4282898.5,4940000,2025-08-22 15:19:59
2025-08-22 15:20:00,0.8678,0.8673,0.8683,0.867,2085988.4000000001,2404000,2025-08-22 15:29:59
2025-08-22 15:30:00,0.8674,0.8674,0.868,0.8661,1269449.7000000004,1464000,2025-08-22 15:39:59
2025-08-22 15:40:00,0.8673,0.8681,0.8681,0.867,1248009.5,1438000,2025-08-22 15:49:59
2025-08-22 15:50:00,0.8681,0.8674,0.87,0.8661,6036794.099999999,6952000,2025-08-22 15:59:59
2025-08-22 16:00:00,0.8679,0.869,0.87,0.8661,5521464.1,6351000,2025-08-22 16:09:59
2025-08-22 16:10:00,0.8689,0.8696,0.87,0.8673,16120893.8,18534000,2025-08-22 16:19:59
2025-08-22 16:20:00,0.8696,0.8692,0.87,0.8677,2851649.0,3279000,2025-08-22 16:29:59
2025-08-22 16:30:00,0.8692,0.87,0.87,0.8691,5002930.0,5751000,2025-08-22 16:39:59
2025-08-22 16:40:00,0.87,0.8723,0.8731,0.8698,4336808.399999999,4973000,2025-08-22 16:49:59
2025-08-22 16:50:00,0.8725,0.8695,0.8725,0.8692,1419389.9999999998,1630000,2025-08-22 16:59:59
2025-08-22 17:00:00,0.8695,0.8702,0.871,0.8662,3853027.000000001,4434000,2025-08-22 17:09:59
2025-08-22 17:10:00,0.8707,0.8701,0.871,0.87,1897473.8,2180000,2025-08-22 17:19:59
2025-08-22 17:20:00,0.8702,0.8702,0.8706,0.8683,3456118.5000000005,3973000,2025-08-22 17:29:59
2025-08-22 17:30:00,0.8704,0.8703,0.8705,0.87,2014358.4000000004,2315000,2025-08-22 17:39:59
2025-08-22 17:40:00,0.8702,0.8703,0.8705,0.87,1576661.7000000002,1812000,2025-08-22 17:49:59
2025-08-22 17:50:00,0.8702,0.8703,0.8705,0.8701,3235570.8,3718000,2025-08-22 17:59:59
2025-08-22 18:00:00,0.8703,0.87,0.8704,0.8687,2799610.8,3218000,2025-08-22 18:09:59
2025-08-22 18:10:00,0.8704,0.8699,0.871,0.8693,16137219.399999999,18535000,2025-08-22 18:19:59
2025-08-22 18:20:00,0.8706,0.8689,0.871,0.8661,3841306.5,4419000,2025-08-22 18:29:59
2025-08-22 18:30:00,0.8681,0.8655,0.8707,0.8655,7537449.3,8689000,2025-08-22 18:39:59
2025-08-22 18:40:00,0.865,0.865,0.865,0.865,2665930.0,3082000,2025-08-22 18:49:59
2025-08-25 09:50:00,0.865,0.865,0.865,0.865,880570.0,1018000,2025-08-25 09:59:59
2025-08-25 10:00:00,0.8654,0.8719,0.8744,0.865,11845476.599999998,13612000,2025-08-25 10:09:59
2025-08-25 10:10:00,0.8723,0.8696,0.8748,0.8668,9066083.500000002,10400000,2025-08-25 10:19:59
2025-08-25 10:20:00,0.8683,0.8621,0.8708,0.8561,27095048.5,31418000,2025-08-25 10:29:59
2025-08-25 10:30:00,0.8613,0.862,0.8623,0.8613,1999004.1000000003,2319000,2025-08-25 10:39:59
2025-08-25 10:40:00,0.8616,0.8546,0.862,0.8528,6537186.200000001,7627000,2025-08-25 10:49:59
2025-08-25 10:50:00,0.8548,0.8561,0.8565,0.851,11347229.099999996,13299000,2025-08-25 10:59:59
2025-08-25 11:00:00,0.8561,0.8549,0.8578,0.8537,4655725.199999999,5438000,2025-08-25 11:09:59
2025-08-25 11:10:00,0.8549,0.8561,0.8586,0.8535,1437409.000000001,1678000,2025-08-25 11:19:59
2025-08-25 11:20:00,0.8562,0.8543,0.857,0.8533,4277482.5,5005000,2025-08-25 11:29:59
2025-08-25 11:30:00,0.8543,0.8534,0.8544,0.8523,3511628.300000003,4117000,2025-08-25 11:39:59
2025-08-25 11:40:00,0.8533,0.8528,0.8556,0.8523,3353364.3999999994,3931000,2025-08-25 11:49:59
2025-08-25 11:50:00,0.8528,0.853,0.8536,0.8523,3901075.3000000003,4576000,2025-08-25 11:59:59
2025-08-25 12:00:00,0.853,0.8537,0.8538,0.8528,276487.19999999995,324000,2025-08-25 12:09:59
2025-08-25 12:10:00,0.8538,0.8548,0.855,0.8538,863205.5999999999,1010000,2025-08-25 12:19:59
2025-08-25 12:20:00,0.8548,0.8519,0.856,0.8501,9648519.399999999,11318000,2025-08-25 12:29:59
2025-08-25 12:30:00,0.8512,0.848,0.852,0.8462,5401657.500000001,6359000,2025-08-25 12:39:59
2025-08-25 12:40:00,0.8482,0.8542,0.8555,0.848,6715224.1000000015,7896000,2025-08-25 12:49:59
2025-08-25 12:50:00,0.8543,0.854,0.8554,0.8534,639027.1,748000,2025-08-25 12:59:59
2025-08-25 13:00:00,0.8539,0.8526,0.8551,0.8525,5035576.6,5904000,2025-08-25 13:09:59
2025-08-25 13:10:00,0.8526,0.8493,0.8553,0.8493,9810314.2,11512000,2025-08-25 13:19:59
2025-08-25 13:20:00,0.8494,0.852,0.8533,0.8494,8314212.9,9764000,2025-08-25 13:29:59
2025-08-25 13:30:00,0.8531,0.8532,0.8533,0.852,445892.7999999999,523000,2025-08-25 13:39:59
2025-08-25 13:40:00,0.8532,0.8522,0.8532,0.8522,796266.3999999999,934000,2025-08-25 13:49:59
2025-08-25 13:50:00,0.8528,0.8534,0.8534,0.852,2302672.6,2702000,2025-08-25 13:59:59
2025-08-25 14:00:00,0.8526,0.8502,0.8533,0.8447,5112659.000000001,6022000,2025-08-25 14:09:59
2025-08-25 14:10:00,0.8502,0.852,0.8525,0.8495,968926.0999999999,1139000,2025-08-25 14:19:59
2025-08-25 14:20:00,0.8526,0.8519,0.8534,0.85,2492068.5,2925000,2025-08-25 14:29:59
2025-08-25 14:30:00,0.8515,0.8488,0.852,0.8488,942228.2,1108000,2025-08-25 14:39:59
2025-08-25 14:40:00,0.8497,0.8505,0.8506,0.8481,411714.5,485000,2025-08-25 14:49:59
2025-08-25 14:50:00,0.8502,0.849,0.8502,0.8481,662364.4999999999,780000,2025-08-25 14:59:59
2025-08-25 15:00:00,0.849,0.85,0.851,0.849,1414479.7999999998,1663000,2025-08-25 15:09:59
2025-08-25 15:10:00,0.8499,0.85,0.8509,0.8499,186163.00000000003,219000,2025-08-25 15:19:59
2025-08-25 15:20:00,0.8501,0.8505,0.8519,0.85,1989555.4999999995,2338000,2025-08-25 15:29:59
2025-08-25 15:30:00,0.8507,0.852,0.852,0.8506,2151673.5999999996,2526000,2025-08-25 15:39:59
2025-08-25 15:40:00,0.8519,0.8509,0.852,0.8508,2245676.6,2636000,2025-08-25 15:49:59
2025-08-25 15:50:00,0.8509,0.8518,0.852,0.8483,1989738.4,2340000,2025-08-25 15:59:59
2025-08-25 16:00:00,0.852,0.852,0.852,0.8511,6768199.2,7944000,2025-08-25 16:09:59
2025-08-25 16:10:00,0.8519,0.8516,0.8519,0.8483,1125362.0,1324000,2025-08-25 16:19:59
2025-08-25 16:20:00,0.8508,0.8508,0.8515,0.8482,753268.0000000001,887000,2025-08-25 16:29:59
2025-08-25 16:30:00,0.8512,0.8509,0.8512,0.8503,85042.00000000001,100000,2025-08-25 16:39:59
2025-08-25 16:40:00,0.8509,0.8513,0.8513,0.85,238145.6,280000,2025-08-25 16:49:59
2025-08-25 16:50:00,0.851,0.8519,0.852,0.8506,5870832.000000001,6891000,2025-08-25 16:59:59
2025-08-25 17:00:00,0.8519,0.8491,0.852,0.8483,1583518.7000000004,1861000,2025-08-25 17:09:59
2025-08-25 17:10:00,0.8502,0.852,0.852,0.8502,1023654.8,1202000,2025-08-25 17:19:59
2025-08-25 17:20:00,0.8518,0.852,0.852,0.8491,2875859.5000000005,3377000,2025-08-25 17:29:59
2025-08-25 17:30:00,0.8519,0.8529,0.853,0.8475,6734832.100000001,7919000,2025-08-25 17:39:59
2025-08-25 17:40:00,0.8526,0.8531,0.854,0.8521,1972549.0999999999,2312000,2025-08-25 17:49:59
2025-08-25 17:50:00,0.853,0.8547,0.8547,0.8529,3117202.3000000003,3649000,2025-08-25 17:59:59
2025-08-25 18:00:00,0.8547,0.8574,0.8594,0.8545,13097318.000000007,15296000,2025-08-25 18:09:59
2025-08-25 18:10:00,0.857,0.8557,0.858,0.8549,1047454.3999999999,1223000,2025-08-25 18:19:59
2025-08-25 18:20:00,0.8559,0.8546,0.8559,0.8534,1170936.5,1371000,2025-08-25 18:29:59
2025-08-25 18:30:00,0.8547,0.853,0.8547,0.8521,1899698.0999999999,2227000,2025-08-25 18:39:59
2025-08-25 18:40:00,0.8512,0.8512,0.8512,0.8512,2513593.6,2953000,2025-08-25 18:49:59
2025-08-26 09:50:00,0.8514,0.8514,0.8514,0.8514,158360.4,186000,2025-08-26 09:59:59
2025-08-26 10:00:00,0.853,0.8599,0.8723,0.8475,14491468.200000005,16850000,2025-08-26 10:09:59
2025-08-26 10:10:00,0.8599,0.8586,0.8631,0.8557,9430898.399999999,10973000,2025-08-26 10:19:59
2025-08-26 10:20:00,0.859,0.8595,0.8641,0.8579,4921379.000000001,5717000,2025-08-26 10:29:59
2025-08-26 10:30:00,0.8593,0.8603,0.8606,0.858,937416.7999999998,1091000,2025-08-26 10:39:59
2025-08-26 10:40:00,0.8603,0.857,0.8607,0.857,1449562.7999999998,1690000,2025-08-26 10:49:59
2025-08-26 10:50:00,0.8571,0.8593,0.8595,0.8563,634270.3999999999,739000,2025-08-26 10:59:59
2025-08-26 11:00:00,0.8591,0.8564,0.8591,0.8515,2977218.5,3484000,2025-08-26 11:09:59
2025-08-26 11:10:00,0.8562,0.8558,0.8566,0.8516,2298669.0999999996,2690000,2025-08-26 11:19:59
2025-08-26 11:20:00,0.8558,0.8573,0.8575,0.855,710930.6000000001,830000,2025-08-26 11:29:59
2025-08-26 11:30:00,0.8568,0.8569,0.8577,0.8537,1180697.4000000001,1380000,2025-08-26 11:39:59
2025-08-26 11:40:00,0.857,0.8496,0.8576,0.8454,9414381.4,11073000,2025-08-26 11:49:59
2025-08-26 11:50:00,0.8496,0.8524,0.8532,0.8491,4435633.6,5214000,2025-08-26 11:59:59
2025-08-26 12:00:00,0.8528,0.8549,0.8549,0.8524,1110396.8,1301000,2025-08-26 12:09:59
2025-08-26 12:10:00,0.8547,0.8557,0.8574,0.8547,1938159.3,2265000,2025-08-26 12:19:59
2025-08-26 12:20:00,0.8557,0.8552,0.8563,0.8549,1027491.3999999999,1201000,2025-08-26 12:29:59
2025-08-26 12:30:00,0.856,0.8507,0.8565,0.85,7781066.0,9110000,2025-08-26 12:39:59
2025-08-26 12:40:00,0.8507,0.8506,0.851,0.85,765191.5999999999,900000,2025-08-26 12:49:59
2025-08-26 12:50:00,0.85,0.8518,0.8518,0.85,722482.5,849000,2025-08-26 12:59:59
2025-08-26 13:00:00,0.8513,0.8531,0.8531,0.8513,367438.4000000001,431000,2025-08-26 13:09:59
2025-08-26 13:10:00,0.8531,0.8534,0.8535,0.853,116045.5,136000,2025-08-26 13:19:59
2025-08-26 13:20:00,0.8534,0.8524,0.8536,0.8523,463966.19999999995,544000,2025-08-26 13:29:59
2025-08-26 13:30:00,0.8528,0.8517,0.8529,0.8514,618654.1,726000,2025-08-26 13:39:59
2025-08-26 13:40:00,0.8524,0.8536,0.8536,0.8516,1085863.9000000001,1274000,2025-08-26 13:49:59
2025-08-26 13:50:00,0.8536,0.8551,0.8552,0.8536,1497407.3000000005,1752000,2025-08-26 13:59:59
2025-08-26 14:00:00,0.855,0.8568,0.8573,0.855,1843133.8000000003,2154000,2025-08-26 14:09:59
2025-08-26 14:10:00,0.8567,0.8585,0.8587,0.8553,2121794.0,2476000,2025-08-26 14:19:59
2025-08-26 14:20:00,0.8585,0.8583,0.8594,0.857,1945834.3000000003,2268000,2025-08-26 14:29:59
2025-08-26 14:30:00,0.8583,0.8572,0.8583,0.857,805771.3999999999,940000,2025-08-26 14:39:59
2025-08-26 14:40:00,0.8576,0.8587,0.8587,0.857,689563.3,804000,2025-08-26 14:49:59
2025-08-26 14:50:00,0.8589,0.8591,0.86,0.8581,1504350.1000000003,1751000,2025-08-26 14:59:59
2025-08-26 15:00:00,0.8591,0.856,0.8593,0.8541,2780541.900000001,3246000,2025-08-26 15:09:59
2025-08-26 15:10:00,0.856,0.8546,0.8562,0.854,2624344.8999999966,3071000,2025-08-26 15:19:59
2025-08-26 15:20:00,0.8546,0.8512,0.8546,0.8505,4310653.2,5053000,2025-08-26 15:29:59
2025-08-26 15:30:00,0.8512,0.852,0.8521,0.8512,1085460.4,1274000,2025-08-26 15:39:59
2025-08-26 15:40:00,0.8521,0.854,0.8557,0.8521,2887822.1000000006,3386000,2025-08-26 15:49:59
2025-08-26 15:50:00,0.8535,0.8535,0.8536,0.8509,773063.2999999998,907000,2025-08-26 15:59:59
2025-08-26 16:00:00,0.8534,0.855,0.8558,0.8533,905079.8,1059000,2025-08-26 16:09:59
2025-08-26 16:10:00,0.855,0.8556,0.8572,0.854,2018729.0000000002,2358000,2025-08-26 16:19:59
2025-08-26 16:20:00,0.8559,0.8534,0.8559,0.8526,286337.6,335000,2025-08-26 16:29:59
2025-08-26 16:30:00,0.8526,0.8521,0.8536,0.8517,885577.7000000001,1039000,2025-08-26 16:39:59
2025-08-26 16:40:00,0.8525,0.8518,0.8525,0.8509,1173218.8,1378000,2025-08-26 16:49:59
2025-08-26 16:50:00,0.8518,0.852,0.8525,0.8511,295656.60000000003,347000,2025-08-26 16:59:59
2025-08-26 17:00:00,0.852,0.8496,0.852,0.848,3185420.8000000003,3749000,2025-08-26 17:09:59
2025-08-26 17:10:00,0.8495,0.8515,0.8515,0.8492,1939518.2,2283000,2025-08-26 17:19:59
2025-08-26 17:20:00,0.8515,0.8529,0.8545,0.8515,996825.7999999998,1169000,2025-08-26 17:29:59
2025-08-26 17:30:00,0.8534,0.8528,0.8534,0.8525,301084.2,353000,2025-08-26 17:39:59
2025-08-26 17:40:00,0.8524,0.8531,0.854,0.851,2332698.4,2736000,2025-08-26 17:49:59
2025-08-26 17:50:00,0.8534,0.8544,0.8547,0.8534,736391.8,862000,2025-08-26 17:59:59
2025-08-26 18:00:00,0.8543,0.8517,0.8543,0.8501,699877.9000000001,821000,2025-08-26 18:09:59
2025-08-26 18:10:00,0.8517,0.8512,0.8527,0.8497,1521800.8000000003,1789000,2025-08-26 18:19:59
2025-08-26 18:20:00,0.85,0.8511,0.8528,0.8499,1872874.7999999998,2202000,2025-08-26 18:29:59
2025-08-26 18:30:00,0.8521,0.8507,0.8522,0.85,972526.4,1143000,2025-08-26 18:39:59
2025-08-26 18:40:00,0.8507,0.8507,0.8507,0.8507,422797.9,497000,2025-08-26 18:49:59
2025-08-27 09:50:00,0.854,0.854,0.854,0.854,274988.0,322000,2025-08-27 09:59:59
2025-08-27 10:00:00,0.8539,0.8523,0.854,0.8484,5111645.500000001,6003000,2025-08-27 10:09:59
2025-08-27 10:10:00,0.8523,0.862,0.8667,0.8519,18471254.3,21464000,2025-08-27 10:19:59
2025-08-27 10:20:00,0.862,0.8616,0.8641,0.86,5629314.700000001,6534000,2025-08-27 10:29:59
2025-08-27 10:30:00,0.8619,0.8623,0.8634,0.86,2251874.4,2614000,2025-08-27 10:39:59
2025-08-27 10:40:00,0.8624,0.8644,0.8657,0.8623,3100056.8,3587000,2025-08-27 10:49:59
2025-08-27 10:50:00,0.8631,0.8707,0.8727,0.8602,10305166.1,11881000,2025-08-27 10:59:59
2025-08-27 11:00:00,0.8707,0.8701,0.873,0.8674,7544544.4,8664000,2025-08-27 11:09:59
2025-08-27 11:10:00,0.87,0.8782,0.8798,0.87,26533804.0,30265000,2025-08-27 11:19:59
2025-08-27 11:20:00,0.8784,0.8739,0.8814,0.8725,23914777.20000001,27216000,2025-08-27 11:29:59
2025-08-27 11:30:00,0.8739,0.8758,0.8764,0.8707,8746547.8,10004000,2025-08-27 11:39:59
2025-08-27 11:40:00,0.8758,0.8764,0.8766,0.8743,4794666.9,5472000,2025-08-27 11:49:59
2025-08-27 11:50:00,0.8766,0.8745,0.8766,0.8711,8221401.3999999985,9405000,2025-08-27 11:59:59
2025-08-27 12:00:00,0.8746,0.8721,0.8758,0.8711,3664672.4999999995,4195000,2025-08-27 12:09:59
2025-08-27 12:10:00,0.8721,0.8687,0.8726,0.8653,9122063.599999998,10504000,2025-08-27 12:19:59
2025-08-27 12:20:00,0.8686,0.8696,0.8696,0.8686,1210581.7999999998,1393000,2025-08-27 12:29:59
2025-08-27 12:30:00,0.8696,0.8703,0.871,0.8681,4642149.4,5333000,2025-08-27 12:39:59
2025-08-27 12:40:00,0.8703,0.8709,0.871,0.8695,2237753.6999999997,2570000,2025-08-27 12:49:59
2025-08-27 12:50:00,0.871,0.8656,0.871,0.865,5672652.3,6541000,2025-08-27 12:59:59
2025-08-27 13:00:00,0.8661,0.8686,0.8709,0.8661,2698887.6999999993,3107000,2025-08-27 13:09:59
2025-08-27 13:10:00,0.8686,0.8673,0.8691,0.8671,832982.0,960000,2025-08-27 13:19:59
2025-08-27 13:20:00,0.8673,0.8678,0.8703,0.866,2990068.6999999997,3443000,2025-08-27 13:29:59
2025-08-27 13:30:00,0.8678,0.8693,0.8704,0.8677,2660078.7,3059000,2025-08-27 13:39:59
2025-08-27 13:40:00,0.8698,0.8656,0.8699,0.8616,6113663.000000001,7060000,2025-08-27 13:49:59
2025-08-27 13:50:00,0.8655,0.8655,0.8681,0.8648,1457769.0,1683000,2025-08-27 13:59:59
2025-08-27 14:00:00,0.8655,0.8652,0.8678,0.8651,1518804.8000000003,1754000,2025-08-27 14:09:59
2025-08-27 14:10:00,0.8652,0.8678,0.868,0.8651,2387390.8,2756000,2025-08-27 14:19:59
2025-08-27 14:20:00,0.8678,0.8688,0.87,0.8671,4228245.100000001,4864000,2025-08-27 14:29:59
2025-08-27 14:30:00,0.8693,0.8686,0.8694,0.8679,310177.9,357000,2025-08-27 14:39:59
2025-08-27 14:40:00,0.8686,0.868,0.869,0.867,1215441.7000000002,1400000,2025-08-27 14:49:59
2025-08-27 14:50:00,0.8676,0.8699,0.8699,0.867,1079040.6000000003,1243000,2025-08-27 14:59:59
2025-08-27 15:00:00,0.8699,0.8705,0.8708,0.8696,2821909.0000000005,3243000,2025-08-27 15:09:59
2025-08-27 15:10:00,0.8705,0.8708,0.871,0.8696,1782048.1,2047000,2025-08-27 15:19:59
2025-08-27 15:20:00,0.8707,0.8685,0.871,0.8681,3239049.4,3726000,2025-08-27 15:29:59
2025-08-27 15:30:00,0.8685,0.8682,0.8687,0.8681,1464599.7999999998,1687000,2025-08-27 15:39:59
2025-08-27 15:40:00,0.8683,0.8688,0.8689,0.8681,1146221.6,1320000,2025-08-27 15:49:59
2025-08-27 15:50:00,0.8692,0.8705,0.8706,0.8689,660585.1,759000,2025-08-27 15:59:59
2025-08-27 16:00:00,0.8705,0.8708,0.8709,0.8693,956575.1999999998,1099000,2025-08-27 16:09:59
2025-08-27 16:10:00,0.8707,0.8726,0.875,0.8706,8249567.8,9456000,2025-08-27 16:19:59
2025-08-27 16:20:00,0.8726,0.873,0.8741,0.8699,3510477.3000000007,4028000,2025-08-27 16:29:59
2025-08-27 16:30:00,0.873,0.8724,0.874,0.8724,815710.3,934000,2025-08-27 16:39:59
2025-08-27 16:40:00,0.8714,0.8703,0.8723,0.8693,1344630.9000000001,1544000,2025-08-27 16:49:59
2025-08-27 16:50:00,0.87,0.8686,0.8705,0.8686,468667.80000000005,539000,2025-08-27 16:59:59
2025-08-27 17:00:00,0.8688,0.8716,0.8718,0.8686,805242.8999999999,925000,2025-08-27 17:09:59
2025-08-27 17:10:00,0.8715,0.8716,0.8717,0.871,273605.9,314000,2025-08-27 17:19:59
2025-08-27 17:20:00,0.8716,0.8715,0.8722,0.8711,816926.3999999999,937000,2025-08-27 17:29:59
2025-08-27 17:30:00,0.8711,0.8718,0.8718,0.871,797251.7,915000,2025-08-27 17:39:59
2025-08-27 17:40:00,0.8717,0.8717,0.8718,0.871,476789.7,547000,2025-08-27 17:49:59
2025-08-27 17:50:00,0.8712,0.8725,0.8725,0.8706,1585544.6,1819000,2025-08-27 17:59:59
2025-08-27 18:00:00,0.8721,0.8703,0.8726,0.87,528695.9,607000,2025-08-27 18:09:59
2025-08-27 18:10:00,0.8712,0.8714,0.8714,0.8704,546100.8,627000,2025-08-27 18:19:59
2025-08-27 18:20:00,0.8713,0.8718,0.8719,0.8707,685593.2000000001,787000,2025-08-27 18:29:59
2025-08-27 18:30:00,0.8718,0.8704,0.8719,0.8682,1605012.6999999995,1845000,2025-08-27 18:39:59
2025-08-27 18:40:00,0.8704,0.8704,0.8704,0.8704,378624.0,435000,2025-08-27 18:49:03
2025-08-28 09:50:00,0.8771,0.8771,0.8771,0.8771,453460.7,517000,2025-08-28 09:59:59
2025-08-28 10:00:00,0.875,0.8577,0.8768,0.856,34390682.9,39845000,2025-08-28 10:09:59
2025-08-28 10:10:00,0.8578,0.8555,0.8608,0.853,16762041.8,19559000,2025-08-28 10:19:59
2025-08-28 10:20:00,0.8551,0.8564,0.8572,0.851,7588794.599999999,8880000,2025-08-28 10:29:59
2025-08-28 10:30:00,0.8567,0.8861,0.888,0.8555,29285329.799999982,33607000,2025-08-28 10:39:59
2025-08-28 10:40:00,0.885,0.88,0.8941,0.8726,181871619.49999997,205684000,2025-08-28 10:49:59
2025-08-28 10:50:00,0.8807,0.8763,0.8816,0.875,34907824.20000001,39784000,2025-08-28 10:59:59
2025-08-28 11:00:00,0.8772,0.8678,0.8785,0.8635,37443433.10000001,42997000,2025-08-28 11:09:59
2025-08-28 11:10:00,0.8685,0.8714,0.8731,0.8664,13562472.6,15603000,2025-08-28 11:19:59
2025-08-28 11:20:00,0.8721,0.8715,0.8746,0.87,7918644.100000003,9075000,2025-08-28 11:29:59
2025-08-28 11:30:00,0.8714,0.8678,0.8729,0.8648,7428463.799999995,8560000,2025-08-28 11:39:59
2025-08-28 11:40:00,0.8673,0.8683,0.8688,0.8647,4028933.6000000006,4649000,2025-08-28 11:49:59
2025-08-28 11:50:00,0.8683,0.8698,0.8709,0.868,2060730.4,2370000,2025-08-28 11:59:59
2025-08-28 12:00:00,0.8698,0.87,0.8712,0.8684,1393730.1999999997,1602000,2025-08-28 12:09:59
2025-08-28 12:10:00,0.87,0.8695,0.8708,0.8686,1846418.3000000003,2124000,2025-08-28 12:19:59
2025-08-28 12:20:00,0.8694,0.8689,0.8714,0.8689,2327436.8,2674000,2025-08-28 12:29:59
2025-08-28 12:30:00,0.8694,0.8715,0.8716,0.8693,1342346.5000000002,1541000,2025-08-28 12:39:59
2025-08-28 12:40:00,0.8715,0.8719,0.8723,0.8704,2677444.3000000003,3072000,2025-08-28 12:49:59
2025-08-28 12:50:00,0.8719,0.8686,0.8719,0.868,13941645.700000001,16031000,2025-08-28 12:59:59
2025-08-28 13:00:00,0.8686,0.8645,0.8692,0.8635,6147471.199999999,7092000,2025-08-28 13:09:59
2025-08-28 13:10:00,0.8644,0.8666,0.868,0.8644,1724814.9,1990000,2025-08-28 13:19:59
2025-08-28 13:20:00,0.8662,0.8663,0.8717,0.861,6835486.799999998,7898000,2025-08-28 13:29:59
2025-08-28 13:30:00,0.8663,0.868,0.8689,0.866,644151.1,743000,2025-08-28 13:39:59
2025-08-28 13:40:00,0.8679,0.8683,0.8684,0.8669,895943.2999999999,1032000,2025-08-28 13:49:59
2025-08-28 13:50:00,0.8683,0.8636,0.8684,0.8618,3949034.0,4567000,2025-08-28 13:59:59
2025-08-28 14:00:00,0.8637,0.861,0.8664,0.857,8503336.400000002,9877000,2025-08-28 14:09:59
2025-08-28 14:10:00,0.8608,0.863,0.8633,0.86,2259001.3,2622000,2025-08-28 14:19:59
2025-08-28 14:20:00,0.8621,0.8634,0.8634,0.8616,631451.9,732000,2025-08-28 14:29:59
2025-08-28 14:30:00,0.8632,0.8582,0.8664,0.8572,18877698.8,21951000,2025-08-28 14:39:59
2025-08-28 14:40:00,0.8591,0.8592,0.8627,0.8591,3231533.0999999996,3753000,2025-08-28 14:49:59
2025-08-28 14:50:00,0.8591,0.8583,0.8592,0.8572,4909095.699999999,5724000,2025-08-28 14:59:59
2025-08-28 15:00:00,0.8583,0.8598,0.8598,0.858,2652296.7,3088000,2025-08-28 15:09:59
2025-08-28 15:10:00,0.8598,0.8599,0.8599,0.8597,998313.6,1161000,2025-08-28 15:19:59
2025-08-28 15:20:00,0.8599,0.8576,0.8599,0.856,4573602.1,5328000,2025-08-28 15:29:59
2025-08-28 15:30:00,0.858,0.8498,0.859,0.831,51514522.4,60673000,2025-08-28 15:39:59
2025-08-28 15:40:00,0.8496,0.8542,0.8553,0.8485,7233750.9,8488000,2025-08-28 15:49:59
2025-08-28 15:50:00,0.8542,0.8529,0.8577,0.8528,3093711.3000000003,3616000,2025-08-28 15:59:59
2025-08-28 16:00:00,0.853,0.8517,0.853,0.8517,6961942.6,8169000,2025-08-28 16:09:59
2025-08-28 16:10:00,0.8518,0.8512,0.8521,0.8512,2058034.0999999999,2416000,2025-08-28 16:19:59
2025-08-28 16:20:00,0.852,0.8521,0.8521,0.85,2405884.9,2828000,2025-08-28 16:29:59
2025-08-28 16:30:00,0.852,0.8502,0.8521,0.85,5391180.0,6340000,2025-08-28 16:39:59
2025-08-28 16:40:00,0.8502,0.8504,0.8521,0.8501,1443615.4,1697000,2025-08-28 16:49:59
2025-08-28 16:50:00,0.8505,0.8512,0.8517,0.8504,1299203.5000000002,1527000,2025-08-28 16:59:59
2025-08-28 17:00:00,0.8512,0.8507,0.8515,0.85,1561086.7,1836000,2025-08-28 17:09:59
2025-08-28 17:10:00,0.8506,0.8516,0.8576,0.85,7001658.300000001,8211000,2025-08-28 17:19:59
2025-08-28 17:20:00,0.8516,0.849,0.8516,0.8474,14037130.300000003,16531000,2025-08-28 17:29:59
2025-08-28 17:30:00,0.849,0.8491,0.8492,0.8461,3517481.9000000004,4148000,2025-08-28 17:39:59
2025-08-28 17:40:00,0.8491,0.8491,0.8492,0.8484,785275.7999999999,925000,2025-08-28 17:49:59
2025-08-28 17:50:00,0.8485,0.8484,0.8492,0.8484,556875.7,656000,2025-08-28 17:59:59
2025-08-28 18:00:00,0.8491,0.8475,0.8492,0.8475,1310021.7999999998,1544000,2025-08-28 18:09:59
2025-08-28 18:10:00,0.8475,0.8492,0.8492,0.847,768634.7,906000,2025-08-28 18:19:59
2025-08-28 18:20:00,0.8483,0.8466,0.8489,0.8458,2100258.6,2478000,2025-08-28 18:29:59
2025-08-28 18:30:00,0.8465,0.845,0.8487,0.843,13411738.099999998,15865000,2025-08-28 18:39:59
2025-08-28 18:40:00,0.845,0.845,0.845,0.845,541645.0,641000,2025-08-28 18:49:59
2025-08-29 06:50:00,0.843,0.843,0.843,0.843,155112.0,184000,2025-08-29 06:59:59
2025-08-29 07:00:00,0.8426,0.8476,0.848,0.84,852250.7,1008000,2025-08-29 07:09:59
2025-08-29 07:10:00,0.8459,0.8497,0.8535,0.845,998970.7999999998,1176000,2025-08-29 07:19:59
2025-08-29 07:20:00,0.8498,0.8478,0.8498,0.847,230731.9,272000,2025-08-29 07:29:59
2025-08-29 07:30:00,0.8478,0.8468,0.848,0.8438,616803.2000000001,729000,2025-08-29 07:39:59
2025-08-29 07:40:00,0.8467,0.849,0.8496,0.846,527796.2000000001,622000,2025-08-29 07:49:59
2025-08-29 07:50:00,0.8492,0.8485,0.8495,0.844,375765.10000000003,444000,2025-08-29 07:56:02
2025-08-29 08:00:00,0.8484,0.8452,0.8484,0.845,320343.4,379000,2025-08-29 08:09:59
2025-08-29 08:10:00,0.8452,0.8469,0.8479,0.844,324526.49999999994,384000,2025-08-29 08:19:59
2025-08-29 08:20:00,0.8469,0.8475,0.8476,0.845,310340.7,367000,2025-08-29 08:29:59
2025-08-29 08:30:00,0.8451,0.8485,0.8485,0.8424,1195680.5,1413000,2025-08-29 08:39:59
2025-08-29 08:40:00,0.8483,0.846,0.8485,0.8457,1238740.7,1461000,2025-08-29 08:49:59
2025-08-29 08:50:00,0.846,0.8473,0.8478,0.8453,757275.6,894000,2025-08-29 08:59:59
2025-08-29 09:00:00,0.8472,0.8472,0.8482,0.8464,934077.8999999999,1102000,2025-08-29 09:09:59
2025-08-29 09:10:00,0.8472,0.8484,0.8484,0.8465,818493.9000000001,966000,2025-08-29 09:19:59
2025-08-29 09:20:00,0.8473,0.8473,0.8485,0.847,602912.8,711000,2025-08-29 09:29:59
2025-08-29 09:30:00,0.8473,0.8483,0.8491,0.8473,302069.19999999995,356000,2025-08-29 09:39:59
2025-08-29 09:40:00,0.8477,0.8482,0.8496,0.8473,760849.7999999996,897000,2025-08-29 09:49:59
2025-08-29 09:50:00,0.849,0.849,0.8496,0.848,1386091.5,1634000,2025-08-29 09:59:59
2025-08-29 10:00:00,0.849,0.8482,0.849,0.847,2548471.6000000006,3005000,2025-08-29 10:09:59
2025-08-29 10:10:00,0.8481,0.8435,0.8481,0.8424,4032440.7999999984,4770000,2025-08-29 10:19:59
2025-08-29 10:20:00,0.8435,0.842,0.8437,0.8404,7519382.1,8933000,2025-08-29 10:29:59
2025-08-29 10:30:00,0.8418,0.8412,0.8444,0.841,11144655.199999994,13243000,2025-08-29 10:39:59
2025-08-29 10:40:00,0.8419,0.8434,0.8469,0.8418,2109507.4,2497000,2025-08-29 10:49:59
2025-08-29 10:50:00,0.8441,0.8474,0.8475,0.8436,2814925.6000000006,3329000,2025-08-29 10:59:59
2025-08-29 11:00:00,0.8475,0.8459,0.8479,0.8421,4896366.000000001,5801000,2025-08-29 11:09:59
2025-08-29 11:10:00,0.8458,0.8439,0.8459,0.8422,1004624.5999999999,1191000,2025-08-29 11:19:59
2025-08-29 11:20:00,0.8439,0.843,0.8439,0.8415,1652979.4,1962000,2025-08-29 11:29:59
2025-08-29 11:30:00,0.8422,0.8419,0.8443,0.8417,763803.5,906000,2025-08-29 11:39:59
2025-08-29 11:40:00,0.8419,0.8429,0.8429,0.8418,3375528.9,4009000,2025-08-29 11:49:59
2025-08-29 11:50:00,0.8428,0.8441,0.8441,0.8418,1678099.9,1992000,2025-08-29 11:59:59
2025-08-29 12:00:00,0.8429,0.8452,0.8454,0.8428,523712.39999999997,620000,2025-08-29 12:09:59
2025-08-29 12:10:00,0.8452,0.847,0.8478,0.845,7040336.2,8313000,2025-08-29 12:19:59
2025-08-29 12:20:00,0.8469,0.8456,0.8474,0.8455,3284708.3000000003,3879000,2025-08-29 12:29:59
2025-08-29 12:30:00,0.8456,0.847,0.847,0.8455,942232.5,1113000,2025-08-29 12:39:59
2025-08-29 12:40:00,0.8457,0.8438,0.8457,0.8427,1616254.4999999998,1915000,2025-08-29 12:49:59
2025-08-29 12:50:00,0.8438,0.8437,0.8447,0.8422,457316.6000000001,542000,2025-08-29 12:59:59
2025-08-29 13:00:00,0.8437,0.8434,0.844,0.8423,332194.19999999995,394000,2025-08-29 13:09:59
2025-08-29 13:10:00,0.8427,0.8436,0.8444,0.8425,1469988.7999999998,1743000,2025-08-29 13:19:59
2025-08-29 13:20:00,0.8436,0.8445,0.8446,0.843,1127055.7,1335000,2025-08-29 13:29:59
2025-08-29 13:30:00,0.8438,0.843,0.8445,0.843,562547.9,667000,2025-08-29 13:39:59
2025-08-29 13:40:00,0.8429,0.842,0.8429,0.8412,1649379.5999999999,1959000,2025-08-29 13:49:59
2025-08-29 13:50:00,0.8421,0.8426,0.8427,0.842,1130904.7,1343000,2025-08-29 13:59:59
2025-08-29 14:00:00,0.8426,0.8434,0.8435,0.842,570616.6,677000,2025-08-29 14:09:59
2025-08-29 14:10:00,0.843,0.8423,0.8435,0.842,456795.9,542000,2025-08-29 14:19:59
2025-08-29 14:20:00,0.8423,0.8423,0.8436,0.842,537386.4,638000,2025-08-29 14:29:59
2025-08-29 14:30:00,0.8433,0.8423,0.8434,0.842,2284779.2,2713000,2025-08-29 14:39:59
2025-08-29 14:40:00,0.8425,0.8439,0.8439,0.8423,632368.4000000001,750000,2025-08-29 14:49:59
2025-08-29 14:50:00,0.8439,0.8437,0.8439,0.843,124808.09999999999,148000,2025-08-29 14:59:59
2025-08-29 15:00:00,0.8437,0.8435,0.8438,0.843,258065.80000000002,306000,2025-08-29 15:09:59
2025-08-29 15:10:00,0.8435,0.8436,0.8438,0.8432,106285.70000000001,126000,2025-08-29 15:19:59
2025-08-29 15:20:00,0.8435,0.8432,0.8438,0.8431,170381.19999999998,202000,2025-08-29 15:29:59
2025-08-29 15:30:00,0.8432,0.842,0.8432,0.842,1389890.8,1650000,2025-08-29 15:39:59
2025-08-29 15:40:00,0.8421,0.843,0.843,0.842,1573248.7,1868000,2025-08-29 15:49:59
2025-08-29 15:50:00,0.8431,0.8423,0.8431,0.842,799248.8999999999,949000,2025-08-29 15:59:59
2025-08-29 16:00:00,0.842,0.8426,0.8426,0.842,2030170.3,2411000,2025-08-29 16:09:59
2025-08-29 16:10:00,0.8426,0.8409,0.8426,0.8401,4715083.300000001,5606000,2025-08-29 16:19:59
2025-08-29 16:20:00,0.841,0.8423,0.8423,0.8409,323125.3,384000,2025-08-29 16:29:59
2025-08-29 16:30:00,0.8423,0.8426,0.8427,0.8417,218987.0,260000,2025-08-29 16:39:59
2025-08-29 16:40:00,0.8427,0.842,0.8429,0.8401,1211236.8999999997,1440000,2025-08-29 16:49:59
2025-08-29 16:50:00,0.842,0.842,0.8421,0.842,34524.3,41000,2025-08-29 16:59:09
2025-08-29 17:00:00,0.8421,0.8419,0.8421,0.8405,618085.6,735000,2025-08-29 17:09:59
2025-08-29 17:10:00,0.8415,0.8405,0.8421,0.8384,4205716.7,5009000,2025-08-29 17:19:59
2025-08-29 17:20:00,0.8405,0.8372,0.8408,0.836,3421923.4,4080000,2025-08-29 17:29:59
2025-08-29 17:30:00,0.8375,0.842,0.8441,0.837,2684705.5000000005,3189000,2025-08-29 17:39:59
2025-08-29 17:40:00,0.842,0.8416,0.8426,0.8405,277855.4,330000,2025-08-29 17:49:59
2025-08-29 17:50:00,0.8416,0.841,0.8417,0.84,368206.4,438000,2025-08-29 17:59:59
2025-08-29 18:00:00,0.841,0.8414,0.8435,0.841,439547.1,522000,2025-08-29 18:09:59
2025-08-29 18:10:00,0.842,0.8403,0.8421,0.8395,267241.7,318000,2025-08-29 18:19:59
2025-08-29 18:20:00,0.8403,0.8401,0.8403,0.838,496720.6,592000,2025-08-29 18:29:59
2025-08-29 18:30:00,0.8401,0.8392,0.8401,0.8378,400057.6999999999,477000,2025-08-29 18:39:59
2025-08-29 18:40:00,0.8372,0.8372,0.8372,0.8372,690690.0,825000,2025-08-29 18:49:59
2025-08-29 19:00:00,0.8373,0.84,0.8401,0.8373,165250.4,197000,2025-08-29 19:09:59
2025-08-29 19:10:00,0.84,0.8393,0.8404,0.835,2362997.3,2823000,2025-08-29 19:19:59
2025-08-29 19:20:00,0.839,0.8393,0.8393,0.8388,62936.99999999999,75000,2025-08-29 19:29:59
2025-08-29 19:30:00,0.839,0.8383,0.8392,0.8378,396415.5,473000,2025-08-29 19:39:59
2025-08-29 19:40:00,0.8383,0.8386,0.8389,0.8375,352800.2000000001,421000,2025-08-29 19:49:59
2025-08-29 19:50:00,0.8386,0.8387,0.8389,0.8375,709556.7999999998,847000,2025-08-29 19:59:04
2025-08-29 20:00:00,0.8387,0.8385,0.8389,0.8378,95572.9,114000,2025-08-29 20:09:59
2025-08-29 20:10:00,0.8385,0.8369,0.8385,0.8369,908326.4,1085000,2025-08-29 20:19:59
2025-08-29 20:20:00,0.837,0.838,0.838,0.8362,506111.6,605000,2025-08-29 20:29:59
2025-08-29 20:30:00,0.8378,0.8382,0.8382,0.8366,138987.4,166000,2025-08-29 20:39:59
2025-08-29 20:40:00,0.8383,0.8384,0.8394,0.8382,496530.4,592000,2025-08-29 20:49:59
2025-08-29 20:50:00,0.8384,0.8385,0.8394,0.8384,373095.6,445000,2025-08-29 20:59:59
2025-08-29 21:00:00,0.8392,0.8402,0.8404,0.8392,1247102.6,1485000,2025-08-29 21:09:59
2025-08-29 21:10:00,0.8403,0.8415,0.8444,0.8403,2083116.2,2470000,2025-08-29 21:19:59
2025-08-29 21:20:00,0.8416,0.8408,0.8416,0.8407,287669.6,342000,2025-08-29 21:29:59
2025-08-29 21:30:00,0.8414,0.8398,0.8414,0.8384,1050755.4,1252000,2025-08-29 21:39:59
2025-08-29 21:40:00,0.8388,0.8388,0.8412,0.8387,495489.89999999997,590000,2025-08-29 21:49:59
2025-08-29 21:50:00,0.8388,0.8385,0.8388,0.8385,140886.1,168000,2025-08-29 21:59:59
2025-08-29 22:00:00,0.8387,0.8402,0.8402,0.8387,237651.1,283000,2025-08-29 22:09:59
2025-08-29 22:10:00,0.8402,0.8395,0.8402,0.8395,52921.4,63000,2025-08-29 22:19:59
2025-08-29 22:20:00,0.8391,0.8399,0.8399,0.839,138438.3,165000,2025-08-29 22:29:59
2025-08-29 22:30:00,0.8399,0.8412,0.8415,0.8383,1420457.9999999998,1690000,2025-08-29 22:39:59
2025-08-29 22:40:00,0.8411,0.84,0.8411,0.838,648435.2,773000,2025-08-29 22:49:59
2025-08-29 22:50:00,0.84,0.839,0.8401,0.8388,45342.0,54000,2025-08-29 22:59:04
2025-08-29 23:00:00,0.8396,0.8399,0.8401,0.8383,290389.9,346000,2025-08-29 23:09:59
2025-08-29 23:10:00,0.84,0.839,0.8403,0.8389,131839.5,157000,2025-08-29 23:19:59
2025-08-29 23:20:00,0.8401,0.8384,0.8401,0.8384,145302.40000000002,173000,2025-08-29 23:29:59
2025-08-29 23:30:00,0.8399,0.8382,0.8399,0.8382,198722.2,237000,2025-08-29 23:39:59
2025-08-29 23:40:00,0.8395,0.8367,0.8395,0.8367,591102.6000000001,706000,2025-08-29 23:49:59
2025-08-30 09:50:00,0.8373,0.8373,0.8373,0.8373,3349.2,4000,2025-08-30 09:59:59
2025-08-30 10:00:00,0.84,0.8391,0.8417,0.8373,587687.2,699000,2025-08-30 10:09:59
2025-08-30 10:10:00,0.84,0.8421,0.8421,0.839,314245.7,374000,2025-08-30 10:19:59
2025-08-30 10:20:00,0.8419,0.8402,0.842,0.8394,270189.80000000005,321000,2025-08-30 10:29:59
2025-08-30 10:30:00,0.8403,0.8397,0.842,0.839,1044435.2,1244000,2025-08-30 10:39:59
2025-08-30 10:40:00,0.8397,0.8408,0.8417,0.8397,121140.2,144000,2025-08-30 10:49:59
2025-08-30 10:50:00,0.8417,0.8402,0.8417,0.84,98336.0,117000,2025-08-30 10:59:59
2025-08-30 11:00:00,0.841,0.8409,0.8414,0.84,218483.19999999998,260000,2025-08-30 11:09:59
2025-08-30 11:10:00,0.8411,0.8403,0.8414,0.8403,271730.6,323000,2025-08-30 11:19:59
2025-08-30 11:20:00,0.8403,0.8411,0.8414,0.84,370534.9,441000,2025-08-30 11:29:59
2025-08-30 11:30:00,0.8403,0.84,0.8409,0.84,151239.2,180000,2025-08-30 11:39:59
2025-08-30 11:40:00,0.84,0.8404,0.8406,0.84,304090.39999999997,362000,2025-08-30 11:49:59
2025-08-30 11:50:00,0.8403,0.8401,0.8403,0.84,5041.1,6000,2025-08-30 11:55:02
2025-08-30 12:00:00,0.8403,0.8403,0.8403,0.84,65524.2,78000,2025-08-30 12:09:59
2025-08-30 12:10:00,0.8406,0.8409,0.8409,0.8406,29427.000000000004,35000,2025-08-30 12:19:59
2025-08-30 12:20:00,0.8403,0.84,0.8409,0.84,63008.9,75000,2025-08-30 12:29:59
2025-08-30 12:30:00,0.8408,0.8428,0.8428,0.8403,1565076.4000000001,1859000,2025-08-30 12:39:59
2025-08-30 12:40:00,0.8428,0.8431,0.8431,0.8413,170196.90000000002,202000,2025-08-30 12:49:59
2025-08-30 12:50:00,0.8431,0.842,0.8438,0.842,155115.9,184000,2025-08-30 12:59:59
2025-08-30 13:00:00,0.8421,0.842,0.8428,0.8418,259356.8,308000,2025-08-30 13:09:59
2025-08-30 13:10:00,0.8418,0.8423,0.8423,0.8416,20206.199999999997,24000,2025-08-30 13:19:59
2025-08-30 13:20:00,0.8423,0.842,0.8427,0.842,51389.59999999999,61000,2025-08-30 13:29:59
2025-08-30 13:30:00,0.8422,0.8428,0.8428,0.8421,654749.2,777000,2025-08-30 13:39:59
2025-08-30 13:40:00,0.8421,0.8425,0.843,0.8421,62373.0,74000,2025-08-30 13:49:59
2025-08-30 13:50:00,0.843,0.8425,0.843,0.8425,102787.0,122000,2025-08-30 13:59:59
2025-08-30 14:00:00,0.843,0.8427,0.8444,0.8427,565387.2000000001,670000,2025-08-30 14:09:59
2025-08-30 14:10:00,0.843,0.843,0.8439,0.843,21919.5,26000,2025-08-30 14:19:59
2025-08-30 14:20:00,0.8438,0.8442,0.8442,0.8417,175339.60000000003,208000,2025-08-30 14:29:59
2025-08-30 14:30:00,0.843,0.8439,0.8442,0.843,16876.4,20000,2025-08-30 14:39:59
2025-08-30 14:40:00,0.8433,0.8432,0.8433,0.8432,26139.4,31000,2025-08-30 14:49:59
2025-08-30 14:50:00,0.843,0.8439,0.8439,0.843,70876.3,84000,2025-08-30 14:59:59
2025-08-30 15:00:00,0.8439,0.8435,0.8439,0.8418,134111.3,159000,2025-08-30 15:09:59
2025-08-30 15:10:00,0.8423,0.8438,0.8438,0.8423,13495.3,16000,2025-08-30 15:19:59
2025-08-30 15:20:00,0.8438,0.843,0.844,0.843,154443.69999999998,183000,2025-08-30 15:29:59
2025-08-30 15:30:00,0.8431,0.8438,0.8439,0.8427,37113.1,44000,2025-08-30 15:39:59
2025-08-30 15:40:00,0.8433,0.8424,0.8433,0.8422,21072.3,25000,2025-08-30 15:49:59
2025-08-30 15:50:00,0.8424,0.8425,0.8426,0.8424,5054.7,6000,2025-08-30 15:58:06
2025-08-30 16:00:00,0.8439,0.8438,0.8439,0.8438,1687.6999999999998,2000,2025-08-30 16:09:59
2025-08-30 16:10:00,0.8437,0.8414,0.8437,0.8414,113654.4,135000,2025-08-30 16:19:59
2025-08-30 16:20:00,0.8418,0.8435,0.8435,0.8418,1685.3,2000,2025-08-30 16:29:59
2025-08-30 16:30:00,0.843,0.8418,0.843,0.8418,10102.9,12000,2025-08-30 16:39:59
2025-08-30 16:40:00,0.8431,0.8413,0.8432,0.8413,122869.09999999998,146000,2025-08-30 16:49:59
2025-08-30 16:50:00,0.8413,0.8408,0.8413,0.8408,124469.5,148000,2025-08-30 16:59:59
2025-08-30 17:00:00,0.8409,0.8402,0.8409,0.8402,497574.00000000006,592000,2025-08-30 17:09:59
2025-08-30 17:10:00,0.8402,0.8404,0.8404,0.8401,7562.700000000001,9000,2025-08-30 17:19:59
2025-08-30 17:20:00,0.8404,0.8401,0.8404,0.8401,26043.699999999997,31000,2025-08-30 17:29:59
2025-08-30 17:30:00,0.8401,0.8404,0.8404,0.8401,105890.1,126000,2025-08-30 17:39:59
2025-08-30 17:40:00,0.8404,0.8404,0.8404,0.8404,13446.4,16000,2025-08-30 17:49:59
2025-08-30 17:50:00,0.8403,0.8404,0.8404,0.8403,25211.9,30000,2025-08-30 17:56:01
2025-08-30 18:00:00,0.8403,0.8404,0.8404,0.8401,28568.800000000003,34000,2025-08-30 18:09:59
2025-08-30 18:10:00,0.8401,0.8404,0.8404,0.8401,78984.4,94000,2025-08-30 18:19:59
2025-08-30 18:20:00,0.8401,0.8404,0.8404,0.8401,8402.5,10000,2025-08-30 18:29:59
2025-08-30 18:30:00,0.8404,0.8401,0.8404,0.8401,51256.5,61000,2025-08-30 18:39:59
2025-08-30 18:40:00,0.8401,0.8428,0.843,0.8401,202644.00000000003,241000,2025-08-30 18:49:59
2025-08-30 18:50:00,0.8428,0.8432,0.8432,0.8401,96792.59999999999,115000,2025-08-30 18:59:59
2025-08-31 10:00:00,0.842,0.8396,0.8463,0.8396,319120.10000000003,379000,2025-08-31 10:09:59
2025-08-31 10:10:00,0.8394,0.8426,0.843,0.8391,174667.5,208000,2025-08-31 10:19:59
2025-08-31 10:20:00,0.8426,0.8425,0.8427,0.84,72347.20000000001,86000,2025-08-31 10:29:59
2025-08-31 10:30:00,0.842,0.842,0.8421,0.8403,41195.4,49000,2025-08-31 10:39:59
2025-08-31 10:40:00,0.842,0.842,0.8426,0.842,4210.7,5000,2025-08-31 10:49:59
2025-08-31 10:50:00,0.842,0.8428,0.8428,0.842,126309.09999999999,150000,2025-08-31 10:59:01
2025-08-31 11:00:00,0.8427,0.8421,0.8427,0.8421,39598.3,47000,2025-08-31 11:09:59
2025-08-31 11:10:00,0.8421,0.8428,0.8428,0.842,389859.19999999995,463000,2025-08-31 11:19:59
2025-08-31 11:20:00,0.8428,0.8428,0.8428,0.8427,11799.1,14000,2025-08-31 11:29:59
2025-08-31 11:30:00,0.8425,0.8441,0.8441,0.842,600072.2,712000,2025-08-31 11:39:59
2025-08-31 11:40:00,0.8439,0.8425,0.844,0.8424,101118.7,120000,2025-08-31 11:49:59
2025-08-31 11:50:00,0.8425,0.8432,0.8434,0.842,230823.49999999994,274000,2025-08-31 11:59:59
2025-08-31 12:00:00,0.8432,0.8435,0.844,0.8425,55665.299999999996,66000,2025-08-31 12:09:59
2025-08-31 12:10:00,0.8426,0.8432,0.8435,0.8423,41294.7,49000,2025-08-31 12:19:59
2025-08-31 12:20:00,0.8425,0.8432,0.8433,0.8425,37096.399999999994,44000,2025-08-31 12:29:59
2025-08-31 12:30:00,0.8432,0.8433,0.8433,0.8425,19384.399999999998,23000,2025-08-31 12:39:59
2025-08-31 12:40:00,0.8432,0.8424,0.8432,0.8424,5055.2,6000,2025-08-31 12:49:59
2025-08-31 12:50:00,0.843,0.8425,0.8432,0.8425,19391.4,23000,2025-08-31 12:59:59
2025-08-31 13:00:00,0.8431,0.8432,0.8432,0.8431,21079.8,25000,2025-08-31 13:09:59
2025-08-31 13:10:00,0.8432,0.8429,0.8432,0.8424,9272.6,11000,2025-08-31 13:19:59
2025-08-31 13:20:00,0.8424,0.843,0.843,0.8421,8425.8,10000,2025-08-31 13:29:59
2025-08-31 13:30:00,0.8424,0.8427,0.8427,0.8421,12633.7,15000,2025-08-31 13:39:59
2025-08-31 13:40:00,0.8421,0.842,0.8421,0.842,28629.399999999998,34000,2025-08-31 13:49:59
2025-08-31 13:50:00,0.8421,0.8431,0.8434,0.842,56436.200000000004,67000,2025-08-31 13:59:59
2025-08-31 14:00:00,0.8429,0.8436,0.8436,0.8411,445413.7,529000,2025-08-31 14:09:59
2025-08-31 14:10:00,0.8431,0.8429,0.8431,0.8424,20227.300000000003,24000,2025-08-31 14:19:59
2025-08-31 14:20:00,0.8422,0.8428,0.8428,0.8422,8424.4,10000,2025-08-31 14:29:59
2025-08-31 14:30:00,0.8428,0.8429,0.8429,0.8428,10957.4,13000,2025-08-31 14:39:59
2025-08-31 14:40:00,0.8429,0.8429,0.8429,0.8429,16858.0,20000,2025-08-31 14:49:59
2025-08-31 14:50:00,0.8428,0.8428,0.8428,0.8428,1685.6,2000,2025-08-31 14:59:06
2025-08-31 15:00:00,0.8428,0.8426,0.8428,0.8426,1685.4,2000,2025-08-31 15:09:59
2025-08-31 15:10:00,0.8428,0.8422,0.8429,0.8422,38762.0,46000,2025-08-31 15:19:59
2025-08-31 15:20:00,0.8423,0.8416,0.8423,0.8413,31147.799999999996,37000,2025-08-31 15:29:59
2025-08-31 15:30:00,0.8416,0.8424,0.8424,0.841,111872.79999999999,133000,2025-08-31 15:39:59
2025-08-31 15:40:00,0.8425,0.8426,0.8429,0.8425,16011.0,19000,2025-08-31 15:49:59
2025-08-31 15:50:00,0.8415,0.8426,0.8426,0.8414,6733.6,8000,2025-08-31 15:59:01
2025-08-31 16:00:00,0.8417,0.8423,0.8426,0.8415,10104.400000000001,12000,2025-08-31 16:09:59
2025-08-31 16:10:00,0.8423,0.8414,0.8424,0.8414,33659.1,40000,2025-08-31 16:19:59
2025-08-31 16:20:00,0.842,0.8426,0.8426,0.842,4211.7,5000,2025-08-31 16:29:59
2025-08-31 16:30:00,0.8419,0.8416,0.8419,0.8416,32823.4,39000,2025-08-31 16:39:59
2025-08-31 16:40:00,0.8424,0.8414,0.8427,0.8414,98480.2,117000,2025-08-31 16:49:59
2025-08-31 16:50:00,0.8421,0.8423,0.8427,0.8414,15995.1,19000,2025-08-31 16:59:59
2025-08-31 17:00:00,0.8423,0.8423,0.8423,0.8423,842.3,1000,2025-08-31 17:09:59
2025-08-31 17:10:00,0.8416,0.8411,0.8418,0.8411,144691.5,172000,2025-08-31 17:19:59
2025-08-31 17:20:00,0.8416,0.8412,0.8425,0.8412,7574.5,9000,2025-08-31 17:29:59
2025-08-31 17:30:00,0.8424,0.8414,0.8424,0.8414,94251.09999999999,112000,2025-08-31 17:39:59
2025-08-31 17:40:00,0.8414,0.8415,0.842,0.8414,9257.3,11000,2025-08-31 17:49:59
2025-08-31 17:50:00,0.8414,0.8411,0.8419,0.8411,129552.6,154000,2025-08-31 17:57:01
2025-08-31 18:00:00,0.8411,0.8411,0.8423,0.8411,255818.40000000002,304000,2025-08-31 18:09:59
2025-08-31 18:10:00,0.8412,0.8422,0.8422,0.8412,12628.9,15000,2025-08-31 18:19:59
2025-08-31 18:20:00,0.8413,0.8412,0.8423,0.8412,29447.8,35000,2025-08-31 18:29:59
2025-08-31 18:30:00,0.842,0.8428,0.8428,0.8412,23587.0,28000,2025-08-31 18:39:59
2025-08-31 18:40:00,0.8428,0.8429,0.8429,0.8415,96086.49999999999,114000,2025-08-31 18:49:59
2025-08-31 18:50:00,0.8429,0.8429,0.8429,0.8415,86697.9,103000,2025-08-31 18:59:06
2025-09-01 07:00:00,0.8429,0.845,0.8466,0.8406,315837.00000000006,374000,2025-09-01 07:09:59
2025-09-01 07:10:00,0.843,0.8483,0.8486,0.842,986756.6000000001,1165000,2025-09-01 07:19:59
2025-09-01 07:20:00,0.8483,0.8477,0.8488,0.8451,178036.10000000006,210000,2025-09-01 07:29:59
2025-09-01 07:30:00,0.8477,0.8481,0.8489,0.8477,242655.7,286000,2025-09-01 07:39:59
2025-09-01 07:40:00,0.8482,0.8458,0.849,0.8458,198530.1,234000,2025-09-01 07:49:59
2025-09-01 07:50:00,0.8458,0.8476,0.848,0.8458,42331.5,50000,2025-09-01 07:59:59
2025-09-01 08:00:00,0.846,0.8475,0.8475,0.8437,407471.60000000003,482000,2025-09-01 08:09:59
2025-09-01 08:10:00,0.8475,0.8475,0.8475,0.8443,100665.1,119000,2025-09-01 08:19:59
2025-09-01 08:20:00,0.8474,0.8485,0.8487,0.8461,652639.1,770000,2025-09-01 08:29:59
2025-09-01 08:30:00,0.8476,0.8477,0.8481,0.846,1032241.9,1218000,2025-09-01 08:39:59
2025-09-01 08:40:00,0.8477,0.8475,0.8477,0.8461,26271.800000000003,31000,2025-09-01 08:49:59
2025-09-01 08:50:00,0.8475,0.8462,0.8475,0.8462,98284.9,116000,2025-09-01 08:59:59
2025-09-01 09:00:00,0.8462,0.8453,0.8462,0.843,1016772.0,1204000,2025-09-01 09:09:59
2025-09-01 09:10:00,0.8452,0.8441,0.8456,0.8425,504544.6999999999,598000,2025-09-01 09:19:59
2025-09-01 09:20:00,0.8441,0.845,0.8455,0.844,76900.8,91000,2025-09-01 09:29:59
2025-09-01 09:30:00,0.8455,0.8436,0.8455,0.8436,315851.0,374000,2025-09-01 09:39:59
2025-09-01 09:40:00,0.8435,0.8475,0.8475,0.8435,577009.7,682000,2025-09-01 09:49:59
2025-09-01 09:50:00,0.8475,0.8475,0.8475,0.8474,417804.0,493000,2025-09-01 09:59:59
2025-09-01 10:00:00,0.8475,0.8424,0.8475,0.8396,4582432.7,5439000,2025-09-01 10:09:59
2025-09-01 10:10:00,0.8424,0.84,0.8436,0.8395,11575709.600000001,13737000,2025-09-01 10:19:59
2025-09-01 10:20:00,0.8411,0.8416,0.8416,0.8385,3293085.5,3921000,2025-09-01 10:29:59
2025-09-01 10:30:00,0.8426,0.8425,0.8436,0.8412,672458.6,798000,2025-09-01 10:39:59
2025-09-01 10:40:00,0.8425,0.8403,0.8425,0.84,472617.0,562000,2025-09-01 10:49:59
2025-09-01 10:50:00,0.841,0.8402,0.841,0.8387,1784968.4999999998,2126000,2025-09-01 10:59:59
2025-09-01 11:00:00,0.8409,0.8399,0.8409,0.8381,3240589.2,3860000,2025-09-01 11:09:59
2025-09-01 11:10:00,0.8398,0.8404,0.8406,0.8391,215032.8,256000,2025-09-01 11:19:59
2025-09-01 11:20:00,0.8403,0.8403,0.8409,0.8399,294032.3,350000,2025-09-01 11:29:59
2025-09-01 11:30:00,0.8399,0.8391,0.8407,0.839,651530.7,776000,2025-09-01 11:39:59
2025-09-01 11:40:00,0.839,0.8375,0.8392,0.8362,3083808.6999999993,3680000,2025-09-01 11:49:59
2025-09-01 11:50:00,0.8375,0.838,0.8389,0.8371,343550.9000000001,410000,2025-09-01 11:59:59
2025-09-01 12:00:00,0.838,0.8389,0.8389,0.8377,145038.59999999998,173000,2025-09-01 12:09:59
2025-09-01 12:10:00,0.839,0.8388,0.8398,0.8388,1093471.0,1303000,2025-09-01 12:19:59
2025-09-01 12:20:00,0.8388,0.8381,0.8397,0.8381,358144.89999999997,427000,2025-09-01 12:29:59
2025-09-01 12:30:00,0.8383,0.8384,0.84,0.8382,1655793.2999999998,1974000,2025-09-01 12:39:59
2025-09-01 12:40:00,0.8384,0.8389,0.8396,0.8384,121587.7,145000,2025-09-01 12:49:59
2025-09-01 12:50:00,0.8389,0.8396,0.8396,0.8389,236611.00000000003,282000,2025-09-01 12:59:59
2025-09-01 13:00:00,0.8396,0.8399,0.8401,0.8389,622184.0,741000,2025-09-01 13:09:59
2025-09-01 13:10:00,0.839,0.8392,0.8401,0.8388,181382.0,216000,2025-09-01 13:19:59
2025-09-01 13:20:00,0.8399,0.8396,0.8401,0.8389,510403.39999999997,608000,2025-09-01 13:29:59
2025-09-01 13:30:00,0.8396,0.8391,0.8396,0.8384,613931.2000000001,732000,2025-09-01 13:39:59
2025-09-01 13:40:00,0.8392,0.8391,0.8395,0.8386,278593.9,332000,2025-09-01 13:49:59
2025-09-01 13:50:00,0.8392,0.8375,0.8393,0.8375,1542578.7000000002,1840000,2025-09-01 13:59:09
2025-09-01 14:00:00,0.8377,0.836,0.838,0.8341,7688020.500000002,9201000,2025-09-01 14:09:59
2025-09-01 14:10:00,0.8361,0.8361,0.8361,0.8354,567563.1,679000,2025-09-01 14:19:59
2025-09-01 14:20:00,0.8361,0.8357,0.8361,0.8355,733823.0,878000,2025-09-01 14:29:59
2025-09-01 14:30:00,0.8357,0.836,0.836,0.8355,382724.70000000007,458000,2025-09-01 14:39:59
2025-09-01 14:40:00,0.836,0.8376,0.838,0.8357,5489228.8,6565000,2025-09-01 14:49:59
2025-09-01 14:50:00,0.8375,0.8359,0.8385,0.8358,7792313.200000001,9315000,2025-09-01 14:59:59
2025-09-01 15:00:00,0.8359,0.8358,0.836,0.8352,228155.7,273000,2025-09-01 15:09:59
2025-09-01 15:10:00,0.8359,0.8358,0.836,0.8353,1477856.0000000002,1768000,2025-09-01 15:19:59
2025-09-01 15:20:00,0.8353,0.8358,0.836,0.8349,3231737.8,3868000,2025-09-01 15:29:59
2025-09-01 15:30:00,0.8358,0.8341,0.836,0.834,3026065.3999999994,3626000,2025-09-01 15:39:59
2025-09-01 15:40:00,0.8341,0.8337,0.8347,0.832,8178146.100000001,9816000,2025-09-01 15:49:59
2025-09-01 15:50:00,0.8337,0.833,0.8338,0.8319,3208434.2,3855000,2025-09-01 15:59:59
2025-09-01 16:00:00,0.833,0.8328,0.8337,0.832,1174616.8,1411000,2025-09-01 16:09:59
2025-09-01 16:10:00,0.833,0.8325,0.8332,0.8325,239052.8,287000,2025-09-01 16:19:59
2025-09-01 16:20:00,0.8332,0.8326,0.8332,0.8325,222318.30000000002,267000,2025-09-01 16:29:59
2025-09-01 16:30:00,0.8326,0.8331,0.8331,0.8323,360513.99999999994,433000,2025-09-01 16:39:59
2025-09-01 16:40:00,0.8331,0.8331,0.8331,0.8323,571364.3,686000,2025-09-01 16:49:59
2025-09-01 16:50:00,0.8329,0.834,0.8344,0.829,11265026.7,13555000,2025-09-01 16:59:59
2025-09-01 17:00:00,0.8336,0.8327,0.8339,0.832,1479796.1,1777000,2025-09-01 17:09:59
2025-09-01 17:10:00,0.8327,0.8325,0.835,0.8322,6689208.799999999,8032000,2025-09-01 17:19:59
2025-09-01 17:20:00,0.8332,0.8336,0.8336,0.8327,103335.70000000001,124000,2025-09-01 17:29:59
2025-09-01 17:30:00,0.8336,0.8325,0.8338,0.8325,310701.30000000005,373000,2025-09-01 17:39:59
2025-09-01 17:40:00,0.8325,0.8303,0.8328,0.829,3451328.6,4155000,2025-09-01 17:49:59
2025-09-01 17:50:00,0.8303,0.8319,0.8328,0.8303,815703.4000000001,981000,2025-09-01 17:59:59
2025-09-01 18:00:00,0.8317,0.8315,0.8319,0.8302,702932.7999999999,846000,2025-09-01 18:09:59
2025-09-01 18:10:00,0.831,0.8306,0.8319,0.8306,308345.8,371000,2025-09-01 18:19:59
2025-09-01 18:20:00,0.8306,0.8302,0.8316,0.8302,2095593.4,2524000,2025-09-01 18:29:59
2025-09-01 18:30:00,0.8303,0.83,0.831,0.8292,4104828.1000000006,4945000,2025-09-01 18:39:59
2025-09-01 18:40:00,0.83,0.83,0.83,0.83,468950.0,565000,2025-09-01 18:48:04
2025-09-01 19:00:00,0.8306,0.8309,0.8309,0.8305,114651.70000000001,138000,2025-09-01 19:09:59
2025-09-01 19:10:00,0.8308,0.8311,0.8314,0.83,353791.0,426000,2025-09-01 19:19:59
2025-09-01 19:20:00,0.831,0.8308,0.831,0.83,104669.4,126000,2025-09-01 19:29:59
2025-09-01 19:30:00,0.8309,0.831,0.8311,0.8305,108851.2,131000,2025-09-01 19:39:59
2025-09-01 19:40:00,0.831,0.8311,0.8312,0.8309,228522.2,275000,2025-09-01 19:49:59
2025-09-01 19:50:00,0.831,0.8295,0.831,0.8294,573788.0,691000,2025-09-01 19:59:59
2025-09-01 20:00:00,0.8296,0.8309,0.831,0.8294,297252.7,358000,2025-09-01 20:09:59
2025-09-01 20:10:00,0.8309,0.8314,0.8314,0.8302,256014.5,308000,2025-09-01 20:19:59
2025-09-01 20:20:00,0.8314,0.8299,0.8316,0.8299,918280.0000000001,1106000,2025-09-01 20:29:59
2025-09-01 20:30:00,0.8306,0.8308,0.8308,0.8293,388521.0,468000,2025-09-01 20:39:59
2025-09-01 20:40:00,0.8305,0.8311,0.8311,0.8305,130426.8,157000,2025-09-01 20:49:59
2025-09-01 20:50:00,0.8305,0.829,0.8311,0.8276,2295792.3999999994,2769000,2025-09-01 20:59:59
2025-09-01 21:00:00,0.8288,0.8297,0.8297,0.8275,1118441.7000000002,1350000,2025-09-01 21:09:59
2025-09-01 21:10:00,0.8291,0.8298,0.8298,0.8291,82110.7,99000,2025-09-01 21:19:59
2025-09-01 21:20:00,0.8296,0.8294,0.8305,0.8277,572230.9000000001,690000,2025-09-01 21:29:59
2025-09-01 21:30:00,0.829,0.829,0.8293,0.8285,153306.7,185000,2025-09-01 21:39:59
2025-09-01 21:40:00,0.829,0.8292,0.8341,0.8241,4269309.5,5154000,2025-09-01 21:49:59
2025-09-01 21:50:00,0.8296,0.8276,0.8296,0.8275,206202.8,249000,2025-09-01 21:59:59
2025-09-01 22:00:00,0.8276,0.827,0.8276,0.827,262293.7,317000,2025-09-01 22:09:59
2025-09-01 22:10:00,0.827,0.829,0.8292,0.8269,926539.2000000001,1120000,2025-09-01 22:19:59
2025-09-01 22:20:00,0.829,0.829,0.8294,0.829,166645.09999999998,201000,2025-09-01 22:29:59
2025-09-01 22:30:00,0.8294,0.829,0.8294,0.829,14926.0,18000,2025-09-01 22:39:59
2025-09-01 22:40:00,0.8286,0.8292,0.8292,0.8282,124330.9,150000,2025-09-01 22:49:59
2025-09-01 22:50:00,0.8282,0.8292,0.8292,0.8281,54666.99999999999,66000,2025-09-01 22:59:15
2025-09-01 23:00:00,0.829,0.8285,0.8296,0.8281,237980.3,287000,2025-09-01 23:09:59
2025-09-01 23:10:00,0.8296,0.8297,0.8297,0.8282,127762.3,154000,2025-09-01 23:19:59
2025-09-01 23:20:00,0.8295,0.829,0.8295,0.829,4145.7,5000,2025-09-01 23:29:59
2025-09-01 23:30:00,0.8291,0.8299,0.8299,0.828,430206.9,519000,2025-09-01 23:39:59
2025-09-01 23:40:00,0.8299,0.8298,0.8299,0.8298,4978.900000000001,6000,2025-09-01 23:47:05
2025-09-02 06:50:00,0.8298,0.8298,0.8298,0.8298,4149.0,5000,2025-09-02 06:59:59
2025-09-02 07:00:00,0.8309,0.8254,0.8309,0.8254,5596510.5,6776000,2025-09-02 07:09:59
2025-09-02 07:10:00,0.8254,0.8278,0.8278,0.8252,484072.10000000003,586000,2025-09-02 07:19:59
2025-09-02 07:20:00,0.8286,0.8287,0.8291,0.8284,71263.90000000001,86000,2025-09-02 07:29:59
2025-09-02 07:30:00,0.8287,0.8283,0.8291,0.8283,33143.6,40000,2025-09-02 07:39:59
2025-09-02 07:40:00,0.8289,0.8291,0.8291,0.8288,51393.5,62000,2025-09-02 07:49:59
2025-09-02 07:50:00,0.8291,0.8289,0.8291,0.8289,127655.5,154000,2025-09-02 07:59:59
2025-09-02 08:00:00,0.8291,0.8291,0.8291,0.8289,38961.9,47000,2025-09-02 08:09:59
2025-09-02 08:10:00,0.829,0.8283,0.829,0.8283,48055.8,58000,2025-09-02 08:19:59
2025-09-02 08:20:00,0.8283,0.8283,0.8283,0.8282,246804.3,298000,2025-09-02 08:29:59
2025-09-02 08:30:00,0.8283,0.8282,0.8288,0.828,214504.2,259000,2025-09-02 08:39:59
2025-09-02 08:40:00,0.828,0.8267,0.8282,0.8267,705059.9,852000,2025-09-02 08:49:59
2025-09-02 08:50:00,0.8267,0.8265,0.8272,0.826,89252.0,108000,2025-09-02 08:59:01
2025-09-02 09:00:00,0.8265,0.825,0.8266,0.8243,832721.2000000002,1009000,2025-09-02 09:09:59
2025-09-02 09:10:00,0.825,0.8259,0.8264,0.8248,186500.0,226000,2025-09-02 09:19:59
2025-09-02 09:20:00,0.8261,0.8258,0.8269,0.8258,575833.8,697000,2025-09-02 09:29:59
2025-09-02 09:30:00,0.8257,0.8257,0.8268,0.8251,809693.3,980000,2025-09-02 09:39:59
2025-09-02 09:40:00,0.8269,0.8263,0.827,0.8253,346896.8,420000,2025-09-02 09:49:59
2025-09-02 09:50:00,0.8264,0.8256,0.8264,0.8255,161819.8,196000,2025-09-02 09:59:59
2025-09-02 10:00:00,0.8255,0.8249,0.8265,0.8249,787352.3,954000,2025-09-02 10:09:59
2025-09-02 10:10:00,0.8249,0.8242,0.8254,0.8242,1252662.3,1519000,2025-09-02 10:19:59
2025-09-02 10:20:00,0.8244,0.822,0.8276,0.8202,10473378.899999997,12711000,2025-09-02 10:29:59
2025-09-02 10:30:00,0.8221,0.818,0.8252,0.8126,23479259.5,28703000,2025-09-02 10:39:59
2025-09-02 10:40:00,0.8179,0.816,0.8181,0.815,4793444.300000001,5871000,2025-09-02 10:49:59
2025-09-02 10:50:00,0.816,0.8177,0.8179,0.8159,2074993.0999999999,2540000,2025-09-02 10:59:59
2025-09-02 11:00:00,0.8177,0.8162,0.8177,0.8133,9262325.899999997,11360000,2025-09-02 11:09:59
2025-09-02 11:10:00,0.8162,0.813,0.8163,0.8091,13431120.799999997,16522000,2025-09-02 11:19:59
2025-09-02 11:20:00,0.8129,0.8146,0.8163,0.8129,6349906.9,7798000,2025-09-02 11:29:59
2025-09-02 11:30:00,0.8154,0.8149,0.8154,0.814,1135365.0999999999,1394000,2025-09-02 11:39:59
2025-09-02 11:40:00,0.8149,0.814,0.8149,0.8134,7341544.8,9019000,2025-09-02 11:49:59
2025-09-02 11:50:00,0.814,0.8143,0.8159,0.8133,7033952.9,8640000,2025-09-02 11:59:59
2025-09-02 12:00:00,0.8142,0.8154,0.8163,0.8138,4069592.6000000006,4993000,2025-09-02 12:09:59
2025-09-02 12:10:00,0.8159,0.815,0.8163,0.815,1297402.4000000004,1590000,2025-09-02 12:19:59
2025-09-02 12:20:00,0.8151,0.8174,0.8177,0.8142,2506595.7000000007,3071000,2025-09-02 12:29:59
2025-09-02 12:30:00,0.8164,0.8163,0.8171,0.8159,557874.8,683000,2025-09-02 12:39:59
2025-09-02 12:40:00,0.8162,0.8204,0.8246,0.8162,5537058.6,6750000,2025-09-02 12:49:59
2025-09-02 12:50:00,0.8204,0.8242,0.8286,0.816,9821015.600000001,11935000,2025-09-02 12:59:59
2025-09-02 13:00:00,0.8242,0.8248,0.8273,0.8231,1825384.1000000006,2213000,2025-09-02 13:09:59
2025-09-02 13:10:00,0.8248,0.826,0.8276,0.8247,2105994.2,2551000,2025-09-02 13:19:59
2025-09-02 13:20:00,0.8259,0.8271,0.828,0.8212,4232553.2,5126000,2025-09-02 13:29:59
2025-09-02 13:30:00,0.827,0.8308,0.8328,0.827,6386531.5,7692000,2025-09-02 13:39:59
2025-09-02 13:40:00,0.8309,0.8261,0.8328,0.8257,3232633.2999999993,3895000,2025-09-02 13:49:59
2025-09-02 13:50:00,0.8263,0.8287,0.8322,0.8262,2530418.8000000003,3050000,2025-09-02 13:59:59
2025-09-02 14:00:00,0.8286,0.8269,0.8286,0.8267,189463.5,229000,2025-09-02 14:09:59
2025-09-02 14:10:00,0.827,0.8281,0.8297,0.8266,1056229.2,1275000,2025-09-02 14:19:59
2025-09-02 14:20:00,0.8281,0.8272,0.8282,0.827,163022.9,197000,2025-09-02 14:29:59
2025-09-02 14:30:00,0.8273,0.8291,0.8291,0.8273,243606.60000000003,294000,2025-09-02 14:39:59
2025-09-02 14:40:00,0.8291,0.8298,0.8299,0.8289,572234.3999999999,690000,2025-09-02 14:49:59
2025-09-02 14:50:00,0.8298,0.8278,0.83,0.8271,2743797.3999999994,3312000,2025-09-02 14:59:59
2025-09-02 15:00:00,0.8273,0.8283,0.8297,0.8271,1079053.0,1303000,2025-09-02 15:09:59
2025-09-02 15:10:00,0.8276,0.827,0.8276,0.827,2324958.4,2811000,2025-09-02 15:19:59
2025-09-02 15:20:00,0.8271,0.827,0.8281,0.827,1206662.2,1459000,2025-09-02 15:29:59
2025-09-02 15:30:00,0.827,0.823,0.8336,0.8216,10670977.6,12906000,2025-09-02 15:39:59
2025-09-02 15:40:00,0.823,0.8259,0.8289,0.821,5989205.399999999,7261000,2025-09-02 15:49:59
2025-09-02 15:50:00,0.8247,0.8209,0.8258,0.8202,1843572.9,2244000,2025-09-02 15:59:59
2025-09-02 16:00:00,0.821,0.8176,0.821,0.8176,5173753.8,6304000,2025-09-02 16:09:59
2025-09-02 16:10:00,0.8176,0.8248,0.8328,0.8176,10841997.699999997,13140000,2025-09-02 16:19:59
2025-09-02 16:20:00,0.8249,0.8238,0.8269,0.8228,914602.2999999999,1109000,2025-09-02 16:29:59
2025-09-02 16:30:00,0.824,0.8243,0.8252,0.8229,843098.7,1023000,2025-09-02 16:39:59
2025-09-02 16:40:00,0.8252,0.8232,0.8252,0.823,95574.9,116000,2025-09-02 16:49:59
2025-09-02 16:50:00,0.8234,0.8217,0.8269,0.8215,1465837.5000000002,1782000,2025-09-02 16:59:59
2025-09-02 17:00:00,0.822,0.8179,0.822,0.8174,4956484.499999999,6040000,2025-09-02 17:09:59
2025-09-02 17:10:00,0.8179,0.8177,0.818,0.8169,2473304.6,3025000,2025-09-02 17:19:59
2025-09-02 17:20:00,0.8177,0.818,0.818,0.8173,381969.8,467000,2025-09-02 17:29:59
2025-09-02 17:30:00,0.818,0.8175,0.82,0.8173,211995.5,259000,2025-09-02 17:39:59
2025-09-02 17:40:00,0.8176,0.8185,0.8185,0.8172,95695.4,117000,2025-09-02 17:49:59
2025-09-02 17:50:00,0.8185,0.8152,0.8185,0.8143,994720.5000000001,1219000,2025-09-02 17:59:59
2025-09-02 18:00:00,0.817,0.8165,0.8241,0.8143,2521897.5,3082000,2025-09-02 18:09:59
2025-09-02 18:10:00,0.8165,0.8148,0.8188,0.814,1404083.5999999999,1722000,2025-09-02 18:19:59
2025-09-02 18:20:00,0.8147,0.813,0.8159,0.8128,2815486.2,3462000,2025-09-02 18:29:59
2025-09-02 18:30:00,0.813,0.8129,0.813,0.812,3365303.4000000004,4142000,2025-09-02 18:39:59
2025-09-02 18:40:00,0.8125,0.8125,0.8125,0.8125,30062.5,37000,2025-09-02 18:49:09
2025-09-02 19:00:00,0.813,0.813,0.813,0.8125,423568.8,521000,2025-09-02 19:09:59
2025-09-02 19:10:00,0.813,0.813,0.813,0.8121,1006978.3,1239000,2025-09-02 19:19:59
2025-09-02 19:20:00,0.8128,0.8147,0.8147,0.8123,674332.0,829000,2025-09-02 19:29:59
2025-09-02 19:30:00,0.8139,0.8141,0.8142,0.813,1660419.7999999998,2042000,2025-09-02 19:39:59
2025-09-02 19:40:00,0.8142,0.8142,0.8142,0.814,260526.40000000002,320000,2025-09-02 19:49:59
2025-09-02 19:50:00,0.8141,0.8132,0.8147,0.8132,322319.0,396000,2025-09-02 19:59:59
2025-09-02 20:00:00,0.8142,0.8143,0.8152,0.8136,184073.79999999996,226000,2025-09-02 20:09:59
2025-09-02 20:10:00,0.8144,0.8141,0.8165,0.8134,440767.30000000005,541000,2025-09-02 20:19:59
2025-09-02 20:20:00,0.8142,0.8153,0.8154,0.8141,86403.5,106000,2025-09-02 20:29:59
2025-09-02 20:30:00,0.8152,0.8166,0.8173,0.815,953040.3,1168000,2025-09-02 20:39:59
2025-09-02 20:40:00,0.8166,0.816,0.8166,0.815,1613283.3,1979000,2025-09-02 20:49:59
2025-09-02 20:50:00,0.8152,0.815,0.816,0.8147,1715631.5999999999,2105000,2025-09-02 20:59:59
2025-09-02 21:00:00,0.8147,0.8146,0.8147,0.8135,409350.6,503000,2025-09-02 21:09:59
2025-09-02 21:10:00,0.8146,0.8137,0.8146,0.8137,133541.4,164000,2025-09-02 21:19:59
2025-09-02 21:20:00,0.8138,0.8138,0.8142,0.8137,138336.99999999997,170000,2025-09-02 21:29:59
2025-09-02 21:30:00,0.8138,0.8135,0.8138,0.8134,216438.8,266000,2025-09-02 21:39:59
2025-09-02 21:40:00,0.8136,0.8151,0.8151,0.8135,100144.79999999999,123000,2025-09-02 21:49:59
2025-09-02 21:50:00,0.814,0.8151,0.8153,0.814,132040.0,162000,2025-09-02 21:59:59
2025-09-02 22:00:00,0.8151,0.8147,0.8153,0.8146,4708327.8,5777000,2025-09-02 22:09:59
2025-09-02 22:10:00,0.8147,0.8151,0.816,0.8147,203765.80000000002,250000,2025-09-02 22:19:59
2025-09-02 22:20:00,0.816,0.8168,0.8169,0.8151,481423.1,590000,2025-09-02 22:29:59
2025-09-02 22:30:00,0.8167,0.8167,0.8167,0.8167,64519.299999999996,79000,2025-09-02 22:39:59
2025-09-02 22:40:00,0.8167,0.8166,0.8167,0.8158,13878.7,17000,2025-09-02 22:49:59
2025-09-02 22:50:00,0.8164,0.8156,0.8165,0.8156,39178.1,48000,2025-09-02 22:59:04
2025-09-02 23:00:00,0.8165,0.8165,0.8165,0.8156,219436.6,269000,2025-09-02 23:09:59
2025-09-02 23:10:00,0.8165,0.8156,0.8165,0.8156,16317.400000000001,20000,2025-09-02 23:19:59
2025-09-02 23:20:00,0.8165,0.8166,0.8166,0.8153,71787.09999999999,88000,2025-09-02 23:29:59
2025-09-02 23:30:00,0.8166,0.8174,0.8174,0.8153,239244.9,293000,2025-09-02 23:39:59
2025-09-02 23:40:00,0.8172,0.815,0.8177,0.815,641737.7999999999,787000,2025-09-02 23:49:59
2025-09-03 06:50:00,0.815,0.815,0.815,0.815,4075.0,5000,2025-09-03 06:59:59
2025-09-03 07:00:00,0.8159,0.8154,0.8197,0.815,69481.0,85000,2025-09-03 07:09:59
2025-09-03 07:10:00,0.8173,0.8192,0.8197,0.8158,108911.19999999998,133000,2025-09-03 07:19:59
2025-09-03 07:20:00,0.8191,0.8181,0.8192,0.8167,98112.50000000001,120000,2025-09-03 07:29:59
2025-09-03 07:30:00,0.8168,0.8158,0.8168,0.8158,329681.60000000003,404000,2025-09-03 07:39:59
2025-09-03 07:40:00,0.8179,0.8178,0.8179,0.8158,13885.4,17000,2025-09-03 07:49:59
2025-09-03 07:50:00,0.8161,0.818,0.8181,0.8161,90775.0,111000,2025-09-03 07:59:59
2025-09-03 08:00:00,0.8181,0.818,0.8191,0.818,165405.0,202000,2025-09-03 08:09:59
2025-09-03 08:10:00,0.818,0.8183,0.8194,0.818,176094.40000000002,215000,2025-09-03 08:19:59
2025-09-03 08:20:00,0.8183,0.8193,0.8194,0.818,267574.69999999995,327000,2025-09-03 08:29:59
2025-09-03 08:30:00,0.8193,0.8189,0.8194,0.8159,125108.29999999999,153000,2025-09-03 08:39:59
2025-09-03 08:40:00,0.8189,0.8165,0.8189,0.8159,102825.90000000001,126000,2025-09-03 08:49:59
2025-09-03 08:50:00,0.8186,0.817,0.8188,0.8159,81677.2,100000,2025-09-03 08:59:06
2025-09-03 09:00:00,0.8169,0.8164,0.8187,0.8164,204254.6,250000,2025-09-03 09:09:59
2025-09-03 09:10:00,0.8164,0.8176,0.8192,0.8164,328148.0,401000,2025-09-03 09:19:59
2025-09-03 09:20:00,0.8172,0.8168,0.8175,0.8168,7355.3,9000,2025-09-03 09:29:59
2025-09-03 09:30:00,0.8169,0.8147,0.8174,0.8146,961239.2999999998,1179000,2025-09-03 09:39:59
2025-09-03 09:40:00,0.8147,0.8148,0.8157,0.8145,4347228.6,5335000,2025-09-03 09:49:59
2025-09-03 09:50:00,0.8148,0.8138,0.8148,0.8135,259632.8,319000,2025-09-03 09:59:59
2025-09-03 10:00:00,0.8145,0.8139,0.8151,0.8136,878201.6,1078000,2025-09-03 10:09:59
2025-09-03 10:10:00,0.814,0.8118,0.814,0.8112,7558532.500000001,9305000,2025-09-03 10:19:59
2025-09-03 10:20:00,0.8118,0.812,0.8142,0.81,4797561.200000001,5916000,2025-09-03 10:29:59
2025-09-03 10:30:00,0.8117,0.8076,0.8124,0.8063,14837969.200000003,18312000,2025-09-03 10:39:59
2025-09-03 10:40:00,0.8074,0.809,0.8137,0.8068,25459109.599999998,31424000,2025-09-03 10:49:59
2025-09-03 10:50:00,0.809,0.8079,0.8096,0.8063,4634775.1,5743000,2025-09-03 10:59:59
2025-09-03 11:00:00,0.8079,0.808,0.8094,0.8069,1025960.6,1269000,2025-09-03 11:09:59
2025-09-03 11:10:00,0.8088,0.8079,0.8089,0.8064,1730443.1,2143000,2025-09-03 11:19:59
2025-09-03 11:20:00,0.807,0.8058,0.8078,0.805,2562266.5,3179000,2025-09-03 11:29:59
2025-09-03 11:30:00,0.8058,0.8078,0.808,0.8057,996023.5,1234000,2025-09-03 11:39:59
2025-09-03 11:40:00,0.8067,0.8064,0.8077,0.8052,571485.8,709000,2025-09-03 11:49:59
2025-09-03 11:50:00,0.8056,0.8057,0.8078,0.8055,1484636.6999999997,1842000,2025-09-03 11:59:59
2025-09-03 12:00:00,0.8057,0.8078,0.8098,0.8057,2613865.1,3235000,2025-09-03 12:09:59
2025-09-03 12:10:00,0.8078,0.8096,0.8099,0.8077,2639071.4,3260000,2025-09-03 12:19:59
2025-09-03 12:20:00,0.8096,0.8088,0.8096,0.8088,401376.19999999995,496000,2025-09-03 12:29:59
2025-09-03 12:30:00,0.8088,0.808,0.809,0.8079,594079.7999999998,735000,2025-09-03 12:39:59
2025-09-03 12:40:00,0.8083,0.8064,0.8084,0.8064,4330105.0,5365000,2025-09-03 12:49:59
2025-09-03 12:50:00,0.8066,0.8065,0.8073,0.8052,2514600.6999999997,3120000,2025-09-03 12:59:59
2025-09-03 13:00:00,0.8064,0.8071,0.8079,0.8053,1102740.0999999999,1367000,2025-09-03 13:09:59
2025-09-03 13:10:00,0.8071,0.8062,0.8076,0.8052,1336178.9000000004,1657000,2025-09-03 13:19:59
2025-09-03 13:20:00,0.8062,0.8072,0.8073,0.8062,518754.79999999993,643000,2025-09-03 13:29:59
2025-09-03 13:30:00,0.8072,0.8083,0.8095,0.8071,1895062.9000000001,2344000,2025-09-03 13:39:59
2025-09-03 13:40:00,0.8087,0.8078,0.8092,0.8078,590326.8999999999,730000,2025-09-03 13:49:59
2025-09-03 13:50:00,0.808,0.8074,0.8093,0.8074,1315919.5,1628000,2025-09-03 13:59:59
2025-09-03 14:00:00,0.8085,0.8082,0.8092,0.8082,1589584.4,1965000,2025-09-03 14:09:59
2025-09-03 14:10:00,0.8082,0.8088,0.8089,0.8082,152860.5,189000,2025-09-03 14:19:59
2025-09-03 14:20:00,0.8089,0.8086,0.8089,0.8084,807211.2000000001,998000,2025-09-03 14:29:59
2025-09-03 14:30:00,0.8088,0.8087,0.8089,0.808,2978324.6,3682000,2025-09-03 14:39:59
2025-09-03 14:40:00,0.8086,0.8087,0.8089,0.8081,113209.29999999999,140000,2025-09-03 14:49:59
2025-09-03 14:50:00,0.8087,0.8074,0.8089,0.8074,427399.50000000006,529000,2025-09-03 14:59:59
2025-09-03 15:00:00,0.8076,0.8066,0.8088,0.8066,1116982.6,1383000,2025-09-03 15:09:59
2025-09-03 15:10:00,0.8065,0.8049,0.807,0.8042,4818822.399999999,5986000,2025-09-03 15:19:59
2025-09-03 15:20:00,0.8048,0.8049,0.8049,0.8046,564217.0,701000,2025-09-03 15:29:59
2025-09-03 15:30:00,0.8049,0.8054,0.8073,0.8045,1049774.6999999997,1304000,2025-09-03 15:39:59
2025-09-03 15:40:00,0.8054,0.8054,0.8054,0.8045,472498.39999999997,587000,2025-09-03 15:49:59
2025-09-03 15:50:00,0.805,0.8061,0.8063,0.8044,983476.7000000001,1222000,2025-09-03 15:59:59
2025-09-03 16:00:00,0.8061,0.8032,0.8067,0.803,4041536.4000000004,5025000,2025-09-03 16:09:59
2025-09-03 16:10:00,0.8032,0.8047,0.8047,0.8022,4331218.9,5394000,2025-09-03 16:19:59
2025-09-03 16:20:00,0.8045,0.8038,0.805,0.8034,1369086.0000000005,1702000,2025-09-03 16:29:59
2025-09-03 16:30:00,0.8038,0.8015,0.8049,0.8001,6872985.7,8576000,2025-09-03 16:39:59
2025-09-03 16:40:00,0.8014,0.8012,0.8018,0.7991,9208809.799999999,11508000,2025-09-03 16:49:59
2025-09-03 16:50:00,0.8012,0.8003,0.8016,0.7999,3246089.3000000003,4056000,2025-09-03 16:59:59
2025-09-03 17:00:00,0.8003,0.8008,0.8013,0.8003,874363.2999999999,1092000,2025-09-03 17:09:59
2025-09-03 17:10:00,0.801,0.8009,0.8017,0.8009,577847.6,721000,2025-09-03 17:19:59
2025-09-03 17:20:00,0.801,0.8015,0.8023,0.8009,1001252.5999999997,1249000,2025-09-03 17:29:59
2025-09-03 17:30:00,0.8015,0.8024,0.8025,0.8012,307895.8,384000,2025-09-03 17:39:59
2025-09-03 17:40:00,0.8025,0.802,0.8029,0.8012,932670.1,1163000,2025-09-03 17:49:59
2025-09-03 17:50:00,0.802,0.8024,0.8025,0.8013,130756.2,163000,2025-09-03 17:59:59
2025-09-03 18:00:00,0.8018,0.802,0.8026,0.8015,218957.0,273000,2025-09-03 18:09:59
2025-09-03 18:10:00,0.8018,0.8012,0.802,0.8012,434462.4,542000,2025-09-03 18:19:59
2025-09-03 18:20:00,0.8012,0.8005,0.8018,0.8,2497778.3,3120000,2025-09-03 18:29:59
2025-09-03 18:30:00,0.8005,0.8007,0.8007,0.8004,537262.1,671000,2025-09-03 18:39:59
2025-09-03 18:40:00,0.8007,0.8007,0.8007,0.8007,415563.30000000005,519000,2025-09-03 18:49:59
2025-09-03 19:00:00,0.8007,0.8013,0.8013,0.8005,582910.2,728000,2025-09-03 19:09:59
2025-09-03 19:10:00,0.8014,0.801,0.8015,0.801,120188.7,150000,2025-09-03 19:19:59
2025-09-03 19:20:00,0.801,0.8016,0.8018,0.8007,726562.2,907000,2025-09-03 19:29:59
2025-09-03 19:30:00,0.8019,0.8021,0.8021,0.8017,1268915.0999999996,1582000,2025-09-03 19:39:59
2025-09-03 19:40:00,0.8021,0.8029,0.8038,0.8017,601949.8999999999,750000,2025-09-03 19:49:59
2025-09-03 19:50:00,0.8029,0.8023,0.8037,0.8023,309919.9,386000,2025-09-03 19:59:59
2025-09-03 20:00:00,0.8028,0.804,0.804,0.8026,853397.3,1062000,2025-09-03 20:09:59
2025-09-03 20:10:00,0.804,0.8038,0.8046,0.8034,471229.39999999997,586000,2025-09-03 20:19:59
2025-09-03 20:20:00,0.8038,0.804,0.804,0.8038,2013539.5999999999,2505000,2025-09-03 20:29:59
2025-09-03 20:30:00,0.804,0.8038,0.8044,0.8038,201056.09999999998,250000,2025-09-03 20:39:59
2025-09-03 20:40:00,0.804,0.8037,0.8044,0.8037,140742.2,175000,2025-09-03 20:49:59
2025-09-03 20:50:00,0.8036,0.8031,0.8044,0.8031,246686.60000000003,307000,2025-09-03 20:59:59
2025-09-03 21:00:00,0.803,0.8043,0.8043,0.8026,283678.2,353000,2025-09-03 21:09:59
2025-09-03 21:10:00,0.8042,0.8034,0.8043,0.8024,401496.9,500000,2025-09-03 21:19:59
2025-09-03 21:20:00,0.8034,0.8019,0.8035,0.8017,528579.3999999999,659000,2025-09-03 21:29:59
2025-09-03 21:30:00,0.8019,0.8018,0.8025,0.8017,210858.3,263000,2025-09-03 21:39:59
2025-09-03 21:40:00,0.8017,0.8025,0.8025,0.8017,135536.8,169000,2025-09-03 21:49:59
2025-09-03 21:50:00,0.8024,0.8033,0.8034,0.8014,579501.3999999999,722000,2025-09-03 21:59:59
2025-09-03 22:00:00,0.8033,0.8045,0.8045,0.8033,825056.1000000001,1026000,2025-09-03 22:09:59
2025-09-03 22:10:00,0.8045,0.8042,0.805,0.8038,2185167.4,2715000,2025-09-03 22:19:59
2025-09-03 22:20:00,0.805,0.8047,0.805,0.804,167395.49999999997,208000,2025-09-03 22:29:59
2025-09-03 22:30:00,0.8049,0.8049,0.8049,0.8039,247804.1,308000,2025-09-03 22:39:59
2025-09-03 22:40:00,0.8049,0.8049,0.8049,0.8039,37824.700000000004,47000,2025-09-03 22:49:59
2025-09-03 22:50:00,0.8039,0.8048,0.8049,0.8039,14482.8,18000,2025-09-03 22:59:59
2025-09-03 23:00:00,0.8048,0.8045,0.8048,0.8045,33800.8,42000,2025-09-03 23:09:59
2025-09-03 23:10:00,0.8045,0.8047,0.8049,0.8045,445014.89999999997,553000,2025-09-03 23:19:59
2025-09-03 23:20:00,0.8047,0.8047,0.805,0.804,2450388.3,3044000,2025-09-03 23:29:59
2025-09-03 23:30:00,0.8047,0.805,0.805,0.8047,280907.6,349000,2025-09-03 23:39:59
2025-09-03 23:40:00,0.805,0.805,0.805,0.8043,775937.6,964000,2025-09-03 23:49:59
2025-09-04 06:50:00,0.805,0.805,0.805,0.805,4830.0,6000,2025-09-04 06:59:59
2025-09-04 07:00:00,0.8053,0.8074,0.8095,0.805,530359.1,658000,2025-09-04 07:09:59
2025-09-04 07:10:00,0.8073,0.8072,0.8079,0.807,213991.90000000005,265000,2025-09-04 07:19:59
2025-09-04 07:20:00,0.8054,0.8069,0.807,0.805,216017.69999999998,268000,2025-09-04 07:29:59
2025-09-04 07:30:00,0.8068,0.8084,0.809,0.8068,727128.8999999999,900000,2025-09-04 07:39:59
2025-09-04 07:40:00,0.8064,0.8082,0.8082,0.8063,192324.1,238000,2025-09-04 07:49:59
2025-09-04 07:50:00,0.8071,0.807,0.8083,0.807,293139.5,363000,2025-09-04 07:59:59
2025-09-04 08:00:00,0.8083,0.8084,0.8084,0.8082,36376.5,45000,2025-09-04 08:09:59
2025-09-04 08:10:00,0.8083,0.8057,0.8084,0.8051,790048.2000000001,978000,2025-09-04 08:19:59
2025-09-04 08:20:00,0.806,0.8064,0.808,0.806,91283.3,113000,2025-09-04 08:29:59
2025-09-04 08:30:00,0.8078,0.806,0.8078,0.806,300160.6,372000,2025-09-04 08:39:59
2025-09-04 08:40:00,0.8073,0.8053,0.8074,0.805,91007.2,113000,2025-09-04 08:49:59
2025-09-04 08:50:00,0.8066,0.8078,0.8079,0.8059,47643.7,59000,2025-09-04 08:59:59
2025-09-04 09:00:00,0.8059,0.8079,0.8079,0.8056,111398.90000000001,138000,2025-09-04 09:09:59
2025-09-04 09:10:00,0.8076,0.808,0.808,0.8067,360252.9,446000,2025-09-04 09:19:59
2025-09-04 09:20:00,0.8079,0.8064,0.808,0.8044,612238.1,759000,2025-09-04 09:29:59
2025-09-04 09:30:00,0.8065,0.8081,0.8098,0.804,1533605.1000000006,1899000,2025-09-04 09:39:59
2025-09-04 09:40:00,0.8081,0.8085,0.8085,0.8079,39598.799999999996,49000,2025-09-04 09:49:59
2025-09-04 09:50:00,0.8085,0.808,0.8094,0.8079,141535.59999999998,175000,2025-09-04 09:57:01
2025-09-04 10:00:00,0.8083,0.8095,0.8107,0.8082,2125440.9,2625000,2025-09-04 10:09:59
2025-09-04 10:10:00,0.8094,0.807,0.8095,0.8052,2230559.6,2764000,2025-09-04 10:19:59
2025-09-04 10:20:00,0.807,0.805,0.8071,0.805,1458304.1999999997,1810000,2025-09-04 10:29:59
2025-09-04 10:30:00,0.8055,0.8042,0.8055,0.8038,1067331.9,1326000,2025-09-04 10:39:59
2025-09-04 10:40:00,0.8043,0.8054,0.8055,0.8042,1179397.2999999998,1465000,2025-09-04 10:49:59
2025-09-04 10:50:00,0.8054,0.8045,0.8054,0.8036,168923.7,210000,2025-09-04 10:59:59
2025-09-04 11:00:00,0.8048,0.8046,0.805,0.8036,522662.8999999999,650000,2025-09-04 11:09:59
2025-09-04 11:10:00,0.8037,0.8012,0.8037,0.8008,4083950.6999999993,5087000,2025-09-04 11:19:59
2025-09-04 11:20:00,0.8022,0.8026,0.8027,0.802,464616.6,579000,2025-09-04 11:29:59
2025-09-04 11:30:00,0.8021,0.8024,0.8024,0.8011,836031.4,1043000,2025-09-04 11:39:59
2025-09-04 11:40:00,0.8024,0.8018,0.8025,0.801,2478138.0,3092000,2025-09-04 11:49:59
2025-09-04 11:50:00,0.8018,0.8016,0.8018,0.801,626643.4999999999,782000,2025-09-04 11:59:59
2025-09-04 12:00:00,0.8015,0.8006,0.8016,0.8004,3014031.1999999997,3763000,2025-09-04 12:09:59
2025-09-04 12:10:00,0.8006,0.8014,0.8014,0.8002,413029.9000000001,516000,2025-09-04 12:19:59
2025-09-04 12:20:00,0.8016,0.8004,0.8016,0.8004,1052250.8,1314000,2025-09-04 12:29:59
2025-09-04 12:30:00,0.8004,0.7987,0.8008,0.7954,8247845.1000000015,10326000,2025-09-04 12:39:59
2025-09-04 12:40:00,0.7982,0.797,0.7987,0.797,1987342.0999999999,2492000,2025-09-04 12:49:59
2025-09-04 12:50:00,0.7969,0.7981,0.801,0.7938,12969493.699999994,16276000,2025-09-04 12:59:59
2025-09-04 13:00:00,0.7981,0.7918,0.7982,0.789,18223995.4,23016000,2025-09-04 13:09:59
2025-09-04 13:10:00,0.7917,0.7963,0.7965,0.7912,7174450.1000000015,9041000,2025-09-04 13:19:59
2025-09-04 13:20:00,0.7959,0.7961,0.7965,0.7955,1371669.6,1723000,2025-09-04 13:29:59
2025-09-04 13:30:00,0.7963,0.7953,0.7965,0.794,2161399.7,2718000,2025-09-04 13:39:59
2025-09-04 13:40:00,0.7948,0.7942,0.7957,0.7929,3639308.5999999996,4585000,2025-09-04 13:49:59
2025-09-04 13:50:00,0.7944,0.7965,0.7965,0.7929,2731141.5,3435000,2025-09-04 13:59:59
2025-09-04 14:00:00,0.7965,0.7973,0.7974,0.7959,1092861.8000000003,1372000,2025-09-04 14:09:59
2025-09-04 14:10:00,0.797,0.7959,0.7983,0.7959,1357469.7,1703000,2025-09-04 14:19:59
2025-09-04 14:20:00,0.7958,0.7964,0.7966,0.7957,820550.6,1031000,2025-09-04 14:29:59
2025-09-04 14:30:00,0.7959,0.7968,0.7982,0.795,1060702.0,1333000,2025-09-04 14:39:59
2025-09-04 14:40:00,0.7965,0.795,0.7966,0.794,3017845.1999999997,3797000,2025-09-04 14:49:59
2025-09-04 14:50:00,0.7955,0.7964,0.7964,0.795,392193.10000000003,493000,2025-09-04 14:59:59
2025-09-04 15:00:00,0.7962,0.7971,0.7972,0.795,494354.29999999993,621000,2025-09-04 15:09:59
2025-09-04 15:10:00,0.7971,0.7966,0.7978,0.7963,888943.5,1115000,2025-09-04 15:19:59
2025-09-04 15:20:00,0.7965,0.795,0.7965,0.795,2915994.4,3666000,2025-09-04 15:29:59
2025-09-04 15:30:00,0.795,0.7932,0.795,0.7929,1605384.0,2023000,2025-09-04 15:39:59
2025-09-04 15:40:00,0.7939,0.7958,0.7961,0.7939,831150.2,1045000,2025-09-04 15:49:59
2025-09-04 15:50:00,0.7956,0.7945,0.7957,0.7945,479159.80000000005,603000,2025-09-04 15:59:59
2025-09-04 16:00:00,0.7951,0.7954,0.7955,0.7942,175616.59999999998,221000,2025-09-04 16:09:59
2025-09-04 16:10:00,0.7949,0.7953,0.7956,0.7944,110546.1,139000,2025-09-04 16:19:59
2025-09-04 16:20:00,0.7952,0.7958,0.796,0.795,59665.9,75000,2025-09-04 16:29:59
2025-09-04 16:30:00,0.7958,0.7957,0.7969,0.7956,266014.4,334000,2025-09-04 16:39:59
2025-09-04 16:40:00,0.7965,0.7964,0.7966,0.7957,156850.69999999998,197000,2025-09-04 16:49:59
2025-09-04 16:50:00,0.7961,0.7929,0.7965,0.7903,4624850.700000001,5832000,2025-09-04 16:59:59
2025-09-04 17:00:00,0.793,0.7923,0.793,0.7923,381331.5,481000,2025-09-04 17:09:59
2025-09-04 17:10:00,0.7923,0.7925,0.7928,0.7923,114927.7,145000,2025-09-04 17:19:59
2025-09-04 17:20:00,0.7926,0.7918,0.7926,0.7918,1723086.0,2175000,2025-09-04 17:29:59
2025-09-04 17:30:00,0.7918,0.7928,0.793,0.7914,1839454.3,2322000,2025-09-04 17:39:59
2025-09-04 17:40:00,0.7926,0.7925,0.7929,0.792,560170.2,707000,2025-09-04 17:49:59
2025-09-04 17:50:00,0.7921,0.7916,0.7931,0.7915,6948083.199999999,8767000,2025-09-04 17:59:59
2025-09-04 18:00:00,0.7916,0.7919,0.7922,0.7905,1458574.0,1843000,2025-09-04 18:09:59
2025-09-04 18:10:00,0.792,0.792,0.792,0.7919,674782.0,852000,2025-09-04 18:19:59
2025-09-04 18:20:00,0.792,0.792,0.792,0.7916,812538.4000000001,1026000,2025-09-04 18:29:59
2025-09-04 18:30:00,0.7918,0.792,0.792,0.7915,1347907.9999999998,1702000,2025-09-04 18:39:59
2025-09-04 18:40:00,0.7919,0.7919,0.7919,0.7919,22173.199999999997,28000,2025-09-04 18:49:59
2025-09-04 19:00:00,0.7918,0.792,0.792,0.7918,148103.6,187000,2025-09-04 19:09:59
2025-09-04 19:10:00,0.792,0.792,0.792,0.7918,200368.30000000002,253000,2025-09-04 19:19:59
2025-09-04 19:20:00,0.792,0.793,0.794,0.7918,889321.1,1122000,2025-09-04 19:29:59
2025-09-04 19:30:00,0.793,0.7933,0.7934,0.793,55514.2,70000,2025-09-04 19:39:59
2025-09-04 19:40:00,0.7933,0.7932,0.7933,0.7926,92789.0,117000,2025-09-04 19:49:59
2025-09-04 19:50:00,0.7933,0.7926,0.7937,0.7922,86453.8,109000,2025-09-04 19:59:59
2025-09-04 20:00:00,0.7926,0.7945,0.7947,0.7926,584389.9,736000,2025-09-04 20:09:59
2025-09-04 20:10:00,0.7945,0.7937,0.7949,0.7937,761059.7,958000,2025-09-04 20:19:59
2025-09-04 20:20:00,0.794,0.7935,0.7948,0.7935,315924.9000000001,398000,2025-09-04 20:29:59
2025-09-04 20:30:00,0.7943,0.7945,0.7946,0.7934,497810.4,627000,2025-09-04 20:39:59
2025-09-04 20:40:00,0.7945,0.7933,0.7947,0.791,2062051.4000000001,2602000,2025-09-04 20:49:59
2025-09-04 20:50:00,0.7932,0.7933,0.7935,0.7932,149159.69999999998,188000,2025-09-04 20:59:59
2025-09-04 21:00:00,0.7934,0.7943,0.7943,0.7933,141245.9,178000,2025-09-04 21:09:59
2025-09-04 21:10:00,0.7944,0.7949,0.795,0.7936,2172593.9,2733000,2025-09-04 21:19:59
2025-09-04 21:20:00,0.7949,0.7949,0.7949,0.7944,17486.300000000003,22000,2025-09-04 21:29:59
2025-09-04 21:30:00,0.7949,0.7945,0.7949,0.7942,122331.9,154000,2025-09-04 21:39:59
2025-09-04 21:40:00,0.7947,0.7947,0.7947,0.7942,57199.3,72000,2025-09-04 21:49:59
2025-09-04 21:50:00,0.7943,0.7949,0.7949,0.7943,1836831.8,2311000,2025-09-04 21:58:04
2025-09-04 22:00:00,0.7944,0.7948,0.7949,0.7943,77077.0,97000,2025-09-04 22:09:59
2025-09-04 22:10:00,0.7944,0.7943,0.7949,0.7942,341615.0,430000,2025-09-04 22:19:59
2025-09-04 22:20:00,0.7943,0.7949,0.7949,0.7943,78681.09999999999,99000,2025-09-04 22:29:59
2025-09-04 22:30:00,0.7949,0.7949,0.7949,0.7944,122413.0,154000,2025-09-04 22:39:59
2025-09-04 22:40:00,0.7945,0.7948,0.7948,0.794,599627.2000000001,755000,2025-09-04 22:49:59
2025-09-04 22:50:00,0.7948,0.7935,0.7949,0.7934,430357.3,542000,2025-09-04 22:59:59
2025-09-04 23:00:00,0.7946,0.7949,0.7949,0.7946,88208.20000000001,111000,2025-09-04 23:09:59
2025-09-04 23:10:00,0.7942,0.7946,0.7949,0.7936,62715.09999999999,79000,2025-09-04 23:19:59
2025-09-04 23:20:00,0.7946,0.7936,0.7946,0.7935,175474.1,221000,2025-09-04 23:29:59
2025-09-04 23:30:00,0.7936,0.7935,0.7942,0.7935,94460.20000000001,119000,2025-09-04 23:39:59
2025-09-04 23:40:00,0.7941,0.7935,0.7942,0.7935,591345.5,745000,2025-09-04 23:49:59
2025-09-05 06:50:00,0.7935,0.7935,0.7935,0.7935,1587.0,2000,2025-09-05 06:59:59
2025-09-05 07:00:00,0.7935,0.7973,0.7976,0.7933,1099399.0,1384000,2025-09-05 07:09:59
2025-09-05 07:10:00,0.7953,0.7962,0.797,0.795,98664.0,124000,2025-09-05 07:19:59
2025-09-05 07:20:00,0.7952,0.7969,0.7969,0.795,271260.5,341000,2025-09-05 07:29:59
2025-09-05 07:30:00,0.795,0.794,0.795,0.794,149352.3,188000,2025-09-05 07:39:59
2025-09-05 07:40:00,0.794,0.7941,0.7943,0.7939,34943.6,44000,2025-09-05 07:49:59
2025-09-05 07:50:00,0.794,0.7932,0.7968,0.7925,420578.3,530000,2025-09-05 07:59:59
2025-09-05 08:00:00,0.7931,0.7932,0.7932,0.7921,151454.30000000005,191000,2025-09-05 08:09:59
2025-09-05 08:10:00,0.7932,0.7932,0.7932,0.7931,204645.5,258000,2025-09-05 08:19:59
2025-09-05 08:20:00,0.7931,0.7947,0.7947,0.7931,49970.1,63000,2025-09-05 08:29:59
2025-09-05 08:30:00,0.7947,0.7947,0.7966,0.7947,331638.6,417000,2025-09-05 08:39:59
2025-09-05 08:40:00,0.795,0.797,0.7984,0.795,445838.2,559000,2025-09-05 08:49:59
2025-09-05 08:50:00,0.797,0.7965,0.797,0.7929,557983.5,701000,2025-09-05 08:59:59
2025-09-05 09:00:00,0.7965,0.7959,0.7965,0.7935,2178549.6,2744000,2025-09-05 09:09:59
2025-09-05 09:10:00,0.7959,0.7946,0.7959,0.7945,69171.0,87000,2025-09-05 09:19:59
2025-09-05 09:20:00,0.7953,0.7944,0.796,0.7935,261391.00000000003,329000,2025-09-05 09:29:59
2025-09-05 09:30:00,0.794,0.7942,0.7945,0.7935,1726325.5,2173000,2025-09-05 09:39:59
2025-09-05 09:40:00,0.7942,0.7944,0.7945,0.7936,206507.4,260000,2025-09-05 09:49:59
2025-09-05 09:50:00,0.7943,0.7941,0.7943,0.7911,1654161.0000000002,2087000,2025-09-05 09:59:59
2025-09-05 10:00:00,0.7931,0.7899,0.7941,0.7872,5993822.4,7590000,2025-09-05 10:09:59
2025-09-05 10:10:00,0.788,0.7887,0.7888,0.7813,8170571.000000003,10388000,2025-09-05 10:19:59
2025-09-05 10:20:00,0.7886,0.7861,0.789,0.7842,7146507.100000001,9091000,2025-09-05 10:29:59
2025-09-05 10:30:00,0.7855,0.7853,0.7871,0.785,2258316.4000000004,2875000,2025-09-05 10:39:59
2025-09-05 10:40:00,0.7854,0.7871,0.7871,0.785,2257947.3999999994,2875000,2025-09-05 10:49:59
2025-09-05 10:50:00,0.7866,0.7817,0.7871,0.7806,4578907.899999999,5849000,2025-09-05 10:59:59
2025-09-05 11:00:00,0.7822,0.7835,0.7841,0.7817,1881195.3,2402000,2025-09-05 11:09:59
2025-09-05 11:10:00,0.7836,0.7841,0.7845,0.7836,588069.2999999999,750000,2025-09-05 11:19:59
2025-09-05 11:20:00,0.7841,0.7847,0.7847,0.7838,398448.9,508000,2025-09-05 11:29:59
2025-09-05 11:30:00,0.7845,0.7845,0.7849,0.7837,821904.3999999999,1048000,2025-09-05 11:39:59
2025-09-05 11:40:00,0.7848,0.7857,0.7862,0.784,4878807.1,6216000,2025-09-05 11:49:59
2025-09-05 11:50:00,0.7857,0.7852,0.7857,0.7838,1609148.7999999998,2051000,2025-09-05 11:59:59
2025-09-05 12:00:00,0.785,0.7843,0.7874,0.7842,2080464.2000000002,2648000,2025-09-05 12:09:59
2025-09-05 12:10:00,0.7843,0.7854,0.786,0.7842,645260.7,822000,2025-09-05 12:19:59
2025-09-05 12:20:00,0.7856,0.7846,0.7862,0.784,1122424.4000000001,1430000,2025-09-05 12:29:59
2025-09-05 12:30:00,0.7846,0.7851,0.7857,0.7841,987927.6,1259000,2025-09-05 12:39:59
2025-09-05 12:40:00,0.7851,0.7847,0.7852,0.7847,40040.8,51000,2025-09-05 12:49:59
2025-09-05 12:50:00,0.7851,0.7851,0.7851,0.7845,2227428.8999999994,2839000,2025-09-05 12:59:59
2025-09-05 13:00:00,0.7851,0.7849,0.786,0.7842,1085209.6,1383000,2025-09-05 13:09:59
2025-09-05 13:10:00,0.7843,0.7845,0.7848,0.7841,908881.9999999999,1159000,2025-09-05 13:19:59
2025-09-05 13:20:00,0.7841,0.7837,0.7845,0.7837,1741984.3,2222000,2025-09-05 13:29:59
2025-09-05 13:30:00,0.7837,0.7812,0.7839,0.7772,21792533.1,27937000,2025-09-05 13:39:59
2025-09-05 13:40:00,0.7812,0.7822,0.7842,0.781,3374989.0,4314000,2025-09-05 13:49:59
2025-09-05 13:50:00,0.7816,0.7813,0.7837,0.7805,5007881.199999999,6405000,2025-09-05 13:59:59
2025-09-05 14:00:00,0.7811,0.7787,0.7811,0.7786,3705914.9999999995,4753000,2025-09-05 14:09:59
2025-09-05 14:10:00,0.7787,0.7792,0.78,0.7779,2822525.2,3624000,2025-09-05 14:19:59
2025-09-05 14:20:00,0.7795,0.778,0.7797,0.7775,1664786.0,2139000,2025-09-05 14:29:59
2025-09-05 14:30:00,0.7776,0.777,0.778,0.7757,7053009.4,9077000,2025-09-05 14:39:59
2025-09-05 14:40:00,0.7769,0.777,0.777,0.7759,3640209.1000000006,4688000,2025-09-05 14:49:59
2025-09-05 14:50:00,0.777,0.7778,0.7784,0.7769,7016526.499999999,9026000,2025-09-05 14:59:59
2025-09-05 15:00:00,0.7784,0.7779,0.7784,0.7768,1729836.1,2225000,2025-09-05 15:09:59
2025-09-05 15:10:00,0.7779,0.7764,0.7781,0.7764,843779.5999999999,1086000,2025-09-05 15:19:59
2025-09-05 15:20:00,0.7765,0.777,0.7773,0.7764,831804.4999999999,1071000,2025-09-05 15:29:59
2025-09-05 15:30:00,0.777,0.7783,0.7791,0.7768,2090504.0000000002,2687000,2025-09-05 15:39:59
2025-09-05 15:40:00,0.7788,0.7778,0.7788,0.7777,4261321.1,5479000,2025-09-05 15:49:59
2025-09-05 15:50:00,0.7777,0.7782,0.7785,0.7768,4884822.699999999,6281000,2025-09-05 15:59:59
2025-09-05 16:00:00,0.7783,0.7781,0.7792,0.7781,2359356.6999999993,3031000,2025-09-05 16:09:59
2025-09-05 16:10:00,0.7784,0.7786,0.7792,0.7777,2938642.7,3776000,2025-09-05 16:19:59
2025-09-05 16:20:00,0.7786,0.778,0.7789,0.7777,1860541.7,2392000,2025-09-05 16:29:59
2025-09-05 16:30:00,0.778,0.7774,0.7784,0.7771,3114948.9000000004,4005000,2025-09-05 16:39:59
2025-09-05 16:40:00,0.7772,0.7781,0.7799,0.777,2264810.0,2908000,2025-09-05 16:49:59
2025-09-05 16:50:00,0.7787,0.7786,0.7788,0.7778,785835.7000000001,1010000,2025-09-05 16:59:59
2025-09-05 17:00:00,0.7786,0.7777,0.7788,0.7777,1674212.5,2152000,2025-09-05 17:09:59
2025-09-05 17:10:00,0.7778,0.7788,0.78,0.7766,8115378.899999999,10429000,2025-09-05 17:19:59
2025-09-05 17:20:00,0.7788,0.7783,0.7795,0.778,837132.7999999999,1075000,2025-09-05 17:29:59
2025-09-05 17:30:00,0.7786,0.779,0.7794,0.7782,831826.5,1068000,2025-09-05 17:39:59
2025-09-05 17:40:00,0.7793,0.779,0.7793,0.7788,775912.8,996000,2025-09-05 17:49:59
2025-09-05 17:50:00,0.7793,0.7813,0.7819,0.7787,3551266.2999999993,4551000,2025-09-05 17:59:59
2025-09-05 18:00:00,0.7816,0.7801,0.7816,0.7788,866956.0,1111000,2025-09-05 18:09:59
2025-09-05 18:10:00,0.7801,0.78,0.7812,0.78,1886276.7,2418000,2025-09-05 18:19:59
2025-09-05 18:20:00,0.7801,0.7806,0.7808,0.778,2664754.6,3419000,2025-09-05 18:29:59
2025-09-05 18:30:00,0.7806,0.78,0.7807,0.778,1179917.5999999999,1515000,2025-09-05 18:39:59
2025-09-05 18:40:00,0.7796,0.7796,0.7796,0.7796,14812.400000000001,19000,2025-09-05 18:49:59
2025-09-05 19:00:00,0.7796,0.7796,0.7796,0.7791,36639.899999999994,47000,2025-09-05 19:09:59
2025-09-05 19:10:00,0.7796,0.7784,0.7796,0.7784,82579.0,106000,2025-09-05 19:19:59
2025-09-05 19:20:00,0.779,0.7794,0.7798,0.7784,212741.69999999995,273000,2025-09-05 19:29:59
2025-09-05 19:30:00,0.7794,0.779,0.78,0.779,640033.7,821000,2025-09-05 19:39:59
2025-09-05 19:40:00,0.779,0.7782,0.7799,0.7781,972361.6,1248000,2025-09-05 19:49:59
2025-09-05 19:50:00,0.7791,0.7806,0.7806,0.7784,2170488.4,2783000,2025-09-05 19:59:59
2025-09-05 20:00:00,0.7806,0.7797,0.7809,0.7794,248966.00000000003,319000,2025-09-05 20:09:59
2025-09-05 20:10:00,0.7797,0.7796,0.7797,0.7789,225210.5,289000,2025-09-05 20:19:59
2025-09-05 20:20:00,0.7796,0.7791,0.7797,0.7791,114567.20000000001,147000,2025-09-05 20:29:59
2025-09-05 20:30:00,0.7795,0.7788,0.7795,0.7786,84118.3,108000,2025-09-05 20:39:59
2025-09-05 20:40:00,0.779,0.7783,0.7796,0.7782,217274.09999999998,279000,2025-09-05 20:49:59
2025-09-05 20:50:00,0.7784,0.7796,0.7796,0.7784,48307.799999999996,62000,2025-09-05 20:59:59
2025-09-05 21:00:00,0.7796,0.7801,0.7802,0.7785,557231.9,715000,2025-09-05 21:09:59
2025-09-05 21:10:00,0.7798,0.7788,0.7802,0.7786,390495.2,501000,2025-09-05 21:19:59
2025-09-05 21:20:00,0.7788,0.779,0.7801,0.7785,265695.2,341000,2025-09-05 21:29:59
2025-09-05 21:30:00,0.7794,0.7794,0.7801,0.7791,123939.70000000001,159000,2025-09-05 21:39:59
2025-09-05 21:40:00,0.7798,0.78,0.78,0.7794,118542.3,152000,2025-09-05 21:49:59
2025-09-05 21:50:00,0.78,0.7801,0.7807,0.78,421998.8,541000,2025-09-05 21:59:59
2025-09-05 22:00:00,0.7808,0.7802,0.7809,0.779,611547.8999999999,784000,2025-09-05 22:09:59
2025-09-05 22:10:00,0.7797,0.7801,0.7803,0.779,191040.0,245000,2025-09-05 22:19:59
2025-09-05 22:20:00,0.7801,0.7804,0.7804,0.7792,54595.9,70000,2025-09-05 22:29:59
2025-09-05 22:30:00,0.7804,0.7816,0.7817,0.78,958828.5,1228000,2025-09-05 22:39:59
2025-09-05 22:40:00,0.7801,0.78,0.7815,0.78,49182.899999999994,63000,2025-09-05 22:49:59
2025-09-05 22:50:00,0.78,0.7808,0.781,0.7799,15609.899999999998,20000,2025-09-05 22:59:59
2025-09-05 23:00:00,0.7808,0.7803,0.7808,0.78,253574.9,325000,2025-09-05 23:09:59
2025-09-05 23:10:00,0.78,0.781,0.781,0.7799,970223.4000000001,1243000,2025-09-05 23:19:59
2025-09-05 23:20:00,0.781,0.7813,0.7813,0.7806,114810.4,147000,2025-09-05 23:29:59
2025-09-05 23:30:00,0.7813,0.7799,0.7814,0.7799,390132.69999999984,500000,2025-09-05 23:39:59
2025-09-05 23:40:00,0.781,0.7787,0.781,0.7785,480020.19999999995,616000,2025-09-05 23:49:59
2025-09-06 09:50:00,0.7789,0.7789,0.7789,0.7789,49070.700000000004,63000,2025-09-06 09:59:59
2025-09-06 10:00:00,0.7798,0.7816,0.782,0.7779,792826.9,1016000,2025-09-06 10:09:59
2025-09-06 10:10:00,0.7816,0.7797,0.7816,0.7785,348129.1,446000,2025-09-06 10:19:59
2025-09-06 10:20:00,0.7798,0.7814,0.7816,0.7798,137500.0,176000,2025-09-06 10:29:59
2025-09-06 10:30:00,0.7813,0.7801,0.7814,0.7801,28103.899999999998,36000,2025-09-06 10:39:59
2025-09-06 10:40:00,0.78,0.7805,0.7813,0.78,45249.3,58000,2025-09-06 10:49:59
2025-09-06 10:50:00,0.7805,0.7817,0.7817,0.7802,54704.5,70000,2025-09-06 10:59:59
2025-09-06 11:00:00,0.7817,0.7807,0.7817,0.7801,257649.19999999998,330000,2025-09-06 11:09:59
2025-09-06 11:10:00,0.7809,0.7804,0.7809,0.7803,21856.1,28000,2025-09-06 11:19:59
2025-09-06 11:20:00,0.7804,0.7806,0.7806,0.7803,48379.899999999994,62000,2025-09-06 11:29:59
2025-09-06 11:30:00,0.7806,0.7808,0.7811,0.7806,58555.7,75000,2025-09-06 11:39:59
2025-09-06 11:40:00,0.7808,0.7808,0.7813,0.7808,108548.5,139000,2025-09-06 11:49:59
2025-09-06 11:50:00,0.7808,0.7815,0.782,0.7808,197740.1,253000,2025-09-06 11:59:59
2025-09-06 12:00:00,0.7816,0.7815,0.7816,0.781,14847.0,19000,2025-09-06 12:09:59
2025-09-06 12:10:00,0.7815,0.7814,0.7816,0.7809,174967.9,224000,2025-09-06 12:19:59
2025-09-06 12:20:00,0.7814,0.7807,0.7814,0.7806,142891.90000000002,183000,2025-09-06 12:29:59
2025-09-06 12:30:00,0.7811,0.7811,0.7811,0.7806,114022.6,146000,2025-09-06 12:39:59
2025-09-06 12:40:00,0.7811,0.7809,0.7816,0.7809,299326.6,383000,2025-09-06 12:49:59
2025-09-06 12:50:00,0.7817,0.7815,0.7819,0.7815,125085.0,160000,2025-09-06 12:59:59
2025-09-06 13:00:00,0.7819,0.781,0.782,0.781,46911.4,60000,2025-09-06 13:09:59
2025-09-06 13:10:00,0.7814,0.782,0.782,0.7814,104772.59999999999,134000,2025-09-06 13:19:59
2025-09-06 13:20:00,0.7819,0.7808,0.7819,0.7808,39828.399999999994,51000,2025-09-06 13:29:59
2025-09-06 13:30:00,0.781,0.7809,0.7814,0.7809,20307.1,26000,2025-09-06 13:39:59
2025-09-06 13:40:00,0.7809,0.7807,0.7812,0.7806,355227.6,455000,2025-09-06 13:49:59
2025-09-06 13:50:00,0.7806,0.7807,0.781,0.7806,38257.1,49000,2025-09-06 13:59:59
2025-09-06 14:00:00,0.781,0.7807,0.781,0.7806,238086.1,305000,2025-09-06 14:09:59
2025-09-06 14:10:00,0.7804,0.781,0.7811,0.78,275456.20000000007,353000,2025-09-06 14:19:59
2025-09-06 14:20:00,0.7809,0.7802,0.7809,0.7802,3122.8999999999996,4000,2025-09-06 14:29:59
2025-09-06 14:30:00,0.7802,0.7801,0.7808,0.78,557713.9,715000,2025-09-06 14:39:59
2025-09-06 14:40:00,0.7801,0.7804,0.7804,0.78,188772.90000000002,242000,2025-09-06 14:49:59
2025-09-06 14:50:00,0.7803,0.7803,0.7806,0.7803,36680.8,47000,2025-09-06 14:59:59
2025-09-06 15:00:00,0.7801,0.7801,0.7803,0.7801,24965.4,32000,2025-09-06 15:09:59
2025-09-06 15:10:00,0.7801,0.7809,0.7809,0.7801,37467.3,48000,2025-09-06 15:19:59
2025-09-06 15:20:00,0.7809,0.7814,0.7814,0.7807,20308.9,26000,2025-09-06 15:29:59
2025-09-06 15:30:00,0.7805,0.7802,0.7814,0.7802,25749.0,33000,2025-09-06 15:39:59
2025-09-06 15:40:00,0.7802,0.78,0.7806,0.78,470343.2,603000,2025-09-06 15:49:59
2025-09-06 15:50:00,0.7802,0.7801,0.7802,0.7801,1560.3000000000002,2000,2025-09-06 15:58:06
2025-09-06 16:00:00,0.7803,0.7801,0.7804,0.7801,5461.4,7000,2025-09-06 16:09:59
2025-09-06 16:10:00,0.7804,0.7806,0.783,0.7801,585867.2000000001,749000,2025-09-06 16:19:59
2025-09-06 16:20:00,0.782,0.781,0.782,0.7806,11727.6,15000,2025-09-06 16:29:59
2025-09-06 16:40:00,0.7817,0.7807,0.7817,0.7805,39846.49999999999,51000,2025-09-06 16:49:59
2025-09-06 16:50:00,0.7814,0.7814,0.7814,0.7814,4688.4,6000,2025-09-06 16:59:06
2025-09-06 17:00:00,0.7814,0.7807,0.7815,0.7807,8593.099999999999,11000,2025-09-06 17:09:59
2025-09-06 17:10:00,0.781,0.7801,0.781,0.7801,93636.59999999999,120000,2025-09-06 17:19:59
2025-09-06 17:20:00,0.7807,0.7813,0.7814,0.78,145110.4,186000,2025-09-06 17:29:59
2025-09-06 17:30:00,0.7803,0.7802,0.7803,0.7801,27305.499999999996,35000,2025-09-06 17:39:59
2025-09-06 17:40:00,0.7807,0.7807,0.7808,0.7806,11711.2,15000,2025-09-06 17:49:59
2025-09-06 17:50:00,0.7806,0.78,0.7812,0.7799,620104.1,795000,2025-09-06 17:59:59
2025-09-06 18:00:00,0.78,0.7805,0.7805,0.7799,35876.4,46000,2025-09-06 18:09:59
2025-09-06 18:10:00,0.7805,0.7773,0.7805,0.7773,961343.3,1235000,2025-09-06 18:19:59
2025-09-06 18:20:00,0.7794,0.7795,0.7796,0.7771,143161.89999999997,184000,2025-09-06 18:29:59
2025-09-06 18:30:00,0.7796,0.78,0.78,0.7795,49902.9,64000,2025-09-06 18:39:59
2025-09-06 18:40:00,0.7795,0.778,0.7799,0.7772,207975.6,267000,2025-09-06 18:49:59
2025-09-06 18:50:00,0.778,0.7799,0.7799,0.778,80972.4,104000,2025-09-06 18:59:59
2025-09-07 09:50:00,0.7817,0.7817,0.7817,0.7817,6253.6,8000,2025-09-07 09:59:59
2025-09-07 10:00:00,0.7817,0.7818,0.7819,0.7805,94586.50000000001,121000,2025-09-07 10:09:59
2025-09-07 10:10:00,0.7817,0.78,0.7817,0.779,13271.100000000002,17000,2025-09-07 10:19:59
2025-09-07 10:20:00,0.7795,0.7814,0.7814,0.7792,72608.29999999999,93000,2025-09-07 10:29:59
2025-09-07 10:30:00,0.7815,0.7795,0.7816,0.7795,14828.5,19000,2025-09-07 10:39:59
2025-09-07 10:40:00,0.7807,0.7809,0.7809,0.7807,1561.6,2000,2025-09-07 10:49:59
2025-09-07 10:50:00,0.78,0.7808,0.7808,0.7795,78804.7,101000,2025-09-07 10:58:06
2025-09-07 11:00:00,0.78,0.7794,0.78,0.7794,24166.399999999998,31000,2025-09-07 11:09:59
2025-09-07 11:10:00,0.78,0.7771,0.78,0.7771,778390.2000000001,1001000,2025-09-07 11:19:59
2025-09-07 11:20:00,0.7785,0.7786,0.7798,0.7784,81072.3,104000,2025-09-07 11:29:59
2025-09-07 11:30:00,0.7787,0.7791,0.7791,0.7777,79388.1,102000,2025-09-07 11:39:59
2025-09-07 11:40:00,0.7791,0.779,0.7791,0.7772,266885.7,343000,2025-09-07 11:49:59
2025-09-07 11:50:00,0.779,0.7795,0.7795,0.7781,95040.40000000001,122000,2025-09-07 11:59:59
2025-09-07 12:00:00,0.7795,0.7789,0.7795,0.7774,40462.299999999996,52000,2025-09-07 12:09:59
2025-09-07 12:10:00,0.7787,0.7787,0.7787,0.7778,9341.3,12000,2025-09-07 12:19:59
2025-09-07 12:20:00,0.7778,0.7791,0.7791,0.7778,56857.69999999999,73000,2025-09-07 12:29:59
2025-09-07 12:30:00,0.7782,0.7788,0.7789,0.7782,12460.9,16000,2025-09-07 12:39:59
2025-09-07 12:40:00,0.7783,0.7792,0.7792,0.7783,156578.9,201000,2025-09-07 12:49:59
2025-09-07 12:50:00,0.7784,0.779,0.779,0.7779,10116.3,13000,2025-09-07 12:53:06
2025-09-07 13:00:00,0.7786,0.7786,0.7786,0.7786,778.6,1000,2025-09-07 13:09:59
2025-09-07 13:10:00,0.7786,0.7788,0.7788,0.7786,4672.4,6000,2025-09-07 13:19:59
2025-09-07 13:20:00,0.7789,0.7792,0.7792,0.7787,5452.2,7000,2025-09-07 13:29:59
2025-09-07 13:30:00,0.7789,0.7796,0.7796,0.7779,154973.10000000003,199000,2025-09-07 13:39:59
2025-09-07 13:40:00,0.7796,0.7778,0.7797,0.7778,104279.4,134000,2025-09-07 13:49:59
2025-09-07 13:50:00,0.7794,0.7793,0.7794,0.7777,45899.200000000004,59000,2025-09-07 13:58:06
2025-09-07 14:00:00,0.7792,0.7788,0.7792,0.7788,24145.2,31000,2025-09-07 14:09:59
2025-09-07 14:20:00,0.7792,0.7796,0.7796,0.7792,23383.3,30000,2025-09-07 14:29:59
2025-09-07 14:30:00,0.7796,0.7781,0.7797,0.7778,203331.60000000003,261000,2025-09-07 14:39:59
2025-09-07 14:40:00,0.778,0.778,0.7794,0.7779,50580.4,65000,2025-09-07 14:49:59
2025-09-07 14:50:00,0.778,0.7781,0.7794,0.7779,50612.59999999999,65000,2025-09-07 14:59:05
2025-09-07 15:00:00,0.7784,0.7793,0.7793,0.7778,52924.4,68000,2025-09-07 15:09:59
2025-09-07 15:10:00,0.7785,0.7785,0.7785,0.7781,3891.5,5000,2025-09-07 15:19:59
2025-09-07 15:20:00,0.7783,0.7794,0.7795,0.7783,94275.7,121000,2025-09-07 15:29:59
2025-09-07 15:30:00,0.7794,0.7786,0.7794,0.7785,6229.5,8000,2025-09-07 15:39:59
2025-09-07 15:40:00,0.7794,0.7792,0.7794,0.7786,4674.9,6000,2025-09-07 15:49:59
2025-09-07 15:50:00,0.7793,0.7793,0.7793,0.7793,1558.6,2000,2025-09-07 15:53:06
2025-09-07 16:00:00,0.7792,0.7795,0.7795,0.7785,32725.5,42000,2025-09-07 16:09:59
2025-09-07 16:10:00,0.7795,0.7795,0.7795,0.7795,779.5,1000,2025-09-07 16:19:59
2025-09-07 16:20:00,0.7794,0.7794,0.7794,0.7794,3897.0,5000,2025-09-07 16:29:59
2025-09-07 16:30:00,0.7786,0.7793,0.7795,0.7786,190945.0,245000,2025-09-07 16:39:59
2025-09-07 16:40:00,0.7789,0.7796,0.7798,0.778,449683.3,577000,2025-09-07 16:49:59
2025-09-07 16:50:00,0.7796,0.7795,0.7796,0.779,65443.6,84000,2025-09-07 16:59:59
2025-09-07 17:00:00,0.7795,0.7793,0.7795,0.7785,14022.5,18000,2025-09-07 17:09:59
2025-09-07 17:10:00,0.7793,0.7785,0.7793,0.7785,1557.8,2000,2025-09-07 17:19:59
2025-09-07 17:20:00,0.7786,0.7785,0.7789,0.7785,51383.200000000004,66000,2025-09-07 17:29:59
2025-09-07 17:30:00,0.7783,0.7787,0.7787,0.7783,7785.8,10000,2025-09-07 17:39:59
2025-09-07 17:40:00,0.7788,0.7789,0.7789,0.7785,14016.099999999999,18000,2025-09-07 17:49:59
2025-09-07 17:50:00,0.7789,0.779,0.779,0.7789,4673.6,6000,2025-09-07 17:58:01
2025-09-07 18:00:00,0.7783,0.7792,0.7794,0.7782,47528.9,61000,2025-09-07 18:09:59
2025-09-07 18:10:00,0.7787,0.7793,0.7793,0.7786,16360.000000000002,21000,2025-09-07 18:19:59
2025-09-07 18:20:00,0.779,0.7783,0.7791,0.7783,38923.6,50000,2025-09-07 18:29:59
2025-09-07 18:30:00,0.7782,0.7779,0.7789,0.7779,231063.19999999995,297000,2025-09-07 18:39:59
2025-09-07 18:40:00,0.7787,0.7784,0.7791,0.7782,73989.8,95000,2025-09-07 18:49:59
2025-09-07 18:50:00,0.7785,0.7782,0.7786,0.7782,23352.5,30000,2025-09-07 18:59:59
2025-09-08 07:00:00,0.7787,0.7799,0.7802,0.7783,86545.4,111000,2025-09-08 07:09:59
2025-09-08 07:10:00,0.7786,0.7796,0.7797,0.7785,196214.2,252000,2025-09-08 07:19:59
2025-09-08 07:20:00,0.7796,0.7792,0.7798,0.7777,347949.4,447000,2025-09-08 07:29:59
2025-09-08 07:30:00,0.778,0.7796,0.7797,0.7761,1104308.0999999999,1421000,2025-09-08 07:39:59
2025-09-08 07:40:00,0.7796,0.7802,0.7806,0.7778,135717.40000000002,174000,2025-09-08 07:49:59
2025-09-08 07:50:00,0.7802,0.7811,0.7811,0.78,157680.9,202000,2025-09-08 07:59:05
2025-09-08 08:00:00,0.7812,0.7812,0.7812,0.7806,153101.7,196000,2025-09-08 08:09:59
2025-09-08 08:10:00,0.7812,0.7805,0.7812,0.7805,392898.39999999997,503000,2025-09-08 08:19:59
2025-09-08 08:20:00,0.7812,0.7805,0.7812,0.7805,56242.6,72000,2025-09-08 08:29:59
2025-09-08 08:30:00,0.7811,0.7828,0.7841,0.781,978349.6000000002,1250000,2025-09-08 08:39:59
2025-09-08 08:40:00,0.7825,0.7811,0.7826,0.781,235892.9,302000,2025-09-08 08:49:59
2025-09-08 08:50:00,0.7824,0.7811,0.7825,0.781,71172.49999999999,91000,2025-09-08 08:59:59
2025-09-08 09:00:00,0.7812,0.782,0.7822,0.7812,62570.299999999996,80000,2025-09-08 09:09:59
2025-09-08 09:10:00,0.7819,0.7825,0.7836,0.7816,499978.4,639000,2025-09-08 09:19:59
2025-09-08 09:20:00,0.7835,0.7821,0.7836,0.782,714534.7000000001,913000,2025-09-08 09:29:59
2025-09-08 09:30:00,0.7821,0.7834,0.7834,0.782,453720.69999999995,580000,2025-09-08 09:39:59
2025-09-08 09:40:00,0.7833,0.7831,0.784,0.7831,948970.2999999998,1211000,2025-09-08 09:49:59
2025-09-08 09:50:00,0.783,0.784,0.784,0.783,585325.6000000001,747000,2025-09-08 09:59:59
2025-09-08 10:00:00,0.784,0.7839,0.7847,0.7815,2367201.5,3021000,2025-09-08 10:09:59
2025-09-08 10:10:00,0.7822,0.78,0.7829,0.7781,2827154.3999999994,3622000,2025-09-08 10:19:59
2025-09-08 10:20:00,0.78,0.7807,0.781,0.78,926949.2,1188000,2025-09-08 10:29:59
2025-09-08 10:30:00,0.7801,0.78,0.7824,0.7794,3167618.1999999997,4059000,2025-09-08 10:39:59
2025-09-08 10:40:00,0.78,0.7786,0.78,0.778,3363130.4999999995,4315000,2025-09-08 10:49:59
2025-09-08 10:50:00,0.7786,0.7797,0.7798,0.7781,1120974.3,1439000,2025-09-08 10:59:59
2025-09-08 11:00:00,0.7797,0.7793,0.7799,0.7793,770208.9,988000,2025-09-08 11:09:59
2025-09-08 11:10:00,0.7793,0.7792,0.7797,0.7787,977988.1000000001,1255000,2025-09-08 11:19:59
2025-09-08 11:20:00,0.7792,0.7784,0.7795,0.7784,838789.4000000001,1077000,2025-09-08 11:29:59
2025-09-08 11:30:00,0.7785,0.7781,0.779,0.7781,846139.2999999999,1087000,2025-09-08 11:39:59
2025-09-08 11:40:00,0.7785,0.7781,0.7786,0.778,1308133.3,1681000,2025-09-08 11:49:59
2025-09-08 11:50:00,0.7781,0.7766,0.7784,0.7752,4015422.100000002,5168000,2025-09-08 11:59:59
2025-09-08 12:00:00,0.7768,0.7784,0.7786,0.7766,1522121.6999999997,1957000,2025-09-08 12:09:59
2025-09-08 12:10:00,0.7783,0.778,0.7786,0.7777,1049002.5999999999,1348000,2025-09-08 12:19:59
2025-09-08 12:20:00,0.778,0.777,0.778,0.777,1512912.8,1945000,2025-09-08 12:29:59
2025-09-08 12:30:00,0.777,0.7769,0.777,0.7767,1615273.8,2079000,2025-09-08 12:39:59
2025-09-08 12:40:00,0.7768,0.7765,0.777,0.7733,7583183.8,9784000,2025-09-08 12:49:59
2025-09-08 12:50:00,0.7765,0.776,0.7777,0.7755,1041349.6000000001,1342000,2025-09-08 12:59:59
2025-09-08 13:00:00,0.7755,0.7768,0.7768,0.7751,325773.7,420000,2025-09-08 13:09:59
2025-09-08 13:10:00,0.776,0.776,0.7767,0.7751,643869.0,830000,2025-09-08 13:19:59
2025-09-08 13:20:00,0.7752,0.7766,0.7766,0.7752,287828.5,371000,2025-09-08 13:29:59
2025-09-08 13:30:00,0.7766,0.7768,0.7768,0.7761,170829.30000000002,220000,2025-09-08 13:39:59
2025-09-08 13:40:00,0.7768,0.7743,0.7768,0.7736,3094259.9000000022,3993000,2025-09-08 13:49:59
2025-09-08 13:50:00,0.7743,0.772,0.7743,0.772,3773087.8,4882000,2025-09-08 13:59:59
2025-09-08 14:00:00,0.772,0.7733,0.7739,0.772,727707.2000000001,941000,2025-09-08 14:09:59
2025-09-08 14:10:00,0.7733,0.7718,0.7733,0.7717,2530216.8,3276000,2025-09-08 14:19:59
2025-09-08 14:20:00,0.7718,0.7717,0.7723,0.7714,1853567.8000000003,2402000,2025-09-08 14:29:59
2025-09-08 14:30:00,0.7717,0.7737,0.7744,0.7716,4807822.4,6223000,2025-09-08 14:39:59
2025-09-08 14:40:00,0.7728,0.7799,0.78,0.7728,29956781.400000006,38576000,2025-09-08 14:49:59
2025-09-08 14:50:00,0.7798,0.7783,0.78,0.7783,17734830.8,22738000,2025-09-08 14:59:59
2025-09-08 15:00:00,0.7794,0.7793,0.7795,0.7785,877258.3999999999,1126000,2025-09-08 15:09:59
2025-09-08 15:10:00,0.7789,0.7799,0.78,0.7785,2283162.0000000005,2929000,2025-09-08 15:19:59
2025-09-08 15:20:00,0.7796,0.7788,0.7797,0.7786,356001.50000000006,457000,2025-09-08 15:29:59
2025-09-08 15:30:00,0.7789,0.7817,0.7824,0.7789,8875551.899999993,11374000,2025-09-08 15:39:59
2025-09-08 15:40:00,0.7816,0.7801,0.7828,0.78,3284775.4,4204000,2025-09-08 15:49:59
2025-09-08 15:50:00,0.7803,0.7805,0.7808,0.7801,1651601.9000000004,2117000,2025-09-08 15:59:59
2025-09-08 16:00:00,0.7806,0.7803,0.781,0.7801,769621.7,986000,2025-09-08 16:09:59
2025-09-08 16:10:00,0.7801,0.778,0.7805,0.778,1083093.8,1389000,2025-09-08 16:19:59
2025-09-08 16:20:00,0.779,0.7778,0.7801,0.7728,1877147.4000000001,2417000,2025-09-08 16:29:59
2025-09-08 16:30:00,0.7778,0.7777,0.7778,0.7777,780035.9,1003000,2025-09-08 16:39:59
2025-09-08 16:40:00,0.7777,0.7763,0.7778,0.775,964669.4000000001,1243000,2025-09-08 16:49:59
2025-09-08 16:50:00,0.7763,0.7771,0.7771,0.775,438374.20000000007,565000,2025-09-08 16:59:59
2025-09-08 17:00:00,0.7769,0.7774,0.7778,0.7769,195179.39999999997,251000,2025-09-08 17:09:59
2025-09-08 17:10:00,0.7776,0.7778,0.7778,0.7776,127528.2,164000,2025-09-08 17:19:59
2025-09-08 17:20:00,0.7777,0.7793,0.7794,0.7777,491204.10000000003,631000,2025-09-08 17:29:59
2025-09-08 17:30:00,0.7793,0.7792,0.7794,0.779,707605.1,908000,2025-09-08 17:39:59
2025-09-08 17:40:00,0.7791,0.7827,0.7827,0.7791,1604995.4,2055000,2025-09-08 17:49:59
2025-09-08 17:50:00,0.7827,0.7812,0.783,0.7812,2017465.5000000002,2578000,2025-09-08 17:59:59
2025-09-08 18:00:00,0.7812,0.7808,0.7822,0.7803,452316.9999999999,579000,2025-09-08 18:09:59
2025-09-08 18:10:00,0.7803,0.7798,0.7803,0.7791,580864.2999999999,745000,2025-09-08 18:19:59
2025-09-08 18:20:00,0.7798,0.7798,0.78,0.7789,468571.9,601000,2025-09-08 18:29:59
2025-09-08 18:30:00,0.7799,0.7794,0.7799,0.7788,1840838.2999999998,2363000,2025-09-08 18:39:59
2025-09-08 19:00:00,0.78,0.7799,0.78,0.7798,160666.4,206000,2025-09-08 19:09:59
2025-09-08 19:10:00,0.7796,0.7799,0.78,0.7788,1174629.9,1507000,2025-09-08 19:19:59
2025-09-08 19:20:00,0.7799,0.7796,0.7799,0.7788,483951.0,621000,2025-09-08 19:29:59
2025-09-08 19:30:00,0.7799,0.7798,0.78,0.7792,379036.9,486000,2025-09-08 19:39:59
2025-09-08 19:40:00,0.7797,0.7826,0.7826,0.7797,2132235.3,2728000,2025-09-08 19:49:59
2025-09-08 19:50:00,0.7826,0.7829,0.783,0.7814,773412.6,988000,2025-09-08 19:59:59
2025-09-08 20:00:00,0.783,0.783,0.783,0.7829,1422705.6,1817000,2025-09-08 20:09:59
2025-09-08 20:10:00,0.7829,0.7834,0.7835,0.7826,508210.2,649000,2025-09-08 20:19:59
2025-09-08 20:20:00,0.7834,0.7817,0.7835,0.781,603978.5,772000,2025-09-08 20:29:59
2025-09-08 20:30:00,0.7816,0.7811,0.7816,0.7793,6751958.9,8656000,2025-09-08 20:39:59
2025-09-08 20:40:00,0.7812,0.7815,0.7831,0.7804,987087.2999999999,1262000,2025-09-08 20:49:59
2025-09-08 20:50:00,0.7826,0.783,0.7844,0.7817,1489947.4000000001,1901000,2025-09-08 20:59:04
2025-09-08 21:00:00,0.782,0.7819,0.7831,0.7818,90708.1,116000,2025-09-08 21:09:59
2025-09-08 21:10:00,0.7819,0.7819,0.7819,0.7816,116479.0,149000,2025-09-08 21:19:59
2025-09-08 21:20:00,0.7819,0.7815,0.7819,0.7815,32829.2,42000,2025-09-08 21:29:59
2025-09-08 21:30:00,0.7815,0.7813,0.7816,0.7813,14846.5,19000,2025-09-08 21:39:59
2025-09-08 21:40:00,0.7815,0.7817,0.7818,0.7813,82840.3,106000,2025-09-08 21:49:59
2025-09-08 21:50:00,0.7813,0.7813,0.7817,0.7813,31254.0,40000,2025-09-08 21:57:13
2025-09-08 22:00:00,0.7813,0.781,0.7818,0.781,1505210.8,1927000,2025-09-08 22:09:59
2025-09-08 22:10:00,0.781,0.7806,0.781,0.7806,71844.5,92000,2025-09-08 22:19:59
2025-09-08 22:20:00,0.7806,0.7815,0.7815,0.7806,94472.90000000001,121000,2025-09-08 22:29:59
2025-09-08 22:30:00,0.7815,0.7815,0.7816,0.7806,416467.9,533000,2025-09-08 22:39:59
2025-09-08 22:40:00,0.7814,0.7815,0.7815,0.7806,646289.7,827000,2025-09-08 22:49:59
2025-09-08 22:50:00,0.7815,0.7815,0.7815,0.781,126593.6,162000,2025-09-08 22:59:59
2025-09-08 23:00:00,0.7814,0.7819,0.7819,0.7807,1153818.8,1476000,2025-09-08 23:09:59
2025-09-08 23:10:00,0.7819,0.7806,0.784,0.7806,825950.2999999999,1055000,2025-09-08 23:19:59
2025-09-08 23:20:00,0.782,0.7826,0.7828,0.7806,243946.9,312000,2025-09-08 23:29:59
2025-09-08 23:30:00,0.7825,0.7828,0.783,0.7807,193185.90000000002,247000,2025-09-08 23:39:59
2025-09-08 23:40:00,0.7829,0.7828,0.7829,0.7814,735833.2,940000,2025-09-08 23:49:59
2025-09-09 06:50:00,0.783,0.783,0.783,0.783,783.0,1000,2025-09-09 06:59:59
2025-09-09 07:00:00,0.7829,0.7847,0.7849,0.782,374171.10000000003,477000,2025-09-09 07:09:59
2025-09-09 07:10:00,0.7844,0.7849,0.7849,0.7818,440001.5,561000,2025-09-09 07:19:59
2025-09-09 07:20:00,0.7846,0.7849,0.7849,0.7816,610874.1000000001,779000,2025-09-09 07:29:59
2025-09-09 07:30:00,0.7849,0.7845,0.7849,0.7827,226536.4,289000,2025-09-09 07:39:59
2025-09-09 07:40:00,0.7846,0.7847,0.7848,0.7838,167121.59999999998,213000,2025-09-09 07:49:59
2025-09-09 07:50:00,0.7845,0.7836,0.7847,0.7833,480079.5,612000,2025-09-09 07:59:00
2025-09-09 08:00:00,0.7837,0.7842,0.7847,0.7831,524474.0,669000,2025-09-09 08:09:59
2025-09-09 08:10:00,0.7836,0.7845,0.7845,0.7836,36850.6,47000,2025-09-09 08:19:59
2025-09-09 08:20:00,0.7845,0.7834,0.7845,0.7834,43118.799999999996,55000,2025-09-09 08:29:59
2025-09-09 08:30:00,0.7842,0.7842,0.7844,0.7835,171758.30000000002,219000,2025-09-09 08:39:59
2025-09-09 08:40:00,0.7841,0.7843,0.7844,0.7831,87776.90000000002,112000,2025-09-09 08:49:59
2025-09-09 08:50:00,0.7842,0.7842,0.7843,0.7842,173308.70000000004,221000,2025-09-09 08:59:01
2025-09-09 09:00:00,0.7843,0.7884,0.7898,0.7842,3398532.499999999,4323000,2025-09-09 09:09:59
2025-09-09 09:10:00,0.7885,0.791,0.7928,0.7883,5890999.999999998,7452000,2025-09-09 09:19:59
2025-09-09 09:20:00,0.7908,0.7879,0.7929,0.7872,8121542.700000001,10285000,2025-09-09 09:29:59
2025-09-09 09:30:00,0.7882,0.7878,0.7901,0.7878,594788.4,754000,2025-09-09 09:39:59
2025-09-09 09:40:00,0.7878,0.7885,0.7886,0.7859,647483.7999999999,823000,2025-09-09 09:49:59
2025-09-09 09:50:00,0.7887,0.7879,0.7889,0.7876,222279.5,282000,2025-09-09 09:59:59
2025-09-09 10:00:00,0.7878,0.7863,0.7878,0.7842,2899599.5,3689000,2025-09-09 10:09:59
2025-09-09 10:10:00,0.7863,0.7859,0.7868,0.7855,253979.39999999997,323000,2025-09-09 10:19:59
2025-09-09 10:20:00,0.7859,0.7834,0.7859,0.7821,1658835.0,2116000,2025-09-09 10:29:59
2025-09-09 10:30:00,0.7834,0.7841,0.7845,0.7834,203881.80000000002,260000,2025-09-09 10:39:59
2025-09-09 10:40:00,0.7841,0.7839,0.7841,0.7838,2073034.4,2644000,2025-09-09 10:49:59
2025-09-09 10:50:00,0.7839,0.7831,0.7839,0.782,509647.5,651000,2025-09-09 10:59:59
2025-09-09 11:00:00,0.7826,0.7819,0.7834,0.781,1040583.7999999999,1331000,2025-09-09 11:09:59
2025-09-09 11:10:00,0.7819,0.7816,0.7819,0.7807,1883703.4999999998,2412000,2025-09-09 11:19:59
2025-09-09 11:20:00,0.7816,0.7838,0.784,0.78,6836187.099999999,8745000,2025-09-09 11:29:59
2025-09-09 11:30:00,0.7838,0.7833,0.7838,0.781,693816.4000000001,886000,2025-09-09 11:39:59
2025-09-09 11:40:00,0.7834,0.7828,0.7836,0.7824,263141.0,336000,2025-09-09 11:49:59
2025-09-09 11:50:00,0.7829,0.7805,0.7829,0.78,2902120.0,3719000,2025-09-09 11:59:59
2025-09-09 12:00:00,0.7803,0.7812,0.7816,0.78,1099732.7000000002,1409000,2025-09-09 12:09:59
2025-09-09 12:10:00,0.7812,0.7818,0.7819,0.781,221955.3,284000,2025-09-09 12:19:59
2025-09-09 12:20:00,0.7816,0.7806,0.7818,0.7805,190574.2,244000,2025-09-09 12:29:59
2025-09-09 12:30:00,0.7816,0.7823,0.7828,0.7804,509533.8999999999,652000,2025-09-09 12:39:59
2025-09-09 12:40:00,0.7825,0.7816,0.7825,0.78,1739555.3,2227000,2025-09-09 12:49:59
2025-09-09 12:50:00,0.7816,0.7819,0.7827,0.78,991789.6999999998,1270000,2025-09-09 12:59:59
2025-09-09 13:00:00,0.7819,0.7812,0.7819,0.7811,218061.30000000002,279000,2025-09-09 13:09:59
2025-09-09 13:10:00,0.7816,0.781,0.7817,0.781,561701.5,719000,2025-09-09 13:19:59
2025-09-09 13:20:00,0.7817,0.781,0.7818,0.781,243786.4,312000,2025-09-09 13:29:59
2025-09-09 13:30:00,0.781,0.7811,0.7817,0.781,85929.90000000001,110000,2025-09-09 13:39:59
2025-09-09 13:40:00,0.7816,0.781,0.7818,0.781,1404414.7000000002,1798000,2025-09-09 13:49:59
2025-09-09 13:50:00,0.781,0.7811,0.7815,0.781,267122.6,342000,2025-09-09 13:59:59
2025-09-09 14:00:00,0.7811,0.7789,0.7811,0.7751,4400849.600000002,5654000,2025-09-09 14:09:59
2025-09-09 14:10:00,0.7788,0.777,0.7789,0.7768,1463380.3,1882000,2025-09-09 14:19:59
2025-09-09 14:20:00,0.777,0.7735,0.777,0.773,9180279.3,11860000,2025-09-09 14:29:59
2025-09-09 14:30:00,0.7735,0.772,0.7735,0.772,5965543.199999999,7714000,2025-09-09 14:39:59
2025-09-09 14:40:00,0.7724,0.7743,0.7754,0.7724,908744.2999999999,1174000,2025-09-09 14:49:59
2025-09-09 14:50:00,0.7741,0.7736,0.7741,0.7734,368275.89999999997,476000,2025-09-09 14:59:59
2025-09-09 15:00:00,0.7739,0.7759,0.7777,0.7739,1636038.3,2110000,2025-09-09 15:09:59
2025-09-09 15:10:00,0.7753,0.7743,0.7753,0.7736,205289.0,265000,2025-09-09 15:19:59
2025-09-09 15:20:00,0.7747,0.775,0.775,0.7744,246363.80000000002,318000,2025-09-09 15:29:59
2025-09-09 15:30:00,0.775,0.7756,0.777,0.775,266178.89999999997,343000,2025-09-09 15:39:59
2025-09-09 15:40:00,0.7756,0.7767,0.7767,0.7756,172313.2,222000,2025-09-09 15:49:59
2025-09-09 15:50:00,0.7766,0.776,0.777,0.776,404630.5,521000,2025-09-09 15:57:08
2025-09-09 16:00:00,0.7764,0.7759,0.7765,0.7756,393286.5,507000,2025-09-09 16:09:59
2025-09-09 16:10:00,0.7759,0.776,0.7763,0.7754,174539.4,225000,2025-09-09 16:19:59
2025-09-09 16:20:00,0.776,0.777,0.7777,0.7756,1656956.4999999998,2132000,2025-09-09 16:29:59
2025-09-09 16:30:00,0.7775,0.7786,0.7787,0.7766,845444.4999999999,1087000,2025-09-09 16:39:59
2025-09-09 16:40:00,0.7777,0.7783,0.7788,0.7777,440616.3,566000,2025-09-09 16:49:59
2025-09-09 16:50:00,0.7783,0.7788,0.7789,0.7776,365744.80000000005,470000,2025-09-09 16:59:59
2025-09-09 17:00:00,0.7783,0.7763,0.7783,0.7758,829175.1,1067000,2025-09-09 17:09:59
2025-09-09 17:10:00,0.7763,0.776,0.7764,0.7753,574845.9,741000,2025-09-09 17:19:59
2025-09-09 17:20:00,0.7754,0.7747,0.7754,0.7737,1278647.8,1651000,2025-09-09 17:29:59
2025-09-09 17:30:00,0.7747,0.7782,0.7786,0.7746,13145583.999999998,16961000,2025-09-09 17:39:59
2025-09-09 17:40:00,0.7785,0.7783,0.7786,0.7772,315807.10000000003,406000,2025-09-09 17:49:59
2025-09-09 17:50:00,0.7783,0.7765,0.7783,0.7756,1354979.6,1745000,2025-09-09 17:59:59
2025-09-09 18:00:00,0.776,0.7788,0.7789,0.776,2242909.6,2888000,2025-09-09 18:09:59
2025-09-09 18:10:00,0.7789,0.7793,0.7794,0.7787,276563.4,355000,2025-09-09 18:19:59
2025-09-09 18:20:00,0.7793,0.7792,0.7798,0.7787,267353.39999999997,343000,2025-09-09 18:29:59
2025-09-09 18:30:00,0.7789,0.7792,0.7799,0.7789,248664.6,319000,2025-09-09 18:39:59
2025-09-09 18:40:00,0.7798,0.7798,0.7798,0.7798,155960.0,200000,2025-09-09 18:46:08
2025-09-09 19:00:00,0.7798,0.7791,0.7798,0.779,175317.8,225000,2025-09-09 19:09:59
2025-09-09 19:10:00,0.7791,0.7785,0.7798,0.7779,419058.3,538000,2025-09-09 19:19:59
2025-09-09 19:20:00,0.7793,0.7782,0.7793,0.7782,203964.69999999998,262000,2025-09-09 19:29:59
2025-09-09 19:30:00,0.7781,0.776,0.7796,0.776,1953557.4000000001,2512000,2025-09-09 19:39:59
2025-09-09 19:40:00,0.7761,0.775,0.7775,0.7746,1657727.4999999998,2138000,2025-09-09 19:49:59
2025-09-09 19:50:00,0.7749,0.7775,0.7792,0.7749,365249.1,470000,2025-09-09 19:59:09
2025-09-09 20:00:00,0.7763,0.7762,0.7774,0.776,119599.9,154000,2025-09-09 20:09:59
2025-09-09 20:10:00,0.7768,0.7787,0.7787,0.7753,191677.1,247000,2025-09-09 20:19:59
2025-09-09 20:20:00,0.7773,0.7795,0.7795,0.7767,1056307.0,1356000,2025-09-09 20:29:59
2025-09-09 20:30:00,0.7794,0.7769,0.7794,0.7769,268214.7,345000,2025-09-09 20:39:59
2025-09-09 20:40:00,0.7769,0.7766,0.7777,0.7755,669255.2000000001,862000,2025-09-09 20:49:59
2025-09-09 20:50:00,0.7758,0.775,0.7766,0.7741,688117.1,888000,2025-09-09 20:59:59
2025-09-09 21:00:00,0.7749,0.7749,0.775,0.7744,172818.40000000002,223000,2025-09-09 21:09:59
2025-09-09 21:10:00,0.7749,0.7758,0.7759,0.7749,268234.9,346000,2025-09-09 21:19:59
2025-09-09 21:20:00,0.7758,0.7759,0.7759,0.7753,76034.9,98000,2025-09-09 21:29:59
2025-09-09 21:30:00,0.7759,0.7759,0.7759,0.7758,63623.70000000001,82000,2025-09-09 21:39:59
2025-09-09 21:40:00,0.776,0.7763,0.7767,0.776,803941.1000000001,1036000,2025-09-09 21:49:59
2025-09-09 21:50:00,0.7763,0.7769,0.7769,0.776,128921.09999999999,166000,2025-09-09 21:58:08
2025-09-09 22:00:00,0.7769,0.7767,0.7769,0.7759,717130.5000000001,924000,2025-09-09 22:09:59
2025-09-09 22:10:00,0.7767,0.7765,0.7767,0.7751,131895.0,170000,2025-09-09 22:19:59
2025-09-09 22:20:00,0.7765,0.7765,0.7765,0.7765,7765.0,10000,2025-09-09 22:29:59
2025-09-09 22:30:00,0.7765,0.7766,0.7767,0.7756,215811.40000000002,278000,2025-09-09 22:39:59
2025-09-09 22:40:00,0.7766,0.7768,0.7768,0.7761,302912.1,390000,2025-09-09 22:49:59
2025-09-09 22:50:00,0.7768,0.7775,0.7775,0.7768,152321.5,196000,2025-09-09 22:59:09
2025-09-09 23:00:00,0.7775,0.7782,0.7782,0.7775,74665.9,96000,2025-09-09 23:09:59
2025-09-09 23:10:00,0.778,0.7784,0.7795,0.7774,379756.79999999993,488000,2025-09-09 23:19:59
2025-09-09 23:20:00,0.7784,0.7777,0.7784,0.7772,97965.69999999998,126000,2025-09-09 23:29:59
2025-09-09 23:30:00,0.7777,0.7784,0.7784,0.7777,78603.4,101000,2025-09-09 23:39:59
2025-09-09 23:40:00,0.7777,0.7761,0.7784,0.776,498245.20000000007,641000,2025-09-09 23:49:59
2025-09-10 06:50:00,0.7776,0.7776,0.7776,0.7776,5443.200000000001,7000,2025-09-10 06:59:59
2025-09-10 07:00:00,0.7776,0.7774,0.7776,0.7746,210309.80000000002,271000,2025-09-10 07:09:59
2025-09-10 07:10:00,0.7753,0.7767,0.7784,0.7748,2159814.4,2780000,2025-09-10 07:19:59
2025-09-10 07:20:00,0.7767,0.7774,0.7777,0.7767,574507.3,739000,2025-09-10 07:29:59
2025-09-10 07:30:00,0.7774,0.7766,0.7777,0.7765,384720.19999999995,495000,2025-09-10 07:39:59
2025-09-10 07:40:00,0.7776,0.7771,0.7776,0.7754,91613.8,118000,2025-09-10 07:49:59
2025-09-10 07:50:00,0.7771,0.7777,0.7777,0.7769,888816.5000000001,1143000,2025-09-10 07:59:01
2025-09-10 08:00:00,0.7777,0.7777,0.7777,0.7773,690589.6,888000,2025-09-10 08:09:59
2025-09-10 08:10:00,0.7777,0.7777,0.7777,0.7771,177286.7,228000,2025-09-10 08:19:59
2025-09-10 08:20:00,0.7771,0.7778,0.7805,0.777,1032530.9000000001,1325000,2025-09-10 08:29:59
2025-09-10 08:30:00,0.7777,0.7751,0.7789,0.7751,392626.1,506000,2025-09-10 08:39:59
2025-09-10 08:40:00,0.7774,0.7791,0.7791,0.7774,112117.8,144000,2025-09-10 08:49:59
2025-09-10 08:50:00,0.7791,0.7777,0.7791,0.7754,729545.5,940000,2025-09-10 08:59:59
2025-09-10 09:00:00,0.7777,0.7768,0.7777,0.7765,596609.5000000001,768000,2025-09-10 09:09:59
2025-09-10 09:10:00,0.777,0.7759,0.777,0.7752,481728.8999999999,621000,2025-09-10 09:19:59
2025-09-10 09:20:00,0.7759,0.7746,0.7759,0.7745,795183.2,1026000,2025-09-10 09:29:59
2025-09-10 09:30:00,0.7745,0.7745,0.775,0.7741,512774.9,662000,2025-09-10 09:39:59
2025-09-10 09:40:00,0.7745,0.7738,0.7749,0.7738,1264367.4000000001,1633000,2025-09-10 09:49:59
2025-09-10 09:50:00,0.7738,0.7738,0.7739,0.7725,817975.2000000001,1058000,2025-09-10 09:59:59
2025-09-10 10:00:00,0.7735,0.7738,0.7742,0.7727,1447987.1,1871000,2025-09-10 10:09:59
2025-09-10 10:10:00,0.7742,0.7754,0.7767,0.7742,988132.4,1274000,2025-09-10 10:19:59
2025-09-10 10:20:00,0.7748,0.7761,0.7764,0.7746,317344.30000000005,409000,2025-09-10 10:29:59
2025-09-10 10:30:00,0.7763,0.775,0.7764,0.7738,846914.8999999999,1092000,2025-09-10 10:39:59
2025-09-10 10:40:00,0.775,0.7751,0.7759,0.7739,667072.6,861000,2025-09-10 10:49:59
2025-09-10 10:50:00,0.775,0.7753,0.7755,0.775,641727.7,828000,2025-09-10 10:59:59
2025-09-10 11:00:00,0.7754,0.7755,0.7755,0.7753,272933.4,352000,2025-09-10 11:09:59
2025-09-10 11:10:00,0.7753,0.7754,0.7754,0.7746,685083.1000000002,884000,2025-09-10 11:19:59
2025-09-10 11:20:00,0.7752,0.7743,0.7752,0.7731,760512.8999999999,983000,2025-09-10 11:29:59
2025-09-10 11:30:00,0.7749,0.773,0.7749,0.7719,3367503.6999999993,4357000,2025-09-10 11:39:59
2025-09-10 11:40:00,0.7729,0.7725,0.7746,0.7724,1232783.2,1594000,2025-09-10 11:49:59
2025-09-10 11:50:00,0.7724,0.7739,0.7739,0.7721,468306.99999999994,606000,2025-09-10 11:59:59
2025-09-10 12:00:00,0.7739,0.7735,0.7743,0.772,1392518.1,1801000,2025-09-10 12:09:59
2025-09-10 12:10:00,0.7736,0.772,0.774,0.772,1127344.5,1459000,2025-09-10 12:19:59
2025-09-10 12:20:00,0.7731,0.7741,0.7743,0.772,1052095.8,1361000,2025-09-10 12:29:59
2025-09-10 12:30:00,0.7741,0.7739,0.7741,0.7723,821587.9999999999,1062000,2025-09-10 12:39:59
2025-09-10 12:40:00,0.7739,0.7728,0.774,0.7722,5922799.4,7663000,2025-09-10 12:49:59
2025-09-10 12:50:00,0.773,0.7737,0.7738,0.772,3854741.1000000006,4992000,2025-09-10 12:59:03
2025-09-10 13:00:00,0.7737,0.7729,0.7737,0.7719,698556.4000000001,904000,2025-09-10 13:09:59
2025-09-10 13:10:00,0.7729,0.7726,0.7731,0.7718,346630.79999999993,449000,2025-09-10 13:19:59
2025-09-10 13:20:00,0.7728,0.7723,0.7728,0.771,1516339.4000000001,1965000,2025-09-10 13:29:59
2025-09-10 13:30:00,0.7723,0.7728,0.7728,0.7719,159924.0,207000,2025-09-10 13:39:59
2025-09-10 13:40:00,0.7728,0.7725,0.7728,0.7719,231743.59999999998,300000,2025-09-10 13:49:59
2025-09-10 13:50:00,0.7725,0.7719,0.7726,0.7715,388365.0,503000,2025-09-10 13:59:59
2025-09-10 14:00:00,0.7718,0.772,0.7735,0.7712,3313173.5999999996,4291000,2025-09-10 14:09:59
2025-09-10 14:10:00,0.7719,0.773,0.773,0.7715,639267.3,828000,2025-09-10 14:19:59
2025-09-10 14:20:00,0.7729,0.7729,0.7732,0.7725,219412.10000000003,284000,2025-09-10 14:29:59
2025-09-10 14:30:00,0.7729,0.771,0.7729,0.768,14530966.700000001,18863000,2025-09-10 14:39:59
2025-09-10 14:40:00,0.7711,0.771,0.7714,0.771,1205989.0999999999,1564000,2025-09-10 14:49:59
2025-09-10 14:50:00,0.7712,0.7718,0.7719,0.7705,479680.6,622000,2025-09-10 14:59:59
2025-09-10 15:00:00,0.7718,0.77,0.7718,0.7698,1468687.4000000001,1906000,2025-09-10 15:09:59
2025-09-10 15:10:00,0.77,0.7716,0.7718,0.7699,1277853.9999999995,1659000,2025-09-10 15:19:59
2025-09-10 15:20:00,0.7716,0.7718,0.772,0.7716,343417.6,445000,2025-09-10 15:29:59
2025-09-10 15:30:00,0.7718,0.7712,0.772,0.7702,453572.69999999966,588000,2025-09-10 15:39:59
2025-09-10 15:40:00,0.7712,0.7711,0.7712,0.7706,45480.3,59000,2025-09-10 15:49:59
2025-09-10 15:50:00,0.7711,0.7708,0.7713,0.7708,165020.90000000002,214000,2025-09-10 15:59:59
2025-09-10 16:00:00,0.7711,0.7715,0.7715,0.7711,95649.30000000002,124000,2025-09-10 16:09:59
2025-09-10 16:10:00,0.7715,0.7716,0.7716,0.7714,351814.4,456000,2025-09-10 16:19:59
2025-09-10 16:20:00,0.7716,0.7716,0.7716,0.7714,341039.5,442000,2025-09-10 16:29:59
2025-09-10 16:30:00,0.7714,0.772,0.772,0.7714,222240.09999999998,288000,2025-09-10 16:39:59
2025-09-10 16:40:00,0.772,0.7704,0.7724,0.7704,953317.3,1236000,2025-09-10 16:49:59
2025-09-10 16:50:00,0.7706,0.7716,0.7716,0.7702,559586.1000000001,726000,2025-09-10 16:59:59
2025-09-10 17:00:00,0.7716,0.7716,0.7716,0.7714,90270.20000000001,117000,2025-09-10 17:09:59
2025-09-10 17:10:00,0.7714,0.7714,0.7716,0.7714,241471.5,313000,2025-09-10 17:19:59
2025-09-10 17:20:00,0.7714,0.7716,0.7716,0.7714,55545.899999999994,72000,2025-09-10 17:29:59
2025-09-10 17:30:00,0.7717,0.772,0.7724,0.7715,605257.2,784000,2025-09-10 17:39:59
2025-09-10 17:40:00,0.7716,0.7718,0.772,0.7715,110358.49999999999,143000,2025-09-10 17:49:59
2025-09-10 17:50:00,0.7718,0.7719,0.7719,0.7718,92620.3,120000,2025-09-10 17:58:08
2025-09-10 18:00:00,0.7719,0.7718,0.772,0.7718,434580.39999999997,563000,2025-09-10 18:09:59
2025-09-10 18:10:00,0.7719,0.7715,0.772,0.7715,217626.4,282000,2025-09-10 18:19:59
2025-09-10 18:20:00,0.7715,0.7713,0.7719,0.7702,519739.29999999993,674000,2025-09-10 18:29:59
2025-09-10 18:30:00,0.7712,0.7704,0.7715,0.7701,297455.9,386000,2025-09-10 18:39:59
2025-09-10 19:00:00,0.7706,0.7713,0.7713,0.7706,285905.1,371000,2025-09-10 19:09:59
2025-09-10 19:10:00,0.7707,0.7705,0.7711,0.7701,711767.9,924000,2025-09-10 19:19:59
2025-09-10 19:20:00,0.7705,0.7702,0.7708,0.7702,69334.5,90000,2025-09-10 19:29:59
2025-09-10 19:30:00,0.7702,0.768,0.7705,0.768,5335544.000000001,6932000,2025-09-10 19:39:59
2025-09-10 19:40:00,0.7689,0.7695,0.77,0.768,1505434.9000000001,1958000,2025-09-10 19:49:59
2025-09-10 19:50:00,0.7695,0.7697,0.7697,0.7688,273890.6,356000,2025-09-10 19:59:59
2025-09-10 20:00:00,0.7697,0.768,0.7698,0.768,5487366.999999999,7144000,2025-09-10 20:09:59
2025-09-10 20:10:00,0.7685,0.7694,0.7695,0.768,690858.3,899000,2025-09-10 20:19:59
2025-09-10 20:20:00,0.7688,0.7688,0.7697,0.7681,667542.5000000001,868000,2025-09-10 20:29:59
2025-09-10 20:30:00,0.769,0.7696,0.7698,0.7688,41548.5,54000,2025-09-10 20:39:59
2025-09-10 20:40:00,0.7694,0.7698,0.7698,0.7691,230059.7,299000,2025-09-10 20:49:59
2025-09-10 20:50:00,0.7695,0.7698,0.77,0.7695,123951.40000000001,161000,2025-09-10 20:59:59
2025-09-10 21:00:00,0.7697,0.7694,0.7697,0.7691,153128.60000000006,199000,2025-09-10 21:09:59
2025-09-10 21:10:00,0.7695,0.7692,0.7697,0.7692,56180.4,73000,2025-09-10 21:19:59
2025-09-10 21:20:00,0.7696,0.7697,0.7697,0.769,326233.6,424000,2025-09-10 21:29:59
2025-09-10 21:30:00,0.7697,0.769,0.7698,0.769,723161.7000000001,940000,2025-09-10 21:39:59
2025-09-10 21:40:00,0.7696,0.77,0.77,0.7691,278723.5,362000,2025-09-10 21:49:59
2025-09-10 21:50:00,0.7698,0.7697,0.77,0.769,90011.99999999999,117000,2025-09-10 21:59:59
2025-09-10 22:00:00,0.7698,0.7699,0.77,0.7697,248690.7,323000,2025-09-10 22:09:59
2025-09-10 22:10:00,0.7699,0.77,0.77,0.769,774440.3,1006000,2025-09-10 22:19:59
2025-09-10 22:20:00,0.7699,0.7699,0.7699,0.7695,90039.19999999998,117000,2025-09-10 22:29:59
2025-09-10 22:30:00,0.77,0.769,0.77,0.769,324825.5,422000,2025-09-10 22:39:59
2025-09-10 22:40:00,0.7698,0.7699,0.7699,0.7691,43112.4,56000,2025-09-10 22:49:59
2025-09-10 22:50:00,0.7699,0.7699,0.7699,0.7691,103930.1,135000,2025-09-10 22:59:09
2025-09-10 23:00:00,0.7698,0.7696,0.7699,0.769,286879.3,373000,2025-09-10 23:09:59
2025-09-10 23:10:00,0.7692,0.7685,0.7699,0.7685,183766.5,239000,2025-09-10 23:19:59
2025-09-10 23:20:00,0.7685,0.7696,0.7697,0.7685,46930.200000000004,61000,2025-09-10 23:29:59
2025-09-10 23:30:00,0.7696,0.7695,0.7696,0.7684,145325.6,189000,2025-09-10 23:39:59
2025-09-10 23:40:00,0.7685,0.7687,0.7687,0.7681,182067.5,237000,2025-09-10 23:49:59
2025-09-11 06:50:00,0.7687,0.7687,0.7687,0.7687,1537.4,2000,2025-09-11 06:59:59
2025-09-11 07:00:00,0.771,0.7692,0.7719,0.7687,226480.6,294000,2025-09-11 07:09:59
2025-09-11 07:10:00,0.7707,0.7701,0.7707,0.769,137043.40000000002,178000,2025-09-11 07:19:59
2025-09-11 07:20:00,0.7702,0.7699,0.7703,0.7687,115384.3,150000,2025-09-11 07:29:59
2025-09-11 07:30:00,0.77,0.7688,0.77,0.7688,76128.6,99000,2025-09-11 07:39:59
2025-09-11 07:40:00,0.7687,0.7679,0.7692,0.7677,148325.50000000003,193000,2025-09-11 07:49:59
2025-09-11 07:50:00,0.7685,0.7629,0.7689,0.7622,2457327.1000000006,3214000,2025-09-11 07:59:59
2025-09-11 08:00:00,0.7648,0.768,0.7683,0.7631,435713.1,569000,2025-09-11 08:09:59
2025-09-11 08:10:00,0.7679,0.765,0.7679,0.7646,161654.7,211000,2025-09-11 08:19:59
2025-09-11 08:20:00,0.7667,0.7669,0.7669,0.7645,489219.5,639000,2025-09-11 08:29:59
2025-09-11 08:30:00,0.767,0.766,0.7675,0.7645,381722.7,498000,2025-09-11 08:39:59
2025-09-11 08:40:00,0.7663,0.7686,0.7686,0.7652,578310.8,754000,2025-09-11 08:49:59
2025-09-11 08:50:00,0.7661,0.7661,0.7674,0.7655,241197.30000000002,315000,2025-09-11 08:59:59
2025-09-11 09:00:00,0.766,0.7649,0.766,0.7645,651942.8,852000,2025-09-11 09:09:59
2025-09-11 09:10:00,0.7651,0.7634,0.7656,0.7626,1470824.2,1926000,2025-09-11 09:19:59
2025-09-11 09:20:00,0.7646,0.7632,0.7647,0.7622,1508652.3,1977000,2025-09-11 09:29:59
2025-09-11 09:30:00,0.7627,0.7653,0.7653,0.7627,581459.9,761000,2025-09-11 09:39:59
2025-09-11 09:40:00,0.7652,0.7653,0.7655,0.764,308218.8,403000,2025-09-11 09:49:59
2025-09-11 09:50:00,0.7654,0.7651,0.7656,0.7642,311348.99999999994,407000,2025-09-11 09:59:59
2025-09-11 10:00:00,0.7653,0.7646,0.7658,0.7643,295323.70000000007,386000,2025-09-11 10:09:59
2025-09-11 10:10:00,0.7647,0.7645,0.7653,0.7638,1425316.7000000002,1865000,2025-09-11 10:19:59
2025-09-11 10:20:00,0.7646,0.764,0.7647,0.7637,374295.39999999997,490000,2025-09-11 10:29:59
2025-09-11 10:30:00,0.7639,0.7649,0.7654,0.763,1230352.0,1610000,2025-09-11 10:39:59
2025-09-11 10:40:00,0.7649,0.7644,0.7653,0.7635,1079431.9,1413000,2025-09-11 10:49:59
2025-09-11 10:50:00,0.7636,0.7625,0.7647,0.7625,1445515.7000000002,1893000,2025-09-11 10:59:59
2025-09-11 11:00:00,0.7627,0.7611,0.764,0.7606,2387120.0999999996,3132000,2025-09-11 11:09:59
2025-09-11 11:10:00,0.7612,0.7618,0.763,0.7611,1287831.0,1690000,2025-09-11 11:19:59
2025-09-11 11:20:00,0.7619,0.7625,0.7626,0.7618,788603.6999999998,1035000,2025-09-11 11:29:59
2025-09-11 11:30:00,0.7624,0.7607,0.7625,0.7535,12261960.399999999,16156000,2025-09-11 11:39:59
2025-09-11 11:40:00,0.7607,0.761,0.7619,0.7603,1347880.8,1771000,2025-09-11 11:49:59
2025-09-11 11:50:00,0.7609,0.7579,0.7609,0.7579,3786091.9999999995,4982000,2025-09-11 11:59:59
2025-09-11 12:00:00,0.7579,0.7622,0.7623,0.7578,6141908.8,8083000,2025-09-11 12:09:59
2025-09-11 12:10:00,0.7622,0.7638,0.7639,0.7613,3416806.3000000007,4482000,2025-09-11 12:19:59
2025-09-11 12:20:00,0.7638,0.764,0.7659,0.7615,4627121.5,6055000,2025-09-11 12:29:59
2025-09-11 12:30:00,0.7644,0.7584,0.7645,0.7584,3109278.9000000004,4083000,2025-09-11 12:39:59
2025-09-11 12:40:00,0.7583,0.7607,0.762,0.758,2202731.1999999993,2903000,2025-09-11 12:49:59
2025-09-11 12:50:00,0.7611,0.7619,0.7628,0.7607,374743.5,492000,2025-09-11 12:59:59
2025-09-11 13:00:00,0.7618,0.7609,0.7618,0.7609,94425.79999999999,124000,2025-09-11 13:09:59
2025-09-11 13:10:00,0.7608,0.7608,0.7613,0.76,419211.80000000005,551000,2025-09-11 13:19:59
2025-09-11 13:20:00,0.7605,0.7598,0.7608,0.7574,1496575.8999999997,1970000,2025-09-11 13:29:59
2025-09-11 13:30:00,0.7598,0.76,0.76,0.7598,424032.60000000003,558000,2025-09-11 13:39:59
2025-09-11 13:40:00,0.7599,0.7596,0.76,0.7589,1015694.6999999998,1337000,2025-09-11 13:49:59
2025-09-11 13:50:00,0.7591,0.7594,0.7595,0.7579,928147.3,1224000,2025-09-11 13:59:59
2025-09-11 14:00:00,0.7595,0.7597,0.7599,0.7586,545944.0000000001,719000,2025-09-11 14:09:59
2025-09-11 14:10:00,0.7597,0.7595,0.7597,0.7594,641777.7000000001,845000,2025-09-11 14:19:59
2025-09-11 14:20:00,0.7594,0.7599,0.76,0.7594,260644.3,343000,2025-09-11 14:29:59
2025-09-11 14:30:00,0.7599,0.76,0.76,0.7597,2076222.5,2732000,2025-09-11 14:39:59
2025-09-11 14:40:00,0.7598,0.7595,0.76,0.7593,566811.3,746000,2025-09-11 14:49:59
2025-09-11 14:50:00,0.7595,0.7592,0.7599,0.7592,527845.7000000001,695000,2025-09-11 14:59:59
2025-09-11 15:00:00,0.7597,0.7596,0.7599,0.7586,1248812.7999999998,1644000,2025-09-11 15:09:59
2025-09-11 15:10:00,0.7596,0.7597,0.7598,0.7588,451058.49999999994,594000,2025-09-11 15:19:59
2025-09-11 15:20:00,0.7597,0.7597,0.7597,0.7593,312975.7,412000,2025-09-11 15:29:59
2025-09-11 15:30:00,0.7598,0.7593,0.7598,0.7586,3715882.3000000003,4891000,2025-09-11 15:39:59
2025-09-11 15:40:00,0.7589,0.7588,0.7598,0.7587,948194.5999999999,1249000,2025-09-11 15:49:59
2025-09-11 15:50:00,0.7588,0.7583,0.7588,0.7581,824972.9999999999,1088000,2025-09-11 15:59:59
2025-09-11 16:00:00,0.7588,0.759,0.7592,0.7583,376236.30000000005,496000,2025-09-11 16:09:59
2025-09-11 16:10:00,0.7585,0.7591,0.7592,0.7583,1068657.5,1409000,2025-09-11 16:19:59
2025-09-11 16:20:00,0.7591,0.7598,0.7598,0.759,1153981.8,1519000,2025-09-11 16:29:59
2025-09-11 16:30:00,0.7598,0.7597,0.7598,0.7594,1745226.5,2297000,2025-09-11 16:39:59
2025-09-11 16:40:00,0.7597,0.7582,0.7597,0.755,5722217.399999999,7555000,2025-09-11 16:49:59
2025-09-11 16:50:00,0.7582,0.7587,0.7588,0.7581,378491.6,499000,2025-09-11 16:59:59
2025-09-11 17:00:00,0.7587,0.7583,0.7587,0.7582,349743.9,461000,2025-09-11 17:09:59
2025-09-11 17:10:00,0.7586,0.7584,0.7587,0.758,705366.7000000001,930000,2025-09-11 17:19:59
2025-09-11 17:20:00,0.7586,0.7572,0.7587,0.7562,750722.8,991000,2025-09-11 17:29:59
2025-09-11 17:30:00,0.7579,0.7587,0.7587,0.7563,1148458.9000000001,1516000,2025-09-11 17:39:59
2025-09-11 17:40:00,0.7587,0.758,0.7587,0.758,1031503.4000000003,1360000,2025-09-11 17:49:59
2025-09-11 17:50:00,0.7584,0.7581,0.7584,0.7573,630808.2999999999,832000,2025-09-11 17:59:59
2025-09-11 18:00:00,0.7581,0.7579,0.7581,0.7573,657753.6,868000,2025-09-11 18:09:59
2025-09-11 18:10:00,0.7579,0.7576,0.758,0.7568,1597879.9000000001,2109000,2025-09-11 18:19:59
2025-09-11 18:20:00,0.7576,0.7578,0.758,0.7576,655586.9,865000,2025-09-11 18:29:59
2025-09-11 18:30:00,0.758,0.758,0.758,0.7575,403192.60000000003,532000,2025-09-11 18:39:59
2025-09-11 18:40:00,0.758,0.758,0.758,0.758,37900.0,50000,2025-09-11 18:48:08
2025-09-11 19:00:00,0.758,0.7576,0.758,0.7576,145535.2,192000,2025-09-11 19:09:59
2025-09-11 19:10:00,0.758,0.7579,0.758,0.7571,550887.9,727000,2025-09-11 19:19:59
2025-09-11 19:20:00,0.758,0.7588,0.7588,0.7579,1059846.9,1398000,2025-09-11 19:29:59
2025-09-11 19:30:00,0.7584,0.7595,0.7595,0.7584,599491.1000000001,790000,2025-09-11 19:39:59
2025-09-11 19:40:00,0.7595,0.7587,0.7595,0.7587,712775.3999999999,939000,2025-09-11 19:49:59
2025-09-11 19:50:00,0.7593,0.7593,0.7594,0.7587,105538.09999999999,139000,2025-09-11 19:59:59
2025-09-11 20:00:00,0.7593,0.7593,0.7593,0.7588,110826.5,146000,2025-09-11 20:09:59
2025-09-11 20:10:00,0.7593,0.7588,0.7595,0.7587,130518.4,172000,2025-09-11 20:19:59
2025-09-11 20:20:00,0.7594,0.7581,0.7594,0.758,1222077.7,1612000,2025-09-11 20:29:59
2025-09-11 20:30:00,0.758,0.7589,0.7592,0.7575,337635.0,445000,2025-09-11 20:39:59
2025-09-11 20:40:00,0.7583,0.7592,0.7594,0.7578,153323.0,202000,2025-09-11 20:49:59
2025-09-11 20:50:00,0.759,0.7599,0.7605,0.759,1842078.9,2424000,2025-09-11 20:59:59
2025-09-11 21:00:00,0.76,0.7612,0.7615,0.7592,1583285.4,2082000,2025-09-11 21:09:59
2025-09-11 21:10:00,0.7612,0.7622,0.7624,0.7602,748701.6,983000,2025-09-11 21:19:59
2025-09-11 21:20:00,0.7624,0.7622,0.7626,0.761,264402.2,347000,2025-09-11 21:29:59
2025-09-11 21:30:00,0.7622,0.7609,0.7622,0.7608,61645.59999999999,81000,2025-09-11 21:39:59
2025-09-11 21:40:00,0.7602,0.7605,0.7609,0.7601,41059.600000000006,54000,2025-09-11 21:49:59
2025-09-11 21:50:00,0.7601,0.7603,0.7614,0.76,172619.30000000002,227000,2025-09-11 21:59:59
2025-09-11 22:00:00,0.761,0.7607,0.7616,0.7606,31213.399999999998,41000,2025-09-11 22:09:59
2025-09-11 22:10:00,0.7612,0.7612,0.7613,0.7607,53280.3,70000,2025-09-11 22:19:59
2025-09-11 22:20:00,0.7611,0.7607,0.7613,0.7591,1222963.9,1610000,2025-09-11 22:29:59
2025-09-11 22:30:00,0.7607,0.7594,0.7609,0.7594,60790.899999999994,80000,2025-09-11 22:39:59
2025-09-11 22:40:00,0.7594,0.7601,0.7603,0.7593,177724.19999999998,234000,2025-09-11 22:49:59
2025-09-11 22:50:00,0.76,0.7594,0.76,0.7593,25822.7,34000,2025-09-11 22:57:09
2025-09-11 23:00:00,0.7598,0.7601,0.7601,0.7598,3800.0,5000,2025-09-11 23:09:59
2025-09-11 23:10:00,0.76,0.7593,0.7602,0.7592,55455.6,73000,2025-09-11 23:19:59
2025-09-11 23:20:00,0.7601,0.7599,0.7601,0.7591,44049.299999999996,58000,2025-09-11 23:29:59
2025-09-11 23:30:00,0.7591,0.7598,0.7598,0.7591,16712.8,22000,2025-09-11 23:39:59
2025-09-11 23:40:00,0.7598,0.7598,0.7598,0.7591,210430.3,277000,2025-09-11 23:49:59
2025-09-12 07:00:00,0.7612,0.7579,0.765,0.7552,1809230.2999999998,2377000,2025-09-12 07:09:59
2025-09-12 07:10:00,0.7591,0.7594,0.761,0.7583,405368.0,534000,2025-09-12 07:19:59
2025-09-12 07:20:00,0.7595,0.7606,0.7606,0.7586,132117.40000000002,174000,2025-09-12 07:29:59
2025-09-12 07:30:00,0.7604,0.7603,0.7611,0.76,233589.19999999995,307000,2025-09-12 07:39:59
2025-09-12 07:40:00,0.7607,0.7616,0.7622,0.7607,624179.5,820000,2025-09-12 07:49:59
2025-09-12 07:50:00,0.7616,0.7623,0.7623,0.7612,34276.5,45000,2025-09-12 07:57:05
2025-09-12 08:00:00,0.7621,0.7614,0.7648,0.7612,444013.8,581000,2025-09-12 08:09:59
2025-09-12 08:10:00,0.7632,0.7626,0.7638,0.7615,115224.40000000001,151000,2025-09-12 08:19:59
2025-09-12 08:20:00,0.7626,0.763,0.7634,0.7615,60258.200000000004,79000,2025-09-12 08:29:59
2025-09-12 08:30:00,0.7629,0.7608,0.7629,0.7599,613636.0000000001,807000,2025-09-12 08:39:59
2025-09-12 08:40:00,0.7607,0.7606,0.7609,0.7605,10649.0,14000,2025-09-12 08:49:59
2025-09-12 08:50:00,0.7602,0.7605,0.7609,0.7593,115579.60000000002,152000,2025-09-12 08:59:59
2025-09-12 09:00:00,0.7605,0.76,0.7605,0.7584,533700.3,703000,2025-09-12 09:09:59
2025-09-12 09:10:00,0.7594,0.7599,0.76,0.759,161702.7,213000,2025-09-12 09:19:59
2025-09-12 09:20:00,0.7599,0.7599,0.7599,0.7587,455587.29999999993,600000,2025-09-12 09:29:59
2025-09-12 09:30:00,0.7599,0.7602,0.7602,0.7599,139070.6,183000,2025-09-12 09:39:59
2025-09-12 09:40:00,0.7603,0.7601,0.761,0.7601,92028.0,121000,2025-09-12 09:49:59
2025-09-12 09:50:00,0.7601,0.76,0.7608,0.76,329859.30000000005,434000,2025-09-12 09:59:59
2025-09-12 10:00:00,0.7601,0.7577,0.7603,0.757,695096.9,917000,2025-09-12 10:09:59
2025-09-12 10:10:00,0.7577,0.7584,0.76,0.7567,1020370.7999999998,1344000,2025-09-12 10:19:59
2025-09-12 10:20:00,0.7585,0.7583,0.759,0.7575,140294.8,185000,2025-09-12 10:29:59
2025-09-12 10:30:00,0.7576,0.7571,0.7581,0.7556,1141268.5,1509000,2025-09-12 10:39:59
2025-09-12 10:40:00,0.7562,0.756,0.7562,0.755,5617497.500000001,7438000,2025-09-12 10:49:59
2025-09-12 10:50:00,0.7557,0.7553,0.756,0.7551,1094489.4999999998,1449000,2025-09-12 10:59:59
2025-09-12 11:00:00,0.7553,0.7557,0.7559,0.755,5975472.100000001,7914000,2025-09-12 11:09:59
2025-09-12 11:10:00,0.7557,0.7558,0.7558,0.7551,231264.59999999998,306000,2025-09-12 11:19:59
2025-09-12 11:20:00,0.7559,0.7551,0.756,0.754,1960047.4000000004,2596000,2025-09-12 11:29:59
2025-09-12 11:30:00,0.755,0.7559,0.756,0.7543,619382.2000000001,820000,2025-09-12 11:39:59
2025-09-12 11:40:00,0.7558,0.7559,0.7572,0.7558,322259.5,426000,2025-09-12 11:49:59
2025-09-12 11:50:00,0.7567,0.7568,0.7569,0.7567,100664.99999999999,133000,2025-09-12 11:59:59
2025-09-12 12:00:00,0.7568,0.7567,0.7568,0.7561,159650.19999999998,211000,2025-09-12 12:09:59
2025-09-12 12:10:00,0.7567,0.7567,0.7567,0.7566,93823.50000000001,124000,2025-09-12 12:19:59
2025-09-12 12:20:00,0.7567,0.7564,0.7568,0.7555,275894.50000000006,365000,2025-09-12 12:29:59
2025-09-12 12:30:00,0.7564,0.7547,0.7564,0.7543,786625.1,1042000,2025-09-12 12:39:59
2025-09-12 12:40:00,0.7549,0.7561,0.7565,0.7548,217645.6,288000,2025-09-12 12:49:59
2025-09-12 12:50:00,0.7561,0.756,0.7569,0.7558,195100.7,258000,2025-09-12 12:59:59
2025-09-12 13:00:00,0.7561,0.7564,0.7564,0.756,164078.30000000002,217000,2025-09-12 13:09:59
2025-09-12 13:10:00,0.7564,0.7537,0.7564,0.753,9473276.400000002,12575000,2025-09-12 13:19:59
2025-09-12 13:20:00,0.7537,0.754,0.7541,0.7516,3134745.3,4163000,2025-09-12 13:29:59
2025-09-12 13:30:00,0.7539,0.754,0.7551,0.7511,2114236.7,2809000,2025-09-12 13:39:59
2025-09-12 13:40:00,0.7542,0.7529,0.7558,0.7523,3082979.2,4088000,2025-09-12 13:49:59
2025-09-12 13:50:00,0.7529,0.755,0.7565,0.7529,1759918.0000000002,2334000,2025-09-12 13:59:59
2025-09-12 14:00:00,0.755,0.7559,0.7563,0.7543,813981.6,1077000,2025-09-12 14:09:59
2025-09-12 14:10:00,0.7551,0.7552,0.7565,0.7544,1310446.0,1734000,2025-09-12 14:19:59
2025-09-12 14:20:00,0.7552,0.7571,0.7572,0.7551,1754995.3,2320000,2025-09-12 14:29:59
2025-09-12 14:30:00,0.757,0.7553,0.7575,0.7553,2654458.1,3508000,2025-09-12 14:39:59
2025-09-12 14:40:00,0.7552,0.7553,0.7565,0.7541,657723.0999999999,871000,2025-09-12 14:49:59
2025-09-12 14:50:00,0.7556,0.7587,0.7593,0.7556,2998973.3,3959000,2025-09-12 14:59:59
2025-09-12 15:00:00,0.7577,0.7575,0.7589,0.7567,669840.9,884000,2025-09-12 15:09:59
2025-09-12 15:10:00,0.7576,0.7569,0.7585,0.7566,374089.80000000005,494000,2025-09-12 15:19:59
2025-09-12 15:20:00,0.7569,0.7574,0.7578,0.7564,208186.10000000003,275000,2025-09-12 15:29:59
2025-09-12 15:30:00,0.7565,0.7555,0.7573,0.7555,1365510.1,1806000,2025-09-12 15:39:59
2025-09-12 15:40:00,0.7555,0.7527,0.7555,0.7513,3330082.4,4422000,2025-09-12 15:49:59
2025-09-12 15:50:00,0.7525,0.7508,0.7531,0.75,6853389.999999999,9133000,2025-09-12 15:59:59
2025-09-12 16:00:00,0.7508,0.7506,0.7528,0.7504,956240.2999999999,1273000,2025-09-12 16:09:59
2025-09-12 16:10:00,0.7513,0.7503,0.7518,0.75,1473834.4999999998,1964000,2025-09-12 16:19:59
2025-09-12 16:20:00,0.7508,0.7512,0.7531,0.7502,934324.1999999998,1242000,2025-09-12 16:29:59
2025-09-12 16:30:00,0.7512,0.7493,0.752,0.7491,10435298.9,13914000,2025-09-12 16:39:59
2025-09-12 16:40:00,0.7493,0.7496,0.7513,0.7493,516530.2,688000,2025-09-12 16:49:59
2025-09-12 16:50:00,0.7493,0.7498,0.7502,0.749,991605.6,1323000,2025-09-12 16:59:59
2025-09-12 17:00:00,0.7498,0.7509,0.751,0.749,1326088.1000000003,1768000,2025-09-12 17:09:59
2025-09-12 17:10:00,0.7509,0.7492,0.751,0.7492,413421.89999999997,551000,2025-09-12 17:19:59
2025-09-12 17:20:00,0.75,0.7506,0.7506,0.7493,273107.0,364000,2025-09-12 17:29:59
2025-09-12 17:30:00,0.7506,0.7507,0.7508,0.7501,159073.2,212000,2025-09-12 17:39:59
2025-09-12 17:40:00,0.7503,0.7511,0.7511,0.7501,756667.4,1008000,2025-09-12 17:49:59
2025-09-12 17:50:00,0.7511,0.7516,0.7518,0.7507,350726.4000000001,467000,2025-09-12 17:59:59
2025-09-12 18:00:00,0.7512,0.7498,0.7518,0.749,3708739.6999999993,4943000,2025-09-12 18:09:59
2025-09-12 18:10:00,0.7499,0.7496,0.7501,0.7491,320902.1,428000,2025-09-12 18:19:59
2025-09-12 18:20:00,0.7496,0.7504,0.7514,0.7493,1378877.9,1838000,2025-09-12 18:29:59
2025-09-12 18:30:00,0.7502,0.7488,0.7502,0.7488,3164128.0999999996,4223000,2025-09-12 18:39:59
2025-09-12 18:40:00,0.7487,0.7487,0.7487,0.7487,559278.9,747000,2025-09-12 18:49:59
2025-09-12 19:00:00,0.7488,0.7486,0.7497,0.7475,571698.2000000001,764000,2025-09-12 19:09:59
2025-09-12 19:10:00,0.7483,0.7485,0.7493,0.7483,72632.3,97000,2025-09-12 19:19:59
2025-09-12 19:20:00,0.7492,0.7476,0.7492,0.7463,3391070.8000000003,4536000,2025-09-12 19:29:59
2025-09-12 19:30:00,0.7476,0.747,0.7489,0.7453,2319059.5,3106000,2025-09-12 19:39:59
2025-09-12 19:40:00,0.7469,0.7467,0.747,0.7459,58217.00000000001,78000,2025-09-12 19:49:59
2025-09-12 19:50:00,0.7466,0.748,0.7496,0.746,1268807.9000000001,1698000,2025-09-12 19:59:08
2025-09-12 20:00:00,0.7479,0.7478,0.7479,0.7471,74777.5,100000,2025-09-12 20:09:59
2025-09-12 20:10:00,0.7478,0.7463,0.7478,0.7453,646293.2000000001,866000,2025-09-12 20:19:59
2025-09-12 20:20:00,0.7462,0.7469,0.7471,0.7455,226105.5,303000,2025-09-12 20:29:59
2025-09-12 20:30:00,0.7468,0.7466,0.7469,0.7458,332791.60000000003,446000,2025-09-12 20:39:59
2025-09-12 20:40:00,0.746,0.7469,0.7469,0.746,284472.7,381000,2025-09-12 20:49:59
2025-09-12 20:50:00,0.7469,0.7473,0.7476,0.7462,486267.0,651000,2025-09-12 20:59:59
2025-09-12 21:00:00,0.7473,0.7467,0.7473,0.7458,402262.8,539000,2025-09-12 21:09:59
2025-09-12 21:10:00,0.7467,0.7459,0.7469,0.7458,403009.5,540000,2025-09-12 21:19:59
2025-09-12 21:20:00,0.7461,0.7478,0.7478,0.7454,909963.3999999999,1219000,2025-09-12 21:29:59
2025-09-12 21:30:00,0.7475,0.7477,0.7478,0.747,445314.20000000007,596000,2025-09-12 21:39:59
2025-09-12 21:40:00,0.7477,0.7471,0.7479,0.7471,91969.4,123000,2025-09-12 21:49:59
2025-09-12 21:50:00,0.7477,0.748,0.748,0.747,117361.70000000001,157000,2025-09-12 21:59:59
2025-09-12 22:00:00,0.7474,0.7472,0.7482,0.7472,187592.30000000005,251000,2025-09-12 22:09:59
2025-09-12 22:10:00,0.7472,0.748,0.748,0.7472,57555.8,77000,2025-09-12 22:19:59
2025-09-12 22:20:00,0.7474,0.7471,0.7477,0.7469,563391.4,754000,2025-09-12 22:29:59
2025-09-12 22:30:00,0.7466,0.746,0.7469,0.746,194046.4,260000,2025-09-12 22:39:59
2025-09-12 22:40:00,0.746,0.7462,0.7465,0.7454,466998.30000000005,626000,2025-09-12 22:49:59
2025-09-12 22:50:00,0.7465,0.7462,0.7466,0.7462,134322.9,180000,2025-09-12 22:59:59
2025-09-12 23:00:00,0.7462,0.7461,0.7462,0.7457,231267.4,310000,2025-09-12 23:09:59
2025-09-12 23:10:00,0.7459,0.7456,0.7467,0.7455,260322.30000000005,349000,2025-09-12 23:19:59
2025-09-12 23:20:00,0.7463,0.7454,0.7464,0.7454,91737.79999999999,123000,2025-09-12 23:29:59
2025-09-12 23:30:00,0.7456,0.747,0.7473,0.7455,1739062.8,2331000,2025-09-12 23:39:59
2025-09-12 23:40:00,0.747,0.7461,0.747,0.746,243297.1,326000,2025-09-12 23:49:59
2025-09-13 09:50:00,0.746,0.746,0.746,0.746,2238.0,3000,2025-09-13 09:59:59
2025-09-13 11:40:00,0.7459,0.746,0.746,0.7445,184782.49999999997,248000,2025-09-13 11:49:59
2025-09-13 11:50:00,0.7459,0.7446,0.746,0.744,277094.20000000007,372000,2025-09-13 11:59:59
2025-09-13 12:00:00,0.7448,0.7455,0.7455,0.744,206899.30000000002,278000,2025-09-13 12:09:59
2025-09-13 12:10:00,0.7453,0.7448,0.7453,0.7441,12653.7,17000,2025-09-13 12:19:59
2025-09-13 12:20:00,0.7448,0.746,0.746,0.7448,211657.8,284000,2025-09-13 12:29:59
2025-09-13 12:30:00,0.746,0.745,0.746,0.7439,131754.80000000002,177000,2025-09-13 12:39:59
2025-09-13 12:40:00,0.745,0.7442,0.745,0.7431,80296.40000000001,108000,2025-09-13 12:49:59
2025-09-13 12:50:00,0.7443,0.7427,0.7446,0.7427,1245162.5999999999,1676000,2025-09-13 12:59:59
2025-09-13 13:00:00,0.7426,0.7437,0.744,0.7426,82456.4,111000,2025-09-13 13:09:59
2025-09-13 13:10:00,0.7438,0.7441,0.7448,0.7432,117615.50000000001,158000,2025-09-13 13:19:59
2025-09-13 13:20:00,0.7448,0.745,0.745,0.7442,441770.5,593000,2025-09-13 13:29:59
2025-09-13 13:30:00,0.7451,0.7452,0.7456,0.7448,84982.6,114000,2025-09-13 13:39:59
2025-09-13 13:40:00,0.7452,0.7447,0.7454,0.7447,47686.0,64000,2025-09-13 13:49:59
2025-09-13 13:50:00,0.7448,0.7444,0.7449,0.7444,9680.199999999999,13000,2025-09-13 13:58:01
2025-09-13 14:00:00,0.7444,0.744,0.7446,0.744,200897.0,270000,2025-09-13 14:09:59
2025-09-13 14:10:00,0.744,0.7427,0.744,0.7419,574476.8,773000,2025-09-13 14:19:59
2025-09-13 14:20:00,0.7428,0.7431,0.7434,0.7428,34917.9,47000,2025-09-13 14:29:59
2025-09-13 14:30:00,0.7431,0.743,0.7438,0.743,54994.9,74000,2025-09-13 14:39:59
2025-09-13 14:40:00,0.743,0.7433,0.744,0.7424,85432.7,115000,2025-09-13 14:49:59
2025-09-13 14:50:00,0.7432,0.7425,0.7436,0.7425,104795.70000000001,141000,2025-09-13 14:59:06
2025-09-13 15:00:00,0.7428,0.7433,0.7433,0.7424,11146.0,15000,2025-09-13 15:09:59
2025-09-13 15:10:00,0.7433,0.7424,0.7435,0.7424,14858.8,20000,2025-09-13 15:19:59
2025-09-13 15:20:00,0.7425,0.7424,0.7425,0.7423,93536.09999999999,126000,2025-09-13 15:29:59
2025-09-13 15:30:00,0.7423,0.7435,0.7435,0.7423,66847.5,90000,2025-09-13 15:39:59
2025-09-13 15:40:00,0.7424,0.742,0.7426,0.742,37107.700000000004,50000,2025-09-13 15:49:59
2025-09-13 15:50:00,0.742,0.7416,0.742,0.7416,77885.0,105000,2025-09-13 15:59:59
2025-09-13 16:00:00,0.7416,0.742,0.742,0.7415,131266.0,177000,2025-09-13 16:09:59
2025-09-13 16:10:00,0.742,0.7425,0.7426,0.7419,10391.8,14000,2025-09-13 16:19:59
2025-09-13 16:20:00,0.7425,0.7423,0.7426,0.7423,8166.999999999999,11000,2025-09-13 16:29:59
2025-09-13 16:30:00,0.7423,0.742,0.7423,0.742,289412.69999999995,390000,2025-09-13 16:39:59
2025-09-13 16:40:00,0.742,0.7426,0.7426,0.7411,390248.5,526000,2025-09-13 16:49:59
2025-09-13 16:50:00,0.7423,0.7427,0.7427,0.7413,40829.2,55000,2025-09-13 16:59:06
2025-09-13 17:00:00,0.7418,0.7417,0.7424,0.7409,392245.20000000007,529000,2025-09-13 17:09:59
2025-09-13 17:10:00,0.7414,0.7402,0.7416,0.7402,205127.4,277000,2025-09-13 17:19:59
2025-09-13 17:20:00,0.7402,0.7412,0.7412,0.7373,1356755.7000000002,1834000,2025-09-13 17:29:59
2025-09-13 17:30:00,0.74,0.7375,0.7407,0.7374,626131.2000000001,847000,2025-09-13 17:39:59
2025-09-13 17:40:00,0.7395,0.7397,0.7399,0.7389,213614.19999999995,289000,2025-09-13 17:49:59
2025-09-13 17:50:00,0.7397,0.7405,0.7406,0.738,814410.5000000001,1101000,2025-09-13 17:59:59
2025-09-13 18:00:00,0.7405,0.7403,0.7407,0.7381,530582.2,717000,2025-09-13 18:09:59
2025-09-13 18:10:00,0.7398,0.7387,0.7399,0.7381,146285.7,198000,2025-09-13 18:19:59
2025-09-13 18:20:00,0.7392,0.7392,0.7392,0.7392,19958.4,27000,2025-09-13 18:29:59
2025-09-13 18:30:00,0.7395,0.7381,0.7395,0.7379,302672.39999999997,410000,2025-09-13 18:39:59
2025-09-13 18:40:00,0.7381,0.7382,0.7404,0.7381,211640.0,286000,2025-09-13 18:49:59
2025-09-13 18:50:00,0.7399,0.7394,0.74,0.7387,499101.4,675000,2025-09-13 18:59:59
2025-09-14 09:50:00,0.739,0.739,0.739,0.739,5173.0,7000,2025-09-14 09:59:59
2025-09-14 10:00:00,0.7388,0.7388,0.739,0.7376,107783.3,146000,2025-09-14 10:09:59
2025-09-14 10:10:00,0.7389,0.7388,0.739,0.7378,125598.00000000001,170000,2025-09-14 10:19:59
2025-09-14 10:20:00,0.739,0.739,0.739,0.7381,52459.2,71000,2025-09-14 10:29:59
2025-09-14 10:30:00,0.7382,0.7375,0.7388,0.7368,96648.19999999998,131000,2025-09-14 10:39:59
2025-09-14 10:40:00,0.7384,0.7384,0.7385,0.7384,233334.49999999997,316000,2025-09-14 10:49:59
2025-09-14 10:50:00,0.7387,0.7391,0.7391,0.738,104869.60000000002,142000,2025-09-14 10:58:01
2025-09-14 11:00:00,0.7391,0.7381,0.7391,0.738,27322.7,37000,2025-09-14 11:09:59
2025-09-14 11:10:00,0.7381,0.7382,0.7388,0.7381,81934.7,111000,2025-09-14 11:19:59
2025-09-14 11:20:00,0.7388,0.739,0.739,0.7388,7389.4,10000,2025-09-14 11:29:59
2025-09-14 11:30:00,0.739,0.7386,0.739,0.7386,45815.899999999994,62000,2025-09-14 11:39:59
2025-09-14 11:40:00,0.7386,0.7386,0.7386,0.7383,46528.5,63000,2025-09-14 11:49:59
2025-09-14 11:50:00,0.7386,0.739,0.739,0.7384,11083.2,15000,2025-09-14 11:59:59
2025-09-14 12:00:00,0.739,0.7383,0.74,0.7383,539710.7999999999,730000,2025-09-14 12:09:59
2025-09-14 12:10:00,0.7383,0.7392,0.7392,0.7383,10347.9,14000,2025-09-14 12:19:59
2025-09-14 12:20:00,0.7386,0.7393,0.7394,0.7381,96773.7,131000,2025-09-14 12:29:59
2025-09-14 12:30:00,0.7394,0.7394,0.7394,0.7386,16260.9,22000,2025-09-14 12:39:59
2025-09-14 12:40:00,0.7394,0.7397,0.7397,0.7394,11092.7,15000,2025-09-14 12:49:59
2025-09-14 12:50:00,0.7398,0.7396,0.7399,0.7395,147230.9,199000,2025-09-14 12:58:01
2025-09-14 13:00:00,0.7399,0.74,0.74,0.7396,91018.6,123000,2025-09-14 13:09:59
2025-09-14 13:10:00,0.74,0.7416,0.7416,0.739,252467.0,341000,2025-09-14 13:19:59
2025-09-14 13:20:00,0.7412,0.739,0.7412,0.739,89482.29999999999,121000,2025-09-14 13:29:59
2025-09-14 13:30:00,0.7399,0.739,0.7399,0.739,25871.5,35000,2025-09-14 13:39:59
2025-09-14 13:40:00,0.7397,0.7395,0.74,0.7395,8877.400000000001,12000,2025-09-14 13:49:59
2025-09-14 13:50:00,0.74,0.74,0.74,0.74,190180.0,257000,2025-09-14 13:58:06
2025-09-14 14:00:00,0.7403,0.7415,0.7416,0.7395,267624.50000000006,361000,2025-09-14 14:09:59
2025-09-14 14:10:00,0.7415,0.7413,0.7415,0.7412,83034.2,112000,2025-09-14 14:19:59
2025-09-14 14:20:00,0.741,0.7406,0.7412,0.7392,168610.9,228000,2025-09-14 14:29:59
2025-09-14 14:30:00,0.7403,0.74,0.7403,0.7393,8877.3,12000,2025-09-14 14:39:59
2025-09-14 14:40:00,0.74,0.7404,0.7404,0.7392,53272.2,72000,2025-09-14 14:49:59
2025-09-14 14:50:00,0.7402,0.7404,0.7404,0.7384,122018.50000000001,165000,2025-09-14 14:59:59
2025-09-14 15:00:00,0.7392,0.7384,0.7406,0.738,374456.79999999993,507000,2025-09-14 15:09:59
2025-09-14 15:10:00,0.7394,0.7399,0.7405,0.7394,1034377.8999999999,1398000,2025-09-14 15:19:59
2025-09-14 15:20:00,0.7398,0.7397,0.7398,0.7391,62126.600000000006,84000,2025-09-14 15:29:59
2025-09-14 15:30:00,0.7397,0.7398,0.7402,0.7389,96085.9,130000,2025-09-14 15:39:59
2025-09-14 15:40:00,0.7399,0.7403,0.7409,0.7396,80692.3,109000,2025-09-14 15:49:59
2025-09-14 15:50:00,0.7402,0.74,0.7411,0.7397,140707.5,190000,2025-09-14 15:59:59
2025-09-14 16:00:00,0.7411,0.7407,0.7411,0.7404,4444.7,6000,2025-09-14 16:09:59
2025-09-14 16:10:00,0.741,0.7416,0.7423,0.741,289209.1,390000,2025-09-14 16:19:59
2025-09-14 16:20:00,0.7416,0.7421,0.7423,0.7416,17059.899999999998,23000,2025-09-14 16:29:59
2025-09-14 16:30:00,0.7423,0.7424,0.7425,0.7409,12615.1,17000,2025-09-14 16:39:59
2025-09-14 16:40:00,0.7424,0.7423,0.7424,0.7396,113345.6,153000,2025-09-14 16:49:59
2025-09-14 16:50:00,0.741,0.74,0.741,0.74,259802.6,351000,2025-09-14 16:59:59
2025-09-14 17:00:00,0.7414,0.7402,0.7414,0.7402,8143.4,11000,2025-09-14 17:09:59
2025-09-14 17:10:00,0.7402,0.7413,0.7413,0.7402,34068.6,46000,2025-09-14 17:19:59
2025-09-14 17:20:00,0.7406,0.7414,0.7414,0.7406,14815.699999999997,20000,2025-09-14 17:29:59
2025-09-14 17:30:00,0.7413,0.7413,0.7413,0.7413,3706.5,5000,2025-09-14 17:39:59
2025-09-14 17:40:00,0.7407,0.741,0.7413,0.74,25168.0,34000,2025-09-14 17:49:59
2025-09-14 17:50:00,0.7411,0.7401,0.7412,0.74,27394.8,37000,2025-09-14 17:58:05
2025-09-14 18:00:00,0.7402,0.741,0.7411,0.74,8886.0,12000,2025-09-14 18:09:59
2025-09-14 18:10:00,0.7411,0.7411,0.7411,0.7411,741.1,1000,2025-09-14 18:19:59
2025-09-14 18:20:00,0.7411,0.7402,0.7415,0.7402,34828.799999999996,47000,2025-09-14 18:29:59
2025-09-14 18:30:00,0.7411,0.7413,0.7414,0.7411,46700.700000000004,63000,2025-09-14 18:39:59
2025-09-14 18:40:00,0.7407,0.7423,0.7423,0.7403,503690.2,679000,2025-09-14 18:49:59
2025-09-14 18:50:00,0.7422,0.7409,0.7422,0.7409,61501.2,83000,2025-09-14 18:59:59
2025-09-15 06:50:00,0.743,0.743,0.743,0.743,47552.0,64000,2025-09-15 06:59:59
2025-09-15 07:00:00,0.743,0.7421,0.743,0.7398,206919.3,279000,2025-09-15 07:09:59
2025-09-15 07:10:00,0.742,0.7406,0.7422,0.7401,276317.5,373000,2025-09-15 07:19:59
2025-09-15 07:20:00,0.7408,0.7403,0.7421,0.7398,223780.8,302000,2025-09-15 07:29:59
2025-09-15 07:30:00,0.7404,0.7408,0.7411,0.7404,39264.5,53000,2025-09-15 07:39:59
2025-09-15 07:40:00,0.7408,0.741,0.7416,0.7406,330453.2,446000,2025-09-15 07:49:59
2025-09-15 07:50:00,0.7416,0.741,0.7416,0.7404,1008148.4,1361000,2025-09-15 07:59:59
2025-09-15 08:00:00,0.7409,0.7405,0.7415,0.7404,469762.49999999994,634000,2025-09-15 08:09:59
2025-09-15 08:10:00,0.7406,0.74,0.7407,0.74,205784.8,278000,2025-09-15 08:19:59
2025-09-15 08:20:00,0.7402,0.7409,0.7416,0.7389,1414635.7999999998,1911000,2025-09-15 08:29:59
2025-09-15 08:30:00,0.7405,0.7362,0.7405,0.734,2244155.6,3045000,2025-09-15 08:39:59
2025-09-15 08:40:00,0.7361,0.7369,0.7374,0.7361,372208.4000000001,505000,2025-09-15 08:49:59
2025-09-15 08:50:00,0.7373,0.7372,0.7377,0.734,1554653.2,2113000,2025-09-15 08:59:59
2025-09-15 09:00:00,0.7373,0.7349,0.7377,0.7349,1088116.2,1477000,2025-09-15 09:09:59
2025-09-15 09:10:00,0.7348,0.7334,0.7349,0.7306,2209532.0999999996,3017000,2025-09-15 09:19:59
2025-09-15 09:20:00,0.7332,0.7337,0.7341,0.7325,1169866.6,1596000,2025-09-15 09:29:59
2025-09-15 09:30:00,0.734,0.7345,0.7348,0.7338,413348.9,563000,2025-09-15 09:39:59
2025-09-15 09:40:00,0.7344,0.7338,0.7345,0.7332,230543.3,314000,2025-09-15 09:49:59
2025-09-15 09:50:00,0.734,0.7348,0.7348,0.734,823175.9,1121000,2025-09-15 09:59:59
2025-09-15 10:00:00,0.7348,0.7331,0.7358,0.7331,1437393.4000000004,1957000,2025-09-15 10:09:59
2025-09-15 10:10:00,0.7343,0.7404,0.75,0.734,16403506.2,22103000,2025-09-15 10:19:59
2025-09-15 10:20:00,0.7403,0.7407,0.742,0.7395,2168472.4,2929000,2025-09-15 10:29:59
2025-09-15 10:30:00,0.7407,0.7422,0.7427,0.7379,2157364.6999999997,2910000,2025-09-15 10:39:59
2025-09-15 10:40:00,0.7424,0.7416,0.7424,0.7412,288577.3999999999,389000,2025-09-15 10:49:59
2025-09-15 10:50:00,0.7415,0.7395,0.7415,0.7395,889289.5,1201000,2025-09-15 10:59:02
2025-09-15 11:00:00,0.7397,0.7402,0.741,0.7395,137677.90000000002,186000,2025-09-15 11:09:59
2025-09-15 11:10:00,0.7408,0.7399,0.7409,0.7394,511987.9000000001,692000,2025-09-15 11:19:59
2025-09-15 11:20:00,0.7399,0.738,0.7399,0.7377,1105030.5000000002,1496000,2025-09-15 11:29:59
2025-09-15 11:30:00,0.7381,0.736,0.7388,0.7351,2569020.5,3489000,2025-09-15 11:39:59
2025-09-15 11:40:00,0.7359,0.734,0.7359,0.7327,2886556.9000000004,3934000,2025-09-15 11:49:59
2025-09-15 11:50:00,0.734,0.734,0.7354,0.7326,4796502.399999999,6539000,2025-09-15 11:59:59
2025-09-15 12:00:00,0.734,0.734,0.7358,0.7329,680438.9,927000,2025-09-15 12:09:59
2025-09-15 12:10:00,0.7339,0.733,0.7353,0.7329,880407.0,1200000,2025-09-15 12:19:59
2025-09-15 12:20:00,0.7339,0.732,0.7344,0.732,261633.00000000003,357000,2025-09-15 12:29:59
2025-09-15 12:30:00,0.732,0.7312,0.732,0.73,5075086.6,6950000,2025-09-15 12:39:59
2025-09-15 12:40:00,0.7312,0.7281,0.7312,0.728,3102875.3,4254000,2025-09-15 12:49:59
2025-09-15 12:50:00,0.728,0.7291,0.7299,0.7268,1147857.5000000002,1576000,2025-09-15 12:59:59
2025-09-15 13:00:00,0.7295,0.7296,0.73,0.7284,1436883.5999999999,1970000,2025-09-15 13:09:59
2025-09-15 13:10:00,0.7296,0.729,0.7297,0.7275,1416975.4000000001,1945000,2025-09-15 13:19:59
2025-09-15 13:20:00,0.7286,0.729,0.729,0.726,2955610.9999999995,4064000,2025-09-15 13:29:59
2025-09-15 13:30:00,0.729,0.729,0.729,0.7283,372409.49999999994,511000,2025-09-15 13:39:59
2025-09-15 13:40:00,0.7288,0.7295,0.7295,0.7284,513844.80000000005,705000,2025-09-15 13:49:59
2025-09-15 13:50:00,0.7294,0.7294,0.7298,0.729,799385.2,1096000,2025-09-15 13:59:59
2025-09-15 14:00:00,0.729,0.7299,0.73,0.7288,1715910.3000000003,2351000,2025-09-15 14:09:59
2025-09-15 14:10:00,0.73,0.729,0.7333,0.7222,16369239.6,22463000,2025-09-15 14:19:59
2025-09-15 14:20:00,0.7302,0.7296,0.7316,0.7285,2224919.9999999995,3051000,2025-09-15 14:29:59
2025-09-15 14:30:00,0.7296,0.7298,0.7306,0.7249,1028857.6,1415000,2025-09-15 14:39:59
2025-09-15 14:40:00,0.7289,0.7285,0.7291,0.7282,244052.50000000003,335000,2025-09-15 14:49:59
2025-09-15 14:50:00,0.7285,0.7304,0.7304,0.7285,581277.5,797000,2025-09-15 14:59:59
2025-09-15 15:00:00,0.7306,0.7306,0.7307,0.7299,65741.5,90000,2025-09-15 15:09:59
2025-09-15 15:10:00,0.7305,0.7303,0.7307,0.7303,24838.8,34000,2025-09-15 15:19:59
2025-09-15 15:20:00,0.7306,0.7303,0.7306,0.7294,167863.1,230000,2025-09-15 15:29:59
2025-09-15 15:30:00,0.7297,0.7303,0.7304,0.7292,235730.30000000005,323000,2025-09-15 15:39:59
2025-09-15 15:40:00,0.7303,0.7303,0.7304,0.7295,141649.9,194000,2025-09-15 15:49:59
2025-09-15 15:50:00,0.7304,0.7304,0.7305,0.7303,78881.0,108000,2025-09-15 15:59:59
2025-09-15 16:00:00,0.7303,0.7297,0.7303,0.729,582345.3,798000,2025-09-15 16:09:59
2025-09-15 16:10:00,0.7297,0.7282,0.7297,0.7282,704347.9999999999,967000,2025-09-15 16:19:59
2025-09-15 16:20:00,0.7286,0.7283,0.7291,0.7282,354806.2,487000,2025-09-15 16:29:59
2025-09-15 16:30:00,0.7283,0.7285,0.7289,0.7282,360491.49999999994,495000,2025-09-15 16:39:59
2025-09-15 16:40:00,0.7283,0.7282,0.7284,0.7282,258550.59999999998,355000,2025-09-15 16:49:59
2025-09-15 16:50:00,0.7282,0.7277,0.7284,0.7269,203061.7,279000,2025-09-15 16:59:59
2025-09-15 17:00:00,0.7269,0.726,0.7275,0.726,416906.1,574000,2025-09-15 17:09:59
2025-09-15 17:10:00,0.727,0.7261,0.7271,0.7245,594127.0,819000,2025-09-15 17:19:59
2025-09-15 17:20:00,0.7259,0.726,0.7266,0.724,1447569.5,1997000,2025-09-15 17:29:59
2025-09-15 17:30:00,0.7261,0.7236,0.727,0.7236,2642372.5,3641000,2025-09-15 17:39:59
2025-09-15 17:40:00,0.7244,0.7266,0.728,0.7224,1455969.4000000001,2008000,2025-09-15 17:49:59
2025-09-15 17:50:00,0.7257,0.7265,0.7267,0.7254,153282.3,211000,2025-09-15 17:58:09
2025-09-15 18:00:00,0.7263,0.7242,0.7263,0.7242,371818.5,513000,2025-09-15 18:09:59
2025-09-15 18:10:00,0.7246,0.7241,0.7254,0.7229,670891.0,927000,2025-09-15 18:19:59
2025-09-15 18:20:00,0.7241,0.723,0.7243,0.7225,815802.3,1128000,2025-09-15 18:29:59
2025-09-15 18:30:00,0.723,0.7242,0.7244,0.7227,1395060.2999999996,1929000,2025-09-15 18:39:59
2025-09-15 18:40:00,0.7242,0.7242,0.7242,0.7242,31864.800000000003,44000,2025-09-15 18:47:09
2025-09-15 19:00:00,0.7242,0.7243,0.7246,0.7241,66650.3,92000,2025-09-15 19:09:59
2025-09-15 19:10:00,0.7245,0.7247,0.7247,0.7241,153617.4,212000,2025-09-15 19:19:59
2025-09-15 19:20:00,0.7247,0.7233,0.7248,0.7222,1014116.9000000003,1402000,2025-09-15 19:29:59
2025-09-15 19:30:00,0.7242,0.7233,0.7246,0.7223,698710.7,966000,2025-09-15 19:39:59
2025-09-15 19:40:00,0.7233,0.7259,0.7263,0.7233,1384895.3,1909000,2025-09-15 19:49:59
2025-09-15 19:50:00,0.7259,0.724,0.7259,0.724,194336.59999999998,268000,2025-09-15 19:59:59
2025-09-15 20:00:00,0.724,0.723,0.724,0.72,5982866.7,8296000,2025-09-15 20:09:59
2025-09-15 20:10:00,0.7229,0.7231,0.7233,0.7224,307316.3,425000,2025-09-15 20:19:59
2025-09-15 20:20:00,0.7225,0.7225,0.7231,0.722,225395.9,312000,2025-09-15 20:29:59
2025-09-15 20:30:00,0.7225,0.7227,0.723,0.7219,374234.80000000005,518000,2025-09-15 20:39:59
2025-09-15 20:40:00,0.7226,0.7228,0.7228,0.7224,518839.3,718000,2025-09-15 20:49:59
2025-09-15 20:50:00,0.7225,0.7225,0.7227,0.7222,80204.29999999999,111000,2025-09-15 20:59:59
2025-09-15 21:00:00,0.7228,0.7207,0.7228,0.72,2402134.4,3333000,2025-09-15 21:09:59
2025-09-15 21:10:00,0.7208,0.721,0.721,0.7207,268872.3,373000,2025-09-15 21:19:59
2025-09-15 21:20:00,0.721,0.721,0.7211,0.72,1568333.3,2177000,2025-09-15 21:29:59
2025-09-15 21:30:00,0.721,0.7209,0.721,0.7205,74954.4,104000,2025-09-15 21:39:59
2025-09-15 21:40:00,0.7209,0.7208,0.721,0.7205,116040.99999999999,161000,2025-09-15 21:49:59
2025-09-15 21:50:00,0.7207,0.7207,0.7209,0.7202,248543.1,345000,2025-09-15 21:59:59
2025-09-15 22:00:00,0.7204,0.721,0.721,0.7202,284639.10000000003,395000,2025-09-15 22:09:59
2025-09-15 22:10:00,0.7205,0.7209,0.721,0.7204,72068.00000000001,100000,2025-09-15 22:19:59
2025-09-15 22:20:00,0.721,0.721,0.7213,0.721,285527.4,396000,2025-09-15 22:29:59
2025-09-15 22:30:00,0.7213,0.7202,0.7213,0.7201,829026.4999999998,1151000,2025-09-15 22:39:59
2025-09-15 22:40:00,0.7206,0.7203,0.7207,0.7201,157035.6,218000,2025-09-15 22:49:59
2025-09-15 22:50:00,0.7205,0.7205,0.7205,0.7203,67001.7,93000,2025-09-15 22:58:09
2025-09-15 23:00:00,0.7205,0.7204,0.7211,0.7203,296189.60000000003,411000,2025-09-15 23:09:59
2025-09-15 23:10:00,0.7204,0.721,0.721,0.7203,558361.0,775000,2025-09-15 23:19:59
2025-09-15 23:20:00,0.7205,0.7203,0.7213,0.7203,132608.80000000002,184000,2025-09-15 23:29:59
2025-09-15 23:30:00,0.7213,0.7208,0.7213,0.7202,97987.3,136000,2025-09-15 23:39:59
2025-09-15 23:40:00,0.7204,0.7208,0.7209,0.72,592801.2,823000,2025-09-15 23:49:59
2025-09-16 06:50:00,0.7238,0.7238,0.7238,0.7238,32571.0,45000,2025-09-16 06:59:59
2025-09-16 07:00:00,0.7239,0.7214,0.724,0.7201,454638.7,630000,2025-09-16 07:09:59
2025-09-16 07:10:00,0.7211,0.7217,0.7217,0.7205,49044.09999999999,68000,2025-09-16 07:19:59
2025-09-16 07:20:00,0.7216,0.7206,0.7217,0.7203,173138.1,240000,2025-09-16 07:29:59
2025-09-16 07:30:00,0.7215,0.7173,0.7229,0.715,1741539.5,2423000,2025-09-16 07:39:59
2025-09-16 07:40:00,0.7172,0.718,0.718,0.717,647328.6000000001,902000,2025-09-16 07:49:59
2025-09-16 07:50:00,0.718,0.7196,0.7196,0.7158,470000.60000000003,655000,2025-09-16 07:59:59
2025-09-16 08:00:00,0.7195,0.7163,0.7195,0.7161,674248.8,940000,2025-09-16 08:09:59
2025-09-16 08:10:00,0.7178,0.7159,0.7178,0.7159,474717.89999999997,663000,2025-09-16 08:19:59
2025-09-16 08:20:00,0.7159,0.7163,0.7177,0.7159,408273.6000000001,570000,2025-09-16 08:29:59
2025-09-16 08:30:00,0.7165,0.7192,0.7192,0.7162,742250.0,1034000,2025-09-16 08:39:59
2025-09-16 08:40:00,0.7189,0.7196,0.72,0.7174,3795196.3000000007,5279000,2025-09-16 08:49:59
2025-09-16 08:50:00,0.7196,0.7176,0.7197,0.717,591849.5000000001,824000,2025-09-16 08:59:59
2025-09-16 09:00:00,0.7174,0.7167,0.7174,0.714,4070519.5,5689000,2025-09-16 09:09:59
2025-09-16 09:10:00,0.7167,0.7164,0.7188,0.7159,1405404.8000000003,1960000,2025-09-16 09:19:59
2025-09-16 09:20:00,0.7166,0.7182,0.7182,0.715,1109602.9999999998,1549000,2025-09-16 09:29:59
2025-09-16 09:30:00,0.7174,0.7148,0.7176,0.7142,806724.7,1128000,2025-09-16 09:39:59
2025-09-16 09:40:00,0.7148,0.7157,0.7158,0.7146,416988.80000000005,583000,2025-09-16 09:49:59
2025-09-16 09:50:00,0.7156,0.7142,0.7157,0.7124,2203418.5,3087000,2025-09-16 09:59:59
2025-09-16 10:00:00,0.7144,0.7146,0.716,0.7121,1375953.7,1925000,2025-09-16 10:09:59
2025-09-16 10:10:00,0.7145,0.7144,0.7155,0.714,844823.7999999999,1182000,2025-09-16 10:19:59
2025-09-16 10:20:00,0.7144,0.715,0.715,0.7138,1895779.0000000002,2652000,2025-09-16 10:29:59
2025-09-16 10:30:00,0.7149,0.7099,0.72,0.7063,13675627.000000004,19165000,2025-09-16 10:39:59
2025-09-16 10:40:00,0.7099,0.711,0.7123,0.7098,1053216.7,1482000,2025-09-16 10:49:59
2025-09-16 10:50:00,0.711,0.7112,0.7112,0.71,567918.5000000001,799000,2025-09-16 10:59:59
2025-09-16 11:00:00,0.7112,0.7136,0.7138,0.7111,1223956.3,1719000,2025-09-16 11:09:59
2025-09-16 11:10:00,0.7134,0.7157,0.7173,0.7118,2421397.3,3389000,2025-09-16 11:19:59
2025-09-16 11:20:00,0.7157,0.715,0.7175,0.715,3228096.099999999,4508000,2025-09-16 11:29:59
2025-09-16 11:30:00,0.7154,0.7126,0.7154,0.7121,989078.1999999998,1385000,2025-09-16 11:39:59
2025-09-16 11:40:00,0.7132,0.7128,0.7142,0.7119,342826.2,481000,2025-09-16 11:49:59
2025-09-16 11:50:00,0.7125,0.7101,0.7128,0.7101,1169671.9,1645000,2025-09-16 11:59:59
2025-09-16 12:00:00,0.7112,0.7122,0.714,0.7083,2583423.8000000003,3634000,2025-09-16 12:09:59
2025-09-16 12:10:00,0.7122,0.71,0.7133,0.7093,1424124.9,2003000,2025-09-16 12:19:59
2025-09-16 12:20:00,0.71,0.7107,0.7126,0.7094,2894389.9999999995,4067000,2025-09-16 12:29:59
2025-09-16 12:30:00,0.7109,0.7078,0.7109,0.7078,1002486.0,1414000,2025-09-16 12:39:59
2025-09-16 12:40:00,0.708,0.7055,0.708,0.7038,3676151.7,5211000,2025-09-16 12:49:59
2025-09-16 12:50:00,0.7059,0.7053,0.7069,0.7053,2620353.0,3713000,2025-09-16 12:59:59
2025-09-16 13:00:00,0.7052,0.7044,0.7053,0.7034,2348154.9000000004,3336000,2025-09-16 13:09:59
2025-09-16 13:10:00,0.7044,0.7051,0.7073,0.7031,5270018.099999999,7479000,2025-09-16 13:19:59
2025-09-16 13:20:00,0.7045,0.7037,0.7063,0.7037,1044161.2000000001,1482000,2025-09-16 13:29:59
2025-09-16 13:30:00,0.7043,0.706,0.7065,0.7031,4723463.2,6704000,2025-09-16 13:39:59
2025-09-16 13:40:00,0.7049,0.7049,0.7055,0.704,198017.19999999998,281000,2025-09-16 13:49:59
2025-09-16 13:50:00,0.7046,0.702,0.7046,0.7014,2064724.3000000003,2939000,2025-09-16 13:59:59
2025-09-16 14:00:00,0.7025,0.7018,0.7035,0.7011,7655403.600000002,10904000,2025-09-16 14:09:59
2025-09-16 14:10:00,0.7018,0.7021,0.7026,0.7016,1140290.9000000001,1624000,2025-09-16 14:19:59
2025-09-16 14:20:00,0.7021,0.7015,0.7021,0.7013,698660.0,996000,2025-09-16 14:29:59
2025-09-16 14:30:00,0.7014,0.7036,0.7036,0.7013,3452541.7000000007,4918000,2025-09-16 14:39:59
2025-09-16 14:40:00,0.7037,0.7044,0.705,0.7025,1162444.3000000003,1651000,2025-09-16 14:49:59
2025-09-16 14:50:00,0.7044,0.7048,0.705,0.7041,586818.3,833000,2025-09-16 14:59:59
2025-09-16 15:00:00,0.7041,0.7021,0.7041,0.7021,905304.6,1288000,2025-09-16 15:09:59
2025-09-16 15:10:00,0.7025,0.7032,0.7033,0.702,1302636.2,1854000,2025-09-16 15:19:59
2025-09-16 15:20:00,0.7032,0.7024,0.7033,0.7023,15674725.2,22306000,2025-09-16 15:29:59
2025-09-16 15:30:00,0.7024,0.7028,0.7031,0.6951,29231559.099999998,41811000,2025-09-16 15:39:59
2025-09-16 15:40:00,0.7024,0.7,0.7033,0.6989,1742794.8,2488000,2025-09-16 15:49:59
2025-09-16 15:50:00,0.6999,0.6997,0.701,0.6975,817848.3,1169000,2025-09-16 15:59:59
2025-09-16 16:00:00,0.6995,0.6917,0.6995,0.6897,13782454.800000004,19894000,2025-09-16 16:09:59
2025-09-16 16:10:00,0.6917,0.6926,0.6937,0.6883,9741245.900000002,14078000,2025-09-16 16:19:59
2025-09-16 16:20:00,0.6926,0.6923,0.6933,0.6919,2906431.2,4196000,2025-09-16 16:29:59
2025-09-16 16:30:00,0.6924,0.6917,0.6925,0.691,3946915.2,5701000,2025-09-16 16:39:59
2025-09-16 16:40:00,0.6917,0.6906,0.6917,0.6905,3055957.8000000003,4421000,2025-09-16 16:49:59
2025-09-16 16:50:00,0.6906,0.695,0.6962,0.6906,11822036.200000001,17065000,2025-09-16 16:59:59
2025-09-16 17:00:00,0.6953,0.6979,0.6982,0.695,1457085.5,2091000,2025-09-16 17:09:59
2025-09-16 17:10:00,0.698,0.7,0.7004,0.697,4889188.2,6991000,2025-09-16 17:19:59
2025-09-16 17:20:00,0.7001,0.708,0.711,0.6993,15299246.9,21638000,2025-09-16 17:29:59
2025-09-16 17:30:00,0.707,0.7051,0.707,0.7048,1972912.5000000002,2797000,2025-09-16 17:39:59
2025-09-16 17:40:00,0.7051,0.7016,0.7051,0.6995,3117798.0,4441000,2025-09-16 17:49:59
2025-09-16 17:50:00,0.7015,0.701,0.703,0.699,2648901.0,3780000,2025-09-16 17:59:59
2025-09-16 18:00:00,0.701,0.6999,0.7014,0.6991,843256.0,1204000,2025-09-16 18:09:59
2025-09-16 18:10:00,0.7,0.6999,0.7,0.6989,915257.8000000002,1308000,2025-09-16 18:19:59
2025-09-16 18:20:00,0.6998,0.6969,0.6998,0.6925,3770191.3999999994,5417000,2025-09-16 18:29:59
2025-09-16 18:30:00,0.6963,0.6949,0.697,0.6942,1695018.1,2436000,2025-09-16 18:39:59
2025-09-16 18:40:00,0.6949,0.6949,0.6949,0.6949,60456.3,87000,2025-09-16 18:49:59
2025-09-16 19:00:00,0.696,0.6985,0.6989,0.695,2864812.6999999997,4108000,2025-09-16 19:09:59
2025-09-16 19:10:00,0.6985,0.701,0.701,0.6985,1695875.4,2422000,2025-09-16 19:19:59
2025-09-16 19:20:00,0.7013,0.7019,0.7026,0.7013,334233.00000000006,476000,2025-09-16 19:29:59
2025-09-16 19:30:00,0.7019,0.7019,0.7027,0.7019,138307.80000000002,197000,2025-09-16 19:39:59
2025-09-16 19:40:00,0.702,0.7011,0.7021,0.6998,349526.69999999995,499000,2025-09-16 19:49:59
2025-09-16 19:50:00,0.7018,0.7025,0.7026,0.7011,155876.3,222000,2025-09-16 19:59:59
2025-09-16 20:00:00,0.7025,0.6975,0.7026,0.695,1696808.9,2431000,2025-09-16 20:09:59
2025-09-16 20:10:00,0.6975,0.6988,0.6997,0.6952,1152179.2,1652000,2025-09-16 20:19:59
2025-09-16 20:20:00,0.6988,0.7003,0.7016,0.6987,837211.4000000001,1195000,2025-09-16 20:29:59
2025-09-16 20:30:00,0.7003,0.7001,0.7003,0.6993,35713.99999999999,51000,2025-09-16 20:39:59
2025-09-16 20:40:00,0.7005,0.6993,0.7006,0.6993,351339.5,502000,2025-09-16 20:49:59
2025-09-16 20:50:00,0.6993,0.6988,0.7001,0.6988,166445.5,238000,2025-09-16 20:59:59
2025-09-16 21:00:00,0.6994,0.7007,0.7007,0.699,184846.1,264000,2025-09-16 21:09:59
2025-09-16 21:10:00,0.7004,0.7009,0.701,0.7003,42736.299999999996,61000,2025-09-16 21:19:59
2025-09-16 21:20:00,0.7008,0.7015,0.7018,0.7006,346394.20000000007,494000,2025-09-16 21:29:59
2025-09-16 21:30:00,0.7013,0.7023,0.7024,0.7013,237232.20000000004,338000,2025-09-16 21:39:59
2025-09-16 21:40:00,0.7023,0.7014,0.7024,0.7014,113014.8,161000,2025-09-16 21:49:59
2025-09-16 21:50:00,0.7014,0.7046,0.7051,0.7001,1737774.2999999998,2470000,2025-09-16 21:59:59
2025-09-16 22:00:00,0.704,0.7049,0.705,0.7035,355007.6,504000,2025-09-16 22:09:59
2025-09-16 22:10:00,0.7048,0.7022,0.705,0.7022,216842.5,308000,2025-09-16 22:19:59
2025-09-16 22:20:00,0.703,0.703,0.7042,0.7007,1190620.8,1695000,2025-09-16 22:29:59
2025-09-16 22:30:00,0.7036,0.7012,0.7042,0.701,211236.2,301000,2025-09-16 22:39:59
2025-09-16 22:40:00,0.702,0.7003,0.7021,0.7001,483390.69999999995,690000,2025-09-16 22:49:59
2025-09-16 22:50:00,0.7004,0.7006,0.7006,0.7,337527.1,482000,2025-09-16 22:59:59
2025-09-16 23:00:00,0.7006,0.701,0.703,0.7,347523.6,496000,2025-09-16 23:09:59
2025-09-16 23:10:00,0.7013,0.7001,0.7013,0.7,25910.1,37000,2025-09-16 23:19:59
2025-09-16 23:20:00,0.7001,0.7001,0.7013,0.7,176419.09999999998,252000,2025-09-16 23:29:59
2025-09-16 23:30:00,0.7,0.6987,0.7021,0.6987,407113.6,582000,2025-09-16 23:39:59
2025-09-16 23:40:00,0.6997,0.7003,0.7018,0.699,191101.7,273000,2025-09-16 23:49:59
2025-09-17 06:50:00,0.7033,0.7033,0.7033,0.7033,703.3,1000,2025-09-17 06:59:59
2025-09-17 07:00:00,0.7034,0.7022,0.7047,0.7004,598576.7,850000,2025-09-17 07:09:59
2025-09-17 07:10:00,0.702,0.7,0.702,0.7,196216.9,280000,2025-09-17 07:19:59
2025-09-17 07:20:00,0.7,0.7006,0.7006,0.7,507885.5,725000,2025-09-17 07:29:59
2025-09-17 07:30:00,0.7005,0.6996,0.7031,0.6996,364997.3,521000,2025-09-17 07:39:59
2025-09-17 07:40:00,0.6999,0.6995,0.7015,0.6992,149104.8,213000,2025-09-17 07:49:59
2025-09-17 07:50:00,0.7015,0.6997,0.7015,0.6972,216448.1,310000,2025-09-17 07:59:06
2025-09-17 08:00:00,0.7002,0.7002,0.702,0.6972,711365.2,1018000,2025-09-17 08:09:59
2025-09-17 08:10:00,0.6996,0.7012,0.7012,0.6995,45517.3,65000,2025-09-17 08:19:59
2025-09-17 08:20:00,0.7006,0.6992,0.7012,0.6992,23094.5,33000,2025-09-17 08:29:59
2025-09-17 08:30:00,0.7007,0.7025,0.703,0.6989,553149.0,789000,2025-09-17 08:39:59
2025-09-17 08:40:00,0.703,0.7022,0.7041,0.7022,249001.8,354000,2025-09-17 08:49:59
2025-09-17 08:50:00,0.7025,0.7032,0.7038,0.7018,317278.7,451000,2025-09-17 08:59:59
2025-09-17 09:00:00,0.703,0.7025,0.703,0.702,22484.6,32000,2025-09-17 09:09:59
2025-09-17 09:10:00,0.7024,0.7016,0.7028,0.7016,351235.49999999994,500000,2025-09-17 09:19:59
2025-09-17 09:20:00,0.7015,0.7,0.7015,0.7,353173.10000000003,504000,2025-09-17 09:29:59
2025-09-17 09:30:00,0.7006,0.6999,0.7008,0.6996,713963.8,1020000,2025-09-17 09:39:59
2025-09-17 09:40:00,0.7,0.6991,0.7,0.6988,433678.6,620000,2025-09-17 09:49:59
2025-09-17 09:50:00,0.6992,0.6997,0.7008,0.6987,416018.8,595000,2025-09-17 09:59:59
2025-09-17 10:00:00,0.6989,0.6997,0.7002,0.6989,483550.1,691000,2025-09-17 10:09:59
2025-09-17 10:10:00,0.6997,0.699,0.6997,0.6989,180423.2,258000,2025-09-17 10:19:59
2025-09-17 10:20:00,0.6989,0.6977,0.6989,0.6967,3876392.2,5558000,2025-09-17 10:29:59
2025-09-17 10:30:00,0.6976,0.6988,0.7006,0.6969,4123330.3000000017,5907000,2025-09-17 10:39:59
2025-09-17 10:40:00,0.6989,0.6988,0.6989,0.6981,128564.6,184000,2025-09-17 10:49:59
2025-09-17 10:50:00,0.6989,0.6988,0.6997,0.6988,1370554.1,1961000,2025-09-17 10:59:59
2025-09-17 11:00:00,0.6988,0.6997,0.6999,0.6988,115413.40000000001,165000,2025-09-17 11:09:59
2025-09-17 11:10:00,0.6998,0.6992,0.7009,0.6986,893398.9999999999,1277000,2025-09-17 11:19:59
2025-09-17 11:20:00,0.6993,0.6982,0.6993,0.6977,396681.2,568000,2025-09-17 11:29:59
2025-09-17 11:30:00,0.6985,0.6979,0.6987,0.6969,744523.8,1067000,2025-09-17 11:39:59
2025-09-17 11:40:00,0.6982,0.6977,0.6982,0.6969,772513.9000000001,1107000,2025-09-17 11:49:59
2025-09-17 11:50:00,0.6977,0.693,0.6977,0.692,3653207.9,5255000,2025-09-17 11:59:59
2025-09-17 12:00:00,0.6936,0.6953,0.6965,0.6936,844813.6000000001,1215000,2025-09-17 12:09:59
2025-09-17 12:10:00,0.6953,0.6958,0.696,0.6945,339370.80000000005,488000,2025-09-17 12:19:59
2025-09-17 12:20:00,0.6959,0.6943,0.6959,0.6912,1187460.6000000003,1712000,2025-09-17 12:29:59
2025-09-17 12:30:00,0.6948,0.6929,0.696,0.6929,682151.3999999999,982000,2025-09-17 12:39:59
2025-09-17 12:40:00,0.6929,0.6915,0.6929,0.69,4623316.200000001,6695000,2025-09-17 12:49:59
2025-09-17 12:50:00,0.6915,0.6919,0.6919,0.6915,438581.69999999995,634000,2025-09-17 12:59:59
2025-09-17 13:00:00,0.6918,0.6946,0.6974,0.6918,13656584.800000003,19662000,2025-09-17 13:09:59
2025-09-17 13:10:00,0.6946,0.695,0.6959,0.6945,714783.9,1028000,2025-09-17 13:19:59
2025-09-17 13:20:00,0.695,0.696,0.6975,0.6946,2343860.8999999994,3369000,2025-09-17 13:29:59
2025-09-17 13:30:00,0.696,0.6964,0.6965,0.6959,118367.5,170000,2025-09-17 13:39:59
2025-09-17 13:40:00,0.6964,0.6964,0.6965,0.6959,273643.2,393000,2025-09-17 13:49:59
2025-09-17 13:50:00,0.6964,0.6963,0.6969,0.6956,565943.5,813000,2025-09-17 13:59:59
2025-09-17 14:00:00,0.6964,0.696,0.6966,0.696,105838.79999999999,152000,2025-09-17 14:09:59
2025-09-17 14:10:00,0.696,0.6935,0.696,0.6929,1172479.2,1690000,2025-09-17 14:19:59
2025-09-17 14:20:00,0.6931,0.6931,0.6935,0.6931,183021.8,264000,2025-09-17 14:29:59
2025-09-17 14:30:00,0.6931,0.6935,0.6935,0.6922,1158579.3,1672000,2025-09-17 14:39:59
2025-09-17 14:40:00,0.6935,0.6931,0.6935,0.6925,188502.19999999998,272000,2025-09-17 14:49:59
2025-09-17 14:50:00,0.693,0.6934,0.6935,0.693,316915.2,457000,2025-09-17 14:59:59
2025-09-17 15:00:00,0.6934,0.6925,0.6935,0.6925,313309.60000000003,452000,2025-09-17 15:09:59
2025-09-17 15:10:00,0.6931,0.6926,0.6935,0.6918,3058379.9999999995,4418000,2025-09-17 15:19:59
2025-09-17 15:20:00,0.6924,0.6922,0.6925,0.6918,727270.7000000001,1051000,2025-09-17 15:29:59
2025-09-17 15:30:00,0.6923,0.6919,0.6927,0.69,8837499.6,12788000,2025-09-17 15:39:59
2025-09-17 15:40:00,0.6917,0.6921,0.6923,0.6916,254645.19999999998,368000,2025-09-17 15:49:59
2025-09-17 15:50:00,0.6919,0.6925,0.6925,0.691,262854.9,380000,2025-09-17 15:59:59
2025-09-17 16:00:00,0.6926,0.6928,0.6928,0.6915,796314.9000000001,1150000,2025-09-17 16:09:59
2025-09-17 16:10:00,0.6927,0.692,0.6927,0.6919,148783.6,215000,2025-09-17 16:19:59
2025-09-17 16:20:00,0.6922,0.6922,0.6923,0.6919,707956.9999999998,1023000,2025-09-17 16:29:59
2025-09-17 16:30:00,0.6923,0.6921,0.6925,0.6913,3350311.0,4841000,2025-09-17 16:39:59
2025-09-17 16:40:00,0.6921,0.6911,0.6921,0.6902,5141111.799999999,7441000,2025-09-17 16:49:59
2025-09-17 16:50:00,0.6907,0.6896,0.6907,0.6879,20325564.300000004,29459000,2025-09-17 16:59:59
2025-09-17 17:00:00,0.6897,0.6908,0.6909,0.6891,679763.7,985000,2025-09-17 17:09:59
2025-09-17 17:10:00,0.6909,0.6918,0.6925,0.6907,2587281.5999999996,3738000,2025-09-17 17:19:59
2025-09-17 17:20:00,0.6918,0.6933,0.6933,0.6917,743054.5,1073000,2025-09-17 17:29:59
2025-09-17 17:30:00,0.6933,0.6935,0.6935,0.6928,688547.3,993000,2025-09-17 17:39:59
2025-09-17 17:40:00,0.693,0.6934,0.6935,0.6927,173361.4,250000,2025-09-17 17:49:59
2025-09-17 17:50:00,0.6934,0.6952,0.6952,0.6926,2460545.2,3544000,2025-09-17 17:59:59
2025-09-17 18:00:00,0.6951,0.6949,0.6952,0.694,294464.7,424000,2025-09-17 18:09:59
2025-09-17 18:10:00,0.6949,0.6955,0.6957,0.6929,3729477.400000001,5365000,2025-09-17 18:19:59
2025-09-17 18:20:00,0.6957,0.6967,0.697,0.6948,805394.4000000001,1157000,2025-09-17 18:29:59
2025-09-17 18:30:00,0.6961,0.6975,0.6975,0.6961,1401181.8,2011000,2025-09-17 18:39:59
2025-09-17 18:40:00,0.6976,0.6976,0.6976,0.6976,32787.2,47000,2025-09-17 18:46:03
2025-09-17 19:00:00,0.6976,0.698,0.698,0.6974,438933.6,629000,2025-09-17 19:09:59
2025-09-17 19:10:00,0.6978,0.6971,0.698,0.6971,475245.8,681000,2025-09-17 19:19:59
2025-09-17 19:20:00,0.6971,0.6971,0.6972,0.6961,726948.0,1044000,2025-09-17 19:29:59
2025-09-17 19:30:00,0.6971,0.6979,0.698,0.6966,1065072.0,1526000,2025-09-17 19:39:59
2025-09-17 19:40:00,0.6979,0.6972,0.6979,0.6972,52329.30000000001,75000,2025-09-17 19:49:59
2025-09-17 19:50:00,0.6971,0.6957,0.6971,0.6957,373238.4,536000,2025-09-17 19:59:59
2025-09-17 20:00:00,0.6957,0.694,0.6958,0.6933,834112.6,1201000,2025-09-17 20:09:59
2025-09-17 20:10:00,0.694,0.695,0.6955,0.694,110463.4,159000,2025-09-17 20:19:59
2025-09-17 20:20:00,0.695,0.6941,0.6955,0.694,616022.4,887000,2025-09-17 20:29:59
2025-09-17 20:30:00,0.695,0.6953,0.6953,0.695,31980.7,46000,2025-09-17 20:39:59
2025-09-17 20:40:00,0.6953,0.6946,0.6965,0.6946,88326.90000000001,127000,2025-09-17 20:49:59
2025-09-17 20:50:00,0.6946,0.6943,0.6947,0.694,322139.4,464000,2025-09-17 20:59:08
2025-09-17 21:00:00,0.6947,0.6949,0.6949,0.6947,61147.9,88000,2025-09-17 21:09:59
2025-09-17 21:10:00,0.6945,0.6951,0.6967,0.6938,563203.6,810000,2025-09-17 21:19:59
2025-09-17 21:20:00,0.6951,0.6943,0.6952,0.6943,42383.0,61000,2025-09-17 21:29:59
2025-09-17 21:30:00,0.6945,0.6948,0.6948,0.6945,33341.9,48000,2025-09-17 21:39:59
2025-09-17 21:40:00,0.6948,0.6953,0.6953,0.6948,117425.0,169000,2025-09-17 21:49:59
2025-09-17 21:50:00,0.6953,0.6953,0.6953,0.695,111912.7,161000,2025-09-17 21:59:59
2025-09-17 22:00:00,0.6953,0.6958,0.6958,0.6953,70246.6,101000,2025-09-17 22:09:59
2025-09-17 22:10:00,0.6956,0.6955,0.6958,0.6955,49395.0,71000,2025-09-17 22:19:59
2025-09-17 22:20:00,0.6955,0.6959,0.6959,0.6952,214260.40000000002,308000,2025-09-17 22:29:59
2025-09-17 22:30:00,0.6952,0.6959,0.696,0.6952,83506.3,120000,2025-09-17 22:39:59
2025-09-17 22:40:00,0.696,0.6967,0.6973,0.6927,1189564.8,1713000,2025-09-17 22:49:59
2025-09-17 22:50:00,0.6962,0.6961,0.6963,0.696,128792.30000000002,185000,2025-09-17 22:59:59
2025-09-17 23:00:00,0.696,0.6961,0.6965,0.6954,184454.3,265000,2025-09-17 23:09:59
2025-09-17 23:10:00,0.6961,0.6941,0.6969,0.6938,597275.7999999999,859000,2025-09-17 23:19:59
2025-09-17 23:20:00,0.6954,0.6957,0.6958,0.6948,86948.4,125000,2025-09-17 23:29:59
2025-09-17 23:30:00,0.6948,0.6957,0.6957,0.6948,86233.0,124000,2025-09-17 23:39:59
2025-09-17 23:40:00,0.6957,0.6938,0.6958,0.6929,317972.9,458000,2025-09-17 23:49:59
2025-09-18 07:00:00,0.6935,0.693,0.6951,0.693,354843.6,512000,2025-09-18 07:09:59
2025-09-18 07:10:00,0.6952,0.697,0.697,0.6952,183858.89999999997,264000,2025-09-18 07:19:59
2025-09-18 07:20:00,0.6971,0.7,0.7031,0.6971,1950310.6999999997,2782000,2025-09-18 07:29:59
2025-09-18 07:30:00,0.7008,0.7064,0.7096,0.6978,5057019.000000001,7169000,2025-09-18 07:39:59
2025-09-18 07:40:00,0.7064,0.7113,0.716,0.7051,7399966.4,10409000,2025-09-18 07:49:59
2025-09-18 07:50:00,0.712,0.7076,0.712,0.7065,2572509.2,3629000,2025-09-18 07:59:59
2025-09-18 08:00:00,0.7068,0.7086,0.7097,0.7063,1216643.2,1719000,2025-09-18 08:09:59
2025-09-18 08:10:00,0.7086,0.706,0.7086,0.7043,1633932.4,2314000,2025-09-18 08:19:59
2025-09-18 08:20:00,0.7055,0.705,0.7058,0.701,1289230.8,1832000,2025-09-18 08:29:59
2025-09-18 08:30:00,0.7049,0.7046,0.7052,0.7017,844262.7999999999,1200000,2025-09-18 08:39:59
2025-09-18 08:40:00,0.7042,0.704,0.7045,0.7016,1072557.7999999993,1525000,2025-09-18 08:49:59
2025-09-18 08:50:00,0.704,0.7025,0.7049,0.7021,1233818.9999999998,1753000,2025-09-18 08:59:59
2025-09-18 09:00:00,0.7026,0.7016,0.703,0.7,1929178.0999999999,2749000,2025-09-18 09:09:59
2025-09-18 09:10:00,0.7011,0.7007,0.7011,0.7,1530968.3,2186000,2025-09-18 09:19:59
2025-09-18 09:20:00,0.7007,0.7014,0.7017,0.7007,433372.1,618000,2025-09-18 09:29:59
2025-09-18 09:30:00,0.7013,0.7021,0.7026,0.7013,806274.9,1149000,2025-09-18 09:39:59
2025-09-18 09:40:00,0.7021,0.707,0.7101,0.7021,4262253.100000001,6038000,2025-09-18 09:49:59
2025-09-18 09:50:00,0.7066,0.706,0.7094,0.703,1690966.2,2397000,2025-09-18 09:59:59
2025-09-18 10:00:00,0.7041,0.6998,0.7041,0.6956,5255608.0,7518000,2025-09-18 10:09:59
2025-09-18 10:10:00,0.6998,0.7012,0.7015,0.6996,1318875.2,1882000,2025-09-18 10:19:59
2025-09-18 10:20:00,0.7011,0.7,0.7013,0.7,639937.8,914000,2025-09-18 10:29:59
2025-09-18 10:30:00,0.7,0.6982,0.7,0.6971,798927.2000000001,1144000,2025-09-18 10:39:59
2025-09-18 10:40:00,0.698,0.6987,0.6997,0.698,184444.49999999997,264000,2025-09-18 10:49:59
2025-09-18 10:50:00,0.6981,0.6985,0.6986,0.6972,256874.2,368000,2025-09-18 10:59:02
2025-09-18 11:00:00,0.6985,0.6987,0.6987,0.6985,531699.2999999999,761000,2025-09-18 11:09:59
2025-09-18 11:10:00,0.6987,0.6996,0.6996,0.698,227193.7,325000,2025-09-18 11:19:59
2025-09-18 11:20:00,0.6997,0.6994,0.6998,0.6987,225929.90000000002,323000,2025-09-18 11:29:59
2025-09-18 11:30:00,0.6994,0.6999,0.7,0.699,275665.79999999993,394000,2025-09-18 11:39:59
2025-09-18 11:40:00,0.6999,0.6999,0.7,0.6999,212094.5,303000,2025-09-18 11:49:59
2025-09-18 11:50:00,0.7,0.7,0.7,0.6992,99384.2,142000,2025-09-18 11:59:02
2025-09-18 12:00:00,0.7,0.6997,0.7,0.6974,1155485.7000000002,1653000,2025-09-18 12:09:59
2025-09-18 12:10:00,0.6997,0.6986,0.6998,0.6985,144672.6,207000,2025-09-18 12:19:59
2025-09-18 12:20:00,0.6988,0.698,0.6988,0.6968,592708.4999999999,849000,2025-09-18 12:29:59
2025-09-18 12:30:00,0.698,0.6991,0.6997,0.6979,781321.1000000001,1118000,2025-09-18 12:39:59
2025-09-18 12:40:00,0.6991,0.6984,0.6991,0.6981,342171.9,490000,2025-09-18 12:49:59
2025-09-18 12:50:00,0.699,0.6983,0.699,0.698,208766.6,299000,2025-09-18 12:59:59
2025-09-18 13:00:00,0.6983,0.6998,0.7015,0.6979,2561882.0,3658000,2025-09-18 13:09:59
2025-09-18 13:10:00,0.6994,0.7005,0.7009,0.698,1276028.2999999998,1824000,2025-09-18 13:19:59
2025-09-18 13:20:00,0.7005,0.6987,0.7009,0.6958,2563386.1999999997,3668000,2025-09-18 13:29:59
2025-09-18 13:30:00,0.6988,0.7011,0.7015,0.6973,4173110.5999999996,5958000,2025-09-18 13:39:59
2025-09-18 13:40:00,0.7008,0.7001,0.7014,0.7001,1666481.2,2378000,2025-09-18 13:49:59
2025-09-18 13:50:00,0.7001,0.7016,0.7016,0.7,2836714.5,4047000,2025-09-18 13:59:59
2025-09-18 14:00:00,0.7016,0.703,0.7035,0.7016,1388761.4000000001,1976000,2025-09-18 14:09:59
2025-09-18 14:10:00,0.7032,0.7022,0.7032,0.7016,243701.39999999994,347000,2025-09-18 14:19:59
2025-09-18 14:20:00,0.7023,0.7017,0.703,0.7017,837351.2999999999,1192000,2025-09-18 14:29:59
2025-09-18 14:30:00,0.7028,0.7028,0.7035,0.7028,472623.8,672000,2025-09-18 14:39:59
2025-09-18 14:40:00,0.7034,0.7005,0.7034,0.7002,2469872.4,3520000,2025-09-18 14:49:59
2025-09-18 14:50:00,0.7008,0.7033,0.7035,0.7004,1748035.4000000001,2488000,2025-09-18 14:59:59
2025-09-18 15:00:00,0.7024,0.7,0.7024,0.7,2702328.7,3859000,2025-09-18 15:09:59
2025-09-18 15:10:00,0.7001,0.7016,0.7018,0.7,3709765.0000000005,5299000,2025-09-18 15:19:59
2025-09-18 15:20:00,0.7016,0.7001,0.7019,0.7,3937794.5,5625000,2025-09-18 15:29:59
2025-09-18 15:30:00,0.7001,0.7,0.7006,0.7,455763.60000000003,651000,2025-09-18 15:39:59
2025-09-18 15:40:00,0.7001,0.7001,0.7007,0.7,795290.0000000001,1136000,2025-09-18 15:49:59
2025-09-18 15:50:00,0.7001,0.7028,0.7033,0.7,1365560.7999999998,1945000,2025-09-18 15:59:59
2025-09-18 16:00:00,0.7028,0.7005,0.7028,0.7001,1137025.7,1623000,2025-09-18 16:09:59
2025-09-18 16:10:00,0.701,0.701,0.701,0.7005,33645.0,48000,2025-09-18 16:19:59
2025-09-18 16:20:00,0.7004,0.7005,0.701,0.7,844596.1,1206000,2025-09-18 16:29:59
2025-09-18 16:30:00,0.7001,0.7021,0.7022,0.7,971846.4,1387000,2025-09-18 16:39:59
2025-09-18 16:40:00,0.702,0.7018,0.7034,0.7008,1431094.3,2037000,2025-09-18 16:49:59
2025-09-18 16:50:00,0.7018,0.7017,0.7018,0.7004,141631.0,202000,2025-09-18 16:59:59
2025-09-18 17:00:00,0.7017,0.7017,0.7018,0.7007,359727.1,513000,2025-09-18 17:09:59
2025-09-18 17:10:00,0.7017,0.7009,0.7017,0.7,361485.30000000005,516000,2025-09-18 17:19:59
2025-09-18 17:20:00,0.7002,0.7,0.7002,0.6987,846573.2,1210000,2025-09-18 17:29:59
2025-09-18 17:30:00,0.7,0.6991,0.7,0.6991,275604.5,394000,2025-09-18 17:39:59
2025-09-18 17:40:00,0.6999,0.7,0.7,0.6995,135087.5,193000,2025-09-18 17:49:59
2025-09-18 17:50:00,0.6996,0.6999,0.7,0.6991,265200.9,379000,2025-09-18 17:59:59
2025-09-18 18:00:00,0.6999,0.6998,0.7,0.6998,93084.59999999999,133000,2025-09-18 18:09:59
2025-09-18 18:10:00,0.6998,0.6998,0.6998,0.6997,198742.69999999995,284000,2025-09-18 18:19:59
2025-09-18 18:20:00,0.6998,0.6998,0.6998,0.6997,96569.8,138000,2025-09-18 18:29:59
2025-09-18 18:30:00,0.6998,0.6997,0.7,0.6997,347162.8,496000,2025-09-18 18:39:59
2025-09-18 18:40:00,0.7,0.7,0.7,0.7,45500.0,65000,2025-09-18 18:49:59
2025-09-18 19:00:00,0.7,0.7011,0.7026,0.6997,581230.2,830000,2025-09-18 19:09:59
2025-09-18 19:10:00,0.7019,0.7013,0.7019,0.7008,141658.9,202000,2025-09-18 19:19:59
2025-09-18 19:20:00,0.7014,0.7016,0.7017,0.7012,138197.0,197000,2025-09-18 19:29:59
2025-09-18 19:30:00,0.7014,0.7019,0.7019,0.7013,406309.2,579000,2025-09-18 19:39:59
2025-09-18 19:40:00,0.7017,0.702,0.7023,0.7017,417636.80000000005,595000,2025-09-18 19:49:59
2025-09-18 19:50:00,0.7023,0.7029,0.7029,0.702,679340.0,967000,2025-09-18 19:59:59
2025-09-18 20:00:00,0.7028,0.7034,0.7035,0.7025,2668156.9,3793000,2025-09-18 20:09:59
2025-09-18 20:10:00,0.7034,0.7035,0.7035,0.7034,806198.3,1146000,2025-09-18 20:19:59
2025-09-18 20:20:00,0.7035,0.7042,0.7068,0.7035,2569031.1999999997,3646000,2025-09-18 20:29:59
2025-09-18 20:30:00,0.7042,0.7012,0.7046,0.6997,2196242.5999999996,3128000,2025-09-18 20:39:59
2025-09-18 20:40:00,0.7023,0.7,0.7024,0.7,309591.20000000007,442000,2025-09-18 20:49:59
2025-09-18 20:50:00,0.7009,0.7001,0.7013,0.6994,181345.80000000005,259000,2025-09-18 20:59:59
2025-09-18 21:00:00,0.7004,0.6992,0.7004,0.6987,320316.00000000006,458000,2025-09-18 21:09:59
2025-09-18 21:10:00,0.6988,0.6966,0.6988,0.6957,2122756.8,3048000,2025-09-18 21:19:59
2025-09-18 21:20:00,0.6968,0.6978,0.7013,0.6962,1129728.9,1619000,2025-09-18 21:29:59
2025-09-18 21:30:00,0.6977,0.6963,0.6977,0.6957,407296.8,585000,2025-09-18 21:39:59
2025-09-18 21:40:00,0.6968,0.6957,0.699,0.6957,362988.49999999994,521000,2025-09-18 21:49:59
2025-09-18 21:50:00,0.6958,0.6969,0.6969,0.6958,43887.7,63000,2025-09-18 21:59:59
2025-09-18 22:00:00,0.6969,0.6969,0.697,0.696,73136.3,105000,2025-09-18 22:09:59
2025-09-18 22:10:00,0.6961,0.6951,0.6968,0.6937,862993.3000000002,1242000,2025-09-18 22:19:59
2025-09-18 22:20:00,0.6951,0.6955,0.6955,0.6951,205809.0,296000,2025-09-18 22:29:59
2025-09-18 22:30:00,0.6955,0.6936,0.6955,0.6935,436019.6,628000,2025-09-18 22:39:59
2025-09-18 22:40:00,0.6936,0.6918,0.6936,0.6916,655765.7000000001,947000,2025-09-18 22:49:59
2025-09-18 22:50:00,0.6919,0.6942,0.6943,0.6916,153663.2,222000,2025-09-18 22:59:59
2025-09-18 23:00:00,0.6939,0.693,0.6941,0.6923,166381.9,240000,2025-09-18 23:09:59
2025-09-18 23:10:00,0.6924,0.691,0.6928,0.6909,813775.9999999999,1177000,2025-09-18 23:19:59
2025-09-18 23:20:00,0.691,0.695,0.697,0.691,1293909.0,1863000,2025-09-18 23:29:59
2025-09-18 23:30:00,0.696,0.6955,0.6964,0.6928,109709.0,158000,2025-09-18 23:39:59
2025-09-18 23:40:00,0.6955,0.6944,0.6964,0.6936,205101.5,295000,2025-09-18 23:49:59
2025-09-19 06:50:00,0.6944,0.6944,0.6944,0.6944,7638.4,11000,2025-09-19 06:59:59
2025-09-19 07:00:00,0.6965,0.7007,0.7048,0.6965,1525228.2000000002,2171000,2025-09-19 07:09:59
2025-09-19 07:10:00,0.7007,0.702,0.7027,0.7003,723212.7,1030000,2025-09-19 07:19:59
2025-09-19 07:20:00,0.7003,0.6999,0.7026,0.698,688589.7000000002,985000,2025-09-19 07:29:59
2025-09-19 07:30:00,0.6999,0.7,0.7018,0.6984,300334.50000000006,429000,2025-09-19 07:39:59
2025-09-19 07:40:00,0.7,0.6991,0.7007,0.6984,144836.2,207000,2025-09-19 07:49:59
2025-09-19 07:50:00,0.699,0.7005,0.7006,0.6986,95752.7,137000,2025-09-19 07:57:02
2025-09-19 08:00:00,0.7001,0.7003,0.7003,0.698,252859.4,362000,2025-09-19 08:09:59
2025-09-19 08:10:00,0.7003,0.699,0.7003,0.698,84679.1,121000,2025-09-19 08:19:59
2025-09-19 08:20:00,0.6981,0.698,0.6992,0.6946,2299639.8,3303000,2025-09-19 08:29:59
2025-09-19 08:30:00,0.6981,0.6981,0.6999,0.6981,176790.9,253000,2025-09-19 08:39:59
2025-09-19 08:40:00,0.6981,0.6983,0.7003,0.6954,682182.2999999999,977000,2025-09-19 08:49:59
2025-09-19 08:50:00,0.6978,0.6955,0.6985,0.6946,551887.0,793000,2025-09-19 08:59:59
2025-09-19 09:00:00,0.6974,0.6982,0.6982,0.6947,313307.50000000006,450000,2025-09-19 09:09:59
2025-09-19 09:10:00,0.6958,0.697,0.6995,0.6955,430847.80000000005,617000,2025-09-19 09:19:59
2025-09-19 09:20:00,0.6988,0.7,0.7,0.6988,170005.49999999997,243000,2025-09-19 09:29:59
2025-09-19 09:30:00,0.6999,0.6995,0.6999,0.6994,338558.9,484000,2025-09-19 09:39:59
2025-09-19 09:40:00,0.6995,0.6995,0.6995,0.6994,99328.4,142000,2025-09-19 09:49:59
2025-09-19 09:50:00,0.6995,0.702,0.702,0.6988,989359.1,1413000,2025-09-19 09:59:59
2025-09-19 10:00:00,0.7017,0.6982,0.7017,0.6974,890728.9,1275000,2025-09-19 10:09:59
2025-09-19 10:10:00,0.6982,0.6968,0.6983,0.6967,406899.5999999999,583000,2025-09-19 10:19:59
2025-09-19 10:20:00,0.6968,0.6977,0.6981,0.6967,378903.9,543000,2025-09-19 10:29:59
2025-09-19 10:30:00,0.6977,0.696,0.6977,0.696,2129454.3000000003,3058000,2025-09-19 10:39:59
2025-09-19 10:40:00,0.6963,0.6956,0.6963,0.6952,231039.80000000005,332000,2025-09-19 10:49:59
2025-09-19 10:50:00,0.6956,0.6954,0.6961,0.6923,2318969.2,3340000,2025-09-19 10:59:59
2025-09-19 11:00:00,0.6951,0.6948,0.6957,0.6948,1205115.8,1734000,2025-09-19 11:09:59
2025-09-19 11:10:00,0.6948,0.6952,0.6956,0.694,205700.09999999998,296000,2025-09-19 11:19:59
2025-09-19 11:20:00,0.6952,0.693,0.6952,0.6912,1323400.6999999997,1910000,2025-09-19 11:29:59
2025-09-19 11:30:00,0.6937,0.6922,0.6937,0.6906,1351628.7999999998,1953000,2025-09-19 11:39:59
2025-09-19 11:40:00,0.6923,0.6929,0.6931,0.6918,158606.6,229000,2025-09-19 11:49:59
2025-09-19 11:50:00,0.6929,0.6934,0.6934,0.6926,109512.4,158000,2025-09-19 11:59:59
2025-09-19 12:00:00,0.6927,0.693,0.693,0.6922,119124.49999999999,172000,2025-09-19 12:09:59
2025-09-19 12:10:00,0.6925,0.6929,0.693,0.6922,191844.40000000002,277000,2025-09-19 12:19:59
2025-09-19 12:20:00,0.6929,0.6936,0.6937,0.692,1695751.0999999999,2445000,2025-09-19 12:29:59
2025-09-19 12:30:00,0.6936,0.6937,0.6937,0.6935,37457.8,54000,2025-09-19 12:39:59
2025-09-19 12:40:00,0.6937,0.6934,0.6937,0.6928,254469.79999999996,367000,2025-09-19 12:49:59
2025-09-19 12:50:00,0.6934,0.6936,0.6937,0.6927,298271.2,430000,2025-09-19 12:59:59
2025-09-19 13:00:00,0.6937,0.6936,0.6937,0.6936,79075.7,114000,2025-09-19 13:09:59
2025-09-19 13:10:00,0.6936,0.6922,0.6936,0.6921,562896.1,813000,2025-09-19 13:19:59
2025-09-19 13:20:00,0.6922,0.6923,0.6929,0.6905,1804732.1999999995,2612000,2025-09-19 13:29:59
2025-09-19 13:30:00,0.6923,0.6897,0.6923,0.6897,4128171.0,5980000,2025-09-19 13:39:59
2025-09-19 13:40:00,0.6898,0.6898,0.6916,0.6892,2576657.400000001,3734000,2025-09-19 13:49:59
2025-09-19 13:50:00,0.6902,0.6903,0.6903,0.6895,304282.5,441000,2025-09-19 13:59:59
2025-09-19 14:00:00,0.6903,0.6903,0.6906,0.6901,622192.6,901000,2025-09-19 14:09:59
2025-09-19 14:10:00,0.6901,0.6898,0.6904,0.6893,509065.30000000005,738000,2025-09-19 14:19:59
2025-09-19 14:20:00,0.6898,0.6891,0.69,0.6891,996809.3999999999,1446000,2025-09-19 14:29:59
2025-09-19 14:30:00,0.6891,0.6896,0.6897,0.689,1235815.4999999998,1793000,2025-09-19 14:39:59
2025-09-19 14:40:00,0.6896,0.6896,0.6897,0.689,1739413.9,2524000,2025-09-19 14:49:59
2025-09-19 14:50:00,0.6896,0.6905,0.6905,0.6896,376036.69999999995,545000,2025-09-19 14:59:59
2025-09-19 15:00:00,0.6906,0.6954,0.6974,0.6905,11036913.4,15902000,2025-09-19 15:09:59
2025-09-19 15:10:00,0.6946,0.694,0.6951,0.6922,913169.3,1317000,2025-09-19 15:19:59
2025-09-19 15:20:00,0.6941,0.6946,0.6947,0.694,186131.1,268000,2025-09-19 15:29:59
2025-09-19 15:30:00,0.6941,0.6947,0.6949,0.694,456222.10000000003,657000,2025-09-19 15:39:59
2025-09-19 15:40:00,0.6947,0.6948,0.6948,0.694,209642.7,302000,2025-09-19 15:49:59
2025-09-19 15:50:00,0.6948,0.6936,0.6949,0.6936,318611.30000000005,459000,2025-09-19 15:59:59
2025-09-19 16:00:00,0.6943,0.693,0.6945,0.6929,270330.4,390000,2025-09-19 16:09:59
2025-09-19 16:10:00,0.693,0.693,0.693,0.692,503034.6,726000,2025-09-19 16:19:59
2025-09-19 16:20:00,0.693,0.6929,0.693,0.6925,515537.9,744000,2025-09-19 16:29:59
2025-09-19 16:30:00,0.693,0.6924,0.693,0.6924,384502.6,555000,2025-09-19 16:39:59
2025-09-19 16:40:00,0.6928,0.6927,0.6928,0.6923,90025.70000000001,130000,2025-09-19 16:49:59
2025-09-19 16:50:00,0.6927,0.6925,0.6927,0.6916,134901.5,195000,2025-09-19 16:59:09
2025-09-19 17:00:00,0.6925,0.6916,0.6927,0.6916,110057.1,159000,2025-09-19 17:09:59
2025-09-19 17:10:00,0.6916,0.6926,0.6926,0.6913,404912.5999999999,585000,2025-09-19 17:19:59
2025-09-19 17:20:00,0.6925,0.6921,0.6927,0.6919,67169.3,97000,2025-09-19 17:29:59
2025-09-19 17:30:00,0.6921,0.6906,0.6921,0.69,1453453.0,2105000,2025-09-19 17:39:59
2025-09-19 17:40:00,0.6905,0.6901,0.6906,0.69,437775.19999999995,634000,2025-09-19 17:49:59
2025-09-19 17:50:00,0.6903,0.6897,0.6905,0.6897,1348201.0000000002,1954000,2025-09-19 17:59:59
2025-09-19 18:00:00,0.6896,0.6908,0.6922,0.6893,552241.2999999999,799000,2025-09-19 18:09:59
2025-09-19 18:10:00,0.6915,0.6921,0.6922,0.6906,278642.80000000005,403000,2025-09-19 18:19:59
2025-09-19 18:20:00,0.6919,0.6915,0.6919,0.6905,307058.9,444000,2025-09-19 18:29:59
2025-09-19 18:30:00,0.6918,0.6906,0.692,0.6906,38715.1,56000,2025-09-19 18:39:59
2025-09-19 18:40:00,0.6905,0.6905,0.6905,0.6905,193340.0,280000,2025-09-19 18:48:09
2025-09-19 19:00:00,0.6905,0.6905,0.6906,0.6905,13120.400000000001,19000,2025-09-19 19:09:59
2025-09-19 19:10:00,0.6905,0.6907,0.6914,0.6897,329149.5,477000,2025-09-19 19:19:59
2025-09-19 19:20:00,0.6906,0.6896,0.6909,0.6895,856403.7999999999,1242000,2025-09-19 19:29:59
2025-09-19 19:30:00,0.6896,0.6895,0.6896,0.689,1698636.6,2465000,2025-09-19 19:39:59
2025-09-19 19:40:00,0.6893,0.6898,0.6899,0.689,743126.5000000001,1078000,2025-09-19 19:49:59
2025-09-19 19:50:00,0.6898,0.6897,0.6898,0.6894,150357.1,218000,2025-09-19 19:59:59
2025-09-19 20:00:00,0.6896,0.6897,0.6898,0.6892,224107.6,325000,2025-09-19 20:09:59
2025-09-19 20:10:00,0.6897,0.6898,0.6898,0.6893,137897.3,200000,2025-09-19 20:19:59
2025-09-19 20:20:00,0.6898,0.6894,0.6899,0.6893,131693.4,191000,2025-09-19 20:29:59
2025-09-19 20:30:00,0.6894,0.6894,0.6894,0.6893,173034.9,251000,2025-09-19 20:39:59
2025-09-19 20:40:00,0.6894,0.6893,0.6894,0.6891,664383.2,964000,2025-09-19 20:49:59
2025-09-19 20:50:00,0.6893,0.6894,0.6894,0.6892,69625.4,101000,2025-09-19 20:58:09
2025-09-19 21:00:00,0.6893,0.6893,0.6901,0.689,1582321.2999999998,2296000,2025-09-19 21:09:59
2025-09-19 21:10:00,0.6892,0.6897,0.6898,0.6892,305418.60000000003,443000,2025-09-19 21:19:59
2025-09-19 21:20:00,0.6897,0.6897,0.6897,0.6897,40002.600000000006,58000,2025-09-19 21:29:59
2025-09-19 21:30:00,0.6897,0.6891,0.6897,0.689,547275.1999999998,794000,2025-09-19 21:39:59
2025-09-19 21:40:00,0.6893,0.6892,0.6894,0.689,59275.7,86000,2025-09-19 21:49:59
2025-09-19 21:50:00,0.6893,0.6893,0.6893,0.6891,68240.40000000001,99000,2025-09-19 21:59:59
2025-09-19 22:00:00,0.6893,0.6893,0.6893,0.6891,19989.3,29000,2025-09-19 22:09:59
2025-09-19 22:10:00,0.6891,0.6893,0.6893,0.6891,77185.59999999999,112000,2025-09-19 22:19:59
2025-09-19 22:20:00,0.6892,0.6894,0.6894,0.6891,80635.2,117000,2025-09-19 22:29:59
2025-09-19 22:30:00,0.6894,0.6892,0.6903,0.6892,355904.69999999995,516000,2025-09-19 22:39:59
2025-09-19 22:40:00,0.6901,0.6895,0.6901,0.6891,191595.0,278000,2025-09-19 22:49:59
2025-09-19 22:50:00,0.6892,0.6891,0.6894,0.689,281847.5,409000,2025-09-19 22:59:59
2025-09-19 23:00:00,0.6891,0.689,0.6892,0.689,2138666.5,3104000,2025-09-19 23:09:59
2025-09-19 23:10:00,0.689,0.6893,0.6894,0.689,378407.49999999994,549000,2025-09-19 23:19:59
2025-09-19 23:20:00,0.6893,0.6891,0.6899,0.689,339823.50000000006,493000,2025-09-19 23:29:59
2025-09-19 23:30:00,0.6894,0.6893,0.6911,0.689,490428.1,711000,2025-09-19 23:39:59
2025-09-19 23:40:00,0.6893,0.689,0.69,0.689,856511.6,1243000,2025-09-19 23:49:59
2025-09-22 06:50:00,0.69,0.69,0.69,0.69,93150.0,135000,2025-09-22 06:59:59
2025-09-22 07:00:00,0.6905,0.6867,0.6923,0.6824,3156485.8000000003,4595000,2025-09-22 07:09:59
2025-09-22 07:10:00,0.6867,0.6898,0.69,0.684,1127462.3,1639000,2025-09-22 07:19:59
2025-09-22 07:20:00,0.6886,0.69,0.6914,0.688,863829.1000000001,1252000,2025-09-22 07:29:59
2025-09-22 07:30:00,0.69,0.6923,0.6923,0.69,88522.5,128000,2025-09-22 07:39:59
2025-09-22 07:40:00,0.6922,0.6913,0.693,0.6911,132978.90000000002,192000,2025-09-22 07:49:59
2025-09-22 07:50:00,0.693,0.693,0.693,0.6928,29103.1,42000,2025-09-22 07:59:59
2025-09-22 08:00:00,0.693,0.6934,0.6939,0.693,105424.99999999999,152000,2025-09-22 08:09:59
2025-09-22 08:10:00,0.6933,0.6943,0.6951,0.6933,276396.70000000007,398000,2025-09-22 08:19:59
2025-09-22 08:20:00,0.6934,0.6941,0.6945,0.693,190242.60000000003,274000,2025-09-22 08:29:59
2025-09-22 08:30:00,0.6941,0.6912,0.6941,0.6912,221170.39999999997,319000,2025-09-22 08:39:59
2025-09-22 08:40:00,0.6914,0.6921,0.6923,0.6914,164737.6,238000,2025-09-22 08:49:59
2025-09-22 08:50:00,0.6921,0.6901,0.6921,0.6893,590425.8999999999,855000,2025-09-22 08:59:59
2025-09-22 09:00:00,0.6901,0.692,0.692,0.6897,106400.79999999999,154000,2025-09-22 09:09:59
2025-09-22 09:10:00,0.692,0.692,0.6922,0.6917,88578.0,128000,2025-09-22 09:19:59
2025-09-22 09:20:00,0.6922,0.6916,0.6922,0.6916,222104.80000000002,321000,2025-09-22 09:29:59
2025-09-22 09:30:00,0.6917,0.69,0.6917,0.6896,255443.1,370000,2025-09-22 09:39:59
2025-09-22 09:40:00,0.69,0.6897,0.69,0.6896,84838.5,123000,2025-09-22 09:49:59
2025-09-22 09:50:00,0.6897,0.6897,0.692,0.6896,452059.2,654000,2025-09-22 09:59:59
2025-09-22 10:00:00,0.691,0.69,0.6914,0.6879,769125.8,1116000,2025-09-22 10:09:59
2025-09-22 10:10:00,0.6893,0.6893,0.6913,0.6881,541443.7,785000,2025-09-22 10:19:59
2025-09-22 10:20:00,0.6899,0.6913,0.6915,0.6894,800946.5,1160000,2025-09-22 10:29:59
2025-09-22 10:30:00,0.6911,0.6885,0.6912,0.6882,415625.49999999994,603000,2025-09-22 10:39:59
2025-09-22 10:40:00,0.6887,0.6888,0.6895,0.6862,992520.4,1443000,2025-09-22 10:49:59
2025-09-22 10:50:00,0.688,0.6901,0.6902,0.6877,478049.50000000006,694000,2025-09-22 10:59:59
2025-09-22 11:00:00,0.6901,0.6899,0.6909,0.6897,194589.8,282000,2025-09-22 11:09:59
2025-09-22 11:10:00,0.69,0.6901,0.6902,0.6893,176539.8,256000,2025-09-22 11:19:59
2025-09-22 11:20:00,0.6897,0.6891,0.69,0.6885,452775.60000000003,657000,2025-09-22 11:29:59
2025-09-22 11:30:00,0.6889,0.6852,0.6889,0.685,1166611.7,1700000,2025-09-22 11:39:59
2025-09-22 11:40:00,0.6852,0.6851,0.6853,0.685,208991.19999999998,305000,2025-09-22 11:49:59
2025-09-22 11:50:00,0.6851,0.6848,0.6855,0.6838,926622.7,1353000,2025-09-22 11:59:59
2025-09-22 12:00:00,0.6848,0.6832,0.6854,0.6831,800551.8,1170000,2025-09-22 12:09:59
2025-09-22 12:10:00,0.6834,0.6814,0.6834,0.6802,3230495.8000000003,4741000,2025-09-22 12:19:59
2025-09-22 12:20:00,0.6815,0.6802,0.6815,0.68,1798869.4,2644000,2025-09-22 12:29:59
2025-09-22 12:30:00,0.6802,0.6759,0.6848,0.6717,9935459.399999999,14628000,2025-09-22 12:39:59
2025-09-22 12:40:00,0.6759,0.6748,0.6811,0.666,7891998.9,11711000,2025-09-22 12:49:59
2025-09-22 12:50:00,0.6748,0.6705,0.6769,0.6682,7766003.800000001,11571000,2025-09-22 12:59:59
2025-09-22 13:00:00,0.6704,0.6699,0.6717,0.6679,3765323.600000001,5624000,2025-09-22 13:09:59
2025-09-22 13:10:00,0.6701,0.6718,0.6718,0.6699,1152624.0999999999,1720000,2025-09-22 13:19:59
2025-09-22 13:20:00,0.6715,0.6713,0.672,0.67,639149.8,953000,2025-09-22 13:29:59
2025-09-22 13:30:00,0.671,0.6709,0.6713,0.6697,2152119.5000000005,3210000,2025-09-22 13:39:59
2025-09-22 13:40:00,0.6712,0.6735,0.6743,0.6712,1032774.9000000001,1534000,2025-09-22 13:49:59
2025-09-22 13:50:00,0.673,0.6738,0.6738,0.6714,1402299.0000000002,2083000,2025-09-22 13:59:59
2025-09-22 14:00:00,0.6738,0.6709,0.6749,0.6679,1983582.5999999999,2959000,2025-09-22 14:09:59
2025-09-22 14:10:00,0.6709,0.6687,0.6713,0.6676,1570961.2,2347000,2025-09-22 14:19:59
2025-09-22 14:20:00,0.6689,0.6702,0.6702,0.668,867681.6,1297000,2025-09-22 14:29:59
2025-09-22 14:30:00,0.67,0.6691,0.6707,0.669,617679.7999999999,922000,2025-09-22 14:39:59
2025-09-22 14:40:00,0.6694,0.6699,0.6703,0.6693,196176.19999999998,293000,2025-09-22 14:49:59
2025-09-22 14:50:00,0.6698,0.6762,0.677,0.6698,9287035.300000004,13806000,2025-09-22 14:59:59
2025-09-22 15:00:00,0.6755,0.6755,0.6783,0.6752,714089.6,1054000,2025-09-22 15:09:59
2025-09-22 15:10:00,0.6764,0.674,0.6768,0.6739,1268907.5,1882000,2025-09-22 15:19:59
2025-09-22 15:20:00,0.674,0.672,0.674,0.6715,241619.40000000002,359000,2025-09-22 15:29:59
2025-09-22 15:30:00,0.6716,0.6732,0.6737,0.6715,644573.9,958000,2025-09-22 15:39:59
2025-09-22 15:40:00,0.6731,0.673,0.6732,0.6726,63271.899999999994,94000,2025-09-22 15:49:59
2025-09-22 15:50:00,0.673,0.6714,0.673,0.6714,262889.10000000003,391000,2025-09-22 15:59:04
2025-09-22 16:00:00,0.6714,0.6702,0.6714,0.6702,497007.0,741000,2025-09-22 16:09:59
2025-09-22 16:10:00,0.6709,0.6709,0.671,0.6707,180470.2,269000,2025-09-22 16:19:59
2025-09-22 16:20:00,0.6709,0.6704,0.6709,0.6703,524465.3,782000,2025-09-22 16:29:59
2025-09-22 16:30:00,0.6704,0.6694,0.6706,0.6687,1188747.9,1775000,2025-09-22 16:39:59
2025-09-22 16:40:00,0.6694,0.6703,0.6703,0.6666,3031832.1999999997,4534000,2025-09-22 16:49:59
2025-09-22 16:50:00,0.6703,0.6734,0.675,0.6703,12809361.899999999,19000000,2025-09-22 16:59:59
2025-09-22 17:00:00,0.6735,0.6772,0.6799,0.6724,6485493.699999999,9572000,2025-09-22 17:09:59
2025-09-22 17:10:00,0.677,0.6761,0.6797,0.6761,2364090.8000000003,3488000,2025-09-22 17:19:59
2025-09-22 17:20:00,0.6757,0.6762,0.6768,0.6728,2057122.5,3051000,2025-09-22 17:29:59
2025-09-22 17:30:00,0.6762,0.6746,0.6767,0.6739,211289.80000000002,313000,2025-09-22 17:39:59
2025-09-22 17:40:00,0.6748,0.6783,0.6789,0.6736,803160.0,1188000,2025-09-22 17:49:59
2025-09-22 17:50:00,0.6776,0.678,0.6783,0.6772,63739.90000000001,94000,2025-09-22 17:59:59
2025-09-22 18:00:00,0.6774,0.6774,0.6788,0.6766,461069.9,680000,2025-09-22 18:09:59
2025-09-22 18:10:00,0.6776,0.6766,0.678,0.6765,508907.89999999997,751000,2025-09-22 18:19:59
2025-09-22 18:20:00,0.677,0.6774,0.678,0.6756,696629.1,1029000,2025-09-22 18:29:59
2025-09-22 18:30:00,0.6771,0.6768,0.6775,0.6754,177776.7,263000,2025-09-22 18:39:59
2025-09-22 18:40:00,0.6768,0.6768,0.6768,0.6768,50760.0,75000,2025-09-22 18:49:14
2025-09-22 19:00:00,0.6768,0.6778,0.6778,0.6768,90749.4,134000,2025-09-22 19:09:59
2025-09-22 19:10:00,0.6777,0.6775,0.6778,0.677,1174128.4,1734000,2025-09-22 19:19:59
2025-09-22 19:20:00,0.6776,0.6775,0.6777,0.677,98189.99999999999,145000,2025-09-22 19:29:59
2025-09-22 19:30:00,0.6776,0.6773,0.6776,0.677,90050.59999999999,133000,2025-09-22 19:39:59
2025-09-22 19:40:00,0.6771,0.6775,0.6776,0.6768,115090.79999999999,170000,2025-09-22 19:49:59
2025-09-22 19:50:00,0.6775,0.6776,0.6776,0.6765,71104.9,105000,2025-09-22 19:59:59
2025-09-22 20:00:00,0.6775,0.6774,0.6776,0.6766,104937.8,155000,2025-09-22 20:09:59
2025-09-22 20:10:00,0.6772,0.6768,0.6772,0.6768,4061.7999999999997,6000,2025-09-22 20:19:59
2025-09-22 20:20:00,0.677,0.6769,0.6775,0.6767,19640.1,29000,2025-09-22 20:29:59
2025-09-22 20:30:00,0.6768,0.676,0.6773,0.676,54808.899999999994,81000,2025-09-22 20:39:59
2025-09-22 20:40:00,0.6762,0.6729,0.6767,0.6716,2222168.599999999,3303000,2025-09-22 20:49:59
2025-09-22 20:50:00,0.6729,0.6745,0.6769,0.6729,560850.2999999999,830000,2025-09-22 20:59:59
2025-09-22 21:00:00,0.6747,0.6747,0.6767,0.6747,37176.5,55000,2025-09-22 21:09:59
2025-09-22 21:10:00,0.6759,0.6757,0.6761,0.6738,537095.7,796000,2025-09-22 21:19:59
2025-09-22 21:20:00,0.6743,0.6748,0.6769,0.6742,966933.5,1430000,2025-09-22 21:29:59
2025-09-22 21:30:00,0.6767,0.6775,0.6776,0.6744,588870.8999999999,870000,2025-09-22 21:39:59
2025-09-22 21:40:00,0.6773,0.6775,0.6775,0.6761,27765.300000000003,41000,2025-09-22 21:49:59
2025-09-22 21:50:00,0.6774,0.6773,0.6775,0.6773,12193.2,18000,2025-09-22 21:59:59
2025-09-22 22:00:00,0.6774,0.677,0.6774,0.6765,16927.6,25000,2025-09-22 22:09:59
2025-09-22 22:10:00,0.6766,0.6772,0.6772,0.6763,25028.600000000002,37000,2025-09-22 22:19:59
2025-09-22 22:20:00,0.6773,0.6761,0.6773,0.6761,431561.69999999995,638000,2025-09-22 22:29:59
2025-09-22 22:30:00,0.6761,0.677,0.6772,0.6761,22327.3,33000,2025-09-22 22:39:59
2025-09-22 22:40:00,0.677,0.6772,0.6772,0.6769,12185.000000000002,18000,2025-09-22 22:49:59
2025-09-22 22:50:00,0.6772,0.6769,0.6773,0.6769,57554.100000000006,85000,2025-09-22 22:58:04
2025-09-22 23:00:00,0.677,0.6762,0.677,0.676,22316.899999999998,33000,2025-09-22 23:09:59
2025-09-22 23:10:00,0.6762,0.676,0.6771,0.676,58147.9,86000,2025-09-22 23:19:59
2025-09-22 23:20:00,0.6761,0.6761,0.6761,0.6761,4056.6000000000004,6000,2025-09-22 23:29:59
2025-09-22 23:30:00,0.6761,0.676,0.6761,0.6749,90564.4,134000,2025-09-22 23:39:59
2025-09-22 23:40:00,0.6761,0.6773,0.6774,0.6755,412225.60000000003,609000,2025-09-22 23:49:05
2025-09-23 06:50:00,0.6748,0.6748,0.6748,0.6748,30365.999999999996,45000,2025-09-23 06:59:59
2025-09-23 07:00:00,0.679,0.6765,0.6795,0.6765,220677.1,325000,2025-09-23 07:09:59
2025-09-23 07:10:00,0.6776,0.6777,0.6777,0.6776,51504.09999999999,76000,2025-09-23 07:19:59
2025-09-23 07:20:00,0.6766,0.6761,0.6776,0.6761,90671.3,134000,2025-09-23 07:29:59
2025-09-23 07:30:00,0.6765,0.6774,0.6774,0.676,10821.4,16000,2025-09-23 07:39:59
2025-09-23 07:40:00,0.6773,0.676,0.6773,0.675,131736.90000000002,195000,2025-09-23 07:49:59
2025-09-23 07:50:00,0.6766,0.6732,0.6766,0.6732,128886.3,191000,2025-09-23 07:59:59
2025-09-23 08:00:00,0.6754,0.6729,0.6755,0.6723,169614.2,252000,2025-09-23 08:09:59
2025-09-23 08:10:00,0.6743,0.6727,0.6749,0.6713,398948.6,593000,2025-09-23 08:19:59
2025-09-23 08:20:00,0.6717,0.6712,0.6724,0.6711,145670.90000000002,217000,2025-09-23 08:29:59
2025-09-23 08:30:00,0.6717,0.6709,0.6718,0.6708,260343.7,388000,2025-09-23 08:39:59
2025-09-23 08:40:00,0.6709,0.6715,0.6715,0.67,260092.40000000002,388000,2025-09-23 08:49:59
2025-09-23 08:50:00,0.6709,0.6712,0.6731,0.6702,194327.80000000002,289000,2025-09-23 08:59:59
2025-09-23 09:00:00,0.6731,0.6736,0.6736,0.6731,39041.399999999994,58000,2025-09-23 09:09:59
2025-09-23 09:10:00,0.6734,0.6719,0.6737,0.6714,375184.0,558000,2025-09-23 09:19:59
2025-09-23 09:20:00,0.6721,0.6718,0.6721,0.6709,84646.90000000001,126000,2025-09-23 09:29:59
2025-09-23 09:30:00,0.6711,0.6701,0.6717,0.669,2988790.8,4460000,2025-09-23 09:39:59
2025-09-23 09:40:00,0.6702,0.67,0.6717,0.67,465560.0,694000,2025-09-23 09:49:59
2025-09-23 09:50:00,0.6712,0.6713,0.6718,0.6712,397557.5,592000,2025-09-23 09:59:01
2025-09-23 10:00:00,0.6717,0.6714,0.672,0.6705,1178147.8,1755000,2025-09-23 10:09:59
2025-09-23 10:10:00,0.6715,0.6713,0.6715,0.6706,1103815.3,1644000,2025-09-23 10:19:59
2025-09-23 10:20:00,0.6715,0.6715,0.6715,0.6695,1166303.9,1739000,2025-09-23 10:29:59
2025-09-23 10:30:00,0.6713,0.6727,0.6742,0.6713,1122436.7999999998,1669000,2025-09-23 10:39:59
2025-09-23 10:40:00,0.6727,0.671,0.674,0.6695,1792713.1,2671000,2025-09-23 10:49:59
2025-09-23 10:50:00,0.6711,0.6708,0.6717,0.6694,1938838.4000000004,2893000,2025-09-23 10:59:59
2025-09-23 11:00:00,0.6707,0.6671,0.6708,0.667,2318444.5,3465000,2025-09-23 11:09:59
2025-09-23 11:10:00,0.6671,0.6684,0.6688,0.6669,446908.69999999995,669000,2025-09-23 11:19:59
2025-09-23 11:20:00,0.6683,0.6687,0.6689,0.6671,340081.8,509000,2025-09-23 11:29:59
2025-09-23 11:30:00,0.6687,0.669,0.669,0.6678,238007.9,356000,2025-09-23 11:39:59
2025-09-23 11:40:00,0.669,0.6693,0.6693,0.6682,365220.3,546000,2025-09-23 11:49:59
2025-09-23 11:50:00,0.6693,0.6696,0.6697,0.6691,950006.7000000001,1419000,2025-09-23 11:59:59
2025-09-23 12:00:00,0.6696,0.6696,0.6697,0.668,445476.99999999994,666000,2025-09-23 12:09:59
2025-09-23 12:10:00,0.6696,0.6697,0.67,0.667,2335493.1000000006,3493000,2025-09-23 12:19:59
2025-09-23 12:20:00,0.6696,0.6704,0.6708,0.6691,458918.0,685000,2025-09-23 12:29:59
2025-09-23 12:30:00,0.6704,0.6778,0.6799,0.6688,6998086.7,10342000,2025-09-23 12:39:59
2025-09-23 12:40:00,0.6778,0.6776,0.6799,0.6762,3380453.6999999997,4983000,2025-09-23 12:49:59
2025-09-23 12:50:00,0.6776,0.6799,0.68,0.6776,3642215.899999998,5361000,2025-09-23 12:59:59
2025-09-23 13:00:00,0.6796,0.6929,0.7044,0.6792,17657145.000000004,25739000,2025-09-23 13:09:59
2025-09-23 13:10:00,0.6927,0.6966,0.6998,0.6906,6661914.300000004,9576000,2025-09-23 13:19:59
2025-09-23 13:20:00,0.6964,0.6911,0.7055,0.6897,13780610.699999986,19730000,2025-09-23 13:29:59
2025-09-23 13:30:00,0.6915,0.6869,0.696,0.6827,5719921.8,8299000,2025-09-23 13:39:59
2025-09-23 13:40:00,0.6869,0.6818,0.6869,0.6772,18398796.4,27019000,2025-09-23 13:49:59
2025-09-23 13:50:00,0.682,0.6826,0.683,0.6815,5639333.6,8261000,2025-09-23 13:59:59
2025-09-23 14:00:00,0.6828,0.6811,0.683,0.68,6621536.0,9709000,2025-09-23 14:09:59
2025-09-23 14:10:00,0.6811,0.675,0.6811,0.674,8320515.5,12267000,2025-09-23 14:19:59
2025-09-23 14:20:00,0.6748,0.6786,0.6787,0.6733,7052010.6,10444000,2025-09-23 14:29:59
2025-09-23 14:30:00,0.678,0.6748,0.6785,0.67,3739726.3000000007,5557000,2025-09-23 14:39:59
2025-09-23 14:40:00,0.6748,0.673,0.6755,0.6722,894787.5,1327000,2025-09-23 14:49:59
2025-09-23 14:50:00,0.673,0.673,0.675,0.673,459180.7,682000,2025-09-23 14:59:59
2025-09-23 15:00:00,0.673,0.6741,0.6755,0.672,1878231.2999999998,2785000,2025-09-23 15:09:59
2025-09-23 15:10:00,0.6752,0.6784,0.6818,0.6739,2336599.5,3445000,2025-09-23 15:19:59
2025-09-23 15:20:00,0.6781,0.6776,0.6798,0.676,332906.29999999993,491000,2025-09-23 15:29:59
2025-09-23 15:30:00,0.6776,0.6753,0.6778,0.6753,267077.80000000005,395000,2025-09-23 15:39:59
2025-09-23 15:40:00,0.6757,0.6783,0.6783,0.6757,389280.4,575000,2025-09-23 15:49:59
2025-09-23 15:50:00,0.6782,0.6815,0.6818,0.6775,1170122.5,1720000,2025-09-23 15:59:59
2025-09-23 16:00:00,0.6813,0.6795,0.6845,0.6795,2560364.3000000003,3751000,2025-09-23 16:09:59
2025-09-23 16:10:00,0.6795,0.6821,0.6832,0.6794,1386784.7999999998,2035000,2025-09-23 16:19:59
2025-09-23 16:20:00,0.6827,0.6838,0.6851,0.6822,947467.7000000001,1385000,2025-09-23 16:29:59
2025-09-23 16:30:00,0.6837,0.6782,0.6839,0.6763,2358130.4,3470000,2025-09-23 16:39:59
2025-09-23 16:40:00,0.6779,0.6757,0.6788,0.6757,216692.40000000002,320000,2025-09-23 16:49:59
2025-09-23 16:50:00,0.6756,0.674,0.6758,0.673,2221482.0999999996,3294000,2025-09-23 16:59:59
2025-09-23 17:00:00,0.674,0.6739,0.6758,0.6732,1605491.6999999997,2381000,2025-09-23 17:09:59
2025-09-23 17:10:00,0.674,0.6732,0.674,0.673,811776.7000000001,1205000,2025-09-23 17:19:59
2025-09-23 17:20:00,0.6735,0.671,0.6741,0.671,1870826.3999999997,2783000,2025-09-23 17:29:59
2025-09-23 17:30:00,0.671,0.6714,0.6724,0.6704,809191.1,1206000,2025-09-23 17:39:59
2025-09-23 17:40:00,0.671,0.6712,0.6729,0.671,403929.0,601000,2025-09-23 17:49:59
2025-09-23 17:50:00,0.6716,0.6721,0.6726,0.6705,740004.9,1103000,2025-09-23 17:59:59
2025-09-23 18:00:00,0.6722,0.671,0.6725,0.6706,343667.3000000001,512000,2025-09-23 18:09:59
2025-09-23 18:10:00,0.6715,0.67,0.6726,0.6698,682756.3,1018000,2025-09-23 18:19:59
2025-09-23 18:20:00,0.67,0.6707,0.6711,0.666,7278603.5,10892000,2025-09-23 18:29:59
2025-09-23 18:30:00,0.6701,0.671,0.6714,0.6701,202638.3,302000,2025-09-23 18:39:59
2025-09-23 18:40:00,0.671,0.671,0.671,0.671,53680.0,80000,2025-09-23 18:49:08
2025-09-23 19:00:00,0.6711,0.666,0.6739,0.666,9918317.9,14868000,2025-09-23 19:09:59
2025-09-23 19:10:00,0.666,0.6674,0.6678,0.666,1383446.0999999996,2075000,2025-09-23 19:19:59
2025-09-23 19:20:00,0.6679,0.6679,0.6688,0.6674,261195.49999999997,391000,2025-09-23 19:29:59
2025-09-23 19:30:00,0.6676,0.6671,0.6685,0.6671,405886.9999999999,608000,2025-09-23 19:39:59
2025-09-23 19:40:00,0.667,0.6683,0.6688,0.666,339693.60000000003,509000,2025-09-23 19:49:59
2025-09-23 19:50:00,0.6684,0.6682,0.6687,0.6682,34085.2,51000,2025-09-23 19:59:59
2025-09-23 20:00:00,0.6675,0.6686,0.6692,0.6674,124420.80000000002,186000,2025-09-23 20:09:59
2025-09-23 20:10:00,0.6687,0.6686,0.669,0.6686,82916.9,124000,2025-09-23 20:19:59
2025-09-23 20:20:00,0.6678,0.6659,0.669,0.6659,1793086.2,2689000,2025-09-23 20:29:59
2025-09-23 20:30:00,0.666,0.6676,0.6676,0.6656,669079.7999999999,1004000,2025-09-23 20:39:59
2025-09-23 20:40:00,0.6684,0.67,0.6703,0.6671,1623311.4000000001,2424000,2025-09-23 20:49:59
2025-09-23 20:50:00,0.6703,0.6691,0.671,0.6675,1151787.8,1719000,2025-09-23 20:59:59
2025-09-23 21:00:00,0.6691,0.6683,0.6696,0.6683,187287.40000000002,280000,2025-09-23 21:09:59
2025-09-23 21:10:00,0.669,0.6691,0.6693,0.6678,195937.5,293000,2025-09-23 21:19:59
2025-09-23 21:20:00,0.6695,0.6702,0.6704,0.6692,330300.1,493000,2025-09-23 21:29:59
2025-09-23 21:30:00,0.6697,0.6699,0.6701,0.6689,206887.39999999997,309000,2025-09-23 21:39:59
2025-09-23 21:40:00,0.6697,0.6697,0.6699,0.6686,129792.3,194000,2025-09-23 21:49:59
2025-09-23 21:50:00,0.6697,0.6681,0.6697,0.6679,266169.0,398000,2025-09-23 21:59:59
2025-09-23 22:00:00,0.668,0.6605,0.6685,0.66,8805084.0,13290000,2025-09-23 22:09:59
2025-09-23 22:10:00,0.661,0.6616,0.6618,0.6584,4489448.8,6804000,2025-09-23 22:19:59
2025-09-23 22:20:00,0.6614,0.6592,0.6618,0.6582,1359554.5999999999,2062000,2025-09-23 22:29:59
2025-09-23 22:30:00,0.6595,0.6596,0.6608,0.6583,635705.7000000001,964000,2025-09-23 22:39:59
2025-09-23 22:40:00,0.6595,0.6541,0.6595,0.644,8562203.3,13123000,2025-09-23 22:49:59
2025-09-23 22:50:00,0.6543,0.6494,0.6562,0.649,8488797.1,13017000,2025-09-23 22:59:59
2025-09-23 23:00:00,0.649,0.6508,0.651,0.6466,4836095.5,7448000,2025-09-23 23:09:59
2025-09-23 23:10:00,0.651,0.6471,0.651,0.647,5878071.000000001,9079000,2025-09-23 23:19:59
2025-09-23 23:20:00,0.6471,0.649,0.651,0.6453,2439634.1,3765000,2025-09-23 23:29:59
2025-09-23 23:30:00,0.6503,0.6523,0.6529,0.649,1185496.4999999998,1821000,2025-09-23 23:39:59
2025-09-23 23:40:00,0.6519,0.6527,0.6546,0.65,2045463.4,3135000,2025-09-23 23:49:59
2025-09-24 06:50:00,0.6529,0.6529,0.6529,0.6529,20239.9,31000,2025-09-24 06:59:59
2025-09-24 07:00:00,0.6529,0.6522,0.6583,0.6505,3266892.5999999996,5000000,2025-09-24 07:09:59
2025-09-24 07:10:00,0.6532,0.6527,0.655,0.6501,772925.2,1185000,2025-09-24 07:19:59
2025-09-24 07:20:00,0.6522,0.6547,0.6556,0.6502,1121482.5,1717000,2025-09-24 07:29:59
2025-09-24 07:30:00,0.6537,0.6572,0.6574,0.6536,467591.39999999997,713000,2025-09-24 07:39:59
2025-09-24 07:40:00,0.6574,0.657,0.6579,0.656,117662.2,179000,2025-09-24 07:49:59
2025-09-24 07:50:00,0.6563,0.6563,0.657,0.6552,102348.4,156000,2025-09-24 07:59:59
2025-09-24 08:00:00,0.6563,0.6555,0.6565,0.6552,95739.4,146000,2025-09-24 08:09:59
2025-09-24 08:10:00,0.6557,0.653,0.6558,0.653,564947.4,864000,2025-09-24 08:19:59
2025-09-24 08:20:00,0.6542,0.6528,0.6543,0.6514,180956.9,277000,2025-09-24 08:29:59
2025-09-24 08:30:00,0.6526,0.6514,0.6543,0.6512,788344.6999999998,1209000,2025-09-24 08:39:59
2025-09-24 08:40:00,0.6514,0.6513,0.6514,0.6502,1506670.7,2314000,2025-09-24 08:49:59
2025-09-24 08:50:00,0.6505,0.6522,0.6522,0.6504,416236.6,639000,2025-09-24 08:59:59
2025-09-24 09:00:00,0.6513,0.6515,0.6527,0.6507,557348.5,855000,2025-09-24 09:09:59
2025-09-24 09:10:00,0.6517,0.6527,0.6527,0.6501,700449.7000000001,1076000,2025-09-24 09:19:59
2025-09-24 09:20:00,0.6527,0.6495,0.6534,0.6473,3796490.9,5840000,2025-09-24 09:29:59
2025-09-24 09:30:00,0.6495,0.6485,0.6502,0.6461,714455.0,1102000,2025-09-24 09:39:59
2025-09-24 09:40:00,0.6484,0.647,0.6484,0.645,929631.1000000001,1438000,2025-09-24 09:49:59
2025-09-24 09:50:00,0.647,0.6487,0.6491,0.6462,302874.5,468000,2025-09-24 09:59:59
2025-09-24 10:00:00,0.6487,0.6489,0.6506,0.6442,2668910.1,4120000,2025-09-24 10:09:59
2025-09-24 10:10:00,0.6482,0.6503,0.6509,0.6482,448167.30000000005,690000,2025-09-24 10:19:59
2025-09-24 10:20:00,0.6502,0.6473,0.6502,0.6473,645660.9,995000,2025-09-24 10:29:59
2025-09-24 10:30:00,0.6484,0.6489,0.6494,0.648,622603.6000000001,960000,2025-09-24 10:39:59
2025-09-24 10:40:00,0.6489,0.6486,0.649,0.6462,2002027.2999999998,3091000,2025-09-24 10:49:59
2025-09-24 10:50:00,0.6484,0.6528,0.6528,0.6484,1420605.0999999999,2183000,2025-09-24 10:59:59
2025-09-24 11:00:00,0.6528,0.6498,0.6538,0.6498,1258337.9,1928000,2025-09-24 11:09:59
2025-09-24 11:10:00,0.6528,0.6534,0.6543,0.6527,1051277.4,1609000,2025-09-24 11:19:59
2025-09-24 11:20:00,0.6534,0.655,0.6556,0.6529,551516.3999999999,843000,2025-09-24 11:29:59
2025-09-24 11:30:00,0.655,0.6563,0.658,0.6548,1213235.2999999998,1849000,2025-09-24 11:39:59
2025-09-24 11:40:00,0.6563,0.6563,0.6563,0.655,390107.6,595000,2025-09-24 11:49:59
2025-09-24 11:50:00,0.6563,0.6562,0.6563,0.6555,68869.0,105000,2025-09-24 11:59:59
2025-09-24 12:00:00,0.6562,0.6526,0.6571,0.6517,1789936.2000000002,2737000,2025-09-24 12:09:59
2025-09-24 12:10:00,0.6545,0.6537,0.6545,0.6493,1587361.4000000001,2437000,2025-09-24 12:19:59
2025-09-24 12:20:00,0.6537,0.6506,0.6543,0.6502,1563808.2000000002,2398000,2025-09-24 12:29:59
2025-09-24 12:30:00,0.6518,0.6553,0.6576,0.6506,2799149.6000000006,4270000,2025-09-24 12:39:59
2025-09-24 12:40:00,0.6559,0.6545,0.6559,0.6537,337201.80000000005,515000,2025-09-24 12:49:59
2025-09-24 12:50:00,0.6547,0.6547,0.6547,0.6539,327291.0,500000,2025-09-24 12:59:59
2025-09-24 13:00:00,0.6546,0.6545,0.6547,0.6528,378803.1,579000,2025-09-24 13:09:59
2025-09-24 13:10:00,0.6536,0.6542,0.6544,0.6536,52297.200000000004,80000,2025-09-24 13:19:59
2025-09-24 13:20:00,0.6541,0.6505,0.6541,0.65,8722763.5,13412000,2025-09-24 13:29:59
2025-09-24 13:30:00,0.6505,0.6514,0.6514,0.6484,1066528.6,1641000,2025-09-24 13:39:59
2025-09-24 13:40:00,0.6508,0.6517,0.6517,0.6495,296280.9,455000,2025-09-24 13:49:59
2025-09-24 13:50:00,0.651,0.6514,0.6519,0.6505,138705.0,213000,2025-09-24 13:59:59
2025-09-24 14:00:00,0.6514,0.6507,0.6518,0.6507,50159.399999999994,77000,2025-09-24 14:09:59
2025-09-24 14:10:00,0.6507,0.6492,0.6524,0.649,1170456.7,1799000,2025-09-24 14:19:59
2025-09-24 14:20:00,0.6492,0.6489,0.6492,0.6483,575269.5000000001,887000,2025-09-24 14:29:59
2025-09-24 14:30:00,0.6489,0.649,0.6492,0.6488,950631.0999999999,1465000,2025-09-24 14:39:59
2025-09-24 14:40:00,0.649,0.6511,0.6519,0.6488,2215606.9000000004,3412000,2025-09-24 14:49:59
2025-09-24 14:50:00,0.6511,0.6522,0.6525,0.651,932153.1,1430000,2025-09-24 14:59:59
2025-09-24 15:00:00,0.6523,0.6525,0.653,0.6522,1200603.6,1840000,2025-09-24 15:09:59
2025-09-24 15:10:00,0.6525,0.65,0.6527,0.65,1533891.6,2354000,2025-09-24 15:19:59
2025-09-24 15:20:00,0.652,0.6514,0.652,0.65,504698.19999999995,776000,2025-09-24 15:29:59
2025-09-24 15:30:00,0.6514,0.6529,0.6543,0.6514,1147353.5,1756000,2025-09-24 15:39:59
2025-09-24 15:40:00,0.6538,0.6536,0.6539,0.6515,166654.89999999997,255000,2025-09-24 15:49:59
2025-09-24 15:50:00,0.6524,0.6531,0.6537,0.6515,84156.6,129000,2025-09-24 15:59:59
2025-09-24 16:00:00,0.6519,0.6522,0.653,0.6512,490740.10000000003,752000,2025-09-24 16:09:59
2025-09-24 16:10:00,0.6526,0.654,0.654,0.6523,1037107.3,1587000,2025-09-24 16:19:59
2025-09-24 16:20:00,0.6543,0.6543,0.6546,0.6536,807219.5000000001,1234000,2025-09-24 16:29:59
2025-09-24 16:30:00,0.6542,0.6534,0.6542,0.6534,841401.2999999999,1287000,2025-09-24 16:39:59
2025-09-24 16:40:00,0.6534,0.6515,0.6534,0.6515,486634.20000000007,746000,2025-09-24 16:49:59
2025-09-24 16:50:00,0.6515,0.6524,0.6524,0.6505,408455.2999999999,627000,2025-09-24 16:59:59
2025-09-24 17:00:00,0.6525,0.6514,0.6525,0.651,450316.20000000007,691000,2025-09-24 17:09:59
2025-09-24 17:10:00,0.6514,0.651,0.6514,0.6508,2531263.8,3888000,2025-09-24 17:19:59
2025-09-24 17:20:00,0.651,0.6507,0.651,0.6507,914585.9,1405000,2025-09-24 17:29:59
2025-09-24 17:30:00,0.6506,0.65,0.6506,0.6495,532285.6000000001,819000,2025-09-24 17:39:59
2025-09-24 17:40:00,0.65,0.6463,0.65,0.645,3346280.3,5165000,2025-09-24 17:49:59
2025-09-24 17:50:00,0.6486,0.6495,0.6505,0.6478,819646.9,1262000,2025-09-24 17:59:59
2025-09-24 18:00:00,0.6495,0.6479,0.6495,0.6456,1234577.3,1908000,2025-09-24 18:09:59
2025-09-24 18:10:00,0.6479,0.6472,0.6495,0.647,561601.0,866000,2025-09-24 18:19:59
2025-09-24 18:20:00,0.6476,0.6492,0.6494,0.6465,495488.5000000001,765000,2025-09-24 18:29:59
2025-09-24 18:30:00,0.648,0.6495,0.6495,0.6478,206370.19999999998,318000,2025-09-24 18:39:59
2025-09-24 18:40:00,0.6496,0.6496,0.6496,0.6496,1299.2,2000,2025-09-24 18:46:09
2025-09-24 19:00:00,0.6496,0.65,0.65,0.6494,1871304.0999999996,2879000,2025-09-24 19:09:59
2025-09-24 19:10:00,0.6499,0.649,0.65,0.649,3073728.1,4729000,2025-09-24 19:19:59
2025-09-24 19:20:00,0.6494,0.6477,0.6494,0.647,244228.80000000002,377000,2025-09-24 19:29:59
2025-09-24 19:30:00,0.648,0.6471,0.648,0.6467,612013.4000000001,946000,2025-09-24 19:39:59
2025-09-24 19:40:00,0.6475,0.648,0.6483,0.6469,143789.4,222000,2025-09-24 19:49:59
2025-09-24 19:50:00,0.6478,0.6471,0.6482,0.6451,1726827.4,2671000,2025-09-24 19:59:59
2025-09-24 20:00:00,0.6464,0.6475,0.6479,0.6462,130684.10000000003,202000,2025-09-24 20:09:59
2025-09-24 20:10:00,0.6479,0.647,0.648,0.647,314694.6,486000,2025-09-24 20:19:59
2025-09-24 20:20:00,0.6473,0.6479,0.648,0.6473,248765.8,384000,2025-09-24 20:29:59
2025-09-24 20:30:00,0.6479,0.6456,0.6479,0.6456,368442.60000000003,569000,2025-09-24 20:39:59
2025-09-24 20:40:00,0.6458,0.6471,0.6471,0.6453,195653.90000000002,303000,2025-09-24 20:49:59
2025-09-24 20:50:00,0.6471,0.6479,0.6479,0.6471,43398.4,67000,2025-09-24 20:59:59
2025-09-24 21:00:00,0.6477,0.6457,0.6477,0.64,6053792.8,9406000,2025-09-24 21:09:59
2025-09-24 21:10:00,0.6449,0.6461,0.6464,0.6447,552982.5,857000,2025-09-24 21:19:59
2025-09-24 21:20:00,0.6462,0.6537,0.6546,0.6462,6059790.899999999,9297000,2025-09-24 21:29:59
2025-09-24 21:30:00,0.6535,0.6543,0.6543,0.6509,1056823.6,1617000,2025-09-24 21:39:59
2025-09-24 21:40:00,0.6531,0.6545,0.6549,0.6526,767507.8,1173000,2025-09-24 21:49:59
2025-09-24 21:50:00,0.6541,0.6495,0.6541,0.6473,2732625.0999999996,4196000,2025-09-24 21:59:59
2025-09-24 22:00:00,0.6495,0.653,0.6541,0.6495,1314541.5000000002,2015000,2025-09-24 22:09:59
2025-09-24 22:10:00,0.6529,0.6522,0.653,0.6516,41742.399999999994,64000,2025-09-24 22:19:59
2025-09-24 22:20:00,0.6522,0.6524,0.6529,0.652,80887.8,124000,2025-09-24 22:29:59
2025-09-24 22:30:00,0.6521,0.6522,0.6529,0.6501,1040654.5,1599000,2025-09-24 22:39:59
2025-09-24 22:40:00,0.652,0.6523,0.6523,0.65,222765.4,342000,2025-09-24 22:49:59
2025-09-24 22:50:00,0.6524,0.6522,0.6535,0.6508,768578.4999999999,1179000,2025-09-24 22:59:59
2025-09-24 23:00:00,0.6522,0.6526,0.6529,0.6505,172204.0,264000,2025-09-24 23:09:59
2025-09-24 23:10:00,0.6511,0.653,0.653,0.6509,324326.2,497000,2025-09-24 23:19:59
2025-09-24 23:20:00,0.6533,0.6532,0.6533,0.6517,150114.4,230000,2025-09-24 23:29:59
2025-09-24 23:30:00,0.6517,0.6514,0.6528,0.6506,130190.2,200000,2025-09-24 23:39:59
2025-09-24 23:40:00,0.6511,0.6529,0.653,0.6508,260191.6,399000,2025-09-24 23:49:59
2025-09-25 06:50:00,0.655,0.655,0.655,0.655,9170.0,14000,2025-09-25 06:59:59
2025-09-25 07:00:00,0.655,0.6546,0.655,0.6545,611500.7999999999,934000,2025-09-25 07:09:59
2025-09-25 07:10:00,0.6546,0.6557,0.6557,0.6546,430542.5,657000,2025-09-25 07:19:59
2025-09-25 07:20:00,0.6557,0.6555,0.6559,0.6547,485739.4,741000,2025-09-25 07:29:59
2025-09-25 07:30:00,0.6548,0.6562,0.6565,0.6516,1874893.7000000004,2864000,2025-09-25 07:39:59
2025-09-25 07:40:00,0.6562,0.6561,0.6562,0.6547,79349.70000000001,121000,2025-09-25 07:49:59
2025-09-25 07:50:00,0.6552,0.6559,0.6559,0.6544,471381.70000000007,720000,2025-09-25 07:59:06
2025-09-25 08:00:00,0.6558,0.657,0.6572,0.6549,264619.2,403000,2025-09-25 08:09:59
2025-09-25 08:10:00,0.657,0.6601,0.6627,0.6564,2097826.9,3180000,2025-09-25 08:19:59
2025-09-25 08:20:00,0.66,0.661,0.6638,0.659,2852701.8000000003,4310000,2025-09-25 08:29:59
2025-09-25 08:30:00,0.661,0.6619,0.6619,0.6598,95192.4,144000,2025-09-25 08:39:59
2025-09-25 08:40:00,0.6618,0.6586,0.6622,0.6586,754969.8999999999,1143000,2025-09-25 08:49:59
2025-09-25 08:50:00,0.6586,0.6638,0.664,0.6571,1831458.6,2770000,2025-09-25 08:59:59
2025-09-25 09:00:00,0.6627,0.6626,0.6645,0.6626,3220523.4,4856000,2025-09-25 09:09:59
2025-09-25 09:10:00,0.6626,0.6594,0.6627,0.6592,2098779.3,3175000,2025-09-25 09:19:59
2025-09-25 09:20:00,0.6594,0.6605,0.6615,0.6593,570020.3999999999,863000,2025-09-25 09:29:59
2025-09-25 09:30:00,0.6594,0.657,0.6594,0.657,1508578.2,2292000,2025-09-25 09:39:59
2025-09-25 09:40:00,0.6571,0.6597,0.6597,0.6563,601175.8999999999,914000,2025-09-25 09:49:59
2025-09-25 09:50:00,0.6598,0.6601,0.6621,0.6577,1250059.4000000004,1893000,2025-09-25 09:59:59
2025-09-25 10:00:00,0.6594,0.6566,0.6594,0.655,2047155.4000000004,3116000,2025-09-25 10:09:59
2025-09-25 10:10:00,0.6557,0.6547,0.6568,0.6547,533570.8,814000,2025-09-25 10:19:59
2025-09-25 10:20:00,0.6554,0.6537,0.6572,0.6537,1097397.5,1675000,2025-09-25 10:29:59
2025-09-25 10:30:00,0.654,0.6541,0.6541,0.6537,396339.0999999999,606000,2025-09-25 10:39:59
2025-09-25 10:40:00,0.654,0.6538,0.6543,0.6532,259598.59999999998,397000,2025-09-25 10:49:59
2025-09-25 10:50:00,0.6539,0.6548,0.6573,0.6535,2619016.5999999996,3997000,2025-09-25 10:59:02
2025-09-25 11:00:00,0.6557,0.655,0.6559,0.6549,57703.5,88000,2025-09-25 11:09:59
2025-09-25 11:10:00,0.6551,0.6556,0.6558,0.6547,202408.5,309000,2025-09-25 11:19:59
2025-09-25 11:20:00,0.6556,0.6546,0.6559,0.6537,621387.5,949000,2025-09-25 11:29:59
2025-09-25 11:30:00,0.6546,0.6547,0.6547,0.6542,414327.49999999994,633000,2025-09-25 11:39:59
2025-09-25 11:40:00,0.6546,0.6561,0.6564,0.6541,346111.19999999995,528000,2025-09-25 11:49:59
2025-09-25 11:50:00,0.6562,0.6579,0.6579,0.6551,239737.50000000003,365000,2025-09-25 11:59:59
2025-09-25 12:00:00,0.6576,0.6575,0.6582,0.6575,110499.19999999998,168000,2025-09-25 12:09:59
2025-09-25 12:10:00,0.6575,0.6557,0.6581,0.6557,871324.9,1326000,2025-09-25 12:19:59
2025-09-25 12:20:00,0.6567,0.6568,0.6576,0.6558,116848.70000000001,178000,2025-09-25 12:29:59
2025-09-25 12:30:00,0.6568,0.6554,0.6568,0.6553,264932.9,404000,2025-09-25 12:39:59
2025-09-25 12:40:00,0.656,0.6588,0.66,0.6554,1396818.5000000002,2122000,2025-09-25 12:49:59
2025-09-25 12:50:00,0.6588,0.6578,0.6628,0.6577,1170560.7999999998,1773000,2025-09-25 12:59:59
2025-09-25 13:00:00,0.6578,0.6564,0.6579,0.6559,899796.8999999999,1370000,2025-09-25 13:09:59
2025-09-25 13:10:00,0.6567,0.6565,0.6568,0.6559,209966.3,320000,2025-09-25 13:19:59
2025-09-25 13:20:00,0.6562,0.6527,0.6562,0.6526,1432583.2,2192000,2025-09-25 13:29:59
2025-09-25 13:30:00,0.6527,0.6519,0.6527,0.6492,1593398.5,2448000,2025-09-25 13:39:59
2025-09-25 13:40:00,0.652,0.652,0.6528,0.6506,225566.69999999998,346000,2025-09-25 13:49:59
2025-09-25 13:50:00,0.6528,0.6525,0.6535,0.6518,120634.5,185000,2025-09-25 13:59:59
2025-09-25 14:00:00,0.6526,0.6499,0.6526,0.648,2063066.9,3175000,2025-09-25 14:09:59
2025-09-25 14:10:00,0.6499,0.6483,0.6508,0.648,628866.0,969000,2025-09-25 14:19:59
2025-09-25 14:20:00,0.648,0.6494,0.6513,0.648,550765.2,847000,2025-09-25 14:29:59
2025-09-25 14:30:00,0.6497,0.6503,0.6515,0.6493,65012.600000000006,100000,2025-09-25 14:39:59
2025-09-25 14:40:00,0.6506,0.6501,0.6511,0.65,40962.8,63000,2025-09-25 14:49:59
2025-09-25 14:50:00,0.6506,0.6508,0.6518,0.65,180955.40000000002,278000,2025-09-25 14:59:59
2025-09-25 15:00:00,0.6518,0.6506,0.6519,0.6492,338715.9,521000,2025-09-25 15:09:59
2025-09-25 15:10:00,0.6508,0.6474,0.6508,0.6453,1442306.0999999996,2228000,2025-09-25 15:19:59
2025-09-25 15:20:00,0.6473,0.6453,0.6477,0.6445,1842597.9999999998,2854000,2025-09-25 15:29:59
2025-09-25 15:30:00,0.6454,0.6445,0.647,0.6445,455039.5,705000,2025-09-25 15:39:59
2025-09-25 15:40:00,0.6445,0.6459,0.647,0.6445,2558979.6,3965000,2025-09-25 15:49:59
2025-09-25 15:50:00,0.6458,0.646,0.6468,0.6446,645931.6000000001,1001000,2025-09-25 15:59:59
2025-09-25 16:00:00,0.6459,0.6482,0.6495,0.6434,1934658.4000000001,2992000,2025-09-25 16:09:59
2025-09-25 16:10:00,0.6472,0.6473,0.6481,0.6457,302099.8,467000,2025-09-25 16:19:59
2025-09-25 16:20:00,0.6474,0.6475,0.6476,0.6459,140320.99999999997,217000,2025-09-25 16:29:59
2025-09-25 16:30:00,0.6475,0.6453,0.6475,0.6451,527877.0000000001,817000,2025-09-25 16:39:59
2025-09-25 16:40:00,0.6458,0.6458,0.6462,0.6449,443312.30000000005,687000,2025-09-25 16:49:59
2025-09-25 16:50:00,0.6461,0.6475,0.6492,0.6452,1912472.9000000001,2954000,2025-09-25 16:59:59
2025-09-25 17:00:00,0.6474,0.6452,0.6481,0.6452,1252008.7000000002,1937000,2025-09-25 17:09:59
2025-09-25 17:10:00,0.6461,0.6466,0.6469,0.645,497688.0,771000,2025-09-25 17:19:59
2025-09-25 17:20:00,0.6465,0.6468,0.6471,0.6453,1079687.5000000002,1670000,2025-09-25 17:29:59
2025-09-25 17:30:00,0.6469,0.6457,0.647,0.6457,112456.4,174000,2025-09-25 17:39:59
2025-09-25 17:40:00,0.6457,0.6458,0.646,0.6449,218773.60000000003,339000,2025-09-25 17:49:59
2025-09-25 17:50:00,0.646,0.6459,0.6469,0.6459,210031.6,325000,2025-09-25 17:59:59
2025-09-25 18:00:00,0.6459,0.645,0.6463,0.6441,1587571.6,2463000,2025-09-25 18:09:59
2025-09-25 18:10:00,0.6451,0.6449,0.6452,0.6443,415759.6,645000,2025-09-25 18:19:59
2025-09-25 18:20:00,0.6449,0.6423,0.6449,0.6404,3473714.8999999994,5409000,2025-09-25 18:29:59
2025-09-25 18:30:00,0.6423,0.6413,0.6424,0.6413,4103793.300000001,6391000,2025-09-25 18:39:59
2025-09-25 18:40:00,0.6422,0.6422,0.6422,0.6422,3211.0,5000,2025-09-25 18:46:07
2025-09-25 19:00:00,0.6422,0.6422,0.6424,0.6412,1412876.6,2200000,2025-09-25 19:09:59
2025-09-25 19:10:00,0.6422,0.6421,0.6422,0.6412,569847.8999999999,888000,2025-09-25 19:19:59
2025-09-25 19:20:00,0.6421,0.6406,0.6421,0.6404,5883362.9,9182000,2025-09-25 19:29:59
2025-09-25 19:30:00,0.6405,0.6374,0.6406,0.635,6206864.200000001,9725000,2025-09-25 19:39:59
2025-09-25 19:40:00,0.6375,0.638,0.6389,0.6357,1991999.0,3125000,2025-09-25 19:49:59
2025-09-25 19:50:00,0.6383,0.6369,0.6385,0.635,2138221.9,3360000,2025-09-25 19:59:59
2025-09-25 20:00:00,0.637,0.64,0.6424,0.637,4602578.9,7188000,2025-09-25 20:09:59
2025-09-25 20:10:00,0.64,0.6419,0.6419,0.6383,947342.2999999999,1481000,2025-09-25 20:19:59
2025-09-25 20:20:00,0.6419,0.6414,0.6422,0.6394,398727.49999999994,622000,2025-09-25 20:29:59
2025-09-25 20:30:00,0.6411,0.6413,0.6415,0.6404,46159.5,72000,2025-09-25 20:39:59
2025-09-25 20:40:00,0.6413,0.6413,0.6416,0.6405,23090.2,36000,2025-09-25 20:49:59
2025-09-25 20:50:00,0.6414,0.6407,0.642,0.6401,149340.09999999998,233000,2025-09-25 20:59:59
2025-09-25 21:00:00,0.6406,0.639,0.6406,0.639,219239.8,343000,2025-09-25 21:09:59
2025-09-25 21:10:00,0.639,0.6386,0.6392,0.6381,99595.90000000001,156000,2025-09-25 21:19:59
2025-09-25 21:20:00,0.6386,0.6399,0.64,0.6382,87544.9,137000,2025-09-25 21:29:59
2025-09-25 21:30:00,0.639,0.6341,0.6396,0.6317,6101647.5,9609000,2025-09-25 21:39:59
2025-09-25 21:40:00,0.6333,0.6322,0.6343,0.6303,2952861.6999999997,4677000,2025-09-25 21:49:59
2025-09-25 21:50:00,0.6322,0.6313,0.6337,0.6309,409649.2,648000,2025-09-25 21:59:59
2025-09-25 22:00:00,0.6326,0.6321,0.634,0.6315,528784.9,835000,2025-09-25 22:09:59
2025-09-25 22:10:00,0.633,0.6343,0.6346,0.633,554948.7,875000,2025-09-25 22:19:59
2025-09-25 22:20:00,0.6343,0.6356,0.6356,0.6338,806647.5000000002,1270000,2025-09-25 22:29:59
2025-09-25 22:30:00,0.6351,0.6359,0.636,0.6341,230042.7,362000,2025-09-25 22:39:59
2025-09-25 22:40:00,0.6351,0.6343,0.6357,0.6341,69872.5,110000,2025-09-25 22:49:59
2025-09-25 22:50:00,0.6342,0.634,0.6347,0.6324,183137.69999999998,289000,2025-09-25 22:58:03
2025-09-25 23:00:00,0.6334,0.6351,0.6354,0.6316,395835.39999999997,625000,2025-09-25 23:09:59
2025-09-25 23:10:00,0.6351,0.635,0.6354,0.6338,125106.70000000001,197000,2025-09-25 23:19:59
2025-09-25 23:20:00,0.6347,0.635,0.6351,0.6343,277497.0,437000,2025-09-25 23:29:59
2025-09-25 23:30:00,0.635,0.635,0.635,0.6332,117931.69999999998,186000,2025-09-25 23:39:59
2025-09-25 23:40:00,0.635,0.6348,0.6354,0.6335,312847.30000000005,493000,2025-09-25 23:49:59
2025-09-26 06:50:00,0.638,0.638,0.638,0.638,130790.0,205000,2025-09-26 06:59:59
2025-09-26 07:00:00,0.637,0.6374,0.6376,0.6331,1025883.9000000001,1612000,2025-09-26 07:09:59
2025-09-26 07:10:00,0.6373,0.6372,0.6384,0.6366,920293.7000000002,1444000,2025-09-26 07:19:59
2025-09-26 07:20:00,0.6372,0.6314,0.6372,0.6313,886834.3,1399000,2025-09-26 07:29:59
2025-09-26 07:30:00,0.6333,0.6337,0.6345,0.6322,72858.50000000001,115000,2025-09-26 07:39:59
2025-09-26 07:40:00,0.6337,0.6337,0.6353,0.6336,474987.19999999995,748000,2025-09-26 07:49:59
2025-09-26 07:50:00,0.6337,0.631,0.6337,0.6303,901580.8999999999,1429000,2025-09-26 07:59:59
2025-09-26 08:00:00,0.631,0.6325,0.6325,0.631,858691.3,1360000,2025-09-26 08:09:59
2025-09-26 08:10:00,0.6326,0.6319,0.6327,0.6306,82103.5,130000,2025-09-26 08:19:59
2025-09-26 08:20:00,0.6319,0.6321,0.6329,0.6308,317869.1,503000,2025-09-26 08:29:59
2025-09-26 08:30:00,0.6329,0.634,0.6341,0.6325,313962.69999999995,496000,2025-09-26 08:39:59
2025-09-26 08:40:00,0.6341,0.6351,0.6351,0.6331,161747.2,255000,2025-09-26 08:49:59
2025-09-26 08:50:00,0.6349,0.6338,0.635,0.6321,358618.8,567000,2025-09-26 08:59:59
2025-09-26 09:00:00,0.6325,0.6322,0.6326,0.6306,1067090.7,1690000,2025-09-26 09:09:59
2025-09-26 09:10:00,0.6322,0.634,0.634,0.6322,110854.8,175000,2025-09-26 09:19:59
2025-09-26 09:20:00,0.6336,0.6322,0.634,0.6322,402494.70000000007,636000,2025-09-26 09:29:59
2025-09-26 09:30:00,0.6324,0.6313,0.6324,0.628,2827015.400000001,4489000,2025-09-26 09:39:59
2025-09-26 09:40:00,0.631,0.6311,0.6311,0.63,92059.40000000002,146000,2025-09-26 09:49:59
2025-09-26 09:50:00,0.6311,0.6337,0.6339,0.6311,164602.5,260000,2025-09-26 09:59:02
2025-09-26 10:00:00,0.6335,0.6322,0.6335,0.6302,1072038.7999999998,1699000,2025-09-26 10:09:59
2025-09-26 10:10:00,0.6322,0.6291,0.6322,0.625,7522137.400000002,11987000,2025-09-26 10:19:59
2025-09-26 10:20:00,0.6283,0.6269,0.629,0.625,947861.5999999999,1513000,2025-09-26 10:29:59
2025-09-26 10:30:00,0.6269,0.628,0.6281,0.6269,763289.0,1217000,2025-09-26 10:39:59
2025-09-26 10:40:00,0.628,0.628,0.6281,0.6274,290768.9,463000,2025-09-26 10:49:59
2025-09-26 10:50:00,0.628,0.6236,0.6281,0.622,8519367.700000003,13667000,2025-09-26 10:59:59
2025-09-26 11:00:00,0.6245,0.627,0.6314,0.6235,1591118.6000000003,2535000,2025-09-26 11:09:59
2025-09-26 11:10:00,0.627,0.6267,0.6278,0.6263,289613.4,462000,2025-09-26 11:19:59
2025-09-26 11:20:00,0.6267,0.6264,0.6302,0.625,7958665.299999998,12675000,2025-09-26 11:29:59
2025-09-26 11:30:00,0.6265,0.6239,0.6275,0.6226,3066020.2,4913000,2025-09-26 11:39:59
2025-09-26 11:40:00,0.6238,0.6242,0.6247,0.622,1246973.8,2001000,2025-09-26 11:49:59
2025-09-26 11:50:00,0.6244,0.6261,0.6265,0.6242,1403096.2,2244000,2025-09-26 11:59:59
2025-09-26 12:00:00,0.6261,0.6248,0.6262,0.6248,793739.0,1269000,2025-09-26 12:09:59
2025-09-26 12:10:00,0.6248,0.623,0.6248,0.6213,1992209.9000000001,3198000,2025-09-26 12:19:59
2025-09-26 12:20:00,0.6231,0.6237,0.6245,0.6227,575926.7,923000,2025-09-26 12:29:59
2025-09-26 12:30:00,0.6243,0.6226,0.6247,0.6221,585356.5,939000,2025-09-26 12:39:59
2025-09-26 12:40:00,0.6235,0.6244,0.6261,0.6221,2610551.7000000016,4180000,2025-09-26 12:49:59
2025-09-26 12:50:00,0.6252,0.6254,0.626,0.6235,2748078.0,4397000,2025-09-26 12:59:59
2025-09-26 13:00:00,0.6259,0.626,0.6274,0.6242,2660249.1,4249000,2025-09-26 13:09:59
2025-09-26 13:10:00,0.6267,0.6288,0.6295,0.6261,4345842.0,6918000,2025-09-26 13:19:59
2025-09-26 13:20:00,0.6283,0.63,0.6302,0.6266,5066981.9,8049000,2025-09-26 13:29:59
2025-09-26 13:30:00,0.6301,0.63,0.6326,0.63,3321372.3000000003,5268000,2025-09-26 13:39:59
2025-09-26 13:40:00,0.6304,0.6302,0.6304,0.6269,1978355.4000000001,3144000,2025-09-26 13:49:59
2025-09-26 13:50:00,0.6302,0.6311,0.6332,0.63,2152328.0,3404000,2025-09-26 13:59:59
2025-09-26 14:00:00,0.6309,0.6302,0.632,0.6302,586280.5,930000,2025-09-26 14:09:59
2025-09-26 14:10:00,0.6302,0.6303,0.6313,0.6302,158249.7,251000,2025-09-26 14:19:59
2025-09-26 14:20:00,0.6303,0.631,0.6313,0.6302,276109.99999999994,438000,2025-09-26 14:29:59
2025-09-26 14:30:00,0.6311,0.6302,0.6317,0.6302,1854705.5999999985,2942000,2025-09-26 14:39:59
2025-09-26 14:40:00,0.6302,0.6283,0.6304,0.6283,521293.70000000007,828000,2025-09-26 14:49:59
2025-09-26 14:50:00,0.6283,0.628,0.6283,0.6271,303277.9,483000,2025-09-26 14:59:59
2025-09-26 15:00:00,0.6283,0.628,0.6285,0.628,115584.80000000002,184000,2025-09-26 15:09:59
2025-09-26 15:10:00,0.6281,0.6283,0.6283,0.628,128753.1,205000,2025-09-26 15:19:59
2025-09-26 15:20:00,0.6283,0.6282,0.6285,0.6282,47121.799999999996,75000,2025-09-26 15:29:59
2025-09-26 15:30:00,0.6283,0.627,0.6283,0.6269,289155.8,461000,2025-09-26 15:39:59
2025-09-26 15:40:00,0.627,0.6281,0.6282,0.6266,249098.50000000003,397000,2025-09-26 15:49:59
2025-09-26 15:50:00,0.6271,0.6286,0.6288,0.627,306490.3,488000,2025-09-26 15:59:59
2025-09-26 16:00:00,0.6288,0.6279,0.6288,0.6279,372045.39999999997,592000,2025-09-26 16:09:59
2025-09-26 16:10:00,0.6279,0.6277,0.6279,0.6267,102261.59999999998,163000,2025-09-26 16:19:59
2025-09-26 16:20:00,0.6275,0.6278,0.6279,0.6267,85985.2,137000,2025-09-26 16:29:59
2025-09-26 16:30:00,0.6279,0.6279,0.6283,0.6278,114938.2,183000,2025-09-26 16:39:59
2025-09-26 16:40:00,0.6282,0.6261,0.6284,0.6254,1724217.4000000001,2751000,2025-09-26 16:49:59
2025-09-26 16:50:00,0.6265,0.6237,0.6265,0.6237,1935399.6999999997,3097000,2025-09-26 16:59:59
2025-09-26 17:00:00,0.6241,0.6215,0.6241,0.6202,3795700.9000000004,6100000,2025-09-26 17:09:59
2025-09-26 17:10:00,0.6219,0.623,0.623,0.6215,639791.1000000001,1028000,2025-09-26 17:19:59
2025-09-26 17:20:00,0.6233,0.6232,0.6243,0.6215,3878143.6999999997,6224000,2025-09-26 17:29:59
2025-09-26 17:30:00,0.624,0.6301,0.6304,0.6233,7837585.299999999,12473000,2025-09-26 17:39:59
2025-09-26 17:40:00,0.63,0.6306,0.6332,0.6298,3773429.3000000003,5976000,2025-09-26 17:49:59
2025-09-26 17:50:00,0.6307,0.6308,0.6309,0.6264,4053178.299999999,6440000,2025-09-26 17:59:59
2025-09-26 18:00:00,0.6305,0.6295,0.6305,0.6289,1019477.8000000002,1620000,2025-09-26 18:09:59
2025-09-26 18:10:00,0.6295,0.6295,0.6296,0.6291,773850.4,1230000,2025-09-26 18:19:59
2025-09-26 18:20:00,0.6298,0.6309,0.631,0.6297,1363877.2,2163000,2025-09-26 18:29:59
2025-09-26 18:30:00,0.6308,0.6299,0.6309,0.6283,1572667.2999999998,2496000,2025-09-26 18:39:59
2025-09-26 18:40:00,0.629,0.629,0.629,0.629,1258.0,2000,2025-09-26 18:46:13
2025-09-26 19:00:00,0.6289,0.6312,0.6312,0.6289,323653.69999999995,513000,2025-09-26 19:09:59
2025-09-26 19:10:00,0.6311,0.6318,0.6318,0.631,1137016.6999999997,1800000,2025-09-26 19:19:59
2025-09-26 19:20:00,0.6317,0.6316,0.6318,0.6304,383053.00000000006,607000,2025-09-26 19:29:59
2025-09-26 19:30:00,0.6316,0.6295,0.6317,0.6295,143670.59999999998,228000,2025-09-26 19:39:59
2025-09-26 19:40:00,0.6294,0.6325,0.6332,0.6293,2956503.8000000003,4678000,2025-09-26 19:49:59
2025-09-26 19:50:00,0.6319,0.6324,0.6325,0.6314,727622.3,1151000,2025-09-26 19:59:59
2025-09-26 20:00:00,0.6323,0.6325,0.6325,0.6323,37312.6,59000,2025-09-26 20:09:59
2025-09-26 20:10:00,0.6319,0.6306,0.632,0.6305,670214.2000000001,1062000,2025-09-26 20:19:59
2025-09-26 20:20:00,0.6313,0.6314,0.6315,0.6303,741040.7,1175000,2025-09-26 20:29:59
2025-09-26 20:30:00,0.6314,0.6312,0.6315,0.63,920005.7,1458000,2025-09-26 20:39:59
2025-09-26 20:40:00,0.6305,0.6311,0.6313,0.629,1126230.2999999998,1788000,2025-09-26 20:49:59
2025-09-26 20:50:00,0.631,0.6312,0.6312,0.6304,237319.3,376000,2025-09-26 20:59:59
2025-09-26 21:00:00,0.6311,0.6309,0.6311,0.6302,180377.39999999997,286000,2025-09-26 21:09:59
2025-09-26 21:10:00,0.6309,0.631,0.631,0.63,421784.2,669000,2025-09-26 21:19:59
2025-09-26 21:20:00,0.631,0.6313,0.6313,0.6307,118644.9,188000,2025-09-26 21:29:59
2025-09-26 21:30:00,0.6312,0.6329,0.6332,0.6312,3144209.6,4973000,2025-09-26 21:39:59
2025-09-26 21:40:00,0.6326,0.6319,0.6329,0.6319,134664.1,213000,2025-09-26 21:49:59
2025-09-26 21:50:00,0.6318,0.6315,0.6318,0.631,39135.4,62000,2025-09-26 21:59:59
2025-09-26 22:00:00,0.6315,0.6312,0.6315,0.6309,121139.99999999997,192000,2025-09-26 22:09:59
2025-09-26 22:10:00,0.6313,0.6313,0.6315,0.6305,91501.9,145000,2025-09-26 22:19:59
2025-09-26 22:20:00,0.6314,0.6317,0.6317,0.6314,149041.2,236000,2025-09-26 22:29:59
2025-09-26 22:30:00,0.6317,0.6317,0.6317,0.6313,67574.5,107000,2025-09-26 22:39:59
2025-09-26 22:40:00,0.6317,0.6316,0.6317,0.6306,5049.6,8000,2025-09-26 22:49:59
2025-09-26 22:50:00,0.6309,0.6311,0.6311,0.6305,39749.1,63000,2025-09-26 22:59:59
2025-09-26 23:00:00,0.6305,0.6304,0.6313,0.6297,280658.7,445000,2025-09-26 23:09:59
2025-09-26 23:10:00,0.6297,0.6298,0.6298,0.6297,8816.2,14000,2025-09-26 23:19:59
2025-09-26 23:20:00,0.6304,0.6298,0.6305,0.6298,35303.0,56000,2025-09-26 23:29:59
2025-09-26 23:30:00,0.6298,0.6303,0.6312,0.6289,539323.4,856000,2025-09-26 23:39:59
2025-09-26 23:40:00,0.6301,0.6284,0.6301,0.6283,528733.4,841000,2025-09-26 23:49:59
2025-09-27 09:50:00,0.6285,0.6285,0.6285,0.6285,57822.0,92000,2025-09-27 09:59:59
2025-09-27 10:00:00,0.6288,0.6288,0.6303,0.6287,72961.30000000002,116000,2025-09-27 10:09:59
2025-09-27 10:10:00,0.6298,0.6316,0.6316,0.6298,209306.5,332000,2025-09-27 10:19:59
2025-09-27 10:20:00,0.6316,0.6303,0.6316,0.63,778519.7,1235000,2025-09-27 10:29:59
2025-09-27 10:30:00,0.6302,0.63,0.6302,0.6299,120954.9,192000,2025-09-27 10:39:59
2025-09-27 10:40:00,0.63,0.629,0.63,0.6288,352987.29999999993,561000,2025-09-27 10:49:59
2025-09-27 10:50:00,0.629,0.6296,0.6296,0.6285,25781.8,41000,2025-09-27 10:59:01
2025-09-27 11:00:00,0.6293,0.6299,0.6303,0.6293,1737119.4,2757000,2025-09-27 11:09:59
2025-09-27 11:10:00,0.6295,0.6298,0.63,0.6295,293571.30000000005,466000,2025-09-27 11:19:59
2025-09-27 11:20:00,0.6298,0.6297,0.6298,0.6287,118864.0,189000,2025-09-27 11:29:59
2025-09-27 11:30:00,0.6296,0.6291,0.6296,0.6284,128238.9,204000,2025-09-27 11:39:59
2025-09-27 11:40:00,0.6285,0.6279,0.6292,0.6268,695447.2999999998,1108000,2025-09-27 11:49:59
2025-09-27 11:50:00,0.628,0.6289,0.629,0.628,171635.8,273000,2025-09-27 11:59:59
2025-09-27 12:00:00,0.6289,0.6289,0.6289,0.6287,6288.799999999999,10000,2025-09-27 12:09:59
2025-09-27 12:10:00,0.6287,0.6289,0.6289,0.6287,3773.0,6000,2025-09-27 12:19:59
2025-09-27 12:20:00,0.6287,0.6281,0.6289,0.6281,6911.8,11000,2025-09-27 12:29:59
2025-09-27 12:30:00,0.6288,0.6276,0.6289,0.6275,79102.4,126000,2025-09-27 12:39:59
2025-09-27 12:40:00,0.6276,0.6278,0.6286,0.6276,39575.3,63000,2025-09-27 12:49:59
2025-09-27 12:50:00,0.6279,0.6281,0.6285,0.6279,69741.7,111000,2025-09-27 12:59:01
2025-09-27 13:00:00,0.6281,0.6276,0.6286,0.6276,12560.9,20000,2025-09-27 13:09:59
2025-09-27 13:10:00,0.6276,0.6286,0.6286,0.6276,13812.300000000001,22000,2025-09-27 13:19:59
2025-09-27 13:30:00,0.6285,0.6284,0.6285,0.6277,21976.7,35000,2025-09-27 13:39:59
2025-09-27 13:40:00,0.6284,0.6284,0.6284,0.6284,1256.8,2000,2025-09-27 13:49:59
2025-09-27 13:50:00,0.6284,0.6285,0.6285,0.6284,6284.7,10000,2025-09-27 13:57:01
2025-09-27 14:00:00,0.6285,0.6285,0.6286,0.6285,77935.4,124000,2025-09-27 14:09:59
2025-09-27 14:10:00,0.628,0.6284,0.6285,0.6277,27626.7,44000,2025-09-27 14:19:59
2025-09-27 14:20:00,0.6284,0.6289,0.6289,0.6277,74802.99999999999,119000,2025-09-27 14:29:59
2025-09-27 14:30:00,0.6285,0.6287,0.6288,0.6285,2514.5,4000,2025-09-27 14:39:59
2025-09-27 14:40:00,0.6287,0.6287,0.6287,0.6287,13202.7,21000,2025-09-27 14:49:59
2025-09-27 14:50:00,0.6285,0.6283,0.6285,0.6279,32032.899999999994,51000,2025-09-27 14:59:59
2025-09-27 15:00:00,0.628,0.6281,0.6281,0.6276,121764.1,194000,2025-09-27 15:09:59
2025-09-27 15:10:00,0.6281,0.627,0.6281,0.627,119848.4,191000,2025-09-27 15:19:59
2025-09-27 15:20:00,0.6269,0.6278,0.6279,0.6269,27613.699999999997,44000,2025-09-27 15:29:59
2025-09-27 15:30:00,0.6277,0.6279,0.6279,0.6277,8161.499999999999,13000,2025-09-27 15:39:59
2025-09-27 15:40:00,0.6274,0.6269,0.6274,0.6264,160468.30000000002,256000,2025-09-27 15:49:59
2025-09-27 15:50:00,0.6269,0.629,0.629,0.6266,337435.1,537000,2025-09-27 15:59:06
2025-09-27 16:00:00,0.6279,0.6275,0.6286,0.6274,23859.500000000004,38000,2025-09-27 16:09:59
2025-09-27 16:10:00,0.6275,0.6282,0.6282,0.6275,21981.200000000004,35000,2025-09-27 16:19:59
2025-09-27 16:20:00,0.6281,0.627,0.6282,0.627,16312.2,26000,2025-09-27 16:29:59
2025-09-27 16:30:00,0.6272,0.6288,0.6288,0.6251,739595.6000000001,1179000,2025-09-27 16:39:59
2025-09-27 16:40:00,0.6276,0.6275,0.6281,0.6275,16327.1,26000,2025-09-27 16:49:59
2025-09-27 16:50:00,0.6274,0.6273,0.6274,0.6273,7528.7,12000,2025-09-27 16:54:01
2025-09-27 17:00:00,0.628,0.6274,0.6282,0.6274,4395.9,7000,2025-09-27 17:09:59
2025-09-27 17:10:00,0.6275,0.6277,0.6277,0.6275,1882.7,3000,2025-09-27 17:19:59
2025-09-27 17:20:00,0.6277,0.6287,0.6287,0.6268,81626.79999999999,130000,2025-09-27 17:29:59
2025-09-27 17:30:00,0.6277,0.6267,0.6277,0.6265,89665.89999999998,143000,2025-09-27 17:39:59
2025-09-27 17:40:00,0.6276,0.6276,0.6277,0.6276,2510.5,4000,2025-09-27 17:49:59
2025-09-27 17:50:00,0.6274,0.6275,0.6275,0.6274,3764.9,6000,2025-09-27 17:57:01
2025-09-27 18:00:00,0.6275,0.627,0.6275,0.627,5643.5,9000,2025-09-27 18:09:59
2025-09-27 18:10:00,0.6269,0.6261,0.6269,0.6261,23798.799999999996,38000,2025-09-27 18:19:59
2025-09-27 18:20:00,0.6261,0.6258,0.6261,0.6258,19401.899999999998,31000,2025-09-27 18:29:59
2025-09-27 18:30:00,0.6258,0.6254,0.6262,0.6254,96351.2,154000,2025-09-27 18:39:59
2025-09-27 18:40:00,0.626,0.6262,0.6262,0.6254,20035.300000000003,32000,2025-09-27 18:49:59
2025-09-27 18:50:00,0.6261,0.6262,0.6262,0.6261,8766.7,14000,2025-09-27 18:59:01
2025-09-28 09:50:00,0.6262,0.6262,0.6262,0.6262,41329.2,66000,2025-09-28 09:59:59
2025-09-28 10:00:00,0.6262,0.6265,0.6271,0.6253,35696.899999999994,57000,2025-09-28 10:09:59
2025-09-28 10:10:00,0.627,0.6262,0.628,0.6262,43218.0,69000,2025-09-28 10:19:59
2025-09-28 10:20:00,0.6276,0.6264,0.6277,0.6264,3135.8,5000,2025-09-28 10:29:59
2025-09-28 10:30:00,0.6263,0.6298,0.63,0.6256,1609559.2000000002,2558000,2025-09-28 10:39:59
2025-09-28 10:40:00,0.6297,0.6296,0.6297,0.6285,18260.0,29000,2025-09-28 10:49:59
2025-09-28 10:50:00,0.6293,0.6286,0.6293,0.6285,15087.1,24000,2025-09-28 10:59:02
2025-09-28 11:00:00,0.6286,0.6291,0.6292,0.6285,11322.300000000001,18000,2025-09-28 11:09:59
2025-09-28 11:10:00,0.6287,0.6287,0.6291,0.6287,1886.5000000000002,3000,2025-09-28 11:19:59
2025-09-28 11:20:00,0.6286,0.6288,0.6288,0.6281,10681.8,17000,2025-09-28 11:29:59
2025-09-28 11:30:00,0.6285,0.6288,0.6289,0.6281,10687.599999999999,17000,2025-09-28 11:39:59
2025-09-28 11:40:00,0.6288,0.6275,0.6288,0.6275,158166.9,252000,2025-09-28 11:49:59
2025-09-28 11:50:00,0.6275,0.6283,0.6288,0.6268,273694.8,436000,2025-09-28 11:59:59
2025-09-28 12:00:00,0.6283,0.6277,0.6283,0.6277,4397.099999999999,7000,2025-09-28 12:09:59
2025-09-28 12:10:00,0.6283,0.6277,0.6283,0.6277,14438.300000000001,23000,2025-09-28 12:19:59
2025-09-28 12:20:00,0.6276,0.6277,0.6277,0.6276,11298.0,18000,2025-09-28 12:29:59
2025-09-28 12:30:00,0.6277,0.6273,0.6277,0.6271,19448.3,31000,2025-09-28 12:39:59
2025-09-28 12:40:00,0.6277,0.6273,0.6277,0.6273,76579.0,122000,2025-09-28 12:49:59
2025-09-28 12:50:00,0.6281,0.6255,0.6286,0.6251,1324624.0999999999,2117000,2025-09-28 12:59:59
2025-09-28 13:00:00,0.6255,0.6264,0.6277,0.6255,278192.3,444000,2025-09-28 13:09:59
2025-09-28 13:10:00,0.6273,0.6266,0.6273,0.6266,1253.9,2000,2025-09-28 13:19:59
2025-09-28 13:20:00,0.6273,0.6255,0.6273,0.6255,20672.6,33000,2025-09-28 13:29:59
2025-09-28 13:30:00,0.6257,0.6267,0.627,0.6254,17526.600000000002,28000,2025-09-28 13:39:59
2025-09-28 13:40:00,0.6266,0.6271,0.6272,0.6266,23818.8,38000,2025-09-28 13:49:59
2025-09-28 13:50:00,0.6271,0.6271,0.6272,0.6271,8779.5,14000,2025-09-28 13:58:01
2025-09-28 14:00:00,0.6272,0.6279,0.6279,0.6272,44539.700000000004,71000,2025-09-28 14:09:59
2025-09-28 14:10:00,0.6278,0.6272,0.628,0.6272,20087.1,32000,2025-09-28 14:19:59
2025-09-28 14:20:00,0.628,0.628,0.628,0.628,3140.0,5000,2025-09-28 14:29:59
2025-09-28 14:30:00,0.6279,0.6268,0.6279,0.6268,35121.1,56000,2025-09-28 14:39:59
2025-09-28 14:40:00,0.6277,0.6281,0.6282,0.6269,15070.400000000001,24000,2025-09-28 14:49:59
2025-09-28 14:50:00,0.628,0.6282,0.6282,0.6272,13186.699999999999,21000,2025-09-28 14:58:01
2025-09-28 15:00:00,0.628,0.6272,0.628,0.6272,4391.2,7000,2025-09-28 15:09:59
2025-09-28 15:10:00,0.6279,0.6279,0.6279,0.6271,11923.0,19000,2025-09-28 15:19:59
2025-09-28 15:20:00,0.6278,0.6279,0.6279,0.6278,5022.9,8000,2025-09-28 15:29:59
2025-09-28 15:30:00,0.628,0.6271,0.628,0.6271,2510.1000000000004,4000,2025-09-28 15:39:59
2025-09-28 15:40:00,0.6278,0.6281,0.6282,0.6278,64700.0,103000,2025-09-28 15:49:59
2025-09-28 15:50:00,0.628,0.6273,0.6281,0.6273,121713.3,194000,2025-09-28 15:59:01
2025-09-28 16:00:00,0.6271,0.628,0.628,0.6271,10046.900000000001,16000,2025-09-28 16:09:59
2025-09-28 16:10:00,0.6281,0.6281,0.6281,0.6281,2512.4,4000,2025-09-28 16:19:59
2025-09-28 16:20:00,0.6281,0.628,0.6281,0.628,6280.6,10000,2025-09-28 16:29:59
2025-09-28 16:30:00,0.6279,0.6269,0.6279,0.6252,316278.00000000006,505000,2025-09-28 16:39:59
2025-09-28 16:40:00,0.6272,0.6272,0.6272,0.6272,627.2,1000,2025-09-28 16:49:59
2025-09-28 16:50:00,0.6264,0.6261,0.6264,0.6261,26927.899999999998,43000,2025-09-28 16:59:06
2025-09-28 17:00:00,0.6262,0.6261,0.6262,0.6261,60737.69999999999,97000,2025-09-28 17:09:59
2025-09-28 17:10:00,0.6261,0.6262,0.6262,0.6261,236703.50000000003,378000,2025-09-28 17:19:59
2025-09-28 17:20:00,0.6262,0.6258,0.6262,0.6246,120678.8,193000,2025-09-28 17:29:59
2025-09-28 17:30:00,0.6258,0.6261,0.6262,0.6258,334366.3,534000,2025-09-28 17:39:59
2025-09-28 17:40:00,0.6261,0.6256,0.6262,0.6255,35038.2,56000,2025-09-28 17:49:59
2025-09-28 17:50:00,0.6256,0.625,0.6256,0.6248,21875.6,35000,2025-09-28 17:59:01
2025-09-28 18:00:00,0.625,0.6251,0.6251,0.625,106263.7,170000,2025-09-28 18:09:59
2025-09-28 18:10:00,0.6251,0.625,0.6251,0.625,20002.3,32000,2025-09-28 18:19:59
2025-09-28 18:20:00,0.625,0.625,0.6251,0.6249,22501.800000000003,36000,2025-09-28 18:29:59
2025-09-28 18:30:00,0.6251,0.6251,0.6251,0.6251,19378.1,31000,2025-09-28 18:39:59
2025-09-28 18:40:00,0.6255,0.6255,0.6255,0.6255,95076.0,152000,2025-09-28 18:49:59
2025-09-28 18:50:00,0.626,0.6262,0.6262,0.6255,48203.6,77000,2025-09-28 18:59:59
2025-09-29 06:50:00,0.6283,0.6283,0.6283,0.6283,6283.0,10000,2025-09-29 06:59:59
2025-09-29 07:00:00,0.6263,0.6261,0.628,0.6234,434527.69999999995,695000,2025-09-29 07:09:59
2025-09-29 07:10:00,0.6251,0.6269,0.6269,0.6251,56359.799999999996,90000,2025-09-29 07:19:59
2025-09-29 07:20:00,0.6269,0.625,0.627,0.6249,132135.8,211000,2025-09-29 07:29:59
2025-09-29 07:30:00,0.625,0.6259,0.6259,0.6241,209844.1,336000,2025-09-29 07:39:59
2025-09-29 07:40:00,0.626,0.6247,0.6267,0.6247,514703.00000000006,823000,2025-09-29 07:49:59
2025-09-29 07:50:00,0.6247,0.624,0.6247,0.624,24344.5,39000,2025-09-29 07:59:59
2025-09-29 08:00:00,0.6241,0.6228,0.6241,0.6221,619077.7,994000,2025-09-29 08:09:59
2025-09-29 08:10:00,0.6232,0.6231,0.6233,0.6229,125260.8,201000,2025-09-29 08:19:59
2025-09-29 08:20:00,0.6231,0.624,0.624,0.6231,43020.9,69000,2025-09-29 08:29:59
2025-09-29 08:30:00,0.6237,0.6235,0.624,0.6235,50525.3,81000,2025-09-29 08:39:59
2025-09-29 08:40:00,0.6235,0.6228,0.624,0.621,756136.8,1215000,2025-09-29 08:49:59
2025-09-29 08:50:00,0.6228,0.6221,0.623,0.6221,44829.100000000006,72000,2025-09-29 08:59:59
2025-09-29 09:00:00,0.6226,0.6206,0.6229,0.6201,655863.4000000001,1056000,2025-09-29 09:09:59
2025-09-29 09:10:00,0.6218,0.6188,0.6218,0.6166,3416343.1999999993,5518000,2025-09-29 09:19:59
2025-09-29 09:20:00,0.6188,0.6191,0.6192,0.6167,711315.5,1150000,2025-09-29 09:29:59
2025-09-29 09:30:00,0.6191,0.6207,0.621,0.6186,404658.00000000006,653000,2025-09-29 09:39:59
2025-09-29 09:40:00,0.6208,0.6213,0.6223,0.6208,207663.40000000002,334000,2025-09-29 09:49:59
2025-09-29 09:50:00,0.6214,0.619,0.6217,0.6187,1498943.5000000002,2418000,2025-09-29 09:59:59
2025-09-29 10:00:00,0.6191,0.6145,0.6199,0.6106,4846325.4,7885000,2025-09-29 10:09:59
2025-09-29 10:10:00,0.6145,0.616,0.617,0.6145,2654784.099999999,4315000,2025-09-29 10:19:59
2025-09-29 10:20:00,0.6163,0.6182,0.6182,0.615,916343.8999999999,1486000,2025-09-29 10:29:59
2025-09-29 10:30:00,0.6181,0.6195,0.6197,0.6152,1886654.5,3053000,2025-09-29 10:39:59
2025-09-29 10:40:00,0.6193,0.6234,0.6237,0.6191,1939784.2999999998,3120000,2025-09-29 10:49:59
2025-09-29 10:50:00,0.6228,0.622,0.623,0.6201,1447801.7000000002,2330000,2025-09-29 10:59:59
2025-09-29 11:00:00,0.6212,0.6214,0.6219,0.6203,694296.3,1118000,2025-09-29 11:09:59
2025-09-29 11:10:00,0.6213,0.6223,0.6245,0.6211,2728700.0,4377000,2025-09-29 11:19:59
2025-09-29 11:20:00,0.6222,0.6245,0.625,0.6218,1440329.1,2309000,2025-09-29 11:29:59
2025-09-29 11:30:00,0.6245,0.6231,0.6245,0.6228,233616.3,375000,2025-09-29 11:39:59
2025-09-29 11:40:00,0.6233,0.6218,0.6233,0.6216,391892.69999999995,630000,2025-09-29 11:49:59
2025-09-29 11:50:00,0.6218,0.6203,0.6218,0.619,1953705.1000000003,3151000,2025-09-29 11:59:59
2025-09-29 12:00:00,0.6199,0.6197,0.6205,0.6192,118344.20000000001,191000,2025-09-29 12:09:59
2025-09-29 12:10:00,0.6197,0.6217,0.6222,0.6193,630527.1,1015000,2025-09-29 12:19:59
2025-09-29 12:20:00,0.6217,0.6263,0.6316,0.6208,19261728.600000005,30707000,2025-09-29 12:29:59
2025-09-29 12:30:00,0.6267,0.6236,0.6285,0.6235,4271652.1,6829000,2025-09-29 12:39:59
2025-09-29 12:40:00,0.6242,0.6213,0.6246,0.6213,2456455.1,3942000,2025-09-29 12:49:59
2025-09-29 12:50:00,0.6213,0.6229,0.6234,0.6211,446629.9,718000,2025-09-29 12:59:59
2025-09-29 13:00:00,0.6234,0.6232,0.6234,0.6221,371857.2,597000,2025-09-29 13:09:59
2025-09-29 13:10:00,0.6231,0.6235,0.6246,0.6227,765092.2000000001,1227000,2025-09-29 13:19:59
2025-09-29 13:20:00,0.6242,0.6248,0.6259,0.6242,881897.4999999998,1411000,2025-09-29 13:29:59
2025-09-29 13:30:00,0.6248,0.6256,0.6289,0.6248,2023090.2000000011,3229000,2025-09-29 13:39:59
2025-09-29 13:40:00,0.626,0.625,0.6269,0.6246,407256.0,651000,2025-09-29 13:49:59
2025-09-29 13:50:00,0.6255,0.6256,0.6257,0.6251,96897.09999999999,155000,2025-09-29 13:59:03
2025-09-29 14:00:00,0.6256,0.625,0.6257,0.6247,240005.80000000002,384000,2025-09-29 14:09:59
2025-09-29 14:10:00,0.6254,0.625,0.6257,0.625,334461.70000000007,535000,2025-09-29 14:19:59
2025-09-29 14:20:00,0.6255,0.625,0.626,0.625,288895.19999999995,462000,2025-09-29 14:29:59
2025-09-29 14:30:00,0.625,0.6227,0.625,0.6226,874074.6,1402000,2025-09-29 14:39:59
2025-09-29 14:40:00,0.6234,0.6229,0.6234,0.6226,194933.69999999998,313000,2025-09-29 14:49:59
2025-09-29 14:50:00,0.6227,0.623,0.6231,0.6227,38621.5,62000,2025-09-29 14:59:59
2025-09-29 15:00:00,0.623,0.6224,0.623,0.6224,77834.2,125000,2025-09-29 15:09:59
2025-09-29 15:10:00,0.6225,0.6198,0.6225,0.6194,3063330.500000001,4939000,2025-09-29 15:19:59
2025-09-29 15:20:00,0.6198,0.619,0.6198,0.618,2307325.4,3731000,2025-09-29 15:29:59
2025-09-29 15:30:00,0.6189,0.6177,0.6189,0.6165,2144226.0999999987,3472000,2025-09-29 15:39:59
2025-09-29 15:40:00,0.6182,0.6188,0.6193,0.6179,310650.0999999999,502000,2025-09-29 15:49:59
2025-09-29 15:50:00,0.6192,0.6189,0.6198,0.6179,448709.0,725000,2025-09-29 15:59:59
2025-09-29 16:00:00,0.6192,0.6188,0.6194,0.6179,184965.90000000002,299000,2025-09-29 16:09:59
2025-09-29 16:10:00,0.6182,0.6184,0.619,0.6178,145257.5,235000,2025-09-29 16:19:59
2025-09-29 16:20:00,0.618,0.6176,0.618,0.6174,323033.0,523000,2025-09-29 16:29:59
2025-09-29 16:30:00,0.6177,0.6178,0.6178,0.6176,623934.1,1010000,2025-09-29 16:39:59
2025-09-29 16:40:00,0.6177,0.6152,0.6178,0.6151,1126329.5999999999,1827000,2025-09-29 16:49:59
2025-09-29 16:50:00,0.6152,0.6147,0.6158,0.614,1868818.7,3039000,2025-09-29 16:59:59
2025-09-29 17:00:00,0.6151,0.6131,0.6156,0.613,1332308.4,2169000,2025-09-29 17:09:59
2025-09-29 17:10:00,0.6134,0.6115,0.6134,0.6111,4549854.0,7428000,2025-09-29 17:19:59
2025-09-29 17:20:00,0.6117,0.6118,0.6125,0.6101,2897297.1,4741000,2025-09-29 17:29:59
2025-09-29 17:30:00,0.612,0.6108,0.6129,0.6107,1230640.9000000004,2012000,2025-09-29 17:39:59
2025-09-29 17:40:00,0.611,0.6116,0.6122,0.6107,478118.5,782000,2025-09-29 17:49:59
2025-09-29 17:50:00,0.6118,0.61,0.6124,0.61,3720382.900000001,6094000,2025-09-29 17:59:59
2025-09-29 18:00:00,0.61,0.605,0.6104,0.605,12636296.800000003,20798000,2025-09-29 18:09:59
2025-09-29 18:10:00,0.6052,0.6059,0.6092,0.6039,3911071.800000001,6451000,2025-09-29 18:19:59
2025-09-29 18:20:00,0.6059,0.6054,0.6079,0.6022,3393714.799999995,5604000,2025-09-29 18:29:59
2025-09-29 18:30:00,0.6054,0.6052,0.6066,0.6032,1754394.1999999997,2899000,2025-09-29 18:39:59
2025-09-29 18:40:00,0.6052,0.6052,0.6052,0.6052,193058.8,319000,2025-09-29 18:49:59
2025-09-29 19:00:00,0.6052,0.6041,0.6052,0.6016,1099653.3999999994,1823000,2025-09-29 19:09:59
2025-09-29 19:10:00,0.6035,0.608,0.608,0.602,2859904.4000000004,4729000,2025-09-29 19:19:59
2025-09-29 19:20:00,0.608,0.6118,0.6124,0.6077,3694781.8000000003,6053000,2025-09-29 19:29:59
2025-09-29 19:30:00,0.6118,0.612,0.612,0.6101,475607.79999999993,778000,2025-09-29 19:39:59
2025-09-29 19:40:00,0.6112,0.6115,0.612,0.61,319921.9,524000,2025-09-29 19:49:59
2025-09-29 19:50:00,0.6115,0.6108,0.6122,0.6101,409388.6,670000,2025-09-29 19:59:59
2025-09-29 20:00:00,0.6102,0.6088,0.6108,0.6081,765520.7,1257000,2025-09-29 20:09:59
2025-09-29 20:10:00,0.6088,0.6087,0.6089,0.608,94874.8,156000,2025-09-29 20:19:59
2025-09-29 20:20:00,0.6082,0.6085,0.6091,0.6081,55993.8,92000,2025-09-29 20:29:59
2025-09-29 20:30:00,0.6085,0.6092,0.6092,0.6085,167464.7,275000,2025-09-29 20:39:59
2025-09-29 20:40:00,0.6091,0.609,0.6092,0.6086,31053.799999999996,51000,2025-09-29 20:49:59
2025-09-29 20:50:00,0.609,0.6085,0.609,0.6085,46265.49999999999,76000,2025-09-29 20:59:59
2025-09-29 21:00:00,0.609,0.6084,0.609,0.6084,32262.3,53000,2025-09-29 21:09:59
2025-09-29 21:10:00,0.6089,0.609,0.609,0.6081,35308.5,58000,2025-09-29 21:19:59
2025-09-29 21:20:00,0.6084,0.6074,0.6084,0.6068,1253609.1999999997,2064000,2025-09-29 21:29:59
2025-09-29 21:30:00,0.6075,0.6082,0.6085,0.6068,298179.7,491000,2025-09-29 21:39:59
2025-09-29 21:40:00,0.6082,0.6074,0.6085,0.6073,202400.69999999998,333000,2025-09-29 21:49:59
2025-09-29 21:50:00,0.6073,0.6108,0.6108,0.6071,1154304.1,1895000,2025-09-29 21:59:59
2025-09-29 22:00:00,0.6108,0.6108,0.6108,0.61,89155.1,146000,2025-09-29 22:09:59
2025-09-29 22:10:00,0.6108,0.61,0.611,0.61,108677.6,178000,2025-09-29 22:19:59
2025-09-29 22:20:00,0.61,0.6091,0.61,0.6091,231139.89999999994,379000,2025-09-29 22:29:59
2025-09-29 22:30:00,0.6091,0.6084,0.6095,0.6083,623976.2999999999,1025000,2025-09-29 22:39:59
2025-09-29 22:40:00,0.6081,0.6077,0.6089,0.6076,375153.4,617000,2025-09-29 22:49:59
2025-09-29 22:50:00,0.6077,0.6073,0.6077,0.6073,49809.5,82000,2025-09-29 22:59:59
2025-09-29 23:00:00,0.6074,0.6073,0.6074,0.6073,28544.999999999996,47000,2025-09-29 23:09:59
2025-09-29 23:10:00,0.6073,0.608,0.6085,0.607,74125.9,122000,2025-09-29 23:19:59
2025-09-29 23:20:00,0.6077,0.6072,0.608,0.6071,114793.60000000002,189000,2025-09-29 23:29:59
2025-09-29 23:30:00,0.607,0.6092,0.6094,0.6067,941041.2000000001,1548000,2025-09-29 23:39:59
2025-09-29 23:40:00,0.6073,0.6095,0.6108,0.6071,713990.3,1171000,2025-09-29 23:48:05
2025-09-30 06:50:00,0.6115,0.6115,0.6115,0.6115,7338.0,12000,2025-09-30 06:59:59
2025-09-30 07:00:00,0.6117,0.6097,0.6121,0.6097,100802.09999999999,165000,2025-09-30 07:09:59
2025-09-30 07:10:00,0.6104,0.6097,0.6107,0.6097,136070.2,223000,2025-09-30 07:19:59
2025-09-30 07:20:00,0.6096,0.6095,0.6097,0.6083,191992.1,315000,2025-09-30 07:29:59
2025-09-30 07:30:00,0.609,0.6071,0.609,0.6071,679784.6,1119000,2025-09-30 07:39:59
2025-09-30 07:40:00,0.6067,0.607,0.6071,0.6055,271611.2,448000,2025-09-30 07:49:59
2025-09-30 07:50:00,0.6071,0.6064,0.6071,0.6053,149141.6,246000,2025-09-30 07:59:59
2025-09-30 08:00:00,0.6064,0.6061,0.6077,0.606,651732.9000000001,1074000,2025-09-30 08:09:59
2025-09-30 08:10:00,0.6062,0.6049,0.6068,0.6033,2961351.3999999994,4897000,2025-09-30 08:19:59
2025-09-30 08:20:00,0.6049,0.6051,0.6068,0.6043,579193.2,956000,2025-09-30 08:29:59
2025-09-30 08:30:00,0.6061,0.6057,0.6075,0.6057,317869.0,524000,2025-09-30 08:39:59
2025-09-30 08:40:00,0.606,0.6057,0.6073,0.6057,169284.49999999997,279000,2025-09-30 08:49:59
2025-09-30 08:50:00,0.6057,0.6063,0.6072,0.6044,511406.1,844000,2025-09-30 08:59:59
2025-09-30 09:00:00,0.6056,0.6015,0.6056,0.6015,3673089.5,6095000,2025-09-30 09:09:59
2025-09-30 09:10:00,0.6016,0.6025,0.6039,0.6014,1902908.0,3157000,2025-09-30 09:19:59
2025-09-30 09:20:00,0.6033,0.603,0.6034,0.6015,1421660.3,2362000,2025-09-30 09:29:59
2025-09-30 09:30:00,0.6031,0.6044,0.6044,0.6025,397840.3,659000,2025-09-30 09:39:59
2025-09-30 09:40:00,0.604,0.603,0.604,0.6024,452744.69999999995,751000,2025-09-30 09:49:59
2025-09-30 09:50:00,0.6025,0.6022,0.603,0.602,395168.19999999995,656000,2025-09-30 09:59:01
2025-09-30 10:00:00,0.6028,0.5971,0.6028,0.5957,7208884.400000004,12012000,2025-09-30 10:09:59
2025-09-30 10:10:00,0.5971,0.5989,0.5994,0.597,3599409.2,6020000,2025-09-30 10:19:59
2025-09-30 10:20:00,0.5981,0.599,0.5991,0.5965,2443375.5,4089000,2025-09-30 10:29:59
2025-09-30 10:30:00,0.599,0.5981,0.5994,0.5973,1504010.2000000004,2514000,2025-09-30 10:39:59
2025-09-30 10:40:00,0.598,0.6,0.602,0.5975,7606952.200000001,12678000,2025-09-30 10:49:59
2025-09-30 10:50:00,0.5996,0.5999,0.6,0.5967,1757057.0999999999,2935000,2025-09-30 10:59:59
2025-09-30 11:00:00,0.6,0.5996,0.6006,0.5981,4266813.199999999,7118000,2025-09-30 11:09:59
2025-09-30 11:10:00,0.5996,0.5992,0.5999,0.5985,1641250.5,2740000,2025-09-30 11:19:59
2025-09-30 11:20:00,0.599,0.5996,0.5999,0.5986,1816623.5,3030000,2025-09-30 11:29:59
2025-09-30 11:30:00,0.5995,0.5996,0.5999,0.599,1185114.7,1976000,2025-09-30 11:39:59
2025-09-30 11:40:00,0.5996,0.6011,0.6011,0.5992,528817.4999999999,881000,2025-09-30 11:49:59
2025-09-30 11:50:00,0.601,0.6,0.6011,0.6,269648.7,449000,2025-09-30 11:59:59
2025-09-30 12:00:00,0.6,0.5975,0.6,0.5973,1752394.3,2926000,2025-09-30 12:09:59
2025-09-30 12:10:00,0.5978,0.5972,0.5982,0.5959,4305221.300000001,7218000,2025-09-30 12:19:59
2025-09-30 12:20:00,0.5972,0.5963,0.599,0.5963,1619623.7999999998,2709000,2025-09-30 12:29:59
2025-09-30 12:30:00,0.5968,0.5973,0.5973,0.5961,354992.30000000005,595000,2025-09-30 12:39:59
2025-09-30 12:40:00,0.5973,0.5967,0.598,0.5965,713009.4,1194000,2025-09-30 12:49:59
2025-09-30 12:50:00,0.5968,0.5959,0.5981,0.5953,1495224.4,2508000,2025-09-30 12:59:59
2025-09-30 13:00:00,0.596,0.5965,0.5972,0.595,10904774.299999999,18316000,2025-09-30 13:09:59
2025-09-30 13:10:00,0.5966,0.5972,0.5973,0.5958,254773.40000000005,427000,2025-09-30 13:19:59
2025-09-30 13:20:00,0.5971,0.5979,0.598,0.5968,453491.9,759000,2025-09-30 13:29:59
2025-09-30 13:30:00,0.5975,0.5969,0.5975,0.5952,870162.7000000002,1459000,2025-09-30 13:39:59
2025-09-30 13:40:00,0.5969,0.5965,0.5987,0.5951,1714792.4999999998,2874000,2025-09-30 13:49:59
2025-09-30 13:50:00,0.5965,0.5973,0.5975,0.5963,318255.0,533000,2025-09-30 13:59:59
2025-09-30 14:00:00,0.5973,0.598,0.5983,0.5963,917237.4,1535000,2025-09-30 14:09:59
2025-09-30 14:10:00,0.5976,0.5993,0.5999,0.5967,1976144.4,3300000,2025-09-30 14:19:59
2025-09-30 14:20:00,0.5994,0.5997,0.5997,0.599,312868.6,522000,2025-09-30 14:29:59
2025-09-30 14:30:00,0.5997,0.6024,0.6024,0.5997,1862429.8,3100000,2025-09-30 14:39:59
2025-09-30 14:40:00,0.6025,0.6019,0.6025,0.6014,249792.9,415000,2025-09-30 14:49:59
2025-09-30 14:50:00,0.6018,0.5979,0.6019,0.5979,1089580.6000000003,1818000,2025-09-30 14:59:59
2025-09-30 15:00:00,0.598,0.5966,0.5995,0.5966,848469.9,1419000,2025-09-30 15:09:59
2025-09-30 15:10:00,0.5984,0.5974,0.5989,0.5962,1079357.0,1806000,2025-09-30 15:19:59
2025-09-30 15:20:00,0.5977,0.5972,0.5982,0.5963,1122061.5,1879000,2025-09-30 15:29:59
2025-09-30 15:30:00,0.5973,0.597,0.5973,0.596,1411647.2999999998,2367000,2025-09-30 15:39:59
2025-09-30 15:40:00,0.597,0.596,0.5978,0.5951,2670066.8000000007,4481000,2025-09-30 15:49:59
2025-09-30 15:50:00,0.5952,0.5935,0.5967,0.5935,4596288.6,7726000,2025-09-30 15:59:59
2025-09-30 16:00:00,0.594,0.5942,0.595,0.5937,1678706.9000000001,2823000,2025-09-30 16:09:59
2025-09-30 16:10:00,0.5938,0.5943,0.5943,0.5926,965120.3999999998,1626000,2025-09-30 16:19:59
2025-09-30 16:20:00,0.5941,0.5936,0.5943,0.5935,380065.3,640000,2025-09-30 16:29:59
2025-09-30 16:30:00,0.5936,0.5945,0.595,0.5936,2091910.7,3518000,2025-09-30 16:39:59
2025-09-30 16:40:00,0.5946,0.5944,0.595,0.5937,702947.8,1183000,2025-09-30 16:49:59
2025-09-30 16:50:00,0.5945,0.596,0.596,0.5943,9193835.800000003,15452000,2025-09-30 16:59:59
2025-09-30 17:00:00,0.596,0.5946,0.5964,0.594,2404481.9,4044000,2025-09-30 17:09:59
2025-09-30 17:10:00,0.5951,0.5946,0.5952,0.5942,1251663.1,2106000,2025-09-30 17:19:59
2025-09-30 17:20:00,0.595,0.5988,0.6,0.595,2901700.5000000005,4857000,2025-09-30 17:29:59
2025-09-30 17:30:00,0.5987,0.5987,0.5998,0.598,1715290.1999999997,2863000,2025-09-30 17:39:59
2025-09-30 17:40:00,0.5987,0.6021,0.6025,0.5982,1954720.6999999997,3252000,2025-09-30 17:49:59
2025-09-30 17:50:00,0.6024,0.6,0.6024,0.5994,2887052.7,4810000,2025-09-30 17:59:59
2025-09-30 18:00:00,0.6001,0.6061,0.6067,0.6001,3623205.1000000006,5996000,2025-09-30 18:09:59
2025-09-30 18:10:00,0.6062,0.6053,0.6062,0.6025,1199157.2,1983000,2025-09-30 18:19:59
2025-09-30 18:20:00,0.6055,0.6068,0.6103,0.6055,5222914.600000001,8583000,2025-09-30 18:29:59
2025-09-30 18:30:00,0.6068,0.6062,0.6082,0.6062,590170.8,972000,2025-09-30 18:39:59
2025-09-30 18:40:00,0.6074,0.6074,0.6074,0.6074,922640.6000000001,1519000,2025-09-30 18:49:59
2025-09-30 19:00:00,0.6077,0.6065,0.6081,0.606,312225.10000000003,515000,2025-09-30 19:09:59
2025-09-30 19:10:00,0.6066,0.6024,0.6066,0.6024,2433305.5,4026000,2025-09-30 19:19:59
2025-09-30 19:20:00,0.6018,0.5994,0.6018,0.597,2722784.3000000003,4553000,2025-09-30 19:29:59
2025-09-30 19:30:00,0.5995,0.5959,0.5997,0.5943,2117464.4,3551000,2025-09-30 19:39:59
2025-09-30 19:40:00,0.5961,0.5988,0.5994,0.594,3119204.3,5238000,2025-09-30 19:49:59
2025-09-30 19:50:00,0.5986,0.5976,0.5986,0.5966,417121.39999999997,698000,2025-09-30 19:59:59
2025-09-30 20:00:00,0.5972,0.5965,0.5978,0.5962,918200.7000000001,1538000,2025-09-30 20:09:59
2025-09-30 20:10:00,0.5965,0.5982,0.5983,0.5962,138630.2,232000,2025-09-30 20:19:59
2025-09-30 20:20:00,0.5982,0.6002,0.6009,0.5973,1903461.5999999999,3172000,2025-09-30 20:29:59
2025-09-30 20:30:00,0.6003,0.5987,0.6003,0.5987,58760.0,98000,2025-09-30 20:39:59
2025-09-30 20:40:00,0.5988,0.5994,0.5994,0.5986,224541.7,375000,2025-09-30 20:49:59
2025-09-30 20:50:00,0.5991,0.5999,0.5999,0.5991,133741.1,223000,2025-09-30 20:59:59
2025-09-30 21:00:00,0.5999,0.6006,0.601,0.5996,658078.7,1096000,2025-09-30 21:09:59
2025-09-30 21:10:00,0.6,0.6002,0.602,0.5985,2390513.5,3978000,2025-09-30 21:19:59
2025-09-30 21:20:00,0.5999,0.6005,0.6012,0.5993,84657.4,141000,2025-09-30 21:29:59
2025-09-30 21:30:00,0.6005,0.5998,0.601,0.599,691825.3999999999,1153000,2025-09-30 21:39:59
2025-09-30 21:40:00,0.5987,0.5974,0.5996,0.5962,725442.4,1214000,2025-09-30 21:49:59
2025-09-30 21:50:00,0.598,0.5977,0.5983,0.5976,300641.1,503000,2025-09-30 21:59:59
2025-09-30 22:00:00,0.5983,0.5981,0.5988,0.5972,243941.59999999995,408000,2025-09-30 22:09:59
2025-09-30 22:10:00,0.5984,0.5976,0.5986,0.5976,76529.40000000001,128000,2025-09-30 22:19:59
2025-09-30 22:20:00,0.5977,0.596,0.598,0.596,1000329.0999999999,1677000,2025-09-30 22:29:59
2025-09-30 22:30:00,0.596,0.5969,0.5969,0.5957,432651.9000000001,726000,2025-09-30 22:39:59
2025-09-30 22:40:00,0.5969,0.5962,0.5973,0.5962,51323.799999999996,86000,2025-09-30 22:49:59
2025-09-30 22:50:00,0.597,0.5975,0.5975,0.5962,49571.90000000001,83000,2025-09-30 22:59:59
2025-09-30 23:00:00,0.5975,0.5978,0.5978,0.5975,163776.8,274000,2025-09-30 23:09:59
2025-09-30 23:10:00,0.5979,0.598,0.5981,0.5977,178184.2,298000,2025-09-30 23:19:59
2025-09-30 23:20:00,0.598,0.5979,0.598,0.5971,47215.8,79000,2025-09-30 23:29:59
2025-09-30 23:30:00,0.5979,0.5971,0.598,0.597,118833.1,199000,2025-09-30 23:39:59
2025-09-30 23:40:00,0.597,0.597,0.5978,0.5963,481128.8,806000,2025-09-30 23:49:09
2025-10-01 06:50:00,0.5936,0.5936,0.5936,0.5936,1780.8000000000002,3000,2025-10-01 06:59:59
2025-10-01 07:00:00,0.5936,0.5985,0.6017,0.5936,380435.6000000001,637000,2025-10-01 07:09:59
2025-10-01 07:10:00,0.5983,0.5954,0.5989,0.5954,246819.5,413000,2025-10-01 07:19:59
2025-10-01 07:20:00,0.5952,0.5948,0.5971,0.5939,1484621.7,2494000,2025-10-01 07:29:59
2025-10-01 07:30:00,0.5959,0.5968,0.5972,0.5959,75134.5,126000,2025-10-01 07:39:59
2025-10-01 07:40:00,0.5968,0.5957,0.5972,0.594,847143.2,1423000,2025-10-01 07:49:59
2025-10-01 07:50:00,0.5945,0.597,0.5972,0.5942,166144.3,279000,2025-10-01 07:59:59
2025-10-01 08:00:00,0.5963,0.5975,0.5981,0.5953,482519.00000000006,808000,2025-10-01 08:09:59
2025-10-01 08:10:00,0.5976,0.5966,0.598,0.5955,382127.9,640000,2025-10-01 08:19:59
2025-10-01 08:20:00,0.5966,0.5971,0.5972,0.5966,41193.2,69000,2025-10-01 08:29:59
2025-10-01 08:30:00,0.5972,0.5972,0.5977,0.5952,451229.30000000005,756000,2025-10-01 08:39:59
2025-10-01 08:40:00,0.5971,0.5975,0.5978,0.5965,192250.0,322000,2025-10-01 08:49:59
2025-10-01 08:50:00,0.5971,0.5977,0.5977,0.5971,703482.5000000001,1177000,2025-10-01 08:59:01
2025-10-01 09:00:00,0.5974,0.5977,0.5978,0.5963,424310.8000000001,710000,2025-10-01 09:09:59
2025-10-01 09:10:00,0.5977,0.5995,0.5995,0.5973,945324.5,1580000,2025-10-01 09:19:59
2025-10-01 09:20:00,0.5995,0.601,0.6024,0.5995,2068541.4000000001,3441000,2025-10-01 09:29:59
2025-10-01 09:30:00,0.6011,0.5998,0.6011,0.5988,336688.49999999994,561000,2025-10-01 09:39:59
2025-10-01 09:40:00,0.5998,0.5989,0.5998,0.5981,331690.99999999994,554000,2025-10-01 09:49:59
2025-10-01 09:50:00,0.5988,0.5976,0.5988,0.5973,572529.6,958000,2025-10-01 09:59:59
2025-10-01 10:00:00,0.5977,0.5967,0.6003,0.5967,1659539.7,2773000,2025-10-01 10:09:59
2025-10-01 10:10:00,0.5967,0.5954,0.5967,0.5952,803578.1999999998,1348000,2025-10-01 10:19:59
2025-10-01 10:20:00,0.5956,0.5961,0.5979,0.595,1427408.5,2397000,2025-10-01 10:29:59
2025-10-01 10:30:00,0.597,0.5967,0.5995,0.5964,1549896.6,2592000,2025-10-01 10:39:59
2025-10-01 10:40:00,0.5965,0.597,0.5974,0.5964,854169.4999999999,1432000,2025-10-01 10:49:59
2025-10-01 10:50:00,0.5972,0.5966,0.5976,0.5965,239960.2,402000,2025-10-01 10:59:59
2025-10-01 11:00:00,0.597,0.5965,0.5971,0.5964,419415.00000000006,703000,2025-10-01 11:09:59
2025-10-01 11:10:00,0.5969,0.5974,0.5974,0.5964,335290.49999999994,562000,2025-10-01 11:19:59
2025-10-01 11:20:00,0.5974,0.5975,0.5978,0.5974,336423.30000000005,563000,2025-10-01 11:29:59
2025-10-01 11:30:00,0.5975,0.5973,0.598,0.5968,1112775.0,1862000,2025-10-01 11:39:59
2025-10-01 11:40:00,0.5973,0.5977,0.598,0.5972,46605.200000000004,78000,2025-10-01 11:49:59
2025-10-01 11:50:00,0.5976,0.5962,0.598,0.5962,674785.7,1130000,2025-10-01 11:59:59
2025-10-01 12:00:00,0.5969,0.5965,0.5971,0.596,1964549.0,3292000,2025-10-01 12:09:59
2025-10-01 12:10:00,0.5964,0.5967,0.5975,0.596,833861.4,1398000,2025-10-01 12:19:59
2025-10-01 12:20:00,0.5965,0.5972,0.5973,0.596,557633.0000000001,935000,2025-10-01 12:29:59
2025-10-01 12:30:00,0.5972,0.5979,0.598,0.5972,796233.6,1332000,2025-10-01 12:39:59
2025-10-01 12:40:00,0.5979,0.597,0.5979,0.596,529680.3,888000,2025-10-01 12:49:59
2025-10-01 12:50:00,0.5971,0.598,0.598,0.5966,700451.4,1172000,2025-10-01 12:59:59
2025-10-01 13:00:00,0.5979,0.5978,0.5983,0.5961,868127.5,1454000,2025-10-01 13:09:59
2025-10-01 13:10:00,0.5978,0.5968,0.5978,0.5956,579683.5,972000,2025-10-01 13:19:59
2025-10-01 13:20:00,0.5968,0.5923,0.5968,0.59,5100287.1000000015,8613000,2025-10-01 13:29:59
2025-10-01 13:30:00,0.5917,0.594,0.5949,0.5904,1549251.0000000002,2615000,2025-10-01 13:39:59
2025-10-01 13:40:00,0.5941,0.5944,0.5947,0.5935,67744.8,114000,2025-10-01 13:49:59
2025-10-01 13:50:00,0.5944,0.5911,0.5944,0.5879,2885595.2000000007,4885000,2025-10-01 13:59:59
2025-10-01 14:00:00,0.5913,0.5891,0.5916,0.5891,4547280.7,7706000,2025-10-01 14:09:59
2025-10-01 14:10:00,0.5891,0.5903,0.5903,0.589,458680.10000000003,778000,2025-10-01 14:19:59
2025-10-01 14:20:00,0.59,0.5914,0.5914,0.5899,242334.1,410000,2025-10-01 14:29:59
2025-10-01 14:30:00,0.5915,0.5917,0.5921,0.5905,518502.60000000003,877000,2025-10-01 14:39:59
2025-10-01 14:40:00,0.5917,0.5905,0.5917,0.5905,389268.79999999993,659000,2025-10-01 14:49:59
2025-10-01 14:50:00,0.5907,0.5918,0.5928,0.5906,448516.1,758000,2025-10-01 14:59:59
2025-10-01 15:00:00,0.5918,0.5885,0.5918,0.588,6586016.5,11170000,2025-10-01 15:09:59
2025-10-01 15:10:00,0.5885,0.5864,0.5891,0.5864,2379321.5999999978,4047000,2025-10-01 15:19:59
2025-10-01 15:20:00,0.5864,0.5857,0.5866,0.5857,880840.7999999999,1503000,2025-10-01 15:29:59
2025-10-01 15:30:00,0.5857,0.5847,0.5862,0.5817,2135478.8,3654000,2025-10-01 15:39:59
2025-10-01 15:40:00,0.5847,0.5874,0.5874,0.584,1914880.5,3273000,2025-10-01 15:49:59
2025-10-01 15:50:00,0.587,0.587,0.5872,0.586,480478.8,819000,2025-10-01 15:59:59
2025-10-01 16:00:00,0.5871,0.5864,0.5871,0.5848,917837.0,1566000,2025-10-01 16:09:59
2025-10-01 16:10:00,0.5865,0.5898,0.5899,0.5863,1265996.9,2153000,2025-10-01 16:19:59
2025-10-01 16:20:00,0.5891,0.5894,0.5899,0.5882,182072.90000000002,309000,2025-10-01 16:29:59
2025-10-01 16:30:00,0.5894,0.5891,0.5899,0.5883,419185.49999999994,712000,2025-10-01 16:39:59
2025-10-01 16:40:00,0.5891,0.59,0.5911,0.5883,691115.5999999999,1171000,2025-10-01 16:49:59
2025-10-01 16:50:00,0.5895,0.5905,0.5912,0.589,1110986.5,1881000,2025-10-01 16:59:59
2025-10-01 17:00:00,0.5906,0.59,0.5908,0.59,119852.20000000003,203000,2025-10-01 17:09:59
2025-10-01 17:10:00,0.5899,0.586,0.5899,0.5838,1819283.0999999999,3102000,2025-10-01 17:19:59
2025-10-01 17:20:00,0.5859,0.5849,0.5872,0.5834,721039.0,1231000,2025-10-01 17:29:59
2025-10-01 17:30:00,0.5849,0.5833,0.5856,0.5833,495406.50000000006,848000,2025-10-01 17:39:59
2025-10-01 17:40:00,0.5834,0.5819,0.5839,0.5819,1376417.6,2363000,2025-10-01 17:49:59
2025-10-01 17:50:00,0.5818,0.5859,0.5865,0.5805,2267382.9000000004,3888000,2025-10-01 17:59:59
2025-10-01 18:00:00,0.5856,0.5876,0.5898,0.5853,1112790.2000000002,1894000,2025-10-01 18:09:59
2025-10-01 18:10:00,0.5873,0.5867,0.5879,0.5867,500305.10000000003,852000,2025-10-01 18:19:59
2025-10-01 18:20:00,0.5879,0.5875,0.5886,0.5874,301483.8,513000,2025-10-01 18:29:59
2025-10-01 18:30:00,0.5875,0.5867,0.5875,0.5865,291118.7,496000,2025-10-01 18:39:59
2025-10-01 18:40:00,0.5867,0.5867,0.5867,0.5867,26401.500000000004,45000,2025-10-01 18:49:08
2025-10-01 19:00:00,0.5862,0.5867,0.5867,0.5862,61582.1,105000,2025-10-01 19:09:59
2025-10-01 19:10:00,0.5867,0.5853,0.5872,0.5848,871675.7999999999,1488000,2025-10-01 19:19:59
2025-10-01 19:20:00,0.5854,0.5852,0.5859,0.5852,97740.70000000001,167000,2025-10-01 19:29:59
2025-10-01 19:30:00,0.5857,0.5851,0.5863,0.5851,356053.30000000005,608000,2025-10-01 19:39:59
2025-10-01 19:40:00,0.5851,0.585,0.5853,0.585,26913.5,46000,2025-10-01 19:49:59
2025-10-01 19:50:00,0.5849,0.5854,0.5854,0.5844,209472.19999999998,358000,2025-10-01 19:59:03
2025-10-01 20:00:00,0.5851,0.5849,0.5852,0.5842,131500.5,225000,2025-10-01 20:09:59
2025-10-01 20:10:00,0.5849,0.5844,0.5851,0.5835,379888.9,650000,2025-10-01 20:19:59
2025-10-01 20:20:00,0.5842,0.5836,0.5845,0.5834,148888.99999999997,255000,2025-10-01 20:29:59
2025-10-01 20:30:00,0.5835,0.5829,0.5835,0.5826,288610.39999999997,495000,2025-10-01 20:39:59
2025-10-01 20:40:00,0.5829,0.5818,0.583,0.5817,646856.2,1111000,2025-10-01 20:49:59
2025-10-01 20:50:00,0.5818,0.5833,0.5836,0.5817,965321.9000000001,1657000,2025-10-01 20:59:59
2025-10-01 21:00:00,0.5833,0.5826,0.5834,0.5821,530072.6,909000,2025-10-01 21:09:59
2025-10-01 21:10:00,0.5826,0.5836,0.5839,0.582,649074.9,1113000,2025-10-01 21:19:59
2025-10-01 21:20:00,0.584,0.5847,0.5848,0.5837,80623.59999999999,138000,2025-10-01 21:29:59
2025-10-01 21:30:00,0.5847,0.5849,0.5849,0.5842,223906.40000000002,383000,2025-10-01 21:39:59
2025-10-01 21:40:00,0.5848,0.5848,0.5853,0.5844,88925.39999999998,152000,2025-10-01 21:49:59
2025-10-01 21:50:00,0.5853,0.5854,0.5854,0.5842,184884.19999999998,316000,2025-10-01 21:59:59
2025-10-01 22:00:00,0.5854,0.5857,0.5857,0.5848,180217.89999999997,308000,2025-10-01 22:09:59
2025-10-01 22:10:00,0.5857,0.5864,0.5865,0.585,593300.6,1012000,2025-10-01 22:19:59
2025-10-01 22:20:00,0.5865,0.5864,0.5865,0.586,26971.1,46000,2025-10-01 22:29:59
2025-10-01 22:30:00,0.5863,0.5864,0.5865,0.5858,128365.00000000001,219000,2025-10-01 22:39:59
2025-10-01 22:40:00,0.5865,0.5865,0.5865,0.5864,31083.4,53000,2025-10-01 22:49:59
2025-10-01 22:50:00,0.5864,0.5865,0.5865,0.5864,160694.0,274000,2025-10-01 22:59:59
2025-10-01 23:00:00,0.5865,0.5856,0.5865,0.5851,549107.9,938000,2025-10-01 23:09:59
2025-10-01 23:10:00,0.5856,0.5856,0.5856,0.5851,236475.30000000002,404000,2025-10-01 23:19:59
2025-10-01 23:20:00,0.5851,0.5858,0.586,0.5848,304422.8999999999,520000,2025-10-01 23:29:59
2025-10-01 23:30:00,0.5858,0.5852,0.5865,0.5852,194539.9,332000,2025-10-01 23:39:59
2025-10-01 23:40:00,0.5856,0.5852,0.5861,0.5849,179106.19999999998,306000,2025-10-01 23:49:04
2025-10-02 07:00:00,0.5875,0.5908,0.5994,0.5872,1852883.9999999998,3124000,2025-10-02 07:09:59
2025-10-02 07:10:00,0.5924,0.5906,0.5927,0.59,1009941.6000000001,1711000,2025-10-02 07:19:59
2025-10-02 07:20:00,0.5901,0.5851,0.5906,0.5848,2041256.4,3470000,2025-10-02 07:29:59
2025-10-02 07:30:00,0.5868,0.5854,0.5868,0.5848,631368.2000000001,1079000,2025-10-02 07:39:59
2025-10-02 07:40:00,0.5854,0.5829,0.5854,0.5827,143033.5,245000,2025-10-02 07:49:59
2025-10-02 07:50:00,0.5829,0.5847,0.5861,0.5821,532462.6,911000,2025-10-02 07:59:59
2025-10-02 08:00:00,0.5847,0.5826,0.5849,0.5825,218587.2,375000,2025-10-02 08:09:59
2025-10-02 08:10:00,0.583,0.5811,0.5842,0.5801,1644660.7999999998,2829000,2025-10-02 08:19:59
2025-10-02 08:20:00,0.5812,0.5822,0.5825,0.5804,338031.9000000001,581000,2025-10-02 08:29:59
2025-10-02 08:30:00,0.5822,0.5767,0.5822,0.5761,2431884.8,4199000,2025-10-02 08:39:59
2025-10-02 08:40:00,0.578,0.5796,0.5812,0.5762,733593.3000000002,1265000,2025-10-02 08:49:59
2025-10-02 08:50:00,0.5805,0.5786,0.5812,0.5786,75394.3,130000,2025-10-02 08:59:01
2025-10-02 09:00:00,0.5798,0.5792,0.5804,0.5787,376582.60000000003,650000,2025-10-02 09:09:59
2025-10-02 09:10:00,0.5792,0.5787,0.5792,0.5786,241937.6,418000,2025-10-02 09:19:59
2025-10-02 09:20:00,0.5792,0.5792,0.5792,0.5786,204311.59999999998,353000,2025-10-02 09:29:59
2025-10-02 09:30:00,0.5791,0.5767,0.5792,0.5762,736777.1000000001,1277000,2025-10-02 09:39:59
2025-10-02 09:40:00,0.5767,0.5778,0.579,0.5758,983797.1,1705000,2025-10-02 09:49:59
2025-10-02 09:50:00,0.5776,0.5767,0.5776,0.5751,631162.6,1096000,2025-10-02 09:59:59
2025-10-02 10:00:00,0.5768,0.579,0.579,0.5765,647689.1,1121000,2025-10-02 10:09:59
2025-10-02 10:10:00,0.5789,0.5783,0.5791,0.5775,757061.0,1308000,2025-10-02 10:19:59
2025-10-02 10:20:00,0.579,0.5813,0.5823,0.579,1586861.1,2733000,2025-10-02 10:29:59
2025-10-02 10:30:00,0.5813,0.5804,0.5818,0.58,1019943.3999999999,1757000,2025-10-02 10:39:59
2025-10-02 10:40:00,0.5804,0.5807,0.5812,0.5801,448270.8999999999,772000,2025-10-02 10:49:59
2025-10-02 10:50:00,0.5808,0.5827,0.5834,0.5805,719674.7,1236000,2025-10-02 10:58:02
2025-10-02 11:00:00,0.5825,0.5833,0.5837,0.5825,103196.20000000001,177000,2025-10-02 11:09:59
2025-10-02 11:10:00,0.5834,0.5833,0.5838,0.5833,79336.60000000002,136000,2025-10-02 11:19:59
2025-10-02 11:20:00,0.5833,0.578,0.5833,0.5775,1415778.9000000001,2441000,2025-10-02 11:29:59
2025-10-02 11:30:00,0.578,0.5782,0.5784,0.5777,149768.3,259000,2025-10-02 11:39:59
2025-10-02 11:40:00,0.5782,0.5768,0.5782,0.5741,1344073.9999999995,2331000,2025-10-02 11:49:59
2025-10-02 11:50:00,0.5774,0.5768,0.5791,0.5756,1646241.0000000002,2850000,2025-10-02 11:59:59
2025-10-02 12:00:00,0.5776,0.5777,0.5783,0.5776,729992.7,1263000,2025-10-02 12:09:59
2025-10-02 12:10:00,0.5777,0.5778,0.578,0.5768,254727.30000000005,441000,2025-10-02 12:19:59
2025-10-02 12:20:00,0.5777,0.5788,0.5788,0.5767,282988.5,490000,2025-10-02 12:29:59
2025-10-02 12:30:00,0.5788,0.5783,0.58,0.5783,634838.1,1096000,2025-10-02 12:39:59
2025-10-02 12:40:00,0.5782,0.5789,0.58,0.5781,1507127.3,2601000,2025-10-02 12:49:59
2025-10-02 12:50:00,0.5789,0.5815,0.5816,0.5789,1062139.4999999998,1831000,2025-10-02 12:59:59
2025-10-02 13:00:00,0.5808,0.5775,0.5809,0.5771,2391980.5000000005,4134000,2025-10-02 13:09:59
2025-10-02 13:10:00,0.5781,0.5799,0.5805,0.5781,836716.4000000001,1444000,2025-10-02 13:19:59
2025-10-02 13:20:00,0.5795,0.5794,0.5797,0.5785,565071.6000000001,976000,2025-10-02 13:29:59
2025-10-02 13:30:00,0.5793,0.5802,0.5802,0.5786,734621.7000000001,1268000,2025-10-02 13:39:59
2025-10-02 13:40:00,0.5797,0.5793,0.5808,0.5793,200803.5,346000,2025-10-02 13:49:59
2025-10-02 13:50:00,0.5793,0.5785,0.5795,0.5766,995301.3999999999,1721000,2025-10-02 13:59:59
2025-10-02 14:00:00,0.578,0.5778,0.5781,0.5775,111524.09999999999,193000,2025-10-02 14:09:59
2025-10-02 14:10:00,0.578,0.5778,0.578,0.5775,56047.3,97000,2025-10-02 14:19:59
2025-10-02 14:20:00,0.5778,0.5778,0.5786,0.5773,827572.7000000001,1432000,2025-10-02 14:29:59
2025-10-02 14:30:00,0.5777,0.5773,0.5777,0.5768,178406.69999999998,309000,2025-10-02 14:39:59
2025-10-02 14:40:00,0.5772,0.5792,0.5792,0.575,5551814.6,9622000,2025-10-02 14:49:59
2025-10-02 14:50:00,0.5787,0.5788,0.5804,0.5775,4164813.9000000004,7192000,2025-10-02 14:59:59
2025-10-02 15:00:00,0.5793,0.5802,0.5804,0.5793,870688.7999999998,1502000,2025-10-02 15:09:59
2025-10-02 15:10:00,0.5802,0.5818,0.5825,0.58,1500223.8,2585000,2025-10-02 15:19:59
2025-10-02 15:20:00,0.582,0.5812,0.5821,0.5812,312902.1,538000,2025-10-02 15:29:59
2025-10-02 15:30:00,0.5819,0.5825,0.583,0.581,1078375.6000000003,1853000,2025-10-02 15:39:59
2025-10-02 15:40:00,0.5831,0.5854,0.5863,0.5825,1229715.8,2103000,2025-10-02 15:49:59
2025-10-02 15:50:00,0.5855,0.5856,0.5875,0.5855,620194.0,1057000,2025-10-02 15:59:59
2025-10-02 16:00:00,0.5857,0.5848,0.5861,0.5848,372423.00000000006,636000,2025-10-02 16:09:59
2025-10-02 16:10:00,0.5848,0.5869,0.5871,0.5848,381260.5,651000,2025-10-02 16:19:59
2025-10-02 16:20:00,0.5872,0.5853,0.5872,0.5853,431548.89999999997,736000,2025-10-02 16:29:59
2025-10-02 16:30:00,0.5854,0.584,0.5857,0.584,501555.1000000001,858000,2025-10-02 16:39:59
2025-10-02 16:40:00,0.5839,0.5858,0.5858,0.5838,496729.7,850000,2025-10-02 16:49:59
2025-10-02 16:50:00,0.5859,0.5869,0.5927,0.5853,3840845.1,6520000,2025-10-02 16:59:59
2025-10-02 17:00:00,0.5867,0.5859,0.5871,0.5857,201748.40000000005,344000,2025-10-02 17:09:59
2025-10-02 17:10:00,0.5859,0.5862,0.5874,0.5852,481833.1000000001,822000,2025-10-02 17:19:59
2025-10-02 17:20:00,0.5867,0.5891,0.5896,0.5867,811388.1000000001,1380000,2025-10-02 17:29:59
2025-10-02 17:30:00,0.589,0.59,0.5921,0.589,630220.5,1068000,2025-10-02 17:39:59
2025-10-02 17:40:00,0.5895,0.5911,0.5915,0.5895,868793.7,1471000,2025-10-02 17:49:59
2025-10-02 17:50:00,0.591,0.5915,0.5915,0.5895,1448432.8000000003,2451000,2025-10-02 17:59:59
2025-10-02 18:00:00,0.5914,0.5895,0.5915,0.5894,311622.9,528000,2025-10-02 18:09:59
2025-10-02 18:10:00,0.5903,0.5881,0.5903,0.5881,450536.6,765000,2025-10-02 18:19:59
2025-10-02 18:20:00,0.5882,0.5862,0.5882,0.586,443645.4,756000,2025-10-02 18:29:59
2025-10-02 18:30:00,0.5868,0.5863,0.5874,0.586,540298.6,921000,2025-10-02 18:39:59
2025-10-02 18:40:00,0.5865,0.5865,0.5865,0.5865,11730.0,20000,2025-10-02 18:49:59
2025-10-02 19:00:00,0.5865,0.5894,0.5899,0.5855,803130.8,1367000,2025-10-02 19:09:59
2025-10-02 19:10:00,0.5894,0.589,0.5897,0.5879,276243.3,469000,2025-10-02 19:19:59
2025-10-02 19:20:00,0.5882,0.5895,0.5895,0.5879,78829.7,134000,2025-10-02 19:29:59
2025-10-02 19:30:00,0.5888,0.5888,0.5895,0.5887,85369.80000000002,145000,2025-10-02 19:39:59
2025-10-02 19:40:00,0.5888,0.5886,0.5897,0.5882,26495.0,45000,2025-10-02 19:49:59
2025-10-02 19:50:00,0.5887,0.5888,0.5895,0.5881,243813.9,414000,2025-10-02 19:59:09
2025-10-02 20:00:00,0.5885,0.5882,0.5894,0.5882,77713.40000000002,132000,2025-10-02 20:09:59
2025-10-02 20:10:00,0.588,0.5866,0.588,0.5866,155050.0,264000,2025-10-02 20:19:59
2025-10-02 20:20:00,0.5866,0.5862,0.5866,0.5862,78590.3,134000,2025-10-02 20:29:59
2025-10-02 20:30:00,0.586,0.5866,0.5866,0.586,100877.70000000001,172000,2025-10-02 20:39:59
2025-10-02 20:40:00,0.5866,0.5866,0.5866,0.5865,24050.499999999996,41000,2025-10-02 20:49:59
2025-10-02 20:50:00,0.5866,0.5866,0.5866,0.5862,11729.0,20000,2025-10-02 20:59:08
2025-10-02 21:00:00,0.586,0.5868,0.5868,0.5859,124833.5,213000,2025-10-02 21:09:59
2025-10-02 21:10:00,0.5866,0.5853,0.5866,0.5851,73762.29999999999,126000,2025-10-02 21:19:59
2025-10-02 21:20:00,0.5861,0.585,0.5865,0.5843,139849.0,239000,2025-10-02 21:29:59
2025-10-02 21:30:00,0.5848,0.5849,0.5849,0.584,54928.7,94000,2025-10-02 21:39:59
2025-10-02 21:40:00,0.5849,0.5844,0.5849,0.5843,426808.19999999995,730000,2025-10-02 21:49:59
2025-10-02 21:50:00,0.5845,0.5842,0.5846,0.584,286272.3,490000,2025-10-02 21:59:59
2025-10-02 22:00:00,0.5839,0.5827,0.5841,0.5817,329758.00000000006,566000,2025-10-02 22:09:59
2025-10-02 22:10:00,0.5827,0.5829,0.5829,0.582,109531.90000000002,188000,2025-10-02 22:19:59
2025-10-02 22:20:00,0.583,0.5835,0.5843,0.583,140674.4,241000,2025-10-02 22:29:59
2025-10-02 22:30:00,0.5834,0.5833,0.5835,0.5833,54256.200000000004,93000,2025-10-02 22:39:59
2025-10-02 22:40:00,0.584,0.5847,0.5847,0.5834,29195.800000000007,50000,2025-10-02 22:49:59
2025-10-02 22:50:00,0.5847,0.5857,0.5859,0.5842,209381.9,358000,2025-10-02 22:59:59
2025-10-02 23:00:00,0.5856,0.5855,0.5856,0.5849,52688.299999999996,90000,2025-10-02 23:09:59
2025-10-02 23:10:00,0.5851,0.5843,0.5855,0.5842,112315.29999999999,192000,2025-10-02 23:19:59
2025-10-02 23:20:00,0.5844,0.5835,0.5844,0.5835,49655.600000000006,85000,2025-10-02 23:29:59
2025-10-02 23:30:00,0.5834,0.5834,0.5845,0.5833,100982.29999999999,173000,2025-10-02 23:39:59
2025-10-02 23:40:00,0.5833,0.5825,0.5842,0.5821,253943.8,436000,2025-10-02 23:48:09
2025-10-03 06:50:00,0.5826,0.5826,0.5826,0.5826,582.6,1000,2025-10-03 06:59:59
2025-10-03 07:00:00,0.5838,0.583,0.5838,0.5821,17482.8,30000,2025-10-03 07:09:59
2025-10-03 07:10:00,0.5828,0.5837,0.5837,0.5807,491047.5,843000,2025-10-03 07:19:59
2025-10-03 07:20:00,0.583,0.5902,0.5912,0.583,439998.10000000003,748000,2025-10-03 07:29:59
2025-10-03 07:30:00,0.5902,0.5892,0.5914,0.5886,888662.9999999999,1505000,2025-10-03 07:39:59
2025-10-03 07:40:00,0.5899,0.5901,0.5907,0.5896,260677.49999999997,442000,2025-10-03 07:49:59
2025-10-03 07:50:00,0.5901,0.59,0.5908,0.589,206535.1,350000,2025-10-03 07:59:01
2025-10-03 08:00:00,0.5897,0.591,0.5916,0.5894,242108.69999999998,410000,2025-10-03 08:09:59
2025-10-03 08:10:00,0.59,0.5882,0.59,0.5882,359053.5,610000,2025-10-03 08:19:59
2025-10-03 08:20:00,0.588,0.5859,0.5884,0.5856,292094.19999999995,498000,2025-10-03 08:29:59
2025-10-03 08:30:00,0.5859,0.5851,0.5859,0.5851,119378.9,204000,2025-10-03 08:39:59
2025-10-03 08:40:00,0.5867,0.5875,0.5875,0.5867,124481.59999999999,212000,2025-10-03 08:49:59
2025-10-03 08:50:00,0.5871,0.5874,0.5875,0.585,698053.7999999998,1192000,2025-10-03 08:59:59
2025-10-03 09:00:00,0.5865,0.5857,0.5865,0.5849,76136.39999999998,130000,2025-10-03 09:09:59
2025-10-03 09:10:00,0.5857,0.5856,0.5859,0.5856,53885.3,92000,2025-10-03 09:19:59
2025-10-03 09:20:00,0.5858,0.5853,0.5859,0.5846,42123.100000000006,72000,2025-10-03 09:29:59
2025-10-03 09:30:00,0.5852,0.5854,0.5864,0.5852,20505.699999999997,35000,2025-10-03 09:39:59
2025-10-03 09:40:00,0.5854,0.5856,0.5856,0.5854,52118.2,89000,2025-10-03 09:49:59
2025-10-03 09:50:00,0.5857,0.5852,0.5867,0.5839,793947.7999999999,1357000,2025-10-03 09:59:01
2025-10-03 10:00:00,0.5853,0.5909,0.591,0.5853,1777806.5,3021000,2025-10-03 10:09:59
2025-10-03 10:10:00,0.591,0.5909,0.5938,0.5891,3524086.1,5954000,2025-10-03 10:19:59
2025-10-03 10:20:00,0.5904,0.59,0.5929,0.5894,1749811.9000000004,2959000,2025-10-03 10:29:59
2025-10-03 10:30:00,0.5899,0.589,0.59,0.5888,637279.7999999999,1081000,2025-10-03 10:39:59
2025-10-03 10:40:00,0.5895,0.59,0.59,0.5877,494776.0,840000,2025-10-03 10:49:59
2025-10-03 10:50:00,0.59,0.59,0.59,0.5899,543389.1,921000,2025-10-03 10:59:59
2025-10-03 11:00:00,0.59,0.59,0.5906,0.5899,1174857.1,1991000,2025-10-03 11:09:59
2025-10-03 11:10:00,0.59,0.59,0.59,0.5886,634121.7,1075000,2025-10-03 11:19:59
2025-10-03 11:20:00,0.5899,0.59,0.5922,0.5893,1304744.5,2211000,2025-10-03 11:29:59
2025-10-03 11:30:00,0.59,0.5881,0.59,0.5881,577160.6,979000,2025-10-03 11:39:59
2025-10-03 11:40:00,0.588,0.5869,0.5892,0.5868,2054655.5000000002,3497000,2025-10-03 11:49:59
2025-10-03 11:50:00,0.5868,0.5828,0.5868,0.5799,4186406.6999999997,7183000,2025-10-03 11:59:59
2025-10-03 12:00:00,0.5828,0.5802,0.5833,0.5799,812753.2000000001,1398000,2025-10-03 12:09:59
2025-10-03 12:10:00,0.5802,0.5805,0.5815,0.5796,1042077.2000000001,1796000,2025-10-03 12:19:59
2025-10-03 12:20:00,0.5804,0.5817,0.5824,0.5804,571810.5,983000,2025-10-03 12:29:59
2025-10-03 12:30:00,0.5817,0.5805,0.5817,0.5803,206763.60000000003,356000,2025-10-03 12:39:59
2025-10-03 12:40:00,0.5809,0.5807,0.5813,0.5807,248721.8,428000,2025-10-03 12:49:59
2025-10-03 12:50:00,0.5807,0.5806,0.5817,0.5805,1411347.7,2429000,2025-10-03 12:59:59
2025-10-03 13:00:00,0.5805,0.5796,0.581,0.5794,1021807.7000000001,1761000,2025-10-03 13:09:59
2025-10-03 13:10:00,0.5793,0.5791,0.5802,0.5788,725123.9999999999,1252000,2025-10-03 13:19:59
2025-10-03 13:20:00,0.5795,0.5796,0.5798,0.5795,110125.20000000001,190000,2025-10-03 13:29:59
2025-10-03 13:30:00,0.5796,0.5803,0.5805,0.5795,398377.60000000003,687000,2025-10-03 13:39:59
2025-10-03 13:40:00,0.5799,0.5794,0.5807,0.5794,248221.7,428000,2025-10-03 13:49:59
2025-10-03 13:50:00,0.5794,0.5793,0.5794,0.578,614512.6999999998,1062000,2025-10-03 13:59:59
2025-10-03 14:00:00,0.5793,0.5804,0.5804,0.5793,836065.9,1442000,2025-10-03 14:09:59
2025-10-03 14:10:00,0.5803,0.5812,0.5812,0.5793,585908.5,1010000,2025-10-03 14:19:59
2025-10-03 14:20:00,0.5812,0.5815,0.582,0.581,355867.50000000006,612000,2025-10-03 14:29:59
2025-10-03 14:30:00,0.5812,0.589,0.589,0.5812,4232995.4,7246000,2025-10-03 14:39:59
2025-10-03 14:40:00,0.5878,0.5833,0.5882,0.5832,2861964.4,4883000,2025-10-03 14:49:59
2025-10-03 14:50:00,0.5836,0.5874,0.589,0.5836,3985461.6999999993,6788000,2025-10-03 14:59:59
2025-10-03 15:00:00,0.5874,0.5859,0.5884,0.5855,1808990.0999999999,3082000,2025-10-03 15:09:59
2025-10-03 15:10:00,0.586,0.5863,0.5873,0.5859,454687.0,775000,2025-10-03 15:19:59
2025-10-03 15:20:00,0.5862,0.586,0.5869,0.5859,459599.70000000007,784000,2025-10-03 15:29:59
2025-10-03 15:30:00,0.5867,0.5837,0.5867,0.5837,866935.8,1481000,2025-10-03 15:39:59
2025-10-03 15:40:00,0.5837,0.5844,0.5846,0.5837,181004.7,310000,2025-10-03 15:49:59
2025-10-03 15:50:00,0.5845,0.5839,0.5847,0.5839,342386.6,586000,2025-10-03 15:59:59
2025-10-03 16:00:00,0.584,0.5839,0.584,0.5838,170480.5,292000,2025-10-03 16:09:59
2025-10-03 16:10:00,0.5839,0.5847,0.585,0.5839,632606.6000000001,1082000,2025-10-03 16:19:59
2025-10-03 16:20:00,0.5847,0.5845,0.5847,0.5843,32147.5,55000,2025-10-03 16:29:59
2025-10-03 16:30:00,0.5844,0.5847,0.5847,0.584,175258.40000000002,300000,2025-10-03 16:39:59
2025-10-03 16:40:00,0.5847,0.5848,0.5848,0.5842,525841.2999999999,900000,2025-10-03 16:49:59
2025-10-03 16:50:00,0.5848,0.5847,0.585,0.5847,1353608.7,2314000,2025-10-03 16:55:09
2025-10-03 17:00:00,0.5845,0.584,0.5848,0.584,503557.4,862000,2025-10-03 17:09:59
2025-10-03 17:10:00,0.584,0.5828,0.5845,0.582,1028011.8,1764000,2025-10-03 17:19:59
2025-10-03 17:20:00,0.5828,0.5828,0.583,0.5821,222606.6,382000,2025-10-03 17:29:59
2025-10-03 17:30:00,0.5821,0.5808,0.5826,0.5808,824355.3,1418000,2025-10-03 17:39:59
2025-10-03 17:40:00,0.5809,0.5823,0.5823,0.5809,964014.2,1657000,2025-10-03 17:49:59
2025-10-03 17:50:00,0.582,0.582,0.5824,0.5815,98896.0,170000,2025-10-03 17:59:08
2025-10-03 18:00:00,0.582,0.5822,0.5822,0.5809,385010.8,662000,2025-10-03 18:09:59
2025-10-03 18:10:00,0.5821,0.5823,0.5823,0.5812,118058.3,203000,2025-10-03 18:19:59
2025-10-03 18:20:00,0.5823,0.5825,0.5825,0.5819,69308.9,119000,2025-10-03 18:29:59
2025-10-03 18:30:00,0.5825,0.5833,0.5833,0.5814,834031.8999999998,1432000,2025-10-03 18:39:59
2025-10-03 18:40:00,0.5832,0.5832,0.5832,0.5832,33242.4,57000,2025-10-03 18:49:59
2025-10-03 19:00:00,0.5832,0.5819,0.5833,0.5809,284074.8,488000,2025-10-03 19:09:59
2025-10-03 19:10:00,0.5816,0.5807,0.5816,0.5799,1099519.0,1894000,2025-10-03 19:19:59
2025-10-03 19:20:00,0.5812,0.5805,0.5819,0.5801,1102611.4999999998,1898000,2025-10-03 19:29:59
2025-10-03 19:30:00,0.58,0.5783,0.5808,0.5783,718323.6,1240000,2025-10-03 19:39:59
2025-10-03 19:40:00,0.5781,0.5763,0.5783,0.575,2286006.8,3971000,2025-10-03 19:49:59
2025-10-03 19:50:00,0.5764,0.5702,0.5769,0.5701,6792986.899999999,11852000,2025-10-03 19:59:59
2025-10-03 20:00:00,0.5705,0.5703,0.571,0.567,3123548.5999999987,5492000,2025-10-03 20:09:59
2025-10-03 20:10:00,0.5704,0.5728,0.5728,0.5693,226735.69999999998,397000,2025-10-03 20:19:59
2025-10-03 20:20:00,0.5726,0.5706,0.5727,0.5706,358465.0,627000,2025-10-03 20:29:59
2025-10-03 20:30:00,0.5706,0.5728,0.5728,0.5705,70287.4,123000,2025-10-03 20:39:59
2025-10-03 20:40:00,0.5727,0.571,0.5728,0.5709,235527.5,412000,2025-10-03 20:49:59
2025-10-03 20:50:00,0.5715,0.5719,0.5719,0.5709,223367.5,391000,2025-10-03 20:59:59
2025-10-03 21:00:00,0.5719,0.572,0.572,0.5708,37717.9,66000,2025-10-03 21:09:59
2025-10-03 21:10:00,0.572,0.5724,0.5726,0.5713,149787.19999999998,262000,2025-10-03 21:19:59
2025-10-03 21:20:00,0.5725,0.5733,0.5733,0.5716,312277.0,546000,2025-10-03 21:29:59
2025-10-03 21:30:00,0.573,0.5748,0.5748,0.573,471643.09999999986,822000,2025-10-03 21:39:59
2025-10-03 21:40:00,0.5746,0.5746,0.5747,0.5735,113720.70000000001,198000,2025-10-03 21:49:59
2025-10-03 21:50:00,0.5747,0.5735,0.5747,0.5717,555374.7999999999,969000,2025-10-03 21:59:09
2025-10-03 22:00:00,0.5735,0.5735,0.5741,0.5733,259321.89999999997,452000,2025-10-03 22:09:59
2025-10-03 22:10:00,0.5733,0.5721,0.5735,0.572,146605.7,256000,2025-10-03 22:19:59
2025-10-03 22:20:00,0.5725,0.572,0.5732,0.5707,1309096.9,2289000,2025-10-03 22:29:59
2025-10-03 22:30:00,0.5724,0.5721,0.5725,0.5717,189913.80000000002,332000,2025-10-03 22:39:59
2025-10-03 22:40:00,0.5725,0.573,0.5735,0.5721,638971.4,1115000,2025-10-03 22:49:59
2025-10-03 22:50:00,0.5729,0.5728,0.573,0.5724,24058.299999999996,42000,2025-10-03 22:59:09
2025-10-03 23:00:00,0.5725,0.5741,0.5741,0.5725,2278383.1,3973000,2025-10-03 23:09:59
2025-10-03 23:10:00,0.5741,0.572,0.5741,0.572,598395.2000000001,1045000,2025-10-03 23:19:59
2025-10-03 23:20:00,0.5719,0.5715,0.5722,0.5715,1152363.4,2016000,2025-10-03 23:29:59
2025-10-03 23:30:00,0.5715,0.5698,0.5718,0.569,1277064.0999999999,2239000,2025-10-03 23:39:59
2025-10-03 23:40:00,0.5698,0.568,0.5699,0.568,459331.10000000003,808000,2025-10-03 23:49:59
2025-10-04 09:50:00,0.5701,0.5701,0.5701,0.5701,33065.799999999996,58000,2025-10-04 09:59:59
2025-10-04 10:00:00,0.5701,0.566,0.5754,0.5623,1147153.2000000002,2022000,2025-10-04 10:09:59
2025-10-04 10:10:00,0.5672,0.5655,0.5677,0.5654,193379.49999999997,341000,2025-10-04 10:19:59
2025-10-04 10:20:00,0.566,0.563,0.5678,0.563,690610.4999999999,1221000,2025-10-04 10:29:59
2025-10-04 10:30:00,0.5647,0.5638,0.5653,0.5625,446215.0,792000,2025-10-04 10:39:59
2025-10-04 10:40:00,0.5629,0.5637,0.5679,0.5626,2420995.4999999995,4281000,2025-10-04 10:49:59
2025-10-04 10:50:00,0.5643,0.5644,0.5644,0.5639,109451.8,194000,2025-10-04 10:59:59
2025-10-04 11:00:00,0.5644,0.5643,0.5644,0.5631,177102.9,314000,2025-10-04 11:09:59
2025-10-04 11:10:00,0.5641,0.5655,0.566,0.5641,132767.00000000003,235000,2025-10-04 11:19:59
2025-10-04 11:20:00,0.5653,0.5659,0.5659,0.5644,162691.5,288000,2025-10-04 11:29:59
2025-10-04 11:30:00,0.566,0.5669,0.5677,0.5652,207870.8,367000,2025-10-04 11:39:59
2025-10-04 11:40:00,0.5669,0.5655,0.5669,0.5652,24902.8,44000,2025-10-04 11:49:59
2025-10-04 11:50:00,0.5654,0.5652,0.5654,0.5641,270952.19999999995,480000,2025-10-04 11:59:59
2025-10-04 12:00:00,0.5652,0.565,0.5654,0.565,43528.1,77000,2025-10-04 12:09:59
2025-10-04 12:10:00,0.5648,0.5634,0.5649,0.5633,51890.200000000004,92000,2025-10-04 12:19:59
2025-10-04 12:20:00,0.5642,0.563,0.5647,0.563,363079.1,644000,2025-10-04 12:29:59
2025-10-04 12:30:00,0.563,0.5627,0.563,0.5615,1174408.8,2088000,2025-10-04 12:39:59
2025-10-04 12:40:00,0.5618,0.5614,0.5627,0.5614,225810.4,402000,2025-10-04 12:49:59
2025-10-04 12:50:00,0.5616,0.5622,0.565,0.5611,1277777.2000000002,2268000,2025-10-04 12:59:01
2025-10-04 13:00:00,0.5623,0.56,0.5623,0.5585,960226.6000000001,1715000,2025-10-04 13:09:59
2025-10-04 13:10:00,0.5607,0.561,0.5626,0.5606,71294.0,127000,2025-10-04 13:19:59
2025-10-04 13:20:00,0.5608,0.5621,0.5621,0.5601,53842.700000000004,96000,2025-10-04 13:29:59
2025-10-04 13:30:00,0.562,0.5555,0.562,0.5555,2441231.9,4383000,2025-10-04 13:39:59
2025-10-04 13:40:00,0.5555,0.5568,0.5575,0.5555,313227.00000000006,563000,2025-10-04 13:49:59
2025-10-04 13:50:00,0.5564,0.5581,0.5583,0.554,2053199.7000000002,3699000,2025-10-04 13:59:59
2025-10-04 14:00:00,0.5579,0.5574,0.5613,0.5568,1033227.9,1847000,2025-10-04 14:09:59
2025-10-04 14:10:00,0.5585,0.5603,0.5604,0.558,414774.4,741000,2025-10-04 14:19:59
2025-10-04 14:20:00,0.5602,0.5583,0.5605,0.5583,123732.5,221000,2025-10-04 14:29:59
2025-10-04 14:30:00,0.5598,0.559,0.5603,0.5587,34130.399999999994,61000,2025-10-04 14:39:59
2025-10-04 14:40:00,0.559,0.5603,0.5603,0.559,20167.0,36000,2025-10-04 14:49:59
2025-10-04 14:50:00,0.5602,0.5592,0.5604,0.5585,388335.3,695000,2025-10-04 14:59:59
2025-10-04 15:00:00,0.56,0.5563,0.5601,0.5554,1465278.9,2631000,2025-10-04 15:09:59
2025-10-04 15:10:00,0.5563,0.5605,0.5605,0.5563,1816747.6000000003,3252000,2025-10-04 15:19:59
2025-10-04 15:20:00,0.5605,0.5605,0.5607,0.5601,275741.89999999997,492000,2025-10-04 15:29:59
2025-10-04 15:30:00,0.5605,0.561,0.561,0.5601,187280.7,334000,2025-10-04 15:39:59
2025-10-04 15:40:00,0.5608,0.5605,0.5615,0.5599,403455.00000000006,719000,2025-10-04 15:49:59
2025-10-04 15:50:00,0.5605,0.5611,0.5611,0.5598,29691.299999999996,53000,2025-10-04 15:59:59
2025-10-04 16:00:00,0.5611,0.5614,0.5614,0.5611,21332.4,38000,2025-10-04 16:09:59
2025-10-04 16:10:00,0.5612,0.56,0.5615,0.5598,973867.2000000001,1736000,2025-10-04 16:19:59
2025-10-04 16:20:00,0.56,0.5609,0.5611,0.56,17938.2,32000,2025-10-04 16:29:59
2025-10-04 16:30:00,0.561,0.5581,0.561,0.558,523725.79999999993,937000,2025-10-04 16:39:59
2025-10-04 16:40:00,0.5581,0.5597,0.5598,0.558,1403456.7999999998,2512000,2025-10-04 16:49:59
2025-10-04 16:50:00,0.5584,0.5588,0.5597,0.5571,251914.0,451000,2025-10-04 16:59:59
2025-10-04 17:00:00,0.5597,0.5576,0.5597,0.5576,19002.7,34000,2025-10-04 17:09:59
2025-10-04 17:10:00,0.5578,0.5581,0.559,0.5565,571229.0,1026000,2025-10-04 17:19:59
2025-10-04 17:20:00,0.558,0.5579,0.5584,0.5567,16180.0,29000,2025-10-04 17:29:59
2025-10-04 17:30:00,0.5577,0.5578,0.5582,0.5567,48477.200000000004,87000,2025-10-04 17:39:59
2025-10-04 17:40:00,0.5574,0.5572,0.5586,0.5569,26769.199999999997,48000,2025-10-04 17:49:59
2025-10-04 17:50:00,0.5572,0.559,0.559,0.5572,225199.99999999997,403000,2025-10-04 17:56:02
2025-10-04 18:00:00,0.559,0.5591,0.5591,0.5579,337694.1,604000,2025-10-04 18:09:59
2025-10-04 18:10:00,0.5591,0.5595,0.5603,0.5591,123028.79999999999,220000,2025-10-04 18:19:59
2025-10-04 18:20:00,0.5595,0.5602,0.5605,0.5585,105789.09999999999,189000,2025-10-04 18:29:59
2025-10-04 18:30:00,0.5601,0.5602,0.5602,0.56,8962.9,16000,2025-10-04 18:39:59
2025-10-04 18:40:00,0.5601,0.5587,0.5601,0.5576,244973.3,438000,2025-10-04 18:49:59
2025-10-04 18:50:00,0.5587,0.5572,0.5592,0.5572,153412.89999999997,275000,2025-10-04 18:57:01
2025-10-05 09:50:00,0.563,0.563,0.563,0.563,12386.0,22000,2025-10-05 09:59:59
2025-10-05 10:00:00,0.5573,0.5596,0.5629,0.5572,474166.79999999993,846000,2025-10-05 10:09:59
2025-10-05 10:10:00,0.5596,0.5587,0.5596,0.5587,87738.5,157000,2025-10-05 10:19:59
2025-10-05 10:20:00,0.5594,0.5611,0.5611,0.5587,372271.8,665000,2025-10-05 10:29:59
2025-10-05 10:30:00,0.5609,0.5613,0.5622,0.5605,664441.3,1183000,2025-10-05 10:39:59
2025-10-05 10:40:00,0.561,0.562,0.562,0.5601,117862.80000000002,210000,2025-10-05 10:49:59
2025-10-05 10:50:00,0.5621,0.5619,0.5621,0.561,53344.1,95000,2025-10-05 10:59:06
2025-10-05 11:00:00,0.5616,0.56,0.5616,0.5599,48766.9,87000,2025-10-05 11:09:59
2025-10-05 11:10:00,0.5601,0.56,0.5604,0.5592,108570.8,194000,2025-10-05 11:19:59
2025-10-05 11:20:00,0.5599,0.5612,0.5616,0.5598,187226.9,334000,2025-10-05 11:29:59
2025-10-05 11:30:00,0.5611,0.5616,0.5617,0.5604,125768.79999999999,224000,2025-10-05 11:39:59
2025-10-05 11:40:00,0.5615,0.5617,0.5625,0.5605,304712.19999999995,542000,2025-10-05 11:49:59
2025-10-05 11:50:00,0.5616,0.5621,0.5622,0.5612,28080.4,50000,2025-10-05 11:59:59
2025-10-05 12:00:00,0.5621,0.5619,0.5621,0.5616,10675.9,19000,2025-10-05 12:09:59
2025-10-05 12:10:00,0.5617,0.562,0.5621,0.5612,259681.4,462000,2025-10-05 12:19:59
2025-10-05 12:20:00,0.5617,0.5617,0.5617,0.5611,82559.5,147000,2025-10-05 12:29:59
2025-10-05 12:30:00,0.5617,0.5615,0.5621,0.5615,120806.69999999998,215000,2025-10-05 12:39:59
2025-10-05 12:40:00,0.5619,0.5619,0.5619,0.5613,12357.8,22000,2025-10-05 12:49:59
2025-10-05 12:50:00,0.5618,0.5616,0.5618,0.5616,44942.9,80000,2025-10-05 12:59:59
2025-10-05 13:00:00,0.5617,0.5617,0.5617,0.5612,43218.1,77000,2025-10-05 13:09:59
2025-10-05 13:10:00,0.5617,0.5616,0.5618,0.561,55014.4,98000,2025-10-05 13:19:59
2025-10-05 13:20:00,0.5616,0.5616,0.5616,0.5614,7299.4,13000,2025-10-05 13:29:59
2025-10-05 13:30:00,0.5613,0.5608,0.5615,0.5608,43747.9,78000,2025-10-05 13:39:59
2025-10-05 13:40:00,0.5608,0.5618,0.5619,0.5608,129184.90000000002,230000,2025-10-05 13:49:59
2025-10-05 13:50:00,0.5618,0.5615,0.5618,0.5615,8987.6,16000,2025-10-05 13:58:01
2025-10-05 14:00:00,0.5615,0.5618,0.5618,0.5614,113459.59999999998,202000,2025-10-05 14:09:59
2025-10-05 14:10:00,0.5617,0.5619,0.5619,0.5616,146602.8,261000,2025-10-05 14:19:59
2025-10-05 14:20:00,0.5619,0.5613,0.5619,0.5613,75841.5,135000,2025-10-05 14:29:59
2025-10-05 14:30:00,0.5617,0.5619,0.5655,0.5616,2699945.6,4798000,2025-10-05 14:39:59
2025-10-05 14:40:00,0.562,0.5615,0.562,0.5615,221977.69999999998,395000,2025-10-05 14:49:59
2025-10-05 14:50:00,0.562,0.5619,0.562,0.5616,8990.2,16000,2025-10-05 14:59:59
2025-10-05 15:00:00,0.5618,0.5617,0.562,0.5606,360504.50000000006,642000,2025-10-05 15:09:59
2025-10-05 15:10:00,0.5617,0.5616,0.5617,0.5613,16849.2,30000,2025-10-05 15:19:59
2025-10-05 15:20:00,0.5617,0.5612,0.5618,0.5601,273101.60000000003,487000,2025-10-05 15:29:59
2025-10-05 15:30:00,0.5612,0.5617,0.5617,0.5611,34806.1,62000,2025-10-05 15:39:59
2025-10-05 15:40:00,0.5616,0.5618,0.5618,0.5613,781149.6,1391000,2025-10-05 15:49:59
2025-10-05 15:50:00,0.5618,0.5618,0.5619,0.5617,219664.40000000002,391000,2025-10-05 15:59:59
2025-10-05 16:00:00,0.5608,0.562,0.562,0.5604,210086.29999999996,374000,2025-10-05 16:09:59
2025-10-05 16:10:00,0.5619,0.5613,0.562,0.5602,344913.30000000005,615000,2025-10-05 16:19:59
2025-10-05 16:20:00,0.5613,0.5603,0.5616,0.5603,20204.5,36000,2025-10-05 16:29:59
2025-10-05 16:30:00,0.5603,0.56,0.5612,0.5597,551111.8,984000,2025-10-05 16:39:59
2025-10-05 16:40:00,0.56,0.5596,0.56,0.5596,31907.299999999996,57000,2025-10-05 16:49:59
2025-10-05 16:50:00,0.56,0.56,0.56,0.5593,10631.699999999999,19000,2025-10-05 16:59:59
2025-10-05 17:00:00,0.56,0.5594,0.56,0.5591,169576.80000000002,303000,2025-10-05 17:09:59
2025-10-05 17:10:00,0.5594,0.5604,0.562,0.559,805960.8999999999,1439000,2025-10-05 17:19:59
2025-10-05 17:20:00,0.5604,0.5606,0.5606,0.559,549913.4,983000,2025-10-05 17:29:59
2025-10-05 17:30:00,0.5606,0.5605,0.5611,0.5605,380759.3,679000,2025-10-05 17:39:59
2025-10-05 17:40:00,0.5605,0.5601,0.5613,0.5601,76270.8,136000,2025-10-05 17:49:59
2025-10-05 17:50:00,0.5608,0.5609,0.5609,0.5608,1121.6999999999998,2000,2025-10-05 17:59:59
2025-10-05 18:00:00,0.5609,0.5605,0.5609,0.5605,17375.9,31000,2025-10-05 18:09:59
2025-10-05 18:10:00,0.561,0.5628,0.5628,0.561,165763.5,295000,2025-10-05 18:19:59
2025-10-05 18:20:00,0.5626,0.5617,0.5629,0.5608,115682.0,206000,2025-10-05 18:29:59
2025-10-05 18:30:00,0.5617,0.5606,0.5618,0.5605,654887.4,1166000,2025-10-05 18:39:59
2025-10-05 18:40:00,0.5606,0.5606,0.5606,0.5604,517980.49999999994,924000,2025-10-05 18:49:59
2025-10-05 18:50:00,0.5606,0.5606,0.5606,0.5605,669354.5,1194000,2025-10-05 18:59:59
2025-10-06 07:00:00,0.567,0.5644,0.5675,0.5638,1011391.2,1786000,2025-10-06 07:09:59
2025-10-06 07:10:00,0.5646,0.5662,0.5665,0.5641,251839.30000000005,446000,2025-10-06 07:19:59
2025-10-06 07:20:00,0.5662,0.5692,0.5727,0.5662,2298075.3000000003,4039000,2025-10-06 07:29:59
2025-10-06 07:30:00,0.5701,0.5739,0.5799,0.5685,8046441.2,13992000,2025-10-06 07:39:59
2025-10-06 07:40:00,0.5716,0.5736,0.5752,0.571,1026685.2,1791000,2025-10-06 07:49:59
2025-10-06 07:50:00,0.5736,0.5722,0.5736,0.571,198374.4,347000,2025-10-06 07:59:59
2025-10-06 08:00:00,0.5718,0.5716,0.5718,0.5695,781869.0,1370000,2025-10-06 08:09:59
2025-10-06 08:10:00,0.5714,0.5688,0.5714,0.5688,463357.49999999994,813000,2025-10-06 08:19:59
2025-10-06 08:20:00,0.5688,0.5697,0.5698,0.5687,144495.5,254000,2025-10-06 08:29:59
2025-10-06 08:30:00,0.5697,0.5682,0.5697,0.5682,157020.7,276000,2025-10-06 08:39:59
2025-10-06 08:40:00,0.5682,0.5692,0.5695,0.5682,405939.9,714000,2025-10-06 08:49:59
2025-10-06 08:50:00,0.5693,0.5696,0.5696,0.5682,489392.60000000003,861000,2025-10-06 08:59:59
2025-10-06 09:00:00,0.5694,0.5646,0.5694,0.5644,1394200.0999999999,2455000,2025-10-06 09:09:59
2025-10-06 09:10:00,0.5646,0.5653,0.5672,0.5646,183983.9,325000,2025-10-06 09:19:59
2025-10-06 09:20:00,0.5663,0.5664,0.5672,0.5654,452751.39999999997,799000,2025-10-06 09:29:59
2025-10-06 09:30:00,0.567,0.5672,0.5677,0.5665,562639.5,992000,2025-10-06 09:39:59
2025-10-06 09:40:00,0.5673,0.5676,0.5688,0.567,133313.3,235000,2025-10-06 09:49:59
2025-10-06 09:50:00,0.5676,0.5678,0.5704,0.567,1128953.7,1989000,2025-10-06 09:59:59
2025-10-06 10:00:00,0.5698,0.577,0.577,0.567,1411211.4999999998,2470000,2025-10-06 10:09:59
2025-10-06 10:10:00,0.5772,0.5738,0.5787,0.5601,7260724.499999998,12791000,2025-10-06 10:19:59
2025-10-06 10:20:00,0.5738,0.5787,0.5829,0.5726,9665030.799999999,16678000,2025-10-06 10:29:59
2025-10-06 10:30:00,0.5787,0.5826,0.5869,0.5757,4898167.5,8441000,2025-10-06 10:39:59
2025-10-06 10:40:00,0.5841,0.5826,0.5874,0.58,5104135.200000002,8737000,2025-10-06 10:49:59
2025-10-06 10:50:00,0.5817,0.5855,0.5875,0.5799,1715974.9000000004,2939000,2025-10-06 10:59:59
2025-10-06 11:00:00,0.5855,0.5814,0.5864,0.5804,2756093.6,4723000,2025-10-06 11:09:59
2025-10-06 11:10:00,0.5814,0.5809,0.5822,0.58,1658729.7999999998,2858000,2025-10-06 11:19:59
2025-10-06 11:20:00,0.5802,0.5801,0.5809,0.58,555845.3,958000,2025-10-06 11:29:59
2025-10-06 11:30:00,0.5801,0.5791,0.5803,0.5784,746864.9,1289000,2025-10-06 11:39:59
2025-10-06 11:40:00,0.5793,0.5777,0.5795,0.5777,486783.6,841000,2025-10-06 11:49:59
2025-10-06 11:50:00,0.5776,0.5792,0.5792,0.5771,447263.39999999997,774000,2025-10-06 11:59:59
2025-10-06 12:00:00,0.5793,0.5812,0.5827,0.5793,1027343.9999999999,1768000,2025-10-06 12:09:59
2025-10-06 12:10:00,0.5813,0.5815,0.582,0.5805,153418.2,264000,2025-10-06 12:19:59
2025-10-06 12:20:00,0.5816,0.5843,0.585,0.5816,741040.0000000001,1271000,2025-10-06 12:29:59
2025-10-06 12:30:00,0.5843,0.5827,0.586,0.5818,1562482.3,2676000,2025-10-06 12:39:59
2025-10-06 12:40:00,0.5827,0.5846,0.5854,0.582,706810.0,1211000,2025-10-06 12:49:59
2025-10-06 12:50:00,0.5845,0.5843,0.5846,0.5833,488881.6,837000,2025-10-06 12:59:59
2025-10-06 13:00:00,0.5843,0.5831,0.5848,0.5815,700479.9,1202000,2025-10-06 13:09:59
2025-10-06 13:10:00,0.5831,0.5834,0.5852,0.5831,781496.1000000001,1339000,2025-10-06 13:19:59
2025-10-06 13:20:00,0.5834,0.5802,0.5834,0.5802,780685.8999999999,1343000,2025-10-06 13:29:59
2025-10-06 13:30:00,0.5801,0.5802,0.5831,0.5801,1331192.5000000002,2289000,2025-10-06 13:39:59
2025-10-06 13:40:00,0.5809,0.5756,0.5818,0.5756,2390101.9999999995,4135000,2025-10-06 13:49:59
2025-10-06 13:50:00,0.5772,0.576,0.5773,0.5751,2019691.3000000003,3507000,2025-10-06 13:59:59
2025-10-06 14:00:00,0.576,0.5789,0.579,0.5759,1474209.6,2556000,2025-10-06 14:09:59
2025-10-06 14:10:00,0.5784,0.5768,0.5786,0.5768,313659.9,543000,2025-10-06 14:19:59
2025-10-06 14:20:00,0.5777,0.5759,0.5777,0.5753,470600.69999999995,817000,2025-10-06 14:29:59
2025-10-06 14:30:00,0.5759,0.5757,0.5763,0.5752,79429.3,138000,2025-10-06 14:39:59
2025-10-06 14:40:00,0.5757,0.577,0.5779,0.5752,369930.5,641000,2025-10-06 14:49:59
2025-10-06 14:50:00,0.5766,0.5742,0.5766,0.5736,992642.9,1727000,2025-10-06 14:59:59
2025-10-06 15:00:00,0.5738,0.5749,0.5749,0.5734,361258.9,629000,2025-10-06 15:09:59
2025-10-06 15:10:00,0.5746,0.5737,0.5749,0.5734,362466.69999999995,631000,2025-10-06 15:19:59
2025-10-06 15:20:00,0.5735,0.5724,0.5739,0.5724,559380.0,976000,2025-10-06 15:29:59
2025-10-06 15:30:00,0.5724,0.5726,0.5732,0.5724,137394.5,240000,2025-10-06 15:39:59
2025-10-06 15:40:00,0.5726,0.5743,0.5751,0.5718,848453.3999999999,1481000,2025-10-06 15:49:59
2025-10-06 15:50:00,0.5738,0.5754,0.5756,0.5732,580996.3,1011000,2025-10-06 15:59:59
2025-10-06 16:00:00,0.5754,0.5758,0.5758,0.5749,291223.8,506000,2025-10-06 16:09:59
2025-10-06 16:10:00,0.5758,0.5799,0.5799,0.5758,1789023.3,3095000,2025-10-06 16:19:59
2025-10-06 16:20:00,0.5799,0.5798,0.5799,0.5795,230730.49999999997,398000,2025-10-06 16:29:59
2025-10-06 16:30:00,0.5799,0.5816,0.5817,0.5794,416056.6,717000,2025-10-06 16:39:59
2025-10-06 16:40:00,0.5807,0.5813,0.5813,0.5797,297663.6,513000,2025-10-06 16:49:59
2025-10-06 16:50:00,0.5813,0.5802,0.582,0.58,579398.1,997000,2025-10-06 16:59:59
2025-10-06 17:00:00,0.5802,0.5795,0.581,0.5795,484526.5,835000,2025-10-06 17:09:59
2025-10-06 17:10:00,0.5791,0.5786,0.5796,0.5762,1311028.8000000003,2269000,2025-10-06 17:19:59
2025-10-06 17:20:00,0.5786,0.5779,0.579,0.5767,370084.00000000006,640000,2025-10-06 17:29:59
2025-10-06 17:30:00,0.5773,0.5767,0.5777,0.5764,194419.90000000002,337000,2025-10-06 17:39:59
2025-10-06 17:40:00,0.5776,0.578,0.5786,0.5771,405102.60000000003,701000,2025-10-06 17:49:59
2025-10-06 17:50:00,0.5771,0.5763,0.5782,0.5758,404267.8,701000,2025-10-06 17:59:59
2025-10-06 18:00:00,0.5763,0.5773,0.5775,0.5761,76073.70000000001,132000,2025-10-06 18:09:59
2025-10-06 18:10:00,0.5776,0.5788,0.5789,0.5775,98952.90000000001,171000,2025-10-06 18:19:59
2025-10-06 18:20:00,0.5791,0.5822,0.5833,0.579,1586653.2,2729000,2025-10-06 18:29:59
2025-10-06 18:30:00,0.5822,0.5821,0.585,0.5821,2855571.6,4888000,2025-10-06 18:39:59
2025-10-06 18:40:00,0.5822,0.5822,0.5822,0.5822,13972.800000000001,24000,2025-10-06 18:46:15
2025-10-06 19:00:00,0.582,0.5798,0.5825,0.5796,749318.1000000001,1289000,2025-10-06 19:09:59
2025-10-06 19:10:00,0.5797,0.5826,0.5826,0.5797,87686.00000000001,151000,2025-10-06 19:19:59
2025-10-06 19:20:00,0.5819,0.5826,0.583,0.5819,596018.0,1023000,2025-10-06 19:29:59
2025-10-06 19:30:00,0.5823,0.5833,0.5833,0.5814,118768.09999999999,204000,2025-10-06 19:39:59
2025-10-06 19:40:00,0.5833,0.5842,0.5842,0.582,759409.3999999999,1302000,2025-10-06 19:49:59
2025-10-06 19:50:00,0.5843,0.5819,0.5843,0.5819,558750.9999999999,959000,2025-10-06 19:59:59
2025-10-06 20:00:00,0.5828,0.5846,0.585,0.5818,903758.1,1547000,2025-10-06 20:09:59
2025-10-06 20:10:00,0.5838,0.5851,0.5851,0.5838,295859.6000000001,506000,2025-10-06 20:19:59
2025-10-06 20:20:00,0.5852,0.5867,0.589,0.5851,2105570.5,3585000,2025-10-06 20:29:59
2025-10-06 20:30:00,0.5876,0.586,0.5886,0.586,686481.4999999999,1169000,2025-10-06 20:39:59
2025-10-06 20:40:00,0.586,0.5833,0.586,0.583,464728.6,795000,2025-10-06 20:49:59
2025-10-06 20:50:00,0.5832,0.5841,0.5845,0.5824,350488.19999999995,601000,2025-10-06 20:59:59
2025-10-06 21:00:00,0.5841,0.5825,0.5841,0.5825,130670.2,224000,2025-10-06 21:09:59
2025-10-06 21:10:00,0.5832,0.5847,0.5847,0.5832,110440.9,189000,2025-10-06 21:19:59
2025-10-06 21:20:00,0.5848,0.5832,0.5849,0.5831,153084.09999999998,262000,2025-10-06 21:29:59
2025-10-06 21:30:00,0.584,0.5834,0.5842,0.5825,755216.7,1295000,2025-10-06 21:39:59
2025-10-06 21:40:00,0.5828,0.5818,0.5833,0.5815,596710.1000000001,1025000,2025-10-06 21:49:59
2025-10-06 21:50:00,0.5818,0.5818,0.5818,0.5817,84942.6,146000,2025-10-06 21:59:59
2025-10-06 22:00:00,0.5817,0.5837,0.5837,0.5811,470056.89999999997,808000,2025-10-06 22:09:59
2025-10-06 22:10:00,0.5837,0.5839,0.5844,0.5827,195011.1,334000,2025-10-06 22:19:59
2025-10-06 22:20:00,0.5843,0.5846,0.5847,0.5839,161269.09999999998,276000,2025-10-06 22:29:59
2025-10-06 22:30:00,0.5844,0.5841,0.5844,0.5839,256336.19999999998,439000,2025-10-06 22:39:59
2025-10-06 22:40:00,0.5831,0.5851,0.5856,0.5831,626146.3,1071000,2025-10-06 22:49:59
2025-10-06 22:50:00,0.585,0.5867,0.5867,0.585,927640.7999999999,1584000,2025-10-06 22:59:59
2025-10-06 23:00:00,0.5866,0.5864,0.5871,0.5857,290286.6,495000,2025-10-06 23:09:59
2025-10-06 23:10:00,0.587,0.5892,0.591,0.5865,3419982.8,5806000,2025-10-06 23:19:59
2025-10-06 23:20:00,0.5892,0.5885,0.5892,0.5885,436361.5,741000,2025-10-06 23:29:59
2025-10-06 23:30:00,0.5885,0.5877,0.5888,0.5865,958420.6,1629000,2025-10-06 23:39:59
2025-10-06 23:40:00,0.5865,0.5851,0.5887,0.585,432096.60000000003,737000,2025-10-06 23:49:59
2025-10-07 06:50:00,0.5877,0.5877,0.5877,0.5877,1175.4,2000,2025-10-07 06:59:59
2025-10-07 07:00:00,0.5877,0.5838,0.5897,0.5829,232528.5,397000,2025-10-07 07:09:59
2025-10-07 07:10:00,0.5838,0.585,0.5858,0.5829,443322.19999999995,758000,2025-10-07 07:19:59
2025-10-07 07:20:00,0.585,0.5854,0.5859,0.5834,328791.4,563000,2025-10-07 07:29:59
2025-10-07 07:30:00,0.5855,0.5834,0.5855,0.5832,88293.4,151000,2025-10-07 07:39:59
2025-10-07 07:40:00,0.5834,0.5847,0.585,0.5831,194281.50000000003,333000,2025-10-07 07:49:59
2025-10-07 07:50:00,0.5848,0.583,0.5849,0.583,60089.299999999996,103000,2025-10-07 07:59:02
2025-10-07 08:00:00,0.583,0.5817,0.5843,0.5817,104381.50000000001,179000,2025-10-07 08:09:59
2025-10-07 08:10:00,0.5822,0.5877,0.5877,0.5822,594377.3,1015000,2025-10-07 08:19:59
2025-10-07 08:20:00,0.5877,0.5889,0.59,0.5877,1598444.2,2710000,2025-10-07 08:29:59
2025-10-07 08:30:00,0.5897,0.588,0.5897,0.5879,306269.3,520000,2025-10-07 08:39:59
2025-10-07 08:40:00,0.5879,0.587,0.588,0.587,296273.1,504000,2025-10-07 08:49:59
2025-10-07 08:50:00,0.5868,0.5891,0.5891,0.5868,286870.6,488000,2025-10-07 08:59:59
2025-10-07 09:00:00,0.5879,0.5817,0.5879,0.5817,3319478.2,5682000,2025-10-07 09:09:59
2025-10-07 09:10:00,0.5824,0.5833,0.5835,0.5823,518018.19999999995,889000,2025-10-07 09:19:59
2025-10-07 09:20:00,0.5833,0.5843,0.5848,0.5833,676994.6,1159000,2025-10-07 09:29:59
2025-10-07 09:30:00,0.5836,0.5807,0.5836,0.5781,1978676.4999999998,3409000,2025-10-07 09:39:59
2025-10-07 09:40:00,0.5807,0.5812,0.5814,0.5791,256475.4,442000,2025-10-07 09:49:59
2025-10-07 09:50:00,0.5813,0.5792,0.5813,0.5787,901668.7000000001,1557000,2025-10-07 09:59:59
2025-10-07 10:00:00,0.5792,0.5818,0.5821,0.5792,890756.3,1532000,2025-10-07 10:09:59
2025-10-07 10:10:00,0.5819,0.5813,0.582,0.5791,426657.4,735000,2025-10-07 10:19:59
2025-10-07 10:20:00,0.5813,0.583,0.583,0.5798,440368.80000000005,757000,2025-10-07 10:29:59
2025-10-07 10:30:00,0.583,0.587,0.5887,0.5813,2427360.1000000006,4149000,2025-10-07 10:39:59
2025-10-07 10:40:00,0.5873,0.5875,0.5884,0.5862,967940.6,1647000,2025-10-07 10:49:59
2025-10-07 10:50:00,0.587,0.5882,0.5902,0.5865,3906620.5,6629000,2025-10-07 10:59:59
2025-10-07 11:00:00,0.5879,0.5898,0.59,0.5877,1533796.5,2602000,2025-10-07 11:09:59
2025-10-07 11:10:00,0.5898,0.59,0.5901,0.589,1316071.4,2231000,2025-10-07 11:19:59
2025-10-07 11:20:00,0.5899,0.5884,0.5997,0.5868,10472497.3,17681000,2025-10-07 11:29:59
2025-10-07 11:30:00,0.5893,0.5885,0.5898,0.5875,853749.1000000001,1451000,2025-10-07 11:39:59
2025-10-07 11:40:00,0.5883,0.5883,0.5896,0.5875,743954.1,1264000,2025-10-07 11:49:59
2025-10-07 11:50:00,0.588,0.588,0.5883,0.5874,246816.60000000003,420000,2025-10-07 11:59:59
2025-10-07 12:00:00,0.5882,0.5882,0.5883,0.588,97652.09999999999,166000,2025-10-07 12:09:59
2025-10-07 12:10:00,0.5882,0.5887,0.5892,0.5877,484684.7,824000,2025-10-07 12:19:59
2025-10-07 12:20:00,0.5887,0.5876,0.5889,0.5874,462257.2,786000,2025-10-07 12:29:59
2025-10-07 12:30:00,0.5875,0.5875,0.5882,0.5863,1092351.0999999999,1860000,2025-10-07 12:39:59
2025-10-07 12:40:00,0.5874,0.5893,0.5893,0.5874,647731.1000000001,1101000,2025-10-07 12:49:59
2025-10-07 12:50:00,0.5891,0.5896,0.5897,0.589,1261090.5000000002,2139000,2025-10-07 12:59:59
2025-10-07 13:00:00,0.5898,0.5896,0.5898,0.5896,1442778.5999999999,2447000,2025-10-07 13:09:59
2025-10-07 13:10:00,0.5896,0.5906,0.5907,0.5896,1458319.1,2472000,2025-10-07 13:19:59
2025-10-07 13:20:00,0.5907,0.596,0.597,0.5907,2740217.5,4607000,2025-10-07 13:29:59
2025-10-07 13:30:00,0.5953,0.5959,0.5989,0.595,2949136.0000000005,4938000,2025-10-07 13:39:59
2025-10-07 13:40:00,0.5968,0.5986,0.5988,0.5954,1639246.2000000002,2740000,2025-10-07 13:49:59
2025-10-07 13:50:00,0.5986,0.6038,0.6064,0.5983,22369947.500000004,37249000,2025-10-07 13:59:59
2025-10-07 14:00:00,0.6038,0.6026,0.6063,0.6016,3020354.4,4998000,2025-10-07 14:09:59
2025-10-07 14:10:00,0.6035,0.6012,0.6039,0.6,2613232.5,4346000,2025-10-07 14:19:59
2025-10-07 14:20:00,0.6012,0.6018,0.6039,0.6012,642005.2000000002,1066000,2025-10-07 14:29:59
2025-10-07 14:30:00,0.6015,0.6047,0.6073,0.6012,2867345.599999999,4746000,2025-10-07 14:39:59
2025-10-07 14:40:00,0.6047,0.6047,0.6071,0.6035,5138553.4,8477000,2025-10-07 14:49:59
2025-10-07 14:50:00,0.6047,0.6036,0.6052,0.603,1227025.7,2032000,2025-10-07 14:59:59
2025-10-07 15:00:00,0.6033,0.5992,0.6036,0.5992,3140667.9,5229000,2025-10-07 15:09:59
2025-10-07 15:10:00,0.5992,0.5974,0.5992,0.5955,1637938.2,2740000,2025-10-07 15:19:59
2025-10-07 15:20:00,0.5972,0.6001,0.6001,0.5972,469926.1,785000,2025-10-07 15:29:59
2025-10-07 15:30:00,0.6,0.6009,0.6019,0.5976,382886.0,638000,2025-10-07 15:39:59
2025-10-07 15:40:00,0.6009,0.6023,0.6031,0.6009,267864.9,445000,2025-10-07 15:49:59
2025-10-07 15:50:00,0.603,0.6028,0.603,0.601,5040743.8,8365000,2025-10-07 15:59:59
2025-10-07 16:00:00,0.6017,0.6003,0.6048,0.5996,1204759.9999999998,2000000,2025-10-07 16:09:59
2025-10-07 16:10:00,0.6006,0.602,0.602,0.6004,353089.5,587000,2025-10-07 16:19:59
2025-10-07 16:20:00,0.6013,0.601,0.6041,0.6003,729986.3,1214000,2025-10-07 16:29:59
2025-10-07 16:30:00,0.6011,0.6016,0.603,0.6006,344921.1,573000,2025-10-07 16:39:59
2025-10-07 16:40:00,0.6023,0.6022,0.6033,0.601,404294.4,672000,2025-10-07 16:49:59
2025-10-07 16:50:00,0.6022,0.6022,0.6043,0.6019,1070103.9,1775000,2025-10-07 16:59:59
2025-10-07 17:00:00,0.6027,0.5982,0.6027,0.5982,1571898.7,2618000,2025-10-07 17:09:59
2025-10-07 17:10:00,0.5983,0.5954,0.5983,0.5954,1388319.9999999998,2325000,2025-10-07 17:19:59
2025-10-07 17:20:00,0.5959,0.5971,0.5975,0.5954,750265.9,1258000,2025-10-07 17:29:59
2025-10-07 17:30:00,0.597,0.5973,0.5974,0.5969,39403.5,66000,2025-10-07 17:39:59
2025-10-07 17:40:00,0.5973,0.5976,0.5976,0.5969,87192.00000000001,146000,2025-10-07 17:49:59
2025-10-07 17:50:00,0.5976,0.5979,0.5979,0.5974,134469.3,225000,2025-10-07 17:59:59
2025-10-07 18:00:00,0.5976,0.5978,0.5978,0.5957,324468.69999999995,544000,2025-10-07 18:09:59
2025-10-07 18:10:00,0.5975,0.5975,0.5978,0.5966,109890.9,184000,2025-10-07 18:19:59
2025-10-07 18:20:00,0.5975,0.5969,0.5976,0.5965,171397.49999999997,287000,2025-10-07 18:29:59
2025-10-07 18:30:00,0.5974,0.598,0.5987,0.5966,473568.6,792000,2025-10-07 18:39:59
2025-10-07 18:40:00,0.5986,0.5986,0.5986,0.5986,6584.6,11000,2025-10-07 18:49:59
2025-10-07 19:00:00,0.5988,0.601,0.6015,0.5986,566394.1,944000,2025-10-07 19:09:59
2025-10-07 19:10:00,0.6009,0.6009,0.6016,0.6009,278313.8,463000,2025-10-07 19:19:59
2025-10-07 19:20:00,0.6011,0.6015,0.6015,0.6011,65557.4,109000,2025-10-07 19:29:59
2025-10-07 19:30:00,0.6015,0.5994,0.6019,0.5994,458167.2,763000,2025-10-07 19:39:59
2025-10-07 19:40:00,0.5994,0.5985,0.5994,0.5985,86266.4,144000,2025-10-07 19:49:59
2025-10-07 19:50:00,0.5989,0.5985,0.599,0.5982,104124.89999999998,174000,2025-10-07 19:59:59
2025-10-07 20:00:00,0.5985,0.6008,0.6009,0.5985,1114402.0,1858000,2025-10-07 20:09:59
2025-10-07 20:10:00,0.6009,0.602,0.602,0.6001,411236.5999999999,684000,2025-10-07 20:19:59
2025-10-07 20:20:00,0.602,0.6012,0.602,0.601,25268.500000000004,42000,2025-10-07 20:29:59
2025-10-07 20:30:00,0.6019,0.6016,0.6019,0.601,86614.09999999999,144000,2025-10-07 20:39:59
2025-10-07 20:40:00,0.6015,0.6015,0.6017,0.6015,27674.0,46000,2025-10-07 20:49:59
2025-10-07 20:50:00,0.6015,0.6007,0.6015,0.6001,353173.6000000001,588000,2025-10-07 20:59:59
2025-10-07 21:00:00,0.6007,0.6007,0.6011,0.6001,134500.8,224000,2025-10-07 21:09:59
2025-10-07 21:10:00,0.6007,0.6012,0.6017,0.6007,411465.80000000005,684000,2025-10-07 21:19:59
2025-10-07 21:20:00,0.6012,0.6007,0.6017,0.6002,411765.5,685000,2025-10-07 21:29:59
2025-10-07 21:30:00,0.6006,0.6016,0.6017,0.6002,296436.1000000001,493000,2025-10-07 21:39:59
2025-10-07 21:40:00,0.6016,0.6019,0.6019,0.6007,164802.7,274000,2025-10-07 21:49:59
2025-10-07 21:50:00,0.6019,0.6073,0.6089,0.6019,5353571.5,8860000,2025-10-07 21:59:59
2025-10-07 22:00:00,0.6075,0.622,0.6251,0.6074,15629852.5,25288000,2025-10-07 22:09:59
2025-10-07 22:10:00,0.622,0.6299,0.633,0.622,19803639.900000002,31520000,2025-10-07 22:19:59
2025-10-07 22:20:00,0.6297,0.6381,0.6422,0.6288,19799952.200000003,31047000,2025-10-07 22:29:59
2025-10-07 22:30:00,0.6383,0.6311,0.6404,0.6272,21940623.1,34656000,2025-10-07 22:39:59
2025-10-07 22:40:00,0.6319,0.6302,0.6326,0.6264,7413220.099999999,11785000,2025-10-07 22:49:59
2025-10-07 22:50:00,0.6303,0.6287,0.6332,0.6267,6789691.0,10791000,2025-10-07 22:59:59
2025-10-07 23:00:00,0.6286,0.6314,0.6314,0.6277,2589867.0999999996,4113000,2025-10-07 23:09:59
2025-10-07 23:10:00,0.6305,0.6309,0.6313,0.6292,2431857.3,3858000,2025-10-07 23:19:59
2025-10-07 23:20:00,0.6301,0.632,0.6338,0.63,3561869.3000000007,5638000,2025-10-07 23:29:59
2025-10-07 23:30:00,0.6323,0.6301,0.6325,0.6298,3614965.3000000007,5729000,2025-10-07 23:39:59
2025-10-07 23:40:00,0.63,0.6297,0.6318,0.6288,3733514.4000000004,5925000,2025-10-07 23:49:59
2025-10-08 06:50:00,0.6282,0.6282,0.6282,0.6282,780224.3999999997,1242000,2025-10-08 06:59:59
2025-10-08 07:00:00,0.6282,0.6325,0.6357,0.6277,4446724.6,7041000,2025-10-08 07:09:59
2025-10-08 07:10:00,0.6316,0.6345,0.6359,0.6305,2752235.0,4343000,2025-10-08 07:19:59
2025-10-08 07:20:00,0.6354,0.6391,0.642,0.6348,9997543.399999999,15617000,2025-10-08 07:29:59
2025-10-08 07:30:00,0.6391,0.6375,0.6393,0.6375,2273687.6,3562000,2025-10-08 07:39:59
2025-10-08 07:40:00,0.6383,0.6355,0.6384,0.6346,1756534.1,2758000,2025-10-08 07:49:59
2025-10-08 07:50:00,0.6355,0.6367,0.638,0.6326,1802016.3,2840000,2025-10-08 07:59:59
2025-10-08 08:00:00,0.6367,0.6366,0.6367,0.6342,454534.5,715000,2025-10-08 08:09:59
2025-10-08 08:10:00,0.6365,0.6363,0.6365,0.6349,1642357.8,2581000,2025-10-08 08:19:59
2025-10-08 08:20:00,0.6363,0.6363,0.6364,0.6363,751481.7,1181000,2025-10-08 08:29:59
2025-10-08 08:30:00,0.6364,0.6369,0.6377,0.6363,3597497.7,5652000,2025-10-08 08:39:59
2025-10-08 08:40:00,0.6369,0.6369,0.6385,0.6363,911865.9999999999,1430000,2025-10-08 08:49:59
2025-10-08 08:50:00,0.6363,0.6313,0.6364,0.6313,2183604.6,3443000,2025-10-08 08:59:59
2025-10-08 09:00:00,0.6313,0.6313,0.6335,0.63,2368228.2,3757000,2025-10-08 09:09:59
2025-10-08 09:10:00,0.6331,0.6343,0.6343,0.6313,190098.7,300000,2025-10-08 09:19:59
2025-10-08 09:20:00,0.6343,0.6321,0.6344,0.632,565708.8999999999,894000,2025-10-08 09:29:59
2025-10-08 09:30:00,0.632,0.629,0.6321,0.6281,1216685.5,1931000,2025-10-08 09:39:59
2025-10-08 09:40:00,0.629,0.63,0.6305,0.6285,203913.2,324000,2025-10-08 09:49:59
2025-10-08 09:50:00,0.6299,0.6289,0.6299,0.6289,480192.30000000005,763000,2025-10-08 09:59:59
2025-10-08 10:00:00,0.6296,0.614,0.6299,0.612,23538452.900000002,38116000,2025-10-08 10:09:59
2025-10-08 10:10:00,0.614,0.6131,0.6188,0.6127,6915918.700000001,11233000,2025-10-08 10:19:59
2025-10-08 10:20:00,0.6143,0.6159,0.6165,0.6121,3001805.0000000005,4889000,2025-10-08 10:29:59
2025-10-08 10:30:00,0.6159,0.616,0.6164,0.6136,3161502.1999999997,5139000,2025-10-08 10:39:59
2025-10-08 10:40:00,0.6152,0.6105,0.6158,0.606,8114494.599999999,13310000,2025-10-08 10:49:59
2025-10-08 10:50:00,0.609,0.6109,0.6133,0.609,4283604.699999999,7005000,2025-10-08 10:59:59
2025-10-08 11:00:00,0.6108,0.61,0.6109,0.6069,2668831.400000001,4378000,2025-10-08 11:09:59
2025-10-08 11:10:00,0.6099,0.6119,0.6128,0.6093,4030287.5,6601000,2025-10-08 11:19:59
2025-10-08 11:20:00,0.6128,0.6119,0.613,0.6105,1238017.7000000002,2025000,2025-10-08 11:29:59
2025-10-08 11:30:00,0.6118,0.6134,0.6145,0.6106,1649980.9,2695000,2025-10-08 11:39:59
2025-10-08 11:40:00,0.6133,0.6157,0.6161,0.6118,1140791.2000000002,1855000,2025-10-08 11:49:59
2025-10-08 11:50:00,0.6142,0.6148,0.6156,0.6137,423826.9,689000,2025-10-08 11:59:02
2025-10-08 12:00:00,0.6148,0.6105,0.6148,0.6105,952519.1999999997,1555000,2025-10-08 12:09:59
2025-10-08 12:10:00,0.6118,0.6108,0.6122,0.6105,630846.4,1032000,2025-10-08 12:19:59
2025-10-08 12:20:00,0.6108,0.6159,0.6159,0.6052,8349181.5,13715000,2025-10-08 12:29:59
2025-10-08 12:30:00,0.6153,0.6167,0.6296,0.6105,9942698.5,16154000,2025-10-08 12:39:59
2025-10-08 12:40:00,0.617,0.6174,0.6258,0.6141,4787109.1000000015,7706000,2025-10-08 12:49:59
2025-10-08 12:50:00,0.6177,0.6157,0.6177,0.615,433670.50000000006,704000,2025-10-08 12:59:59
2025-10-08 13:00:00,0.6157,0.6155,0.6158,0.614,164379.80000000005,267000,2025-10-08 13:09:59
2025-10-08 13:10:00,0.6158,0.6145,0.618,0.6145,586097.1000000001,951000,2025-10-08 13:19:59
2025-10-08 13:20:00,0.6146,0.61,0.615,0.61,623879.5999999999,1020000,2025-10-08 13:29:59
2025-10-08 13:30:00,0.61,0.6087,0.6118,0.6073,687548.6,1129000,2025-10-08 13:39:59
2025-10-08 13:40:00,0.6088,0.6089,0.6124,0.607,1287248.6,2112000,2025-10-08 13:49:59
2025-10-08 13:50:00,0.6108,0.6119,0.6132,0.6095,778611.7000000002,1273000,2025-10-08 13:59:59
2025-10-08 14:00:00,0.6116,0.6056,0.6116,0.6036,2976575.3000000003,4914000,2025-10-08 14:09:59
2025-10-08 14:10:00,0.6056,0.6104,0.6104,0.605,1455003.0999999999,2398000,2025-10-08 14:19:59
2025-10-08 14:20:00,0.6096,0.6112,0.6125,0.608,365654.1,598000,2025-10-08 14:29:59
2025-10-08 14:30:00,0.6105,0.6093,0.6105,0.6093,486908.1,799000,2025-10-08 14:39:59
2025-10-08 14:40:00,0.6094,0.6105,0.6105,0.6093,333740.5,547000,2025-10-08 14:49:59
2025-10-08 14:50:00,0.6102,0.6104,0.6112,0.6093,1230769.6999999997,2018000,2025-10-08 14:59:59
2025-10-08 15:00:00,0.6093,0.6101,0.6101,0.6069,497418.7,817000,2025-10-08 15:09:59
2025-10-08 15:10:00,0.6078,0.6097,0.6113,0.6078,415766.99999999994,682000,2025-10-08 15:19:59
2025-10-08 15:20:00,0.6106,0.6114,0.6114,0.6097,132597.6,217000,2025-10-08 15:29:59
2025-10-08 15:30:00,0.6114,0.6109,0.6114,0.6097,279586.19999999995,458000,2025-10-08 15:39:59
2025-10-08 15:40:00,0.6098,0.6088,0.6098,0.6056,650649.5999999999,1072000,2025-10-08 15:49:59
2025-10-08 15:50:00,0.6063,0.6045,0.6082,0.6042,833616.9999999999,1377000,2025-10-08 15:58:08
2025-10-08 16:00:00,0.6045,0.6034,0.6048,0.6013,3564882.0000000005,5913000,2025-10-08 16:09:59
2025-10-08 16:10:00,0.6039,0.6024,0.6039,0.601,4618441.699999999,7683000,2025-10-08 16:19:59
2025-10-08 16:20:00,0.6027,0.6023,0.6042,0.6013,250335.49999999997,415000,2025-10-08 16:29:59
2025-10-08 16:30:00,0.6023,0.6016,0.6041,0.6011,836566.7000000001,1389000,2025-10-08 16:39:59
2025-10-08 16:40:00,0.6026,0.6029,0.603,0.6004,925539.8,1539000,2025-10-08 16:49:59
2025-10-08 16:50:00,0.6029,0.6018,0.6042,0.6017,527439.8,875000,2025-10-08 16:59:59
2025-10-08 17:00:00,0.6026,0.6013,0.6032,0.6003,421033.30000000005,700000,2025-10-08 17:09:59
2025-10-08 17:10:00,0.6013,0.6005,0.603,0.6002,580538.2,966000,2025-10-08 17:19:59
2025-10-08 17:20:00,0.601,0.6032,0.6032,0.6,1669919.3,2780000,2025-10-08 17:29:59
2025-10-08 17:30:00,0.6024,0.6002,0.6024,0.6001,1135199.7,1891000,2025-10-08 17:39:59
2025-10-08 17:40:00,0.6003,0.6007,0.6011,0.6002,410875.4,684000,2025-10-08 17:49:59
2025-10-08 17:50:00,0.6007,0.5972,0.6008,0.5972,4300781.999999999,7174000,2025-10-08 17:59:59
2025-10-08 18:00:00,0.5989,0.6007,0.6011,0.5955,1811248.8000000003,3032000,2025-10-08 18:09:59
2025-10-08 18:10:00,0.5998,0.5977,0.6001,0.5967,311741.8,521000,2025-10-08 18:19:59
2025-10-08 18:20:00,0.5978,0.5889,0.5986,0.5818,4233598.3999999985,7167000,2025-10-08 18:29:59
2025-10-08 18:30:00,0.5882,0.5908,0.5919,0.588,1376648.5000000002,2334000,2025-10-08 18:39:59
2025-10-08 18:40:00,0.5919,0.5919,0.5919,0.5919,637476.2999999999,1077000,2025-10-08 18:49:59
2025-10-08 19:00:00,0.5908,0.5905,0.5945,0.5879,1069171.4,1809000,2025-10-08 19:09:59
2025-10-08 19:10:00,0.591,0.593,0.593,0.5884,1289066.2,2178000,2025-10-08 19:19:59
2025-10-08 19:20:00,0.593,0.592,0.5933,0.5875,2314672.5999999996,3928000,2025-10-08 19:29:59
2025-10-08 19:30:00,0.5921,0.5894,0.593,0.5884,1484113.2999999998,2514000,2025-10-08 19:39:59
2025-10-08 19:40:00,0.5894,0.5884,0.5895,0.5883,315266.3999999999,535000,2025-10-08 19:49:59
2025-10-08 19:50:00,0.5889,0.5914,0.5915,0.5878,773579.3999999998,1312000,2025-10-08 19:59:59
2025-10-08 20:00:00,0.5914,0.596,0.5987,0.5914,1719097.2,2886000,2025-10-08 20:09:59
2025-10-08 20:10:00,0.5975,0.6011,0.6014,0.5967,1253294.7,2090000,2025-10-08 20:19:59
2025-10-08 20:20:00,0.5999,0.605,0.608,0.599,3043614.0,5047000,2025-10-08 20:29:59
2025-10-08 20:30:00,0.605,0.6022,0.605,0.6011,777341.0999999999,1288000,2025-10-08 20:39:59
2025-10-08 20:40:00,0.6021,0.5972,0.6021,0.5972,1107930.4000000001,1848000,2025-10-08 20:49:59
2025-10-08 20:50:00,0.5978,0.6022,0.6022,0.5977,1359614.0000000002,2260000,2025-10-08 20:59:59
2025-10-08 21:00:00,0.6025,0.603,0.603,0.6023,40980.1,68000,2025-10-08 21:09:59
2025-10-08 21:10:00,0.6039,0.6038,0.6047,0.6035,310558.4,514000,2025-10-08 21:19:59
2025-10-08 21:20:00,0.6046,0.6094,0.61,0.6046,994388.4,1637000,2025-10-08 21:29:59
2025-10-08 21:30:00,0.6081,0.6049,0.6084,0.5906,6523171.3,10877000,2025-10-08 21:39:59
2025-10-08 21:40:00,0.6047,0.6042,0.6047,0.6005,123220.2,204000,2025-10-08 21:49:59
2025-10-08 21:50:00,0.6041,0.604,0.6041,0.6014,210057.69999999998,348000,2025-10-08 21:59:10
2025-10-08 22:00:00,0.6038,0.6009,0.604,0.598,555785.7999999999,925000,2025-10-08 22:09:59
2025-10-08 22:10:00,0.6008,0.6008,0.6009,0.599,80501.6,134000,2025-10-08 22:19:59
2025-10-08 22:20:00,0.6008,0.6003,0.6009,0.5988,130779.30000000002,218000,2025-10-08 22:29:59
2025-10-08 22:30:00,0.5996,0.5995,0.5996,0.5972,86197.3,144000,2025-10-08 22:39:59
2025-10-08 22:40:00,0.5992,0.5986,0.5996,0.5986,341700.4,570000,2025-10-08 22:49:59
2025-10-08 22:50:00,0.5996,0.6012,0.6013,0.5981,118720.69999999998,198000,2025-10-08 22:59:59
2025-10-08 23:00:00,0.6002,0.6064,0.6065,0.6001,728829.8000000002,1206000,2025-10-08 23:09:59
2025-10-08 23:10:00,0.6063,0.6077,0.6098,0.6055,1857680.6999999997,3057000,2025-10-08 23:19:59
2025-10-08 23:20:00,0.6077,0.6065,0.6093,0.6065,349167.1,574000,2025-10-08 23:29:59
2025-10-08 23:30:00,0.6063,0.606,0.6089,0.6044,152514.1,252000,2025-10-08 23:39:59
2025-10-08 23:40:00,0.606,0.606,0.606,0.6043,153759.2,254000,2025-10-08 23:49:59
2025-10-09 07:00:00,0.607,0.6098,0.6098,0.6026,963921.4000000001,1586000,2025-10-09 07:09:59
2025-10-09 07:10:00,0.6095,0.6104,0.6111,0.6079,275585.3,452000,2025-10-09 07:19:59
2025-10-09 07:20:00,0.6104,0.6105,0.6106,0.6079,217174.20000000004,357000,2025-10-09 07:29:59
2025-10-09 07:30:00,0.6105,0.6145,0.6148,0.6105,500692.00000000006,817000,2025-10-09 07:39:59
2025-10-09 07:40:00,0.613,0.6159,0.6173,0.6121,1706667.8,2777000,2025-10-09 07:49:59
2025-10-09 07:50:00,0.6151,0.6132,0.6151,0.6117,283976.89999999997,463000,2025-10-09 07:59:01
2025-10-09 08:00:00,0.6121,0.6123,0.614,0.6105,702160.6,1147000,2025-10-09 08:09:59
2025-10-09 08:10:00,0.611,0.6118,0.6118,0.6079,1233319.8,2020000,2025-10-09 08:19:59
2025-10-09 08:20:00,0.6121,0.6083,0.6123,0.6083,299377.7,490000,2025-10-09 08:29:59
2025-10-09 08:30:00,0.6083,0.6057,0.6092,0.6052,544534.1,898000,2025-10-09 08:39:59
2025-10-09 08:40:00,0.606,0.602,0.606,0.601,1134906.7,1884000,2025-10-09 08:49:59
2025-10-09 08:50:00,0.602,0.6043,0.6049,0.6015,332747.99999999994,552000,2025-10-09 08:59:59
2025-10-09 09:00:00,0.602,0.5996,0.602,0.5974,1380383.9,2301000,2025-10-09 09:09:59
2025-10-09 09:10:00,0.5977,0.5931,0.5986,0.5931,1042724.9,1750000,2025-10-09 09:19:59
2025-10-09 09:20:00,0.5931,0.5981,0.5996,0.5914,1080759.7999999998,1820000,2025-10-09 09:29:59
2025-10-09 09:30:00,0.5957,0.5961,0.5961,0.594,370747.4,623000,2025-10-09 09:39:59
2025-10-09 09:40:00,0.596,0.5923,0.5961,0.5923,614061.4,1034000,2025-10-09 09:49:59
2025-10-09 09:50:00,0.5936,0.601,0.601,0.5913,1801630.9,3018000,2025-10-09 09:59:59
2025-10-09 10:00:00,0.5985,0.6002,0.6039,0.598,868432.4,1446000,2025-10-09 10:09:59
2025-10-09 10:10:00,0.6001,0.6018,0.6031,0.6001,922727.0,1532000,2025-10-09 10:19:59
2025-10-09 10:20:00,0.6018,0.597,0.6018,0.5925,1764043.1999999997,2961000,2025-10-09 10:29:59
2025-10-09 10:30:00,0.597,0.5939,0.5982,0.5939,438063.8,736000,2025-10-09 10:39:59
2025-10-09 10:40:00,0.5938,0.5932,0.5959,0.593,877249.5999999999,1478000,2025-10-09 10:49:59
2025-10-09 10:50:00,0.5932,0.5921,0.5932,0.5913,277726.3,469000,2025-10-09 10:59:59
2025-10-09 11:00:00,0.5925,0.5884,0.5925,0.5866,1119386.9000000001,1898000,2025-10-09 11:09:59
2025-10-09 11:10:00,0.5883,0.5892,0.5925,0.5853,2571345.9,4371000,2025-10-09 11:19:59
2025-10-09 11:20:00,0.5894,0.5789,0.5894,0.5763,5758765.099999999,9918000,2025-10-09 11:29:59
2025-10-09 11:30:00,0.578,0.5742,0.578,0.5624,8146553.700000004,14229000,2025-10-09 11:39:59
2025-10-09 11:40:00,0.5744,0.5835,0.593,0.5744,3049828.6000000006,5231000,2025-10-09 11:49:59
2025-10-09 11:50:00,0.5862,0.5837,0.5863,0.5822,517403.9,886000,2025-10-09 11:59:59
2025-10-09 12:00:00,0.5869,0.588,0.5888,0.5836,1648800.3,2812000,2025-10-09 12:09:59
2025-10-09 12:10:00,0.588,0.5942,0.5946,0.5873,1855663.6,3142000,2025-10-09 12:19:59
2025-10-09 12:20:00,0.594,0.5931,0.5989,0.592,2025231.8999999997,3403000,2025-10-09 12:29:59
2025-10-09 12:30:00,0.5951,0.5944,0.5981,0.5913,922287.9,1551000,2025-10-09 12:39:59
2025-10-09 12:40:00,0.5921,0.5906,0.5943,0.5906,410148.4,692000,2025-10-09 12:49:59
2025-10-09 12:50:00,0.5938,0.5932,0.5988,0.5932,888483.6,1491000,2025-10-09 12:58:03
2025-10-09 13:00:00,0.5954,0.5992,0.5996,0.5924,1590777.4,2659000,2025-10-09 13:09:59
2025-10-09 13:10:00,0.5988,0.5965,0.5994,0.5965,1001801.1,1675000,2025-10-09 13:19:59
2025-10-09 13:20:00,0.5966,0.592,0.5983,0.592,1584141.9000000001,2670000,2025-10-09 13:29:59
2025-10-09 13:30:00,0.5928,0.5917,0.594,0.5875,2228962.8999999994,3772000,2025-10-09 13:39:59
2025-10-09 13:40:00,0.5917,0.591,0.596,0.579,3322188.5,5668000,2025-10-09 13:49:59
2025-10-09 13:50:00,0.5908,0.5941,0.5941,0.5882,587589.3,993000,2025-10-09 13:59:59
2025-10-09 14:00:00,0.5941,0.5935,0.5941,0.5929,467910.1,788000,2025-10-09 14:09:59
2025-10-09 14:10:00,0.5935,0.5926,0.5936,0.5902,840317.7000000001,1419000,2025-10-09 14:19:59
2025-10-09 14:20:00,0.5911,0.5912,0.5935,0.5906,314702.2,531000,2025-10-09 14:29:59
2025-10-09 14:30:00,0.5928,0.5936,0.5936,0.5909,45628.799999999996,77000,2025-10-09 14:39:59
2025-10-09 14:40:00,0.593,0.5936,0.5941,0.5901,456814.20000000007,773000,2025-10-09 14:49:59
2025-10-09 14:50:00,0.5936,0.594,0.5963,0.5919,359315.0999999999,604000,2025-10-09 14:57:04
2025-10-09 15:00:00,0.5937,0.5972,0.5981,0.5937,639561.3,1072000,2025-10-09 15:09:59
2025-10-09 15:10:00,0.5964,0.5989,0.6028,0.5963,3393907.9000000004,5660000,2025-10-09 15:19:59
2025-10-09 15:20:00,0.5999,0.6,0.6012,0.5999,89416.9,149000,2025-10-09 15:29:59
2025-10-09 15:30:00,0.6,0.6019,0.602,0.6,336223.5,559000,2025-10-09 15:39:59
2025-10-09 15:40:00,0.6018,0.5999,0.6018,0.5999,113412.1,189000,2025-10-09 15:49:59
2025-10-09 15:50:00,0.5992,0.5989,0.5992,0.5976,673417.2,1125000,2025-10-09 15:59:59
2025-10-09 16:00:00,0.5989,0.5984,0.6005,0.5981,154186.19999999998,257000,2025-10-09 16:09:59
2025-10-09 16:10:00,0.5994,0.6009,0.6018,0.5953,784059.2000000002,1308000,2025-10-09 16:19:59
2025-10-09 16:20:00,0.6018,0.6024,0.6025,0.6018,343318.0,570000,2025-10-09 16:29:59
2025-10-09 16:30:00,0.6024,0.6058,0.606,0.6024,1372927.1,2270000,2025-10-09 16:39:59
2025-10-09 16:40:00,0.6058,0.606,0.6066,0.6058,592711.3999999999,978000,2025-10-09 16:49:59
2025-10-09 16:50:00,0.6063,0.6086,0.6093,0.6062,460121.1,757000,2025-10-09 16:59:59
2025-10-09 17:00:00,0.6086,0.6077,0.6095,0.6077,1034773.3,1699000,2025-10-09 17:09:59
2025-10-09 17:10:00,0.6076,0.6065,0.6079,0.6063,704215.5,1160000,2025-10-09 17:19:59
2025-10-09 17:20:00,0.6074,0.6068,0.6074,0.605,730942.1999999998,1206000,2025-10-09 17:29:59
2025-10-09 17:30:00,0.6069,0.6055,0.607,0.6051,378315.1,624000,2025-10-09 17:39:59
2025-10-09 17:40:00,0.6055,0.6065,0.6065,0.6047,1615277.6999999997,2666000,2025-10-09 17:49:59
2025-10-09 17:50:00,0.6065,0.6086,0.6086,0.6065,130588.4,215000,2025-10-09 17:59:59
2025-10-09 18:00:00,0.6086,0.6128,0.6137,0.6085,1303732.8,2134000,2025-10-09 18:09:59
2025-10-09 18:10:00,0.6137,0.6105,0.6161,0.6105,1579578.6,2574000,2025-10-09 18:19:59
2025-10-09 18:20:00,0.6112,0.6086,0.6143,0.6069,1398636.6000000057,2295000,2025-10-09 18:29:59
2025-10-09 18:30:00,0.6085,0.6077,0.6098,0.6068,466462.3,767000,2025-10-09 18:39:59
2025-10-09 18:40:00,0.6086,0.6086,0.6086,0.6086,105287.79999999999,173000,2025-10-09 18:49:05
2025-10-09 19:00:00,0.6089,0.608,0.6089,0.6079,282780.4,465000,2025-10-09 19:09:59
2025-10-09 19:10:00,0.608,0.608,0.6089,0.608,76008.60000000002,125000,2025-10-09 19:19:59
2025-10-09 19:20:00,0.608,0.6091,0.6094,0.608,144121.6,237000,2025-10-09 19:29:59
2025-10-09 19:30:00,0.608,0.6077,0.6091,0.6077,230498.3,379000,2025-10-09 19:39:59
2025-10-09 19:40:00,0.6077,0.6073,0.6087,0.6067,539492.5000000001,888000,2025-10-09 19:49:59
2025-10-09 19:50:00,0.6074,0.6072,0.6074,0.606,174151.49999999997,287000,2025-10-09 19:59:59
2025-10-09 20:00:00,0.6073,0.6049,0.6074,0.6047,227728.7,376000,2025-10-09 20:09:59
2025-10-09 20:10:00,0.6049,0.6047,0.6059,0.6047,228088.5,377000,2025-10-09 20:19:59
2025-10-09 20:20:00,0.6049,0.604,0.6049,0.6037,126339.8,209000,2025-10-09 20:29:59
2025-10-09 20:30:00,0.6037,0.6018,0.6037,0.6018,715965.8999999999,1188000,2025-10-09 20:39:59
2025-10-09 20:40:00,0.6019,0.6025,0.6031,0.6019,166201.0,276000,2025-10-09 20:49:59
2025-10-09 20:50:00,0.6022,0.6022,0.6029,0.6014,210671.90000000002,350000,2025-10-09 20:59:10
2025-10-09 21:00:00,0.6022,0.6031,0.6037,0.6011,109132.6,181000,2025-10-09 21:09:59
2025-10-09 21:10:00,0.6035,0.6032,0.6037,0.602,99488.9,165000,2025-10-09 21:19:59
2025-10-09 21:20:00,0.6017,0.6032,0.6036,0.601,186828.09999999995,310000,2025-10-09 21:29:59
2025-10-09 21:30:00,0.6026,0.603,0.6037,0.6018,531807.6,882000,2025-10-09 21:39:59
2025-10-09 21:40:00,0.6031,0.603,0.6037,0.603,5429.4,9000,2025-10-09 21:49:59
2025-10-09 21:50:00,0.6036,0.6046,0.6047,0.6036,146214.9,242000,2025-10-09 21:59:59
2025-10-09 22:00:00,0.6046,0.6058,0.6058,0.6046,291675.4,482000,2025-10-09 22:09:59
2025-10-09 22:10:00,0.6058,0.605,0.6058,0.605,88971.0,147000,2025-10-09 22:19:59
2025-10-09 22:20:00,0.6057,0.6074,0.6074,0.6051,351945.00000000006,580000,2025-10-09 22:29:59
2025-10-09 22:30:00,0.607,0.6076,0.6085,0.6061,192692.30000000002,317000,2025-10-09 22:39:59
2025-10-09 22:40:00,0.6076,0.6057,0.6076,0.605,603499.0999999999,997000,2025-10-09 22:49:59
2025-10-09 22:50:00,0.6057,0.605,0.6058,0.605,131941.40000000002,218000,2025-10-09 22:58:05
2025-10-09 23:00:00,0.6051,0.6051,0.6051,0.605,7261.1,12000,2025-10-09 23:09:59
2025-10-09 23:10:00,0.605,0.6051,0.6051,0.605,39325.3,65000,2025-10-09 23:19:59
2025-10-09 23:20:00,0.6047,0.603,0.6047,0.603,343581.7,569000,2025-10-09 23:29:59
2025-10-09 23:30:00,0.6042,0.6048,0.6057,0.603,363513.5,601000,2025-10-09 23:39:59
2025-10-09 23:40:00,0.6052,0.603,0.6052,0.603,221809.4,367000,2025-10-09 23:49:05
2025-10-10 07:00:00,0.603,0.6006,0.603,0.6,205065.09999999998,341000,2025-10-10 07:09:59
2025-10-10 07:10:00,0.6021,0.6026,0.6028,0.6006,69188.59999999999,115000,2025-10-10 07:19:59
2025-10-10 07:20:00,0.6027,0.6019,0.6031,0.6018,13248.099999999999,22000,2025-10-10 07:29:59
2025-10-10 07:30:00,0.6019,0.6045,0.6045,0.6006,469998.79999999993,779000,2025-10-10 07:39:59
2025-10-10 07:40:00,0.6028,0.6045,0.6045,0.6027,17520.6,29000,2025-10-10 07:49:59
2025-10-10 07:50:00,0.6044,0.6052,0.6052,0.6044,257062.6,425000,2025-10-10 07:59:59
2025-10-10 08:00:00,0.605,0.6038,0.6052,0.6026,174895.1,290000,2025-10-10 08:09:59
2025-10-10 08:10:00,0.6038,0.6047,0.6047,0.6027,146198.40000000002,242000,2025-10-10 08:19:59
2025-10-10 08:20:00,0.6046,0.6044,0.6049,0.6042,545947.1,903000,2025-10-10 08:29:59
2025-10-10 08:30:00,0.6044,0.6044,0.6045,0.6042,575996.2,953000,2025-10-10 08:39:59
2025-10-10 08:40:00,0.6042,0.6048,0.6049,0.6025,204930.09999999998,339000,2025-10-10 08:49:59
2025-10-10 08:50:00,0.6049,0.606,0.606,0.6049,202807.50000000003,335000,2025-10-10 08:59:59
2025-10-10 09:00:00,0.606,0.607,0.6088,0.606,405541.80000000005,668000,2025-10-10 09:09:59
2025-10-10 09:10:00,0.6069,0.6054,0.607,0.6054,208988.1,345000,2025-10-10 09:19:59
2025-10-10 09:20:00,0.6049,0.6054,0.6054,0.6044,199462.69999999998,330000,2025-10-10 09:29:59
2025-10-10 09:30:00,0.6054,0.6091,0.6091,0.6053,465781.9,766000,2025-10-10 09:39:59
2025-10-10 09:40:00,0.6073,0.6129,0.619,0.6073,3065480.3000000003,4982000,2025-10-10 09:49:59
2025-10-10 09:50:00,0.6155,0.6184,0.62,0.6155,9306401.799999999,15034000,2025-10-10 09:59:59
2025-10-10 10:00:00,0.6182,0.6123,0.622,0.6065,32006824.000000004,51781000,2025-10-10 10:09:59
2025-10-10 10:10:00,0.6122,0.607,0.6134,0.6018,3723592.5000000005,6133000,2025-10-10 10:19:59
2025-10-10 10:20:00,0.6069,0.6039,0.6084,0.602,2099287.4,3477000,2025-10-10 10:29:59
2025-10-10 10:30:00,0.6042,0.6047,0.6048,0.6026,1154966.5000000002,1914000,2025-10-10 10:39:59
2025-10-10 10:40:00,0.6047,0.6056,0.6056,0.6036,674017.9,1115000,2025-10-10 10:49:59
2025-10-10 10:50:00,0.6056,0.605,0.6069,0.605,512190.6999999999,845000,2025-10-10 10:59:59
2025-10-10 11:00:00,0.6053,0.6025,0.6053,0.598,3628685.4000000004,6042000,2025-10-10 11:09:59
2025-10-10 11:10:00,0.6025,0.602,0.6026,0.5991,244558.30000000002,407000,2025-10-10 11:19:59
2025-10-10 11:20:00,0.602,0.6005,0.6048,0.6001,967142.0000000001,1606000,2025-10-10 11:29:59
2025-10-10 11:30:00,0.6043,0.6056,0.6065,0.6011,711491.3999999999,1176000,2025-10-10 11:39:59
2025-10-10 11:40:00,0.6057,0.6087,0.6097,0.6054,1427966.4000000004,2350000,2025-10-10 11:49:59
2025-10-10 11:50:00,0.6093,0.6073,0.6094,0.6059,620970.9000000001,1023000,2025-10-10 11:59:59
2025-10-10 12:00:00,0.6065,0.6065,0.6081,0.6059,248657.69999999998,410000,2025-10-10 12:09:59
2025-10-10 12:10:00,0.607,0.607,0.6075,0.606,475125.6,784000,2025-10-10 12:19:59
2025-10-10 12:20:00,0.6071,0.6069,0.6083,0.606,303024.2,499000,2025-10-10 12:29:59
2025-10-10 12:30:00,0.6069,0.607,0.607,0.605,214344.6,354000,2025-10-10 12:39:59
2025-10-10 12:40:00,0.6056,0.6073,0.6073,0.6051,46719.100000000006,77000,2025-10-10 12:49:59
2025-10-10 12:50:00,0.607,0.6067,0.607,0.6052,54007.299999999996,89000,2025-10-10 12:59:03
2025-10-10 13:00:00,0.6065,0.6072,0.6072,0.6054,263950.5,435000,2025-10-10 13:09:59
2025-10-10 13:10:00,0.6058,0.6057,0.6068,0.6054,67842.70000000001,112000,2025-10-10 13:19:59
2025-10-10 13:20:00,0.6057,0.6056,0.6078,0.6055,2062613.8999999997,3397000,2025-10-10 13:29:59
2025-10-10 13:30:00,0.6056,0.6043,0.6056,0.6023,734623.2,1217000,2025-10-10 13:39:59
2025-10-10 13:40:00,0.6039,0.6018,0.604,0.599,1151918.9000000001,1917000,2025-10-10 13:49:59
2025-10-10 13:50:00,0.6016,0.6013,0.6028,0.6008,271382.20000000007,451000,2025-10-10 13:59:59
2025-10-10 14:00:00,0.6013,0.6,0.6013,0.5999,570564.3,950000,2025-10-10 14:09:59
2025-10-10 14:10:00,0.5999,0.6005,0.6005,0.5993,707193.4,1178000,2025-10-10 14:19:59
2025-10-10 14:20:00,0.6005,0.6002,0.6005,0.6002,18612.800000000003,31000,2025-10-10 14:29:59
2025-10-10 14:30:00,0.6002,0.5998,0.6005,0.5997,362405.79999999993,604000,2025-10-10 14:39:59
2025-10-10 14:40:00,0.6,0.5994,0.6,0.598,887939.8000000003,1483000,2025-10-10 14:49:59
2025-10-10 14:50:00,0.5996,0.5943,0.5996,0.5942,1298353.3999999997,2177000,2025-10-10 14:59:59
2025-10-10 15:00:00,0.5957,0.5939,0.5957,0.5936,646233.2000000001,1088000,2025-10-10 15:09:59
2025-10-10 15:10:00,0.5938,0.5939,0.5939,0.5925,486809.3,820000,2025-10-10 15:19:59
2025-10-10 15:20:00,0.5939,0.5939,0.5939,0.5933,220879.90000000002,372000,2025-10-10 15:29:59
2025-10-10 15:30:00,0.5938,0.593,0.5945,0.59,1437297.9999999998,2426000,2025-10-10 15:39:59
2025-10-10 15:40:00,0.5942,0.5965,0.5972,0.5942,591950.0,993000,2025-10-10 15:49:59
2025-10-10 15:50:00,0.5951,0.5972,0.5972,0.5951,330879.3,555000,2025-10-10 15:59:59
2025-10-10 16:00:00,0.597,0.597,0.597,0.5944,399872.2,671000,2025-10-10 16:09:59
2025-10-10 16:10:00,0.5967,0.5948,0.5967,0.5943,323080.4,543000,2025-10-10 16:19:59
2025-10-10 16:20:00,0.595,0.5914,0.595,0.5911,421124.50000000006,710000,2025-10-10 16:29:59
2025-10-10 16:30:00,0.5911,0.5879,0.5912,0.583,2440006.9,4155000,2025-10-10 16:39:59
2025-10-10 16:40:00,0.5879,0.585,0.588,0.584,655481.5,1119000,2025-10-10 16:49:59
2025-10-10 16:50:00,0.585,0.5889,0.5897,0.583,1100705.7,1880000,2025-10-10 16:59:59
2025-10-10 17:00:00,0.589,0.5876,0.5903,0.5833,1296872.2999999998,2207000,2025-10-10 17:09:59
2025-10-10 17:10:00,0.5876,0.587,0.5892,0.586,571027.2999999999,972000,2025-10-10 17:19:59
2025-10-10 17:20:00,0.5871,0.5876,0.59,0.5867,65190.69999999999,111000,2025-10-10 17:29:59
2025-10-10 17:30:00,0.5886,0.5896,0.59,0.5875,98404.00000000001,167000,2025-10-10 17:39:59
2025-10-10 17:40:00,0.5895,0.5886,0.5895,0.5875,689104.1000000001,1172000,2025-10-10 17:49:59
2025-10-10 17:50:00,0.5886,0.588,0.589,0.5867,1858492.5000000005,3157000,2025-10-10 17:59:59
2025-10-10 18:00:00,0.5884,0.5881,0.589,0.588,193660.50000000003,329000,2025-10-10 18:09:59
2025-10-10 18:10:00,0.5881,0.5887,0.5888,0.588,216494.80000000002,368000,2025-10-10 18:19:59
2025-10-10 18:20:00,0.5888,0.5888,0.589,0.5887,876296.3000000002,1488000,2025-10-10 18:29:59
2025-10-10 18:30:00,0.5889,0.589,0.589,0.5888,203195.4,345000,2025-10-10 18:39:59
2025-10-10 18:40:00,0.589,0.589,0.589,0.589,94829.0,161000,2025-10-10 18:48:04
2025-10-10 19:00:00,0.589,0.5887,0.589,0.588,378110.4,642000,2025-10-10 19:09:59
2025-10-10 19:10:00,0.5881,0.5886,0.5887,0.5878,78818.20000000001,134000,2025-10-10 19:19:59
2025-10-10 19:20:00,0.5886,0.5887,0.5887,0.588,28249.699999999997,48000,2025-10-10 19:29:59
2025-10-10 19:30:00,0.5887,0.5889,0.5889,0.5884,210801.3,358000,2025-10-10 19:39:59
2025-10-10 19:40:00,0.5889,0.589,0.589,0.5889,967123.4,1642000,2025-10-10 19:49:59
2025-10-10 19:50:00,0.589,0.5889,0.589,0.5881,667797.2,1134000,2025-10-10 19:59:59
2025-10-10 20:00:00,0.589,0.5889,0.589,0.5885,53568.00000000001,91000,2025-10-10 20:09:59
2025-10-10 20:10:00,0.5888,0.5871,0.5889,0.5871,511196.60000000003,870000,2025-10-10 20:19:59
2025-10-10 20:20:00,0.5885,0.5884,0.5885,0.5876,5293.8,9000,2025-10-10 20:29:59
2025-10-10 20:30:00,0.5877,0.5878,0.5887,0.5848,1382253.8,2359000,2025-10-10 20:39:59
2025-10-10 20:40:00,0.5881,0.5857,0.5882,0.5853,69825.7,119000,2025-10-10 20:49:59
2025-10-10 20:50:00,0.587,0.5884,0.5884,0.587,106393.1,181000,2025-10-10 20:59:59
2025-10-10 21:00:00,0.5877,0.5877,0.5885,0.5861,141376.80000000002,241000,2025-10-10 21:09:59
2025-10-10 21:10:00,0.5878,0.5882,0.5885,0.5866,128214.8,218000,2025-10-10 21:19:59
2025-10-10 21:20:00,0.5881,0.5885,0.5885,0.587,28818.0,49000,2025-10-10 21:29:59
2025-10-10 21:30:00,0.5886,0.5889,0.5889,0.5885,233745.69999999998,397000,2025-10-10 21:39:59
2025-10-10 21:40:00,0.5889,0.5889,0.5889,0.5885,48875.100000000006,83000,2025-10-10 21:49:59
2025-10-10 21:50:00,0.5889,0.5889,0.5889,0.5885,151909.90000000002,258000,2025-10-10 21:59:59
2025-10-10 22:00:00,0.5888,0.5948,0.5948,0.5887,7422653.3,12591000,2025-10-10 22:09:59
2025-10-10 22:10:00,0.5944,0.5994,0.5995,0.5944,2312839.000000001,3872000,2025-10-10 22:19:59
2025-10-10 22:20:00,0.5995,0.6031,0.6033,0.599,5424151.2,9005000,2025-10-10 22:29:59
2025-10-10 22:30:00,0.603,0.5996,0.603,0.598,705619.1000000001,1176000,2025-10-10 22:39:59
2025-10-10 22:40:00,0.5984,0.6,0.601,0.5984,269590.69999999995,449000,2025-10-10 22:49:59
2025-10-10 22:50:00,0.5992,0.5986,0.5999,0.5965,665523.2,1113000,2025-10-10 22:59:59
2025-10-10 23:00:00,0.5983,0.5952,0.5983,0.5951,965123.9000000001,1619000,2025-10-10 23:09:59
2025-10-10 23:10:00,0.5951,0.5947,0.5952,0.5917,963806.3,1625000,2025-10-10 23:19:59
2025-10-10 23:20:00,0.5946,0.5928,0.5951,0.5928,220978.40000000002,372000,2025-10-10 23:29:59
2025-10-10 23:30:00,0.5943,0.5942,0.5944,0.5904,827903.3,1399000,2025-10-10 23:39:59
2025-10-10 23:40:00,0.5942,0.5946,0.5954,0.5914,803404.1,1352000,2025-10-10 23:49:59
2025-10-11 09:50:00,0.5969,0.5969,0.5969,0.5969,16713.2,28000,2025-10-11 09:59:59
2025-10-11 10:00:00,0.597,0.6062,0.612,0.5947,3012471.099999999,4965000,2025-10-11 10:09:59
2025-10-11 10:10:00,0.6059,0.6034,0.6059,0.5977,2355977.4,3920000,2025-10-11 10:19:59
2025-10-11 10:20:00,0.6034,0.6051,0.6057,0.603,1395768.7000000002,2309000,2025-10-11 10:29:59
2025-10-11 10:30:00,0.6054,0.6,0.6064,0.5992,2986982.4,4949000,2025-10-11 10:39:59
2025-10-11 10:40:00,0.6,0.6028,0.6033,0.5992,1150988.3,1912000,2025-10-11 10:49:59
2025-10-11 10:50:00,0.6027,0.6019,0.6042,0.6018,304743.7,505000,2025-10-11 10:59:59
2025-10-11 11:00:00,0.603,0.606,0.6063,0.6025,1419367.1,2344000,2025-10-11 11:09:59
2025-10-11 11:10:00,0.606,0.6066,0.6075,0.6057,1247542.0000000002,2057000,2025-10-11 11:19:59
2025-10-11 11:20:00,0.6066,0.6073,0.608,0.6059,1548386.8999999997,2551000,2025-10-11 11:29:59
2025-10-11 11:30:00,0.6073,0.6073,0.6073,0.6068,312691.99999999994,515000,2025-10-11 11:39:59
2025-10-11 11:40:00,0.6072,0.6051,0.6073,0.605,1281347.7999999998,2113000,2025-10-11 11:49:59
2025-10-11 11:50:00,0.606,0.6057,0.606,0.602,2031326.4,3358000,2025-10-11 11:59:59
2025-10-11 12:00:00,0.6057,0.606,0.6061,0.605,220537.8,364000,2025-10-11 12:09:59
2025-10-11 12:10:00,0.606,0.6055,0.606,0.6052,54489.6,90000,2025-10-11 12:19:59
2025-10-11 12:20:00,0.6053,0.6045,0.6055,0.6045,117427.0,194000,2025-10-11 12:29:59
2025-10-11 12:30:00,0.6044,0.6015,0.6045,0.6012,944422.8,1568000,2025-10-11 12:39:59
2025-10-11 12:40:00,0.6016,0.602,0.602,0.6014,144463.40000000002,240000,2025-10-11 12:49:59
2025-10-11 12:50:00,0.6021,0.6034,0.6037,0.6021,143552.1,238000,2025-10-11 12:59:59
2025-10-11 13:00:00,0.6034,0.6031,0.6044,0.6031,348373.0,577000,2025-10-11 13:09:59
2025-10-11 13:10:00,0.6031,0.6039,0.604,0.603,84473.6,140000,2025-10-11 13:19:59
2025-10-11 13:20:00,0.6039,0.6032,0.6039,0.603,54930.70000000001,91000,2025-10-11 13:29:59
2025-10-11 13:30:00,0.6032,0.6037,0.6039,0.6025,569117.4999999999,943000,2025-10-11 13:39:59
2025-10-11 13:40:00,0.6037,0.6039,0.6039,0.6028,88706.3,147000,2025-10-11 13:49:59
2025-10-11 13:50:00,0.6039,0.6055,0.6055,0.6039,585641.2000000001,968000,2025-10-11 13:59:59
2025-10-11 14:00:00,0.6055,0.6054,0.6055,0.6054,14529.699999999999,24000,2025-10-11 14:09:59
2025-10-11 14:10:00,0.605,0.6054,0.6054,0.6045,159814.1,264000,2025-10-11 14:19:59
2025-10-11 14:20:00,0.6054,0.6062,0.6071,0.605,279930.4,462000,2025-10-11 14:29:59
2025-10-11 14:30:00,0.6067,0.6072,0.6072,0.606,126851.69999999998,209000,2025-10-11 14:39:59
2025-10-11 14:40:00,0.6066,0.6063,0.6066,0.6052,217449.09999999998,359000,2025-10-11 14:49:59
2025-10-11 14:50:00,0.6064,0.6069,0.607,0.6059,168080.89999999997,277000,2025-10-11 14:59:59
2025-10-11 15:00:00,0.6069,0.6072,0.6072,0.6059,205158.90000000002,338000,2025-10-11 15:09:59
2025-10-11 15:10:00,0.6071,0.6067,0.6071,0.6044,680132.4999999999,1123000,2025-10-11 15:19:59
2025-10-11 15:20:00,0.6067,0.6071,0.6071,0.6059,237875.10000000003,392000,2025-10-11 15:29:59
2025-10-11 15:30:00,0.6071,0.6072,0.6072,0.6065,55850.00000000001,92000,2025-10-11 15:39:59
2025-10-11 15:40:00,0.6066,0.6067,0.6072,0.6066,60096.9,99000,2025-10-11 15:49:59
2025-10-11 15:50:00,0.6069,0.6071,0.6071,0.6069,79522.7,131000,2025-10-11 15:59:59
2025-10-11 16:00:00,0.6072,0.6079,0.608,0.607,499561.89999999997,822000,2025-10-11 16:09:59
2025-10-11 16:10:00,0.6072,0.6078,0.6079,0.6064,49794.0,82000,2025-10-11 16:19:59
2025-10-11 16:20:00,0.6075,0.6084,0.6084,0.6075,307560.9,506000,2025-10-11 16:29:59
2025-10-11 16:30:00,0.6084,0.6098,0.6098,0.6076,1037716.6999999998,1704000,2025-10-11 16:39:59
2025-10-11 16:40:00,0.6099,0.6084,0.611,0.607,1737263.8000000003,2848000,2025-10-11 16:49:59
2025-10-11 16:50:00,0.6085,0.6092,0.6093,0.6084,133298.19999999998,219000,2025-10-11 16:59:59
2025-10-11 17:00:00,0.6092,0.6091,0.6092,0.6087,46274.499999999985,76000,2025-10-11 17:09:59
2025-10-11 17:10:00,0.6091,0.6084,0.61,0.6075,498115.29999999993,818000,2025-10-11 17:19:59
2025-10-11 17:20:00,0.6088,0.6092,0.6105,0.6088,167720.09999999998,275000,2025-10-11 17:29:59
