begin,open,close,high,low,value,volume,end
2025-08-20 06:50:00,3627,3627,3627,3627,18135,5,2025-08-20 06:59:59
2025-08-20 07:00:00,3627,3633,3636,3627,2476141,682,2025-08-20 07:09:59
2025-08-20 07:10:00,3631,3630,3631,3625,656760,181,2025-08-20 07:19:59
2025-08-20 07:20:00,3630,3633,3633,3630,257832,71,2025-08-20 07:29:59
2025-08-20 07:30:00,3632,3633,3633,3632,490422,135,2025-08-20 07:39:59
2025-08-20 07:40:00,3632,3632,3633,3631,188864,52,2025-08-20 07:49:59
2025-08-20 07:50:00,3633,3634,3634,3632,970014,267,2025-08-20 07:59:59
2025-08-20 08:00:00,3635,3634,3635,3634,298053,82,2025-08-20 08:09:59
2025-08-20 08:10:00,3635,3635,3635,3634,1483075,408,2025-08-20 08:19:59
2025-08-20 08:20:00,3635,3639,3639,3635,1469602,404,2025-08-20 08:29:59
2025-08-20 08:30:00,3639,3640,3641,3638,1200860,330,2025-08-20 08:39:59
2025-08-20 08:40:00,3640,3642,3642,3638,2110553,580,2025-08-20 08:49:59
2025-08-20 08:50:00,3642,3646,3646,3640,5228580,1435,2025-08-20 08:59:59
2025-08-20 09:00:00,3645,3637,3646,3633,4509439,1238,2025-08-20 09:09:59
2025-08-20 09:10:00,3640,3642,3645,3639,935735,257,2025-08-20 09:19:59
2025-08-20 09:20:00,3642,3645,3646,3640,1574233,432,2025-08-20 09:29:59
2025-08-20 09:30:00,3644,3640,3648,3640,8095540,2221,2025-08-20 09:39:59
2025-08-20 09:40:00,3640,3637,3640,3635,1327782,365,2025-08-20 09:49:59
2025-08-20 09:50:00,3638,3639,3640,3635,702025,193,2025-08-20 09:59:59
2025-08-20 10:00:00,3639,3636,3639,3634,1039759,286,2025-08-20 10:09:59
2025-08-20 10:10:00,3636,3628,3637,3621,8762285,2416,2025-08-20 10:19:59
2025-08-20 10:20:00,3629,3626,3629,3625,2629491,725,2025-08-20 10:29:59
2025-08-20 10:30:00,3626,3622,3627,3616,5162952,1426,2025-08-20 10:39:59
2025-08-20 10:40:00,3623,3626,3626,3622,1667022,460,2025-08-20 10:49:59
2025-08-20 10:50:00,3625,3623,3626,3623,877175,242,2025-08-20 10:59:02
2025-08-20 11:00:00,3624,3623,3624,3622,670217,185,2025-08-20 11:09:59
2025-08-20 11:10:00,3623,3624,3624,3622,514483,142,2025-08-20 11:19:59
2025-08-20 11:20:00,3624,3617,3625,3611,17989744,4975,2025-08-20 11:29:59
2025-08-20 11:30:00,3617,3625,3625,3617,4717353,1302,2025-08-20 11:39:59
2025-08-20 11:40:00,3624,3624,3627,3623,4605386,1271,2025-08-20 11:49:59
2025-08-20 11:50:00,3625,3625,3627,3624,1073149,296,2025-08-20 11:59:59
2025-08-20 12:00:00,3625,3627,3628,3624,1588412,438,2025-08-20 12:09:59
2025-08-20 12:10:00,3627,3624,3627,3623,4069106,1123,2025-08-20 12:19:59
2025-08-20 12:20:00,3623,3624,3624,3623,4075984,1125,2025-08-20 12:29:59
2025-08-20 12:30:00,3623,3615,3624,3613,9447103,2609,2025-08-20 12:39:59
2025-08-20 12:40:00,3614,3615,3620,3614,2867666,793,2025-08-20 12:49:59
2025-08-20 12:50:00,3615,3612,3617,3611,3194881,884,2025-08-20 12:59:59
2025-08-20 13:00:00,3611,3612,3614,3611,3253955,901,2025-08-20 13:09:59
2025-08-20 13:10:00,3611,3614,3616,3610,3269255,905,2025-08-20 13:19:59
2025-08-20 13:20:00,3614,3613,3617,3613,10163622,2812,2025-08-20 13:29:59
2025-08-20 13:30:00,3613,3605,3614,3605,14466105,4009,2025-08-20 13:39:59
2025-08-20 13:40:00,3605,3607,3609,3605,7626197,2115,2025-08-20 13:49:59
2025-08-20 13:50:00,3608,3607,3610,3606,4254016,1179,2025-08-20 13:59:59
2025-08-20 14:00:00,3607,3605,3609,3605,4770538,1323,2025-08-20 14:09:59
2025-08-20 14:10:00,3606,3605,3608,3605,9745250,2703,2025-08-20 14:19:59
2025-08-20 14:20:00,3606,3601,3607,3601,16504984,4580,2025-08-20 14:29:59
2025-08-20 14:30:00,3602,3603,3604,3595,20486794,5692,2025-08-20 14:39:59
2025-08-20 14:40:00,3603,3604,3612,3600,10302403,2857,2025-08-20 14:49:59
2025-08-20 14:50:00,3605,3604,3607,3603,6466793,1794,2025-08-20 14:59:59
2025-08-20 15:00:00,3605,3604,3607,3603,3147594,873,2025-08-20 15:09:59
2025-08-20 15:10:00,3605,3596,3606,3596,8016429,2226,2025-08-20 15:19:59
2025-08-20 15:20:00,3597,3600,3604,3595,7019415,1950,2025-08-20 15:29:59
2025-08-20 15:30:00,3600,3601,3603,3600,1044205,290,2025-08-20 15:39:59
2025-08-20 15:40:00,3600,3606,3607,3598,8657242,2403,2025-08-20 15:49:59
2025-08-20 15:50:00,3606,3605,3608,3603,3832652,1063,2025-08-20 15:59:59
2025-08-20 16:00:00,3604,3603,3607,3601,1964442,545,2025-08-20 16:09:59
2025-08-20 16:10:00,3603,3600,3605,3594,18402702,5115,2025-08-20 16:19:59
2025-08-20 16:20:00,3602,3606,3607,3594,20924680,5810,2025-08-20 16:29:59
2025-08-20 16:30:00,3606,3598,3606,3595,4999290,1388,2025-08-20 16:39:59
2025-08-20 16:40:00,3598,3599,3603,3595,5343254,1484,2025-08-20 16:49:59
2025-08-20 16:50:00,3600,3600,3602,3598,3318356,922,2025-08-20 16:59:59
2025-08-20 17:00:00,3600,3599,3602,3598,3566681,991,2025-08-20 17:09:59
2025-08-20 17:10:00,3598,3600,3602,3594,12135871,3374,2025-08-20 17:19:59
2025-08-20 17:20:00,3600,3600,3601,3599,3805488,1057,2025-08-20 17:29:59
2025-08-20 17:30:00,3600,3600,3602,3600,1156012,321,2025-08-20 17:39:59
2025-08-20 17:40:00,3600,3592,3603,3591,12893786,3585,2025-08-20 17:49:59
2025-08-20 17:50:00,3592,3588,3597,3586,17243692,4804,2025-08-20 17:59:59
2025-08-20 18:00:00,3590,3603,3605,3589,15593442,4332,2025-08-20 18:09:59
2025-08-20 18:10:00,3603,3603,3605,3601,4779135,1326,2025-08-20 18:19:59
2025-08-20 18:20:00,3603,3604,3607,3603,4329367,1201,2025-08-20 18:29:59
2025-08-20 18:30:00,3605,3600,3605,3595,6778655,1883,2025-08-20 18:39:59
2025-08-20 18:40:00,3604,3604,3604,3604,1254192,348,2025-08-20 18:49:59
2025-08-20 19:00:00,3605,3605,3606,3600,883068,245,2025-08-20 19:09:59
2025-08-20 19:10:00,3606,3601,3606,3600,1083708,301,2025-08-20 19:19:59
2025-08-20 19:20:00,3602,3602,3606,3601,2871958,797,2025-08-20 19:29:59
2025-08-20 19:30:00,3603,3598,3605,3598,4760502,1322,2025-08-20 19:39:59
2025-08-20 19:40:00,3598,3591,3599,3590,2582695,719,2025-08-20 19:49:59
2025-08-20 19:50:00,3590,3590,3596,3590,1095394,305,2025-08-20 19:59:59
2025-08-20 20:00:00,3592,3592,3592,3590,2657420,740,2025-08-20 20:09:59
2025-08-20 20:10:00,3591,3593,3593,3590,452601,126,2025-08-20 20:19:59
2025-08-20 20:20:00,3593,3598,3599,3593,1668364,464,2025-08-20 20:29:59
2025-08-20 20:30:00,3599,3598,3599,3595,690464,192,2025-08-20 20:39:59
2025-08-20 20:40:00,3598,3599,3600,3597,903242,251,2025-08-20 20:49:59
2025-08-20 20:50:00,3600,3598,3600,3598,867505,241,2025-08-20 20:59:59
2025-08-20 21:00:00,3599,3600,3600,3598,356336,99,2025-08-20 21:09:59
2025-08-20 21:10:00,3600,3599,3600,3599,3945552,1096,2025-08-20 21:19:59
2025-08-20 21:20:00,3599,3600,3600,3599,2563169,712,2025-08-20 21:29:59
2025-08-20 21:30:00,3600,3600,3600,3599,1587553,441,2025-08-20 21:39:59
2025-08-20 21:40:00,3599,3599,3600,3599,1569504,436,2025-08-20 21:49:59
2025-08-20 21:50:00,3600,3600,3600,3599,244794,68,2025-08-20 21:59:59
2025-08-20 22:00:00,3600,3600,3600,3599,1317481,366,2025-08-20 22:09:59
2025-08-20 22:10:00,3600,3600,3600,3599,1249182,347,2025-08-20 22:19:59
2025-08-20 22:20:00,3600,3600,3600,3599,169194,47,2025-08-20 22:29:59
2025-08-20 22:30:00,3600,3600,3600,3599,334788,93,2025-08-20 22:39:59
2025-08-20 22:40:00,3600,3599,3600,3599,125979,35,2025-08-20 22:49:59
2025-08-20 22:50:00,3600,3599,3600,3599,89994,25,2025-08-20 22:59:09
2025-08-20 23:00:00,3600,3599,3600,3599,665955,185,2025-08-20 23:09:59
2025-08-20 23:10:00,3600,3600,3600,3600,676800,188,2025-08-20 23:19:59
2025-08-20 23:20:00,3600,3600,3600,3599,248399,69,2025-08-20 23:29:59
2025-08-20 23:30:00,3600,3600,3600,3599,925026,257,2025-08-20 23:39:59
2025-08-20 23:40:00,3600,3600,3600,3599,896378,249,2025-08-20 23:49:09
2025-08-21 07:00:00,3605,3602,3607,3599,3531957,980,2025-08-21 07:09:59
2025-08-21 07:10:00,3605,3608,3608,3602,2008739,557,2025-08-21 07:19:59
2025-08-21 07:20:00,3608,3608,3608,3608,115456,32,2025-08-21 07:29:59
2025-08-21 07:30:00,3607,3609,3609,3606,2295219,636,2025-08-21 07:39:59
2025-08-21 07:40:00,3608,3609,3609,3608,1183741,328,2025-08-21 07:49:59
2025-08-21 07:50:00,3609,3607,3609,3607,447379,124,2025-08-21 07:59:59
2025-08-21 08:00:00,3608,3602,3608,3602,7816324,2167,2025-08-21 08:09:59
2025-08-21 08:10:00,3602,3603,3606,3601,807132,224,2025-08-21 08:19:59
2025-08-21 08:20:00,3602,3604,3606,3602,486425,135,2025-08-21 08:29:59
2025-08-21 08:30:00,3607,3605,3608,3601,933381,259,2025-08-21 08:39:59
2025-08-21 08:40:00,3606,3606,3607,3604,338939,94,2025-08-21 08:49:59
2025-08-21 08:50:00,3607,3602,3607,3602,1452575,403,2025-08-21 08:59:59
2025-08-21 09:00:00,3602,3606,3606,3601,2453453,681,2025-08-21 09:09:59
2025-08-21 09:10:00,3604,3605,3605,3603,284718,79,2025-08-21 09:19:59
2025-08-21 09:20:00,3605,3604,3605,3601,1257698,349,2025-08-21 09:29:59
2025-08-21 09:30:00,3604,3603,3605,3601,1221227,339,2025-08-21 09:39:59
2025-08-21 09:40:00,3604,3604,3604,3601,234183,65,2025-08-21 09:49:59
2025-08-21 09:50:00,3604,3599,3604,3596,2613299,726,2025-08-21 09:59:59
2025-08-21 10:00:00,3597,3603,3603,3594,3039876,845,2025-08-21 10:09:59
2025-08-21 10:10:00,3601,3602,3603,3599,1206384,335,2025-08-21 10:19:59
2025-08-21 10:20:00,3602,3595,3603,3593,1956492,544,2025-08-21 10:29:59
2025-08-21 10:30:00,3595,3590,3596,3588,3228288,899,2025-08-21 10:39:59
2025-08-21 10:40:00,3590,3581,3590,3581,4623979,1290,2025-08-21 10:49:59
2025-08-21 10:50:00,3582,3588,3588,3581,7824281,2184,2025-08-21 10:59:59
2025-08-21 11:00:00,3587,3585,3590,3583,5880713,1640,2025-08-21 11:09:59
2025-08-21 11:10:00,3584,3577,3586,3577,11162955,3118,2025-08-21 11:19:59
2025-08-21 11:20:00,3579,3581,3582,3572,8500540,2377,2025-08-21 11:29:59
2025-08-21 11:30:00,3581,3586,3586,3581,3976262,1110,2025-08-21 11:39:59
2025-08-21 11:40:00,3585,3591,3591,3585,3844897,1072,2025-08-21 11:49:59
2025-08-21 11:50:00,3591,3587,3592,3586,3910339,1090,2025-08-21 11:59:04
2025-08-21 12:00:00,3587,3591,3592,3586,5936320,1654,2025-08-21 12:09:59
2025-08-21 12:10:00,3591,3592,3594,3587,11088767,3088,2025-08-21 12:19:59
2025-08-21 12:20:00,3592,3586,3592,3586,3873276,1079,2025-08-21 12:29:59
2025-08-21 12:30:00,3587,3588,3588,3586,835769,233,2025-08-21 12:39:59
2025-08-21 12:40:00,3588,3588,3590,3585,4396414,1225,2025-08-21 12:49:59
2025-08-21 12:50:00,3588,3589,3590,3580,8085026,2254,2025-08-21 12:59:59
2025-08-21 13:00:00,3589,3589,3593,3589,2542323,708,2025-08-21 13:09:59
2025-08-21 13:10:00,3590,3586,3593,3586,2268792,632,2025-08-21 13:19:59
2025-08-21 13:20:00,3585,3580,3585,3577,3093578,864,2025-08-21 13:29:59
2025-08-21 13:30:00,3580,3580,3584,3578,1475022,412,2025-08-21 13:39:59
2025-08-21 13:40:00,3582,3580,3584,3579,852278,238,2025-08-21 13:49:59
2025-08-21 13:50:00,3579,3574,3582,3573,5557186,1554,2025-08-21 13:59:59
2025-08-21 14:00:00,3574,3587,3590,3574,7581555,2119,2025-08-21 14:09:59
2025-08-21 14:10:00,3587,3589,3592,3584,5922484,1651,2025-08-21 14:19:59
2025-08-21 14:20:00,3589,3593,3593,3588,1741709,485,2025-08-21 14:29:59
2025-08-21 14:30:00,3594,3594,3600,3593,7356020,2046,2025-08-21 14:39:59
2025-08-21 14:40:00,3594,3590,3594,3588,1795662,500,2025-08-21 14:49:59
2025-08-21 14:50:00,3592,3590,3593,3589,1156233,322,2025-08-21 14:59:59
2025-08-21 15:00:00,3590,3588,3595,3588,1522599,424,2025-08-21 15:09:59
2025-08-21 15:10:00,3588,3597,3598,3588,4008708,1115,2025-08-21 15:19:59
2025-08-21 15:20:00,3596,3595,3596,3594,226498,63,2025-08-21 15:29:59
2025-08-21 15:30:00,3595,3596,3598,3592,3591628,999,2025-08-21 15:39:59
2025-08-21 15:40:00,3597,3592,3598,3591,460183,128,2025-08-21 15:49:59
2025-08-21 15:50:00,3593,3597,3599,3592,3009806,837,2025-08-21 15:59:59
2025-08-21 16:00:00,3596,3591,3596,3591,2047506,570,2025-08-21 16:09:59
2025-08-21 16:10:00,3591,3590,3593,3586,2243695,625,2025-08-21 16:19:59
2025-08-21 16:20:00,3587,3584,3590,3584,2685755,749,2025-08-21 16:29:59
2025-08-21 16:30:00,3584,3562,3584,3560,25013979,7006,2025-08-21 16:39:59
2025-08-21 16:40:00,3562,3567,3570,3562,6435333,1805,2025-08-21 16:49:59
2025-08-21 16:50:00,3566,3561,3568,3560,10008959,2810,2025-08-21 16:59:59
2025-08-21 17:00:00,3560,3549,3560,3547,16974037,4779,2025-08-21 17:09:59
2025-08-21 17:10:00,3548,3543,3549,3542,6324649,1784,2025-08-21 17:19:59
2025-08-21 17:20:00,3542,3550,3551,3542,13533584,3815,2025-08-21 17:29:59
2025-08-21 17:30:00,3551,3558,3559,3551,1148618,323,2025-08-21 17:39:59
2025-08-21 17:40:00,3558,3558,3560,3555,2607726,733,2025-08-21 17:49:59
2025-08-21 17:50:00,3558,3557,3560,3556,3152219,886,2025-08-21 17:59:59
2025-08-21 18:00:00,3558,3552,3558,3551,6040201,1699,2025-08-21 18:09:59
2025-08-21 18:10:00,3551,3544,3553,3544,12806843,3608,2025-08-21 18:19:59
2025-08-21 18:20:00,3544,3550,3550,3542,3878745,1093,2025-08-21 18:29:59
2025-08-21 18:30:00,3550,3542,3550,3542,2938688,829,2025-08-21 18:39:59
2025-08-21 18:40:00,3549,3549,3549,3549,1149876,324,2025-08-21 18:49:59
2025-08-21 19:00:00,3548,3545,3548,3545,1471896,415,2025-08-21 19:09:59
2025-08-21 19:10:00,3545,3534,3546,3534,6773382,1914,2025-08-21 19:19:59
2025-08-21 19:20:00,3534,3531,3534,3520,24577996,6972,2025-08-21 19:29:59
2025-08-21 19:30:00,3534,3539,3539,3530,3748970,1061,2025-08-21 19:39:59
2025-08-21 19:40:00,3538,3537,3541,3536,2091627,591,2025-08-21 19:49:59
2025-08-21 19:50:00,3537,3536,3539,3532,2330247,659,2025-08-21 19:59:59
2025-08-21 20:00:00,3536,3536,3540,3533,1801040,509,2025-08-21 20:09:59
2025-08-21 20:10:00,3536,3550,3550,3536,8598883,2427,2025-08-21 20:19:59
2025-08-21 20:20:00,3550,3549,3552,3545,943965,266,2025-08-21 20:29:59
2025-08-21 20:30:00,3545,3548,3548,3545,3756983,1059,2025-08-21 20:39:59
2025-08-21 20:40:00,3548,3560,3560,3548,2520997,709,2025-08-21 20:49:59
2025-08-21 20:50:00,3558,3556,3559,3551,1172919,330,2025-08-21 20:59:59
2025-08-21 21:00:00,3556,3545,3556,3545,1473081,415,2025-08-21 21:09:59
2025-08-21 21:10:00,3547,3549,3549,3543,666257,188,2025-08-21 21:19:59
2025-08-21 21:20:00,3549,3545,3549,3544,485753,137,2025-08-21 21:29:59
2025-08-21 21:30:00,3545,3540,3545,3538,3397891,959,2025-08-21 21:39:59
2025-08-21 21:40:00,3538,3540,3540,3535,1163769,329,2025-08-21 21:49:59
2025-08-21 21:50:00,3541,3537,3541,3536,697005,197,2025-08-21 21:59:59
2025-08-21 22:00:00,3538,3538,3538,3536,431548,122,2025-08-21 22:09:59
2025-08-21 22:10:00,3538,3538,3539,3536,622428,176,2025-08-21 22:19:59
2025-08-21 22:20:00,3538,3540,3542,3538,392884,111,2025-08-21 22:29:59
2025-08-21 22:30:00,3540,3534,3540,3530,2341494,663,2025-08-21 22:39:59
2025-08-21 22:40:00,3531,3530,3534,3530,2418109,685,2025-08-21 22:49:59
2025-08-21 22:50:00,3530,3533,3540,3530,2332163,660,2025-08-21 22:58:05
2025-08-21 23:00:00,3538,3538,3538,3536,619141,175,2025-08-21 23:09:59
2025-08-21 23:10:00,3536,3533,3539,3533,1540719,436,2025-08-21 23:19:59
2025-08-21 23:20:00,3533,3530,3535,3529,7438650,2107,2025-08-21 23:29:59
2025-08-21 23:30:00,3530,3529,3530,3527,1789236,507,2025-08-21 23:39:59
2025-08-21 23:40:00,3530,3528,3533,3528,3084475,874,2025-08-21 23:49:59
2025-08-22 06:50:00,3529,3529,3529,3529,17645,5,2025-08-22 06:59:59
2025-08-22 07:00:00,3536,3540,3541,3529,2217712,627,2025-08-22 07:09:59
2025-08-22 07:10:00,3540,3543,3546,3540,492460,139,2025-08-22 07:19:59
2025-08-22 07:20:00,3544,3545,3545,3542,1059432,299,2025-08-22 07:29:59
2025-08-22 07:30:00,3544,3560,3566,3544,20587331,5788,2025-08-22 07:39:59
2025-08-22 07:40:00,3558,3552,3558,3552,1489145,419,2025-08-22 07:49:59
2025-08-22 07:50:00,3552,3546,3555,3546,855541,241,2025-08-22 07:59:59
2025-08-22 08:00:00,3547,3551,3551,3543,790471,223,2025-08-22 08:09:59
2025-08-22 08:10:00,3551,3556,3556,3548,390897,110,2025-08-22 08:19:59
2025-08-22 08:20:00,3558,3558,3561,3558,594421,167,2025-08-22 08:29:59
2025-08-22 08:30:00,3558,3560,3560,3557,754576,212,2025-08-22 08:39:59
2025-08-22 08:40:00,3560,3558,3561,3558,331043,93,2025-08-22 08:49:59
2025-08-22 08:50:00,3558,3561,3563,3558,163771,46,2025-08-22 08:59:59
2025-08-22 09:00:00,3562,3567,3569,3562,1276546,358,2025-08-22 09:09:59
2025-08-22 09:10:00,3567,3574,3574,3566,2448251,686,2025-08-22 09:19:59
2025-08-22 09:20:00,3574,3574,3576,3572,3667662,1026,2025-08-22 09:29:59
2025-08-22 09:30:00,3571,3569,3573,3565,3333527,934,2025-08-22 09:39:59
2025-08-22 09:40:00,3569,3568,3569,3562,417086,117,2025-08-22 09:49:59
2025-08-22 09:50:00,3568,3567,3568,3562,1368655,384,2025-08-22 09:59:59
2025-08-22 10:00:00,3565,3568,3568,3561,3260196,915,2025-08-22 10:09:59
2025-08-22 10:10:00,3568,3570,3571,3564,7458313,2090,2025-08-22 10:19:59
2025-08-22 10:20:00,3570,3576,3579,3570,2795937,782,2025-08-22 10:29:59
2025-08-22 10:30:00,3576,3568,3579,3568,5970702,1670,2025-08-22 10:39:59
2025-08-22 10:40:00,3572,3574,3577,3570,743386,208,2025-08-22 10:49:59
2025-08-22 10:50:00,3574,3575,3576,3568,3075333,861,2025-08-22 10:59:59
2025-08-22 11:00:00,3576,3585,3586,3574,11311019,3160,2025-08-22 11:09:59
2025-08-22 11:10:00,3586,3569,3586,3569,17196424,4803,2025-08-22 11:19:59
2025-08-22 11:20:00,3569,3570,3574,3565,4568134,1280,2025-08-22 11:29:59
2025-08-22 11:30:00,3572,3573,3576,3572,3473384,972,2025-08-22 11:39:59
2025-08-22 11:40:00,3572,3570,3572,3560,15658107,4393,2025-08-22 11:49:59
2025-08-22 11:50:00,3571,3565,3571,3560,1964444,551,2025-08-22 11:59:59
2025-08-22 12:00:00,3567,3574,3574,3567,2974465,833,2025-08-22 12:09:59
2025-08-22 12:10:00,3574,3572,3575,3560,5761552,1614,2025-08-22 12:19:59
2025-08-22 12:20:00,3573,3572,3574,3570,607318,170,2025-08-22 12:29:59
2025-08-22 12:30:00,3571,3567,3575,3565,3174214,889,2025-08-22 12:39:59
2025-08-22 12:40:00,3567,3569,3571,3560,5205869,1461,2025-08-22 12:49:59
2025-08-22 12:50:00,3569,3572,3572,3569,1078593,302,2025-08-22 12:59:59
2025-08-22 13:00:00,3571,3570,3573,3569,3467258,971,2025-08-22 13:09:59
2025-08-22 13:10:00,3569,3564,3574,3564,2552752,716,2025-08-22 13:19:59
2025-08-22 13:20:00,3564,3564,3565,3560,5996957,1683,2025-08-22 13:29:59
2025-08-22 13:30:00,3564,3565,3565,3562,3218604,903,2025-08-22 13:39:59
2025-08-22 13:40:00,3565,3565,3565,3564,869768,244,2025-08-22 13:49:59
2025-08-22 13:50:00,3564,3565,3565,3563,638011,179,2025-08-22 13:59:59
2025-08-22 14:00:00,3565,3563,3565,3563,1679040,471,2025-08-22 14:09:59
2025-08-22 14:10:00,3564,3565,3565,3564,2456103,689,2025-08-22 14:19:59
2025-08-22 14:20:00,3565,3564,3565,3563,873154,245,2025-08-22 14:29:59
2025-08-22 14:30:00,3564,3570,3575,3563,9237796,2588,2025-08-22 14:39:59
2025-08-22 14:40:00,3573,3570,3573,3566,713650,200,2025-08-22 14:49:59
2025-08-22 14:50:00,3570,3568,3571,3564,2478730,695,2025-08-22 14:59:59
2025-08-22 15:00:00,3568,3567,3575,3566,4392376,1230,2025-08-22 15:09:59
2025-08-22 15:10:00,3569,3564,3569,3564,1094691,307,2025-08-22 15:19:59
2025-08-22 15:20:00,3566,3565,3569,3565,838214,235,2025-08-22 15:29:59
2025-08-22 15:30:00,3565,3550,3566,3543,36755455,10337,2025-08-22 15:39:59
2025-08-22 15:40:00,3550,3554,3561,3550,3924343,1104,2025-08-22 15:49:59
2025-08-22 15:50:00,3554,3549,3555,3546,6558494,1848,2025-08-22 15:59:59
2025-08-22 16:00:00,3548,3551,3551,3548,567945,160,2025-08-22 16:09:59
2025-08-22 16:10:00,3551,3556,3556,3545,5765123,1625,2025-08-22 16:19:59
2025-08-22 16:20:00,3556,3547,3556,3547,1664681,469,2025-08-22 16:29:59
2025-08-22 16:30:00,3547,3551,3554,3547,3857470,1087,2025-08-22 16:39:59
2025-08-22 16:40:00,3552,3545,3552,3545,2336603,659,2025-08-22 16:49:59
2025-08-22 16:50:00,3545,3545,3553,3534,18071118,5104,2025-08-22 16:59:59
2025-08-22 17:00:00,3545,3560,3564,3545,5474833,1539,2025-08-22 17:09:59
2025-08-22 17:10:00,3559,3558,3562,3556,1947115,547,2025-08-22 17:19:59
2025-08-22 17:20:00,3558,3554,3560,3552,625791,176,2025-08-22 17:29:59
2025-08-22 17:30:00,3553,3563,3563,3553,687107,193,2025-08-22 17:39:59
2025-08-22 17:40:00,3563,3562,3564,3561,537925,151,2025-08-22 17:49:59
2025-08-22 17:50:00,3562,3550,3562,3548,4297843,1210,2025-08-22 17:59:59
2025-08-22 18:00:00,3550,3562,3565,3550,2263860,636,2025-08-22 18:09:59
2025-08-22 18:10:00,3561,3557,3561,3555,626183,176,2025-08-22 18:19:59
2025-08-22 18:20:00,3557,3563,3564,3555,922211,259,2025-08-22 18:29:59
2025-08-22 18:30:00,3563,3569,3569,3559,2522681,708,2025-08-22 18:39:59
2025-08-22 18:40:00,3566,3566,3566,3566,399392,112,2025-08-22 18:49:04
2025-08-22 19:00:00,3566,3566,3567,3562,1929403,541,2025-08-22 19:09:59
2025-08-22 19:10:00,3566,3567,3567,3566,724000,203,2025-08-22 19:19:59
2025-08-22 19:20:00,3567,3564,3567,3563,666963,187,2025-08-22 19:29:59
2025-08-22 19:30:00,3563,3564,3565,3562,591519,166,2025-08-22 19:39:59
2025-08-22 19:40:00,3563,3563,3565,3561,516496,145,2025-08-22 19:49:59
2025-08-22 19:50:00,3564,3563,3564,3560,1901534,534,2025-08-22 19:59:59
2025-08-22 20:00:00,3563,3563,3563,3561,384710,108,2025-08-22 20:09:59
2025-08-22 20:10:00,3562,3562,3565,3562,612982,172,2025-08-22 20:19:59
2025-08-22 20:20:00,3564,3563,3564,3562,188845,53,2025-08-22 20:29:59
2025-08-22 20:30:00,3563,3549,3565,3542,13510242,3806,2025-08-22 20:39:59
2025-08-22 20:40:00,3545,3554,3554,3543,1113486,314,2025-08-22 20:49:59
2025-08-22 20:50:00,3554,3552,3556,3550,412147,116,2025-08-22 20:59:59
2025-08-22 21:00:00,3552,3555,3555,3548,1275234,359,2025-08-22 21:09:59
2025-08-22 21:10:00,3555,3561,3561,3552,3653868,1027,2025-08-22 21:19:59
2025-08-22 21:20:00,3560,3562,3562,3560,324058,91,2025-08-22 21:29:59
2025-08-22 21:30:00,3562,3562,3562,3560,113966,32,2025-08-22 21:39:59
2025-08-22 21:40:00,3560,3560,3560,3558,202918,57,2025-08-22 21:49:59
2025-08-22 21:50:00,3560,3563,3563,3559,309796,87,2025-08-22 21:59:59
2025-08-22 22:00:00,3563,3561,3564,3561,701913,197,2025-08-22 22:09:59
2025-08-22 22:10:00,3562,3563,3563,3562,10688,3,2025-08-22 22:19:59
2025-08-22 22:20:00,3563,3562,3564,3561,1033513,290,2025-08-22 22:29:59
2025-08-22 22:30:00,3564,3565,3565,3564,1169305,328,2025-08-22 22:39:59
2025-08-22 22:40:00,3565,3564,3565,3564,171090,48,2025-08-22 22:49:59
2025-08-22 22:50:00,3565,3562,3565,3561,334977,94,2025-08-22 22:59:59
2025-08-22 23:00:00,3564,3564,3565,3561,602055,169,2025-08-22 23:09:59
2025-08-22 23:10:00,3564,3563,3565,3562,1489980,418,2025-08-22 23:19:59
2025-08-22 23:20:00,3565,3564,3565,3562,480980,135,2025-08-22 23:29:59
2025-08-22 23:30:00,3564,3565,3565,3560,1200485,337,2025-08-22 23:39:59
2025-08-22 23:40:00,3561,3561,3562,3560,167374,47,2025-08-22 23:49:59
2025-08-23 09:50:00,3565,3565,3565,3565,253115,71,2025-08-23 09:59:59
2025-08-23 10:00:00,3564,3563,3565,3563,1293960,363,2025-08-23 10:09:59
2025-08-23 10:10:00,3565,3565,3565,3564,395704,111,2025-08-23 10:19:59
2025-08-23 10:20:00,3565,3565,3565,3564,1080163,303,2025-08-23 10:29:59
2025-08-23 10:30:00,3565,3563,3565,3563,630936,177,2025-08-23 10:39:59
2025-08-23 10:40:00,3563,3565,3568,3563,1411816,396,2025-08-23 10:49:59
2025-08-23 10:50:00,3565,3565,3565,3562,538006,151,2025-08-23 10:58:01
2025-08-23 11:00:00,3564,3564,3565,3563,292220,82,2025-08-23 11:09:59
2025-08-23 11:10:00,3564,3564,3565,3564,406313,114,2025-08-23 11:19:59
2025-08-23 11:20:00,3564,3565,3565,3563,1604073,450,2025-08-23 11:29:59
2025-08-23 11:30:00,3565,3565,3565,3562,1087149,305,2025-08-23 11:39:59
2025-08-23 11:40:00,3565,3565,3565,3564,969443,272,2025-08-23 11:49:59
2025-08-23 11:50:00,3565,3564,3565,3564,908908,255,2025-08-23 11:59:59
2025-08-23 12:00:00,3564,3563,3565,3559,1748598,491,2025-08-23 12:09:59
2025-08-23 12:10:00,3563,3560,3565,3554,1878788,528,2025-08-23 12:19:59
2025-08-23 12:20:00,3560,3560,3560,3560,60520,17,2025-08-23 12:29:59
2025-08-23 12:30:00,3560,3558,3560,3556,451834,127,2025-08-23 12:39:59
2025-08-23 12:40:00,3559,3560,3560,3559,516149,145,2025-08-23 12:49:59
2025-08-23 12:50:00,3559,3557,3560,3551,2039863,574,2025-08-23 12:59:59
2025-08-23 13:00:00,3554,3557,3558,3553,316438,89,2025-08-23 13:09:59
2025-08-23 13:10:00,3559,3553,3562,3553,1113743,313,2025-08-23 13:19:59
2025-08-23 13:20:00,3559,3560,3560,3553,871192,245,2025-08-23 13:29:59
2025-08-23 13:30:00,3559,3561,3561,3559,64070,18,2025-08-23 13:39:59
2025-08-23 13:40:00,3561,3562,3562,3559,231490,65,2025-08-23 13:49:59
2025-08-23 13:50:00,3562,3562,3562,3559,74798,21,2025-08-23 13:59:59
2025-08-23 14:00:00,3562,3562,3562,3561,117523,33,2025-08-23 14:09:59
2025-08-23 14:10:00,3562,3562,3562,3562,213720,60,2025-08-23 14:19:59
2025-08-23 14:20:00,3562,3564,3564,3562,146062,41,2025-08-23 14:29:59
2025-08-23 14:30:00,3561,3564,3564,3561,39200,11,2025-08-23 14:39:59
2025-08-23 14:40:00,3564,3565,3565,3564,103370,29,2025-08-23 14:49:59
2025-08-23 14:50:00,3565,3564,3565,3564,99808,28,2025-08-23 14:57:06
2025-08-23 15:00:00,3565,3565,3565,3564,192500,54,2025-08-23 15:09:59
2025-08-23 15:10:00,3565,3565,3565,3560,388446,109,2025-08-23 15:19:59
2025-08-23 15:20:00,3565,3564,3565,3564,149725,42,2025-08-23 15:29:59
2025-08-23 15:30:00,3565,3563,3565,3561,174570,49,2025-08-23 15:39:59
2025-08-23 15:40:00,3562,3563,3563,3562,106865,30,2025-08-23 15:49:59
2025-08-23 15:50:00,3564,3564,3564,3561,24942,7,2025-08-23 15:58:01
2025-08-23 16:00:00,3561,3564,3564,3559,220741,62,2025-08-23 16:09:59
2025-08-23 16:10:00,3564,3564,3564,3564,114048,32,2025-08-23 16:19:59
2025-08-23 16:20:00,3564,3564,3564,3564,231660,65,2025-08-23 16:29:59
2025-08-23 16:30:00,3564,3565,3565,3564,306578,86,2025-08-23 16:39:59
2025-08-23 16:40:00,3564,3565,3565,3564,85558,24,2025-08-23 16:49:59
2025-08-23 16:50:00,3565,3564,3565,3560,238787,67,2025-08-23 16:58:01
2025-08-23 17:00:00,3564,3564,3565,3558,925642,260,2025-08-23 17:09:59
2025-08-23 17:10:00,3564,3565,3565,3564,238823,67,2025-08-23 17:19:59
2025-08-23 17:20:00,3565,3561,3565,3559,1215497,341,2025-08-23 17:29:59
2025-08-23 17:30:00,3565,3565,3565,3565,46345,13,2025-08-23 17:39:59
2025-08-23 17:40:00,3565,3561,3565,3561,71296,20,2025-08-23 17:49:59
2025-08-23 17:50:00,3564,3564,3564,3561,78392,22,2025-08-23 17:59:59
2025-08-23 18:00:00,3565,3565,3565,3564,39212,11,2025-08-23 18:09:59
2025-08-23 18:10:00,3565,3565,3565,3565,2595320,728,2025-08-23 18:19:59
2025-08-23 18:20:00,3565,3568,3568,3565,449201,126,2025-08-23 18:29:59
2025-08-23 18:30:00,3565,3565,3567,3565,171184,48,2025-08-23 18:39:59
2025-08-23 18:40:00,3566,3565,3566,3565,367240,103,2025-08-23 18:49:59
2025-08-23 18:50:00,3566,3565,3566,3565,35656,10,2025-08-23 18:58:01
2025-08-24 09:50:00,3565,3565,3565,3565,49910,14,2025-08-24 09:59:59
2025-08-24 10:00:00,3565,3564,3579,3561,1687196,473,2025-08-24 10:09:59
2025-08-24 10:10:00,3564,3558,3564,3558,1125292,316,2025-08-24 10:19:59
2025-08-24 10:20:00,3558,3557,3558,3557,156540,44,2025-08-24 10:29:59
2025-08-24 10:30:00,3557,3552,3558,3552,799589,225,2025-08-24 10:39:59
2025-08-24 10:40:00,3553,3553,3553,3552,355269,100,2025-08-24 10:49:59
2025-08-24 10:50:00,3553,3555,3555,3552,1488741,419,2025-08-24 10:58:01
2025-08-24 11:00:00,3557,3557,3559,3557,185044,52,2025-08-24 11:09:59
2025-08-24 11:10:00,3556,3560,3560,3556,405766,114,2025-08-24 11:19:59
2025-08-24 11:20:00,3557,3560,3560,3557,252736,71,2025-08-24 11:29:59
2025-08-24 11:30:00,3559,3559,3559,3555,828774,233,2025-08-24 11:39:59
2025-08-24 11:40:00,3559,3557,3559,3557,284641,80,2025-08-24 11:49:59
2025-08-24 11:50:00,3558,3559,3559,3557,668935,188,2025-08-24 11:59:59
2025-08-24 12:00:00,3560,3560,3560,3557,256317,72,2025-08-24 12:09:59
2025-08-24 12:10:00,3560,3560,3560,3560,263440,74,2025-08-24 12:19:59
2025-08-24 12:20:00,3560,3560,3560,3560,256320,72,2025-08-24 12:29:59
2025-08-24 12:30:00,3560,3561,3561,3560,971881,273,2025-08-24 12:39:59
2025-08-24 12:40:00,3561,3562,3562,3561,758506,213,2025-08-24 12:49:59
2025-08-24 12:50:00,3560,3560,3560,3560,270560,76,2025-08-24 12:59:59
2025-08-24 13:00:00,3560,3561,3564,3560,85493,24,2025-08-24 13:09:59
2025-08-24 13:10:00,3563,3564,3564,3563,71266,20,2025-08-24 13:19:59
2025-08-24 13:20:00,3564,3563,3564,3561,231538,65,2025-08-24 13:29:59
2025-08-24 13:30:00,3561,3558,3563,3558,541058,152,2025-08-24 13:39:59
2025-08-24 13:40:00,3557,3561,3561,3557,722271,203,2025-08-24 13:49:59
2025-08-24 13:50:00,3561,3561,3561,3558,46286,13,2025-08-24 13:59:01
2025-08-24 14:00:00,3561,3560,3561,3558,96107,27,2025-08-24 14:09:59
2025-08-24 14:10:00,3560,3560,3560,3558,210020,59,2025-08-24 14:19:59
2025-08-24 14:20:00,3558,3559,3560,3558,110315,31,2025-08-24 14:29:59
2025-08-24 14:30:00,3560,3561,3561,3559,626717,176,2025-08-24 14:39:59
2025-08-24 14:40:00,3561,3561,3561,3561,231465,65,2025-08-24 14:49:59
2025-08-24 14:50:00,3561,3563,3564,3561,1079246,303,2025-08-24 14:59:59
2025-08-24 15:00:00,3562,3564,3564,3562,441928,124,2025-08-24 15:09:59
2025-08-24 15:10:00,3565,3565,3565,3564,1069475,300,2025-08-24 15:19:59
2025-08-24 15:20:00,3565,3565,3565,3564,149728,42,2025-08-24 15:29:59
2025-08-24 15:30:00,3565,3564,3565,3562,138989,39,2025-08-24 15:39:59
2025-08-24 15:40:00,3564,3564,3564,3564,117612,33,2025-08-24 15:49:59
2025-08-24 15:50:00,3563,3564,3564,3562,641419,180,2025-08-24 15:59:01
2025-08-24 16:00:00,3564,3562,3564,3562,106886,30,2025-08-24 16:09:59
2025-08-24 16:10:00,3562,3563,3563,3562,78372,22,2025-08-24 16:19:59
2025-08-24 16:20:00,3562,3564,3564,3562,1357503,381,2025-08-24 16:29:59
2025-08-24 16:30:00,3564,3562,3564,3562,35638,10,2025-08-24 16:39:59
2025-08-24 16:40:00,3564,3562,3564,3562,89057,25,2025-08-24 16:49:59
2025-08-24 16:50:00,3563,3564,3564,3563,60573,17,2025-08-24 16:57:01
2025-08-24 17:00:00,3563,3565,3565,3562,598729,168,2025-08-24 17:09:59
2025-08-24 17:10:00,3563,3565,3565,3563,1953610,548,2025-08-24 17:19:59
2025-08-24 17:20:00,3565,3562,3565,3560,2044078,574,2025-08-24 17:29:59
2025-08-24 17:30:00,3562,3560,3562,3559,573191,161,2025-08-24 17:39:59
2025-08-24 17:40:00,3560,3560,3560,3559,345295,97,2025-08-24 17:49:59
2025-08-24 17:50:00,3560,3559,3560,3558,249164,70,2025-08-24 17:59:59
2025-08-24 18:00:00,3559,3559,3559,3558,206419,58,2025-08-24 18:09:59
2025-08-24 18:10:00,3559,3560,3560,3559,39155,11,2025-08-24 18:19:59
2025-08-24 18:20:00,3560,3560,3560,3559,177961,50,2025-08-24 18:29:59
2025-08-24 18:30:00,3560,3563,3563,3559,594643,167,2025-08-24 18:39:59
2025-08-24 18:40:00,3563,3559,3564,3559,99691,28,2025-08-24 18:49:59
2025-08-24 18:50:00,3562,3559,3562,3559,117450,33,2025-08-24 18:59:59
2025-08-25 06:50:00,3565,3565,3565,3565,32085,9,2025-08-25 06:59:59
2025-08-25 07:00:00,3565,3565,3571,3557,3555974,997,2025-08-25 07:09:59
2025-08-25 07:10:00,3563,3567,3570,3563,1105326,310,2025-08-25 07:19:59
2025-08-25 07:20:00,3566,3565,3567,3565,292431,82,2025-08-25 07:29:59
2025-08-25 07:30:00,3567,3563,3567,3563,349421,98,2025-08-25 07:39:59
2025-08-25 07:40:00,3563,3563,3564,3560,509541,143,2025-08-25 07:49:59
2025-08-25 07:50:00,3562,3561,3563,3560,534295,150,2025-08-25 07:59:59
2025-08-25 08:00:00,3562,3566,3566,3561,5015586,1407,2025-08-25 08:09:59
2025-08-25 08:10:00,3566,3562,3566,3561,737961,207,2025-08-25 08:19:59
2025-08-25 08:20:00,3564,3564,3564,3561,313464,88,2025-08-25 08:29:59
2025-08-25 08:30:00,3565,3567,3568,3565,224662,63,2025-08-25 08:39:59
2025-08-25 08:40:00,3567,3567,3568,3565,549270,154,2025-08-25 08:49:59
2025-08-25 08:50:00,3567,3562,3567,3562,502642,141,2025-08-25 08:59:59
2025-08-25 09:00:00,3564,3559,3564,3559,1694630,476,2025-08-25 09:09:59
2025-08-25 09:10:00,3559,3562,3563,3559,1192848,335,2025-08-25 09:19:59
2025-08-25 09:20:00,3562,3560,3562,3560,2254261,633,2025-08-25 09:29:59
2025-08-25 09:30:00,3560,3559,3561,3559,3356414,943,2025-08-25 09:39:59
2025-08-25 09:40:00,3559,3560,3560,3559,661987,186,2025-08-25 09:49:59
2025-08-25 09:50:00,3560,3559,3560,3559,790136,222,2025-08-25 09:59:59
2025-08-25 10:00:00,3559,3565,3565,3559,5215544,1465,2025-08-25 10:09:59
2025-08-25 10:10:00,3564,3559,3565,3558,3201128,899,2025-08-25 10:19:59
2025-08-25 10:20:00,3559,3564,3567,3557,3487036,979,2025-08-25 10:29:59
2025-08-25 10:30:00,3564,3568,3568,3561,5844178,1639,2025-08-25 10:39:59
2025-08-25 10:40:00,3567,3566,3569,3564,5258071,1474,2025-08-25 10:49:59
2025-08-25 10:50:00,3567,3550,3569,3545,27523412,7746,2025-08-25 10:59:59
2025-08-25 11:00:00,3550,3547,3563,3546,11203905,3151,2025-08-25 11:09:59
2025-08-25 11:10:00,3547,3561,3561,3546,8541311,2403,2025-08-25 11:19:59
2025-08-25 11:20:00,3561,3561,3563,3556,6699298,1882,2025-08-25 11:29:59
2025-08-25 11:30:00,3561,3555,3561,3552,3068337,863,2025-08-25 11:39:59
2025-08-25 11:40:00,3555,3558,3561,3554,3783948,1064,2025-08-25 11:49:59
2025-08-25 11:50:00,3557,3559,3560,3557,2110381,593,2025-08-25 11:59:59
2025-08-25 12:00:00,3559,3559,3559,3557,1352200,380,2025-08-25 12:09:59
2025-08-25 12:10:00,3559,3557,3560,3555,8028173,2257,2025-08-25 12:19:59
2025-08-25 12:20:00,3558,3555,3559,3555,4992749,1404,2025-08-25 12:29:59
2025-08-25 12:30:00,3555,3553,3555,3550,4720217,1329,2025-08-25 12:39:59
2025-08-25 12:40:00,3553,3550,3559,3547,12831467,3612,2025-08-25 12:49:59
2025-08-25 12:50:00,3550,3540,3550,3530,29063092,8213,2025-08-25 12:59:59
2025-08-25 13:00:00,3540,3548,3549,3539,3266144,921,2025-08-25 13:09:59
2025-08-25 13:10:00,3548,3534,3549,3534,4139365,1169,2025-08-25 13:19:59
2025-08-25 13:20:00,3535,3538,3538,3533,11872566,3359,2025-08-25 13:29:59
2025-08-25 13:30:00,3538,3542,3542,3536,1167794,330,2025-08-25 13:39:59
2025-08-25 13:40:00,3542,3539,3545,3538,2663073,752,2025-08-25 13:49:59
2025-08-25 13:50:00,3539,3546,3548,3539,2332792,658,2025-08-25 13:59:59
2025-08-25 14:00:00,3546,3549,3549,3545,1348175,380,2025-08-25 14:09:59
2025-08-25 14:10:00,3549,3549,3550,3547,1348646,380,2025-08-25 14:19:59
2025-08-25 14:20:00,3549,3550,3550,3547,1795746,506,2025-08-25 14:29:59
2025-08-25 14:30:00,3550,3554,3556,3549,17986891,5066,2025-08-25 14:39:59
2025-08-25 14:40:00,3553,3547,3555,3545,2872545,809,2025-08-25 14:49:59
2025-08-25 14:50:00,3546,3549,3550,3544,4202339,1185,2025-08-25 14:59:59
2025-08-25 15:00:00,3549,3541,3550,3538,6866572,1939,2025-08-25 15:09:59
2025-08-25 15:10:00,3541,3541,3542,3538,3207458,906,2025-08-25 15:19:59
2025-08-25 15:20:00,3541,3534,3541,3534,6317698,1786,2025-08-25 15:29:59
2025-08-25 15:30:00,3535,3535,3536,3532,4290240,1214,2025-08-25 15:39:59
2025-08-25 15:40:00,3534,3527,3535,3526,14891633,4219,2025-08-25 15:49:59
2025-08-25 15:50:00,3529,3531,3534,3528,2658625,753,2025-08-25 15:59:59
2025-08-25 16:00:00,3531,3528,3532,3526,3806187,1079,2025-08-25 16:09:59
2025-08-25 16:10:00,3528,3531,3536,3527,10822004,3066,2025-08-25 16:19:59
2025-08-25 16:20:00,3533,3530,3533,3529,2672994,757,2025-08-25 16:29:59
2025-08-25 16:30:00,3531,3533,3534,3529,3245431,919,2025-08-25 16:39:59
2025-08-25 16:40:00,3534,3536,3540,3529,8478951,2400,2025-08-25 16:49:59
2025-08-25 16:50:00,3537,3540,3545,3530,19888751,5620,2025-08-25 16:59:59
2025-08-25 17:00:00,3542,3548,3550,3535,17851999,5040,2025-08-25 17:09:59
2025-08-25 17:10:00,3549,3545,3555,3541,11975053,3376,2025-08-25 17:19:59
2025-08-25 17:20:00,3546,3545,3547,3541,3809864,1075,2025-08-25 17:29:59
2025-08-25 17:30:00,3546,3541,3547,3541,3101389,875,2025-08-25 17:39:59
2025-08-25 17:40:00,3542,3545,3546,3540,4719066,1332,2025-08-25 17:49:59
2025-08-25 17:50:00,3546,3544,3547,3542,3753896,1059,2025-08-25 17:59:59
2025-08-25 18:00:00,3546,3556,3560,3544,12563450,3536,2025-08-25 18:09:59
2025-08-25 18:10:00,3557,3558,3560,3552,40348077,11351,2025-08-25 18:19:59
2025-08-25 18:20:00,3558,3554,3558,3554,1870917,526,2025-08-25 18:29:59
2025-08-25 18:30:00,3553,3558,3559,3553,3360421,945,2025-08-25 18:39:59
2025-08-25 18:40:00,3558,3558,3558,3558,124530,35,2025-08-25 18:49:59
2025-08-25 19:00:00,3558,3557,3558,3557,779182,219,2025-08-25 19:09:59
2025-08-25 19:10:00,3558,3559,3559,3558,1035511,291,2025-08-25 19:19:59
2025-08-25 19:20:00,3559,3560,3560,3558,1633740,459,2025-08-25 19:29:59
2025-08-25 19:30:00,3560,3560,3560,3558,854323,240,2025-08-25 19:39:59
2025-08-25 19:40:00,3559,3559,3560,3559,644345,181,2025-08-25 19:49:59
2025-08-25 19:50:00,3560,3559,3560,3559,594460,167,2025-08-25 19:59:59
2025-08-25 20:00:00,3559,3557,3560,3557,1366216,384,2025-08-25 20:09:59
2025-08-25 20:10:00,3557,3556,3558,3556,668726,188,2025-08-25 20:19:59
2025-08-25 20:20:00,3555,3554,3556,3553,710785,200,2025-08-25 20:29:59
2025-08-25 20:30:00,3554,3553,3554,3551,976879,275,2025-08-25 20:39:59
2025-08-25 20:40:00,3553,3553,3553,3551,1008845,284,2025-08-25 20:49:59
2025-08-25 20:50:00,3552,3556,3556,3552,881659,248,2025-08-25 20:59:59
2025-08-25 21:00:00,3557,3557,3557,3557,163622,46,2025-08-25 21:09:59
2025-08-25 21:10:00,3558,3557,3558,3556,298805,84,2025-08-25 21:19:59
2025-08-25 21:20:00,3557,3556,3557,3555,273771,77,2025-08-25 21:29:59
2025-08-25 21:30:00,3556,3555,3556,3554,469217,132,2025-08-25 21:39:59
2025-08-25 21:40:00,3555,3554,3555,3554,1034475,291,2025-08-25 21:49:59
2025-08-25 21:50:00,3555,3554,3555,3554,67539,19,2025-08-25 21:59:59
2025-08-25 22:00:00,3555,3554,3555,3554,74643,21,2025-08-25 22:09:59
2025-08-25 22:10:00,3555,3554,3555,3554,344750,97,2025-08-25 22:19:59
2025-08-25 22:20:00,3554,3553,3554,3553,138573,39,2025-08-25 22:29:59
2025-08-25 22:30:00,3554,3554,3554,3553,312751,88,2025-08-25 22:39:59
2025-08-25 22:40:00,3554,3550,3554,3550,990982,279,2025-08-25 22:49:59
2025-08-25 22:50:00,3553,3555,3555,3553,550872,155,2025-08-25 22:59:59
2025-08-25 23:00:00,3555,3553,3555,3553,145737,41,2025-08-25 23:09:59
2025-08-25 23:10:00,3554,3552,3554,3552,206115,58,2025-08-25 23:19:59
2025-08-25 23:20:00,3554,3553,3554,3553,81733,23,2025-08-25 23:29:59
2025-08-25 23:30:00,3553,3553,3554,3553,369524,104,2025-08-25 23:39:59
2025-08-25 23:40:00,3554,3554,3555,3554,821060,231,2025-08-25 23:49:59
2025-08-26 06:50:00,3554,3554,3554,3554,3554,1,2025-08-26 06:59:59
2025-08-26 07:00:00,3559,3563,3564,3554,815572,229,2025-08-26 07:09:59
2025-08-26 07:10:00,3563,3563,3564,3559,652053,183,2025-08-26 07:19:59
2025-08-26 07:20:00,3563,3560,3563,3560,32057,9,2025-08-26 07:29:59
2025-08-26 07:30:00,3560,3564,3564,3560,965650,271,2025-08-26 07:39:59
2025-08-26 07:40:00,3564,3563,3564,3563,776911,218,2025-08-26 07:49:59
2025-08-26 07:50:00,3563,3564,3564,3562,199576,56,2025-08-26 07:59:06
2025-08-26 08:00:00,3564,3564,3564,3563,463318,130,2025-08-26 08:09:59
2025-08-26 08:10:00,3564,3564,3564,3563,769778,216,2025-08-26 08:19:59
2025-08-26 08:20:00,3564,3564,3564,3563,188890,53,2025-08-26 08:29:59
2025-08-26 08:30:00,3563,3563,3564,3563,727036,204,2025-08-26 08:39:59
2025-08-26 08:40:00,3564,3560,3564,3560,993822,279,2025-08-26 08:49:59
2025-08-26 08:50:00,3559,3560,3560,3558,932422,262,2025-08-26 08:59:59
2025-08-26 09:00:00,3559,3556,3560,3556,558622,157,2025-08-26 09:09:59
2025-08-26 09:10:00,3557,3558,3558,3556,419728,118,2025-08-26 09:19:59
2025-08-26 09:20:00,3558,3560,3560,3556,3340962,939,2025-08-26 09:29:59
2025-08-26 09:30:00,3560,3564,3564,3560,730014,205,2025-08-26 09:39:59
2025-08-26 09:40:00,3564,3565,3568,3564,1187655,333,2025-08-26 09:49:59
2025-08-26 09:50:00,3564,3565,3565,3563,399196,112,2025-08-26 09:59:59
2025-08-26 10:00:00,3564,3566,3567,3564,2945896,826,2025-08-26 10:09:59
2025-08-26 10:10:00,3566,3565,3567,3565,9040938,2535,2025-08-26 10:19:59
2025-08-26 10:20:00,3564,3560,3567,3559,22811943,6398,2025-08-26 10:29:59
2025-08-26 10:30:00,3560,3558,3560,3556,7607687,2138,2025-08-26 10:39:59
2025-08-26 10:40:00,3559,3552,3559,3552,5254987,1478,2025-08-26 10:49:59
2025-08-26 10:50:00,3553,3549,3557,3547,5745001,1618,2025-08-26 10:59:59
2025-08-26 11:00:00,3549,3552,3554,3549,3053909,860,2025-08-26 11:09:59
2025-08-26 11:10:00,3552,3550,3554,3550,2742439,772,2025-08-26 11:19:59
2025-08-26 11:20:00,3550,3552,3552,3548,1916959,540,2025-08-26 11:29:59
2025-08-26 11:30:00,3552,3552,3555,3550,3701772,1042,2025-08-26 11:39:59
2025-08-26 11:40:00,3552,3550,3553,3550,1811012,510,2025-08-26 11:49:59
2025-08-26 11:50:00,3550,3550,3552,3550,4523106,1274,2025-08-26 11:59:59
2025-08-26 12:00:00,3551,3554,3555,3547,10106916,2845,2025-08-26 12:09:59
2025-08-26 12:10:00,3554,3555,3555,3553,5352724,1506,2025-08-26 12:19:59
2025-08-26 12:20:00,3554,3554,3555,3553,7649716,2152,2025-08-26 12:29:59
2025-08-26 12:30:00,3554,3555,3555,3553,2765049,778,2025-08-26 12:39:59
2025-08-26 12:40:00,3553,3554,3555,3551,3205373,902,2025-08-26 12:49:59
2025-08-26 12:50:00,3553,3553,3555,3551,1883047,530,2025-08-26 12:59:59
2025-08-26 13:00:00,3551,3551,3553,3550,1715277,483,2025-08-26 13:09:59
2025-08-26 13:10:00,3552,3552,3553,3550,4656252,1311,2025-08-26 13:19:59
2025-08-26 13:20:00,3551,3550,3553,3549,1995573,562,2025-08-26 13:29:59
2025-08-26 13:30:00,3551,3554,3555,3549,6541257,1841,2025-08-26 13:39:59
2025-08-26 13:40:00,3554,3553,3555,3548,5223164,1471,2025-08-26 13:49:59
2025-08-26 13:50:00,3554,3554,3554,3551,3346979,942,2025-08-26 13:59:59
2025-08-26 14:00:00,3553,3561,3563,3552,11488892,3231,2025-08-26 14:09:59
2025-08-26 14:10:00,3561,3561,3561,3556,2662282,748,2025-08-26 14:19:59
2025-08-26 14:20:00,3560,3559,3562,3555,15453002,4343,2025-08-26 14:29:59
2025-08-26 14:30:00,3559,3559,3560,3557,1711440,481,2025-08-26 14:39:59
2025-08-26 14:40:00,3558,3559,3559,3557,1654355,465,2025-08-26 14:49:59
2025-08-26 14:50:00,3559,3555,3559,3553,1081230,304,2025-08-26 14:59:59
2025-08-26 15:00:00,3554,3555,3555,3551,1200751,338,2025-08-26 15:09:59
2025-08-26 15:10:00,3555,3554,3556,3552,1386111,390,2025-08-26 15:19:59
2025-08-26 15:20:00,3553,3549,3554,3547,3443544,970,2025-08-26 15:29:59
2025-08-26 15:30:00,3548,3549,3550,3547,3598264,1014,2025-08-26 15:39:59
2025-08-26 15:40:00,3548,3549,3549,3547,3857371,1087,2025-08-26 15:49:59
2025-08-26 15:50:00,3549,3547,3549,3545,3777129,1065,2025-08-26 15:59:59
2025-08-26 16:00:00,3545,3540,3549,3539,26864788,7586,2025-08-26 16:09:59
2025-08-26 16:10:00,3540,3541,3547,3539,2905404,820,2025-08-26 16:19:59
2025-08-26 16:20:00,3540,3548,3548,3536,4933817,1392,2025-08-26 16:29:59
2025-08-26 16:30:00,3546,3547,3552,3545,2395354,675,2025-08-26 16:39:59
2025-08-26 16:40:00,3546,3548,3549,3546,2902118,818,2025-08-26 16:49:59
2025-08-26 16:50:00,3549,3546,3549,3543,4731649,1334,2025-08-26 16:59:59
2025-08-26 17:00:00,3545,3546,3548,3544,2315832,653,2025-08-26 17:09:59
2025-08-26 17:10:00,3546,3545,3547,3544,2315023,653,2025-08-26 17:19:59
2025-08-26 17:20:00,3546,3543,3546,3542,1353913,382,2025-08-26 17:29:59
2025-08-26 17:30:00,3541,3540,3543,3540,2255497,637,2025-08-26 17:39:59
2025-08-26 17:40:00,3542,3542,3543,3542,1427636,403,2025-08-26 17:49:59
2025-08-26 17:50:00,3543,3541,3545,3537,8097918,2287,2025-08-26 17:59:59
2025-08-26 18:00:00,3540,3550,3551,3540,3767681,1062,2025-08-26 18:09:59
2025-08-26 18:10:00,3550,3549,3551,3548,1650644,465,2025-08-26 18:19:59
2025-08-26 18:20:00,3548,3545,3549,3544,7963058,2246,2025-08-26 18:29:59
2025-08-26 18:30:00,3545,3550,3550,3544,5938788,1675,2025-08-26 18:39:59
2025-08-26 18:40:00,3550,3550,3550,3550,1079200,304,2025-08-26 18:49:59
2025-08-26 19:00:00,3550,3548,3550,3548,1838548,518,2025-08-26 19:09:59
2025-08-26 19:10:00,3549,3550,3551,3548,4583571,1291,2025-08-26 19:19:59
2025-08-26 19:20:00,3550,3553,3555,3548,2493301,702,2025-08-26 19:29:59
2025-08-26 19:30:00,3552,3552,3553,3550,213145,60,2025-08-26 19:39:59
2025-08-26 19:40:00,3552,3549,3553,3547,479319,135,2025-08-26 19:49:59
2025-08-26 19:50:00,3551,3554,3554,3550,454549,128,2025-08-26 19:59:04
2025-08-26 20:00:00,3551,3550,3554,3549,773944,218,2025-08-26 20:09:59
2025-08-26 20:10:00,3552,3555,3555,3552,1105257,311,2025-08-26 20:19:59
2025-08-26 20:20:00,3555,3551,3555,3551,721257,203,2025-08-26 20:29:59
2025-08-26 20:30:00,3553,3555,3555,3553,455007,128,2025-08-26 20:39:59
2025-08-26 20:40:00,3555,3555,3557,3555,426612,120,2025-08-26 20:49:59
2025-08-26 20:50:00,3554,3554,3554,3551,447679,126,2025-08-26 20:59:59
2025-08-26 21:00:00,3554,3555,3555,3552,287913,81,2025-08-26 21:09:59
2025-08-26 21:10:00,3554,3555,3555,3554,394603,111,2025-08-26 21:19:59
2025-08-26 21:20:00,3555,3555,3555,3553,88865,25,2025-08-26 21:29:59
2025-08-26 21:30:00,3555,3555,3555,3553,1624629,457,2025-08-26 21:39:59
2025-08-26 21:40:00,3555,3554,3555,3554,415923,117,2025-08-26 21:49:59
2025-08-26 21:50:00,3554,3554,3554,3553,465559,131,2025-08-26 21:59:59
2025-08-26 22:00:00,3554,3551,3555,3550,1122192,316,2025-08-26 22:09:59
2025-08-26 22:10:00,3550,3549,3551,3549,709926,200,2025-08-26 22:19:59
2025-08-26 22:20:00,3550,3549,3551,3549,301781,85,2025-08-26 22:29:59
2025-08-26 22:30:00,3551,3551,3551,3551,120734,34,2025-08-26 22:39:59
2025-08-26 22:40:00,3551,3551,3551,3550,607220,171,2025-08-26 22:49:59
2025-08-26 22:50:00,3551,3550,3551,3550,92315,26,2025-08-26 22:57:14
2025-08-26 23:00:00,3551,3550,3551,3549,717026,202,2025-08-26 23:09:59
2025-08-26 23:10:00,3551,3551,3551,3550,120716,34,2025-08-26 23:19:59
2025-08-26 23:20:00,3551,3550,3551,3550,95863,27,2025-08-26 23:29:59
2025-08-26 23:30:00,3550,3551,3551,3550,1526803,430,2025-08-26 23:39:59
2025-08-26 23:40:00,3551,3558,3559,3550,2094405,589,2025-08-26 23:49:59
2025-08-27 06:50:00,3558,3558,3558,3558,21348,6,2025-08-27 06:59:59
2025-08-27 07:00:00,3554,3566,3577,3554,6121200,1717,2025-08-27 07:09:59
2025-08-27 07:10:00,3564,3562,3564,3560,395347,111,2025-08-27 07:19:59
2025-08-27 07:20:00,3562,3563,3564,3561,195923,55,2025-08-27 07:29:59
2025-08-27 07:30:00,3563,3562,3563,3561,85493,24,2025-08-27 07:39:59
2025-08-27 07:40:00,3563,3561,3563,3561,238615,67,2025-08-27 07:49:59
2025-08-27 07:50:00,3561,3562,3564,3558,2119390,595,2025-08-27 07:59:01
2025-08-27 08:00:00,3561,3564,3564,3561,235191,66,2025-08-27 08:09:59
2025-08-27 08:10:00,3564,3564,3566,3561,659219,185,2025-08-27 08:19:59
2025-08-27 08:20:00,3565,3565,3565,3564,1625530,456,2025-08-27 08:29:59
2025-08-27 08:30:00,3565,3564,3565,3564,71293,20,2025-08-27 08:39:59
2025-08-27 08:40:00,3563,3564,3565,3563,64154,18,2025-08-27 08:49:59
2025-08-27 08:50:00,3565,3565,3565,3565,131905,37,2025-08-27 08:59:59
2025-08-27 09:00:00,3564,3559,3564,3558,434343,122,2025-08-27 09:09:59
2025-08-27 09:10:00,3557,3558,3559,3556,483798,136,2025-08-27 09:19:59
2025-08-27 09:20:00,3558,3559,3559,3555,683120,192,2025-08-27 09:29:59
2025-08-27 09:30:00,3559,3558,3559,3549,3371499,949,2025-08-27 09:39:59
2025-08-27 09:40:00,3558,3556,3558,3555,92473,26,2025-08-27 09:49:59
2025-08-27 09:50:00,3558,3556,3558,3555,231161,65,2025-08-27 09:59:59
2025-08-27 10:00:00,3556,3552,3556,3552,994970,280,2025-08-27 10:09:59
2025-08-27 10:10:00,3552,3550,3552,3538,20915917,5901,2025-08-27 10:19:59
2025-08-27 10:20:00,3549,3554,3556,3548,3506571,987,2025-08-27 10:29:59
2025-08-27 10:30:00,3552,3558,3560,3549,6186867,1740,2025-08-27 10:39:59
2025-08-27 10:40:00,3556,3552,3559,3551,4358909,1226,2025-08-27 10:49:59
2025-08-27 10:50:00,3552,3552,3552,3550,777788,219,2025-08-27 10:59:59
2025-08-27 11:00:00,3552,3546,3556,3546,3423818,964,2025-08-27 11:09:59
2025-08-27 11:10:00,3547,3546,3547,3544,6382701,1800,2025-08-27 11:19:59
2025-08-27 11:20:00,3547,3547,3547,3543,2885992,814,2025-08-27 11:29:59
2025-08-27 11:30:00,3546,3546,3547,3545,2429261,685,2025-08-27 11:39:59
2025-08-27 11:40:00,3546,3547,3547,3545,734178,207,2025-08-27 11:49:59
2025-08-27 11:50:00,3546,3556,3559,3544,21484266,6054,2025-08-27 11:59:59
2025-08-27 12:00:00,3555,3557,3557,3554,1721304,484,2025-08-27 12:09:59
2025-08-27 12:10:00,3557,3556,3557,3555,1006294,283,2025-08-27 12:19:59
2025-08-27 12:20:00,3555,3553,3556,3551,1101822,310,2025-08-27 12:29:59
2025-08-27 12:30:00,3554,3555,3555,3552,213208,60,2025-08-27 12:39:59
2025-08-27 12:40:00,3555,3554,3556,3553,1034305,291,2025-08-27 12:49:59
2025-08-27 12:50:00,3553,3551,3553,3550,2130676,600,2025-08-27 12:59:59
2025-08-27 13:00:00,3550,3546,3551,3540,11270682,3180,2025-08-27 13:09:59
2025-08-27 13:10:00,3546,3554,3555,3546,4267716,1202,2025-08-27 13:19:59
2025-08-27 13:20:00,3555,3553,3555,3551,1876432,528,2025-08-27 13:29:59
2025-08-27 13:30:00,3553,3544,3553,3543,2684482,757,2025-08-27 13:39:59
2025-08-27 13:40:00,3544,3541,3544,3536,7017174,1982,2025-08-27 13:49:59
2025-08-27 13:50:00,3541,3541,3541,3540,1628798,460,2025-08-27 13:59:03
2025-08-27 14:00:00,3542,3549,3549,3541,1733632,489,2025-08-27 14:09:59
2025-08-27 14:10:00,3549,3547,3550,3547,1312910,370,2025-08-27 14:19:59
2025-08-27 14:20:00,3547,3549,3549,3547,454240,128,2025-08-27 14:29:59
2025-08-27 14:30:00,3549,3550,3550,3545,3742685,1055,2025-08-27 14:39:59
2025-08-27 14:40:00,3550,3552,3552,3549,3315596,934,2025-08-27 14:49:59
2025-08-27 14:50:00,3552,3559,3560,3552,15675131,4407,2025-08-27 14:59:59
2025-08-27 15:00:00,3559,3556,3559,3555,1750198,492,2025-08-27 15:09:59
2025-08-27 15:10:00,3556,3557,3558,3551,2057687,579,2025-08-27 15:19:59
2025-08-27 15:20:00,3558,3547,3560,3547,7810281,2198,2025-08-27 15:29:59
2025-08-27 15:30:00,3547,3551,3551,3542,4878320,1376,2025-08-27 15:39:59
2025-08-27 15:40:00,3551,3552,3552,3549,657021,185,2025-08-27 15:49:59
2025-08-27 15:50:00,3552,3555,3558,3552,2068877,582,2025-08-27 15:59:59
2025-08-27 16:00:00,3553,3552,3555,3550,824182,232,2025-08-27 16:09:59
2025-08-27 16:10:00,3554,3554,3554,3552,756788,213,2025-08-27 16:19:59
2025-08-27 16:20:00,3552,3555,3555,3551,1009115,284,2025-08-27 16:29:59
2025-08-27 16:30:00,3555,3551,3557,3551,1560693,439,2025-08-27 16:39:59
2025-08-27 16:40:00,3551,3551,3553,3551,216652,61,2025-08-27 16:49:59
2025-08-27 16:50:00,3551,3552,3553,3550,3906118,1100,2025-08-27 16:59:59
2025-08-27 17:00:00,3553,3548,3553,3547,3916032,1103,2025-08-27 17:09:59
2025-08-27 17:10:00,3548,3545,3548,3543,4530341,1278,2025-08-27 17:19:59
2025-08-27 17:20:00,3545,3543,3547,3541,3922811,1107,2025-08-27 17:29:59
2025-08-27 17:30:00,3542,3538,3542,3533,15680912,4434,2025-08-27 17:39:59
2025-08-27 17:40:00,3538,3543,3543,3536,5253816,1483,2025-08-27 17:49:59
2025-08-27 17:50:00,3545,3542,3545,3539,2914577,823,2025-08-27 17:59:59
2025-08-27 18:00:00,3542,3542,3547,3541,4607734,1300,2025-08-27 18:09:59
2025-08-27 18:10:00,3541,3541,3542,3537,5646224,1595,2025-08-27 18:19:59
2025-08-27 18:20:00,3540,3546,3549,3537,7429734,2097,2025-08-27 18:29:59
2025-08-27 18:30:00,3546,3549,3550,3545,1851375,522,2025-08-27 18:39:59
2025-08-27 18:40:00,3549,3549,3549,3549,53235,15,2025-08-27 18:49:59
2025-08-27 19:00:00,3549,3549,3550,3549,787986,222,2025-08-27 19:09:59
2025-08-27 19:10:00,3550,3553,3553,3549,3124120,880,2025-08-27 19:19:59
2025-08-27 19:20:00,3553,3556,3556,3552,1748716,492,2025-08-27 19:29:59
2025-08-27 19:30:00,3556,3557,3559,3556,1149121,323,2025-08-27 19:39:59
2025-08-27 19:40:00,3557,3558,3559,3556,1017343,286,2025-08-27 19:49:59
2025-08-27 19:50:00,3558,3559,3559,3556,832649,234,2025-08-27 19:59:59
2025-08-27 20:00:00,3559,3558,3559,3557,1554910,437,2025-08-27 20:09:59
2025-08-27 20:10:00,3558,3558,3559,3557,2042211,574,2025-08-27 20:19:59
2025-08-27 20:20:00,3558,3564,3564,3558,7335570,2060,2025-08-27 20:29:59
2025-08-27 20:30:00,3564,3563,3564,3563,1621224,455,2025-08-27 20:39:59
2025-08-27 20:40:00,3563,3563,3563,3562,965491,271,2025-08-27 20:49:59
2025-08-27 20:50:00,3563,3556,3563,3556,1597575,449,2025-08-27 20:59:59
2025-08-27 21:00:00,3558,3563,3563,3556,1118046,314,2025-08-27 21:09:59
2025-08-27 21:10:00,3563,3562,3563,3560,1994737,560,2025-08-27 21:19:59
2025-08-27 21:20:00,3561,3563,3563,3560,641274,180,2025-08-27 21:29:59
2025-08-27 21:30:00,3563,3563,3563,3560,249393,70,2025-08-27 21:39:59
2025-08-27 21:40:00,3563,3562,3563,3560,377601,106,2025-08-27 21:49:59
2025-08-27 21:50:00,3562,3562,3564,3560,890703,250,2025-08-27 21:59:59
2025-08-27 22:00:00,3561,3563,3564,3560,160288,45,2025-08-27 22:09:59
2025-08-27 22:10:00,3564,3561,3564,3561,1000973,281,2025-08-27 22:19:59
2025-08-27 22:20:00,3561,3564,3564,3561,477383,134,2025-08-27 22:29:59
2025-08-27 22:30:00,3564,3562,3564,3562,602186,169,2025-08-27 22:39:59
2025-08-27 22:40:00,3563,3561,3564,3561,1204171,338,2025-08-27 22:49:59
2025-08-27 22:50:00,3562,3563,3564,3561,1866739,524,2025-08-27 22:59:59
2025-08-27 23:00:00,3564,3565,3565,3563,2936862,824,2025-08-27 23:09:59
2025-08-27 23:10:00,3565,3564,3565,3564,242394,68,2025-08-27 23:19:59
2025-08-27 23:20:00,3563,3565,3565,3563,1643349,461,2025-08-27 23:29:59
2025-08-27 23:30:00,3565,3565,3565,3563,573804,161,2025-08-27 23:39:59
2025-08-27 23:40:00,3565,3565,3567,3565,652561,183,2025-08-27 23:47:09
2025-08-28 06:50:00,3569,3569,3569,3569,7138,2,2025-08-28 06:59:59
2025-08-28 07:00:00,3565,3565,3569,3565,1173023,329,2025-08-28 07:09:59
2025-08-28 07:10:00,3562,3564,3564,3562,60570,17,2025-08-28 07:19:59
2025-08-28 07:20:00,3564,3565,3565,3563,406376,114,2025-08-28 07:29:59
2025-08-28 07:30:00,3565,3565,3565,3562,523818,147,2025-08-28 07:39:59
2025-08-28 07:40:00,3565,3565,3565,3562,409967,115,2025-08-28 07:49:59
2025-08-28 07:50:00,3564,3563,3565,3562,627148,176,2025-08-28 07:59:59
2025-08-28 08:00:00,3562,3562,3563,3562,32064,9,2025-08-28 08:09:59
2025-08-28 08:10:00,3562,3562,3563,3562,167419,47,2025-08-28 08:19:59
2025-08-28 08:20:00,3562,3563,3563,3562,441741,124,2025-08-28 08:29:59
2025-08-28 08:30:00,3563,3563,3563,3562,235154,66,2025-08-28 08:39:59
2025-08-28 08:40:00,3563,3563,3564,3562,377663,106,2025-08-28 08:49:59
2025-08-28 08:50:00,3563,3564,3564,3562,587978,165,2025-08-28 08:59:59
2025-08-28 09:00:00,3563,3564,3564,3561,623508,175,2025-08-28 09:09:59
2025-08-28 09:10:00,3561,3562,3563,3560,477175,134,2025-08-28 09:19:59
2025-08-28 09:20:00,3562,3554,3563,3554,3045110,856,2025-08-28 09:29:59
2025-08-28 09:30:00,3553,3558,3558,3553,1411531,397,2025-08-28 09:39:59
2025-08-28 09:40:00,3558,3557,3558,3557,2070710,582,2025-08-28 09:49:59
2025-08-28 09:50:00,3557,3554,3558,3554,924558,260,2025-08-28 09:59:59
2025-08-28 10:00:00,3554,3559,3559,3553,1340799,377,2025-08-28 10:09:59
2025-08-28 10:10:00,3559,3559,3560,3554,1301727,366,2025-08-28 10:19:59
2025-08-28 10:20:00,3559,3560,3561,3557,932651,262,2025-08-28 10:29:59
2025-08-28 10:30:00,3560,3557,3561,3557,3793159,1066,2025-08-28 10:39:59
2025-08-28 10:40:00,3558,3560,3560,3558,654867,184,2025-08-28 10:49:59
2025-08-28 10:50:00,3559,3559,3561,3559,1783501,501,2025-08-28 10:59:59
2025-08-28 11:00:00,3559,3562,3562,3559,744071,209,2025-08-28 11:09:59
2025-08-28 11:10:00,3562,3563,3564,3562,6826697,1916,2025-08-28 11:19:59
2025-08-28 11:20:00,3563,3564,3564,3563,712764,200,2025-08-28 11:29:59
2025-08-28 11:30:00,3564,3561,3564,3561,331319,93,2025-08-28 11:39:59
2025-08-28 11:40:00,3561,3561,3564,3561,509571,143,2025-08-28 11:49:59
2025-08-28 11:50:00,3561,3563,3563,3561,395387,111,2025-08-28 11:59:59
2025-08-28 12:00:00,3563,3565,3565,3562,5068495,1422,2025-08-28 12:09:59
2025-08-28 12:10:00,3565,3573,3573,3563,6401091,1794,2025-08-28 12:19:59
2025-08-28 12:20:00,3574,3578,3579,3574,8555079,2392,2025-08-28 12:29:59
2025-08-28 12:30:00,3578,3584,3590,3575,18746691,5231,2025-08-28 12:39:59
2025-08-28 12:40:00,3584,3588,3595,3581,9737370,2713,2025-08-28 12:49:59
2025-08-28 12:50:00,3586,3578,3586,3577,5017033,1401,2025-08-28 12:59:59
2025-08-28 13:00:00,3578,3585,3585,3577,4377357,1222,2025-08-28 13:09:59
2025-08-28 13:10:00,3586,3586,3587,3585,7278173,2030,2025-08-28 13:19:59
2025-08-28 13:20:00,3585,3585,3590,3585,6497389,1811,2025-08-28 13:29:59
2025-08-28 13:30:00,3586,3585,3587,3585,677834,189,2025-08-28 13:39:59
2025-08-28 13:40:00,3587,3585,3588,3585,684975,191,2025-08-28 13:49:59
2025-08-28 13:50:00,3585,3587,3587,3585,10206906,2847,2025-08-28 13:59:59
2025-08-28 14:00:00,3587,3587,3589,3585,3582565,999,2025-08-28 14:09:59
2025-08-28 14:10:00,3587,3598,3598,3585,12113050,3371,2025-08-28 14:19:59
2025-08-28 14:20:00,3598,3600,3601,3590,14366696,3997,2025-08-28 14:29:59
2025-08-28 14:30:00,3600,3601,3602,3600,4180084,1161,2025-08-28 14:39:59
2025-08-28 14:40:00,3601,3603,3605,3600,16118805,4476,2025-08-28 14:49:59
2025-08-28 14:50:00,3602,3603,3606,3600,10581825,2938,2025-08-28 14:59:59
2025-08-28 15:00:00,3603,3612,3612,3600,12456812,3454,2025-08-28 15:09:59
2025-08-28 15:10:00,3612,3622,3631,3609,34416799,9507,2025-08-28 15:19:59
2025-08-28 15:20:00,3622,3618,3622,3615,5680033,1570,2025-08-28 15:29:59
2025-08-28 15:30:00,3617,3618,3623,3611,9923421,2744,2025-08-28 15:39:59
2025-08-28 15:40:00,3616,3620,3622,3616,6414489,1772,2025-08-28 15:49:59
2025-08-28 15:50:00,3620,3624,3625,3615,13752047,3798,2025-08-28 15:59:59
2025-08-28 16:00:00,3623,3636,3645,3620,27424046,7547,2025-08-28 16:09:59
2025-08-28 16:10:00,3636,3649,3659,3636,66359791,18180,2025-08-28 16:19:59
2025-08-28 16:20:00,3648,3641,3649,3640,7103199,1949,2025-08-28 16:29:59
2025-08-28 16:30:00,3640,3639,3641,3637,3089942,849,2025-08-28 16:39:59
2025-08-28 16:40:00,3639,3631,3639,3627,12111729,3333,2025-08-28 16:49:59
2025-08-28 16:50:00,3628,3628,3631,3625,6177824,1703,2025-08-28 16:59:59
2025-08-28 17:00:00,3628,3625,3642,3623,26316032,7248,2025-08-28 17:09:59
2025-08-28 17:10:00,3623,3628,3631,3611,45214478,12485,2025-08-28 17:19:59
2025-08-28 17:20:00,3628,3625,3634,3623,11218215,3090,2025-08-28 17:29:59
2025-08-28 17:30:00,3625,3624,3632,3623,4410253,1216,2025-08-28 17:39:59
2025-08-28 17:40:00,3623,3627,3630,3621,3833729,1058,2025-08-28 17:49:59
2025-08-28 17:50:00,3626,3627,3630,3626,2538853,700,2025-08-28 17:59:59
2025-08-28 18:00:00,3626,3616,3631,3616,9503198,2621,2025-08-28 18:09:59
2025-08-28 18:10:00,3616,3624,3624,3616,5496647,1518,2025-08-28 18:19:59
2025-08-28 18:20:00,3621,3620,3626,3619,6803027,1877,2025-08-28 18:29:59
2025-08-28 18:30:00,3620,3616,3620,3612,2965038,820,2025-08-28 18:39:59
2025-08-28 18:40:00,3616,3616,3616,3616,61472,17,2025-08-28 18:49:59
2025-08-28 19:00:00,3616,3618,3621,3615,1132398,313,2025-08-28 19:09:59
2025-08-28 19:10:00,3616,3622,3623,3615,423570,117,2025-08-28 19:19:59
2025-08-28 19:20:00,3619,3621,3622,3619,177388,49,2025-08-28 19:29:59
2025-08-28 19:30:00,3621,3622,3622,3620,698855,193,2025-08-28 19:39:59
2025-08-28 19:40:00,3621,3618,3623,3617,1430362,395,2025-08-28 19:49:59
2025-08-28 19:50:00,3619,3617,3620,3617,738135,204,2025-08-28 19:59:59
2025-08-28 20:00:00,3620,3609,3620,3609,3054215,845,2025-08-28 20:09:59
2025-08-28 20:10:00,3609,3608,3609,3595,19364772,5376,2025-08-28 20:19:59
2025-08-28 20:20:00,3608,3606,3608,3606,1204770,334,2025-08-28 20:29:59
2025-08-28 20:30:00,3605,3590,3606,3586,11378953,3166,2025-08-28 20:39:59
2025-08-28 20:40:00,3590,3578,3591,3575,20749174,5794,2025-08-28 20:49:59
2025-08-28 20:50:00,3579,3594,3594,3577,32939729,9199,2025-08-28 20:59:59
2025-08-28 21:00:00,3593,3591,3594,3588,1737989,484,2025-08-28 21:09:59
2025-08-28 21:10:00,3591,3592,3594,3588,1938910,540,2025-08-28 21:19:59
2025-08-28 21:20:00,3593,3590,3593,3589,1798244,501,2025-08-28 21:29:59
2025-08-28 21:30:00,3593,3592,3595,3586,3188251,888,2025-08-28 21:39:59
2025-08-28 21:40:00,3592,3594,3595,3592,3287956,915,2025-08-28 21:49:59
2025-08-28 21:50:00,3594,3600,3602,3594,2367686,658,2025-08-28 21:59:59
2025-08-28 22:00:00,3601,3593,3601,3591,2583584,719,2025-08-28 22:09:59
2025-08-28 22:10:00,3594,3592,3597,3592,2489812,693,2025-08-28 22:19:59
2025-08-28 22:20:00,3592,3595,3596,3592,1451268,404,2025-08-28 22:29:59
2025-08-28 22:30:00,3595,3585,3595,3585,1684058,469,2025-08-28 22:39:59
2025-08-28 22:40:00,3585,3591,3594,3585,1170205,326,2025-08-28 22:49:59
2025-08-28 22:50:00,3591,3592,3597,3591,319912,89,2025-08-28 22:59:59
2025-08-28 23:00:00,3592,3593,3594,3590,1622951,452,2025-08-28 23:09:59
2025-08-28 23:10:00,3592,3597,3597,3589,452761,126,2025-08-28 23:19:59
2025-08-28 23:20:00,3596,3597,3597,3592,517884,144,2025-08-28 23:29:59
2025-08-28 23:30:00,3597,3600,3606,3597,2010471,558,2025-08-28 23:39:59
2025-08-28 23:40:00,3604,3608,3608,3601,2361983,655,2025-08-28 23:49:59
2025-08-29 06:50:00,3608,3608,3608,3608,104632,29,2025-08-29 06:59:59
2025-08-29 07:00:00,3610,3608,3610,3602,1936301,537,2025-08-29 07:09:59
2025-08-29 07:10:00,3606,3613,3614,3606,1032993,286,2025-08-29 07:19:59
2025-08-29 07:20:00,3613,3615,3618,3609,1387886,384,2025-08-29 07:29:59
2025-08-29 07:30:00,3615,3614,3615,3613,151765,42,2025-08-29 07:39:59
2025-08-29 07:40:00,3614,3607,3615,3607,657186,182,2025-08-29 07:49:59
2025-08-29 07:50:00,3607,3606,3609,3606,245278,68,2025-08-29 07:58:02
2025-08-29 08:00:00,3606,3611,3611,3606,184065,51,2025-08-29 08:09:59
2025-08-29 08:10:00,3611,3611,3614,3611,292614,81,2025-08-29 08:19:59
2025-08-29 08:20:00,3610,3611,3611,3610,184156,51,2025-08-29 08:29:59
2025-08-29 08:30:00,3610,3611,3611,3610,108325,30,2025-08-29 08:39:59
2025-08-29 08:40:00,3611,3610,3611,3610,151653,42,2025-08-29 08:49:59
2025-08-29 08:50:00,3611,3614,3614,3611,1152467,319,2025-08-29 08:59:59
2025-08-29 09:00:00,3613,3619,3619,3613,1768863,489,2025-08-29 09:09:59
2025-08-29 09:10:00,3617,3620,3622,3615,1892927,523,2025-08-29 09:19:59
2025-08-29 09:20:00,3620,3620,3622,3620,1064549,294,2025-08-29 09:29:59
2025-08-29 09:30:00,3621,3620,3625,3620,1876517,518,2025-08-29 09:39:59
2025-08-29 09:40:00,3620,3626,3626,3620,1384605,382,2025-08-29 09:49:59
2025-08-29 09:50:00,3625,3624,3626,3620,2111210,583,2025-08-29 09:59:59
2025-08-29 10:00:00,3624,3613,3624,3610,4971408,1374,2025-08-29 10:09:59
2025-08-29 10:10:00,3613,3598,3613,3593,5058006,1405,2025-08-29 10:19:59
2025-08-29 10:20:00,3598,3607,3608,3595,698684,194,2025-08-29 10:29:59
2025-08-29 10:30:00,3607,3611,3611,3600,1618566,449,2025-08-29 10:39:59
2025-08-29 10:40:00,3610,3618,3618,3610,1394873,386,2025-08-29 10:49:59
2025-08-29 10:50:00,3617,3621,3622,3615,1907835,527,2025-08-29 10:59:59
2025-08-29 11:00:00,3621,3620,3622,3618,829049,229,2025-08-29 11:09:59
2025-08-29 11:10:00,3619,3617,3620,3615,893480,247,2025-08-29 11:19:59
2025-08-29 11:20:00,3616,3615,3618,3612,762802,211,2025-08-29 11:29:59
2025-08-29 11:30:00,3613,3616,3616,3613,2183375,604,2025-08-29 11:39:59
2025-08-29 11:40:00,3616,3616,3616,3614,412140,114,2025-08-29 11:49:59
2025-08-29 11:50:00,3615,3617,3621,3600,25891595,7174,2025-08-29 11:59:59
2025-08-29 12:00:00,3616,3598,3616,3592,19982477,5553,2025-08-29 12:09:59
2025-08-29 12:10:00,3599,3595,3600,3592,3694710,1028,2025-08-29 12:19:59
2025-08-29 12:20:00,3596,3593,3598,3592,4512874,1256,2025-08-29 12:29:59
2025-08-29 12:30:00,3596,3593,3600,3592,1761534,490,2025-08-29 12:39:59
2025-08-29 12:40:00,3594,3591,3594,3587,3755344,1046,2025-08-29 12:49:59
2025-08-29 12:50:00,3592,3596,3597,3589,4031452,1122,2025-08-29 12:59:59
2025-08-29 13:00:00,3595,3589,3596,3589,8090916,2253,2025-08-29 13:09:59
2025-08-29 13:10:00,3589,3587,3590,3586,3762941,1049,2025-08-29 13:19:59
2025-08-29 13:20:00,3586,3581,3587,3581,6602299,1842,2025-08-29 13:29:59
2025-08-29 13:30:00,3581,3581,3584,3580,6825700,1906,2025-08-29 13:39:59
2025-08-29 13:40:00,3582,3580,3584,3580,9356323,2613,2025-08-29 13:49:59
2025-08-29 13:50:00,3580,3580,3581,3580,3540942,989,2025-08-29 13:59:59
2025-08-29 14:00:00,3581,3585,3586,3581,1422836,397,2025-08-29 14:09:59
2025-08-29 14:10:00,3585,3584,3585,3582,1064339,297,2025-08-29 14:19:59
2025-08-29 14:20:00,3585,3584,3589,3582,1849505,516,2025-08-29 14:29:59
2025-08-29 14:30:00,3585,3584,3585,3580,4054257,1132,2025-08-29 14:39:59
2025-08-29 14:40:00,3584,3583,3584,3581,1207428,337,2025-08-29 14:49:59
2025-08-29 14:50:00,3584,3585,3585,3581,859992,240,2025-08-29 14:59:59
2025-08-29 15:00:00,3585,3584,3586,3582,867340,242,2025-08-29 15:09:59
2025-08-29 15:10:00,3582,3579,3583,3577,3482757,973,2025-08-29 15:19:59
2025-08-29 15:20:00,3579,3583,3583,3579,952705,266,2025-08-29 15:29:59
2025-08-29 15:30:00,3583,3583,3585,3581,903002,252,2025-08-29 15:39:59
2025-08-29 15:40:00,3583,3585,3588,3582,1498454,418,2025-08-29 15:49:59
2025-08-29 15:50:00,3584,3585,3585,3580,1203369,336,2025-08-29 15:59:59
2025-08-29 16:00:00,3585,3584,3585,3581,1078193,301,2025-08-29 16:09:59
2025-08-29 16:10:00,3582,3585,3585,3582,993008,277,2025-08-29 16:19:59
2025-08-29 16:20:00,3585,3584,3585,3583,1236699,345,2025-08-29 16:29:59
2025-08-29 16:30:00,3584,3590,3590,3584,4486952,1251,2025-08-29 16:39:59
2025-08-29 16:40:00,3588,3590,3590,3588,915301,255,2025-08-29 16:49:59
2025-08-29 16:50:00,3590,3590,3590,3588,1234735,344,2025-08-29 16:59:59
2025-08-29 17:00:00,3590,3590,3590,3588,3869644,1078,2025-08-29 17:09:59
2025-08-29 17:10:00,3590,3594,3595,3589,3436712,957,2025-08-29 17:19:59
2025-08-29 17:20:00,3592,3585,3593,3585,5379905,1500,2025-08-29 17:29:59
2025-08-29 17:30:00,3585,3585,3588,3585,1488344,415,2025-08-29 17:39:59
2025-08-29 17:40:00,3586,3587,3590,3585,1951249,544,2025-08-29 17:49:59
2025-08-29 17:50:00,3588,3587,3590,3587,1449467,404,2025-08-29 17:59:59
2025-08-29 18:00:00,3587,3590,3593,3586,2640592,736,2025-08-29 18:09:59
2025-08-29 18:10:00,3590,3590,3598,3590,4737660,1318,2025-08-29 18:19:59
2025-08-29 18:20:00,3590,3590,3592,3586,2390845,666,2025-08-29 18:29:59
2025-08-29 18:30:00,3590,3587,3596,3587,2956587,823,2025-08-29 18:39:59
2025-08-29 18:40:00,3593,3593,3593,3593,855134,238,2025-08-29 18:49:59
2025-08-29 19:00:00,3595,3595,3595,3588,812241,226,2025-08-29 19:09:59
2025-08-29 19:10:00,3591,3592,3594,3591,201139,56,2025-08-29 19:19:59
2025-08-29 19:20:00,3592,3588,3592,3585,3712636,1035,2025-08-29 19:29:59
2025-08-29 19:30:00,3590,3592,3592,3586,358968,100,2025-08-29 19:39:59
2025-08-29 19:40:00,3593,3588,3594,3588,703932,196,2025-08-29 19:49:59
2025-08-29 19:50:00,3587,3589,3590,3587,871942,243,2025-08-29 19:59:59
2025-08-29 20:00:00,3588,3589,3590,3587,437816,122,2025-08-29 20:09:59
2025-08-29 20:10:00,3590,3594,3594,3588,1789232,498,2025-08-29 20:19:59
2025-08-29 20:20:00,3595,3592,3595,3588,714469,199,2025-08-29 20:29:59
2025-08-29 20:30:00,3592,3591,3592,3590,254990,71,2025-08-29 20:39:59
2025-08-29 20:40:00,3590,3591,3591,3590,315987,88,2025-08-29 20:49:59
2025-08-29 20:50:00,3590,3592,3592,3589,312394,87,2025-08-29 20:59:59
2025-08-29 21:00:00,3590,3592,3592,3590,132887,37,2025-08-29 21:09:59
2025-08-29 21:10:00,3592,3592,3592,3592,398712,111,2025-08-29 21:19:59
2025-08-29 21:20:00,3592,3593,3593,3590,1451015,404,2025-08-29 21:29:59
2025-08-29 21:30:00,3593,3596,3598,3593,2049286,570,2025-08-29 21:39:59
2025-08-29 21:40:00,3595,3593,3596,3593,111462,31,2025-08-29 21:49:59
2025-08-29 21:50:00,3592,3592,3594,3591,574712,160,2025-08-29 21:59:59
2025-08-29 22:00:00,3594,3597,3597,3591,431354,120,2025-08-29 22:09:59
2025-08-29 22:10:00,3597,3592,3597,3591,237203,66,2025-08-29 22:19:59
2025-08-29 22:20:00,3592,3585,3595,3585,4557734,1270,2025-08-29 22:29:59
2025-08-29 22:30:00,3585,3590,3590,3585,1022085,285,2025-08-29 22:39:59
2025-08-29 22:40:00,3590,3589,3590,3586,283494,79,2025-08-29 22:49:59
2025-08-29 22:50:00,3587,3588,3588,3585,1685121,470,2025-08-29 22:59:59
2025-08-29 23:00:00,3588,3590,3590,3588,1475378,411,2025-08-29 23:09:59
2025-08-29 23:10:00,3590,3594,3594,3589,743702,207,2025-08-29 23:19:59
2025-08-29 23:20:00,3593,3591,3595,3590,208319,58,2025-08-29 23:29:59
2025-08-29 23:30:00,3591,3593,3593,3587,1374593,383,2025-08-29 23:39:59
2025-08-29 23:40:00,3593,3591,3593,3589,315987,88,2025-08-29 23:49:59
2025-08-30 09:50:00,3594,3594,3594,3594,89850,25,2025-08-30 09:59:59
2025-08-30 10:00:00,3594,3601,3604,3591,1159458,322,2025-08-30 10:09:59
2025-08-30 10:10:00,3603,3601,3603,3601,201766,56,2025-08-30 10:19:59
2025-08-30 10:20:00,3601,3606,3608,3601,630909,175,2025-08-30 10:29:59
2025-08-30 10:30:00,3606,3609,3610,3606,548543,152,2025-08-30 10:39:59
2025-08-30 10:40:00,3607,3613,3613,3607,274396,76,2025-08-30 10:49:59
2025-08-30 10:50:00,3613,3614,3614,3609,708117,196,2025-08-30 10:59:01
2025-08-30 11:00:00,3614,3609,3614,3609,916836,254,2025-08-30 11:09:59
2025-08-30 11:10:00,3609,3613,3613,3608,491188,136,2025-08-30 11:19:59
2025-08-30 11:20:00,3613,3606,3614,3606,642969,178,2025-08-30 11:29:59
2025-08-30 11:30:00,3608,3612,3612,3604,508467,141,2025-08-30 11:39:59
2025-08-30 11:40:00,3611,3612,3612,3608,390013,108,2025-08-30 11:49:59
2025-08-30 11:50:00,3612,3606,3613,3604,541278,150,2025-08-30 11:59:59
2025-08-30 12:00:00,3607,3605,3612,3605,324808,90,2025-08-30 12:09:59
2025-08-30 12:10:00,3605,3607,3609,3605,43285,12,2025-08-30 12:19:59
2025-08-30 12:20:00,3609,3607,3610,3607,180410,50,2025-08-30 12:29:59
2025-08-30 12:30:00,3607,3612,3612,3607,415201,115,2025-08-30 12:39:59
2025-08-30 12:40:00,3609,3608,3613,3608,278031,77,2025-08-30 12:49:59
2025-08-30 12:50:00,3609,3608,3611,3608,50543,14,2025-08-30 12:59:59
2025-08-30 13:00:00,3611,3612,3612,3609,79436,22,2025-08-30 13:09:59
2025-08-30 13:10:00,3612,3610,3613,3608,278008,77,2025-08-30 13:19:59
2025-08-30 13:20:00,3610,3610,3610,3610,108300,30,2025-08-30 13:29:59
2025-08-30 13:30:00,3610,3610,3610,3608,342910,95,2025-08-30 13:39:59
2025-08-30 13:40:00,3610,3610,3610,3608,299624,83,2025-08-30 13:49:59
2025-08-30 13:50:00,3610,3610,3611,3610,46938,13,2025-08-30 13:59:59
2025-08-30 14:00:00,3610,3611,3611,3610,180540,50,2025-08-30 14:09:59
2025-08-30 14:10:00,3611,3613,3613,3611,176965,49,2025-08-30 14:19:59
2025-08-30 14:20:00,3613,3613,3613,3613,173424,48,2025-08-30 14:29:59
2025-08-30 14:30:00,3613,3613,3613,3612,65029,18,2025-08-30 14:39:59
2025-08-30 14:40:00,3612,3607,3613,3601,3802540,1055,2025-08-30 14:49:59
2025-08-30 14:50:00,3606,3607,3608,3604,277593,77,2025-08-30 14:59:59
2025-08-30 15:00:00,3607,3604,3607,3604,371518,103,2025-08-30 15:09:59
2025-08-30 15:10:00,3605,3607,3609,3604,39675,11,2025-08-30 15:19:59
2025-08-30 15:20:00,3608,3608,3608,3605,241732,67,2025-08-30 15:29:59
2025-08-30 15:30:00,3605,3606,3606,3605,79312,22,2025-08-30 15:39:59
2025-08-30 15:40:00,3604,3607,3607,3604,425437,118,2025-08-30 15:49:59
2025-08-30 15:50:00,3607,3603,3607,3603,926032,257,2025-08-30 15:59:01
2025-08-30 16:00:00,3607,3606,3607,3603,68511,19,2025-08-30 16:09:59
2025-08-30 16:10:00,3606,3609,3609,3606,321182,89,2025-08-30 16:19:59
2025-08-30 16:20:00,3607,3609,3610,3605,364353,101,2025-08-30 16:29:59
2025-08-30 16:30:00,3606,3605,3609,3600,1033752,287,2025-08-30 16:39:59
2025-08-30 16:40:00,3605,3605,3606,3602,111750,31,2025-08-30 16:49:59
2025-08-30 16:50:00,3605,3604,3605,3602,79303,22,2025-08-30 16:59:01
2025-08-30 17:00:00,3602,3605,3605,3601,627011,174,2025-08-30 17:09:59
2025-08-30 17:10:00,3606,3605,3606,3602,158591,44,2025-08-30 17:19:59
2025-08-30 17:20:00,3605,3602,3605,3602,115289,32,2025-08-30 17:29:59
2025-08-30 17:30:00,3603,3602,3605,3602,194561,54,2025-08-30 17:39:59
2025-08-30 17:40:00,3602,3606,3607,3602,429067,119,2025-08-30 17:49:59
2025-08-30 17:50:00,3606,3607,3607,3606,198377,55,2025-08-30 17:59:59
2025-08-30 18:00:00,3607,3607,3607,3603,306579,85,2025-08-30 18:09:59
2025-08-30 18:10:00,3607,3604,3607,3604,230724,64,2025-08-30 18:19:59
2025-08-30 18:20:00,3603,3602,3606,3602,281027,78,2025-08-30 18:29:59
2025-08-30 18:30:00,3605,3603,3605,3603,147785,41,2025-08-30 18:39:59
2025-08-30 18:40:00,3605,3603,3605,3603,36042,10,2025-08-30 18:49:59
2025-08-30 18:50:00,3603,3606,3606,3603,147814,41,2025-08-30 18:59:59
2025-08-31 09:50:00,3611,3611,3611,3611,68609,19,2025-08-31 09:59:59
2025-08-31 10:00:00,3612,3608,3619,3603,1397066,387,2025-08-31 10:09:59
2025-08-31 10:10:00,3608,3609,3609,3603,317378,88,2025-08-31 10:19:59
2025-08-31 10:20:00,3607,3609,3609,3606,104611,29,2025-08-31 10:29:59
2025-08-31 10:30:00,3609,3609,3609,3607,50516,14,2025-08-31 10:39:59
2025-08-31 10:40:00,3609,3605,3609,3605,504947,140,2025-08-31 10:49:59
2025-08-31 10:50:00,3605,3605,3605,3603,162222,45,2025-08-31 10:59:59
2025-08-31 11:00:00,3605,3604,3605,3604,306409,85,2025-08-31 11:09:59
2025-08-31 11:10:00,3605,3608,3609,3605,1320239,366,2025-08-31 11:19:59
2025-08-31 11:20:00,3608,3605,3608,3605,274108,76,2025-08-31 11:29:59
2025-08-31 11:30:00,3607,3608,3608,3605,79362,22,2025-08-31 11:39:59
2025-08-31 11:40:00,3608,3609,3612,3608,1104282,306,2025-08-31 11:49:59
2025-08-31 11:50:00,3610,3609,3610,3609,158816,44,2025-08-31 11:59:59
2025-08-31 12:00:00,3609,3606,3609,3605,324580,90,2025-08-31 12:09:59
2025-08-31 12:10:00,3606,3606,3606,3606,389448,108,2025-08-31 12:19:59
2025-08-31 12:20:00,3606,3605,3606,3605,346111,96,2025-08-31 12:29:59
2025-08-31 12:30:00,3606,3607,3607,3604,894044,248,2025-08-31 12:39:59
2025-08-31 12:40:00,3604,3607,3607,3600,7272873,2020,2025-08-31 12:49:59
2025-08-31 12:50:00,3607,3608,3610,3604,1573113,436,2025-08-31 12:59:01
2025-08-31 13:00:00,3608,3612,3612,3608,599311,166,2025-08-31 13:09:59
2025-08-31 13:10:00,3611,3611,3612,3611,115559,32,2025-08-31 13:19:59
2025-08-31 13:20:00,3612,3611,3612,3611,61401,17,2025-08-31 13:29:59
2025-08-31 13:30:00,3611,3612,3612,3611,516409,143,2025-08-31 13:39:59
2025-08-31 13:40:00,3612,3606,3612,3606,1916670,531,2025-08-31 13:49:59
2025-08-31 13:50:00,3606,3610,3610,3606,238196,66,2025-08-31 13:59:01
2025-08-31 14:00:00,3607,3605,3607,3605,324459,90,2025-08-31 14:09:59
2025-08-31 14:10:00,3606,3606,3609,3605,122595,34,2025-08-31 14:19:59
2025-08-31 14:20:00,3608,3607,3609,3607,158787,44,2025-08-31 14:29:59
2025-08-31 14:30:00,3609,3610,3612,3609,956997,265,2025-08-31 14:39:59
2025-08-31 14:40:00,3611,3607,3611,3607,840807,233,2025-08-31 14:49:59
2025-08-31 14:50:00,3610,3613,3613,3610,1141343,316,2025-08-31 14:59:59
2025-08-31 15:00:00,3614,3614,3614,3613,54209,15,2025-08-31 15:09:59
2025-08-31 15:10:00,3613,3613,3613,3612,72258,20,2025-08-31 15:19:59
2025-08-31 15:20:00,3613,3614,3614,3612,1366069,378,2025-08-31 15:29:59
2025-08-31 15:30:00,3614,3614,3615,3612,61434,17,2025-08-31 15:39:59
2025-08-31 15:40:00,3614,3607,3615,3607,545160,151,2025-08-31 15:49:59
2025-08-31 15:50:00,3609,3610,3610,3609,32489,9,2025-08-31 15:59:01
2025-08-31 16:00:00,3610,3614,3614,3610,162521,45,2025-08-31 16:09:59
2025-08-31 16:10:00,3614,3610,3614,3610,693177,192,2025-08-31 16:19:59
2025-08-31 16:20:00,3610,3602,3612,3602,5399701,1498,2025-08-31 16:29:59
2025-08-31 16:30:00,3603,3610,3610,3603,349784,97,2025-08-31 16:39:59
2025-08-31 16:40:00,3610,3612,3612,3610,314082,87,2025-08-31 16:49:59
2025-08-31 16:50:00,3610,3612,3612,3610,299790,83,2025-08-31 16:59:59
2025-08-31 17:00:00,3612,3614,3614,3612,415510,115,2025-08-31 17:09:59
2025-08-31 17:10:00,3614,3610,3614,3610,2592114,718,2025-08-31 17:19:59
2025-08-31 17:20:00,3610,3610,3610,3607,151611,42,2025-08-31 17:29:59
2025-08-31 17:30:00,3610,3607,3610,3606,349990,97,2025-08-31 17:39:59
2025-08-31 17:40:00,3607,3611,3615,3607,1433992,397,2025-08-31 17:49:59
2025-08-31 17:50:00,3615,3611,3615,3610,505569,140,2025-08-31 17:59:59
2025-08-31 18:00:00,3614,3612,3614,3611,231270,64,2025-08-31 18:09:59
2025-08-31 18:10:00,3611,3611,3612,3611,68611,19,2025-08-31 18:19:59
2025-08-31 18:20:00,3612,3610,3613,3610,2379073,659,2025-08-31 18:29:59
2025-08-31 18:30:00,3612,3609,3613,3609,328629,91,2025-08-31 18:39:59
2025-08-31 18:40:00,3609,3614,3614,3609,505631,140,2025-08-31 18:49:59
2025-08-31 18:50:00,3611,3613,3613,3611,202260,56,2025-08-31 18:59:59
2025-09-01 06:50:00,3615,3615,3615,3615,21690,6,2025-09-01 06:59:59
2025-09-01 07:00:00,3613,3620,3621,3613,1613873,446,2025-09-01 07:09:59
2025-09-01 07:10:00,3619,3621,3621,3619,1694143,468,2025-09-01 07:19:59
2025-09-01 07:20:00,3621,3617,3623,3617,4579426,1265,2025-09-01 07:29:59
2025-09-01 07:30:00,3620,3623,3624,3620,507308,140,2025-09-01 07:39:59
2025-09-01 07:40:00,3623,3624,3625,3622,420359,116,2025-09-01 07:49:59
2025-09-01 07:50:00,3624,3624,3625,3624,579846,160,2025-09-01 07:59:59
2025-09-01 08:00:00,3624,3625,3626,3624,1827155,504,2025-09-01 08:09:59
2025-09-01 08:10:00,3625,3626,3626,3625,978832,270,2025-09-01 08:19:59
2025-09-01 08:20:00,3626,3626,3626,3625,3640463,1004,2025-09-01 08:29:59
2025-09-01 08:30:00,3625,3626,3626,3625,420579,116,2025-09-01 08:39:59
2025-09-01 08:40:00,3626,3624,3626,3624,3062733,845,2025-09-01 08:49:59
2025-09-01 08:50:00,3624,3626,3626,3624,1236391,341,2025-09-01 08:59:59
2025-09-01 09:00:00,3625,3625,3626,3622,8527766,2352,2025-09-01 09:09:59
2025-09-01 09:10:00,3625,3624,3626,3622,891655,246,2025-09-01 09:19:59
2025-09-01 09:20:00,3624,3625,3626,3623,677773,187,2025-09-01 09:29:59
2025-09-01 09:30:00,3625,3624,3626,3622,601502,166,2025-09-01 09:39:59
2025-09-01 09:40:00,3624,3626,3626,3622,3827223,1056,2025-09-01 09:49:59
2025-09-01 09:50:00,3626,3633,3638,3624,18423008,5074,2025-09-01 09:59:59
2025-09-01 10:00:00,3633,3639,3642,3630,11907748,3275,2025-09-01 10:09:59
2025-09-01 10:10:00,3639,3631,3641,3630,9500111,2613,2025-09-01 10:19:59
2025-09-01 10:20:00,3631,3645,3645,3630,23504973,6460,2025-09-01 10:29:59
2025-09-01 10:30:00,3644,3643,3645,3641,5436308,1492,2025-09-01 10:39:59
2025-09-01 10:40:00,3641,3643,3645,3641,7868814,2160,2025-09-01 10:49:59
2025-09-01 10:50:00,3642,3634,3643,3634,8418339,2314,2025-09-01 10:59:59
2025-09-01 11:00:00,3634,3635,3639,3630,9857052,2713,2025-09-01 11:09:59
2025-09-01 11:10:00,3635,3638,3641,3632,6870140,1889,2025-09-01 11:19:59
2025-09-01 11:20:00,3640,3640,3643,3632,6430653,1768,2025-09-01 11:29:59
2025-09-01 11:30:00,3640,3638,3642,3636,3166752,870,2025-09-01 11:39:59
2025-09-01 11:40:00,3636,3639,3640,3633,13579714,3735,2025-09-01 11:49:59
2025-09-01 11:50:00,3638,3630,3638,3623,14883939,4101,2025-09-01 11:59:59
2025-09-01 12:00:00,3631,3632,3632,3627,9067445,2498,2025-09-01 12:09:59
2025-09-01 12:10:00,3632,3630,3632,3625,3458920,953,2025-09-01 12:19:59
2025-09-01 12:20:00,3630,3632,3632,3626,11670300,3216,2025-09-01 12:29:59
2025-09-01 12:30:00,3631,3631,3633,3628,7533970,2075,2025-09-01 12:39:59
2025-09-01 12:40:00,3631,3627,3632,3624,5933552,1635,2025-09-01 12:49:59
2025-09-01 12:50:00,3626,3626,3627,3621,4011254,1107,2025-09-01 12:59:59
2025-09-01 13:00:00,3627,3629,3631,3625,9287231,2559,2025-09-01 13:09:59
2025-09-01 13:10:00,3627,3622,3629,3621,9313015,2570,2025-09-01 13:19:59
2025-09-01 13:20:00,3622,3614,3622,3610,15049463,4163,2025-09-01 13:29:59
2025-09-01 13:30:00,3613,3615,3615,3612,3892449,1077,2025-09-01 13:39:59
2025-09-01 13:40:00,3615,3611,3617,3608,9615500,2663,2025-09-01 13:49:59
2025-09-01 13:50:00,3611,3607,3614,3607,5662268,1569,2025-09-01 13:59:59
2025-09-01 14:00:00,3610,3610,3613,3608,4433391,1228,2025-09-01 14:09:59
2025-09-01 14:10:00,3611,3611,3614,3607,6679555,1850,2025-09-01 14:19:59
2025-09-01 14:20:00,3610,3609,3610,3607,6313954,1750,2025-09-01 14:29:59
2025-09-01 14:30:00,3608,3610,3610,3608,4046303,1121,2025-09-01 14:39:59
2025-09-01 14:40:00,3610,3609,3610,3606,4831848,1339,2025-09-01 14:49:59
2025-09-01 14:50:00,3609,3610,3615,3609,5445176,1508,2025-09-01 14:59:59
2025-09-01 15:00:00,3610,3610,3611,3609,7444045,2062,2025-09-01 15:09:59
2025-09-01 15:10:00,3611,3611,3613,3610,4601221,1274,2025-09-01 15:19:59
2025-09-01 15:20:00,3612,3611,3612,3610,2441112,676,2025-09-01 15:29:59
2025-09-01 15:30:00,3612,3610,3612,3610,2520611,698,2025-09-01 15:39:59
2025-09-01 15:40:00,3610,3604,3611,3604,8631698,2393,2025-09-01 15:49:59
2025-09-01 15:50:00,3608,3609,3613,3606,7398257,2049,2025-09-01 15:59:59
2025-09-01 16:00:00,3609,3611,3614,3607,7451919,2063,2025-09-01 16:09:59
2025-09-01 16:10:00,3612,3609,3612,3608,2375075,658,2025-09-01 16:19:59
2025-09-01 16:20:00,3609,3608,3610,3607,732717,203,2025-09-01 16:29:59
2025-09-01 16:30:00,3609,3608,3609,3607,977851,271,2025-09-01 16:39:59
2025-09-01 16:40:00,3608,3606,3609,3606,1749629,485,2025-09-01 16:49:59
2025-09-01 16:50:00,3606,3609,3609,3606,3975658,1102,2025-09-01 16:59:59
2025-09-01 17:00:00,3609,3603,3609,3602,4459745,1237,2025-09-01 17:09:59
2025-09-01 17:10:00,3602,3599,3603,3595,14783731,4108,2025-09-01 17:19:59
2025-09-01 17:20:00,3598,3596,3600,3595,3100567,862,2025-09-01 17:29:59
2025-09-01 17:30:00,3598,3596,3598,3592,9167690,2550,2025-09-01 17:39:59
2025-09-01 17:40:00,3596,3594,3597,3593,3987815,1109,2025-09-01 17:49:59
2025-09-01 17:50:00,3596,3596,3597,3592,9872384,2748,2025-09-01 17:59:59
2025-09-01 18:00:00,3595,3593,3596,3592,3603978,1003,2025-09-01 18:09:59
2025-09-01 18:10:00,3593,3597,3598,3592,2710673,754,2025-09-01 18:19:59
2025-09-01 18:20:00,3596,3592,3597,3591,2946756,820,2025-09-01 18:29:59
2025-09-01 18:30:00,3592,3591,3597,3589,10796037,3006,2025-09-01 18:39:59
2025-09-01 18:40:00,3592,3592,3592,3592,1677464,467,2025-09-01 18:49:14
2025-09-01 19:00:00,3595,3594,3595,3591,614429,171,2025-09-01 19:09:59
2025-09-01 19:10:00,3594,3595,3595,3590,2048491,570,2025-09-01 19:19:59
2025-09-01 19:20:00,3595,3595,3595,3592,1196786,333,2025-09-01 19:29:59
2025-09-01 19:30:00,3595,3597,3597,3592,1679222,467,2025-09-01 19:39:59
2025-09-01 19:40:00,3596,3591,3597,3583,6003171,1673,2025-09-01 19:49:59
2025-09-01 19:50:00,3590,3592,3592,3585,1220139,340,2025-09-01 19:59:59
2025-09-01 20:00:00,3591,3592,3592,3591,660891,184,2025-09-01 20:09:59
2025-09-01 20:10:00,3591,3596,3596,3590,2525714,703,2025-09-01 20:19:59
2025-09-01 20:20:00,3594,3596,3597,3594,870351,242,2025-09-01 20:29:59
2025-09-01 20:30:00,3597,3596,3597,3595,413585,115,2025-09-01 20:39:59
2025-09-01 20:40:00,3596,3597,3597,3595,471093,131,2025-09-01 20:49:59
2025-09-01 20:50:00,3597,3600,3600,3595,1079213,300,2025-09-01 20:59:59
2025-09-01 21:00:00,3599,3599,3600,3596,327458,91,2025-09-01 21:09:59
2025-09-01 21:10:00,3598,3600,3600,3598,424768,118,2025-09-01 21:19:59
2025-09-01 21:20:00,3600,3598,3600,3598,284388,79,2025-09-01 21:29:59
2025-09-01 21:30:00,3600,3600,3600,3598,809963,225,2025-09-01 21:39:59
2025-09-01 21:40:00,3601,3601,3602,3600,1199328,333,2025-09-01 21:49:59
2025-09-01 21:50:00,3602,3600,3602,3598,201588,56,2025-09-01 21:59:59
2025-09-01 22:00:00,3598,3599,3600,3596,518231,144,2025-09-01 22:09:59
2025-09-01 22:10:00,3600,3599,3600,3599,705566,196,2025-09-01 22:19:59
2025-09-01 22:20:00,3599,3600,3602,3599,2959796,822,2025-09-01 22:29:59
2025-09-01 22:30:00,3600,3615,3618,3600,13296845,3684,2025-09-01 22:39:59
2025-09-01 22:40:00,3615,3616,3620,3615,6604134,1825,2025-09-01 22:49:59
2025-09-01 22:50:00,3617,3615,3618,3615,1225643,339,2025-09-01 22:59:59
2025-09-01 23:00:00,3617,3617,3617,3615,737825,204,2025-09-01 23:09:59
2025-09-01 23:10:00,3617,3616,3620,3615,8013918,2214,2025-09-01 23:19:59
2025-09-01 23:20:00,3615,3613,3616,3613,155414,43,2025-09-01 23:29:59
2025-09-01 23:30:00,3615,3607,3615,3606,1913384,530,2025-09-01 23:39:59
2025-09-01 23:40:00,3611,3609,3615,3605,1505194,417,2025-09-01 23:49:59
2025-09-02 06:50:00,3610,3610,3610,3610,10830,3,2025-09-02 06:59:59
2025-09-02 07:00:00,3622,3611,3627,3611,473905,131,2025-09-02 07:09:59
2025-09-02 07:10:00,3614,3614,3615,3614,404815,112,2025-09-02 07:19:59
2025-09-02 07:20:00,3614,3615,3615,3614,1550832,429,2025-09-02 07:29:59
2025-09-02 07:30:00,3616,3616,3616,3614,408551,113,2025-09-02 07:39:59
2025-09-02 07:40:00,3616,3614,3616,3614,422969,117,2025-09-02 07:49:59
2025-09-02 07:50:00,3615,3616,3616,3614,437477,121,2025-09-02 07:59:59
2025-09-02 08:00:00,3617,3617,3617,3615,2560580,708,2025-09-02 08:09:59
2025-09-02 08:10:00,3615,3614,3617,3614,368786,102,2025-09-02 08:19:59
2025-09-02 08:20:00,3615,3618,3619,3615,676460,187,2025-09-02 08:29:59
2025-09-02 08:30:00,3617,3615,3619,3615,1819474,503,2025-09-02 08:39:59
2025-09-02 08:40:00,3617,3617,3618,3615,271264,75,2025-09-02 08:49:59
2025-09-02 08:50:00,3617,3617,3618,3616,112126,31,2025-09-02 08:59:59
2025-09-02 09:00:00,3617,3618,3618,3616,509974,141,2025-09-02 09:09:59
2025-09-02 09:10:00,3617,3618,3618,3617,466615,129,2025-09-02 09:19:59
2025-09-02 09:20:00,3617,3610,3617,3610,1741461,482,2025-09-02 09:29:59
2025-09-02 09:30:00,3611,3610,3612,3609,873840,242,2025-09-02 09:39:59
2025-09-02 09:40:00,3610,3611,3612,3610,1408070,390,2025-09-02 09:49:59
2025-09-02 09:50:00,3612,3614,3614,3611,2998223,830,2025-09-02 09:59:59
2025-09-02 10:00:00,3614,3597,3614,3596,13517058,3749,2025-09-02 10:09:59
2025-09-02 10:10:00,3599,3601,3601,3590,6992505,1945,2025-09-02 10:19:59
2025-09-02 10:20:00,3601,3601,3605,3598,2203515,612,2025-09-02 10:29:59
2025-09-02 10:30:00,3602,3605,3605,3599,4934314,1370,2025-09-02 10:39:59
2025-09-02 10:40:00,3605,3602,3607,3598,5369329,1491,2025-09-02 10:49:59
2025-09-02 10:50:00,3602,3592,3602,3590,9468658,2634,2025-09-02 10:59:59
2025-09-02 11:00:00,3592,3586,3592,3586,3736747,1041,2025-09-02 11:09:59
2025-09-02 11:10:00,3586,3587,3590,3586,5541747,1545,2025-09-02 11:19:59
2025-09-02 11:20:00,3586,3593,3593,3586,1482119,413,2025-09-02 11:29:59
2025-09-02 11:30:00,3593,3597,3597,3590,2218065,617,2025-09-02 11:39:59
2025-09-02 11:40:00,3598,3590,3598,3585,14427770,4022,2025-09-02 11:49:59
2025-09-02 11:50:00,3589,3593,3593,3586,1579889,440,2025-09-02 11:59:59
2025-09-02 12:00:00,3593,3591,3594,3587,5503296,1533,2025-09-02 12:09:59
2025-09-02 12:10:00,3591,3599,3601,3590,3455693,961,2025-09-02 12:19:59
2025-09-02 12:20:00,3600,3592,3601,3592,2344030,652,2025-09-02 12:29:59
2025-09-02 12:30:00,3592,3591,3592,3589,2804036,781,2025-09-02 12:39:59
2025-09-02 12:40:00,3591,3595,3599,3588,4106904,1143,2025-09-02 12:49:59
2025-09-02 12:50:00,3595,3584,3596,3583,9108417,2539,2025-09-02 12:59:59
2025-09-02 13:00:00,3583,3584,3589,3580,10245688,2860,2025-09-02 13:09:59
2025-09-02 13:10:00,3584,3580,3584,3571,11754107,3287,2025-09-02 13:19:59
2025-09-02 13:20:00,3579,3580,3581,3579,1467851,410,2025-09-02 13:29:59
2025-09-02 13:30:00,3581,3585,3587,3580,1322416,369,2025-09-02 13:39:59
2025-09-02 13:40:00,3587,3583,3595,3583,4368449,1217,2025-09-02 13:49:59
2025-09-02 13:50:00,3584,3583,3585,3582,2408634,672,2025-09-02 13:59:59
2025-09-02 14:00:00,3584,3591,3595,3583,7767981,2165,2025-09-02 14:09:59
2025-09-02 14:10:00,3590,3583,3593,3582,1824885,509,2025-09-02 14:19:59
2025-09-02 14:20:00,3584,3584,3593,3584,9793305,2731,2025-09-02 14:29:59
2025-09-02 14:30:00,3586,3585,3588,3580,6017903,1679,2025-09-02 14:39:59
2025-09-02 14:40:00,3586,3580,3588,3580,3027737,845,2025-09-02 14:49:59
2025-09-02 14:50:00,3580,3582,3585,3578,3978551,1111,2025-09-02 14:59:03
2025-09-02 15:00:00,3583,3590,3592,3578,8452869,2360,2025-09-02 15:09:59
2025-09-02 15:10:00,3590,3593,3593,3586,8292230,2310,2025-09-02 15:19:59
2025-09-02 15:20:00,3593,3589,3593,3588,5995885,1670,2025-09-02 15:29:59
2025-09-02 15:30:00,3589,3574,3589,3571,21835118,6102,2025-09-02 15:39:59
2025-09-02 15:40:00,3574,3574,3575,3574,3145678,880,2025-09-02 15:49:59
2025-09-02 15:50:00,3575,3567,3575,3565,16731226,4686,2025-09-02 15:59:59
2025-09-02 16:00:00,3567,3561,3569,3560,5446018,1528,2025-09-02 16:09:59
2025-09-02 16:10:00,3560,3559,3566,3559,10559647,2965,2025-09-02 16:19:59
2025-09-02 16:20:00,3559,3568,3568,3558,7797776,2190,2025-09-02 16:29:59
2025-09-02 16:30:00,3568,3567,3568,3559,5218035,1465,2025-09-02 16:39:59
2025-09-02 16:40:00,3567,3569,3570,3566,2305045,646,2025-09-02 16:49:59
2025-09-02 16:50:00,3569,3567,3570,3566,2223338,623,2025-09-02 16:59:59
2025-09-02 17:00:00,3568,3569,3570,3567,8710391,2440,2025-09-02 17:09:59
2025-09-02 17:10:00,3570,3570,3570,3569,2145378,601,2025-09-02 17:19:59
2025-09-02 17:20:00,3570,3557,3570,3551,25168671,7071,2025-09-02 17:29:59
2025-09-02 17:30:00,3559,3565,3567,3558,7452704,2092,2025-09-02 17:39:59
2025-09-02 17:40:00,3563,3561,3565,3560,2611257,733,2025-09-02 17:49:59
2025-09-02 17:50:00,3560,3549,3565,3548,18808442,5293,2025-09-02 17:59:59
2025-09-02 18:00:00,3549,3544,3549,3542,6008850,1695,2025-09-02 18:09:59
2025-09-02 18:10:00,3545,3549,3549,3533,12545362,3544,2025-09-02 18:19:59
2025-09-02 18:20:00,3546,3545,3550,3545,6962133,1963,2025-09-02 18:29:59
2025-09-02 18:30:00,3548,3543,3548,3541,3072389,867,2025-09-02 18:39:59
2025-09-02 18:40:00,3545,3545,3545,3545,840165,237,2025-09-02 18:49:59
2025-09-02 19:00:00,3546,3540,3546,3540,2369375,669,2025-09-02 19:09:59
2025-09-02 19:10:00,3542,3544,3549,3542,1740630,491,2025-09-02 19:19:59
2025-09-02 19:20:00,3544,3548,3548,3542,1975030,557,2025-09-02 19:29:59
2025-09-02 19:30:00,3548,3549,3549,3545,3153833,889,2025-09-02 19:39:59
2025-09-02 19:40:00,3549,3557,3557,3547,4658752,1312,2025-09-02 19:49:59
2025-09-02 19:50:00,3557,3556,3560,3551,2549187,717,2025-09-02 19:59:59
2025-09-02 20:00:00,3558,3559,3562,3556,2235629,628,2025-09-02 20:09:59
2025-09-02 20:10:00,3556,3556,3559,3550,2597497,731,2025-09-02 20:19:59
2025-09-02 20:20:00,3557,3556,3560,3555,490905,138,2025-09-02 20:29:59
2025-09-02 20:30:00,3556,3566,3568,3556,3235877,908,2025-09-02 20:39:59
2025-09-02 20:40:00,3566,3553,3566,3550,3337180,939,2025-09-02 20:49:59
2025-09-02 20:50:00,3551,3552,3556,3550,1732960,488,2025-09-02 20:59:59
2025-09-02 21:00:00,3551,3558,3558,3551,568698,160,2025-09-02 21:09:59
2025-09-02 21:10:00,3556,3557,3558,3552,1219351,343,2025-09-02 21:19:59
2025-09-02 21:20:00,3557,3552,3557,3552,1485412,418,2025-09-02 21:29:59
2025-09-02 21:30:00,3552,3555,3555,3552,817070,230,2025-09-02 21:39:59
2025-09-02 21:40:00,3554,3560,3560,3552,2751084,774,2025-09-02 21:49:59
2025-09-02 21:50:00,3559,3565,3565,3557,1218150,342,2025-09-02 21:59:59
2025-09-02 22:00:00,3563,3565,3565,3562,748216,210,2025-09-02 22:09:59
2025-09-02 22:10:00,3565,3569,3569,3563,766953,215,2025-09-02 22:19:59
2025-09-02 22:20:00,3567,3568,3570,3567,2048930,574,2025-09-02 22:29:59
2025-09-02 22:30:00,3569,3570,3570,3568,1727517,484,2025-09-02 22:39:59
2025-09-02 22:40:00,3568,3569,3570,3565,431608,121,2025-09-02 22:49:59
2025-09-02 22:50:00,3569,3569,3569,3566,624402,175,2025-09-02 22:59:59
2025-09-02 23:00:00,3567,3566,3570,3566,1130778,317,2025-09-02 23:09:59
2025-09-02 23:10:00,3568,3575,3575,3568,15116276,4230,2025-09-02 23:19:59
2025-09-02 23:20:00,3573,3573,3575,3573,1654445,463,2025-09-02 23:29:59
2025-09-02 23:30:00,3573,3573,3574,3573,800491,224,2025-09-02 23:39:59
2025-09-02 23:40:00,3574,3574,3574,3573,1854453,519,2025-09-02 23:49:59
2025-09-03 06:50:00,3573,3573,3573,3573,339435,95,2025-09-03 06:59:59
2025-09-03 07:00:00,3573,3560,3574,3559,2943991,826,2025-09-03 07:09:59
2025-09-03 07:10:00,3559,3556,3560,3556,505185,142,2025-09-03 07:19:59
2025-09-03 07:20:00,3556,3557,3560,3556,1131722,318,2025-09-03 07:29:59
2025-09-03 07:30:00,3558,3558,3558,3557,256129,72,2025-09-03 07:39:59
2025-09-03 07:40:00,3557,3554,3558,3553,963454,271,2025-09-03 07:49:59
2025-09-03 07:50:00,3554,3557,3558,3554,241767,68,2025-09-03 07:59:59
2025-09-03 08:00:00,3558,3560,3560,3556,345137,97,2025-09-03 08:09:59
2025-09-03 08:10:00,3560,3564,3566,3560,398816,112,2025-09-03 08:19:59
2025-09-03 08:20:00,3564,3566,3566,3564,142621,40,2025-09-03 08:29:59
2025-09-03 08:30:00,3565,3566,3566,3564,399253,112,2025-09-03 08:39:59
2025-09-03 08:40:00,3566,3564,3566,3563,673628,189,2025-09-03 08:49:59
2025-09-03 08:50:00,3563,3562,3564,3562,153222,43,2025-09-03 08:59:59
2025-09-03 09:00:00,3564,3564,3564,3562,598710,168,2025-09-03 09:09:59
2025-09-03 09:10:00,3563,3562,3564,3560,733824,206,2025-09-03 09:19:59
2025-09-03 09:20:00,3562,3557,3568,3557,2305709,647,2025-09-03 09:29:59
2025-09-03 09:30:00,3559,3560,3562,3558,712046,200,2025-09-03 09:39:59
2025-09-03 09:40:00,3561,3569,3569,3557,3069026,862,2025-09-03 09:49:59
2025-09-03 09:50:00,3570,3575,3577,3570,1272147,356,2025-09-03 09:59:59
2025-09-03 10:00:00,3575,3569,3575,3569,2125793,595,2025-09-03 10:09:59
2025-09-03 10:10:00,3569,3561,3570,3559,2476792,695,2025-09-03 10:19:59
2025-09-03 10:20:00,3561,3559,3563,3558,989856,278,2025-09-03 10:29:59
2025-09-03 10:30:00,3559,3555,3562,3546,22686662,6390,2025-09-03 10:39:59
2025-09-03 10:40:00,3556,3558,3558,3555,1817107,511,2025-09-03 10:49:59
2025-09-03 10:50:00,3558,3551,3558,3551,1776772,500,2025-09-03 10:59:02
2025-09-03 11:00:00,3551,3554,3555,3550,1172176,330,2025-09-03 11:09:59
2025-09-03 11:10:00,3554,3553,3555,3551,3846816,1083,2025-09-03 11:19:59
2025-09-03 11:20:00,3554,3554,3555,3553,824478,232,2025-09-03 11:29:59
2025-09-03 11:30:00,3553,3558,3558,3553,671835,189,2025-09-03 11:39:59
2025-09-03 11:40:00,3558,3555,3559,3555,587052,165,2025-09-03 11:49:59
2025-09-03 11:50:00,3557,3565,3565,3554,800561,225,2025-09-03 11:59:59
2025-09-03 12:00:00,3565,3565,3568,3558,1991859,559,2025-09-03 12:09:59
2025-09-03 12:10:00,3568,3567,3569,3563,1191127,334,2025-09-03 12:19:59
2025-09-03 12:20:00,3569,3568,3572,3567,1778159,498,2025-09-03 12:29:59
2025-09-03 12:30:00,3567,3567,3570,3567,717441,201,2025-09-03 12:39:59
2025-09-03 12:40:00,3569,3570,3570,3565,2340939,656,2025-09-03 12:49:59
2025-09-03 12:50:00,3566,3566,3568,3563,1646780,462,2025-09-03 12:59:59
2025-09-03 13:00:00,3564,3567,3568,3564,499288,140,2025-09-03 13:09:59
2025-09-03 13:10:00,3566,3567,3567,3564,2514231,705,2025-09-03 13:19:59
2025-09-03 13:20:00,3567,3563,3567,3560,5885354,1652,2025-09-03 13:29:59
2025-09-03 13:30:00,3563,3563,3567,3556,12431809,3493,2025-09-03 13:39:59
2025-09-03 13:40:00,3562,3560,3567,3557,5457646,1532,2025-09-03 13:49:59
2025-09-03 13:50:00,3559,3563,3563,3558,3072748,863,2025-09-03 13:59:59
2025-09-03 14:00:00,3562,3559,3563,3557,2245594,631,2025-09-03 14:09:59
2025-09-03 14:10:00,3557,3561,3562,3556,5866118,1649,2025-09-03 14:19:59
2025-09-03 14:20:00,3560,3560,3564,3558,3978599,1117,2025-09-03 14:29:59
2025-09-03 14:30:00,3558,3556,3560,3556,1586743,446,2025-09-03 14:39:59
2025-09-03 14:40:00,3557,3558,3561,3556,1942948,546,2025-09-03 14:49:59
2025-09-03 14:50:00,3557,3563,3566,3557,4056501,1139,2025-09-03 14:59:59
2025-09-03 15:00:00,3564,3559,3567,3559,1959831,550,2025-09-03 15:09:59
2025-09-03 15:10:00,3561,3564,3564,3558,1794321,504,2025-09-03 15:19:59
2025-09-03 15:20:00,3563,3557,3564,3557,1523148,428,2025-09-03 15:29:59
2025-09-03 15:30:00,3557,3557,3558,3556,2439866,686,2025-09-03 15:39:59
2025-09-03 15:40:00,3556,3557,3561,3556,5027303,1413,2025-09-03 15:49:59
2025-09-03 15:50:00,3558,3556,3558,3555,3395997,955,2025-09-03 15:59:59
2025-09-03 16:00:00,3555,3553,3557,3553,4145050,1166,2025-09-03 16:09:59
2025-09-03 16:10:00,3553,3550,3555,3539,41308658,11655,2025-09-03 16:19:59
2025-09-03 16:20:00,3552,3553,3557,3549,2116473,596,2025-09-03 16:29:59
2025-09-03 16:30:00,3556,3550,3558,3549,2103288,592,2025-09-03 16:39:59
2025-09-03 16:40:00,3551,3554,3559,3550,4178866,1176,2025-09-03 16:49:59
2025-09-03 16:50:00,3556,3547,3558,3546,3056010,861,2025-09-03 16:59:59
2025-09-03 17:00:00,3546,3550,3550,3546,862213,243,2025-09-03 17:09:59
2025-09-03 17:10:00,3550,3551,3552,3548,965574,272,2025-09-03 17:19:59
2025-09-03 17:20:00,3550,3550,3552,3548,1455561,410,2025-09-03 17:29:59
2025-09-03 17:30:00,3552,3553,3553,3549,4044057,1139,2025-09-03 17:39:59
2025-09-03 17:40:00,3551,3551,3553,3550,657010,185,2025-09-03 17:49:59
2025-09-03 17:50:00,3550,3556,3556,3550,2241248,631,2025-09-03 17:59:59
2025-09-03 18:00:00,3556,3551,3559,3549,3467126,976,2025-09-03 18:09:59
2025-09-03 18:10:00,3550,3561,3564,3550,9634205,2708,2025-09-03 18:19:59
2025-09-03 18:20:00,3561,3557,3564,3556,1381038,388,2025-09-03 18:29:59
2025-09-03 18:30:00,3558,3561,3561,3556,2678292,753,2025-09-03 18:39:59
2025-09-03 18:40:00,3564,3564,3564,3564,427680,120,2025-09-03 18:49:59
2025-09-03 19:00:00,3565,3560,3565,3557,1192848,335,2025-09-03 19:09:59
2025-09-03 19:10:00,3558,3562,3564,3556,979025,275,2025-09-03 19:19:59
2025-09-03 19:20:00,3564,3558,3565,3556,1381528,388,2025-09-03 19:29:59
2025-09-03 19:30:00,3558,3558,3560,3556,604887,170,2025-09-03 19:39:59
2025-09-03 19:40:00,3558,3557,3559,3557,800494,225,2025-09-03 19:49:59
2025-09-03 19:50:00,3556,3558,3558,3551,4295805,1208,2025-09-03 19:59:59
2025-09-03 20:00:00,3559,3563,3564,3559,972658,273,2025-09-03 20:09:59
2025-09-03 20:10:00,3564,3564,3564,3560,167445,47,2025-09-03 20:19:59
2025-09-03 20:20:00,3564,3563,3564,3563,370616,104,2025-09-03 20:29:59
2025-09-03 20:30:00,3564,3566,3566,3564,2534571,711,2025-09-03 20:39:59
2025-09-03 20:40:00,3566,3566,3567,3565,1615703,453,2025-09-03 20:49:59
2025-09-03 20:50:00,3566,3567,3567,3565,106997,30,2025-09-03 20:59:59
2025-09-03 21:00:00,3567,3567,3567,3565,310285,87,2025-09-03 21:09:59
2025-09-03 21:10:00,3566,3566,3567,3565,645341,181,2025-09-03 21:19:59
2025-09-03 21:20:00,3566,3563,3566,3563,349265,98,2025-09-03 21:29:59
2025-09-03 21:30:00,3564,3562,3564,3562,277914,78,2025-09-03 21:39:59
2025-09-03 21:40:00,3562,3562,3564,3562,160298,45,2025-09-03 21:49:59
2025-09-03 21:50:00,3562,3567,3567,3561,3180833,893,2025-09-03 21:59:59
2025-09-03 22:00:00,3568,3565,3568,3564,1850988,519,2025-09-03 22:09:59
2025-09-03 22:10:00,3564,3564,3567,3561,3815263,1071,2025-09-03 22:19:59
2025-09-03 22:20:00,3564,3564,3567,3564,802078,225,2025-09-03 22:29:59
2025-09-03 22:30:00,3564,3564,3565,3564,203172,57,2025-09-03 22:39:59
2025-09-03 22:40:00,3564,3564,3564,3564,238788,67,2025-09-03 22:49:59
2025-09-03 22:50:00,3564,3565,3565,3563,488400,137,2025-09-03 22:59:09
2025-09-03 23:00:00,3565,3566,3567,3564,310175,87,2025-09-03 23:09:59
2025-09-03 23:10:00,3566,3566,3566,3565,146197,41,2025-09-03 23:19:59
2025-09-03 23:20:00,3565,3565,3565,3564,345802,97,2025-09-03 23:29:59
2025-09-03 23:30:00,3565,3565,3566,3563,434838,122,2025-09-03 23:39:59
2025-09-03 23:40:00,3566,3567,3567,3564,459881,129,2025-09-03 23:49:59
2025-09-04 06:50:00,3568,3568,3568,3568,35680,10,2025-09-04 06:59:59
2025-09-04 07:00:00,3563,3563,3568,3555,662756,186,2025-09-04 07:09:59
2025-09-04 07:10:00,3561,3562,3564,3559,459297,129,2025-09-04 07:19:59
2025-09-04 07:20:00,3562,3563,3563,3560,1065001,299,2025-09-04 07:29:59
2025-09-04 07:30:00,3565,3568,3568,3563,363699,102,2025-09-04 07:39:59
2025-09-04 07:40:00,3568,3572,3573,3567,1020995,286,2025-09-04 07:49:59
2025-09-04 07:50:00,3571,3573,3575,3569,2443941,684,2025-09-04 07:59:01
2025-09-04 08:00:00,3572,3573,3573,3572,278636,78,2025-09-04 08:09:59
2025-09-04 08:10:00,3573,3574,3574,3570,1907687,534,2025-09-04 08:19:59
2025-09-04 08:20:00,3572,3572,3573,3570,89286,25,2025-09-04 08:29:59
2025-09-04 08:30:00,3572,3572,3572,3571,314298,88,2025-09-04 08:39:59
2025-09-04 08:40:00,3572,3568,3572,3568,1038940,291,2025-09-04 08:49:59
2025-09-04 08:50:00,3568,3570,3570,3566,3064939,859,2025-09-04 08:59:59
2025-09-04 09:00:00,3571,3565,3571,3565,1477184,414,2025-09-04 09:09:59
2025-09-04 09:10:00,3565,3564,3567,3562,1140316,320,2025-09-04 09:19:59
2025-09-04 09:20:00,3565,3571,3571,3562,602735,169,2025-09-04 09:29:59
2025-09-04 09:30:00,3571,3566,3572,3566,395948,111,2025-09-04 09:39:59
2025-09-04 09:40:00,3566,3570,3570,3566,385400,108,2025-09-04 09:49:59
2025-09-04 09:50:00,3570,3575,3575,3567,714440,200,2025-09-04 09:59:59
2025-09-04 10:00:00,3575,3573,3577,3573,3525204,986,2025-09-04 10:09:59
2025-09-04 10:10:00,3576,3582,3583,3573,6774485,1894,2025-09-04 10:19:59
2025-09-04 10:20:00,3581,3578,3582,3571,6316721,1766,2025-09-04 10:29:59
2025-09-04 10:30:00,3577,3574,3578,3574,1937874,542,2025-09-04 10:39:59
2025-09-04 10:40:00,3574,3577,3578,3572,3449627,965,2025-09-04 10:49:59
2025-09-04 10:50:00,3578,3577,3578,3573,2981710,834,2025-09-04 10:59:59
2025-09-04 11:00:00,3577,3573,3577,3572,2848588,797,2025-09-04 11:09:59
2025-09-04 11:10:00,3573,3569,3573,3567,1924293,539,2025-09-04 11:19:59
2025-09-04 11:20:00,3570,3575,3576,3569,4032690,1129,2025-09-04 11:29:59
2025-09-04 11:30:00,3575,3573,3575,3573,339526,95,2025-09-04 11:39:59
2025-09-04 11:40:00,3574,3573,3577,3572,697003,195,2025-09-04 11:49:59
2025-09-04 11:50:00,3573,3575,3576,3572,1730231,484,2025-09-04 11:59:59
2025-09-04 12:00:00,3575,3575,3579,3573,2110087,590,2025-09-04 12:09:59
2025-09-04 12:10:00,3575,3579,3579,3575,1710239,478,2025-09-04 12:19:59
2025-09-04 12:20:00,3579,3577,3581,3575,4139642,1157,2025-09-04 12:29:59
2025-09-04 12:30:00,3576,3582,3583,3575,6355567,1775,2025-09-04 12:39:59
2025-09-04 12:40:00,3582,3576,3584,3573,6245136,1746,2025-09-04 12:49:59
2025-09-04 12:50:00,3576,3577,3578,3574,2296431,642,2025-09-04 12:59:59
2025-09-04 13:00:00,3576,3584,3584,3574,1686155,471,2025-09-04 13:09:59
2025-09-04 13:10:00,3584,3573,3584,3571,6033447,1687,2025-09-04 13:19:59
2025-09-04 13:20:00,3571,3579,3579,3571,6616902,1852,2025-09-04 13:29:59
2025-09-04 13:30:00,3579,3578,3579,3573,1812924,507,2025-09-04 13:39:59
2025-09-04 13:40:00,3578,3578,3581,3576,2118975,592,2025-09-04 13:49:59
2025-09-04 13:50:00,3578,3580,3582,3578,2391420,668,2025-09-04 13:59:59
2025-09-04 14:00:00,3579,3583,3583,3579,1454470,406,2025-09-04 14:09:59
2025-09-04 14:10:00,3582,3582,3587,3580,8802913,2456,2025-09-04 14:19:59
2025-09-04 14:20:00,3583,3584,3586,3576,4419376,1234,2025-09-04 14:29:59
2025-09-04 14:30:00,3584,3581,3585,3575,3557013,994,2025-09-04 14:39:59
2025-09-04 14:40:00,3579,3583,3584,3579,1544444,431,2025-09-04 14:49:59
2025-09-04 14:50:00,3582,3580,3584,3577,2216521,619,2025-09-04 14:59:59
2025-09-04 15:00:00,3578,3580,3582,3575,4132177,1155,2025-09-04 15:09:59
2025-09-04 15:10:00,3581,3575,3582,3575,4096557,1145,2025-09-04 15:19:59
2025-09-04 15:20:00,3576,3584,3587,3575,5720370,1597,2025-09-04 15:29:59
2025-09-04 15:30:00,3582,3584,3584,3578,2671818,746,2025-09-04 15:39:59
2025-09-04 15:40:00,3581,3582,3585,3579,4092478,1142,2025-09-04 15:49:59
2025-09-04 15:50:00,3584,3584,3584,3580,1454510,406,2025-09-04 15:59:59
2025-09-04 16:00:00,3583,3585,3585,3581,1276017,356,2025-09-04 16:09:59
2025-09-04 16:10:00,3583,3588,3589,3582,2159422,602,2025-09-04 16:19:59
2025-09-04 16:20:00,3589,3588,3589,3587,3186282,888,2025-09-04 16:29:59
2025-09-04 16:30:00,3588,3583,3588,3575,7748936,2164,2025-09-04 16:39:59
2025-09-04 16:40:00,3585,3587,3587,3583,1398609,390,2025-09-04 16:49:59
2025-09-04 16:50:00,3586,3587,3588,3584,1312748,366,2025-09-04 16:59:59
2025-09-04 17:00:00,3587,3581,3587,3580,2315174,646,2025-09-04 17:09:59
2025-09-04 17:10:00,3580,3580,3586,3579,2832901,791,2025-09-04 17:19:59
2025-09-04 17:20:00,3579,3574,3580,3571,4246700,1188,2025-09-04 17:29:59
2025-09-04 17:30:00,3574,3578,3579,3573,2081350,582,2025-09-04 17:39:59
2025-09-04 17:40:00,3576,3574,3577,3569,5077784,1422,2025-09-04 17:49:59
2025-09-04 17:50:00,3572,3575,3580,3568,9186923,2569,2025-09-04 17:59:59
2025-09-04 18:00:00,3575,3575,3575,3571,1440333,403,2025-09-04 18:09:59
2025-09-04 18:10:00,3575,3580,3582,3573,4378390,1224,2025-09-04 18:19:59
2025-09-04 18:20:00,3579,3581,3586,3575,7452346,2082,2025-09-04 18:29:59
2025-09-04 18:30:00,3580,3577,3583,3574,1660388,464,2025-09-04 18:39:59
2025-09-04 18:40:00,3578,3578,3578,3578,21468,6,2025-09-04 18:46:09
2025-09-04 19:00:00,3580,3586,3587,3580,2642430,737,2025-09-04 19:09:59
2025-09-04 19:10:00,3586,3581,3587,3578,2655334,741,2025-09-04 19:19:59
2025-09-04 19:20:00,3582,3581,3583,3581,154020,43,2025-09-04 19:29:59
2025-09-04 19:30:00,3581,3582,3582,3581,193423,54,2025-09-04 19:39:59
2025-09-04 19:40:00,3581,3570,3582,3570,7014824,1962,2025-09-04 19:49:59
2025-09-04 19:50:00,3576,3581,3590,3576,19833978,5534,2025-09-04 19:59:13
2025-09-04 20:00:00,3578,3580,3580,3576,232607,65,2025-09-04 20:09:59
2025-09-04 20:10:00,3580,3574,3581,3574,2231518,624,2025-09-04 20:19:59
2025-09-04 20:20:00,3576,3574,3576,3574,675779,189,2025-09-04 20:29:59
2025-09-04 20:30:00,3576,3576,3576,3574,110854,31,2025-09-04 20:39:59
2025-09-04 20:40:00,3576,3576,3576,3574,382592,107,2025-09-04 20:49:59
2025-09-04 20:50:00,3576,3583,3583,3576,669658,187,2025-09-04 20:59:59
2025-09-04 21:00:00,3584,3589,3589,3583,362233,101,2025-09-04 21:09:59
2025-09-04 21:10:00,3588,3585,3588,3584,645530,180,2025-09-04 21:19:59
2025-09-04 21:20:00,3587,3587,3587,3587,60979,17,2025-09-04 21:29:59
2025-09-04 21:30:00,3587,3587,3587,3584,204387,57,2025-09-04 21:39:59
2025-09-04 21:40:00,3585,3583,3585,3583,189920,53,2025-09-04 21:49:59
2025-09-04 21:50:00,3583,3582,3583,3582,308057,86,2025-09-04 21:59:14
2025-09-04 22:00:00,3582,3581,3583,3580,755655,211,2025-09-04 22:09:59
2025-09-04 22:10:00,3581,3584,3584,3580,279328,78,2025-09-04 22:19:59
2025-09-04 22:20:00,3584,3583,3586,3581,838677,234,2025-09-04 22:29:59
2025-09-04 22:30:00,3583,3583,3585,3583,508837,142,2025-09-04 22:39:59
2025-09-04 22:40:00,3583,3585,3587,3583,1623931,453,2025-09-04 22:49:59
2025-09-04 22:50:00,3586,3584,3586,3584,132652,37,2025-09-04 22:59:59
2025-09-04 23:00:00,3584,3586,3587,3584,1549453,432,2025-09-04 23:09:59
2025-09-04 23:10:00,3588,3588,3589,3588,304994,85,2025-09-04 23:19:59
2025-09-04 23:20:00,3588,3585,3588,3585,3639936,1015,2025-09-04 23:29:59
2025-09-04 23:30:00,3586,3583,3586,3583,1017975,284,2025-09-04 23:39:59
2025-09-04 23:40:00,3583,3583,3583,3582,103903,29,2025-09-04 23:49:04
2025-09-05 06:50:00,3583,3583,3583,3583,146903,41,2025-09-05 06:59:59
2025-09-05 07:00:00,3589,3601,3608,3583,3730886,1037,2025-09-05 07:09:59
2025-09-05 07:10:00,3601,3598,3601,3591,1919327,534,2025-09-05 07:19:59
2025-09-05 07:20:00,3598,3598,3598,3597,651067,181,2025-09-05 07:29:59
2025-09-05 07:30:00,3598,3598,3598,3597,428078,119,2025-09-05 07:39:59
2025-09-05 07:40:00,3598,3598,3598,3595,661894,184,2025-09-05 07:49:59
2025-09-05 07:50:00,3596,3598,3598,3596,25178,7,2025-09-05 07:59:05
2025-09-05 08:00:00,3596,3595,3596,3595,201365,56,2025-09-05 08:09:59
2025-09-05 08:10:00,3595,3593,3595,3593,567770,158,2025-09-05 08:19:59
2025-09-05 08:20:00,3594,3595,3596,3594,140210,39,2025-09-05 08:29:59
2025-09-05 08:30:00,3596,3594,3596,3594,301946,84,2025-09-05 08:39:59
2025-09-05 08:40:00,3595,3597,3599,3595,1032537,287,2025-09-05 08:49:59
2025-09-05 08:50:00,3597,3593,3598,3593,1178955,328,2025-09-05 08:59:59
2025-09-05 09:00:00,3595,3600,3604,3595,6340867,1761,2025-09-05 09:09:59
2025-09-05 09:10:00,3600,3600,3600,3599,482394,134,2025-09-05 09:19:59
2025-09-05 09:20:00,3600,3600,3600,3599,471593,131,2025-09-05 09:29:59
2025-09-05 09:30:00,3600,3600,3602,3599,388838,108,2025-09-05 09:39:59
2025-09-05 09:40:00,3599,3601,3603,3599,749196,208,2025-09-05 09:49:59
2025-09-05 09:50:00,3602,3605,3605,3600,673767,187,2025-09-05 09:59:59
2025-09-05 10:00:00,3604,3599,3606,3595,8625356,2396,2025-09-05 10:09:59
2025-09-05 10:10:00,3601,3602,3605,3600,1138274,316,2025-09-05 10:19:59
2025-09-05 10:20:00,3600,3604,3605,3600,3177327,882,2025-09-05 10:29:59
2025-09-05 10:30:00,3604,3604,3606,3603,1592970,442,2025-09-05 10:39:59
2025-09-05 10:40:00,3603,3602,3604,3601,1733130,481,2025-09-05 10:49:59
2025-09-05 10:50:00,3601,3589,3602,3582,50237025,14002,2025-09-05 10:59:59
2025-09-05 11:00:00,3589,3590,3592,3583,3062984,854,2025-09-05 11:09:59
2025-09-05 11:10:00,3590,3586,3591,3584,3275966,913,2025-09-05 11:19:59
2025-09-05 11:20:00,3587,3585,3588,3585,1993799,556,2025-09-05 11:29:59
2025-09-05 11:30:00,3586,3583,3588,3583,3481545,971,2025-09-05 11:39:59
2025-09-05 11:40:00,3583,3597,3600,3583,7623597,2122,2025-09-05 11:49:59
2025-09-05 11:50:00,3597,3595,3598,3590,3070210,854,2025-09-05 11:59:59
2025-09-05 12:00:00,3595,3593,3597,3590,6339604,1764,2025-09-05 12:09:59
2025-09-05 12:10:00,3591,3593,3595,3589,2115491,589,2025-09-05 12:19:59
2025-09-05 12:20:00,3593,3593,3595,3590,3237268,901,2025-09-05 12:29:59
2025-09-05 12:30:00,3592,3590,3593,3587,4810946,1340,2025-09-05 12:39:59
2025-09-05 12:40:00,3590,3589,3593,3588,3141769,875,2025-09-05 12:49:59
2025-09-05 12:50:00,3588,3588,3594,3586,4053418,1129,2025-09-05 12:59:59
2025-09-05 13:00:00,3589,3592,3592,3588,2426466,676,2025-09-05 13:09:59
2025-09-05 13:10:00,3591,3588,3592,3588,1504270,419,2025-09-05 13:19:59
2025-09-05 13:20:00,3589,3592,3593,3589,3963953,1104,2025-09-05 13:29:59
2025-09-05 13:30:00,3592,3581,3594,3581,23477882,6544,2025-09-05 13:39:59
2025-09-05 13:40:00,3581,3578,3581,3578,5426698,1516,2025-09-05 13:49:59
2025-09-05 13:50:00,3578,3580,3581,3578,1829010,511,2025-09-05 13:59:59
2025-09-05 14:00:00,3579,3578,3580,3578,1639221,458,2025-09-05 14:09:59
2025-09-05 14:10:00,3578,3579,3579,3577,1799934,503,2025-09-05 14:19:59
2025-09-05 14:20:00,3579,3579,3580,3577,2712176,758,2025-09-05 14:29:59
2025-09-05 14:30:00,3578,3580,3583,3578,5255946,1468,2025-09-05 14:39:59
2025-09-05 14:40:00,3579,3580,3581,3579,1850899,517,2025-09-05 14:49:59
2025-09-05 14:50:00,3580,3582,3582,3579,1675548,468,2025-09-05 14:59:59
2025-09-05 15:00:00,3581,3581,3582,3580,1747394,488,2025-09-05 15:09:59
2025-09-05 15:10:00,3582,3580,3582,3580,2327840,650,2025-09-05 15:19:59
2025-09-05 15:20:00,3580,3587,3596,3580,28384003,7913,2025-09-05 15:29:59
2025-09-05 15:30:00,3587,3587,3588,3586,2744080,765,2025-09-05 15:39:59
2025-09-05 15:40:00,3587,3587,3588,3587,1621535,452,2025-09-05 15:49:59
2025-09-05 15:50:00,3587,3595,3597,3580,30962979,8629,2025-09-05 15:59:59
2025-09-05 16:00:00,3595,3590,3598,3590,14975673,4165,2025-09-05 16:09:59
2025-09-05 16:10:00,3590,3597,3599,3590,7766782,2160,2025-09-05 16:19:59
2025-09-05 16:20:00,3597,3598,3600,3595,9712880,2699,2025-09-05 16:29:59
2025-09-05 16:30:00,3598,3594,3601,3594,9563802,2657,2025-09-05 16:39:59
2025-09-05 16:40:00,3594,3604,3605,3593,24366629,6769,2025-09-05 16:49:59
2025-09-05 16:50:00,3603,3607,3612,3603,12461252,3453,2025-09-05 16:59:59
2025-09-05 17:00:00,3609,3604,3609,3604,3307099,917,2025-09-05 17:09:59
2025-09-05 17:10:00,3604,3606,3613,3604,9010977,2497,2025-09-05 17:19:59
2025-09-05 17:20:00,3606,3596,3607,3596,4278136,1188,2025-09-05 17:29:59
2025-09-05 17:30:00,3596,3595,3599,3594,2438033,678,2025-09-05 17:39:59
2025-09-05 17:40:00,3595,3597,3599,3595,3227196,897,2025-09-05 17:49:59
2025-09-05 17:50:00,3597,3597,3598,3596,1557524,433,2025-09-05 17:59:59
2025-09-05 18:00:00,3597,3594,3598,3592,11445499,3184,2025-09-05 18:09:59
2025-09-05 18:10:00,3596,3596,3598,3594,2697102,750,2025-09-05 18:19:59
2025-09-05 18:20:00,3597,3594,3598,3593,1592856,443,2025-09-05 18:29:59
2025-09-05 18:30:00,3593,3599,3605,3592,15995398,4447,2025-09-05 18:39:59
2025-09-05 18:40:00,3599,3599,3599,3599,32391,9,2025-09-05 18:49:59
2025-09-05 19:00:00,3599,3598,3599,3596,967809,269,2025-09-05 19:09:59
2025-09-05 19:10:00,3596,3596,3598,3596,615190,171,2025-09-05 19:19:59
2025-09-05 19:20:00,3597,3598,3598,3596,676208,188,2025-09-05 19:29:59
2025-09-05 19:30:00,3597,3597,3598,3597,176278,49,2025-09-05 19:39:59
2025-09-05 19:40:00,3597,3597,3598,3597,143911,40,2025-09-05 19:49:59
2025-09-05 19:50:00,3598,3597,3598,3597,388513,108,2025-09-05 19:59:59
2025-09-05 20:00:00,3598,3597,3598,3597,467682,130,2025-09-05 20:09:59
2025-09-05 20:10:00,3598,3599,3599,3597,381389,106,2025-09-05 20:19:59
2025-09-05 20:20:00,3597,3598,3599,3597,323787,90,2025-09-05 20:29:59
2025-09-05 20:30:00,3597,3598,3599,3597,881694,245,2025-09-05 20:39:59
2025-09-05 20:40:00,3598,3598,3599,3597,136726,38,2025-09-05 20:49:59
2025-09-05 20:50:00,3598,3596,3599,3596,1737411,483,2025-09-05 20:59:08
2025-09-05 21:00:00,3598,3599,3599,3598,403053,112,2025-09-05 21:09:59
2025-09-05 21:10:00,3599,3599,3600,3598,439087,122,2025-09-05 21:19:59
2025-09-05 21:20:00,3599,3600,3600,3597,683696,190,2025-09-05 21:29:59
2025-09-05 21:30:00,3600,3601,3603,3600,781463,217,2025-09-05 21:39:59
2025-09-05 21:40:00,3602,3601,3602,3600,604957,168,2025-09-05 21:49:59
2025-09-05 21:50:00,3601,3601,3601,3600,158438,44,2025-09-05 21:59:59
2025-09-05 22:00:00,3601,3604,3605,3601,6132621,1702,2025-09-05 22:09:59
2025-09-05 22:10:00,3604,3600,3604,3600,994044,276,2025-09-05 22:19:59
2025-09-05 22:20:00,3600,3600,3602,3600,892973,248,2025-09-05 22:29:59
2025-09-05 22:30:00,3600,3601,3602,3600,50410,14,2025-09-05 22:39:59
2025-09-05 22:40:00,3602,3601,3602,3600,237619,66,2025-09-05 22:49:59
2025-09-05 22:50:00,3600,3601,3601,3600,57608,16,2025-09-05 22:59:59
2025-09-05 23:00:00,3601,3601,3601,3600,1256492,349,2025-09-05 23:09:59
2025-09-05 23:10:00,3601,3601,3603,3600,252139,70,2025-09-05 23:19:59
2025-09-05 23:20:00,3602,3601,3602,3599,2599042,722,2025-09-05 23:29:59
2025-09-05 23:30:00,3599,3600,3601,3599,118790,33,2025-09-05 23:39:59
2025-09-05 23:40:00,3600,3597,3600,3597,769955,214,2025-09-05 23:49:59
2025-09-06 09:50:00,3605,3605,3605,3605,18025,5,2025-09-06 09:59:59
2025-09-06 10:00:00,3610,3607,3612,3606,765429,212,2025-09-06 10:09:59
2025-09-06 10:10:00,3607,3609,3610,3606,497987,138,2025-09-06 10:19:59
2025-09-06 10:20:00,3609,3609,3609,3607,544941,151,2025-09-06 10:29:59
2025-09-06 10:30:00,3609,3604,3609,3604,1961672,544,2025-09-06 10:39:59
2025-09-06 10:40:00,3604,3609,3609,3603,1611784,447,2025-09-06 10:49:59
2025-09-06 10:50:00,3608,3609,3610,3608,147991,41,2025-09-06 10:59:59
2025-09-06 11:00:00,3610,3609,3610,3606,790274,219,2025-09-06 11:09:59
2025-09-06 11:10:00,3610,3609,3610,3609,1779719,493,2025-09-06 11:19:59
2025-09-06 11:20:00,3610,3608,3610,3608,306821,85,2025-09-06 11:29:59
2025-09-06 11:30:00,3610,3609,3610,3606,826187,229,2025-09-06 11:39:59
2025-09-06 11:40:00,3608,3609,3609,3608,75774,21,2025-09-06 11:49:59
2025-09-06 11:50:00,3609,3608,3609,3608,216537,60,2025-09-06 11:57:01
2025-09-06 12:00:00,3608,3609,3609,3606,721488,200,2025-09-06 12:09:59
2025-09-06 12:10:00,3608,3606,3608,3606,129871,36,2025-09-06 12:19:59
2025-09-06 12:20:00,3608,3608,3609,3607,259792,72,2025-09-06 12:29:59
2025-09-06 12:30:00,3608,3608,3610,3608,660476,183,2025-09-06 12:39:59
2025-09-06 12:40:00,3609,3609,3610,3608,714570,198,2025-09-06 12:49:59
2025-09-06 12:50:00,3609,3610,3610,3608,1920478,532,2025-09-06 12:59:01
2025-09-06 13:00:00,3610,3610,3610,3608,357381,99,2025-09-06 13:09:59
2025-09-06 13:10:00,3608,3610,3610,3608,2086554,578,2025-09-06 13:19:59
2025-09-06 13:20:00,3610,3610,3610,3609,501784,139,2025-09-06 13:29:59
2025-09-06 13:30:00,3610,3609,3610,3609,487234,135,2025-09-06 13:39:59
2025-09-06 13:40:00,3610,3610,3610,3609,238256,66,2025-09-06 13:49:59
2025-09-06 13:50:00,3610,3610,3610,3609,101076,28,2025-09-06 13:59:59
2025-09-06 14:00:00,3609,3609,3610,3609,129944,36,2025-09-06 14:09:59
2025-09-06 14:10:00,3609,3610,3610,3609,137178,38,2025-09-06 14:19:59
2025-09-06 14:20:00,3610,3610,3610,3610,176890,49,2025-09-06 14:29:59
2025-09-06 14:30:00,3611,3610,3611,3609,555952,154,2025-09-06 14:39:59
2025-09-06 14:40:00,3610,3610,3610,3609,2295729,636,2025-09-06 14:49:59
2025-09-06 14:50:00,3610,3610,3610,3608,429445,119,2025-09-06 14:59:59
2025-09-06 15:00:00,3610,3610,3610,3610,101080,28,2025-09-06 15:09:59
2025-09-06 15:10:00,3610,3610,3611,3610,64985,18,2025-09-06 15:19:59
2025-09-06 15:20:00,3611,3611,3611,3611,25277,7,2025-09-06 15:29:59
2025-09-06 15:30:00,3611,3610,3611,3610,129983,36,2025-09-06 15:39:59
2025-09-06 15:40:00,3611,3611,3611,3610,93879,26,2025-09-06 15:49:59
2025-09-06 15:50:00,3611,3612,3613,3611,2044360,566,2025-09-06 15:59:59
2025-09-06 16:00:00,3612,3613,3613,3612,104769,29,2025-09-06 16:09:59
2025-09-06 16:10:00,3613,3613,3615,3613,379453,105,2025-09-06 16:19:59
2025-09-06 16:20:00,3613,3614,3614,3611,736890,204,2025-09-06 16:29:59
2025-09-06 16:30:00,3612,3614,3617,3610,4244363,1174,2025-09-06 16:39:59
2025-09-06 16:40:00,3616,3617,3617,3613,546087,151,2025-09-06 16:49:59
2025-09-06 16:50:00,3616,3617,3617,3612,856869,237,2025-09-06 16:59:59
2025-09-06 17:00:00,3617,3613,3617,3613,531536,147,2025-09-06 17:09:59
2025-09-06 17:10:00,3615,3612,3616,3612,462638,128,2025-09-06 17:19:59
2025-09-06 17:20:00,3614,3615,3615,3612,263814,73,2025-09-06 17:29:59
2025-09-06 17:30:00,3615,3611,3615,3610,9184533,2544,2025-09-06 17:39:59
2025-09-06 17:40:00,3611,3613,3613,3609,3616373,1002,2025-09-06 17:49:59
2025-09-06 17:50:00,3614,3615,3615,3611,126482,35,2025-09-06 17:59:59
2025-09-06 18:00:00,3612,3615,3615,3610,187917,52,2025-09-06 18:09:59
2025-09-06 18:10:00,3615,3614,3615,3612,119258,33,2025-09-06 18:19:59
2025-09-06 18:20:00,3614,3615,3615,3613,245790,68,2025-09-06 18:29:59
2025-09-06 18:30:00,3615,3614,3616,3613,303690,84,2025-09-06 18:39:59
2025-09-06 18:40:00,3615,3615,3616,3614,303639,84,2025-09-06 18:49:59
2025-09-06 18:50:00,3615,3617,3617,3612,6010597,1662,2025-09-06 18:59:59
2025-09-07 09:50:00,3618,3618,3618,3618,65124,18,2025-09-07 09:59:59
2025-09-07 10:00:00,3618,3620,3620,3615,1052909,291,2025-09-07 10:09:59
2025-09-07 10:10:00,3620,3623,3625,3618,4283573,1182,2025-09-07 10:19:59
2025-09-07 10:20:00,3622,3622,3624,3621,362262,100,2025-09-07 10:29:59
2025-09-07 10:30:00,3624,3626,3626,3622,2323554,641,2025-09-07 10:39:59
2025-09-07 10:40:00,3626,3629,3629,3624,4930449,1359,2025-09-07 10:49:59
2025-09-07 10:50:00,3628,3627,3629,3625,1182292,326,2025-09-07 10:59:59
2025-09-07 11:00:00,3627,3627,3629,3624,779792,215,2025-09-07 11:09:59
2025-09-07 11:10:00,3627,3628,3628,3627,322888,89,2025-09-07 11:19:59
2025-09-07 11:20:00,3628,3629,3629,3627,2340562,645,2025-09-07 11:29:59
2025-09-07 11:30:00,3629,3629,3629,3628,533449,147,2025-09-07 11:39:59
2025-09-07 11:40:00,3629,3630,3630,3629,1306726,360,2025-09-07 11:49:59
2025-09-07 11:50:00,3629,3629,3630,3629,842151,232,2025-09-07 11:57:05
2025-09-07 12:00:00,3630,3632,3632,3629,2749132,757,2025-09-07 12:09:59
2025-09-07 12:10:00,3630,3631,3631,3629,849401,234,2025-09-07 12:19:59
2025-09-07 12:20:00,3630,3630,3632,3629,4546041,1252,2025-09-07 12:29:59
2025-09-07 12:30:00,3630,3630,3630,3629,421019,116,2025-09-07 12:39:59
2025-09-07 12:40:00,3631,3629,3631,3628,500903,138,2025-09-07 12:49:59
2025-09-07 12:50:00,3629,3626,3629,3626,1723029,475,2025-09-07 12:58:01
2025-09-07 13:00:00,3628,3629,3629,3626,540577,149,2025-09-07 13:09:59
2025-09-07 13:10:00,3629,3626,3629,3624,1087702,300,2025-09-07 13:19:59
2025-09-07 13:20:00,3626,3628,3628,3626,275603,76,2025-09-07 13:29:59
2025-09-07 13:30:00,3628,3625,3628,3625,232111,64,2025-09-07 13:39:59
2025-09-07 13:40:00,3627,3628,3628,3625,83436,23,2025-09-07 13:49:59
2025-09-07 13:50:00,3628,3629,3629,3628,482532,133,2025-09-07 13:59:59
2025-09-07 14:00:00,3629,3629,3630,3624,2027958,559,2025-09-07 14:09:59
2025-09-07 14:10:00,3629,3629,3631,3626,598977,165,2025-09-07 14:19:59
2025-09-07 14:20:00,3631,3631,3631,3629,319513,88,2025-09-07 14:29:59
2025-09-07 14:30:00,3630,3629,3631,3629,177885,49,2025-09-07 14:39:59
2025-09-07 14:40:00,3629,3629,3630,3629,1143435,315,2025-09-07 14:49:59
2025-09-07 14:50:00,3629,3629,3629,3628,87094,24,2025-09-07 14:59:05
2025-09-07 15:00:00,3629,3629,3629,3626,1832320,505,2025-09-07 15:09:59
2025-09-07 15:10:00,3627,3629,3629,3626,355609,98,2025-09-07 15:19:59
2025-09-07 15:20:00,3629,3631,3632,3628,1985599,547,2025-09-07 15:29:59
2025-09-07 15:30:00,3631,3631,3632,3630,559287,154,2025-09-07 15:39:59
2025-09-07 15:40:00,3632,3632,3632,3629,279650,77,2025-09-07 15:49:59
2025-09-07 15:50:00,3632,3626,3632,3620,6424555,1773,2025-09-07 15:58:01
2025-09-07 16:00:00,3625,3624,3626,3623,260968,72,2025-09-07 16:09:59
2025-09-07 16:10:00,3624,3627,3627,3624,580286,160,2025-09-07 16:19:59
2025-09-07 16:20:00,3627,3629,3630,3627,500870,138,2025-09-07 16:29:59
2025-09-07 16:30:00,3629,3627,3630,3627,642182,177,2025-09-07 16:39:59
2025-09-07 16:40:00,3628,3628,3628,3627,65295,18,2025-09-07 16:49:59
2025-09-07 16:50:00,3628,3626,3628,3626,214028,59,2025-09-07 16:59:06
2025-09-07 17:00:00,3627,3626,3627,3626,373538,103,2025-09-07 17:09:59
2025-09-07 17:10:00,3628,3628,3628,3627,47163,13,2025-09-07 17:19:59
2025-09-07 17:20:00,3628,3628,3628,3627,148733,41,2025-09-07 17:29:59
2025-09-07 17:30:00,3628,3627,3628,3626,529573,146,2025-09-07 17:39:59
2025-09-07 17:40:00,3627,3627,3627,3627,72540,20,2025-09-07 17:49:59
2025-09-07 17:50:00,3628,3628,3628,3627,152370,42,2025-09-07 17:59:01
2025-09-07 18:00:00,3627,3626,3627,3626,696328,192,2025-09-07 18:09:59
2025-09-07 18:10:00,3627,3627,3627,3626,210343,58,2025-09-07 18:19:59
2025-09-07 18:20:00,3627,3627,3627,3626,286511,79,2025-09-07 18:29:59
2025-09-07 18:30:00,3626,3626,3627,3626,224832,62,2025-09-07 18:39:59
2025-09-07 18:40:00,3626,3627,3627,3626,221245,61,2025-09-07 18:49:59
2025-09-07 18:50:00,3627,3626,3627,3626,246631,68,2025-09-07 18:59:59
2025-09-08 06:50:00,3615,3615,3615,3615,1485765,411,2025-09-08 06:59:59
2025-09-08 07:00:00,3615,3623,3627,3609,3384005,935,2025-09-08 07:09:59
2025-09-08 07:10:00,3622,3623,3623,3621,858456,237,2025-09-08 07:19:59
2025-09-08 07:20:00,3622,3620,3623,3620,912696,252,2025-09-08 07:29:59
2025-09-08 07:30:00,3620,3623,3623,3619,803670,222,2025-09-08 07:39:59
2025-09-08 07:40:00,3623,3621,3625,3617,2424748,670,2025-09-08 07:49:59
2025-09-08 07:50:00,3621,3623,3623,3620,1375978,380,2025-09-08 07:59:59
2025-09-08 08:00:00,3624,3628,3629,3621,304539,84,2025-09-08 08:09:59
2025-09-08 08:10:00,3628,3629,3629,3627,2524638,696,2025-09-08 08:19:59
2025-09-08 08:20:00,3630,3631,3631,3628,925668,255,2025-09-08 08:29:59
2025-09-08 08:30:00,3631,3631,3633,3629,2723753,750,2025-09-08 08:39:59
2025-09-08 08:40:00,3631,3632,3632,3630,842389,232,2025-09-08 08:49:59
2025-09-08 08:50:00,3630,3630,3632,3628,1676880,462,2025-09-08 08:59:59
2025-09-08 09:00:00,3631,3633,3633,3630,1743254,480,2025-09-08 09:09:59
2025-09-08 09:10:00,3631,3632,3633,3631,1547214,426,2025-09-08 09:19:59
2025-09-08 09:20:00,3632,3632,3632,3631,1281854,353,2025-09-08 09:29:59
2025-09-08 09:30:00,3632,3633,3633,3631,3512578,967,2025-09-08 09:39:59
2025-09-08 09:40:00,3632,3631,3640,3630,15772978,4338,2025-09-08 09:49:59
2025-09-08 09:50:00,3631,3634,3634,3630,1387562,382,2025-09-08 09:59:59
2025-09-08 10:00:00,3633,3632,3634,3631,4302015,1184,2025-09-08 10:09:59
2025-09-08 10:10:00,3634,3633,3634,3632,1115313,307,2025-09-08 10:19:59
2025-09-08 10:20:00,3634,3627,3634,3625,9942646,2740,2025-09-08 10:29:59
2025-09-08 10:30:00,3625,3625,3630,3624,4275682,1179,2025-09-08 10:39:59
2025-09-08 10:40:00,3627,3622,3629,3622,5643435,1557,2025-09-08 10:49:59
2025-09-08 10:50:00,3622,3625,3630,3621,8593750,2371,2025-09-08 10:59:59
2025-09-08 11:00:00,3625,3624,3629,3622,4375259,1207,2025-09-08 11:09:59
2025-09-08 11:10:00,3624,3626,3629,3623,3426304,945,2025-09-08 11:19:59
2025-09-08 11:20:00,3626,3624,3627,3623,3142693,867,2025-09-08 11:29:59
2025-09-08 11:30:00,3624,3629,3635,3623,19825323,5461,2025-09-08 11:39:59
2025-09-08 11:40:00,3629,3627,3633,3626,2471470,681,2025-09-08 11:49:59
2025-09-08 11:50:00,3628,3629,3632,3614,54041968,14928,2025-09-08 11:59:59
2025-09-08 12:00:00,3629,3624,3631,3624,5205787,1435,2025-09-08 12:09:59
2025-09-08 12:10:00,3625,3623,3626,3619,8165458,2255,2025-09-08 12:19:59
2025-09-08 12:20:00,3624,3623,3627,3620,9278967,2561,2025-09-08 12:29:59
2025-09-08 12:30:00,3621,3618,3624,3616,5076885,1403,2025-09-08 12:39:59
2025-09-08 12:40:00,3619,3617,3624,3617,7151843,1976,2025-09-08 12:49:59
2025-09-08 12:50:00,3617,3623,3626,3615,7504462,2074,2025-09-08 12:59:59
2025-09-08 13:00:00,3623,3630,3631,3618,7288956,2010,2025-09-08 13:09:59
2025-09-08 13:10:00,3630,3621,3630,3621,7499549,2068,2025-09-08 13:19:59
2025-09-08 13:20:00,3621,3619,3622,3617,5186231,1433,2025-09-08 13:29:59
2025-09-08 13:30:00,3618,3617,3622,3616,4084586,1129,2025-09-08 13:39:59
2025-09-08 13:40:00,3617,3617,3618,3616,2162655,598,2025-09-08 13:49:59
2025-09-08 13:50:00,3618,3618,3620,3617,3112006,860,2025-09-08 13:59:59
2025-09-08 14:00:00,3618,3618,3620,3618,4208873,1163,2025-09-08 14:09:59
2025-09-08 14:10:00,3619,3617,3619,3616,8080578,2234,2025-09-08 14:19:59
2025-09-08 14:20:00,3616,3617,3618,3615,6278289,1736,2025-09-08 14:29:59
2025-09-08 14:30:00,3617,3615,3618,3615,2795256,773,2025-09-08 14:39:59
2025-09-08 14:40:00,3615,3616,3617,3615,6138761,1698,2025-09-08 14:49:59
2025-09-08 14:50:00,3616,3617,3618,3616,2835425,784,2025-09-08 14:59:59
2025-09-08 15:00:00,3617,3618,3619,3616,2264287,626,2025-09-08 15:09:59
2025-09-08 15:10:00,3618,3615,3619,3615,3442871,952,2025-09-08 15:19:59
2025-09-08 15:20:00,3615,3616,3618,3614,5087929,1407,2025-09-08 15:29:59
2025-09-08 15:30:00,3617,3616,3617,3615,2375573,657,2025-09-08 15:39:59
2025-09-08 15:40:00,3616,3615,3617,3614,2497755,691,2025-09-08 15:49:59
2025-09-08 15:50:00,3616,3615,3617,3615,3134784,867,2025-09-08 15:59:59
2025-09-08 16:00:00,3615,3615,3617,3615,2093298,579,2025-09-08 16:09:59
2025-09-08 16:10:00,3615,3615,3618,3615,3850885,1065,2025-09-08 16:19:59
2025-09-08 16:20:00,3616,3616,3618,3615,2582102,714,2025-09-08 16:29:59
2025-09-08 16:30:00,3616,3615,3616,3615,2736917,757,2025-09-08 16:39:59
2025-09-08 16:40:00,3615,3616,3619,3615,10493686,2902,2025-09-08 16:49:59
2025-09-08 16:50:00,3616,3612,3619,3611,12697430,3512,2025-09-08 16:59:59
2025-09-08 17:00:00,3612,3610,3614,3610,8536827,2364,2025-09-08 17:09:59
2025-09-08 17:10:00,3610,3611,3614,3610,2914327,807,2025-09-08 17:19:59
2025-09-08 17:20:00,3611,3611,3614,3610,4929378,1365,2025-09-08 17:29:59
2025-09-08 17:30:00,3613,3613,3615,3611,2250819,623,2025-09-08 17:39:59
2025-09-08 17:40:00,3611,3614,3615,3610,51987048,14382,2025-09-08 17:49:59
2025-09-08 17:50:00,3614,3613,3615,3612,3259900,902,2025-09-08 17:59:59
2025-09-08 18:00:00,3614,3604,3614,3603,24835692,6887,2025-09-08 18:09:59
2025-09-08 18:10:00,3604,3605,3605,3603,8445076,2343,2025-09-08 18:19:59
2025-09-08 18:20:00,3605,3604,3605,3603,5453944,1513,2025-09-08 18:29:59
2025-09-08 18:30:00,3603,3604,3605,3603,17303416,4800,2025-09-08 18:39:59
2025-09-08 18:40:00,3605,3605,3605,3605,1467235,407,2025-09-08 18:49:59
2025-09-08 19:00:00,3605,3610,3613,3604,11882666,3296,2025-09-08 19:09:59
2025-09-08 19:10:00,3611,3613,3613,3607,982109,272,2025-09-08 19:19:59
2025-09-08 19:20:00,3613,3612,3615,3612,581797,161,2025-09-08 19:29:59
2025-09-08 19:30:00,3614,3614,3614,3611,509408,141,2025-09-08 19:39:59
2025-09-08 19:40:00,3614,3613,3614,3612,765993,212,2025-09-08 19:49:59
2025-09-08 19:50:00,3613,3614,3614,3612,3544391,981,2025-09-08 19:59:59
2025-09-08 20:00:00,3614,3614,3614,3613,285459,79,2025-09-08 20:09:59
2025-09-08 20:10:00,3613,3614,3614,3613,234885,65,2025-09-08 20:19:59
2025-09-08 20:20:00,3614,3612,3614,3611,252870,70,2025-09-08 20:29:59
2025-09-08 20:30:00,3613,3612,3613,3612,274535,76,2025-09-08 20:39:59
2025-09-08 20:40:00,3613,3612,3613,3612,72259,20,2025-09-08 20:49:59
2025-09-08 20:50:00,3613,3613,3613,3612,249257,69,2025-09-08 20:58:04
2025-09-08 21:00:00,3613,3611,3614,3611,2247110,622,2025-09-08 21:09:59
2025-09-08 21:10:00,3611,3612,3612,3611,664551,184,2025-09-08 21:19:59
2025-09-08 21:20:00,3612,3612,3612,3612,852432,236,2025-09-08 21:29:59
2025-09-08 21:30:00,3612,3612,3612,3610,852182,236,2025-09-08 21:39:59
2025-09-08 21:40:00,3612,3611,3612,3611,390060,108,2025-09-08 21:49:59
2025-09-08 21:50:00,3612,3614,3614,3610,440664,122,2025-09-08 21:59:59
2025-09-08 22:00:00,3614,3611,3615,3611,856111,237,2025-09-08 22:09:59
2025-09-08 22:10:00,3612,3613,3613,3611,1448274,401,2025-09-08 22:19:59
2025-09-08 22:20:00,3613,3614,3615,3612,198730,55,2025-09-08 22:29:59
2025-09-08 22:30:00,3614,3614,3615,3612,1138215,315,2025-09-08 22:39:59
2025-09-08 22:40:00,3614,3614,3615,3613,477076,132,2025-09-08 22:49:59
2025-09-08 22:50:00,3614,3613,3615,3613,527720,146,2025-09-08 22:59:14
2025-09-08 23:00:00,3613,3615,3615,3613,256648,71,2025-09-08 23:09:59
2025-09-08 23:10:00,3614,3613,3615,3612,585363,162,2025-09-08 23:19:59
2025-09-08 23:20:00,3613,3613,3614,3612,292641,81,2025-09-08 23:29:59
2025-09-08 23:30:00,3614,3611,3615,3610,1549538,429,2025-09-08 23:39:59
2025-09-08 23:40:00,3613,3610,3615,3610,4471097,1237,2025-09-08 23:49:59
2025-09-09 07:00:00,3613,3617,3625,3611,6012222,1662,2025-09-09 07:09:59
2025-09-09 07:10:00,3617,3616,3617,3616,285720,79,2025-09-09 07:19:59
2025-09-09 07:20:00,3617,3623,3624,3617,778403,215,2025-09-09 07:29:59
2025-09-09 07:30:00,3624,3620,3625,3619,369373,102,2025-09-09 07:39:59
2025-09-09 07:40:00,3620,3617,3620,3617,445163,123,2025-09-09 07:49:59
2025-09-09 07:50:00,3617,3617,3620,3617,434069,120,2025-09-09 07:59:59
2025-09-09 08:00:00,3618,3617,3619,3617,1070776,296,2025-09-09 08:09:59
2025-09-09 08:10:00,3617,3619,3619,3617,426979,118,2025-09-09 08:19:59
2025-09-09 08:20:00,3618,3618,3619,3617,213479,59,2025-09-09 08:29:59
2025-09-09 08:30:00,3618,3618,3618,3617,473954,131,2025-09-09 08:39:59
2025-09-09 08:40:00,3618,3619,3619,3617,839252,232,2025-09-09 08:49:59
2025-09-09 08:50:00,3618,3623,3623,3617,1436916,397,2025-09-09 08:59:59
2025-09-09 09:00:00,3623,3621,3623,3621,1575909,435,2025-09-09 09:09:59
2025-09-09 09:10:00,3623,3623,3623,3621,463615,128,2025-09-09 09:19:59
2025-09-09 09:20:00,3623,3621,3623,3619,4905090,1354,2025-09-09 09:29:59
2025-09-09 09:30:00,3619,3617,3619,3617,488436,135,2025-09-09 09:39:59
2025-09-09 09:40:00,3617,3616,3617,3616,1251143,346,2025-09-09 09:49:59
2025-09-09 09:50:00,3615,3618,3618,3611,2630852,728,2025-09-09 09:59:59
2025-09-09 10:00:00,3618,3606,3618,3605,7574764,2099,2025-09-09 10:09:59
2025-09-09 10:10:00,3605,3606,3606,3603,5504376,1527,2025-09-09 10:19:59
2025-09-09 10:20:00,3606,3615,3617,3605,38959475,10800,2025-09-09 10:29:59
2025-09-09 10:30:00,3616,3609,3616,3607,9565598,2650,2025-09-09 10:39:59
2025-09-09 10:40:00,3609,3617,3622,3609,19554304,5404,2025-09-09 10:49:59
2025-09-09 10:50:00,3619,3620,3626,3616,39143876,10809,2025-09-09 10:59:59
2025-09-09 11:00:00,3621,3630,3632,3621,13120276,3615,2025-09-09 11:09:59
2025-09-09 11:10:00,3631,3629,3631,3628,2809609,774,2025-09-09 11:19:59
2025-09-09 11:20:00,3631,3646,3648,3631,89589168,24605,2025-09-09 11:29:59
2025-09-09 11:30:00,3645,3642,3646,3640,12135023,3331,2025-09-09 11:39:59
2025-09-09 11:40:00,3642,3642,3644,3641,6377302,1751,2025-09-09 11:49:59
2025-09-09 11:50:00,3642,3643,3643,3642,3278060,900,2025-09-09 11:59:59
2025-09-09 12:00:00,3643,3641,3643,3640,17144660,4709,2025-09-09 12:09:59
2025-09-09 12:10:00,3641,3641,3645,3640,6398527,1757,2025-09-09 12:19:59
2025-09-09 12:20:00,3640,3640,3642,3640,2548231,700,2025-09-09 12:29:59
2025-09-09 12:30:00,3641,3638,3643,3638,2195077,603,2025-09-09 12:39:59
2025-09-09 12:40:00,3638,3633,3638,3625,11972616,3296,2025-09-09 12:49:59
2025-09-09 12:50:00,3633,3638,3639,3631,5628593,1548,2025-09-09 12:59:59
2025-09-09 13:00:00,3639,3639,3639,3637,1979162,544,2025-09-09 13:09:59
2025-09-09 13:10:00,3638,3636,3639,3636,1735118,477,2025-09-09 13:19:59
2025-09-09 13:20:00,3636,3628,3639,3628,31256401,8592,2025-09-09 13:29:59
2025-09-09 13:30:00,3627,3621,3627,3609,46241109,12790,2025-09-09 13:39:59
2025-09-09 13:40:00,3621,3626,3627,3620,4022995,1110,2025-09-09 13:49:59
2025-09-09 13:50:00,3625,3626,3627,3619,5570091,1537,2025-09-09 13:59:59
2025-09-09 14:00:00,3627,3627,3627,3626,3481818,960,2025-09-09 14:09:59
2025-09-09 14:10:00,3626,3627,3627,3625,7484070,2064,2025-09-09 14:19:59
2025-09-09 14:20:00,3627,3628,3628,3626,1838980,507,2025-09-09 14:29:59
2025-09-09 14:30:00,3628,3631,3631,3626,3034092,836,2025-09-09 14:39:59
2025-09-09 14:40:00,3630,3637,3638,3630,7665440,2109,2025-09-09 14:49:59
2025-09-09 14:50:00,3637,3641,3642,3636,18844838,5178,2025-09-09 14:59:59
2025-09-09 15:00:00,3641,3631,3641,3631,4994566,1373,2025-09-09 15:09:59
2025-09-09 15:10:00,3632,3627,3633,3626,9613769,2648,2025-09-09 15:19:59
2025-09-09 15:20:00,3626,3631,3631,3622,12588097,3473,2025-09-09 15:29:59
2025-09-09 15:30:00,3631,3626,3633,3621,5938419,1637,2025-09-09 15:39:59
2025-09-09 15:40:00,3627,3629,3631,3625,2873197,792,2025-09-09 15:49:59
2025-09-09 15:50:00,3629,3627,3635,3625,3386557,933,2025-09-09 15:59:59
2025-09-09 16:00:00,3629,3634,3635,3627,3162119,871,2025-09-09 16:09:59
2025-09-09 16:10:00,3632,3641,3641,3627,9181189,2528,2025-09-09 16:19:59
2025-09-09 16:20:00,3640,3638,3642,3632,8533231,2346,2025-09-09 16:29:59
2025-09-09 16:30:00,3638,3644,3648,3633,26928039,7390,2025-09-09 16:39:59
2025-09-09 16:40:00,3643,3643,3650,3642,24007571,6580,2025-09-09 16:49:59
2025-09-09 16:50:00,3643,3642,3648,3639,10978740,3013,2025-09-09 16:59:59
2025-09-09 17:00:00,3645,3645,3653,3640,26502114,7263,2025-09-09 17:09:59
2025-09-09 17:10:00,3644,3645,3649,3642,5793574,1589,2025-09-09 17:19:59
2025-09-09 17:20:00,3645,3646,3648,3643,4918151,1349,2025-09-09 17:29:59
2025-09-09 17:30:00,3645,3640,3646,3639,4486741,1232,2025-09-09 17:39:59
2025-09-09 17:40:00,3641,3636,3642,3635,6556026,1802,2025-09-09 17:49:59
2025-09-09 17:50:00,3637,3637,3642,3636,6904215,1898,2025-09-09 17:59:59
2025-09-09 18:00:00,3637,3642,3645,3637,6428179,1765,2025-09-09 18:09:59
2025-09-09 18:10:00,3643,3631,3643,3626,32144452,8841,2025-09-09 18:19:59
2025-09-09 18:20:00,3633,3632,3634,3631,4380914,1206,2025-09-09 18:29:59
2025-09-09 18:30:00,3634,3630,3634,3625,4156088,1145,2025-09-09 18:39:59
2025-09-09 18:40:00,3630,3630,3630,3630,14520,4,2025-09-09 18:49:59
2025-09-09 19:00:00,3633,3636,3636,3630,1027735,283,2025-09-09 19:09:59
2025-09-09 19:10:00,3637,3635,3639,3632,781282,215,2025-09-09 19:19:59
2025-09-09 19:20:00,3633,3637,3639,3633,1701604,468,2025-09-09 19:29:59
2025-09-09 19:30:00,3637,3637,3639,3635,854819,235,2025-09-09 19:39:59
2025-09-09 19:40:00,3637,3638,3638,3635,705541,194,2025-09-09 19:49:59
2025-09-09 19:50:00,3638,3640,3641,3637,1277250,351,2025-09-09 19:59:59
2025-09-09 20:00:00,3638,3632,3640,3624,16689637,4598,2025-09-09 20:09:59
2025-09-09 20:10:00,3632,3630,3636,3628,1158552,319,2025-09-09 20:19:59
2025-09-09 20:20:00,3631,3639,3639,3631,541931,149,2025-09-09 20:29:59
2025-09-09 20:30:00,3639,3637,3639,3635,1120170,308,2025-09-09 20:39:59
2025-09-09 20:40:00,3637,3636,3639,3635,1269023,349,2025-09-09 20:49:59
2025-09-09 20:50:00,3636,3638,3638,3636,530936,146,2025-09-09 20:59:59
2025-09-09 21:00:00,3638,3639,3639,3635,4009918,1103,2025-09-09 21:09:59
2025-09-09 21:10:00,3638,3640,3641,3638,1739950,478,2025-09-09 21:19:59
2025-09-09 21:20:00,3640,3641,3642,3640,1627844,447,2025-09-09 21:29:59
2025-09-09 21:30:00,3641,3643,3644,3641,1238502,340,2025-09-09 21:39:59
2025-09-09 21:40:00,3643,3644,3644,3642,761330,209,2025-09-09 21:49:59
2025-09-09 21:50:00,3644,3646,3648,3642,4630152,1270,2025-09-09 21:59:59
2025-09-09 22:00:00,3648,3644,3648,3643,2410728,661,2025-09-09 22:09:59
2025-09-09 22:10:00,3644,3645,3646,3643,6892537,1891,2025-09-09 22:19:59
2025-09-09 22:20:00,3644,3641,3645,3641,3890184,1068,2025-09-09 22:29:59
2025-09-09 22:30:00,3641,3640,3643,3640,367739,101,2025-09-09 22:39:59
2025-09-09 22:40:00,3640,3643,3644,3640,1169012,321,2025-09-09 22:49:59
2025-09-09 22:50:00,3643,3643,3644,3641,251382,69,2025-09-09 22:59:59
2025-09-09 23:00:00,3643,3647,3648,3641,4214772,1156,2025-09-09 23:09:59
2025-09-09 23:10:00,3646,3642,3647,3638,3426851,941,2025-09-09 23:19:59
2025-09-09 23:20:00,3642,3640,3644,3635,4059754,1116,2025-09-09 23:29:59
2025-09-09 23:30:00,3640,3643,3644,3637,1365283,375,2025-09-09 23:39:59
2025-09-09 23:40:00,3644,3644,3645,3638,2203261,605,2025-09-09 23:49:59
2025-09-10 06:50:00,3645,3645,3645,3645,123930,34,2025-09-10 06:59:59
2025-09-10 07:00:00,3645,3649,3653,3635,6576538,1803,2025-09-10 07:09:59
2025-09-10 07:10:00,3649,3645,3650,3645,955980,262,2025-09-10 07:19:59
2025-09-10 07:20:00,3646,3640,3649,3640,3762080,1032,2025-09-10 07:29:59
2025-09-10 07:30:00,3640,3639,3640,3637,134615,37,2025-09-10 07:39:59
2025-09-10 07:40:00,3637,3638,3639,3636,392870,108,2025-09-10 07:49:59
2025-09-10 07:50:00,3637,3638,3640,3637,680488,187,2025-09-10 07:59:59
2025-09-10 08:00:00,3638,3636,3638,3635,734474,202,2025-09-10 08:09:59
2025-09-10 08:10:00,3637,3632,3637,3632,1334092,367,2025-09-10 08:19:59
2025-09-10 08:20:00,3634,3634,3635,3632,545061,150,2025-09-10 08:29:59
2025-09-10 08:30:00,3635,3635,3636,3633,359856,99,2025-09-10 08:39:59
2025-09-10 08:40:00,3635,3636,3636,3633,417954,115,2025-09-10 08:49:59
2025-09-10 08:50:00,3636,3636,3637,3635,352681,97,2025-09-10 08:59:59
2025-09-10 09:00:00,3637,3637,3640,3637,2062854,567,2025-09-10 09:09:59
2025-09-10 09:10:00,3639,3631,3639,3629,5961919,1642,2025-09-10 09:19:59
2025-09-10 09:20:00,3631,3629,3631,3626,4825707,1330,2025-09-10 09:29:59
2025-09-10 09:30:00,3629,3627,3629,3624,7092537,1956,2025-09-10 09:39:59
2025-09-10 09:40:00,3627,3626,3629,3625,1269438,350,2025-09-10 09:49:59
2025-09-10 09:50:00,3626,3625,3628,3624,2603587,718,2025-09-10 09:59:59
2025-09-10 10:00:00,3627,3631,3633,3624,11934664,3289,2025-09-10 10:09:59
2025-09-10 10:10:00,3631,3631,3632,3629,1659075,457,2025-09-10 10:19:59
2025-09-10 10:20:00,3631,3628,3632,3622,10862104,2996,2025-09-10 10:29:59
2025-09-10 10:30:00,3628,3630,3631,3626,1360619,375,2025-09-10 10:39:59
2025-09-10 10:40:00,3630,3630,3632,3629,1401429,386,2025-09-10 10:49:59
2025-09-10 10:50:00,3629,3637,3638,3629,5928935,1632,2025-09-10 10:59:59
2025-09-10 11:00:00,3638,3631,3638,3626,4434397,1221,2025-09-10 11:09:59
2025-09-10 11:10:00,3631,3626,3633,3625,6861301,1891,2025-09-10 11:19:59
2025-09-10 11:20:00,3626,3632,3640,3626,14090521,3875,2025-09-10 11:29:59
2025-09-10 11:30:00,3632,3633,3645,3627,21452028,5899,2025-09-10 11:39:59
2025-09-10 11:40:00,3633,3630,3636,3624,13453440,3708,2025-09-10 11:49:59
2025-09-10 11:50:00,3630,3630,3641,3630,9195025,2529,2025-09-10 11:59:59
2025-09-10 12:00:00,3632,3628,3633,3618,20276633,5597,2025-09-10 12:09:59
2025-09-10 12:10:00,3628,3624,3629,3622,3515810,970,2025-09-10 12:19:59
2025-09-10 12:20:00,3624,3626,3626,3618,8955577,2472,2025-09-10 12:29:59
2025-09-10 12:30:00,3626,3628,3628,3625,2716704,749,2025-09-10 12:39:59
2025-09-10 12:40:00,3628,3628,3628,3627,3312121,913,2025-09-10 12:49:59
2025-09-10 12:50:00,3628,3628,3628,3627,3410245,940,2025-09-10 12:59:59
2025-09-10 13:00:00,3628,3627,3628,3626,2064106,569,2025-09-10 13:09:59
2025-09-10 13:10:00,3628,3622,3628,3621,9809721,2706,2025-09-10 13:19:59
2025-09-10 13:20:00,3622,3621,3623,3620,6178366,1706,2025-09-10 13:29:59
2025-09-10 13:30:00,3621,3619,3622,3615,9067143,2506,2025-09-10 13:39:59
2025-09-10 13:40:00,3619,3616,3623,3616,6590233,1821,2025-09-10 13:49:59
2025-09-10 13:50:00,3616,3617,3617,3615,5600562,1549,2025-09-10 13:59:59
2025-09-10 14:00:00,3617,3619,3621,3612,8192617,2266,2025-09-10 14:09:59
2025-09-10 14:10:00,3620,3627,3629,3619,8938930,2466,2025-09-10 14:19:59
2025-09-10 14:20:00,3627,3630,3630,3626,8098824,2232,2025-09-10 14:29:59
2025-09-10 14:30:00,3630,3628,3630,3628,2409993,664,2025-09-10 14:39:59
2025-09-10 14:40:00,3629,3629,3629,3627,3058596,843,2025-09-10 14:49:59
2025-09-10 14:50:00,3629,3624,3629,3624,4134218,1140,2025-09-10 14:59:59
2025-09-10 15:00:00,3623,3620,3623,3616,10510670,2904,2025-09-10 15:09:59
2025-09-10 15:10:00,3620,3625,3625,3619,2478232,684,2025-09-10 15:19:59
2025-09-10 15:20:00,3625,3623,3625,3621,2242738,619,2025-09-10 15:29:59
2025-09-10 15:30:00,3624,3628,3628,3623,2672388,737,2025-09-10 15:39:59
2025-09-10 15:40:00,3628,3624,3628,3619,6427246,1774,2025-09-10 15:49:59
2025-09-10 15:50:00,3624,3628,3628,3622,3429689,946,2025-09-10 15:59:59
2025-09-10 16:00:00,3627,3626,3629,3625,2161680,596,2025-09-10 16:09:59
2025-09-10 16:10:00,3626,3629,3629,3625,1803042,497,2025-09-10 16:19:59
2025-09-10 16:20:00,3629,3630,3630,3628,2994485,825,2025-09-10 16:29:59
2025-09-10 16:30:00,3630,3630,3630,3629,4283245,1180,2025-09-10 16:39:59
2025-09-10 16:40:00,3630,3629,3630,3624,8569821,2362,2025-09-10 16:49:59
2025-09-10 16:50:00,3629,3629,3630,3628,3959980,1091,2025-09-10 16:59:59
2025-09-10 17:00:00,3629,3630,3630,3628,4610016,1270,2025-09-10 17:09:59
2025-09-10 17:10:00,3630,3630,3630,3625,4528541,1248,2025-09-10 17:19:59
2025-09-10 17:20:00,3630,3628,3630,3625,8779954,2420,2025-09-10 17:29:59
2025-09-10 17:30:00,3629,3632,3632,3629,3753121,1034,2025-09-10 17:39:59
2025-09-10 17:40:00,3632,3636,3636,3632,4285113,1179,2025-09-10 17:49:59
2025-09-10 17:50:00,3636,3644,3645,3635,17170479,4716,2025-09-10 17:59:59
2025-09-10 18:00:00,3643,3634,3643,3634,6725076,1848,2025-09-10 18:09:59
2025-09-10 18:10:00,3634,3636,3644,3633,7434086,2043,2025-09-10 18:19:59
2025-09-10 18:20:00,3639,3635,3643,3633,5898202,1622,2025-09-10 18:29:59
2025-09-10 18:30:00,3634,3630,3641,3625,5699224,1569,2025-09-10 18:39:59
2025-09-10 18:40:00,3630,3630,3630,3630,726000,200,2025-09-10 18:49:59
2025-09-10 19:00:00,3625,3621,3631,3620,5082991,1403,2025-09-10 19:09:59
2025-09-10 19:10:00,3624,3618,3629,3618,11983542,3309,2025-09-10 19:19:59
2025-09-10 19:20:00,3619,3616,3619,3614,6406423,1771,2025-09-10 19:29:59
2025-09-10 19:30:00,3617,3615,3617,3615,2357315,652,2025-09-10 19:39:59
2025-09-10 19:40:00,3616,3617,3617,3615,3460381,957,2025-09-10 19:49:59
2025-09-10 19:50:00,3615,3617,3617,3614,1670639,462,2025-09-10 19:59:59
2025-09-10 20:00:00,3617,3617,3617,3616,1200811,332,2025-09-10 20:09:59
2025-09-10 20:10:00,3616,3615,3617,3615,2267288,627,2025-09-10 20:19:59
2025-09-10 20:20:00,3616,3617,3617,3616,542470,150,2025-09-10 20:29:59
2025-09-10 20:30:00,3616,3617,3617,3616,962083,266,2025-09-10 20:39:59
2025-09-10 20:40:00,3616,3616,3617,3616,1381654,382,2025-09-10 20:49:59
2025-09-10 20:50:00,3617,3616,3617,3615,2792006,772,2025-09-10 20:59:59
2025-09-10 21:00:00,3616,3617,3617,3615,2202598,609,2025-09-10 21:09:59
2025-09-10 21:10:00,3617,3616,3617,3616,849876,235,2025-09-10 21:19:59
2025-09-10 21:20:00,3616,3614,3616,3614,2140031,592,2025-09-10 21:29:59
2025-09-10 21:30:00,3615,3613,3615,3612,2294553,635,2025-09-10 21:39:59
2025-09-10 21:40:00,3613,3616,3616,3612,1513903,419,2025-09-10 21:49:59
2025-09-10 21:50:00,3616,3614,3616,3613,1315742,364,2025-09-10 21:59:59
2025-09-10 22:00:00,3614,3616,3616,3613,422904,117,2025-09-10 22:09:59
2025-09-10 22:10:00,3616,3616,3616,3613,1055545,292,2025-09-10 22:19:59
2025-09-10 22:20:00,3616,3616,3616,3615,708604,196,2025-09-10 22:29:59
2025-09-10 22:30:00,3615,3616,3616,3615,1540148,426,2025-09-10 22:39:59
2025-09-10 22:40:00,3616,3613,3616,3613,657776,182,2025-09-10 22:49:59
2025-09-10 22:50:00,3614,3614,3616,3610,3409708,944,2025-09-10 22:59:59
2025-09-10 23:00:00,3615,3615,3616,3611,1257626,348,2025-09-10 23:09:59
2025-09-10 23:10:00,3615,3613,3616,3611,1343672,372,2025-09-10 23:19:59
2025-09-10 23:20:00,3613,3615,3615,3611,1856848,514,2025-09-10 23:29:59
2025-09-10 23:30:00,3615,3614,3616,3612,1138590,315,2025-09-10 23:39:59
2025-09-10 23:40:00,3613,3618,3618,3611,3539556,979,2025-09-10 23:49:59
2025-09-11 06:50:00,3618,3618,3618,3618,918972,254,2025-09-11 06:59:59
2025-09-11 07:00:00,3617,3616,3618,3611,2253030,623,2025-09-11 07:09:59
2025-09-11 07:10:00,3616,3617,3618,3615,321826,89,2025-09-11 07:19:59
2025-09-11 07:20:00,3617,3618,3618,3616,162759,45,2025-09-11 07:29:59
2025-09-11 07:30:00,3618,3618,3618,3615,524503,145,2025-09-11 07:39:59
2025-09-11 07:40:00,3618,3618,3618,3618,1620864,448,2025-09-11 07:49:59
2025-09-11 07:50:00,3617,3618,3618,3616,785062,217,2025-09-11 07:59:59
2025-09-11 08:00:00,3617,3618,3618,3617,568005,157,2025-09-11 08:09:59
2025-09-11 08:10:00,3618,3618,3618,3617,1765503,488,2025-09-11 08:19:59
2025-09-11 08:20:00,3618,3618,3618,3617,998563,276,2025-09-11 08:29:59
2025-09-11 08:30:00,3618,3623,3624,3617,2609513,721,2025-09-11 08:39:59
2025-09-11 08:40:00,3624,3625,3628,3624,504105,139,2025-09-11 08:49:59
2025-09-11 08:50:00,3624,3626,3627,3624,177683,49,2025-09-11 08:59:01
2025-09-11 09:00:00,3626,3623,3626,3623,485682,134,2025-09-11 09:09:59
2025-09-11 09:10:00,3624,3629,3630,3624,1501851,414,2025-09-11 09:19:59
2025-09-11 09:20:00,3629,3630,3630,3628,359360,99,2025-09-11 09:29:59
2025-09-11 09:30:00,3631,3626,3631,3621,4482526,1237,2025-09-11 09:39:59
2025-09-11 09:40:00,3626,3626,3626,3624,206664,57,2025-09-11 09:49:59
2025-09-11 09:50:00,3625,3626,3626,3624,725070,200,2025-09-11 09:59:59
2025-09-11 10:00:00,3626,3626,3629,3624,2190527,604,2025-09-11 10:09:59
2025-09-11 10:10:00,3626,3623,3626,3623,808206,223,2025-09-11 10:19:59
2025-09-11 10:20:00,3624,3618,3624,3617,16367279,4522,2025-09-11 10:29:59
2025-09-11 10:30:00,3618,3617,3618,3616,2466346,682,2025-09-11 10:39:59
2025-09-11 10:40:00,3616,3616,3618,3616,2524401,698,2025-09-11 10:49:59
2025-09-11 10:50:00,3616,3612,3617,3612,7227640,2000,2025-09-11 10:59:59
2025-09-11 11:00:00,3614,3612,3616,3612,4808828,1331,2025-09-11 11:09:59
2025-09-11 11:10:00,3612,3614,3614,3609,5199108,1440,2025-09-11 11:19:59
2025-09-11 11:20:00,3614,3614,3617,3613,3109615,860,2025-09-11 11:29:59
2025-09-11 11:30:00,3614,3613,3614,3610,2153125,596,2025-09-11 11:39:59
2025-09-11 11:40:00,3614,3614,3614,3613,3888581,1076,2025-09-11 11:49:59
2025-09-11 11:50:00,3613,3614,3614,3612,2641732,731,2025-09-11 11:59:59
2025-09-11 12:00:00,3613,3613,3614,3613,946795,262,2025-09-11 12:09:59
2025-09-11 12:10:00,3613,3613,3613,3609,4112624,1139,2025-09-11 12:19:59
2025-09-11 12:20:00,3613,3612,3614,3611,1365536,378,2025-09-11 12:29:59
2025-09-11 12:30:00,3612,3610,3613,3610,3776275,1046,2025-09-11 12:39:59
2025-09-11 12:40:00,3610,3610,3612,3608,5230153,1449,2025-09-11 12:49:59
2025-09-11 12:50:00,3610,3609,3612,3608,2971516,823,2025-09-11 12:59:59
2025-09-11 13:00:00,3609,3605,3609,3605,3084049,855,2025-09-11 13:09:59
2025-09-11 13:10:00,3606,3605,3606,3604,6409757,1778,2025-09-11 13:19:59
2025-09-11 13:20:00,3604,3605,3605,3604,3723672,1033,2025-09-11 13:29:59
2025-09-11 13:30:00,3605,3605,3605,3603,2320886,644,2025-09-11 13:39:59
2025-09-11 13:40:00,3605,3595,3605,3591,32874295,9133,2025-09-11 13:49:59
2025-09-11 13:50:00,3595,3596,3600,3593,4844770,1347,2025-09-11 13:59:59
2025-09-11 14:00:00,3599,3603,3603,3599,4566007,1268,2025-09-11 14:09:59
2025-09-11 14:10:00,3603,3602,3605,3602,1044958,290,2025-09-11 14:19:59
2025-09-11 14:20:00,3603,3597,3603,3593,4585892,1275,2025-09-11 14:29:59
2025-09-11 14:30:00,3597,3597,3597,3594,1715230,477,2025-09-11 14:39:59
2025-09-11 14:40:00,3597,3594,3598,3593,5915749,1645,2025-09-11 14:49:59
2025-09-11 14:50:00,3594,3593,3595,3592,4161341,1158,2025-09-11 14:59:59
2025-09-11 15:00:00,3594,3593,3597,3591,2993222,833,2025-09-11 15:09:59
2025-09-11 15:10:00,3593,3588,3593,3587,11102209,3092,2025-09-11 15:19:59
2025-09-11 15:20:00,3587,3571,3591,3556,73403340,20549,2025-09-11 15:29:59
2025-09-11 15:30:00,3574,3589,3589,3574,13013508,3636,2025-09-11 15:39:59
2025-09-11 15:40:00,3588,3586,3590,3583,15027371,4189,2025-09-11 15:49:59
2025-09-11 15:50:00,3586,3586,3595,3581,10379807,2895,2025-09-11 15:59:59
2025-09-11 16:00:00,3589,3587,3589,3580,11220046,3131,2025-09-11 16:09:59
2025-09-11 16:10:00,3588,3596,3596,3588,2984529,831,2025-09-11 16:19:59
2025-09-11 16:20:00,3595,3596,3597,3593,3355010,933,2025-09-11 16:29:59
2025-09-11 16:30:00,3596,3605,3614,3596,39620294,10993,2025-09-11 16:39:59
2025-09-11 16:40:00,3605,3605,3606,3598,3807257,1057,2025-09-11 16:49:59
2025-09-11 16:50:00,3605,3609,3614,3605,1732636,480,2025-09-11 16:59:59
2025-09-11 17:00:00,3610,3616,3616,3604,6523749,1807,2025-09-11 17:09:59
2025-09-11 17:10:00,3616,3601,3617,3601,4929638,1365,2025-09-11 17:19:59
2025-09-11 17:20:00,3606,3602,3607,3602,328016,91,2025-09-11 17:29:59
2025-09-11 17:30:00,3605,3606,3607,3602,1733802,481,2025-09-11 17:39:59
2025-09-11 17:40:00,3606,3610,3610,3605,5129411,1422,2025-09-11 17:49:59
2025-09-11 17:50:00,3610,3606,3610,3606,6322369,1752,2025-09-11 17:59:59
2025-09-11 18:00:00,3608,3609,3609,3605,2099539,582,2025-09-11 18:09:59
2025-09-11 18:10:00,3609,3606,3610,3602,4616099,1280,2025-09-11 18:19:59
2025-09-11 18:20:00,3606,3595,3610,3595,6379373,1772,2025-09-11 18:29:59
2025-09-11 18:30:00,3595,3604,3607,3594,4832747,1343,2025-09-11 18:39:59
2025-09-11 18:40:00,3617,3617,3617,3617,18182659,5027,2025-09-11 18:49:08
2025-09-11 19:00:00,3615,3612,3617,3611,6191377,1713,2025-09-11 19:09:59
2025-09-11 19:10:00,3612,3617,3618,3612,2505864,693,2025-09-11 19:19:59
2025-09-11 19:20:00,3618,3610,3618,3607,9087703,2517,2025-09-11 19:29:59
2025-09-11 19:30:00,3608,3610,3612,3608,223809,62,2025-09-11 19:39:59
2025-09-11 19:40:00,3611,3612,3619,3611,5227802,1446,2025-09-11 19:49:59
2025-09-11 19:50:00,3613,3612,3613,3611,195042,54,2025-09-11 19:59:59
2025-09-11 20:00:00,3611,3610,3612,3610,364707,101,2025-09-11 20:09:59
2025-09-11 20:10:00,3610,3609,3611,3609,480169,133,2025-09-11 20:19:59
2025-09-11 20:20:00,3610,3611,3611,3608,591933,164,2025-09-11 20:29:59
2025-09-11 20:30:00,3610,3609,3612,3608,1263630,350,2025-09-11 20:39:59
2025-09-11 20:40:00,3610,3610,3611,3610,2534250,702,2025-09-11 20:49:59
2025-09-11 20:50:00,3611,3608,3611,3607,1559054,432,2025-09-11 20:59:59
2025-09-11 21:00:00,3608,3610,3611,3607,656721,182,2025-09-11 21:09:59
2025-09-11 21:10:00,3608,3610,3610,3607,487032,135,2025-09-11 21:19:59
2025-09-11 21:20:00,3610,3609,3612,3608,1212852,336,2025-09-11 21:29:59
2025-09-11 21:30:00,3609,3611,3612,3608,967427,268,2025-09-11 21:39:59
2025-09-11 21:40:00,3611,3609,3615,3609,2167631,600,2025-09-11 21:49:59
2025-09-11 21:50:00,3610,3611,3617,3608,3073817,851,2025-09-11 21:59:59
2025-09-11 22:00:00,3611,3610,3615,3610,1249549,346,2025-09-11 22:09:59
2025-09-11 22:10:00,3611,3611,3613,3610,1220811,338,2025-09-11 22:19:59
2025-09-11 22:20:00,3611,3611,3614,3610,332218,92,2025-09-11 22:29:59
2025-09-11 22:30:00,3610,3610,3614,3610,209436,58,2025-09-11 22:39:59
2025-09-11 22:40:00,3610,3610,3615,3609,2481363,687,2025-09-11 22:49:59
2025-09-11 22:50:00,3611,3613,3615,3611,2005787,555,2025-09-11 22:59:59
2025-09-11 23:00:00,3613,3616,3617,3611,2547728,705,2025-09-11 23:09:59
2025-09-11 23:10:00,3615,3616,3616,3611,585574,162,2025-09-11 23:19:59
2025-09-11 23:20:00,3616,3613,3616,3611,238592,66,2025-09-11 23:29:59
2025-09-11 23:30:00,3615,3613,3616,3612,321711,89,2025-09-11 23:39:59
2025-09-11 23:40:00,3613,3617,3617,3610,2348780,650,2025-09-11 23:49:59
2025-09-12 06:50:00,3630,3630,3630,3630,3698970,1019,2025-09-12 06:59:59
2025-09-12 07:00:00,3620,3621,3625,3615,2305636,637,2025-09-12 07:09:59
2025-09-12 07:10:00,3622,3625,3625,3621,583305,161,2025-09-12 07:19:59
2025-09-12 07:20:00,3623,3622,3626,3622,866247,239,2025-09-12 07:29:59
2025-09-12 07:30:00,3622,3624,3625,3619,4319306,1193,2025-09-12 07:39:59
2025-09-12 07:40:00,3624,3623,3624,3622,351515,97,2025-09-12 07:49:59
2025-09-12 07:50:00,3624,3624,3624,3623,496453,137,2025-09-12 07:59:59
2025-09-12 08:00:00,3623,3623,3624,3623,612322,169,2025-09-12 08:09:59
2025-09-12 08:10:00,3623,3624,3624,3623,956531,264,2025-09-12 08:19:59
2025-09-12 08:20:00,3622,3620,3624,3620,467220,129,2025-09-12 08:29:59
2025-09-12 08:30:00,3621,3621,3624,3621,528929,146,2025-09-12 08:39:59
2025-09-12 08:40:00,3622,3620,3624,3619,2642791,730,2025-09-12 08:49:59
2025-09-12 08:50:00,3621,3623,3623,3621,583179,161,2025-09-12 08:59:01
2025-09-12 09:00:00,3623,3622,3623,3619,633602,175,2025-09-12 09:09:59
2025-09-12 09:10:00,3622,3621,3622,3620,398374,110,2025-09-12 09:19:59
2025-09-12 09:20:00,3621,3620,3622,3620,658883,182,2025-09-12 09:29:59
2025-09-12 09:30:00,3620,3621,3621,3619,467004,129,2025-09-12 09:39:59
2025-09-12 09:40:00,3621,3618,3621,3616,2294641,634,2025-09-12 09:49:59
2025-09-12 09:50:00,3618,3617,3620,3617,369038,102,2025-09-12 09:59:59
2025-09-12 10:00:00,3618,3604,3618,3600,15123324,4195,2025-09-12 10:09:59
2025-09-12 10:10:00,3604,3603,3604,3601,2410235,669,2025-09-12 10:19:59
2025-09-12 10:20:00,3603,3596,3603,3595,8079549,2245,2025-09-12 10:29:59
2025-09-12 10:30:00,3596,3600,3600,3595,4526843,1259,2025-09-12 10:39:59
2025-09-12 10:40:00,3600,3597,3604,3596,3822636,1062,2025-09-12 10:49:59
2025-09-12 10:50:00,3597,3597,3597,3595,2283473,635,2025-09-12 10:59:59
2025-09-12 11:00:00,3597,3604,3605,3595,4089106,1136,2025-09-12 11:09:59
2025-09-12 11:10:00,3604,3602,3606,3602,1618131,449,2025-09-12 11:19:59
2025-09-12 11:20:00,3603,3599,3605,3599,3029255,841,2025-09-12 11:29:59
2025-09-12 11:30:00,3599,3599,3603,3599,2127920,591,2025-09-12 11:39:59
2025-09-12 11:40:00,3602,3602,3602,3600,1307463,363,2025-09-12 11:49:59
2025-09-12 11:50:00,3602,3597,3602,3595,7655124,2128,2025-09-12 11:59:59
2025-09-12 12:00:00,3597,3597,3599,3594,1427682,397,2025-09-12 12:09:59
2025-09-12 12:10:00,3597,3600,3600,3596,377793,105,2025-09-12 12:19:59
2025-09-12 12:20:00,3600,3598,3600,3598,777380,216,2025-09-12 12:29:59
2025-09-12 12:30:00,3597,3598,3598,3596,2748115,764,2025-09-12 12:39:59
2025-09-12 12:40:00,3598,3598,3599,3597,1000245,278,2025-09-12 12:49:59
2025-09-12 12:50:00,3599,3600,3600,3598,1554791,432,2025-09-12 12:59:59
2025-09-12 13:00:00,3600,3600,3600,3599,1594717,443,2025-09-12 13:09:59
2025-09-12 13:10:00,3599,3600,3600,3597,2367699,658,2025-09-12 13:19:59
2025-09-12 13:20:00,3600,3599,3600,3598,1493945,415,2025-09-12 13:29:59
2025-09-12 13:30:00,3599,3580,3599,3565,81311911,22723,2025-09-12 13:39:59
2025-09-12 13:40:00,3581,3579,3587,3574,25646921,7162,2025-09-12 13:49:59
2025-09-12 13:50:00,3579,3570,3584,3568,13998702,3915,2025-09-12 13:59:59
2025-09-12 14:00:00,3571,3573,3579,3570,10800492,3021,2025-09-12 14:09:59
2025-09-12 14:10:00,3574,3577,3580,3573,7269322,2032,2025-09-12 14:19:59
2025-09-12 14:20:00,3577,3580,3581,3576,4724111,1320,2025-09-12 14:29:59
2025-09-12 14:30:00,3580,3581,3581,3578,3891351,1087,2025-09-12 14:39:59
2025-09-12 14:40:00,3580,3579,3582,3579,4819698,1346,2025-09-12 14:49:59
2025-09-12 14:50:00,3579,3584,3584,3579,4091171,1142,2025-09-12 14:59:59
2025-09-12 15:00:00,3585,3587,3591,3583,7855966,2190,2025-09-12 15:09:59
2025-09-12 15:10:00,3587,3574,3587,3559,55763544,15633,2025-09-12 15:19:59
2025-09-12 15:20:00,3576,3574,3578,3572,6488892,1815,2025-09-12 15:29:59
2025-09-12 15:30:00,3574,3559,3575,3556,38233930,10727,2025-09-12 15:39:59
2025-09-12 15:40:00,3559,3559,3562,3555,31347573,8814,2025-09-12 15:49:59
2025-09-12 15:50:00,3559,3555,3561,3553,15713815,4419,2025-09-12 15:59:59
2025-09-12 16:00:00,3554,3562,3566,3553,8205036,2306,2025-09-12 16:09:59
2025-09-12 16:10:00,3563,3567,3570,3561,3320797,931,2025-09-12 16:19:59
2025-09-12 16:20:00,3567,3571,3576,3567,7607055,2130,2025-09-12 16:29:59
2025-09-12 16:30:00,3571,3565,3571,3561,6465773,1813,2025-09-12 16:39:59
2025-09-12 16:40:00,3563,3563,3569,3562,4114787,1154,2025-09-12 16:49:59
2025-09-12 16:50:00,3564,3566,3570,3564,2500395,701,2025-09-12 16:59:59
2025-09-12 17:00:00,3566,3561,3566,3558,12523518,3517,2025-09-12 17:09:59
2025-09-12 17:10:00,3561,3557,3562,3555,5119908,1439,2025-09-12 17:19:59
2025-09-12 17:20:00,3558,3561,3562,3556,3934621,1105,2025-09-12 17:29:59
2025-09-12 17:30:00,3562,3564,3568,3560,11667443,3275,2025-09-12 17:39:59
2025-09-12 17:40:00,3564,3560,3565,3560,1310757,368,2025-09-12 17:49:59
2025-09-12 17:50:00,3563,3557,3564,3557,3414523,959,2025-09-12 17:59:59
2025-09-12 18:00:00,3557,3559,3563,3557,2078783,584,2025-09-12 18:09:59
2025-09-12 18:10:00,3559,3558,3561,3557,2491044,700,2025-09-12 18:19:59
2025-09-12 18:20:00,3560,3555,3561,3555,3888012,1093,2025-09-12 18:29:59
2025-09-12 18:30:00,3555,3555,3557,3555,5713309,1607,2025-09-12 18:39:59
2025-09-12 18:40:00,3560,3560,3560,3560,758280,213,2025-09-12 18:49:59
2025-09-12 19:00:00,3560,3556,3560,3555,1098680,309,2025-09-12 19:09:59
2025-09-12 19:10:00,3555,3539,3556,3530,54630862,15427,2025-09-12 19:19:59
2025-09-12 19:20:00,3537,3538,3543,3532,11230905,3176,2025-09-12 19:29:59
2025-09-12 19:30:00,3539,3539,3542,3536,2648023,748,2025-09-12 19:39:59
2025-09-12 19:40:00,3539,3539,3540,3537,3750506,1060,2025-09-12 19:49:59
2025-09-12 19:50:00,3538,3540,3540,3537,2232806,631,2025-09-12 19:59:59
2025-09-12 20:00:00,3540,3539,3540,3534,7264095,2054,2025-09-12 20:09:59
2025-09-12 20:10:00,3539,3549,3550,3537,8064985,2277,2025-09-12 20:19:59
2025-09-12 20:20:00,3548,3548,3549,3545,1898120,535,2025-09-12 20:29:59
2025-09-12 20:30:00,3548,3545,3548,3544,1467770,414,2025-09-12 20:39:59
2025-09-12 20:40:00,3545,3546,3546,3545,1503424,424,2025-09-12 20:49:59
2025-09-12 20:50:00,3546,3545,3546,3544,542438,153,2025-09-12 20:59:59
2025-09-12 21:00:00,3545,3546,3546,3542,1077211,304,2025-09-12 21:09:59
2025-09-12 21:10:00,3546,3546,3547,3546,861837,243,2025-09-12 21:19:59
2025-09-12 21:20:00,3546,3547,3547,3545,1482459,418,2025-09-12 21:29:59
2025-09-12 21:30:00,3547,3548,3549,3546,1557588,439,2025-09-12 21:39:59
2025-09-12 21:40:00,3549,3550,3550,3547,1256007,354,2025-09-12 21:49:59
2025-09-12 21:50:00,3550,3549,3550,3547,1068088,301,2025-09-12 21:59:59
2025-09-12 22:00:00,3549,3550,3552,3547,1356031,382,2025-09-12 22:09:59
2025-09-12 22:10:00,3550,3550,3550,3547,617418,174,2025-09-12 22:19:59
2025-09-12 22:20:00,3550,3547,3550,3547,315832,89,2025-09-12 22:29:59
2025-09-12 22:30:00,3548,3546,3548,3546,613548,173,2025-09-12 22:39:59
2025-09-12 22:40:00,3546,3546,3548,3546,1276912,360,2025-09-12 22:49:59
2025-09-12 22:50:00,3547,3547,3548,3547,266077,75,2025-09-12 22:59:59
2025-09-12 23:00:00,3547,3546,3549,3546,521482,147,2025-09-12 23:09:59
2025-09-12 23:10:00,3547,3548,3548,3547,124173,35,2025-09-12 23:19:59
2025-09-12 23:20:00,3548,3546,3548,3546,2099794,592,2025-09-12 23:29:59
2025-09-12 23:30:00,3547,3546,3548,3546,1376134,388,2025-09-12 23:39:59
2025-09-12 23:40:00,3547,3546,3547,3545,2166649,611,2025-09-12 23:49:59
2025-09-13 09:50:00,3551,3551,3551,3551,472283,133,2025-09-13 09:59:59
2025-09-13 11:40:00,3555,3560,3562,3552,758147,213,2025-09-13 11:49:59
2025-09-13 11:50:00,3560,3555,3562,3552,2051895,577,2025-09-13 11:59:59
2025-09-13 12:00:00,3556,3560,3560,3551,1425540,401,2025-09-13 12:09:59
2025-09-13 12:10:00,3560,3553,3560,3552,963427,271,2025-09-13 12:19:59
2025-09-13 12:20:00,3552,3556,3556,3548,2257936,636,2025-09-13 12:29:59
2025-09-13 12:30:00,3553,3556,3558,3552,423116,119,2025-09-13 12:39:59
2025-09-13 12:40:00,3555,3561,3561,3555,1925041,541,2025-09-13 12:49:59
2025-09-13 12:50:00,3561,3562,3562,3560,836798,235,2025-09-13 12:59:59
2025-09-13 13:00:00,3562,3562,3563,3560,933151,262,2025-09-13 13:09:59
2025-09-13 13:10:00,3561,3563,3564,3561,1093692,307,2025-09-13 13:19:59
2025-09-13 13:20:00,3563,3563,3564,3561,1785080,501,2025-09-13 13:29:59
2025-09-13 13:30:00,3564,3563,3564,3563,138986,39,2025-09-13 13:39:59
2025-09-13 13:40:00,3563,3563,3564,3563,438262,123,2025-09-13 13:49:59
2025-09-13 13:50:00,3563,3573,3573,3563,8397539,2354,2025-09-13 13:59:59
2025-09-13 14:00:00,3572,3570,3573,3569,189314,53,2025-09-13 14:09:59
2025-09-13 14:10:00,3570,3565,3577,3565,2630266,736,2025-09-13 14:19:59
2025-09-13 14:20:00,3567,3567,3568,3566,249692,70,2025-09-13 14:29:59
2025-09-13 14:30:00,3567,3567,3571,3566,485089,136,2025-09-13 14:39:59
2025-09-13 14:40:00,3567,3570,3574,3566,549749,154,2025-09-13 14:49:59
2025-09-13 14:50:00,3570,3582,3585,3570,5655632,1580,2025-09-13 14:59:59
2025-09-13 15:00:00,3583,3579,3585,3579,4676623,1305,2025-09-13 15:09:59
2025-09-13 15:10:00,3583,3572,3584,3572,339932,95,2025-09-13 15:19:59
2025-09-13 15:20:00,3574,3578,3578,3570,600551,168,2025-09-13 15:29:59
2025-09-13 15:30:00,3578,3578,3578,3576,168125,47,2025-09-13 15:39:59
2025-09-13 15:40:00,3578,3574,3578,3574,239591,67,2025-09-13 15:49:59
2025-09-13 15:50:00,3574,3570,3576,3570,667857,187,2025-09-13 15:59:59
2025-09-13 16:00:00,3573,3573,3575,3570,346563,97,2025-09-13 16:09:59
2025-09-13 16:10:00,3574,3575,3575,3572,246537,69,2025-09-13 16:19:59
2025-09-13 16:20:00,3575,3573,3575,3571,639447,179,2025-09-13 16:29:59
2025-09-13 16:30:00,3573,3568,3574,3566,952734,267,2025-09-13 16:39:59
2025-09-13 16:40:00,3569,3570,3571,3568,92801,26,2025-09-13 16:49:59
2025-09-13 16:50:00,3570,3572,3572,3567,199951,56,2025-09-13 16:59:59
2025-09-13 17:00:00,3571,3571,3572,3570,382047,107,2025-09-13 17:09:59
2025-09-13 17:10:00,3571,3566,3571,3566,1917107,537,2025-09-13 17:19:59
2025-09-13 17:20:00,3569,3569,3569,3565,278170,78,2025-09-13 17:29:59
2025-09-13 17:30:00,3568,3567,3570,3567,242708,68,2025-09-13 17:39:59
2025-09-13 17:40:00,3566,3570,3570,3565,160553,45,2025-09-13 17:49:59
2025-09-13 17:50:00,3570,3568,3575,3567,639491,179,2025-09-13 17:58:06
2025-09-13 18:00:00,3568,3570,3570,3567,114170,32,2025-09-13 18:09:59
2025-09-13 18:10:00,3568,3567,3574,3567,157064,44,2025-09-13 18:19:59
2025-09-13 18:20:00,3568,3571,3572,3566,353362,99,2025-09-13 18:29:59
2025-09-13 18:30:00,3569,3572,3574,3569,364280,102,2025-09-13 18:39:59
2025-09-13 18:40:00,3573,3573,3573,3569,417948,117,2025-09-13 18:49:59
2025-09-13 18:50:00,3573,3572,3574,3568,289255,81,2025-09-13 18:59:59
2025-09-14 09:50:00,3572,3572,3572,3572,21432,6,2025-09-14 09:59:59
2025-09-14 10:00:00,3575,3567,3580,3567,768055,215,2025-09-14 10:09:59
2025-09-14 10:10:00,3567,3559,3567,3554,2239854,629,2025-09-14 10:19:59
2025-09-14 10:20:00,3558,3566,3566,3558,886850,249,2025-09-14 10:29:59
2025-09-14 10:30:00,3565,3567,3567,3565,338788,95,2025-09-14 10:39:59
2025-09-14 10:40:00,3566,3566,3567,3566,281762,79,2025-09-14 10:49:59
2025-09-14 10:50:00,3567,3563,3567,3563,937724,263,2025-09-14 10:59:59
2025-09-14 11:00:00,3567,3567,3567,3566,214017,60,2025-09-14 11:09:59
2025-09-14 11:10:00,3567,3574,3574,3566,1349943,378,2025-09-14 11:19:59
2025-09-14 11:20:00,3573,3570,3573,3569,453445,127,2025-09-14 11:29:59
2025-09-14 11:30:00,3570,3572,3572,3569,232087,65,2025-09-14 11:39:59
2025-09-14 11:40:00,3571,3572,3578,3569,1480096,414,2025-09-14 11:49:59
2025-09-14 11:50:00,3572,3571,3575,3570,164323,46,2025-09-14 11:59:59
2025-09-14 12:00:00,3571,3572,3576,3571,217999,61,2025-09-14 12:09:59
2025-09-14 12:10:00,3575,3580,3580,3572,1839786,514,2025-09-14 12:19:59
2025-09-14 12:20:00,3580,3577,3580,3576,1170624,327,2025-09-14 12:29:59
2025-09-14 12:30:00,3577,3577,3577,3576,583042,163,2025-09-14 12:39:59
2025-09-14 12:40:00,3577,3577,3578,3576,350566,98,2025-09-14 12:49:59
2025-09-14 12:50:00,3578,3576,3578,3575,1004978,281,2025-09-14 12:59:59
2025-09-14 13:00:00,3576,3576,3576,3575,246706,69,2025-09-14 13:09:59
2025-09-14 13:10:00,3575,3573,3576,3572,250178,70,2025-09-14 13:19:59
2025-09-14 13:20:00,3573,3575,3575,3573,196599,55,2025-09-14 13:29:59
2025-09-14 13:30:00,3574,3569,3574,3569,1185845,332,2025-09-14 13:39:59
2025-09-14 13:40:00,3570,3575,3575,3569,239347,67,2025-09-14 13:49:59
2025-09-14 13:50:00,3575,3572,3575,3569,396385,111,2025-09-14 13:59:59
2025-09-14 14:00:00,3571,3570,3574,3570,464388,130,2025-09-14 14:09:59
2025-09-14 14:10:00,3572,3571,3573,3571,164347,46,2025-09-14 14:19:59
2025-09-14 14:20:00,3571,3574,3574,3571,732494,205,2025-09-14 14:29:59
2025-09-14 14:30:00,3572,3574,3574,3572,114339,32,2025-09-14 14:39:59
2025-09-14 14:40:00,3574,3575,3575,3573,1637063,458,2025-09-14 14:49:59
2025-09-14 14:50:00,3575,3575,3575,3573,432472,121,2025-09-14 14:59:59
2025-09-14 15:00:00,3575,3574,3575,3574,411112,115,2025-09-14 15:09:59
2025-09-14 15:10:00,3575,3577,3577,3575,865392,242,2025-09-14 15:19:59
2025-09-14 15:20:00,3577,3577,3577,3576,343362,96,2025-09-14 15:29:59
2025-09-14 15:30:00,3577,3576,3577,3576,78678,22,2025-09-14 15:39:59
2025-09-14 15:40:00,3576,3577,3577,3575,397040,111,2025-09-14 15:49:59
2025-09-14 15:50:00,3577,3578,3578,3575,389883,109,2025-09-14 15:59:02
2025-09-14 16:00:00,3578,3577,3578,3575,332558,93,2025-09-14 16:09:59
2025-09-14 16:10:00,3576,3577,3577,3575,228872,64,2025-09-14 16:19:59
2025-09-14 16:20:00,3576,3577,3577,3576,89422,25,2025-09-14 16:29:59
2025-09-14 16:30:00,3577,3577,3577,3575,715197,200,2025-09-14 16:39:59
2025-09-14 16:40:00,3577,3578,3578,3576,776339,217,2025-09-14 16:49:59
2025-09-14 16:50:00,3578,3578,3578,3576,60820,17,2025-09-14 16:59:59
2025-09-14 17:00:00,3578,3577,3578,3576,350518,98,2025-09-14 17:09:59
2025-09-14 17:10:00,3577,3577,3578,3575,718979,201,2025-09-14 17:19:59
2025-09-14 17:20:00,3577,3576,3578,3575,357647,100,2025-09-14 17:29:59
2025-09-14 17:30:00,3576,3575,3576,3575,46484,13,2025-09-14 17:39:59
2025-09-14 17:40:00,3576,3577,3578,3574,743911,208,2025-09-14 17:49:59
2025-09-14 17:50:00,3576,3576,3578,3576,715338,200,2025-09-14 17:59:59
2025-09-14 18:00:00,3577,3577,3577,3575,135880,38,2025-09-14 18:09:59
2025-09-14 18:10:00,3577,3577,3577,3575,64374,18,2025-09-14 18:19:59
2025-09-14 18:20:00,3577,3575,3578,3575,389835,109,2025-09-14 18:29:59
2025-09-14 18:30:00,3576,3573,3576,3573,1569382,439,2025-09-14 18:39:59
2025-09-14 18:40:00,3573,3573,3574,3572,686044,192,2025-09-14 18:49:59
2025-09-14 18:50:00,3573,3575,3575,3573,175156,49,2025-09-14 18:59:59
2025-09-15 06:50:00,3578,3578,3578,3578,78716,22,2025-09-15 06:59:59
2025-09-15 07:00:00,3582,3576,3587,3575,2323064,649,2025-09-15 07:09:59
2025-09-15 07:10:00,3576,3569,3576,3567,3014035,844,2025-09-15 07:19:59
2025-09-15 07:20:00,3569,3566,3570,3565,2136574,599,2025-09-15 07:29:59
2025-09-15 07:30:00,3566,3561,3569,3561,2937912,824,2025-09-15 07:39:59
2025-09-15 07:40:00,3563,3568,3569,3561,1547564,434,2025-09-15 07:49:59
2025-09-15 07:50:00,3568,3573,3573,3567,678317,190,2025-09-15 07:59:59
2025-09-15 08:00:00,3571,3574,3574,3571,268002,75,2025-09-15 08:09:59
2025-09-15 08:10:00,3574,3578,3580,3572,1884961,527,2025-09-15 08:19:59
2025-09-15 08:20:00,3576,3571,3576,3571,643264,180,2025-09-15 08:29:59
2025-09-15 08:30:00,3571,3573,3574,3571,382252,107,2025-09-15 08:39:59
2025-09-15 08:40:00,3573,3573,3573,3570,1728317,484,2025-09-15 08:49:59
2025-09-15 08:50:00,3571,3555,3573,3553,22903886,6435,2025-09-15 08:59:59
2025-09-15 09:00:00,3555,3553,3555,3549,13276707,3736,2025-09-15 09:09:59
2025-09-15 09:10:00,3551,3551,3554,3550,2418785,681,2025-09-15 09:19:59
2025-09-15 09:20:00,3551,3550,3554,3547,4827886,1360,2025-09-15 09:29:59
2025-09-15 09:30:00,3553,3560,3560,3550,3254270,915,2025-09-15 09:39:59
2025-09-15 09:40:00,3559,3559,3563,3557,2093375,588,2025-09-15 09:49:59
2025-09-15 09:50:00,3559,3561,3564,3556,1395825,392,2025-09-15 09:59:59
2025-09-15 10:00:00,3561,3561,3571,3558,13716272,3846,2025-09-15 10:09:59
2025-09-15 10:10:00,3561,3571,3572,3561,3439600,964,2025-09-15 10:19:59
2025-09-15 10:20:00,3571,3574,3575,3560,10648130,2984,2025-09-15 10:29:59
2025-09-15 10:30:00,3573,3562,3574,3562,3224156,904,2025-09-15 10:39:59
2025-09-15 10:40:00,3562,3563,3563,3562,2807038,788,2025-09-15 10:49:59
2025-09-15 10:50:00,3562,3556,3563,3556,4443074,1248,2025-09-15 10:59:59
2025-09-15 11:00:00,3557,3558,3560,3553,2767013,778,2025-09-15 11:09:59
2025-09-15 11:10:00,3560,3538,3561,3538,23732814,6687,2025-09-15 11:19:59
2025-09-15 11:20:00,3540,3529,3540,3528,23337317,6605,2025-09-15 11:29:59
2025-09-15 11:30:00,3532,3533,3534,3520,21986582,6236,2025-09-15 11:39:59
2025-09-15 11:40:00,3534,3534,3540,3530,16371391,4632,2025-09-15 11:49:59
2025-09-15 11:50:00,3535,3539,3543,3535,5647196,1596,2025-09-15 11:59:59
2025-09-15 12:00:00,3541,3524,3541,3522,15657851,4436,2025-09-15 12:09:59
2025-09-15 12:10:00,3524,3523,3527,3520,6191324,1757,2025-09-15 12:19:59
2025-09-15 12:20:00,3523,3527,3527,3522,2446232,694,2025-09-15 12:29:59
2025-09-15 12:30:00,3527,3526,3527,3525,2309975,655,2025-09-15 12:39:59
2025-09-15 12:40:00,3526,3527,3528,3525,1632778,463,2025-09-15 12:49:59
2025-09-15 12:50:00,3527,3526,3528,3526,1791652,508,2025-09-15 12:59:59
2025-09-15 13:00:00,3528,3539,3539,3527,12863606,3644,2025-09-15 13:09:59
2025-09-15 13:10:00,3539,3538,3541,3535,6467557,1828,2025-09-15 13:19:59
2025-09-15 13:20:00,3536,3538,3538,3531,4758497,1346,2025-09-15 13:29:59
2025-09-15 13:30:00,3538,3538,3538,3533,2861547,809,2025-09-15 13:39:59
2025-09-15 13:40:00,3538,3533,3538,3533,2917132,825,2025-09-15 13:49:59
2025-09-15 13:50:00,3532,3534,3535,3526,4494215,1273,2025-09-15 13:59:59
2025-09-15 14:00:00,3534,3530,3534,3528,1913289,542,2025-09-15 14:09:59
2025-09-15 14:10:00,3529,3530,3530,3528,2766725,784,2025-09-15 14:19:59
2025-09-15 14:20:00,3530,3529,3530,3527,2738683,776,2025-09-15 14:29:59
2025-09-15 14:30:00,3530,3529,3530,3526,4222809,1197,2025-09-15 14:39:59
2025-09-15 14:40:00,3530,3521,3530,3521,16264779,4614,2025-09-15 14:49:59
2025-09-15 14:50:00,3521,3508,3524,3505,34044358,9693,2025-09-15 14:59:59
2025-09-15 15:00:00,3507,3515,3518,3505,11885035,3382,2025-09-15 15:09:59
2025-09-15 15:10:00,3515,3518,3518,3510,3757200,1069,2025-09-15 15:19:59
2025-09-15 15:20:00,3516,3519,3520,3515,4676188,1329,2025-09-15 15:29:59
2025-09-15 15:30:00,3519,3516,3520,3512,5994040,1705,2025-09-15 15:39:59
2025-09-15 15:40:00,3515,3515,3520,3515,2880748,819,2025-09-15 15:49:59
2025-09-15 15:50:00,3517,3513,3518,3510,4314042,1228,2025-09-15 15:59:59
2025-09-15 16:00:00,3514,3514,3516,3510,2926035,833,2025-09-15 16:09:59
2025-09-15 16:10:00,3515,3518,3519,3514,2718722,773,2025-09-15 16:19:59
2025-09-15 16:20:00,3518,3520,3520,3511,4415030,1256,2025-09-15 16:29:59
2025-09-15 16:30:00,3518,3516,3520,3512,2137316,608,2025-09-15 16:39:59
2025-09-15 16:40:00,3513,3520,3520,3510,4059342,1155,2025-09-15 16:49:59
2025-09-15 16:50:00,3520,3513,3521,3511,6151577,1749,2025-09-15 16:59:59
2025-09-15 17:00:00,3515,3510,3515,3502,15134618,4314,2025-09-15 17:09:59
2025-09-15 17:10:00,3510,3493,3514,3490,24432919,6981,2025-09-15 17:19:59
2025-09-15 17:20:00,3494,3502,3503,3490,7888758,2257,2025-09-15 17:29:59
2025-09-15 17:30:00,3502,3504,3505,3498,4262921,1217,2025-09-15 17:39:59
2025-09-15 17:40:00,3505,3500,3506,3499,16029552,4577,2025-09-15 17:49:59
2025-09-15 17:50:00,3499,3499,3500,3495,7305320,2088,2025-09-15 17:59:59
2025-09-15 18:00:00,3499,3496,3500,3495,3081614,881,2025-09-15 18:09:59
2025-09-15 18:10:00,3495,3511,3514,3495,31512967,8991,2025-09-15 18:19:59
2025-09-15 18:20:00,3511,3512,3513,3510,1709875,487,2025-09-15 18:29:59
2025-09-15 18:30:00,3512,3517,3517,3512,2790178,794,2025-09-15 18:39:59
2025-09-15 18:40:00,3511,3511,3511,3511,1393867,397,2025-09-15 18:49:59
2025-09-15 19:00:00,3515,3516,3518,3512,1343214,382,2025-09-15 19:09:59
2025-09-15 19:10:00,3516,3515,3516,3512,1342477,382,2025-09-15 19:19:59
2025-09-15 19:20:00,3515,3515,3515,3513,1764230,502,2025-09-15 19:29:59
2025-09-15 19:30:00,3514,3515,3515,3513,1247768,355,2025-09-15 19:39:59
2025-09-15 19:40:00,3514,3514,3515,3512,899524,256,2025-09-15 19:49:59
2025-09-15 19:50:00,3515,3514,3515,3514,425261,121,2025-09-15 19:59:09
2025-09-15 20:00:00,3515,3515,3515,3514,2108979,600,2025-09-15 20:09:59
2025-09-15 20:10:00,3515,3514,3515,3512,1082146,308,2025-09-15 20:19:59
2025-09-15 20:20:00,3514,3513,3514,3512,2389398,680,2025-09-15 20:29:59
2025-09-15 20:30:00,3513,3515,3515,3513,1359965,387,2025-09-15 20:39:59
2025-09-15 20:40:00,3515,3513,3516,3512,358521,102,2025-09-15 20:49:59
2025-09-15 20:50:00,3512,3514,3515,3512,512893,146,2025-09-15 20:59:59
2025-09-15 21:00:00,3514,3512,3514,3512,590224,168,2025-09-15 21:09:59
2025-09-15 21:10:00,3512,3512,3512,3511,821660,234,2025-09-15 21:19:59
2025-09-15 21:20:00,3512,3515,3515,3511,1300278,370,2025-09-15 21:29:59
2025-09-15 21:30:00,3516,3513,3516,3513,2144367,610,2025-09-15 21:39:59
2025-09-15 21:40:00,3514,3512,3515,3511,863948,246,2025-09-15 21:49:59
2025-09-15 21:50:00,3512,3505,3513,3504,16282420,4639,2025-09-15 21:59:59
2025-09-15 22:00:00,3505,3508,3509,3505,897751,256,2025-09-15 22:09:59
2025-09-15 22:10:00,3509,3509,3509,3506,340299,97,2025-09-15 22:19:59
2025-09-15 22:20:00,3509,3509,3509,3506,294641,84,2025-09-15 22:29:59
2025-09-15 22:30:00,3508,3510,3510,3507,182479,52,2025-09-15 22:39:59
2025-09-15 22:40:00,3510,3511,3512,3507,1034868,295,2025-09-15 22:49:59
2025-09-15 22:50:00,3510,3506,3511,3506,789126,225,2025-09-15 22:59:59
2025-09-15 23:00:00,3506,3512,3512,3506,284222,81,2025-09-15 23:09:59
2025-09-15 23:10:00,3512,3509,3512,3509,515979,147,2025-09-15 23:19:59
2025-09-15 23:20:00,3511,3509,3512,3509,582668,166,2025-09-15 23:29:59
2025-09-15 23:30:00,3510,3511,3511,3506,1431059,408,2025-09-15 23:39:59
2025-09-15 23:40:00,3510,3514,3515,3506,965819,275,2025-09-15 23:49:59
2025-09-16 06:50:00,3514,3514,3514,3514,333830,95,2025-09-16 06:59:59
2025-09-16 07:00:00,3514,3514,3514,3504,1025940,292,2025-09-16 07:09:59
2025-09-16 07:10:00,3514,3527,3527,3514,1813867,515,2025-09-16 07:19:59
2025-09-16 07:20:00,3527,3527,3528,3527,2501215,709,2025-09-16 07:29:59
2025-09-16 07:30:00,3526,3525,3527,3524,521720,148,2025-09-16 07:39:59
2025-09-16 07:40:00,3524,3524,3525,3523,1942001,551,2025-09-16 07:49:59
2025-09-16 07:50:00,3525,3523,3525,3523,2083027,591,2025-09-16 07:59:59
2025-09-16 08:00:00,3523,3518,3523,3516,3117792,886,2025-09-16 08:09:59
2025-09-16 08:10:00,3517,3527,3528,3514,4850955,1377,2025-09-16 08:19:59
2025-09-16 08:20:00,3527,3528,3530,3527,3390781,961,2025-09-16 08:29:59
2025-09-16 08:30:00,3528,3528,3529,3528,268184,76,2025-09-16 08:39:59
2025-09-16 08:40:00,3527,3529,3529,3525,2284958,648,2025-09-16 08:49:59
2025-09-16 08:50:00,3529,3529,3529,3527,2209128,626,2025-09-16 08:59:59
2025-09-16 09:00:00,3527,3529,3529,3527,564557,160,2025-09-16 09:09:59
2025-09-16 09:10:00,3529,3528,3530,3527,1100891,312,2025-09-16 09:19:59
2025-09-16 09:20:00,3529,3534,3535,3529,4485980,1270,2025-09-16 09:29:59
2025-09-16 09:30:00,3534,3535,3536,3532,13167845,3727,2025-09-16 09:39:59
2025-09-16 09:40:00,3535,3536,3539,3535,2196386,621,2025-09-16 09:49:59
2025-09-16 09:50:00,3537,3533,3540,3530,7170072,2028,2025-09-16 09:59:59
2025-09-16 10:00:00,3533,3534,3534,3524,10610209,3008,2025-09-16 10:09:59
2025-09-16 10:10:00,3534,3536,3537,3531,4605524,1303,2025-09-16 10:19:59
2025-09-16 10:20:00,3536,3545,3546,3533,16094115,4545,2025-09-16 10:29:59
2025-09-16 10:30:00,3545,3544,3546,3537,7413619,2093,2025-09-16 10:39:59
2025-09-16 10:40:00,3543,3543,3545,3540,1473726,416,2025-09-16 10:49:59
2025-09-16 10:50:00,3543,3538,3545,3538,9501220,2682,2025-09-16 10:59:59
2025-09-16 11:00:00,3538,3545,3545,3538,2924209,826,2025-09-16 11:09:59
2025-09-16 11:10:00,3543,3545,3554,3543,12250947,3453,2025-09-16 11:19:59
2025-09-16 11:20:00,3546,3544,3547,3543,1297282,366,2025-09-16 11:29:59
2025-09-16 11:30:00,3545,3545,3549,3527,18922412,5345,2025-09-16 11:39:59
2025-09-16 11:40:00,3545,3548,3549,3544,21575551,6085,2025-09-16 11:49:59
2025-09-16 11:50:00,3548,3546,3548,3543,7508162,2118,2025-09-16 11:59:59
2025-09-16 12:00:00,3546,3544,3548,3544,22830408,6440,2025-09-16 12:09:59
2025-09-16 12:10:00,3546,3537,3546,3527,26451541,7480,2025-09-16 12:19:59
2025-09-16 12:20:00,3537,3532,3539,3531,1675128,474,2025-09-16 12:29:59
2025-09-16 12:30:00,3531,3519,3533,3517,7400797,2100,2025-09-16 12:39:59
2025-09-16 12:40:00,3517,3506,3521,3505,23682571,6743,2025-09-16 12:49:59
2025-09-16 12:50:00,3506,3504,3510,3501,21460878,6123,2025-09-16 12:59:59
2025-09-16 13:00:00,3503,3499,3505,3493,22003421,6286,2025-09-16 13:09:59
2025-09-16 13:10:00,3500,3490,3501,3484,24394035,6985,2025-09-16 13:19:59
2025-09-16 13:20:00,3490,3489,3492,3485,11772297,3375,2025-09-16 13:29:59
2025-09-16 13:30:00,3490,3492,3493,3488,6700931,1920,2025-09-16 13:39:59
2025-09-16 13:40:00,3492,3490,3494,3488,17531527,5022,2025-09-16 13:49:59
2025-09-16 13:50:00,3491,3495,3498,3488,4657651,1333,2025-09-16 13:59:59
2025-09-16 14:00:00,3495,3502,3505,3494,6037304,1724,2025-09-16 14:09:59
2025-09-16 14:10:00,3501,3505,3507,3501,1969571,562,2025-09-16 14:19:59
2025-09-16 14:20:00,3504,3501,3505,3497,2051809,586,2025-09-16 14:29:59
2025-09-16 14:30:00,3500,3509,3509,3500,3265610,932,2025-09-16 14:39:59
2025-09-16 14:40:00,3509,3510,3512,3509,3977993,1133,2025-09-16 14:49:59
2025-09-16 14:50:00,3509,3509,3510,3502,2306720,658,2025-09-16 14:59:59
2025-09-16 15:00:00,3509,3507,3510,3505,1006518,287,2025-09-16 15:09:59
2025-09-16 15:10:00,3505,3507,3509,3505,529662,151,2025-09-16 15:19:59
2025-09-16 15:20:00,3506,3506,3509,3505,908160,259,2025-09-16 15:29:59
2025-09-16 15:30:00,3507,3504,3507,3502,1345621,384,2025-09-16 15:39:59
2025-09-16 15:40:00,3504,3501,3504,3500,4526955,1293,2025-09-16 15:49:59
2025-09-16 15:50:00,3501,3501,3505,3500,2920664,834,2025-09-16 15:59:59
2025-09-16 16:00:00,3500,3494,3501,3492,4230010,1210,2025-09-16 16:09:59
2025-09-16 16:10:00,3492,3493,3503,3490,27022994,7732,2025-09-16 16:19:59
2025-09-16 16:20:00,3493,3494,3507,3491,8309260,2376,2025-09-16 16:29:59
2025-09-16 16:30:00,3494,3502,3506,3493,3901408,1115,2025-09-16 16:39:59
2025-09-16 16:40:00,3500,3507,3507,3495,10511425,3002,2025-09-16 16:49:59
2025-09-16 16:50:00,3504,3502,3510,3499,21969225,6269,2025-09-16 16:59:59
2025-09-16 17:00:00,3505,3511,3519,3501,21300830,6064,2025-09-16 17:09:59
2025-09-16 17:10:00,3511,3505,3516,3505,14923784,4251,2025-09-16 17:19:59
2025-09-16 17:20:00,3507,3507,3517,3503,20740219,5907,2025-09-16 17:29:59
2025-09-16 17:30:00,3509,3515,3516,3504,20554423,5854,2025-09-16 17:39:59
2025-09-16 17:40:00,3514,3508,3517,3508,12346693,3514,2025-09-16 17:49:59
2025-09-16 17:50:00,3511,3509,3518,3504,14413081,4103,2025-09-16 17:59:59
2025-09-16 18:00:00,3513,3515,3519,3513,14835410,4219,2025-09-16 18:09:59
2025-09-16 18:10:00,3515,3514,3523,3513,26936632,7656,2025-09-16 18:19:59
2025-09-16 18:20:00,3514,3514,3515,3507,10249460,2918,2025-09-16 18:29:59
2025-09-16 18:30:00,3514,3511,3515,3508,3534797,1007,2025-09-16 18:39:59
2025-09-16 18:40:00,3512,3512,3512,3512,158040,45,2025-09-16 18:49:59
2025-09-16 19:00:00,3512,3512,3513,3509,821577,234,2025-09-16 19:09:59
2025-09-16 19:10:00,3512,3509,3512,3509,326433,93,2025-09-16 19:19:59
2025-09-16 19:20:00,3510,3511,3512,3509,266785,76,2025-09-16 19:29:59
2025-09-16 19:30:00,3511,3512,3512,3509,435276,124,2025-09-16 19:39:59
2025-09-16 19:40:00,3512,3513,3513,3510,586501,167,2025-09-16 19:49:59
2025-09-16 19:50:00,3513,3512,3513,3510,266947,76,2025-09-16 19:58:04
2025-09-16 20:00:00,3512,3511,3512,3510,133407,38,2025-09-16 20:09:59
2025-09-16 20:10:00,3511,3512,3512,3510,136922,39,2025-09-16 20:19:59
2025-09-16 20:20:00,3512,3510,3512,3509,519406,148,2025-09-16 20:29:59
2025-09-16 20:30:00,3509,3508,3510,3508,140332,40,2025-09-16 20:39:59
2025-09-16 20:40:00,3509,3506,3509,3505,1202770,343,2025-09-16 20:49:59
2025-09-16 20:50:00,3506,3508,3508,3504,655569,187,2025-09-16 20:59:08
2025-09-16 21:00:00,3508,3507,3509,3506,624344,178,2025-09-16 21:09:59
2025-09-16 21:10:00,3508,3508,3509,3506,1146785,327,2025-09-16 21:19:59
2025-09-16 21:20:00,3508,3509,3509,3508,56141,16,2025-09-16 21:29:59
2025-09-16 21:30:00,3508,3507,3509,3501,5514454,1574,2025-09-16 21:39:59
2025-09-16 21:40:00,3507,3503,3508,3498,4176562,1193,2025-09-16 21:49:59
2025-09-16 21:50:00,3504,3504,3505,3501,514846,147,2025-09-16 21:59:59
2025-09-16 22:00:00,3503,3506,3506,3503,150708,43,2025-09-16 22:09:59
2025-09-16 22:10:00,3506,3506,3506,3504,276940,79,2025-09-16 22:19:59
2025-09-16 22:20:00,3505,3505,3506,3505,171789,49,2025-09-16 22:29:59
2025-09-16 22:30:00,3505,3503,3506,3502,1205013,344,2025-09-16 22:39:59
2025-09-16 22:40:00,3502,3503,3504,3502,227721,65,2025-09-16 22:49:59
2025-09-16 22:50:00,3503,3501,3504,3500,231180,66,2025-09-16 22:59:59
2025-09-16 23:00:00,3501,3503,3504,3500,815696,233,2025-09-16 23:09:59
2025-09-16 23:10:00,3502,3502,3505,3502,157640,45,2025-09-16 23:19:59
2025-09-16 23:20:00,3504,3503,3505,3502,140127,40,2025-09-16 23:29:59
2025-09-16 23:30:00,3503,3504,3505,3500,1236299,353,2025-09-16 23:39:59
2025-09-16 23:40:00,3506,3520,3523,3504,14166320,4032,2025-09-16 23:49:59
2025-09-17 06:50:00,3520,3520,3520,3520,73920,21,2025-09-17 06:59:59
2025-09-17 07:00:00,3520,3518,3520,3516,1671290,475,2025-09-17 07:09:59
2025-09-17 07:10:00,3517,3520,3521,3517,823569,234,2025-09-17 07:19:59
2025-09-17 07:20:00,3520,3512,3520,3510,671316,191,2025-09-17 07:29:59
2025-09-17 07:30:00,3512,3517,3518,3512,214350,61,2025-09-17 07:39:59
2025-09-17 07:40:00,3515,3521,3522,3514,4372686,1242,2025-09-17 07:49:59
2025-09-17 07:50:00,3518,3519,3522,3518,2267544,644,2025-09-17 07:57:01
2025-09-17 08:00:00,3519,3521,3522,3514,3060262,870,2025-09-17 08:09:59
2025-09-17 08:10:00,3522,3522,3522,3521,802886,228,2025-09-17 08:19:59
2025-09-17 08:20:00,3522,3521,3522,3521,3483221,989,2025-09-17 08:29:59
2025-09-17 08:30:00,3522,3520,3522,3520,605649,172,2025-09-17 08:39:59
2025-09-17 08:40:00,3520,3522,3522,3519,588021,167,2025-09-17 08:49:59
2025-09-17 08:50:00,3522,3519,3522,3519,383815,109,2025-09-17 08:59:06
2025-09-17 09:00:00,3520,3519,3520,3519,330818,94,2025-09-17 09:09:59
2025-09-17 09:10:00,3520,3517,3520,3517,517144,147,2025-09-17 09:19:59
2025-09-17 09:20:00,3516,3512,3516,3512,1394493,397,2025-09-17 09:29:59
2025-09-17 09:30:00,3514,3513,3517,3512,1963641,559,2025-09-17 09:39:59
2025-09-17 09:40:00,3512,3512,3514,3512,748136,213,2025-09-17 09:49:59
2025-09-17 09:50:00,3513,3507,3514,3505,2903445,827,2025-09-17 09:59:59
2025-09-17 10:00:00,3507,3506,3509,3499,9572370,2733,2025-09-17 10:09:59
2025-09-17 10:10:00,3505,3505,3508,3504,2159851,616,2025-09-17 10:19:59
2025-09-17 10:20:00,3504,3507,3508,3503,1521554,434,2025-09-17 10:29:59
2025-09-17 10:30:00,3507,3507,3509,3506,3380115,964,2025-09-17 10:39:59
2025-09-17 10:40:00,3507,3505,3508,3502,2758865,787,2025-09-17 10:49:59
2025-09-17 10:50:00,3505,3508,3508,3504,1135963,324,2025-09-17 10:59:59
2025-09-17 11:00:00,3508,3505,3509,3505,1213224,346,2025-09-17 11:09:59
2025-09-17 11:10:00,3505,3507,3507,3502,999070,285,2025-09-17 11:19:59
2025-09-17 11:20:00,3506,3509,3509,3506,1080424,308,2025-09-17 11:29:59
2025-09-17 11:30:00,3507,3505,3508,3504,606505,173,2025-09-17 11:39:59
2025-09-17 11:40:00,3505,3505,3510,3502,2780866,793,2025-09-17 11:49:59
2025-09-17 11:50:00,3505,3509,3509,3504,490849,140,2025-09-17 11:59:59
2025-09-17 12:00:00,3509,3507,3510,3507,877335,250,2025-09-17 12:09:59
2025-09-17 12:10:00,3508,3509,3509,3507,235001,67,2025-09-17 12:19:59
2025-09-17 12:20:00,3509,3501,3509,3500,4427586,1264,2025-09-17 12:29:59
2025-09-17 12:30:00,3501,3501,3501,3499,2295921,656,2025-09-17 12:39:59
2025-09-17 12:40:00,3501,3500,3501,3500,528536,151,2025-09-17 12:49:59
2025-09-17 12:50:00,3500,3496,3500,3494,4002245,1144,2025-09-17 12:59:59
2025-09-17 13:00:00,3496,3499,3500,3493,4708492,1347,2025-09-17 13:09:59
2025-09-17 13:10:00,3499,3499,3500,3497,783663,224,2025-09-17 13:19:59
2025-09-17 13:20:00,3499,3502,3503,3499,3483447,995,2025-09-17 13:29:59
2025-09-17 13:30:00,3503,3501,3504,3501,1485243,424,2025-09-17 13:39:59
2025-09-17 13:40:00,3503,3509,3509,3502,16329173,4660,2025-09-17 13:49:59
2025-09-17 13:50:00,3508,3508,3508,3506,529661,151,2025-09-17 13:59:02
2025-09-17 14:00:00,3508,3508,3509,3504,2072862,591,2025-09-17 14:09:59
2025-09-17 14:10:00,3507,3507,3508,3505,413823,118,2025-09-17 14:19:59
2025-09-17 14:20:00,3507,3506,3508,3506,648675,185,2025-09-17 14:29:59
2025-09-17 14:30:00,3506,3508,3509,3506,4142402,1181,2025-09-17 14:39:59
2025-09-17 14:40:00,3508,3509,3509,3507,1290975,368,2025-09-17 14:49:59
2025-09-17 14:50:00,3509,3504,3509,3504,4737870,1351,2025-09-17 14:59:59
2025-09-17 15:00:00,3504,3508,3509,3504,666432,190,2025-09-17 15:09:59
2025-09-17 15:10:00,3508,3507,3508,3504,655603,187,2025-09-17 15:19:59
2025-09-17 15:20:00,3507,3506,3507,3503,2019153,576,2025-09-17 15:29:59
2025-09-17 15:30:00,3506,3503,3506,3503,571157,163,2025-09-17 15:39:59
2025-09-17 15:40:00,3504,3505,3505,3503,220778,63,2025-09-17 15:49:59
2025-09-17 15:50:00,3506,3504,3506,3503,311918,89,2025-09-17 15:59:59
2025-09-17 16:00:00,3506,3505,3506,3504,543281,155,2025-09-17 16:09:59
2025-09-17 16:10:00,3505,3496,3507,3496,6737100,1924,2025-09-17 16:19:59
2025-09-17 16:20:00,3498,3498,3499,3495,2164947,619,2025-09-17 16:29:59
2025-09-17 16:30:00,3497,3496,3500,3496,16324713,4665,2025-09-17 16:39:59
2025-09-17 16:40:00,3497,3498,3498,3496,1185573,339,2025-09-17 16:49:59
2025-09-17 16:50:00,3498,3499,3500,3497,881619,252,2025-09-17 16:59:59
2025-09-17 17:00:00,3499,3500,3500,3499,1959986,560,2025-09-17 17:09:59
2025-09-17 17:10:00,3499,3503,3503,3499,3863981,1104,2025-09-17 17:19:59
2025-09-17 17:20:00,3503,3507,3509,3498,11069256,3158,2025-09-17 17:29:59
2025-09-17 17:30:00,3506,3509,3510,3500,8027173,2290,2025-09-17 17:39:59
2025-09-17 17:40:00,3509,3511,3513,3506,8869918,2526,2025-09-17 17:49:59
2025-09-17 17:50:00,3513,3520,3521,3512,12172370,3460,2025-09-17 17:59:59
2025-09-17 18:00:00,3521,3519,3528,3516,15542602,4412,2025-09-17 18:09:59
2025-09-17 18:10:00,3520,3530,3531,3517,10609843,3010,2025-09-17 18:19:59
2025-09-17 18:20:00,3529,3527,3530,3523,11637468,3299,2025-09-17 18:29:59
2025-09-17 18:30:00,3527,3524,3527,3519,6150103,1746,2025-09-17 18:39:59
2025-09-17 18:40:00,3525,3525,3525,3525,348975,99,2025-09-17 18:49:03
2025-09-17 19:00:00,3524,3532,3535,3523,6488446,1838,2025-09-17 19:09:59
2025-09-17 19:10:00,3532,3525,3534,3524,839552,238,2025-09-17 19:19:59
2025-09-17 19:20:00,3526,3524,3529,3523,546384,155,2025-09-17 19:29:59
2025-09-17 19:30:00,3525,3526,3527,3523,373637,106,2025-09-17 19:39:59
2025-09-17 19:40:00,3526,3521,3527,3521,1254788,356,2025-09-17 19:49:59
2025-09-17 19:50:00,3521,3521,3522,3518,1615408,459,2025-09-17 19:59:59
2025-09-17 20:00:00,3522,3519,3522,3519,285094,81,2025-09-17 20:09:59
2025-09-17 20:10:00,3519,3522,3522,3516,2670512,759,2025-09-17 20:19:59
2025-09-17 20:20:00,3523,3520,3523,3520,1155355,328,2025-09-17 20:29:59
2025-09-17 20:30:00,3520,3518,3520,3518,436363,124,2025-09-17 20:39:59
2025-09-17 20:40:00,3519,3518,3519,3517,1779994,506,2025-09-17 20:49:59
2025-09-17 20:50:00,3518,3520,3520,3518,1083848,308,2025-09-17 20:59:59
2025-09-17 21:00:00,3519,3520,3520,3519,3997675,1136,2025-09-17 21:09:59
2025-09-17 21:10:00,3519,3520,3520,3519,242845,69,2025-09-17 21:19:59
2025-09-17 21:20:00,3519,3520,3520,3519,830604,236,2025-09-17 21:29:59
2025-09-17 21:30:00,3520,3524,3524,3519,2191211,622,2025-09-17 21:39:59
2025-09-17 21:40:00,3524,3521,3524,3520,1042479,296,2025-09-17 21:49:59
2025-09-17 21:50:00,3523,3523,3523,3521,186716,53,2025-09-17 21:59:59
2025-09-17 22:00:00,3523,3523,3524,3519,4132452,1174,2025-09-17 22:09:59
2025-09-17 22:10:00,3523,3520,3523,3520,679598,193,2025-09-17 22:19:59
2025-09-17 22:20:00,3520,3521,3521,3520,190132,54,2025-09-17 22:29:59
2025-09-17 22:30:00,3521,3522,3522,3521,151445,43,2025-09-17 22:39:59
2025-09-17 22:40:00,3521,3522,3522,3521,313457,89,2025-09-17 22:49:59
2025-09-17 22:50:00,3522,3521,3523,3520,1088138,309,2025-09-17 22:59:09
2025-09-17 23:00:00,3521,3521,3523,3521,1095496,311,2025-09-17 23:09:59
2025-09-17 23:10:00,3523,3524,3524,3523,1053410,299,2025-09-17 23:19:59
2025-09-17 23:20:00,3523,3524,3524,3523,884314,251,2025-09-17 23:29:59
2025-09-17 23:30:00,3524,3523,3524,3523,1729972,491,2025-09-17 23:39:59
2025-09-17 23:40:00,3524,3524,3524,3523,1092401,310,2025-09-17 23:49:09
2025-09-18 06:50:00,3533,3533,3533,3533,63594,18,2025-09-18 06:59:59
2025-09-18 07:00:00,3530,3533,3534,3525,1416384,401,2025-09-18 07:09:59
2025-09-18 07:10:00,3533,3539,3539,3533,1662588,470,2025-09-18 07:19:59
2025-09-18 07:20:00,3539,3536,3540,3534,1202629,340,2025-09-18 07:29:59
2025-09-18 07:30:00,3534,3533,3534,3530,1451670,411,2025-09-18 07:39:59
2025-09-18 07:40:00,3533,3530,3533,3530,988504,280,2025-09-18 07:49:59
2025-09-18 07:50:00,3530,3531,3532,3528,631937,179,2025-09-18 07:59:59
2025-09-18 08:00:00,3528,3532,3532,3524,2972692,843,2025-09-18 08:09:59
2025-09-18 08:10:00,3533,3535,3535,3533,473664,134,2025-09-18 08:19:59
2025-09-18 08:20:00,3535,3536,3539,3533,2472483,699,2025-09-18 08:29:59
2025-09-18 08:30:00,3537,3537,3538,3535,512824,145,2025-09-18 08:39:59
2025-09-18 08:40:00,3537,3535,3537,3535,834494,236,2025-09-18 08:49:59
2025-09-18 08:50:00,3536,3532,3537,3532,3287607,930,2025-09-18 08:59:59
2025-09-18 09:00:00,3532,3535,3536,3532,1629207,461,2025-09-18 09:09:59
2025-09-18 09:10:00,3535,3534,3536,3534,650366,184,2025-09-18 09:19:59
2025-09-18 09:20:00,3535,3540,3544,3534,6878277,1943,2025-09-18 09:29:59
2025-09-18 09:30:00,3537,3538,3538,3535,2029805,574,2025-09-18 09:39:59
2025-09-18 09:40:00,3538,3541,3543,3537,3596454,1016,2025-09-18 09:49:59
2025-09-18 09:50:00,3542,3539,3542,3536,2393366,676,2025-09-18 09:59:59
2025-09-18 10:00:00,3539,3533,3540,3532,2937345,831,2025-09-18 10:09:59
2025-09-18 10:10:00,3533,3533,3536,3530,5782530,1637,2025-09-18 10:19:59
2025-09-18 10:20:00,3531,3530,3533,3525,9394039,2662,2025-09-18 10:29:59
2025-09-18 10:30:00,3530,3530,3530,3528,2643785,749,2025-09-18 10:39:59
2025-09-18 10:40:00,3529,3524,3530,3523,5232050,1484,2025-09-18 10:49:59
2025-09-18 10:50:00,3523,3519,3524,3516,4601804,1307,2025-09-18 10:59:59
2025-09-18 11:00:00,3518,3526,3530,3517,8127246,2306,2025-09-18 11:09:59
2025-09-18 11:10:00,3525,3524,3526,3522,1141909,324,2025-09-18 11:19:59
2025-09-18 11:20:00,3526,3527,3530,3524,1965179,557,2025-09-18 11:29:59
2025-09-18 11:30:00,3528,3530,3534,3528,10664663,3021,2025-09-18 11:39:59
2025-09-18 11:40:00,3529,3529,3533,3527,4832323,1369,2025-09-18 11:49:59
2025-09-18 11:50:00,3531,3531,3533,3527,8971854,2542,2025-09-18 11:59:59
2025-09-18 12:00:00,3530,3530,3531,3526,3105166,880,2025-09-18 12:09:59
2025-09-18 12:10:00,3529,3531,3531,3528,2453209,695,2025-09-18 12:19:59
2025-09-18 12:20:00,3529,3528,3531,3527,3783211,1072,2025-09-18 12:29:59
2025-09-18 12:30:00,3529,3528,3529,3522,3977961,1128,2025-09-18 12:39:59
2025-09-18 12:40:00,3526,3526,3527,3524,1424279,404,2025-09-18 12:49:59
2025-09-18 12:50:00,3525,3528,3529,3525,3547944,1006,2025-09-18 12:59:59
2025-09-18 13:00:00,3526,3518,3528,3517,9458963,2687,2025-09-18 13:09:59
2025-09-18 13:10:00,3518,3514,3518,3512,6218029,1769,2025-09-18 13:19:59
2025-09-18 13:20:00,3514,3519,3519,3507,7300311,2079,2025-09-18 13:29:59
2025-09-18 13:30:00,3519,3528,3536,3513,25101074,7118,2025-09-18 13:39:59
2025-09-18 13:40:00,3527,3529,3533,3523,8216357,2328,2025-09-18 13:49:59
2025-09-18 13:50:00,3529,3521,3530,3517,6436116,1827,2025-09-18 13:59:59
2025-09-18 14:00:00,3519,3519,3521,3515,1519467,432,2025-09-18 14:09:59
2025-09-18 14:10:00,3519,3516,3521,3516,956765,272,2025-09-18 14:19:59
2025-09-18 14:20:00,3518,3516,3519,3516,2321390,660,2025-09-18 14:29:59
2025-09-18 14:30:00,3518,3519,3519,3516,745626,212,2025-09-18 14:39:59
2025-09-18 14:40:00,3519,3515,3519,3515,2513938,715,2025-09-18 14:49:59
2025-09-18 14:50:00,3515,3513,3517,3512,6452774,1836,2025-09-18 14:59:59
2025-09-18 15:00:00,3513,3505,3518,3503,26554295,7565,2025-09-18 15:09:59
2025-09-18 15:10:00,3505,3506,3517,3502,26254889,7483,2025-09-18 15:19:59
2025-09-18 15:20:00,3506,3505,3512,3503,23061968,6576,2025-09-18 15:29:59
2025-09-18 15:30:00,3504,3506,3508,3495,31604610,9028,2025-09-18 15:39:59
2025-09-18 15:40:00,3506,3496,3507,3496,24513210,7001,2025-09-18 15:49:59
2025-09-18 15:50:00,3496,3498,3505,3495,23677237,6765,2025-09-18 15:59:59
2025-09-18 16:00:00,3498,3507,3507,3498,4012928,1145,2025-09-18 16:09:59
2025-09-18 16:10:00,3507,3503,3507,3500,4003185,1143,2025-09-18 16:19:59
2025-09-18 16:20:00,3505,3503,3505,3501,1309828,374,2025-09-18 16:29:59
2025-09-18 16:30:00,3504,3504,3506,3502,1394584,398,2025-09-18 16:39:59
2025-09-18 16:40:00,3502,3502,3507,3501,4463966,1274,2025-09-18 16:49:59
2025-09-18 16:50:00,3502,3503,3504,3501,1645862,470,2025-09-18 16:59:59
2025-09-18 17:00:00,3502,3511,3511,3500,13467678,3843,2025-09-18 17:09:59
2025-09-18 17:10:00,3512,3513,3515,3508,7008122,1995,2025-09-18 17:19:59
2025-09-18 17:20:00,3512,3507,3516,3502,12269692,3497,2025-09-18 17:29:59
2025-09-18 17:30:00,3507,3503,3509,3500,4596253,1312,2025-09-18 17:39:59
2025-09-18 17:40:00,3502,3501,3509,3500,4330630,1236,2025-09-18 17:49:59
2025-09-18 17:50:00,3501,3501,3507,3500,5541060,1582,2025-09-18 17:59:59
2025-09-18 18:00:00,3501,3506,3509,3500,4700435,1342,2025-09-18 18:09:59
2025-09-18 18:10:00,3507,3513,3513,3505,11566869,3296,2025-09-18 18:19:59
2025-09-18 18:20:00,3510,3517,3518,3505,15432529,4393,2025-09-18 18:29:59
2025-09-18 18:30:00,3518,3519,3531,3514,17913570,5090,2025-09-18 18:39:59
2025-09-18 18:40:00,3511,3511,3511,3511,3114257,887,2025-09-18 18:49:59
2025-09-18 19:00:00,3518,3515,3519,3513,291890,83,2025-09-18 19:09:59
2025-09-18 19:10:00,3515,3515,3516,3512,277600,79,2025-09-18 19:19:59
2025-09-18 19:20:00,3515,3514,3515,3513,600937,171,2025-09-18 19:29:59
2025-09-18 19:30:00,3514,3515,3515,3514,945424,269,2025-09-18 19:39:59
2025-09-18 19:40:00,3515,3514,3515,3513,291676,83,2025-09-18 19:49:59
2025-09-18 19:50:00,3514,3507,3514,3507,10774709,3069,2025-09-18 19:59:59
2025-09-18 20:00:00,3508,3505,3508,3503,522208,149,2025-09-18 20:09:59
2025-09-18 20:10:00,3504,3507,3507,3504,161302,46,2025-09-18 20:19:59
2025-09-18 20:20:00,3506,3505,3507,3505,557416,159,2025-09-18 20:29:59
2025-09-18 20:30:00,3506,3504,3506,3503,504619,144,2025-09-18 20:39:59
2025-09-18 20:40:00,3503,3503,3505,3502,963316,275,2025-09-18 20:49:59
2025-09-18 20:50:00,3502,3502,3504,3502,2854498,815,2025-09-18 20:59:59
2025-09-18 21:00:00,3502,3502,3503,3502,1068215,305,2025-09-18 21:09:59
2025-09-18 21:10:00,3502,3498,3503,3498,11992499,3426,2025-09-18 21:19:59
2025-09-18 21:20:00,3499,3495,3499,3491,5912902,1692,2025-09-18 21:29:59
2025-09-18 21:30:00,3495,3495,3498,3495,1209492,346,2025-09-18 21:39:59
2025-09-18 21:40:00,3495,3498,3498,3495,975522,279,2025-09-18 21:49:59
2025-09-18 21:50:00,3498,3497,3498,3497,863951,247,2025-09-18 21:59:59
2025-09-18 22:00:00,3498,3496,3498,3496,611865,175,2025-09-18 22:09:59
2025-09-18 22:10:00,3498,3497,3498,3496,122378,35,2025-09-18 22:19:59
2025-09-18 22:20:00,3498,3497,3498,3497,542112,155,2025-09-18 22:29:59
2025-09-18 22:30:00,3498,3499,3499,3497,3379937,966,2025-09-18 22:39:59
2025-09-18 22:40:00,3500,3499,3501,3498,801384,229,2025-09-18 22:49:59
2025-09-18 22:50:00,3499,3499,3499,3497,293780,84,2025-09-18 22:59:59
2025-09-18 23:00:00,3497,3500,3500,3497,661055,189,2025-09-18 23:09:59
2025-09-18 23:10:00,3498,3500,3500,3498,237901,68,2025-09-18 23:19:59
2025-09-18 23:20:00,3500,3499,3500,3498,699975,200,2025-09-18 23:29:59
2025-09-18 23:30:00,3499,3502,3502,3499,1319524,377,2025-09-18 23:39:59
2025-09-18 23:40:00,3500,3500,3502,3495,3088236,883,2025-09-18 23:49:59
2025-09-19 06:50:00,3514,3514,3514,3514,35140,10,2025-09-19 06:59:59
2025-09-19 07:00:00,3514,3507,3514,3497,1613775,461,2025-09-19 07:09:59
2025-09-19 07:10:00,3504,3507,3508,3504,133228,38,2025-09-19 07:19:59
2025-09-19 07:20:00,3506,3500,3506,3497,1313447,375,2025-09-19 07:29:59
2025-09-19 07:30:00,3499,3500,3500,3499,24494,7,2025-09-19 07:39:59
2025-09-19 07:40:00,3501,3503,3506,3501,816248,233,2025-09-19 07:49:59
2025-09-19 07:50:00,3501,3505,3506,3501,451837,129,2025-09-19 07:59:59
2025-09-19 08:00:00,3505,3505,3505,3501,1263921,361,2025-09-19 08:09:59
2025-09-19 08:10:00,3505,3504,3505,3502,196236,56,2025-09-19 08:19:59
2025-09-19 08:20:00,3505,3509,3517,3501,12648792,3603,2025-09-19 08:29:59
2025-09-19 08:30:00,3511,3511,3513,3504,4000065,1140,2025-09-19 08:39:59
2025-09-19 08:40:00,3511,3510,3512,3506,3271547,932,2025-09-19 08:49:59
2025-09-19 08:50:00,3510,3509,3514,3506,3678600,1048,2025-09-19 08:59:59
2025-09-19 09:00:00,3509,3510,3510,3507,329917,94,2025-09-19 09:09:59
2025-09-19 09:10:00,3509,3514,3514,3509,779442,222,2025-09-19 09:19:59
2025-09-19 09:20:00,3514,3512,3514,3509,1133890,323,2025-09-19 09:29:59
2025-09-19 09:30:00,3511,3501,3511,3501,8013013,2287,2025-09-19 09:39:59
2025-09-19 09:40:00,3502,3511,3511,3501,4455314,1272,2025-09-19 09:49:59
2025-09-19 09:50:00,3510,3509,3515,3509,2739025,780,2025-09-19 09:59:59
2025-09-19 10:00:00,3510,3511,3512,3509,1527148,435,2025-09-19 10:09:59
2025-09-19 10:10:00,3511,3505,3511,3505,1606062,458,2025-09-19 10:19:59
2025-09-19 10:20:00,3508,3514,3514,3504,5703265,1625,2025-09-19 10:29:59
2025-09-19 10:30:00,3514,3511,3515,3510,3116217,887,2025-09-19 10:39:59
2025-09-19 10:40:00,3511,3510,3513,3510,1060355,302,2025-09-19 10:49:59
2025-09-19 10:50:00,3510,3510,3511,3510,638952,182,2025-09-19 10:59:59
2025-09-19 11:00:00,3510,3509,3510,3505,3108700,886,2025-09-19 11:09:59
2025-09-19 11:10:00,3509,3508,3510,3504,2108013,601,2025-09-19 11:19:59
2025-09-19 11:20:00,3506,3508,3509,3504,701409,200,2025-09-19 11:29:59
2025-09-19 11:30:00,3508,3505,3509,3505,3549092,1012,2025-09-19 11:39:59
2025-09-19 11:40:00,3507,3507,3507,3505,1335484,381,2025-09-19 11:49:59
2025-09-19 11:50:00,3505,3506,3507,3502,2527002,721,2025-09-19 11:59:59
2025-09-19 12:00:00,3506,3512,3515,3503,7017097,1998,2025-09-19 12:09:59
2025-09-19 12:10:00,3513,3508,3514,3506,4760326,1356,2025-09-19 12:19:59
2025-09-19 12:20:00,3508,3509,3510,3508,2954572,842,2025-09-19 12:29:59
2025-09-19 12:30:00,3508,3506,3511,3505,8243262,2350,2025-09-19 12:39:59
2025-09-19 12:40:00,3508,3509,3511,3507,3151203,898,2025-09-19 12:49:59
2025-09-19 12:50:00,3509,3512,3513,3508,5276721,1503,2025-09-19 12:59:59
2025-09-19 13:00:00,3513,3520,3524,3511,19410260,5518,2025-09-19 13:09:59
2025-09-19 13:10:00,3520,3509,3521,3505,16526243,4706,2025-09-19 13:19:59
2025-09-19 13:20:00,3509,3509,3513,3505,6667575,1901,2025-09-19 13:29:59
2025-09-19 13:30:00,3509,3504,3510,3504,9758493,2783,2025-09-19 13:39:59
2025-09-19 13:40:00,3504,3505,3506,3503,3683101,1051,2025-09-19 13:49:59
2025-09-19 13:50:00,3505,3509,3510,3505,3807983,1086,2025-09-19 13:59:59
2025-09-19 14:00:00,3509,3508,3510,3507,3681191,1049,2025-09-19 14:09:59
2025-09-19 14:10:00,3509,3510,3510,3505,6607885,1884,2025-09-19 14:19:59
2025-09-19 14:20:00,3510,3511,3511,3502,12489310,3562,2025-09-19 14:29:59
2025-09-19 14:30:00,3511,3504,3512,3500,29670099,8471,2025-09-19 14:39:59
2025-09-19 14:40:00,3505,3510,3510,3502,3782936,1079,2025-09-19 14:49:59
2025-09-19 14:50:00,3510,3514,3515,3507,8843958,2519,2025-09-19 14:59:59
2025-09-19 15:00:00,3515,3512,3515,3509,8749629,2491,2025-09-19 15:09:59
2025-09-19 15:10:00,3513,3516,3518,3512,11122261,3164,2025-09-19 15:19:59
2025-09-19 15:20:00,3516,3516,3517,3511,5851768,1665,2025-09-19 15:29:59
2025-09-19 15:30:00,3516,3517,3517,3515,2799012,796,2025-09-19 15:39:59
2025-09-19 15:40:00,3517,3516,3517,3512,2555636,727,2025-09-19 15:49:59
2025-09-19 15:50:00,3515,3517,3517,3512,4552740,1295,2025-09-19 15:59:59
2025-09-19 16:00:00,3517,3517,3519,3514,1864036,530,2025-09-19 16:09:59
2025-09-19 16:10:00,3517,3518,3519,3517,749263,213,2025-09-19 16:19:59
2025-09-19 16:20:00,3518,3518,3518,3516,1333158,379,2025-09-19 16:29:59
2025-09-19 16:30:00,3518,3518,3518,3515,4347524,1236,2025-09-19 16:39:59
2025-09-19 16:40:00,3518,3515,3518,3513,2221796,632,2025-09-19 16:49:59
2025-09-19 16:50:00,3514,3515,3515,3512,1117404,318,2025-09-19 16:59:59
2025-09-19 17:00:00,3515,3513,3515,3510,4293699,1222,2025-09-19 17:09:59
2025-09-19 17:10:00,3513,3512,3513,3510,1081363,308,2025-09-19 17:19:59
2025-09-19 17:20:00,3513,3512,3513,3507,5068050,1444,2025-09-19 17:29:59
2025-09-19 17:30:00,3512,3510,3514,3508,1285021,366,2025-09-19 17:39:59
2025-09-19 17:40:00,3510,3512,3513,3507,4326984,1233,2025-09-19 17:49:59
2025-09-19 17:50:00,3512,3511,3513,3509,2414988,688,2025-09-19 17:59:59
2025-09-19 18:00:00,3509,3510,3511,3508,3920442,1117,2025-09-19 18:09:59
2025-09-19 18:10:00,3510,3506,3511,3506,8314468,2370,2025-09-19 18:19:59
2025-09-19 18:20:00,3507,3503,3508,3495,38393459,10965,2025-09-19 18:29:59
2025-09-19 18:30:00,3504,3495,3504,3491,26461736,7570,2025-09-19 18:39:59
2025-09-19 18:40:00,3501,3501,3501,3501,1599957,457,2025-09-19 18:49:09
2025-09-19 19:00:00,3500,3498,3502,3495,1987414,568,2025-09-19 19:09:59
2025-09-19 19:10:00,3498,3500,3501,3494,2620116,749,2025-09-19 19:19:59
2025-09-19 19:20:00,3500,3493,3500,3493,3410278,976,2025-09-19 19:29:59
2025-09-19 19:30:00,3493,3494,3496,3491,2927222,838,2025-09-19 19:39:59
2025-09-19 19:40:00,3494,3492,3500,3492,21806503,6237,2025-09-19 19:49:59
2025-09-19 19:50:00,3494,3496,3496,3493,520757,149,2025-09-19 19:59:59
2025-09-19 20:00:00,3495,3497,3497,3495,1335343,382,2025-09-19 20:09:59
2025-09-19 20:10:00,3497,3494,3498,3493,6424205,1838,2025-09-19 20:19:59
2025-09-19 20:20:00,3494,3491,3494,3491,3994187,1144,2025-09-19 20:29:59
2025-09-19 20:30:00,3491,3490,3492,3484,12211289,3501,2025-09-19 20:39:59
2025-09-19 20:40:00,3490,3489,3490,3486,2400611,688,2025-09-19 20:49:59
2025-09-19 20:50:00,3490,3491,3491,3489,977158,280,2025-09-19 20:59:59
2025-09-19 21:00:00,3490,3491,3491,3490,1951337,559,2025-09-19 21:09:59
2025-09-19 21:10:00,3491,3491,3492,3490,949631,272,2025-09-19 21:19:59
2025-09-19 21:20:00,3492,3492,3492,3490,1330235,381,2025-09-19 21:29:59
2025-09-19 21:30:00,3492,3492,3492,3491,817127,234,2025-09-19 21:39:59
2025-09-19 21:40:00,3491,3491,3492,3490,1166138,334,2025-09-19 21:49:59
2025-09-19 21:50:00,3491,3490,3491,3490,2631652,754,2025-09-19 21:59:59
2025-09-19 22:00:00,3490,3491,3492,3490,1309330,375,2025-09-19 22:09:59
2025-09-19 22:10:00,3492,3493,3495,3491,3475678,995,2025-09-19 22:19:59
2025-09-19 22:20:00,3493,3495,3495,3493,2673598,765,2025-09-19 22:29:59
2025-09-19 22:30:00,3495,3496,3496,3494,2264761,648,2025-09-19 22:39:59
2025-09-19 22:40:00,3495,3495,3496,3494,1684420,482,2025-09-19 22:49:59
2025-09-19 22:50:00,3494,3495,3495,3494,566111,162,2025-09-19 22:59:59
2025-09-19 23:00:00,3495,3495,3495,3494,1006548,288,2025-09-19 23:09:59
2025-09-19 23:10:00,3494,3496,3498,3494,2436904,697,2025-09-19 23:19:59
2025-09-19 23:20:00,3495,3495,3495,3494,3319490,950,2025-09-19 23:29:59
2025-09-19 23:30:00,3495,3497,3498,3494,1199288,343,2025-09-19 23:39:59
2025-09-19 23:40:00,3498,3493,3498,3488,9233844,2644,2025-09-19 23:49:59
2025-09-22 06:50:00,3508,3508,3508,3508,655996,187,2025-09-22 06:59:59
2025-09-22 07:00:00,3509,3515,3519,3502,5699330,1622,2025-09-22 07:09:59
2025-09-22 07:10:00,3515,3510,3516,3508,6379038,1817,2025-09-22 07:19:59
2025-09-22 07:20:00,3509,3504,3511,3504,2073129,591,2025-09-22 07:29:59
2025-09-22 07:30:00,3504,3507,3508,3494,6285685,1797,2025-09-22 07:39:59
2025-09-22 07:40:00,3507,3509,3511,3507,3243011,924,2025-09-22 07:49:59
2025-09-22 07:50:00,3509,3511,3511,3506,1887859,538,2025-09-22 07:59:59
2025-09-22 08:00:00,3511,3510,3513,3509,969270,276,2025-09-22 08:09:59
2025-09-22 08:10:00,3513,3511,3514,3506,3289824,937,2025-09-22 08:19:59
2025-09-22 08:20:00,3512,3511,3514,3511,1777132,506,2025-09-22 08:29:59
2025-09-22 08:30:00,3512,3511,3513,3511,755066,215,2025-09-22 08:39:59
2025-09-22 08:40:00,3513,3514,3515,3512,3566440,1015,2025-09-22 08:49:59
2025-09-22 08:50:00,3514,3514,3516,3514,4070368,1158,2025-09-22 08:59:59
2025-09-22 09:00:00,3515,3518,3518,3512,4429419,1260,2025-09-22 09:09:59
2025-09-22 09:10:00,3518,3518,3518,3514,5842710,1661,2025-09-22 09:19:59
2025-09-22 09:20:00,3516,3514,3518,3511,1919403,546,2025-09-22 09:29:59
2025-09-22 09:30:00,3512,3516,3516,3511,1799025,512,2025-09-22 09:39:59
2025-09-22 09:40:00,3514,3514,3516,3512,576273,164,2025-09-22 09:49:59
2025-09-22 09:50:00,3515,3516,3517,3514,1279836,364,2025-09-22 09:59:59
2025-09-22 10:00:00,3514,3515,3517,3513,4423059,1258,2025-09-22 10:09:59
2025-09-22 10:10:00,3515,3509,3519,3504,26627321,7576,2025-09-22 10:19:59
2025-09-22 10:20:00,3508,3513,3514,3504,6216772,1771,2025-09-22 10:29:59
2025-09-22 10:30:00,3512,3497,3512,3496,24327850,6950,2025-09-22 10:39:59
2025-09-22 10:40:00,3499,3504,3506,3495,6934364,1982,2025-09-22 10:49:59
2025-09-22 10:50:00,3504,3499,3506,3499,9552976,2728,2025-09-22 10:59:59
2025-09-22 11:00:00,3499,3509,3511,3498,18033760,5146,2025-09-22 11:09:59
2025-09-22 11:10:00,3508,3505,3511,3504,5509760,1571,2025-09-22 11:19:59
2025-09-22 11:20:00,3505,3499,3506,3496,11762006,3361,2025-09-22 11:29:59
2025-09-22 11:30:00,3498,3495,3501,3493,9493047,2715,2025-09-22 11:39:59
2025-09-22 11:40:00,3497,3500,3501,3494,7577033,2166,2025-09-22 11:49:59
2025-09-22 11:50:00,3500,3496,3500,3491,8882905,2542,2025-09-22 11:59:59
2025-09-22 12:00:00,3497,3492,3499,3492,4039699,1156,2025-09-22 12:09:59
2025-09-22 12:10:00,3492,3488,3497,3487,17446521,4997,2025-09-22 12:19:59
2025-09-22 12:20:00,3488,3491,3495,3486,8137746,2332,2025-09-22 12:29:59
2025-09-22 12:30:00,3492,3484,3495,3462,52664604,15144,2025-09-22 12:39:59
2025-09-22 12:40:00,3484,3465,3485,3462,18137453,5226,2025-09-22 12:49:59
2025-09-22 12:50:00,3464,3464,3466,3463,15664817,4522,2025-09-22 12:59:59
2025-09-22 13:00:00,3465,3464,3473,3464,13571871,3915,2025-09-22 13:09:59
2025-09-22 13:10:00,3465,3459,3465,3449,49995590,14462,2025-09-22 13:19:59
2025-09-22 13:20:00,3459,3454,3460,3453,7187956,2080,2025-09-22 13:29:59
2025-09-22 13:30:00,3454,3438,3455,3428,55858905,16245,2025-09-22 13:39:59
2025-09-22 13:40:00,3437,3438,3442,3435,11023457,3205,2025-09-22 13:49:59
2025-09-22 13:50:00,3439,3446,3447,3437,6937044,2015,2025-09-22 13:59:59
2025-09-22 14:00:00,3444,3454,3460,3439,12499712,3621,2025-09-22 14:09:59
2025-09-22 14:10:00,3454,3454,3464,3453,15995156,4624,2025-09-22 14:19:59
2025-09-22 14:20:00,3454,3462,3464,3439,19030785,5518,2025-09-22 14:29:59
2025-09-22 14:30:00,3462,3446,3463,3443,19334427,5598,2025-09-22 14:39:59
2025-09-22 14:40:00,3448,3449,3461,3445,9871580,2861,2025-09-22 14:49:59
2025-09-22 14:50:00,3448,3472,3479,3447,31968472,9209,2025-09-22 14:59:59
2025-09-22 15:00:00,3472,3475,3480,3469,18943783,5452,2025-09-22 15:09:59
2025-09-22 15:10:00,3475,3479,3480,3475,10763960,3095,2025-09-22 15:19:59
2025-09-22 15:20:00,3479,3478,3480,3477,10233571,2942,2025-09-22 15:29:59
2025-09-22 15:30:00,3478,3476,3479,3475,9416035,2708,2025-09-22 15:39:59
2025-09-22 15:40:00,3476,3478,3479,3476,7718012,2219,2025-09-22 15:49:59
2025-09-22 15:50:00,3478,3480,3480,3475,9681491,2784,2025-09-22 15:59:59
2025-09-22 16:00:00,3479,3479,3480,3476,6170468,1774,2025-09-22 16:09:59
2025-09-22 16:10:00,3478,3479,3481,3475,9137815,2627,2025-09-22 16:19:59
2025-09-22 16:20:00,3480,3479,3481,3475,7169617,2061,2025-09-22 16:29:59
2025-09-22 16:30:00,3479,3475,3482,3475,9491193,2728,2025-09-22 16:39:59
2025-09-22 16:40:00,3475,3479,3484,3475,15387741,4424,2025-09-22 16:49:59
2025-09-22 16:50:00,3479,3475,3480,3475,6715759,1931,2025-09-22 16:59:59
2025-09-22 17:00:00,3476,3479,3480,3475,4925701,1416,2025-09-22 17:09:59
2025-09-22 17:10:00,3480,3476,3480,3476,6808316,1957,2025-09-22 17:19:59
2025-09-22 17:20:00,3475,3480,3480,3475,8627652,2480,2025-09-22 17:29:59
2025-09-22 17:30:00,3480,3478,3480,3477,10538773,3029,2025-09-22 17:39:59
2025-09-22 17:40:00,3480,3493,3497,3478,18739118,5375,2025-09-22 17:49:59
2025-09-22 17:50:00,3495,3494,3497,3491,11052102,3162,2025-09-22 17:59:59
2025-09-22 18:00:00,3495,3495,3499,3493,15271963,4368,2025-09-22 18:09:59
2025-09-22 18:10:00,3497,3494,3499,3492,12421752,3553,2025-09-22 18:19:59
2025-09-22 18:20:00,3497,3489,3498,3488,13362848,3824,2025-09-22 18:29:59
2025-09-22 18:30:00,3489,3495,3501,3487,9554090,2734,2025-09-22 18:39:59
2025-09-22 18:40:00,3502,3502,3502,3502,7483774,2137,2025-09-22 18:47:04
2025-09-22 19:00:00,3502,3515,3518,3502,26049368,7426,2025-09-22 19:09:59
2025-09-22 19:10:00,3513,3513,3517,3510,4064682,1157,2025-09-22 19:19:59
2025-09-22 19:20:00,3513,3512,3514,3510,2693556,767,2025-09-22 19:29:59
2025-09-22 19:30:00,3511,3513,3514,3510,3157909,899,2025-09-22 19:39:59
2025-09-22 19:40:00,3513,3514,3516,3512,2467169,702,2025-09-22 19:49:59
2025-09-22 19:50:00,3514,3515,3515,3512,1479287,421,2025-09-22 19:59:59
2025-09-22 20:00:00,3515,3516,3517,3513,5689212,1618,2025-09-22 20:09:59
2025-09-22 20:10:00,3516,3517,3517,3515,3351446,953,2025-09-22 20:19:59
2025-09-22 20:20:00,3516,3513,3517,3511,2209605,629,2025-09-22 20:29:59
2025-09-22 20:30:00,3513,3515,3515,3510,2942494,838,2025-09-22 20:39:59
2025-09-22 20:40:00,3514,3515,3516,3514,1740108,495,2025-09-22 20:49:59
2025-09-22 20:50:00,3516,3517,3517,3515,2419393,688,2025-09-22 20:59:59
2025-09-22 21:00:00,3517,3516,3517,3515,1951412,555,2025-09-22 21:09:59
2025-09-22 21:10:00,3516,3517,3518,3515,3812537,1084,2025-09-22 21:19:59
2025-09-22 21:20:00,3518,3516,3518,3515,2434337,692,2025-09-22 21:29:59
2025-09-22 21:30:00,3515,3515,3518,3514,3403009,968,2025-09-22 21:39:59
2025-09-22 21:40:00,3515,3515,3518,3514,2750304,782,2025-09-22 21:49:59
2025-09-22 21:50:00,3516,3518,3518,3514,1603162,456,2025-09-22 21:59:59
2025-09-22 22:00:00,3517,3518,3518,3516,1125441,320,2025-09-22 22:09:59
2025-09-22 22:10:00,3518,3519,3519,3517,3948110,1122,2025-09-22 22:19:59
2025-09-22 22:20:00,3519,3526,3526,3518,9028679,2564,2025-09-22 22:29:59
2025-09-22 22:30:00,3525,3524,3526,3521,3008719,854,2025-09-22 22:39:59
2025-09-22 22:40:00,3524,3524,3525,3521,1151913,327,2025-09-22 22:49:59
2025-09-22 22:50:00,3523,3523,3525,3521,1095304,311,2025-09-22 22:59:59
2025-09-22 23:00:00,3525,3525,3525,3524,969358,275,2025-09-22 23:09:59
2025-09-22 23:10:00,3525,3519,3525,3516,3018586,858,2025-09-22 23:19:59
2025-09-22 23:20:00,3520,3521,3524,3518,1451106,412,2025-09-22 23:29:59
2025-09-22 23:30:00,3521,3519,3522,3519,1773863,504,2025-09-22 23:39:59
2025-09-22 23:40:00,3520,3526,3526,3520,1367407,388,2025-09-22 23:49:59
2025-09-23 06:50:00,3526,3526,3526,3526,172774,49,2025-09-23 06:59:59
2025-09-23 07:00:00,3526,3539,3539,3525,7537959,2133,2025-09-23 07:09:59
2025-09-23 07:10:00,3539,3539,3541,3537,2601272,735,2025-09-23 07:19:59
2025-09-23 07:20:00,3539,3534,3541,3532,2524482,714,2025-09-23 07:29:59
2025-09-23 07:30:00,3537,3543,3546,3536,3981428,1124,2025-09-23 07:39:59
2025-09-23 07:40:00,3545,3543,3546,3543,3424080,966,2025-09-23 07:49:59
2025-09-23 07:50:00,3543,3539,3545,3538,3340304,943,2025-09-23 07:59:59
2025-09-23 08:00:00,3539,3536,3539,3536,3646702,1031,2025-09-23 08:09:59
2025-09-23 08:10:00,3536,3541,3544,3536,1926155,544,2025-09-23 08:19:59
2025-09-23 08:20:00,3540,3538,3540,3538,162807,46,2025-09-23 08:29:59
2025-09-23 08:30:00,3540,3537,3540,3536,1574402,445,2025-09-23 08:39:59
2025-09-23 08:40:00,3535,3533,3539,3533,1049846,297,2025-09-23 08:49:59
2025-09-23 08:50:00,3536,3538,3538,3534,767394,217,2025-09-23 08:59:59
2025-09-23 09:00:00,3538,3538,3539,3535,3802324,1075,2025-09-23 09:09:59
2025-09-23 09:10:00,3538,3539,3539,3536,1110914,314,2025-09-23 09:19:59
2025-09-23 09:20:00,3539,3545,3545,3536,6025761,1702,2025-09-23 09:29:59
2025-09-23 09:30:00,3543,3550,3551,3542,12909194,3639,2025-09-23 09:39:59
2025-09-23 09:40:00,3548,3552,3555,3548,6002189,1690,2025-09-23 09:49:59
2025-09-23 09:50:00,3551,3568,3569,3551,20709042,5816,2025-09-23 09:59:59
2025-09-23 10:00:00,3565,3577,3578,3563,51192971,14333,2025-09-23 10:09:59
2025-09-23 10:10:00,3578,3574,3585,3569,31412010,8781,2025-09-23 10:19:59
2025-09-23 10:20:00,3574,3575,3579,3570,16872597,4720,2025-09-23 10:29:59
2025-09-23 10:30:00,3574,3567,3574,3564,22203568,6218,2025-09-23 10:39:59
2025-09-23 10:40:00,3567,3545,3568,3534,64590128,18224,2025-09-23 10:49:59
2025-09-23 10:50:00,3545,3556,3560,3544,15324758,4314,2025-09-23 10:59:59
2025-09-23 11:00:00,3556,3551,3559,3544,21976362,6186,2025-09-23 11:09:59
2025-09-23 11:10:00,3552,3567,3572,3551,37524286,10521,2025-09-23 11:19:59
2025-09-23 11:20:00,3569,3565,3571,3561,11860980,3326,2025-09-23 11:29:59
2025-09-23 11:30:00,3565,3567,3570,3559,31493310,8835,2025-09-23 11:39:59
2025-09-23 11:40:00,3566,3566,3567,3561,23184057,6502,2025-09-23 11:49:59
2025-09-23 11:50:00,3565,3556,3566,3556,7229075,2030,2025-09-23 11:59:59
2025-09-23 12:00:00,3557,3562,3563,3551,13151453,3700,2025-09-23 12:09:59
2025-09-23 12:10:00,3562,3553,3562,3552,9739176,2739,2025-09-23 12:19:59
2025-09-23 12:20:00,3553,3558,3560,3553,6841834,1924,2025-09-23 12:29:59
2025-09-23 12:30:00,3560,3547,3561,3547,29795734,8392,2025-09-23 12:39:59
2025-09-23 12:40:00,3548,3544,3549,3538,24367250,6873,2025-09-23 12:49:59
2025-09-23 12:50:00,3546,3544,3546,3538,12806138,3617,2025-09-23 12:59:59
2025-09-23 13:00:00,3544,3540,3549,3540,7495419,2115,2025-09-23 13:09:59
2025-09-23 13:10:00,3541,3542,3545,3540,7005689,1978,2025-09-23 13:19:59
2025-09-23 13:20:00,3544,3543,3546,3542,3030733,855,2025-09-23 13:29:59
2025-09-23 13:30:00,3544,3539,3544,3539,1858918,525,2025-09-23 13:39:59
2025-09-23 13:40:00,3539,3544,3545,3537,2265167,640,2025-09-23 13:49:59
2025-09-23 13:50:00,3545,3544,3549,3544,11096597,3128,2025-09-23 13:59:59
2025-09-23 14:00:00,3544,3554,3555,3544,8178908,2304,2025-09-23 14:09:59
2025-09-23 14:10:00,3555,3554,3560,3554,9975651,2804,2025-09-23 14:19:59
2025-09-23 14:20:00,3554,3554,3556,3552,2552357,718,2025-09-23 14:29:59
2025-09-23 14:30:00,3554,3556,3557,3554,3025766,851,2025-09-23 14:39:59
2025-09-23 14:40:00,3557,3564,3565,3556,20947830,5884,2025-09-23 14:49:59
2025-09-23 14:50:00,3564,3566,3566,3560,9562212,2683,2025-09-23 14:59:59
2025-09-23 15:00:00,3566,3570,3571,3564,6352926,1780,2025-09-23 15:09:59
2025-09-23 15:10:00,3570,3571,3571,3570,5377178,1506,2025-09-23 15:19:59
2025-09-23 15:20:00,3571,3567,3571,3567,10852010,3040,2025-09-23 15:29:59
2025-09-23 15:30:00,3566,3569,3570,3564,8639005,2422,2025-09-23 15:39:59
2025-09-23 15:40:00,3568,3564,3569,3564,3676481,1031,2025-09-23 15:49:59
2025-09-23 15:50:00,3567,3570,3570,3564,3308011,927,2025-09-23 15:59:59
2025-09-23 16:00:00,3570,3569,3571,3562,14799994,4147,2025-09-23 16:09:59
2025-09-23 16:10:00,3568,3585,3585,3562,63248307,17687,2025-09-23 16:19:59
2025-09-23 16:20:00,3585,3589,3598,3584,29672524,8262,2025-09-23 16:29:59
2025-09-23 16:30:00,3589,3579,3591,3576,16172664,4515,2025-09-23 16:39:59
2025-09-23 16:40:00,3576,3580,3585,3576,14733626,4113,2025-09-23 16:49:59
2025-09-23 16:50:00,3581,3594,3600,3579,28226035,7856,2025-09-23 16:59:59
2025-09-23 17:00:00,3594,3602,3612,3592,94866582,26341,2025-09-23 17:09:59
2025-09-23 17:10:00,3604,3609,3611,3601,50149262,13900,2025-09-23 17:19:59
2025-09-23 17:20:00,3609,3610,3612,3604,54529592,15106,2025-09-23 17:29:59
2025-09-23 17:30:00,3610,3608,3611,3606,27020732,7486,2025-09-23 17:39:59
2025-09-23 17:40:00,3609,3610,3611,3608,19066313,5282,2025-09-23 17:49:59
2025-09-23 17:50:00,3609,3609,3611,3596,65196759,18076,2025-09-23 17:59:59
2025-09-23 18:00:00,3609,3608,3609,3607,81345849,22541,2025-09-23 18:09:59
2025-09-23 18:10:00,3608,3608,3609,3607,90155960,24983,2025-09-23 18:19:59
2025-09-23 18:20:00,3609,3610,3610,3602,97163075,26935,2025-09-23 18:29:59
2025-09-23 18:30:00,3609,3608,3614,3602,24944270,6908,2025-09-23 18:39:59
2025-09-23 18:40:00,3608,3608,3608,3608,1385472,384,2025-09-23 18:49:08
2025-09-23 19:00:00,3608,3602,3610,3601,5319356,1475,2025-09-23 19:09:59
2025-09-23 19:10:00,3601,3595,3602,3595,4117142,1144,2025-09-23 19:19:59
2025-09-23 19:20:00,3596,3593,3599,3590,9069798,2524,2025-09-23 19:29:59
2025-09-23 19:30:00,3592,3595,3597,3590,2325254,647,2025-09-23 19:39:59
2025-09-23 19:40:00,3596,3595,3597,3593,1991075,554,2025-09-23 19:49:59
2025-09-23 19:50:00,3595,3593,3595,3592,1419396,395,2025-09-23 19:59:59
2025-09-23 20:00:00,3594,3595,3596,3593,1340712,373,2025-09-23 20:09:59
2025-09-23 20:10:00,3595,3594,3595,3593,388114,108,2025-09-23 20:19:59
2025-09-23 20:20:00,3594,3596,3596,3594,3210393,893,2025-09-23 20:29:59
2025-09-23 20:30:00,3596,3588,3596,3585,11224122,3127,2025-09-23 20:39:59
2025-09-23 20:40:00,3587,3584,3587,3582,2348051,655,2025-09-23 20:49:59
2025-09-23 20:50:00,3584,3577,3584,3575,10687716,2987,2025-09-23 20:59:59
2025-09-23 21:00:00,3577,3576,3577,3574,1916423,536,2025-09-23 21:09:59
2025-09-23 21:10:00,3576,3585,3585,3573,3879025,1084,2025-09-23 21:19:59
2025-09-23 21:20:00,3585,3586,3589,3581,1207999,337,2025-09-23 21:29:59
2025-09-23 21:30:00,3586,3588,3590,3585,843196,235,2025-09-23 21:39:59
2025-09-23 21:40:00,3589,3595,3595,3587,5303119,1477,2025-09-23 21:49:59
2025-09-23 21:50:00,3595,3581,3596,3580,11909484,3319,2025-09-23 21:59:59
2025-09-23 22:00:00,3581,3544,3581,3540,33970923,9558,2025-09-23 22:09:59
2025-09-23 22:10:00,3544,3544,3560,3536,17651229,4981,2025-09-23 22:19:59
2025-09-23 22:20:00,3544,3542,3556,3534,17456253,4926,2025-09-23 22:29:59
2025-09-23 22:30:00,3544,3553,3555,3544,5704820,1606,2025-09-23 22:39:59
2025-09-23 22:40:00,3553,3538,3554,3532,19412775,5482,2025-09-23 22:49:59
2025-09-23 22:50:00,3538,3507,3541,3504,39261349,11150,2025-09-23 22:59:59
2025-09-23 23:00:00,3506,3522,3522,3503,17118449,4876,2025-09-23 23:09:59
2025-09-23 23:10:00,3522,3532,3537,3522,19984231,5660,2025-09-23 23:19:59
2025-09-23 23:20:00,3533,3540,3541,3530,5314287,1504,2025-09-23 23:29:59
2025-09-23 23:30:00,3540,3545,3546,3539,5150998,1454,2025-09-23 23:39:59
2025-09-23 23:40:00,3543,3548,3550,3536,9267296,2616,2025-09-23 23:49:59
2025-09-24 06:50:00,3548,3548,3548,3548,2132348,601,2025-09-24 06:59:59
2025-09-24 07:00:00,3546,3562,3564,3541,9497572,2674,2025-09-24 07:09:59
2025-09-24 07:10:00,3561,3552,3561,3552,2413511,679,2025-09-24 07:19:59
2025-09-24 07:20:00,3554,3574,3574,3554,10228306,2870,2025-09-24 07:29:59
2025-09-24 07:30:00,3574,3575,3575,3571,2008409,562,2025-09-24 07:39:59
2025-09-24 07:40:00,3574,3573,3575,3569,3540609,991,2025-09-24 07:49:59
2025-09-24 07:50:00,3573,3578,3578,3573,2419950,677,2025-09-24 07:59:59
2025-09-24 08:00:00,3578,3577,3579,3574,1669951,467,2025-09-24 08:09:59
2025-09-24 08:10:00,3577,3559,3577,3558,2615073,734,2025-09-24 08:19:59
2025-09-24 08:20:00,3561,3562,3563,3561,1681107,472,2025-09-24 08:29:59
2025-09-24 08:30:00,3563,3561,3563,3561,1937685,544,2025-09-24 08:39:59
2025-09-24 08:40:00,3562,3561,3564,3561,1703018,478,2025-09-24 08:49:59
2025-09-24 08:50:00,3561,3564,3564,3561,3719686,1044,2025-09-24 08:59:59
2025-09-24 09:00:00,3562,3561,3564,3560,4134510,1161,2025-09-24 09:09:59
2025-09-24 09:10:00,3563,3560,3565,3560,8548156,2401,2025-09-24 09:19:59
2025-09-24 09:20:00,3560,3541,3561,3540,11191336,3154,2025-09-24 09:29:59
2025-09-24 09:30:00,3540,3545,3548,3540,3862263,1090,2025-09-24 09:39:59
2025-09-24 09:40:00,3547,3550,3551,3545,8118844,2287,2025-09-24 09:49:59
2025-09-24 09:50:00,3552,3557,3559,3550,1964698,553,2025-09-24 09:59:59
2025-09-24 10:00:00,3557,3530,3558,3530,17189192,4854,2025-09-24 10:09:59
2025-09-24 10:10:00,3531,3535,3545,3528,17450900,4936,2025-09-24 10:19:59
2025-09-24 10:20:00,3537,3525,3540,3513,23469302,6659,2025-09-24 10:29:59
2025-09-24 10:30:00,3523,3529,3531,3516,7121476,2021,2025-09-24 10:39:59
2025-09-24 10:40:00,3528,3535,3539,3525,5931037,1680,2025-09-24 10:49:59
2025-09-24 10:50:00,3535,3550,3550,3533,5463989,1544,2025-09-24 10:59:59
2025-09-24 11:00:00,3550,3559,3559,3547,8539261,2404,2025-09-24 11:09:59
2025-09-24 11:10:00,3557,3558,3560,3541,16426000,4626,2025-09-24 11:19:59
2025-09-24 11:20:00,3558,3573,3575,3552,16775343,4708,2025-09-24 11:29:59
2025-09-24 11:30:00,3573,3584,3585,3571,20644003,5768,2025-09-24 11:39:59
2025-09-24 11:40:00,3584,3577,3585,3572,13992523,3912,2025-09-24 11:49:59
2025-09-24 11:50:00,3575,3581,3585,3574,12241006,3419,2025-09-24 11:59:59
2025-09-24 12:00:00,3581,3582,3584,3577,7295226,2037,2025-09-24 12:09:59
2025-09-24 12:10:00,3582,3583,3584,3575,15549817,4343,2025-09-24 12:19:59
2025-09-24 12:20:00,3584,3580,3588,3579,22710026,6337,2025-09-24 12:29:59
2025-09-24 12:30:00,3579,3594,3595,3579,16074291,4480,2025-09-24 12:39:59
2025-09-24 12:40:00,3594,3594,3598,3589,19397229,5395,2025-09-24 12:49:59
2025-09-24 12:50:00,3594,3597,3597,3583,29538614,8225,2025-09-24 12:59:59
2025-09-24 13:00:00,3596,3596,3598,3592,19695787,5477,2025-09-24 13:09:59
2025-09-24 13:10:00,3596,3598,3600,3596,14750147,4099,2025-09-24 13:19:59
2025-09-24 13:20:00,3599,3597,3600,3591,18433968,5125,2025-09-24 13:29:59
2025-09-24 13:30:00,3596,3598,3599,3594,13401770,3726,2025-09-24 13:39:59
2025-09-24 13:40:00,3598,3597,3599,3597,15593062,4333,2025-09-24 13:49:59
2025-09-24 13:50:00,3597,3595,3599,3595,15137231,4207,2025-09-24 13:59:59
2025-09-24 14:00:00,3595,3599,3600,3591,18407379,5118,2025-09-24 14:09:59
2025-09-24 14:10:00,3599,3606,3608,3599,24948742,6924,2025-09-24 14:19:59
2025-09-24 14:20:00,3607,3605,3608,3604,16511641,4578,2025-09-24 14:29:59
2025-09-24 14:30:00,3605,3585,3607,3585,17413497,4843,2025-09-24 14:39:59
2025-09-24 14:40:00,3585,3590,3592,3582,6151603,1715,2025-09-24 14:49:59
2025-09-24 14:50:00,3590,3589,3594,3586,6597531,1838,2025-09-24 14:59:59
2025-09-24 15:00:00,3591,3600,3605,3583,29402253,8182,2025-09-24 15:09:59
2025-09-24 15:10:00,3601,3603,3608,3598,37448313,10387,2025-09-24 15:19:59
2025-09-24 15:20:00,3604,3603,3608,3600,33210105,9213,2025-09-24 15:29:59
2025-09-24 15:30:00,3603,3604,3608,3600,38098990,10567,2025-09-24 15:39:59
2025-09-24 15:40:00,3604,3608,3609,3604,26647474,7386,2025-09-24 15:49:59
2025-09-24 15:50:00,3607,3609,3610,3606,37609745,10422,2025-09-24 15:59:59
2025-09-24 16:00:00,3609,3607,3610,3605,34552415,9574,2025-09-24 16:09:59
2025-09-24 16:10:00,3607,3609,3615,3601,57126595,15823,2025-09-24 16:19:59
2025-09-24 16:20:00,3609,3616,3617,3606,30109681,8332,2025-09-24 16:29:59
2025-09-24 16:30:00,3616,3615,3617,3611,16606394,4594,2025-09-24 16:39:59
2025-09-24 16:40:00,3615,3614,3616,3613,19486661,5391,2025-09-24 16:49:59
2025-09-24 16:50:00,3615,3614,3616,3614,26991398,7467,2025-09-24 16:59:59
2025-09-24 17:00:00,3614,3614,3617,3607,36277372,10036,2025-09-24 17:09:59
2025-09-24 17:10:00,3616,3617,3620,3613,79969623,22105,2025-09-24 17:19:59
2025-09-24 17:20:00,3617,3611,3620,3611,53633604,14830,2025-09-24 17:29:59
2025-09-24 17:30:00,3611,3612,3614,3598,61267115,16993,2025-09-24 17:39:59
2025-09-24 17:40:00,3610,3618,3619,3610,31053780,8586,2025-09-24 17:49:59
2025-09-24 17:50:00,3618,3633,3634,3618,65831364,18156,2025-09-24 17:59:59
2025-09-24 18:00:00,3632,3633,3636,3629,44695366,12302,2025-09-24 18:09:59
2025-09-24 18:10:00,3634,3644,3646,3630,73169506,20100,2025-09-24 18:19:59
2025-09-24 18:20:00,3645,3636,3645,3630,61602980,16911,2025-09-24 18:29:59
2025-09-24 18:30:00,3637,3644,3645,3632,34290340,9415,2025-09-24 18:39:59
2025-09-24 18:40:00,3642,3642,3642,3642,837660,230,2025-09-24 18:49:59
2025-09-24 19:00:00,3640,3632,3642,3611,33076845,9131,2025-09-24 19:09:59
2025-09-24 19:10:00,3632,3633,3635,3629,15242098,4196,2025-09-24 19:19:59
2025-09-24 19:20:00,3632,3629,3633,3617,13761300,3797,2025-09-24 19:29:59
2025-09-24 19:30:00,3630,3627,3630,3621,4963536,1369,2025-09-24 19:39:59
2025-09-24 19:40:00,3624,3623,3629,3618,4933543,1362,2025-09-24 19:49:59
2025-09-24 19:50:00,3624,3634,3634,3623,6855854,1888,2025-09-24 19:59:59
2025-09-24 20:00:00,3634,3635,3639,3634,7138206,1963,2025-09-24 20:09:59
2025-09-24 20:10:00,3635,3629,3636,3626,5596747,1542,2025-09-24 20:19:59
2025-09-24 20:20:00,3628,3625,3628,3620,8610462,2376,2025-09-24 20:29:59
2025-09-24 20:30:00,3628,3630,3630,3621,2713530,748,2025-09-24 20:39:59
2025-09-24 20:40:00,3631,3625,3631,3621,5009002,1382,2025-09-24 20:49:59
2025-09-24 20:50:00,3625,3626,3629,3625,1588587,438,2025-09-24 20:59:59
2025-09-24 21:00:00,3628,3627,3629,3625,2317100,639,2025-09-24 21:09:59
2025-09-24 21:10:00,3627,3629,3633,3622,10912941,3008,2025-09-24 21:19:59
2025-09-24 21:20:00,3629,3632,3638,3626,13477923,3708,2025-09-24 21:29:59
2025-09-24 21:30:00,3632,3636,3640,3631,8544179,2349,2025-09-24 21:39:59
2025-09-24 21:40:00,3636,3629,3637,3629,4856080,1336,2025-09-24 21:49:59
2025-09-24 21:50:00,3631,3630,3632,3619,30467300,8411,2025-09-24 21:59:59
2025-09-24 22:00:00,3630,3632,3634,3627,3970959,1094,2025-09-24 22:09:59
2025-09-24 22:10:00,3628,3631,3633,3628,1361452,375,2025-09-24 22:19:59
2025-09-24 22:20:00,3629,3626,3632,3626,3211125,885,2025-09-24 22:29:59
2025-09-24 22:30:00,3625,3623,3626,3622,2779669,767,2025-09-24 22:39:59
2025-09-24 22:40:00,3625,3622,3628,3621,3681276,1016,2025-09-24 22:49:59
2025-09-24 22:50:00,3621,3627,3628,3620,6811180,1880,2025-09-24 22:59:59
2025-09-24 23:00:00,3627,3625,3628,3624,3502733,966,2025-09-24 23:09:59
2025-09-24 23:10:00,3627,3624,3627,3623,811966,224,2025-09-24 23:19:59
2025-09-24 23:20:00,3626,3627,3628,3624,2767522,763,2025-09-24 23:29:59
2025-09-24 23:30:00,3627,3625,3628,3625,4784034,1319,2025-09-24 23:39:59
2025-09-24 23:40:00,3627,3632,3633,3625,7683759,2117,2025-09-24 23:49:59
2025-09-25 06:50:00,3635,3635,3635,3635,694285,191,2025-09-25 06:59:59
2025-09-25 07:00:00,3638,3615,3640,3615,39381753,10864,2025-09-25 07:09:59
2025-09-25 07:10:00,3618,3625,3629,3618,3783969,1045,2025-09-25 07:19:59
2025-09-25 07:20:00,3622,3630,3630,3620,8015610,2210,2025-09-25 07:29:59
2025-09-25 07:30:00,3630,3627,3631,3625,2173445,599,2025-09-25 07:39:59
2025-09-25 07:40:00,3625,3642,3650,3625,45953756,12618,2025-09-25 07:49:59
2025-09-25 07:50:00,3640,3650,3650,3639,10312869,2828,2025-09-25 07:59:59
2025-09-25 08:00:00,3649,3650,3650,3645,8609010,2359,2025-09-25 08:09:59
2025-09-25 08:10:00,3649,3649,3650,3649,3168022,868,2025-09-25 08:19:59
2025-09-25 08:20:00,3649,3648,3650,3644,10117806,2773,2025-09-25 08:29:59
2025-09-25 08:30:00,3648,3647,3650,3645,6323155,1733,2025-09-25 08:39:59
2025-09-25 08:40:00,3646,3645,3646,3642,6538057,1794,2025-09-25 08:49:59
2025-09-25 08:50:00,3646,3647,3647,3645,2541501,697,2025-09-25 08:59:59
2025-09-25 09:00:00,3645,3638,3646,3637,6416057,1762,2025-09-25 09:09:59
2025-09-25 09:10:00,3638,3637,3639,3633,3294185,906,2025-09-25 09:19:59
2025-09-25 09:20:00,3637,3632,3640,3631,5836034,1606,2025-09-25 09:29:59
2025-09-25 09:30:00,3632,3636,3636,3630,3904393,1075,2025-09-25 09:39:59
2025-09-25 09:40:00,3636,3635,3640,3631,6572290,1807,2025-09-25 09:49:59
2025-09-25 09:50:00,3634,3626,3640,3625,9435026,2598,2025-09-25 09:59:59
2025-09-25 10:00:00,3627,3620,3630,3619,23690477,6539,2025-09-25 10:09:59
2025-09-25 10:10:00,3620,3616,3621,3602,48949155,13557,2025-09-25 10:19:59
2025-09-25 10:20:00,3616,3617,3620,3613,9803168,2710,2025-09-25 10:29:59
2025-09-25 10:30:00,3616,3612,3620,3603,21443161,5943,2025-09-25 10:39:59
2025-09-25 10:40:00,3611,3619,3624,3600,43983508,12177,2025-09-25 10:49:59
2025-09-25 10:50:00,3620,3614,3620,3612,10014815,2768,2025-09-25 10:59:59
2025-09-25 11:00:00,3614,3595,3615,3571,87014184,24198,2025-09-25 11:09:59
2025-09-25 11:10:00,3595,3611,3611,3592,41532744,11530,2025-09-25 11:19:59
2025-09-25 11:20:00,3610,3617,3622,3610,51285144,14196,2025-09-25 11:29:59
2025-09-25 11:30:00,3617,3625,3627,3614,47994793,13260,2025-09-25 11:39:59
2025-09-25 11:40:00,3625,3625,3627,3617,27855053,7689,2025-09-25 11:49:59
2025-09-25 11:50:00,3624,3627,3629,3622,29004356,8000,2025-09-25 11:59:59
2025-09-25 12:00:00,3627,3629,3630,3616,33276575,9182,2025-09-25 12:09:59
2025-09-25 12:10:00,3626,3629,3629,3622,17261815,4761,2025-09-25 12:19:59
2025-09-25 12:20:00,3629,3640,3643,3629,40264075,11071,2025-09-25 12:29:59
2025-09-25 12:30:00,3640,3641,3643,3631,26104671,7173,2025-09-25 12:39:59
2025-09-25 12:40:00,3642,3642,3645,3636,22435160,6159,2025-09-25 12:49:59
2025-09-25 12:50:00,3641,3643,3649,3641,35416495,9714,2025-09-25 12:59:59
2025-09-25 13:00:00,3643,3649,3650,3642,48681440,13342,2025-09-25 13:09:59
2025-09-25 13:10:00,3649,3652,3653,3645,43130249,11818,2025-09-25 13:19:59
2025-09-25 13:20:00,3651,3649,3655,3642,34238594,9380,2025-09-25 13:29:59
2025-09-25 13:30:00,3649,3649,3650,3643,28594369,7841,2025-09-25 13:39:59
2025-09-25 13:40:00,3650,3663,3664,3646,76519046,20932,2025-09-25 13:49:59
2025-09-25 13:50:00,3664,3665,3675,3659,76379342,20826,2025-09-25 13:59:59
2025-09-25 14:00:00,3665,3667,3670,3657,36915386,10069,2025-09-25 14:09:59
2025-09-25 14:10:00,3666,3668,3675,3662,62883146,17136,2025-09-25 14:19:59
2025-09-25 14:20:00,3669,3659,3669,3656,21252853,5801,2025-09-25 14:29:59
2025-09-25 14:30:00,3659,3654,3668,3648,46491800,12710,2025-09-25 14:39:59
2025-09-25 14:40:00,3657,3650,3659,3635,86722157,23783,2025-09-25 14:49:59
2025-09-25 14:50:00,3651,3651,3656,3636,43908121,12041,2025-09-25 14:59:59
2025-09-25 15:00:00,3653,3659,3660,3648,27518082,7526,2025-09-25 15:09:59
2025-09-25 15:10:00,3660,3658,3660,3652,12460812,3407,2025-09-25 15:19:59
2025-09-25 15:20:00,3657,3633,3657,3610,91360690,25148,2025-09-25 15:29:59
2025-09-25 15:30:00,3632,3639,3644,3632,35456351,9745,2025-09-25 15:39:59
2025-09-25 15:40:00,3639,3635,3655,3632,88360529,24228,2025-09-25 15:49:59
2025-09-25 15:50:00,3636,3637,3642,3614,121856639,33591,2025-09-25 15:59:59
2025-09-25 16:00:00,3637,3634,3642,3622,76298461,20990,2025-09-25 16:09:59
2025-09-25 16:10:00,3636,3641,3642,3633,27809143,7640,2025-09-25 16:19:59
2025-09-25 16:20:00,3641,3646,3649,3639,54374593,14920,2025-09-25 16:29:59
2025-09-25 16:30:00,3647,3632,3655,3631,80521685,22086,2025-09-25 16:39:59
2025-09-25 16:40:00,3632,3631,3637,3622,45573546,12559,2025-09-25 16:49:59
2025-09-25 16:50:00,3631,3632,3636,3628,22795791,6277,2025-09-25 16:59:59
2025-09-25 17:00:00,3631,3636,3637,3628,21432521,5901,2025-09-25 17:09:59
2025-09-25 17:10:00,3636,3638,3641,3628,35154122,9669,2025-09-25 17:19:59
2025-09-25 17:20:00,3637,3635,3640,3634,17964964,4938,2025-09-25 17:29:59
2025-09-25 17:30:00,3634,3641,3645,3634,86972345,23896,2025-09-25 17:39:59
2025-09-25 17:40:00,3640,3641,3643,3640,23149057,6359,2025-09-25 17:49:59
2025-09-25 17:50:00,3640,3632,3643,3632,25263798,6944,2025-09-25 17:59:59
2025-09-25 18:00:00,3634,3636,3640,3633,13663612,3756,2025-09-25 18:09:59
2025-09-25 18:10:00,3636,3630,3637,3623,29788708,8209,2025-09-25 18:19:59
2025-09-25 18:20:00,3630,3634,3634,3629,16200539,4461,2025-09-25 18:29:59
2025-09-25 18:30:00,3633,3636,3641,3633,12786935,3516,2025-09-25 18:39:59
2025-09-25 18:40:00,3641,3641,3641,3641,8760246,2406,2025-09-25 18:49:59
2025-09-25 19:00:00,3637,3634,3648,3632,13743833,3777,2025-09-25 19:09:59
2025-09-25 19:10:00,3634,3635,3645,3634,31152915,8556,2025-09-25 19:19:59
2025-09-25 19:20:00,3635,3628,3637,3626,20472643,5641,2025-09-25 19:29:59
2025-09-25 19:30:00,3630,3622,3631,3617,34692860,9573,2025-09-25 19:39:59
2025-09-25 19:40:00,3623,3619,3630,3618,12174057,3361,2025-09-25 19:49:59
2025-09-25 19:50:00,3620,3627,3627,3611,35606091,9850,2025-09-25 19:59:59
2025-09-25 20:00:00,3626,3619,3630,3618,6392773,1764,2025-09-25 20:09:59
2025-09-25 20:10:00,3619,3631,3632,3615,15693547,4333,2025-09-25 20:19:59
2025-09-25 20:20:00,3631,3620,3631,3618,8468964,2337,2025-09-25 20:29:59
2025-09-25 20:30:00,3620,3626,3628,3620,2878621,794,2025-09-25 20:39:59
2025-09-25 20:40:00,3626,3608,3627,3601,52856366,14640,2025-09-25 20:49:59
2025-09-25 20:50:00,3609,3612,3616,3608,44033225,12196,2025-09-25 20:59:59
2025-09-25 21:00:00,3612,3610,3612,3601,27371368,7590,2025-09-25 21:09:59
2025-09-25 21:10:00,3610,3611,3611,3603,12769575,3541,2025-09-25 21:19:59
2025-09-25 21:20:00,3610,3612,3612,3605,15523273,4303,2025-09-25 21:29:59
2025-09-25 21:30:00,3610,3607,3611,3605,10777918,2988,2025-09-25 21:39:59
2025-09-25 21:40:00,3607,3604,3608,3597,54333267,15077,2025-09-25 21:49:59
2025-09-25 21:50:00,3601,3604,3605,3594,25678173,7136,2025-09-25 21:59:59
2025-09-25 22:00:00,3605,3604,3606,3600,14502151,4026,2025-09-25 22:09:59
2025-09-25 22:10:00,3602,3602,3606,3600,18144780,5038,2025-09-25 22:19:59
2025-09-25 22:20:00,3602,3611,3611,3600,20257326,5620,2025-09-25 22:29:59
2025-09-25 22:30:00,3611,3612,3614,3607,12991570,3597,2025-09-25 22:39:59
2025-09-25 22:40:00,3612,3613,3620,3609,23986711,6634,2025-09-25 22:49:59
2025-09-25 22:50:00,3614,3617,3618,3612,7865131,2175,2025-09-25 22:59:59
2025-09-25 23:00:00,3616,3621,3622,3613,16559451,4575,2025-09-25 23:09:59
2025-09-25 23:10:00,3621,3617,3622,3615,15994004,4419,2025-09-25 23:19:59
2025-09-25 23:20:00,3617,3610,3620,3610,20654514,5716,2025-09-25 23:29:59
2025-09-25 23:30:00,3611,3616,3616,3609,26902371,7447,2025-09-25 23:39:59
2025-09-25 23:40:00,3615,3618,3624,3615,57470407,15878,2025-09-25 23:49:59
2025-09-26 06:50:00,3396,3396,3396,3396,20260536,5966,2025-09-26 06:59:59
2025-09-26 07:00:00,3395,3398,3398,3360,205087818,60707,2025-09-26 07:09:59
2025-09-26 07:10:00,3398,3382,3399,3382,34219698,10099,2025-09-26 07:19:59
2025-09-26 07:20:00,3381,3360,3382,3354,52365908,15562,2025-09-26 07:29:59
2025-09-26 07:30:00,3356,3362,3370,3356,28919953,8597,2025-09-26 07:39:59
2025-09-26 07:40:00,3362,3376,3381,3362,39418458,11687,2025-09-26 07:49:59
2025-09-26 07:50:00,3375,3366,3376,3361,16379686,4864,2025-09-26 07:59:59
2025-09-26 08:00:00,3367,3369,3371,3366,5638120,1674,2025-09-26 08:09:59
2025-09-26 08:10:00,3369,3367,3369,3360,22390866,6656,2025-09-26 08:19:59
2025-09-26 08:20:00,3368,3368,3372,3363,7052369,2094,2025-09-26 08:29:59
2025-09-26 08:30:00,3367,3366,3370,3365,6006731,1784,2025-09-26 08:39:59
2025-09-26 08:40:00,3366,3350,3368,3346,42047350,12536,2025-09-26 08:49:59
2025-09-26 08:50:00,3350,3342,3358,3338,32640954,9758,2025-09-26 08:59:59
2025-09-26 09:00:00,3341,3352,3353,3340,10747209,3211,2025-09-26 09:09:59
2025-09-26 09:10:00,3352,3360,3360,3350,12669185,3776,2025-09-26 09:19:59
2025-09-26 09:20:00,3360,3362,3362,3359,11677158,3475,2025-09-26 09:29:59
2025-09-26 09:30:00,3362,3359,3364,3350,16456092,4897,2025-09-26 09:39:59
2025-09-26 09:40:00,3359,3359,3360,3352,16300623,4855,2025-09-26 09:49:59
2025-09-26 09:50:00,3357,3354,3359,3351,9107956,2714,2025-09-26 09:59:59
2025-09-26 10:00:00,3354,3338,3358,3334,103347187,30905,2025-09-26 10:09:59
2025-09-26 10:10:00,3336,3338,3344,3334,35538908,10650,2025-09-26 10:19:59
2025-09-26 10:20:00,3338,3338,3345,3337,15089637,4518,2025-09-26 10:29:59
2025-09-26 10:30:00,3338,3338,3342,3335,16985884,5089,2025-09-26 10:39:59
2025-09-26 10:40:00,3339,3325,3345,3325,93939016,28170,2025-09-26 10:49:59
2025-09-26 10:50:00,3325,3321,3326,3318,32639217,9826,2025-09-26 10:59:59
2025-09-26 11:00:00,3322,3327,3339,3319,75922622,22784,2025-09-26 11:09:59
2025-09-26 11:10:00,3327,3329,3336,3325,13107425,3935,2025-09-26 11:19:59
2025-09-26 11:20:00,3329,3323,3329,3315,21486806,6468,2025-09-26 11:29:59
2025-09-26 11:30:00,3322,3315,3324,3314,13391121,4035,2025-09-26 11:39:59
2025-09-26 11:40:00,3315,3325,3325,3314,15275372,4600,2025-09-26 11:49:59
2025-09-26 11:50:00,3324,3306,3325,3305,25258699,7624,2025-09-26 11:59:59
2025-09-26 12:00:00,3307,3316,3317,3306,20714655,6254,2025-09-26 12:09:59
2025-09-26 12:10:00,3314,3314,3319,3310,14604612,4407,2025-09-26 12:19:59
2025-09-26 12:20:00,3313,3312,3315,3311,9209522,2779,2025-09-26 12:29:59
2025-09-26 12:30:00,3312,3320,3323,3305,25781487,7785,2025-09-26 12:39:59
2025-09-26 12:40:00,3321,3325,3325,3321,30640697,9216,2025-09-26 12:49:59
2025-09-26 12:50:00,3325,3329,3329,3321,29579791,8892,2025-09-26 12:59:59
2025-09-26 13:00:00,3329,3329,3329,3326,26913005,8085,2025-09-26 13:09:59
2025-09-26 13:10:00,3329,3328,3329,3328,23630044,7099,2025-09-26 13:19:59
2025-09-26 13:20:00,3329,3338,3343,3328,21506624,6444,2025-09-26 13:29:59
2025-09-26 13:30:00,3340,3345,3350,3336,35331459,10561,2025-09-26 13:39:59
2025-09-26 13:40:00,3344,3350,3350,3336,45686914,13655,2025-09-26 13:49:59
2025-09-26 13:50:00,3350,3354,3359,3348,26277854,7835,2025-09-26 13:59:59
2025-09-26 14:00:00,3353,3354,3355,3351,28578176,8520,2025-09-26 14:09:59
2025-09-26 14:10:00,3354,3345,3356,3337,46658483,13941,2025-09-26 14:19:59
2025-09-26 14:20:00,3344,3353,3354,3343,22056229,6581,2025-09-26 14:29:59
2025-09-26 14:30:00,3352,3351,3355,3348,29174817,8702,2025-09-26 14:39:59
2025-09-26 14:40:00,3352,3353,3355,3350,28071386,8371,2025-09-26 14:49:59
2025-09-26 14:50:00,3353,3364,3364,3353,61364241,18281,2025-09-26 14:59:59
2025-09-26 15:00:00,3364,3360,3372,3359,34920289,10372,2025-09-26 15:09:59
2025-09-26 15:10:00,3359,3369,3369,3357,45500426,13543,2025-09-26 15:19:59
2025-09-26 15:20:00,3367,3379,3380,3366,32739009,9701,2025-09-26 15:29:59
2025-09-26 15:30:00,3380,3380,3385,3370,26786055,7927,2025-09-26 15:39:59
2025-09-26 15:40:00,3381,3384,3385,3375,28996749,8579,2025-09-26 15:49:59
2025-09-26 15:50:00,3384,3394,3395,3384,41843031,12339,2025-09-26 15:59:59
2025-09-26 16:00:00,3394,3403,3404,3390,58816479,17304,2025-09-26 16:09:59
2025-09-26 16:10:00,3403,3399,3405,3381,36445492,10744,2025-09-26 16:19:59
2025-09-26 16:20:00,3401,3400,3403,3389,41518475,12219,2025-09-26 16:29:59
2025-09-26 16:30:00,3400,3393,3400,3391,22524750,6631,2025-09-26 16:39:59
2025-09-26 16:40:00,3392,3400,3403,3390,24953427,7341,2025-09-26 16:49:59
2025-09-26 16:50:00,3400,3400,3403,3392,26704914,7856,2025-09-26 16:59:59
2025-09-26 17:00:00,3399,3399,3403,3394,21888589,6441,2025-09-26 17:09:59
2025-09-26 17:10:00,3399,3409,3410,3398,39742543,11675,2025-09-26 17:19:59
2025-09-26 17:20:00,3410,3402,3410,3397,34217094,10042,2025-09-26 17:29:59
2025-09-26 17:30:00,3405,3419,3420,3403,29450172,8623,2025-09-26 17:39:59
2025-09-26 17:40:00,3420,3418,3420,3411,35411650,10359,2025-09-26 17:49:59
2025-09-26 17:50:00,3419,3427,3428,3416,35946452,10498,2025-09-26 17:59:59
2025-09-26 18:00:00,3428,3415,3437,3414,36004559,10509,2025-09-26 18:09:59
2025-09-26 18:10:00,3414,3408,3414,3401,19207900,5635,2025-09-26 18:19:59
2025-09-26 18:20:00,3407,3410,3410,3402,8725227,2562,2025-09-26 18:29:59
2025-09-26 18:30:00,3410,3421,3422,3407,12315785,3611,2025-09-26 18:39:59
2025-09-26 18:40:00,3421,3421,3421,3421,2049179,599,2025-09-26 18:49:04
2025-09-26 19:00:00,3420,3420,3422,3406,11614215,3401,2025-09-26 19:09:59
2025-09-26 19:10:00,3420,3411,3422,3410,7052042,2066,2025-09-26 19:19:59
2025-09-26 19:20:00,3410,3410,3411,3408,4692281,1376,2025-09-26 19:29:59
2025-09-26 19:30:00,3410,3411,3412,3407,5049732,1481,2025-09-26 19:39:59
2025-09-26 19:40:00,3411,3413,3415,3410,2712743,795,2025-09-26 19:49:59
2025-09-26 19:50:00,3411,3415,3416,3410,2352370,689,2025-09-26 19:59:59
2025-09-26 20:00:00,3416,3410,3416,3410,4325851,1267,2025-09-26 20:09:59
2025-09-26 20:10:00,3412,3409,3414,3408,3355332,984,2025-09-26 20:19:59
2025-09-26 20:20:00,3409,3412,3412,3408,4578549,1343,2025-09-26 20:29:59
2025-09-26 20:30:00,3412,3413,3415,3411,2372072,695,2025-09-26 20:39:59
2025-09-26 20:40:00,3413,3405,3413,3405,14699758,4314,2025-09-26 20:49:59
2025-09-26 20:50:00,3406,3406,3409,3403,2169196,637,2025-09-26 20:59:59
2025-09-26 21:00:00,3406,3401,3407,3401,1456725,428,2025-09-26 21:09:59
2025-09-26 21:10:00,3401,3407,3408,3401,2167806,637,2025-09-26 21:19:59
2025-09-26 21:20:00,3407,3404,3408,3403,3081738,905,2025-09-26 21:29:59
2025-09-26 21:30:00,3406,3403,3408,3403,844412,248,2025-09-26 21:39:59
2025-09-26 21:40:00,3403,3399,3405,3396,3692644,1086,2025-09-26 21:49:59
2025-09-26 21:50:00,3397,3402,3403,3395,1987880,585,2025-09-26 21:59:59
2025-09-26 22:00:00,3402,3403,3403,3396,1444574,425,2025-09-26 22:09:59
2025-09-26 22:10:00,3403,3402,3403,3399,1078228,317,2025-09-26 22:19:59
2025-09-26 22:20:00,3401,3399,3402,3397,1801336,530,2025-09-26 22:29:59
2025-09-26 22:30:00,3400,3400,3401,3398,931549,274,2025-09-26 22:39:59
2025-09-26 22:40:00,3402,3400,3402,3399,877395,258,2025-09-26 22:49:59
2025-09-26 22:50:00,3401,3400,3402,3400,1302291,383,2025-09-26 22:59:59
2025-09-26 23:00:00,3402,3402,3402,3400,353722,104,2025-09-26 23:09:59
2025-09-26 23:10:00,3401,3400,3402,3400,3843281,1130,2025-09-26 23:19:59
2025-09-26 23:20:00,3401,3402,3402,3397,5950078,1750,2025-09-26 23:29:59
2025-09-26 23:30:00,3402,3405,3405,3401,4565648,1342,2025-09-26 23:39:59
2025-09-26 23:40:00,3405,3410,3414,3405,4716047,1383,2025-09-26 23:49:59
2025-09-27 09:50:00,3394,3394,3394,3394,1147172,338,2025-09-27 09:59:59
2025-09-27 10:00:00,3394,3387,3399,3382,15585960,4598,2025-09-27 10:09:59
2025-09-27 10:10:00,3387,3386,3392,3384,4076231,1203,2025-09-27 10:19:59
2025-09-27 10:20:00,3387,3384,3387,3383,1276155,377,2025-09-27 10:29:59
2025-09-27 10:30:00,3385,3385,3385,3381,1224695,362,2025-09-27 10:39:59
2025-09-27 10:40:00,3384,3382,3386,3381,909676,269,2025-09-27 10:49:59
2025-09-27 10:50:00,3381,3381,3382,3381,439569,130,2025-09-27 10:59:59
2025-09-27 11:00:00,3381,3383,3383,3380,2288749,677,2025-09-27 11:09:59
2025-09-27 11:10:00,3382,3388,3388,3381,1563801,462,2025-09-27 11:19:59
2025-09-27 11:20:00,3386,3386,3387,3383,886757,262,2025-09-27 11:29:59
2025-09-27 11:30:00,3385,3385,3386,3383,517731,153,2025-09-27 11:39:59
2025-09-27 11:40:00,3383,3385,3386,3383,636313,188,2025-09-27 11:49:59
2025-09-27 11:50:00,3384,3385,3385,3384,155702,46,2025-09-27 11:58:01
2025-09-27 12:00:00,3385,3385,3385,3384,443390,131,2025-09-27 12:09:59
2025-09-27 12:10:00,3384,3385,3385,3384,43995,13,2025-09-27 12:19:59
2025-09-27 12:20:00,3385,3385,3385,3384,741142,219,2025-09-27 12:29:59
2025-09-27 12:30:00,3385,3384,3386,3384,467071,138,2025-09-27 12:39:59
2025-09-27 12:40:00,3384,3383,3385,3383,389099,115,2025-09-27 12:49:59
2025-09-27 12:50:00,3384,3384,3385,3382,2328070,688,2025-09-27 12:59:59
2025-09-27 13:00:00,3384,3380,3385,3380,3692136,1092,2025-09-27 13:09:59
2025-09-27 13:10:00,3380,3382,3382,3380,1990895,589,2025-09-27 13:19:59
2025-09-27 13:20:00,3382,3382,3382,3380,669417,198,2025-09-27 13:29:59
2025-09-27 13:30:00,3382,3383,3383,3381,1054980,312,2025-09-27 13:39:59
2025-09-27 13:40:00,3383,3382,3383,3381,1261474,373,2025-09-27 13:49:59
2025-09-27 13:50:00,3383,3382,3383,3382,206337,61,2025-09-27 13:59:06
2025-09-27 14:00:00,3383,3384,3384,3382,727343,215,2025-09-27 14:09:59
2025-09-27 14:10:00,3384,3384,3384,3382,274092,81,2025-09-27 14:19:59
2025-09-27 14:20:00,3384,3378,3384,3378,3735145,1105,2025-09-27 14:29:59
2025-09-27 14:30:00,3377,3372,3378,3371,5394980,1599,2025-09-27 14:39:59
2025-09-27 14:40:00,3372,3369,3372,3366,2644905,785,2025-09-27 14:49:59
2025-09-27 14:50:00,3369,3367,3371,3367,569312,169,2025-09-27 14:59:59
2025-09-27 15:00:00,3367,3367,3371,3367,754649,224,2025-09-27 15:09:59
2025-09-27 15:10:00,3369,3369,3370,3367,1414883,420,2025-09-27 15:19:59
2025-09-27 15:20:00,3369,3363,3369,3363,3103151,922,2025-09-27 15:29:59
2025-09-27 15:30:00,3364,3363,3365,3361,1724623,513,2025-09-27 15:39:59
2025-09-27 15:40:00,3362,3363,3363,3361,316002,94,2025-09-27 15:49:59
2025-09-27 15:50:00,3363,3362,3364,3361,191674,57,2025-09-27 15:59:59
2025-09-27 16:00:00,3363,3364,3364,3362,497683,148,2025-09-27 16:09:59
2025-09-27 16:10:00,3364,3364,3364,3363,188371,56,2025-09-27 16:19:59
2025-09-27 16:20:00,3363,3364,3364,3363,477631,142,2025-09-27 16:29:59
2025-09-27 16:30:00,3364,3364,3364,3363,713125,212,2025-09-27 16:39:59
2025-09-27 16:40:00,3363,3364,3364,3363,127815,38,2025-09-27 16:49:59
2025-09-27 16:50:00,3364,3363,3364,3363,275822,82,2025-09-27 16:59:59
2025-09-27 17:00:00,3363,3365,3365,3363,1328792,395,2025-09-27 17:09:59
2025-09-27 17:10:00,3365,3365,3365,3364,252366,75,2025-09-27 17:19:59
2025-09-27 17:20:00,3365,3370,3370,3365,441374,131,2025-09-27 17:29:59
2025-09-27 17:30:00,3369,3367,3373,3367,3184661,945,2025-09-27 17:39:59
2025-09-27 17:40:00,3368,3372,3373,3367,1213412,360,2025-09-27 17:49:59
2025-09-27 17:50:00,3372,3378,3379,3371,2839796,841,2025-09-27 17:59:59
2025-09-27 18:00:00,3376,3377,3380,3376,800768,237,2025-09-27 18:09:59
2025-09-27 18:10:00,3376,3376,3380,3376,574342,170,2025-09-27 18:19:59
2025-09-27 18:20:00,3375,3377,3380,3375,290541,86,2025-09-27 18:29:59
2025-09-27 18:30:00,3377,3376,3377,3375,165441,49,2025-09-27 18:39:59
2025-09-27 18:40:00,3375,3372,3376,3367,1777021,527,2025-09-27 18:49:59
2025-09-27 18:50:00,3372,3372,3373,3367,1761447,523,2025-09-27 18:59:59
2025-09-28 09:50:00,3364,3364,3364,3364,63916,19,2025-09-28 09:59:59
2025-09-28 10:00:00,3363,3370,3372,3353,5368728,1597,2025-09-28 10:09:59
2025-09-28 10:10:00,3371,3370,3371,3364,592675,176,2025-09-28 10:19:59
2025-09-28 10:20:00,3369,3355,3369,3355,1888365,562,2025-09-28 10:29:59
2025-09-28 10:30:00,3355,3363,3363,3355,443634,132,2025-09-28 10:39:59
2025-09-28 10:40:00,3363,3363,3363,3359,665585,198,2025-09-28 10:49:59
2025-09-28 10:50:00,3361,3361,3363,3359,309328,92,2025-09-28 10:59:59
2025-09-28 11:00:00,3363,3367,3367,3363,982510,292,2025-09-28 11:09:59
2025-09-28 11:10:00,3365,3362,3367,3360,2293842,682,2025-09-28 11:19:59
2025-09-28 11:20:00,3361,3360,3362,3360,147863,44,2025-09-28 11:29:59
2025-09-28 11:30:00,3363,3361,3363,3359,618195,184,2025-09-28 11:39:59
2025-09-28 11:40:00,3361,3360,3361,3358,429987,128,2025-09-28 11:49:59
2025-09-28 11:50:00,3358,3358,3360,3358,214947,64,2025-09-28 11:59:59
2025-09-28 12:00:00,3359,3358,3359,3357,889859,265,2025-09-28 12:09:59
2025-09-28 12:10:00,3358,3362,3362,3357,3298554,982,2025-09-28 12:19:59
2025-09-28 12:20:00,3362,3363,3363,3361,77322,23,2025-09-28 12:29:59
2025-09-28 12:30:00,3363,3361,3364,3361,860663,256,2025-09-28 12:39:59
2025-09-28 12:40:00,3364,3362,3364,3362,80703,24,2025-09-28 12:49:59
2025-09-28 12:50:00,3364,3362,3364,3362,134490,40,2025-09-28 12:59:59
2025-09-28 13:00:00,3362,3363,3367,3362,1043224,310,2025-09-28 13:09:59
2025-09-28 13:10:00,3365,3365,3365,3363,114380,34,2025-09-28 13:19:59
2025-09-28 13:20:00,3363,3362,3364,3362,137885,41,2025-09-28 13:29:59
2025-09-28 13:30:00,3362,3362,3362,3362,121032,36,2025-09-28 13:39:59
2025-09-28 13:40:00,3363,3363,3363,3361,127753,38,2025-09-28 13:49:59
2025-09-28 13:50:00,3363,3361,3363,3361,184877,55,2025-09-28 13:59:59
2025-09-28 14:00:00,3362,3361,3362,3358,675215,201,2025-09-28 14:09:59
2025-09-28 14:10:00,3360,3361,3361,3359,60480,18,2025-09-28 14:19:59
2025-09-28 14:20:00,3361,3359,3362,3359,487372,145,2025-09-28 14:29:59
2025-09-28 14:30:00,3359,3358,3359,3358,224996,67,2025-09-28 14:39:59
2025-09-28 14:40:00,3358,3358,3359,3356,439763,131,2025-09-28 14:49:59
2025-09-28 14:50:00,3358,3359,3361,3358,450225,134,2025-09-28 14:59:59
2025-09-28 15:00:00,3360,3360,3361,3360,278925,83,2025-09-28 15:09:59
2025-09-28 15:10:00,3361,3361,3361,3360,77300,23,2025-09-28 15:19:59
2025-09-28 15:20:00,3361,3362,3362,3361,84032,25,2025-09-28 15:29:59
2025-09-28 15:30:00,3362,3360,3362,3360,1236570,368,2025-09-28 15:39:59
2025-09-28 15:40:00,3362,3362,3362,3361,30254,9,2025-09-28 15:49:59
2025-09-28 15:50:00,3362,3362,3362,3360,205046,61,2025-09-28 15:59:59
2025-09-28 16:00:00,3362,3360,3362,3360,110922,33,2025-09-28 16:09:59
2025-09-28 16:10:00,3362,3363,3363,3362,413554,123,2025-09-28 16:19:59
2025-09-28 16:20:00,3363,3364,3364,3361,433825,129,2025-09-28 16:29:59
2025-09-28 16:30:00,3363,3365,3365,3363,97544,29,2025-09-28 16:39:59
2025-09-28 16:40:00,3365,3366,3367,3365,323184,96,2025-09-28 16:49:59
2025-09-28 16:50:00,3366,3363,3367,3363,286067,85,2025-09-28 16:59:59
2025-09-28 17:00:00,3365,3364,3366,3364,501477,149,2025-09-28 17:09:59
2025-09-28 17:10:00,3365,3365,3365,3364,201873,60,2025-09-28 17:19:59
2025-09-28 17:20:00,3365,3365,3366,3364,141350,42,2025-09-28 17:29:59
2025-09-28 17:30:00,3364,3366,3366,3364,104296,31,2025-09-28 17:39:59
2025-09-28 17:40:00,3364,3364,3364,3364,107648,32,2025-09-28 17:49:59
2025-09-28 17:50:00,3364,3363,3364,3362,262314,78,2025-09-28 17:59:59
2025-09-28 18:00:00,3365,3362,3366,3362,228694,68,2025-09-28 18:09:59
2025-09-28 18:10:00,3362,3363,3365,3361,622202,185,2025-09-28 18:19:59
2025-09-28 18:20:00,3362,3361,3362,3360,147886,44,2025-09-28 18:29:59
2025-09-28 18:30:00,3361,3361,3361,3358,534249,159,2025-09-28 18:39:59
2025-09-28 18:40:00,3358,3360,3361,3358,655112,195,2025-09-28 18:49:59
2025-09-28 18:50:00,3360,3362,3362,3360,127714,38,2025-09-28 18:59:59
2025-09-29 06:50:00,3366,3366,3366,3366,117810,35,2025-09-29 06:59:59
2025-09-29 07:00:00,3363,3361,3366,3359,3924411,1167,2025-09-29 07:09:59
2025-09-29 07:10:00,3363,3359,3366,3357,1963148,584,2025-09-29 07:19:59
2025-09-29 07:20:00,3359,3345,3359,3342,8986917,2684,2025-09-29 07:29:59
2025-09-29 07:30:00,3346,3347,3352,3346,790337,236,2025-09-29 07:39:59
2025-09-29 07:40:00,3347,3344,3347,3339,1817826,544,2025-09-29 07:49:59
2025-09-29 07:50:00,3344,3342,3346,3339,1593135,477,2025-09-29 07:59:59
2025-09-29 08:00:00,3342,3345,3346,3342,588509,176,2025-09-29 08:09:59
2025-09-29 08:10:00,3345,3347,3348,3344,675967,202,2025-09-29 08:19:59
2025-09-29 08:20:00,3348,3354,3354,3345,1129673,337,2025-09-29 08:29:59
2025-09-29 08:30:00,3354,3351,3354,3351,221209,66,2025-09-29 08:39:59
2025-09-29 08:40:00,3351,3350,3352,3350,1223295,365,2025-09-29 08:49:59
2025-09-29 08:50:00,3351,3345,3351,3345,482211,144,2025-09-29 08:59:59
2025-09-29 09:00:00,3347,3344,3347,3341,1795113,537,2025-09-29 09:09:59
2025-09-29 09:10:00,3345,3341,3345,3341,1677965,502,2025-09-29 09:19:59
2025-09-29 09:20:00,3342,3336,3343,3336,2541017,761,2025-09-29 09:29:59
2025-09-29 09:30:00,3336,3335,3339,3332,3368742,1010,2025-09-29 09:39:59
2025-09-29 09:40:00,3335,3338,3340,3335,1841760,552,2025-09-29 09:49:59
2025-09-29 09:50:00,3339,3325,3339,3318,14167673,4258,2025-09-29 09:59:59
2025-09-29 10:00:00,3325,3337,3340,3321,10966814,3290,2025-09-29 10:09:59
2025-09-29 10:10:00,3337,3335,3349,3330,23869828,7146,2025-09-29 10:19:59
2025-09-29 10:20:00,3334,3350,3353,3329,18735587,5606,2025-09-29 10:29:59
2025-09-29 10:30:00,3350,3362,3365,3350,13395215,3988,2025-09-29 10:39:59
2025-09-29 10:40:00,3361,3387,3398,3361,66458070,19647,2025-09-29 10:49:59
2025-09-29 10:50:00,3390,3389,3390,3383,3409888,1007,2025-09-29 10:59:59
2025-09-29 11:00:00,3389,3390,3393,3388,8125347,2397,2025-09-29 11:09:59
2025-09-29 11:10:00,3390,3391,3393,3383,9129625,2694,2025-09-29 11:19:59
2025-09-29 11:20:00,3390,3394,3395,3390,3412907,1006,2025-09-29 11:29:59
2025-09-29 11:30:00,3394,3394,3398,3392,6417542,1890,2025-09-29 11:39:59
2025-09-29 11:40:00,3394,3386,3395,3375,20900555,6174,2025-09-29 11:49:59
2025-09-29 11:50:00,3386,3390,3390,3385,2245498,663,2025-09-29 11:59:59
2025-09-29 12:00:00,3389,3395,3395,3386,3550598,1047,2025-09-29 12:09:59
2025-09-29 12:10:00,3395,3402,3410,3393,17187377,5052,2025-09-29 12:19:59
2025-09-29 12:20:00,3403,3396,3403,3390,20570092,6053,2025-09-29 12:29:59
2025-09-29 12:30:00,3396,3396,3397,3388,14857687,4379,2025-09-29 12:39:59
2025-09-29 12:40:00,3397,3399,3404,3395,37274072,10961,2025-09-29 12:49:59
2025-09-29 12:50:00,3399,3402,3407,3398,26639213,7831,2025-09-29 12:59:59
2025-09-29 13:00:00,3403,3403,3409,3402,10377612,3047,2025-09-29 13:09:59
2025-09-29 13:10:00,3405,3399,3409,3398,27525612,8089,2025-09-29 13:19:59
2025-09-29 13:20:00,3397,3393,3402,3392,14398210,4235,2025-09-29 13:29:59
2025-09-29 13:30:00,3393,3397,3408,3390,52667701,15491,2025-09-29 13:39:59
2025-09-29 13:40:00,3397,3396,3404,3391,27913653,8211,2025-09-29 13:49:59
2025-09-29 13:50:00,3394,3397,3398,3382,29915868,8827,2025-09-29 13:59:59
2025-09-29 14:00:00,3397,3400,3402,3392,11082585,3259,2025-09-29 14:09:59
2025-09-29 14:10:00,3400,3400,3402,3393,23601242,6941,2025-09-29 14:19:59
2025-09-29 14:20:00,3400,3406,3406,3398,20267343,5959,2025-09-29 14:29:59
2025-09-29 14:30:00,3405,3403,3408,3400,21911643,6436,2025-09-29 14:39:59
2025-09-29 14:40:00,3403,3401,3407,3400,32877598,9659,2025-09-29 14:49:59
2025-09-29 14:50:00,3401,3400,3405,3385,34266310,10084,2025-09-29 14:59:59
2025-09-29 15:00:00,3401,3406,3406,3396,14208403,4176,2025-09-29 15:09:59
2025-09-29 15:10:00,3406,3409,3409,3404,26924922,7899,2025-09-29 15:19:59
2025-09-29 15:20:00,3409,3413,3413,3406,19251818,5647,2025-09-29 15:29:59
2025-09-29 15:30:00,3414,3426,3427,3412,26144232,7643,2025-09-29 15:39:59
2025-09-29 15:40:00,3427,3430,3430,3421,24106775,7035,2025-09-29 15:49:59
2025-09-29 15:50:00,3429,3426,3437,3423,26857757,7826,2025-09-29 15:59:59
2025-09-29 16:00:00,3427,3431,3434,3425,28399845,8279,2025-09-29 16:09:59
2025-09-29 16:10:00,3431,3433,3445,3430,51825204,15077,2025-09-29 16:19:59
2025-09-29 16:20:00,3433,3432,3435,3424,24706751,7200,2025-09-29 16:29:59
2025-09-29 16:30:00,3433,3429,3436,3421,29143364,8494,2025-09-29 16:39:59
2025-09-29 16:40:00,3428,3403,3429,3400,39942489,11707,2025-09-29 16:49:59
2025-09-29 16:50:00,3404,3400,3412,3382,44236692,13018,2025-09-29 16:59:59
2025-09-29 17:00:00,3397,3398,3400,3390,24297795,7153,2025-09-29 17:09:59
2025-09-29 17:10:00,3399,3419,3422,3399,29964481,8773,2025-09-29 17:19:59
2025-09-29 17:20:00,3421,3420,3424,3413,33440925,9778,2025-09-29 17:29:59
2025-09-29 17:30:00,3421,3421,3424,3415,30606819,8948,2025-09-29 17:39:59
2025-09-29 17:40:00,3420,3425,3427,3414,38041388,11117,2025-09-29 17:49:59
2025-09-29 17:50:00,3424,3421,3430,3421,30412678,8873,2025-09-29 17:59:59
2025-09-29 18:00:00,3421,3392,3421,3391,12569246,3692,2025-09-29 18:09:59
2025-09-29 18:10:00,3393,3367,3395,3363,44679580,13235,2025-09-29 18:19:59
2025-09-29 18:20:00,3367,3377,3377,3360,16984718,5050,2025-09-29 18:29:59
2025-09-29 18:30:00,3376,3365,3376,3365,12422954,3688,2025-09-29 18:39:59
2025-09-29 18:40:00,3365,3365,3365,3365,346595,103,2025-09-29 18:49:59
2025-09-29 19:00:00,3365,3359,3372,3358,9620026,2859,2025-09-29 19:09:59
2025-09-29 19:10:00,3359,3368,3373,3357,9232336,2743,2025-09-29 19:19:59
2025-09-29 19:20:00,3367,3370,3372,3367,1202842,357,2025-09-29 19:29:59
2025-09-29 19:30:00,3369,3371,3372,3369,957441,284,2025-09-29 19:39:59
2025-09-29 19:40:00,3371,3372,3372,3371,920391,273,2025-09-29 19:49:59
2025-09-29 19:50:00,3371,3364,3372,3362,5228088,1553,2025-09-29 19:59:59
2025-09-29 20:00:00,3363,3357,3365,3355,1945069,579,2025-09-29 20:09:59
2025-09-29 20:10:00,3359,3368,3368,3358,941511,280,2025-09-29 20:19:59
2025-09-29 20:20:00,3370,3367,3371,3364,680317,202,2025-09-29 20:29:59
2025-09-29 20:30:00,3367,3365,3367,3363,296224,88,2025-09-29 20:39:59
2025-09-29 20:40:00,3365,3363,3372,3363,1993670,592,2025-09-29 20:49:59
2025-09-29 20:50:00,3363,3358,3363,3354,6251428,1861,2025-09-29 20:59:59
2025-09-29 21:00:00,3357,3359,3359,3354,664445,198,2025-09-29 21:09:59
2025-09-29 21:10:00,3359,3356,3360,3353,3188688,950,2025-09-29 21:19:59
2025-09-29 21:20:00,3355,3364,3365,3353,2201564,656,2025-09-29 21:29:59
2025-09-29 21:30:00,3365,3361,3365,3361,689156,205,2025-09-29 21:39:59
2025-09-29 21:40:00,3360,3356,3362,3355,5373524,1600,2025-09-29 21:49:59
2025-09-29 21:50:00,3354,3359,3364,3354,4504346,1340,2025-09-29 21:59:59
2025-09-29 22:00:00,3359,3360,3360,3357,1441112,429,2025-09-29 22:09:59
2025-09-29 22:10:00,3360,3360,3362,3358,2116830,630,2025-09-29 22:19:59
2025-09-29 22:20:00,3360,3356,3362,3356,1995358,594,2025-09-29 22:29:59
2025-09-29 22:30:00,3356,3355,3357,3350,13079482,3903,2025-09-29 22:39:59
2025-09-29 22:40:00,3355,3355,3356,3353,754684,225,2025-09-29 22:49:59
2025-09-29 22:50:00,3355,3353,3355,3351,935104,279,2025-09-29 22:59:59
2025-09-29 23:00:00,3353,3353,3354,3352,291656,87,2025-09-29 23:09:59
2025-09-29 23:10:00,3352,3353,3353,3351,174292,52,2025-09-29 23:19:59
2025-09-29 23:20:00,3353,3353,3354,3351,600132,179,2025-09-29 23:29:59
2025-09-29 23:30:00,3352,3353,3353,3350,2577027,769,2025-09-29 23:39:59
2025-09-29 23:40:00,3351,3350,3353,3350,5494288,1640,2025-09-29 23:49:59
2025-09-30 06:50:00,3356,3356,3356,3356,60408,18,2025-09-30 06:59:59
2025-09-30 07:00:00,3356,3372,3391,3355,7504478,2225,2025-09-30 07:09:59
2025-09-30 07:10:00,3372,3369,3375,3367,2056314,610,2025-09-30 07:19:59
2025-09-30 07:20:00,3369,3367,3372,3366,340346,101,2025-09-30 07:29:59
2025-09-30 07:30:00,3366,3363,3367,3363,834630,248,2025-09-30 07:39:59
2025-09-30 07:40:00,3362,3363,3365,3362,991817,295,2025-09-30 07:49:59
2025-09-30 07:50:00,3363,3362,3366,3362,238852,71,2025-09-30 07:59:59
2025-09-30 08:00:00,3364,3362,3365,3362,457463,136,2025-09-30 08:09:59
2025-09-30 08:10:00,3362,3365,3365,3362,413571,123,2025-09-30 08:19:59
2025-09-30 08:20:00,3365,3362,3366,3362,363464,108,2025-09-30 08:29:59
2025-09-30 08:30:00,3365,3369,3370,3364,828382,246,2025-09-30 08:39:59
2025-09-30 08:40:00,3370,3365,3370,3362,535278,159,2025-09-30 08:49:59
2025-09-30 08:50:00,3365,3371,3371,3365,619984,184,2025-09-30 08:59:59
2025-09-30 09:00:00,3368,3360,3368,3360,1019274,303,2025-09-30 09:09:59
2025-09-30 09:10:00,3362,3360,3363,3358,1679541,500,2025-09-30 09:19:59
2025-09-30 09:20:00,3358,3369,3369,3358,1672786,497,2025-09-30 09:29:59
2025-09-30 09:30:00,3368,3362,3368,3362,376848,112,2025-09-30 09:39:59
2025-09-30 09:40:00,3362,3364,3366,3362,474114,141,2025-09-30 09:49:59
2025-09-30 09:50:00,3362,3364,3370,3362,1029622,306,2025-09-30 09:59:59
2025-09-30 10:00:00,3364,3351,3366,3350,14385271,4289,2025-09-30 10:09:59
2025-09-30 10:10:00,3352,3358,3363,3350,10175941,3034,2025-09-30 10:19:59
2025-09-30 10:20:00,3357,3355,3358,3350,10460510,3121,2025-09-30 10:29:59
2025-09-30 10:30:00,3354,3362,3365,3351,7797663,2322,2025-09-30 10:39:59
2025-09-30 10:40:00,3363,3356,3363,3356,5021627,1495,2025-09-30 10:49:59
2025-09-30 10:50:00,3358,3359,3362,3355,5875578,1750,2025-09-30 10:59:59
2025-09-30 11:00:00,3358,3363,3366,3355,6146056,1828,2025-09-30 11:09:59
2025-09-30 11:10:00,3364,3356,3364,3353,8070634,2404,2025-09-30 11:19:59
2025-09-30 11:20:00,3354,3366,3368,3354,17522449,5211,2025-09-30 11:29:59
2025-09-30 11:30:00,3367,3357,3367,3354,14671365,4365,2025-09-30 11:39:59
2025-09-30 11:40:00,3357,3361,3361,3354,7123855,2122,2025-09-30 11:49:59
2025-09-30 11:50:00,3359,3355,3361,3353,3124223,931,2025-09-30 11:59:59
2025-09-30 12:00:00,3355,3337,3355,3335,60463439,18061,2025-09-30 12:09:59
2025-09-30 12:10:00,3337,3339,3349,3336,10306875,3082,2025-09-30 12:19:59
2025-09-30 12:20:00,3337,3320,3338,3320,25781236,7746,2025-09-30 12:29:59
2025-09-30 12:30:00,3321,3302,3324,3300,40597533,12278,2025-09-30 12:39:59
2025-09-30 12:40:00,3301,3303,3306,3292,44196768,13399,2025-09-30 12:49:59
2025-09-30 12:50:00,3303,3304,3306,3301,10003957,3027,2025-09-30 12:59:59
2025-09-30 13:00:00,3305,3302,3306,3300,35613179,10781,2025-09-30 13:09:59
2025-09-30 13:10:00,3302,3304,3306,3301,18917744,5723,2025-09-30 13:19:59
2025-09-30 13:20:00,3304,3303,3306,3303,6212717,1880,2025-09-30 13:29:59
2025-09-30 13:30:00,3303,3304,3304,3300,12097506,3665,2025-09-30 13:39:59
2025-09-30 13:40:00,3302,3302,3306,3301,8416263,2548,2025-09-30 13:49:59
2025-09-30 13:50:00,3302,3305,3306,3301,18210397,5510,2025-09-30 13:59:59
2025-09-30 14:00:00,3305,3299,3306,3290,25022273,7589,2025-09-30 14:09:59
2025-09-30 14:10:00,3298,3300,3305,3298,3667243,1111,2025-09-30 14:19:59
2025-09-30 14:20:00,3301,3301,3302,3291,15240224,4623,2025-09-30 14:29:59
2025-09-30 14:30:00,3300,3306,3306,3294,13699318,4150,2025-09-30 14:39:59
2025-09-30 14:40:00,3304,3306,3306,3298,16784477,5080,2025-09-30 14:49:59
2025-09-30 14:50:00,3305,3301,3306,3299,11888766,3599,2025-09-30 14:59:59
2025-09-30 15:00:00,3300,3293,3306,3292,56745733,17201,2025-09-30 15:09:59
2025-09-30 15:10:00,3294,3294,3296,3286,12726891,3865,2025-09-30 15:19:59
2025-09-30 15:20:00,3295,3295,3296,3290,7138656,2167,2025-09-30 15:29:59
2025-09-30 15:30:00,3293,3293,3296,3291,9774714,2967,2025-09-30 15:39:59
2025-09-30 15:40:00,3294,3293,3296,3290,11938645,3623,2025-09-30 15:49:59
2025-09-30 15:50:00,3293,3290,3295,3288,3495149,1062,2025-09-30 15:59:59
2025-09-30 16:00:00,3291,3305,3306,3290,30296020,9175,2025-09-30 16:09:59
2025-09-30 16:10:00,3305,3303,3306,3300,18311375,5540,2025-09-30 16:19:59
2025-09-30 16:20:00,3303,3315,3316,3300,18112764,5472,2025-09-30 16:29:59
2025-09-30 16:30:00,3315,3316,3320,3311,12726758,3835,2025-09-30 16:39:59
2025-09-30 16:40:00,3318,3326,3330,3316,16832168,5064,2025-09-30 16:49:59
2025-09-30 16:50:00,3326,3333,3340,3324,15128281,4537,2025-09-30 16:59:59
2025-09-30 17:00:00,3337,3333,3349,3316,31684980,9494,2025-09-30 17:09:59
2025-09-30 17:10:00,3333,3352,3355,3322,33001262,9872,2025-09-30 17:19:59
2025-09-30 17:20:00,3352,3341,3363,3341,36944600,11018,2025-09-30 17:29:59
2025-09-30 17:30:00,3343,3340,3352,3335,38755760,11594,2025-09-30 17:39:59
2025-09-30 17:40:00,3343,3324,3349,3320,44359857,13315,2025-09-30 17:49:59
2025-09-30 17:50:00,3325,3324,3339,3318,36474239,10959,2025-09-30 17:59:59
2025-09-30 18:00:00,3324,3334,3334,3322,1637662,492,2025-09-30 18:09:59
2025-09-30 18:10:00,3334,3335,3344,3331,16922613,5071,2025-09-30 18:19:59
2025-09-30 18:20:00,3335,3322,3337,3320,6300082,1894,2025-09-30 18:29:59
2025-09-30 18:30:00,3322,3325,3332,3320,3098763,932,2025-09-30 18:39:59
2025-09-30 18:40:00,3326,3326,3326,3326,69846,21,2025-09-30 18:48:08
2025-09-30 19:00:00,3325,3321,3329,3320,2081437,626,2025-09-30 19:09:59
2025-09-30 19:10:00,3321,3317,3321,3315,4967689,1497,2025-09-30 19:19:59
2025-09-30 19:20:00,3317,3317,3319,3316,301907,91,2025-09-30 19:29:59
2025-09-30 19:30:00,3316,3315,3317,3315,527208,159,2025-09-30 19:39:59
2025-09-30 19:40:00,3316,3319,3320,3315,3663207,1104,2025-09-30 19:49:59
2025-09-30 19:50:00,3319,3317,3320,3316,1489646,449,2025-09-30 19:59:59
2025-09-30 20:00:00,3316,3309,3317,3307,3255258,983,2025-09-30 20:09:59
2025-09-30 20:10:00,3308,3307,3309,3307,76091,23,2025-09-30 20:19:59
2025-09-30 20:20:00,3308,3306,3309,3306,1677319,507,2025-09-30 20:29:59
2025-09-30 20:30:00,3306,3306,3307,3304,1533501,464,2025-09-30 20:39:59
2025-09-30 20:40:00,3306,3307,3307,3304,525511,159,2025-09-30 20:49:59
2025-09-30 20:50:00,3307,3311,3311,3306,1250744,378,2025-09-30 20:59:59
2025-09-30 21:00:00,3311,3309,3311,3308,509516,154,2025-09-30 21:09:59
2025-09-30 21:10:00,3309,3308,3310,3308,814204,246,2025-09-30 21:19:59
2025-09-30 21:20:00,3310,3317,3317,3308,2732987,825,2025-09-30 21:29:59
2025-09-30 21:30:00,3317,3315,3317,3315,1316500,397,2025-09-30 21:39:59
2025-09-30 21:40:00,3316,3316,3316,3315,1236544,373,2025-09-30 21:49:59
2025-09-30 21:50:00,3316,3316,3318,3315,2102267,634,2025-09-30 21:59:09
2025-09-30 22:00:00,3318,3318,3318,3318,49770,15,2025-09-30 22:09:59
2025-09-30 22:10:00,3318,3318,3318,3317,408111,123,2025-09-30 22:19:59
2025-09-30 22:20:00,3318,3315,3318,3315,218850,66,2025-09-30 22:29:59
2025-09-30 22:30:00,3315,3316,3317,3315,686570,207,2025-09-30 22:39:59
2025-09-30 22:40:00,3317,3315,3317,3315,1282979,387,2025-09-30 22:49:59
2025-09-30 22:50:00,3316,3317,3317,3315,835592,252,2025-09-30 22:59:09
2025-09-30 23:00:00,3316,3316,3317,3316,175749,53,2025-09-30 23:09:59
2025-09-30 23:10:00,3317,3317,3317,3316,43113,13,2025-09-30 23:19:59
2025-09-30 23:20:00,3317,3329,3329,3316,18443190,5548,2025-09-30 23:29:59
2025-09-30 23:30:00,3328,3322,3328,3322,2197786,661,2025-09-30 23:39:59
2025-09-30 23:40:00,3321,3318,3321,3317,1303853,393,2025-09-30 23:49:59
2025-10-01 07:00:00,3328,3319,3329,3319,501562,151,2025-10-01 07:09:59
2025-10-01 07:10:00,3317,3324,3324,3316,1367662,412,2025-10-01 07:19:59
2025-10-01 07:20:00,3324,3318,3324,3312,888757,268,2025-10-01 07:29:59
2025-10-01 07:30:00,3315,3319,3319,3315,235539,71,2025-10-01 07:39:59
2025-10-01 07:40:00,3319,3323,3323,3319,202660,61,2025-10-01 07:49:59
2025-10-01 07:50:00,3325,3325,3329,3325,1223916,368,2025-10-01 07:59:59
2025-10-01 08:00:00,3325,3331,3331,3325,1381790,415,2025-10-01 08:09:59
2025-10-01 08:10:00,3330,3331,3331,3330,136565,41,2025-10-01 08:19:59
2025-10-01 08:20:00,3330,3330,3331,3327,782241,235,2025-10-01 08:29:59
2025-10-01 08:30:00,3330,3330,3331,3327,879129,264,2025-10-01 08:39:59
2025-10-01 08:40:00,3330,3331,3331,3327,579314,174,2025-10-01 08:49:59
2025-10-01 08:50:00,3330,3330,3331,3329,189810,57,2025-10-01 08:59:59
2025-10-01 09:00:00,3329,3324,3330,3324,1008141,303,2025-10-01 09:09:59
2025-10-01 09:10:00,3328,3330,3330,3324,505538,152,2025-10-01 09:19:59
2025-10-01 09:20:00,3329,3335,3335,3329,826311,248,2025-10-01 09:29:59
2025-10-01 09:30:00,3334,3338,3339,3334,3526927,1057,2025-10-01 09:39:59
2025-10-01 09:40:00,3339,3335,3339,3335,163489,49,2025-10-01 09:49:59
2025-10-01 09:50:00,3335,3345,3348,3334,8069414,2414,2025-10-01 09:59:59
2025-10-01 10:00:00,3343,3332,3345,3329,2296920,689,2025-10-01 10:09:59
2025-10-01 10:10:00,3330,3328,3332,3327,1648302,495,2025-10-01 10:19:59
2025-10-01 10:20:00,3328,3326,3330,3322,9145109,2751,2025-10-01 10:29:59
2025-10-01 10:30:00,3327,3318,3328,3315,7955656,2396,2025-10-01 10:39:59
2025-10-01 10:40:00,3318,3307,3318,3305,7034357,2126,2025-10-01 10:49:59
2025-10-01 10:50:00,3307,3306,3313,3305,3331291,1007,2025-10-01 10:59:59
2025-10-01 11:00:00,3306,3306,3308,3305,3580243,1083,2025-10-01 11:09:59
2025-10-01 11:10:00,3308,3305,3310,3300,34934339,10581,2025-10-01 11:19:59
2025-10-01 11:20:00,3305,3302,3305,3301,2533200,767,2025-10-01 11:29:59
2025-10-01 11:30:00,3303,3298,3305,3297,4645808,1407,2025-10-01 11:39:59
2025-10-01 11:40:00,3297,3300,3301,3290,8314761,2524,2025-10-01 11:49:59
2025-10-01 11:50:00,3300,3305,3306,3300,3804983,1152,2025-10-01 11:59:59
2025-10-01 12:00:00,3306,3302,3307,3302,2481245,751,2025-10-01 12:09:59
2025-10-01 12:10:00,3302,3300,3302,3298,1366350,414,2025-10-01 12:19:59
2025-10-01 12:20:00,3300,3297,3300,3292,5890199,1788,2025-10-01 12:29:59
2025-10-01 12:30:00,3298,3292,3302,3290,13732499,4172,2025-10-01 12:39:59
2025-10-01 12:40:00,3293,3297,3297,3290,2596724,789,2025-10-01 12:49:59
2025-10-01 12:50:00,3296,3293,3296,3290,9201942,2796,2025-10-01 12:59:59
2025-10-01 13:00:00,3294,3292,3295,3290,1389164,422,2025-10-01 13:09:59
2025-10-01 13:10:00,3293,3298,3298,3290,6769164,2057,2025-10-01 13:19:59
2025-10-01 13:20:00,3298,3286,3298,3286,5718111,1737,2025-10-01 13:29:59
2025-10-01 13:30:00,3286,3284,3286,3281,11215284,3417,2025-10-01 13:39:59
2025-10-01 13:40:00,3283,3281,3285,3280,4155303,1266,2025-10-01 13:49:59
2025-10-01 13:50:00,3281,3280,3283,3280,1981772,604,2025-10-01 13:59:08
2025-10-01 14:00:00,3280,3283,3283,3277,4179427,1274,2025-10-01 14:09:59
2025-10-01 14:10:00,3283,3281,3285,3280,2445970,745,2025-10-01 14:19:59
2025-10-01 14:20:00,3281,3283,3284,3277,1774599,541,2025-10-01 14:29:59
2025-10-01 14:30:00,3284,3283,3285,3277,4304252,1312,2025-10-01 14:39:59
2025-10-01 14:40:00,3280,3274,3280,3270,7249530,2214,2025-10-01 14:49:59
2025-10-01 14:50:00,3275,3282,3282,3275,1504590,459,2025-10-01 14:59:59
2025-10-01 15:00:00,3280,3267,3280,3263,21109714,6459,2025-10-01 15:09:59
2025-10-01 15:10:00,3267,3256,3268,3253,21754396,6679,2025-10-01 15:19:59
2025-10-01 15:20:00,3256,3246,3260,3240,14693695,4521,2025-10-01 15:29:59
2025-10-01 15:30:00,3247,3247,3257,3244,9142007,2813,2025-10-01 15:39:59
2025-10-01 15:40:00,3248,3248,3250,3245,4423556,1362,2025-10-01 15:49:59
2025-10-01 15:50:00,3248,3243,3250,3240,5518187,1701,2025-10-01 15:59:59
2025-10-01 16:00:00,3242,3242,3250,3240,9063299,2794,2025-10-01 16:09:59
2025-10-01 16:10:00,3243,3247,3250,3241,6517277,2008,2025-10-01 16:19:59
2025-10-01 16:20:00,3245,3239,3245,3237,4840366,1494,2025-10-01 16:29:59
2025-10-01 16:30:00,3239,3242,3243,3239,1092212,337,2025-10-01 16:39:59
2025-10-01 16:40:00,3243,3249,3249,3240,3168867,976,2025-10-01 16:49:59
2025-10-01 16:50:00,3248,3243,3249,3242,8679710,2675,2025-10-01 16:59:59
2025-10-01 17:00:00,3244,3231,3244,3231,8095756,2500,2025-10-01 17:09:59
2025-10-01 17:10:00,3232,3226,3233,3222,6327578,1961,2025-10-01 17:19:59
2025-10-01 17:20:00,3226,3198,3227,3188,39162749,12218,2025-10-01 17:29:59
2025-10-01 17:30:00,3197,3184,3200,3184,23755194,7437,2025-10-01 17:39:59
2025-10-01 17:40:00,3187,3166,3191,3164,36158180,11392,2025-10-01 17:49:59
2025-10-01 17:50:00,3167,3175,3176,3150,26840507,8490,2025-10-01 17:59:59
2025-10-01 18:00:00,3174,3190,3194,3174,14414971,4526,2025-10-01 18:09:59
2025-10-01 18:10:00,3191,3172,3196,3172,19899572,6256,2025-10-01 18:19:59
2025-10-01 18:20:00,3172,3176,3180,3170,9463808,2982,2025-10-01 18:29:59
2025-10-01 18:30:00,3176,3178,3181,3170,14275395,4501,2025-10-01 18:39:59
2025-10-01 18:40:00,3185,3185,3185,3185,1105195,347,2025-10-01 18:49:59
2025-10-01 19:00:00,3185,3189,3190,3185,9949594,3122,2025-10-01 19:09:59
2025-10-01 19:10:00,3189,3190,3190,3185,8671359,2722,2025-10-01 19:19:59
2025-10-01 19:20:00,3188,3190,3190,3186,1249776,392,2025-10-01 19:29:59
2025-10-01 19:30:00,3189,3187,3193,3186,2605905,817,2025-10-01 19:39:59
2025-10-01 19:40:00,3186,3187,3188,3185,2306460,724,2025-10-01 19:49:59
2025-10-01 19:50:00,3186,3188,3189,3185,595946,187,2025-10-01 19:59:59
2025-10-01 20:00:00,3188,3188,3190,3188,1119604,351,2025-10-01 20:09:59
2025-10-01 20:10:00,3188,3191,3192,3187,992055,311,2025-10-01 20:19:59
2025-10-01 20:20:00,3191,3188,3192,3187,462584,145,2025-10-01 20:29:59
2025-10-01 20:30:00,3188,3186,3188,3185,748881,235,2025-10-01 20:39:59
2025-10-01 20:40:00,3188,3185,3188,3185,1373217,431,2025-10-01 20:49:59
2025-10-01 20:50:00,3187,3189,3189,3185,1051420,330,2025-10-01 20:59:59
2025-10-01 21:00:00,3189,3186,3189,3185,4532650,1423,2025-10-01 21:09:59
2025-10-01 21:10:00,3186,3186,3187,3185,1688336,530,2025-10-01 21:19:59
2025-10-01 21:20:00,3186,3187,3189,3185,1341253,421,2025-10-01 21:29:59
2025-10-01 21:30:00,3187,3185,3189,3185,2765701,868,2025-10-01 21:39:59
2025-10-01 21:40:00,3187,3187,3188,3185,4514319,1417,2025-10-01 21:49:59
2025-10-01 21:50:00,3187,3186,3187,3185,971543,305,2025-10-01 21:59:59
2025-10-01 22:00:00,3186,3185,3186,3185,1051192,330,2025-10-01 22:09:59
2025-10-01 22:10:00,3185,3186,3186,3185,19206079,6030,2025-10-01 22:19:59
2025-10-01 22:20:00,3186,3185,3187,3185,21610349,6785,2025-10-01 22:29:59
2025-10-01 22:30:00,3185,3185,3186,3185,7475478,2347,2025-10-01 22:39:59
2025-10-01 22:40:00,3186,3186,3186,3185,1277300,401,2025-10-01 22:49:59
2025-10-01 22:50:00,3186,3185,3186,3185,2191413,688,2025-10-01 22:59:59
2025-10-01 23:00:00,3186,3186,3190,3185,5398694,1694,2025-10-01 23:09:59
2025-10-01 23:10:00,3188,3189,3190,3187,829054,260,2025-10-01 23:19:59
2025-10-01 23:20:00,3189,3189,3190,3187,1887736,592,2025-10-01 23:29:59
2025-10-01 23:30:00,3190,3186,3190,3185,2926876,918,2025-10-01 23:39:59
2025-10-01 23:40:00,3186,3186,3189,3185,7008355,2200,2025-10-01 23:49:59
2025-10-02 06:50:00,3175,3175,3175,3175,63500,20,2025-10-02 06:59:59
2025-10-02 07:00:00,3186,3143,3186,3143,10496762,3325,2025-10-02 07:09:59
2025-10-02 07:10:00,3143,3110,3146,3110,14733172,4718,2025-10-02 07:19:59
2025-10-02 07:20:00,3113,3094,3114,3090,18179323,5860,2025-10-02 07:29:59
2025-10-02 07:30:00,3092,3093,3109,3074,32570539,10541,2025-10-02 07:39:59
2025-10-02 07:40:00,3096,3066,3096,3062,14510429,4718,2025-10-02 07:49:59
2025-10-02 07:50:00,3065,3093,3099,3065,24203506,7860,2025-10-02 07:59:59
2025-10-02 08:00:00,3093,3072,3095,3069,17836616,5798,2025-10-02 08:09:59
2025-10-02 08:10:00,3072,3068,3082,3068,4632971,1507,2025-10-02 08:19:59
2025-10-02 08:20:00,3068,3064,3069,3061,5606636,1830,2025-10-02 08:29:59
2025-10-02 08:30:00,3064,3066,3072,3063,4328202,1411,2025-10-02 08:39:59
2025-10-02 08:40:00,3068,3079,3079,3066,7501140,2441,2025-10-02 08:49:59
2025-10-02 08:50:00,3079,3098,3110,3079,15888800,5131,2025-10-02 08:59:59
2025-10-02 09:00:00,3101,3093,3104,3090,12211577,3945,2025-10-02 09:09:59
2025-10-02 09:10:00,3093,3094,3094,3087,2939500,951,2025-10-02 09:19:59
2025-10-02 09:20:00,3094,3096,3096,3084,6671455,2159,2025-10-02 09:29:59
2025-10-02 09:30:00,3096,3094,3096,3091,1466942,474,2025-10-02 09:39:59
2025-10-02 09:40:00,3096,3093,3096,3091,1033127,334,2025-10-02 09:49:59
2025-10-02 09:50:00,3092,3089,3096,3088,7528618,2437,2025-10-02 09:59:59
2025-10-02 10:00:00,3090,3121,3138,3089,34583108,11103,2025-10-02 10:09:59
2025-10-02 10:10:00,3120,3127,3129,3120,17476042,5600,2025-10-02 10:19:59
2025-10-02 10:20:00,3127,3143,3147,3127,24320089,7748,2025-10-02 10:29:59
2025-10-02 10:30:00,3142,3146,3146,3140,11337283,3609,2025-10-02 10:39:59
2025-10-02 10:40:00,3144,3141,3147,3140,9153927,2914,2025-10-02 10:49:59
2025-10-02 10:50:00,3143,3140,3144,3140,7784833,2479,2025-10-02 10:59:59
2025-10-02 11:00:00,3140,3142,3144,3140,1841374,586,2025-10-02 11:09:59
2025-10-02 11:10:00,3142,3140,3144,3140,15911870,5067,2025-10-02 11:19:59
2025-10-02 11:20:00,3141,3140,3142,3140,27210219,8665,2025-10-02 11:29:59
2025-10-02 11:30:00,3141,3145,3148,3140,16593109,5282,2025-10-02 11:39:59
2025-10-02 11:40:00,3145,3144,3145,3140,9932031,3162,2025-10-02 11:49:59
2025-10-02 11:50:00,3144,3141,3144,3140,7179676,2286,2025-10-02 11:59:59
2025-10-02 12:00:00,3141,3141,3143,3140,12105359,3855,2025-10-02 12:09:59
2025-10-02 12:10:00,3141,3122,3141,3122,14817104,4729,2025-10-02 12:19:59
2025-10-02 12:20:00,3121,3114,3125,3101,19487417,6259,2025-10-02 12:29:59
2025-10-02 12:30:00,3114,3133,3134,3109,17191369,5511,2025-10-02 12:39:59
2025-10-02 12:40:00,3134,3137,3138,3130,9415229,3007,2025-10-02 12:49:59
2025-10-02 12:50:00,3138,3145,3146,3134,10505383,3346,2025-10-02 12:59:59
2025-10-02 13:00:00,3145,3155,3160,3144,14030537,4452,2025-10-02 13:09:59
2025-10-02 13:10:00,3153,3152,3154,3150,1620445,514,2025-10-02 13:19:59
2025-10-02 13:20:00,3153,3148,3155,3146,3093332,982,2025-10-02 13:29:59
2025-10-02 13:30:00,3148,3160,3160,3147,2747468,871,2025-10-02 13:39:59
2025-10-02 13:40:00,3159,3142,3159,3142,4033904,1281,2025-10-02 13:49:59
2025-10-02 13:50:00,3141,3138,3145,3132,4500334,1434,2025-10-02 13:59:59
2025-10-02 14:00:00,3138,3140,3140,3133,1575230,502,2025-10-02 14:09:59
2025-10-02 14:10:00,3138,3152,3155,3137,9956684,3165,2025-10-02 14:19:59
2025-10-02 14:20:00,3152,3154,3155,3152,447728,142,2025-10-02 14:29:59
2025-10-02 14:30:00,3154,3158,3159,3153,4751218,1505,2025-10-02 14:39:59
2025-10-02 14:40:00,3158,3154,3161,3150,12291248,3895,2025-10-02 14:49:59
2025-10-02 14:50:00,3154,3151,3157,3151,2951046,936,2025-10-02 14:59:59
2025-10-02 15:00:00,3151,3153,3156,3150,6878467,2183,2025-10-02 15:09:59
2025-10-02 15:10:00,3152,3153,3155,3152,422583,134,2025-10-02 15:19:59
2025-10-02 15:20:00,3153,3154,3155,3151,2348607,745,2025-10-02 15:29:59
2025-10-02 15:30:00,3153,3160,3160,3152,3547078,1124,2025-10-02 15:39:59
2025-10-02 15:40:00,3159,3167,3170,3158,9545336,3016,2025-10-02 15:49:59
2025-10-02 15:50:00,3166,3184,3185,3165,22246770,7008,2025-10-02 15:59:59
2025-10-02 16:00:00,3185,3187,3200,3183,12104903,3791,2025-10-02 16:09:59
2025-10-02 16:10:00,3187,3198,3198,3187,7642073,2392,2025-10-02 16:19:59
2025-10-02 16:20:00,3198,3189,3198,3185,7252909,2272,2025-10-02 16:29:59
2025-10-02 16:30:00,3189,3190,3192,3187,3179701,997,2025-10-02 16:39:59
2025-10-02 16:40:00,3190,3191,3191,3190,976223,306,2025-10-02 16:49:59
2025-10-02 16:50:00,3191,3208,3211,3190,22278736,6959,2025-10-02 16:59:59
2025-10-02 17:00:00,3208,3211,3216,3205,3916250,1220,2025-10-02 17:09:59
2025-10-02 17:10:00,3212,3202,3215,3199,38822745,12107,2025-10-02 17:19:59
2025-10-02 17:20:00,3201,3204,3204,3191,7383233,2309,2025-10-02 17:29:59
2025-10-02 17:30:00,3204,3188,3206,3180,15659041,4915,2025-10-02 17:39:59
2025-10-02 17:40:00,3186,3192,3195,3185,1326946,416,2025-10-02 17:49:59
2025-10-02 17:50:00,3193,3183,3195,3183,2455626,770,2025-10-02 17:59:09
2025-10-02 18:00:00,3184,3187,3189,3182,869417,273,2025-10-02 18:09:59
2025-10-02 18:10:00,3186,3180,3186,3180,2647825,832,2025-10-02 18:19:59
2025-10-02 18:20:00,3180,3186,3194,3180,8435232,2649,2025-10-02 18:29:59
2025-10-02 18:30:00,3186,3194,3194,3180,14503849,4557,2025-10-02 18:39:59
2025-10-02 18:40:00,3191,3191,3191,3191,197842,62,2025-10-02 18:49:59
2025-10-02 19:00:00,3191,3193,3193,3181,2167191,680,2025-10-02 19:09:59
2025-10-02 19:10:00,3193,3186,3195,3182,1454786,456,2025-10-02 19:19:59
2025-10-02 19:20:00,3185,3182,3185,3181,560002,176,2025-10-02 19:29:59
2025-10-02 19:30:00,3184,3185,3186,3181,1053846,331,2025-10-02 19:39:59
2025-10-02 19:40:00,3183,3183,3185,3181,1097683,345,2025-10-02 19:49:59
2025-10-02 19:50:00,3182,3185,3188,3180,1512774,475,2025-10-02 19:59:59
2025-10-02 20:00:00,3183,3181,3183,3181,594962,187,2025-10-02 20:09:59
2025-10-02 20:10:00,3182,3182,3183,3181,133644,42,2025-10-02 20:19:59
2025-10-02 20:20:00,3182,3183,3183,3182,149559,47,2025-10-02 20:29:59
2025-10-02 20:30:00,3182,3182,3183,3182,47738,15,2025-10-02 20:39:59
2025-10-02 20:40:00,3182,3187,3188,3182,741984,233,2025-10-02 20:49:59
2025-10-02 20:50:00,3187,3189,3191,3186,1332804,418,2025-10-02 20:59:59
2025-10-02 21:00:00,3189,3184,3191,3183,825611,259,2025-10-02 21:09:59
2025-10-02 21:10:00,3183,3181,3184,3180,2436648,766,2025-10-02 21:19:59
2025-10-02 21:20:00,3181,3181,3182,3180,744180,234,2025-10-02 21:29:59
2025-10-02 21:30:00,3181,3180,3182,3180,550191,173,2025-10-02 21:39:59
2025-10-02 21:40:00,3182,3180,3182,3180,540614,170,2025-10-02 21:49:59
2025-10-02 21:50:00,3180,3180,3181,3180,6573159,2067,2025-10-02 21:59:59
2025-10-02 22:00:00,3180,3168,3183,3167,8066354,2540,2025-10-02 22:09:59
2025-10-02 22:10:00,3167,3179,3179,3166,1326288,418,2025-10-02 22:19:59
2025-10-02 22:20:00,3179,3181,3181,3176,403700,127,2025-10-02 22:29:59
2025-10-02 22:30:00,3181,3168,3181,3168,758609,239,2025-10-02 22:39:59
2025-10-02 22:40:00,3172,3189,3191,3172,499348,157,2025-10-02 22:49:59
2025-10-02 22:50:00,3190,3190,3191,3189,628368,197,2025-10-02 22:59:59
2025-10-02 23:00:00,3190,3192,3193,3190,296767,93,2025-10-02 23:09:59
2025-10-02 23:10:00,3192,3182,3193,3182,2469812,775,2025-10-02 23:19:59
2025-10-02 23:20:00,3183,3185,3186,3181,1691376,531,2025-10-02 23:29:59
2025-10-02 23:30:00,3186,3193,3194,3186,1487320,466,2025-10-02 23:39:59
2025-10-02 23:40:00,3193,3188,3193,3184,529155,166,2025-10-02 23:49:59
2025-10-03 07:00:00,3190,3202,3203,3190,2194326,686,2025-10-03 07:09:59
2025-10-03 07:10:00,3202,3200,3202,3198,188813,59,2025-10-03 07:19:59
2025-10-03 07:20:00,3200,3204,3204,3200,371485,116,2025-10-03 07:29:59
2025-10-03 07:30:00,3205,3218,3223,3205,10235137,3183,2025-10-03 07:39:59
2025-10-03 07:40:00,3218,3215,3220,3211,871584,271,2025-10-03 07:49:59
2025-10-03 07:50:00,3215,3215,3215,3211,205557,64,2025-10-03 07:57:01
2025-10-03 08:00:00,3214,3213,3215,3213,260357,81,2025-10-03 08:09:59
2025-10-03 08:10:00,3214,3215,3215,3213,173562,54,2025-10-03 08:19:59
2025-10-03 08:20:00,3215,3211,3221,3211,2358857,734,2025-10-03 08:29:59
2025-10-03 08:30:00,3210,3209,3213,3209,321028,100,2025-10-03 08:39:59
2025-10-03 08:40:00,3209,3212,3212,3204,1116078,348,2025-10-03 08:49:59
2025-10-03 08:50:00,3212,3214,3215,3212,80331,25,2025-10-03 08:59:59
2025-10-03 09:00:00,3214,3212,3215,3210,321396,100,2025-10-03 09:09:59
2025-10-03 09:10:00,3213,3208,3213,3203,1231546,384,2025-10-03 09:19:59
2025-10-03 09:20:00,3208,3198,3211,3198,663170,207,2025-10-03 09:29:59
2025-10-03 09:30:00,3200,3198,3202,3196,550195,172,2025-10-03 09:39:59
2025-10-03 09:40:00,3198,3201,3202,3194,3624320,1134,2025-10-03 09:49:59
2025-10-03 09:50:00,3201,3195,3205,3193,5990989,1874,2025-10-03 09:59:59
2025-10-03 10:00:00,3196,3201,3201,3194,5677010,1774,2025-10-03 10:09:59
2025-10-03 10:10:00,3201,3196,3201,3189,6876442,2153,2025-10-03 10:19:59
2025-10-03 10:20:00,3198,3180,3198,3180,10544339,3308,2025-10-03 10:29:59
2025-10-03 10:30:00,3181,3174,3184,3173,6246493,1965,2025-10-03 10:39:59
2025-10-03 10:40:00,3174,3176,3179,3167,11524070,3631,2025-10-03 10:49:59
2025-10-03 10:50:00,3177,3179,3179,3176,2466586,776,2025-10-03 10:59:59
2025-10-03 11:00:00,3179,3192,3193,3179,5173006,1624,2025-10-03 11:09:59
2025-10-03 11:10:00,3192,3201,3201,3192,5691385,1781,2025-10-03 11:19:59
2025-10-03 11:20:00,3200,3195,3200,3194,1563294,489,2025-10-03 11:29:59
2025-10-03 11:30:00,3195,3195,3195,3194,1539887,482,2025-10-03 11:39:59
2025-10-03 11:40:00,3195,3193,3195,3191,3111221,974,2025-10-03 11:49:59
2025-10-03 11:50:00,3193,3189,3193,3186,1594735,500,2025-10-03 11:59:59
2025-10-03 12:00:00,3187,3190,3190,3185,2595852,814,2025-10-03 12:09:59
2025-10-03 12:10:00,3190,3189,3190,3188,842081,264,2025-10-03 12:19:59
2025-10-03 12:20:00,3190,3188,3190,3184,1348379,423,2025-10-03 12:29:59
2025-10-03 12:30:00,3187,3174,3187,3174,2479835,780,2025-10-03 12:39:59
2025-10-03 12:40:00,3176,3174,3177,3166,6236788,1967,2025-10-03 12:49:59
2025-10-03 12:50:00,3175,3163,3178,3161,7661529,2418,2025-10-03 12:59:59
2025-10-03 13:00:00,3163,3155,3163,3150,12684559,4023,2025-10-03 13:09:59
2025-10-03 13:10:00,3153,3164,3164,3152,6243553,1978,2025-10-03 13:19:59
2025-10-03 13:20:00,3161,3151,3164,3150,5175991,1641,2025-10-03 13:29:59
2025-10-03 13:30:00,3150,3150,3151,3145,5778696,1835,2025-10-03 13:39:59
2025-10-03 13:40:00,3148,3146,3150,3145,1407005,447,2025-10-03 13:49:59
2025-10-03 13:50:00,3145,3146,3146,3140,4978516,1584,2025-10-03 13:59:59
2025-10-03 14:00:00,3146,3121,3146,3113,12377300,3957,2025-10-03 14:09:59
2025-10-03 14:10:00,3119,3085,3132,3070,129995963,42011,2025-10-03 14:19:59
2025-10-03 14:20:00,3087,3104,3106,3085,13751548,4435,2025-10-03 14:29:59
2025-10-03 14:30:00,3104,3086,3104,3084,35968375,11646,2025-10-03 14:39:59
2025-10-03 14:40:00,3086,3095,3098,3084,20047736,6496,2025-10-03 14:49:59
2025-10-03 14:50:00,3095,3112,3118,3094,26697715,8604,2025-10-03 14:59:59
2025-10-03 15:00:00,3111,3121,3124,3108,6390590,2050,2025-10-03 15:09:59
2025-10-03 15:10:00,3123,3111,3123,3107,13203734,4243,2025-10-03 15:19:59
2025-10-03 15:20:00,3112,3121,3123,3100,15710961,5058,2025-10-03 15:29:59
2025-10-03 15:30:00,3122,3130,3130,3121,6090703,1949,2025-10-03 15:39:59
2025-10-03 15:40:00,3130,3130,3135,3128,2454129,784,2025-10-03 15:49:59
2025-10-03 15:50:00,3130,3142,3144,3130,1996008,636,2025-10-03 15:59:59
2025-10-03 16:00:00,3141,3139,3143,3131,4753583,1515,2025-10-03 16:09:59
2025-10-03 16:10:00,3137,3138,3139,3131,6057817,1932,2025-10-03 16:19:59
2025-10-03 16:20:00,3139,3134,3143,3126,4473886,1427,2025-10-03 16:29:59
2025-10-03 16:30:00,3134,3139,3140,3126,7010427,2237,2025-10-03 16:39:59
2025-10-03 16:40:00,3140,3143,3145,3138,3189447,1015,2025-10-03 16:49:59
2025-10-03 16:50:00,3143,3140,3144,3134,1751962,558,2025-10-03 16:59:59
2025-10-03 17:00:00,3140,3139,3143,3136,2960661,943,2025-10-03 17:09:59
2025-10-03 17:10:00,3139,3149,3150,3138,17480037,5563,2025-10-03 17:19:59
2025-10-03 17:20:00,3148,3145,3150,3141,3560239,1132,2025-10-03 17:29:59
2025-10-03 17:30:00,3145,3144,3149,3140,12848842,4089,2025-10-03 17:39:59
2025-10-03 17:40:00,3144,3148,3151,3141,9129750,2902,2025-10-03 17:49:59
2025-10-03 17:50:00,3148,3149,3149,3146,1060871,337,2025-10-03 17:59:59
2025-10-03 18:00:00,3149,3153,3158,3148,4028290,1278,2025-10-03 18:09:59
2025-10-03 18:10:00,3153,3153,3156,3151,1154348,366,2025-10-03 18:19:59
2025-10-03 18:20:00,3152,3160,3160,3152,9709013,3074,2025-10-03 18:29:59
2025-10-03 18:30:00,3158,3151,3161,3151,11594293,3677,2025-10-03 18:39:59
2025-10-03 18:40:00,3157,3157,3157,3157,75768,24,2025-10-03 18:49:59
2025-10-03 19:00:00,3158,3153,3158,3151,6989536,2218,2025-10-03 19:09:59
2025-10-03 19:10:00,3151,3152,3153,3151,3416227,1084,2025-10-03 19:19:59
2025-10-03 19:20:00,3151,3153,3155,3151,4443502,1410,2025-10-03 19:29:59
2025-10-03 19:30:00,3152,3142,3154,3140,8320768,2644,2025-10-03 19:39:59
2025-10-03 19:40:00,3140,3130,3142,3127,3224601,1029,2025-10-03 19:49:59
2025-10-03 19:50:00,3134,3133,3139,3132,887560,283,2025-10-03 19:59:59
2025-10-03 20:00:00,3132,3142,3142,3132,1107852,353,2025-10-03 20:09:59
2025-10-03 20:10:00,3143,3138,3144,3134,2114897,674,2025-10-03 20:19:59
2025-10-03 20:20:00,3138,3130,3139,3128,2625439,838,2025-10-03 20:29:59
2025-10-03 20:30:00,3131,3134,3136,3131,1456477,465,2025-10-03 20:39:59
2025-10-03 20:40:00,3134,3135,3136,3130,476284,152,2025-10-03 20:49:59
2025-10-03 20:50:00,3135,3139,3140,3132,552081,176,2025-10-03 20:59:59
2025-10-03 21:00:00,3138,3136,3138,3132,743244,237,2025-10-03 21:09:59
2025-10-03 21:10:00,3138,3136,3141,3130,2274596,726,2025-10-03 21:19:59
2025-10-03 21:20:00,3136,3137,3138,3133,345004,110,2025-10-03 21:29:59
2025-10-03 21:30:00,3136,3140,3146,3134,1934198,616,2025-10-03 21:39:59
2025-10-03 21:40:00,3142,3138,3143,3131,1166141,372,2025-10-03 21:49:59
2025-10-03 21:50:00,3138,3130,3141,3129,889886,284,2025-10-03 21:59:59
2025-10-03 22:00:00,3130,3128,3130,3125,975443,312,2025-10-03 22:09:59
2025-10-03 22:10:00,3128,3126,3128,3123,1262057,404,2025-10-03 22:19:59
2025-10-03 22:20:00,3124,3127,3128,3123,603090,193,2025-10-03 22:29:59
2025-10-03 22:30:00,3127,3126,3129,3123,965886,309,2025-10-03 22:39:59
2025-10-03 22:40:00,3128,3128,3128,3126,90688,29,2025-10-03 22:49:59
2025-10-03 22:50:00,3128,3131,3131,3126,541348,173,2025-10-03 22:59:59
2025-10-03 23:00:00,3131,3131,3134,3126,560454,179,2025-10-03 23:09:59
2025-10-03 23:10:00,3130,3128,3131,3125,240769,77,2025-10-03 23:19:59
2025-10-03 23:20:00,3127,3124,3130,3122,1796207,575,2025-10-03 23:29:59
2025-10-03 23:30:00,3123,3125,3125,3122,512102,164,2025-10-03 23:39:59
2025-10-03 23:40:00,3125,3122,3125,3122,1473838,472,2025-10-03 23:49:59
2025-10-04 09:50:00,3119,3119,3119,3119,311900,100,2025-10-04 09:59:59
2025-10-04 10:00:00,3119,3122,3144,3118,424993,136,2025-10-04 10:09:59
2025-10-04 10:10:00,3121,3109,3122,3106,1485251,477,2025-10-04 10:19:59
2025-10-04 10:20:00,3109,3111,3111,3101,1158921,373,2025-10-04 10:29:59
2025-10-04 10:30:00,3109,3102,3116,3102,2557064,823,2025-10-04 10:39:59
2025-10-04 10:40:00,3102,3098,3104,3097,2743008,885,2025-10-04 10:49:59
2025-10-04 10:50:00,3098,3099,3100,3093,1780243,575,2025-10-04 10:59:59
2025-10-04 11:00:00,3100,3094,3100,3093,622019,201,2025-10-04 11:09:59
2025-10-04 11:10:00,3093,3094,3097,3090,1490620,482,2025-10-04 11:19:59
2025-10-04 11:20:00,3093,3087,3094,3087,1127836,365,2025-10-04 11:29:59
2025-10-04 11:30:00,3090,3092,3093,3087,772278,250,2025-10-04 11:39:59
2025-10-04 11:40:00,3092,3093,3093,3090,346281,112,2025-10-04 11:49:59
2025-10-04 11:50:00,3093,3102,3103,3089,1808482,584,2025-10-04 11:59:59
2025-10-04 12:00:00,3098,3096,3100,3094,1826217,590,2025-10-04 12:09:59
2025-10-04 12:10:00,3094,3081,3094,3080,4462313,1447,2025-10-04 12:19:59
2025-10-04 12:20:00,3083,3085,3087,3080,1075440,349,2025-10-04 12:29:59
2025-10-04 12:30:00,3087,3082,3089,3080,761581,247,2025-10-04 12:39:59
2025-10-04 12:40:00,3084,3087,3088,3084,382678,124,2025-10-04 12:49:59
2025-10-04 12:50:00,3087,3086,3088,3084,549502,178,2025-10-04 12:59:59
2025-10-04 13:00:00,3086,3082,3086,3081,443906,144,2025-10-04 13:09:59
2025-10-04 13:10:00,3085,3086,3086,3081,169649,55,2025-10-04 13:19:59
2025-10-04 13:20:00,3086,3086,3086,3082,265181,86,2025-10-04 13:29:59
2025-10-04 13:30:00,3086,3081,3086,3081,1214523,394,2025-10-04 13:39:59
2025-10-04 13:40:00,3081,3080,3082,3079,1025731,333,2025-10-04 13:49:59
2025-10-04 13:50:00,3082,3083,3085,3080,483730,157,2025-10-04 13:59:59
2025-10-04 14:00:00,3081,3082,3085,3080,594762,193,2025-10-04 14:09:59
2025-10-04 14:10:00,3082,3080,3084,3079,1016504,330,2025-10-04 14:19:59
2025-10-04 14:20:00,3080,3081,3083,3076,815852,265,2025-10-04 14:29:59
2025-10-04 14:30:00,3080,3079,3080,3076,772261,251,2025-10-04 14:39:59
2025-10-04 14:40:00,3079,3080,3080,3078,274042,89,2025-10-04 14:49:59
2025-10-04 14:50:00,3080,3083,3085,3080,271199,88,2025-10-04 14:59:59
2025-10-04 15:00:00,3083,3087,3088,3083,2114919,685,2025-10-04 15:09:59
2025-10-04 15:10:00,3087,3086,3088,3085,1444715,468,2025-10-04 15:19:59
2025-10-04 15:20:00,3088,3086,3088,3083,157407,51,2025-10-04 15:29:59
2025-10-04 15:30:00,3087,3088,3088,3085,61742,20,2025-10-04 15:39:59
2025-10-04 15:40:00,3088,3096,3097,3087,1187352,384,2025-10-04 15:49:59
2025-10-04 15:50:00,3096,3100,3100,3096,1570606,507,2025-10-04 15:59:59
2025-10-04 16:00:00,3098,3099,3100,3094,439796,142,2025-10-04 16:09:59
2025-10-04 16:10:00,3099,3103,3103,3096,403010,130,2025-10-04 16:19:59
2025-10-04 16:20:00,3103,3094,3103,3091,1343332,434,2025-10-04 16:29:59
2025-10-04 16:30:00,3094,3091,3095,3085,386116,125,2025-10-04 16:39:59
2025-10-04 16:40:00,3090,3085,3090,3079,801233,260,2025-10-04 16:49:59
2025-10-04 16:50:00,3086,3090,3093,3086,120507,39,2025-10-04 16:59:01
2025-10-04 17:00:00,3090,3090,3092,3085,126682,41,2025-10-04 17:09:59
2025-10-04 17:10:00,3087,3090,3091,3087,92678,30,2025-10-04 17:19:59
2025-10-04 17:20:00,3090,3086,3090,3085,92622,30,2025-10-04 17:29:59
2025-10-04 17:30:00,3085,3082,3085,3081,151017,49,2025-10-04 17:39:59
2025-10-04 17:40:00,3082,3089,3089,3082,391673,127,2025-10-04 17:49:59
2025-10-04 17:50:00,3088,3092,3092,3088,123625,40,2025-10-04 17:59:59
2025-10-04 18:00:00,3092,3085,3092,3084,333317,108,2025-10-04 18:09:59
2025-10-04 18:10:00,3084,3089,3089,3083,441101,143,2025-10-04 18:19:59
2025-10-04 18:20:00,3089,3095,3095,3086,1492285,483,2025-10-04 18:29:59
2025-10-04 18:30:00,3095,3095,3096,3091,253799,82,2025-10-04 18:39:59
2025-10-04 18:40:00,3095,3091,3095,3088,203980,66,2025-10-04 18:49:59
2025-10-04 18:50:00,3089,3092,3094,3082,941279,305,2025-10-04 18:59:59
2025-10-05 09:50:00,3092,3092,3092,3092,89668,29,2025-10-05 09:59:59
2025-10-05 10:00:00,3092,3086,3092,3085,615047,199,2025-10-05 10:09:59
2025-10-05 10:10:00,3088,3086,3089,3086,296329,96,2025-10-05 10:19:59
2025-10-05 10:20:00,3086,3091,3091,3086,392252,127,2025-10-05 10:29:59
2025-10-05 10:30:00,3089,3087,3091,3086,509781,165,2025-10-05 10:39:59
2025-10-05 10:40:00,3087,3092,3092,3085,497251,161,2025-10-05 10:49:59
2025-10-05 10:50:00,3088,3090,3092,3088,250330,81,2025-10-05 10:59:59
2025-10-05 11:00:00,3088,3086,3091,3080,6564338,2129,2025-10-05 11:09:59
2025-10-05 11:10:00,3088,3090,3090,3086,111137,36,2025-10-05 11:19:59
2025-10-05 11:20:00,3090,3090,3090,3088,191573,62,2025-10-05 11:29:59
2025-10-05 11:30:00,3089,3087,3089,3084,502966,163,2025-10-05 11:39:59
2025-10-05 11:40:00,3088,3090,3090,3087,114265,37,2025-10-05 11:49:59
2025-10-05 11:50:00,3089,3089,3091,3088,52523,17,2025-10-05 11:59:59
2025-10-05 12:00:00,3091,3091,3091,3088,111227,36,2025-10-05 12:09:59
2025-10-05 12:10:00,3092,3092,3097,3092,749001,242,2025-10-05 12:19:59
2025-10-05 12:20:00,3093,3093,3097,3093,164065,53,2025-10-05 12:29:59
2025-10-05 12:30:00,3095,3090,3095,3088,423262,137,2025-10-05 12:39:59
2025-10-05 12:40:00,3091,3093,3094,3088,160740,52,2025-10-05 12:49:59
2025-10-05 12:50:00,3090,3093,3094,3090,37110,12,2025-10-05 12:59:59
2025-10-05 13:00:00,3094,3096,3096,3093,179451,58,2025-10-05 13:09:59
2025-10-05 13:10:00,3093,3092,3093,3091,95868,31,2025-10-05 13:19:59
2025-10-05 13:20:00,3093,3093,3095,3092,34023,11,2025-10-05 13:29:59
2025-10-05 13:30:00,3093,3094,3095,3089,504001,163,2025-10-05 13:39:59
2025-10-05 13:40:00,3093,3093,3093,3091,74188,24,2025-10-05 13:49:59
2025-10-05 13:50:00,3093,3094,3095,3093,68063,22,2025-10-05 13:59:59
2025-10-05 14:00:00,3093,3095,3096,3093,170174,55,2025-10-05 14:09:59
2025-10-05 14:10:00,3094,3097,3099,3094,164116,53,2025-10-05 14:19:59
2025-10-05 14:20:00,3097,3103,3103,3095,1023149,330,2025-10-05 14:29:59
2025-10-05 14:30:00,3100,3110,3115,3100,4175530,1343,2025-10-05 14:39:59
2025-10-05 14:40:00,3110,3112,3114,3110,591164,190,2025-10-05 14:49:59
2025-10-05 14:50:00,3110,3105,3112,3105,189588,61,2025-10-05 14:59:01
2025-10-05 15:00:00,3106,3111,3111,3103,431586,139,2025-10-05 15:09:59
2025-10-05 15:10:00,3110,3107,3110,3107,139865,45,2025-10-05 15:19:59
2025-10-05 15:20:00,3109,3110,3111,3109,286098,92,2025-10-05 15:29:59
2025-10-05 15:30:00,3111,3111,3111,3111,96441,31,2025-10-05 15:39:59
2025-10-05 15:40:00,3111,3111,3114,3111,233474,75,2025-10-05 15:49:59
2025-10-05 15:50:00,3113,3111,3114,3110,118227,38,2025-10-05 15:59:06
2025-10-05 16:00:00,3111,3108,3111,3108,481966,155,2025-10-05 16:09:59
2025-10-05 16:10:00,3108,3106,3108,3106,478432,154,2025-10-05 16:19:59
2025-10-05 16:20:00,3105,3106,3106,3103,1211116,390,2025-10-05 16:29:59
2025-10-05 16:30:00,3106,3105,3106,3105,152188,49,2025-10-05 16:39:59
2025-10-05 16:40:00,3106,3106,3106,3105,27952,9,2025-10-05 16:49:59
2025-10-05 16:50:00,3106,3106,3106,3105,18632,6,2025-10-05 16:59:59
2025-10-05 17:00:00,3105,3104,3106,3104,335356,108,2025-10-05 17:09:59
2025-10-05 17:10:00,3106,3107,3111,3105,86984,28,2025-10-05 17:19:59
2025-10-05 17:20:00,3107,3105,3110,3105,531261,171,2025-10-05 17:29:59
2025-10-05 17:30:00,3105,3108,3108,3105,59032,19,2025-10-05 17:39:59
2025-10-05 17:40:00,3110,3111,3111,3109,410513,132,2025-10-05 17:49:59
2025-10-05 17:50:00,3111,3106,3111,3106,419724,135,2025-10-05 17:59:59
2025-10-05 18:00:00,3109,3108,3109,3106,31070,10,2025-10-05 18:09:59
2025-10-05 18:10:00,3109,3109,3109,3109,102597,33,2025-10-05 18:19:59
2025-10-05 18:20:00,3108,3109,3109,3106,102555,33,2025-10-05 18:29:59
2025-10-05 18:30:00,3107,3111,3115,3107,846236,272,2025-10-05 18:39:59
2025-10-05 18:40:00,3110,3112,3113,3107,282952,91,2025-10-05 18:49:59
2025-10-05 18:50:00,3113,3113,3113,3111,174315,56,2025-10-05 18:59:59
2025-10-06 06:50:00,3118,3118,3118,3118,90422,29,2025-10-06 06:59:59
2025-10-06 07:00:00,3119,3119,3125,3115,3983024,1277,2025-10-06 07:09:59
2025-10-06 07:10:00,3119,3121,3124,3116,461598,148,2025-10-06 07:19:59
2025-10-06 07:20:00,3121,3125,3125,3118,480732,154,2025-10-06 07:29:59
2025-10-06 07:30:00,3122,3115,3122,3115,1293728,415,2025-10-06 07:39:59
2025-10-06 07:40:00,3115,3114,3115,3112,423451,136,2025-10-06 07:49:59
2025-10-06 07:50:00,3114,3121,3121,3114,629815,202,2025-10-06 07:59:01
2025-10-06 08:00:00,3122,3121,3125,3117,561867,180,2025-10-06 08:09:59
2025-10-06 08:10:00,3124,3127,3127,3123,706412,226,2025-10-06 08:19:59
2025-10-06 08:20:00,3127,3130,3130,3127,456762,146,2025-10-06 08:29:59
2025-10-06 08:30:00,3130,3130,3130,3127,644740,206,2025-10-06 08:39:59
2025-10-06 08:40:00,3129,3128,3130,3127,625747,200,2025-10-06 08:49:59
2025-10-06 08:50:00,3128,3134,3135,3128,1841610,588,2025-10-06 08:59:01
2025-10-06 09:00:00,3134,3124,3135,3122,794273,254,2025-10-06 09:09:59
2025-10-06 09:10:00,3123,3127,3127,3117,1120044,359,2025-10-06 09:19:59
2025-10-06 09:20:00,3126,3123,3128,3120,362263,116,2025-10-06 09:29:59
2025-10-06 09:30:00,3123,3125,3126,3123,150010,48,2025-10-06 09:39:59
2025-10-06 09:40:00,3125,3125,3126,3125,140636,45,2025-10-06 09:49:59
2025-10-06 09:50:00,3125,3125,3125,3122,505996,162,2025-10-06 09:59:59
2025-10-06 10:00:00,3124,3136,3136,3120,5841814,1869,2025-10-06 10:09:59
2025-10-06 10:10:00,3135,3154,3154,3135,2596525,826,2025-10-06 10:19:59
2025-10-06 10:20:00,3153,3164,3165,3150,7309562,2315,2025-10-06 10:29:59
2025-10-06 10:30:00,3164,3180,3184,3160,8937708,2816,2025-10-06 10:39:59
2025-10-06 10:40:00,3178,3170,3178,3169,5600797,1765,2025-10-06 10:49:59
2025-10-06 10:50:00,3170,3179,3180,3169,4194220,1320,2025-10-06 10:59:59
2025-10-06 11:00:00,3180,3178,3181,3160,9437359,2975,2025-10-06 11:09:59
2025-10-06 11:10:00,3177,3165,3178,3160,8448144,2666,2025-10-06 11:19:59
2025-10-06 11:20:00,3166,3167,3178,3161,13508831,4260,2025-10-06 11:29:59
2025-10-06 11:30:00,3167,3167,3174,3161,3598485,1136,2025-10-06 11:39:59
2025-10-06 11:40:00,3167,3163,3170,3161,2870750,907,2025-10-06 11:49:59
2025-10-06 11:50:00,3163,3163,3164,3159,9549560,3022,2025-10-06 11:59:59
2025-10-06 12:00:00,3163,3166,3178,3162,9200884,2904,2025-10-06 12:09:59
2025-10-06 12:10:00,3166,3163,3168,3160,6239911,1972,2025-10-06 12:19:59
2025-10-06 12:20:00,3163,3164,3169,3163,7280204,2300,2025-10-06 12:29:59
2025-10-06 12:30:00,3164,3130,3171,3127,65350032,20719,2025-10-06 12:39:59
2025-10-06 12:40:00,3130,3120,3131,3092,61785579,19858,2025-10-06 12:49:59
2025-10-06 12:50:00,3120,3128,3128,3113,10395229,3330,2025-10-06 12:59:59
2025-10-06 13:00:00,3128,3146,3156,3116,22476701,7161,2025-10-06 13:09:59
2025-10-06 13:10:00,3147,3130,3149,3128,11637477,3712,2025-10-06 13:19:59
2025-10-06 13:20:00,3130,3123,3135,3121,11181317,3577,2025-10-06 13:29:59
2025-10-06 13:30:00,3123,3115,3127,3114,5015622,1607,2025-10-06 13:39:59
2025-10-06 13:40:00,3115,3117,3118,3111,5549969,1782,2025-10-06 13:49:59
2025-10-06 13:50:00,3117,3118,3120,3111,6147411,1975,2025-10-06 13:59:59
2025-10-06 14:00:00,3117,3121,3146,3113,16756394,5361,2025-10-06 14:09:59
2025-10-06 14:10:00,3121,3114,3123,3111,15313403,4919,2025-10-06 14:19:59
2025-10-06 14:20:00,3112,3100,3113,3100,17774332,5722,2025-10-06 14:29:59
2025-10-06 14:30:00,3101,3104,3110,3099,16458507,5298,2025-10-06 14:39:59
2025-10-06 14:40:00,3103,3094,3107,3093,6242674,2015,2025-10-06 14:49:59
2025-10-06 14:50:00,3093,3073,3095,3063,30017039,9747,2025-10-06 14:59:59
2025-10-06 15:00:00,3075,3059,3078,3052,28601427,9330,2025-10-06 15:09:59
2025-10-06 15:10:00,3059,3041,3064,3035,29513889,9683,2025-10-06 15:19:59
2025-10-06 15:20:00,3042,3033,3053,3027,20644874,6795,2025-10-06 15:29:59
2025-10-06 15:30:00,3033,3041,3044,3023,21305874,7023,2025-10-06 15:39:59
2025-10-06 15:40:00,3042,3047,3064,3032,31094862,10199,2025-10-06 15:49:59
2025-10-06 15:50:00,3044,3032,3047,3031,8810064,2899,2025-10-06 15:59:59
2025-10-06 16:00:00,3031,3047,3050,3028,16532473,5441,2025-10-06 16:09:59
2025-10-06 16:10:00,3048,3053,3054,3047,18309794,6000,2025-10-06 16:19:59
2025-10-06 16:20:00,3052,3048,3054,3046,9631579,3157,2025-10-06 16:29:59
2025-10-06 16:30:00,3048,3052,3054,3047,16721106,5479,2025-10-06 16:39:59
2025-10-06 16:40:00,3052,3075,3089,3047,43002191,14034,2025-10-06 16:49:59
2025-10-06 16:50:00,3075,3098,3113,3075,37148893,12000,2025-10-06 16:59:59
2025-10-06 17:00:00,3097,3087,3098,3076,31437487,10196,2025-10-06 17:09:59
2025-10-06 17:10:00,3089,3085,3095,3078,24805491,8036,2025-10-06 17:19:59
2025-10-06 17:20:00,3088,3085,3089,3067,20547382,6679,2025-10-06 17:29:59
2025-10-06 17:30:00,3087,3085,3090,3082,10257493,3324,2025-10-06 17:39:59
2025-10-06 17:40:00,3085,3066,3090,3066,20038514,6510,2025-10-06 17:49:59
2025-10-06 17:50:00,3069,3074,3085,3066,13589894,4418,2025-10-06 17:59:59
2025-10-06 18:00:00,3076,3081,3088,3070,8535112,2773,2025-10-06 18:09:59
2025-10-06 18:10:00,3083,3096,3097,3078,7720470,2500,2025-10-06 18:19:59
2025-10-06 18:20:00,3095,3091,3096,3088,7339776,2376,2025-10-06 18:29:59
2025-10-06 18:30:00,3091,3100,3109,3091,16057570,5174,2025-10-06 18:39:59
2025-10-06 18:40:00,3107,3107,3107,3107,391482,126,2025-10-06 18:49:59
2025-10-06 19:00:00,3107,3101,3109,3100,6473564,2085,2025-10-06 19:09:59
2025-10-06 19:10:00,3100,3104,3110,3100,3205930,1032,2025-10-06 19:19:59
2025-10-06 19:20:00,3108,3102,3109,3102,785679,253,2025-10-06 19:29:59
2025-10-06 19:30:00,3105,3105,3106,3101,962272,310,2025-10-06 19:39:59
2025-10-06 19:40:00,3105,3108,3109,3105,752082,242,2025-10-06 19:49:59
2025-10-06 19:50:00,3109,3112,3113,3108,1832059,589,2025-10-06 19:59:59
2025-10-06 20:00:00,3113,3113,3113,3112,526019,169,2025-10-06 20:09:59
2025-10-06 20:10:00,3113,3115,3117,3110,1666081,535,2025-10-06 20:19:59
2025-10-06 20:20:00,3114,3115,3117,3112,569983,183,2025-10-06 20:29:59
2025-10-06 20:30:00,3115,3109,3115,3109,833490,268,2025-10-06 20:39:59
2025-10-06 20:40:00,3112,3105,3112,3101,975418,314,2025-10-06 20:49:59
2025-10-06 20:50:00,3105,3105,3105,3102,102441,33,2025-10-06 20:59:59
2025-10-06 21:00:00,3102,3103,3104,3102,350622,113,2025-10-06 21:09:59
2025-10-06 21:10:00,3103,3105,3105,3103,322841,104,2025-10-06 21:19:59
2025-10-06 21:20:00,3105,3103,3105,3100,611056,197,2025-10-06 21:29:59
2025-10-06 21:30:00,3101,3104,3104,3101,142749,46,2025-10-06 21:39:59
2025-10-06 21:40:00,3102,3105,3105,3100,1280970,413,2025-10-06 21:49:59
2025-10-06 21:50:00,3104,3112,3112,3101,1326507,427,2025-10-06 21:59:59
2025-10-06 22:00:00,3112,3109,3113,3105,323322,104,2025-10-06 22:09:59
2025-10-06 22:10:00,3112,3112,3114,3110,152531,49,2025-10-06 22:19:59
2025-10-06 22:20:00,3113,3118,3120,3106,11697944,3753,2025-10-06 22:29:59
2025-10-06 22:30:00,3118,3122,3123,3118,1347821,432,2025-10-06 22:39:59
2025-10-06 22:40:00,3122,3121,3123,3121,324743,104,2025-10-06 22:49:59
2025-10-06 22:50:00,3122,3121,3123,3118,1603254,514,2025-10-06 22:59:05
2025-10-06 23:00:00,3121,3121,3122,3120,902019,289,2025-10-06 23:09:59
2025-10-06 23:10:00,3120,3119,3122,3116,783058,251,2025-10-06 23:19:59
2025-10-06 23:20:00,3118,3118,3118,3109,1379659,443,2025-10-06 23:29:59
2025-10-06 23:30:00,3117,3114,3119,3112,557788,179,2025-10-06 23:39:59
2025-10-06 23:40:00,3111,3115,3119,3110,931316,299,2025-10-06 23:49:59
2025-10-07 06:50:00,3112,3112,3112,3112,105808,34,2025-10-07 06:59:59
2025-10-07 07:00:00,3112,3108,3112,3094,1936663,624,2025-10-07 07:09:59
2025-10-07 07:10:00,3108,3115,3116,3108,2235314,718,2025-10-07 07:19:59
2025-10-07 07:20:00,3111,3106,3120,3105,4038828,1296,2025-10-07 07:29:59
2025-10-07 07:30:00,3106,3110,3113,3106,391866,126,2025-10-07 07:39:59
2025-10-07 07:40:00,3110,3112,3115,3110,130706,42,2025-10-07 07:49:59
2025-10-07 07:50:00,3112,3112,3115,3110,438725,141,2025-10-07 07:59:02
2025-10-07 08:00:00,3112,3108,3112,3102,1059314,341,2025-10-07 08:09:59
2025-10-07 08:10:00,3108,3105,3108,3104,208083,67,2025-10-07 08:19:59
2025-10-07 08:20:00,3107,3117,3122,3107,1691801,543,2025-10-07 08:29:59
2025-10-07 08:30:00,3117,3117,3117,3116,361569,116,2025-10-07 08:39:59
2025-10-07 08:40:00,3117,3125,3125,3115,1457435,467,2025-10-07 08:49:59
2025-10-07 08:50:00,3124,3124,3125,3124,1506128,482,2025-10-07 08:59:59
2025-10-07 09:00:00,3124,3107,3125,3105,1831537,588,2025-10-07 09:09:59
2025-10-07 09:10:00,3107,3106,3115,3103,1716052,552,2025-10-07 09:19:59
2025-10-07 09:20:00,3106,3102,3106,3101,1070384,345,2025-10-07 09:29:59
2025-10-07 09:30:00,3102,3100,3104,3096,1900248,613,2025-10-07 09:39:59
2025-10-07 09:40:00,3101,3100,3101,3096,291259,94,2025-10-07 09:49:59
2025-10-07 09:50:00,3100,3093,3100,3091,2816159,910,2025-10-07 09:59:59
2025-10-07 10:00:00,3093,3084,3107,3079,8074947,2615,2025-10-07 10:09:59
2025-10-07 10:10:00,3083,3089,3089,3080,1593606,517,2025-10-07 10:19:59
2025-10-07 10:20:00,3088,3108,3111,3078,11064500,3573,2025-10-07 10:29:59
2025-10-07 10:30:00,3108,3119,3120,3101,4094209,1316,2025-10-07 10:39:59
2025-10-07 10:40:00,3117,3112,3121,3111,9468316,3040,2025-10-07 10:49:59
2025-10-07 10:50:00,3113,3100,3116,3100,3013383,969,2025-10-07 10:59:59
2025-10-07 11:00:00,3100,3103,3113,3099,10842696,3491,2025-10-07 11:09:59
2025-10-07 11:10:00,3109,3121,3122,3093,18033092,5799,2025-10-07 11:19:59
2025-10-07 11:20:00,3120,3123,3128,3118,14414583,4617,2025-10-07 11:29:59
2025-10-07 11:30:00,3123,3118,3127,3113,19632227,6292,2025-10-07 11:39:59
2025-10-07 11:40:00,3118,3121,3122,3112,15490895,4966,2025-10-07 11:49:59
2025-10-07 11:50:00,3121,3123,3123,3116,4499891,1442,2025-10-07 11:59:59
2025-10-07 12:00:00,3123,3120,3123,3118,3940584,1263,2025-10-07 12:09:59
2025-10-07 12:10:00,3120,3123,3123,3119,3967986,1271,2025-10-07 12:19:59
2025-10-07 12:20:00,3123,3118,3123,3116,3964977,1271,2025-10-07 12:29:59
2025-10-07 12:30:00,3118,3120,3120,3116,2553797,819,2025-10-07 12:39:59
2025-10-07 12:40:00,3120,3123,3123,3119,2119472,679,2025-10-07 12:49:59
2025-10-07 12:50:00,3123,3128,3128,3122,4478087,1433,2025-10-07 12:59:59
2025-10-07 13:00:00,3128,3137,3137,3109,34521072,11050,2025-10-07 13:09:59
2025-10-07 13:10:00,3135,3138,3138,3130,7722894,2466,2025-10-07 13:19:59
2025-10-07 13:20:00,3138,3175,3175,3130,51452123,16313,2025-10-07 13:29:59
2025-10-07 13:30:00,3175,3164,3175,3161,7204137,2274,2025-10-07 13:39:59
2025-10-07 13:40:00,3164,3162,3165,3159,5238765,1657,2025-10-07 13:49:59
2025-10-07 13:50:00,3161,3162,3163,3159,3012593,953,2025-10-07 13:59:59
2025-10-07 14:00:00,3162,3153,3164,3145,15830745,5013,2025-10-07 14:09:59
2025-10-07 14:10:00,3152,3140,3154,3140,4797693,1525,2025-10-07 14:19:59
2025-10-07 14:20:00,3140,3115,3148,3111,21013163,6721,2025-10-07 14:29:59
2025-10-07 14:30:00,3112,3129,3130,3112,5309274,1700,2025-10-07 14:39:59
2025-10-07 14:40:00,3128,3131,3131,3124,3459611,1106,2025-10-07 14:49:59
2025-10-07 14:50:00,3131,3130,3131,3126,2918881,933,2025-10-07 14:59:59
2025-10-07 15:00:00,3129,3099,3131,3093,27018617,8698,2025-10-07 15:09:59
2025-10-07 15:10:00,3098,3088,3100,3087,7134086,2305,2025-10-07 15:19:59
2025-10-07 15:20:00,3090,3088,3090,3086,5281933,1710,2025-10-07 15:29:59
2025-10-07 15:30:00,3090,3090,3090,3086,6156207,1993,2025-10-07 15:39:59
2025-10-07 15:40:00,3089,3090,3090,3089,10916234,3533,2025-10-07 15:49:59
2025-10-07 15:50:00,3089,3083,3090,3083,19218194,6225,2025-10-07 15:59:59
2025-10-07 16:00:00,3083,3087,3088,3076,9103394,2955,2025-10-07 16:09:59
2025-10-07 16:10:00,3088,3089,3090,3087,6764463,2190,2025-10-07 16:19:59
2025-10-07 16:20:00,3089,3087,3090,3085,4771909,1545,2025-10-07 16:29:59
2025-10-07 16:30:00,3086,3089,3090,3086,10067371,3260,2025-10-07 16:39:59
2025-10-07 16:40:00,3088,3094,3099,3088,11436312,3696,2025-10-07 16:49:59
2025-10-07 16:50:00,3095,3094,3098,3092,5428491,1754,2025-10-07 16:59:59
2025-10-07 17:00:00,3096,3079,3097,3079,6729896,2181,2025-10-07 17:09:59
2025-10-07 17:10:00,3080,3083,3085,3080,3134877,1017,2025-10-07 17:19:59
2025-10-07 17:20:00,3082,3082,3084,3081,3844162,1247,2025-10-07 17:29:59
2025-10-07 17:30:00,3083,3074,3084,3071,10082106,3275,2025-10-07 17:39:59
2025-10-07 17:40:00,3077,3075,3080,3072,5917572,1924,2025-10-07 17:49:59
2025-10-07 17:50:00,3077,3080,3085,3073,5337082,1733,2025-10-07 17:59:59
2025-10-07 18:00:00,3079,3077,3080,3072,3168264,1030,2025-10-07 18:09:59
2025-10-07 18:10:00,3075,3082,3084,3073,3781194,1228,2025-10-07 18:19:59
2025-10-07 18:20:00,3082,3090,3090,3082,6904765,2237,2025-10-07 18:29:59
2025-10-07 18:30:00,3089,3083,3090,3083,6485470,2100,2025-10-07 18:39:59
2025-10-07 18:40:00,3097,3097,3097,3097,5837845,1885,2025-10-07 18:49:59
2025-10-07 19:00:00,3096,3086,3097,3085,3165543,1024,2025-10-07 19:09:59
2025-10-07 19:10:00,3086,3090,3092,3084,2924891,947,2025-10-07 19:19:59
2025-10-07 19:20:00,3087,3089,3092,3085,577512,187,2025-10-07 19:29:59
2025-10-07 19:30:00,3090,3091,3092,3086,469551,152,2025-10-07 19:39:59
2025-10-07 19:40:00,3090,3087,3091,3085,802736,260,2025-10-07 19:49:59
2025-10-07 19:50:00,3089,3090,3090,3087,296479,96,2025-10-07 19:59:59
2025-10-07 20:00:00,3090,3116,3116,3090,13271795,4278,2025-10-07 20:09:59
2025-10-07 20:10:00,3115,3116,3116,3114,2501198,803,2025-10-07 20:19:59
2025-10-07 20:20:00,3116,3118,3125,3114,8130116,2605,2025-10-07 20:29:59
2025-10-07 20:30:00,3117,3118,3121,3117,193372,62,2025-10-07 20:39:59
2025-10-07 20:40:00,3117,3113,3117,3108,2287363,735,2025-10-07 20:49:59
2025-10-07 20:50:00,3113,3109,3113,3104,746004,240,2025-10-07 20:59:59
2025-10-07 21:00:00,3112,3115,3117,3112,1514003,486,2025-10-07 21:09:59
2025-10-07 21:10:00,3117,3112,3117,3111,395449,127,2025-10-07 21:19:59
2025-10-07 21:20:00,3111,3110,3114,3106,565920,182,2025-10-07 21:29:59
2025-10-07 21:30:00,3108,3115,3115,3108,239690,77,2025-10-07 21:39:59
2025-10-07 21:40:00,3114,3117,3119,3111,2134397,685,2025-10-07 21:49:59
2025-10-07 21:50:00,3117,3119,3119,3114,607804,195,2025-10-07 21:59:04
2025-10-07 22:00:00,3116,3116,3118,3115,31165,10,2025-10-07 22:09:59
2025-10-07 22:10:00,3116,3115,3116,3115,84130,27,2025-10-07 22:19:59
2025-10-07 22:20:00,3116,3118,3119,3115,529898,170,2025-10-07 22:29:59
2025-10-07 22:30:00,3117,3117,3118,3115,1504659,483,2025-10-07 22:39:59
2025-10-07 22:40:00,3117,3116,3117,3116,99727,32,2025-10-07 22:49:59
2025-10-07 22:50:00,3116,3117,3117,3116,196351,63,2025-10-07 22:59:59
2025-10-07 23:00:00,3117,3115,3117,3112,5373296,1725,2025-10-07 23:09:59
2025-10-07 23:10:00,3116,3117,3117,3116,87256,28,2025-10-07 23:19:59
2025-10-07 23:20:00,3117,3112,3117,3112,856057,275,2025-10-07 23:29:59
2025-10-07 23:30:00,3114,3110,3116,3108,2365519,760,2025-10-07 23:39:59
2025-10-07 23:40:00,3109,3110,3114,3102,770432,248,2025-10-07 23:49:59
2025-10-08 06:50:00,3110,3110,3110,3110,40430,13,2025-10-08 06:59:59
2025-10-08 07:00:00,3116,3115,3122,3113,2338153,750,2025-10-08 07:09:59
2025-10-08 07:10:00,3115,3118,3118,3113,1149625,369,2025-10-08 07:19:59
2025-10-08 07:20:00,3114,3119,3119,3114,704669,226,2025-10-08 07:29:59
2025-10-08 07:30:00,3118,3118,3119,3113,1018841,327,2025-10-08 07:39:59
2025-10-08 07:40:00,3118,3100,3119,3087,10218310,3290,2025-10-08 07:49:59
2025-10-08 07:50:00,3103,3098,3103,3086,9560473,3092,2025-10-08 07:58:01
2025-10-08 08:00:00,3099,3105,3110,3099,7271976,2341,2025-10-08 08:09:59
2025-10-08 08:10:00,3105,3106,3108,3104,127367,41,2025-10-08 08:19:59
2025-10-08 08:20:00,3107,3105,3108,3104,686627,221,2025-10-08 08:29:59
2025-10-08 08:30:00,3103,3107,3109,3100,1112033,358,2025-10-08 08:39:59
2025-10-08 08:40:00,3107,3104,3107,3100,732350,236,2025-10-08 08:49:59
2025-10-08 08:50:00,3104,3101,3104,3095,2737087,883,2025-10-08 08:59:59
2025-10-08 09:00:00,3102,3099,3103,3096,433975,140,2025-10-08 09:09:59
2025-10-08 09:10:00,3097,3099,3110,3094,11394222,3672,2025-10-08 09:19:59
2025-10-08 09:20:00,3099,3097,3102,3097,1387742,448,2025-10-08 09:29:59
2025-10-08 09:30:00,3097,3098,3103,3092,2626457,848,2025-10-08 09:39:59
2025-10-08 09:40:00,3093,3096,3100,3091,3304594,1068,2025-10-08 09:49:59
2025-10-08 09:50:00,3093,3095,3095,3091,2483907,803,2025-10-08 09:59:59
2025-10-08 10:00:00,3095,3115,3118,3095,21442511,6899,2025-10-08 10:09:59
2025-10-08 10:10:00,3112,3107,3114,3101,8113251,2612,2025-10-08 10:19:59
2025-10-08 10:20:00,3105,3096,3105,3091,16865160,5444,2025-10-08 10:29:59
2025-10-08 10:30:00,3096,3096,3099,3095,4336820,1401,2025-10-08 10:39:59
2025-10-08 10:40:00,3095,3096,3099,3095,2926833,945,2025-10-08 10:49:59
2025-10-08 10:50:00,3097,3099,3102,3095,5678341,1833,2025-10-08 10:59:59
2025-10-08 11:00:00,3097,3098,3098,3095,2288207,739,2025-10-08 11:09:59
2025-10-08 11:10:00,3097,3101,3105,3095,3167409,1022,2025-10-08 11:19:59
2025-10-08 11:20:00,3101,3105,3112,3101,8998143,2895,2025-10-08 11:29:59
2025-10-08 11:30:00,3104,3112,3113,3104,3224769,1037,2025-10-08 11:39:59
2025-10-08 11:40:00,3112,3114,3118,3111,6749221,2167,2025-10-08 11:49:59
2025-10-08 11:50:00,3114,3114,3115,3110,2365331,760,2025-10-08 11:59:59
2025-10-08 12:00:00,3114,3106,3114,3105,6963892,2238,2025-10-08 12:09:59
2025-10-08 12:10:00,3106,3105,3108,3100,5486480,1768,2025-10-08 12:19:59
2025-10-08 12:20:00,3105,3097,3108,3095,7508025,2423,2025-10-08 12:29:59
2025-10-08 12:30:00,3097,3095,3098,3095,9898312,3198,2025-10-08 12:39:59
2025-10-08 12:40:00,3095,3090,3096,3090,10827039,3499,2025-10-08 12:49:59
2025-10-08 12:50:00,3090,3086,3092,3082,8878729,2876,2025-10-08 12:59:59
2025-10-08 13:00:00,3085,3084,3086,3081,2842928,922,2025-10-08 13:09:59
2025-10-08 13:10:00,3084,3083,3085,3081,3899866,1265,2025-10-08 13:19:59
2025-10-08 13:20:00,3083,3076,3084,3075,7425074,2411,2025-10-08 13:29:59
2025-10-08 13:30:00,3076,3075,3077,3072,4655226,1514,2025-10-08 13:39:59
2025-10-08 13:40:00,3075,3074,3077,3070,7109590,2314,2025-10-08 13:49:59
2025-10-08 13:50:00,3074,3063,3074,3057,11455768,3739,2025-10-08 13:59:59
2025-10-08 14:00:00,3063,3057,3063,3051,8986916,2942,2025-10-08 14:09:59
2025-10-08 14:10:00,3055,3061,3061,3055,5101232,1667,2025-10-08 14:19:59
2025-10-08 14:20:00,3061,3050,3061,3046,10663587,3492,2025-10-08 14:29:59
2025-10-08 14:30:00,3050,3048,3050,3046,4484338,1471,2025-10-08 14:39:59
2025-10-08 14:40:00,3049,3049,3052,3047,5543610,1818,2025-10-08 14:49:59
2025-10-08 14:50:00,3050,3048,3050,3046,3536271,1160,2025-10-08 14:59:59
2025-10-08 15:00:00,3048,3034,3050,3032,20336492,6690,2025-10-08 15:09:59
2025-10-08 15:10:00,3034,3030,3038,3026,13307481,4387,2025-10-08 15:19:59
2025-10-08 15:20:00,3030,3025,3030,3025,11122144,3674,2025-10-08 15:29:59
2025-10-08 15:30:00,3026,3022,3026,3020,9176891,3035,2025-10-08 15:39:59
2025-10-08 15:40:00,3022,3018,3022,3015,10933620,3622,2025-10-08 15:49:59
2025-10-08 15:50:00,3019,3014,3019,3013,9307426,3086,2025-10-08 15:59:59
2025-10-08 16:00:00,3013,3003,3014,2999,32579708,10844,2025-10-08 16:09:59
2025-10-08 16:10:00,3002,3027,3030,3001,15485750,5137,2025-10-08 16:19:59
2025-10-08 16:20:00,3028,3026,3040,3021,8100060,2671,2025-10-08 16:29:59
2025-10-08 16:30:00,3027,3041,3041,3020,9666825,3189,2025-10-08 16:39:59
2025-10-08 16:40:00,3038,3031,3041,3028,4230824,1395,2025-10-08 16:49:59
2025-10-08 16:50:00,3031,3023,3032,3022,12332991,4078,2025-10-08 16:59:59
2025-10-08 17:00:00,3023,3022,3026,3022,4458322,1475,2025-10-08 17:09:59
2025-10-08 17:10:00,3023,3022,3025,3022,14666999,4853,2025-10-08 17:19:59
2025-10-08 17:20:00,3024,3010,3024,3006,20549249,6820,2025-10-08 17:29:59
2025-10-08 17:30:00,3011,3010,3012,3009,4395866,1460,2025-10-08 17:39:59
2025-10-08 17:40:00,3011,3003,3011,3002,9136530,3039,2025-10-08 17:49:59
2025-10-08 17:50:00,3005,2983,3005,2980,26024507,8694,2025-10-08 17:59:59
2025-10-08 18:00:00,2986,2981,2988,2970,19063651,6396,2025-10-08 18:09:59
2025-10-08 18:10:00,2984,2987,2988,2982,7474747,2503,2025-10-08 18:19:59
2025-10-08 18:20:00,2986,2987,2988,2985,14547191,4872,2025-10-08 18:29:59
2025-10-08 18:30:00,2986,2994,3000,2985,23244880,7768,2025-10-08 18:39:59
2025-10-08 18:40:00,3000,3000,3000,3000,2046000,682,2025-10-08 18:49:59
2025-10-08 19:00:00,2999,2993,3002,2975,9223011,3091,2025-10-08 19:09:59
2025-10-08 19:10:00,2995,2990,3005,2984,9164424,3059,2025-10-08 19:19:59
2025-10-08 19:20:00,2988,3001,3002,2988,2024678,676,2025-10-08 19:29:59
2025-10-08 19:30:00,3002,3000,3002,2992,2900822,968,2025-10-08 19:39:59
2025-10-08 19:40:00,2998,2993,3000,2989,2582221,863,2025-10-08 19:49:59
2025-10-08 19:50:00,2994,3001,3002,2989,2960850,989,2025-10-08 19:59:59
2025-10-08 20:00:00,3000,3003,3008,2997,1729885,576,2025-10-08 20:09:59
2025-10-08 20:10:00,3005,3005,3017,3003,3145247,1045,2025-10-08 20:19:59
2025-10-08 20:20:00,3005,3000,3008,3000,2228064,742,2025-10-08 20:29:59
2025-10-08 20:30:00,3003,3003,3006,3000,921854,307,2025-10-08 20:39:59
2025-10-08 20:40:00,3003,3009,3011,3002,2317556,771,2025-10-08 20:49:59
2025-10-08 20:50:00,3009,3007,3009,2998,6067572,2022,2025-10-08 20:59:59
2025-10-08 21:00:00,3004,3009,3013,3002,2322275,772,2025-10-08 21:09:59
2025-10-08 21:10:00,3012,3010,3014,3009,1698592,564,2025-10-08 21:19:59
2025-10-08 21:20:00,3011,3014,3015,3010,2323012,771,2025-10-08 21:29:59
2025-10-08 21:30:00,3014,3015,3017,3010,1262308,419,2025-10-08 21:39:59
2025-10-08 21:40:00,3015,3010,3018,3006,2173747,722,2025-10-08 21:49:59
2025-10-08 21:50:00,3010,3010,3014,3007,1083936,360,2025-10-08 21:59:59
2025-10-08 22:00:00,3010,3010,3013,3008,945373,314,2025-10-08 22:09:59
2025-10-08 22:10:00,3009,3013,3013,3008,490580,163,2025-10-08 22:19:59
2025-10-08 22:20:00,3011,3000,3012,3000,1656078,551,2025-10-08 22:29:59
2025-10-08 22:30:00,3002,3006,3007,3000,798976,266,2025-10-08 22:39:59
2025-10-08 22:40:00,3004,3004,3006,2999,1035395,345,2025-10-08 22:49:59
2025-10-08 22:50:00,3004,3008,3008,3001,1111783,370,2025-10-08 22:59:59
2025-10-08 23:00:00,3004,3005,3005,2999,2454803,818,2025-10-08 23:09:59
2025-10-08 23:10:00,3006,3006,3007,3005,297614,99,2025-10-08 23:19:59
2025-10-08 23:20:00,3005,3006,3006,3005,1136102,378,2025-10-08 23:29:59
2025-10-08 23:30:00,3006,3006,3006,3005,1066934,355,2025-10-08 23:39:59
2025-10-08 23:40:00,3006,3001,3006,3001,2393545,797,2025-10-08 23:49:10
2025-10-09 06:50:00,3011,3011,3011,3011,18066,6,2025-10-09 06:59:59
2025-10-09 07:00:00,3012,3002,3013,2998,938430,312,2025-10-09 07:09:59
2025-10-09 07:10:00,2999,3012,3012,2999,846404,282,2025-10-09 07:19:59
2025-10-09 07:20:00,3011,3009,3015,3004,1218909,405,2025-10-09 07:29:59
2025-10-09 07:30:00,3005,3011,3012,2999,2042697,680,2025-10-09 07:39:59
2025-10-09 07:40:00,3011,3009,3015,3008,2111122,701,2025-10-09 07:49:59
2025-10-09 07:50:00,3009,3016,3017,3009,747254,248,2025-10-09 07:59:59
2025-10-09 08:00:00,3017,3014,3017,3011,626973,208,2025-10-09 08:09:59
2025-10-09 08:10:00,3013,3012,3013,3005,460375,153,2025-10-09 08:19:59
2025-10-09 08:20:00,3012,3013,3015,3012,382787,127,2025-10-09 08:29:59
2025-10-09 08:30:00,3014,3014,3017,3012,778036,258,2025-10-09 08:39:59
2025-10-09 08:40:00,3014,2996,3014,2996,5880914,1960,2025-10-09 08:49:59
2025-10-09 08:50:00,2997,2996,2998,2996,1124105,375,2025-10-09 08:59:59
2025-10-09 09:00:00,2998,2984,2998,2976,7394955,2476,2025-10-09 09:09:59
2025-10-09 09:10:00,2986,2963,2990,2958,10762160,3625,2025-10-09 09:19:59
2025-10-09 09:20:00,2964,2975,2976,2962,2019945,681,2025-10-09 09:29:59
2025-10-09 09:30:00,2978,2978,2987,2973,2525611,848,2025-10-09 09:39:59
2025-10-09 09:40:00,2978,2967,2981,2960,2424791,817,2025-10-09 09:49:59
2025-10-09 09:50:00,2967,2962,2972,2960,5235691,1767,2025-10-09 09:59:59
2025-10-09 10:00:00,2962,2979,2983,2952,25500399,8603,2025-10-09 10:09:59
2025-10-09 10:10:00,2978,2981,2989,2975,4881005,1637,2025-10-09 10:19:59
2025-10-09 10:20:00,2980,2986,2988,2972,3035322,1019,2025-10-09 10:29:59
2025-10-09 10:30:00,2986,2974,2990,2973,7511227,2517,2025-10-09 10:39:59
2025-10-09 10:40:00,2975,2980,2982,2973,3096823,1040,2025-10-09 10:49:59
2025-10-09 10:50:00,2980,2969,2980,2960,17573965,5925,2025-10-09 10:59:59
2025-10-09 11:00:00,2969,2966,2972,2963,2305500,777,2025-10-09 11:09:59
2025-10-09 11:10:00,2965,2956,2966,2940,11702071,3963,2025-10-09 11:19:59
2025-10-09 11:20:00,2956,2916,2957,2911,25529492,8737,2025-10-09 11:29:59
2025-10-09 11:30:00,2916,2917,2926,2915,17818966,6108,2025-10-09 11:39:59
2025-10-09 11:40:00,2915,2909,2921,2905,24710193,8476,2025-10-09 11:49:59
2025-10-09 11:50:00,2908,2921,2922,2901,8670603,2981,2025-10-09 11:59:59
2025-10-09 12:00:00,2921,2941,2947,2921,13009454,4434,2025-10-09 12:09:59
2025-10-09 12:10:00,2943,2950,2955,2940,10599138,3597,2025-10-09 12:19:59
2025-10-09 12:20:00,2951,2954,2958,2940,14061626,4763,2025-10-09 12:29:59
2025-10-09 12:30:00,2956,2956,2958,2946,6598600,2233,2025-10-09 12:39:59
2025-10-09 12:40:00,2956,2959,2968,2953,12116962,4090,2025-10-09 12:49:59
2025-10-09 12:50:00,2959,2982,2984,2955,11495855,3871,2025-10-09 12:59:59
2025-10-09 13:00:00,2981,2990,2990,2977,9928270,3328,2025-10-09 13:09:59
2025-10-09 13:10:00,2990,2989,2990,2984,5198309,1739,2025-10-09 13:19:59
2025-10-09 13:20:00,2990,2971,2990,2970,5724227,1920,2025-10-09 13:29:59
2025-10-09 13:30:00,2971,2977,2983,2971,5485492,1840,2025-10-09 13:39:59
2025-10-09 13:40:00,2978,2966,2983,2960,5562307,1870,2025-10-09 13:49:59
2025-10-09 13:50:00,2967,2976,2976,2967,3844240,1294,2025-10-09 13:59:59
2025-10-09 14:00:00,2975,2953,2975,2951,6856625,2313,2025-10-09 14:09:59
2025-10-09 14:10:00,2951,2941,2954,2940,9284912,3150,2025-10-09 14:19:59
2025-10-09 14:20:00,2940,2944,2944,2925,11057153,3767,2025-10-09 14:29:59
2025-10-09 14:30:00,2944,2960,2965,2943,6555216,2218,2025-10-09 14:39:59
2025-10-09 14:40:00,2960,2954,2964,2946,4721231,1596,2025-10-09 14:49:59
2025-10-09 14:50:00,2954,2958,2958,2952,1309238,443,2025-10-09 14:59:59
2025-10-09 15:00:00,2958,2963,2963,2956,5067137,1713,2025-10-09 15:09:59
2025-10-09 15:10:00,2964,2978,2985,2964,8095900,2718,2025-10-09 15:19:59
2025-10-09 15:20:00,2978,2975,2978,2967,5038996,1696,2025-10-09 15:29:59
2025-10-09 15:30:00,2973,2968,2979,2968,2974901,1001,2025-10-09 15:39:59
2025-10-09 15:40:00,2968,2945,2968,2943,7909585,2677,2025-10-09 15:49:59
2025-10-09 15:50:00,2949,2954,2955,2945,6611276,2239,2025-10-09 15:59:04
2025-10-09 16:00:00,2954,2954,2955,2952,33755305,11425,2025-10-09 16:09:59
2025-10-09 16:10:00,2953,2970,2979,2953,15202266,5127,2025-10-09 16:19:59
2025-10-09 16:20:00,2970,2976,2976,2968,1929793,649,2025-10-09 16:29:59
2025-10-09 16:30:00,2976,2976,2976,2970,2971131,999,2025-10-09 16:39:59
2025-10-09 16:40:00,2976,2993,2993,2970,10183879,3423,2025-10-09 16:49:59
2025-10-09 16:50:00,2993,3001,3009,2990,14029765,4677,2025-10-09 16:59:59
2025-10-09 17:00:00,3002,3002,3010,2999,5493424,1828,2025-10-09 17:09:59
2025-10-09 17:10:00,2999,2988,3000,2986,7179320,2398,2025-10-09 17:19:59
2025-10-09 17:20:00,2987,2997,2999,2987,2926900,977,2025-10-09 17:29:59
2025-10-09 17:30:00,2997,2998,2999,2990,3102379,1036,2025-10-09 17:39:59
2025-10-09 17:40:00,2998,2996,2999,2994,2010788,671,2025-10-09 17:49:59
2025-10-09 17:50:00,2995,2991,2998,2988,4527495,1512,2025-10-09 17:59:59
2025-10-09 18:00:00,2992,2995,3000,2976,22649669,7569,2025-10-09 18:09:59
2025-10-09 18:10:00,2993,2980,2996,2977,49329329,16544,2025-10-09 18:19:59
2025-10-09 18:20:00,2980,2985,2985,2979,27665367,9272,2025-10-09 18:29:59
2025-10-09 18:30:00,2984,2972,2985,2969,9833308,3300,2025-10-09 18:39:59
2025-10-09 18:40:00,2969,2969,2969,2969,659118,222,2025-10-09 18:49:59
2025-10-09 19:00:00,2968,2972,2974,2963,2894932,975,2025-10-09 19:09:59
2025-10-09 19:10:00,2973,2994,2994,2969,8738372,2931,2025-10-09 19:19:59
2025-10-09 19:20:00,2991,3003,3004,2991,9987131,3329,2025-10-09 19:29:59
2025-10-09 19:30:00,3003,2999,3003,2995,1151689,384,2025-10-09 19:39:59
2025-10-09 19:40:00,2999,3010,3011,2969,55948067,18682,2025-10-09 19:49:59
2025-10-09 19:50:00,3011,3008,3024,3008,15829721,5244,2025-10-09 19:59:59
2025-10-09 20:00:00,3012,3008,3017,3006,1005708,334,2025-10-09 20:09:59
2025-10-09 20:10:00,3009,3024,3024,3008,6790237,2251,2025-10-09 20:19:59
2025-10-09 20:20:00,3022,3023,3024,3019,1383828,458,2025-10-09 20:29:59
2025-10-09 20:30:00,3022,3015,3022,3013,2366959,784,2025-10-09 20:39:59
2025-10-09 20:40:00,3015,3016,3020,3014,648919,215,2025-10-09 20:49:59
2025-10-09 20:50:00,3019,3023,3028,3018,5162976,1708,2025-10-09 20:59:59
2025-10-09 21:00:00,3027,3024,3029,3024,720560,238,2025-10-09 21:09:59
2025-10-09 21:10:00,3024,3024,3028,3024,1708722,565,2025-10-09 21:19:59
2025-10-09 21:20:00,3024,3027,3028,3024,308591,102,2025-10-09 21:29:59
2025-10-09 21:30:00,3025,3026,3027,3024,735019,243,2025-10-09 21:39:59
2025-10-09 21:40:00,3025,3030,3030,3025,1604927,530,2025-10-09 21:49:59
2025-10-09 21:50:00,3030,3027,3030,3024,2872790,949,2025-10-09 21:59:05
2025-10-09 22:00:00,3026,3030,3030,3026,2799566,924,2025-10-09 22:09:59
2025-10-09 22:10:00,3030,3035,3035,3027,1773475,585,2025-10-09 22:19:59
2025-10-09 22:20:00,3034,3037,3040,3032,1964691,647,2025-10-09 22:29:59
2025-10-09 22:30:00,3037,3029,3039,3029,4175068,1377,2025-10-09 22:39:59
2025-10-09 22:40:00,3029,3028,3034,3028,1327268,438,2025-10-09 22:49:59
2025-10-09 22:50:00,3032,3032,3032,3026,193785,64,2025-10-09 22:59:05
2025-10-09 23:00:00,3032,3030,3032,3026,666067,220,2025-10-09 23:09:59
2025-10-09 23:10:00,3031,3029,3031,3027,133312,44,2025-10-09 23:19:59
2025-10-09 23:20:00,3029,3030,3032,3028,421207,139,2025-10-09 23:29:59
2025-10-09 23:30:00,3030,3037,3037,3030,3608143,1189,2025-10-09 23:39:59
2025-10-09 23:40:00,3036,3028,3036,3028,254870,84,2025-10-09 23:49:59
2025-10-10 06:50:00,3027,3027,3027,3027,926262,306,2025-10-10 06:59:59
2025-10-10 07:00:00,3027,3020,3027,3011,3085007,1022,2025-10-10 07:09:59
2025-10-10 07:10:00,3020,3010,3020,3010,437118,145,2025-10-10 07:19:59
2025-10-10 07:20:00,3016,3019,3023,3011,1761404,584,2025-10-10 07:29:59
2025-10-10 07:30:00,3018,3018,3019,3010,340677,113,2025-10-10 07:39:59
2025-10-10 07:40:00,3018,3015,3018,3015,328671,109,2025-10-10 07:49:59
2025-10-10 07:50:00,3015,3014,3015,3009,617437,205,2025-10-10 07:59:59
2025-10-10 08:00:00,3014,3015,3019,3014,244319,81,2025-10-10 08:09:59
2025-10-10 08:10:00,3014,3006,3017,3005,1540100,512,2025-10-10 08:19:59
2025-10-10 08:20:00,3008,3004,3008,2998,1209894,403,2025-10-10 08:29:59
2025-10-10 08:30:00,3004,2996,3005,2996,413874,138,2025-10-10 08:39:59
2025-10-10 08:40:00,2996,3004,3004,2994,533771,178,2025-10-10 08:49:59
2025-10-10 08:50:00,3002,3008,3008,3002,739664,246,2025-10-10 08:59:01
2025-10-10 09:00:00,3010,3022,3023,3010,1925676,638,2025-10-10 09:09:59
2025-10-10 09:10:00,3023,3023,3025,3020,2333742,772,2025-10-10 09:19:59
2025-10-10 09:20:00,3023,3033,3034,3023,2459936,813,2025-10-10 09:29:59
2025-10-10 09:30:00,3033,3048,3055,3031,12000081,3943,2025-10-10 09:39:59
2025-10-10 09:40:00,3048,3045,3050,3043,1565668,514,2025-10-10 09:49:59
2025-10-10 09:50:00,3046,3050,3053,3044,5312114,1741,2025-10-10 09:59:59
2025-10-10 10:00:00,3050,3045,3052,3045,19852929,6511,2025-10-10 10:09:59
2025-10-10 10:10:00,3046,3044,3050,3041,3316926,1089,2025-10-10 10:19:59
2025-10-10 10:20:00,3044,3029,3044,3025,8934491,2942,2025-10-10 10:29:59
2025-10-10 10:30:00,3029,3033,3033,3014,7374285,2439,2025-10-10 10:39:59
2025-10-10 10:40:00,3033,3033,3036,3022,1151341,380,2025-10-10 10:49:59
2025-10-10 10:50:00,3033,3031,3034,3026,942887,311,2025-10-10 10:59:59
2025-10-10 11:00:00,3032,3029,3033,3022,3644926,1204,2025-10-10 11:09:59
2025-10-10 11:10:00,3029,3038,3039,3026,3708201,1223,2025-10-10 11:19:59
2025-10-10 11:20:00,3038,3042,3050,3038,7500360,2463,2025-10-10 11:29:59
2025-10-10 11:30:00,3044,3040,3050,3034,7981184,2624,2025-10-10 11:39:59
2025-10-10 11:40:00,3041,3042,3048,3039,4303416,1414,2025-10-10 11:49:59
2025-10-10 11:50:00,3043,3041,3045,3040,1713248,563,2025-10-10 11:59:59
2025-10-10 12:00:00,3042,3035,3043,3026,3589735,1184,2025-10-10 12:09:59
2025-10-10 12:10:00,3036,3033,3039,3032,1092828,360,2025-10-10 12:19:59
2025-10-10 12:20:00,3034,3031,3034,3027,1893964,625,2025-10-10 12:29:59
2025-10-10 12:30:00,3029,3024,3035,3023,2423339,800,2025-10-10 12:39:59
2025-10-10 12:40:00,3023,3028,3032,3022,3625423,1198,2025-10-10 12:49:59
2025-10-10 12:50:00,3028,3025,3028,3019,4446226,1470,2025-10-10 12:59:59
2025-10-10 13:00:00,3025,3019,3030,3016,3108786,1029,2025-10-10 13:09:59
2025-10-10 13:10:00,3020,3021,3023,3013,3879344,1285,2025-10-10 13:19:59
2025-10-10 13:20:00,3021,3013,3025,3011,3951126,1309,2025-10-10 13:29:59
2025-10-10 13:30:00,3013,3004,3013,2992,11529871,3839,2025-10-10 13:39:59
2025-10-10 13:40:00,3004,2994,3004,2985,6111427,2041,2025-10-10 13:49:59
2025-10-10 13:50:00,2994,2997,3005,2992,4667008,1557,2025-10-10 13:59:59
2025-10-10 14:00:00,2997,2996,2999,2994,3012253,1005,2025-10-10 14:09:59
2025-10-10 14:10:00,2997,2999,3001,2995,10726036,3576,2025-10-10 14:19:59
2025-10-10 14:20:00,2999,2999,3000,2996,1571372,524,2025-10-10 14:29:59
2025-10-10 14:30:00,3000,2999,3000,2998,2135841,712,2025-10-10 14:39:59
2025-10-10 14:40:00,3000,3002,3004,2998,2754589,918,2025-10-10 14:49:59
2025-10-10 14:50:00,3004,2997,3004,2995,2207416,736,2025-10-10 14:59:59
2025-10-10 15:00:00,2997,2991,2997,2988,2353701,787,2025-10-10 15:09:59
2025-10-10 15:10:00,2991,2993,2993,2986,1453083,486,2025-10-10 15:19:59
2025-10-10 15:20:00,2993,2994,2994,2986,2742436,917,2025-10-10 15:29:59
2025-10-10 15:30:00,2994,2997,3003,2993,5724221,1910,2025-10-10 15:39:59
2025-10-10 15:40:00,2997,2994,2997,2994,1402261,468,2025-10-10 15:49:59
2025-10-10 15:50:00,2993,2976,2995,2974,10364657,3475,2025-10-10 15:59:59
2025-10-10 16:00:00,2976,2988,2988,2975,3951413,1326,2025-10-10 16:09:59
2025-10-10 16:10:00,2988,2989,2990,2975,1881597,631,2025-10-10 16:19:59
2025-10-10 16:20:00,2989,2975,2989,2971,6255895,2102,2025-10-10 16:29:59
2025-10-10 16:30:00,2975,2959,2975,2951,15701661,5308,2025-10-10 16:39:59
2025-10-10 16:40:00,2959,2953,2960,2946,11041343,3741,2025-10-10 16:49:59
2025-10-10 16:50:00,2954,2960,2963,2948,7841591,2652,2025-10-10 16:59:59
2025-10-10 17:00:00,2958,2960,2960,2954,3402302,1150,2025-10-10 17:09:59
2025-10-10 17:10:00,2960,2961,2962,2959,9255094,3127,2025-10-10 17:19:59
2025-10-10 17:20:00,2961,2962,2962,2959,7985727,2698,2025-10-10 17:29:59
2025-10-10 17:30:00,2962,2962,2962,2959,17120357,5784,2025-10-10 17:39:59
2025-10-10 17:40:00,2961,2962,2962,2959,13385403,4521,2025-10-10 17:49:59
2025-10-10 17:50:00,2962,2960,2962,2959,7210920,2435,2025-10-10 17:59:59
2025-10-10 18:00:00,2960,2952,2962,2951,14805309,5003,2025-10-10 18:09:59
2025-10-10 18:10:00,2953,2958,2960,2946,9352431,3168,2025-10-10 18:19:59
2025-10-10 18:20:00,2956,2961,2962,2949,10498448,3553,2025-10-10 18:29:59
2025-10-10 18:30:00,2959,2936,2960,2933,14226025,4830,2025-10-10 18:39:59
2025-10-10 18:40:00,2933,2933,2933,2933,1841924,628,2025-10-10 18:49:05
2025-10-10 19:00:00,2936,2929,2944,2927,3632235,1238,2025-10-10 19:09:59
2025-10-10 19:10:00,2928,2932,2936,2926,2606722,890,2025-10-10 19:19:59
2025-10-10 19:20:00,2934,2937,2938,2932,1514660,516,2025-10-10 19:29:59
2025-10-10 19:30:00,2938,2941,2943,2937,1293543,440,2025-10-10 19:39:59
2025-10-10 19:40:00,2942,2948,2948,2942,833477,283,2025-10-10 19:49:59
2025-10-10 19:50:00,2948,2949,2949,2947,563041,191,2025-10-10 19:59:59
2025-10-10 20:00:00,2949,2947,2949,2946,442122,150,2025-10-10 20:09:59
2025-10-10 20:10:00,2947,2948,2948,2945,462516,157,2025-10-10 20:19:59
2025-10-10 20:20:00,2948,2949,2949,2944,332919,113,2025-10-10 20:29:59
2025-10-10 20:30:00,2949,2950,2950,2948,286127,97,2025-10-10 20:39:59
2025-10-10 20:40:00,2950,2943,2950,2943,1055435,358,2025-10-10 20:49:59
2025-10-10 20:50:00,2945,2944,2946,2942,176622,60,2025-10-10 20:59:59
2025-10-10 21:00:00,2944,2941,2944,2940,620694,211,2025-10-10 21:09:59
2025-10-10 21:10:00,2943,2944,2945,2941,397380,135,2025-10-10 21:19:59
2025-10-10 21:20:00,2945,2946,2946,2941,435571,148,2025-10-10 21:29:59
2025-10-10 21:30:00,2946,2944,2946,2943,135451,46,2025-10-10 21:39:59
2025-10-10 21:40:00,2943,2942,2944,2941,567967,193,2025-10-10 21:49:59
2025-10-10 21:50:00,2941,2941,2941,2940,840876,286,2025-10-10 21:59:59
2025-10-10 22:00:00,2941,2943,2943,2940,164692,56,2025-10-10 22:09:59
2025-10-10 22:10:00,2943,2940,2943,2940,414757,141,2025-10-10 22:19:59
2025-10-10 22:20:00,2940,2940,2942,2937,1252199,426,2025-10-10 22:29:59
2025-10-10 22:30:00,2938,2934,2940,2934,1256657,428,2025-10-10 22:39:59
2025-10-10 22:40:00,2937,2937,2937,2934,355305,121,2025-10-10 22:49:59
2025-10-10 22:50:00,2937,2931,2937,2929,1363572,465,2025-10-10 22:59:59
2025-10-10 23:00:00,2931,2928,2931,2925,1779782,608,2025-10-10 23:09:59
2025-10-10 23:10:00,2930,2928,2931,2922,1913805,654,2025-10-10 23:19:59
2025-10-10 23:20:00,2928,2926,2930,2922,1330828,455,2025-10-10 23:29:59
2025-10-10 23:30:00,2926,2925,2928,2920,2595316,888,2025-10-10 23:39:59
2025-10-10 23:40:00,2925,2935,2935,2925,1420710,485,2025-10-10 23:49:59
2025-10-11 09:50:00,2941,2941,2941,2941,17646,6,2025-10-11 09:59:59
2025-10-11 10:00:00,2942,2923,2954,2918,5310560,1811,2025-10-11 10:09:59
2025-10-11 10:10:00,2922,2925,2925,2921,2105020,720,2025-10-11 10:19:59
2025-10-11 10:20:00,2924,2924,2925,2919,678197,232,2025-10-11 10:29:59
2025-10-11 10:30:00,2924,2924,2925,2920,546743,187,2025-10-11 10:39:59
2025-10-11 10:40:00,2924,2924,2924,2920,806539,276,2025-10-11 10:49:59
2025-10-11 10:50:00,2925,2928,2928,2922,467972,160,2025-10-11 10:59:59
2025-10-11 11:00:00,2928,2924,2929,2922,547022,187,2025-10-11 11:09:59
2025-10-11 11:10:00,2925,2929,2929,2923,298478,102,2025-10-11 11:19:59
2025-10-11 11:20:00,2929,2928,2930,2925,562221,192,2025-10-11 11:29:59
2025-10-11 11:30:00,2929,2934,2934,2929,301924,103,2025-10-11 11:39:59
2025-10-11 11:40:00,2934,2938,2938,2934,566550,193,2025-10-11 11:49:59
2025-10-11 11:50:00,2934,2938,2938,2934,249502,85,2025-10-11 11:59:59
2025-10-11 12:00:00,2937,2938,2938,2935,135113,46,2025-10-11 12:09:59
2025-10-11 12:10:00,2938,2938,2938,2938,79326,27,2025-10-11 12:19:59
2025-10-11 12:20:00,2936,2937,2937,2933,193652,66,2025-10-11 12:29:59
2025-10-11 12:30:00,2934,2938,2938,2933,176162,60,2025-10-11 12:39:59
2025-10-11 12:40:00,2938,2940,2940,2936,770125,262,2025-10-11 12:49:59
2025-10-11 12:50:00,2941,2940,2942,2937,296773,101,2025-10-11 12:59:01
2025-10-11 13:00:00,2940,2942,2943,2940,476634,162,2025-10-11 13:09:59
2025-10-11 13:10:00,2942,2946,2946,2938,591543,201,2025-10-11 13:19:59
2025-10-11 13:20:00,2942,2948,2951,2942,1315347,446,2025-10-11 13:29:59
2025-10-11 13:30:00,2950,2949,2954,2947,1644423,557,2025-10-11 13:39:59
2025-10-11 13:40:00,2953,2941,2953,2940,774344,263,2025-10-11 13:49:59
2025-10-11 13:50:00,2940,2945,2952,2940,1284912,436,2025-10-11 13:58:01
2025-10-11 14:00:00,2949,2950,2951,2945,300851,102,2025-10-11 14:09:59
2025-10-11 14:10:00,2951,2950,2952,2950,253769,86,2025-10-11 14:19:59
2025-10-11 14:20:00,2952,2951,2952,2949,241947,82,2025-10-11 14:29:59
2025-10-11 14:30:00,2952,2952,2952,2952,159408,54,2025-10-11 14:39:59
2025-10-11 14:40:00,2951,2947,2952,2947,209502,71,2025-10-11 14:49:59
2025-10-11 14:50:00,2949,2945,2952,2944,1045950,355,2025-10-11 14:59:01
2025-10-11 15:00:00,2944,2938,2945,2938,755623,257,2025-10-11 15:09:59
2025-10-11 15:10:00,2942,2941,2945,2939,144137,49,2025-10-11 15:19:59
2025-10-11 15:20:00,2944,2941,2946,2941,344472,117,2025-10-11 15:29:59
2025-10-11 15:30:00,2944,2945,2946,2940,338544,115,2025-10-11 15:39:59
2025-10-11 15:40:00,2945,2946,2946,2941,117758,40,2025-10-11 15:49:59
2025-10-11 15:50:00,2946,2946,2946,2944,73640,25,2025-10-11 15:59:59
2025-10-11 16:00:00,2945,2945,2946,2945,88365,30,2025-10-11 16:09:59
2025-10-11 16:10:00,2946,2948,2949,2944,347639,118,2025-10-11 16:19:59
2025-10-11 16:20:00,2948,2951,2951,2948,404137,137,2025-10-11 16:29:59
2025-10-11 16:30:00,2949,2948,2951,2948,23598,8,2025-10-11 16:39:59
2025-10-11 16:40:00,2950,2950,2950,2948,50148,17,2025-10-11 16:49:59
2025-10-11 16:50:00,2951,2951,2952,2950,298080,101,2025-10-11 16:59:59
2025-10-11 17:00:00,2951,2952,2952,2950,44274,15,2025-10-11 17:09:59
2025-10-11 17:10:00,2952,2950,2952,2950,318738,108,2025-10-11 17:19:59
2025-10-11 17:20:00,2951,2951,2951,2951,32461,11,2025-10-11 17:29:59
