begin,open,close,high,low,value,volume,end
2025-08-20 06:50:00,1298.0,1298.0,1298.0,1298.0,53218.0,41,2025-08-20 06:59:59
2025-08-20 07:00:00,1298.5,1295.1,1298.5,1293.0,444711.8,343,2025-08-20 07:09:59
2025-08-20 07:10:00,1295.1,1294.6,1295.8,1294.6,192954.0,149,2025-08-20 07:19:59
2025-08-20 07:20:00,1296.1,1295.6,1298.0,1294.9,530357.9,409,2025-08-20 07:29:59
2025-08-20 07:30:00,1296.5,1296.1,1298.0,1295.7,520016.0,401,2025-08-20 07:39:59
2025-08-20 07:40:00,1295.8,1296.1,1297.2,1295.8,66145.2,51,2025-08-20 07:49:59
2025-08-20 07:50:00,1296.3,1296.5,1297.0,1295.3,229376.4,177,2025-08-20 07:54:01
2025-08-20 08:00:00,1296.8,1295.2,1297.1,1295.2,255331.60000000006,197,2025-08-20 08:09:59
2025-08-20 08:10:00,1295.2,1291.4,1295.2,1290.2,1358217.5999999996,1050,2025-08-20 08:19:59
2025-08-20 08:20:00,1293.1,1294.5,1294.5,1290.5,955035.5,739,2025-08-20 08:29:59
2025-08-20 08:30:00,1294.5,1293.3,1295.0,1293.0,458026.8,354,2025-08-20 08:39:59
2025-08-20 08:40:00,1293.9,1294.6,1295.0,1293.4,199288.30000000002,154,2025-08-20 08:49:59
2025-08-20 08:50:00,1294.6,1294.3,1294.6,1294.0,261442.30000000002,202,2025-08-20 08:59:59
2025-08-20 09:00:00,1294.2,1291.9,1294.3,1291.1,334763.89999999997,259,2025-08-20 09:09:59
2025-08-20 09:10:00,1292.9,1295.3,1295.3,1292.9,484043.7,374,2025-08-20 09:19:59
2025-08-20 09:20:00,1295.3,1302.0,1304.1,1295.3,7555914.400000002,5811,2025-08-20 09:29:59
2025-08-20 09:30:00,1302.0,1304.4,1307.0,1301.0,3719395.6000000006,2854,2025-08-20 09:39:59
2025-08-20 09:40:00,1304.4,1299.5,1307.7,1299.4,2650061.5000000005,2033,2025-08-20 09:49:59
2025-08-20 09:50:00,1299.4,1304.0,1304.0,1299.0,1202143.2,924,2025-08-20 09:59:59
2025-08-20 10:00:00,1304.0,1304.8,1304.8,1302.2,1927864.5999999999,1479,2025-08-20 10:09:59
2025-08-20 10:10:00,1304.8,1304.0,1307.1,1304.0,1469850.2999999996,1126,2025-08-20 10:19:59
2025-08-20 10:20:00,1304.1,1304.4,1304.8,1303.5,632547.1000000001,485,2025-08-20 10:29:59
2025-08-20 10:30:00,1304.8,1299.0,1306.9,1299.0,7900816.5,6066,2025-08-20 10:39:59
2025-08-20 10:40:00,1299.1,1304.3,1306.5,1299.0,2832639.6,2175,2025-08-20 10:49:59
2025-08-20 10:50:00,1304.3,1301.8,1304.4,1301.8,884803.9,679,2025-08-20 10:59:59
2025-08-20 11:00:00,1302.7,1303.9,1307.6,1300.6,4905606.4,3761,2025-08-20 11:09:59
2025-08-20 11:10:00,1304.1,1301.8,1307.8,1301.2,4034053.8999999994,3092,2025-08-20 11:19:59
2025-08-20 11:20:00,1302.7,1302.0,1303.5,1301.6,840271.1000000001,645,2025-08-20 11:29:59
2025-08-20 11:30:00,1302.4,1301.8,1303.4,1300.6,1265496.5,972,2025-08-20 11:39:59
2025-08-20 11:40:00,1302.4,1300.4,1304.3,1300.4,2020864.3999999992,1553,2025-08-20 11:49:59
2025-08-20 11:50:00,1300.4,1299.1,1300.5,1299.1,3230700.1999999965,2486,2025-08-20 11:59:59
2025-08-20 12:00:00,1299.3,1299.5,1302.4,1299.1,2513706.2,1934,2025-08-20 12:09:59
2025-08-20 12:10:00,1299.4,1294.5,1299.5,1292.9,5170651.8,3988,2025-08-20 12:19:59
2025-08-20 12:20:00,1294.6,1298.2,1299.2,1293.5,1450304.6000000003,1118,2025-08-20 12:29:59
2025-08-20 12:30:00,1298.9,1295.6,1299.0,1295.6,684899.3,528,2025-08-20 12:39:59
2025-08-20 12:40:00,1296.3,1298.1,1299.4,1296.1,998880.9,770,2025-08-20 12:49:59
2025-08-20 12:50:00,1297.8,1299.0,1300.5,1297.6,1162768.0,895,2025-08-20 12:59:59
2025-08-20 13:00:00,1299.4,1298.1,1299.4,1298.1,472753.2,364,2025-08-20 13:09:59
2025-08-20 13:10:00,1298.2,1298.1,1299.4,1298.0,367538.19999999995,283,2025-08-20 13:19:59
2025-08-20 13:20:00,1298.1,1297.3,1299.3,1297.0,410011.3,316,2025-08-20 13:29:59
2025-08-20 13:30:00,1297.3,1296.8,1297.5,1296.5,1241172.7999999998,957,2025-08-20 13:39:59
2025-08-20 13:40:00,1296.8,1296.5,1297.1,1296.5,650866.5,502,2025-08-20 13:49:59
2025-08-20 13:50:00,1296.5,1280.3,1296.5,1278.5,13928175.200000001,10821,2025-08-20 13:59:59
2025-08-20 14:00:00,1280.3,1267.5,1283.8,1259.0,32288419.3,25443,2025-08-20 14:09:59
2025-08-20 14:10:00,1268.0,1273.6,1276.0,1265.5,12469037.700000001,9809,2025-08-20 14:19:59
2025-08-20 14:20:00,1273.6,1270.4,1277.9,1270.0,5757312.4,4516,2025-08-20 14:29:59
2025-08-20 14:30:00,1270.5,1271.5,1278.7,1270.4,5772062.6,4531,2025-08-20 14:39:59
2025-08-20 14:40:00,1271.6,1271.5,1272.0,1271.2,1218241.2,958,2025-08-20 14:49:59
2025-08-20 14:50:00,1271.5,1271.8,1272.0,1270.5,2731068.6,2148,2025-08-20 14:59:59
2025-08-20 15:00:00,1271.3,1263.3,1271.8,1263.2,6888256.399999999,5430,2025-08-20 15:09:59
2025-08-20 15:10:00,1263.4,1261.2,1263.5,1260.1,6541455.3,5187,2025-08-20 15:19:59
2025-08-20 15:20:00,1261.1,1263.9,1264.5,1261.1,3318844.4000000004,2628,2025-08-20 15:29:59
2025-08-20 15:30:00,1264.0,1249.0,1264.7,1247.8,13470937.400000002,10717,2025-08-20 15:39:59
2025-08-20 15:40:00,1247.9,1258.0,1258.7,1247.3,8323638.800000002,6647,2025-08-20 15:49:59
2025-08-20 15:50:00,1258.0,1261.9,1261.9,1257.5,6568003.500000001,5215,2025-08-20 15:59:59
2025-08-20 16:00:00,1261.9,1261.2,1262.1,1260.0,1450207.8000000003,1150,2025-08-20 16:09:59
2025-08-20 16:10:00,1261.7,1260.3,1261.7,1260.1,2422659.6999999997,1922,2025-08-20 16:19:59
2025-08-20 16:20:00,1260.2,1260.2,1260.4,1260.2,2066828.7,1640,2025-08-20 16:29:59
2025-08-20 16:30:00,1260.2,1260.6,1263.1,1260.2,7355505.2,5833,2025-08-20 16:39:59
2025-08-20 16:40:00,1260.9,1260.7,1261.4,1260.4,1191650.6,945,2025-08-20 16:49:59
2025-08-20 16:50:00,1260.7,1257.7,1260.7,1257.6,13832896.300000003,10979,2025-08-20 16:59:59
2025-08-20 17:00:00,1257.6,1255.1,1257.7,1255.0,2357280.1999999993,1877,2025-08-20 17:09:59
2025-08-20 17:10:00,1255.5,1257.4,1257.4,1255.0,1190764.6,948,2025-08-20 17:19:59
2025-08-20 17:20:00,1256.9,1257.1,1257.6,1256.2,1393141.1,1108,2025-08-20 17:29:59
2025-08-20 17:30:00,1257.0,1257.4,1257.7,1255.7,1190498.0000000002,947,2025-08-20 17:39:59
2025-08-20 17:40:00,1257.4,1256.2,1257.6,1255.6,755229.3000000002,601,2025-08-20 17:49:59
2025-08-20 17:50:00,1256.8,1255.8,1256.9,1255.6,625524.7999999999,498,2025-08-20 17:59:59
2025-08-20 18:00:00,1256.4,1256.7,1257.0,1255.1,2106207.1,1677,2025-08-20 18:09:59
2025-08-20 18:10:00,1256.5,1256.9,1257.6,1255.8,968860.1000000001,771,2025-08-20 18:19:59
2025-08-20 18:20:00,1256.9,1256.7,1257.0,1255.9,1417219.6,1128,2025-08-20 18:29:59
2025-08-20 18:30:00,1257.0,1255.3,1257.0,1254.6,2572495.4,2049,2025-08-20 18:39:59
2025-08-20 18:40:00,1256.0,1256.0,1256.0,1256.0,465976.0,371,2025-08-20 18:49:59
2025-08-20 19:00:00,1257.0,1256.7,1257.6,1255.0,1327392.5,1057,2025-08-20 19:09:59
2025-08-20 19:10:00,1256.8,1255.9,1257.0,1255.1,928440.4999999999,739,2025-08-20 19:19:59
2025-08-20 19:20:00,1256.0,1258.5,1258.5,1256.0,657419.1,523,2025-08-20 19:29:59
2025-08-20 19:30:00,1258.5,1258.2,1259.7,1258.2,623321.8,495,2025-08-20 19:39:59
2025-08-20 19:40:00,1258.2,1257.3,1258.7,1256.0,573273.9,456,2025-08-20 19:49:59
2025-08-20 19:50:00,1256.8,1257.7,1258.6,1256.5,611143.3999999999,486,2025-08-20 19:59:59
2025-08-20 20:00:00,1258.4,1257.5,1258.7,1257.1,882101.2999999999,701,2025-08-20 20:09:59
2025-08-20 20:10:00,1258.0,1259.2,1259.4,1257.3,539853.2999999999,429,2025-08-20 20:19:59
2025-08-20 20:20:00,1259.2,1258.5,1259.2,1258.1,292023.9,232,2025-08-20 20:29:59
2025-08-20 20:30:00,1258.5,1260.5,1260.6,1258.5,746969.5000000001,593,2025-08-20 20:39:59
2025-08-20 20:40:00,1260.1,1262.0,1263.6,1260.0,1946011.0,1542,2025-08-20 20:49:59
2025-08-20 20:50:00,1262.5,1263.0,1264.4,1261.1,1227986.1,972,2025-08-20 20:59:59
2025-08-20 21:00:00,1263.4,1263.5,1264.0,1263.2,179433.6,142,2025-08-20 21:09:59
2025-08-20 21:10:00,1263.6,1262.1,1264.2,1262.1,582496.1000000001,461,2025-08-20 21:19:59
2025-08-20 21:20:00,1263.0,1263.7,1265.5,1261.0,1123898.1,889,2025-08-20 21:29:59
2025-08-20 21:30:00,1263.0,1260.9,1263.0,1256.1,1987011.8000000003,1578,2025-08-20 21:39:59
2025-08-20 21:40:00,1262.1,1262.4,1262.5,1260.3,152667.5,121,2025-08-20 21:49:59
2025-08-20 21:50:00,1262.4,1261.0,1262.4,1260.2,83228.2,66,2025-08-20 21:59:59
2025-08-20 22:00:00,1261.2,1261.2,1261.2,1260.8,315288.19999999995,250,2025-08-20 22:09:59
2025-08-20 22:10:00,1261.4,1263.0,1263.0,1261.4,236062.6,187,2025-08-20 22:19:59
2025-08-20 22:20:00,1263.0,1263.9,1263.9,1261.2,732314.2,580,2025-08-20 22:29:59
2025-08-20 22:30:00,1263.9,1261.8,1264.0,1261.3,315657.1,250,2025-08-20 22:39:59
2025-08-20 22:40:00,1261.8,1261.6,1262.3,1261.4,224585.59999999998,178,2025-08-20 22:49:59
2025-08-20 22:50:00,1262.3,1263.0,1263.0,1262.0,113660.6,90,2025-08-20 22:59:59
2025-08-20 23:00:00,1263.0,1263.5,1264.4,1262.3,341208.9,270,2025-08-20 23:09:59
2025-08-20 23:10:00,1263.1,1264.4,1264.4,1262.9,323573.1,256,2025-08-20 23:19:59
2025-08-20 23:20:00,1263.3,1263.9,1264.4,1263.1,185771.2,147,2025-08-20 23:29:59
2025-08-20 23:30:00,1263.2,1262.5,1263.9,1262.5,274164.3,217,2025-08-20 23:39:59
2025-08-20 23:40:00,1262.5,1261.5,1262.5,1261.5,521233.30000000005,413,2025-08-20 23:49:59
2025-08-21 06:50:00,1261.5,1261.5,1261.5,1261.5,3784.5,3,2025-08-21 06:59:59
2025-08-21 07:00:00,1261.0,1264.9,1264.9,1260.1,370040.8,293,2025-08-21 07:09:59
2025-08-21 07:10:00,1264.4,1268.1,1270.7,1262.1,2133401.3,1684,2025-08-21 07:19:59
2025-08-21 07:20:00,1267.6,1271.9,1276.3,1265.6,3137496.299999999,2467,2025-08-21 07:29:59
2025-08-21 07:30:00,1271.9,1276.2,1280.3,1270.9,3487006.0,2734,2025-08-21 07:39:59
2025-08-21 07:40:00,1276.1,1274.2,1277.2,1272.6,1668691.2999999998,1308,2025-08-21 07:49:59
2025-08-21 07:50:00,1274.2,1270.5,1274.2,1269.7,1406328.7000000002,1106,2025-08-21 07:59:59
2025-08-21 08:00:00,1270.5,1269.4,1270.5,1269.1,431604.2,340,2025-08-21 08:09:59
2025-08-21 08:10:00,1269.1,1266.9,1269.2,1265.9,1023566.8000000002,808,2025-08-21 08:19:59
2025-08-21 08:20:00,1266.9,1268.5,1270.9,1266.9,586574.6,462,2025-08-21 08:29:59
2025-08-21 08:30:00,1268.5,1267.9,1268.8,1267.7,962725.6000000001,759,2025-08-21 08:39:59
2025-08-21 08:40:00,1267.9,1266.2,1267.9,1266.1,568752.2,449,2025-08-21 08:49:59
2025-08-21 08:50:00,1266.3,1267.2,1267.4,1266.2,230576.00000000003,182,2025-08-21 08:59:01
2025-08-21 09:00:00,1267.3,1268.9,1269.0,1267.3,257540.1,203,2025-08-21 09:09:59
2025-08-21 09:10:00,1268.9,1269.0,1269.0,1268.6,275343.8,217,2025-08-21 09:19:59
2025-08-21 09:20:00,1269.0,1269.4,1269.5,1268.6,1332801.6,1050,2025-08-21 09:29:59
2025-08-21 09:30:00,1269.4,1273.7,1273.9,1269.4,1431219.0000000002,1126,2025-08-21 09:39:59
2025-08-21 09:40:00,1273.7,1269.0,1273.7,1269.0,1065107.2,838,2025-08-21 09:49:59
2025-08-21 09:50:00,1268.6,1265.0,1268.6,1263.9,1073522.2000000002,848,2025-08-21 09:59:59
2025-08-21 10:00:00,1265.0,1256.3,1266.8,1255.3,6908034.899999999,5488,2025-08-21 10:09:59
2025-08-21 10:10:00,1256.3,1262.0,1263.4,1255.8,2682888.9999999995,2131,2025-08-21 10:19:59
2025-08-21 10:20:00,1261.3,1260.4,1262.6,1259.2,1026657.0,814,2025-08-21 10:29:59
2025-08-21 10:30:00,1259.6,1256.0,1261.3,1253.6,3309803.0999999996,2634,2025-08-21 10:39:59
2025-08-21 10:40:00,1256.0,1252.6,1257.4,1251.1,2416276.5,1927,2025-08-21 10:49:59
2025-08-21 10:50:00,1252.7,1252.7,1253.4,1251.8,920727.6,735,2025-08-21 10:59:59
2025-08-21 11:00:00,1251.9,1250.3,1252.6,1250.3,1783156.9000000004,1425,2025-08-21 11:09:59
2025-08-21 11:10:00,1250.4,1253.4,1253.4,1250.3,1315008.0,1050,2025-08-21 11:19:59
2025-08-21 11:20:00,1253.4,1252.6,1253.4,1252.5,555138.3999999999,443,2025-08-21 11:29:59
2025-08-21 11:30:00,1252.9,1253.4,1253.4,1252.3,923570.9000000001,737,2025-08-21 11:39:59
2025-08-21 11:40:00,1253.4,1253.4,1253.4,1252.3,666630.2,532,2025-08-21 11:49:59
2025-08-21 11:50:00,1253.4,1250.0,1253.4,1249.0,5575824.4,4455,2025-08-21 11:59:59
2025-08-21 12:00:00,1250.0,1252.6,1253.4,1249.4,1561040.0000000005,1247,2025-08-21 12:09:59
2025-08-21 12:10:00,1252.7,1253.2,1253.4,1252.5,2821244.9,2251,2025-08-21 12:19:59
2025-08-21 12:20:00,1253.1,1253.4,1253.4,1253.0,1179305.0000000002,941,2025-08-21 12:29:59
2025-08-21 12:30:00,1253.4,1253.3,1253.4,1253.1,600313.2999999999,479,2025-08-21 12:39:59
2025-08-21 12:40:00,1253.4,1255.8,1257.3,1253.3,3213023.5000000005,2561,2025-08-21 12:49:59
2025-08-21 12:50:00,1255.8,1257.4,1257.9,1255.8,1235682.0999999999,983,2025-08-21 12:59:59
2025-08-21 13:00:00,1257.8,1259.0,1262.0,1257.8,1850434.9000000001,1469,2025-08-21 13:09:59
2025-08-21 13:10:00,1258.8,1256.6,1258.8,1256.5,859985.3,684,2025-08-21 13:19:59
2025-08-21 13:20:00,1256.4,1256.1,1256.4,1255.0,2701567.0,2152,2025-08-21 13:29:59
2025-08-21 13:30:00,1255.5,1253.4,1256.6,1253.1,7729278.000000002,6161,2025-08-21 13:39:59
2025-08-21 13:40:00,1253.8,1253.7,1254.5,1253.1,500159.30000000016,399,2025-08-21 13:49:59
2025-08-21 13:50:00,1253.7,1255.0,1255.0,1253.2,933209.9,744,2025-08-21 13:59:59
2025-08-21 14:00:00,1255.1,1261.6,1262.7,1255.1,3566176.700000001,2831,2025-08-21 14:09:59
2025-08-21 14:10:00,1261.7,1265.5,1267.6,1261.2,3202098.1999999997,2530,2025-08-21 14:19:59
2025-08-21 14:20:00,1265.0,1266.1,1274.5,1263.4,8417631.700000001,6633,2025-08-21 14:29:59
2025-08-21 14:30:00,1265.8,1264.3,1265.8,1261.6,3967855.7,3139,2025-08-21 14:39:59
2025-08-21 14:40:00,1264.3,1263.4,1264.3,1261.4,494795.6,392,2025-08-21 14:49:59
2025-08-21 14:50:00,1263.4,1267.9,1274.0,1263.4,13573763.399999995,10686,2025-08-21 14:59:59
2025-08-21 15:00:00,1267.9,1269.4,1270.0,1267.8,640813.2999999999,505,2025-08-21 15:09:59
2025-08-21 15:10:00,1269.0,1260.5,1270.4,1257.2,12212606.699999996,9665,2025-08-21 15:19:59
2025-08-21 15:20:00,1260.3,1267.5,1271.2,1260.3,10184177.400000017,8029,2025-08-21 15:29:59
2025-08-21 15:30:00,1267.5,1267.7,1268.1,1266.9,267505.10000000003,211,2025-08-21 15:39:59
2025-08-21 15:40:00,1267.7,1266.4,1267.7,1265.9,796758.3999999998,629,2025-08-21 15:49:59
2025-08-21 15:50:00,1266.5,1267.3,1267.3,1266.3,808095.7999999999,638,2025-08-21 15:59:59
2025-08-21 16:00:00,1266.5,1262.0,1267.0,1261.1,2940145.2,2327,2025-08-21 16:09:59
2025-08-21 16:10:00,1261.7,1258.1,1261.7,1258.0,898347.9,713,2025-08-21 16:19:59
2025-08-21 16:20:00,1258.0,1256.2,1258.8,1255.3,1510634.8,1202,2025-08-21 16:29:59
2025-08-21 16:30:00,1256.3,1254.7,1257.0,1254.2,1880673.2000000002,1498,2025-08-21 16:39:59
2025-08-21 16:40:00,1254.7,1258.1,1259.3,1254.1,2279018.1,1814,2025-08-21 16:49:59
2025-08-21 16:50:00,1258.5,1255.7,1258.7,1254.9,1306001.0,1040,2025-08-21 16:59:59
2025-08-21 17:00:00,1255.7,1253.2,1259.4,1252.1,3588881.2999999993,2862,2025-08-21 17:09:59
2025-08-21 17:10:00,1252.6,1245.1,1253.9,1245.0,14415047.499999998,11534,2025-08-21 17:19:59
2025-08-21 17:20:00,1245.1,1246.9,1248.1,1244.0,2936693.899999999,2357,2025-08-21 17:29:59
2025-08-21 17:30:00,1247.1,1246.1,1247.1,1245.4,1435599.0999999999,1152,2025-08-21 17:39:59
2025-08-21 17:40:00,1245.9,1238.4,1246.1,1238.1,3610500.0,2909,2025-08-21 17:49:59
2025-08-21 17:50:00,1238.5,1240.3,1240.7,1238.3,2040544.4999999995,1646,2025-08-21 17:59:59
2025-08-21 18:00:00,1240.3,1240.2,1243.1,1239.3,2255038.4,1817,2025-08-21 18:09:59
2025-08-21 18:10:00,1239.3,1238.6,1239.9,1238.0,2140265.3999999994,1728,2025-08-21 18:19:59
2025-08-21 18:20:00,1238.3,1239.0,1240.0,1238.3,1909517.9999999995,1541,2025-08-21 18:29:59
2025-08-21 18:30:00,1238.9,1238.7,1239.7,1238.0,1004332.9999999999,811,2025-08-21 18:39:59
2025-08-21 18:40:00,1240.0,1240.0,1240.0,1240.0,673320.0,543,2025-08-21 18:49:59
2025-08-21 19:00:00,1240.0,1239.2,1240.5,1238.7,698007.5999999999,563,2025-08-21 19:09:59
2025-08-21 19:10:00,1239.3,1226.7,1240.1,1226.2,8761581.000000002,7113,2025-08-21 19:19:59
2025-08-21 19:20:00,1227.0,1228.7,1229.1,1226.7,3101518.3000000003,2526,2025-08-21 19:29:59
2025-08-21 19:30:00,1228.9,1228.7,1229.0,1227.0,1325276.1,1079,2025-08-21 19:39:59
2025-08-21 19:40:00,1229.0,1231.2,1232.1,1228.7,2180859.1999999997,1773,2025-08-21 19:49:59
2025-08-21 19:50:00,1231.2,1229.3,1231.8,1229.2,1110245.7,902,2025-08-21 19:59:59
2025-08-21 20:00:00,1229.3,1232.5,1233.0,1229.3,1401109.5999999999,1137,2025-08-21 20:09:59
2025-08-21 20:10:00,1232.5,1233.0,1233.0,1231.7,245268.4,199,2025-08-21 20:19:59
2025-08-21 20:20:00,1233.0,1235.4,1235.4,1233.0,825964.0,669,2025-08-21 20:29:59
2025-08-21 20:30:00,1235.1,1236.8,1237.3,1235.1,297851.8,241,2025-08-21 20:39:59
2025-08-21 20:40:00,1236.7,1237.8,1238.5,1236.4,800777.6999999998,647,2025-08-21 20:49:59
2025-08-21 20:50:00,1238.5,1240.9,1241.0,1238.5,1966004.1,1586,2025-08-21 20:59:59
2025-08-21 21:00:00,1241.0,1239.7,1241.3,1239.5,938776.4999999999,757,2025-08-21 21:09:59
2025-08-21 21:10:00,1239.6,1236.0,1239.6,1236.0,586910.0,474,2025-08-21 21:19:59
2025-08-21 21:20:00,1237.0,1235.7,1237.7,1235.3,1082907.9999999998,876,2025-08-21 21:29:59
2025-08-21 21:30:00,1236.5,1235.8,1236.6,1235.1,122368.4,99,2025-08-21 21:39:59
2025-08-21 21:40:00,1235.8,1235.2,1235.9,1235.0,121053.1,98,2025-08-21 21:49:59
2025-08-21 21:50:00,1235.0,1235.2,1235.2,1235.0,255668.0,207,2025-08-21 21:59:59
2025-08-21 22:00:00,1235.2,1236.1,1236.1,1234.1,485388.19999999995,393,2025-08-21 22:09:59
2025-08-21 22:10:00,1236.1,1235.7,1236.6,1234.9,254562.1,206,2025-08-21 22:19:59
2025-08-21 22:20:00,1235.8,1235.4,1235.8,1234.7,235917.9,191,2025-08-21 22:29:59
2025-08-21 22:30:00,1235.4,1234.5,1235.5,1234.5,237099.1,192,2025-08-21 22:39:59
2025-08-21 22:40:00,1234.5,1232.8,1235.1,1232.8,245500.90000000002,199,2025-08-21 22:49:59
2025-08-21 22:50:00,1232.8,1233.4,1233.4,1232.6,324203.3,263,2025-08-21 22:59:05
2025-08-21 23:00:00,1233.4,1234.3,1234.3,1233.0,141858.30000000002,115,2025-08-21 23:09:59
2025-08-21 23:10:00,1234.3,1235.2,1235.3,1234.0,370506.89999999997,300,2025-08-21 23:19:59
2025-08-21 23:20:00,1235.5,1236.0,1236.0,1235.4,378163.0,306,2025-08-21 23:29:59
2025-08-21 23:30:00,1236.0,1234.7,1236.0,1232.6,1785203.0999999999,1447,2025-08-21 23:39:59
2025-08-21 23:40:00,1234.6,1233.9,1235.8,1233.9,544395.2,441,2025-08-21 23:49:59
2025-08-22 06:50:00,1234.0,1234.0,1234.0,1234.0,248034.0,201,2025-08-22 06:59:59
2025-08-22 07:00:00,1234.0,1244.3,1253.7,1234.0,2613714.0,2098,2025-08-22 07:09:59
2025-08-22 07:10:00,1244.2,1244.3,1246.3,1242.0,715589.5999999999,575,2025-08-22 07:19:59
2025-08-22 07:20:00,1244.1,1244.9,1244.9,1242.0,680130.0,547,2025-08-22 07:29:59
2025-08-22 07:30:00,1244.9,1242.5,1245.0,1242.5,622004.6,500,2025-08-22 07:39:59
2025-08-22 07:40:00,1242.6,1241.2,1242.6,1240.3,382525.6000000001,308,2025-08-22 07:49:59
2025-08-22 07:50:00,1241.6,1242.3,1242.9,1240.6,95636.50000000001,77,2025-08-22 07:59:59
2025-08-22 08:00:00,1242.3,1242.6,1242.9,1240.0,500131.7,403,2025-08-22 08:09:59
2025-08-22 08:10:00,1242.6,1245.3,1245.3,1242.6,361924.1000000001,291,2025-08-22 08:19:59
2025-08-22 08:20:00,1244.6,1245.0,1245.1,1243.3,603769.2000000001,485,2025-08-22 08:29:59
2025-08-22 08:30:00,1245.0,1255.6,1256.0,1245.0,2769595.6999999997,2212,2025-08-22 08:39:59
2025-08-22 08:40:00,1254.4,1252.0,1255.0,1250.5,1428865.7999999998,1141,2025-08-22 08:49:59
2025-08-22 08:50:00,1251.3,1254.6,1255.5,1251.2,659472.0,526,2025-08-22 08:59:59
2025-08-22 09:00:00,1254.8,1257.0,1257.3,1254.8,1155966.7000000002,920,2025-08-22 09:09:59
2025-08-22 09:10:00,1257.0,1261.2,1264.0,1254.1,5016245.300000001,3982,2025-08-22 09:19:59
2025-08-22 09:20:00,1262.5,1263.6,1264.4,1259.9,4168947.900000002,3301,2025-08-22 09:29:59
2025-08-22 09:30:00,1263.7,1258.0,1263.7,1256.7,3190480.2,2533,2025-08-22 09:39:59
2025-08-22 09:40:00,1258.3,1257.6,1258.3,1254.5,1077870.7000000002,858,2025-08-22 09:49:59
2025-08-22 09:50:00,1257.6,1255.6,1257.6,1254.0,1017696.2999999999,811,2025-08-22 09:59:59
2025-08-22 10:00:00,1255.6,1254.2,1257.1,1254.0,1648235.6999999995,1313,2025-08-22 10:09:59
2025-08-22 10:10:00,1254.8,1255.0,1255.0,1254.1,1448828.9000000001,1155,2025-08-22 10:19:59
2025-08-22 10:20:00,1254.5,1255.0,1255.0,1254.2,496910.80000000005,396,2025-08-22 10:29:59
2025-08-22 10:30:00,1255.0,1254.9,1255.0,1253.6,1248254.7,995,2025-08-22 10:39:59
2025-08-22 10:40:00,1254.2,1252.6,1255.0,1250.4,1918079.5,1531,2025-08-22 10:49:59
2025-08-22 10:50:00,1252.6,1251.1,1252.9,1250.0,1105801.4,884,2025-08-22 10:59:59
2025-08-22 11:00:00,1251.1,1253.9,1253.9,1250.2,518022.20000000007,414,2025-08-22 11:09:59
2025-08-22 11:10:00,1253.7,1253.6,1254.6,1253.1,564318.0,450,2025-08-22 11:19:59
2025-08-22 11:20:00,1253.7,1256.2,1257.5,1252.7,2628126.0,2094,2025-08-22 11:29:59
2025-08-22 11:30:00,1256.3,1259.4,1259.9,1255.6,1142656.0,908,2025-08-22 11:39:59
2025-08-22 11:40:00,1259.9,1252.7,1260.0,1251.5,7502580.500000001,5976,2025-08-22 11:49:59
2025-08-22 11:50:00,1252.7,1251.5,1253.4,1251.0,1318728.9,1053,2025-08-22 11:59:59
2025-08-22 12:00:00,1251.5,1257.1,1258.4,1251.1,4651924.7,3707,2025-08-22 12:09:59
2025-08-22 12:10:00,1257.3,1256.7,1257.4,1253.0,1159757.4000000001,924,2025-08-22 12:19:59
2025-08-22 12:20:00,1256.7,1260.7,1262.0,1255.5,5822528.899999999,4628,2025-08-22 12:29:59
2025-08-22 12:30:00,1260.8,1263.6,1264.0,1259.6,1967208.3000000003,1559,2025-08-22 12:39:59
2025-08-22 12:40:00,1263.6,1262.0,1264.9,1261.0,3817676.9000000004,3021,2025-08-22 12:49:59
2025-08-22 12:50:00,1263.0,1260.8,1263.1,1260.4,2181377.3,1729,2025-08-22 12:59:59
2025-08-22 13:00:00,1260.8,1259.2,1261.0,1257.0,1697185.2999999998,1347,2025-08-22 13:09:59
2025-08-22 13:10:00,1259.2,1261.2,1261.2,1258.3,1624089.8,1289,2025-08-22 13:19:59
2025-08-22 13:20:00,1261.2,1254.7,1261.2,1250.0,11002653.300000004,8774,2025-08-22 13:29:59
2025-08-22 13:30:00,1254.2,1256.6,1256.9,1253.4,1363187.4,1086,2025-08-22 13:39:59
2025-08-22 13:40:00,1256.7,1256.1,1256.9,1254.6,727241.6,579,2025-08-22 13:49:59
2025-08-22 13:50:00,1256.1,1256.8,1256.8,1254.3,510971.79999999993,407,2025-08-22 13:59:59
2025-08-22 14:00:00,1256.8,1254.0,1257.2,1253.7,983292.3999999999,783,2025-08-22 14:09:59
2025-08-22 14:10:00,1254.5,1256.0,1256.1,1253.6,648464.4,517,2025-08-22 14:19:59
2025-08-22 14:20:00,1256.0,1257.2,1258.4,1255.6,1450905.4999999998,1154,2025-08-22 14:29:59
2025-08-22 14:30:00,1257.2,1259.7,1259.7,1256.9,1713248.1,1361,2025-08-22 14:39:59
2025-08-22 14:40:00,1259.7,1258.7,1259.7,1256.7,2710241.4000000004,2154,2025-08-22 14:49:59
2025-08-22 14:50:00,1258.7,1255.9,1258.8,1255.3,1059508.2,843,2025-08-22 14:59:59
2025-08-22 15:00:00,1255.9,1257.4,1259.0,1255.6,1405515.7,1118,2025-08-22 15:09:59
2025-08-22 15:10:00,1257.3,1256.5,1257.3,1254.6,1115359.1,888,2025-08-22 15:19:59
2025-08-22 15:20:00,1256.6,1257.5,1258.8,1256.6,1349641.0999999999,1073,2025-08-22 15:29:59
2025-08-22 15:30:00,1258.2,1259.3,1259.7,1257.6,935499.2000000001,743,2025-08-22 15:39:59
2025-08-22 15:40:00,1259.3,1257.5,1259.6,1256.3,1080410.9,859,2025-08-22 15:49:59
2025-08-22 15:50:00,1257.2,1254.8,1257.8,1254.4,688247.5,548,2025-08-22 15:59:59
2025-08-22 16:00:00,1254.7,1254.8,1255.0,1254.1,831681.8,663,2025-08-22 16:09:59
2025-08-22 16:10:00,1254.6,1256.2,1256.4,1254.6,1237073.4,985,2025-08-22 16:19:59
2025-08-22 16:20:00,1256.2,1254.8,1256.3,1254.1,874725.3999999999,697,2025-08-22 16:29:59
2025-08-22 16:30:00,1254.8,1255.7,1255.9,1254.1,605077.2999999998,482,2025-08-22 16:39:59
2025-08-22 16:40:00,1255.7,1256.0,1256.1,1255.0,429446.4,342,2025-08-22 16:49:59
2025-08-22 16:50:00,1256.1,1259.3,1260.0,1256.0,3451200.0999999996,2745,2025-08-22 16:59:59
2025-08-22 17:00:00,1259.3,1261.4,1261.4,1259.0,4971685.099999999,3945,2025-08-22 17:09:59
2025-08-22 17:10:00,1261.4,1260.0,1262.6,1260.0,4983970.9,3953,2025-08-22 17:19:59
2025-08-22 17:20:00,1260.9,1261.0,1262.4,1260.1,2413681.8000000003,1913,2025-08-22 17:29:59
2025-08-22 17:30:00,1261.6,1262.4,1262.4,1261.0,628521.8,498,2025-08-22 17:39:59
2025-08-22 17:40:00,1262.4,1263.9,1263.9,1262.4,2968224.8000000003,2350,2025-08-22 17:49:59
2025-08-22 17:50:00,1263.4,1263.1,1263.4,1262.7,901735.1000000001,714,2025-08-22 17:59:59
2025-08-22 18:00:00,1263.2,1267.0,1267.3,1263.2,3475595.6000000006,2746,2025-08-22 18:09:59
2025-08-22 18:10:00,1266.7,1265.1,1268.6,1264.9,713169.5,563,2025-08-22 18:19:59
2025-08-22 18:20:00,1265.0,1266.2,1266.6,1264.6,2101424.9,1661,2025-08-22 18:29:59
2025-08-22 18:30:00,1266.2,1266.1,1267.0,1265.1,946192.5000000001,747,2025-08-22 18:39:59
2025-08-22 18:40:00,1264.6,1264.6,1264.6,1264.6,222569.6,176,2025-08-22 18:49:04
2025-08-22 19:00:00,1264.6,1265.8,1266.9,1264.6,597570.3,472,2025-08-22 19:09:59
2025-08-22 19:10:00,1265.9,1267.0,1267.0,1265.9,81077.6,64,2025-08-22 19:19:59
2025-08-22 19:20:00,1267.0,1266.4,1269.6,1265.9,1873053.0999999996,1477,2025-08-22 19:29:59
2025-08-22 19:30:00,1266.2,1267.0,1267.8,1265.9,820869.0,648,2025-08-22 19:39:59
2025-08-22 19:40:00,1267.1,1267.2,1267.6,1266.4,143202.59999999998,113,2025-08-22 19:49:59
2025-08-22 19:50:00,1267.4,1267.3,1267.6,1267.0,367489.4,290,2025-08-22 19:59:59
2025-08-22 20:00:00,1267.6,1266.8,1267.6,1265.9,706811.3,558,2025-08-22 20:09:59
2025-08-22 20:10:00,1266.8,1264.6,1266.9,1264.6,1278378.2999999998,1010,2025-08-22 20:19:59
2025-08-22 20:20:00,1264.6,1264.6,1265.0,1264.6,548849.9999999999,434,2025-08-22 20:29:59
2025-08-22 20:30:00,1264.7,1266.1,1266.8,1264.7,1145850.7000000002,905,2025-08-22 20:39:59
2025-08-22 20:40:00,1265.4,1265.2,1265.7,1265.1,289717.9000000001,229,2025-08-22 20:49:59
2025-08-22 20:50:00,1265.6,1265.5,1265.9,1265.1,165742.90000000002,131,2025-08-22 20:59:59
2025-08-22 21:00:00,1265.4,1265.1,1265.7,1265.0,117674.2,93,2025-08-22 21:09:59
2025-08-22 21:10:00,1265.6,1265.4,1265.6,1265.0,375716.7,297,2025-08-22 21:19:59
2025-08-22 21:20:00,1265.5,1265.7,1266.0,1265.1,216411.2,171,2025-08-22 21:29:59
2025-08-22 21:30:00,1265.7,1265.1,1265.9,1265.1,62012.3,49,2025-08-22 21:39:59
2025-08-22 21:40:00,1265.9,1265.5,1266.4,1265.1,284822.8,225,2025-08-22 21:49:59
2025-08-22 21:50:00,1266.4,1266.3,1266.4,1265.4,117740.8,93,2025-08-22 21:59:59
2025-08-22 22:00:00,1266.3,1265.4,1266.7,1265.2,183594.40000000002,145,2025-08-22 22:09:59
2025-08-22 22:10:00,1265.4,1265.4,1266.1,1265.4,50629.7,40,2025-08-22 22:19:59
2025-08-22 22:20:00,1265.8,1266.4,1266.4,1265.4,329229.0,260,2025-08-22 22:29:59
2025-08-22 22:30:00,1265.7,1266.7,1266.7,1265.7,145633.0,115,2025-08-22 22:39:59
2025-08-22 22:40:00,1266.6,1266.1,1266.7,1266.1,91166.9,72,2025-08-22 22:49:59
2025-08-22 22:50:00,1266.5,1267.1,1267.2,1265.8,1520079.9,1200,2025-08-22 22:59:59
2025-08-22 23:00:00,1267.3,1267.7,1267.7,1267.1,565244.2,446,2025-08-22 23:09:59
2025-08-22 23:10:00,1267.3,1269.3,1270.0,1267.0,2572503.3999999994,2028,2025-08-22 23:19:59
2025-08-22 23:20:00,1270.0,1269.4,1270.0,1269.4,232372.4,183,2025-08-22 23:29:59
2025-08-22 23:30:00,1269.4,1269.6,1269.6,1269.4,600453.6,473,2025-08-22 23:39:59
2025-08-22 23:40:00,1269.4,1269.4,1270.0,1269.4,858341.1000000001,676,2025-08-22 23:49:59
2025-08-23 09:50:00,1270.0,1270.0,1270.0,1270.0,162560.0,128,2025-08-23 09:59:59
2025-08-23 10:00:00,1270.4,1283.2,1283.4,1270.0,1708882.1,1336,2025-08-23 10:09:59
2025-08-23 10:10:00,1278.6,1280.0,1288.0,1278.6,2066929.0000000005,1610,2025-08-23 10:19:59
2025-08-23 10:20:00,1280.0,1278.4,1281.1,1278.1,391763.29999999993,306,2025-08-23 10:29:59
2025-08-23 10:30:00,1278.4,1280.1,1280.1,1278.4,115190.7,90,2025-08-23 10:39:59
2025-08-23 10:40:00,1280.1,1279.4,1280.1,1279.3,202188.19999999998,158,2025-08-23 10:49:59
2025-08-23 10:50:00,1279.9,1279.1,1280.0,1279.1,518239.7,405,2025-08-23 10:59:01
2025-08-23 11:00:00,1279.0,1271.4,1279.1,1269.9,3914551.9,3076,2025-08-23 11:09:59
2025-08-23 11:10:00,1270.9,1272.3,1274.4,1270.9,342456.49999999994,269,2025-08-23 11:19:59
2025-08-23 11:20:00,1273.0,1273.4,1273.4,1273.0,29284.3,23,2025-08-23 11:29:59
2025-08-23 11:30:00,1273.0,1271.0,1273.7,1271.0,221485.7,174,2025-08-23 11:39:59
2025-08-23 11:40:00,1271.5,1274.1,1274.5,1271.2,63642.1,50,2025-08-23 11:49:59
2025-08-23 11:50:00,1273.5,1272.4,1274.2,1272.4,129841.8,102,2025-08-23 11:59:01
2025-08-23 12:00:00,1273.0,1272.0,1273.8,1271.8,152740.4,120,2025-08-23 12:09:59
2025-08-23 12:10:00,1272.0,1270.9,1272.0,1270.1,302610.0,238,2025-08-23 12:19:59
2025-08-23 12:20:00,1270.2,1270.9,1270.9,1270.0,91459.9,72,2025-08-23 12:29:59
2025-08-23 12:30:00,1270.9,1271.0,1271.0,1270.3,19062.800000000003,15,2025-08-23 12:39:59
2025-08-23 12:40:00,1270.3,1271.5,1271.9,1270.3,77570.7,61,2025-08-23 12:49:59
2025-08-23 12:50:00,1271.9,1271.2,1271.9,1271.1,155104.7,122,2025-08-23 12:59:59
2025-08-23 13:00:00,1271.8,1272.0,1272.0,1271.8,380315.9,299,2025-08-23 13:09:59
2025-08-23 13:10:00,1272.0,1273.4,1273.6,1271.8,633461.3999999999,498,2025-08-23 13:19:59
2025-08-23 13:20:00,1273.2,1273.0,1273.6,1271.9,84016.2,66,2025-08-23 13:29:59
2025-08-23 13:30:00,1273.0,1273.2,1273.4,1271.9,263480.89999999997,207,2025-08-23 13:39:59
2025-08-23 13:40:00,1273.0,1272.5,1273.4,1272.5,120963.40000000001,95,2025-08-23 13:49:59
2025-08-23 13:50:00,1273.3,1273.4,1273.4,1272.6,113327.3,89,2025-08-23 13:59:59
2025-08-23 14:00:00,1272.8,1272.2,1273.4,1272.1,55999.9,44,2025-08-23 14:09:59
2025-08-23 14:10:00,1272.1,1272.8,1272.8,1272.1,24171.999999999996,19,2025-08-23 14:19:59
2025-08-23 14:20:00,1272.1,1273.2,1273.2,1272.1,68704.29999999999,54,2025-08-23 14:29:59
2025-08-23 14:30:00,1273.1,1272.9,1273.2,1272.2,134904.40000000002,106,2025-08-23 14:39:59
2025-08-23 14:40:00,1272.2,1271.1,1272.3,1271.0,666207.5,524,2025-08-23 14:49:59
2025-08-23 14:50:00,1272.6,1271.6,1272.6,1271.2,90282.2,71,2025-08-23 14:59:59
2025-08-23 15:00:00,1271.2,1271.9,1272.4,1271.0,256812.5,202,2025-08-23 15:09:59
2025-08-23 15:10:00,1272.0,1272.0,1272.0,1271.9,5087.9,4,2025-08-23 15:19:59
2025-08-23 15:20:00,1272.0,1271.0,1272.0,1271.0,54664.49999999999,43,2025-08-23 15:29:59
2025-08-23 15:30:00,1271.4,1271.1,1271.5,1271.0,26694.4,21,2025-08-23 15:39:59
2025-08-23 15:40:00,1271.4,1272.2,1272.3,1271.1,54692.5,43,2025-08-23 15:49:59
2025-08-23 15:50:00,1271.5,1272.4,1272.4,1271.5,43256.4,34,2025-08-23 15:59:59
2025-08-23 16:00:00,1272.0,1271.9,1272.4,1271.0,208484.3,164,2025-08-23 16:09:59
2025-08-23 16:10:00,1271.9,1271.1,1272.0,1271.1,16532.899999999998,13,2025-08-23 16:19:59
2025-08-23 16:20:00,1271.2,1271.1,1271.9,1271.1,62289.7,49,2025-08-23 16:29:59
2025-08-23 16:30:00,1271.9,1272.1,1272.4,1271.1,101770.6,80,2025-08-23 16:39:59
2025-08-23 16:40:00,1272.2,1271.2,1272.2,1271.1,45765.1,36,2025-08-23 16:49:59
2025-08-23 16:50:00,1271.2,1271.0,1271.8,1271.0,95331.0,75,2025-08-23 16:58:01
2025-08-23 17:00:00,1271.1,1271.3,1272.2,1271.0,36884.1,29,2025-08-23 17:09:59
2025-08-23 17:10:00,1271.4,1272.2,1272.3,1271.0,91530.80000000002,72,2025-08-23 17:19:59
2025-08-23 17:20:00,1272.0,1271.5,1272.0,1270.7,100423.9,79,2025-08-23 17:29:59
2025-08-23 17:30:00,1271.3,1270.6,1272.0,1270.6,96576.59999999999,76,2025-08-23 17:39:59
2025-08-23 17:40:00,1270.6,1271.7,1271.9,1270.5,127063.50000000001,100,2025-08-23 17:49:59
2025-08-23 17:50:00,1270.7,1270.8,1271.7,1270.7,7626.2,6,2025-08-23 17:57:02
2025-08-23 18:00:00,1270.8,1270.8,1271.7,1270.5,77520.7,61,2025-08-23 18:09:59
2025-08-23 18:10:00,1270.8,1270.6,1270.8,1270.6,29225.7,23,2025-08-23 18:19:59
2025-08-23 18:20:00,1270.7,1270.5,1271.4,1270.5,134681.6,106,2025-08-23 18:29:59
2025-08-23 18:30:00,1270.5,1271.2,1271.2,1270.5,8894.2,7,2025-08-23 18:39:59
2025-08-23 18:40:00,1270.5,1271.7,1271.8,1270.1,335467.00000000006,264,2025-08-23 18:49:59
2025-08-23 18:50:00,1271.9,1272.4,1272.4,1271.9,118287.7,93,2025-08-23 18:53:01
2025-08-24 09:50:00,1272.3,1272.3,1272.3,1272.3,5089.2,4,2025-08-24 09:59:59
2025-08-24 10:00:00,1271.9,1271.1,1275.0,1270.0,997416.9,784,2025-08-24 10:09:59
2025-08-24 10:10:00,1270.6,1269.9,1270.8,1269.9,147330.30000000002,116,2025-08-24 10:19:59
2025-08-24 10:20:00,1272.2,1270.0,1273.1,1270.0,115590.6,91,2025-08-24 10:29:59
2025-08-24 10:30:00,1271.1,1270.0,1271.1,1270.0,149923.8,118,2025-08-24 10:39:59
2025-08-24 10:40:00,1270.1,1270.4,1271.7,1270.0,212130.30000000005,167,2025-08-24 10:49:59
2025-08-24 10:50:00,1271.8,1270.1,1271.8,1270.0,39386.4,31,2025-08-24 10:56:01
2025-08-24 11:00:00,1270.2,1272.8,1273.9,1270.0,246658.0,194,2025-08-24 11:09:59
2025-08-24 11:10:00,1272.6,1273.4,1273.8,1271.2,118421.6,93,2025-08-24 11:19:59
2025-08-24 11:20:00,1271.9,1271.8,1273.6,1271.8,62320.1,49,2025-08-24 11:29:59
2025-08-24 11:30:00,1271.5,1271.0,1273.2,1270.7,94092.9,74,2025-08-24 11:39:59
2025-08-24 11:40:00,1272.0,1272.2,1272.3,1270.3,85214.6,67,2025-08-24 11:49:59
2025-08-24 11:50:00,1270.6,1272.0,1272.0,1270.6,13986.4,11,2025-08-24 11:58:06
2025-08-24 12:00:00,1272.0,1273.8,1274.8,1270.6,174547.2,137,2025-08-24 12:09:59
2025-08-24 12:10:00,1272.5,1273.9,1274.5,1271.5,40751.7,32,2025-08-24 12:19:59
2025-08-24 12:20:00,1274.0,1274.0,1274.7,1271.8,183368.0,144,2025-08-24 12:29:59
2025-08-24 12:30:00,1272.9,1272.8,1274.4,1272.8,72566.8,57,2025-08-24 12:39:59
2025-08-24 12:40:00,1273.6,1272.7,1273.6,1272.7,15274.300000000001,12,2025-08-24 12:49:59
2025-08-24 12:50:00,1271.7,1271.2,1271.8,1271.2,35594.7,28,2025-08-24 12:59:59
2025-08-24 13:00:00,1271.2,1270.9,1271.8,1270.5,52117.4,41,2025-08-24 13:09:59
2025-08-24 13:10:00,1270.9,1271.0,1273.2,1270.1,106806.79999999999,84,2025-08-24 13:19:59
2025-08-24 13:20:00,1272.0,1273.4,1273.4,1272.0,48369.600000000006,38,2025-08-24 13:29:59
2025-08-24 13:30:00,1271.3,1272.5,1274.4,1271.3,279031.2,219,2025-08-24 13:39:59
2025-08-24 13:40:00,1274.3,1271.7,1274.3,1271.7,12724.900000000001,10,2025-08-24 13:49:59
2025-08-24 13:50:00,1272.3,1271.5,1272.3,1271.5,24161.8,19,2025-08-24 13:57:01
2025-08-24 14:00:00,1272.3,1272.4,1272.4,1272.3,26718.699999999997,21,2025-08-24 14:09:59
2025-08-24 14:10:00,1271.8,1272.2,1272.5,1271.1,101730.5,80,2025-08-24 14:19:59
2025-08-24 14:20:00,1271.1,1270.4,1271.1,1270.0,437094.00000000006,344,2025-08-24 14:29:59
2025-08-24 14:30:00,1270.5,1270.4,1270.5,1270.4,3811.3,3,2025-08-24 14:39:59
2025-08-24 14:40:00,1271.0,1270.5,1272.3,1270.2,90222.5,71,2025-08-24 14:49:59
2025-08-24 14:50:00,1271.4,1270.6,1271.5,1270.4,15252.100000000002,12,2025-08-24 14:58:06
2025-08-24 15:00:00,1270.6,1270.4,1271.0,1270.3,22866.7,18,2025-08-24 15:09:59
2025-08-24 15:10:00,1271.0,1271.4,1272.0,1270.5,20341.5,16,2025-08-24 15:19:59
2025-08-24 15:20:00,1271.3,1270.4,1271.3,1270.4,20337.300000000003,16,2025-08-24 15:29:59
2025-08-24 15:30:00,1271.0,1270.9,1271.0,1270.3,33031.7,26,2025-08-24 15:39:59
2025-08-24 15:40:00,1270.9,1270.4,1270.9,1265.1,598914.2999999999,472,2025-08-24 15:49:59
2025-08-24 15:50:00,1269.7,1269.7,1270.7,1269.1,12697.9,10,2025-08-24 15:59:02
2025-08-24 16:00:00,1268.5,1267.8,1268.5,1267.4,76057.4,60,2025-08-24 16:09:59
2025-08-24 16:10:00,1267.8,1267.8,1269.7,1267.8,73546.2,58,2025-08-24 16:19:59
2025-08-24 16:20:00,1268.4,1267.9,1268.7,1267.8,30432.699999999997,24,2025-08-24 16:29:59
2025-08-24 16:30:00,1268.4,1269.1,1269.2,1268.4,17765.699999999997,14,2025-08-24 16:39:59
2025-08-24 16:40:00,1268.3,1268.5,1269.5,1268.3,45675.5,36,2025-08-24 16:49:59
2025-08-24 16:50:00,1268.0,1266.5,1268.9,1265.1,255873.9,202,2025-08-24 16:59:01
2025-08-24 17:00:00,1267.4,1265.1,1267.5,1265.1,331512.39999999997,262,2025-08-24 17:09:59
2025-08-24 17:10:00,1266.9,1269.1,1269.9,1266.0,162484.6,128,2025-08-24 17:19:59
2025-08-24 17:20:00,1266.7,1267.5,1268.3,1265.1,320412.1,253,2025-08-24 17:29:59
2025-08-24 17:30:00,1265.4,1266.8,1267.1,1265.4,50626.600000000006,40,2025-08-24 17:39:59
2025-08-24 17:40:00,1265.4,1265.9,1266.9,1265.2,93677.3,74,2025-08-24 17:49:59
2025-08-24 17:50:00,1265.5,1265.7,1266.9,1265.2,27851.1,22,2025-08-24 17:59:59
2025-08-24 18:00:00,1265.7,1265.2,1266.9,1265.1,273282.89999999997,216,2025-08-24 18:09:59
2025-08-24 18:10:00,1265.2,1265.2,1268.6,1264.1,301230.70000000007,238,2025-08-24 18:19:59
2025-08-24 18:20:00,1266.7,1267.2,1268.7,1264.5,55716.8,44,2025-08-24 18:29:59
2025-08-24 18:30:00,1267.6,1268.5,1269.7,1267.6,218219.1,172,2025-08-24 18:39:59
2025-08-24 18:40:00,1269.1,1268.1,1269.7,1266.9,72296.8,57,2025-08-24 18:49:59
2025-08-24 18:50:00,1267.0,1268.6,1268.7,1267.0,30445.2,24,2025-08-24 18:59:59
2025-08-25 06:50:00,1272.5,1272.5,1272.5,1272.5,22905.0,18,2025-08-25 06:59:59
2025-08-25 07:00:00,1272.5,1269.1,1275.0,1267.3,471614.19999999995,371,2025-08-25 07:09:59
2025-08-25 07:10:00,1267.2,1266.0,1267.2,1266.0,138060.0,109,2025-08-25 07:19:59
2025-08-25 07:20:00,1266.3,1267.0,1267.5,1266.0,210297.49999999997,166,2025-08-25 07:29:59
2025-08-25 07:30:00,1267.0,1261.8,1267.0,1260.6,785119.6999999998,622,2025-08-25 07:39:59
2025-08-25 07:40:00,1263.1,1263.3,1263.9,1262.4,152813.8,121,2025-08-25 07:49:59
2025-08-25 07:50:00,1263.2,1262.5,1264.0,1261.3,303153.0,240,2025-08-25 07:59:59
2025-08-25 08:00:00,1261.6,1265.9,1270.1,1261.1,1044771.6999999998,825,2025-08-25 08:09:59
2025-08-25 08:10:00,1265.7,1266.4,1266.4,1264.8,79723.2,63,2025-08-25 08:19:59
2025-08-25 08:20:00,1266.4,1265.1,1266.4,1265.1,45569.0,36,2025-08-25 08:29:59
2025-08-25 08:30:00,1265.0,1264.0,1265.0,1263.3,308484.2,244,2025-08-25 08:39:59
2025-08-25 08:40:00,1264.0,1263.4,1264.0,1263.0,448488.1000000001,355,2025-08-25 08:49:59
2025-08-25 08:50:00,1263.4,1264.3,1264.3,1263.4,29069.6,23,2025-08-25 08:59:59
2025-08-25 09:00:00,1264.2,1263.9,1264.2,1263.5,382882.39999999997,303,2025-08-25 09:09:59
2025-08-25 09:10:00,1263.4,1264.0,1264.0,1263.2,88436.80000000002,70,2025-08-25 09:19:59
2025-08-25 09:20:00,1263.6,1262.6,1264.0,1262.6,684593.3,542,2025-08-25 09:29:59
2025-08-25 09:30:00,1262.6,1261.9,1262.6,1260.3,530805.7000000001,421,2025-08-25 09:39:59
2025-08-25 09:40:00,1261.8,1263.0,1263.0,1261.8,741144.7000000001,587,2025-08-25 09:49:59
2025-08-25 09:50:00,1262.4,1262.5,1262.6,1262.2,353461.60000000003,280,2025-08-25 09:59:59
2025-08-25 10:00:00,1262.2,1265.0,1265.0,1260.8,945991.9999999999,749,2025-08-25 10:09:59
2025-08-25 10:10:00,1265.0,1267.8,1268.8,1263.2,1664035.7,1315,2025-08-25 10:19:59
2025-08-25 10:20:00,1268.3,1263.8,1268.4,1260.8,1864875.3999999997,1476,2025-08-25 10:29:59
2025-08-25 10:30:00,1263.8,1263.9,1265.0,1262.8,549833.5000000001,435,2025-08-25 10:39:59
2025-08-25 10:40:00,1263.9,1263.8,1264.0,1262.8,384142.8,304,2025-08-25 10:49:59
2025-08-25 10:50:00,1263.8,1263.1,1264.0,1262.2,967471.2000000005,766,2025-08-25 10:59:59
2025-08-25 11:00:00,1263.0,1260.3,1264.6,1260.2,959663.8,760,2025-08-25 11:09:59
2025-08-25 11:10:00,1260.3,1261.7,1262.6,1260.1,940982.6,746,2025-08-25 11:19:59
2025-08-25 11:20:00,1261.7,1262.0,1264.8,1260.0,2052241.9000000001,1627,2025-08-25 11:29:59
2025-08-25 11:30:00,1262.0,1260.2,1262.4,1260.0,945551.7999999999,750,2025-08-25 11:39:59
2025-08-25 11:40:00,1260.5,1250.5,1261.2,1246.1,12948606.299999991,10347,2025-08-25 11:49:59
2025-08-25 11:50:00,1250.5,1251.1,1252.8,1249.1,1792944.1000000003,1433,2025-08-25 11:59:59
2025-08-25 12:00:00,1251.1,1253.1,1254.1,1250.6,2697181.9999999995,2153,2025-08-25 12:09:59
2025-08-25 12:10:00,1253.8,1255.9,1256.0,1253.8,1234000.3999999997,984,2025-08-25 12:19:59
2025-08-25 12:20:00,1255.9,1258.7,1258.7,1255.5,1067406.0,849,2025-08-25 12:29:59
2025-08-25 12:30:00,1258.7,1258.5,1259.3,1255.7,721722.3,574,2025-08-25 12:39:59
2025-08-25 12:40:00,1258.5,1254.5,1258.5,1253.8,1118294.2000000002,891,2025-08-25 12:49:59
2025-08-25 12:50:00,1255.0,1253.0,1255.8,1252.9,1045959.2,834,2025-08-25 12:59:59
2025-08-25 13:00:00,1253.0,1252.9,1253.0,1252.7,732994.9,585,2025-08-25 13:09:59
2025-08-25 13:10:00,1253.0,1252.3,1253.0,1252.3,526190.3,420,2025-08-25 13:19:59
2025-08-25 13:20:00,1252.3,1252.4,1252.4,1252.1,587360.7999999999,469,2025-08-25 13:29:59
2025-08-25 13:30:00,1252.4,1251.6,1252.4,1250.0,1155912.4000000001,924,2025-08-25 13:39:59
2025-08-25 13:40:00,1252.0,1252.3,1252.4,1250.9,803740.6,642,2025-08-25 13:49:59
2025-08-25 13:50:00,1251.9,1252.0,1252.4,1250.0,1362270.6999999997,1089,2025-08-25 13:59:59
2025-08-25 14:00:00,1252.0,1251.8,1252.4,1251.5,904005.9999999998,722,2025-08-25 14:09:59
2025-08-25 14:10:00,1252.4,1254.4,1254.5,1250.3,940822.8000000003,751,2025-08-25 14:19:59
2025-08-25 14:20:00,1254.5,1255.9,1256.1,1253.7,574795.9,458,2025-08-25 14:29:59
2025-08-25 14:30:00,1255.9,1256.3,1256.8,1255.6,1187248.0000000002,945,2025-08-25 14:39:59
2025-08-25 14:40:00,1256.3,1253.2,1256.6,1253.1,794574.0000000001,633,2025-08-25 14:49:59
2025-08-25 14:50:00,1253.2,1256.6,1256.7,1252.7,805779.7,642,2025-08-25 14:59:59
2025-08-25 15:00:00,1256.6,1256.5,1256.7,1255.8,494958.79999999993,394,2025-08-25 15:09:59
2025-08-25 15:10:00,1256.5,1256.3,1256.5,1255.8,585385.0,466,2025-08-25 15:19:59
2025-08-25 15:20:00,1256.3,1254.9,1256.4,1253.9,1687557.3999999994,1344,2025-08-25 15:29:59
2025-08-25 15:30:00,1255.0,1255.4,1255.9,1252.2,1235787.9000000001,985,2025-08-25 15:39:59
2025-08-25 15:40:00,1255.5,1254.9,1255.5,1253.0,727617.2999999999,580,2025-08-25 15:49:59
2025-08-25 15:50:00,1254.9,1255.7,1255.8,1254.2,431840.5,344,2025-08-25 15:59:59
2025-08-25 16:00:00,1255.7,1254.8,1256.0,1254.0,503428.1999999999,401,2025-08-25 16:09:59
2025-08-25 16:10:00,1255.1,1255.9,1256.0,1255.1,101693.29999999999,81,2025-08-25 16:19:59
2025-08-25 16:20:00,1255.9,1255.4,1256.0,1255.0,209686.0,167,2025-08-25 16:29:59
2025-08-25 16:30:00,1255.5,1255.3,1256.0,1254.6,278651.2,222,2025-08-25 16:39:59
2025-08-25 16:40:00,1255.3,1256.5,1257.0,1255.3,1036492.4,825,2025-08-25 16:49:59
2025-08-25 16:50:00,1256.9,1257.2,1257.3,1256.6,521671.99999999994,415,2025-08-25 16:59:59
2025-08-25 17:00:00,1257.2,1257.2,1257.7,1257.0,1139223.4000000001,906,2025-08-25 17:09:59
2025-08-25 17:10:00,1257.0,1257.5,1257.7,1257.0,933088.9999999998,742,2025-08-25 17:19:59
2025-08-25 17:20:00,1257.5,1257.2,1257.6,1257.2,82994.6,66,2025-08-25 17:29:59
2025-08-25 17:30:00,1257.5,1257.4,1257.6,1256.9,260258.09999999998,207,2025-08-25 17:39:59
2025-08-25 17:40:00,1257.2,1257.6,1257.6,1257.2,155932.00000000003,124,2025-08-25 17:49:59
2025-08-25 17:50:00,1257.4,1257.3,1257.6,1257.3,74190.3,59,2025-08-25 17:59:10
2025-08-25 18:00:00,1257.6,1257.0,1257.7,1256.5,1474635.2000000002,1173,2025-08-25 18:09:59
2025-08-25 18:10:00,1256.9,1256.1,1257.0,1256.1,407151.8,324,2025-08-25 18:19:59
2025-08-25 18:20:00,1257.0,1257.2,1257.3,1256.1,242548.8,193,2025-08-25 18:29:59
2025-08-25 18:30:00,1257.0,1254.4,1257.0,1251.3,1657875.8,1322,2025-08-25 18:39:59
2025-08-25 18:40:00,1254.8,1254.8,1254.8,1254.8,65249.6,52,2025-08-25 18:49:59
2025-08-25 19:00:00,1254.8,1254.2,1254.8,1253.8,87798.8,70,2025-08-25 19:09:59
2025-08-25 19:10:00,1254.8,1254.9,1255.7,1254.5,311316.7,248,2025-08-25 19:19:59
2025-08-25 19:20:00,1254.9,1256.2,1256.2,1254.6,524813.8,418,2025-08-25 19:29:59
2025-08-25 19:30:00,1256.6,1256.3,1256.9,1255.3,400829.8,319,2025-08-25 19:39:59
2025-08-25 19:40:00,1256.3,1255.7,1256.8,1255.3,139436.5,111,2025-08-25 19:49:59
2025-08-25 19:50:00,1256.3,1256.6,1256.6,1255.5,101750.5,81,2025-08-25 19:59:59
2025-08-25 20:00:00,1256.6,1256.5,1256.6,1255.8,49000.09999999999,39,2025-08-25 20:09:59
2025-08-25 20:10:00,1256.5,1256.7,1256.9,1256.0,135718.3,108,2025-08-25 20:19:59
2025-08-25 20:20:00,1256.7,1256.4,1256.8,1256.4,35187.2,28,2025-08-25 20:29:59
2025-08-25 20:30:00,1256.4,1256.9,1256.9,1256.3,116866.7,93,2025-08-25 20:39:59
2025-08-25 20:40:00,1256.9,1255.4,1256.9,1255.1,723384.6,576,2025-08-25 20:49:59
2025-08-25 20:50:00,1255.4,1255.6,1256.4,1255.4,74089.5,59,2025-08-25 20:59:10
2025-08-25 21:00:00,1255.7,1256.1,1256.1,1255.5,130619.09999999999,104,2025-08-25 21:09:59
2025-08-25 21:10:00,1256.4,1256.7,1256.7,1256.1,101781.7,81,2025-08-25 21:19:59
2025-08-25 21:20:00,1256.5,1256.5,1256.6,1256.1,62822.0,50,2025-08-25 21:29:59
2025-08-25 21:30:00,1256.5,1255.7,1256.8,1255.6,694514.3000000002,553,2025-08-25 21:39:59
2025-08-25 21:40:00,1256.0,1255.1,1256.0,1255.1,346472.6,276,2025-08-25 21:49:59
2025-08-25 21:50:00,1255.7,1255.1,1256.0,1255.1,144367.8,115,2025-08-25 21:59:10
2025-08-25 22:00:00,1255.6,1255.1,1256.0,1255.1,33900.7,27,2025-08-25 22:09:59
2025-08-25 22:10:00,1255.7,1254.3,1255.7,1254.2,519530.69999999995,414,2025-08-25 22:19:59
2025-08-25 22:20:00,1254.3,1255.5,1255.5,1254.3,53966.700000000004,43,2025-08-25 22:29:59
2025-08-25 22:30:00,1255.5,1255.4,1255.5,1254.8,82854.9,66,2025-08-25 22:39:59
2025-08-25 22:40:00,1254.9,1254.7,1255.8,1254.6,471931.39999999997,376,2025-08-25 22:49:59
2025-08-25 22:50:00,1254.9,1255.2,1255.3,1254.4,110416.00000000001,88,2025-08-25 22:59:59
2025-08-25 23:00:00,1255.2,1255.7,1255.7,1255.2,16318.9,13,2025-08-25 23:09:59
2025-08-25 23:10:00,1255.8,1253.7,1255.9,1253.4,657078.5999999999,524,2025-08-25 23:19:59
2025-08-25 23:20:00,1254.3,1254.9,1254.9,1253.7,196965.90000000002,157,2025-08-25 23:29:59
2025-08-25 23:30:00,1254.9,1254.8,1255.4,1253.2,178124.0,142,2025-08-25 23:39:59
2025-08-25 23:40:00,1254.8,1252.5,1254.9,1252.3,380934.1,304,2025-08-25 23:46:10
2025-08-26 06:50:00,1257.0,1257.0,1257.0,1257.0,5028.0,4,2025-08-26 06:59:59
2025-08-26 07:00:00,1252.2,1258.5,1258.9,1252.2,212526.40000000002,169,2025-08-26 07:09:59
2025-08-26 07:10:00,1258.9,1257.5,1260.5,1255.0,450662.69999999995,358,2025-08-26 07:19:59
2025-08-26 07:20:00,1257.5,1258.7,1258.7,1256.9,284147.2,226,2025-08-26 07:29:59
2025-08-26 07:30:00,1258.7,1260.3,1260.3,1258.3,169903.79999999996,135,2025-08-26 07:39:59
2025-08-26 07:40:00,1260.5,1260.5,1261.9,1260.5,25215.8,20,2025-08-26 07:49:59
2025-08-26 07:50:00,1261.2,1261.6,1262.0,1260.2,138759.99999999997,110,2025-08-26 07:59:06
2025-08-26 08:00:00,1260.7,1259.6,1260.7,1259.6,78132.59999999999,62,2025-08-26 08:09:59
2025-08-26 08:10:00,1259.2,1260.0,1260.2,1258.2,319993.5,254,2025-08-26 08:19:59
2025-08-26 08:20:00,1260.0,1259.0,1260.0,1258.9,66738.5,53,2025-08-26 08:29:59
2025-08-26 08:30:00,1259.5,1260.1,1260.1,1258.8,207883.7,165,2025-08-26 08:39:59
2025-08-26 08:40:00,1260.1,1259.7,1260.1,1258.5,324884.29999999993,258,2025-08-26 08:49:59
2025-08-26 08:50:00,1260.0,1261.0,1261.0,1259.8,292351.39999999997,232,2025-08-26 08:59:59
2025-08-26 09:00:00,1260.3,1260.1,1261.0,1259.2,298558.9999999999,237,2025-08-26 09:09:59
2025-08-26 09:10:00,1259.3,1259.3,1259.6,1259.1,65486.0,52,2025-08-26 09:19:59
2025-08-26 09:20:00,1259.5,1261.0,1261.0,1259.5,176507.3,140,2025-08-26 09:29:59
2025-08-26 09:30:00,1261.0,1261.0,1261.0,1260.3,119775.80000000002,95,2025-08-26 09:39:59
2025-08-26 09:40:00,1261.0,1261.6,1262.7,1260.8,177878.2,141,2025-08-26 09:49:59
2025-08-26 09:50:00,1261.6,1260.8,1261.7,1260.8,196805.8,156,2025-08-26 09:59:59
2025-08-26 10:00:00,1261.8,1266.9,1267.6,1261.8,1523400.4000000004,1205,2025-08-26 10:09:59
2025-08-26 10:10:00,1266.9,1265.7,1267.5,1264.8,1392700.1000000006,1100,2025-08-26 10:19:59
2025-08-26 10:20:00,1266.5,1267.9,1269.2,1265.8,1554405.1999999997,1226,2025-08-26 10:29:59
2025-08-26 10:30:00,1268.7,1266.0,1268.7,1264.8,2712122.0999999996,2142,2025-08-26 10:39:59
2025-08-26 10:40:00,1266.0,1268.6,1269.0,1266.0,805252.2999999999,635,2025-08-26 10:49:59
2025-08-26 10:50:00,1268.8,1267.3,1269.2,1265.4,1731182.7999999998,1366,2025-08-26 10:59:59
2025-08-26 11:00:00,1268.2,1267.5,1268.3,1264.0,2823592.3,2229,2025-08-26 11:09:59
2025-08-26 11:10:00,1267.5,1265.2,1267.7,1265.1,1119118.0999999999,884,2025-08-26 11:19:59
2025-08-26 11:20:00,1265.3,1267.2,1267.8,1265.2,1270571.9000000001,1003,2025-08-26 11:29:59
2025-08-26 11:30:00,1267.2,1267.5,1267.6,1265.9,1255471.2,991,2025-08-26 11:39:59
2025-08-26 11:40:00,1267.5,1270.0,1270.0,1266.4,11839290.100000005,9334,2025-08-26 11:49:59
2025-08-26 11:50:00,1270.0,1269.7,1270.0,1269.2,827891.4999999998,652,2025-08-26 11:59:59
2025-08-26 12:00:00,1269.7,1269.6,1270.0,1268.7,825183.7999999999,650,2025-08-26 12:09:59
2025-08-26 12:10:00,1269.7,1269.6,1270.0,1268.7,967333.2,762,2025-08-26 12:19:59
2025-08-26 12:20:00,1269.6,1269.9,1270.0,1269.3,485078.0,382,2025-08-26 12:29:59
2025-08-26 12:30:00,1269.9,1269.9,1269.9,1268.5,1447290.7000000004,1140,2025-08-26 12:39:59
2025-08-26 12:40:00,1269.9,1269.9,1269.9,1268.8,977707.9999999999,770,2025-08-26 12:49:59
2025-08-26 12:50:00,1269.9,1269.8,1269.9,1268.7,605544.0000000001,477,2025-08-26 12:59:59
2025-08-26 13:00:00,1269.8,1272.3,1272.4,1269.5,3962331.7,3119,2025-08-26 13:09:59
2025-08-26 13:10:00,1272.3,1272.5,1273.0,1271.2,684550.6000000001,538,2025-08-26 13:19:59
2025-08-26 13:20:00,1272.5,1272.5,1272.5,1272.4,473367.10000000003,372,2025-08-26 13:29:59
2025-08-26 13:30:00,1272.9,1275.0,1275.0,1269.2,6122591.5,4809,2025-08-26 13:39:59
2025-08-26 13:40:00,1275.0,1271.4,1276.3,1268.7,6900092.800000002,5419,2025-08-26 13:49:59
2025-08-26 13:50:00,1271.4,1272.8,1272.8,1270.7,727659.9,572,2025-08-26 13:59:59
2025-08-26 14:00:00,1272.8,1272.0,1272.8,1270.3,1384504.9000000001,1089,2025-08-26 14:09:59
2025-08-26 14:10:00,1272.0,1272.2,1273.4,1271.5,493762.70000000007,388,2025-08-26 14:19:59
2025-08-26 14:20:00,1272.2,1273.6,1273.6,1272.0,647831.8999999999,509,2025-08-26 14:29:59
2025-08-26 14:30:00,1273.6,1273.3,1273.7,1272.2,679919.3000000002,534,2025-08-26 14:39:59
2025-08-26 14:40:00,1273.5,1274.0,1274.0,1272.0,555142.2,436,2025-08-26 14:49:59
2025-08-26 14:50:00,1274.0,1274.9,1275.0,1273.8,1065597.6,836,2025-08-26 14:59:59
2025-08-26 15:00:00,1274.9,1273.8,1274.9,1273.0,736239.6,578,2025-08-26 15:09:59
2025-08-26 15:10:00,1273.9,1274.0,1274.0,1272.2,1582508.1999999997,1243,2025-08-26 15:19:59
2025-08-26 15:20:00,1274.0,1274.9,1275.0,1274.0,678199.1000000001,532,2025-08-26 15:29:59
2025-08-26 15:30:00,1275.0,1279.9,1279.9,1274.9,2620890.5,2051,2025-08-26 15:39:59
2025-08-26 15:40:00,1279.9,1279.8,1279.9,1279.4,939395.9999999999,734,2025-08-26 15:49:59
2025-08-26 15:50:00,1279.8,1279.5,1279.9,1279.4,529793.0,414,2025-08-26 15:59:59
2025-08-26 16:00:00,1279.4,1278.3,1279.5,1278.3,1237929.7000000002,968,2025-08-26 16:09:59
2025-08-26 16:10:00,1278.0,1278.0,1278.3,1277.9,892034.1,698,2025-08-26 16:19:59
2025-08-26 16:20:00,1278.3,1278.0,1278.9,1278.0,1756453.0,1374,2025-08-26 16:29:59
2025-08-26 16:30:00,1278.0,1278.4,1278.5,1278.0,1167037.1,913,2025-08-26 16:39:59
2025-08-26 16:40:00,1278.3,1273.7,1278.3,1271.5,6038402.300000002,4738,2025-08-26 16:49:59
2025-08-26 16:50:00,1273.0,1271.4,1274.5,1271.1,1815036.0000000002,1426,2025-08-26 16:59:59
2025-08-26 17:00:00,1271.5,1272.8,1274.7,1271.5,613730.5,482,2025-08-26 17:09:59
2025-08-26 17:10:00,1272.6,1274.0,1277.4,1272.6,1327419.0999999999,1041,2025-08-26 17:19:59
2025-08-26 17:20:00,1274.0,1272.6,1274.0,1272.6,498946.9,392,2025-08-26 17:29:59
2025-08-26 17:30:00,1272.6,1264.7,1273.0,1263.5,10035844.599999996,7910,2025-08-26 17:39:59
2025-08-26 17:40:00,1264.2,1263.9,1265.6,1262.0,3147226.0,2491,2025-08-26 17:49:59
2025-08-26 17:50:00,1264.4,1257.3,1265.5,1257.0,4559659.6,3618,2025-08-26 17:59:59
2025-08-26 18:00:00,1258.0,1257.1,1263.8,1257.1,5215480.399999999,4141,2025-08-26 18:09:59
2025-08-26 18:10:00,1257.4,1258.8,1262.3,1257.0,4453068.800000001,3539,2025-08-26 18:19:59
2025-08-26 18:20:00,1258.1,1259.8,1263.7,1258.1,4698234.300000001,3727,2025-08-26 18:29:59
2025-08-26 18:30:00,1259.9,1261.6,1262.6,1259.1,1646615.3,1306,2025-08-26 18:39:59
2025-08-26 18:40:00,1261.8,1261.8,1261.8,1261.8,17665.2,14,2025-08-26 18:48:09
2025-08-26 19:00:00,1261.8,1265.3,1267.2,1261.8,905637.1000000001,716,2025-08-26 19:09:59
2025-08-26 19:10:00,1265.3,1265.9,1266.2,1265.0,311337.7,246,2025-08-26 19:19:59
2025-08-26 19:20:00,1265.5,1263.7,1265.9,1263.7,275590.4,218,2025-08-26 19:29:59
2025-08-26 19:30:00,1263.7,1263.7,1265.1,1263.7,104928.00000000001,83,2025-08-26 19:39:59
2025-08-26 19:40:00,1263.8,1262.0,1263.8,1262.0,323289.2,256,2025-08-26 19:49:59
2025-08-26 19:50:00,1262.0,1262.4,1263.2,1261.7,281512.2,223,2025-08-26 19:59:59
2025-08-26 20:00:00,1262.9,1261.0,1263.3,1260.3,803838.5,637,2025-08-26 20:09:59
2025-08-26 20:10:00,1260.6,1261.6,1262.4,1260.4,626796.9,497,2025-08-26 20:19:59
2025-08-26 20:20:00,1261.6,1262.2,1262.3,1261.6,92132.90000000001,73,2025-08-26 20:29:59
2025-08-26 20:30:00,1262.2,1261.8,1262.2,1261.6,42901.600000000006,34,2025-08-26 20:39:59
2025-08-26 20:40:00,1261.8,1262.3,1262.3,1261.8,205725.60000000003,163,2025-08-26 20:49:59
2025-08-26 20:50:00,1262.3,1262.2,1262.4,1262.1,45438.3,36,2025-08-26 20:59:59
2025-08-26 21:00:00,1262.1,1262.2,1262.2,1262.1,50485.8,40,2025-08-26 21:09:59
2025-08-26 21:10:00,1262.2,1262.2,1262.2,1261.7,166592.7,132,2025-08-26 21:19:59
2025-08-26 21:20:00,1262.2,1261.6,1262.2,1261.6,82026.5,65,2025-08-26 21:29:59
2025-08-26 21:30:00,1261.7,1261.8,1262.2,1261.6,41647.5,33,2025-08-26 21:39:59
2025-08-26 21:40:00,1261.8,1263.4,1263.5,1261.8,314346.50000000006,249,2025-08-26 21:49:59
2025-08-26 21:50:00,1262.6,1263.0,1263.4,1262.0,597152.0,473,2025-08-26 21:59:59
2025-08-26 22:00:00,1263.4,1263.0,1263.9,1263.0,610205.6,483,2025-08-26 22:09:59
2025-08-26 22:10:00,1263.6,1263.0,1263.8,1263.0,208452.3,165,2025-08-26 22:19:59
2025-08-26 22:20:00,1263.7,1263.6,1263.8,1263.0,320902.60000000003,254,2025-08-26 22:29:59
2025-08-26 22:30:00,1263.7,1263.1,1263.7,1263.1,175638.5,139,2025-08-26 22:39:59
2025-08-26 22:40:00,1263.1,1262.0,1263.2,1261.4,623648.7999999999,494,2025-08-26 22:49:59
2025-08-26 22:50:00,1262.0,1262.5,1263.1,1261.3,304089.89999999997,241,2025-08-26 22:59:04
2025-08-26 23:00:00,1262.5,1261.2,1262.9,1261.2,167783.8,133,2025-08-26 23:09:59
2025-08-26 23:10:00,1261.5,1261.1,1262.8,1261.1,205635.3,163,2025-08-26 23:19:59
2025-08-26 23:20:00,1261.1,1262.7,1262.7,1261.0,952279.3,755,2025-08-26 23:29:59
2025-08-26 23:30:00,1262.4,1263.5,1263.5,1261.3,131275.3,104,2025-08-26 23:39:59
2025-08-26 23:40:00,1263.4,1265.9,1265.9,1262.9,1605615.9,1270,2025-08-26 23:49:59
2025-08-27 06:50:00,1266.2,1266.2,1266.2,1266.2,8863.4,7,2025-08-27 06:59:59
2025-08-27 07:00:00,1267.8,1268.1,1272.5,1266.1,863304.7999999998,680,2025-08-27 07:09:59
2025-08-27 07:10:00,1267.9,1260.4,1267.9,1255.5,5973171.299999998,4739,2025-08-27 07:19:59
2025-08-27 07:20:00,1260.0,1260.0,1260.4,1258.6,309843.8,246,2025-08-27 07:29:59
2025-08-27 07:30:00,1259.9,1262.9,1263.5,1259.9,360710.30000000005,286,2025-08-27 07:39:59
2025-08-27 07:40:00,1262.9,1264.0,1264.1,1262.9,413138.60000000003,327,2025-08-27 07:49:59
2025-08-27 07:50:00,1263.3,1265.6,1266.6,1262.9,481661.3,381,2025-08-27 07:59:59
2025-08-27 08:00:00,1265.6,1266.6,1266.6,1264.8,162090.2,128,2025-08-27 08:09:59
2025-08-27 08:10:00,1266.6,1265.3,1266.6,1265.1,68342.4,54,2025-08-27 08:19:59
2025-08-27 08:20:00,1266.4,1266.7,1267.6,1266.4,243273.69999999998,192,2025-08-27 08:29:59
2025-08-27 08:30:00,1267.2,1267.3,1267.5,1266.7,92501.8,73,2025-08-27 08:39:59
2025-08-27 08:40:00,1267.5,1266.9,1267.5,1266.9,140667.0,111,2025-08-27 08:49:59
2025-08-27 08:50:00,1267.4,1267.2,1267.4,1266.9,233127.3,184,2025-08-27 08:59:01
2025-08-27 09:00:00,1266.9,1266.7,1267.4,1266.1,918420.7,725,2025-08-27 09:09:59
2025-08-27 09:10:00,1266.2,1266.2,1266.7,1266.1,167147.4,132,2025-08-27 09:19:59
2025-08-27 09:20:00,1266.2,1263.4,1266.3,1263.4,576691.5,456,2025-08-27 09:29:59
2025-08-27 09:30:00,1263.2,1264.7,1264.8,1263.0,221255.49999999997,175,2025-08-27 09:39:59
2025-08-27 09:40:00,1264.1,1264.8,1264.8,1263.6,222545.89999999997,176,2025-08-27 09:49:59
2025-08-27 09:50:00,1264.8,1264.7,1264.8,1264.7,78416.3,62,2025-08-27 09:59:59
2025-08-27 10:00:00,1264.7,1260.9,1264.7,1260.9,777503.2000000001,616,2025-08-27 10:09:59
2025-08-27 10:10:00,1261.1,1256.8,1262.7,1252.9,9303419.500000004,7400,2025-08-27 10:19:59
2025-08-27 10:20:00,1256.7,1257.7,1259.5,1255.3,2906379.400000001,2310,2025-08-27 10:29:59
2025-08-27 10:30:00,1258.3,1264.5,1270.7,1258.3,9212049.8,7275,2025-08-27 10:39:59
2025-08-27 10:40:00,1265.8,1266.0,1266.3,1263.9,1477810.3,1168,2025-08-27 10:49:59
2025-08-27 10:50:00,1266.0,1266.4,1268.0,1264.3,1909478.2000000002,1508,2025-08-27 10:59:59
2025-08-27 11:00:00,1266.4,1266.8,1267.5,1265.1,763805.8,603,2025-08-27 11:09:59
2025-08-27 11:10:00,1266.8,1267.5,1267.9,1265.5,786674.6,621,2025-08-27 11:19:59
2025-08-27 11:20:00,1267.5,1267.9,1268.0,1266.1,977217.0999999999,771,2025-08-27 11:29:59
2025-08-27 11:30:00,1267.9,1267.1,1268.0,1266.0,709777.3,560,2025-08-27 11:39:59
2025-08-27 11:40:00,1267.1,1270.0,1270.0,1266.7,1851679.3000000003,1460,2025-08-27 11:49:59
2025-08-27 11:50:00,1269.9,1272.4,1272.4,1269.4,1427642.8,1123,2025-08-27 11:59:59
2025-08-27 12:00:00,1272.4,1271.8,1273.9,1269.6,1778760.2000000002,1399,2025-08-27 12:09:59
2025-08-27 12:10:00,1271.9,1271.7,1272.5,1270.5,1026046.7999999999,807,2025-08-27 12:19:59
2025-08-27 12:20:00,1271.5,1272.8,1272.8,1271.4,559759.4,440,2025-08-27 12:29:59
2025-08-27 12:30:00,1272.8,1273.0,1273.1,1271.5,827126.1,650,2025-08-27 12:39:59
2025-08-27 12:40:00,1273.0,1274.2,1274.2,1272.4,1240278.6,974,2025-08-27 12:49:59
2025-08-27 12:50:00,1274.2,1272.0,1274.2,1270.5,1450133.3,1140,2025-08-27 12:59:59
2025-08-27 13:00:00,1272.0,1273.9,1274.4,1271.5,1199659.5000000002,942,2025-08-27 13:09:59
2025-08-27 13:10:00,1274.1,1272.9,1274.3,1270.8,1562712.4,1228,2025-08-27 13:19:59
2025-08-27 13:20:00,1272.9,1272.9,1272.9,1270.8,689481.1999999998,542,2025-08-27 13:29:59
2025-08-27 13:30:00,1272.9,1274.0,1274.0,1272.1,471086.0000000001,370,2025-08-27 13:39:59
2025-08-27 13:40:00,1274.0,1266.9,1274.8,1265.8,6600447.5,5199,2025-08-27 13:49:59
2025-08-27 13:50:00,1267.6,1271.2,1271.6,1266.3,809466.9000000001,638,2025-08-27 13:59:59
2025-08-27 14:00:00,1271.1,1271.9,1271.9,1270.4,490625.2,386,2025-08-27 14:09:59
2025-08-27 14:10:00,1271.8,1272.9,1273.1,1271.5,767244.8000000002,603,2025-08-27 14:19:59
2025-08-27 14:20:00,1272.9,1270.4,1272.9,1269.5,1084334.5,853,2025-08-27 14:29:59
2025-08-27 14:30:00,1270.4,1272.4,1272.4,1270.4,525323.3,413,2025-08-27 14:39:59
2025-08-27 14:40:00,1272.4,1273.8,1274.0,1271.1,2073963.5000000005,1630,2025-08-27 14:49:59
2025-08-27 14:50:00,1273.8,1274.4,1274.4,1273.8,1052362.0999999999,826,2025-08-27 14:59:59
2025-08-27 15:00:00,1274.4,1274.6,1275.0,1273.7,1310236.9999999998,1028,2025-08-27 15:09:59
2025-08-27 15:10:00,1274.6,1274.2,1274.6,1273.2,1212629.4999999998,952,2025-08-27 15:19:59
2025-08-27 15:20:00,1274.2,1273.8,1274.5,1272.6,601293.8,472,2025-08-27 15:29:59
2025-08-27 15:30:00,1273.8,1275.0,1275.0,1273.8,1158761.2999999998,909,2025-08-27 15:39:59
2025-08-27 15:40:00,1275.0,1274.7,1275.0,1273.2,1103735.4,866,2025-08-27 15:49:59
2025-08-27 15:50:00,1274.7,1275.0,1275.0,1273.6,1005730.9000000001,789,2025-08-27 15:59:59
2025-08-27 16:00:00,1275.0,1274.9,1275.0,1274.2,355667.6,279,2025-08-27 16:09:59
2025-08-27 16:10:00,1274.9,1273.7,1275.0,1273.7,2929779.5999999996,2298,2025-08-27 16:19:59
2025-08-27 16:20:00,1273.9,1272.2,1273.9,1272.2,313112.69999999995,246,2025-08-27 16:29:59
2025-08-27 16:30:00,1272.3,1268.5,1272.3,1267.4,1644327.2999999998,1295,2025-08-27 16:39:59
2025-08-27 16:40:00,1268.5,1267.3,1268.5,1267.3,246002.70000000007,194,2025-08-27 16:49:59
2025-08-27 16:50:00,1268.3,1269.1,1269.3,1267.2,547751.5,432,2025-08-27 16:59:59
2025-08-27 17:00:00,1269.3,1267.5,1269.6,1267.2,2353989.6,1856,2025-08-27 17:09:59
2025-08-27 17:10:00,1268.0,1266.7,1268.8,1266.6,1268170.9,1001,2025-08-27 17:19:59
2025-08-27 17:20:00,1266.8,1267.3,1267.3,1266.6,411711.8,325,2025-08-27 17:29:59
2025-08-27 17:30:00,1266.7,1268.3,1268.9,1266.7,793829.9,626,2025-08-27 17:39:59
2025-08-27 17:40:00,1268.3,1265.9,1268.3,1263.4,4085680.5000000005,3227,2025-08-27 17:49:59
2025-08-27 17:50:00,1265.1,1264.1,1265.9,1263.5,499491.1,395,2025-08-27 17:59:59
2025-08-27 18:00:00,1263.9,1263.4,1263.9,1262.8,544409.6,431,2025-08-27 18:09:59
2025-08-27 18:10:00,1263.3,1260.9,1263.4,1260.9,741961.3999999999,588,2025-08-27 18:19:59
2025-08-27 18:20:00,1261.7,1264.6,1264.6,1260.9,1711484.0000000002,1356,2025-08-27 18:29:59
2025-08-27 18:30:00,1265.2,1268.7,1269.4,1265.2,1360550.0,1073,2025-08-27 18:39:59
2025-08-27 18:40:00,1268.7,1268.7,1268.7,1268.7,1268.7,1,2025-08-27 18:46:04
2025-08-27 19:00:00,1269.5,1268.6,1270.0,1268.0,417535.6,329,2025-08-27 19:09:59
2025-08-27 19:10:00,1268.6,1269.9,1269.9,1268.5,247451.4,195,2025-08-27 19:19:59
2025-08-27 19:20:00,1269.8,1269.8,1270.0,1268.5,914202.5999999999,720,2025-08-27 19:29:59
2025-08-27 19:30:00,1269.9,1269.0,1270.0,1268.6,429169.3,338,2025-08-27 19:39:59
2025-08-27 19:40:00,1268.6,1265.8,1269.0,1264.4,1343143.5,1060,2025-08-27 19:49:59
2025-08-27 19:50:00,1267.3,1267.8,1268.3,1267.3,140714.59999999998,111,2025-08-27 19:59:09
2025-08-27 20:00:00,1267.9,1266.2,1267.9,1266.2,136867.5,108,2025-08-27 20:09:59
2025-08-27 20:10:00,1266.2,1268.0,1268.6,1266.2,191454.09999999998,151,2025-08-27 20:19:59
2025-08-27 20:20:00,1268.7,1268.8,1268.9,1267.0,238430.1,188,2025-08-27 20:29:59
2025-08-27 20:30:00,1268.9,1268.8,1268.9,1268.8,78668.8,62,2025-08-27 20:39:59
2025-08-27 20:40:00,1268.9,1268.8,1268.9,1268.8,49484.899999999994,39,2025-08-27 20:49:59
2025-08-27 20:50:00,1268.9,1268.0,1268.9,1267.7,521351.19999999995,411,2025-08-27 20:59:59
2025-08-27 21:00:00,1268.8,1267.6,1268.9,1264.5,1223506.3000000003,966,2025-08-27 21:09:59
2025-08-27 21:10:00,1267.6,1268.4,1268.5,1267.6,314551.3,248,2025-08-27 21:19:59
2025-08-27 21:20:00,1268.4,1268.7,1268.8,1265.5,1143819.2999999998,902,2025-08-27 21:29:59
2025-08-27 21:30:00,1268.6,1268.1,1268.8,1266.3,212921.3,168,2025-08-27 21:39:59
2025-08-27 21:40:00,1268.1,1268.0,1269.7,1268.0,601400.3,474,2025-08-27 21:49:59
2025-08-27 21:50:00,1268.0,1268.9,1268.9,1267.0,101464.9,80,2025-08-27 21:59:59
2025-08-27 22:00:00,1268.9,1267.8,1268.9,1267.6,50746.5,40,2025-08-27 22:09:59
2025-08-27 22:10:00,1267.6,1268.0,1268.0,1267.5,86217.0,68,2025-08-27 22:19:59
2025-08-27 22:20:00,1268.0,1266.0,1268.0,1266.0,217993.80000000002,172,2025-08-27 22:29:59
2025-08-27 22:30:00,1266.3,1265.7,1266.3,1265.3,212609.29999999996,168,2025-08-27 22:39:59
2025-08-27 22:40:00,1265.7,1265.7,1265.7,1264.4,473252.6,374,2025-08-27 22:49:59
2025-08-27 22:50:00,1265.6,1265.6,1265.8,1264.5,237910.7,188,2025-08-27 22:59:59
2025-08-27 23:00:00,1265.7,1265.8,1265.8,1264.5,427805.10000000003,338,2025-08-27 23:09:59
2025-08-27 23:10:00,1265.8,1265.8,1265.8,1265.8,91137.60000000002,72,2025-08-27 23:19:59
2025-08-27 23:20:00,1265.8,1265.8,1265.8,1265.3,112654.2,89,2025-08-27 23:29:59
2025-08-27 23:30:00,1265.4,1266.0,1266.3,1265.3,210148.30000000002,166,2025-08-27 23:39:59
2025-08-27 23:40:00,1266.2,1264.7,1266.8,1264.6,445536.1,352,2025-08-27 23:49:59
2025-08-28 07:00:00,1265.9,1268.1,1269.9,1265.8,129340.5,102,2025-08-28 07:09:59
2025-08-28 07:10:00,1268.1,1268.8,1268.8,1268.1,282808.30000000005,223,2025-08-28 07:19:59
2025-08-28 07:20:00,1268.8,1269.8,1269.8,1268.8,57111.40000000001,45,2025-08-28 07:29:59
2025-08-28 07:30:00,1268.9,1269.0,1270.8,1268.8,411480.8,324,2025-08-28 07:39:59
2025-08-28 07:40:00,1269.0,1270.4,1270.8,1268.8,93966.6,74,2025-08-28 07:49:59
2025-08-28 07:50:00,1268.8,1269.2,1270.0,1267.9,149746.69999999995,118,2025-08-28 07:59:59
2025-08-28 08:00:00,1269.4,1269.0,1270.8,1267.6,275553.5,217,2025-08-28 08:09:59
2025-08-28 08:10:00,1269.9,1271.7,1271.7,1269.9,186930.09999999998,147,2025-08-28 08:19:59
2025-08-28 08:20:00,1271.7,1273.5,1274.0,1271.7,1086981.7000000002,854,2025-08-28 08:29:59
2025-08-28 08:30:00,1273.5,1273.9,1278.0,1273.0,1403830.6,1101,2025-08-28 08:39:59
2025-08-28 08:40:00,1273.8,1274.0,1275.0,1273.6,95573.6,75,2025-08-28 08:49:59
2025-08-28 08:50:00,1274.0,1273.8,1274.9,1273.0,871058.0000000001,684,2025-08-28 08:59:59
2025-08-28 09:00:00,1273.8,1271.6,1274.4,1270.1,815502.4,641,2025-08-28 09:09:59
2025-08-28 09:10:00,1272.6,1273.0,1274.0,1272.0,183304.9,144,2025-08-28 09:19:59
2025-08-28 09:20:00,1273.0,1274.0,1274.0,1272.8,275067.1,216,2025-08-28 09:29:59
2025-08-28 09:30:00,1274.0,1273.0,1274.2,1272.0,324476.4000000001,255,2025-08-28 09:39:59
2025-08-28 09:40:00,1272.4,1273.3,1273.3,1272.1,194785.59999999998,153,2025-08-28 09:49:59
2025-08-28 09:50:00,1273.0,1273.0,1274.3,1273.0,185899.6,146,2025-08-28 09:59:59
2025-08-28 10:00:00,1273.0,1271.3,1273.4,1270.0,856716.1999999998,674,2025-08-28 10:09:59
2025-08-28 10:10:00,1271.5,1270.7,1271.5,1268.4,900089.7999999999,709,2025-08-28 10:19:59
2025-08-28 10:20:00,1270.7,1270.7,1271.9,1268.3,996047.7,784,2025-08-28 10:29:59
2025-08-28 10:30:00,1271.1,1272.6,1273.1,1270.2,1431856.6,1126,2025-08-28 10:39:59
2025-08-28 10:40:00,1271.6,1268.9,1273.6,1268.9,1854057.6,1458,2025-08-28 10:49:59
2025-08-28 10:50:00,1269.2,1269.4,1270.0,1269.0,714880.4,563,2025-08-28 10:59:59
2025-08-28 11:00:00,1269.2,1269.4,1269.4,1268.8,736175.5,580,2025-08-28 11:09:59
2025-08-28 11:10:00,1269.4,1268.9,1269.8,1268.6,1062504.2000000002,837,2025-08-28 11:19:59
2025-08-28 11:20:00,1268.9,1271.8,1272.4,1268.8,1184162.3999999997,932,2025-08-28 11:29:59
2025-08-28 11:30:00,1271.4,1269.9,1271.4,1269.2,1483598.9000000001,1168,2025-08-28 11:39:59
2025-08-28 11:40:00,1270.7,1268.6,1272.4,1268.6,1166299.9,918,2025-08-28 11:49:59
2025-08-28 11:50:00,1269.9,1268.7,1269.9,1268.0,483483.6,381,2025-08-28 11:59:59
2025-08-28 12:00:00,1268.5,1270.0,1271.2,1268.5,15426980.0,12147,2025-08-28 12:09:59
2025-08-28 12:10:00,1269.6,1273.9,1274.1,1269.6,1528503.9999999998,1202,2025-08-28 12:19:59
2025-08-28 12:20:00,1273.9,1272.8,1274.2,1270.3,1674400.2999999998,1316,2025-08-28 12:29:59
2025-08-28 12:30:00,1272.8,1273.6,1274.7,1272.8,756761.3,594,2025-08-28 12:39:59
2025-08-28 12:40:00,1273.7,1275.0,1275.0,1272.1,1914769.4000000001,1503,2025-08-28 12:49:59
2025-08-28 12:50:00,1275.0,1276.1,1279.6,1274.4,4425871.399999999,3466,2025-08-28 12:59:59
2025-08-28 13:00:00,1276.0,1279.7,1279.8,1276.0,3205310.5999999996,2507,2025-08-28 13:09:59
2025-08-28 13:10:00,1279.3,1276.1,1280.0,1275.1,5113926.100000001,4000,2025-08-28 13:19:59
2025-08-28 13:20:00,1276.1,1278.0,1278.6,1275.0,2809784.2,2201,2025-08-28 13:29:59
2025-08-28 13:30:00,1278.0,1279.1,1279.1,1274.6,2834844.0999999996,2219,2025-08-28 13:39:59
2025-08-28 13:40:00,1279.1,1279.8,1280.0,1278.4,2041248.3000000003,1595,2025-08-28 13:49:59
2025-08-28 13:50:00,1279.6,1279.2,1283.4,1276.5,4353980.6,3401,2025-08-28 13:59:59
2025-08-28 14:00:00,1279.4,1277.6,1280.5,1277.3,837677.5,655,2025-08-28 14:09:59
2025-08-28 14:10:00,1277.6,1277.9,1278.0,1275.7,1631332.3000000003,1278,2025-08-28 14:19:59
2025-08-28 14:20:00,1277.7,1278.4,1279.0,1277.5,1716205.9000000001,1343,2025-08-28 14:29:59
2025-08-28 14:30:00,1278.4,1283.8,1286.5,1278.4,6700382.100000001,5220,2025-08-28 14:39:59
2025-08-28 14:40:00,1283.6,1281.0,1283.6,1280.2,2284758.0999999996,1782,2025-08-28 14:49:59
2025-08-28 14:50:00,1280.9,1282.6,1282.6,1279.9,1843823.2000000002,1439,2025-08-28 14:59:59
2025-08-28 15:00:00,1282.6,1284.4,1285.0,1282.3,2671043.9000000004,2081,2025-08-28 15:09:59
2025-08-28 15:10:00,1284.4,1284.9,1285.0,1283.0,1833875.1999999997,1428,2025-08-28 15:19:59
2025-08-28 15:20:00,1284.9,1285.2,1285.9,1284.9,1577154.3,1227,2025-08-28 15:29:59
2025-08-28 15:30:00,1284.9,1284.0,1285.3,1281.7,2381246.8000000007,1855,2025-08-28 15:39:59
2025-08-28 15:40:00,1283.9,1286.0,1286.0,1283.7,1331693.0,1036,2025-08-28 15:49:59
2025-08-28 15:50:00,1286.0,1288.0,1288.0,1285.6,2092323.5,1626,2025-08-28 15:59:59
2025-08-28 16:00:00,1288.3,1286.5,1288.7,1286.5,1861287.0000000005,1445,2025-08-28 16:09:59
2025-08-28 16:10:00,1286.4,1283.0,1286.4,1282.7,1821404.9999999998,1418,2025-08-28 16:19:59
2025-08-28 16:20:00,1283.0,1282.4,1284.5,1282.1,826595.8,644,2025-08-28 16:29:59
2025-08-28 16:30:00,1282.3,1275.0,1282.5,1272.6,4740245.0,3711,2025-08-28 16:39:59
2025-08-28 16:40:00,1275.0,1275.5,1278.0,1273.0,3808201.5999999996,2984,2025-08-28 16:49:59
2025-08-28 16:50:00,1275.7,1275.1,1276.9,1274.4,1260095.8,988,2025-08-28 16:59:59
2025-08-28 17:00:00,1275.7,1273.2,1277.0,1273.1,962501.4000000001,755,2025-08-28 17:09:59
2025-08-28 17:10:00,1273.2,1275.2,1275.2,1272.7,294344.5,231,2025-08-28 17:19:59
2025-08-28 17:20:00,1275.2,1275.9,1276.1,1275.0,522995.6,410,2025-08-28 17:29:59
2025-08-28 17:30:00,1275.8,1276.2,1277.7,1275.5,1598478.0999999999,1252,2025-08-28 17:39:59
2025-08-28 17:40:00,1276.7,1276.9,1277.8,1276.7,1086987.1,851,2025-08-28 17:49:59
2025-08-28 17:50:00,1276.9,1275.5,1277.2,1275.5,773414.8,606,2025-08-28 17:59:59
2025-08-28 18:00:00,1275.8,1280.0,1282.8,1275.8,2555805.7999999993,1998,2025-08-28 18:09:59
2025-08-28 18:10:00,1280.5,1276.1,1281.0,1275.4,2292706.5,1794,2025-08-28 18:19:59
2025-08-28 18:20:00,1275.7,1275.9,1278.2,1275.5,1267052.2,993,2025-08-28 18:29:59
2025-08-28 18:30:00,1275.9,1278.9,1278.9,1275.9,720332.0,564,2025-08-28 18:39:59
2025-08-28 18:40:00,1277.0,1277.0,1277.0,1277.0,5108.0,4,2025-08-28 18:46:10
2025-08-28 19:00:00,1277.0,1276.5,1281.0,1276.4,984120.5,770,2025-08-28 19:09:59
2025-08-28 19:10:00,1276.5,1277.2,1278.5,1275.0,783656.7,614,2025-08-28 19:19:59
2025-08-28 19:20:00,1277.3,1278.3,1278.4,1276.4,149479.6,117,2025-08-28 19:29:59
2025-08-28 19:30:00,1277.5,1278.0,1278.7,1277.3,135456.4,106,2025-08-28 19:39:59
2025-08-28 19:40:00,1278.0,1280.5,1280.5,1277.9,803411.6,628,2025-08-28 19:49:59
2025-08-28 19:50:00,1280.2,1279.6,1280.6,1279.6,64006.600000000006,50,2025-08-28 19:59:59
2025-08-28 20:00:00,1279.9,1276.7,1280.7,1276.7,571452.3,447,2025-08-28 20:09:59
2025-08-28 20:10:00,1276.7,1274.0,1276.7,1272.5,2977906.0999999996,2335,2025-08-28 20:19:59
2025-08-28 20:20:00,1273.0,1274.4,1274.6,1271.9,575391.2000000001,452,2025-08-28 20:29:59
2025-08-28 20:30:00,1274.4,1270.1,1274.7,1270.0,4075788.3000000007,3208,2025-08-28 20:39:59
2025-08-28 20:40:00,1270.0,1251.6,1271.3,1251.3,27488236.499999985,21757,2025-08-28 20:49:59
2025-08-28 20:50:00,1251.6,1259.4,1259.5,1248.4,7801938.4,6225,2025-08-28 20:59:59
2025-08-28 21:00:00,1259.4,1257.0,1259.4,1252.4,2928099.5000000005,2330,2025-08-28 21:09:59
2025-08-28 21:10:00,1257.0,1258.8,1259.9,1254.7,2317957.1,1842,2025-08-28 21:19:59
2025-08-28 21:20:00,1258.8,1246.3,1260.3,1243.3,8848623.100000001,7076,2025-08-28 21:29:59
2025-08-28 21:30:00,1247.9,1234.2,1248.7,1228.4,23687335.79999999,19116,2025-08-28 21:39:59
2025-08-28 21:40:00,1232.7,1234.4,1237.4,1231.7,6733993.9,5452,2025-08-28 21:49:59
2025-08-28 21:50:00,1234.4,1237.6,1238.8,1234.3,4474674.499999999,3617,2025-08-28 21:59:59
2025-08-28 22:00:00,1237.5,1228.3,1237.6,1226.7,10058679.000000004,8170,2025-08-28 22:09:59
2025-08-28 22:10:00,1227.9,1227.6,1228.1,1224.3,2948428.0999999996,2405,2025-08-28 22:19:59
2025-08-28 22:20:00,1227.6,1227.5,1228.8,1224.5,3914022.7,3189,2025-08-28 22:29:59
2025-08-28 22:30:00,1227.5,1227.3,1228.0,1225.2,734934.7,599,2025-08-28 22:39:59
2025-08-28 22:40:00,1227.1,1231.7,1234.0,1227.1,26884610.299999997,21853,2025-08-28 22:49:59
2025-08-28 22:50:00,1231.6,1234.4,1235.2,1231.2,4511514.4,3659,2025-08-28 22:59:59
2025-08-28 23:00:00,1234.1,1233.3,1234.3,1233.0,564965.5,458,2025-08-28 23:09:59
2025-08-28 23:10:00,1233.6,1232.6,1233.7,1229.2,1916946.2000000002,1557,2025-08-28 23:19:59
2025-08-28 23:20:00,1231.0,1233.3,1233.3,1229.2,1675852.7000000002,1362,2025-08-28 23:29:59
2025-08-28 23:30:00,1233.3,1232.3,1234.1,1229.2,2812517.3999999994,2283,2025-08-28 23:39:59
2025-08-28 23:40:00,1232.3,1233.0,1234.7,1228.3,3058548.0000000005,2483,2025-08-28 23:49:59
2025-08-29 06:50:00,1239.9,1239.9,1239.9,1239.9,127709.7,103,2025-08-29 06:59:59
2025-08-29 07:00:00,1239.8,1239.3,1239.8,1231.0,3456807.0999999996,2799,2025-08-29 07:09:59
2025-08-29 07:10:00,1239.2,1241.6,1242.7,1237.2,4641593.2,3742,2025-08-29 07:19:59
2025-08-29 07:20:00,1241.6,1245.2,1246.1,1241.2,2255423.6,1812,2025-08-29 07:29:59
2025-08-29 07:30:00,1245.0,1247.7,1247.8,1243.4,723683.2,581,2025-08-29 07:39:59
2025-08-29 07:40:00,1247.8,1247.8,1248.4,1247.6,686506.8999999999,550,2025-08-29 07:49:59
2025-08-29 07:50:00,1247.8,1248.2,1248.2,1246.7,1228981.0999999999,985,2025-08-29 07:59:59
2025-08-29 08:00:00,1248.0,1248.5,1248.7,1248.0,574250.0,460,2025-08-29 08:09:59
2025-08-29 08:10:00,1248.5,1246.5,1248.7,1245.6,2307055.4,1849,2025-08-29 08:19:59
2025-08-29 08:20:00,1246.2,1248.6,1248.6,1245.6,697026.2999999999,559,2025-08-29 08:29:59
2025-08-29 08:30:00,1247.1,1246.7,1248.0,1245.4,355292.30000000005,285,2025-08-29 08:39:59
2025-08-29 08:40:00,1247.0,1245.9,1248.2,1245.9,375278.9,301,2025-08-29 08:49:59
2025-08-29 08:50:00,1247.2,1248.6,1248.6,1245.8,582339.3,467,2025-08-29 08:59:59
2025-08-29 09:00:00,1248.5,1252.8,1255.7,1248.5,2044911.3,1634,2025-08-29 09:09:59
2025-08-29 09:10:00,1252.6,1251.9,1254.1,1251.0,1600622.4,1278,2025-08-29 09:19:59
2025-08-29 09:20:00,1251.9,1254.6,1257.9,1251.9,6212814.900000001,4948,2025-08-29 09:29:59
2025-08-29 09:30:00,1255.2,1256.5,1257.7,1253.8,2121985.3,1690,2025-08-29 09:39:59
2025-08-29 09:40:00,1255.7,1256.1,1256.7,1255.0,1151708.1,917,2025-08-29 09:49:59
2025-08-29 09:50:00,1255.5,1254.0,1256.7,1254.0,1523139.2999999998,1213,2025-08-29 09:59:59
2025-08-29 10:00:00,1254.0,1244.5,1255.6,1231.1,20247118.300000004,16268,2025-08-29 10:09:59
2025-08-29 10:10:00,1244.0,1237.7,1247.6,1237.7,22871664.1,18409,2025-08-29 10:19:59
2025-08-29 10:20:00,1237.8,1246.8,1246.8,1237.5,3038139.3000000003,2447,2025-08-29 10:29:59
2025-08-29 10:30:00,1246.8,1244.6,1250.2,1240.6,4177388.299999999,3352,2025-08-29 10:39:59
2025-08-29 10:40:00,1244.9,1245.0,1245.0,1243.5,3012353.5999999996,2420,2025-08-29 10:49:59
2025-08-29 10:50:00,1245.0,1248.4,1252.0,1244.9,4350756.499999999,3484,2025-08-29 10:59:59
2025-08-29 11:00:00,1248.1,1251.4,1252.1,1247.5,2427271.5999999996,1942,2025-08-29 11:09:59
2025-08-29 11:10:00,1251.7,1248.6,1251.9,1247.5,2049012.8,1640,2025-08-29 11:19:59
2025-08-29 11:20:00,1248.6,1254.8,1256.0,1246.6,5361600.5,4277,2025-08-29 11:29:59
2025-08-29 11:30:00,1254.5,1257.5,1265.0,1254.0,11032260.4,8747,2025-08-29 11:39:59
2025-08-29 11:40:00,1257.0,1260.0,1260.0,1257.0,1881112.2999999998,1494,2025-08-29 11:49:59
2025-08-29 11:50:00,1259.8,1259.4,1259.9,1255.0,3077176.5999999996,2447,2025-08-29 11:59:59
2025-08-29 12:00:00,1259.4,1258.2,1259.6,1256.2,953502.9,758,2025-08-29 12:09:59
2025-08-29 12:10:00,1258.2,1255.3,1259.4,1254.4,2790520.5,2221,2025-08-29 12:19:59
2025-08-29 12:20:00,1255.5,1253.8,1255.5,1253.5,1489033.9000000001,1187,2025-08-29 12:29:59
2025-08-29 12:30:00,1254.3,1250.7,1254.3,1250.7,1999413.4,1596,2025-08-29 12:39:59
2025-08-29 12:40:00,1250.7,1252.6,1253.4,1247.3,3441223.5000000005,2752,2025-08-29 12:49:59
2025-08-29 12:50:00,1252.6,1250.9,1254.2,1249.6,1714680.4,1370,2025-08-29 12:59:59
2025-08-29 13:00:00,1251.6,1242.3,1251.7,1241.4,5884328.199999998,4720,2025-08-29 13:09:59
2025-08-29 13:10:00,1242.3,1243.0,1247.1,1242.1,2915901.8,2343,2025-08-29 13:19:59
2025-08-29 13:20:00,1243.4,1245.1,1245.7,1243.0,872465.5000000002,701,2025-08-29 13:29:59
2025-08-29 13:30:00,1245.0,1243.2,1245.0,1243.0,1671865.3000000003,1344,2025-08-29 13:39:59
2025-08-29 13:40:00,1243.3,1246.6,1247.0,1243.2,2339783.3,1880,2025-08-29 13:49:59
2025-08-29 13:50:00,1246.2,1244.1,1246.2,1243.4,856114.4999999999,688,2025-08-29 13:59:59
2025-08-29 14:00:00,1244.1,1243.4,1247.2,1243.0,1201335.1,965,2025-08-29 14:09:59
2025-08-29 14:10:00,1243.4,1243.5,1243.6,1242.5,585503.3,471,2025-08-29 14:19:59
2025-08-29 14:20:00,1243.5,1238.4,1244.7,1236.5,6201856.9,5005,2025-08-29 14:29:59
2025-08-29 14:30:00,1238.4,1236.4,1238.6,1234.2,2176387.9,1761,2025-08-29 14:39:59
2025-08-29 14:40:00,1236.9,1236.3,1237.7,1235.4,764149.8,618,2025-08-29 14:49:59
2025-08-29 14:50:00,1236.3,1238.3,1238.3,1236.0,1075117.8,869,2025-08-29 14:59:59
2025-08-29 15:00:00,1238.4,1239.1,1239.8,1237.6,1959431.8,1582,2025-08-29 15:09:59
2025-08-29 15:10:00,1239.2,1239.9,1240.1,1237.6,517794.6,418,2025-08-29 15:19:59
2025-08-29 15:20:00,1239.9,1240.7,1243.0,1239.3,626912.1,505,2025-08-29 15:29:59
2025-08-29 15:30:00,1240.8,1241.0,1243.0,1240.8,572519.2000000001,461,2025-08-29 15:39:59
2025-08-29 15:40:00,1241.0,1238.9,1241.0,1238.0,1205903.2000000004,973,2025-08-29 15:49:59
2025-08-29 15:50:00,1239.5,1242.4,1242.4,1238.5,296467.3,239,2025-08-29 15:59:59
2025-08-29 16:00:00,1242.4,1243.1,1244.1,1242.4,580588.5000000001,467,2025-08-29 16:09:59
2025-08-29 16:10:00,1243.1,1243.7,1244.1,1243.1,455206.6,366,2025-08-29 16:19:59
2025-08-29 16:20:00,1243.8,1244.4,1244.5,1243.4,492584.0,396,2025-08-29 16:29:59
2025-08-29 16:30:00,1244.3,1243.1,1244.3,1243.1,752270.6,605,2025-08-29 16:39:59
2025-08-29 16:40:00,1243.1,1241.4,1243.4,1240.1,1027964.1999999997,828,2025-08-29 16:49:59
2025-08-29 16:50:00,1241.2,1240.1,1241.2,1240.0,710788.9,573,2025-08-29 16:59:59
2025-08-29 17:00:00,1241.2,1244.0,1244.7,1241.2,1064126.5,856,2025-08-29 17:09:59
2025-08-29 17:10:00,1244.0,1248.3,1248.3,1243.8,3494143.4000000004,2805,2025-08-29 17:19:59
2025-08-29 17:20:00,1248.0,1248.4,1249.4,1247.2,2178575.4,1745,2025-08-29 17:29:59
2025-08-29 17:30:00,1249.2,1247.8,1249.7,1246.6,949520.7999999999,761,2025-08-29 17:39:59
2025-08-29 17:40:00,1247.2,1246.3,1248.0,1246.2,2086960.4000000001,1674,2025-08-29 17:49:59
2025-08-29 17:50:00,1246.8,1247.6,1248.0,1246.1,971364.7,779,2025-08-29 17:59:59
2025-08-29 18:00:00,1247.1,1246.8,1247.9,1246.4,598557.1000000001,480,2025-08-29 18:09:59
2025-08-29 18:10:00,1247.5,1249.2,1249.3,1246.6,1154391.8,925,2025-08-29 18:19:59
2025-08-29 18:20:00,1249.2,1247.2,1249.3,1247.1,968270.3,776,2025-08-29 18:29:59
2025-08-29 18:30:00,1247.2,1249.6,1249.6,1247.0,368361.19999999995,295,2025-08-29 18:39:59
2025-08-29 18:40:00,1249.6,1249.6,1249.6,1249.6,22492.800000000003,18,2025-08-29 18:49:59
2025-08-29 19:00:00,1247.0,1249.3,1249.7,1247.0,259701.4,208,2025-08-29 19:09:59
2025-08-29 19:10:00,1249.7,1249.1,1249.8,1248.5,445886.0,357,2025-08-29 19:19:59
2025-08-29 19:20:00,1248.5,1251.5,1252.4,1247.5,1194395.8,955,2025-08-29 19:29:59
2025-08-29 19:30:00,1251.7,1252.6,1253.1,1250.5,1102871.4000000001,881,2025-08-29 19:39:59
2025-08-29 19:40:00,1251.4,1250.3,1253.0,1250.3,212746.1,170,2025-08-29 19:49:59
2025-08-29 19:50:00,1250.3,1251.4,1252.0,1250.3,734242.3,587,2025-08-29 19:59:59
2025-08-29 20:00:00,1251.3,1250.1,1251.3,1249.9,147535.90000000002,118,2025-08-29 20:09:59
2025-08-29 20:10:00,1250.1,1248.0,1250.1,1246.1,1367273.1999999997,1096,2025-08-29 20:19:59
2025-08-29 20:20:00,1248.1,1247.9,1248.9,1247.1,370564.3,297,2025-08-29 20:29:59
2025-08-29 20:30:00,1247.1,1246.9,1247.4,1246.1,509906.1,409,2025-08-29 20:39:59
2025-08-29 20:40:00,1246.8,1247.8,1247.8,1246.4,325484.6,261,2025-08-29 20:49:59
2025-08-29 20:50:00,1247.8,1248.5,1248.5,1247.8,238441.5,191,2025-08-29 20:59:59
2025-08-29 21:00:00,1248.5,1248.8,1248.8,1248.0,73669.3,59,2025-08-29 21:09:59
2025-08-29 21:10:00,1248.8,1248.7,1249.0,1248.6,59941.299999999996,48,2025-08-29 21:19:59
2025-08-29 21:20:00,1248.6,1246.3,1248.6,1246.2,326736.6,262,2025-08-29 21:29:59
2025-08-29 21:30:00,1246.2,1246.8,1246.8,1246.1,500965.6,402,2025-08-29 21:39:59
2025-08-29 21:40:00,1246.8,1247.4,1247.4,1246.2,234435.40000000002,188,2025-08-29 21:49:59
2025-08-29 21:50:00,1247.4,1248.4,1248.4,1247.0,162212.9,130,2025-08-29 21:59:59
2025-08-29 22:00:00,1248.4,1248.9,1249.1,1248.4,196058.09999999998,157,2025-08-29 22:09:59
2025-08-29 22:10:00,1248.9,1249.7,1249.7,1248.1,1200516.8,961,2025-08-29 22:19:59
2025-08-29 22:20:00,1249.7,1249.6,1249.8,1248.6,188625.9,151,2025-08-29 22:29:59
2025-08-29 22:30:00,1249.8,1248.3,1249.8,1247.9,206004.7,165,2025-08-29 22:39:59
2025-08-29 22:40:00,1249.0,1248.0,1249.0,1247.8,350694.5,281,2025-08-29 22:49:59
2025-08-29 22:50:00,1248.0,1249.1,1249.1,1248.0,394439.7,316,2025-08-29 22:59:05
2025-08-29 23:00:00,1249.2,1248.6,1249.6,1248.3,93688.70000000001,75,2025-08-29 23:09:59
2025-08-29 23:10:00,1249.4,1249.2,1249.5,1248.3,137393.1,110,2025-08-29 23:19:59
2025-08-29 23:20:00,1249.6,1249.2,1249.7,1249.2,144952.40000000002,116,2025-08-29 23:29:59
2025-08-29 23:30:00,1249.6,1249.1,1249.6,1248.7,198617.30000000002,159,2025-08-29 23:39:59
2025-08-29 23:40:00,1249.2,1248.9,1249.2,1246.0,3120219.8,2501,2025-08-29 23:49:59
2025-08-30 09:50:00,1250.0,1250.0,1250.0,1250.0,58750.0,47,2025-08-30 09:59:59
2025-08-30 10:00:00,1250.0,1248.8,1251.3,1243.6,214681.0,172,2025-08-30 10:09:59
2025-08-30 10:10:00,1246.8,1248.8,1248.9,1245.3,190799.0,153,2025-08-30 10:19:59
2025-08-30 10:20:00,1249.8,1247.2,1250.1,1244.2,296465.69999999995,238,2025-08-30 10:29:59
2025-08-30 10:30:00,1247.4,1244.7,1247.7,1244.7,44882.6,36,2025-08-30 10:39:59
2025-08-30 10:40:00,1246.5,1244.0,1246.6,1240.5,396663.8,319,2025-08-30 10:49:59
2025-08-30 10:50:00,1244.9,1246.4,1247.6,1244.8,254244.1,204,2025-08-30 10:59:59
2025-08-30 11:00:00,1245.5,1245.5,1247.0,1242.9,124517.4,100,2025-08-30 11:09:59
2025-08-30 11:10:00,1245.1,1244.7,1245.1,1242.8,101969.79999999999,82,2025-08-30 11:19:59
2025-08-30 11:20:00,1243.0,1244.3,1244.9,1243.0,23632.799999999996,19,2025-08-30 11:29:59
2025-08-30 11:30:00,1244.4,1245.3,1245.5,1244.4,153181.1,123,2025-08-30 11:39:59
2025-08-30 11:40:00,1244.8,1244.4,1244.8,1244.3,120707.8,97,2025-08-30 11:49:59
2025-08-30 11:50:00,1244.3,1245.5,1247.1,1244.0,113251.8,91,2025-08-30 11:59:59
2025-08-30 12:00:00,1244.2,1240.7,1247.2,1240.7,1040402.0000000002,836,2025-08-30 12:09:59
2025-08-30 12:10:00,1243.2,1247.7,1247.7,1243.2,515710.5,414,2025-08-30 12:19:59
2025-08-30 12:20:00,1247.3,1245.9,1247.7,1244.9,367472.3999999999,295,2025-08-30 12:29:59
2025-08-30 12:30:00,1246.0,1246.3,1246.9,1246.0,31164.299999999996,25,2025-08-30 12:39:59
2025-08-30 12:40:00,1246.2,1246.7,1247.3,1245.3,53594.899999999994,43,2025-08-30 12:49:59
2025-08-30 12:50:00,1245.5,1247.1,1247.5,1245.2,82249.9,66,2025-08-30 12:58:01
2025-08-30 13:00:00,1247.0,1245.7,1247.5,1245.4,66072.0,53,2025-08-30 13:09:59
2025-08-30 13:10:00,1247.0,1246.3,1247.0,1245.6,113465.7,91,2025-08-30 13:19:59
2025-08-30 13:20:00,1246.4,1247.6,1247.6,1246.4,42385.99999999999,34,2025-08-30 13:29:59
2025-08-30 13:30:00,1247.4,1247.7,1247.7,1246.8,63616.299999999996,51,2025-08-30 13:39:59
2025-08-30 13:40:00,1247.7,1246.5,1247.7,1246.3,689283.7,553,2025-08-30 13:49:59
2025-08-30 13:50:00,1247.0,1249.1,1249.1,1247.0,106077.9,85,2025-08-30 13:59:59
2025-08-30 14:00:00,1249.0,1249.5,1250.4,1247.8,156192.8,125,2025-08-30 14:09:59
2025-08-30 14:10:00,1249.3,1249.5,1249.7,1249.2,19989.8,16,2025-08-30 14:19:59
2025-08-30 14:20:00,1249.3,1248.9,1249.5,1247.3,136138.8,109,2025-08-30 14:29:59
2025-08-30 14:30:00,1248.9,1248.6,1249.2,1248.2,17484.3,14,2025-08-30 14:39:59
2025-08-30 14:40:00,1248.7,1248.7,1248.7,1248.3,23724.2,19,2025-08-30 14:49:59
2025-08-30 14:50:00,1248.4,1248.3,1248.6,1248.3,362017.9,290,2025-08-30 14:59:59
2025-08-30 15:00:00,1248.2,1248.3,1248.3,1248.0,61154.7,49,2025-08-30 15:09:59
2025-08-30 15:10:00,1248.0,1248.9,1249.2,1248.0,32453.3,26,2025-08-30 15:19:59
2025-08-30 15:20:00,1248.2,1247.3,1248.2,1247.3,63647.5,51,2025-08-30 15:29:59
2025-08-30 15:30:00,1247.3,1247.9,1247.9,1246.6,33679.200000000004,27,2025-08-30 15:39:59
2025-08-30 15:40:00,1247.2,1246.6,1247.9,1246.6,97252.8,78,2025-08-30 15:49:59
2025-08-30 15:50:00,1246.8,1248.0,1248.0,1246.5,59854.7,48,2025-08-30 15:58:06
2025-08-30 16:00:00,1247.5,1248.0,1248.0,1247.4,36184.1,29,2025-08-30 16:09:59
2025-08-30 16:10:00,1248.0,1247.5,1248.0,1247.5,2495.5,2,2025-08-30 16:19:59
2025-08-30 16:20:00,1247.9,1248.0,1248.0,1247.6,11231.5,9,2025-08-30 16:29:59
2025-08-30 16:30:00,1247.5,1248.0,1248.0,1247.5,28700.5,23,2025-08-30 16:39:59
2025-08-30 16:40:00,1247.9,1247.5,1248.0,1247.4,53652.200000000004,43,2025-08-30 16:49:59
2025-08-30 16:50:00,1247.9,1248.0,1248.0,1247.5,13726.1,11,2025-08-30 16:59:01
2025-08-30 17:00:00,1247.9,1247.8,1248.0,1247.4,114806.1,92,2025-08-30 17:09:59
2025-08-30 17:10:00,1247.9,1247.5,1248.4,1247.4,31195.399999999998,25,2025-08-30 17:19:59
2025-08-30 17:20:00,1247.5,1247.5,1248.6,1247.5,49934.5,40,2025-08-30 17:29:59
2025-08-30 17:30:00,1247.4,1246.6,1248.0,1246.3,1384695.2,1111,2025-08-30 17:39:59
2025-08-30 17:40:00,1246.6,1247.1,1247.3,1246.4,22441.5,18,2025-08-30 17:49:59
2025-08-30 17:50:00,1246.9,1246.8,1246.9,1246.4,9974.099999999999,8,2025-08-30 17:59:59
2025-08-30 18:00:00,1246.8,1246.5,1246.8,1246.5,32409.6,26,2025-08-30 18:09:59
2025-08-30 18:10:00,1247.0,1247.3,1249.8,1246.9,631797.7,506,2025-08-30 18:19:59
2025-08-30 18:20:00,1247.6,1247.6,1249.3,1247.3,103570.5,83,2025-08-30 18:29:59
2025-08-30 18:30:00,1248.0,1247.4,1249.2,1247.4,91122.2,73,2025-08-30 18:39:59
2025-08-30 18:40:00,1248.7,1249.3,1249.6,1247.4,86102.8,69,2025-08-30 18:49:59
2025-08-30 18:50:00,1249.5,1247.0,1249.5,1246.3,361568.4,290,2025-08-30 18:59:01
2025-08-31 09:50:00,1248.9,1248.9,1248.9,1248.9,4995.6,4,2025-08-31 09:59:59
2025-08-31 10:00:00,1249.1,1253.0,1253.2,1249.0,255221.60000000003,204,2025-08-31 10:09:59
2025-08-31 10:10:00,1253.1,1250.9,1253.1,1250.0,141389.80000000002,113,2025-08-31 10:19:59
2025-08-31 10:20:00,1252.6,1251.4,1253.0,1250.1,225123.0,180,2025-08-31 10:29:59
2025-08-31 10:30:00,1250.7,1250.8,1253.9,1250.5,185368.1,148,2025-08-31 10:39:59
2025-08-31 10:40:00,1250.9,1251.5,1252.1,1250.0,130074.5,104,2025-08-31 10:49:59
2025-08-31 10:50:00,1251.4,1252.3,1252.5,1250.4,28794.4,23,2025-08-31 10:59:01
2025-08-31 11:00:00,1251.8,1251.6,1251.9,1250.8,20027.5,16,2025-08-31 11:09:59
2025-08-31 11:10:00,1251.0,1251.1,1252.0,1250.9,156466.3,125,2025-08-31 11:19:59
2025-08-31 11:20:00,1251.9,1250.5,1252.0,1250.3,107586.50000000001,86,2025-08-31 11:29:59
2025-08-31 11:30:00,1251.7,1251.7,1251.9,1251.7,25036.600000000002,20,2025-08-31 11:39:59
2025-08-31 11:40:00,1251.7,1251.7,1252.0,1251.7,61339.7,49,2025-08-31 11:49:59
2025-08-31 11:50:00,1252.0,1250.8,1252.0,1250.2,80051.3,64,2025-08-31 11:59:01
2025-08-31 12:00:00,1250.8,1250.5,1250.8,1250.3,32514.599999999995,26,2025-08-31 12:09:59
2025-08-31 12:10:00,1250.8,1251.9,1252.0,1250.5,340432.10000000003,272,2025-08-31 12:19:59
2025-08-31 12:20:00,1251.0,1251.9,1251.9,1250.5,102602.29999999999,82,2025-08-31 12:29:59
2025-08-31 12:30:00,1251.1,1253.1,1253.1,1251.1,316872.9,253,2025-08-31 12:39:59
2025-08-31 12:40:00,1252.5,1253.5,1254.3,1252.2,530219.7000000001,423,2025-08-31 12:49:59
2025-08-31 12:50:00,1253.7,1253.5,1253.7,1252.0,144010.0,115,2025-08-31 12:59:59
2025-08-31 13:00:00,1253.3,1252.4,1253.5,1252.4,71432.6,57,2025-08-31 13:09:59
2025-08-31 13:10:00,1252.4,1252.4,1252.4,1252.1,11270.8,9,2025-08-31 13:19:59
2025-08-31 13:20:00,1253.3,1253.5,1253.6,1252.2,57636.600000000006,46,2025-08-31 13:29:59
2025-08-31 13:30:00,1252.7,1253.7,1253.7,1252.7,101532.8,81,2025-08-31 13:39:59
2025-08-31 13:40:00,1253.6,1253.5,1253.7,1253.5,99028.2,79,2025-08-31 13:49:59
2025-08-31 13:50:00,1253.5,1253.7,1253.7,1253.5,5014.2,4,2025-08-31 13:56:01
2025-08-31 14:00:00,1253.6,1253.7,1253.7,1253.5,325911.5,260,2025-08-31 14:09:59
2025-08-31 14:10:00,1253.7,1253.5,1253.7,1253.5,106552.9,85,2025-08-31 14:19:59
2025-08-31 14:20:00,1253.7,1253.7,1253.7,1253.5,6268.3,5,2025-08-31 14:29:59
2025-08-31 14:30:00,1253.5,1253.5,1253.7,1253.5,41366.100000000006,33,2025-08-31 14:39:59
2025-08-31 14:40:00,1253.7,1253.9,1253.9,1253.5,66453.6,53,2025-08-31 14:49:59
2025-08-31 14:50:00,1253.6,1253.0,1253.9,1250.0,750752.4999999999,600,2025-08-31 14:59:06
2025-08-31 15:00:00,1252.7,1251.5,1252.7,1250.1,78814.0,63,2025-08-31 15:09:59
2025-08-31 15:10:00,1251.5,1250.8,1251.9,1250.5,16267.400000000001,13,2025-08-31 15:19:59
2025-08-31 15:20:00,1251.0,1250.1,1251.6,1250.1,78781.1,63,2025-08-31 15:29:59
2025-08-31 15:30:00,1250.2,1250.5,1252.0,1250.0,305064.0,244,2025-08-31 15:39:59
2025-08-31 15:40:00,1250.4,1250.1,1251.6,1250.1,33762.0,27,2025-08-31 15:49:59
2025-08-31 15:50:00,1250.2,1250.1,1250.5,1250.1,28753.199999999997,23,2025-08-31 15:57:01
2025-08-31 16:00:00,1250.6,1250.5,1251.8,1250.5,20013.699999999997,16,2025-08-31 16:09:59
2025-08-31 16:10:00,1250.6,1250.1,1250.6,1250.1,30010.199999999997,24,2025-08-31 16:19:59
2025-08-31 16:20:00,1250.5,1250.1,1250.5,1250.1,28759.499999999996,23,2025-08-31 16:29:59
2025-08-31 16:30:00,1250.5,1252.0,1252.9,1250.4,111392.69999999998,89,2025-08-31 16:39:59
2025-08-31 16:40:00,1250.9,1250.1,1251.9,1250.1,140034.9,112,2025-08-31 16:49:59
2025-08-31 16:50:00,1250.8,1251.0,1251.0,1250.2,23764.4,19,2025-08-31 16:59:01
2025-08-31 17:00:00,1250.3,1250.9,1251.0,1250.0,247527.0,198,2025-08-31 17:09:59
2025-08-31 17:10:00,1251.0,1250.9,1252.3,1250.9,141357.3,113,2025-08-31 17:19:59
2025-08-31 17:20:00,1251.9,1252.8,1252.8,1250.9,86332.7,69,2025-08-31 17:29:59
2025-08-31 17:30:00,1252.5,1251.9,1252.8,1251.1,62592.50000000001,50,2025-08-31 17:39:59
2025-08-31 17:40:00,1252.7,1252.9,1253.0,1251.1,23798.9,19,2025-08-31 17:49:59
2025-08-31 17:50:00,1252.6,1252.6,1253.2,1250.0,166394.49999999997,133,2025-08-31 17:59:59
2025-08-31 18:00:00,1252.6,1251.0,1252.6,1251.0,122655.6,98,2025-08-31 18:09:59
2025-08-31 18:10:00,1251.1,1252.5,1252.5,1251.0,18780.4,15,2025-08-31 18:19:59
2025-08-31 18:20:00,1251.3,1250.1,1252.0,1250.0,211309.89999999997,169,2025-08-31 18:29:59
2025-08-31 18:30:00,1250.1,1250.1,1251.2,1250.1,27505.5,22,2025-08-31 18:39:59
2025-08-31 18:40:00,1250.0,1250.0,1250.0,1250.0,120000.0,96,2025-08-31 18:49:59
2025-08-31 18:50:00,1251.2,1250.1,1252.4,1250.1,90052.8,72,2025-08-31 18:59:59
2025-09-01 06:50:00,1252.8,1252.8,1252.8,1252.8,28814.4,23,2025-09-01 06:59:59
2025-09-01 07:00:00,1251.9,1257.0,1259.3,1250.1,1591601.1000000003,1267,2025-09-01 07:09:59
2025-09-01 07:10:00,1256.6,1256.7,1257.1,1256.6,109346.19999999998,87,2025-09-01 07:19:59
2025-09-01 07:20:00,1257.1,1255.2,1257.5,1255.2,454901.00000000006,362,2025-09-01 07:29:59
2025-09-01 07:30:00,1256.0,1256.8,1258.8,1255.5,807208.8000000002,642,2025-09-01 07:39:59
2025-09-01 07:40:00,1257.6,1256.1,1257.9,1255.0,516133.9,411,2025-09-01 07:49:59
2025-09-01 07:50:00,1255.7,1256.1,1256.1,1255.6,100467.39999999998,80,2025-09-01 07:59:59
2025-09-01 08:00:00,1256.1,1255.7,1256.1,1254.7,336359.1,268,2025-09-01 08:09:59
2025-09-01 08:10:00,1255.6,1256.0,1256.4,1255.5,286345.8,228,2025-09-01 08:19:59
2025-09-01 08:20:00,1255.8,1254.5,1256.0,1254.1,671475.1,535,2025-09-01 08:29:59
2025-09-01 08:30:00,1254.2,1254.0,1254.5,1254.0,343610.6,274,2025-09-01 08:39:59
2025-09-01 08:40:00,1253.1,1253.4,1253.5,1253.1,134112.4,107,2025-09-01 08:49:59
2025-09-01 08:50:00,1253.5,1252.9,1253.5,1251.9,216742.80000000002,173,2025-09-01 08:59:59
2025-09-01 09:00:00,1253.0,1252.2,1253.0,1251.4,216557.1,173,2025-09-01 09:09:59
2025-09-01 09:10:00,1251.4,1252.6,1252.6,1251.4,90150.6,72,2025-09-01 09:19:59
2025-09-01 09:20:00,1252.3,1253.3,1253.8,1252.3,694188.8999999999,554,2025-09-01 09:29:59
2025-09-01 09:30:00,1253.8,1254.2,1254.5,1253.5,312275.8,249,2025-09-01 09:39:59
2025-09-01 09:40:00,1254.1,1254.0,1254.1,1251.3,496053.3999999999,396,2025-09-01 09:49:59
2025-09-01 09:50:00,1254.0,1256.7,1257.5,1254.0,1695808.3,1350,2025-09-01 09:59:02
2025-09-01 10:00:00,1257.3,1256.1,1257.3,1256.0,733667.0,584,2025-09-01 10:09:59
2025-09-01 10:10:00,1256.1,1256.2,1256.5,1256.0,741123.1,590,2025-09-01 10:19:59
2025-09-01 10:20:00,1256.3,1256.8,1256.8,1256.0,1687183.2,1343,2025-09-01 10:29:59
2025-09-01 10:30:00,1256.8,1257.2,1257.3,1256.4,622120.8999999999,495,2025-09-01 10:39:59
2025-09-01 10:40:00,1257.1,1256.9,1257.6,1256.3,580684.1000000001,462,2025-09-01 10:49:59
2025-09-01 10:50:00,1256.9,1257.1,1257.4,1256.4,497762.7,396,2025-09-01 10:59:59
2025-09-01 11:00:00,1257.0,1257.4,1257.5,1256.4,1156260.3,920,2025-09-01 11:09:59
2025-09-01 11:10:00,1257.5,1259.0,1259.0,1257.4,1230381.2,978,2025-09-01 11:19:59
2025-09-01 11:20:00,1258.9,1257.8,1259.0,1257.3,1151015.8,915,2025-09-01 11:29:59
2025-09-01 11:30:00,1257.6,1257.9,1258.7,1257.4,693181.2000000001,551,2025-09-01 11:39:59
2025-09-01 11:40:00,1257.8,1258.1,1259.0,1257.8,1515127.4,1204,2025-09-01 11:49:59
2025-09-01 11:50:00,1258.5,1257.7,1258.5,1257.5,669190.9,532,2025-09-01 11:59:59
2025-09-01 12:00:00,1257.7,1258.0,1258.7,1257.7,693305.8999999999,551,2025-09-01 12:09:59
2025-09-01 12:10:00,1258.3,1257.6,1258.5,1257.2,3044351.5,2421,2025-09-01 12:19:59
2025-09-01 12:20:00,1257.7,1257.5,1257.9,1257.2,1419518.4,1129,2025-09-01 12:29:59
2025-09-01 12:30:00,1257.5,1257.5,1257.8,1257.2,1547776.2000000002,1231,2025-09-01 12:39:59
2025-09-01 12:40:00,1257.2,1257.7,1257.8,1257.2,441397.7,351,2025-09-01 12:49:59
2025-09-01 12:50:00,1257.4,1258.4,1258.5,1257.4,964806.4000000001,767,2025-09-01 12:59:59
2025-09-01 13:00:00,1258.0,1257.4,1258.3,1256.7,860132.3999999999,684,2025-09-01 13:09:59
2025-09-01 13:10:00,1256.9,1256.5,1257.6,1256.3,421139.10000000003,335,2025-09-01 13:19:59
2025-09-01 13:20:00,1256.5,1256.3,1257.0,1256.2,162089.4,129,2025-09-01 13:29:59
2025-09-01 13:30:00,1256.7,1258.2,1258.3,1256.3,360947.10000000003,287,2025-09-01 13:39:59
2025-09-01 13:40:00,1258.2,1258.2,1258.5,1257.7,259151.0,206,2025-09-01 13:49:59
2025-09-01 13:50:00,1258.2,1258.1,1258.9,1257.7,641747.2,510,2025-09-01 13:59:59
2025-09-01 14:00:00,1258.1,1258.7,1258.7,1257.7,946007.7999999997,752,2025-09-01 14:09:59
2025-09-01 14:10:00,1258.6,1258.4,1258.7,1258.0,187499.9,149,2025-09-01 14:19:59
2025-09-01 14:20:00,1258.4,1256.9,1258.8,1256.1,1313620.1999999995,1045,2025-09-01 14:29:59
2025-09-01 14:30:00,1256.9,1257.3,1257.8,1256.4,476425.30000000005,379,2025-09-01 14:39:59
2025-09-01 14:40:00,1257.3,1257.6,1257.8,1256.9,155919.09999999998,124,2025-09-01 14:49:59
2025-09-01 14:50:00,1257.6,1258.3,1258.6,1256.6,884268.3,703,2025-09-01 14:59:59
2025-09-01 15:00:00,1258.0,1256.5,1258.2,1256.0,2373654.0999999996,1889,2025-09-01 15:09:59
2025-09-01 15:10:00,1256.6,1256.8,1256.8,1256.1,639593.5,509,2025-09-01 15:19:59
2025-09-01 15:20:00,1256.9,1257.7,1258.2,1256.9,464079.60000000003,369,2025-09-01 15:29:59
2025-09-01 15:30:00,1257.9,1257.5,1258.1,1257.0,650059.6,517,2025-09-01 15:39:59
2025-09-01 15:40:00,1257.5,1258.1,1258.7,1257.1,593889.5,472,2025-09-01 15:49:59
2025-09-01 15:50:00,1258.5,1258.8,1258.9,1258.3,303353.79999999993,241,2025-09-01 15:59:59
2025-09-01 16:00:00,1258.8,1258.1,1258.8,1257.4,493114.20000000007,392,2025-09-01 16:09:59
2025-09-01 16:10:00,1258.1,1257.5,1258.1,1256.8,4447173.000000001,3536,2025-09-01 16:19:59
2025-09-01 16:20:00,1257.5,1257.2,1258.0,1256.8,2965808.1000000006,2359,2025-09-01 16:29:59
2025-09-01 16:30:00,1257.2,1257.2,1257.5,1256.9,306767.80000000005,244,2025-09-01 16:39:59
2025-09-01 16:40:00,1257.5,1257.5,1257.8,1257.2,139606.6,111,2025-09-01 16:49:59
2025-09-01 16:50:00,1257.3,1257.5,1257.8,1257.0,998438.8999999999,794,2025-09-01 16:59:59
2025-09-01 17:00:00,1257.0,1257.0,1257.7,1257.0,303018.89999999997,241,2025-09-01 17:09:59
2025-09-01 17:10:00,1257.2,1257.0,1257.3,1256.8,1328518.2000000002,1057,2025-09-01 17:19:59
2025-09-01 17:20:00,1256.8,1257.3,1257.3,1256.8,820744.4999999999,653,2025-09-01 17:29:59
2025-09-01 17:30:00,1257.3,1256.8,1257.4,1256.8,328056.3,261,2025-09-01 17:39:59
2025-09-01 17:40:00,1256.9,1256.1,1257.0,1256.0,1830781.3999999997,1457,2025-09-01 17:49:59
2025-09-01 17:50:00,1256.1,1256.5,1256.5,1256.1,501296.8,399,2025-09-01 17:59:59
2025-09-01 18:00:00,1256.5,1257.0,1257.0,1256.3,669764.7,533,2025-09-01 18:09:59
2025-09-01 18:10:00,1256.9,1257.0,1257.1,1256.8,796961.1999999998,634,2025-09-01 18:19:59
2025-09-01 18:20:00,1257.0,1256.9,1257.1,1256.8,416032.69999999995,331,2025-09-01 18:29:59
2025-09-01 18:30:00,1256.9,1257.1,1257.1,1256.8,1118723.2000000002,890,2025-09-01 18:39:59
2025-09-01 18:40:00,1257.1,1257.1,1257.1,1257.1,494040.3,393,2025-09-01 18:49:14
2025-09-01 19:00:00,1257.1,1257.9,1257.9,1257.0,1475884.8999999997,1174,2025-09-01 19:09:59
2025-09-01 19:10:00,1257.9,1257.8,1257.9,1257.5,157225.30000000002,125,2025-09-01 19:19:59
2025-09-01 19:20:00,1257.9,1258.4,1258.4,1257.4,216389.4,172,2025-09-01 19:29:59
2025-09-01 19:30:00,1257.7,1257.5,1258.5,1257.3,828904.6,659,2025-09-01 19:39:59
2025-09-01 19:40:00,1257.4,1257.0,1258.2,1256.8,779646.4000000001,620,2025-09-01 19:49:59
2025-09-01 19:50:00,1257.2,1257.2,1257.5,1256.8,181014.2,144,2025-09-01 19:59:59
2025-09-01 20:00:00,1257.0,1257.2,1257.2,1256.8,683717.9999999999,544,2025-09-01 20:09:59
2025-09-01 20:10:00,1257.2,1257.2,1257.2,1256.9,36453.399999999994,29,2025-09-01 20:19:59
2025-09-01 20:20:00,1257.2,1257.3,1257.3,1257.2,61606.200000000004,49,2025-09-01 20:29:59
2025-09-01 20:30:00,1257.3,1257.4,1258.0,1257.3,247794.49999999997,197,2025-09-01 20:39:59
2025-09-01 20:40:00,1258.0,1257.4,1258.0,1257.4,72945.70000000001,58,2025-09-01 20:49:59
2025-09-01 20:50:00,1257.4,1257.4,1257.4,1256.8,1131176.3000000003,900,2025-09-01 20:59:59
2025-09-01 21:00:00,1257.4,1257.5,1257.7,1257.0,81735.1,65,2025-09-01 21:09:59
2025-09-01 21:10:00,1257.4,1257.3,1257.9,1257.3,240214.4,191,2025-09-01 21:19:59
2025-09-01 21:20:00,1257.5,1257.4,1257.5,1257.0,139543.4,111,2025-09-01 21:29:59
2025-09-01 21:30:00,1257.3,1257.2,1257.5,1257.0,326936.3,260,2025-09-01 21:39:59
2025-09-01 21:40:00,1257.5,1256.9,1257.5,1256.9,62853.8,50,2025-09-01 21:49:59
2025-09-01 21:50:00,1256.9,1257.5,1257.5,1256.9,178540.5,142,2025-09-01 21:59:59
2025-09-01 22:00:00,1257.0,1257.5,1258.3,1256.9,762350.7000000001,606,2025-09-01 22:09:59
2025-09-01 22:10:00,1258.3,1258.7,1258.7,1257.6,65427.49999999999,52,2025-09-01 22:19:59
2025-09-01 22:20:00,1258.6,1258.5,1258.7,1257.7,51591.2,41,2025-09-01 22:29:59
2025-09-01 22:30:00,1258.5,1257.6,1258.8,1257.6,432914.69999999995,344,2025-09-01 22:39:59
2025-09-01 22:40:00,1258.1,1258.4,1258.4,1258.1,42780.7,34,2025-09-01 22:49:59
2025-09-01 22:50:00,1258.5,1258.4,1258.5,1257.5,71699.9,57,2025-09-01 22:59:59
2025-09-01 23:00:00,1257.8,1258.7,1258.7,1257.5,66670.3,53,2025-09-01 23:09:59
2025-09-01 23:10:00,1258.1,1258.2,1258.7,1258.0,30203.600000000002,24,2025-09-01 23:19:59
2025-09-01 23:20:00,1258.7,1258.8,1258.8,1258.0,33977.5,27,2025-09-01 23:29:59
2025-09-01 23:30:00,1258.6,1258.6,1258.7,1258.0,115757.00000000003,92,2025-09-01 23:39:59
2025-09-01 23:40:00,1258.5,1258.5,1258.9,1257.9,532398.7,423,2025-09-01 23:49:59
2025-09-02 06:50:00,1258.1,1258.1,1258.1,1258.1,2516.2,2,2025-09-02 06:59:59
2025-09-02 07:00:00,1258.0,1253.4,1259.9,1250.7,1659551.0,1322,2025-09-02 07:09:59
2025-09-02 07:10:00,1255.0,1255.4,1255.7,1255.0,135565.9,108,2025-09-02 07:19:59
2025-09-02 07:20:00,1255.4,1255.4,1256.1,1255.0,213494.0,170,2025-09-02 07:29:59
2025-09-02 07:30:00,1256.8,1255.8,1258.6,1253.0,743837.6000000001,592,2025-09-02 07:39:59
2025-09-02 07:40:00,1255.8,1258.4,1258.8,1255.2,252923.8,201,2025-09-02 07:49:59
2025-09-02 07:50:00,1258.2,1256.9,1258.2,1256.8,25150.699999999997,20,2025-09-02 07:59:59
2025-09-02 08:00:00,1255.7,1254.4,1256.5,1254.4,163151.1,130,2025-09-02 08:09:59
2025-09-02 08:10:00,1254.7,1252.2,1254.8,1252.0,675561.4999999999,539,2025-09-02 08:19:59
2025-09-02 08:20:00,1252.4,1252.4,1254.6,1252.2,676647.6,540,2025-09-02 08:29:59
2025-09-02 08:30:00,1252.4,1253.8,1253.8,1252.4,274512.9,219,2025-09-02 08:39:59
2025-09-02 08:40:00,1254.8,1254.6,1254.8,1254.6,46422.49999999999,37,2025-09-02 08:49:59
2025-09-02 08:50:00,1254.6,1253.9,1254.8,1253.9,220751.4,176,2025-09-02 08:59:01
2025-09-02 09:00:00,1253.9,1252.9,1253.9,1252.8,193033.59999999998,154,2025-09-02 09:09:59
2025-09-02 09:10:00,1252.9,1253.1,1253.1,1252.2,115215.6,92,2025-09-02 09:19:59
2025-09-02 09:20:00,1252.9,1253.5,1254.1,1252.9,606643.3,484,2025-09-02 09:29:59
2025-09-02 09:30:00,1253.4,1254.3,1254.3,1253.4,96547.79999999999,77,2025-09-02 09:39:59
2025-09-02 09:40:00,1253.5,1254.9,1254.9,1253.4,180579.00000000003,144,2025-09-02 09:49:59
2025-09-02 09:50:00,1254.6,1253.9,1254.6,1253.0,109058.0,87,2025-09-02 09:59:59
2025-09-02 10:00:00,1253.9,1250.7,1253.9,1250.0,1957343.8000000005,1564,2025-09-02 10:09:59
2025-09-02 10:10:00,1250.0,1245.7,1250.0,1242.5,4466607.700000001,3585,2025-09-02 10:19:59
2025-09-02 10:20:00,1245.6,1245.0,1247.7,1244.0,1724292.7,1384,2025-09-02 10:29:59
2025-09-02 10:30:00,1245.0,1249.1,1251.4,1245.0,2343475.0,1878,2025-09-02 10:39:59
2025-09-02 10:40:00,1248.8,1247.9,1249.5,1247.0,1048193.8,840,2025-09-02 10:49:59
2025-09-02 10:50:00,1247.9,1246.3,1247.9,1245.0,939691.3,754,2025-09-02 10:59:59
2025-09-02 11:00:00,1245.7,1245.1,1245.7,1243.0,767641.8,617,2025-09-02 11:09:59
2025-09-02 11:10:00,1245.3,1242.4,1248.3,1242.4,2231618.9000000004,1792,2025-09-02 11:19:59
2025-09-02 11:20:00,1243.0,1241.8,1243.7,1241.4,1207586.0999999999,972,2025-09-02 11:29:59
2025-09-02 11:30:00,1242.6,1243.2,1243.7,1241.8,469899.6,378,2025-09-02 11:39:59
2025-09-02 11:40:00,1243.0,1243.2,1243.8,1241.5,487078.50000000006,392,2025-09-02 11:49:59
2025-09-02 11:50:00,1243.3,1245.4,1246.2,1242.7,618616.2999999999,497,2025-09-02 11:59:59
2025-09-02 12:00:00,1245.7,1244.8,1246.0,1244.8,592746.2999999999,476,2025-09-02 12:09:59
2025-09-02 12:10:00,1245.0,1246.2,1246.5,1245.0,119556.8,96,2025-09-02 12:19:59
2025-09-02 12:20:00,1246.2,1246.3,1246.7,1245.0,1249288.6,1003,2025-09-02 12:29:59
2025-09-02 12:30:00,1246.3,1247.3,1247.3,1245.8,139625.00000000003,112,2025-09-02 12:39:59
2025-09-02 12:40:00,1246.4,1247.3,1247.6,1245.9,638318.1000000001,512,2025-09-02 12:49:59
2025-09-02 12:50:00,1247.0,1247.3,1247.7,1246.8,387921.0,311,2025-09-02 12:59:59
2025-09-02 13:00:00,1247.6,1246.3,1247.6,1245.8,2194179.6000000006,1760,2025-09-02 13:09:59
2025-09-02 13:10:00,1245.8,1246.4,1246.8,1245.8,351484.39999999997,282,2025-09-02 13:19:59
2025-09-02 13:20:00,1246.4,1245.8,1246.7,1245.7,276627.3,222,2025-09-02 13:29:59
2025-09-02 13:30:00,1245.9,1246.7,1246.7,1245.8,108418.09999999999,87,2025-09-02 13:39:59
2025-09-02 13:40:00,1246.6,1246.5,1246.8,1245.9,6460860.000000001,5182,2025-09-02 13:49:59
2025-09-02 13:50:00,1245.9,1246.1,1246.6,1245.9,117138.0,94,2025-09-02 13:59:59
2025-09-02 14:00:00,1246.1,1246.6,1246.7,1246.0,525944.8,422,2025-09-02 14:09:59
2025-09-02 14:10:00,1246.6,1246.7,1246.8,1246.1,693169.3999999998,556,2025-09-02 14:19:59
2025-09-02 14:20:00,1246.8,1246.4,1246.8,1246.0,327835.4,263,2025-09-02 14:29:59
2025-09-02 14:30:00,1246.7,1246.3,1246.8,1245.9,469827.0000000001,377,2025-09-02 14:39:59
2025-09-02 14:40:00,1246.2,1245.8,1246.2,1245.8,193123.9,155,2025-09-02 14:49:59
2025-09-02 14:50:00,1246.2,1246.8,1246.8,1245.9,309135.60000000003,248,2025-09-02 14:59:59
2025-09-02 15:00:00,1246.8,1247.7,1247.7,1245.9,1335509.299999999,1071,2025-09-02 15:09:59
2025-09-02 15:10:00,1247.6,1247.4,1247.7,1247.0,598818.9,480,2025-09-02 15:19:59
2025-09-02 15:20:00,1247.4,1246.1,1247.7,1246.0,2573128.3,2063,2025-09-02 15:29:59
2025-09-02 15:30:00,1246.5,1246.0,1246.5,1245.1,569286.7,457,2025-09-02 15:39:59
2025-09-02 15:40:00,1245.8,1245.9,1246.0,1245.7,196835.0,158,2025-09-02 15:49:59
2025-09-02 15:50:00,1245.9,1242.4,1246.1,1242.3,1771536.6999999993,1423,2025-09-02 15:59:59
2025-09-02 16:00:00,1243.6,1243.1,1247.4,1242.5,1396493.7000000002,1122,2025-09-02 16:09:59
2025-09-02 16:10:00,1243.3,1243.8,1245.7,1242.5,1531900.5,1232,2025-09-02 16:19:59
2025-09-02 16:20:00,1243.8,1244.6,1244.8,1243.8,231449.10000000003,186,2025-09-02 16:29:59
2025-09-02 16:30:00,1245.3,1244.4,1245.3,1244.1,316108.0,254,2025-09-02 16:39:59
2025-09-02 16:40:00,1244.4,1243.8,1244.8,1242.6,446474.3,359,2025-09-02 16:49:59
2025-09-02 16:50:00,1243.8,1244.7,1245.1,1243.4,164205.6,132,2025-09-02 16:59:59
2025-09-02 17:00:00,1243.5,1244.9,1245.7,1243.5,280015.4,225,2025-09-02 17:09:59
2025-09-02 17:10:00,1245.4,1245.5,1245.7,1244.2,88419.2,71,2025-09-02 17:19:59
2025-09-02 17:20:00,1245.7,1245.4,1246.1,1245.0,130803.69999999998,105,2025-09-02 17:29:59
2025-09-02 17:30:00,1245.9,1244.6,1246.0,1244.6,368644.39999999997,296,2025-09-02 17:39:59
2025-09-02 17:40:00,1245.3,1245.0,1245.6,1244.9,63509.899999999994,51,2025-09-02 17:49:59
2025-09-02 17:50:00,1245.0,1244.7,1245.6,1244.6,93380.4,75,2025-09-02 17:59:59
2025-09-02 18:00:00,1244.9,1243.0,1244.9,1243.0,974170.4,783,2025-09-02 18:09:59
2025-09-02 18:10:00,1243.0,1242.2,1243.9,1242.0,653651.8999999999,526,2025-09-02 18:19:59
2025-09-02 18:20:00,1242.3,1241.2,1244.0,1241.2,1326826.4999999998,1068,2025-09-02 18:29:59
2025-09-02 18:30:00,1241.2,1235.7,1242.3,1235.7,2175217.8000000003,1755,2025-09-02 18:39:59
2025-09-02 18:40:00,1235.7,1235.7,1235.7,1235.7,42013.8,34,2025-09-02 18:49:59
2025-09-02 19:00:00,1237.8,1239.0,1239.0,1236.2,698320.0,564,2025-09-02 19:09:59
2025-09-02 19:10:00,1240.1,1240.1,1240.3,1240.0,404279.60000000003,326,2025-09-02 19:19:59
2025-09-02 19:20:00,1240.1,1241.2,1242.5,1240.1,444230.89999999997,358,2025-09-02 19:29:59
2025-09-02 19:30:00,1241.3,1241.0,1243.6,1240.0,742157.6999999998,598,2025-09-02 19:39:59
2025-09-02 19:40:00,1242.1,1241.1,1242.4,1241.0,166331.3,134,2025-09-02 19:49:59
2025-09-02 19:50:00,1241.1,1242.1,1242.1,1241.0,168793.3,136,2025-09-02 19:59:59
2025-09-02 20:00:00,1242.1,1243.2,1245.8,1241.6,428946.2,345,2025-09-02 20:09:59
2025-09-02 20:10:00,1242.5,1245.5,1245.5,1242.5,149363.5,120,2025-09-02 20:19:59
2025-09-02 20:20:00,1245.5,1244.2,1245.7,1243.9,183019.19999999998,147,2025-09-02 20:29:59
2025-09-02 20:30:00,1244.3,1243.9,1244.3,1242.9,206409.5,166,2025-09-02 20:39:59
2025-09-02 20:40:00,1243.9,1240.0,1244.0,1240.0,467757.00000000006,377,2025-09-02 20:49:59
2025-09-02 20:50:00,1240.0,1241.0,1241.5,1240.0,89292.4,72,2025-09-02 20:59:04
2025-09-02 21:00:00,1241.0,1241.9,1242.1,1241.0,52147.600000000006,42,2025-09-02 21:09:59
2025-09-02 21:10:00,1241.9,1241.2,1241.9,1241.1,136562.5,110,2025-09-02 21:19:59
2025-09-02 21:20:00,1241.1,1239.2,1241.1,1237.2,866213.6,699,2025-09-02 21:29:59
2025-09-02 21:30:00,1239.2,1239.0,1239.9,1238.6,393955.4,318,2025-09-02 21:39:59
2025-09-02 21:40:00,1240.0,1241.3,1241.3,1238.8,70682.8,57,2025-09-02 21:49:59
2025-09-02 21:50:00,1241.8,1244.2,1244.2,1241.1,349157.8,281,2025-09-02 21:58:04
2025-09-02 22:00:00,1243.3,1243.5,1243.5,1242.1,170195.4,137,2025-09-02 22:09:59
2025-09-02 22:10:00,1243.5,1244.2,1244.3,1243.3,237596.2,191,2025-09-02 22:19:59
2025-09-02 22:20:00,1244.3,1244.3,1244.3,1243.3,317225.30000000005,255,2025-09-02 22:29:59
2025-09-02 22:30:00,1244.2,1243.5,1244.2,1242.5,334419.7,269,2025-09-02 22:39:59
2025-09-02 22:40:00,1242.6,1242.8,1243.5,1241.9,319250.8,257,2025-09-02 22:49:59
2025-09-02 22:50:00,1241.8,1243.0,1243.0,1241.5,32299.600000000002,26,2025-09-02 22:59:05
2025-09-02 23:00:00,1242.9,1243.0,1243.0,1242.4,31069.3,25,2025-09-02 23:09:59
2025-09-02 23:10:00,1243.0,1243.2,1243.2,1242.1,64631.7,52,2025-09-02 23:19:59
2025-09-02 23:20:00,1242.8,1242.4,1243.2,1242.3,146655.9,118,2025-09-02 23:29:59
2025-09-02 23:30:00,1242.5,1243.6,1243.6,1242.4,110649.40000000001,89,2025-09-02 23:39:59
2025-09-02 23:40:00,1243.0,1242.2,1243.5,1236.3,1268211.9,1022,2025-09-02 23:49:59
2025-09-03 07:00:00,1238.6,1244.9,1253.5,1236.1,2666581.5,2137,2025-09-03 07:09:59
2025-09-03 07:10:00,1245.6,1246.6,1246.6,1244.4,460806.79999999993,370,2025-09-03 07:19:59
2025-09-03 07:20:00,1246.6,1246.6,1247.5,1245.4,473428.80000000005,380,2025-09-03 07:29:59
2025-09-03 07:30:00,1246.9,1245.2,1247.2,1245.2,67331.7,54,2025-09-03 07:39:59
2025-09-03 07:40:00,1246.4,1246.4,1246.7,1245.1,61069.80000000001,49,2025-09-03 07:49:59
2025-09-03 07:50:00,1246.4,1246.2,1246.9,1245.0,64766.4,52,2025-09-03 07:59:06
2025-09-03 08:00:00,1246.2,1245.5,1247.0,1245.5,336593.30000000005,270,2025-09-03 08:09:59
2025-09-03 08:10:00,1245.9,1248.6,1248.6,1245.9,195919.1,157,2025-09-03 08:19:59
2025-09-03 08:20:00,1248.6,1247.7,1249.1,1247.7,265919.0,213,2025-09-03 08:29:59
2025-09-03 08:30:00,1247.9,1248.0,1248.0,1247.9,61147.2,49,2025-09-03 08:39:59
2025-09-03 08:40:00,1248.9,1247.3,1249.0,1247.3,194679.4,156,2025-09-03 08:49:59
2025-09-03 08:50:00,1248.3,1250.3,1250.9,1248.3,837225.9,670,2025-09-03 08:59:59
2025-09-03 09:00:00,1250.7,1250.3,1250.9,1249.2,96267.5,77,2025-09-03 09:09:59
2025-09-03 09:10:00,1249.7,1251.2,1253.7,1249.2,742308.2,593,2025-09-03 09:19:59
2025-09-03 09:20:00,1252.2,1250.2,1252.6,1247.8,410032.6,328,2025-09-03 09:29:59
2025-09-03 09:30:00,1250.2,1250.2,1253.0,1250.2,468065.5,374,2025-09-03 09:39:59
2025-09-03 09:40:00,1251.9,1250.9,1251.9,1249.3,500197.29999999993,400,2025-09-03 09:49:59
2025-09-03 09:50:00,1250.0,1251.3,1251.5,1250.0,145118.30000000002,116,2025-09-03 09:59:59
2025-09-03 10:00:00,1251.5,1251.3,1251.7,1251.3,435521.4,348,2025-09-03 10:09:59
2025-09-03 10:10:00,1251.5,1250.7,1251.5,1250.0,659023.9,527,2025-09-03 10:19:59
2025-09-03 10:20:00,1250.7,1250.0,1250.8,1250.0,576343.5,461,2025-09-03 10:29:59
2025-09-03 10:30:00,1250.4,1248.1,1250.4,1247.1,815471.0,653,2025-09-03 10:39:59
2025-09-03 10:40:00,1248.2,1250.9,1250.9,1248.1,538683.8999999999,431,2025-09-03 10:49:59
2025-09-03 10:50:00,1250.2,1249.4,1250.9,1248.9,362366.79999999993,290,2025-09-03 10:59:59
2025-09-03 11:00:00,1249.4,1249.5,1250.4,1248.9,279892.3,224,2025-09-03 11:09:59
2025-09-03 11:10:00,1249.9,1248.9,1250.1,1248.6,484725.69999999995,388,2025-09-03 11:19:59
2025-09-03 11:20:00,1249.7,1248.7,1249.9,1248.7,413568.19999999995,331,2025-09-03 11:29:59
2025-09-03 11:30:00,1249.1,1248.9,1249.1,1248.7,133634.0,107,2025-09-03 11:39:59
2025-09-03 11:40:00,1248.9,1248.2,1249.2,1248.2,374675.8,300,2025-09-03 11:49:59
2025-09-03 11:50:00,1248.2,1245.6,1248.3,1245.1,2497593.3,2003,2025-09-03 11:59:59
2025-09-03 12:00:00,1245.5,1247.2,1247.2,1245.4,717800.8,576,2025-09-03 12:09:59
2025-09-03 12:10:00,1247.2,1246.6,1247.5,1245.8,459979.69999999995,369,2025-09-03 12:19:59
2025-09-03 12:20:00,1246.9,1247.5,1247.6,1246.9,441595.0,354,2025-09-03 12:29:59
2025-09-03 12:30:00,1247.2,1240.4,1247.2,1239.2,7918899.300000003,6377,2025-09-03 12:39:59
2025-09-03 12:40:00,1240.5,1243.5,1246.2,1240.5,1017864.7000000002,819,2025-09-03 12:49:59
2025-09-03 12:50:00,1243.2,1242.8,1243.5,1242.0,228641.40000000002,184,2025-09-03 12:59:59
2025-09-03 13:00:00,1242.8,1243.1,1243.9,1241.8,85750.79999999999,69,2025-09-03 13:09:59
2025-09-03 13:10:00,1243.0,1243.1,1243.1,1242.0,711902.0,573,2025-09-03 13:19:59
2025-09-03 13:20:00,1243.2,1244.7,1245.4,1242.1,610637.9,491,2025-09-03 13:29:59
2025-09-03 13:30:00,1244.7,1244.1,1244.9,1244.0,151791.1,122,2025-09-03 13:39:59
2025-09-03 13:40:00,1244.0,1242.0,1244.2,1242.0,443700.5,357,2025-09-03 13:49:59
2025-09-03 13:50:00,1242.0,1243.9,1244.0,1242.0,555616.4,447,2025-09-03 13:59:59
2025-09-03 14:00:00,1243.9,1243.8,1244.7,1242.5,237517.0,191,2025-09-03 14:09:59
2025-09-03 14:10:00,1243.0,1244.2,1244.2,1243.0,68411.4,55,2025-09-03 14:19:59
2025-09-03 14:20:00,1244.0,1243.5,1245.0,1243.1,729165.9,586,2025-09-03 14:29:59
2025-09-03 14:30:00,1243.5,1244.9,1245.0,1242.3,1140975.3,917,2025-09-03 14:39:59
2025-09-03 14:40:00,1244.8,1245.3,1246.5,1244.8,823403.1000000001,661,2025-09-03 14:49:59
2025-09-03 14:50:00,1245.9,1246.0,1246.7,1245.4,99680.6,80,2025-09-03 14:59:59
2025-09-03 15:00:00,1246.6,1246.0,1246.8,1246.0,170737.59999999998,137,2025-09-03 15:09:59
2025-09-03 15:10:00,1246.0,1248.4,1248.4,1245.8,3026144.1,2426,2025-09-03 15:19:59
2025-09-03 15:20:00,1248.4,1248.0,1248.4,1247.9,98598.0,79,2025-09-03 15:29:59
2025-09-03 15:30:00,1248.1,1244.7,1248.1,1240.2,5403174.899999999,4348,2025-09-03 15:39:59
2025-09-03 15:40:00,1245.0,1244.7,1245.3,1243.5,156825.2,126,2025-09-03 15:49:59
2025-09-03 15:50:00,1244.7,1244.7,1245.2,1241.5,360630.30000000005,290,2025-09-03 15:59:59
2025-09-03 16:00:00,1244.7,1244.7,1245.2,1244.2,290011.79999999993,233,2025-09-03 16:09:59
2025-09-03 16:10:00,1244.5,1243.9,1245.0,1242.9,378219.8,304,2025-09-03 16:19:59
2025-09-03 16:20:00,1243.9,1244.1,1244.1,1242.9,381815.50000000006,307,2025-09-03 16:29:59
2025-09-03 16:30:00,1244.1,1244.3,1245.2,1243.3,588543.3,473,2025-09-03 16:39:59
2025-09-03 16:40:00,1244.3,1243.8,1245.0,1243.4,474026.3,381,2025-09-03 16:49:59
2025-09-03 16:50:00,1243.8,1238.0,1243.8,1237.0,1559324.3000000003,1257,2025-09-03 16:59:59
2025-09-03 17:00:00,1238.3,1240.6,1240.7,1238.3,231709.59999999998,187,2025-09-03 17:09:59
2025-09-03 17:10:00,1240.7,1240.3,1241.9,1239.6,375871.79999999993,303,2025-09-03 17:19:59
2025-09-03 17:20:00,1240.3,1241.6,1241.8,1240.0,575746.2,464,2025-09-03 17:29:59
2025-09-03 17:30:00,1241.7,1241.5,1241.8,1241.0,467908.4,377,2025-09-03 17:39:59
2025-09-03 17:40:00,1241.5,1242.0,1242.0,1241.5,103051.40000000001,83,2025-09-03 17:49:59
2025-09-03 17:50:00,1242.0,1242.3,1243.5,1241.5,437358.4,352,2025-09-03 17:59:09
2025-09-03 18:00:00,1242.3,1243.1,1244.0,1242.3,165346.2,133,2025-09-03 18:09:59
2025-09-03 18:10:00,1243.4,1243.0,1243.4,1243.0,397766.30000000005,320,2025-09-03 18:19:59
2025-09-03 18:20:00,1243.1,1243.0,1243.8,1243.0,575559.9999999999,463,2025-09-03 18:29:59
2025-09-03 18:30:00,1243.6,1243.1,1243.8,1243.0,54703.700000000004,44,2025-09-03 18:39:59
2025-09-03 18:40:00,1243.0,1243.0,1243.0,1243.0,88253.0,71,2025-09-03 18:48:14
2025-09-03 19:00:00,1243.0,1244.1,1244.1,1243.0,119334.6,96,2025-09-03 19:09:59
2025-09-03 19:10:00,1243.9,1244.2,1244.3,1243.0,780863.0,628,2025-09-03 19:19:59
2025-09-03 19:20:00,1244.2,1244.3,1244.3,1243.2,694184.8,558,2025-09-03 19:29:59
2025-09-03 19:30:00,1244.3,1244.2,1244.3,1244.0,62205.299999999996,50,2025-09-03 19:39:59
2025-09-03 19:40:00,1244.2,1244.0,1244.3,1244.0,98284.79999999999,79,2025-09-03 19:49:59
2025-09-03 19:50:00,1244.2,1243.6,1244.2,1243.0,343153.9,276,2025-09-03 19:59:59
2025-09-03 20:00:00,1243.1,1243.2,1243.7,1243.0,220032.3,177,2025-09-03 20:09:59
2025-09-03 20:10:00,1243.4,1243.3,1244.2,1243.2,150475.40000000002,121,2025-09-03 20:19:59
2025-09-03 20:20:00,1243.3,1243.8,1244.0,1243.0,2362961.7,1901,2025-09-03 20:29:59
2025-09-03 20:30:00,1244.0,1243.4,1244.4,1243.0,368046.0,296,2025-09-03 20:39:59
2025-09-03 20:40:00,1243.2,1244.2,1244.4,1243.2,109476.29999999997,88,2025-09-03 20:49:59
2025-09-03 20:50:00,1244.2,1243.2,1244.2,1243.2,84555.90000000001,68,2025-09-03 20:59:59
2025-09-03 21:00:00,1243.3,1244.0,1244.0,1243.3,88284.3,71,2025-09-03 21:09:59
2025-09-03 21:10:00,1244.0,1243.3,1244.1,1243.0,116887.4,94,2025-09-03 21:19:59
2025-09-03 21:20:00,1243.4,1243.8,1243.8,1243.1,84543.80000000003,68,2025-09-03 21:29:59
2025-09-03 21:30:00,1243.8,1244.1,1244.2,1243.4,141832.7,114,2025-09-03 21:39:59
2025-09-03 21:40:00,1244.1,1245.3,1245.4,1243.6,533856.8999999999,429,2025-09-03 21:49:59
2025-09-03 21:50:00,1245.3,1244.5,1245.4,1244.4,41086.200000000004,33,2025-09-03 21:59:09
2025-09-03 22:00:00,1244.6,1245.2,1245.3,1243.8,114480.3,92,2025-09-03 22:09:59
2025-09-03 22:10:00,1244.5,1243.8,1244.7,1243.8,217713.09999999998,175,2025-09-03 22:19:59
2025-09-03 22:20:00,1243.8,1243.4,1243.8,1243.4,143010.30000000002,115,2025-09-03 22:29:59
2025-09-03 22:30:00,1243.8,1243.1,1243.8,1243.0,131779.0,106,2025-09-03 22:39:59
2025-09-03 22:40:00,1243.1,1245.4,1247.0,1243.1,1316791.0,1057,2025-09-03 22:49:59
2025-09-03 22:50:00,1246.0,1246.7,1246.7,1245.6,43624.600000000006,35,2025-09-03 22:59:59
2025-09-03 23:00:00,1246.6,1246.9,1247.0,1246.0,135908.5,109,2025-09-03 23:09:59
2025-09-03 23:10:00,1246.0,1246.8,1247.0,1246.0,24931.8,20,2025-09-03 23:19:59
2025-09-03 23:20:00,1247.0,1247.0,1247.0,1246.8,177068.4,142,2025-09-03 23:29:59
2025-09-03 23:30:00,1247.0,1246.0,1247.0,1246.0,331554.2,266,2025-09-03 23:39:59
2025-09-03 23:40:00,1245.8,1247.0,1247.0,1245.2,478677.89999999997,384,2025-09-03 23:49:59
2025-09-04 06:50:00,1247.0,1247.0,1247.0,1247.0,16211.0,13,2025-09-04 06:59:59
2025-09-04 07:00:00,1247.0,1246.9,1248.3,1244.7,95947.4,77,2025-09-04 07:09:59
2025-09-04 07:10:00,1246.0,1247.0,1247.0,1245.7,79740.2,64,2025-09-04 07:19:59
2025-09-04 07:20:00,1246.2,1245.2,1246.6,1243.4,222951.60000000003,179,2025-09-04 07:29:59
2025-09-04 07:30:00,1245.2,1246.1,1246.5,1244.0,102086.80000000002,82,2025-09-04 07:39:59
2025-09-04 07:40:00,1246.3,1245.2,1246.3,1245.2,22430.6,18,2025-09-04 07:49:59
2025-09-04 07:50:00,1246.1,1246.8,1251.9,1246.1,684350.2000000001,548,2025-09-04 07:59:59
2025-09-04 08:00:00,1247.7,1247.2,1247.7,1246.0,89772.29999999999,72,2025-09-04 08:09:59
2025-09-04 08:10:00,1247.0,1248.6,1249.0,1247.0,28697.800000000003,23,2025-09-04 08:19:59
2025-09-04 08:20:00,1247.5,1247.5,1247.5,1247.3,53639.899999999994,43,2025-09-04 08:29:59
2025-09-04 08:30:00,1247.4,1246.5,1247.5,1245.2,223180.1,179,2025-09-04 08:39:59
2025-09-04 08:40:00,1246.7,1247.6,1247.8,1246.7,492706.5,395,2025-09-04 08:49:59
2025-09-04 08:50:00,1247.8,1249.8,1250.0,1247.7,434731.3,348,2025-09-04 08:59:59
2025-09-04 09:00:00,1249.6,1248.1,1249.6,1248.1,82433.7,66,2025-09-04 09:09:59
2025-09-04 09:10:00,1248.1,1247.4,1248.1,1246.9,260777.40000000002,209,2025-09-04 09:19:59
2025-09-04 09:20:00,1247.4,1247.2,1247.7,1246.8,255653.8,205,2025-09-04 09:29:59
2025-09-04 09:30:00,1247.1,1247.1,1247.7,1247.0,766075.8999999999,614,2025-09-04 09:39:59
2025-09-04 09:40:00,1247.1,1246.8,1247.7,1246.8,269394.1,216,2025-09-04 09:49:59
2025-09-04 09:50:00,1247.7,1250.1,1252.0,1247.0,647116.3999999999,518,2025-09-04 09:59:59
2025-09-04 10:00:00,1250.6,1250.3,1251.2,1249.8,230118.8,184,2025-09-04 10:09:59
2025-09-04 10:10:00,1250.5,1252.6,1252.6,1250.5,727420.2,581,2025-09-04 10:19:59
2025-09-04 10:20:00,1252.6,1252.1,1253.0,1251.3,740092.7999999999,591,2025-09-04 10:29:59
2025-09-04 10:30:00,1252.0,1251.1,1252.3,1250.2,810683.5000000001,648,2025-09-04 10:39:59
2025-09-04 10:40:00,1251.1,1249.5,1251.3,1249.2,1417773.2,1134,2025-09-04 10:49:59
2025-09-04 10:50:00,1249.8,1250.0,1250.0,1249.5,976178.1999999998,781,2025-09-04 10:59:59
2025-09-04 11:00:00,1250.0,1247.8,1250.0,1247.8,683326.2,547,2025-09-04 11:09:59
2025-09-04 11:10:00,1247.8,1248.3,1248.6,1247.4,218410.7,175,2025-09-04 11:19:59
2025-09-04 11:20:00,1248.6,1248.5,1249.6,1247.6,943615.3,756,2025-09-04 11:29:59
2025-09-04 11:30:00,1248.5,1247.4,1248.7,1247.4,232082.9,186,2025-09-04 11:39:59
2025-09-04 11:40:00,1247.7,1246.5,1247.8,1246.1,455100.6,365,2025-09-04 11:49:59
2025-09-04 11:50:00,1246.5,1247.1,1247.2,1245.1,647708.4,520,2025-09-04 11:59:59
2025-09-04 12:00:00,1246.9,1247.9,1248.1,1246.8,265671.2,213,2025-09-04 12:09:59
2025-09-04 12:10:00,1247.3,1246.9,1248.0,1246.8,187100.8,150,2025-09-04 12:19:59
2025-09-04 12:20:00,1247.4,1247.3,1248.1,1247.0,207110.09999999998,166,2025-09-04 12:29:59
2025-09-04 12:30:00,1247.0,1249.0,1249.7,1245.9,976134.3,782,2025-09-04 12:39:59
2025-09-04 12:40:00,1249.0,1248.0,1249.0,1247.9,287198.6,230,2025-09-04 12:49:59
2025-09-04 12:50:00,1248.0,1248.1,1248.8,1247.6,363328.7,291,2025-09-04 12:59:59
2025-09-04 13:00:00,1248.7,1249.0,1249.0,1248.1,56186.50000000001,45,2025-09-04 13:09:59
2025-09-04 13:10:00,1249.0,1248.6,1249.0,1248.1,324625.79999999993,260,2025-09-04 13:19:59
2025-09-04 13:20:00,1248.6,1248.9,1249.6,1248.2,425797.7,341,2025-09-04 13:29:59
2025-09-04 13:30:00,1248.9,1248.1,1249.1,1248.1,190990.00000000003,153,2025-09-04 13:39:59
2025-09-04 13:40:00,1248.3,1247.8,1248.3,1246.4,889363.7000000001,713,2025-09-04 13:49:59
2025-09-04 13:50:00,1248.0,1246.9,1248.2,1246.9,241971.29999999996,194,2025-09-04 13:59:59
2025-09-04 14:00:00,1247.4,1247.7,1248.0,1246.5,578690.7000000001,464,2025-09-04 14:09:59
2025-09-04 14:10:00,1247.8,1247.1,1247.9,1247.0,223257.0,179,2025-09-04 14:19:59
2025-09-04 14:20:00,1247.1,1247.4,1247.4,1247.0,258145.0,207,2025-09-04 14:29:59
2025-09-04 14:30:00,1247.4,1247.2,1247.5,1247.0,67348.5,54,2025-09-04 14:39:59
2025-09-04 14:40:00,1247.5,1246.7,1247.7,1245.6,423694.1000000001,340,2025-09-04 14:49:59
2025-09-04 14:50:00,1246.7,1247.5,1247.6,1245.2,186956.3,150,2025-09-04 14:59:59
2025-09-04 15:00:00,1247.2,1246.8,1247.4,1245.9,276837.0,222,2025-09-04 15:09:59
2025-09-04 15:10:00,1247.3,1245.0,1247.3,1245.0,1934076.4000000001,1553,2025-09-04 15:19:59
2025-09-04 15:20:00,1245.0,1243.9,1245.5,1243.9,2521651.9,2026,2025-09-04 15:29:59
2025-09-04 15:30:00,1243.9,1243.4,1244.0,1243.4,461343.80000000005,371,2025-09-04 15:39:59
2025-09-04 15:40:00,1243.3,1243.9,1243.9,1243.2,715037.2000000001,575,2025-09-04 15:49:59
2025-09-04 15:50:00,1243.3,1243.0,1243.4,1243.0,215081.2,173,2025-09-04 15:58:09
2025-09-04 16:00:00,1243.1,1243.9,1244.4,1243.0,455128.9,366,2025-09-04 16:09:59
2025-09-04 16:10:00,1244.3,1244.7,1244.7,1244.0,558854.2000000001,449,2025-09-04 16:19:59
2025-09-04 16:20:00,1244.7,1246.9,1247.3,1244.7,883495.3,709,2025-09-04 16:29:59
2025-09-04 16:30:00,1246.4,1247.5,1247.5,1246.3,190768.9,153,2025-09-04 16:39:59
2025-09-04 16:40:00,1247.0,1248.3,1248.5,1246.6,829919.7,665,2025-09-04 16:49:59
2025-09-04 16:50:00,1247.5,1247.5,1248.0,1246.8,236995.4,190,2025-09-04 16:59:09
2025-09-04 17:00:00,1246.6,1245.1,1247.8,1245.1,110903.9,89,2025-09-04 17:09:59
2025-09-04 17:10:00,1245.1,1243.6,1245.9,1243.0,525151.2000000002,422,2025-09-04 17:19:59
2025-09-04 17:20:00,1243.5,1243.4,1244.0,1241.0,1151375.8,927,2025-09-04 17:29:59
2025-09-04 17:30:00,1243.0,1243.8,1244.9,1243.0,424158.80000000005,341,2025-09-04 17:39:59
2025-09-04 17:40:00,1243.6,1241.4,1243.6,1240.2,1936722.9,1560,2025-09-04 17:49:59
2025-09-04 17:50:00,1241.8,1243.6,1244.2,1241.4,460946.1,371,2025-09-04 17:59:59
2025-09-04 18:00:00,1243.6,1243.3,1243.7,1241.7,192638.59999999998,155,2025-09-04 18:09:59
2025-09-04 18:10:00,1243.5,1243.4,1244.0,1242.1,341799.9,275,2025-09-04 18:19:59
2025-09-04 18:20:00,1242.8,1243.4,1243.6,1241.2,634727.7000000001,511,2025-09-04 18:29:59
2025-09-04 18:30:00,1243.5,1243.1,1245.5,1241.2,939177.1,755,2025-09-04 18:39:59
2025-09-04 18:40:00,1243.1,1243.1,1243.1,1243.1,12431.0,10,2025-09-04 18:49:59
2025-09-04 19:00:00,1243.1,1244.3,1244.8,1241.3,74600.9,60,2025-09-04 19:09:59
2025-09-04 19:10:00,1243.2,1242.5,1243.2,1242.5,50954.3,41,2025-09-04 19:19:59
2025-09-04 19:20:00,1242.6,1242.6,1242.7,1242.5,21123.9,17,2025-09-04 19:29:59
2025-09-04 19:30:00,1242.5,1242.5,1242.7,1242.3,64606.399999999994,52,2025-09-04 19:39:59
2025-09-04 19:40:00,1242.5,1245.6,1245.6,1242.5,579943.4,466,2025-09-04 19:49:59
2025-09-04 19:50:00,1245.2,1244.6,1246.0,1244.6,302473.19999999995,243,2025-09-04 19:59:59
2025-09-04 20:00:00,1244.9,1244.4,1244.9,1244.4,55999.0,45,2025-09-04 20:09:59
2025-09-04 20:10:00,1244.4,1244.1,1244.4,1244.0,26126.899999999998,21,2025-09-04 20:19:59
2025-09-04 20:20:00,1244.0,1244.1,1244.1,1244.0,13684.2,11,2025-09-04 20:29:59
2025-09-04 20:30:00,1244.1,1244.1,1244.1,1244.0,13684.800000000003,11,2025-09-04 20:39:59
2025-09-04 20:40:00,1244.1,1244.4,1244.4,1244.0,103271.00000000001,83,2025-09-04 20:49:59
2025-09-04 20:50:00,1244.4,1245.4,1246.8,1244.1,1047541.4999999999,841,2025-09-04 20:59:59
2025-09-04 21:00:00,1245.2,1246.7,1246.7,1244.5,162029.8,130,2025-09-04 21:09:59
2025-09-04 21:10:00,1246.4,1246.8,1246.8,1246.1,41125.7,33,2025-09-04 21:19:59
2025-09-04 21:20:00,1246.9,1246.9,1247.0,1246.9,79806.4,64,2025-09-04 21:29:59
2025-09-04 21:30:00,1246.9,1246.4,1247.0,1246.4,158350.39999999997,127,2025-09-04 21:39:59
2025-09-04 21:40:00,1246.2,1246.7,1246.9,1246.1,47373.40000000001,38,2025-09-04 21:49:59
2025-09-04 21:50:00,1246.7,1247.0,1247.0,1246.7,11222.2,9,2025-09-04 21:58:04
2025-09-04 22:00:00,1247.0,1246.3,1247.0,1246.1,264262.9,212,2025-09-04 22:09:59
2025-09-04 22:10:00,1246.3,1246.3,1246.3,1246.1,38630.5,31,2025-09-04 22:19:59
2025-09-04 22:20:00,1246.0,1246.3,1246.3,1246.0,61065.69999999999,49,2025-09-04 22:29:59
2025-09-04 22:30:00,1246.5,1246.0,1247.0,1246.0,463865.8,372,2025-09-04 22:39:59
2025-09-04 22:40:00,1246.0,1246.6,1246.6,1245.4,93442.4,75,2025-09-04 22:49:59
2025-09-04 22:50:00,1246.8,1246.7,1246.8,1245.5,44856.7,36,2025-09-04 22:59:59
2025-09-04 23:00:00,1246.7,1246.9,1246.9,1246.0,52364.1,42,2025-09-04 23:09:59
2025-09-04 23:10:00,1246.7,1246.2,1246.8,1246.2,169520.6,136,2025-09-04 23:19:59
2025-09-04 23:20:00,1246.8,1246.3,1246.8,1246.2,8726.0,7,2025-09-04 23:29:59
2025-09-04 23:30:00,1246.3,1245.6,1246.8,1245.1,838133.3999999999,673,2025-09-04 23:39:59
2025-09-04 23:40:00,1245.1,1245.0,1245.9,1245.0,379727.79999999993,305,2025-09-04 23:48:04
2025-09-05 07:00:00,1247.0,1247.0,1247.0,1245.7,109687.9,88,2025-09-05 07:09:59
2025-09-05 07:10:00,1247.0,1246.8,1247.0,1245.8,103456.40000000001,83,2025-09-05 07:19:59
2025-09-05 07:20:00,1246.8,1248.1,1249.9,1245.8,276928.9,222,2025-09-05 07:29:59
2025-09-05 07:30:00,1248.1,1250.2,1251.9,1248.1,622779.6999999998,498,2025-09-05 07:39:59
2025-09-05 07:40:00,1250.0,1249.8,1250.4,1249.8,25001.4,20,2025-09-05 07:49:59
2025-09-05 07:50:00,1249.6,1249.6,1249.8,1249.6,26242.0,21,2025-09-05 07:58:05
2025-09-05 08:00:00,1248.6,1247.5,1248.6,1245.7,184605.8,148,2025-09-05 08:09:59
2025-09-05 08:10:00,1247.6,1249.0,1249.0,1247.6,232259.0,186,2025-09-05 08:19:59
2025-09-05 08:20:00,1249.1,1248.2,1249.3,1245.8,199682.49999999997,160,2025-09-05 08:29:59
2025-09-05 08:30:00,1248.2,1246.9,1248.2,1246.9,101067.2,81,2025-09-05 08:39:59
2025-09-05 08:40:00,1248.0,1248.1,1248.1,1247.0,29944.300000000003,24,2025-09-05 08:49:59
2025-09-05 08:50:00,1248.0,1248.1,1248.1,1248.0,131040.90000000001,105,2025-09-05 08:59:59
2025-09-05 09:00:00,1248.1,1249.7,1250.0,1248.1,574638.7999999999,460,2025-09-05 09:09:59
2025-09-05 09:10:00,1249.7,1250.0,1250.1,1248.5,344740.9,276,2025-09-05 09:19:59
2025-09-05 09:20:00,1250.0,1249.6,1250.0,1249.0,176227.00000000003,141,2025-09-05 09:29:59
2025-09-05 09:30:00,1249.7,1248.5,1249.8,1248.5,98701.39999999998,79,2025-09-05 09:39:59
2025-09-05 09:40:00,1248.5,1249.4,1249.4,1248.5,114939.40000000001,92,2025-09-05 09:49:59
2025-09-05 09:50:00,1249.2,1247.8,1249.4,1247.2,1226104.3000000003,982,2025-09-05 09:59:59
2025-09-05 10:00:00,1247.1,1246.3,1247.7,1244.5,1139020.5,914,2025-09-05 10:09:59
2025-09-05 10:10:00,1246.3,1246.0,1246.3,1245.8,181947.0,146,2025-09-05 10:19:59
2025-09-05 10:20:00,1246.2,1248.5,1248.5,1246.2,174626.39999999997,140,2025-09-05 10:29:59
2025-09-05 10:30:00,1248.0,1248.0,1248.0,1246.8,22450.6,18,2025-09-05 10:39:59
2025-09-05 10:40:00,1247.9,1246.4,1250.0,1246.2,1349537.7,1081,2025-09-05 10:49:59
2025-09-05 10:50:00,1246.9,1245.5,1246.9,1245.5,214317.4,172,2025-09-05 10:59:59
2025-09-05 11:00:00,1246.0,1245.3,1246.3,1245.0,130800.99999999999,105,2025-09-05 11:09:59
2025-09-05 11:10:00,1246.0,1245.8,1246.4,1245.1,134543.30000000002,108,2025-09-05 11:19:59
2025-09-05 11:20:00,1245.1,1245.6,1246.5,1245.1,200544.4,161,2025-09-05 11:29:59
2025-09-05 11:30:00,1246.0,1245.5,1246.4,1245.4,275285.7,221,2025-09-05 11:39:59
2025-09-05 11:40:00,1246.4,1252.5,1253.9,1246.0,1442285.2000000002,1153,2025-09-05 11:49:59
2025-09-05 11:50:00,1252.5,1251.9,1252.5,1250.3,1300212.7,1039,2025-09-05 11:59:59
2025-09-05 12:00:00,1252.7,1252.5,1253.2,1252.3,1286752.5999999996,1027,2025-09-05 12:09:59
2025-09-05 12:10:00,1252.5,1252.9,1252.9,1251.1,567073.3999999999,453,2025-09-05 12:19:59
2025-09-05 12:20:00,1252.8,1251.8,1252.8,1251.4,232852.8,186,2025-09-05 12:29:59
2025-09-05 12:30:00,1251.9,1251.7,1252.3,1250.7,683442.8999999999,546,2025-09-05 12:39:59
2025-09-05 12:40:00,1251.1,1252.3,1252.3,1250.8,349318.4,279,2025-09-05 12:49:59
2025-09-05 12:50:00,1252.2,1252.4,1253.1,1251.6,264273.5,211,2025-09-05 12:59:59
2025-09-05 13:00:00,1252.9,1251.8,1253.0,1250.9,745745.8,596,2025-09-05 13:09:59
2025-09-05 13:10:00,1251.8,1251.9,1252.0,1251.4,347973.29999999993,278,2025-09-05 13:19:59
2025-09-05 13:20:00,1251.8,1251.0,1251.8,1251.0,327862.5,262,2025-09-05 13:29:59
2025-09-05 13:30:00,1251.3,1251.7,1251.9,1251.0,638345.0,510,2025-09-05 13:39:59
2025-09-05 13:40:00,1251.7,1251.7,1251.8,1251.1,314170.10000000003,251,2025-09-05 13:49:59
2025-09-05 13:50:00,1251.7,1251.9,1252.0,1251.2,127683.59999999998,102,2025-09-05 13:59:59
2025-09-05 14:00:00,1251.4,1249.0,1252.0,1248.4,3842521.2,3073,2025-09-05 14:09:59
2025-09-05 14:10:00,1249.1,1250.6,1250.6,1249.1,402357.4,322,2025-09-05 14:19:59
2025-09-05 14:20:00,1250.4,1250.3,1250.4,1250.1,90017.0,72,2025-09-05 14:29:59
2025-09-05 14:30:00,1250.3,1250.5,1251.3,1249.4,1149164.5,919,2025-09-05 14:39:59
2025-09-05 14:40:00,1251.0,1251.8,1253.2,1251.0,2689949.5,2149,2025-09-05 14:49:59
2025-09-05 14:50:00,1251.8,1245.0,1251.8,1243.7,6586802.000000008,5283,2025-09-05 14:59:59
2025-09-05 15:00:00,1244.8,1244.8,1245.0,1242.5,1724470.5,1386,2025-09-05 15:09:59
2025-09-05 15:10:00,1244.8,1245.0,1245.0,1244.5,352258.7,283,2025-09-05 15:19:59
2025-09-05 15:20:00,1244.6,1245.0,1245.0,1244.6,481787.19999999995,387,2025-09-05 15:29:59
2025-09-05 15:30:00,1245.0,1245.0,1245.0,1243.2,436776.1,351,2025-09-05 15:39:59
2025-09-05 15:40:00,1245.0,1244.7,1245.0,1243.6,556194.4,447,2025-09-05 15:49:59
2025-09-05 15:50:00,1244.7,1244.9,1244.9,1244.4,159327.2,128,2025-09-05 15:59:59
2025-09-05 16:00:00,1244.9,1245.0,1245.0,1244.8,317460.5,255,2025-09-05 16:09:59
2025-09-05 16:10:00,1245.0,1245.0,1245.0,1244.8,139426.4,112,2025-09-05 16:19:59
2025-09-05 16:20:00,1244.8,1245.5,1245.6,1244.5,628817.0,505,2025-09-05 16:29:59
2025-09-05 16:30:00,1245.5,1245.0,1246.0,1244.9,331318.89999999997,266,2025-09-05 16:39:59
2025-09-05 16:40:00,1245.3,1246.1,1246.1,1244.9,133293.0,107,2025-09-05 16:49:59
2025-09-05 16:50:00,1246.3,1246.3,1246.6,1245.9,88477.4,71,2025-09-05 16:59:59
2025-09-05 17:00:00,1246.3,1246.2,1246.3,1245.9,305319.0,245,2025-09-05 17:09:59
2025-09-05 17:10:00,1246.2,1248.0,1248.0,1246.1,755604.0999999999,606,2025-09-05 17:19:59
2025-09-05 17:20:00,1248.0,1247.8,1248.0,1247.6,661433.3,530,2025-09-05 17:29:59
2025-09-05 17:30:00,1247.8,1247.8,1248.0,1247.2,230837.40000000005,185,2025-09-05 17:39:59
2025-09-05 17:40:00,1247.3,1248.0,1248.0,1247.2,512911.2,411,2025-09-05 17:49:59
2025-09-05 17:50:00,1248.0,1248.0,1248.0,1247.2,197142.8,158,2025-09-05 17:59:59
2025-09-05 18:00:00,1247.7,1247.6,1248.0,1247.5,294507.4,236,2025-09-05 18:09:59
2025-09-05 18:10:00,1248.0,1248.0,1248.0,1247.1,198376.3,159,2025-09-05 18:19:59
2025-09-05 18:20:00,1248.0,1247.2,1248.0,1247.0,861061.8,690,2025-09-05 18:29:59
2025-09-05 18:30:00,1247.9,1245.5,1248.0,1242.0,1872250.1999999995,1504,2025-09-05 18:39:59
2025-09-05 18:40:00,1247.4,1247.4,1247.4,1247.4,8731.800000000001,7,2025-09-05 18:49:59
2025-09-05 19:00:00,1247.4,1246.7,1247.4,1245.6,77304.5,62,2025-09-05 19:09:59
2025-09-05 19:10:00,1246.6,1246.6,1246.7,1245.5,147087.8,118,2025-09-05 19:19:59
2025-09-05 19:20:00,1246.6,1241.5,1246.6,1241.4,616653.0,496,2025-09-05 19:29:59
2025-09-05 19:30:00,1241.5,1239.9,1241.5,1238.3,1892827.1000000003,1527,2025-09-05 19:39:59
2025-09-05 19:40:00,1239.8,1244.0,1244.0,1239.8,782528.4000000005,631,2025-09-05 19:49:59
2025-09-05 19:50:00,1244.0,1244.0,1244.5,1242.6,220099.69999999998,177,2025-09-05 19:59:59
2025-09-05 20:00:00,1243.6,1243.8,1243.8,1242.8,120610.8,97,2025-09-05 20:09:59
2025-09-05 20:10:00,1244.0,1243.2,1244.0,1243.0,130596.20000000001,105,2025-09-05 20:19:59
2025-09-05 20:20:00,1243.8,1243.9,1244.0,1243.8,102006.0,82,2025-09-05 20:29:59
2025-09-05 20:30:00,1243.9,1244.0,1244.0,1243.7,46026.399999999994,37,2025-09-05 20:39:59
2025-09-05 20:40:00,1244.0,1245.0,1245.0,1243.9,139381.4,112,2025-09-05 20:49:59
2025-09-05 20:50:00,1245.3,1244.8,1247.2,1244.1,943154.7,757,2025-09-05 20:59:59
2025-09-05 21:00:00,1244.9,1244.9,1244.9,1244.1,65948.1,53,2025-09-05 21:09:59
2025-09-05 21:10:00,1244.9,1244.9,1244.9,1244.3,60997.399999999994,49,2025-09-05 21:19:59
2025-09-05 21:20:00,1244.9,1244.9,1244.9,1244.1,149324.89999999997,120,2025-09-05 21:29:59
2025-09-05 21:30:00,1244.8,1244.3,1244.9,1244.1,155536.2,125,2025-09-05 21:39:59
2025-09-05 21:40:00,1244.4,1244.4,1244.4,1244.0,79640.80000000002,64,2025-09-05 21:49:59
2025-09-05 21:50:00,1244.0,1244.4,1244.4,1243.8,88315.39999999998,71,2025-09-05 21:55:08
2025-09-05 22:00:00,1244.4,1244.4,1244.4,1243.8,133110.1,107,2025-09-05 22:09:59
2025-09-05 22:10:00,1244.4,1244.9,1244.9,1243.8,46048.30000000001,37,2025-09-05 22:19:59
2025-09-05 22:20:00,1244.8,1244.8,1244.9,1244.8,29877.3,24,2025-09-05 22:29:59
2025-09-05 22:30:00,1244.8,1244.9,1244.9,1244.8,24896.699999999997,20,2025-09-05 22:39:59
2025-09-05 22:40:00,1244.9,1246.8,1247.0,1244.9,102216.50000000001,82,2025-09-05 22:49:59
2025-09-05 22:50:00,1246.8,1246.2,1246.8,1245.5,23678.200000000004,19,2025-09-05 22:59:59
2025-09-05 23:00:00,1245.3,1247.0,1247.0,1245.3,19947.1,16,2025-09-05 23:09:59
2025-09-05 23:10:00,1247.0,1245.5,1247.0,1245.1,170668.29999999996,137,2025-09-05 23:19:59
2025-09-05 23:20:00,1246.1,1246.1,1246.2,1246.1,28661.5,23,2025-09-05 23:29:59
2025-09-05 23:30:00,1245.4,1244.0,1246.2,1244.0,419450.80000000005,337,2025-09-05 23:39:59
2025-09-05 23:40:00,1244.0,1244.0,1244.7,1244.0,450329.4,362,2025-09-05 23:49:59
2025-09-06 09:50:00,1244.0,1244.0,1244.0,1244.0,31100.0,25,2025-09-06 09:59:59
2025-09-06 10:00:00,1244.0,1243.5,1244.9,1240.5,1157952.2999999998,932,2025-09-06 10:09:59
2025-09-06 10:10:00,1241.9,1242.6,1242.6,1241.1,98104.00000000001,79,2025-09-06 10:19:59
2025-09-06 10:20:00,1241.6,1241.8,1243.3,1241.5,88212.9,71,2025-09-06 10:29:59
2025-09-06 10:30:00,1242.2,1241.2,1242.5,1240.6,167596.0,135,2025-09-06 10:39:59
2025-09-06 10:40:00,1241.9,1242.9,1243.5,1241.2,63381.40000000001,51,2025-09-06 10:49:59
2025-09-06 10:50:00,1243.1,1243.3,1243.3,1242.0,33559.0,27,2025-09-06 10:59:01
2025-09-06 11:00:00,1242.2,1246.4,1247.3,1242.2,347234.2,279,2025-09-06 11:09:59
2025-09-06 11:10:00,1245.3,1245.8,1245.8,1245.1,83463.2,67,2025-09-06 11:19:59
2025-09-06 11:20:00,1245.9,1247.2,1247.2,1245.9,46114.299999999996,37,2025-09-06 11:29:59
2025-09-06 11:30:00,1246.3,1246.0,1246.8,1246.0,99684.6,80,2025-09-06 11:39:59
2025-09-06 11:40:00,1246.4,1246.6,1246.6,1245.2,47357.4,38,2025-09-06 11:49:59
2025-09-06 11:50:00,1246.6,1246.9,1247.0,1245.3,64823.70000000001,52,2025-09-06 11:59:59
2025-09-06 12:00:00,1247.0,1242.4,1247.0,1240.0,1754777.1000000008,1413,2025-09-06 12:09:59
2025-09-06 12:10:00,1242.9,1242.3,1243.4,1242.3,121808.79999999999,98,2025-09-06 12:19:59
2025-09-06 12:20:00,1243.0,1242.9,1244.4,1242.5,215220.3,173,2025-09-06 12:29:59
2025-09-06 12:30:00,1244.7,1244.3,1244.7,1244.3,6222.6,5,2025-09-06 12:39:59
2025-09-06 12:40:00,1244.4,1244.6,1244.6,1243.2,12442.1,10,2025-09-06 12:49:59
2025-09-06 12:50:00,1243.5,1244.0,1244.7,1242.4,77045.69999999998,62,2025-09-06 12:59:01
2025-09-06 13:00:00,1243.0,1245.0,1245.3,1242.7,222825.3,179,2025-09-06 13:09:59
2025-09-06 13:10:00,1245.0,1245.4,1245.7,1245.0,134463.5,108,2025-09-06 13:19:59
2025-09-06 13:20:00,1245.1,1245.0,1245.6,1245.0,47313.5,38,2025-09-06 13:29:59
2025-09-06 13:30:00,1245.8,1245.8,1245.8,1245.8,1245.8,1,2025-09-06 13:39:59
2025-09-06 13:40:00,1245.8,1245.6,1245.8,1245.0,21171.2,17,2025-09-06 13:49:59
2025-09-06 13:50:00,1245.6,1245.8,1245.9,1245.6,27405.399999999998,22,2025-09-06 13:58:01
2025-09-06 14:00:00,1245.9,1245.9,1245.9,1245.9,8721.3,7,2025-09-06 14:09:59
2025-09-06 14:10:00,1245.5,1245.8,1245.8,1245.5,13701.599999999999,11,2025-09-06 14:19:59
2025-09-06 14:20:00,1245.1,1245.0,1245.1,1245.0,73456.6,59,2025-09-06 14:29:59
2025-09-06 14:30:00,1245.1,1245.0,1245.1,1245.0,22410.6,18,2025-09-06 14:39:59
2025-09-06 14:40:00,1245.1,1245.8,1245.8,1245.0,140725.3,113,2025-09-06 14:49:59
2025-09-06 14:50:00,1245.0,1245.8,1245.8,1245.0,59762.3,48,2025-09-06 14:59:59
2025-09-06 15:00:00,1245.8,1245.5,1246.7,1245.5,57313.5,46,2025-09-06 15:09:59
2025-09-06 15:10:00,1246.6,1246.7,1246.9,1246.0,29920.0,24,2025-09-06 15:19:59
2025-09-06 15:20:00,1246.9,1246.6,1247.0,1246.6,41139.8,33,2025-09-06 15:29:59
2025-09-06 15:30:00,1247.0,1247.1,1247.1,1246.6,51126.6,41,2025-09-06 15:39:59
2025-09-06 15:40:00,1247.1,1246.5,1247.1,1245.1,196818.80000000002,158,2025-09-06 15:49:59
2025-09-06 15:50:00,1246.5,1246.7,1246.7,1246.5,28673.800000000003,23,2025-09-06 15:59:59
2025-09-06 16:00:00,1246.7,1245.6,1246.7,1245.6,36152.899999999994,29,2025-09-06 16:09:59
2025-09-06 16:10:00,1245.8,1245.7,1245.8,1245.7,22423.2,18,2025-09-06 16:19:59
2025-09-06 16:20:00,1246.0,1246.6,1246.6,1245.1,97170.1,78,2025-09-06 16:29:59
2025-09-06 16:30:00,1245.4,1245.5,1246.7,1245.4,84726.6,68,2025-09-06 16:39:59
2025-09-06 16:40:00,1246.3,1246.9,1246.9,1245.6,117180.0,94,2025-09-06 16:49:59
2025-09-06 16:50:00,1246.9,1245.9,1247.0,1245.7,63589.9,51,2025-09-06 16:59:59
2025-09-06 17:00:00,1246.7,1246.7,1246.7,1246.0,38631.7,31,2025-09-06 17:09:59
2025-09-06 17:10:00,1246.6,1246.8,1246.9,1246.0,31169.9,25,2025-09-06 17:19:59
2025-09-06 17:20:00,1246.7,1246.7,1246.7,1245.6,38645.5,31,2025-09-06 17:29:59
2025-09-06 17:30:00,1246.7,1246.0,1246.7,1246.0,36153.6,29,2025-09-06 17:39:59
2025-09-06 17:40:00,1246.0,1245.8,1246.7,1245.7,72261.9,58,2025-09-06 17:49:59
2025-09-06 17:50:00,1245.8,1246.6,1246.6,1245.8,38629.4,31,2025-09-06 17:59:59
2025-09-06 18:00:00,1246.7,1246.6,1246.7,1245.8,12465.4,10,2025-09-06 18:09:59
2025-09-06 18:10:00,1246.6,1245.8,1246.6,1245.8,41127.2,33,2025-09-06 18:19:59
2025-09-06 18:20:00,1246.6,1246.9,1246.9,1245.8,41136.399999999994,33,2025-09-06 18:29:59
2025-09-06 18:30:00,1246.6,1246.7,1246.9,1246.6,67332.1,54,2025-09-06 18:39:59
2025-09-06 18:40:00,1246.6,1247.0,1247.2,1246.6,63593.29999999999,51,2025-09-06 18:49:59
2025-09-06 18:50:00,1247.1,1247.1,1247.1,1247.0,58613.59999999999,47,2025-09-06 18:59:59
2025-09-07 09:50:00,1247.1,1247.1,1247.1,1247.1,2494.2,2,2025-09-07 09:59:59
2025-09-07 10:00:00,1247.1,1247.8,1249.1,1241.9,81013.6,65,2025-09-07 10:09:59
2025-09-07 10:10:00,1247.8,1245.6,1248.0,1245.6,77299.0,62,2025-09-07 10:19:59
2025-09-07 10:20:00,1245.7,1248.9,1249.0,1245.7,91091.40000000001,73,2025-09-07 10:29:59
2025-09-07 10:30:00,1248.9,1246.8,1248.9,1245.6,319392.9,256,2025-09-07 10:39:59
2025-09-07 10:40:00,1248.0,1248.0,1248.1,1246.3,29927.8,24,2025-09-07 10:49:59
2025-09-07 10:50:00,1248.0,1245.1,1248.6,1245.1,241822.3,194,2025-09-07 10:59:59
2025-09-07 11:00:00,1246.1,1247.5,1247.6,1246.0,24941.700000000004,20,2025-09-07 11:09:59
2025-09-07 11:10:00,1247.5,1248.1,1248.1,1247.4,61146.899999999994,49,2025-09-07 11:19:59
2025-09-07 11:20:00,1247.6,1247.5,1248.8,1247.5,84874.7,68,2025-09-07 11:29:59
2025-09-07 11:30:00,1247.6,1248.8,1248.9,1247.6,56179.299999999996,45,2025-09-07 11:39:59
2025-09-07 11:40:00,1248.9,1248.0,1249.5,1246.2,162167.19999999998,130,2025-09-07 11:49:59
2025-09-07 11:50:00,1248.6,1247.5,1248.6,1246.2,72317.0,58,2025-09-07 11:59:05
2025-09-07 12:00:00,1247.5,1248.4,1248.4,1247.0,117252.59999999999,94,2025-09-07 12:09:59
2025-09-07 12:10:00,1248.5,1247.4,1248.6,1247.4,21220.4,17,2025-09-07 12:19:59
2025-09-07 12:20:00,1248.3,1247.4,1248.4,1247.1,73621.29999999999,59,2025-09-07 12:29:59
2025-09-07 12:30:00,1247.4,1248.2,1249.9,1247.4,353563.4,283,2025-09-07 12:39:59
2025-09-07 12:40:00,1249.6,1249.8,1249.8,1248.2,37485.4,30,2025-09-07 12:49:59
2025-09-07 12:50:00,1249.8,1249.6,1249.8,1248.6,21239.699999999997,17,2025-09-07 12:59:59
2025-09-07 13:00:00,1249.6,1249.3,1250.8,1249.3,530104.8000000002,424,2025-09-07 13:09:59
2025-09-07 13:10:00,1249.3,1250.6,1251.9,1249.3,444116.7,355,2025-09-07 13:19:59
2025-09-07 13:20:00,1250.6,1251.5,1252.0,1250.4,173970.2,139,2025-09-07 13:29:59
2025-09-07 13:30:00,1251.5,1252.9,1253.0,1250.8,447065.7,357,2025-09-07 13:39:59
2025-09-07 13:40:00,1252.8,1252.6,1253.0,1247.0,1590788.7,1274,2025-09-07 13:49:59
2025-09-07 13:50:00,1252.6,1253.0,1253.1,1252.2,164114.9,131,2025-09-07 13:59:59
2025-09-07 14:00:00,1253.0,1253.0,1253.0,1252.0,36332.600000000006,29,2025-09-07 14:09:59
2025-09-07 14:10:00,1252.9,1252.0,1252.9,1252.0,18789.9,15,2025-09-07 14:19:59
2025-09-07 14:20:00,1252.8,1252.7,1252.8,1251.9,25052.700000000004,20,2025-09-07 14:29:59
2025-09-07 14:30:00,1251.9,1252.0,1253.0,1251.9,31321.5,25,2025-09-07 14:39:59
2025-09-07 14:40:00,1252.9,1252.9,1252.9,1252.1,10021.900000000001,8,2025-09-07 14:49:59
2025-09-07 14:50:00,1252.1,1251.9,1252.8,1251.8,157816.9,126,2025-09-07 14:59:59
2025-09-07 15:00:00,1251.9,1251.9,1252.8,1251.8,67634.1,54,2025-09-07 15:09:59
2025-09-07 15:10:00,1252.5,1252.3,1252.5,1251.9,18784.399999999998,15,2025-09-07 15:19:59
2025-09-07 15:20:00,1252.2,1252.2,1252.2,1250.4,163865.3,131,2025-09-07 15:29:59
2025-09-07 15:30:00,1252.1,1252.1,1252.2,1251.8,15025.2,12,2025-09-07 15:39:59
2025-09-07 15:40:00,1251.6,1252.0,1252.2,1250.3,228936.09999999995,183,2025-09-07 15:49:59
2025-09-07 15:50:00,1252.0,1252.1,1252.2,1250.4,106375.1,85,2025-09-07 15:59:01
2025-09-07 16:00:00,1252.2,1252.2,1252.2,1251.7,46330.799999999996,37,2025-09-07 16:09:59
2025-09-07 16:10:00,1251.7,1252.2,1252.3,1251.7,13773.9,11,2025-09-07 16:19:59
2025-09-07 16:20:00,1251.9,1252.0,1252.0,1250.9,47563.1,38,2025-09-07 16:29:59
2025-09-07 16:30:00,1251.9,1251.8,1251.9,1250.5,60062.7,48,2025-09-07 16:39:59
2025-09-07 16:40:00,1251.8,1250.9,1251.8,1250.9,5005.1,4,2025-09-07 16:49:59
2025-09-07 16:50:00,1251.3,1251.7,1251.7,1250.5,32518.3,26,2025-09-07 16:59:59
2025-09-07 17:00:00,1251.7,1251.4,1251.7,1250.9,41299.299999999996,33,2025-09-07 17:09:59
2025-09-07 17:10:00,1251.5,1251.3,1251.5,1250.4,121335.7,97,2025-09-07 17:19:59
2025-09-07 17:20:00,1251.2,1250.4,1251.2,1250.4,53771.200000000004,43,2025-09-07 17:29:59
2025-09-07 17:30:00,1251.2,1251.0,1251.5,1250.6,86322.9,69,2025-09-07 17:39:59
2025-09-07 17:40:00,1251.5,1251.5,1251.5,1251.5,52563.0,42,2025-09-07 17:49:59
2025-09-07 17:50:00,1251.5,1251.5,1251.5,1251.1,32534.6,26,2025-09-07 17:59:59
2025-09-07 18:00:00,1251.5,1251.5,1251.5,1251.1,8759.4,7,2025-09-07 18:09:59
2025-09-07 18:10:00,1251.5,1252.4,1252.4,1250.6,239026.09999999998,191,2025-09-07 18:19:59
2025-09-07 18:20:00,1252.5,1252.8,1252.8,1252.4,62630.3,50,2025-09-07 18:29:59
2025-09-07 18:30:00,1252.4,1252.6,1252.6,1252.3,70133.70000000001,56,2025-09-07 18:39:59
2025-09-07 18:40:00,1252.4,1253.6,1254.0,1252.4,2794769.6999999997,2229,2025-09-07 18:49:59
2025-09-07 18:50:00,1252.5,1254.1,1254.1,1252.4,119054.0,95,2025-09-07 18:59:59
2025-09-08 06:50:00,1254.9,1254.9,1254.9,1254.9,20078.4,16,2025-09-08 06:59:59
2025-09-08 07:00:00,1254.3,1254.9,1254.9,1252.8,847789.1000000002,676,2025-09-08 07:09:59
2025-09-08 07:10:00,1253.5,1254.0,1254.7,1253.0,278321.7,222,2025-09-08 07:19:59
2025-09-08 07:20:00,1254.4,1251.3,1254.4,1248.7,645711.3,516,2025-09-08 07:29:59
2025-09-08 07:30:00,1251.3,1252.2,1253.4,1251.3,18791.0,15,2025-09-08 07:39:59
2025-09-08 07:40:00,1252.6,1254.9,1254.9,1252.6,264617.60000000003,211,2025-09-08 07:49:59
2025-09-08 07:50:00,1254.9,1254.5,1254.9,1254.5,230870.0,184,2025-09-08 07:59:59
2025-09-08 08:00:00,1254.5,1255.0,1256.7,1254.1,331387.5,264,2025-09-08 08:09:59
2025-09-08 08:10:00,1254.7,1254.7,1255.0,1254.7,85327.0,68,2025-09-08 08:19:59
2025-09-08 08:20:00,1254.7,1254.2,1254.9,1254.1,18818.7,15,2025-09-08 08:29:59
2025-09-08 08:30:00,1254.2,1256.9,1256.9,1254.2,569754.3,454,2025-09-08 08:39:59
2025-09-08 08:40:00,1256.6,1257.6,1257.9,1255.4,838461.7,667,2025-09-08 08:49:59
2025-09-08 08:50:00,1256.9,1257.3,1257.7,1256.2,211187.1,168,2025-09-08 08:59:59
2025-09-08 09:00:00,1257.3,1257.8,1257.9,1255.4,578031.2000000001,460,2025-09-08 09:09:59
2025-09-08 09:10:00,1258.0,1263.9,1265.7,1257.5,4621569.700000001,3664,2025-09-08 09:19:59
2025-09-08 09:20:00,1263.7,1267.7,1272.1,1263.6,3052763.6000000006,2409,2025-09-08 09:29:59
2025-09-08 09:30:00,1268.0,1263.2,1268.0,1263.0,1869784.4,1478,2025-09-08 09:39:59
2025-09-08 09:40:00,1264.0,1263.5,1264.2,1262.0,1380441.7,1093,2025-09-08 09:49:59
2025-09-08 09:50:00,1262.7,1271.6,1271.8,1262.5,3324389.099999999,2621,2025-09-08 09:59:59
2025-09-08 10:00:00,1271.1,1269.9,1271.7,1269.0,3152780.4,2483,2025-09-08 10:09:59
2025-09-08 10:10:00,1269.3,1269.8,1270.2,1269.0,2161758.8,1703,2025-09-08 10:19:59
2025-09-08 10:20:00,1269.6,1267.2,1270.9,1265.5,4064167.4999999986,3203,2025-09-08 10:29:59
2025-09-08 10:30:00,1267.7,1266.9,1268.6,1266.5,986087.8,778,2025-09-08 10:39:59
2025-09-08 10:40:00,1266.9,1264.0,1267.6,1263.2,4638122.399999999,3665,2025-09-08 10:49:59
2025-09-08 10:50:00,1264.0,1265.4,1266.3,1263.5,1140821.3,902,2025-09-08 10:59:59
2025-09-08 11:00:00,1266.1,1265.1,1267.0,1265.0,1831899.9999999998,1447,2025-09-08 11:09:59
2025-09-08 11:10:00,1265.3,1266.2,1266.3,1265.0,629022.0999999999,497,2025-09-08 11:19:59
2025-09-08 11:20:00,1266.2,1270.4,1271.0,1266.0,4298117.0,3387,2025-09-08 11:29:59
2025-09-08 11:30:00,1270.4,1269.7,1270.8,1269.0,2579700.1999999997,2032,2025-09-08 11:39:59
2025-09-08 11:40:00,1269.7,1269.1,1270.4,1269.1,666569.6000000001,525,2025-09-08 11:49:59
2025-09-08 11:50:00,1269.1,1265.1,1269.5,1263.6,7682998.0,6058,2025-09-08 11:59:59
2025-09-08 12:00:00,1265.1,1266.5,1267.5,1265.0,749679.5,592,2025-09-08 12:09:59
2025-09-08 12:10:00,1266.1,1267.0,1267.0,1265.0,553222.2999999999,437,2025-09-08 12:19:59
2025-09-08 12:20:00,1267.1,1268.0,1269.0,1267.0,4070617.9000000004,3209,2025-09-08 12:29:59
2025-09-08 12:30:00,1267.5,1267.2,1268.0,1266.4,546101.6,431,2025-09-08 12:39:59
2025-09-08 12:40:00,1266.7,1266.7,1267.4,1266.4,191314.0,151,2025-09-08 12:49:59
2025-09-08 12:50:00,1266.6,1268.0,1268.8,1266.5,1124505.7,887,2025-09-08 12:59:59
2025-09-08 13:00:00,1268.2,1268.4,1269.0,1267.6,773897.3,610,2025-09-08 13:09:59
2025-09-08 13:10:00,1268.8,1267.2,1268.9,1266.2,1090515.5,860,2025-09-08 13:19:59
2025-09-08 13:20:00,1267.7,1269.0,1269.0,1267.4,966562.7999999999,762,2025-09-08 13:29:59
2025-09-08 13:30:00,1269.0,1269.1,1269.6,1267.8,1239613.4,977,2025-09-08 13:39:59
2025-09-08 13:40:00,1269.0,1269.1,1269.1,1268.4,186546.40000000002,147,2025-09-08 13:49:59
2025-09-08 13:50:00,1269.0,1268.9,1269.3,1268.5,482235.7,380,2025-09-08 13:59:08
2025-09-08 14:00:00,1269.0,1269.0,1269.8,1268.4,1505321.0000000002,1186,2025-09-08 14:09:59
2025-09-08 14:10:00,1269.0,1269.0,1269.0,1268.4,304532.60000000003,240,2025-09-08 14:19:59
2025-09-08 14:20:00,1269.0,1267.6,1269.0,1267.1,1215933.4,959,2025-09-08 14:29:59
2025-09-08 14:30:00,1267.5,1267.9,1267.9,1267.1,348538.4,275,2025-09-08 14:39:59
2025-09-08 14:40:00,1267.8,1268.0,1268.0,1267.8,469148.3,370,2025-09-08 14:49:59
2025-09-08 14:50:00,1267.6,1268.0,1268.0,1267.6,500853.0,395,2025-09-08 14:59:07
2025-09-08 15:00:00,1267.9,1268.9,1269.0,1267.7,762156.9999999999,601,2025-09-08 15:09:59
2025-09-08 15:10:00,1268.6,1267.9,1269.4,1267.8,1234535.4000000001,973,2025-09-08 15:19:59
2025-09-08 15:20:00,1268.2,1268.2,1268.4,1267.7,341132.5,269,2025-09-08 15:29:59
2025-09-08 15:30:00,1268.4,1268.0,1268.5,1268.0,230808.90000000002,182,2025-09-08 15:39:59
2025-09-08 15:40:00,1268.0,1267.6,1268.4,1267.3,363836.5,287,2025-09-08 15:49:59
2025-09-08 15:50:00,1267.3,1267.0,1267.7,1266.5,366186.8,289,2025-09-08 15:59:59
2025-09-08 16:00:00,1266.6,1268.3,1268.3,1266.0,2447832.2,1932,2025-09-08 16:09:59
2025-09-08 16:10:00,1268.0,1268.3,1268.4,1268.0,779874.5000000001,615,2025-09-08 16:19:59
2025-09-08 16:20:00,1268.4,1269.3,1269.4,1268.0,5072628.2,3999,2025-09-08 16:29:59
2025-09-08 16:30:00,1269.1,1270.1,1271.3,1269.1,8635191.7,6798,2025-09-08 16:39:59
2025-09-08 16:40:00,1270.7,1270.0,1270.8,1270.0,1022393.2,805,2025-09-08 16:49:59
2025-09-08 16:50:00,1270.0,1270.0,1270.1,1270.0,2122187.0,1671,2025-09-08 16:59:59
2025-09-08 17:00:00,1270.0,1270.1,1270.9,1270.0,2870487.9,2260,2025-09-08 17:09:59
2025-09-08 17:10:00,1270.4,1270.7,1270.8,1270.1,1746639.1,1375,2025-09-08 17:19:59
2025-09-08 17:20:00,1270.3,1270.0,1270.5,1270.0,2681172.8000000003,2111,2025-09-08 17:29:59
2025-09-08 17:30:00,1270.0,1270.0,1270.6,1270.0,1879645.3,1480,2025-09-08 17:39:59
2025-09-08 17:40:00,1270.2,1270.1,1275.0,1270.0,25420230.3,20006,2025-09-08 17:49:59
2025-09-08 17:50:00,1270.2,1270.0,1270.8,1269.0,2297357.1,1809,2025-09-08 17:59:59
2025-09-08 18:00:00,1270.1,1270.1,1270.7,1270.0,2432142.6,1915,2025-09-08 18:09:59
2025-09-08 18:10:00,1270.0,1270.0,1270.4,1270.0,1667585.3000000003,1313,2025-09-08 18:19:59
2025-09-08 18:20:00,1270.1,1270.0,1270.7,1270.0,2832223.8000000003,2230,2025-09-08 18:29:59
2025-09-08 18:30:00,1270.0,1270.0,1271.0,1270.0,1656129.2999999998,1304,2025-09-08 18:39:59
2025-09-08 18:40:00,1270.0,1270.0,1270.0,1270.0,72390.0,57,2025-09-08 18:49:08
2025-09-08 19:00:00,1270.6,1271.7,1271.8,1270.5,249182.2,196,2025-09-08 19:09:59
2025-09-08 19:10:00,1271.8,1271.0,1271.8,1270.0,894673.6,704,2025-09-08 19:19:59
2025-09-08 19:20:00,1271.3,1268.3,1272.0,1265.0,13888399.599999996,10947,2025-09-08 19:29:59
2025-09-08 19:30:00,1268.0,1268.7,1273.0,1267.1,2146600.4000000004,1691,2025-09-08 19:39:59
2025-09-08 19:40:00,1269.0,1270.1,1270.3,1268.7,514254.30000000005,405,2025-09-08 19:49:59
2025-09-08 19:50:00,1270.0,1270.9,1271.9,1269.5,1021470.1000000001,804,2025-09-08 19:59:59
2025-09-08 20:00:00,1270.1,1269.3,1271.4,1269.1,556430.1,438,2025-09-08 20:09:59
2025-09-08 20:10:00,1269.6,1269.8,1269.8,1268.6,272839.8,215,2025-09-08 20:19:59
2025-09-08 20:20:00,1269.5,1269.0,1270.0,1268.7,237398.3,187,2025-09-08 20:29:59
2025-09-08 20:30:00,1269.6,1268.7,1271.2,1268.7,163879.00000000003,129,2025-09-08 20:39:59
2025-09-08 20:40:00,1269.0,1269.1,1269.3,1269.0,35536.299999999996,28,2025-09-08 20:49:59
2025-09-08 20:50:00,1269.3,1268.8,1269.6,1268.5,403549.69999999995,318,2025-09-08 20:59:59
2025-09-08 21:00:00,1269.3,1269.6,1269.6,1268.8,283099.3,223,2025-09-08 21:09:59
2025-09-08 21:10:00,1269.1,1269.8,1269.8,1268.8,196719.40000000002,155,2025-09-08 21:19:59
2025-09-08 21:20:00,1269.9,1269.8,1269.9,1269.2,132051.5,104,2025-09-08 21:29:59
2025-09-08 21:30:00,1269.8,1269.8,1269.9,1268.9,380858.7,300,2025-09-08 21:39:59
2025-09-08 21:40:00,1269.8,1269.8,1269.9,1269.8,24126.8,19,2025-09-08 21:49:59
2025-09-08 21:50:00,1269.8,1269.6,1269.9,1268.5,428989.50000000006,338,2025-09-08 21:59:59
2025-09-08 22:00:00,1269.7,1269.9,1269.9,1269.7,55871.59999999999,44,2025-09-08 22:09:59
2025-09-08 22:10:00,1269.9,1270.7,1272.0,1269.8,5506839.500000001,4335,2025-09-08 22:19:59
2025-09-08 22:20:00,1270.7,1269.6,1271.2,1269.5,2412577.9999999995,1899,2025-09-08 22:29:59
2025-09-08 22:30:00,1270.6,1270.6,1271.5,1270.0,579569.9,456,2025-09-08 22:39:59
2025-09-08 22:40:00,1270.8,1270.7,1271.4,1270.0,76253.0,60,2025-09-08 22:49:59
2025-09-08 22:50:00,1271.1,1272.4,1275.0,1270.7,1988051.0,1562,2025-09-08 22:59:59
2025-09-08 23:00:00,1272.4,1271.5,1272.9,1270.6,709684.4,558,2025-09-08 23:09:59
2025-09-08 23:10:00,1271.9,1271.8,1272.0,1271.5,43234.0,34,2025-09-08 23:19:59
2025-09-08 23:20:00,1272.0,1272.1,1272.7,1271.8,424924.2,334,2025-09-08 23:29:59
2025-09-08 23:30:00,1272.7,1270.9,1275.0,1270.0,2095758.4999999998,1646,2025-09-08 23:39:59
2025-09-08 23:40:00,1270.6,1270.3,1272.7,1270.3,113150.8,89,2025-09-08 23:43:04
2025-09-09 07:00:00,1272.0,1276.6,1276.9,1270.4,1420507.3,1114,2025-09-09 07:09:59
2025-09-09 07:10:00,1276.6,1275.3,1276.8,1270.3,1451681.0000000002,1139,2025-09-09 07:19:59
2025-09-09 07:20:00,1275.3,1275.8,1276.8,1275.3,107169.2,84,2025-09-09 07:29:59
2025-09-09 07:30:00,1275.7,1275.2,1276.0,1275.2,412044.4,323,2025-09-09 07:39:59
2025-09-09 07:40:00,1275.6,1275.3,1275.9,1274.7,141569.39999999997,111,2025-09-09 07:49:59
2025-09-09 07:50:00,1275.3,1276.1,1276.1,1271.5,642662.7,504,2025-09-09 07:59:59
2025-09-09 08:00:00,1276.1,1276.1,1276.7,1275.9,44668.2,35,2025-09-09 08:09:59
2025-09-09 08:10:00,1276.1,1275.0,1276.8,1270.0,1920711.2,1509,2025-09-09 08:19:59
2025-09-09 08:20:00,1275.4,1275.6,1276.5,1274.9,68882.1,54,2025-09-09 08:29:59
2025-09-09 08:30:00,1276.3,1275.3,1276.3,1275.3,30623.3,24,2025-09-09 08:39:59
2025-09-09 08:40:00,1275.3,1274.8,1276.2,1274.8,294592.2,231,2025-09-09 08:49:59
2025-09-09 08:50:00,1274.9,1274.8,1275.0,1274.5,165724.60000000003,130,2025-09-09 08:59:59
2025-09-09 09:00:00,1274.6,1274.6,1275.5,1274.2,151682.90000000002,119,2025-09-09 09:09:59
2025-09-09 09:10:00,1275.4,1276.2,1276.2,1274.7,163242.40000000002,128,2025-09-09 09:19:59
2025-09-09 09:20:00,1276.0,1274.8,1276.0,1274.8,159412.8,125,2025-09-09 09:29:59
2025-09-09 09:30:00,1275.4,1275.4,1275.4,1274.8,49721.100000000006,39,2025-09-09 09:39:59
2025-09-09 09:40:00,1274.8,1274.2,1275.5,1274.0,692089.8999999999,543,2025-09-09 09:49:59
2025-09-09 09:50:00,1275.0,1277.2,1277.2,1274.2,824536.9,646,2025-09-09 09:59:59
2025-09-09 10:00:00,1277.2,1278.5,1278.7,1276.0,1065495.7999999998,834,2025-09-09 10:09:59
2025-09-09 10:10:00,1278.8,1278.1,1279.0,1278.0,1032910.9,808,2025-09-09 10:19:59
2025-09-09 10:20:00,1278.1,1277.9,1279.1,1276.5,976419.3,764,2025-09-09 10:29:59
2025-09-09 10:30:00,1278.6,1276.2,1279.3,1276.0,1498123.0999999999,1173,2025-09-09 10:39:59
2025-09-09 10:40:00,1276.7,1277.3,1277.7,1275.8,718703.6,563,2025-09-09 10:49:59
2025-09-09 10:50:00,1277.4,1276.5,1277.4,1276.0,333250.9,261,2025-09-09 10:59:59
2025-09-09 11:00:00,1276.7,1277.1,1278.0,1276.1,550455.3,431,2025-09-09 11:09:59
2025-09-09 11:10:00,1277.1,1276.9,1277.7,1276.1,1109639.2,869,2025-09-09 11:19:59
2025-09-09 11:20:00,1276.5,1275.8,1276.8,1275.8,394390.9,309,2025-09-09 11:29:59
2025-09-09 11:30:00,1276.3,1276.1,1276.8,1275.8,500334.6,392,2025-09-09 11:39:59
2025-09-09 11:40:00,1276.5,1271.3,1276.6,1270.2,4447196.8,3492,2025-09-09 11:49:59
2025-09-09 11:50:00,1271.9,1271.5,1273.3,1270.0,4268147.5,3359,2025-09-09 11:59:59
2025-09-09 12:00:00,1271.9,1271.5,1272.5,1271.5,365011.39999999997,287,2025-09-09 12:09:59
2025-09-09 12:10:00,1271.8,1270.1,1272.0,1270.1,1049752.3000000003,826,2025-09-09 12:19:59
2025-09-09 12:20:00,1270.6,1271.1,1272.1,1270.1,671008.9,528,2025-09-09 12:29:59
2025-09-09 12:30:00,1271.0,1271.3,1272.9,1270.9,1081141.8,850,2025-09-09 12:39:59
2025-09-09 12:40:00,1271.4,1270.0,1271.4,1270.0,2205095.3000000003,1736,2025-09-09 12:49:59
2025-09-09 12:50:00,1270.1,1268.5,1270.1,1268.0,2710228.2,2135,2025-09-09 12:59:59
2025-09-09 13:00:00,1268.1,1269.1,1269.1,1268.1,714333.2999999999,563,2025-09-09 13:09:59
2025-09-09 13:10:00,1269.0,1269.8,1269.8,1269.0,206907.40000000002,163,2025-09-09 13:19:59
2025-09-09 13:20:00,1269.7,1268.2,1269.8,1268.2,472184.30000000005,372,2025-09-09 13:29:59
2025-09-09 13:30:00,1268.0,1266.9,1270.3,1265.0,4075668.0000000005,3215,2025-09-09 13:39:59
2025-09-09 13:40:00,1266.8,1267.6,1268.1,1266.7,686872.2999999999,542,2025-09-09 13:49:59
2025-09-09 13:50:00,1267.6,1268.0,1268.3,1266.3,781953.2,617,2025-09-09 13:59:59
2025-09-09 14:00:00,1267.8,1271.0,1272.1,1267.5,3540037.0000000005,2787,2025-09-09 14:09:59
2025-09-09 14:10:00,1271.0,1272.0,1274.1,1271.0,1170586.3,920,2025-09-09 14:19:59
2025-09-09 14:20:00,1272.1,1272.9,1273.5,1272.0,208737.60000000003,164,2025-09-09 14:29:59
2025-09-09 14:30:00,1273.2,1272.9,1273.4,1272.5,142566.09999999998,112,2025-09-09 14:39:59
2025-09-09 14:40:00,1273.4,1272.2,1274.4,1272.0,2372761.4000000004,1864,2025-09-09 14:49:59
2025-09-09 14:50:00,1273.0,1271.4,1273.2,1271.1,1206924.5,949,2025-09-09 14:59:59
2025-09-09 15:00:00,1271.3,1271.8,1271.8,1271.1,153850.8,121,2025-09-09 15:09:59
2025-09-09 15:10:00,1271.8,1271.2,1272.9,1271.0,1022361.0000000001,804,2025-09-09 15:19:59
2025-09-09 15:20:00,1271.0,1270.8,1271.9,1270.0,3195066.1000000006,2514,2025-09-09 15:29:59
2025-09-09 15:30:00,1270.2,1270.4,1270.7,1270.2,290929.8,229,2025-09-09 15:39:59
2025-09-09 15:40:00,1270.7,1270.4,1271.7,1270.3,279564.7,220,2025-09-09 15:49:59
2025-09-09 15:50:00,1270.9,1270.9,1271.5,1270.3,351993.2,277,2025-09-09 15:59:59
2025-09-09 16:00:00,1271.4,1271.2,1272.0,1270.5,439896.1,346,2025-09-09 16:09:59
2025-09-09 16:10:00,1271.8,1271.6,1272.0,1269.1,2131543.9999999995,1678,2025-09-09 16:19:59
2025-09-09 16:20:00,1271.8,1275.0,1275.0,1271.6,8430803.5,6616,2025-09-09 16:29:59
2025-09-09 16:30:00,1275.0,1273.8,1275.0,1272.2,10660266.100000001,8367,2025-09-09 16:39:59
2025-09-09 16:40:00,1274.5,1274.0,1275.0,1271.2,10740178.2,8429,2025-09-09 16:49:59
2025-09-09 16:50:00,1274.0,1274.9,1275.0,1273.5,8970176.5,7037,2025-09-09 16:59:59
2025-09-09 17:00:00,1275.0,1275.0,1275.0,1272.8,9075514.0,7119,2025-09-09 17:09:59
2025-09-09 17:10:00,1274.9,1275.0,1275.0,1274.5,9095034.7,7134,2025-09-09 17:19:59
2025-09-09 17:20:00,1275.0,1275.0,1275.0,1274.5,9566800.600000001,7504,2025-09-09 17:29:59
2025-09-09 17:30:00,1274.9,1280.0,1280.0,1274.6,10990823.3,8606,2025-09-09 17:39:59
2025-09-09 17:40:00,1280.0,1278.5,1287.2,1273.5,12533992.700000001,9776,2025-09-09 17:49:59
2025-09-09 17:50:00,1278.4,1276.2,1278.4,1275.3,1006091.1000000001,788,2025-09-09 17:59:59
2025-09-09 18:00:00,1276.5,1278.1,1279.9,1276.5,3301993.8999999994,2582,2025-09-09 18:09:59
2025-09-09 18:10:00,1278.1,1276.5,1279.3,1276.2,3366506.8,2635,2025-09-09 18:19:59
2025-09-09 18:20:00,1276.2,1273.8,1277.3,1270.3,4224573.099999998,3315,2025-09-09 18:29:59
2025-09-09 18:30:00,1273.0,1274.4,1275.3,1270.3,952865.1000000001,748,2025-09-09 18:39:59
2025-09-09 18:40:00,1276.0,1276.0,1276.0,1276.0,144188.0,113,2025-09-09 18:49:59
2025-09-09 19:00:00,1276.0,1272.2,1276.0,1271.8,614985.0999999999,483,2025-09-09 19:09:59
2025-09-09 19:10:00,1272.1,1271.7,1272.5,1270.2,683955.0,538,2025-09-09 19:19:59
2025-09-09 19:20:00,1271.0,1272.3,1273.4,1270.7,897003.2000000001,705,2025-09-09 19:29:59
2025-09-09 19:30:00,1272.3,1272.5,1272.8,1271.6,136150.8,107,2025-09-09 19:39:59
2025-09-09 19:40:00,1272.4,1272.2,1272.4,1270.1,775238.0,610,2025-09-09 19:49:59
2025-09-09 19:50:00,1272.4,1272.6,1273.1,1272.4,50903.7,40,2025-09-09 19:59:59
2025-09-09 20:00:00,1272.6,1270.6,1272.6,1270.1,414314.3,326,2025-09-09 20:09:59
2025-09-09 20:10:00,1270.5,1271.1,1272.2,1270.4,359712.5,283,2025-09-09 20:19:59
2025-09-09 20:20:00,1271.4,1270.2,1273.1,1269.0,1831739.2,1442,2025-09-09 20:29:59
2025-09-09 20:30:00,1271.3,1271.6,1271.6,1271.3,82640.4,65,2025-09-09 20:39:59
2025-09-09 20:40:00,1271.4,1272.2,1272.4,1271.4,272202.5,214,2025-09-09 20:49:59
2025-09-09 20:50:00,1272.1,1272.1,1272.3,1272.0,138660.5,109,2025-09-09 20:59:59
2025-09-09 21:00:00,1272.1,1272.5,1272.7,1271.5,450362.1,354,2025-09-09 21:09:59
2025-09-09 21:10:00,1272.6,1272.6,1273.4,1271.3,486208.0999999999,382,2025-09-09 21:19:59
2025-09-09 21:20:00,1272.0,1273.1,1273.4,1271.8,184567.60000000003,145,2025-09-09 21:29:59
2025-09-09 21:30:00,1273.1,1273.1,1273.4,1272.8,565242.2000000001,444,2025-09-09 21:39:59
2025-09-09 21:40:00,1273.2,1272.9,1273.2,1272.3,14002.4,11,2025-09-09 21:49:59
2025-09-09 21:50:00,1273.0,1272.9,1273.3,1271.3,277395.4,218,2025-09-09 21:59:59
2025-09-09 22:00:00,1273.0,1273.4,1273.4,1272.9,347614.8,273,2025-09-09 22:09:59
2025-09-09 22:10:00,1272.9,1272.5,1273.4,1272.4,229139.5,180,2025-09-09 22:19:59
2025-09-09 22:20:00,1273.0,1273.1,1273.3,1272.1,44545.0,35,2025-09-09 22:29:59
2025-09-09 22:30:00,1273.2,1273.3,1273.3,1273.1,14005.3,11,2025-09-09 22:39:59
2025-09-09 22:40:00,1273.4,1272.8,1273.4,1272.8,110740.5,87,2025-09-09 22:49:59
2025-09-09 22:50:00,1272.6,1270.9,1272.8,1270.9,99175.6,78,2025-09-09 22:59:09
2025-09-09 23:00:00,1271.0,1271.0,1271.0,1270.9,129641.9,102,2025-09-09 23:09:59
2025-09-09 23:10:00,1271.0,1270.7,1271.0,1270.2,121971.49999999999,96,2025-09-09 23:19:59
2025-09-09 23:20:00,1270.7,1270.8,1270.8,1270.3,82591.4,65,2025-09-09 23:29:59
2025-09-09 23:30:00,1270.9,1271.9,1271.9,1270.5,353321.7,278,2025-09-09 23:39:59
2025-09-09 23:40:00,1271.9,1270.7,1272.0,1270.6,100399.8,79,2025-09-09 23:49:59
2025-09-10 06:50:00,1270.7,1270.7,1270.7,1270.7,1270.7,1,2025-09-10 06:59:59
2025-09-10 07:00:00,1273.2,1270.1,1273.2,1270.1,204737.59999999995,161,2025-09-10 07:09:59
2025-09-10 07:10:00,1270.0,1272.3,1273.0,1268.9,576052.0000000001,453,2025-09-10 07:19:59
2025-09-10 07:20:00,1272.0,1271.8,1272.4,1271.3,352374.99999999994,277,2025-09-10 07:29:59
2025-09-10 07:30:00,1271.8,1271.8,1272.2,1271.0,268309.5,211,2025-09-10 07:39:59
2025-09-10 07:40:00,1271.3,1268.9,1271.3,1267.8,756633.4000000001,596,2025-09-10 07:49:59
2025-09-10 07:50:00,1268.9,1270.2,1271.1,1268.5,835943.4000000001,658,2025-09-10 07:59:59
2025-09-10 08:00:00,1270.1,1269.2,1270.1,1268.5,86316.7,68,2025-09-10 08:09:59
2025-09-10 08:10:00,1269.9,1268.9,1270.0,1268.4,106644.8,84,2025-09-10 08:19:59
2025-09-10 08:20:00,1269.0,1266.2,1269.0,1265.1,1885984.4,1489,2025-09-10 08:29:59
2025-09-10 08:30:00,1266.6,1268.0,1268.0,1266.3,91202.3,72,2025-09-10 08:39:59
2025-09-10 08:40:00,1267.3,1269.0,1269.3,1267.3,158478.0,125,2025-09-10 08:49:59
2025-09-10 08:50:00,1268.6,1268.6,1269.2,1267.8,138248.2,109,2025-09-10 08:59:59
2025-09-10 09:00:00,1268.6,1269.4,1270.0,1268.2,244982.4,193,2025-09-10 09:09:59
2025-09-10 09:10:00,1269.1,1265.3,1269.1,1265.2,940826.8999999999,743,2025-09-10 09:19:59
2025-09-10 09:20:00,1265.3,1260.0,1267.3,1256.4,6641654.599999999,5269,2025-09-10 09:29:59
2025-09-10 09:30:00,1260.0,1259.6,1260.2,1258.4,1012672.8999999998,804,2025-09-10 09:39:59
2025-09-10 09:40:00,1259.1,1260.9,1261.1,1259.0,646490.2,513,2025-09-10 09:49:59
2025-09-10 09:50:00,1260.9,1260.8,1262.2,1260.8,276197.5,219,2025-09-10 09:59:59
2025-09-10 10:00:00,1260.8,1265.1,1265.1,1259.5,1183463.1,938,2025-09-10 10:09:59
2025-09-10 10:10:00,1265.0,1266.4,1266.8,1265.0,492402.7,389,2025-09-10 10:19:59
2025-09-10 10:20:00,1266.3,1266.5,1267.2,1265.6,485049.1,383,2025-09-10 10:29:59
2025-09-10 10:30:00,1266.6,1267.2,1267.5,1265.4,680270.8,537,2025-09-10 10:39:59
2025-09-10 10:40:00,1267.8,1274.5,1275.2,1267.8,3609816.4,2836,2025-09-10 10:49:59
2025-09-10 10:50:00,1274.0,1274.0,1275.0,1273.4,3786957.7,2973,2025-09-10 10:59:59
2025-09-10 11:00:00,1274.0,1275.9,1275.9,1273.5,864392.1000000001,678,2025-09-10 11:09:59
2025-09-10 11:10:00,1275.8,1275.1,1277.3,1275.0,791252.2,620,2025-09-10 11:19:59
2025-09-10 11:20:00,1275.2,1275.7,1277.1,1275.0,223268.70000000004,175,2025-09-10 11:29:59
2025-09-10 11:30:00,1275.8,1274.3,1276.5,1274.3,364665.5,286,2025-09-10 11:39:59
2025-09-10 11:40:00,1274.3,1273.9,1275.0,1273.6,763083.7999999999,599,2025-09-10 11:49:59
2025-09-10 11:50:00,1273.9,1274.0,1274.0,1273.6,294232.8,231,2025-09-10 11:59:59
2025-09-10 12:00:00,1274.0,1275.5,1275.5,1273.7,402741.10000000003,316,2025-09-10 12:09:59
2025-09-10 12:10:00,1275.4,1275.5,1276.2,1275.0,499989.89999999997,392,2025-09-10 12:19:59
2025-09-10 12:20:00,1275.2,1274.2,1275.5,1273.6,1206789.4,947,2025-09-10 12:29:59
2025-09-10 12:30:00,1274.2,1274.6,1274.6,1273.6,281548.0,221,2025-09-10 12:39:59
2025-09-10 12:40:00,1274.4,1274.6,1274.9,1273.6,588705.4000000001,462,2025-09-10 12:49:59
2025-09-10 12:50:00,1274.5,1274.4,1274.9,1273.6,237013.5,186,2025-09-10 12:59:59
2025-09-10 13:00:00,1274.0,1273.7,1274.8,1273.6,229335.0,180,2025-09-10 13:09:59
2025-09-10 13:10:00,1273.7,1274.0,1274.4,1273.6,266261.2,209,2025-09-10 13:19:59
2025-09-10 13:20:00,1274.2,1274.6,1274.8,1273.7,561946.1,441,2025-09-10 13:29:59
2025-09-10 13:30:00,1274.3,1274.6,1274.7,1274.3,84118.20000000001,66,2025-09-10 13:39:59
2025-09-10 13:40:00,1274.6,1274.3,1274.7,1274.1,609198.9999999999,478,2025-09-10 13:49:59
2025-09-10 13:50:00,1274.3,1274.6,1274.6,1273.8,229353.2,180,2025-09-10 13:59:59
2025-09-10 14:00:00,1274.5,1273.7,1274.7,1273.3,400032.6000000001,314,2025-09-10 14:09:59
2025-09-10 14:10:00,1273.3,1274.9,1274.9,1273.3,1401346.0000000005,1100,2025-09-10 14:19:59
2025-09-10 14:20:00,1274.9,1275.5,1275.5,1274.8,1387618.0,1088,2025-09-10 14:29:59
2025-09-10 14:30:00,1275.4,1275.2,1275.5,1274.6,226978.4,178,2025-09-10 14:39:59
2025-09-10 14:40:00,1275.4,1275.5,1275.5,1274.8,218070.4,171,2025-09-10 14:49:59
2025-09-10 14:50:00,1275.1,1275.0,1275.5,1273.8,627170.8,492,2025-09-10 14:59:09
2025-09-10 15:00:00,1274.6,1273.8,1274.6,1273.5,894187.0,702,2025-09-10 15:09:59
2025-09-10 15:10:00,1273.8,1273.8,1273.9,1273.3,368085.0,289,2025-09-10 15:19:59
2025-09-10 15:20:00,1273.9,1274.0,1274.0,1273.5,298093.6,234,2025-09-10 15:29:59
2025-09-10 15:30:00,1274.0,1273.7,1274.0,1273.3,933712.7000000001,733,2025-09-10 15:39:59
2025-09-10 15:40:00,1273.8,1275.5,1275.5,1273.3,3989023.799999999,3130,2025-09-10 15:49:59
2025-09-10 15:50:00,1275.4,1275.4,1275.5,1275.4,478304.49999999994,375,2025-09-10 15:59:59
2025-09-10 16:00:00,1275.5,1275.5,1275.5,1275.4,179841.6,141,2025-09-10 16:09:59
2025-09-10 16:10:00,1275.4,1276.3,1276.3,1275.4,540885.2,424,2025-09-10 16:19:59
2025-09-10 16:20:00,1276.3,1277.8,1277.8,1276.2,1778255.9000000001,1392,2025-09-10 16:29:59
2025-09-10 16:30:00,1277.8,1278.0,1278.1,1277.8,410233.19999999995,321,2025-09-10 16:39:59
2025-09-10 16:40:00,1278.1,1278.1,1278.1,1278.0,140590.7,110,2025-09-10 16:49:59
2025-09-10 16:50:00,1278.0,1279.0,1279.0,1278.0,634212.3000000002,496,2025-09-10 16:59:59
2025-09-10 17:00:00,1279.0,1281.0,1281.0,1279.0,988156.2000000002,772,2025-09-10 17:09:59
2025-09-10 17:10:00,1280.9,1284.2,1287.0,1280.9,3521187.5999999996,2741,2025-09-10 17:19:59
2025-09-10 17:20:00,1283.4,1282.9,1289.7,1279.4,6971779.299999999,5426,2025-09-10 17:29:59
2025-09-10 17:30:00,1283.2,1284.0,1284.0,1278.9,2103207.5,1641,2025-09-10 17:39:59
2025-09-10 17:40:00,1284.0,1276.3,1284.3,1276.3,5603802.699999999,4383,2025-09-10 17:49:59
2025-09-10 17:50:00,1276.3,1275.8,1276.9,1271.5,8157464.399999997,6400,2025-09-10 17:59:59
2025-09-10 18:00:00,1276.3,1283.3,1286.0,1275.6,7519334.3,5869,2025-09-10 18:09:59
2025-09-10 18:10:00,1283.6,1280.0,1290.0,1278.6,8149174.899999999,6342,2025-09-10 18:19:59
2025-09-10 18:20:00,1280.3,1281.2,1282.9,1279.6,5227749.0,4080,2025-09-10 18:29:59
2025-09-10 18:30:00,1282.5,1280.7,1284.5,1280.0,4563925.7,3559,2025-09-10 18:39:59
2025-09-10 18:40:00,1280.1,1280.1,1280.1,1280.1,8960.699999999999,7,2025-09-10 18:49:08
2025-09-10 19:00:00,1280.1,1280.2,1282.2,1280.1,144694.2,113,2025-09-10 19:09:59
2025-09-10 19:10:00,1280.1,1275.9,1280.6,1275.1,1223395.2999999998,957,2025-09-10 19:19:59
2025-09-10 19:20:00,1275.8,1276.2,1276.4,1275.7,275588.10000000003,216,2025-09-10 19:29:59
2025-09-10 19:30:00,1276.2,1274.6,1276.2,1273.4,423151.20000000007,332,2025-09-10 19:39:59
2025-09-10 19:40:00,1274.0,1274.2,1274.7,1272.9,603658.2999999999,474,2025-09-10 19:49:59
2025-09-10 19:50:00,1274.3,1275.6,1276.0,1274.2,193834.69999999998,152,2025-09-10 19:59:59
2025-09-10 20:00:00,1275.5,1276.4,1276.4,1275.0,168389.9,132,2025-09-10 20:09:59
2025-09-10 20:10:00,1276.5,1276.8,1277.4,1274.2,464483.7,364,2025-09-10 20:19:59
2025-09-10 20:20:00,1276.8,1276.2,1277.2,1274.2,568907.2,446,2025-09-10 20:29:59
2025-09-10 20:30:00,1277.0,1276.9,1277.0,1275.8,123819.7,97,2025-09-10 20:39:59
2025-09-10 20:40:00,1276.9,1277.2,1277.2,1275.9,243931.8,191,2025-09-10 20:49:59
2025-09-10 20:50:00,1277.4,1277.3,1277.4,1277.2,103458.10000000002,81,2025-09-10 20:59:09
2025-09-10 21:00:00,1277.3,1277.6,1277.7,1275.0,731461.7,573,2025-09-10 21:09:59
2025-09-10 21:10:00,1277.6,1279.0,1279.0,1276.8,268395.1,210,2025-09-10 21:19:59
2025-09-10 21:20:00,1277.7,1275.6,1278.9,1275.6,1607452.5000000002,1259,2025-09-10 21:29:59
2025-09-10 21:30:00,1275.7,1273.7,1276.2,1271.4,702083.7999999999,551,2025-09-10 21:39:59
2025-09-10 21:40:00,1273.6,1273.9,1276.3,1272.0,495775.10000000003,389,2025-09-10 21:49:59
2025-09-10 21:50:00,1273.6,1272.8,1273.8,1271.0,691076.3,543,2025-09-10 21:59:59
2025-09-10 22:00:00,1272.8,1275.0,1275.0,1272.1,263670.4000000001,207,2025-09-10 22:09:59
2025-09-10 22:10:00,1275.0,1272.6,1275.2,1272.6,320834.0,252,2025-09-10 22:19:59
2025-09-10 22:20:00,1273.3,1272.9,1273.4,1270.7,371519.19999999995,292,2025-09-10 22:29:59
2025-09-10 22:30:00,1272.1,1270.0,1272.1,1267.9,1104391.4999999998,870,2025-09-10 22:39:59
2025-09-10 22:40:00,1270.2,1271.1,1271.5,1270.0,102928.2,81,2025-09-10 22:49:59
2025-09-10 22:50:00,1271.5,1274.3,1278.5,1271.0,1758445.1000000006,1381,2025-09-10 22:59:59
2025-09-10 23:00:00,1273.1,1274.2,1274.2,1272.6,75122.8,59,2025-09-10 23:09:59
2025-09-10 23:10:00,1274.1,1271.7,1274.3,1271.7,147634.0,116,2025-09-10 23:19:59
2025-09-10 23:20:00,1271.7,1270.8,1271.7,1270.8,162717.6,128,2025-09-10 23:29:59
2025-09-10 23:30:00,1270.8,1270.1,1270.8,1270.0,348044.7,274,2025-09-10 23:39:59
2025-09-10 23:40:00,1270.1,1273.0,1273.0,1270.0,334271.5,263,2025-09-10 23:49:14
2025-09-11 06:50:00,1273.0,1273.0,1273.0,1273.0,1273.0,1,2025-09-11 06:59:59
2025-09-11 07:00:00,1273.0,1274.1,1276.5,1270.8,333917.0,262,2025-09-11 07:09:59
2025-09-11 07:10:00,1274.4,1275.6,1277.1,1274.1,340798.5,267,2025-09-11 07:19:59
2025-09-11 07:20:00,1276.2,1277.4,1281.2,1274.2,898621.0,703,2025-09-11 07:29:59
2025-09-11 07:30:00,1277.5,1277.5,1277.5,1277.1,135392.7,106,2025-09-11 07:39:59
2025-09-11 07:40:00,1278.1,1279.0,1279.8,1277.9,240435.79999999996,188,2025-09-11 07:49:59
2025-09-11 07:50:00,1279.0,1277.7,1279.3,1277.7,286507.30000000005,224,2025-09-11 07:59:59
2025-09-11 08:00:00,1277.7,1278.0,1279.2,1277.6,383630.49999999994,300,2025-09-11 08:09:59
2025-09-11 08:10:00,1278.0,1277.6,1278.0,1277.6,10223.6,8,2025-09-11 08:19:59
2025-09-11 08:20:00,1277.6,1279.0,1279.0,1277.6,57513.0,45,2025-09-11 08:29:59
2025-09-11 08:30:00,1279.0,1278.9,1279.0,1278.9,104877.1,82,2025-09-11 08:39:59
2025-09-11 08:40:00,1278.9,1279.0,1279.0,1278.0,198173.30000000002,155,2025-09-11 08:49:59
2025-09-11 08:50:00,1278.9,1276.9,1279.0,1275.7,864625.0,677,2025-09-11 08:59:59
2025-09-11 09:00:00,1276.9,1277.1,1277.6,1276.0,329298.3,258,2025-09-11 09:09:59
2025-09-11 09:10:00,1277.0,1278.0,1279.0,1275.6,590356.7,462,2025-09-11 09:19:59
2025-09-11 09:20:00,1278.0,1278.8,1278.8,1277.8,63932.7,50,2025-09-11 09:29:59
2025-09-11 09:30:00,1278.7,1277.7,1278.8,1277.7,52401.299999999996,41,2025-09-11 09:39:59
2025-09-11 09:40:00,1278.0,1278.2,1278.7,1277.7,447335.70000000007,350,2025-09-11 09:49:59
2025-09-11 09:50:00,1277.7,1278.6,1278.6,1277.7,325947.69999999995,255,2025-09-11 09:59:59
2025-09-11 10:00:00,1278.8,1277.3,1278.8,1277.3,246627.1,193,2025-09-11 10:09:59
2025-09-11 10:10:00,1276.5,1273.3,1276.5,1270.3,1896787.7999999998,1490,2025-09-11 10:19:59
2025-09-11 10:20:00,1273.5,1271.3,1273.5,1270.6,352438.4,277,2025-09-11 10:29:59
2025-09-11 10:30:00,1271.3,1270.1,1274.2,1270.1,1128947.4,888,2025-09-11 10:39:59
2025-09-11 10:40:00,1270.8,1267.1,1270.8,1266.5,1566386.7000000002,1235,2025-09-11 10:49:59
2025-09-11 10:50:00,1267.1,1266.0,1267.2,1265.6,1310913.6,1035,2025-09-11 10:59:59
2025-09-11 11:00:00,1265.8,1266.3,1266.8,1265.5,817886.0,646,2025-09-11 11:09:59
2025-09-11 11:10:00,1266.2,1268.6,1268.9,1265.8,1901436.8000000003,1500,2025-09-11 11:19:59
2025-09-11 11:20:00,1268.7,1267.4,1273.5,1265.0,5017692.0,3958,2025-09-11 11:29:59
2025-09-11 11:30:00,1267.7,1268.7,1268.7,1266.5,775992.1000000001,612,2025-09-11 11:39:59
2025-09-11 11:40:00,1268.7,1269.0,1271.6,1266.4,1218622.1,960,2025-09-11 11:49:59
2025-09-11 11:50:00,1269.0,1269.0,1269.0,1265.0,1443649.0999999996,1140,2025-09-11 11:59:59
2025-09-11 12:00:00,1269.0,1269.4,1269.4,1268.0,379354.30000000005,299,2025-09-11 12:09:59
2025-09-11 12:10:00,1269.5,1269.1,1269.6,1269.0,222101.3,175,2025-09-11 12:19:59
2025-09-11 12:20:00,1269.1,1271.6,1271.6,1269.0,642827.7,506,2025-09-11 12:29:59
2025-09-11 12:30:00,1272.1,1269.8,1272.5,1269.7,295012.19999999995,232,2025-09-11 12:39:59
2025-09-11 12:40:00,1269.7,1269.5,1270.2,1268.0,369288.0,291,2025-09-11 12:49:59
2025-09-11 12:50:00,1269.7,1264.0,1269.9,1262.2,3641963.5000000005,2879,2025-09-11 12:59:59
2025-09-11 13:00:00,1263.8,1255.2,1263.9,1250.4,10464243.500000004,8326,2025-09-11 13:09:59
2025-09-11 13:10:00,1255.3,1256.4,1257.0,1252.5,3924539.9,3126,2025-09-11 13:19:59
2025-09-11 13:20:00,1256.4,1256.5,1256.9,1256.0,462350.39999999997,368,2025-09-11 13:29:59
2025-09-11 13:30:00,1256.6,1257.0,1257.0,1256.1,628386.3999999999,500,2025-09-11 13:39:59
2025-09-11 13:40:00,1257.0,1257.0,1257.0,1256.6,619693.0,493,2025-09-11 13:49:59
2025-09-11 13:50:00,1257.0,1257.0,1257.0,1256.5,568078.7000000001,452,2025-09-11 13:59:59
2025-09-11 14:00:00,1257.0,1257.0,1257.0,1256.6,1197871.4000000001,953,2025-09-11 14:09:59
2025-09-11 14:10:00,1257.0,1260.1,1261.8,1256.9,2472523.5,1964,2025-09-11 14:19:59
2025-09-11 14:20:00,1259.5,1260.7,1261.2,1259.2,330253.50000000006,262,2025-09-11 14:29:59
2025-09-11 14:30:00,1261.1,1262.3,1262.3,1260.6,446616.49999999994,354,2025-09-11 14:39:59
2025-09-11 14:40:00,1262.3,1261.3,1264.1,1260.3,1062803.8,842,2025-09-11 14:49:59
2025-09-11 14:50:00,1261.3,1258.7,1262.5,1258.6,714663.1000000001,567,2025-09-11 14:59:59
2025-09-11 15:00:00,1260.2,1261.1,1261.1,1259.5,292337.89999999997,232,2025-09-11 15:09:59
2025-09-11 15:10:00,1261.1,1261.4,1261.9,1261.0,190488.6,151,2025-09-11 15:19:59
2025-09-11 15:20:00,1261.4,1261.3,1261.5,1261.2,225771.79999999996,179,2025-09-11 15:29:59
2025-09-11 15:30:00,1261.2,1260.9,1261.3,1259.6,799063.4000000001,634,2025-09-11 15:39:59
2025-09-11 15:40:00,1261.1,1261.3,1261.3,1260.4,393366.10000000003,312,2025-09-11 15:49:59
2025-09-11 15:50:00,1261.3,1262.6,1262.7,1260.4,203170.80000000002,161,2025-09-11 15:59:59
2025-09-11 16:00:00,1262.5,1262.5,1262.5,1261.1,127450.79999999999,101,2025-09-11 16:09:59
2025-09-11 16:10:00,1262.6,1263.9,1263.9,1262.4,485109.4,384,2025-09-11 16:19:59
2025-09-11 16:20:00,1263.6,1263.1,1263.7,1262.0,431896.10000000003,342,2025-09-11 16:29:59
2025-09-11 16:30:00,1263.0,1260.7,1264.6,1260.7,1820386.2999999998,1441,2025-09-11 16:39:59
2025-09-11 16:40:00,1260.8,1260.0,1261.7,1259.5,1485545.8,1179,2025-09-11 16:49:59
2025-09-11 16:50:00,1260.0,1258.3,1260.3,1257.7,3198811.2999999993,2540,2025-09-11 16:59:59
2025-09-11 17:00:00,1258.3,1259.5,1259.9,1257.1,466927.2000000002,371,2025-09-11 17:09:59
2025-09-11 17:10:00,1259.5,1261.1,1261.3,1259.5,874731.1000000002,694,2025-09-11 17:19:59
2025-09-11 17:20:00,1261.2,1261.3,1261.3,1260.0,597723.2999999999,474,2025-09-11 17:29:59
2025-09-11 17:30:00,1261.2,1259.0,1261.2,1257.8,1605627.8,1275,2025-09-11 17:39:59
2025-09-11 17:40:00,1259.0,1259.8,1259.8,1259.0,205278.1,163,2025-09-11 17:49:59
2025-09-11 17:50:00,1259.7,1259.1,1259.9,1257.9,665971.5,529,2025-09-11 17:59:59
2025-09-11 18:00:00,1259.1,1255.0,1259.1,1253.4,2735939.9999999995,2178,2025-09-11 18:09:59
2025-09-11 18:10:00,1255.0,1255.0,1255.0,1254.9,1078024.9,859,2025-09-11 18:19:59
2025-09-11 18:20:00,1255.0,1255.3,1257.7,1255.0,3759399.8,2995,2025-09-11 18:29:59
2025-09-11 18:30:00,1255.7,1254.1,1255.8,1254.1,1076825.9000000001,858,2025-09-11 18:39:59
2025-09-11 18:40:00,1256.0,1256.0,1256.0,1256.0,52752.0,42,2025-09-11 18:49:59
2025-09-11 19:00:00,1257.4,1257.9,1258.7,1256.2,415034.7,330,2025-09-11 19:09:59
2025-09-11 19:10:00,1257.9,1258.0,1258.8,1257.9,260482.19999999998,207,2025-09-11 19:19:59
2025-09-11 19:20:00,1257.9,1258.5,1258.7,1257.1,407731.60000000003,324,2025-09-11 19:29:59
2025-09-11 19:30:00,1258.7,1258.6,1258.8,1258.2,79279.1,63,2025-09-11 19:39:59
2025-09-11 19:40:00,1258.6,1258.7,1258.7,1258.2,46567.2,37,2025-09-11 19:49:59
2025-09-11 19:50:00,1258.7,1259.7,1259.7,1258.7,384033.4,305,2025-09-11 19:59:59
2025-09-11 20:00:00,1259.7,1260.0,1260.0,1259.3,268317.2,213,2025-09-11 20:09:59
2025-09-11 20:10:00,1259.9,1259.5,1259.9,1259.2,329940.6,262,2025-09-11 20:19:59
2025-09-11 20:20:00,1259.5,1259.3,1259.7,1259.3,75562.3,60,2025-09-11 20:29:59
2025-09-11 20:30:00,1259.3,1259.0,1259.8,1259.0,222888.8,177,2025-09-11 20:39:59
2025-09-11 20:40:00,1259.6,1259.7,1259.7,1258.8,105805.8,84,2025-09-11 20:49:59
2025-09-11 20:50:00,1259.1,1260.0,1260.0,1258.9,298571.7,237,2025-09-11 20:59:59
2025-09-11 21:00:00,1259.3,1259.2,1259.8,1258.6,211529.5,168,2025-09-11 21:09:59
2025-09-11 21:10:00,1259.2,1259.0,1259.3,1258.5,252992.9,201,2025-09-11 21:19:59
2025-09-11 21:20:00,1259.2,1259.7,1259.7,1259.2,22669.6,18,2025-09-11 21:29:59
2025-09-11 21:30:00,1259.0,1258.7,1259.7,1258.7,127153.5,101,2025-09-11 21:39:59
2025-09-11 21:40:00,1259.6,1259.7,1261.0,1259.6,253261.8,201,2025-09-11 21:49:59
2025-09-11 21:50:00,1259.7,1259.7,1259.7,1258.7,146089.9,116,2025-09-11 21:53:09
2025-09-11 22:00:00,1260.1,1260.4,1260.5,1259.4,105831.7,84,2025-09-11 22:09:59
2025-09-11 22:10:00,1259.5,1259.7,1261.6,1257.7,1165910.1999999997,926,2025-09-11 22:19:59
2025-09-11 22:20:00,1259.7,1260.4,1260.8,1259.0,103338.90000000001,82,2025-09-11 22:29:59
2025-09-11 22:30:00,1260.0,1260.9,1260.9,1260.0,71864.29999999999,57,2025-09-11 22:39:59
2025-09-11 22:40:00,1260.9,1260.0,1260.9,1259.3,91996.20000000001,73,2025-09-11 22:49:59
2025-09-11 22:50:00,1260.0,1260.0,1260.0,1258.8,105833.70000000001,84,2025-09-11 22:59:09
2025-09-11 23:00:00,1260.0,1259.8,1260.0,1259.8,56698.600000000006,45,2025-09-11 23:09:59
2025-09-11 23:10:00,1259.6,1258.7,1259.7,1258.2,560101.9,445,2025-09-11 23:19:59
2025-09-11 23:20:00,1258.7,1257.8,1258.9,1257.6,315735.3,251,2025-09-11 23:29:59
2025-09-11 23:30:00,1257.8,1258.3,1259.4,1257.6,1409111.2000000002,1120,2025-09-11 23:39:59
2025-09-11 23:40:00,1259.2,1258.5,1261.3,1257.6,898977.5,714,2025-09-11 23:49:59
2025-09-12 07:00:00,1258.5,1262.4,1265.4,1257.5,507653.49999999994,402,2025-09-12 07:09:59
2025-09-12 07:10:00,1263.0,1263.9,1265.0,1262.9,275549.5,218,2025-09-12 07:19:59
2025-09-12 07:20:00,1263.5,1265.6,1266.4,1263.5,432555.50000000006,342,2025-09-12 07:29:59
2025-09-12 07:30:00,1265.7,1266.0,1267.2,1264.7,194926.30000000002,154,2025-09-12 07:39:59
2025-09-12 07:40:00,1266.0,1265.3,1267.8,1265.1,318996.3,252,2025-09-12 07:49:59
2025-09-12 07:50:00,1265.1,1263.6,1265.1,1262.8,324941.10000000003,257,2025-09-12 07:59:06
2025-09-12 08:00:00,1264.6,1263.5,1264.7,1263.5,46781.100000000006,37,2025-09-12 08:09:59
2025-09-12 08:10:00,1262.9,1262.1,1263.9,1262.1,348422.7,276,2025-09-12 08:19:59
2025-09-12 08:20:00,1262.5,1264.5,1264.5,1262.1,154141.09999999998,122,2025-09-12 08:29:59
2025-09-12 08:30:00,1264.5,1264.2,1264.5,1264.1,58152.700000000004,46,2025-09-12 08:39:59
2025-09-12 08:40:00,1264.2,1264.1,1264.6,1263.7,69532.9,55,2025-09-12 08:49:59
2025-09-12 08:50:00,1263.7,1264.0,1264.2,1262.9,46762.2,37,2025-09-12 08:59:59
2025-09-12 09:00:00,1264.6,1263.8,1264.6,1262.0,186923.2,148,2025-09-12 09:09:59
2025-09-12 09:10:00,1263.8,1263.4,1263.8,1263.0,189519.50000000003,150,2025-09-12 09:19:59
2025-09-12 09:20:00,1263.1,1263.7,1263.7,1263.0,89693.20000000001,71,2025-09-12 09:29:59
2025-09-12 09:30:00,1263.7,1263.1,1264.7,1263.1,192155.60000000003,152,2025-09-12 09:39:59
2025-09-12 09:40:00,1264.0,1257.1,1264.0,1257.1,2609576.5999999996,2072,2025-09-12 09:49:59
2025-09-12 09:50:00,1257.4,1257.4,1257.4,1257.1,96814.4,77,2025-09-12 09:59:59
2025-09-12 10:00:00,1257.1,1247.4,1257.1,1246.9,3505829.799999999,2800,2025-09-12 10:09:59
2025-09-12 10:10:00,1247.3,1243.7,1248.6,1242.0,4000034.3000000007,3212,2025-09-12 10:19:59
2025-09-12 10:20:00,1243.7,1243.3,1244.4,1240.1,4586614.599999999,3693,2025-09-12 10:29:59
2025-09-12 10:30:00,1243.3,1245.0,1245.0,1243.3,2769301.1999999997,2225,2025-09-12 10:39:59
2025-09-12 10:40:00,1244.9,1245.0,1245.0,1244.9,678519.7000000001,545,2025-09-12 10:49:59
2025-09-12 10:50:00,1244.9,1245.0,1245.0,1244.9,2133880.6999999997,1714,2025-09-12 10:59:59
2025-09-12 11:00:00,1245.0,1247.3,1248.2,1244.9,6829776.9,5484,2025-09-12 11:09:59
2025-09-12 11:10:00,1247.2,1246.7,1247.9,1245.5,895088.7999999999,718,2025-09-12 11:19:59
2025-09-12 11:20:00,1246.2,1241.2,1247.6,1241.2,1761576.4,1415,2025-09-12 11:29:59
2025-09-12 11:30:00,1241.2,1243.4,1244.4,1241.1,690915.7,556,2025-09-12 11:39:59
2025-09-12 11:40:00,1244.1,1244.9,1245.0,1243.5,952275.1,765,2025-09-12 11:49:59
2025-09-12 11:50:00,1244.9,1244.8,1245.0,1244.6,169294.0,136,2025-09-12 11:59:59
2025-09-12 12:00:00,1244.6,1244.8,1245.0,1244.6,318695.4,256,2025-09-12 12:09:59
2025-09-12 12:10:00,1244.9,1244.0,1245.0,1243.4,1192212.2000000002,958,2025-09-12 12:19:59
2025-09-12 12:20:00,1243.8,1244.3,1244.3,1243.0,481209.9,387,2025-09-12 12:29:59
2025-09-12 12:30:00,1243.4,1243.5,1244.4,1243.1,533459.2,429,2025-09-12 12:39:59
2025-09-12 12:40:00,1243.5,1244.6,1244.7,1243.3,289872.70000000007,233,2025-09-12 12:49:59
2025-09-12 12:50:00,1244.8,1244.9,1245.0,1243.1,884805.7,711,2025-09-12 12:59:59
2025-09-12 13:00:00,1244.9,1244.9,1245.0,1244.9,1320941.3,1061,2025-09-12 13:09:59
2025-09-12 13:10:00,1245.0,1244.9,1245.0,1244.1,1427878.4,1147,2025-09-12 13:19:59
2025-09-12 13:20:00,1244.9,1245.6,1246.9,1244.9,961535.3,772,2025-09-12 13:29:59
2025-09-12 13:30:00,1246.0,1243.0,1246.0,1238.8,7212067.799999999,5809,2025-09-12 13:39:59
2025-09-12 13:40:00,1243.6,1242.7,1245.3,1240.8,3555151.4,2860,2025-09-12 13:49:59
2025-09-12 13:50:00,1242.8,1242.3,1243.4,1240.6,1348770.7,1086,2025-09-12 13:59:59
2025-09-12 14:00:00,1243.4,1246.1,1248.1,1242.5,2952173.4999999995,2371,2025-09-12 14:09:59
2025-09-12 14:10:00,1246.1,1248.3,1248.8,1244.8,1517764.7,1217,2025-09-12 14:19:59
2025-09-12 14:20:00,1248.2,1246.8,1248.6,1246.7,1813884.1999999997,1454,2025-09-12 14:29:59
2025-09-12 14:30:00,1246.8,1251.0,1254.9,1246.4,12715440.500000002,10164,2025-09-12 14:39:59
2025-09-12 14:40:00,1251.0,1251.6,1252.7,1249.1,1617752.1,1293,2025-09-12 14:49:59
2025-09-12 14:50:00,1251.9,1252.3,1254.0,1251.4,774496.2,618,2025-09-12 14:59:59
2025-09-12 15:00:00,1252.3,1252.0,1252.5,1251.0,275369.1,220,2025-09-12 15:09:59
2025-09-12 15:10:00,1252.0,1249.3,1252.0,1245.9,1827689.1000000006,1464,2025-09-12 15:19:59
2025-09-12 15:20:00,1248.3,1247.1,1249.6,1246.1,1398489.6,1121,2025-09-12 15:29:59
2025-09-12 15:30:00,1246.5,1241.9,1246.6,1241.1,2074864.9000000001,1669,2025-09-12 15:39:59
2025-09-12 15:40:00,1241.2,1240.7,1242.5,1240.1,4293799.8,3460,2025-09-12 15:49:59
2025-09-12 15:50:00,1241.8,1240.2,1241.8,1240.1,1815016.0,1463,2025-09-12 15:59:59
2025-09-12 16:00:00,1240.3,1240.1,1242.4,1240.1,4415859.9,3560,2025-09-12 16:09:59
2025-09-12 16:10:00,1240.5,1240.8,1240.9,1240.0,1211669.5999999999,977,2025-09-12 16:19:59
2025-09-12 16:20:00,1240.8,1242.3,1242.4,1240.6,1057899.5,852,2025-09-12 16:29:59
2025-09-12 16:30:00,1242.3,1240.8,1242.4,1240.2,1592292.2,1283,2025-09-12 16:39:59
2025-09-12 16:40:00,1240.9,1241.3,1242.9,1240.9,1125266.2,906,2025-09-12 16:49:59
2025-09-12 16:50:00,1241.2,1242.9,1243.7,1241.2,926913.9,746,2025-09-12 16:59:59
2025-09-12 17:00:00,1243.0,1243.8,1244.0,1243.0,517314.30000000005,416,2025-09-12 17:09:59
2025-09-12 17:10:00,1243.8,1243.8,1243.9,1241.3,1944838.1000000003,1565,2025-09-12 17:19:59
2025-09-12 17:20:00,1243.8,1245.6,1245.6,1243.2,656979.2999999999,528,2025-09-12 17:29:59
2025-09-12 17:30:00,1245.6,1246.2,1246.3,1245.5,323892.1,260,2025-09-12 17:39:59
2025-09-12 17:40:00,1245.6,1244.1,1245.6,1243.4,515230.5999999999,414,2025-09-12 17:49:59
2025-09-12 17:50:00,1244.4,1241.4,1244.8,1241.4,808923.2000000002,651,2025-09-12 17:59:59
2025-09-12 18:00:00,1241.4,1242.2,1243.3,1240.1,1786426.1,1439,2025-09-12 18:09:59
2025-09-12 18:10:00,1242.3,1242.6,1243.0,1241.3,514254.1,414,2025-09-12 18:19:59
2025-09-12 18:20:00,1242.6,1242.0,1243.1,1241.9,1595175.3,1284,2025-09-12 18:29:59
2025-09-12 18:30:00,1242.4,1242.2,1242.6,1242.0,763941.2999999999,615,2025-09-12 18:39:59
2025-09-12 18:40:00,1242.4,1242.4,1242.4,1242.4,24848.0,20,2025-09-12 18:49:59
2025-09-12 19:00:00,1242.2,1242.4,1243.9,1242.0,596610.7999999999,480,2025-09-12 19:09:59
2025-09-12 19:10:00,1242.3,1240.5,1242.7,1240.0,2164668.5999999996,1745,2025-09-12 19:19:59
2025-09-12 19:20:00,1240.5,1240.1,1240.7,1240.0,3214133.5,2592,2025-09-12 19:29:59
2025-09-12 19:30:00,1240.1,1240.1,1240.1,1240.0,302571.80000000005,244,2025-09-12 19:39:59
2025-09-12 19:40:00,1240.1,1240.4,1240.4,1240.0,264148.5,213,2025-09-12 19:49:59
2025-09-12 19:50:00,1240.4,1240.1,1240.5,1240.0,1023094.0000000001,825,2025-09-12 19:59:59
2025-09-12 20:00:00,1240.1,1240.9,1241.0,1240.0,683516.3000000002,551,2025-09-12 20:09:59
2025-09-12 20:10:00,1241.0,1242.0,1242.3,1240.9,670521.7999999999,540,2025-09-12 20:19:59
2025-09-12 20:20:00,1242.0,1242.3,1242.3,1241.1,391184.7,315,2025-09-12 20:29:59
2025-09-12 20:30:00,1242.2,1240.9,1242.3,1240.1,1225884.0999999999,988,2025-09-12 20:39:59
2025-09-12 20:40:00,1241.0,1241.4,1241.4,1240.6,357349.39999999997,288,2025-09-12 20:49:59
2025-09-12 20:50:00,1241.5,1240.8,1241.5,1240.6,270504.39999999997,218,2025-09-12 20:59:59
2025-09-12 21:00:00,1240.8,1241.3,1241.3,1240.1,800041.0,645,2025-09-12 21:09:59
2025-09-12 21:10:00,1241.3,1241.4,1241.5,1241.3,268127.8,216,2025-09-12 21:19:59
2025-09-12 21:20:00,1241.4,1241.1,1241.4,1241.0,337589.0,272,2025-09-12 21:29:59
2025-09-12 21:30:00,1241.0,1241.5,1242.0,1241.0,553702.2,446,2025-09-12 21:39:59
2025-09-12 21:40:00,1241.9,1242.2,1242.2,1241.6,183780.09999999998,148,2025-09-12 21:49:59
2025-09-12 21:50:00,1242.3,1242.5,1242.6,1241.8,237264.70000000004,191,2025-09-12 21:59:09
2025-09-12 22:00:00,1242.5,1242.7,1243.2,1242.5,205059.30000000002,165,2025-09-12 22:09:59
2025-09-12 22:10:00,1242.7,1243.7,1243.8,1242.7,169105.40000000002,136,2025-09-12 22:19:59
2025-09-12 22:20:00,1243.7,1242.9,1243.7,1242.3,437426.9,352,2025-09-12 22:29:59
2025-09-12 22:30:00,1242.9,1242.4,1242.9,1242.3,60892.0,49,2025-09-12 22:39:59
2025-09-12 22:40:00,1242.7,1242.8,1242.8,1242.4,28582.0,23,2025-09-12 22:49:59
2025-09-12 22:50:00,1242.4,1242.0,1242.4,1241.3,310417.9,250,2025-09-12 22:59:59
2025-09-12 23:00:00,1242.0,1241.4,1242.4,1241.4,94403.7,76,2025-09-12 23:09:59
2025-09-12 23:10:00,1242.0,1242.7,1242.7,1241.5,132894.10000000003,107,2025-09-12 23:19:59
2025-09-12 23:20:00,1242.7,1242.6,1242.9,1242.1,145401.6,117,2025-09-12 23:29:59
2025-09-12 23:30:00,1242.2,1241.4,1242.6,1240.7,465537.4,375,2025-09-12 23:39:59
2025-09-12 23:40:00,1240.8,1240.1,1241.5,1240.0,1572569.2999999998,1268,2025-09-12 23:49:59
2025-09-13 09:50:00,1245.1,1245.1,1245.1,1245.1,22411.800000000003,18,2025-09-13 09:59:59
2025-09-13 11:40:00,1246.9,1243.5,1246.9,1242.0,256263.49999999997,206,2025-09-13 11:49:59
2025-09-13 11:50:00,1243.5,1244.7,1244.8,1243.0,69678.9,56,2025-09-13 11:59:59
2025-09-13 12:00:00,1244.6,1244.8,1245.5,1244.1,331083.3,266,2025-09-13 12:09:59
2025-09-13 12:10:00,1244.7,1245.5,1245.5,1244.5,61015.1,49,2025-09-13 12:19:59
2025-09-13 12:20:00,1245.3,1247.0,1247.0,1245.2,389970.00000000006,313,2025-09-13 12:29:59
2025-09-13 12:30:00,1247.0,1250.4,1253.5,1245.9,2032884.2999999998,1627,2025-09-13 12:39:59
2025-09-13 12:40:00,1252.6,1246.5,1252.6,1244.2,962541.7,772,2025-09-13 12:49:59
2025-09-13 12:50:00,1246.7,1247.5,1247.9,1246.5,49898.399999999994,40,2025-09-13 12:59:59
2025-09-13 13:00:00,1247.6,1246.8,1247.6,1244.8,194350.7,156,2025-09-13 13:09:59
2025-09-13 13:10:00,1246.7,1245.3,1247.4,1244.8,63531.5,51,2025-09-13 13:19:59
2025-09-13 13:20:00,1245.5,1249.2,1249.2,1245.3,88606.39999999998,71,2025-09-13 13:29:59
2025-09-13 13:30:00,1248.1,1248.4,1248.6,1246.6,121054.5,97,2025-09-13 13:39:59
2025-09-13 13:40:00,1248.5,1248.6,1249.7,1245.6,482687.5,387,2025-09-13 13:49:59
2025-09-13 13:50:00,1249.2,1248.9,1249.7,1245.3,290959.10000000003,233,2025-09-13 13:59:59
2025-09-13 14:00:00,1248.9,1249.8,1250.0,1247.5,382317.9,306,2025-09-13 14:09:59
2025-09-13 14:10:00,1249.8,1247.7,1250.0,1245.7,61150.49999999999,49,2025-09-13 14:19:59
2025-09-13 14:20:00,1249.5,1249.6,1249.8,1248.2,41229.1,33,2025-09-13 14:29:59
2025-09-13 14:30:00,1249.7,1248.9,1249.9,1247.7,86176.69999999998,69,2025-09-13 14:39:59
2025-09-13 14:40:00,1248.8,1248.9,1248.9,1247.5,159808.1,128,2025-09-13 14:49:59
2025-09-13 14:50:00,1248.8,1248.8,1248.8,1247.8,61157.399999999994,49,2025-09-13 14:59:59
2025-09-13 15:00:00,1248.7,1249.5,1249.6,1247.8,158620.5,127,2025-09-13 15:09:59
2025-09-13 15:10:00,1249.5,1249.6,1249.6,1248.4,24982.9,20,2025-09-13 15:19:59
2025-09-13 15:20:00,1249.6,1249.6,1249.7,1247.9,118672.40000000001,95,2025-09-13 15:29:59
2025-09-13 15:30:00,1248.8,1249.6,1249.6,1248.5,93696.5,75,2025-09-13 15:39:59
2025-09-13 15:40:00,1249.1,1249.8,1249.8,1249.0,87477.29999999999,70,2025-09-13 15:49:59
2025-09-13 15:50:00,1249.8,1249.8,1249.8,1249.5,29993.1,24,2025-09-13 15:59:02
2025-09-13 16:00:00,1249.8,1249.8,1249.8,1249.4,32490.499999999996,26,2025-09-13 16:09:59
2025-09-13 16:10:00,1249.4,1249.8,1249.8,1248.8,29987.299999999996,24,2025-09-13 16:19:59
2025-09-13 16:20:00,1249.8,1242.6,1250.0,1242.3,1476351.9,1184,2025-09-13 16:29:59
2025-09-13 16:30:00,1245.9,1246.0,1247.4,1245.9,71039.7,57,2025-09-13 16:39:59
2025-09-13 16:40:00,1246.3,1245.6,1246.9,1245.0,196882.8,158,2025-09-13 16:49:59
2025-09-13 16:50:00,1246.9,1244.4,1247.0,1244.4,99629.40000000001,80,2025-09-13 16:59:59
2025-09-13 17:00:00,1246.3,1246.6,1247.0,1245.2,218113.59999999998,175,2025-09-13 17:09:59
2025-09-13 17:10:00,1247.0,1246.6,1247.0,1246.6,19948.4,16,2025-09-13 17:19:59
2025-09-13 17:20:00,1247.0,1247.1,1247.1,1246.7,105992.9,85,2025-09-13 17:29:59
2025-09-13 17:30:00,1248.0,1246.8,1248.4,1246.8,41171.7,33,2025-09-13 17:39:59
2025-09-13 17:40:00,1247.7,1248.5,1248.5,1247.7,66144.2,53,2025-09-13 17:49:59
2025-09-13 17:50:00,1248.3,1247.5,1248.7,1247.5,52437.09999999999,42,2025-09-13 17:59:59
2025-09-13 18:00:00,1247.6,1248.9,1248.9,1247.6,78665.0,63,2025-09-13 18:09:59
2025-09-13 18:10:00,1248.1,1249.0,1249.0,1247.9,168603.4,135,2025-09-13 18:19:59
2025-09-13 18:20:00,1249.0,1249.0,1249.0,1248.2,46209.5,37,2025-09-13 18:29:59
2025-09-13 18:30:00,1248.9,1249.0,1249.0,1248.9,89926.1,72,2025-09-13 18:39:59
2025-09-13 18:40:00,1249.0,1249.0,1249.0,1248.3,224809.69999999998,180,2025-09-13 18:49:59
2025-09-13 18:50:00,1249.0,1249.0,1249.0,1247.8,398231.4,319,2025-09-13 18:59:06
2025-09-14 09:50:00,1250.0,1250.0,1250.0,1250.0,1250.0,1,2025-09-14 09:59:59
2025-09-14 10:00:00,1250.0,1249.7,1253.5,1249.0,293814.10000000003,235,2025-09-14 10:09:59
2025-09-14 10:10:00,1249.8,1248.8,1249.8,1247.4,242267.49999999997,194,2025-09-14 10:19:59
2025-09-14 10:20:00,1248.8,1249.1,1252.6,1248.8,799574.2000000001,640,2025-09-14 10:29:59
2025-09-14 10:30:00,1250.9,1252.9,1253.0,1249.0,250392.80000000002,200,2025-09-14 10:39:59
2025-09-14 10:40:00,1252.9,1251.2,1252.9,1251.0,40037.600000000006,32,2025-09-14 10:49:59
2025-09-14 10:50:00,1252.7,1251.5,1252.7,1251.3,87646.69999999998,70,2025-09-14 10:59:59
2025-09-14 11:00:00,1251.5,1252.4,1252.4,1251.4,116398.4,93,2025-09-14 11:09:59
2025-09-14 11:10:00,1252.4,1250.8,1252.4,1250.8,88848.00000000001,71,2025-09-14 11:19:59
2025-09-14 11:20:00,1251.9,1251.1,1252.2,1250.8,41303.1,33,2025-09-14 11:29:59
2025-09-14 11:30:00,1251.1,1251.8,1251.8,1250.7,111334.10000000002,89,2025-09-14 11:39:59
2025-09-14 11:40:00,1251.8,1250.8,1252.0,1250.8,48801.7,39,2025-09-14 11:49:59
2025-09-14 11:50:00,1250.9,1251.2,1251.6,1250.8,32524.3,26,2025-09-14 11:59:01
2025-09-14 12:00:00,1251.6,1251.4,1251.9,1250.7,136395.00000000003,109,2025-09-14 12:09:59
2025-09-14 12:10:00,1250.8,1250.8,1251.4,1250.8,12508.699999999999,10,2025-09-14 12:19:59
2025-09-14 12:20:00,1250.8,1250.8,1251.4,1250.8,52536.600000000006,42,2025-09-14 12:29:59
2025-09-14 12:30:00,1251.4,1251.2,1251.4,1250.8,47550.2,38,2025-09-14 12:39:59
2025-09-14 12:40:00,1250.8,1250.9,1251.3,1250.7,81308.7,65,2025-09-14 12:49:59
2025-09-14 12:50:00,1250.8,1250.9,1250.9,1250.7,30018.100000000002,24,2025-09-14 12:58:01
2025-09-14 13:00:00,1251.2,1251.4,1251.4,1250.8,33784.799999999996,27,2025-09-14 13:09:59
2025-09-14 13:10:00,1251.3,1251.3,1251.4,1251.3,11262.099999999999,9,2025-09-14 13:19:59
2025-09-14 13:20:00,1251.4,1251.5,1251.5,1251.3,138913.3,111,2025-09-14 13:29:59
2025-09-14 13:30:00,1251.0,1251.5,1251.5,1251.0,27529.2,22,2025-09-14 13:39:59
2025-09-14 13:40:00,1251.5,1251.5,1251.5,1251.0,93860.7,75,2025-09-14 13:49:59
2025-09-14 13:50:00,1251.1,1252.5,1252.5,1251.1,21282.6,17,2025-09-14 13:59:06
2025-09-14 14:00:00,1252.5,1252.3,1252.7,1252.3,37572.600000000006,30,2025-09-14 14:09:59
2025-09-14 14:10:00,1252.4,1253.0,1253.0,1252.4,180410.7,144,2025-09-14 14:19:59
2025-09-14 14:20:00,1252.3,1252.9,1252.9,1252.3,17535.2,14,2025-09-14 14:29:59
2025-09-14 14:30:00,1253.0,1253.1,1253.1,1253.0,32578.4,26,2025-09-14 14:39:59
2025-09-14 14:40:00,1253.1,1253.1,1253.1,1253.0,165409.0,132,2025-09-14 14:49:59
2025-09-14 14:50:00,1253.1,1252.5,1253.2,1252.4,248033.09999999998,198,2025-09-14 14:59:01
2025-09-14 15:00:00,1252.4,1252.4,1252.5,1252.4,140279.69999999998,112,2025-09-14 15:09:59
2025-09-14 15:10:00,1252.5,1252.6,1253.4,1252.5,1719694.4999999998,1373,2025-09-14 15:19:59
2025-09-14 15:20:00,1253.3,1253.4,1253.4,1252.7,17545.4,14,2025-09-14 15:29:59
2025-09-14 15:30:00,1253.4,1252.6,1253.5,1252.6,11276.2,9,2025-09-14 15:39:59
2025-09-14 15:40:00,1253.2,1253.5,1253.5,1253.2,63921.5,51,2025-09-14 15:49:59
2025-09-14 15:50:00,1253.5,1253.5,1253.5,1253.1,28829.3,23,2025-09-14 15:59:59
2025-09-14 16:00:00,1253.5,1253.7,1253.7,1252.5,199234.6,159,2025-09-14 16:09:59
2025-09-14 16:10:00,1253.7,1256.7,1257.0,1253.7,457043.4,364,2025-09-14 16:19:59
2025-09-14 16:20:00,1256.6,1256.9,1256.9,1252.9,440736.4,351,2025-09-14 16:29:59
2025-09-14 16:30:00,1256.4,1254.0,1256.7,1254.0,45187.5,36,2025-09-14 16:39:59
2025-09-14 16:40:00,1254.7,1254.8,1256.7,1254.7,11301.400000000001,9,2025-09-14 16:49:59
2025-09-14 16:50:00,1256.2,1254.0,1256.2,1254.0,38894.2,31,2025-09-14 16:59:59
2025-09-14 17:00:00,1254.5,1256.1,1256.1,1254.5,48941.799999999996,39,2025-09-14 17:09:59
2025-09-14 17:10:00,1256.2,1255.1,1256.6,1255.1,40192.899999999994,32,2025-09-14 17:19:59
2025-09-14 17:20:00,1256.4,1256.0,1256.8,1256.0,50262.9,40,2025-09-14 17:29:59
2025-09-14 17:30:00,1255.2,1256.5,1256.9,1255.1,36432.4,29,2025-09-14 17:39:59
2025-09-14 17:40:00,1256.5,1256.0,1256.9,1255.3,77908.20000000001,62,2025-09-14 17:49:59
2025-09-14 17:50:00,1256.8,1257.0,1257.0,1255.4,149561.4,119,2025-09-14 17:59:59
2025-09-14 18:00:00,1256.9,1256.1,1256.9,1255.5,25123.0,20,2025-09-14 18:09:59
2025-09-14 18:10:00,1256.1,1256.9,1256.9,1256.0,72853.2,58,2025-09-14 18:19:59
2025-09-14 18:20:00,1256.9,1258.3,1258.3,1256.0,143295.1,114,2025-09-14 18:29:59
2025-09-14 18:30:00,1258.0,1257.1,1258.9,1257.1,90630.1,72,2025-09-14 18:39:59
2025-09-14 18:40:00,1258.8,1257.1,1259.0,1257.1,213954.40000000002,170,2025-09-14 18:49:59
2025-09-14 18:50:00,1258.9,1257.1,1258.9,1257.1,120701.79999999999,96,2025-09-14 18:59:59
2025-09-15 06:50:00,1259.9,1259.9,1259.9,1259.9,28977.7,23,2025-09-15 06:59:59
2025-09-15 07:00:00,1261.7,1256.6,1263.6,1256.1,692404.0999999999,550,2025-09-15 07:09:59
2025-09-15 07:10:00,1257.4,1255.5,1257.5,1255.2,297666.1,237,2025-09-15 07:19:59
2025-09-15 07:20:00,1255.5,1255.2,1255.5,1253.2,26354.5,21,2025-09-15 07:29:59
2025-09-15 07:30:00,1255.2,1254.7,1256.2,1254.3,218342.4,174,2025-09-15 07:39:59
2025-09-15 07:40:00,1254.7,1256.3,1256.3,1252.1,332597.69999999995,265,2025-09-15 07:49:59
2025-09-15 07:50:00,1257.3,1258.2,1258.2,1256.3,273900.8,218,2025-09-15 07:59:59
2025-09-15 08:00:00,1258.0,1258.2,1258.5,1256.4,125757.2,100,2025-09-15 08:09:59
2025-09-15 08:10:00,1258.2,1258.7,1260.0,1258.2,207754.0,165,2025-09-15 08:19:59
2025-09-15 08:20:00,1259.1,1255.3,1259.9,1251.5,1035658.9000000001,825,2025-09-15 08:29:59
2025-09-15 08:30:00,1255.3,1255.1,1256.0,1254.7,52732.8,42,2025-09-15 08:39:59
2025-09-15 08:40:00,1256.2,1254.2,1256.2,1253.6,136731.30000000002,109,2025-09-15 08:49:59
2025-09-15 08:50:00,1255.3,1254.2,1255.3,1251.9,438601.4,350,2025-09-15 08:58:01
2025-09-15 09:00:00,1254.1,1248.3,1254.1,1248.3,1139118.7000000002,911,2025-09-15 09:09:59
2025-09-15 09:10:00,1248.3,1243.6,1249.2,1242.5,2146335.9999999995,1724,2025-09-15 09:19:59
2025-09-15 09:20:00,1243.6,1245.0,1245.0,1243.6,339736.10000000003,273,2025-09-15 09:29:59
2025-09-15 09:30:00,1245.0,1245.5,1247.1,1244.4,117112.6,94,2025-09-15 09:39:59
2025-09-15 09:40:00,1246.0,1243.9,1246.0,1243.2,388134.9000000001,312,2025-09-15 09:49:59
2025-09-15 09:50:00,1243.2,1245.8,1245.9,1242.6,1593798.4,1281,2025-09-15 09:59:59
2025-09-15 10:00:00,1245.7,1248.3,1249.2,1244.9,1979164.2,1587,2025-09-15 10:09:59
2025-09-15 10:10:00,1247.6,1249.1,1250.0,1247.6,225997.4,181,2025-09-15 10:19:59
2025-09-15 10:20:00,1249.1,1243.2,1250.0,1243.0,5371686.300000001,4317,2025-09-15 10:29:59
2025-09-15 10:30:00,1243.2,1245.2,1245.4,1243.0,1128078.7,907,2025-09-15 10:39:59
2025-09-15 10:40:00,1245.3,1244.0,1245.5,1243.5,554035.5,445,2025-09-15 10:49:59
2025-09-15 10:50:00,1243.5,1243.4,1244.8,1243.3,269896.7,217,2025-09-15 10:59:59
2025-09-15 11:00:00,1243.9,1243.6,1243.9,1243.0,354345.80000000005,285,2025-09-15 11:09:59
2025-09-15 11:10:00,1243.6,1235.6,1244.6,1235.0,4541884.800000003,3668,2025-09-15 11:19:59
2025-09-15 11:20:00,1236.2,1229.5,1236.8,1228.4,7075825.3,5742,2025-09-15 11:29:59
2025-09-15 11:30:00,1229.7,1236.1,1237.2,1229.5,4187237.5,3396,2025-09-15 11:39:59
2025-09-15 11:40:00,1236.1,1233.5,1237.8,1230.8,2145501.9000000004,1738,2025-09-15 11:49:59
2025-09-15 11:50:00,1233.0,1234.7,1235.9,1233.0,535800.1,434,2025-09-15 11:59:59
2025-09-15 12:00:00,1234.7,1233.1,1235.9,1233.0,1076208.2999999998,872,2025-09-15 12:09:59
2025-09-15 12:10:00,1233.7,1236.1,1236.1,1233.7,504934.80000000005,409,2025-09-15 12:19:59
2025-09-15 12:20:00,1235.5,1238.2,1239.3,1235.5,959027.7000000001,775,2025-09-15 12:29:59
2025-09-15 12:30:00,1238.2,1238.1,1238.5,1236.2,517331.7,418,2025-09-15 12:39:59
2025-09-15 12:40:00,1238.0,1238.1,1238.2,1236.9,1598206.1,1291,2025-09-15 12:49:59
2025-09-15 12:50:00,1238.0,1239.5,1240.3,1238.0,1106023.4000000001,893,2025-09-15 12:59:59
2025-09-15 13:00:00,1239.6,1238.9,1239.6,1236.0,1506922.5999999996,1218,2025-09-15 13:09:59
2025-09-15 13:10:00,1238.9,1240.5,1244.0,1237.1,4457059.5,3594,2025-09-15 13:19:59
2025-09-15 13:20:00,1240.5,1240.4,1241.4,1239.7,401985.79999999993,324,2025-09-15 13:29:59
2025-09-15 13:30:00,1240.7,1240.6,1240.7,1240.1,458932.30000000005,370,2025-09-15 13:39:59
2025-09-15 13:40:00,1240.6,1241.8,1243.0,1240.5,1794945.1,1445,2025-09-15 13:49:59
2025-09-15 13:50:00,1241.8,1241.7,1242.8,1240.9,612301.4999999999,493,2025-09-15 13:59:59
2025-09-15 14:00:00,1242.6,1241.6,1242.6,1241.0,597137.9000000001,481,2025-09-15 14:09:59
2025-09-15 14:10:00,1241.6,1243.4,1243.4,1241.5,565050.9,455,2025-09-15 14:19:59
2025-09-15 14:20:00,1243.4,1239.6,1245.2,1238.8,5482209.0,4413,2025-09-15 14:29:59
2025-09-15 14:30:00,1239.4,1238.9,1239.4,1238.0,375293.0,303,2025-09-15 14:39:59
2025-09-15 14:40:00,1238.9,1238.4,1240.2,1238.4,1081867.8,873,2025-09-15 14:49:59
2025-09-15 14:50:00,1239.0,1237.8,1239.0,1237.2,900085.5,727,2025-09-15 14:59:59
2025-09-15 15:00:00,1237.3,1240.9,1241.0,1237.3,1013036.5,818,2025-09-15 15:09:59
2025-09-15 15:10:00,1240.9,1240.0,1240.9,1240.0,209586.2,169,2025-09-15 15:19:59
2025-09-15 15:20:00,1240.1,1240.0,1241.6,1240.0,494973.20000000007,399,2025-09-15 15:29:59
2025-09-15 15:30:00,1240.1,1239.7,1240.1,1238.3,251483.59999999998,203,2025-09-15 15:39:59
2025-09-15 15:40:00,1239.7,1240.1,1240.5,1238.4,246578.80000000002,199,2025-09-15 15:49:59
2025-09-15 15:50:00,1239.5,1237.8,1240.3,1237.7,423440.1999999999,342,2025-09-15 15:59:59
2025-09-15 16:00:00,1238.1,1239.2,1240.0,1237.9,423773.0,342,2025-09-15 16:09:59
2025-09-15 16:10:00,1239.8,1240.1,1240.8,1239.6,487323.0,393,2025-09-15 16:19:59
2025-09-15 16:20:00,1240.1,1241.1,1241.1,1240.0,319954.0,258,2025-09-15 16:29:59
2025-09-15 16:30:00,1241.1,1241.8,1241.9,1240.6,714959.8,576,2025-09-15 16:39:59
2025-09-15 16:40:00,1241.6,1248.3,1249.5,1241.3,4968231.699999999,3989,2025-09-15 16:49:59
2025-09-15 16:50:00,1248.0,1239.0,1248.3,1239.0,1581595.4000000001,1273,2025-09-15 16:59:59
2025-09-15 17:00:00,1238.6,1236.2,1239.5,1236.1,2492526.7999999993,2015,2025-09-15 17:09:59
2025-09-15 17:10:00,1236.2,1236.1,1236.8,1236.0,1377018.7000000002,1114,2025-09-15 17:19:59
2025-09-15 17:20:00,1236.5,1237.2,1238.2,1236.1,1341668.2999999998,1085,2025-09-15 17:29:59
2025-09-15 17:30:00,1237.8,1237.7,1239.6,1237.3,1636171.2,1321,2025-09-15 17:39:59
2025-09-15 17:40:00,1237.9,1239.7,1240.9,1237.8,1734650.9000000001,1400,2025-09-15 17:49:59
2025-09-15 17:50:00,1240.2,1238.2,1240.6,1237.8,1637608.3999999997,1322,2025-09-15 17:59:59
2025-09-15 18:00:00,1238.5,1236.6,1238.6,1236.5,1463596.4,1183,2025-09-15 18:09:59
2025-09-15 18:10:00,1237.0,1236.2,1237.3,1236.1,2000624.3999999997,1618,2025-09-15 18:19:59
2025-09-15 18:20:00,1236.4,1236.1,1236.9,1236.1,1848431.2999999998,1495,2025-09-15 18:29:59
2025-09-15 18:30:00,1236.3,1236.4,1236.4,1236.0,1678667.3,1358,2025-09-15 18:39:59
2025-09-15 18:40:00,1236.0,1236.0,1236.0,1236.0,143376.0,116,2025-09-15 18:48:08
2025-09-15 19:00:00,1236.1,1236.8,1237.0,1236.1,587270.7000000001,475,2025-09-15 19:09:59
2025-09-15 19:10:00,1236.8,1237.3,1237.3,1236.1,237445.0,192,2025-09-15 19:19:59
2025-09-15 19:20:00,1237.4,1238.9,1239.1,1236.8,1018620.7,823,2025-09-15 19:29:59
2025-09-15 19:30:00,1238.7,1239.0,1239.1,1237.7,123869.2,100,2025-09-15 19:39:59
2025-09-15 19:40:00,1239.0,1238.8,1239.2,1238.7,328349.80000000005,265,2025-09-15 19:49:59
2025-09-15 19:50:00,1239.2,1239.1,1239.6,1239.0,219351.9,177,2025-09-15 19:59:59
2025-09-15 20:00:00,1239.6,1240.0,1240.0,1239.6,230621.6,186,2025-09-15 20:09:59
2025-09-15 20:10:00,1240.0,1239.9,1240.0,1239.6,229376.30000000002,185,2025-09-15 20:19:59
2025-09-15 20:20:00,1239.9,1240.7,1240.7,1239.9,164956.5,133,2025-09-15 20:29:59
2025-09-15 20:30:00,1240.7,1239.0,1240.8,1238.0,1002322.4,809,2025-09-15 20:39:59
2025-09-15 20:40:00,1239.9,1239.8,1240.2,1238.2,253970.6,205,2025-09-15 20:49:59
2025-09-15 20:50:00,1239.8,1239.3,1239.9,1239.3,28512.7,23,2025-09-15 20:59:09
2025-09-15 21:00:00,1239.1,1239.0,1239.6,1238.3,666448.5000000001,538,2025-09-15 21:09:59
2025-09-15 21:10:00,1239.8,1240.0,1240.0,1239.0,74377.09999999999,60,2025-09-15 21:19:59
2025-09-15 21:20:00,1240.0,1240.2,1240.4,1239.2,55805.200000000004,45,2025-09-15 21:29:59
2025-09-15 21:30:00,1240.1,1239.1,1240.4,1239.1,55776.70000000001,45,2025-09-15 21:39:59
2025-09-15 21:40:00,1239.2,1238.8,1239.7,1238.1,270090.79999999993,218,2025-09-15 21:49:59
2025-09-15 21:50:00,1238.6,1238.6,1239.7,1238.3,108997.7,88,2025-09-15 21:59:59
2025-09-15 22:00:00,1239.2,1239.3,1239.9,1238.6,180952.6,146,2025-09-15 22:09:59
2025-09-15 22:10:00,1239.8,1239.1,1240.4,1238.5,282590.7,228,2025-09-15 22:19:59
2025-09-15 22:20:00,1239.9,1240.1,1240.4,1239.4,69440.2,56,2025-09-15 22:29:59
2025-09-15 22:30:00,1239.7,1240.4,1240.5,1239.3,313695.30000000005,253,2025-09-15 22:39:59
2025-09-15 22:40:00,1240.4,1240.5,1240.5,1240.1,125259.5,101,2025-09-15 22:49:59
2025-09-15 22:50:00,1240.5,1240.1,1240.5,1240.1,26046.100000000002,21,2025-09-15 22:58:09
2025-09-15 23:00:00,1240.5,1240.4,1240.5,1240.1,29764.100000000002,24,2025-09-15 23:09:59
2025-09-15 23:10:00,1240.5,1240.5,1240.5,1240.5,6202.5,5,2025-09-15 23:19:59
2025-09-15 23:20:00,1240.5,1240.0,1241.0,1239.9,288970.10000000003,233,2025-09-15 23:29:59
2025-09-15 23:30:00,1240.7,1241.0,1241.0,1240.7,16132.6,13,2025-09-15 23:39:59
2025-09-15 23:40:00,1240.2,1240.0,1242.0,1236.5,1454250.9,1173,2025-09-15 23:49:59
2025-09-16 06:50:00,1238.7,1238.7,1238.7,1238.7,2477.4,2,2025-09-16 06:59:59
2025-09-16 07:00:00,1238.7,1243.3,1243.6,1236.8,563255.6000000001,454,2025-09-16 07:09:59
2025-09-16 07:10:00,1243.4,1243.5,1245.4,1240.2,319357.5,257,2025-09-16 07:19:59
2025-09-16 07:20:00,1244.8,1246.1,1250.0,1244.7,451105.9999999998,362,2025-09-16 07:29:59
2025-09-16 07:30:00,1246.4,1246.0,1246.8,1245.2,38634.0,31,2025-09-16 07:39:59
2025-09-16 07:40:00,1246.2,1246.4,1246.7,1246.0,32404.000000000004,26,2025-09-16 07:49:59
2025-09-16 07:50:00,1246.5,1246.6,1246.7,1246.0,127157.70000000001,102,2025-09-16 07:59:59
2025-09-16 08:00:00,1246.6,1246.6,1249.4,1246.4,508744.0999999999,408,2025-09-16 08:09:59
2025-09-16 08:10:00,1246.2,1246.7,1247.6,1243.9,497325.79999999993,399,2025-09-16 08:19:59
2025-09-16 08:20:00,1246.9,1245.8,1247.0,1245.8,73552.0,59,2025-09-16 08:29:59
2025-09-16 08:30:00,1245.8,1247.0,1247.0,1245.7,184395.09999999998,148,2025-09-16 08:39:59
2025-09-16 08:40:00,1247.0,1250.0,1253.6,1246.7,596193.0,477,2025-09-16 08:49:59
2025-09-16 08:50:00,1249.8,1249.1,1249.8,1247.5,251012.7,201,2025-09-16 08:59:59
2025-09-16 09:00:00,1249.2,1249.1,1249.2,1247.6,144862.30000000002,116,2025-09-16 09:09:59
2025-09-16 09:10:00,1248.7,1247.1,1249.1,1247.1,202209.69999999998,162,2025-09-16 09:19:59
2025-09-16 09:20:00,1246.7,1248.5,1249.7,1246.7,365570.9,293,2025-09-16 09:29:59
2025-09-16 09:30:00,1249.4,1250.1,1251.0,1248.8,395135.2,316,2025-09-16 09:39:59
2025-09-16 09:40:00,1249.7,1248.8,1250.2,1248.8,189972.2,152,2025-09-16 09:49:59
2025-09-16 09:50:00,1249.3,1247.8,1249.3,1247.4,117289.70000000001,94,2025-09-16 09:59:59
2025-09-16 10:00:00,1247.9,1247.9,1249.0,1246.7,177112.9,142,2025-09-16 10:09:59
2025-09-16 10:10:00,1247.9,1250.1,1250.4,1247.9,802932.2000000001,643,2025-09-16 10:19:59
2025-09-16 10:20:00,1250.1,1250.2,1251.6,1249.1,492595.49999999994,394,2025-09-16 10:29:59
2025-09-16 10:30:00,1250.2,1250.6,1250.6,1249.7,391313.9,313,2025-09-16 10:39:59
2025-09-16 10:40:00,1250.6,1250.3,1251.2,1248.0,1055975.6,845,2025-09-16 10:49:59
2025-09-16 10:50:00,1250.3,1249.6,1250.3,1249.1,336205.70000000007,269,2025-09-16 10:59:59
2025-09-16 11:00:00,1249.0,1251.3,1251.5,1248.6,387672.6,310,2025-09-16 11:09:59
2025-09-16 11:10:00,1251.3,1251.3,1251.7,1251.1,525576.1,420,2025-09-16 11:19:59
2025-09-16 11:20:00,1251.2,1250.1,1251.2,1250.0,785273.6000000001,628,2025-09-16 11:29:59
2025-09-16 11:30:00,1250.1,1250.0,1250.6,1250.0,3162513.800000001,2530,2025-09-16 11:39:59
2025-09-16 11:40:00,1250.0,1247.3,1250.1,1247.0,2589259.8000000003,2073,2025-09-16 11:49:59
2025-09-16 11:50:00,1247.3,1246.5,1247.3,1242.2,1932429.9000000004,1552,2025-09-16 11:59:59
2025-09-16 12:00:00,1246.5,1246.5,1247.3,1246.5,588503.8,472,2025-09-16 12:09:59
2025-09-16 12:10:00,1246.6,1243.8,1246.6,1242.5,1105898.8,889,2025-09-16 12:19:59
2025-09-16 12:20:00,1244.0,1241.2,1244.0,1240.4,285646.60000000003,230,2025-09-16 12:29:59
2025-09-16 12:30:00,1241.2,1238.4,1242.5,1238.4,1118737.9000000004,902,2025-09-16 12:39:59
2025-09-16 12:40:00,1238.2,1231.7,1238.9,1231.6,2900344.4999999995,2349,2025-09-16 12:49:59
2025-09-16 12:50:00,1232.0,1234.9,1236.0,1231.9,1826570.9000000001,1479,2025-09-16 12:59:59
2025-09-16 13:00:00,1234.8,1235.4,1236.0,1233.6,2003743.2000000002,1622,2025-09-16 13:09:59
2025-09-16 13:10:00,1235.8,1234.4,1236.0,1231.8,2116739.6,1715,2025-09-16 13:19:59
2025-09-16 13:20:00,1234.3,1232.6,1234.4,1230.3,1508317.1999999995,1224,2025-09-16 13:29:59
2025-09-16 13:30:00,1232.6,1232.7,1232.7,1230.6,804125.0,653,2025-09-16 13:39:59
2025-09-16 13:40:00,1232.7,1232.6,1232.7,1232.1,713689.7999999999,579,2025-09-16 13:49:59
2025-09-16 13:50:00,1232.6,1233.1,1234.1,1231.2,874702.4,710,2025-09-16 13:59:59
2025-09-16 14:00:00,1234.2,1231.5,1236.2,1230.5,1178041.8,956,2025-09-16 14:09:59
2025-09-16 14:10:00,1231.5,1235.9,1236.0,1231.4,610869.8999999999,495,2025-09-16 14:19:59
2025-09-16 14:20:00,1235.6,1233.7,1235.6,1232.0,516793.2,419,2025-09-16 14:29:59
2025-09-16 14:30:00,1233.7,1234.3,1235.4,1233.3,502476.6,407,2025-09-16 14:39:59
2025-09-16 14:40:00,1234.3,1234.6,1234.6,1233.9,478962.19999999995,388,2025-09-16 14:49:59
2025-09-16 14:50:00,1234.5,1233.8,1234.6,1233.6,198688.90000000002,161,2025-09-16 14:59:59
2025-09-16 15:00:00,1233.8,1234.6,1234.6,1233.2,450314.10000000003,365,2025-09-16 15:09:59
2025-09-16 15:10:00,1234.4,1234.6,1234.6,1234.4,554323.8999999999,449,2025-09-16 15:19:59
2025-09-16 15:20:00,1234.6,1234.6,1234.6,1234.2,659256.7999999999,534,2025-09-16 15:29:59
2025-09-16 15:30:00,1234.5,1234.4,1234.6,1234.1,278951.2,226,2025-09-16 15:39:59
2025-09-16 15:40:00,1234.0,1234.3,1234.4,1234.0,130836.80000000002,106,2025-09-16 15:49:59
2025-09-16 15:50:00,1234.4,1234.1,1234.6,1234.0,541776.9,439,2025-09-16 15:59:59
2025-09-16 16:00:00,1234.5,1234.7,1234.8,1234.2,256801.1,208,2025-09-16 16:09:59
2025-09-16 16:10:00,1234.8,1234.0,1234.8,1234.0,348021.5,282,2025-09-16 16:19:59
2025-09-16 16:20:00,1234.4,1237.3,1237.6,1234.0,1879514.9999999995,1521,2025-09-16 16:29:59
2025-09-16 16:30:00,1237.9,1240.8,1241.9,1237.6,884677.3999999999,713,2025-09-16 16:39:59
2025-09-16 16:40:00,1240.8,1238.2,1241.1,1237.4,1082470.2,874,2025-09-16 16:49:59
2025-09-16 16:50:00,1238.2,1238.0,1241.1,1237.8,999095.8,806,2025-09-16 16:59:59
2025-09-16 17:00:00,1239.1,1240.1,1241.6,1238.1,771467.5,622,2025-09-16 17:09:59
2025-09-16 17:10:00,1240.2,1240.7,1243.4,1239.6,1413112.5,1138,2025-09-16 17:19:59
2025-09-16 17:20:00,1241.6,1238.9,1241.6,1238.0,1027454.7,829,2025-09-16 17:29:59
2025-09-16 17:30:00,1239.5,1236.0,1239.5,1235.5,2037994.2999999998,1647,2025-09-16 17:39:59
2025-09-16 17:40:00,1235.7,1237.4,1238.8,1235.5,608691.8,492,2025-09-16 17:49:59
2025-09-16 17:50:00,1238.2,1235.1,1238.2,1235.1,744476.4,602,2025-09-16 17:59:59
2025-09-16 18:00:00,1235.1,1234.7,1235.8,1233.8,885136.1,717,2025-09-16 18:09:59
2025-09-16 18:10:00,1234.7,1233.1,1235.5,1233.0,1015290.7999999998,823,2025-09-16 18:19:59
2025-09-16 18:20:00,1234.0,1229.9,1235.5,1229.8,3258759.0999999996,2646,2025-09-16 18:29:59
2025-09-16 18:30:00,1229.9,1229.8,1230.0,1228.0,1591767.2,1295,2025-09-16 18:39:59
2025-09-16 18:40:00,1229.7,1229.7,1229.7,1229.7,86078.99999999999,70,2025-09-16 18:48:13
2025-09-16 19:00:00,1229.7,1230.0,1230.0,1229.7,104530.6,85,2025-09-16 19:09:59
2025-09-16 19:10:00,1231.7,1234.2,1234.5,1230.7,749565.8999999999,608,2025-09-16 19:19:59
2025-09-16 19:20:00,1234.2,1235.4,1235.4,1233.2,124732.6,101,2025-09-16 19:29:59
2025-09-16 19:30:00,1235.6,1236.9,1237.0,1235.4,452314.60000000003,366,2025-09-16 19:39:59
2025-09-16 19:40:00,1236.9,1237.3,1237.3,1236.3,85333.99999999999,69,2025-09-16 19:49:59
2025-09-16 19:50:00,1237.4,1236.5,1237.6,1236.3,25976.3,21,2025-09-16 19:59:59
2025-09-16 20:00:00,1236.5,1236.4,1237.4,1236.0,342490.19999999995,277,2025-09-16 20:09:59
2025-09-16 20:10:00,1236.3,1236.4,1236.9,1236.0,95218.0,77,2025-09-16 20:19:59
2025-09-16 20:20:00,1236.4,1236.7,1236.7,1236.0,61814.899999999994,50,2025-09-16 20:29:59
2025-09-16 20:30:00,1236.0,1235.8,1236.0,1235.4,412698.4,334,2025-09-16 20:39:59
2025-09-16 20:40:00,1235.6,1237.0,1240.0,1235.0,1394346.0999999999,1127,2025-09-16 20:49:59
2025-09-16 20:50:00,1237.2,1238.4,1238.4,1237.1,99008.1,80,2025-09-16 20:59:59
2025-09-16 21:00:00,1238.4,1238.0,1238.4,1237.7,95338.9,77,2025-09-16 21:09:59
2025-09-16 21:10:00,1238.0,1236.3,1238.0,1236.3,60636.1,49,2025-09-16 21:19:59
2025-09-16 21:20:00,1236.3,1236.5,1236.6,1236.2,22256.4,18,2025-09-16 21:29:59
2025-09-16 21:30:00,1236.3,1236.0,1237.2,1235.0,280590.6,227,2025-09-16 21:39:59
2025-09-16 21:40:00,1236.0,1236.1,1236.5,1236.0,49442.1,40,2025-09-16 21:49:59
2025-09-16 21:50:00,1236.2,1236.4,1237.1,1236.1,236250.39999999997,191,2025-09-16 21:59:59
2025-09-16 22:00:00,1236.2,1236.7,1236.8,1235.9,42041.2,34,2025-09-16 22:09:59
2025-09-16 22:10:00,1236.5,1235.3,1237.1,1235.3,61827.2,50,2025-09-16 22:19:59
2025-09-16 22:20:00,1236.1,1235.9,1236.1,1235.4,3707.4,3,2025-09-16 22:29:59
2025-09-16 22:30:00,1235.5,1236.4,1236.6,1234.0,187796.60000000003,152,2025-09-16 22:39:59
2025-09-16 22:40:00,1236.4,1236.0,1236.4,1235.0,81545.0,66,2025-09-16 22:49:59
2025-09-16 22:50:00,1235.0,1234.9,1235.0,1234.9,48162.7,39,2025-09-16 22:58:09
2025-09-16 23:00:00,1234.9,1234.9,1234.9,1233.9,101238.7,82,2025-09-16 23:09:59
2025-09-16 23:10:00,1235.7,1234.6,1236.0,1234.6,114872.40000000001,93,2025-09-16 23:19:59
2025-09-16 23:20:00,1234.6,1235.5,1235.9,1234.6,208690.6,169,2025-09-16 23:29:59
2025-09-16 23:30:00,1235.4,1235.7,1235.7,1235.4,95140.7,77,2025-09-16 23:39:59
2025-09-16 23:40:00,1235.7,1236.5,1236.7,1235.6,165653.90000000002,134,2025-09-16 23:47:03
2025-09-17 06:50:00,1236.5,1236.5,1236.5,1236.5,2473.0,2,2025-09-17 06:59:59
2025-09-17 07:00:00,1240.0,1239.9,1241.9,1238.0,413046.69999999995,333,2025-09-17 07:09:59
2025-09-17 07:10:00,1239.9,1238.0,1241.0,1238.0,280231.0,226,2025-09-17 07:19:59
2025-09-17 07:20:00,1238.1,1239.4,1240.0,1238.0,22305.5,18,2025-09-17 07:29:59
2025-09-17 07:30:00,1239.4,1239.3,1239.4,1237.8,12391.4,10,2025-09-17 07:39:59
2025-09-17 07:40:00,1239.2,1239.4,1239.4,1239.2,14871.8,12,2025-09-17 07:49:59
2025-09-17 07:50:00,1238.2,1241.1,1241.1,1238.2,445248.79999999993,359,2025-09-17 07:59:59
2025-09-17 08:00:00,1241.0,1239.4,1241.0,1236.2,309689.5999999999,250,2025-09-17 08:09:59
2025-09-17 08:10:00,1239.4,1239.1,1243.8,1237.6,591920.3999999999,477,2025-09-17 08:19:59
2025-09-17 08:20:00,1240.2,1240.7,1240.8,1240.2,52097.8,42,2025-09-17 08:29:59
2025-09-17 08:30:00,1239.7,1240.1,1240.2,1238.7,52074.5,42,2025-09-17 08:39:59
2025-09-17 08:40:00,1240.1,1238.8,1240.2,1238.8,39658.9,32,2025-09-17 08:49:59
2025-09-17 08:50:00,1238.8,1239.9,1240.0,1238.5,92935.0,75,2025-09-17 08:59:59
2025-09-17 09:00:00,1240.0,1238.9,1240.2,1238.9,255413.19999999998,206,2025-09-17 09:09:59
2025-09-17 09:10:00,1239.7,1238.7,1240.0,1238.1,614269.6,496,2025-09-17 09:19:59
2025-09-17 09:20:00,1238.0,1236.4,1238.0,1233.8,1327079.2,1074,2025-09-17 09:29:59
2025-09-17 09:30:00,1236.4,1236.7,1236.7,1235.7,200300.0,162,2025-09-17 09:39:59
2025-09-17 09:40:00,1236.7,1234.9,1236.7,1233.6,494079.20000000007,400,2025-09-17 09:49:59
2025-09-17 09:50:00,1234.9,1234.8,1234.9,1233.5,134588.19999999998,109,2025-09-17 09:59:59
2025-09-17 10:00:00,1234.8,1235.8,1236.3,1234.5,1168185.2999999998,946,2025-09-17 10:09:59
2025-09-17 10:10:00,1236.6,1237.4,1239.3,1235.5,1238115.3000000003,1000,2025-09-17 10:19:59
2025-09-17 10:20:00,1236.9,1238.3,1240.1,1236.8,1610457.3,1300,2025-09-17 10:29:59
2025-09-17 10:30:00,1239.4,1237.1,1239.5,1236.8,354034.9,286,2025-09-17 10:39:59
2025-09-17 10:40:00,1237.2,1238.0,1239.1,1237.0,366503.60000000003,296,2025-09-17 10:49:59
2025-09-17 10:50:00,1238.2,1238.5,1239.1,1238.0,78025.4,63,2025-09-17 10:59:59
2025-09-17 11:00:00,1238.8,1239.4,1240.0,1238.8,250341.6,202,2025-09-17 11:09:59
2025-09-17 11:10:00,1239.6,1239.1,1240.2,1238.3,360583.39999999997,291,2025-09-17 11:19:59
2025-09-17 11:20:00,1238.9,1238.8,1239.2,1238.8,118935.20000000001,96,2025-09-17 11:29:59
2025-09-17 11:30:00,1238.8,1237.6,1238.8,1236.7,408597.30000000005,330,2025-09-17 11:39:59
2025-09-17 11:40:00,1237.5,1238.0,1238.2,1237.0,531002.3999999999,429,2025-09-17 11:49:59
2025-09-17 11:50:00,1238.1,1238.4,1238.4,1237.4,423366.1,342,2025-09-17 11:59:59
2025-09-17 12:00:00,1238.4,1237.3,1238.9,1237.3,522556.8999999999,422,2025-09-17 12:09:59
2025-09-17 12:10:00,1237.5,1236.7,1237.5,1235.7,556477.7000000001,450,2025-09-17 12:19:59
2025-09-17 12:20:00,1236.7,1236.3,1236.8,1235.9,228743.30000000005,185,2025-09-17 12:29:59
2025-09-17 12:30:00,1236.3,1236.9,1237.0,1236.3,145950.30000000002,118,2025-09-17 12:39:59
2025-09-17 12:40:00,1236.9,1235.2,1237.8,1235.2,553959.7999999999,448,2025-09-17 12:49:59
2025-09-17 12:50:00,1235.4,1232.2,1235.5,1231.5,1182970.4999999995,959,2025-09-17 12:59:59
2025-09-17 13:00:00,1232.2,1232.4,1232.4,1231.5,218054.19999999998,177,2025-09-17 13:09:59
2025-09-17 13:10:00,1232.4,1234.3,1234.3,1232.4,73994.7,60,2025-09-17 13:19:59
2025-09-17 13:20:00,1234.3,1235.2,1235.3,1234.0,733567.7000000001,594,2025-09-17 13:29:59
2025-09-17 13:30:00,1235.1,1235.2,1235.2,1234.0,364312.0,295,2025-09-17 13:39:59
2025-09-17 13:40:00,1235.2,1235.9,1235.9,1234.5,2647613.699999999,2143,2025-09-17 13:49:59
2025-09-17 13:50:00,1235.9,1235.0,1235.9,1235.0,328631.2,266,2025-09-17 13:59:59
2025-09-17 14:00:00,1235.0,1235.0,1235.8,1234.9,118565.90000000001,96,2025-09-17 14:09:59
2025-09-17 14:10:00,1235.4,1235.7,1235.8,1235.2,86492.90000000001,70,2025-09-17 14:19:59
2025-09-17 14:20:00,1235.7,1235.6,1235.8,1235.2,111200.80000000002,90,2025-09-17 14:29:59
2025-09-17 14:30:00,1235.8,1235.5,1235.9,1234.6,382973.20000000007,310,2025-09-17 14:39:59
2025-09-17 14:40:00,1235.5,1231.8,1235.5,1231.8,1191583.8,966,2025-09-17 14:49:59
2025-09-17 14:50:00,1231.9,1232.1,1232.8,1231.5,719410.5,584,2025-09-17 14:59:59
2025-09-17 15:00:00,1231.6,1231.0,1232.0,1231.0,1056535.4000000001,858,2025-09-17 15:09:59
2025-09-17 15:10:00,1231.0,1231.6,1233.7,1230.1,1115546.2000000002,906,2025-09-17 15:19:59
2025-09-17 15:20:00,1232.2,1230.4,1232.2,1230.0,988351.0,803,2025-09-17 15:29:59
2025-09-17 15:30:00,1230.4,1229.7,1230.7,1229.5,1148818.7999999998,934,2025-09-17 15:39:59
2025-09-17 15:40:00,1230.2,1229.8,1231.7,1229.5,1821123.7000000002,1480,2025-09-17 15:49:59
2025-09-17 15:50:00,1229.9,1227.3,1230.0,1227.1,1454046.2999999998,1183,2025-09-17 15:59:59
2025-09-17 16:00:00,1227.3,1227.6,1227.6,1226.0,1079641.9000000001,880,2025-09-17 16:09:59
2025-09-17 16:10:00,1227.1,1214.8,1227.6,1213.1,9183853.600000001,7534,2025-09-17 16:19:59
2025-09-17 16:20:00,1214.8,1213.3,1215.0,1213.3,2616546.7999999993,2154,2025-09-17 16:29:59
2025-09-17 16:30:00,1213.7,1214.2,1215.0,1213.7,4990675.9,4108,2025-09-17 16:39:59
2025-09-17 16:40:00,1214.2,1215.0,1215.0,1214.2,1296131.7,1067,2025-09-17 16:49:59
2025-09-17 16:50:00,1215.0,1214.4,1215.0,1213.2,2138245.2,1761,2025-09-17 16:59:59
2025-09-17 17:00:00,1214.7,1214.1,1215.0,1212.2,2311843.2,1905,2025-09-17 17:09:59
2025-09-17 17:10:00,1214.1,1212.8,1214.1,1212.5,676924.0,558,2025-09-17 17:19:59
2025-09-17 17:20:00,1213.3,1207.2,1213.4,1206.5,6159547.700000001,5090,2025-09-17 17:29:59
2025-09-17 17:30:00,1207.1,1212.0,1212.4,1205.4,3559993.8000000003,2947,2025-09-17 17:39:59
2025-09-17 17:40:00,1212.0,1212.5,1212.9,1210.2,1730443.1000000003,1428,2025-09-17 17:49:59
2025-09-17 17:50:00,1212.5,1211.1,1212.7,1210.9,1210643.4000000001,999,2025-09-17 17:59:08
2025-09-17 18:00:00,1211.8,1212.4,1212.6,1211.5,899292.8,742,2025-09-17 18:09:59
2025-09-17 18:10:00,1212.3,1212.9,1212.9,1211.7,1025748.0999999999,846,2025-09-17 18:19:59
2025-09-17 18:20:00,1212.9,1212.8,1215.0,1212.1,2554757.5999999996,2105,2025-09-17 18:29:59
2025-09-17 18:30:00,1213.0,1213.7,1214.9,1212.0,1379918.2000000004,1137,2025-09-17 18:39:59
2025-09-17 18:40:00,1214.4,1214.4,1214.4,1214.4,27931.200000000004,23,2025-09-17 18:49:59
2025-09-17 19:00:00,1214.4,1215.0,1215.0,1214.4,1820007.4,1498,2025-09-17 19:09:59
2025-09-17 19:10:00,1214.9,1214.5,1215.0,1214.5,1301169.8000000003,1071,2025-09-17 19:19:59
2025-09-17 19:20:00,1214.5,1215.0,1215.0,1214.4,681477.7,561,2025-09-17 19:29:59
2025-09-17 19:30:00,1215.0,1216.3,1216.3,1214.5,3555271.6,2926,2025-09-17 19:39:59
2025-09-17 19:40:00,1216.3,1218.6,1219.7,1216.3,1489632.5,1223,2025-09-17 19:49:59
2025-09-17 19:50:00,1219.0,1218.7,1219.0,1218.0,402162.5,330,2025-09-17 19:59:59
2025-09-17 20:00:00,1219.0,1218.8,1219.0,1218.7,159674.7,131,2025-09-17 20:09:59
2025-09-17 20:10:00,1218.7,1218.9,1218.9,1218.5,187690.5,154,2025-09-17 20:19:59
2025-09-17 20:20:00,1218.8,1218.8,1218.9,1218.5,252292.6,207,2025-09-17 20:29:59
2025-09-17 20:30:00,1218.8,1218.9,1218.9,1218.6,366854.8,301,2025-09-17 20:39:59
2025-09-17 20:40:00,1218.6,1216.2,1218.9,1216.2,1030130.5,846,2025-09-17 20:49:59
2025-09-17 20:50:00,1217.0,1218.7,1218.7,1217.0,320381.0,263,2025-09-17 20:59:59
2025-09-17 21:00:00,1218.7,1218.5,1218.7,1218.2,62144.8,51,2025-09-17 21:09:59
2025-09-17 21:10:00,1218.5,1217.6,1218.9,1216.0,1105754.9999999998,908,2025-09-17 21:19:59
2025-09-17 21:20:00,1217.6,1214.3,1218.4,1213.0,2441316.8000000003,2009,2025-09-17 21:29:59
2025-09-17 21:30:00,1215.0,1217.0,1217.3,1214.3,406317.10000000003,334,2025-09-17 21:39:59
2025-09-17 21:40:00,1217.0,1212.6,1218.2,1212.0,1854430.0999999996,1527,2025-09-17 21:49:59
2025-09-17 21:50:00,1212.4,1210.5,1212.4,1209.0,1797093.9999999998,1484,2025-09-17 21:59:59
2025-09-17 22:00:00,1210.5,1210.9,1211.0,1209.6,922297.3000000002,762,2025-09-17 22:09:59
2025-09-17 22:10:00,1211.0,1213.5,1213.5,1210.9,815178.4,673,2025-09-17 22:19:59
2025-09-17 22:20:00,1213.8,1213.6,1214.2,1213.1,355685.00000000006,293,2025-09-17 22:29:59
2025-09-17 22:30:00,1214.0,1214.9,1215.9,1213.6,823273.3000000002,678,2025-09-17 22:39:59
2025-09-17 22:40:00,1214.0,1215.5,1215.5,1213.7,83822.50000000001,69,2025-09-17 22:49:59
2025-09-17 22:50:00,1215.5,1215.2,1215.5,1213.8,71660.7,59,2025-09-17 22:59:09
2025-09-17 23:00:00,1215.2,1213.0,1215.2,1210.9,853425.1,704,2025-09-17 23:09:59
2025-09-17 23:10:00,1213.0,1208.7,1213.5,1208.7,1458716.9,1205,2025-09-17 23:19:59
2025-09-17 23:20:00,1209.2,1209.5,1210.1,1206.0,1657730.6,1373,2025-09-17 23:29:59
2025-09-17 23:30:00,1209.5,1211.1,1212.3,1208.8,477910.69999999995,395,2025-09-17 23:39:59
2025-09-17 23:40:00,1211.1,1213.1,1213.1,1206.1,1936539.5,1601,2025-09-17 23:49:59
2025-09-18 07:00:00,1212.3,1212.9,1215.1,1205.8,619291.8999999999,512,2025-09-18 07:09:59
2025-09-18 07:10:00,1212.1,1209.7,1212.5,1209.7,273654.5,226,2025-09-18 07:19:59
2025-09-18 07:20:00,1211.7,1211.4,1211.8,1209.8,173186.20000000004,143,2025-09-18 07:29:59
2025-09-18 07:30:00,1211.5,1209.0,1211.5,1208.0,156032.30000000002,129,2025-09-18 07:39:59
2025-09-18 07:40:00,1209.5,1208.1,1209.8,1208.0,140279.9,116,2025-09-18 07:49:59
2025-09-18 07:50:00,1209.0,1209.0,1209.0,1208.1,50751.899999999994,42,2025-09-18 07:59:01
2025-09-18 08:00:00,1208.9,1206.0,1208.9,1206.0,687790.4,570,2025-09-18 08:09:59
2025-09-18 08:10:00,1206.0,1207.2,1207.2,1205.8,401597.5,333,2025-09-18 08:19:59
2025-09-18 08:20:00,1207.3,1207.0,1208.6,1205.8,541751.6,449,2025-09-18 08:29:59
2025-09-18 08:30:00,1208.3,1205.9,1209.8,1205.1,917738.2999999999,760,2025-09-18 08:39:59
2025-09-18 08:40:00,1206.9,1207.5,1207.5,1205.8,179812.69999999998,149,2025-09-18 08:49:59
2025-09-18 08:50:00,1206.5,1207.6,1207.6,1206.2,269177.1,223,2025-09-18 08:59:59
2025-09-18 09:00:00,1207.5,1205.0,1207.5,1204.7,1579249.5999999996,1310,2025-09-18 09:09:59
2025-09-18 09:10:00,1205.2,1206.6,1206.6,1205.2,319424.1,265,2025-09-18 09:19:59
2025-09-18 09:20:00,1205.6,1206.7,1207.0,1204.7,847299.5,703,2025-09-18 09:29:59
2025-09-18 09:30:00,1206.6,1206.7,1206.7,1205.6,211120.3,175,2025-09-18 09:39:59
2025-09-18 09:40:00,1206.8,1208.4,1209.3,1206.7,785363.8999999999,650,2025-09-18 09:49:59
2025-09-18 09:50:00,1209.1,1208.9,1209.1,1208.4,184910.8,153,2025-09-18 09:59:59
2025-09-18 10:00:00,1209.2,1208.5,1209.9,1207.4,1174805.0,972,2025-09-18 10:09:59
2025-09-18 10:10:00,1208.5,1209.3,1209.3,1208.1,224865.5,186,2025-09-18 10:19:59
2025-09-18 10:20:00,1208.7,1208.6,1209.2,1208.4,452155.9,374,2025-09-18 10:29:59
2025-09-18 10:30:00,1208.6,1208.6,1209.0,1208.4,205494.2,170,2025-09-18 10:39:59
2025-09-18 10:40:00,1208.5,1206.9,1208.5,1206.5,1111004.5999999999,920,2025-09-18 10:49:59
2025-09-18 10:50:00,1206.9,1207.4,1207.7,1206.5,725521.5,601,2025-09-18 10:59:59
2025-09-18 11:00:00,1207.3,1207.0,1207.5,1206.6,394739.1,327,2025-09-18 11:09:59
2025-09-18 11:10:00,1207.0,1205.7,1208.4,1205.4,2305147.3,1909,2025-09-18 11:19:59
2025-09-18 11:20:00,1206.1,1206.0,1206.6,1205.3,1583711.2000000002,1313,2025-09-18 11:29:59
2025-09-18 11:30:00,1206.0,1209.9,1210.0,1205.4,3810113.0000000005,3154,2025-09-18 11:39:59
2025-09-18 11:40:00,1209.9,1209.9,1210.0,1209.1,705282.9,583,2025-09-18 11:49:59
2025-09-18 11:50:00,1209.7,1208.8,1209.9,1208.8,422063.29999999993,349,2025-09-18 11:59:59
2025-09-18 12:00:00,1209.3,1209.0,1209.8,1208.8,1136973.3999999997,940,2025-09-18 12:09:59
2025-09-18 12:10:00,1209.7,1213.4,1213.5,1208.5,2801171.0,2313,2025-09-18 12:19:59
2025-09-18 12:20:00,1213.4,1219.7,1220.0,1213.0,7595702.1,6243,2025-09-18 12:29:59
2025-09-18 12:30:00,1219.6,1226.8,1226.8,1216.4,8253076.3,6749,2025-09-18 12:39:59
2025-09-18 12:40:00,1226.6,1218.6,1226.6,1217.8,3943031.099999999,3230,2025-09-18 12:49:59
2025-09-18 12:50:00,1218.2,1218.6,1219.0,1216.8,784336.2000000001,644,2025-09-18 12:59:59
2025-09-18 13:00:00,1217.6,1212.2,1218.7,1211.1,1828429.9000000001,1506,2025-09-18 13:09:59
2025-09-18 13:10:00,1212.1,1209.5,1212.2,1208.7,1561472.9,1290,2025-09-18 13:19:59
2025-09-18 13:20:00,1209.9,1210.9,1210.9,1209.4,726235.3,600,2025-09-18 13:29:59
2025-09-18 13:30:00,1210.9,1212.4,1217.1,1210.7,2474451.5999999996,2041,2025-09-18 13:39:59
2025-09-18 13:40:00,1212.7,1213.6,1213.8,1211.9,726292.2999999999,599,2025-09-18 13:49:59
2025-09-18 13:50:00,1213.6,1212.7,1214.3,1212.7,532711.2,439,2025-09-18 13:59:59
2025-09-18 14:00:00,1212.5,1213.7,1214.4,1212.4,455075.7,375,2025-09-18 14:09:59
2025-09-18 14:10:00,1212.7,1211.0,1214.0,1210.2,744347.1000000001,614,2025-09-18 14:19:59
2025-09-18 14:20:00,1211.2,1212.3,1212.6,1211.0,397492.9,328,2025-09-18 14:29:59
2025-09-18 14:30:00,1211.5,1212.1,1212.3,1210.0,696298.7000000001,575,2025-09-18 14:39:59
2025-09-18 14:40:00,1211.2,1208.3,1211.2,1208.3,1601228.5,1324,2025-09-18 14:49:59
2025-09-18 14:50:00,1208.3,1207.0,1209.3,1207.0,3335930.9,2763,2025-09-18 14:59:59
2025-09-18 15:00:00,1207.1,1204.0,1207.4,1201.2,13135426.299999999,10900,2025-09-18 15:09:59
2025-09-18 15:10:00,1204.1,1202.9,1207.3,1202.8,6555693.7,5442,2025-09-18 15:19:59
2025-09-18 15:20:00,1202.8,1201.7,1203.3,1200.5,6403150.3,5328,2025-09-18 15:29:59
2025-09-18 15:30:00,1201.3,1195.6,1202.1,1194.9,10534016.399999999,8795,2025-09-18 15:39:59
2025-09-18 15:40:00,1195.6,1193.4,1195.7,1193.3,6369019.9,5332,2025-09-18 15:49:59
2025-09-18 15:50:00,1193.9,1193.2,1194.7,1192.1,7046049.7,5905,2025-09-18 15:59:59
2025-09-18 16:00:00,1193.1,1200.0,1200.0,1193.1,6134616.199999999,5129,2025-09-18 16:09:59
2025-09-18 16:10:00,1199.4,1200.2,1200.4,1196.0,1976082.1,1648,2025-09-18 16:19:59
2025-09-18 16:20:00,1200.3,1201.3,1201.3,1198.2,1533460.0,1278,2025-09-18 16:29:59
2025-09-18 16:30:00,1201.3,1204.2,1204.2,1198.4,3569894.6,2970,2025-09-18 16:39:59
2025-09-18 16:40:00,1204.0,1206.1,1206.2,1202.8,3779252.5999999996,3136,2025-09-18 16:49:59
2025-09-18 16:50:00,1206.1,1207.5,1208.7,1205.8,2581377.6000000006,2138,2025-09-18 16:59:59
2025-09-18 17:00:00,1207.0,1209.8,1209.8,1206.5,1216841.5999999999,1007,2025-09-18 17:09:59
2025-09-18 17:10:00,1210.0,1209.8,1210.9,1209.1,1274628.2000000002,1053,2025-09-18 17:19:59
2025-09-18 17:20:00,1209.8,1219.2,1219.3,1209.5,8076247.799999999,6656,2025-09-18 17:29:59
2025-09-18 17:30:00,1219.3,1216.7,1223.4,1215.5,11601495.000000002,9506,2025-09-18 17:39:59
2025-09-18 17:40:00,1217.0,1219.0,1219.7,1216.4,1826509.0,1500,2025-09-18 17:49:59
2025-09-18 17:50:00,1219.7,1221.0,1222.4,1219.7,1614576.1999999997,1322,2025-09-18 17:59:59
2025-09-18 18:00:00,1221.6,1223.3,1224.0,1221.1,1419752.0,1161,2025-09-18 18:09:59
2025-09-18 18:10:00,1223.3,1219.4,1223.3,1214.2,4163389.1000000006,3416,2025-09-18 18:19:59
2025-09-18 18:20:00,1220.5,1222.4,1223.2,1217.2,2042933.4999999998,1674,2025-09-18 18:29:59
2025-09-18 18:30:00,1222.9,1223.5,1223.8,1221.1,1609068.5000000005,1316,2025-09-18 18:39:59
2025-09-18 18:40:00,1223.3,1223.3,1223.3,1223.3,78291.2,64,2025-09-18 18:49:08
2025-09-18 19:00:00,1221.9,1223.5,1223.6,1219.5,709766.5,581,2025-09-18 19:09:59
2025-09-18 19:10:00,1223.7,1225.1,1227.0,1220.3,1854494.5999999999,1515,2025-09-18 19:19:59
2025-09-18 19:20:00,1225.1,1223.3,1225.1,1221.9,543258.2,444,2025-09-18 19:29:59
2025-09-18 19:30:00,1222.7,1221.6,1222.7,1220.8,195494.6,160,2025-09-18 19:39:59
2025-09-18 19:40:00,1221.6,1219.2,1221.6,1219.1,659145.1,540,2025-09-18 19:49:59
2025-09-18 19:50:00,1219.8,1219.0,1220.1,1219.0,269458.7,221,2025-09-18 19:59:59
2025-09-18 20:00:00,1219.0,1219.7,1219.7,1219.0,415883.9,341,2025-09-18 20:09:59
2025-09-18 20:10:00,1219.7,1219.7,1219.8,1219.4,525696.0,431,2025-09-18 20:19:59
2025-09-18 20:20:00,1219.7,1218.7,1219.7,1217.9,75561.79999999999,62,2025-09-18 20:29:59
2025-09-18 20:30:00,1218.0,1216.6,1218.0,1215.9,366393.8,301,2025-09-18 20:39:59
2025-09-18 20:40:00,1216.1,1216.8,1217.5,1216.1,135078.0,111,2025-09-18 20:49:59
2025-09-18 20:50:00,1216.1,1213.5,1216.2,1213.5,868854.8,715,2025-09-18 20:59:59
2025-09-18 21:00:00,1214.1,1215.5,1215.5,1212.2,826849.6000000002,681,2025-09-18 21:09:59
2025-09-18 21:10:00,1215.2,1214.2,1215.4,1213.5,151782.59999999998,125,2025-09-18 21:19:59
2025-09-18 21:20:00,1214.5,1218.0,1218.0,1214.4,187158.09999999998,154,2025-09-18 21:29:59
2025-09-18 21:30:00,1218.4,1218.3,1218.9,1217.3,71897.4,59,2025-09-18 21:39:59
2025-09-18 21:40:00,1218.5,1219.1,1219.1,1218.1,52398.2,43,2025-09-18 21:49:59
2025-09-18 21:50:00,1218.2,1219.4,1220.9,1218.2,107342.59999999999,88,2025-09-18 21:59:59
2025-09-18 22:00:00,1220.1,1221.3,1221.3,1220.1,50044.4,41,2025-09-18 22:09:59
2025-09-18 22:10:00,1221.3,1221.0,1221.4,1220.6,76918.29999999999,63,2025-09-18 22:19:59
2025-09-18 22:20:00,1220.6,1221.5,1221.6,1219.9,186834.0,153,2025-09-18 22:29:59
2025-09-18 22:30:00,1221.5,1220.4,1221.5,1218.4,128099.5,105,2025-09-18 22:39:59
2025-09-18 22:40:00,1219.6,1220.9,1221.2,1219.6,65916.0,54,2025-09-18 22:49:59
2025-09-18 22:50:00,1221.2,1220.9,1221.2,1219.8,80583.29999999999,66,2025-09-18 22:59:59
2025-09-18 23:00:00,1221.2,1220.9,1221.2,1220.9,56170.8,46,2025-09-18 23:09:59
2025-09-18 23:10:00,1220.9,1218.2,1220.9,1216.6,646935.4,531,2025-09-18 23:19:59
2025-09-18 23:20:00,1219.6,1220.7,1220.7,1219.6,75646.9,62,2025-09-18 23:29:59
2025-09-18 23:30:00,1220.7,1218.3,1220.7,1218.1,533756.2000000001,438,2025-09-18 23:39:59
2025-09-18 23:40:00,1219.6,1218.2,1219.6,1218.1,192472.30000000002,158,2025-09-18 23:47:09
2025-09-19 06:50:00,1224.3,1224.3,1224.3,1224.3,1224.3,1,2025-09-19 06:59:59
2025-09-19 07:00:00,1224.3,1223.8,1228.8,1219.6,2584911.0000000005,2108,2025-09-19 07:09:59
2025-09-19 07:10:00,1224.1,1223.0,1224.1,1221.8,90515.9,74,2025-09-19 07:19:59
2025-09-19 07:20:00,1222.5,1222.7,1223.1,1222.5,267749.8,219,2025-09-19 07:29:59
2025-09-19 07:30:00,1222.7,1222.7,1223.1,1222.7,30567.9,25,2025-09-19 07:39:59
2025-09-19 07:40:00,1222.9,1225.8,1226.6,1222.9,325815.4,266,2025-09-19 07:49:59
2025-09-19 07:50:00,1225.7,1225.0,1225.7,1224.4,279297.19999999995,228,2025-09-19 07:59:01
2025-09-19 08:00:00,1225.0,1223.3,1225.0,1222.7,275378.60000000003,225,2025-09-19 08:09:59
2025-09-19 08:10:00,1223.3,1225.7,1225.8,1223.3,778096.3,635,2025-09-19 08:19:59
2025-09-19 08:20:00,1225.6,1225.4,1225.6,1225.1,96797.59999999999,79,2025-09-19 08:29:59
2025-09-19 08:30:00,1225.3,1225.1,1225.3,1225.1,204597.5,167,2025-09-19 08:39:59
2025-09-19 08:40:00,1225.3,1224.2,1225.3,1222.7,848299.7999999999,693,2025-09-19 08:49:59
2025-09-19 08:50:00,1223.7,1219.2,1223.7,1216.5,2243208.6999999997,1839,2025-09-19 08:59:59
2025-09-19 09:00:00,1219.2,1223.2,1223.2,1219.2,393274.89999999997,322,2025-09-19 09:09:59
2025-09-19 09:10:00,1223.2,1223.4,1224.5,1222.4,238512.40000000002,195,2025-09-19 09:19:59
2025-09-19 09:20:00,1222.7,1223.7,1224.1,1222.4,145591.5,119,2025-09-19 09:29:59
2025-09-19 09:30:00,1223.5,1223.8,1223.8,1222.6,85628.2,70,2025-09-19 09:39:59
2025-09-19 09:40:00,1223.7,1224.5,1224.5,1223.2,113832.8,93,2025-09-19 09:49:59
2025-09-19 09:50:00,1225.0,1225.8,1225.8,1225.0,102938.00000000001,84,2025-09-19 09:59:59
2025-09-19 10:00:00,1225.8,1227.3,1228.0,1225.8,447960.70000000007,365,2025-09-19 10:09:59
2025-09-19 10:10:00,1226.7,1225.2,1227.2,1225.0,364097.6,297,2025-09-19 10:19:59
2025-09-19 10:20:00,1225.1,1230.2,1230.7,1223.1,1950013.6,1588,2025-09-19 10:29:59
2025-09-19 10:30:00,1230.0,1227.5,1230.3,1223.1,2559513.9000000004,2086,2025-09-19 10:39:59
2025-09-19 10:40:00,1227.9,1227.7,1228.6,1227.5,165751.9,135,2025-09-19 10:49:59
2025-09-19 10:50:00,1227.7,1227.5,1227.7,1226.9,278559.8,227,2025-09-19 10:59:59
2025-09-19 11:00:00,1227.0,1227.7,1227.7,1226.5,158281.09999999998,129,2025-09-19 11:09:59
2025-09-19 11:10:00,1227.4,1224.5,1227.6,1224.1,870878.6000000001,711,2025-09-19 11:19:59
2025-09-19 11:20:00,1224.1,1224.1,1224.5,1224.1,1117627.2000000002,913,2025-09-19 11:29:59
2025-09-19 11:30:00,1224.1,1224.2,1224.5,1224.1,860564.7,703,2025-09-19 11:39:59
2025-09-19 11:40:00,1224.2,1226.1,1227.7,1224.1,949339.6999999998,774,2025-09-19 11:49:59
2025-09-19 11:50:00,1226.3,1225.7,1227.3,1225.6,1076816.9,878,2025-09-19 11:59:59
2025-09-19 12:00:00,1225.7,1226.3,1226.9,1225.7,271018.00000000006,221,2025-09-19 12:09:59
2025-09-19 12:10:00,1226.3,1226.7,1227.0,1225.7,439187.8,358,2025-09-19 12:19:59
2025-09-19 12:20:00,1226.7,1227.4,1227.7,1225.9,1267573.0,1033,2025-09-19 12:29:59
2025-09-19 12:30:00,1227.7,1228.5,1228.8,1225.6,1229925.6999999995,1002,2025-09-19 12:39:59
2025-09-19 12:40:00,1227.8,1229.3,1230.0,1226.9,2389003.9000000004,1944,2025-09-19 12:49:59
2025-09-19 12:50:00,1228.4,1229.3,1230.0,1228.4,1345291.1,1094,2025-09-19 12:59:59
2025-09-19 13:00:00,1229.9,1229.4,1230.0,1225.8,1564846.6999999997,1273,2025-09-19 13:09:59
2025-09-19 13:10:00,1229.5,1226.9,1230.0,1226.9,1354774.5,1102,2025-09-19 13:19:59
2025-09-19 13:20:00,1227.4,1225.4,1227.5,1225.3,984635.9999999999,803,2025-09-19 13:29:59
2025-09-19 13:30:00,1225.4,1225.0,1225.5,1224.6,2119331.0,1730,2025-09-19 13:39:59
2025-09-19 13:40:00,1225.0,1225.0,1226.0,1224.6,1089221.2999999998,889,2025-09-19 13:49:59
2025-09-19 13:50:00,1224.6,1225.0,1225.2,1224.6,275640.60000000003,225,2025-09-19 13:59:59
2025-09-19 14:00:00,1224.7,1225.0,1225.2,1224.5,804593.3,657,2025-09-19 14:09:59
2025-09-19 14:10:00,1225.0,1225.2,1225.2,1224.5,345441.80000000005,282,2025-09-19 14:19:59
2025-09-19 14:20:00,1225.1,1225.6,1226.0,1224.5,1523808.7,1244,2025-09-19 14:29:59
2025-09-19 14:30:00,1225.1,1225.4,1225.4,1224.5,329469.19999999995,269,2025-09-19 14:39:59
2025-09-19 14:40:00,1225.3,1227.4,1227.5,1224.5,982769.7999999999,802,2025-09-19 14:49:59
2025-09-19 14:50:00,1227.3,1232.2,1233.5,1225.9,3906947.3000000007,3174,2025-09-19 14:59:59
2025-09-19 15:00:00,1232.3,1227.9,1232.5,1226.8,1117023.8,909,2025-09-19 15:09:59
2025-09-19 15:10:00,1227.9,1229.6,1231.5,1227.3,1359293.0,1106,2025-09-19 15:19:59
2025-09-19 15:20:00,1229.6,1230.5,1230.8,1229.6,708403.2999999999,576,2025-09-19 15:29:59
2025-09-19 15:30:00,1230.5,1227.7,1230.6,1227.1,2456065.5999999996,1998,2025-09-19 15:39:59
2025-09-19 15:40:00,1227.7,1225.5,1227.7,1224.5,4646920.8,3793,2025-09-19 15:49:59
2025-09-19 15:50:00,1225.4,1223.1,1225.7,1222.6,2687988.1999999997,2195,2025-09-19 15:59:59
2025-09-19 16:00:00,1222.8,1225.5,1227.1,1222.4,2835244.2,2316,2025-09-19 16:09:59
2025-09-19 16:10:00,1225.4,1228.8,1228.8,1225.4,554701.5,452,2025-09-19 16:19:59
2025-09-19 16:20:00,1228.8,1229.7,1229.9,1228.1,947584.6000000002,771,2025-09-19 16:29:59
2025-09-19 16:30:00,1229.7,1233.3,1233.4,1228.6,3867403.0999999996,3142,2025-09-19 16:39:59
2025-09-19 16:40:00,1233.3,1234.7,1235.0,1233.3,3426188.7000000007,2777,2025-09-19 16:49:59
2025-09-19 16:50:00,1234.7,1234.1,1234.7,1233.3,273887.8,222,2025-09-19 16:59:59
2025-09-19 17:00:00,1234.1,1230.5,1234.3,1228.8,1285183.0999999996,1043,2025-09-19 17:09:59
2025-09-19 17:10:00,1230.4,1230.3,1230.8,1229.4,853803.3999999999,694,2025-09-19 17:19:59
2025-09-19 17:20:00,1230.5,1228.5,1231.1,1228.1,443864.8,361,2025-09-19 17:29:59
2025-09-19 17:30:00,1228.5,1229.0,1229.9,1228.4,216294.1,176,2025-09-19 17:39:59
2025-09-19 17:40:00,1229.0,1228.4,1229.7,1228.0,168380.4,137,2025-09-19 17:49:59
2025-09-19 17:50:00,1229.3,1228.1,1229.7,1228.0,875106.2000000001,712,2025-09-19 17:59:59
2025-09-19 18:00:00,1228.6,1228.0,1229.6,1228.0,325717.8,265,2025-09-19 18:09:59
2025-09-19 18:10:00,1229.0,1227.4,1229.0,1225.9,460110.20000000007,375,2025-09-19 18:19:59
2025-09-19 18:20:00,1226.8,1229.7,1229.9,1226.5,1076602.0999999999,876,2025-09-19 18:29:59
2025-09-19 18:30:00,1229.8,1226.5,1229.9,1226.5,667132.6,543,2025-09-19 18:39:59
2025-09-19 18:40:00,1229.6,1229.6,1229.6,1229.6,194276.80000000002,158,2025-09-19 18:49:09
2025-09-19 19:00:00,1229.6,1226.3,1229.6,1226.3,327572.1,267,2025-09-19 19:09:59
2025-09-19 19:10:00,1226.1,1227.2,1227.7,1225.6,383771.5,313,2025-09-19 19:19:59
2025-09-19 19:20:00,1227.1,1224.7,1227.2,1224.0,437651.8,357,2025-09-19 19:29:59
2025-09-19 19:30:00,1224.7,1223.0,1224.7,1221.2,1188065.8,971,2025-09-19 19:39:59
2025-09-19 19:40:00,1222.7,1219.0,1223.0,1218.5,1227702.0,1006,2025-09-19 19:49:59
2025-09-19 19:50:00,1219.1,1219.5,1219.9,1218.5,859595.2000000001,705,2025-09-19 19:59:59
2025-09-19 20:00:00,1219.9,1221.7,1221.7,1219.0,1161316.3,952,2025-09-19 20:09:59
2025-09-19 20:10:00,1221.7,1220.2,1223.2,1220.1,808697.7,662,2025-09-19 20:19:59
2025-09-19 20:20:00,1221.1,1221.1,1222.5,1213.5,6501131.0,5336,2025-09-19 20:29:59
2025-09-19 20:30:00,1221.2,1222.0,1223.1,1221.2,454661.0,372,2025-09-19 20:39:59
2025-09-19 20:40:00,1222.0,1223.0,1223.1,1221.9,641931.6000000001,525,2025-09-19 20:49:59
2025-09-19 20:50:00,1223.0,1222.5,1223.0,1221.9,63572.600000000006,52,2025-09-19 20:59:09
2025-09-19 21:00:00,1222.0,1221.3,1222.9,1219.6,687496.3,563,2025-09-19 21:09:59
2025-09-19 21:10:00,1222.8,1221.9,1224.1,1221.3,284843.1,233,2025-09-19 21:19:59
2025-09-19 21:20:00,1221.9,1222.9,1223.5,1221.3,216455.7,177,2025-09-19 21:29:59
2025-09-19 21:30:00,1223.2,1219.8,1224.0,1216.6,769817.4,631,2025-09-19 21:39:59
2025-09-19 21:40:00,1221.5,1219.5,1222.6,1219.2,254071.4,208,2025-09-19 21:49:59
2025-09-19 21:50:00,1220.3,1219.5,1221.8,1219.4,218472.40000000002,179,2025-09-19 21:59:59
2025-09-19 22:00:00,1219.5,1218.3,1220.3,1217.4,566709.3,465,2025-09-19 22:09:59
2025-09-19 22:10:00,1217.2,1217.3,1217.6,1217.2,41390.299999999996,34,2025-09-19 22:19:59
2025-09-19 22:20:00,1217.6,1215.3,1217.6,1215.2,370890.30000000005,305,2025-09-19 22:29:59
2025-09-19 22:30:00,1215.8,1216.0,1217.0,1215.4,133732.1,110,2025-09-19 22:39:59
2025-09-19 22:40:00,1216.1,1215.3,1216.7,1215.3,292954.6,241,2025-09-19 22:49:59
2025-09-19 22:50:00,1215.6,1216.4,1216.6,1215.6,272417.0,224,2025-09-19 22:59:59
2025-09-19 23:00:00,1216.5,1215.7,1216.9,1215.5,193362.7,159,2025-09-19 23:09:59
2025-09-19 23:10:00,1215.4,1210.8,1216.0,1207.8,1524386.4,1258,2025-09-19 23:19:59
2025-09-19 23:20:00,1210.1,1209.5,1211.3,1208.2,862759.5,713,2025-09-19 23:29:59
2025-09-19 23:30:00,1209.5,1213.8,1216.4,1208.1,1055379.9,871,2025-09-19 23:39:59
2025-09-19 23:40:00,1213.7,1215.0,1215.1,1211.0,313848.9,259,2025-09-19 23:49:59
2025-09-22 06:50:00,1214.0,1214.0,1214.0,1214.0,143252.0,118,2025-09-22 06:59:59
2025-09-22 07:00:00,1212.0,1210.7,1214.0,1208.0,1252839.1000000003,1035,2025-09-22 07:09:59
2025-09-22 07:10:00,1211.0,1211.3,1211.3,1209.4,435714.30000000005,360,2025-09-22 07:19:59
2025-09-22 07:20:00,1211.3,1222.9,1235.1,1210.6,7725810.1000000015,6319,2025-09-22 07:29:59
2025-09-22 07:30:00,1222.9,1224.6,1224.6,1222.0,128394.8,105,2025-09-22 07:39:59
2025-09-22 07:40:00,1224.3,1227.0,1228.7,1224.3,560217.1000000001,457,2025-09-22 07:49:59
2025-09-22 07:50:00,1227.0,1229.0,1229.0,1227.0,232111.80000000002,189,2025-09-22 07:59:59
2025-09-22 08:00:00,1227.9,1225.3,1228.2,1220.5,2008945.3000000003,1643,2025-09-22 08:09:59
2025-09-22 08:10:00,1226.5,1225.0,1226.8,1223.6,220459.59999999998,180,2025-09-22 08:19:59
2025-09-22 08:20:00,1225.0,1226.3,1226.3,1224.6,351717.70000000007,287,2025-09-22 08:29:59
2025-09-22 08:30:00,1226.3,1227.3,1227.9,1225.1,241692.6,197,2025-09-22 08:39:59
2025-09-22 08:40:00,1226.0,1227.2,1227.2,1224.9,96873.0,79,2025-09-22 08:49:59
2025-09-22 08:50:00,1224.9,1227.4,1227.4,1224.8,84578.29999999999,69,2025-09-22 08:59:59
2025-09-22 09:00:00,1227.3,1224.7,1227.3,1223.3,241273.30000000005,197,2025-09-22 09:09:59
2025-09-22 09:10:00,1225.9,1223.3,1225.9,1223.3,209289.1,171,2025-09-22 09:19:59
2025-09-22 09:20:00,1223.3,1224.6,1226.2,1223.2,497036.9,406,2025-09-22 09:29:59
2025-09-22 09:30:00,1224.6,1223.8,1225.9,1222.1,323108.7,264,2025-09-22 09:39:59
2025-09-22 09:40:00,1223.4,1224.7,1226.8,1223.1,569565.5,465,2025-09-22 09:49:59
2025-09-22 09:50:00,1224.2,1223.4,1226.3,1223.4,78398.3,64,2025-09-22 09:59:59
2025-09-22 10:00:00,1223.4,1226.9,1227.0,1223.2,859900.3000000002,702,2025-09-22 10:09:59
2025-09-22 10:10:00,1226.8,1222.5,1227.4,1221.5,1426491.1,1165,2025-09-22 10:19:59
2025-09-22 10:20:00,1222.3,1216.8,1222.7,1216.8,961950.6000000001,789,2025-09-22 10:29:59
2025-09-22 10:30:00,1216.8,1215.2,1217.5,1215.2,956787.2000000001,787,2025-09-22 10:39:59
2025-09-22 10:40:00,1215.5,1214.4,1216.3,1210.4,4911207.9,4046,2025-09-22 10:49:59
2025-09-22 10:50:00,1215.5,1216.0,1220.5,1214.2,1633488.8,1341,2025-09-22 10:59:59
2025-09-22 11:00:00,1216.1,1214.3,1216.9,1213.8,1040572.7,856,2025-09-22 11:09:59
2025-09-22 11:10:00,1214.4,1212.1,1215.3,1211.3,1032730.1000000001,851,2025-09-22 11:19:59
2025-09-22 11:20:00,1211.5,1205.0,1212.1,1202.0,7915970.4,6562,2025-09-22 11:29:59
2025-09-22 11:30:00,1205.7,1206.0,1209.9,1204.6,2200524.8,1823,2025-09-22 11:39:59
2025-09-22 11:40:00,1207.0,1206.2,1207.5,1205.8,1000534.4999999999,829,2025-09-22 11:49:59
2025-09-22 11:50:00,1206.2,1205.1,1206.7,1205.1,877485.2999999999,728,2025-09-22 11:59:59
2025-09-22 12:00:00,1205.1,1205.0,1205.7,1205.0,1323172.2,1098,2025-09-22 12:09:59
2025-09-22 12:10:00,1205.1,1201.4,1206.2,1201.1,3340550.4,2774,2025-09-22 12:19:59
2025-09-22 12:20:00,1202.4,1200.4,1202.4,1197.2,2982739.3000000003,2486,2025-09-22 12:29:59
2025-09-22 12:30:00,1200.7,1198.5,1201.0,1194.3,4186530.4000000004,3499,2025-09-22 12:39:59
2025-09-22 12:40:00,1198.6,1195.0,1199.8,1194.6,3063569.0,2558,2025-09-22 12:49:59
2025-09-22 12:50:00,1195.0,1196.2,1198.9,1194.6,2721939.1000000006,2274,2025-09-22 12:59:59
2025-09-22 13:00:00,1195.3,1199.2,1199.7,1195.2,1145533.0,956,2025-09-22 13:09:59
2025-09-22 13:10:00,1198.9,1199.9,1200.0,1198.1,1271803.5,1060,2025-09-22 13:19:59
2025-09-22 13:20:00,1199.9,1199.1,1200.0,1199.0,1237583.0999999999,1032,2025-09-22 13:29:59
2025-09-22 13:30:00,1199.1,1199.6,1199.9,1199.0,1374269.4999999998,1146,2025-09-22 13:39:59
2025-09-22 13:40:00,1199.3,1200.0,1200.0,1199.2,1243085.1,1036,2025-09-22 13:49:59
2025-09-22 13:50:00,1200.0,1200.0,1200.0,1199.5,1082380.7,902,2025-09-22 13:59:59
2025-09-22 14:00:00,1200.0,1200.0,1200.0,1199.5,518364.6,432,2025-09-22 14:09:59
2025-09-22 14:10:00,1200.0,1199.8,1200.0,1199.5,499180.60000000003,416,2025-09-22 14:19:59
2025-09-22 14:20:00,1199.9,1200.0,1200.0,1199.0,1032724.7,861,2025-09-22 14:29:59
2025-09-22 14:30:00,1200.0,1200.0,1200.0,1199.4,542263.5,452,2025-09-22 14:39:59
2025-09-22 14:40:00,1200.0,1198.6,1200.0,1196.4,6272812.6,5232,2025-09-22 14:49:59
2025-09-22 14:50:00,1198.6,1205.0,1207.5,1198.1,9741481.999999998,8099,2025-09-22 14:59:59
2025-09-22 15:00:00,1205.0,1206.9,1207.0,1204.5,1135241.9,942,2025-09-22 15:09:59
2025-09-22 15:10:00,1206.8,1207.4,1207.4,1206.3,500859.6,415,2025-09-22 15:19:59
2025-09-22 15:20:00,1207.2,1206.7,1207.5,1206.5,486551.39999999997,403,2025-09-22 15:29:59
2025-09-22 15:30:00,1206.9,1201.4,1207.5,1200.0,3034105.3999999994,2523,2025-09-22 15:39:59
2025-09-22 15:40:00,1201.6,1204.2,1204.9,1201.6,468209.9,389,2025-09-22 15:49:59
2025-09-22 15:50:00,1203.4,1201.1,1204.1,1200.3,778688.9,648,2025-09-22 15:59:59
2025-09-22 16:00:00,1202.0,1200.3,1202.0,1200.3,146538.30000000002,122,2025-09-22 16:09:59
2025-09-22 16:10:00,1201.1,1201.0,1202.4,1200.3,168165.10000000003,140,2025-09-22 16:19:59
2025-09-22 16:20:00,1200.9,1202.4,1202.4,1200.9,410856.20000000007,342,2025-09-22 16:29:59
2025-09-22 16:30:00,1202.4,1202.5,1204.0,1201.8,659203.0,548,2025-09-22 16:39:59
2025-09-22 16:40:00,1202.6,1202.8,1203.0,1200.9,289730.9,241,2025-09-22 16:49:59
2025-09-22 16:50:00,1202.2,1200.5,1203.9,1200.5,993117.1000000001,826,2025-09-22 16:59:59
2025-09-22 17:00:00,1202.3,1202.8,1203.4,1201.5,167185.00000000003,139,2025-09-22 17:09:59
2025-09-22 17:10:00,1202.5,1200.6,1203.0,1200.5,743627.6,619,2025-09-22 17:19:59
2025-09-22 17:20:00,1200.8,1203.0,1203.0,1200.7,989221.1000000001,823,2025-09-22 17:29:59
2025-09-22 17:30:00,1203.0,1202.9,1203.0,1202.7,299539.89999999997,249,2025-09-22 17:39:59
2025-09-22 17:40:00,1203.0,1202.8,1203.0,1202.8,1504938.9,1251,2025-09-22 17:49:59
2025-09-22 17:50:00,1203.0,1206.3,1207.5,1202.8,2410976.6,2003,2025-09-22 17:59:59
2025-09-22 18:00:00,1206.8,1207.5,1207.5,1206.6,2210892.7,1831,2025-09-22 18:09:59
2025-09-22 18:10:00,1207.5,1206.9,1207.5,1206.1,1015293.0,841,2025-09-22 18:19:59
2025-09-22 18:20:00,1206.9,1206.3,1207.5,1205.2,1832834.7,1519,2025-09-22 18:29:59
2025-09-22 18:30:00,1206.3,1206.9,1206.9,1205.6,179758.39999999997,149,2025-09-22 18:39:59
2025-09-22 18:40:00,1207.5,1207.5,1207.5,1207.5,120750.0,100,2025-09-22 18:49:14
2025-09-22 19:00:00,1207.5,1207.1,1207.5,1207.0,162985.29999999996,135,2025-09-22 19:09:59
2025-09-22 19:10:00,1207.1,1207.4,1209.4,1206.7,922777.1,764,2025-09-22 19:19:59
2025-09-22 19:20:00,1208.4,1206.0,1208.5,1205.7,370363.3,307,2025-09-22 19:29:59
2025-09-22 19:30:00,1206.8,1208.8,1208.8,1206.5,125602.4,104,2025-09-22 19:39:59
2025-09-22 19:40:00,1209.1,1208.1,1209.1,1207.7,354010.60000000003,293,2025-09-22 19:49:59
2025-09-22 19:50:00,1208.1,1207.6,1208.1,1206.3,138847.3,115,2025-09-22 19:59:59
2025-09-22 20:00:00,1207.6,1208.3,1208.3,1206.9,309262.80000000005,256,2025-09-22 20:09:59
2025-09-22 20:10:00,1208.1,1207.0,1208.1,1207.0,228285.9,189,2025-09-22 20:19:59
2025-09-22 20:20:00,1206.9,1206.0,1207.1,1204.0,513478.90000000014,426,2025-09-22 20:29:59
2025-09-22 20:30:00,1206.3,1204.9,1206.4,1204.9,160377.7,133,2025-09-22 20:39:59
2025-09-22 20:40:00,1206.4,1207.5,1207.5,1206.1,254767.3,211,2025-09-22 20:49:59
2025-09-22 20:50:00,1207.5,1207.9,1207.9,1207.5,472213.19999999995,391,2025-09-22 20:59:59
2025-09-22 21:00:00,1207.9,1208.5,1208.5,1207.7,1057225.7999999998,875,2025-09-22 21:09:59
2025-09-22 21:10:00,1208.5,1209.1,1211.4,1205.3,2835324.900000001,2346,2025-09-22 21:19:59
2025-09-22 21:20:00,1210.4,1208.7,1211.0,1208.7,243225.10000000003,201,2025-09-22 21:29:59
2025-09-22 21:30:00,1209.8,1213.3,1215.0,1209.8,1675005.5999999996,1381,2025-09-22 21:39:59
2025-09-22 21:40:00,1213.5,1218.6,1226.0,1212.7,4625673.3,3793,2025-09-22 21:49:59
2025-09-22 21:50:00,1217.8,1216.6,1218.3,1216.2,105902.4,87,2025-09-22 21:59:59
2025-09-22 22:00:00,1217.0,1218.4,1221.7,1213.4,2134173.1999999997,1752,2025-09-22 22:09:59
2025-09-22 22:10:00,1218.7,1217.8,1219.4,1216.8,431366.19999999995,354,2025-09-22 22:19:59
2025-09-22 22:20:00,1217.9,1216.4,1217.9,1216.3,223982.9,184,2025-09-22 22:29:59
2025-09-22 22:30:00,1216.9,1217.4,1217.4,1216.9,327351.10000000003,269,2025-09-22 22:39:59
2025-09-22 22:40:00,1217.9,1217.9,1217.9,1217.9,31665.4,26,2025-09-22 22:49:59
2025-09-22 22:50:00,1217.9,1217.5,1217.9,1216.9,43838.4,36,2025-09-22 22:59:59
2025-09-22 23:00:00,1216.9,1216.9,1217.5,1216.9,63290.9,52,2025-09-22 23:09:59
2025-09-22 23:10:00,1217.7,1216.5,1217.7,1215.8,116805.8,96,2025-09-22 23:19:59
2025-09-22 23:20:00,1216.7,1216.9,1217.0,1215.5,81484.4,67,2025-09-22 23:29:59
2025-09-22 23:30:00,1216.1,1217.3,1218.0,1216.1,440636.39999999997,362,2025-09-22 23:39:59
2025-09-22 23:40:00,1217.2,1216.5,1217.3,1213.0,164013.19999999998,135,2025-09-22 23:46:14
2025-09-23 06:50:00,1216.5,1216.5,1216.5,1216.5,8515.5,7,2025-09-23 06:59:59
2025-09-23 07:00:00,1216.5,1221.1,1223.4,1216.5,583651.7,478,2025-09-23 07:09:59
2025-09-23 07:10:00,1221.1,1221.3,1221.7,1219.7,64711.80000000001,53,2025-09-23 07:19:59
2025-09-23 07:20:00,1219.7,1220.1,1220.7,1218.0,190134.0,156,2025-09-23 07:29:59
2025-09-23 07:30:00,1220.1,1221.7,1225.8,1218.5,1227750.9000000001,1004,2025-09-23 07:39:59
2025-09-23 07:40:00,1221.5,1221.9,1225.0,1220.0,263866.9,216,2025-09-23 07:49:59
2025-09-23 07:50:00,1221.9,1222.9,1223.9,1221.9,80716.79999999999,66,2025-09-23 07:59:59
2025-09-23 08:00:00,1222.1,1222.7,1224.8,1221.5,72185.8,59,2025-09-23 08:09:59
2025-09-23 08:10:00,1223.6,1219.0,1223.6,1219.0,288007.5,236,2025-09-23 08:19:59
2025-09-23 08:20:00,1220.0,1216.7,1220.1,1213.7,619676.8,509,2025-09-23 08:29:59
2025-09-23 08:30:00,1218.3,1216.2,1218.4,1216.2,27990.6,23,2025-09-23 08:39:59
2025-09-23 08:40:00,1218.4,1219.0,1220.4,1217.2,114558.8,94,2025-09-23 08:49:59
2025-09-23 08:50:00,1218.6,1217.9,1218.6,1215.6,122858.7,101,2025-09-23 08:59:59
2025-09-23 09:00:00,1217.0,1217.9,1217.9,1216.0,93727.09999999999,77,2025-09-23 09:09:59
2025-09-23 09:10:00,1217.9,1219.7,1220.3,1217.9,203596.0,167,2025-09-23 09:19:59
2025-09-23 09:20:00,1219.7,1221.0,1221.0,1219.7,80553.7,66,2025-09-23 09:29:59
2025-09-23 09:30:00,1221.0,1221.0,1221.0,1219.7,65917.8,54,2025-09-23 09:39:59
2025-09-23 09:40:00,1221.0,1222.4,1223.6,1220.1,805635.2999999998,659,2025-09-23 09:49:59
2025-09-23 09:50:00,1222.5,1222.2,1222.5,1221.0,48870.4,40,2025-09-23 09:59:59
2025-09-23 10:00:00,1221.4,1217.8,1221.4,1216.9,469153.00000000006,385,2025-09-23 10:09:59
2025-09-23 10:10:00,1217.8,1219.3,1221.5,1216.8,623425.6,511,2025-09-23 10:19:59
2025-09-23 10:20:00,1219.5,1219.7,1220.0,1219.5,213463.5,175,2025-09-23 10:29:59
2025-09-23 10:30:00,1219.7,1223.2,1223.2,1219.7,831956.7,681,2025-09-23 10:39:59
2025-09-23 10:40:00,1223.0,1218.2,1223.0,1216.1,608248.1,499,2025-09-23 10:49:59
2025-09-23 10:50:00,1218.1,1217.6,1218.2,1216.1,300585.60000000003,247,2025-09-23 10:59:59
2025-09-23 11:00:00,1217.0,1214.4,1217.5,1214.0,343965.7,283,2025-09-23 11:09:59
2025-09-23 11:10:00,1214.4,1214.4,1216.8,1214.4,471409.9,388,2025-09-23 11:19:59
2025-09-23 11:20:00,1215.0,1219.8,1219.8,1214.4,1547882.9,1272,2025-09-23 11:29:59
2025-09-23 11:30:00,1219.5,1224.0,1224.9,1219.3,1491329.4999999998,1220,2025-09-23 11:39:59
2025-09-23 11:40:00,1223.1,1222.0,1224.0,1220.9,532790.3,436,2025-09-23 11:49:59
2025-09-23 11:50:00,1222.0,1222.9,1223.8,1221.3,213937.0,175,2025-09-23 11:59:59
2025-09-23 12:00:00,1222.6,1223.0,1223.0,1222.2,820457.2000000001,671,2025-09-23 12:09:59
2025-09-23 12:10:00,1222.9,1224.0,1224.0,1222.5,198194.9,162,2025-09-23 12:19:59
2025-09-23 12:20:00,1223.9,1225.3,1226.0,1223.8,406623.2,332,2025-09-23 12:29:59
2025-09-23 12:30:00,1226.0,1224.5,1229.0,1224.5,1321998.0,1077,2025-09-23 12:39:59
2025-09-23 12:40:00,1225.4,1224.0,1225.4,1223.5,319566.9,261,2025-09-23 12:49:59
2025-09-23 12:50:00,1224.0,1225.0,1225.0,1223.5,193377.0,158,2025-09-23 12:59:59
2025-09-23 13:00:00,1224.5,1224.7,1224.7,1223.5,2419115.8000000003,1977,2025-09-23 13:09:59
2025-09-23 13:10:00,1224.8,1223.7,1224.8,1223.5,432015.3,353,2025-09-23 13:19:59
2025-09-23 13:20:00,1223.7,1227.3,1227.3,1223.5,524172.1,428,2025-09-23 13:29:59
2025-09-23 13:30:00,1225.1,1224.0,1225.3,1224.0,198383.69999999998,162,2025-09-23 13:39:59
2025-09-23 13:40:00,1224.0,1233.0,1235.6,1223.8,4967408.8,4037,2025-09-23 13:49:59
2025-09-23 13:50:00,1232.1,1232.0,1232.5,1230.6,487729.39999999997,396,2025-09-23 13:59:59
2025-09-23 14:00:00,1231.9,1230.4,1232.6,1227.9,2310193.0,1875,2025-09-23 14:09:59
2025-09-23 14:10:00,1230.3,1232.0,1233.8,1229.4,1182193.2,960,2025-09-23 14:19:59
2025-09-23 14:20:00,1232.0,1233.1,1234.0,1232.0,312003.7,253,2025-09-23 14:29:59
2025-09-23 14:30:00,1232.4,1231.5,1233.3,1231.1,241427.8,196,2025-09-23 14:39:59
2025-09-23 14:40:00,1231.9,1231.2,1232.3,1230.8,326376.10000000003,265,2025-09-23 14:49:59
2025-09-23 14:50:00,1231.2,1233.0,1234.0,1231.2,845781.2000000001,686,2025-09-23 14:59:59
2025-09-23 15:00:00,1232.5,1231.9,1233.1,1231.9,183647.89999999997,149,2025-09-23 15:09:59
2025-09-23 15:10:00,1231.8,1232.2,1233.0,1231.8,113370.70000000001,92,2025-09-23 15:19:59
2025-09-23 15:20:00,1232.7,1232.7,1232.9,1232.1,539774.8999999999,438,2025-09-23 15:29:59
2025-09-23 15:30:00,1232.7,1234.8,1234.8,1230.5,1860696.899999997,1509,2025-09-23 15:39:59
2025-09-23 15:40:00,1234.8,1235.0,1235.0,1233.3,1466945.8,1188,2025-09-23 15:49:59
2025-09-23 15:50:00,1235.0,1233.6,1235.0,1232.1,653961.3,530,2025-09-23 15:59:59
2025-09-23 16:00:00,1234.1,1233.9,1234.3,1232.4,108540.79999999999,88,2025-09-23 16:09:59
2025-09-23 16:10:00,1233.9,1234.0,1234.0,1233.1,161614.3,131,2025-09-23 16:19:59
2025-09-23 16:20:00,1234.0,1237.2,1237.8,1233.9,2232090.9,1807,2025-09-23 16:29:59
2025-09-23 16:30:00,1237.0,1236.6,1237.0,1235.9,325234.89999999997,263,2025-09-23 16:39:59
2025-09-23 16:40:00,1236.6,1236.8,1236.9,1235.7,294226.7,238,2025-09-23 16:49:59
2025-09-23 16:50:00,1236.2,1238.4,1238.7,1236.2,1192853.0999999999,964,2025-09-23 16:59:59
2025-09-23 17:00:00,1238.4,1235.7,1238.5,1235.7,1076969.6,870,2025-09-23 17:09:59
2025-09-23 17:10:00,1235.7,1235.5,1238.1,1235.5,701190.6,567,2025-09-23 17:19:59
2025-09-23 17:20:00,1236.0,1235.0,1236.4,1235.0,557126.7,451,2025-09-23 17:29:59
2025-09-23 17:30:00,1235.0,1234.9,1235.5,1234.9,1136148.5,920,2025-09-23 17:39:59
2025-09-23 17:40:00,1234.9,1235.2,1235.2,1234.9,393956.7,319,2025-09-23 17:49:59
2025-09-23 17:50:00,1234.9,1234.9,1235.2,1234.9,633517.7999999999,513,2025-09-23 17:59:59
2025-09-23 18:00:00,1234.9,1234.9,1235.2,1234.9,694052.6000000001,562,2025-09-23 18:09:59
2025-09-23 18:10:00,1235.0,1234.9,1235.1,1234.9,791585.9000000001,641,2025-09-23 18:19:59
2025-09-23 18:20:00,1234.9,1236.2,1240.0,1234.9,3272523.9,2646,2025-09-23 18:29:59
2025-09-23 18:30:00,1237.1,1235.5,1238.4,1235.4,540356.5,437,2025-09-23 18:39:59
2025-09-23 18:40:00,1235.5,1235.5,1235.5,1235.5,4942.0,4,2025-09-23 18:46:08
2025-09-23 19:00:00,1236.0,1237.1,1239.3,1235.0,895842.000000001,724,2025-09-23 19:09:59
2025-09-23 19:10:00,1237.1,1238.0,1238.0,1237.1,517152.5,418,2025-09-23 19:19:59
2025-09-23 19:20:00,1237.2,1237.0,1237.7,1235.0,448712.60000000003,363,2025-09-23 19:29:59
2025-09-23 19:30:00,1236.9,1234.9,1237.5,1234.9,878363.1,711,2025-09-23 19:39:59
2025-09-23 19:40:00,1235.4,1235.0,1236.2,1234.9,548396.1000000001,444,2025-09-23 19:49:59
2025-09-23 19:50:00,1235.0,1234.9,1235.8,1234.9,364352.5,295,2025-09-23 19:59:59
2025-09-23 20:00:00,1235.3,1234.9,1235.3,1234.9,108681.7,88,2025-09-23 20:09:59
2025-09-23 20:10:00,1235.0,1234.9,1235.4,1234.9,41991.0,34,2025-09-23 20:19:59
2025-09-23 20:20:00,1235.3,1235.0,1235.4,1234.9,313677.5,254,2025-09-23 20:29:59
2025-09-23 20:30:00,1235.0,1234.9,1235.0,1234.9,128435.29999999999,104,2025-09-23 20:39:59
2025-09-23 20:40:00,1235.0,1235.0,1235.0,1234.9,433460.6,351,2025-09-23 20:49:59
2025-09-23 20:50:00,1234.9,1231.0,1235.0,1229.0,4292530.300000001,3482,2025-09-23 20:59:59
2025-09-23 21:00:00,1232.0,1230.1,1232.0,1229.7,344558.60000000003,280,2025-09-23 21:09:59
2025-09-23 21:10:00,1230.1,1232.0,1232.8,1229.6,343449.7,279,2025-09-23 21:19:59
2025-09-23 21:20:00,1232.0,1233.3,1233.3,1231.0,103520.1,84,2025-09-23 21:29:59
2025-09-23 21:30:00,1233.7,1232.0,1233.7,1232.0,41906.3,34,2025-09-23 21:39:59
2025-09-23 21:40:00,1232.0,1230.8,1232.0,1230.4,262262.2,213,2025-09-23 21:49:59
2025-09-23 21:50:00,1231.5,1223.1,1232.0,1223.0,2004769.5,1636,2025-09-23 21:59:59
2025-09-23 22:00:00,1223.0,1223.3,1224.5,1223.0,5227215.500000001,4274,2025-09-23 22:09:59
2025-09-23 22:10:00,1223.2,1223.7,1224.5,1223.0,406169.8999999999,332,2025-09-23 22:19:59
2025-09-23 22:20:00,1223.8,1223.8,1224.8,1223.0,1144852.3,936,2025-09-23 22:29:59
2025-09-23 22:30:00,1223.0,1223.0,1223.8,1223.0,840281.4,687,2025-09-23 22:39:59
2025-09-23 22:40:00,1223.1,1223.8,1223.8,1223.0,3494154.0000000005,2857,2025-09-23 22:49:59
2025-09-23 22:50:00,1223.1,1218.4,1223.5,1218.4,3979990.1,3255,2025-09-23 22:59:59
2025-09-23 23:00:00,1218.4,1220.6,1220.8,1213.4,3008685.0,2474,2025-09-23 23:09:59
2025-09-23 23:10:00,1220.9,1218.0,1221.0,1217.4,748743.7,614,2025-09-23 23:19:59
2025-09-23 23:20:00,1218.0,1226.4,1231.1,1218.0,2147229.0,1755,2025-09-23 23:29:59
2025-09-23 23:30:00,1230.9,1230.6,1231.9,1227.4,1052311.7999999998,855,2025-09-23 23:39:59
2025-09-23 23:40:00,1231.0,1227.9,1235.0,1224.8,1351988.6,1098,2025-09-23 23:49:59
2025-09-24 06:50:00,1227.9,1227.9,1227.9,1227.9,41748.6,34,2025-09-24 06:59:59
2025-09-24 07:00:00,1230.8,1234.2,1248.1,1227.9,1869564.4,1508,2025-09-24 07:09:59
2025-09-24 07:10:00,1234.2,1231.9,1234.7,1229.8,492731.2,400,2025-09-24 07:19:59
2025-09-24 07:20:00,1233.1,1244.0,1245.1,1230.4,8160663.000000001,6579,2025-09-24 07:29:59
2025-09-24 07:30:00,1244.0,1245.4,1245.6,1242.9,692711.6,557,2025-09-24 07:39:59
2025-09-24 07:40:00,1245.4,1243.2,1245.4,1243.2,633039.1,509,2025-09-24 07:49:59
2025-09-24 07:50:00,1243.2,1246.7,1247.0,1243.2,861730.8,692,2025-09-24 07:59:59
2025-09-24 08:00:00,1246.2,1243.6,1247.5,1242.2,1360580.4000000001,1094,2025-09-24 08:09:59
2025-09-24 08:10:00,1243.0,1241.0,1245.5,1240.0,1869506.7999999998,1505,2025-09-24 08:19:59
2025-09-24 08:20:00,1240.3,1244.4,1244.4,1240.3,628538.0,506,2025-09-24 08:29:59
2025-09-24 08:30:00,1244.4,1249.2,1250.2,1240.2,2901570.4999999995,2328,2025-09-24 08:39:59
2025-09-24 08:40:00,1245.5,1243.0,1246.1,1242.0,806257.6999999998,648,2025-09-24 08:49:59
2025-09-24 08:50:00,1245.0,1244.0,1246.2,1243.4,1207141.8,970,2025-09-24 08:59:59
2025-09-24 09:00:00,1242.8,1240.0,1242.8,1238.4,873143.7,704,2025-09-24 09:09:59
2025-09-24 09:10:00,1240.9,1234.4,1240.9,1230.8,3907195.4000000004,3164,2025-09-24 09:19:59
2025-09-24 09:20:00,1233.8,1234.1,1234.6,1231.2,2011673.9000000001,1632,2025-09-24 09:29:59
2025-09-24 09:30:00,1233.9,1233.1,1234.8,1231.3,1163897.5,944,2025-09-24 09:39:59
2025-09-24 09:40:00,1232.4,1232.4,1234.7,1232.0,362671.60000000003,294,2025-09-24 09:49:59
2025-09-24 09:50:00,1232.4,1242.4,1242.9,1232.4,2752071.7999999993,2223,2025-09-24 09:59:59
2025-09-24 10:00:00,1240.5,1234.4,1242.6,1232.6,2359601.5999999996,1910,2025-09-24 10:09:59
2025-09-24 10:10:00,1234.7,1241.5,1242.0,1234.4,1174102.6,948,2025-09-24 10:19:59
2025-09-24 10:20:00,1241.9,1245.0,1245.0,1241.4,1829835.4000000001,1472,2025-09-24 10:29:59
2025-09-24 10:30:00,1245.5,1247.8,1249.2,1245.1,1212241.2,972,2025-09-24 10:39:59
2025-09-24 10:40:00,1247.7,1249.3,1251.0,1246.9,2447760.6999999993,1960,2025-09-24 10:49:59
2025-09-24 10:50:00,1249.2,1249.9,1250.2,1248.8,1009724.5,808,2025-09-24 10:59:59
2025-09-24 11:00:00,1250.0,1248.9,1250.9,1247.1,2535307.0,2030,2025-09-24 11:09:59
2025-09-24 11:10:00,1248.0,1248.3,1249.5,1247.0,591462.2999999999,474,2025-09-24 11:19:59
2025-09-24 11:20:00,1248.2,1248.1,1249.4,1248.0,538060.7,431,2025-09-24 11:29:59
2025-09-24 11:30:00,1248.5,1249.9,1250.0,1248.0,1578003.7000000002,1263,2025-09-24 11:39:59
2025-09-24 11:40:00,1249.9,1247.0,1249.9,1246.9,3918474.1999999993,3142,2025-09-24 11:49:59
2025-09-24 11:50:00,1246.9,1249.0,1249.9,1246.9,1233733.4,989,2025-09-24 11:59:59
2025-09-24 12:00:00,1249.0,1249.6,1249.6,1247.5,458350.8,367,2025-09-24 12:09:59
2025-09-24 12:10:00,1249.2,1248.4,1249.3,1247.6,416932.1,334,2025-09-24 12:19:59
2025-09-24 12:20:00,1248.6,1247.0,1249.3,1247.0,604061.1,484,2025-09-24 12:29:59
2025-09-24 12:30:00,1247.0,1247.4,1248.0,1247.0,224482.49999999997,180,2025-09-24 12:39:59
2025-09-24 12:40:00,1247.9,1247.0,1247.9,1246.9,617330.4,495,2025-09-24 12:49:59
2025-09-24 12:50:00,1247.1,1247.0,1247.1,1246.9,1594870.8,1279,2025-09-24 12:59:59
2025-09-24 13:00:00,1247.0,1247.0,1247.0,1246.9,689548.7,553,2025-09-24 13:09:59
2025-09-24 13:10:00,1247.0,1249.0,1249.3,1246.9,1886332.1000000006,1512,2025-09-24 13:19:59
2025-09-24 13:20:00,1249.0,1249.0,1250.0,1249.0,609796.0,488,2025-09-24 13:29:59
2025-09-24 13:30:00,1249.2,1249.1,1249.2,1248.5,623184.5999999999,499,2025-09-24 13:39:59
2025-09-24 13:40:00,1249.1,1248.5,1249.2,1248.0,1765252.0,1414,2025-09-24 13:49:59
2025-09-24 13:50:00,1248.5,1248.0,1248.8,1248.0,1673717.8,1341,2025-09-24 13:59:59
2025-09-24 14:00:00,1248.0,1246.2,1248.2,1243.2,3559919.2999999993,2858,2025-09-24 14:09:59
2025-09-24 14:10:00,1245.4,1245.4,1246.1,1243.7,1253563.8999999997,1007,2025-09-24 14:19:59
2025-09-24 14:20:00,1245.0,1237.6,1245.3,1236.7,6673248.9,5381,2025-09-24 14:29:59
2025-09-24 14:30:00,1237.7,1237.7,1239.9,1236.4,1472879.7,1190,2025-09-24 14:39:59
2025-09-24 14:40:00,1237.9,1238.3,1238.6,1234.7,1498426.5,1212,2025-09-24 14:49:59
2025-09-24 14:50:00,1237.6,1238.8,1238.9,1235.2,1866885.1,1509,2025-09-24 14:59:59
2025-09-24 15:00:00,1238.0,1235.6,1238.3,1232.1,3032947.4,2456,2025-09-24 15:09:59
2025-09-24 15:10:00,1235.3,1233.6,1235.3,1233.0,1172172.7,950,2025-09-24 15:19:59
2025-09-24 15:20:00,1233.6,1232.5,1233.9,1231.2,1025329.0,832,2025-09-24 15:29:59
2025-09-24 15:30:00,1232.5,1232.9,1236.1,1231.5,1386559.1999999997,1124,2025-09-24 15:39:59
2025-09-24 15:40:00,1232.8,1231.6,1233.0,1231.2,1279861.8,1039,2025-09-24 15:49:59
2025-09-24 15:50:00,1231.6,1225.8,1231.6,1214.8,11608163.800000003,9503,2025-09-24 15:59:59
2025-09-24 16:00:00,1226.1,1237.6,1237.6,1225.3,3020849.7999999993,2456,2025-09-24 16:09:59
2025-09-24 16:10:00,1237.5,1237.5,1238.8,1237.2,555983.3999999999,449,2025-09-24 16:19:59
2025-09-24 16:20:00,1237.5,1235.9,1238.0,1234.2,1160446.9999999998,939,2025-09-24 16:29:59
2025-09-24 16:30:00,1235.1,1226.9,1235.5,1226.7,1861445.7000000002,1512,2025-09-24 16:39:59
2025-09-24 16:40:00,1226.9,1225.3,1228.3,1225.3,779011.0000000002,635,2025-09-24 16:49:59
2025-09-24 16:50:00,1225.3,1222.9,1227.2,1221.9,1047130.7999999998,855,2025-09-24 16:59:59
2025-09-24 17:00:00,1223.0,1226.9,1227.2,1223.0,468010.2,382,2025-09-24 17:09:59
2025-09-24 17:10:00,1226.9,1226.1,1227.5,1225.0,261291.90000000002,213,2025-09-24 17:19:59
2025-09-24 17:20:00,1226.1,1226.7,1227.4,1225.6,454976.00000000006,371,2025-09-24 17:29:59
2025-09-24 17:30:00,1225.6,1223.8,1225.9,1220.0,1815800.7000000007,1485,2025-09-24 17:39:59
2025-09-24 17:40:00,1224.4,1225.0,1225.1,1223.4,153013.60000000003,125,2025-09-24 17:49:59
2025-09-24 17:50:00,1223.9,1229.6,1229.9,1223.9,905259.8,737,2025-09-24 17:59:59
2025-09-24 18:00:00,1229.6,1228.9,1230.0,1228.9,269280.6,219,2025-09-24 18:09:59
2025-09-24 18:10:00,1228.2,1229.1,1230.5,1227.1,501386.19999999995,408,2025-09-24 18:19:59
2025-09-24 18:20:00,1229.0,1233.1,1235.0,1228.7,3077911.4999999995,2497,2025-09-24 18:29:59
2025-09-24 18:30:00,1233.0,1231.0,1236.8,1229.8,2711624.2999999993,2197,2025-09-24 18:39:59
2025-09-24 18:40:00,1231.0,1231.0,1231.0,1231.0,16003.0,13,2025-09-24 18:46:09
2025-09-24 19:00:00,1231.1,1231.3,1231.3,1231.0,120646.7,98,2025-09-24 19:09:59
2025-09-24 19:10:00,1231.4,1231.4,1231.6,1231.0,317647.79999999993,258,2025-09-24 19:19:59
2025-09-24 19:20:00,1231.0,1231.5,1231.5,1231.0,151423.90000000002,123,2025-09-24 19:29:59
2025-09-24 19:30:00,1231.4,1233.0,1233.0,1231.2,287013.0,233,2025-09-24 19:39:59
2025-09-24 19:40:00,1233.0,1236.4,1236.4,1231.7,278664.49999999994,226,2025-09-24 19:49:59
2025-09-24 19:50:00,1236.0,1236.2,1241.5,1236.0,791508.9000000004,639,2025-09-24 19:59:59
2025-09-24 20:00:00,1238.1,1238.9,1239.9,1236.8,403821.49999999994,326,2025-09-24 20:09:59
2025-09-24 20:10:00,1238.9,1240.4,1242.5,1238.7,885844.1000000001,714,2025-09-24 20:19:59
2025-09-24 20:20:00,1239.9,1236.5,1241.1,1234.8,445184.7,360,2025-09-24 20:29:59
2025-09-24 20:30:00,1235.1,1239.8,1240.4,1235.1,428606.39999999997,346,2025-09-24 20:39:59
2025-09-24 20:40:00,1239.7,1239.0,1239.7,1239.0,59485.9,48,2025-09-24 20:49:59
2025-09-24 20:50:00,1238.9,1238.7,1239.0,1237.5,144909.8,117,2025-09-24 20:59:59
2025-09-24 21:00:00,1238.0,1237.7,1239.0,1237.7,71830.29999999999,58,2025-09-24 21:09:59
2025-09-24 21:10:00,1238.1,1238.8,1238.9,1237.7,238987.2,193,2025-09-24 21:19:59
2025-09-24 21:20:00,1238.9,1239.0,1239.0,1238.8,44600.6,36,2025-09-24 21:29:59
2025-09-24 21:30:00,1238.8,1239.0,1239.0,1238.8,27257.0,22,2025-09-24 21:39:59
2025-09-24 21:40:00,1238.8,1238.0,1239.0,1238.0,120141.20000000001,97,2025-09-24 21:49:59
2025-09-24 21:50:00,1238.2,1239.0,1239.0,1237.4,152247.7,123,2025-09-24 21:59:59
2025-09-24 22:00:00,1238.7,1238.6,1242.0,1232.4,1837934.5,1486,2025-09-24 22:09:59
2025-09-24 22:10:00,1238.6,1236.8,1238.6,1236.8,14854.099999999999,12,2025-09-24 22:19:59
2025-09-24 22:20:00,1237.6,1237.1,1237.6,1236.3,121182.7,98,2025-09-24 22:29:59
2025-09-24 22:30:00,1236.9,1238.0,1239.0,1236.8,211815.2,171,2025-09-24 22:39:59
2025-09-24 22:40:00,1238.0,1238.3,1238.3,1237.8,64367.2,52,2025-09-24 22:49:59
2025-09-24 22:50:00,1238.9,1239.0,1239.0,1238.9,32213.100000000002,26,2025-09-24 22:59:59
2025-09-24 23:00:00,1238.2,1238.9,1238.9,1238.0,263758.10000000003,213,2025-09-24 23:09:59
2025-09-24 23:10:00,1238.9,1237.9,1238.9,1235.5,444138.89999999997,359,2025-09-24 23:19:59
2025-09-24 23:20:00,1237.8,1238.5,1238.5,1237.0,29697.6,24,2025-09-24 23:29:59
2025-09-24 23:30:00,1238.0,1238.8,1238.8,1237.9,122611.4,99,2025-09-24 23:39:59
2025-09-24 23:40:00,1238.8,1241.5,1241.5,1238.5,1273277.5,1027,2025-09-24 23:49:59
2025-09-25 07:00:00,1242.2,1244.5,1249.3,1242.0,417309.0,335,2025-09-25 07:09:59
2025-09-25 07:10:00,1245.3,1245.3,1245.3,1243.8,63488.3,51,2025-09-25 07:19:59
2025-09-25 07:20:00,1243.8,1243.3,1245.3,1243.3,158121.80000000002,127,2025-09-25 07:29:59
2025-09-25 07:30:00,1243.3,1245.0,1245.0,1240.3,149074.8,120,2025-09-25 07:39:59
2025-09-25 07:40:00,1244.0,1244.9,1245.0,1241.1,104462.3,84,2025-09-25 07:49:59
2025-09-25 07:50:00,1242.9,1242.9,1244.6,1242.8,65875.3,53,2025-09-25 07:59:59
2025-09-25 08:00:00,1244.7,1244.1,1244.8,1243.0,128078.3,103,2025-09-25 08:09:59
2025-09-25 08:10:00,1243.0,1244.7,1244.8,1241.0,238765.00000000003,192,2025-09-25 08:19:59
2025-09-25 08:20:00,1244.2,1248.1,1249.8,1244.2,755774.7,606,2025-09-25 08:29:59
2025-09-25 08:30:00,1247.5,1250.0,1253.5,1245.5,1073982.9000000004,859,2025-09-25 08:39:59
2025-09-25 08:40:00,1247.8,1248.1,1249.6,1245.7,246915.90000000002,198,2025-09-25 08:49:59
2025-09-25 08:50:00,1246.1,1246.7,1247.9,1245.0,413458.0,332,2025-09-25 08:59:59
2025-09-25 09:00:00,1245.4,1244.0,1245.4,1244.0,102077.4,82,2025-09-25 09:09:59
2025-09-25 09:10:00,1244.2,1245.5,1245.5,1244.1,62225.7,50,2025-09-25 09:19:59
2025-09-25 09:20:00,1245.5,1246.9,1249.6,1245.5,415636.8,333,2025-09-25 09:29:59
2025-09-25 09:30:00,1247.2,1249.0,1249.9,1246.9,231064.90000000002,185,2025-09-25 09:39:59
2025-09-25 09:40:00,1248.1,1249.0,1249.0,1247.1,224642.9,180,2025-09-25 09:49:59
2025-09-25 09:50:00,1249.0,1250.8,1250.9,1247.5,347440.39999999997,278,2025-09-25 09:59:59
2025-09-25 10:00:00,1250.0,1246.6,1250.1,1245.2,1133761.1,909,2025-09-25 10:09:59
2025-09-25 10:10:00,1246.6,1248.5,1248.5,1245.8,602355.4999999999,483,2025-09-25 10:19:59
2025-09-25 10:20:00,1248.0,1246.0,1249.2,1245.1,642559.1000000001,515,2025-09-25 10:29:59
2025-09-25 10:30:00,1245.9,1245.2,1246.0,1244.0,891240.2,716,2025-09-25 10:39:59
2025-09-25 10:40:00,1244.6,1244.7,1246.0,1244.6,210458.39999999997,169,2025-09-25 10:49:59
2025-09-25 10:50:00,1244.7,1243.5,1244.7,1243.2,587253.3999999999,472,2025-09-25 10:59:59
2025-09-25 11:00:00,1244.2,1244.1,1245.4,1243.2,205207.7,165,2025-09-25 11:09:59
2025-09-25 11:10:00,1244.1,1244.1,1244.1,1239.9,1298009.1000000003,1045,2025-09-25 11:19:59
2025-09-25 11:20:00,1244.2,1244.9,1244.9,1244.2,540216.2000000001,434,2025-09-25 11:29:59
2025-09-25 11:30:00,1244.8,1249.8,1250.0,1244.8,2436400.500000001,1954,2025-09-25 11:39:59
2025-09-25 11:40:00,1249.5,1248.0,1251.5,1247.2,1217651.7,974,2025-09-25 11:49:59
2025-09-25 11:50:00,1248.0,1248.4,1248.4,1246.9,235797.59999999998,189,2025-09-25 11:59:59
2025-09-25 12:00:00,1247.0,1245.4,1247.5,1245.2,284262.1,228,2025-09-25 12:09:59
2025-09-25 12:10:00,1245.9,1245.3,1246.1,1244.0,603668.6,485,2025-09-25 12:19:59
2025-09-25 12:20:00,1244.8,1245.9,1246.0,1241.6,1416653.1,1139,2025-09-25 12:29:59
2025-09-25 12:30:00,1245.9,1241.1,1245.9,1241.0,914632.4999999999,736,2025-09-25 12:39:59
2025-09-25 12:40:00,1241.0,1242.5,1242.7,1240.0,475233.1000000003,383,2025-09-25 12:49:59
2025-09-25 12:50:00,1242.6,1240.0,1242.6,1240.0,207285.6,167,2025-09-25 12:59:59
2025-09-25 13:00:00,1240.0,1239.8,1241.3,1239.3,290292.7,234,2025-09-25 13:09:59
2025-09-25 13:10:00,1240.7,1237.7,1241.3,1237.0,602320.3,486,2025-09-25 13:19:59
2025-09-25 13:20:00,1238.2,1238.1,1239.2,1237.7,283526.39999999997,229,2025-09-25 13:29:59
2025-09-25 13:30:00,1238.1,1238.0,1238.7,1237.6,246375.8,199,2025-09-25 13:39:59
2025-09-25 13:40:00,1238.0,1238.3,1239.6,1237.6,108995.8,88,2025-09-25 13:49:59
2025-09-25 13:50:00,1239.5,1236.1,1240.8,1236.0,899821.6000000002,727,2025-09-25 13:59:59
2025-09-25 14:00:00,1236.0,1235.9,1236.0,1232.3,899887.0000000001,729,2025-09-25 14:09:59
2025-09-25 14:10:00,1235.9,1237.0,1237.0,1235.9,173072.39999999997,140,2025-09-25 14:19:59
2025-09-25 14:20:00,1236.3,1235.8,1237.5,1233.8,911774.3,738,2025-09-25 14:29:59
2025-09-25 14:30:00,1237.0,1236.1,1237.5,1235.6,123629.4,100,2025-09-25 14:39:59
2025-09-25 14:40:00,1236.8,1239.9,1240.1,1235.9,443318.69999999995,358,2025-09-25 14:49:59
2025-09-25 14:50:00,1239.9,1241.0,1244.4,1239.9,931394.8999999999,750,2025-09-25 14:59:59
2025-09-25 15:00:00,1241.0,1239.5,1241.4,1239.5,512152.20000000007,413,2025-09-25 15:09:59
2025-09-25 15:10:00,1240.3,1239.9,1241.1,1239.5,167422.6,135,2025-09-25 15:19:59
2025-09-25 15:20:00,1239.9,1239.9,1240.8,1239.0,205764.7,166,2025-09-25 15:29:59
2025-09-25 15:30:00,1239.6,1238.0,1239.6,1238.0,491776.50000000006,397,2025-09-25 15:39:59
2025-09-25 15:40:00,1238.3,1238.4,1239.2,1237.0,2367891.9999999995,1912,2025-09-25 15:49:59
2025-09-25 15:50:00,1239.1,1237.3,1239.1,1237.1,431989.4,349,2025-09-25 15:59:03
2025-09-25 16:00:00,1237.2,1238.1,1238.6,1237.2,152246.80000000002,123,2025-09-25 16:09:59
2025-09-25 16:10:00,1237.3,1237.5,1239.2,1237.2,371478.5,300,2025-09-25 16:19:59
2025-09-25 16:20:00,1237.4,1236.9,1238.8,1236.9,355052.6,287,2025-09-25 16:29:59
2025-09-25 16:30:00,1236.5,1236.4,1237.4,1236.4,241220.90000000002,195,2025-09-25 16:39:59
2025-09-25 16:40:00,1236.6,1233.8,1236.6,1233.1,812014.0000000001,658,2025-09-25 16:49:59
2025-09-25 16:50:00,1233.8,1233.3,1234.2,1233.1,53046.69999999999,43,2025-09-25 16:59:59
2025-09-25 17:00:00,1234.0,1234.1,1234.3,1233.0,164093.1,133,2025-09-25 17:09:59
2025-09-25 17:10:00,1233.6,1235.5,1236.0,1233.2,579238.9000000001,469,2025-09-25 17:19:59
2025-09-25 17:20:00,1236.1,1235.8,1236.1,1234.8,326037.1000000001,264,2025-09-25 17:29:59
2025-09-25 17:30:00,1235.8,1237.2,1237.5,1234.9,179251.5,145,2025-09-25 17:39:59
2025-09-25 17:40:00,1237.2,1234.6,1237.4,1234.6,384220.30000000005,311,2025-09-25 17:49:59
2025-09-25 17:50:00,1235.6,1234.8,1236.1,1234.5,264380.89999999997,214,2025-09-25 17:59:59
2025-09-25 18:00:00,1235.4,1235.5,1235.7,1234.7,721197.7000000001,584,2025-09-25 18:09:59
2025-09-25 18:10:00,1235.4,1234.5,1236.3,1234.5,1066848.4,864,2025-09-25 18:19:59
2025-09-25 18:20:00,1234.5,1234.5,1236.0,1234.5,591389.8999999999,479,2025-09-25 18:29:59
2025-09-25 18:30:00,1235.3,1230.8,1235.3,1230.6,1494362.0,1212,2025-09-25 18:39:59
2025-09-25 18:40:00,1237.1,1237.1,1237.1,1237.1,1029267.1999999998,832,2025-09-25 18:49:03
2025-09-25 19:00:00,1236.9,1234.5,1236.9,1232.2,566560.4,459,2025-09-25 19:09:59
2025-09-25 19:10:00,1234.5,1235.8,1235.9,1234.2,422425.69999999995,342,2025-09-25 19:19:59
2025-09-25 19:20:00,1234.6,1232.6,1235.4,1231.5,782891.5,635,2025-09-25 19:29:59
2025-09-25 19:30:00,1232.6,1232.7,1233.8,1232.6,102351.70000000001,83,2025-09-25 19:39:59
2025-09-25 19:40:00,1233.8,1234.2,1234.7,1232.8,69092.59999999999,56,2025-09-25 19:49:59
2025-09-25 19:50:00,1233.7,1233.8,1234.4,1233.3,66643.3,54,2025-09-25 19:59:59
2025-09-25 20:00:00,1235.0,1235.0,1235.0,1234.0,249378.19999999998,202,2025-09-25 20:09:59
2025-09-25 20:10:00,1235.0,1234.1,1235.8,1234.0,204959.40000000002,166,2025-09-25 20:19:59
2025-09-25 20:20:00,1234.8,1233.2,1234.9,1232.0,112270.3,91,2025-09-25 20:29:59
2025-09-25 20:30:00,1233.2,1234.0,1235.5,1232.4,196309.4,159,2025-09-25 20:39:59
2025-09-25 20:40:00,1234.0,1234.1,1236.5,1233.9,188964.6,153,2025-09-25 20:49:59
2025-09-25 20:50:00,1234.9,1234.4,1236.0,1234.2,50628.3,41,2025-09-25 20:59:59
2025-09-25 21:00:00,1234.7,1234.6,1234.7,1234.1,35798.0,29,2025-09-25 21:09:59
2025-09-25 21:10:00,1234.6,1234.0,1234.6,1233.9,85146.0,69,2025-09-25 21:19:59
2025-09-25 21:20:00,1234.2,1233.1,1234.2,1233.1,202287.2,164,2025-09-25 21:29:59
2025-09-25 21:30:00,1233.1,1231.8,1233.2,1230.9,428814.1,348,2025-09-25 21:39:59
2025-09-25 21:40:00,1231.8,1234.6,1240.5,1231.8,1200396.2000000002,971,2025-09-25 21:49:59
2025-09-25 21:50:00,1235.0,1235.7,1237.3,1235.0,128531.19999999998,104,2025-09-25 21:59:08
2025-09-25 22:00:00,1235.7,1237.2,1239.1,1235.7,89112.19999999997,72,2025-09-25 22:09:59
2025-09-25 22:10:00,1237.3,1237.4,1238.5,1236.9,49503.600000000006,40,2025-09-25 22:19:59
2025-09-25 22:20:00,1238.0,1238.5,1240.0,1238.0,65666.7,53,2025-09-25 22:29:59
2025-09-25 22:30:00,1239.5,1237.6,1242.4,1237.3,443803.50000000006,358,2025-09-25 22:39:59
2025-09-25 22:40:00,1237.5,1239.0,1239.4,1237.5,56979.2,46,2025-09-25 22:49:59
2025-09-25 22:50:00,1237.9,1236.9,1238.7,1236.9,48261.600000000006,39,2025-09-25 22:58:03
2025-09-25 23:00:00,1236.5,1236.7,1237.7,1236.5,64316.8,52,2025-09-25 23:09:59
2025-09-25 23:10:00,1236.5,1233.5,1237.5,1233.5,276735.70000000007,224,2025-09-25 23:19:59
2025-09-25 23:20:00,1233.5,1234.5,1234.5,1233.5,16037.7,13,2025-09-25 23:29:59
2025-09-25 23:30:00,1234.2,1234.1,1234.8,1233.6,138253.2,112,2025-09-25 23:39:59
2025-09-25 23:40:00,1234.8,1234.3,1235.0,1234.0,444469.59999999986,360,2025-09-25 23:49:59
2025-09-26 06:50:00,1234.3,1234.3,1234.3,1234.3,3702.8999999999996,3,2025-09-26 06:59:59
2025-09-26 07:00:00,1239.2,1235.5,1239.2,1233.5,81475.9,66,2025-09-26 07:09:59
2025-09-26 07:10:00,1235.6,1235.6,1235.6,1233.5,197614.60000000003,160,2025-09-26 07:19:59
2025-09-26 07:20:00,1235.6,1233.1,1235.6,1233.1,83987.40000000001,68,2025-09-26 07:29:59
2025-09-26 07:30:00,1233.1,1233.1,1235.5,1233.1,39469.2,32,2025-09-26 07:39:59
2025-09-26 07:40:00,1233.1,1235.1,1235.2,1233.1,33329.6,27,2025-09-26 07:49:59
2025-09-26 07:50:00,1235.1,1234.8,1235.5,1233.1,114777.3,93,2025-09-26 07:59:59
2025-09-26 08:00:00,1233.2,1234.0,1234.9,1233.1,22200.400000000005,18,2025-09-26 08:09:59
2025-09-26 08:10:00,1234.0,1234.2,1235.3,1231.7,125733.80000000002,102,2025-09-26 08:19:59
2025-09-26 08:20:00,1234.2,1235.6,1235.6,1234.2,104961.79999999999,85,2025-09-26 08:29:59
2025-09-26 08:30:00,1235.6,1235.5,1235.6,1234.5,44476.899999999994,36,2025-09-26 08:39:59
2025-09-26 08:40:00,1235.6,1235.5,1235.6,1234.5,33346.9,27,2025-09-26 08:49:59
2025-09-26 08:50:00,1235.5,1238.6,1239.0,1235.2,309267.0,250,2025-09-26 08:59:59
2025-09-26 09:00:00,1237.4,1245.8,1246.8,1236.8,1181448.3000000003,950,2025-09-26 09:09:59
2025-09-26 09:10:00,1246.7,1243.6,1249.0,1231.0,8331408.600000001,6723,2025-09-26 09:19:59
2025-09-26 09:20:00,1243.2,1243.4,1243.6,1241.6,202532.00000000003,163,2025-09-26 09:29:59
2025-09-26 09:30:00,1242.4,1240.1,1242.4,1238.7,1202971.1,969,2025-09-26 09:39:59
2025-09-26 09:40:00,1238.9,1238.9,1240.1,1237.5,97868.20000000001,79,2025-09-26 09:49:59
2025-09-26 09:50:00,1240.1,1239.7,1243.4,1239.7,429647.2999999999,346,2025-09-26 09:59:59
2025-09-26 10:00:00,1239.6,1238.4,1242.1,1236.9,488085.8,394,2025-09-26 10:09:59
2025-09-26 10:10:00,1237.0,1234.5,1237.3,1233.2,861099.4,697,2025-09-26 10:19:59
2025-09-26 10:20:00,1233.2,1235.2,1235.5,1233.0,537941.0000000001,436,2025-09-26 10:29:59
2025-09-26 10:30:00,1235.2,1232.4,1235.2,1232.1,2551253.7,2069,2025-09-26 10:39:59
2025-09-26 10:40:00,1232.4,1232.1,1233.4,1232.1,301998.4,245,2025-09-26 10:49:59
2025-09-26 10:50:00,1232.9,1237.1,1237.1,1232.9,1202306.9000000004,973,2025-09-26 10:59:59
2025-09-26 11:00:00,1236.0,1236.6,1237.0,1234.9,297961.10000000003,241,2025-09-26 11:09:59
2025-09-26 11:10:00,1236.5,1236.5,1236.6,1235.7,43270.4,35,2025-09-26 11:19:59
2025-09-26 11:20:00,1235.8,1233.9,1236.1,1232.0,915029.2,742,2025-09-26 11:29:59
2025-09-26 11:30:00,1233.6,1233.1,1233.6,1232.1,319264.7,259,2025-09-26 11:39:59
2025-09-26 11:40:00,1233.1,1235.4,1235.4,1233.0,96301.0,78,2025-09-26 11:49:59
2025-09-26 11:50:00,1235.3,1234.0,1235.4,1233.1,107375.0,87,2025-09-26 11:59:59
2025-09-26 12:00:00,1233.8,1235.0,1235.4,1233.8,799856.3000000003,648,2025-09-26 12:09:59
2025-09-26 12:10:00,1235.3,1236.9,1237.0,1234.3,381796.80000000005,309,2025-09-26 12:19:59
2025-09-26 12:20:00,1237.0,1237.2,1237.6,1235.7,747207.6000000002,604,2025-09-26 12:29:59
2025-09-26 12:30:00,1237.5,1238.4,1244.8,1237.5,7312491.599999998,5893,2025-09-26 12:39:59
2025-09-26 12:40:00,1238.4,1238.1,1239.9,1236.1,1467948.1,1185,2025-09-26 12:49:59
2025-09-26 12:50:00,1237.8,1238.9,1239.6,1237.4,756669.3999999999,611,2025-09-26 12:59:59
2025-09-26 13:00:00,1238.2,1236.8,1238.2,1234.3,2036575.4999999998,1648,2025-09-26 13:09:59
2025-09-26 13:10:00,1236.8,1238.9,1239.0,1236.2,382404.1,309,2025-09-26 13:19:59
2025-09-26 13:20:00,1238.9,1238.5,1241.1,1238.5,751309.6,606,2025-09-26 13:29:59
2025-09-26 13:30:00,1238.4,1237.7,1238.8,1237.5,116364.6,94,2025-09-26 13:39:59
2025-09-26 13:40:00,1237.7,1239.4,1242.4,1236.2,1726814.4,1392,2025-09-26 13:49:59
2025-09-26 13:50:00,1238.6,1241.9,1241.9,1238.6,360764.1,291,2025-09-26 13:59:59
2025-09-26 14:00:00,1241.8,1239.0,1241.8,1237.6,717245.2,579,2025-09-26 14:09:59
2025-09-26 14:10:00,1238.2,1235.5,1238.9,1234.5,1325503.7999999998,1072,2025-09-26 14:19:59
2025-09-26 14:20:00,1235.5,1237.1,1237.7,1235.1,334940.6,271,2025-09-26 14:29:59
2025-09-26 14:30:00,1237.1,1236.8,1238.6,1234.2,592994.4,480,2025-09-26 14:39:59
2025-09-26 14:40:00,1237.4,1239.0,1239.0,1236.7,383770.29999999993,310,2025-09-26 14:49:59
2025-09-26 14:50:00,1239.1,1238.8,1239.7,1238.3,173471.3,140,2025-09-26 14:59:59
2025-09-26 15:00:00,1239.4,1238.6,1239.4,1237.2,256315.80000000002,207,2025-09-26 15:09:59
2025-09-26 15:10:00,1238.1,1238.2,1239.1,1238.0,58223.799999999996,47,2025-09-26 15:19:59
2025-09-26 15:20:00,1238.2,1235.5,1238.6,1234.0,614195.8,497,2025-09-26 15:29:59
2025-09-26 15:30:00,1235.5,1237.4,1237.4,1234.0,878222.2000000001,711,2025-09-26 15:39:59
2025-09-26 15:40:00,1237.2,1236.5,1237.2,1235.0,253448.69999999998,205,2025-09-26 15:49:59
2025-09-26 15:50:00,1237.4,1239.9,1240.0,1236.8,333225.00000000006,269,2025-09-26 15:59:59
2025-09-26 16:00:00,1239.8,1239.9,1240.0,1239.8,332304.0,268,2025-09-26 16:09:59
2025-09-26 16:10:00,1240.0,1238.0,1240.0,1236.7,538761.7,435,2025-09-26 16:19:59
2025-09-26 16:20:00,1237.8,1237.6,1237.8,1236.7,162121.80000000002,131,2025-09-26 16:29:59
2025-09-26 16:30:00,1237.6,1237.6,1237.7,1236.3,439303.1,355,2025-09-26 16:39:59
2025-09-26 16:40:00,1237.7,1236.1,1237.7,1235.2,647847.1,524,2025-09-26 16:49:59
2025-09-26 16:50:00,1236.1,1236.0,1236.8,1234.4,615013.2999999999,498,2025-09-26 16:59:59
2025-09-26 17:00:00,1236.0,1234.8,1236.0,1233.4,666443.3999999999,540,2025-09-26 17:09:59
2025-09-26 17:10:00,1234.8,1235.6,1235.9,1233.2,673874.0999999997,546,2025-09-26 17:19:59
2025-09-26 17:20:00,1235.9,1233.6,1236.0,1233.2,2001146.6999999995,1622,2025-09-26 17:29:59
2025-09-26 17:30:00,1234.5,1237.0,1237.2,1234.1,333728.5,270,2025-09-26 17:39:59
2025-09-26 17:40:00,1237.0,1237.0,1238.0,1237.0,497382.79999999993,402,2025-09-26 17:49:59
2025-09-26 17:50:00,1237.0,1239.7,1240.0,1237.0,1107191.9,894,2025-09-26 17:59:59
2025-09-26 18:00:00,1239.8,1237.3,1240.0,1237.3,799205.9999999999,645,2025-09-26 18:09:59
2025-09-26 18:10:00,1237.3,1237.7,1239.7,1237.3,675039.8999999999,545,2025-09-26 18:19:59
2025-09-26 18:20:00,1238.8,1237.3,1238.9,1236.2,559331.9999999999,452,2025-09-26 18:29:59
2025-09-26 18:30:00,1238.0,1237.5,1239.8,1233.5,3642957.4000000004,2946,2025-09-26 18:39:59
2025-09-26 18:40:00,1237.6,1237.6,1237.6,1237.6,148512.0,120,2025-09-26 18:49:59
2025-09-26 19:00:00,1237.4,1239.9,1240.9,1237.3,2103757.8,1697,2025-09-26 19:09:59
2025-09-26 19:10:00,1240.0,1238.8,1240.0,1237.4,189497.6,153,2025-09-26 19:19:59
2025-09-26 19:20:00,1238.0,1239.3,1239.4,1237.3,433387.39999999997,350,2025-09-26 19:29:59
2025-09-26 19:30:00,1239.3,1237.2,1239.3,1236.7,180668.90000000002,146,2025-09-26 19:39:59
2025-09-26 19:40:00,1237.3,1236.9,1238.7,1235.8,868264.3,702,2025-09-26 19:49:59
2025-09-26 19:50:00,1236.7,1235.2,1236.7,1235.1,526389.7999999999,426,2025-09-26 19:59:59
2025-09-26 20:00:00,1235.2,1234.9,1235.2,1234.4,237131.99999999997,192,2025-09-26 20:09:59
2025-09-26 20:10:00,1234.8,1234.6,1234.8,1234.3,262972.0,213,2025-09-26 20:19:59
2025-09-26 20:20:00,1234.3,1234.9,1234.9,1234.3,471619.30000000005,382,2025-09-26 20:29:59
2025-09-26 20:30:00,1234.3,1234.9,1234.9,1234.1,17280.9,14,2025-09-26 20:39:59
2025-09-26 20:40:00,1235.0,1235.9,1235.9,1234.7,718812.0,582,2025-09-26 20:49:59
2025-09-26 20:50:00,1237.2,1236.1,1237.9,1236.1,247343.90000000002,200,2025-09-26 20:59:59
2025-09-26 21:00:00,1235.9,1236.8,1237.4,1235.5,175503.59999999998,142,2025-09-26 21:09:59
2025-09-26 21:10:00,1236.8,1237.3,1238.3,1236.4,290738.6,235,2025-09-26 21:19:59
2025-09-26 21:20:00,1238.3,1239.1,1239.3,1238.2,291083.69999999995,235,2025-09-26 21:29:59
2025-09-26 21:30:00,1239.1,1239.1,1239.9,1239.1,607290.7000000001,490,2025-09-26 21:39:59
2025-09-26 21:40:00,1238.4,1235.7,1238.5,1234.6,439817.0,356,2025-09-26 21:49:59
2025-09-26 21:50:00,1235.8,1237.9,1239.7,1235.8,617423.6000000001,499,2025-09-26 21:58:04
2025-09-26 22:00:00,1237.3,1237.1,1237.3,1236.7,513247.5,415,2025-09-26 22:09:59
2025-09-26 22:10:00,1236.7,1236.7,1237.0,1236.7,27210.800000000003,22,2025-09-26 22:19:59
2025-09-26 22:20:00,1236.7,1235.6,1237.0,1235.6,250910.3,203,2025-09-26 22:29:59
2025-09-26 22:30:00,1236.0,1235.8,1236.0,1235.6,58080.600000000006,47,2025-09-26 22:39:59
2025-09-26 22:40:00,1235.8,1236.2,1236.2,1235.6,80334.9,65,2025-09-26 22:49:59
2025-09-26 22:50:00,1236.2,1236.7,1236.7,1235.6,12360.4,10,2025-09-26 22:59:04
2025-09-26 23:00:00,1236.7,1236.6,1236.7,1235.6,86560.2,70,2025-09-26 23:09:59
2025-09-26 23:10:00,1236.7,1236.4,1236.7,1235.4,273070.30000000005,221,2025-09-26 23:19:59
2025-09-26 23:20:00,1236.4,1235.4,1236.6,1235.4,187797.3,152,2025-09-26 23:29:59
2025-09-26 23:30:00,1235.5,1235.5,1236.6,1235.4,77838.9,63,2025-09-26 23:39:59
2025-09-26 23:40:00,1235.9,1236.6,1236.6,1235.3,175432.59999999998,142,2025-09-26 23:49:59
2025-09-27 09:50:00,1236.0,1236.0,1236.0,1236.0,2472.0,2,2025-09-27 09:59:59
2025-09-27 10:00:00,1236.6,1238.0,1240.5,1234.4,316637.7,256,2025-09-27 10:09:59
2025-09-27 10:10:00,1237.7,1238.3,1238.3,1236.6,29707.0,24,2025-09-27 10:19:59
2025-09-27 10:20:00,1236.0,1235.8,1237.5,1235.0,28422.0,23,2025-09-27 10:29:59
2025-09-27 10:30:00,1235.1,1235.3,1235.7,1234.7,39529.1,32,2025-09-27 10:39:59
2025-09-27 10:40:00,1235.0,1232.6,1235.0,1230.4,1620416.1,1315,2025-09-27 10:49:59
2025-09-27 10:50:00,1232.6,1233.0,1234.1,1232.6,72778.09999999999,59,2025-09-27 10:59:59
2025-09-27 11:00:00,1233.8,1233.1,1235.1,1233.0,61708.4,50,2025-09-27 11:09:59
2025-09-27 11:10:00,1233.2,1235.1,1235.4,1233.0,339253.89999999997,275,2025-09-27 11:19:59
2025-09-27 11:20:00,1235.2,1235.5,1235.5,1234.3,35821.299999999996,29,2025-09-27 11:29:59
2025-09-27 11:30:00,1235.3,1235.5,1235.5,1235.3,37064.6,30,2025-09-27 11:39:59
2025-09-27 11:40:00,1235.3,1235.0,1235.5,1235.0,66710.5,54,2025-09-27 11:49:59
2025-09-27 11:50:00,1235.1,1235.5,1235.5,1235.0,38291.0,31,2025-09-27 11:59:59
2025-09-27 12:00:00,1235.5,1235.4,1235.5,1235.0,37059.200000000004,30,2025-09-27 12:09:59
2025-09-27 12:10:00,1234.8,1234.8,1235.5,1234.5,41997.3,34,2025-09-27 12:19:59
2025-09-27 12:20:00,1235.5,1236.0,1236.0,1234.7,140888.1,114,2025-09-27 12:29:59
2025-09-27 12:30:00,1235.9,1235.1,1235.9,1234.9,12354.0,10,2025-09-27 12:39:59
2025-09-27 12:40:00,1234.8,1235.9,1236.0,1234.1,37072.100000000006,30,2025-09-27 12:49:59
2025-09-27 12:50:00,1235.9,1235.9,1236.0,1235.9,44494.7,36,2025-09-27 12:59:59
2025-09-27 13:00:00,1236.0,1236.0,1236.0,1235.9,7415.9,6,2025-09-27 13:09:59
2025-09-27 13:10:00,1236.0,1236.0,1236.0,1235.9,123599.0,100,2025-09-27 13:19:59
2025-09-27 13:20:00,1235.9,1235.8,1236.0,1234.6,24710.3,20,2025-09-27 13:29:59
2025-09-27 13:30:00,1235.8,1235.9,1236.0,1234.3,135923.9,110,2025-09-27 13:39:59
2025-09-27 13:40:00,1235.9,1235.7,1235.9,1235.7,35839.600000000006,29,2025-09-27 13:49:59
2025-09-27 13:50:00,1235.7,1235.7,1235.7,1235.7,8649.9,7,2025-09-27 13:56:01
2025-09-27 14:00:00,1235.7,1235.8,1235.9,1235.7,28422.399999999998,23,2025-09-27 14:09:59
2025-09-27 14:10:00,1235.9,1235.9,1235.9,1235.7,13594.2,11,2025-09-27 14:19:59
2025-09-27 14:20:00,1235.9,1235.7,1235.9,1235.7,29657.000000000004,24,2025-09-27 14:29:59
2025-09-27 14:30:00,1234.6,1237.4,1237.9,1234.4,383512.7,310,2025-09-27 14:39:59
2025-09-27 14:40:00,1237.0,1235.8,1237.2,1235.7,21015.100000000002,17,2025-09-27 14:49:59
2025-09-27 14:50:00,1235.8,1235.8,1235.8,1235.8,3707.3999999999996,3,2025-09-27 14:57:01
2025-09-27 15:00:00,1235.8,1237.0,1237.3,1235.8,32153.2,26,2025-09-27 15:09:59
2025-09-27 15:10:00,1236.9,1237.3,1237.8,1236.9,300740.0,243,2025-09-27 15:19:59
2025-09-27 15:20:00,1237.5,1237.6,1237.6,1237.2,34650.5,28,2025-09-27 15:29:59
2025-09-27 15:30:00,1237.2,1237.6,1237.6,1237.2,13612.400000000001,11,2025-09-27 15:39:59
2025-09-27 15:40:00,1237.6,1237.2,1237.6,1237.2,148465.7,120,2025-09-27 15:49:59
2025-09-27 15:50:00,1237.2,1237.2,1237.5,1237.2,22270.8,18,2025-09-27 15:59:06
2025-09-27 16:00:00,1237.2,1237.2,1237.5,1237.2,145992.6,118,2025-09-27 16:09:59
2025-09-27 16:10:00,1237.5,1237.5,1237.5,1237.5,17325.0,14,2025-09-27 16:19:59
2025-09-27 16:20:00,1237.2,1237.4,1237.5,1237.2,19795.7,16,2025-09-27 16:29:59
2025-09-27 16:30:00,1237.4,1237.0,1237.5,1237.0,127438.20000000001,103,2025-09-27 16:39:59
2025-09-27 16:40:00,1237.2,1237.0,1237.2,1237.0,19794.0,16,2025-09-27 16:49:59
2025-09-27 16:50:00,1237.1,1237.2,1237.2,1237.1,149700.4,121,2025-09-27 16:53:06
2025-09-27 17:00:00,1237.2,1237.2,1237.2,1236.6,37115.4,30,2025-09-27 17:09:59
2025-09-27 17:10:00,1237.2,1236.3,1237.2,1236.3,34637.49999999999,28,2025-09-27 17:19:59
2025-09-27 17:20:00,1236.3,1237.0,1237.1,1234.9,165539.09999999998,134,2025-09-27 17:29:59
2025-09-27 17:30:00,1236.9,1237.0,1237.0,1236.9,44531.4,36,2025-09-27 17:39:59
2025-09-27 17:40:00,1236.9,1237.0,1237.0,1236.9,13606.699999999999,11,2025-09-27 17:49:59
2025-09-27 17:50:00,1237.0,1237.0,1237.0,1237.0,21029.0,17,2025-09-27 17:59:59
2025-09-27 18:00:00,1236.9,1237.0,1237.0,1236.9,22264.8,18,2025-09-27 18:09:59
2025-09-27 18:10:00,1236.4,1236.7,1236.9,1235.5,18541.600000000002,15,2025-09-27 18:19:59
2025-09-27 18:20:00,1236.7,1236.7,1236.9,1235.5,18545.3,15,2025-09-27 18:29:59
2025-09-27 18:30:00,1236.6,1235.8,1237.1,1235.5,33375.3,27,2025-09-27 18:39:59
2025-09-27 18:40:00,1236.8,1236.9,1237.1,1235.7,37101.5,30,2025-09-27 18:49:59
2025-09-27 18:50:00,1235.7,1237.1,1237.1,1235.3,143361.8,116,2025-09-27 18:59:59
2025-09-28 09:50:00,1235.5,1235.5,1235.5,1235.5,19768.0,16,2025-09-28 09:59:59
2025-09-28 10:00:00,1233.2,1234.1,1235.7,1232.5,155534.9,126,2025-09-28 10:09:59
2025-09-28 10:10:00,1234.1,1235.6,1235.8,1234.1,60545.5,49,2025-09-28 10:19:59
2025-09-28 10:20:00,1234.5,1235.8,1235.8,1234.0,37052.9,30,2025-09-28 10:29:59
2025-09-28 10:30:00,1235.0,1235.9,1235.9,1235.0,30890.300000000003,25,2025-09-28 10:39:59
2025-09-28 10:40:00,1235.9,1235.9,1235.9,1235.9,9887.2,8,2025-09-28 10:49:59
2025-09-28 10:50:00,1235.0,1236.4,1236.5,1234.0,76566.70000000001,62,2025-09-28 10:59:59
2025-09-28 11:00:00,1235.1,1234.9,1235.1,1234.8,4939.799999999999,4,2025-09-28 11:09:59
2025-09-28 11:10:00,1235.0,1234.3,1236.2,1234.2,56801.5,46,2025-09-28 11:19:59
2025-09-28 11:20:00,1234.3,1234.3,1234.4,1234.1,28389.3,23,2025-09-28 11:29:59
2025-09-28 11:30:00,1235.0,1235.8,1236.3,1234.7,23478.799999999996,19,2025-09-28 11:39:59
2025-09-28 11:40:00,1234.8,1233.5,1236.0,1233.5,558862.8,453,2025-09-28 11:49:59
2025-09-28 11:50:00,1233.5,1234.6,1234.6,1233.3,12336.500000000002,10,2025-09-28 11:59:01
2025-09-28 12:00:00,1234.5,1233.4,1235.7,1233.3,67885.3,55,2025-09-28 12:09:59
2025-09-28 12:10:00,1234.3,1234.0,1234.4,1233.3,69079.8,56,2025-09-28 12:19:59
2025-09-28 12:20:00,1234.0,1232.9,1234.0,1232.6,92460.1,75,2025-09-28 12:29:59
2025-09-28 12:30:00,1232.9,1232.0,1232.9,1232.0,25888.1,21,2025-09-28 12:39:59
2025-09-28 12:40:00,1232.9,1232.2,1233.6,1232.0,39444.3,32,2025-09-28 12:49:59
2025-09-28 12:50:00,1233.3,1232.5,1233.9,1232.5,18504.3,15,2025-09-28 12:59:59
2025-09-28 13:00:00,1233.9,1233.4,1233.9,1232.4,24654.600000000006,20,2025-09-28 13:09:59
2025-09-28 13:10:00,1233.4,1233.5,1233.9,1232.4,51791.5,42,2025-09-28 13:19:59
2025-09-28 13:20:00,1233.5,1233.5,1233.5,1233.5,8634.5,7,2025-09-28 13:29:59
2025-09-28 13:30:00,1232.7,1233.2,1233.2,1232.1,83807.99999999999,68,2025-09-28 13:39:59
2025-09-28 13:40:00,1233.2,1232.5,1233.7,1232.5,24656.5,20,2025-09-28 13:49:59
2025-09-28 13:50:00,1232.2,1233.4,1233.4,1232.2,19720.1,16,2025-09-28 13:59:59
2025-09-28 14:00:00,1233.4,1233.4,1233.4,1232.3,14797.0,12,2025-09-28 14:09:59
2025-09-28 14:10:00,1233.5,1233.4,1234.6,1233.4,23442.2,19,2025-09-28 14:19:59
2025-09-28 14:20:00,1233.8,1234.1,1234.1,1233.8,19741.1,16,2025-09-28 14:29:59
2025-09-28 14:30:00,1234.1,1233.1,1234.1,1232.0,128170.3,104,2025-09-28 14:39:59
2025-09-28 14:40:00,1232.1,1233.5,1233.8,1232.0,30819.100000000002,25,2025-09-28 14:49:59
2025-09-28 14:50:00,1233.2,1233.1,1233.5,1231.3,70237.00000000001,57,2025-09-28 14:59:01
2025-09-28 15:00:00,1231.5,1231.7,1233.8,1231.2,97326.4,79,2025-09-28 15:09:59
2025-09-28 15:10:00,1232.9,1231.3,1232.9,1231.3,19705.2,16,2025-09-28 15:19:59
2025-09-28 15:20:00,1231.3,1232.1,1232.1,1231.1,27087.999999999996,22,2025-09-28 15:29:59
2025-09-28 15:30:00,1231.5,1232.9,1232.9,1231.5,7393.799999999999,6,2025-09-28 15:39:59
2025-09-28 15:40:00,1231.7,1231.7,1232.4,1231.5,71428.69999999998,58,2025-09-28 15:49:59
2025-09-28 15:50:00,1232.4,1232.5,1232.5,1232.4,8626.9,7,2025-09-28 15:59:59
2025-09-28 16:00:00,1232.4,1232.0,1232.5,1232.0,17250.7,14,2025-09-28 16:09:59
2025-09-28 16:10:00,1232.0,1232.4,1232.4,1232.0,9858.4,8,2025-09-28 16:19:59
2025-09-28 16:20:00,1232.4,1232.0,1232.4,1232.0,13554.5,11,2025-09-28 16:29:59
2025-09-28 16:30:00,1232.3,1232.3,1232.4,1232.0,12322.799999999997,10,2025-09-28 16:39:59
2025-09-28 16:40:00,1232.3,1232.0,1232.3,1231.5,1135911.6,922,2025-09-28 16:49:59
2025-09-28 16:50:00,1231.6,1232.2,1232.2,1231.5,35725.7,29,2025-09-28 16:58:06
2025-09-28 17:00:00,1232.2,1232.0,1232.2,1231.1,144089.30000000002,117,2025-09-28 17:09:59
2025-09-28 17:10:00,1231.8,1232.2,1232.2,1231.1,18475.6,15,2025-09-28 17:19:59
2025-09-28 17:20:00,1232.0,1231.8,1232.0,1231.1,60330.0,49,2025-09-28 17:29:59
2025-09-28 17:30:00,1231.2,1231.8,1231.8,1231.1,20932.5,17,2025-09-28 17:39:59
2025-09-28 17:40:00,1231.8,1231.2,1231.8,1231.2,8621.4,7,2025-09-28 17:49:59
2025-09-28 17:50:00,1231.2,1231.7,1231.8,1231.2,17243.5,14,2025-09-28 17:59:01
2025-09-28 18:00:00,1231.8,1231.7,1231.8,1231.7,9854.0,8,2025-09-28 18:09:59
2025-09-28 18:10:00,1231.2,1231.1,1231.2,1231.0,416082.2,338,2025-09-28 18:19:59
2025-09-28 18:20:00,1231.0,1228.0,1231.0,1225.4,1190013.9000000004,968,2025-09-28 18:29:59
2025-09-28 18:30:00,1227.4,1237.2,1237.2,1227.1,1234521.7,1002,2025-09-28 18:39:59
2025-09-28 18:40:00,1232.5,1233.5,1237.3,1232.5,153333.9,124,2025-09-28 18:49:59
2025-09-28 18:50:00,1235.8,1236.8,1236.9,1233.4,23471.3,19,2025-09-28 18:59:01
2025-09-29 06:50:00,1238.4,1238.4,1238.4,1238.4,12384.0,10,2025-09-29 06:59:59
2025-09-29 07:00:00,1239.6,1237.2,1247.4,1237.2,342240.1,276,2025-09-29 07:09:59
2025-09-29 07:10:00,1237.4,1237.2,1237.4,1234.2,275913.30000000005,223,2025-09-29 07:19:59
2025-09-29 07:20:00,1234.3,1234.3,1237.4,1234.3,11120.7,9,2025-09-29 07:29:59
2025-09-29 07:30:00,1237.2,1234.9,1237.4,1234.8,27209.600000000002,22,2025-09-29 07:39:59
2025-09-29 07:40:00,1234.8,1234.8,1234.8,1234.3,23458.0,19,2025-09-29 07:49:59
2025-09-29 07:50:00,1234.5,1234.5,1234.5,1234.5,16048.5,13,2025-09-29 07:59:01
2025-09-29 08:00:00,1234.7,1234.7,1234.7,1234.3,34565.8,28,2025-09-29 08:09:59
2025-09-29 08:10:00,1234.3,1234.7,1234.7,1234.3,4938.0,4,2025-09-29 08:19:59
2025-09-29 08:20:00,1234.3,1234.5,1234.8,1234.3,56794.7,46,2025-09-29 08:29:59
2025-09-29 08:30:00,1234.4,1234.7,1234.7,1234.3,69131.1,56,2025-09-29 08:39:59
2025-09-29 08:40:00,1234.4,1234.3,1234.7,1234.3,59248.9,48,2025-09-29 08:49:59
2025-09-29 08:50:00,1234.4,1233.0,1234.4,1233.0,508199.6,412,2025-09-29 08:59:59
2025-09-29 09:00:00,1233.0,1233.5,1233.6,1233.0,254003.9,206,2025-09-29 09:09:59
2025-09-29 09:10:00,1233.5,1233.5,1233.5,1233.0,413217.4,335,2025-09-29 09:19:59
2025-09-29 09:20:00,1233.2,1234.2,1234.2,1233.0,217026.0,176,2025-09-29 09:29:59
2025-09-29 09:30:00,1234.0,1234.2,1234.2,1233.1,106130.9,86,2025-09-29 09:39:59
2025-09-29 09:40:00,1234.1,1234.6,1234.6,1233.0,186318.8,151,2025-09-29 09:49:59
2025-09-29 09:50:00,1234.4,1234.5,1234.7,1233.0,456541.69999999995,370,2025-09-29 09:59:59
2025-09-29 10:00:00,1233.1,1234.0,1234.2,1230.8,812517.9000000001,659,2025-09-29 10:09:59
2025-09-29 10:10:00,1232.9,1234.0,1234.6,1232.4,1140761.1,925,2025-09-29 10:19:59
2025-09-29 10:20:00,1233.4,1232.3,1233.4,1230.7,848950.1999999996,689,2025-09-29 10:29:59
2025-09-29 10:30:00,1231.8,1233.8,1234.6,1231.8,372490.29999999993,302,2025-09-29 10:39:59
2025-09-29 10:40:00,1234.3,1237.4,1237.9,1234.1,1661158.0,1344,2025-09-29 10:49:59
2025-09-29 10:50:00,1237.9,1241.1,1241.9,1237.0,1291825.4,1042,2025-09-29 10:59:59
2025-09-29 11:00:00,1241.7,1242.6,1244.6,1241.7,969549.9,780,2025-09-29 11:09:59
2025-09-29 11:10:00,1243.3,1241.7,1243.9,1241.2,4813272.6000000015,3875,2025-09-29 11:19:59
2025-09-29 11:20:00,1241.2,1244.9,1244.9,1241.1,3128180.8,2514,2025-09-29 11:29:59
2025-09-29 11:30:00,1244.4,1244.6,1244.9,1244.2,1334446.5999999999,1072,2025-09-29 11:39:59
2025-09-29 11:40:00,1244.7,1242.3,1244.7,1242.3,460031.7,370,2025-09-29 11:49:59
2025-09-29 11:50:00,1242.2,1243.0,1244.0,1241.5,862376.3,694,2025-09-29 11:59:59
2025-09-29 12:00:00,1243.8,1244.7,1244.9,1243.0,4694148.299999999,3771,2025-09-29 12:09:59
2025-09-29 12:10:00,1244.7,1243.8,1244.9,1243.1,620880.7,499,2025-09-29 12:19:59
2025-09-29 12:20:00,1244.1,1243.6,1244.8,1242.1,721033.7999999999,580,2025-09-29 12:29:59
2025-09-29 12:30:00,1243.6,1243.5,1243.8,1242.2,554431.9,446,2025-09-29 12:39:59
2025-09-29 12:40:00,1243.8,1241.4,1243.8,1241.4,719278.3,579,2025-09-29 12:49:59
2025-09-29 12:50:00,1241.4,1241.3,1242.1,1241.0,664063.9,535,2025-09-29 12:59:03
2025-09-29 13:00:00,1241.5,1242.1,1242.8,1241.1,686707.2999999999,553,2025-09-29 13:09:59
2025-09-29 13:10:00,1241.7,1241.7,1242.1,1241.0,537463.4000000001,433,2025-09-29 13:19:59
2025-09-29 13:20:00,1241.7,1241.5,1242.0,1241.0,501435.5,404,2025-09-29 13:29:59
2025-09-29 13:30:00,1241.1,1242.1,1242.1,1241.0,3338772.2,2690,2025-09-29 13:39:59
2025-09-29 13:40:00,1242.1,1243.4,1243.4,1242.0,562863.8,453,2025-09-29 13:49:59
2025-09-29 13:50:00,1243.3,1242.4,1244.8,1242.3,2345299.9000000004,1885,2025-09-29 13:59:59
2025-09-29 14:00:00,1242.1,1244.3,1244.3,1242.1,565728.9,455,2025-09-29 14:09:59
2025-09-29 14:10:00,1244.3,1246.6,1246.7,1243.1,1307101.3,1050,2025-09-29 14:19:59
2025-09-29 14:20:00,1246.7,1246.0,1246.7,1245.1,252999.8,203,2025-09-29 14:29:59
2025-09-29 14:30:00,1245.7,1243.3,1246.0,1243.3,997134.7999999999,801,2025-09-29 14:39:59
2025-09-29 14:40:00,1244.4,1244.7,1245.0,1243.3,294889.10000000003,237,2025-09-29 14:49:59
2025-09-29 14:50:00,1243.9,1243.4,1245.7,1243.3,496571.3,399,2025-09-29 14:59:09
2025-09-29 15:00:00,1244.4,1243.2,1244.6,1242.5,320727.6,258,2025-09-29 15:09:59
2025-09-29 15:10:00,1243.2,1243.5,1243.6,1242.6,94475.00000000001,76,2025-09-29 15:19:59
2025-09-29 15:20:00,1242.7,1245.0,1245.0,1242.6,590951.1,475,2025-09-29 15:29:59
2025-09-29 15:30:00,1245.0,1244.6,1246.7,1244.1,748515.0,601,2025-09-29 15:39:59
2025-09-29 15:40:00,1245.6,1244.3,1245.7,1244.3,281355.2,226,2025-09-29 15:49:59
2025-09-29 15:50:00,1244.8,1240.9,1245.0,1240.0,5334126.8,4291,2025-09-29 15:59:59
2025-09-29 16:00:00,1241.5,1243.2,1244.0,1240.9,1050159.9,845,2025-09-29 16:09:59
2025-09-29 16:10:00,1242.9,1241.0,1243.4,1240.7,381188.8,307,2025-09-29 16:19:59
2025-09-29 16:20:00,1241.0,1240.9,1241.0,1240.2,378317.5,305,2025-09-29 16:29:59
2025-09-29 16:30:00,1240.5,1239.6,1240.9,1238.6,1023809.4000000001,826,2025-09-29 16:39:59
2025-09-29 16:40:00,1238.7,1234.0,1239.0,1234.0,1503880.0,1217,2025-09-29 16:49:59
2025-09-29 16:50:00,1234.0,1227.1,1234.0,1227.1,3812896.4000000013,3096,2025-09-29 16:59:59
2025-09-29 17:00:00,1227.1,1229.0,1231.0,1227.1,2587162.6000000006,2105,2025-09-29 17:09:59
2025-09-29 17:10:00,1228.6,1225.8,1229.0,1225.3,1934387.0,1576,2025-09-29 17:19:59
2025-09-29 17:20:00,1225.8,1219.7,1225.8,1217.3,3748042.599999999,3071,2025-09-29 17:29:59
2025-09-29 17:30:00,1219.7,1221.5,1221.9,1218.5,1860757.3999999997,1525,2025-09-29 17:39:59
2025-09-29 17:40:00,1221.5,1220.5,1222.8,1220.2,1302263.8000000003,1066,2025-09-29 17:49:59
2025-09-29 17:50:00,1221.2,1226.3,1228.5,1221.2,1562837.0000000002,1276,2025-09-29 17:59:59
2025-09-29 18:00:00,1225.9,1223.6,1225.9,1223.0,868962.9,710,2025-09-29 18:09:59
2025-09-29 18:10:00,1223.5,1222.1,1223.9,1222.1,1269117.8000000003,1038,2025-09-29 18:19:59
2025-09-29 18:20:00,1222.2,1223.4,1225.5,1222.0,1871612.9,1530,2025-09-29 18:29:59
2025-09-29 18:30:00,1222.6,1222.0,1222.9,1222.0,3421678.5000000005,2800,2025-09-29 18:39:59
2025-09-29 18:40:00,1222.0,1222.0,1222.0,1222.0,507130.0,415,2025-09-29 18:49:05
2025-09-29 19:00:00,1222.1,1222.8,1224.5,1222.0,1026772.1000000001,840,2025-09-29 19:09:59
2025-09-29 19:10:00,1222.4,1223.1,1223.1,1222.0,740581.2999999998,606,2025-09-29 19:19:59
2025-09-29 19:20:00,1223.2,1223.2,1224.0,1222.5,86859.50000000001,71,2025-09-29 19:29:59
2025-09-29 19:30:00,1223.2,1225.8,1225.8,1222.2,583751.3,477,2025-09-29 19:39:59
2025-09-29 19:40:00,1225.6,1224.7,1225.6,1222.1,590640.1000000001,483,2025-09-29 19:49:59
2025-09-29 19:50:00,1224.6,1223.7,1225.1,1222.8,104054.8,85,2025-09-29 19:59:59
2025-09-29 20:00:00,1223.8,1223.0,1224.1,1222.4,535903.9,438,2025-09-29 20:09:59
2025-09-29 20:10:00,1223.6,1223.0,1224.0,1222.2,328888.5,269,2025-09-29 20:19:59
2025-09-29 20:20:00,1223.0,1222.4,1223.4,1222.1,497696.6000000001,407,2025-09-29 20:29:59
2025-09-29 20:30:00,1222.2,1222.0,1222.8,1222.0,350750.4,287,2025-09-29 20:39:59
2025-09-29 20:40:00,1222.8,1218.7,1222.8,1218.6,2281870.2,1868,2025-09-29 20:49:59
2025-09-29 20:50:00,1219.6,1219.5,1220.3,1218.8,217026.99999999997,178,2025-09-29 20:59:59
2025-09-29 21:00:00,1220.1,1221.3,1221.8,1219.5,260034.30000000002,213,2025-09-29 21:09:59
2025-09-29 21:10:00,1221.2,1216.6,1221.2,1215.6,1518281.0,1247,2025-09-29 21:19:59
2025-09-29 21:20:00,1217.0,1218.3,1218.3,1216.3,70578.0,58,2025-09-29 21:29:59
2025-09-29 21:30:00,1218.0,1216.5,1218.2,1216.5,127789.79999999999,105,2025-09-29 21:39:59
2025-09-29 21:40:00,1216.5,1217.7,1217.7,1216.4,181296.80000000002,149,2025-09-29 21:49:59
2025-09-29 21:50:00,1217.0,1217.8,1218.2,1216.5,204432.90000000005,168,2025-09-29 21:59:59
2025-09-29 22:00:00,1217.9,1213.3,1219.4,1207.7,6773592.899999999,5583,2025-09-29 22:09:59
2025-09-29 22:10:00,1213.1,1213.0,1213.1,1211.4,152769.3,126,2025-09-29 22:19:59
2025-09-29 22:20:00,1212.6,1213.2,1215.5,1209.1,1378949.9999999998,1137,2025-09-29 22:29:59
2025-09-29 22:30:00,1213.2,1210.4,1214.4,1208.1,1337691.5999999999,1105,2025-09-29 22:39:59
2025-09-29 22:40:00,1211.5,1214.0,1214.2,1211.5,480369.00000000006,396,2025-09-29 22:49:59
2025-09-29 22:50:00,1214.0,1212.2,1214.0,1210.5,633642.0000000001,523,2025-09-29 22:59:59
2025-09-29 23:00:00,1212.2,1213.6,1213.7,1212.0,35171.2,29,2025-09-29 23:09:59
2025-09-29 23:10:00,1213.5,1213.2,1213.5,1212.1,335822.30000000005,277,2025-09-29 23:19:59
2025-09-29 23:20:00,1212.4,1210.5,1213.8,1210.5,385220.79999999993,318,2025-09-29 23:29:59
2025-09-29 23:30:00,1210.4,1211.7,1213.2,1210.4,1326860.9000000001,1096,2025-09-29 23:39:59
2025-09-29 23:40:00,1212.7,1214.6,1214.6,1210.4,947078.9,782,2025-09-29 23:49:59
2025-09-30 06:50:00,1217.4,1217.4,1217.4,1217.4,2434.8,2,2025-09-30 06:59:59
2025-09-30 07:00:00,1214.5,1216.2,1218.1,1214.1,177516.7,146,2025-09-30 07:09:59
2025-09-30 07:10:00,1216.7,1220.6,1222.7,1216.2,122996.5,101,2025-09-30 07:19:59
2025-09-30 07:20:00,1220.9,1221.9,1222.2,1217.6,320935.1,263,2025-09-30 07:29:59
2025-09-30 07:30:00,1222.0,1223.6,1223.9,1221.9,33012.6,27,2025-09-30 07:39:59
2025-09-30 07:40:00,1223.6,1224.3,1224.3,1221.3,194582.0,159,2025-09-30 07:49:59
2025-09-30 07:50:00,1224.4,1223.7,1224.4,1222.1,42803.299999999996,35,2025-09-30 07:59:06
2025-09-30 08:00:00,1224.2,1223.7,1224.2,1223.7,313350.6,256,2025-09-30 08:09:59
2025-09-30 08:10:00,1224.0,1223.7,1224.0,1223.7,66083.7,54,2025-09-30 08:19:59
2025-09-30 08:20:00,1224.0,1224.0,1224.0,1223.7,75878.4,62,2025-09-30 08:29:59
2025-09-30 08:30:00,1223.7,1223.9,1224.0,1223.7,44062.7,36,2025-09-30 08:39:59
2025-09-30 08:40:00,1223.9,1223.9,1223.9,1223.7,237418.69999999995,194,2025-09-30 08:49:59
2025-09-30 08:50:00,1223.9,1223.0,1224.0,1223.0,288804.8,236,2025-09-30 08:59:59
2025-09-30 09:00:00,1223.0,1223.5,1224.2,1222.8,472313.6,386,2025-09-30 09:09:59
2025-09-30 09:10:00,1224.1,1224.0,1224.1,1221.0,430424.5,352,2025-09-30 09:19:59
2025-09-30 09:20:00,1224.0,1224.2,1224.2,1223.3,74647.1,61,2025-09-30 09:29:59
2025-09-30 09:30:00,1224.0,1224.0,1224.2,1223.0,244724.5,200,2025-09-30 09:39:59
2025-09-30 09:40:00,1224.0,1223.2,1224.3,1223.2,510407.3,417,2025-09-30 09:49:59
2025-09-30 09:50:00,1224.2,1224.8,1224.8,1223.2,325737.5,266,2025-09-30 09:59:01
2025-09-30 10:00:00,1224.7,1212.3,1224.7,1212.1,3250776.1,2669,2025-09-30 10:09:59
2025-09-30 10:10:00,1212.3,1215.9,1215.9,1208.8,1828159.1000000003,1509,2025-09-30 10:19:59
2025-09-30 10:20:00,1216.3,1218.5,1221.3,1215.9,2708592.6999999997,2223,2025-09-30 10:29:59
2025-09-30 10:30:00,1218.7,1221.6,1221.6,1217.8,727602.4000000001,597,2025-09-30 10:39:59
2025-09-30 10:40:00,1221.6,1219.3,1222.0,1218.5,1937452.2999999998,1588,2025-09-30 10:49:59
2025-09-30 10:50:00,1219.3,1225.0,1225.5,1217.0,11555998.700000001,9459,2025-09-30 10:59:59
2025-09-30 11:00:00,1224.5,1240.0,1241.8,1222.4,10651080.499999998,8634,2025-09-30 11:09:59
2025-09-30 11:10:00,1240.0,1238.4,1243.6,1235.7,7598489.0000000065,6133,2025-09-30 11:19:59
2025-09-30 11:20:00,1239.0,1235.1,1239.0,1233.5,1959628.4000000004,1585,2025-09-30 11:29:59
2025-09-30 11:30:00,1235.2,1234.5,1235.7,1231.0,1705618.8,1383,2025-09-30 11:39:59
2025-09-30 11:40:00,1234.5,1238.3,1239.6,1234.5,1651015.7000000002,1334,2025-09-30 11:49:59
2025-09-30 11:50:00,1238.9,1236.0,1239.5,1234.4,1247981.2,1009,2025-09-30 11:59:59
2025-09-30 12:00:00,1236.0,1230.4,1236.0,1229.6,1604095.7000000002,1302,2025-09-30 12:09:59
2025-09-30 12:10:00,1229.7,1232.2,1234.3,1228.5,1121134.5,910,2025-09-30 12:19:59
2025-09-30 12:20:00,1231.2,1222.9,1231.5,1222.0,2368607.7000000007,1931,2025-09-30 12:29:59
2025-09-30 12:30:00,1223.8,1221.6,1223.8,1218.4,1222939.1999999997,1002,2025-09-30 12:39:59
2025-09-30 12:40:00,1222.0,1240.9,1241.3,1222.0,7434041.499999999,6015,2025-09-30 12:49:59
2025-09-30 12:50:00,1240.3,1232.6,1240.3,1232.6,828562.9,671,2025-09-30 12:59:59
2025-09-30 13:00:00,1233.7,1228.9,1235.2,1228.9,2053541.1999999997,1668,2025-09-30 13:09:59
2025-09-30 13:10:00,1229.7,1233.1,1233.9,1224.7,1994236.3,1624,2025-09-30 13:19:59
2025-09-30 13:20:00,1233.3,1229.9,1233.3,1228.6,593163.9,482,2025-09-30 13:29:59
2025-09-30 13:30:00,1230.2,1227.6,1230.2,1224.8,1542563.5000000002,1257,2025-09-30 13:39:59
2025-09-30 13:40:00,1227.1,1225.1,1228.8,1224.9,971526.5,792,2025-09-30 13:49:59
2025-09-30 13:50:00,1225.5,1227.9,1229.1,1225.0,884118.4999999999,721,2025-09-30 13:59:59
2025-09-30 14:00:00,1227.9,1226.9,1229.5,1225.8,643468.7000000001,524,2025-09-30 14:09:59
2025-09-30 14:10:00,1227.8,1227.1,1230.0,1226.9,697758.8,568,2025-09-30 14:19:59
2025-09-30 14:20:00,1227.2,1230.2,1230.9,1223.0,1569390.9999999998,1280,2025-09-30 14:29:59
2025-09-30 14:30:00,1230.0,1230.3,1233.8,1229.5,1064534.2000000002,864,2025-09-30 14:39:59
2025-09-30 14:40:00,1230.6,1231.5,1233.3,1229.9,719074.8,584,2025-09-30 14:49:59
2025-09-30 14:50:00,1232.4,1224.3,1232.5,1224.3,1331583.0,1085,2025-09-30 14:59:59
2025-09-30 15:00:00,1224.4,1221.6,1225.3,1221.0,626397.2000000001,512,2025-09-30 15:09:59
2025-09-30 15:10:00,1221.5,1227.0,1227.8,1221.1,739955.4999999999,604,2025-09-30 15:19:59
2025-09-30 15:20:00,1227.1,1224.9,1227.1,1221.1,1750321.9000000001,1431,2025-09-30 15:29:59
2025-09-30 15:30:00,1224.9,1220.2,1226.5,1220.1,1185270.5,969,2025-09-30 15:39:59
2025-09-30 15:40:00,1221.1,1217.9,1221.1,1217.5,1066738.7,875,2025-09-30 15:49:59
2025-09-30 15:50:00,1218.9,1219.2,1220.7,1216.2,1150234.0,944,2025-09-30 15:59:59
2025-09-30 16:00:00,1220.0,1221.5,1224.5,1217.9,1424342.1,1166,2025-09-30 16:09:59
2025-09-30 16:10:00,1221.3,1217.7,1222.2,1217.7,669349.7000000001,549,2025-09-30 16:19:59
2025-09-30 16:20:00,1217.7,1216.1,1218.2,1215.8,484134.39999999997,398,2025-09-30 16:29:59
2025-09-30 16:30:00,1216.7,1226.1,1227.4,1215.8,1697636.4,1388,2025-09-30 16:39:59
2025-09-30 16:40:00,1226.7,1223.4,1227.3,1219.9,2645281.399999999,2162,2025-09-30 16:49:59
2025-09-30 16:50:00,1222.9,1226.1,1227.6,1222.4,847650.3,692,2025-09-30 16:59:59
2025-09-30 17:00:00,1227.1,1225.4,1229.3,1224.6,575341.7000000001,469,2025-09-30 17:09:59
2025-09-30 17:10:00,1225.4,1224.5,1226.5,1223.3,772847.5,631,2025-09-30 17:19:59
2025-09-30 17:20:00,1225.7,1226.2,1228.0,1224.9,1095552.0,893,2025-09-30 17:29:59
2025-09-30 17:30:00,1227.0,1224.2,1228.9,1223.4,933720.2999999999,762,2025-09-30 17:39:59
2025-09-30 17:40:00,1224.0,1227.0,1227.9,1224.0,1387824.1,1132,2025-09-30 17:49:59
2025-09-30 17:50:00,1227.3,1226.6,1227.7,1226.5,572883.2,467,2025-09-30 17:59:59
2025-09-30 18:00:00,1226.7,1232.3,1235.6,1226.5,5993836.5,4879,2025-09-30 18:09:59
2025-09-30 18:10:00,1233.4,1233.2,1237.0,1229.4,1645218.0999999999,1334,2025-09-30 18:19:59
2025-09-30 18:20:00,1234.4,1235.2,1236.8,1231.0,2272568.3000000003,1843,2025-09-30 18:29:59
2025-09-30 18:30:00,1236.0,1235.5,1236.5,1235.0,1015629.0,822,2025-09-30 18:39:59
2025-09-30 18:40:00,1235.0,1235.0,1235.0,1235.0,35815.0,29,2025-09-30 18:49:59
2025-09-30 19:00:00,1235.0,1236.7,1236.9,1235.0,388201.0,314,2025-09-30 19:09:59
2025-09-30 19:10:00,1236.8,1236.5,1237.0,1236.0,98932.1,80,2025-09-30 19:19:59
2025-09-30 19:20:00,1236.5,1236.6,1236.9,1236.0,164415.9,133,2025-09-30 19:29:59
2025-09-30 19:30:00,1236.5,1236.9,1237.0,1236.5,196670.1,159,2025-09-30 19:39:59
2025-09-30 19:40:00,1237.0,1236.5,1237.3,1236.0,385819.9,312,2025-09-30 19:49:59
2025-09-30 19:50:00,1236.5,1236.0,1236.5,1236.0,207657.40000000002,168,2025-09-30 19:59:59
2025-09-30 20:00:00,1236.0,1236.1,1237.0,1235.4,1518548.5,1228,2025-09-30 20:09:59
2025-09-30 20:10:00,1236.1,1235.8,1236.2,1235.6,150774.30000000002,122,2025-09-30 20:19:59
2025-09-30 20:20:00,1235.7,1235.4,1235.8,1235.4,530112.0,429,2025-09-30 20:29:59
2025-09-30 20:30:00,1235.4,1235.6,1235.6,1235.1,440959.20000000007,357,2025-09-30 20:39:59
2025-09-30 20:40:00,1235.2,1235.1,1235.3,1235.0,1037452.7999999999,840,2025-09-30 20:49:59
2025-09-30 20:50:00,1235.0,1235.4,1235.7,1235.0,454535.60000000003,368,2025-09-30 20:59:59
2025-09-30 21:00:00,1235.4,1235.2,1236.3,1235.2,300237.69999999995,243,2025-09-30 21:09:59
2025-09-30 21:10:00,1235.4,1235.2,1235.7,1235.2,81541.9,66,2025-09-30 21:19:59
2025-09-30 21:20:00,1235.3,1235.1,1235.4,1235.0,460690.69999999995,373,2025-09-30 21:29:59
2025-09-30 21:30:00,1235.3,1235.0,1235.3,1235.0,46935.799999999996,38,2025-09-30 21:39:59
2025-09-30 21:40:00,1235.3,1235.1,1235.4,1235.1,127223.4,103,2025-09-30 21:49:59
2025-09-30 21:50:00,1235.1,1235.3,1235.3,1235.0,671852.6,544,2025-09-30 21:59:59
2025-09-30 22:00:00,1235.2,1235.3,1235.3,1235.2,59291.0,48,2025-09-30 22:09:59
2025-09-30 22:10:00,1235.2,1235.0,1235.3,1235.0,33348.100000000006,27,2025-09-30 22:19:59
2025-09-30 22:20:00,1235.1,1235.1,1235.1,1235.0,160550.6,130,2025-09-30 22:29:59
2025-09-30 22:30:00,1235.1,1235.1,1235.1,1235.0,419913.89999999997,340,2025-09-30 22:39:59
2025-09-30 22:40:00,1235.1,1236.1,1237.5,1235.0,2570616.9000000004,2079,2025-09-30 22:49:59
2025-09-30 22:50:00,1236.2,1235.0,1236.2,1235.0,350822.3,284,2025-09-30 22:59:09
2025-09-30 23:00:00,1235.3,1235.5,1235.5,1235.3,30884.7,25,2025-09-30 23:09:59
2025-09-30 23:10:00,1235.5,1235.6,1236.2,1235.4,65491.399999999994,53,2025-09-30 23:19:59
2025-09-30 23:20:00,1236.2,1235.5,1236.9,1235.5,286766.3,232,2025-09-30 23:29:59
2025-09-30 23:30:00,1236.2,1236.0,1236.9,1235.0,410262.39999999997,332,2025-09-30 23:39:59
2025-09-30 23:40:00,1236.0,1237.6,1237.6,1235.3,186741.2,151,2025-09-30 23:49:59
2025-10-01 06:50:00,1237.6,1237.6,1237.6,1237.6,1237.6,1,2025-10-01 06:59:59
2025-10-01 07:00:00,1237.7,1238.0,1240.0,1234.8,934486.1,755,2025-10-01 07:09:59
2025-10-01 07:10:00,1238.3,1237.4,1239.6,1237.4,58212.8,47,2025-10-01 07:19:59
2025-10-01 07:20:00,1238.0,1237.4,1238.0,1236.9,32171.999999999996,26,2025-10-01 07:29:59
2025-10-01 07:30:00,1236.9,1237.4,1237.4,1236.9,8659.8,7,2025-10-01 07:39:59
2025-10-01 07:40:00,1237.4,1237.3,1237.4,1237.3,74242.3,60,2025-10-01 07:49:59
2025-10-01 07:50:00,1236.8,1239.7,1239.7,1236.2,416987.89999999997,337,2025-10-01 07:59:59
2025-10-01 08:00:00,1239.7,1240.0,1242.2,1238.5,872384.7,703,2025-10-01 08:09:59
2025-10-01 08:10:00,1240.0,1241.1,1241.1,1239.0,327524.30000000005,264,2025-10-01 08:19:59
2025-10-01 08:20:00,1241.2,1240.6,1241.3,1240.6,218435.90000000002,176,2025-10-01 08:29:59
2025-10-01 08:30:00,1239.5,1240.0,1241.0,1238.4,358212.4,289,2025-10-01 08:39:59
2025-10-01 08:40:00,1239.9,1240.7,1242.4,1238.4,558569.5,450,2025-10-01 08:49:59
2025-10-01 08:50:00,1241.6,1240.2,1241.7,1240.0,323783.5,261,2025-10-01 08:59:01
2025-10-01 09:00:00,1240.2,1239.8,1240.3,1238.7,138813.9,112,2025-10-01 09:09:59
2025-10-01 09:10:00,1240.1,1242.0,1243.2,1240.1,330299.70000000007,266,2025-10-01 09:19:59
2025-10-01 09:20:00,1243.0,1241.8,1245.0,1241.3,1007270.5000000001,810,2025-10-01 09:29:59
2025-10-01 09:30:00,1241.8,1241.1,1241.8,1240.3,115406.20000000003,93,2025-10-01 09:39:59
2025-10-01 09:40:00,1241.1,1241.0,1241.8,1241.0,201116.80000000002,162,2025-10-01 09:49:59
2025-10-01 09:50:00,1241.7,1242.7,1243.2,1241.0,347625.7,280,2025-10-01 09:59:59
2025-10-01 10:00:00,1242.0,1234.0,1250.0,1231.1,15541241.100000005,12526,2025-10-01 10:09:59
2025-10-01 10:10:00,1234.6,1237.8,1239.4,1234.0,1150484.2999999998,930,2025-10-01 10:19:59
2025-10-01 10:20:00,1237.9,1246.0,1246.5,1237.2,9472172.299999999,7633,2025-10-01 10:29:59
2025-10-01 10:30:00,1246.5,1243.4,1247.9,1243.0,5296422.100000002,4252,2025-10-01 10:39:59
2025-10-01 10:40:00,1243.4,1243.3,1244.3,1242.8,2437654.9,1961,2025-10-01 10:49:59
2025-10-01 10:50:00,1244.0,1243.4,1244.2,1242.8,1872227.5,1506,2025-10-01 10:59:59
2025-10-01 11:00:00,1243.4,1244.9,1245.0,1242.9,903474.7000000001,726,2025-10-01 11:09:59
2025-10-01 11:10:00,1245.0,1245.4,1246.4,1244.0,1343513.3,1079,2025-10-01 11:19:59
2025-10-01 11:20:00,1245.9,1251.0,1252.1,1244.6,4256557.8,3410,2025-10-01 11:29:59
2025-10-01 11:30:00,1251.9,1257.0,1258.6,1251.8,7783300.500000001,6201,2025-10-01 11:39:59
2025-10-01 11:40:00,1257.4,1256.4,1260.0,1254.5,3834389.099999999,3049,2025-10-01 11:49:59
2025-10-01 11:50:00,1256.5,1261.7,1262.7,1255.3,3368611.3000000003,2677,2025-10-01 11:59:59
2025-10-01 12:00:00,1261.9,1260.9,1265.7,1259.6,7410674.300000001,5866,2025-10-01 12:09:59
2025-10-01 12:10:00,1260.7,1265.9,1265.9,1258.3,4181701.699999999,3311,2025-10-01 12:19:59
2025-10-01 12:20:00,1265.9,1263.2,1268.0,1258.1,3920908.9,3104,2025-10-01 12:29:59
2025-10-01 12:30:00,1263.8,1264.2,1265.0,1262.0,7640686.6,6050,2025-10-01 12:39:59
2025-10-01 12:40:00,1264.7,1263.7,1268.0,1262.0,8984375.600000001,7106,2025-10-01 12:49:59
2025-10-01 12:50:00,1264.4,1262.0,1264.4,1262.0,2997731.1999999993,2375,2025-10-01 12:59:59
2025-10-01 13:00:00,1262.0,1260.8,1263.8,1257.5,3978666.8000000003,3158,2025-10-01 13:09:59
2025-10-01 13:10:00,1261.5,1260.1,1261.7,1259.2,845523.4,671,2025-10-01 13:19:59
2025-10-01 13:20:00,1260.3,1258.0,1260.5,1258.0,1433872.9,1139,2025-10-01 13:29:59
2025-10-01 13:30:00,1258.0,1257.6,1258.9,1257.5,7712860.199999999,6131,2025-10-01 13:39:59
2025-10-01 13:40:00,1257.5,1255.0,1258.0,1255.0,1921963.7000000002,1530,2025-10-01 13:49:59
2025-10-01 13:50:00,1255.0,1252.9,1255.0,1251.4,1698987.7000000004,1356,2025-10-01 13:59:59
2025-10-01 14:00:00,1254.1,1252.9,1255.1,1250.0,1917284.3000000003,1531,2025-10-01 14:09:59
2025-10-01 14:10:00,1252.0,1254.7,1256.1,1251.5,2796707.9000000004,2232,2025-10-01 14:19:59
2025-10-01 14:20:00,1253.7,1252.2,1255.0,1252.2,1841454.7,1469,2025-10-01 14:29:59
2025-10-01 14:30:00,1253.2,1250.0,1255.3,1250.0,1827825.2999999998,1460,2025-10-01 14:39:59
2025-10-01 14:40:00,1250.7,1246.8,1250.7,1245.6,3548786.0999999996,2843,2025-10-01 14:49:59
2025-10-01 14:50:00,1246.4,1246.3,1249.7,1246.0,2493585.1,2000,2025-10-01 14:59:59
2025-10-01 15:00:00,1246.3,1242.0,1247.0,1242.0,5484030.9,4411,2025-10-01 15:09:59
2025-10-01 15:10:00,1242.0,1242.9,1245.9,1241.2,2256791.8,1816,2025-10-01 15:19:59
2025-10-01 15:20:00,1242.9,1240.4,1244.4,1240.0,1867169.7,1504,2025-10-01 15:29:59
2025-10-01 15:30:00,1240.5,1242.4,1244.4,1240.0,2190716.6,1764,2025-10-01 15:39:59
2025-10-01 15:40:00,1243.0,1243.2,1243.6,1241.0,1315461.5,1059,2025-10-01 15:49:59
2025-10-01 15:50:00,1243.2,1241.2,1245.4,1241.1,2257793.8,1816,2025-10-01 15:59:59
2025-10-01 16:00:00,1241.0,1240.7,1243.3,1240.2,1996208.6000000003,1608,2025-10-01 16:09:59
2025-10-01 16:10:00,1240.7,1241.4,1245.0,1240.5,2588803.8,2084,2025-10-01 16:19:59
2025-10-01 16:20:00,1241.8,1242.0,1242.8,1240.1,2594134.3,2090,2025-10-01 16:29:59
2025-10-01 16:30:00,1242.4,1244.1,1244.3,1242.4,2184749.8000000003,1757,2025-10-01 16:39:59
2025-10-01 16:40:00,1244.1,1244.1,1244.8,1244.0,3519441.0,2829,2025-10-01 16:49:59
2025-10-01 16:50:00,1244.1,1245.8,1248.1,1244.0,3126774.9999999995,2512,2025-10-01 16:59:59
2025-10-01 17:00:00,1246.6,1239.1,1246.6,1239.1,3358560.3,2705,2025-10-01 17:09:59
2025-10-01 17:10:00,1239.1,1245.9,1247.0,1239.1,5522364.499999999,4440,2025-10-01 17:19:59
2025-10-01 17:20:00,1245.4,1245.5,1249.2,1245.0,2495018.4000000004,2001,2025-10-01 17:29:59
2025-10-01 17:30:00,1246.2,1244.3,1246.5,1244.3,1294836.9999999998,1040,2025-10-01 17:39:59
2025-10-01 17:40:00,1244.9,1244.1,1245.4,1244.1,1806928.0,1452,2025-10-01 17:49:59
2025-10-01 17:50:00,1244.1,1247.3,1251.6,1244.1,2552926.5999999996,2048,2025-10-01 17:59:59
2025-10-01 18:00:00,1247.3,1244.7,1251.7,1244.2,3144219.6,2522,2025-10-01 18:09:59
2025-10-01 18:10:00,1245.0,1244.3,1246.2,1244.0,1386675.9000000001,1114,2025-10-01 18:19:59
2025-10-01 18:20:00,1244.3,1241.9,1244.8,1238.5,3548542.3,2856,2025-10-01 18:29:59
2025-10-01 18:30:00,1242.4,1242.4,1245.6,1241.5,648992.5000000001,522,2025-10-01 18:39:59
2025-10-01 18:40:00,1245.9,1245.9,1245.9,1245.9,137049.0,110,2025-10-01 18:49:08
2025-10-01 19:00:00,1243.1,1244.0,1245.3,1242.5,616592.3,496,2025-10-01 19:09:59
2025-10-01 19:10:00,1243.5,1245.1,1245.7,1243.2,355942.5,286,2025-10-01 19:19:59
2025-10-01 19:20:00,1245.7,1244.9,1245.7,1242.0,407922.8,328,2025-10-01 19:29:59
2025-10-01 19:30:00,1244.8,1247.5,1249.7,1244.6,1786536.2000000002,1433,2025-10-01 19:39:59
2025-10-01 19:40:00,1247.5,1246.4,1247.9,1242.3,1490296.8,1198,2025-10-01 19:49:59
2025-10-01 19:50:00,1247.8,1248.6,1248.6,1246.5,359184.6,288,2025-10-01 19:59:59
2025-10-01 20:00:00,1248.5,1249.0,1249.9,1247.7,412093.5,330,2025-10-01 20:09:59
2025-10-01 20:10:00,1249.0,1248.8,1249.0,1247.9,475772.9000000001,381,2025-10-01 20:19:59
2025-10-01 20:20:00,1248.9,1247.7,1249.5,1247.7,274574.6,220,2025-10-01 20:29:59
2025-10-01 20:30:00,1248.0,1247.8,1248.0,1247.7,237083.00000000006,190,2025-10-01 20:39:59
2025-10-01 20:40:00,1247.7,1249.5,1249.5,1247.7,282185.7,226,2025-10-01 20:49:59
2025-10-01 20:50:00,1248.9,1249.5,1250.0,1248.8,510929.8,409,2025-10-01 20:59:59
2025-10-01 21:00:00,1249.5,1248.8,1249.7,1248.8,374687.7,300,2025-10-01 21:09:59
2025-10-01 21:10:00,1249.6,1246.0,1252.7,1244.6,1489376.5,1192,2025-10-01 21:19:59
2025-10-01 21:20:00,1246.6,1250.8,1250.9,1244.7,369354.9,296,2025-10-01 21:29:59
2025-10-01 21:30:00,1250.6,1251.9,1252.2,1250.0,217742.59999999998,174,2025-10-01 21:39:59
2025-10-01 21:40:00,1252.3,1252.1,1255.0,1248.1,3234740.3000000003,2583,2025-10-01 21:49:59
2025-10-01 21:50:00,1251.4,1255.8,1259.4,1250.7,1725788.5,1375,2025-10-01 21:59:59
2025-10-01 22:00:00,1256.2,1256.4,1257.5,1255.0,322784.0,257,2025-10-01 22:09:59
2025-10-01 22:10:00,1256.2,1259.8,1261.6,1255.0,1406381.7999999998,1117,2025-10-01 22:19:59
2025-10-01 22:20:00,1259.8,1260.4,1261.4,1258.1,420558.29999999993,334,2025-10-01 22:29:59
2025-10-01 22:30:00,1260.4,1256.4,1260.4,1253.2,1476420.9,1175,2025-10-01 22:39:59
2025-10-01 22:40:00,1257.5,1257.4,1257.5,1252.0,714278.4999999999,569,2025-10-01 22:49:59
2025-10-01 22:50:00,1257.4,1258.6,1259.6,1256.4,650352.6,517,2025-10-01 22:59:59
2025-10-01 23:00:00,1258.4,1258.2,1258.7,1256.4,142117.6,113,2025-10-01 23:09:59
2025-10-01 23:10:00,1257.8,1257.6,1258.9,1255.8,398636.1,317,2025-10-01 23:19:59
2025-10-01 23:20:00,1256.6,1252.8,1257.6,1251.0,620600.1000000001,495,2025-10-01 23:29:59
2025-10-01 23:30:00,1253.0,1249.4,1254.1,1247.0,2299955.3000000003,1839,2025-10-01 23:39:59
2025-10-01 23:40:00,1249.6,1254.3,1259.2,1249.2,1490898.8,1187,2025-10-01 23:49:59
2025-10-02 06:50:00,1254.7,1254.7,1254.7,1254.7,27603.4,22,2025-10-02 06:59:59
2025-10-02 07:00:00,1254.8,1251.0,1263.0,1249.7,1615132.1999999997,1288,2025-10-02 07:09:59
2025-10-02 07:10:00,1250.0,1253.2,1255.2,1250.0,443762.80000000005,354,2025-10-02 07:19:59
2025-10-02 07:20:00,1253.1,1252.4,1253.1,1252.4,97698.7,78,2025-10-02 07:29:59
2025-10-02 07:30:00,1252.4,1254.2,1254.2,1252.4,199294.8,159,2025-10-02 07:39:59
2025-10-02 07:40:00,1253.9,1251.8,1254.1,1251.8,683766.6,546,2025-10-02 07:49:59
2025-10-02 07:50:00,1251.8,1252.7,1254.7,1251.2,512441.39999999997,409,2025-10-02 07:59:01
2025-10-02 08:00:00,1253.1,1252.4,1253.8,1250.2,710056.4,567,2025-10-02 08:09:59
2025-10-02 08:10:00,1252.6,1253.9,1254.6,1252.0,110322.19999999998,88,2025-10-02 08:19:59
2025-10-02 08:20:00,1253.0,1250.0,1253.0,1250.0,466419.99999999994,373,2025-10-02 08:29:59
2025-10-02 08:30:00,1250.0,1243.7,1250.5,1242.6,3924682.0000000005,3147,2025-10-02 08:39:59
2025-10-02 08:40:00,1243.4,1243.7,1244.1,1241.0,2420049.6999999993,1948,2025-10-02 08:49:59
2025-10-02 08:50:00,1243.7,1245.5,1246.1,1243.7,293794.19999999995,236,2025-10-02 08:59:59
2025-10-02 09:00:00,1245.9,1248.6,1248.8,1245.1,784371.1,629,2025-10-02 09:09:59
2025-10-02 09:10:00,1248.4,1244.3,1249.2,1244.0,2736442.6,2197,2025-10-02 09:19:59
2025-10-02 09:20:00,1244.3,1240.2,1244.4,1240.0,6230086.499999999,5011,2025-10-02 09:29:59
2025-10-02 09:30:00,1240.2,1244.0,1244.9,1235.1,3544123.2999999993,2859,2025-10-02 09:39:59
2025-10-02 09:40:00,1243.5,1239.0,1243.7,1235.7,1351025.6,1090,2025-10-02 09:49:59
2025-10-02 09:50:00,1238.5,1240.2,1244.1,1233.1,2541760.5999999996,2049,2025-10-02 09:59:59
2025-10-02 10:00:00,1240.2,1244.9,1245.0,1239.0,2081762.0,1675,2025-10-02 10:09:59
2025-10-02 10:10:00,1244.9,1241.0,1244.9,1235.0,2226198.0000000005,1797,2025-10-02 10:19:59
2025-10-02 10:20:00,1241.1,1238.3,1243.5,1233.4,2718639.0,2196,2025-10-02 10:29:59
2025-10-02 10:30:00,1238.6,1242.6,1242.8,1238.6,1161290.2000000002,936,2025-10-02 10:39:59
2025-10-02 10:40:00,1242.7,1242.3,1243.8,1241.1,628911.2,506,2025-10-02 10:49:59
2025-10-02 10:50:00,1243.5,1241.4,1244.0,1241.4,984769.2000000001,792,2025-10-02 10:59:59
2025-10-02 11:00:00,1242.6,1244.5,1245.5,1241.6,814766.7,655,2025-10-02 11:09:59
2025-10-02 11:10:00,1245.5,1243.4,1246.0,1243.0,522661.20000000007,420,2025-10-02 11:19:59
2025-10-02 11:20:00,1242.4,1240.8,1243.1,1240.0,558522.1000000001,450,2025-10-02 11:29:59
2025-10-02 11:30:00,1240.9,1240.9,1241.2,1240.1,534725.8,431,2025-10-02 11:39:59
2025-10-02 11:40:00,1241.1,1240.3,1241.1,1240.1,4038117.6,3256,2025-10-02 11:49:59
2025-10-02 11:50:00,1240.3,1240.3,1240.3,1240.2,436559.80000000005,352,2025-10-02 11:59:59
2025-10-02 12:00:00,1240.3,1240.3,1240.3,1240.2,1785898.5,1440,2025-10-02 12:09:59
2025-10-02 12:10:00,1240.3,1241.8,1243.2,1240.2,2125187.4999999995,1713,2025-10-02 12:19:59
2025-10-02 12:20:00,1241.8,1241.2,1242.8,1240.2,2808564.6000000006,2264,2025-10-02 12:29:59
2025-10-02 12:30:00,1240.4,1241.9,1241.9,1240.2,378501.3,305,2025-10-02 12:39:59
2025-10-02 12:40:00,1241.9,1245.5,1245.9,1241.9,1951951.2000000002,1569,2025-10-02 12:49:59
2025-10-02 12:50:00,1245.8,1247.7,1248.0,1244.8,1210283.9,971,2025-10-02 12:59:59
2025-10-02 13:00:00,1247.7,1245.1,1247.7,1242.8,2088376.5999999999,1677,2025-10-02 13:09:59
2025-10-02 13:10:00,1245.7,1243.9,1245.9,1243.2,445571.39999999997,358,2025-10-02 13:19:59
2025-10-02 13:20:00,1244.7,1241.3,1244.7,1240.7,1057072.0,851,2025-10-02 13:29:59
2025-10-02 13:30:00,1242.3,1243.3,1245.0,1241.1,957328.0,770,2025-10-02 13:39:59
2025-10-02 13:40:00,1243.5,1240.2,1244.0,1240.1,1893006.7,1524,2025-10-02 13:49:59
2025-10-02 13:50:00,1240.7,1237.8,1240.8,1237.2,1408825.9,1137,2025-10-02 13:59:59
2025-10-02 14:00:00,1238.7,1238.3,1245.7,1237.5,3895846.5000000005,3140,2025-10-02 14:09:59
2025-10-02 14:10:00,1238.6,1242.4,1242.4,1237.8,1242750.5,1002,2025-10-02 14:19:59
2025-10-02 14:20:00,1242.3,1238.2,1242.4,1238.1,642363.1000000001,518,2025-10-02 14:29:59
2025-10-02 14:30:00,1238.6,1238.8,1240.0,1236.7,1480695.5999999999,1196,2025-10-02 14:39:59
2025-10-02 14:40:00,1238.2,1240.0,1241.6,1238.1,839256.5000000001,677,2025-10-02 14:49:59
2025-10-02 14:50:00,1241.3,1241.0,1241.7,1239.3,646424.3,521,2025-10-02 14:59:59
2025-10-02 15:00:00,1241.0,1242.6,1242.6,1241.0,510465.80000000005,411,2025-10-02 15:09:59
2025-10-02 15:10:00,1242.6,1242.2,1244.4,1242.0,850114.5,684,2025-10-02 15:19:59
2025-10-02 15:20:00,1242.4,1242.0,1243.3,1242.0,366461.1,295,2025-10-02 15:29:59
2025-10-02 15:30:00,1242.0,1242.2,1243.4,1242.0,731624.8999999999,589,2025-10-02 15:39:59
2025-10-02 15:40:00,1242.3,1242.3,1244.1,1242.2,540579.4,435,2025-10-02 15:49:59
2025-10-02 15:50:00,1242.3,1242.4,1242.8,1242.2,1024948.1000000001,825,2025-10-02 15:59:59
2025-10-02 16:00:00,1242.4,1242.4,1243.5,1242.4,611326.3999999999,492,2025-10-02 16:09:59
2025-10-02 16:10:00,1243.0,1242.9,1244.0,1242.4,633778.8999999999,510,2025-10-02 16:19:59
2025-10-02 16:20:00,1242.5,1242.4,1242.8,1242.4,1800243.7999999998,1449,2025-10-02 16:29:59
2025-10-02 16:30:00,1242.4,1243.6,1244.8,1242.2,740798.1000000001,596,2025-10-02 16:39:59
2025-10-02 16:40:00,1243.6,1243.5,1244.4,1243.5,365647.5,294,2025-10-02 16:49:59
2025-10-02 16:50:00,1243.5,1243.6,1244.1,1243.5,595671.7999999999,479,2025-10-02 16:59:59
2025-10-02 17:00:00,1243.6,1245.0,1245.0,1243.5,182899.09999999998,147,2025-10-02 17:09:59
2025-10-02 17:10:00,1244.4,1246.7,1247.0,1243.5,2270743.4000000004,1825,2025-10-02 17:19:59
2025-10-02 17:20:00,1246.8,1251.9,1251.9,1243.6,1669095.7999999998,1338,2025-10-02 17:29:59
2025-10-02 17:30:00,1251.9,1246.5,1251.9,1246.1,1543099.2000000002,1236,2025-10-02 17:39:59
2025-10-02 17:40:00,1246.2,1247.1,1247.2,1246.1,306737.0,246,2025-10-02 17:49:59
2025-10-02 17:50:00,1247.0,1245.5,1247.5,1245.5,476313.8,382,2025-10-02 17:59:59
2025-10-02 18:00:00,1245.5,1246.0,1246.7,1245.1,130800.9,105,2025-10-02 18:09:59
2025-10-02 18:10:00,1246.1,1243.5,1246.3,1243.5,891990.3,717,2025-10-02 18:19:59
2025-10-02 18:20:00,1243.5,1242.6,1244.5,1242.5,2882391.2,2318,2025-10-02 18:29:59
2025-10-02 18:30:00,1242.6,1242.2,1242.8,1239.4,1897905.4999999998,1529,2025-10-02 18:39:59
2025-10-02 18:40:00,1242.0,1242.0,1242.0,1242.0,351486.0,283,2025-10-02 18:49:13
2025-10-02 19:00:00,1240.8,1242.5,1243.6,1239.5,502927.9,405,2025-10-02 19:09:59
2025-10-02 19:10:00,1242.6,1240.7,1244.1,1239.6,944564.9,761,2025-10-02 19:19:59
2025-10-02 19:20:00,1239.9,1241.8,1242.1,1239.9,76959.20000000001,62,2025-10-02 19:29:59
2025-10-02 19:30:00,1241.8,1241.7,1241.8,1240.5,74449.5,60,2025-10-02 19:39:59
2025-10-02 19:40:00,1241.7,1242.0,1242.0,1241.6,99345.40000000001,80,2025-10-02 19:49:59
2025-10-02 19:50:00,1241.7,1243.0,1247.5,1241.7,1167870.7000000002,938,2025-10-02 19:59:59
2025-10-02 20:00:00,1242.1,1240.3,1243.3,1239.2,285325.39999999997,230,2025-10-02 20:09:59
2025-10-02 20:10:00,1239.7,1240.4,1240.6,1239.0,452379.2,365,2025-10-02 20:19:59
2025-10-02 20:20:00,1240.4,1240.5,1240.8,1240.0,83103.5,67,2025-10-02 20:29:59
2025-10-02 20:30:00,1240.0,1241.1,1241.1,1240.0,53350.4,43,2025-10-02 20:39:59
2025-10-02 20:40:00,1240.9,1241.5,1241.6,1240.5,68251.0,55,2025-10-02 20:49:59
2025-10-02 20:50:00,1241.6,1240.4,1241.7,1240.4,378674.9,305,2025-10-02 20:59:59
2025-10-02 21:00:00,1240.4,1239.6,1240.4,1239.5,136405.8,110,2025-10-02 21:09:59
2025-10-02 21:10:00,1239.5,1239.1,1239.6,1239.0,332176.1,268,2025-10-02 21:19:59
2025-10-02 21:20:00,1239.0,1239.2,1239.6,1239.0,718772.2999999999,580,2025-10-02 21:29:59
2025-10-02 21:30:00,1239.2,1238.7,1240.2,1236.6,1182446.3999999997,955,2025-10-02 21:39:59
2025-10-02 21:40:00,1238.8,1236.6,1238.8,1236.6,258507.80000000002,209,2025-10-02 21:49:59
2025-10-02 21:50:00,1236.7,1235.4,1236.7,1235.0,913107.3,739,2025-10-02 21:59:59
2025-10-02 22:00:00,1236.0,1236.2,1237.4,1235.1,647515.4999999999,524,2025-10-02 22:09:59
2025-10-02 22:10:00,1235.3,1236.5,1236.5,1235.3,135993.2,110,2025-10-02 22:19:59
2025-10-02 22:20:00,1236.5,1236.0,1236.5,1235.1,275510.4,223,2025-10-02 22:29:59
2025-10-02 22:30:00,1236.1,1236.4,1237.0,1236.0,583764.2,472,2025-10-02 22:39:59
2025-10-02 22:40:00,1236.4,1238.6,1239.9,1236.4,819583.8,662,2025-10-02 22:49:59
2025-10-02 22:50:00,1238.7,1238.7,1238.9,1237.9,82979.0,67,2025-10-02 22:59:59
2025-10-02 23:00:00,1239.0,1239.1,1239.1,1238.7,6194.6,5,2025-10-02 23:09:59
2025-10-02 23:10:00,1238.8,1238.8,1239.1,1238.1,30962.499999999996,25,2025-10-02 23:19:59
2025-10-02 23:20:00,1238.8,1238.1,1239.0,1238.1,179618.4,145,2025-10-02 23:29:59
2025-10-02 23:30:00,1238.1,1238.7,1238.8,1238.0,320743.30000000005,259,2025-10-02 23:39:59
2025-10-02 23:40:00,1238.0,1236.0,1238.0,1234.5,901109.3999999999,729,2025-10-02 23:49:59
2025-10-03 06:50:00,1242.0,1242.0,1242.0,1242.0,3726.0,3,2025-10-03 06:59:59
2025-10-03 07:00:00,1242.0,1237.1,1242.0,1235.1,226420.09999999998,183,2025-10-03 07:09:59
2025-10-03 07:10:00,1237.2,1236.1,1237.2,1235.8,37093.7,30,2025-10-03 07:19:59
2025-10-03 07:20:00,1236.6,1238.2,1238.2,1236.6,28460.3,23,2025-10-03 07:29:59
2025-10-03 07:30:00,1237.8,1238.4,1238.4,1237.4,45804.200000000004,37,2025-10-03 07:39:59
2025-10-03 07:40:00,1238.1,1237.9,1238.4,1237.7,64379.100000000006,52,2025-10-03 07:49:59
2025-10-03 07:50:00,1237.9,1237.8,1238.0,1236.8,100251.30000000002,81,2025-10-03 07:59:59
2025-10-03 08:00:00,1237.0,1238.8,1239.0,1236.5,465670.10000000003,376,2025-10-03 08:09:59
2025-10-03 08:10:00,1238.5,1238.0,1238.9,1237.5,143671.4,116,2025-10-03 08:19:59
2025-10-03 08:20:00,1238.0,1238.0,1238.0,1237.5,40852.0,33,2025-10-03 08:29:59
2025-10-03 08:30:00,1238.0,1237.7,1238.0,1236.9,51965.899999999994,42,2025-10-03 08:39:59
2025-10-03 08:40:00,1237.8,1238.0,1238.0,1236.8,126207.40000000001,102,2025-10-03 08:49:59
2025-10-03 08:50:00,1238.0,1239.0,1239.0,1238.0,722057.7,583,2025-10-03 08:59:59
2025-10-03 09:00:00,1238.2,1240.0,1240.0,1237.8,267641.80000000005,216,2025-10-03 09:09:59
2025-10-03 09:10:00,1240.5,1240.5,1241.7,1238.7,268984.9,217,2025-10-03 09:19:59
2025-10-03 09:20:00,1239.0,1239.1,1240.5,1239.0,59516.2,48,2025-10-03 09:29:59
2025-10-03 09:30:00,1239.5,1240.8,1240.8,1238.6,264134.9,213,2025-10-03 09:39:59
2025-10-03 09:40:00,1240.9,1242.8,1242.8,1239.9,329082.49999999994,265,2025-10-03 09:49:59
2025-10-03 09:50:00,1241.7,1242.6,1243.0,1240.9,103105.5,83,2025-10-03 09:59:01
2025-10-03 10:00:00,1242.5,1246.5,1251.0,1242.0,2292334.1999999997,1837,2025-10-03 10:09:59
2025-10-03 10:10:00,1246.8,1244.8,1247.6,1243.7,1004104.6000000001,806,2025-10-03 10:19:59
2025-10-03 10:20:00,1245.1,1246.8,1246.8,1245.0,412468.69999999995,331,2025-10-03 10:29:59
2025-10-03 10:30:00,1246.6,1245.8,1247.0,1245.6,497184.19999999995,399,2025-10-03 10:39:59
2025-10-03 10:40:00,1245.9,1247.4,1247.5,1245.9,340334.99999999994,273,2025-10-03 10:49:59
2025-10-03 10:50:00,1247.4,1247.5,1247.9,1246.6,134729.0,108,2025-10-03 10:59:59
2025-10-03 11:00:00,1247.2,1248.4,1249.0,1247.0,2452325.4999999995,1964,2025-10-03 11:09:59
2025-10-03 11:10:00,1248.4,1248.2,1249.0,1248.0,449535.2,360,2025-10-03 11:19:59
2025-10-03 11:20:00,1248.1,1247.8,1248.2,1247.5,114806.9,92,2025-10-03 11:29:59
2025-10-03 11:30:00,1248.2,1248.9,1248.9,1247.2,751513.7,602,2025-10-03 11:39:59
2025-10-03 11:40:00,1249.0,1249.0,1249.0,1248.5,645600.9,517,2025-10-03 11:49:59
2025-10-03 11:50:00,1249.0,1249.0,1249.0,1248.6,358425.5,287,2025-10-03 11:59:59
2025-10-03 12:00:00,1248.9,1248.7,1249.0,1248.6,335924.8,269,2025-10-03 12:09:59
2025-10-03 12:10:00,1248.9,1240.2,1251.4,1237.6,17371990.099999998,13955,2025-10-03 12:19:59
2025-10-03 12:20:00,1240.4,1238.3,1240.6,1238.3,844178.1999999998,681,2025-10-03 12:29:59
2025-10-03 12:30:00,1238.3,1243.0,1246.1,1236.6,7001814.2,5628,2025-10-03 12:39:59
2025-10-03 12:40:00,1243.6,1238.1,1243.7,1236.4,1128477.9000000001,911,2025-10-03 12:49:59
2025-10-03 12:50:00,1238.1,1238.4,1242.7,1238.1,911875.9,735,2025-10-03 12:59:59
2025-10-03 13:00:00,1237.9,1238.3,1239.9,1237.2,959836.1000000001,775,2025-10-03 13:09:59
2025-10-03 13:10:00,1238.3,1239.9,1240.0,1238.0,1022356.6999999998,825,2025-10-03 13:19:59
2025-10-03 13:20:00,1240.0,1240.6,1242.2,1239.8,939188.7999999999,757,2025-10-03 13:29:59
2025-10-03 13:30:00,1241.4,1240.3,1241.4,1240.0,267975.8,216,2025-10-03 13:39:59
2025-10-03 13:40:00,1240.2,1239.8,1241.1,1239.0,1024017.8,826,2025-10-03 13:49:59
2025-10-03 13:50:00,1239.9,1239.9,1240.2,1239.2,399280.9,322,2025-10-03 13:59:59
2025-10-03 14:00:00,1239.9,1237.1,1240.2,1237.1,1543271.0000000002,1246,2025-10-03 14:09:59
2025-10-03 14:10:00,1237.1,1237.9,1239.1,1236.8,577958.8,467,2025-10-03 14:19:59
2025-10-03 14:20:00,1238.7,1239.0,1239.6,1237.4,670169.7000000001,541,2025-10-03 14:29:59
2025-10-03 14:30:00,1239.0,1240.0,1244.1,1239.0,1547314.0,1247,2025-10-03 14:39:59
2025-10-03 14:40:00,1240.0,1240.0,1241.7,1240.0,2665178.5,2149,2025-10-03 14:49:59
2025-10-03 14:50:00,1240.0,1240.0,1241.2,1240.0,2778920.8000000003,2241,2025-10-03 14:59:59
2025-10-03 15:00:00,1240.2,1240.8,1241.9,1240.0,882005.6,711,2025-10-03 15:09:59
2025-10-03 15:10:00,1240.8,1240.3,1241.9,1240.0,505001.9999999999,407,2025-10-03 15:19:59
2025-10-03 15:20:00,1240.8,1241.8,1242.8,1240.8,604763.4999999999,487,2025-10-03 15:29:59
2025-10-03 15:30:00,1241.9,1240.3,1242.6,1240.3,340076.0000000001,274,2025-10-03 15:39:59
2025-10-03 15:40:00,1240.8,1240.1,1241.6,1240.1,234510.7,189,2025-10-03 15:49:59
2025-10-03 15:50:00,1240.1,1240.1,1241.9,1240.0,395807.4,319,2025-10-03 15:59:59
2025-10-03 16:00:00,1240.7,1240.0,1240.7,1240.0,755208.9999999999,609,2025-10-03 16:09:59
2025-10-03 16:10:00,1240.0,1237.4,1240.3,1237.4,1436498.4999999998,1159,2025-10-03 16:19:59
2025-10-03 16:20:00,1237.5,1238.2,1238.8,1237.4,691901.7999999999,559,2025-10-03 16:29:59
2025-10-03 16:30:00,1237.5,1240.3,1240.3,1237.5,800482.9,646,2025-10-03 16:39:59
2025-10-03 16:40:00,1240.2,1239.4,1240.5,1238.1,572540.0,462,2025-10-03 16:49:59
2025-10-03 16:50:00,1239.4,1237.7,1239.9,1237.4,502726.30000000005,406,2025-10-03 16:59:59
2025-10-03 17:00:00,1238.3,1237.4,1239.7,1237.4,624138.8,504,2025-10-03 17:09:59
2025-10-03 17:10:00,1237.9,1232.0,1238.0,1230.7,4322203.800000001,3504,2025-10-03 17:19:59
2025-10-03 17:20:00,1232.5,1227.0,1232.9,1225.0,4062795.8999999994,3305,2025-10-03 17:29:59
2025-10-03 17:30:00,1227.8,1225.3,1230.0,1224.5,1247933.9,1017,2025-10-03 17:39:59
2025-10-03 17:40:00,1225.0,1229.1,1232.6,1224.1,3050807.0000000005,2481,2025-10-03 17:49:59
2025-10-03 17:50:00,1231.0,1231.2,1233.0,1230.6,463298.8,376,2025-10-03 17:59:59
2025-10-03 18:00:00,1232.5,1234.2,1234.8,1231.1,803054.4,651,2025-10-03 18:09:59
2025-10-03 18:10:00,1233.9,1228.3,1234.6,1227.5,2619220.6000000006,2130,2025-10-03 18:19:59
2025-10-03 18:20:00,1229.2,1231.0,1231.3,1228.4,477131.7,388,2025-10-03 18:29:59
2025-10-03 18:30:00,1231.0,1232.8,1238.2,1230.2,2460444.3,1993,2025-10-03 18:39:59
2025-10-03 18:40:00,1232.5,1232.5,1232.5,1232.5,18487.5,15,2025-10-03 18:46:13
2025-10-03 19:00:00,1233.5,1231.0,1235.0,1231.0,226833.69999999998,184,2025-10-03 19:09:59
2025-10-03 19:10:00,1231.0,1230.2,1233.0,1230.2,331191.10000000003,269,2025-10-03 19:19:59
2025-10-03 19:20:00,1230.2,1231.4,1231.6,1230.0,187038.2,152,2025-10-03 19:29:59
2025-10-03 19:30:00,1231.3,1229.5,1232.3,1228.2,527724.3999999999,429,2025-10-03 19:39:59
2025-10-03 19:40:00,1228.5,1229.4,1231.9,1228.3,730405.1,594,2025-10-03 19:49:59
2025-10-03 19:50:00,1229.5,1231.4,1231.7,1228.9,227697.49999999994,185,2025-10-03 19:59:59
2025-10-03 20:00:00,1231.4,1232.6,1232.6,1231.3,141666.3,115,2025-10-03 20:09:59
2025-10-03 20:10:00,1232.7,1231.9,1233.6,1231.9,60402.40000000001,49,2025-10-03 20:19:59
2025-10-03 20:20:00,1232.1,1231.1,1232.1,1228.7,580652.7,472,2025-10-03 20:29:59
2025-10-03 20:30:00,1230.9,1232.0,1233.9,1228.9,1134360.0,921,2025-10-03 20:39:59
2025-10-03 20:40:00,1231.5,1233.1,1237.0,1229.6,1778295.1999999997,1442,2025-10-03 20:49:59
2025-10-03 20:50:00,1233.2,1233.6,1234.1,1231.3,279828.5,227,2025-10-03 20:58:09
2025-10-03 21:00:00,1233.1,1231.1,1233.6,1229.4,612938.6000000001,498,2025-10-03 21:09:59
2025-10-03 21:10:00,1231.2,1234.2,1234.7,1231.2,252820.20000000007,205,2025-10-03 21:19:59
2025-10-03 21:20:00,1234.2,1236.5,1240.6,1234.0,2682219.3000000003,2167,2025-10-03 21:29:59
2025-10-03 21:30:00,1236.5,1237.6,1237.7,1236.2,100206.40000000001,81,2025-10-03 21:39:59
2025-10-03 21:40:00,1237.5,1237.0,1238.0,1236.2,205393.99999999997,166,2025-10-03 21:49:59
2025-10-03 21:50:00,1237.9,1236.0,1238.2,1234.1,2178440.3,1764,2025-10-03 21:59:59
2025-10-03 22:00:00,1234.8,1234.9,1235.5,1234.1,805918.6,653,2025-10-03 22:09:59
2025-10-03 22:10:00,1234.9,1240.9,1243.6,1234.9,2646525.7,2135,2025-10-03 22:19:59
2025-10-03 22:20:00,1240.4,1241.1,1241.4,1239.5,145175.59999999998,117,2025-10-03 22:29:59
2025-10-03 22:30:00,1241.2,1241.4,1241.4,1241.1,201075.39999999997,162,2025-10-03 22:39:59
2025-10-03 22:40:00,1241.7,1243.6,1247.2,1239.1,1349127.9,1084,2025-10-03 22:49:59
2025-10-03 22:50:00,1243.6,1246.7,1251.4,1241.9,5799201.800000001,4648,2025-10-03 22:59:59
2025-10-03 23:00:00,1246.7,1247.1,1249.6,1241.7,984157.3000000002,789,2025-10-03 23:09:59
2025-10-03 23:10:00,1247.1,1245.5,1247.1,1243.9,100932.0,81,2025-10-03 23:19:59
2025-10-03 23:20:00,1244.2,1244.4,1246.1,1240.6,346883.2,279,2025-10-03 23:29:59
2025-10-03 23:30:00,1244.8,1249.1,1250.7,1243.5,401272.5,322,2025-10-03 23:39:59
2025-10-03 23:40:00,1249.2,1248.4,1251.9,1247.5,537685.7,430,2025-10-03 23:49:59
2025-10-04 09:50:00,1247.5,1247.5,1247.5,1247.5,34930.0,28,2025-10-04 09:59:59
2025-10-04 10:00:00,1247.5,1238.0,1247.5,1238.0,501969.0,404,2025-10-04 10:09:59
2025-10-04 10:10:00,1242.5,1241.9,1242.6,1240.4,213615.4,172,2025-10-04 10:19:59
2025-10-04 10:20:00,1241.9,1242.4,1242.9,1240.1,165114.30000000002,133,2025-10-04 10:29:59
2025-10-04 10:30:00,1242.5,1237.4,1242.5,1236.2,375178.69999999995,303,2025-10-04 10:39:59
2025-10-04 10:40:00,1239.1,1239.2,1243.0,1237.4,306332.8,247,2025-10-04 10:49:59
2025-10-04 10:50:00,1239.3,1239.0,1239.6,1237.0,503806.2,407,2025-10-04 10:59:59
2025-10-04 11:00:00,1237.6,1240.8,1240.8,1235.1,245009.30000000002,198,2025-10-04 11:09:59
2025-10-04 11:10:00,1240.5,1236.1,1241.9,1235.2,1399419.6999999997,1130,2025-10-04 11:19:59
2025-10-04 11:20:00,1236.6,1238.3,1238.6,1236.1,89085.2,72,2025-10-04 11:29:59
2025-10-04 11:30:00,1238.3,1235.3,1238.3,1235.2,389422.80000000005,315,2025-10-04 11:39:59
2025-10-04 11:40:00,1235.3,1237.2,1238.1,1231.7,610055.0,494,2025-10-04 11:49:59
2025-10-04 11:50:00,1236.9,1237.1,1238.1,1236.9,169507.19999999998,137,2025-10-04 11:59:59
2025-10-04 12:00:00,1237.0,1236.0,1238.0,1236.0,274637.0,222,2025-10-04 12:09:59
2025-10-04 12:10:00,1236.0,1234.2,1236.0,1231.9,352779.3,286,2025-10-04 12:19:59
2025-10-04 12:20:00,1231.9,1232.6,1234.6,1231.9,218294.8,177,2025-10-04 12:29:59
2025-10-04 12:30:00,1234.3,1234.4,1234.4,1232.0,77673.59999999999,63,2025-10-04 12:39:59
2025-10-04 12:40:00,1234.3,1232.7,1234.4,1232.7,71575.1,58,2025-10-04 12:49:59
2025-10-04 12:50:00,1232.7,1231.3,1234.3,1231.2,1145814.1,930,2025-10-04 12:59:59
2025-10-04 13:00:00,1232.1,1225.4,1234.1,1225.4,3306281.1999999997,2691,2025-10-04 13:09:59
2025-10-04 13:10:00,1226.1,1227.2,1228.4,1220.2,1946100.4,1590,2025-10-04 13:19:59
2025-10-04 13:20:00,1225.0,1224.6,1226.1,1217.6,2301253.1,1884,2025-10-04 13:29:59
2025-10-04 13:30:00,1225.6,1222.8,1229.4,1221.8,673124.4,549,2025-10-04 13:39:59
2025-10-04 13:40:00,1221.8,1224.0,1225.1,1220.6,297323.5,243,2025-10-04 13:49:59
2025-10-04 13:50:00,1223.7,1225.5,1226.0,1223.0,231293.4,189,2025-10-04 13:59:59
2025-10-04 14:00:00,1225.1,1222.7,1225.7,1222.7,323012.9,264,2025-10-04 14:09:59
2025-10-04 14:10:00,1222.7,1220.9,1222.7,1220.1,114804.4,94,2025-10-04 14:19:59
2025-10-04 14:20:00,1221.9,1221.0,1222.0,1220.1,393037.9000000001,322,2025-10-04 14:29:59
2025-10-04 14:30:00,1222.1,1222.6,1223.0,1221.0,142961.2,117,2025-10-04 14:39:59
2025-10-04 14:40:00,1222.7,1222.9,1222.9,1222.2,64811.6,53,2025-10-04 14:49:59
2025-10-04 14:50:00,1222.8,1222.9,1222.9,1222.0,37902.799999999996,31,2025-10-04 14:59:59
2025-10-04 15:00:00,1222.9,1221.0,1222.9,1218.3,2453781.8,2010,2025-10-04 15:09:59
2025-10-04 15:10:00,1221.6,1221.1,1222.1,1220.0,102571.7,84,2025-10-04 15:19:59
2025-10-04 15:20:00,1220.3,1222.9,1222.9,1220.3,231020.3,189,2025-10-04 15:29:59
2025-10-04 15:30:00,1222.8,1225.5,1226.0,1222.8,318336.69999999995,260,2025-10-04 15:39:59
2025-10-04 15:40:00,1225.0,1223.2,1225.7,1223.2,166638.39999999997,136,2025-10-04 15:49:59
2025-10-04 15:50:00,1223.6,1228.1,1230.5,1223.6,184046.6,150,2025-10-04 15:59:59
2025-10-04 16:00:00,1228.1,1231.0,1231.7,1226.6,105698.29999999999,86,2025-10-04 16:09:59
2025-10-04 16:10:00,1227.0,1228.8,1230.3,1227.0,63917.2,52,2025-10-04 16:19:59
2025-10-04 16:20:00,1227.7,1220.9,1227.7,1218.1,1276359.0,1045,2025-10-04 16:29:59
2025-10-04 16:30:00,1220.8,1221.0,1222.1,1218.5,183188.89999999997,150,2025-10-04 16:39:59
2025-10-04 16:40:00,1221.9,1223.9,1225.7,1221.8,500022.8999999999,409,2025-10-04 16:49:59
2025-10-04 16:50:00,1222.2,1222.3,1226.1,1221.3,129900.5,106,2025-10-04 16:59:59
2025-10-04 17:00:00,1222.3,1223.5,1224.0,1221.4,100219.70000000001,82,2025-10-04 17:09:59
2025-10-04 17:10:00,1223.5,1224.2,1224.3,1223.5,33049.8,27,2025-10-04 17:19:59
2025-10-04 17:20:00,1224.2,1225.1,1226.2,1223.7,381094.9,311,2025-10-04 17:29:59
2025-10-04 17:30:00,1224.7,1224.5,1224.9,1223.6,150565.1,123,2025-10-04 17:39:59
2025-10-04 17:40:00,1224.7,1224.6,1224.7,1224.0,75896.80000000002,62,2025-10-04 17:49:59
2025-10-04 17:50:00,1224.0,1229.1,1229.7,1223.6,1752769.1,1430,2025-10-04 17:59:59
2025-10-04 18:00:00,1228.8,1228.3,1229.0,1228.3,158520.0,129,2025-10-04 18:09:59
2025-10-04 18:10:00,1226.3,1228.8,1229.0,1226.2,128966.1,105,2025-10-04 18:19:59
2025-10-04 18:20:00,1229.8,1232.5,1234.4,1229.0,650590.8999999999,528,2025-10-04 18:29:59
2025-10-04 18:30:00,1232.0,1230.6,1232.0,1229.1,27073.3,22,2025-10-04 18:39:59
2025-10-04 18:40:00,1230.0,1222.4,1231.1,1218.7,1763581.0,1441,2025-10-04 18:49:59
2025-10-04 18:50:00,1225.4,1227.0,1227.0,1224.4,80938.6,66,2025-10-04 18:59:59
2025-10-05 09:50:00,1239.0,1239.0,1239.0,1239.0,115227.0,93,2025-10-05 09:59:59
2025-10-05 10:00:00,1239.0,1229.1,1240.0,1226.2,390373.3,317,2025-10-05 10:09:59
2025-10-05 10:10:00,1228.7,1229.2,1232.3,1227.0,363514.9,296,2025-10-05 10:19:59
2025-10-05 10:20:00,1229.3,1229.8,1229.8,1229.2,43033.8,35,2025-10-05 10:29:59
2025-10-05 10:30:00,1229.9,1230.9,1230.9,1229.7,99664.1,81,2025-10-05 10:39:59
2025-10-05 10:40:00,1230.9,1230.8,1230.9,1229.7,130398.20000000001,106,2025-10-05 10:49:59
2025-10-05 10:50:00,1230.8,1230.9,1231.9,1230.4,49235.30000000001,40,2025-10-05 10:59:59
2025-10-05 11:00:00,1231.9,1231.6,1232.1,1230.6,45567.299999999996,37,2025-10-05 11:09:59
2025-10-05 11:10:00,1231.0,1232.0,1232.0,1230.5,104620.70000000001,85,2025-10-05 11:19:59
2025-10-05 11:20:00,1230.6,1232.1,1232.1,1229.7,56579.3,46,2025-10-05 11:29:59
2025-10-05 11:30:00,1231.9,1232.2,1232.2,1230.1,65284.39999999999,53,2025-10-05 11:39:59
2025-10-05 11:40:00,1232.2,1234.2,1234.5,1232.1,66594.90000000001,54,2025-10-05 11:49:59
2025-10-05 11:50:00,1234.5,1234.4,1234.9,1230.3,225634.2,183,2025-10-05 11:59:59
2025-10-05 12:00:00,1233.5,1234.0,1234.0,1233.5,3701.2,3,2025-10-05 12:09:59
2025-10-05 12:10:00,1233.9,1234.6,1234.6,1233.4,39495.4,32,2025-10-05 12:19:59
2025-10-05 12:20:00,1234.7,1234.3,1234.9,1234.3,9877.6,8,2025-10-05 12:29:59
2025-10-05 12:30:00,1234.7,1230.4,1234.7,1230.4,231471.7,188,2025-10-05 12:39:59
2025-10-05 12:40:00,1230.6,1230.8,1231.8,1230.2,63998.700000000004,52,2025-10-05 12:49:59
2025-10-05 12:50:00,1231.2,1230.4,1231.5,1230.3,40626.100000000006,33,2025-10-05 12:59:59
2025-10-05 13:00:00,1230.4,1230.1,1230.4,1230.0,34448.2,28,2025-10-05 13:09:59
2025-10-05 13:10:00,1230.4,1231.5,1231.6,1230.1,157547.5,128,2025-10-05 13:19:59
2025-10-05 13:20:00,1231.6,1230.5,1231.6,1230.2,70145.19999999998,57,2025-10-05 13:29:59
2025-10-05 13:30:00,1231.2,1231.7,1231.7,1231.2,17241.2,14,2025-10-05 13:39:59
2025-10-05 13:40:00,1231.7,1231.7,1231.7,1231.3,13548.300000000001,11,2025-10-05 13:49:59
2025-10-05 13:50:00,1232.8,1231.5,1233.3,1231.5,16027.1,13,2025-10-05 13:59:06
2025-10-05 14:00:00,1233.0,1236.5,1237.7,1231.6,722945.3999999999,585,2025-10-05 14:09:59
2025-10-05 14:10:00,1236.4,1236.6,1236.8,1234.5,106331.5,86,2025-10-05 14:19:59
2025-10-05 14:20:00,1236.6,1236.9,1236.9,1234.4,80284.79999999999,65,2025-10-05 14:29:59
2025-10-05 14:30:00,1236.9,1235.1,1236.9,1235.0,63018.50000000001,51,2025-10-05 14:39:59
2025-10-05 14:40:00,1236.8,1235.7,1236.8,1233.6,90160.70000000001,73,2025-10-05 14:49:59
2025-10-05 14:50:00,1235.7,1232.3,1235.8,1232.3,56773.600000000006,46,2025-10-05 14:59:59
2025-10-05 15:00:00,1234.3,1235.5,1236.0,1233.5,129733.89999999998,105,2025-10-05 15:09:59
2025-10-05 15:10:00,1235.4,1235.4,1235.4,1234.1,23466.999999999996,19,2025-10-05 15:19:59
2025-10-05 15:20:00,1235.4,1235.9,1236.0,1235.4,132242.59999999998,107,2025-10-05 15:29:59
2025-10-05 15:30:00,1235.9,1235.8,1235.9,1234.1,6177.6,5,2025-10-05 15:39:59
2025-10-05 15:40:00,1236.0,1235.1,1236.0,1234.8,19771.8,16,2025-10-05 15:49:59
2025-10-05 15:50:00,1235.5,1236.0,1236.0,1234.7,22242.3,18,2025-10-05 15:57:06
2025-10-05 16:00:00,1236.0,1237.0,1237.0,1235.8,275753.0,223,2025-10-05 16:09:59
2025-10-05 16:10:00,1237.0,1236.0,1237.0,1234.3,321070.5,260,2025-10-05 16:19:59
2025-10-05 16:20:00,1236.0,1234.9,1236.4,1234.1,96295.9,78,2025-10-05 16:29:59
2025-10-05 16:30:00,1235.1,1235.6,1236.7,1235.1,8652.199999999999,7,2025-10-05 16:39:59
2025-10-05 16:40:00,1235.6,1236.7,1236.7,1235.0,37083.899999999994,30,2025-10-05 16:49:59
2025-10-05 16:50:00,1237.0,1236.6,1237.0,1234.4,166867.7,135,2025-10-05 16:59:59
2025-10-05 17:00:00,1236.8,1235.2,1237.0,1234.5,102637.60000000002,83,2025-10-05 17:09:59
2025-10-05 17:10:00,1235.1,1234.1,1236.2,1234.1,354446.9000000001,287,2025-10-05 17:19:59
2025-10-05 17:20:00,1234.5,1234.6,1234.6,1234.1,212271.6,172,2025-10-05 17:29:59
2025-10-05 17:30:00,1234.1,1232.5,1236.0,1231.7,291153.1,236,2025-10-05 17:39:59
2025-10-05 17:40:00,1232.5,1231.8,1233.6,1231.8,27110.1,22,2025-10-05 17:49:59
2025-10-05 17:50:00,1232.0,1234.9,1236.5,1232.0,127147.9,103,2025-10-05 17:58:06
2025-10-05 18:00:00,1235.5,1236.1,1236.6,1235.4,140916.4,114,2025-10-05 18:09:59
2025-10-05 18:10:00,1236.0,1234.7,1236.1,1234.7,92682.1,75,2025-10-05 18:19:59
2025-10-05 18:20:00,1236.1,1237.0,1237.0,1235.1,540443.8999999999,437,2025-10-05 18:29:59
2025-10-05 18:30:00,1235.7,1237.0,1237.0,1234.5,136061.5,110,2025-10-05 18:39:59
2025-10-05 18:40:00,1235.9,1234.3,1235.9,1234.3,27182.800000000003,22,2025-10-05 18:49:59
2025-10-05 18:50:00,1234.3,1237.0,1237.0,1234.3,51922.700000000004,42,2025-10-05 18:59:59
2025-10-06 06:50:00,1237.0,1237.0,1237.0,1237.0,11133.0,9,2025-10-06 06:59:59
2025-10-06 07:00:00,1238.5,1238.4,1241.8,1231.4,1477139.9,1194,2025-10-06 07:09:59
2025-10-06 07:10:00,1239.4,1239.3,1239.9,1238.4,138804.69999999998,112,2025-10-06 07:19:59
2025-10-06 07:20:00,1239.5,1241.5,1241.5,1239.2,205784.7,166,2025-10-06 07:29:59
2025-10-06 07:30:00,1241.2,1240.9,1241.2,1239.3,228248.4,184,2025-10-06 07:39:59
2025-10-06 07:40:00,1240.6,1240.4,1240.6,1240.0,48373.100000000006,39,2025-10-06 07:49:59
2025-10-06 07:50:00,1240.4,1240.4,1240.4,1240.0,23567.2,19,2025-10-06 07:59:59
2025-10-06 08:00:00,1240.4,1241.9,1242.2,1240.0,384437.30000000005,310,2025-10-06 08:09:59
2025-10-06 08:10:00,1241.9,1241.8,1242.0,1240.0,127796.0,103,2025-10-06 08:19:59
2025-10-06 08:20:00,1241.8,1240.9,1242.0,1239.9,191067.59999999998,154,2025-10-06 08:29:59
2025-10-06 08:30:00,1240.9,1240.6,1241.6,1239.1,459108.30000000005,370,2025-10-06 08:39:59
2025-10-06 08:40:00,1241.0,1241.7,1241.7,1239.8,148912.80000000002,120,2025-10-06 08:49:59
2025-10-06 08:50:00,1241.4,1240.4,1242.1,1240.3,136566.9,110,2025-10-06 08:59:01
2025-10-06 09:00:00,1240.4,1238.0,1240.4,1238.0,180863.80000000002,146,2025-10-06 09:09:59
2025-10-06 09:10:00,1239.0,1238.1,1239.3,1237.2,234006.3,189,2025-10-06 09:19:59
2025-10-06 09:20:00,1238.1,1238.1,1238.1,1237.3,96548.4,78,2025-10-06 09:29:59
2025-10-06 09:30:00,1238.1,1239.6,1239.9,1237.6,253937.80000000002,205,2025-10-06 09:39:59
2025-10-06 09:40:00,1239.1,1240.0,1240.0,1238.2,118919.29999999999,96,2025-10-06 09:49:59
2025-10-06 09:50:00,1240.0,1239.2,1240.5,1238.7,142559.09999999998,115,2025-10-06 09:59:59
2025-10-06 10:00:00,1239.0,1242.8,1243.5,1238.1,1408002.5000000002,1135,2025-10-06 10:09:59
2025-10-06 10:10:00,1242.4,1244.7,1245.0,1242.4,1462140.1,1175,2025-10-06 10:19:59
2025-10-06 10:20:00,1244.8,1244.0,1246.5,1243.0,1664705.2999999996,1337,2025-10-06 10:29:59
2025-10-06 10:30:00,1244.0,1244.0,1244.0,1242.0,1937747.0,1558,2025-10-06 10:39:59
2025-10-06 10:40:00,1244.0,1244.6,1245.2,1239.8,3076032.6999999997,2476,2025-10-06 10:49:59
2025-10-06 10:50:00,1244.6,1242.5,1247.5,1242.5,2127510.3999999976,1708,2025-10-06 10:59:59
2025-10-06 11:00:00,1242.6,1249.9,1251.3,1242.2,3224430.9000000004,2585,2025-10-06 11:09:59
2025-10-06 11:10:00,1249.9,1248.5,1249.9,1247.7,218501.49999999997,175,2025-10-06 11:19:59
2025-10-06 11:20:00,1248.6,1248.9,1249.1,1247.6,429296.69999999995,344,2025-10-06 11:29:59
2025-10-06 11:30:00,1248.7,1247.0,1248.9,1247.0,802309.9,643,2025-10-06 11:39:59
2025-10-06 11:40:00,1247.6,1248.9,1252.0,1247.6,2533950.1000000006,2029,2025-10-06 11:49:59
2025-10-06 11:50:00,1248.4,1248.4,1248.9,1246.6,1275047.8,1022,2025-10-06 11:59:59
2025-10-06 12:00:00,1248.4,1249.8,1249.8,1248.4,2376438.3999999994,1902,2025-10-06 12:09:59
2025-10-06 12:10:00,1249.8,1249.8,1249.8,1249.2,237436.5,190,2025-10-06 12:19:59
2025-10-06 12:20:00,1249.8,1252.0,1252.0,1249.6,962477.8,770,2025-10-06 12:29:59
2025-10-06 12:30:00,1252.0,1256.7,1259.0,1252.0,3627297.9,2889,2025-10-06 12:39:59
2025-10-06 12:40:00,1257.5,1257.4,1257.5,1255.1,1124757.6999999997,895,2025-10-06 12:49:59
2025-10-06 12:50:00,1257.4,1260.0,1260.0,1257.4,2291329.5,1820,2025-10-06 12:59:59
2025-10-06 13:00:00,1260.0,1261.6,1261.6,1257.8,2406363.0,1911,2025-10-06 13:09:59
2025-10-06 13:10:00,1261.6,1259.0,1261.8,1257.1,4520777.9,3589,2025-10-06 13:19:59
2025-10-06 13:20:00,1258.9,1257.8,1260.2,1257.0,615335.2999999999,489,2025-10-06 13:29:59
2025-10-06 13:30:00,1257.5,1257.2,1257.9,1253.1,1888867.7999999998,1504,2025-10-06 13:39:59
2025-10-06 13:40:00,1257.3,1257.4,1257.4,1255.9,758042.0000000001,603,2025-10-06 13:49:59
2025-10-06 13:50:00,1257.4,1257.4,1257.7,1255.9,803108.9,639,2025-10-06 13:59:59
2025-10-06 14:00:00,1256.9,1258.8,1261.5,1256.9,986392.7,783,2025-10-06 14:09:59
2025-10-06 14:10:00,1258.5,1259.7,1261.5,1257.7,1975733.9000000004,1568,2025-10-06 14:19:59
2025-10-06 14:20:00,1259.7,1260.5,1260.5,1258.8,1846779.7,1466,2025-10-06 14:29:59
2025-10-06 14:30:00,1260.5,1260.0,1262.0,1259.2,1201673.7999999998,953,2025-10-06 14:39:59
2025-10-06 14:40:00,1260.5,1259.3,1260.6,1257.7,978494.0,777,2025-10-06 14:49:59
2025-10-06 14:50:00,1259.0,1257.1,1259.0,1255.7,865858.5,689,2025-10-06 14:59:59
2025-10-06 15:00:00,1257.3,1258.4,1258.5,1256.1,459098.19999999995,365,2025-10-06 15:09:59
2025-10-06 15:10:00,1258.4,1256.5,1258.6,1255.8,520409.0,414,2025-10-06 15:19:59
2025-10-06 15:20:00,1256.5,1252.9,1259.0,1252.0,2773248.4,2209,2025-10-06 15:29:59
2025-10-06 15:30:00,1253.8,1254.9,1254.9,1251.0,1281901.0,1024,2025-10-06 15:39:59
2025-10-06 15:40:00,1255.1,1257.1,1258.1,1253.2,1224411.5000000002,975,2025-10-06 15:49:59
2025-10-06 15:50:00,1256.5,1256.1,1258.2,1255.3,753005.8,599,2025-10-06 15:59:09
2025-10-06 16:00:00,1256.1,1258.7,1258.7,1255.5,279051.19999999995,222,2025-10-06 16:09:59
2025-10-06 16:10:00,1258.7,1259.3,1260.5,1258.3,1739343.5999999999,1381,2025-10-06 16:19:59
2025-10-06 16:20:00,1259.8,1258.8,1259.8,1258.2,1469896.0,1168,2025-10-06 16:29:59
2025-10-06 16:30:00,1258.8,1257.0,1260.5,1256.4,1957295.0999999996,1555,2025-10-06 16:39:59
2025-10-06 16:40:00,1256.6,1258.0,1259.7,1255.2,1834335.2999999998,1459,2025-10-06 16:49:59
2025-10-06 16:50:00,1258.1,1257.8,1259.2,1256.6,2684097.2,2134,2025-10-06 16:59:59
2025-10-06 17:00:00,1258.6,1254.2,1260.3,1254.1,3081424.1,2451,2025-10-06 17:09:59
2025-10-06 17:10:00,1254.2,1254.9,1256.6,1253.6,2748722.0,2190,2025-10-06 17:19:59
2025-10-06 17:20:00,1255.6,1253.6,1255.6,1252.1,2290961.9000000004,1828,2025-10-06 17:29:59
2025-10-06 17:30:00,1254.2,1252.0,1254.3,1252.0,1944319.8999999997,1552,2025-10-06 17:39:59
2025-10-06 17:40:00,1252.1,1251.4,1253.4,1251.3,2130426.9,1702,2025-10-06 17:49:59
2025-10-06 17:50:00,1251.4,1245.0,1251.5,1245.0,5056523.9,4047,2025-10-06 17:59:59
2025-10-06 18:00:00,1245.9,1247.0,1249.6,1245.9,2677656.8999999994,2146,2025-10-06 18:09:59
2025-10-06 18:10:00,1247.7,1246.2,1248.7,1245.3,2443022.8000000003,1959,2025-10-06 18:19:59
2025-10-06 18:20:00,1246.8,1243.6,1246.8,1243.6,1635520.3000000003,1314,2025-10-06 18:29:59
2025-10-06 18:30:00,1243.6,1244.4,1246.5,1243.6,1858786.8,1493,2025-10-06 18:39:59
2025-10-06 18:40:00,1238.5,1238.5,1238.5,1238.5,2724700.0,2200,2025-10-06 18:46:15
2025-10-06 19:00:00,1244.4,1241.8,1244.4,1240.1,1086609.5,875,2025-10-06 19:09:59
2025-10-06 19:10:00,1241.3,1245.0,1245.6,1241.3,624629.0,502,2025-10-06 19:19:59
2025-10-06 19:20:00,1244.3,1245.9,1246.0,1244.3,184380.2,148,2025-10-06 19:29:59
2025-10-06 19:30:00,1245.9,1246.4,1246.5,1245.7,260455.80000000002,209,2025-10-06 19:39:59
2025-10-06 19:40:00,1246.4,1248.6,1250.7,1245.7,863821.0000000001,692,2025-10-06 19:49:59
2025-10-06 19:50:00,1249.1,1249.0,1249.3,1247.2,533155.2,427,2025-10-06 19:59:59
2025-10-06 20:00:00,1248.5,1249.8,1250.3,1248.0,272412.89999999997,218,2025-10-06 20:09:59
2025-10-06 20:10:00,1250.0,1250.3,1250.7,1249.8,167519.80000000002,134,2025-10-06 20:19:59
2025-10-06 20:20:00,1250.3,1251.8,1251.8,1250.3,456572.79999999993,365,2025-10-06 20:29:59
2025-10-06 20:30:00,1251.8,1251.7,1251.9,1251.3,156455.19999999998,125,2025-10-06 20:39:59
2025-10-06 20:40:00,1251.7,1250.8,1251.8,1250.7,854457.7000000001,683,2025-10-06 20:49:59
2025-10-06 20:50:00,1250.9,1250.9,1250.9,1250.7,1151935.3000000005,921,2025-10-06 20:59:59
2025-10-06 21:00:00,1250.9,1251.0,1251.4,1250.8,195187.10000000003,156,2025-10-06 21:09:59
2025-10-06 21:10:00,1251.3,1250.9,1251.3,1250.1,121329.0,97,2025-10-06 21:19:59
2025-10-06 21:20:00,1251.0,1251.4,1251.7,1251.0,66324.2,53,2025-10-06 21:29:59
2025-10-06 21:30:00,1251.0,1251.7,1251.7,1250.9,206463.30000000002,165,2025-10-06 21:39:59
2025-10-06 21:40:00,1251.7,1251.7,1251.7,1251.0,111363.7,89,2025-10-06 21:49:59
2025-10-06 21:50:00,1251.7,1251.9,1252.0,1251.2,1634971.7000000002,1306,2025-10-06 21:59:59
2025-10-06 22:00:00,1251.9,1252.0,1252.0,1251.5,380587.4,304,2025-10-06 22:09:59
2025-10-06 22:10:00,1251.7,1252.0,1252.0,1251.7,182788.7,146,2025-10-06 22:19:59
2025-10-06 22:20:00,1251.9,1251.8,1252.0,1251.7,165261.1,132,2025-10-06 22:29:59
2025-10-06 22:30:00,1252.0,1252.8,1252.9,1251.7,288012.39999999997,230,2025-10-06 22:39:59
2025-10-06 22:40:00,1252.9,1257.8,1257.8,1252.9,1287012.5000000002,1025,2025-10-06 22:49:59
2025-10-06 22:50:00,1257.8,1256.6,1258.9,1256.4,475653.50000000006,378,2025-10-06 22:59:59
2025-10-06 23:00:00,1258.3,1258.9,1259.1,1257.0,471986.4000000001,375,2025-10-06 23:09:59
2025-10-06 23:10:00,1258.9,1257.4,1258.9,1252.8,627747.5,500,2025-10-06 23:19:59
2025-10-06 23:20:00,1257.7,1257.7,1257.7,1254.1,611764.7,487,2025-10-06 23:29:59
2025-10-06 23:30:00,1257.7,1257.8,1258.7,1252.9,2068061.9000000001,1645,2025-10-06 23:39:59
2025-10-06 23:40:00,1258.2,1257.8,1259.8,1257.8,607830.7999999999,483,2025-10-06 23:49:59
2025-10-07 06:50:00,1257.8,1257.8,1257.8,1257.8,1257.8,1,2025-10-07 06:59:59
2025-10-07 07:00:00,1257.8,1255.5,1258.0,1251.7,194320.19999999998,155,2025-10-07 07:09:59
2025-10-07 07:10:00,1255.5,1258.8,1258.9,1254.6,226124.30000000005,180,2025-10-07 07:19:59
2025-10-07 07:20:00,1258.4,1251.7,1258.4,1251.7,364562.3,291,2025-10-07 07:29:59
2025-10-07 07:30:00,1251.8,1253.9,1253.9,1251.7,365598.6000000001,292,2025-10-07 07:39:59
2025-10-07 07:40:00,1253.5,1253.2,1253.6,1252.0,25061.0,20,2025-10-07 07:49:59
2025-10-07 07:50:00,1252.6,1253.4,1253.5,1252.6,439930.89999999997,351,2025-10-07 07:59:02
2025-10-07 08:00:00,1253.4,1253.4,1253.5,1253.2,245635.4,196,2025-10-07 08:09:59
2025-10-07 08:10:00,1253.5,1256.1,1257.0,1253.5,126700.3,101,2025-10-07 08:19:59
2025-10-07 08:20:00,1257.0,1259.4,1260.7,1256.5,753718.0999999999,599,2025-10-07 08:29:59
2025-10-07 08:30:00,1259.4,1256.0,1259.4,1256.0,183534.8,146,2025-10-07 08:39:59
2025-10-07 08:40:00,1255.7,1258.9,1259.5,1255.7,164869.69999999998,131,2025-10-07 08:49:59
2025-10-07 08:50:00,1258.1,1259.8,1259.8,1258.0,42812.9,34,2025-10-07 08:59:59
2025-10-07 09:00:00,1260.0,1255.7,1260.9,1255.7,858614.2999999998,682,2025-10-07 09:09:59
2025-10-07 09:10:00,1255.7,1256.3,1257.7,1255.7,188529.4,150,2025-10-07 09:19:59
2025-10-07 09:20:00,1256.7,1255.4,1256.7,1255.1,313870.6,250,2025-10-07 09:29:59
2025-10-07 09:30:00,1255.1,1254.7,1255.5,1253.4,610807.6000000001,487,2025-10-07 09:39:59
2025-10-07 09:40:00,1255.3,1256.2,1256.2,1254.3,102888.70000000001,82,2025-10-07 09:49:59
2025-10-07 09:50:00,1255.7,1252.5,1255.7,1252.4,316994.29999999993,253,2025-10-07 09:59:59
2025-10-07 10:00:00,1253.0,1253.9,1256.0,1252.6,582972.0000000001,465,2025-10-07 10:09:59
2025-10-07 10:10:00,1253.9,1254.2,1254.2,1252.6,350947.5000000001,280,2025-10-07 10:19:59
2025-10-07 10:20:00,1253.6,1254.9,1254.9,1252.1,1094339.7000000002,873,2025-10-07 10:29:59
2025-10-07 10:30:00,1254.8,1259.1,1259.3,1252.0,2396448.5000000005,1910,2025-10-07 10:39:59
2025-10-07 10:40:00,1259.2,1256.1,1259.3,1255.6,640190.7999999999,509,2025-10-07 10:49:59
2025-10-07 10:50:00,1256.1,1253.3,1257.5,1252.6,1361095.4999999998,1085,2025-10-07 10:59:59
2025-10-07 11:00:00,1252.7,1254.3,1255.8,1252.6,1324263.0,1056,2025-10-07 11:09:59
2025-10-07 11:10:00,1254.9,1253.9,1255.7,1253.1,914351.0000000001,729,2025-10-07 11:19:59
2025-10-07 11:20:00,1253.8,1255.2,1256.5,1253.0,692502.0999999999,552,2025-10-07 11:29:59
2025-10-07 11:30:00,1255.2,1255.2,1255.2,1253.6,702789.6,560,2025-10-07 11:39:59
2025-10-07 11:40:00,1255.2,1254.4,1255.2,1253.2,673351.3000000002,537,2025-10-07 11:49:59
2025-10-07 11:50:00,1254.4,1255.7,1255.9,1254.2,434162.0,346,2025-10-07 11:59:59
2025-10-07 12:00:00,1254.7,1255.0,1256.0,1253.3,902253.8999999998,719,2025-10-07 12:09:59
2025-10-07 12:10:00,1254.9,1253.7,1255.1,1253.3,497835.8,397,2025-10-07 12:19:59
2025-10-07 12:20:00,1253.8,1253.9,1254.3,1253.7,289659.0,231,2025-10-07 12:29:59
2025-10-07 12:30:00,1253.9,1252.1,1254.0,1252.1,937315.9,748,2025-10-07 12:39:59
2025-10-07 12:40:00,1253.1,1253.1,1253.6,1252.3,278126.3,222,2025-10-07 12:49:59
2025-10-07 12:50:00,1253.0,1253.7,1254.0,1252.2,335828.9,268,2025-10-07 12:59:59
2025-10-07 13:00:00,1253.8,1244.0,1254.0,1244.0,4779807.9,3829,2025-10-07 13:09:59
2025-10-07 13:10:00,1243.9,1247.1,1247.9,1243.8,2158558.0999999996,1732,2025-10-07 13:19:59
2025-10-07 13:20:00,1247.1,1247.1,1247.1,1246.0,154617.0,124,2025-10-07 13:29:59
2025-10-07 13:30:00,1247.1,1251.1,1251.1,1246.4,2540649.8000000003,2035,2025-10-07 13:39:59
2025-10-07 13:40:00,1251.2,1250.2,1252.7,1247.1,2086704.4,1670,2025-10-07 13:49:59
2025-10-07 13:50:00,1250.2,1251.2,1251.5,1247.2,564718.7,452,2025-10-07 13:59:59
2025-10-07 14:00:00,1251.2,1249.9,1251.4,1248.8,316380.50000000006,253,2025-10-07 14:09:59
2025-10-07 14:10:00,1250.0,1252.2,1252.3,1250.0,471657.69999999995,377,2025-10-07 14:19:59
2025-10-07 14:20:00,1251.3,1248.2,1251.3,1247.2,475013.60000000003,380,2025-10-07 14:29:59
2025-10-07 14:30:00,1248.9,1247.0,1248.9,1246.5,1334916.6,1070,2025-10-07 14:39:59
2025-10-07 14:40:00,1247.0,1248.1,1248.1,1245.3,2110395.1999999997,1693,2025-10-07 14:49:59
2025-10-07 14:50:00,1248.0,1247.1,1248.1,1246.0,822862.9,660,2025-10-07 14:59:59
2025-10-07 15:00:00,1247.1,1244.9,1247.8,1244.2,1144926.5,919,2025-10-07 15:09:59
2025-10-07 15:10:00,1244.7,1247.1,1247.1,1244.7,603079.2999999998,484,2025-10-07 15:19:59
2025-10-07 15:20:00,1246.1,1246.9,1247.1,1245.6,474858.9,381,2025-10-07 15:29:59
2025-10-07 15:30:00,1246.9,1246.9,1246.9,1246.8,992530.6000000002,796,2025-10-07 15:39:59
2025-10-07 15:40:00,1246.9,1250.0,1250.0,1246.1,2366059.6,1897,2025-10-07 15:49:59
2025-10-07 15:50:00,1250.0,1250.7,1251.0,1250.0,557817.7,446,2025-10-07 15:59:59
2025-10-07 16:00:00,1250.7,1251.4,1251.4,1250.3,242613.99999999997,194,2025-10-07 16:09:59
2025-10-07 16:10:00,1251.5,1248.8,1252.0,1248.4,1064592.4999999998,851,2025-10-07 16:19:59
2025-10-07 16:20:00,1248.5,1246.8,1248.8,1246.0,1266263.7999999998,1015,2025-10-07 16:29:59
2025-10-07 16:30:00,1246.7,1247.1,1249.0,1245.0,990287.5,794,2025-10-07 16:39:59
2025-10-07 16:40:00,1247.1,1249.7,1249.7,1245.6,263271.60000000003,211,2025-10-07 16:49:59
2025-10-07 16:50:00,1249.3,1250.6,1250.6,1248.5,299985.60000000003,240,2025-10-07 16:59:59
2025-10-07 17:00:00,1250.0,1247.5,1250.0,1245.2,937591.2999999998,752,2025-10-07 17:09:59
2025-10-07 17:10:00,1248.2,1247.6,1248.8,1246.5,139698.2,112,2025-10-07 17:19:59
2025-10-07 17:20:00,1248.8,1248.1,1249.6,1247.8,377117.4,302,2025-10-07 17:29:59
2025-10-07 17:30:00,1248.0,1250.7,1250.8,1247.9,356241.89999999997,285,2025-10-07 17:39:59
2025-10-07 17:40:00,1250.8,1250.5,1251.1,1249.4,272576.3,218,2025-10-07 17:49:59
2025-10-07 17:50:00,1250.3,1251.0,1251.4,1249.7,201412.40000000002,161,2025-10-07 17:59:59
2025-10-07 18:00:00,1251.0,1251.6,1251.7,1249.7,780431.9999999999,624,2025-10-07 18:09:59
2025-10-07 18:10:00,1251.7,1253.0,1253.0,1251.7,214196.5,171,2025-10-07 18:19:59
2025-10-07 18:20:00,1252.3,1253.6,1253.6,1252.1,1236811.9,987,2025-10-07 18:29:59
2025-10-07 18:30:00,1253.6,1253.5,1256.9,1253.4,1950534.9000000001,1554,2025-10-07 18:39:59
2025-10-07 18:40:00,1258.5,1258.5,1258.5,1258.5,367482.0,292,2025-10-07 18:49:59
2025-10-07 19:00:00,1255.0,1254.2,1258.4,1254.2,523316.80000000005,417,2025-10-07 19:09:59
2025-10-07 19:10:00,1254.3,1254.7,1254.7,1253.6,293490.39999999997,234,2025-10-07 19:19:59
2025-10-07 19:20:00,1254.7,1253.8,1255.0,1253.8,570691.6,455,2025-10-07 19:29:59
2025-10-07 19:30:00,1253.8,1253.2,1255.4,1251.1,997279.2,796,2025-10-07 19:39:59
2025-10-07 19:40:00,1253.4,1252.2,1253.5,1251.9,55115.90000000001,44,2025-10-07 19:49:59
2025-10-07 19:50:00,1252.2,1252.2,1252.2,1251.7,68870.2,55,2025-10-07 19:59:59
2025-10-07 20:00:00,1253.0,1255.0,1255.0,1252.4,99068.5,79,2025-10-07 20:09:59
2025-10-07 20:10:00,1255.0,1256.7,1256.7,1255.0,225950.59999999998,180,2025-10-07 20:19:59
2025-10-07 20:20:00,1256.7,1256.0,1257.1,1255.5,368203.0,293,2025-10-07 20:29:59
2025-10-07 20:30:00,1255.6,1256.1,1256.9,1255.6,167088.9,133,2025-10-07 20:39:59
2025-10-07 20:40:00,1256.0,1256.1,1256.1,1254.9,231031.7,184,2025-10-07 20:49:59
2025-10-07 20:50:00,1256.1,1257.1,1257.1,1254.8,202228.2,161,2025-10-07 20:58:04
2025-10-07 21:00:00,1256.2,1257.1,1257.5,1255.8,70372.09999999999,56,2025-10-07 21:09:59
2025-10-07 21:10:00,1257.1,1257.1,1257.6,1255.8,129414.3,103,2025-10-07 21:19:59
2025-10-07 21:20:00,1257.1,1255.4,1257.3,1255.4,280185.2,223,2025-10-07 21:29:59
2025-10-07 21:30:00,1255.8,1257.1,1257.1,1255.4,104289.90000000001,83,2025-10-07 21:39:59
2025-10-07 21:40:00,1257.1,1257.1,1258.7,1256.5,455240.19999999995,362,2025-10-07 21:49:59
2025-10-07 21:50:00,1257.2,1258.3,1258.5,1257.0,491775.0,391,2025-10-07 21:59:59
2025-10-07 22:00:00,1258.2,1257.2,1258.2,1255.6,343007.1000000001,273,2025-10-07 22:09:59
2025-10-07 22:10:00,1256.6,1258.1,1258.8,1255.8,544699.5999999999,433,2025-10-07 22:19:59
2025-10-07 22:20:00,1258.2,1258.1,1258.2,1256.9,70437.90000000001,56,2025-10-07 22:29:59
2025-10-07 22:30:00,1258.1,1258.0,1258.1,1256.7,40236.6,32,2025-10-07 22:39:59
2025-10-07 22:40:00,1257.9,1258.0,1258.2,1257.1,339674.8,270,2025-10-07 22:49:59
2025-10-07 22:50:00,1258.2,1257.9,1259.1,1257.9,633029.6,503,2025-10-07 22:59:59
2025-10-07 23:00:00,1258.2,1256.7,1259.0,1256.7,233938.2,186,2025-10-07 23:09:59
2025-10-07 23:10:00,1258.4,1258.0,1258.8,1258.0,174894.4,139,2025-10-07 23:19:59
2025-10-07 23:20:00,1258.0,1258.2,1258.7,1257.9,117023.40000000002,93,2025-10-07 23:29:59
2025-10-07 23:30:00,1258.1,1256.9,1258.1,1256.7,465101.60000000003,370,2025-10-07 23:39:59
2025-10-07 23:40:00,1257.0,1256.6,1257.0,1256.6,507786.30000000005,404,2025-10-07 23:49:59
2025-10-08 06:50:00,1259.0,1259.0,1259.0,1259.0,44065.0,35,2025-10-08 06:59:59
2025-10-08 07:00:00,1259.0,1258.9,1259.0,1256.6,234105.20000000004,186,2025-10-08 07:09:59
2025-10-08 07:10:00,1258.9,1259.2,1259.2,1257.3,883801.6000000001,702,2025-10-08 07:19:59
2025-10-08 07:20:00,1259.1,1258.2,1259.2,1258.2,20146.100000000002,16,2025-10-08 07:29:59
2025-10-08 07:30:00,1259.0,1259.2,1259.2,1255.3,686609.7,546,2025-10-08 07:39:59
2025-10-08 07:40:00,1259.4,1258.6,1259.4,1256.6,59159.90000000001,47,2025-10-08 07:49:59
2025-10-08 07:50:00,1258.5,1258.1,1258.8,1256.6,115686.6,92,2025-10-08 07:59:59
2025-10-08 08:00:00,1258.1,1258.2,1258.2,1256.7,94330.5,75,2025-10-08 08:09:59
2025-10-08 08:10:00,1258.2,1257.0,1258.2,1257.0,23891.5,19,2025-10-08 08:19:59
2025-10-08 08:20:00,1257.1,1258.1,1258.1,1257.1,406360.39999999997,323,2025-10-08 08:29:59
2025-10-08 08:30:00,1258.1,1258.1,1258.1,1258.0,99387.3,79,2025-10-08 08:39:59
2025-10-08 08:40:00,1258.1,1258.1,1258.1,1258.0,125805.40000000001,100,2025-10-08 08:49:59
2025-10-08 08:50:00,1258.0,1257.1,1258.0,1256.7,222539.9,177,2025-10-08 08:59:06
2025-10-08 09:00:00,1257.3,1256.4,1257.8,1254.8,499936.70000000007,398,2025-10-08 09:09:59
2025-10-08 09:10:00,1256.4,1255.5,1256.4,1251.4,826102.9,659,2025-10-08 09:19:59
2025-10-08 09:20:00,1256.1,1255.5,1256.2,1255.5,115540.4,92,2025-10-08 09:29:59
2025-10-08 09:30:00,1256.2,1256.6,1256.8,1254.0,483729.9,385,2025-10-08 09:39:59
2025-10-08 09:40:00,1256.6,1258.5,1258.5,1255.0,469103.30000000005,373,2025-10-08 09:49:59
2025-10-08 09:50:00,1258.3,1262.0,1270.0,1257.2,8421352.4,6675,2025-10-08 09:59:59
2025-10-08 10:00:00,1262.0,1265.0,1266.0,1262.0,2412801.4000000004,1908,2025-10-08 10:09:59
2025-10-08 10:10:00,1265.0,1257.5,1265.0,1256.0,3259674.0,2587,2025-10-08 10:19:59
2025-10-08 10:20:00,1257.8,1257.6,1258.7,1256.3,908782.7,723,2025-10-08 10:29:59
2025-10-08 10:30:00,1257.4,1249.6,1257.8,1249.6,5399428.299999998,4310,2025-10-08 10:39:59
2025-10-08 10:40:00,1249.1,1247.6,1250.6,1246.0,4481610.3,3592,2025-10-08 10:49:59
2025-10-08 10:50:00,1247.1,1245.6,1249.2,1245.0,1044609.2999999999,838,2025-10-08 10:59:59
2025-10-08 11:00:00,1245.6,1253.2,1254.2,1245.0,2275879.5,1820,2025-10-08 11:09:59
2025-10-08 11:10:00,1252.7,1253.6,1253.7,1249.4,2069023.2999999998,1653,2025-10-08 11:19:59
2025-10-08 11:20:00,1252.4,1253.3,1255.2,1251.7,1117776.6999999997,892,2025-10-08 11:29:59
2025-10-08 11:30:00,1253.2,1255.2,1255.6,1253.2,586959.3000000002,468,2025-10-08 11:39:59
2025-10-08 11:40:00,1255.7,1256.2,1256.6,1254.0,1149980.5,916,2025-10-08 11:49:59
2025-10-08 11:50:00,1256.3,1251.2,1256.5,1250.6,1335204.6999999997,1065,2025-10-08 11:59:59
2025-10-08 12:00:00,1250.5,1247.4,1250.9,1247.4,1449174.2999999996,1160,2025-10-08 12:09:59
2025-10-08 12:10:00,1247.8,1245.0,1249.0,1245.0,1486275.4,1192,2025-10-08 12:19:59
2025-10-08 12:20:00,1246.6,1246.8,1247.3,1245.2,2171883.5000000005,1743,2025-10-08 12:29:59
2025-10-08 12:30:00,1246.2,1247.1,1247.9,1246.1,1408421.9999999998,1130,2025-10-08 12:39:59
2025-10-08 12:40:00,1246.3,1246.2,1247.4,1246.1,3232841.9,2594,2025-10-08 12:49:59
2025-10-08 12:50:00,1246.2,1246.5,1248.0,1246.2,1207095.3,968,2025-10-08 12:59:59
2025-10-08 13:00:00,1246.4,1246.5,1247.3,1246.2,863745.9000000001,693,2025-10-08 13:09:59
2025-10-08 13:10:00,1246.4,1246.3,1246.9,1246.2,712909.1,572,2025-10-08 13:19:59
2025-10-08 13:20:00,1246.3,1245.0,1246.7,1245.0,2310120.6999999997,1854,2025-10-08 13:29:59
2025-10-08 13:30:00,1245.0,1240.9,1245.1,1240.1,2596727.8999999994,2090,2025-10-08 13:39:59
2025-10-08 13:40:00,1240.8,1245.8,1248.8,1240.1,5716334.000000002,4592,2025-10-08 13:49:59
2025-10-08 13:50:00,1245.1,1244.3,1246.2,1244.0,723382.6,581,2025-10-08 13:59:59
2025-10-08 14:00:00,1244.2,1243.8,1245.2,1243.1,962647.0,774,2025-10-08 14:09:59
2025-10-08 14:10:00,1243.5,1244.1,1246.2,1243.5,1116619.4,897,2025-10-08 14:19:59
2025-10-08 14:20:00,1244.1,1245.7,1246.8,1243.1,1206319.4,969,2025-10-08 14:29:59
2025-10-08 14:30:00,1245.5,1244.5,1245.5,1243.1,658231.4000000001,529,2025-10-08 14:39:59
2025-10-08 14:40:00,1245.2,1250.4,1250.4,1244.7,2535270.6,2031,2025-10-08 14:49:59
2025-10-08 14:50:00,1250.3,1246.6,1250.3,1245.1,1775525.8000000005,1423,2025-10-08 14:59:59
2025-10-08 15:00:00,1245.9,1246.7,1247.1,1245.9,124639.70000000001,100,2025-10-08 15:09:59
2025-10-08 15:10:00,1246.4,1247.0,1247.8,1246.4,395466.39999999997,317,2025-10-08 15:19:59
2025-10-08 15:20:00,1246.9,1247.6,1249.3,1246.9,500375.60000000003,401,2025-10-08 15:29:59
2025-10-08 15:30:00,1247.6,1244.8,1248.4,1244.8,301534.0,242,2025-10-08 15:39:59
2025-10-08 15:40:00,1244.8,1246.3,1246.3,1244.2,562800.8999999998,452,2025-10-08 15:49:59
2025-10-08 15:50:00,1246.3,1244.3,1246.3,1244.1,302657.30000000005,243,2025-10-08 15:59:59
2025-10-08 16:00:00,1244.9,1245.0,1245.0,1243.6,612188.8999999999,492,2025-10-08 16:09:59
2025-10-08 16:10:00,1245.0,1246.6,1246.6,1243.8,572543.6000000001,460,2025-10-08 16:19:59
2025-10-08 16:20:00,1246.7,1246.0,1247.4,1245.6,588456.7999999999,472,2025-10-08 16:29:59
2025-10-08 16:30:00,1246.5,1247.2,1247.2,1245.1,411296.39999999997,330,2025-10-08 16:39:59
2025-10-08 16:40:00,1247.1,1244.8,1247.1,1244.7,619174.0000000001,497,2025-10-08 16:49:59
2025-10-08 16:50:00,1244.8,1243.6,1247.8,1243.5,1087555.6,874,2025-10-08 16:59:59
2025-10-08 17:00:00,1244.0,1244.5,1245.7,1243.2,784981.7999999999,631,2025-10-08 17:09:59
2025-10-08 17:10:00,1243.4,1243.0,1244.5,1242.5,1352449.8,1088,2025-10-08 17:19:59
2025-10-08 17:20:00,1242.9,1243.6,1244.5,1242.1,3074129.6999999997,2474,2025-10-08 17:29:59
2025-10-08 17:30:00,1243.1,1233.0,1243.2,1231.8,8453106.100000001,6821,2025-10-08 17:39:59
2025-10-08 17:40:00,1233.0,1228.6,1235.7,1223.3,5746888.4,4674,2025-10-08 17:49:59
2025-10-08 17:50:00,1228.0,1229.6,1230.6,1225.7,2610848.6999999997,2126,2025-10-08 17:59:59
2025-10-08 18:00:00,1228.4,1226.7,1233.4,1218.2,10112813.499999998,8254,2025-10-08 18:09:59
2025-10-08 18:10:00,1226.2,1226.7,1227.0,1223.6,810037.5999999999,661,2025-10-08 18:19:59
2025-10-08 18:20:00,1226.7,1222.6,1227.5,1221.8,1956811.3,1597,2025-10-08 18:29:59
2025-10-08 18:30:00,1222.6,1230.9,1232.7,1222.6,2792466.4,2277,2025-10-08 18:39:59
2025-10-08 18:40:00,1225.9,1225.9,1225.9,1225.9,2874735.5000000005,2345,2025-10-08 18:49:59
2025-10-08 19:00:00,1227.3,1226.2,1228.4,1222.7,2190246.0,1786,2025-10-08 19:09:59
2025-10-08 19:10:00,1225.7,1226.7,1229.7,1224.5,2815494.4000000004,2294,2025-10-08 19:19:59
2025-10-08 19:20:00,1227.6,1232.2,1232.3,1227.6,720683.0000000001,586,2025-10-08 19:29:59
2025-10-08 19:30:00,1232.3,1233.1,1233.5,1231.6,653280.6000000001,530,2025-10-08 19:39:59
2025-10-08 19:40:00,1233.9,1237.3,1237.3,1233.9,1581163.3000000003,1280,2025-10-08 19:49:59
2025-10-08 19:50:00,1237.3,1235.5,1237.3,1234.3,532639.2999999999,431,2025-10-08 19:59:59
2025-10-08 20:00:00,1235.4,1234.3,1235.4,1230.9,1128255.0999999999,915,2025-10-08 20:09:59
2025-10-08 20:10:00,1233.6,1234.3,1235.0,1233.6,365167.39999999997,296,2025-10-08 20:19:59
2025-10-08 20:20:00,1234.3,1234.4,1235.2,1232.7,445665.7,361,2025-10-08 20:29:59
2025-10-08 20:30:00,1233.1,1233.9,1234.7,1232.4,312122.70000000007,253,2025-10-08 20:39:59
2025-10-08 20:40:00,1233.8,1233.9,1233.9,1233.1,251685.7,204,2025-10-08 20:49:59
2025-10-08 20:50:00,1233.9,1233.2,1234.4,1230.5,886942.3,719,2025-10-08 20:59:59
2025-10-08 21:00:00,1232.7,1234.6,1234.6,1232.7,196090.79999999996,159,2025-10-08 21:09:59
2025-10-08 21:10:00,1234.6,1234.2,1234.6,1233.0,129556.3,105,2025-10-08 21:19:59
2025-10-08 21:20:00,1234.3,1231.4,1234.4,1230.0,1555606.3,1262,2025-10-08 21:29:59
2025-10-08 21:30:00,1231.5,1231.0,1233.6,1230.1,822582.3,668,2025-10-08 21:39:59
2025-10-08 21:40:00,1230.9,1232.0,1232.2,1230.9,397753.4,323,2025-10-08 21:49:59
2025-10-08 21:50:00,1232.0,1233.0,1233.0,1231.1,230430.69999999998,187,2025-10-08 21:59:59
2025-10-08 22:00:00,1232.2,1232.0,1233.1,1232.0,221811.89999999997,180,2025-10-08 22:09:59
2025-10-08 22:10:00,1232.0,1231.4,1233.4,1231.1,288395.3,234,2025-10-08 22:19:59
2025-10-08 22:20:00,1232.7,1231.1,1233.4,1231.0,887036.2,720,2025-10-08 22:29:59
2025-10-08 22:30:00,1231.1,1230.2,1231.8,1230.2,921647.4000000001,749,2025-10-08 22:39:59
2025-10-08 22:40:00,1230.2,1230.8,1231.0,1230.1,338334.9,275,2025-10-08 22:49:59
2025-10-08 22:50:00,1230.9,1230.7,1231.0,1230.2,216580.7,176,2025-10-08 22:59:59
2025-10-08 23:00:00,1230.8,1230.8,1230.9,1230.3,152592.8,124,2025-10-08 23:09:59
2025-10-08 23:10:00,1230.8,1230.9,1230.9,1230.7,57848.2,47,2025-10-08 23:19:59
2025-10-08 23:20:00,1230.9,1230.0,1230.9,1230.0,1076441.5999999999,875,2025-10-08 23:29:59
2025-10-08 23:30:00,1230.0,1230.8,1230.9,1230.0,792276.0000000001,644,2025-10-08 23:39:59
2025-10-08 23:40:00,1230.8,1230.0,1230.8,1230.0,1865977.5,1517,2025-10-08 23:49:59
2025-10-09 06:50:00,1240.0,1240.0,1240.0,1240.0,2480.0,2,2025-10-09 06:59:59
2025-10-09 07:00:00,1240.0,1230.0,1240.0,1230.0,124533.3,101,2025-10-09 07:09:59
2025-10-09 07:10:00,1229.9,1235.8,1235.8,1229.9,154340.7,125,2025-10-09 07:19:59
2025-10-09 07:20:00,1235.8,1237.4,1238.4,1235.0,139666.80000000002,113,2025-10-09 07:29:59
2025-10-09 07:30:00,1237.2,1238.7,1239.6,1237.2,493007.4,398,2025-10-09 07:39:59
2025-10-09 07:40:00,1238.7,1239.5,1239.6,1238.7,665541.7000000001,537,2025-10-09 07:49:59
2025-10-09 07:50:00,1237.9,1239.0,1239.6,1236.1,87874.6,71,2025-10-09 07:59:59
2025-10-09 08:00:00,1239.0,1238.5,1239.5,1236.2,228874.3,185,2025-10-09 08:09:59
2025-10-09 08:10:00,1239.4,1239.3,1239.4,1236.2,414818.79999999993,335,2025-10-09 08:19:59
2025-10-09 08:20:00,1238.6,1240.0,1241.0,1236.3,594731.8000000002,480,2025-10-09 08:29:59
2025-10-09 08:30:00,1240.0,1238.2,1240.6,1236.3,232841.60000000003,188,2025-10-09 08:39:59
2025-10-09 08:40:00,1237.8,1236.8,1238.3,1236.2,396066.19999999995,320,2025-10-09 08:49:59
2025-10-09 08:50:00,1237.8,1237.9,1238.3,1236.7,82930.20000000001,67,2025-10-09 08:59:59
2025-10-09 09:00:00,1237.9,1235.4,1237.9,1233.9,249733.39999999994,202,2025-10-09 09:09:59
2025-10-09 09:10:00,1235.0,1233.4,1235.7,1233.2,214812.8,174,2025-10-09 09:19:59
2025-10-09 09:20:00,1233.6,1234.2,1235.7,1233.6,284149.9,230,2025-10-09 09:29:59
2025-10-09 09:30:00,1234.2,1237.3,1238.5,1234.2,616854.2,499,2025-10-09 09:39:59
2025-10-09 09:40:00,1237.3,1235.9,1240.4,1233.3,843230.2999999998,682,2025-10-09 09:49:59
2025-10-09 09:50:00,1236.0,1239.4,1240.6,1236.0,114011.4,92,2025-10-09 09:59:59
2025-10-09 10:00:00,1239.9,1237.9,1242.1,1236.0,3991488.1999999997,3221,2025-10-09 10:09:59
2025-10-09 10:10:00,1237.7,1245.9,1250.5,1233.6,6483910.700000001,5213,2025-10-09 10:19:59
2025-10-09 10:20:00,1244.7,1245.6,1248.6,1242.9,2825831.8999999994,2268,2025-10-09 10:29:59
2025-10-09 10:30:00,1245.5,1249.6,1250.5,1245.5,2425564.5000000005,1943,2025-10-09 10:39:59
2025-10-09 10:40:00,1249.2,1252.6,1255.8,1242.6,8650645.400000002,6930,2025-10-09 10:49:59
2025-10-09 10:50:00,1252.5,1253.3,1253.3,1249.6,2022670.0,1616,2025-10-09 10:59:59
2025-10-09 11:00:00,1253.3,1246.6,1257.8,1242.7,8305092.1000000015,6629,2025-10-09 11:09:59
2025-10-09 11:10:00,1246.5,1244.3,1247.8,1241.1,3718476.8000000007,2988,2025-10-09 11:19:59
2025-10-09 11:20:00,1244.3,1225.7,1245.0,1225.3,8407335.6,6823,2025-10-09 11:29:59
2025-10-09 11:30:00,1226.4,1229.3,1231.3,1223.1,6072766.9,4950,2025-10-09 11:39:59
2025-10-09 11:40:00,1229.3,1227.0,1231.8,1226.8,3304645.7,2688,2025-10-09 11:49:59
2025-10-09 11:50:00,1227.1,1220.0,1230.0,1213.1,17241870.499999996,14137,2025-10-09 11:59:59
2025-10-09 12:00:00,1220.0,1227.5,1228.7,1218.6,23884791.599999998,19559,2025-10-09 12:09:59
2025-10-09 12:10:00,1227.2,1233.8,1234.7,1226.8,2306173.2000000007,1874,2025-10-09 12:19:59
2025-10-09 12:20:00,1233.8,1238.9,1238.9,1233.1,3226528.4,2608,2025-10-09 12:29:59
2025-10-09 12:30:00,1238.9,1239.8,1239.8,1235.5,2787876.400000002,2252,2025-10-09 12:39:59
2025-10-09 12:40:00,1239.8,1237.5,1239.8,1236.5,2337105.2,1887,2025-10-09 12:49:59
2025-10-09 12:50:00,1237.5,1234.4,1239.0,1234.4,2521173.9000000004,2036,2025-10-09 12:59:59
2025-10-09 13:00:00,1234.4,1235.7,1236.7,1233.5,1598613.2,1294,2025-10-09 13:09:59
2025-10-09 13:10:00,1236.3,1237.5,1239.0,1236.3,3201878.399999999,2587,2025-10-09 13:19:59
2025-10-09 13:20:00,1237.8,1235.4,1238.9,1234.1,3578419.1999999993,2893,2025-10-09 13:29:59
2025-10-09 13:30:00,1235.6,1231.2,1237.9,1231.2,2315978.1999999997,1875,2025-10-09 13:39:59
2025-10-09 13:40:00,1231.0,1233.2,1233.8,1228.9,3155898.1999999997,2563,2025-10-09 13:49:59
2025-10-09 13:50:00,1233.3,1234.5,1234.6,1232.3,1690270.1,1370,2025-10-09 13:59:59
2025-10-09 14:00:00,1234.5,1230.5,1235.2,1230.5,3195295.5,2592,2025-10-09 14:09:59
2025-10-09 14:10:00,1231.0,1229.1,1231.9,1228.1,973037.2000000001,791,2025-10-09 14:19:59
2025-10-09 14:20:00,1229.1,1231.9,1231.9,1228.1,2035741.6000000003,1655,2025-10-09 14:29:59
2025-10-09 14:30:00,1231.5,1230.3,1231.9,1230.0,965192.1000000001,784,2025-10-09 14:39:59
2025-10-09 14:40:00,1230.9,1234.7,1234.7,1230.4,2713991.1,2203,2025-10-09 14:49:59
2025-10-09 14:50:00,1233.7,1234.5,1236.4,1233.7,1042060.1,844,2025-10-09 14:59:59
2025-10-09 15:00:00,1235.1,1237.9,1237.9,1234.9,1026246.9999999999,830,2025-10-09 15:09:59
2025-10-09 15:10:00,1238.0,1241.6,1245.8,1237.8,3651941.7,2939,2025-10-09 15:19:59
2025-10-09 15:20:00,1241.6,1246.5,1247.0,1241.5,4064193.2000000007,3264,2025-10-09 15:29:59
2025-10-09 15:30:00,1246.7,1249.6,1250.0,1245.3,3681381.1,2949,2025-10-09 15:39:59
2025-10-09 15:40:00,1249.6,1248.9,1250.7,1245.7,3668329.099999998,2938,2025-10-09 15:49:59
2025-10-09 15:50:00,1248.9,1251.3,1251.5,1247.1,3194616.3000000003,2557,2025-10-09 15:59:59
2025-10-09 16:00:00,1251.3,1249.7,1252.9,1247.1,3410139.4000000004,2726,2025-10-09 16:09:59
2025-10-09 16:10:00,1249.7,1252.0,1253.0,1246.5,3138361.8,2509,2025-10-09 16:19:59
2025-10-09 16:20:00,1252.0,1255.3,1256.0,1251.9,3334534.8,2657,2025-10-09 16:29:59
2025-10-09 16:30:00,1255.3,1255.7,1255.8,1254.3,3550222.1000000006,2828,2025-10-09 16:39:59
2025-10-09 16:40:00,1255.5,1258.8,1258.8,1253.6,5820066.399999999,4632,2025-10-09 16:49:59
2025-10-09 16:50:00,1258.8,1259.8,1264.9,1258.0,7348607.500000001,5830,2025-10-09 16:59:59
2025-10-09 17:00:00,1259.8,1259.6,1263.9,1257.7,3616899.4,2869,2025-10-09 17:09:59
2025-10-09 17:10:00,1259.6,1253.9,1260.0,1253.9,1814111.7000000002,1442,2025-10-09 17:19:59
2025-10-09 17:20:00,1255.0,1252.6,1255.9,1251.9,1275246.7999999998,1017,2025-10-09 17:29:59
2025-10-09 17:30:00,1252.9,1248.0,1253.2,1247.5,3310869.6999999997,2649,2025-10-09 17:39:59
2025-10-09 17:40:00,1248.6,1247.5,1248.9,1247.5,638896.7000000001,512,2025-10-09 17:49:59
2025-10-09 17:50:00,1247.5,1250.4,1251.6,1246.6,732656.0000000001,587,2025-10-09 17:59:59
2025-10-09 18:00:00,1251.6,1252.6,1254.6,1250.4,385812.4,308,2025-10-09 18:09:59
2025-10-09 18:10:00,1251.3,1247.8,1252.5,1247.8,323746.60000000003,259,2025-10-09 18:19:59
2025-10-09 18:20:00,1249.2,1249.0,1250.1,1247.0,308370.4,247,2025-10-09 18:29:59
2025-10-09 18:30:00,1249.0,1249.7,1250.3,1248.0,346079.8,277,2025-10-09 18:39:59
2025-10-09 18:40:00,1250.0,1250.0,1250.0,1250.0,16250.0,13,2025-10-09 18:49:59
2025-10-09 19:00:00,1248.8,1250.5,1251.2,1247.9,689513.2,552,2025-10-09 19:09:59
2025-10-09 19:10:00,1249.9,1251.5,1252.4,1249.3,524932.8,420,2025-10-09 19:19:59
2025-10-09 19:20:00,1251.5,1252.5,1252.5,1250.9,312946.6,250,2025-10-09 19:29:59
2025-10-09 19:30:00,1252.7,1251.0,1252.7,1251.0,182731.5,146,2025-10-09 19:39:59
2025-10-09 19:40:00,1250.6,1251.4,1251.4,1248.9,167567.0,134,2025-10-09 19:49:59
2025-10-09 19:50:00,1251.4,1250.2,1251.4,1247.6,271140.5,217,2025-10-09 19:59:59
2025-10-09 20:00:00,1248.3,1250.0,1250.4,1248.3,38739.799999999996,31,2025-10-09 20:09:59
2025-10-09 20:10:00,1249.8,1248.7,1249.9,1248.6,84942.60000000002,68,2025-10-09 20:19:59
2025-10-09 20:20:00,1249.5,1249.9,1250.0,1248.1,204928.5,164,2025-10-09 20:29:59
2025-10-09 20:30:00,1249.9,1249.5,1250.0,1249.2,406172.3,325,2025-10-09 20:39:59
2025-10-09 20:40:00,1249.5,1251.5,1251.5,1249.5,190041.69999999998,152,2025-10-09 20:49:59
2025-10-09 20:50:00,1251.5,1251.9,1252.6,1249.7,763647.7999999999,610,2025-10-09 20:59:59
2025-10-09 21:00:00,1251.7,1251.4,1251.9,1251.4,85108.5,68,2025-10-09 21:09:59
2025-10-09 21:10:00,1251.7,1253.6,1253.7,1251.5,369587.9,295,2025-10-09 21:19:59
2025-10-09 21:20:00,1253.6,1252.0,1253.6,1252.0,117787.1,94,2025-10-09 21:29:59
2025-10-09 21:30:00,1252.5,1252.8,1253.6,1252.1,220472.40000000002,176,2025-10-09 21:39:59
2025-10-09 21:40:00,1253.6,1254.6,1254.6,1252.8,154223.6,123,2025-10-09 21:49:59
2025-10-09 21:50:00,1254.5,1255.6,1257.5,1253.2,341480.50000000006,272,2025-10-09 21:59:59
2025-10-09 22:00:00,1256.0,1256.0,1257.4,1254.7,391967.39999999997,312,2025-10-09 22:09:59
2025-10-09 22:10:00,1256.0,1254.6,1256.1,1251.3,647343.1,516,2025-10-09 22:19:59
2025-10-09 22:20:00,1256.0,1257.1,1257.4,1256.0,375790.39999999997,299,2025-10-09 22:29:59
2025-10-09 22:30:00,1256.6,1255.5,1256.6,1253.9,434445.5,346,2025-10-09 22:39:59
2025-10-09 22:40:00,1253.9,1253.3,1254.6,1252.0,572962.9,457,2025-10-09 22:49:59
2025-10-09 22:50:00,1253.4,1253.5,1254.1,1253.2,76481.6,61,2025-10-09 22:59:05
2025-10-09 23:00:00,1254.5,1253.9,1254.7,1253.5,26333.8,21,2025-10-09 23:09:59
2025-10-09 23:10:00,1253.3,1253.0,1254.0,1252.6,166661.9,133,2025-10-09 23:19:59
2025-10-09 23:20:00,1252.5,1252.5,1253.8,1251.5,364428.0,291,2025-10-09 23:29:59
2025-10-09 23:30:00,1253.8,1251.6,1253.8,1251.3,557196.5,445,2025-10-09 23:39:59
2025-10-09 23:40:00,1251.6,1252.4,1256.3,1251.5,717524.3,572,2025-10-09 23:49:59
2025-10-10 06:50:00,1253.0,1253.0,1253.0,1253.0,3759.0,3,2025-10-10 06:59:59
2025-10-10 07:00:00,1255.7,1255.3,1257.4,1253.0,637486.2000000001,508,2025-10-10 07:09:59
2025-10-10 07:10:00,1253.7,1255.0,1257.0,1253.1,135544.5,108,2025-10-10 07:19:59
2025-10-10 07:20:00,1255.3,1255.4,1255.4,1253.8,171979.3,137,2025-10-10 07:29:59
2025-10-10 07:30:00,1255.4,1253.9,1255.4,1253.7,130493.6,104,2025-10-10 07:39:59
2025-10-10 07:40:00,1254.2,1257.3,1257.3,1254.2,40207.2,32,2025-10-10 07:49:59
2025-10-10 07:50:00,1257.3,1257.1,1257.3,1257.0,170991.0,136,2025-10-10 07:59:01
2025-10-10 08:00:00,1257.0,1255.4,1257.0,1255.3,185962.8,148,2025-10-10 08:09:59
2025-10-10 08:10:00,1256.4,1255.4,1256.4,1255.4,40202.9,32,2025-10-10 08:19:59
2025-10-10 08:20:00,1256.2,1255.8,1256.3,1255.6,277622.80000000005,221,2025-10-10 08:29:59
2025-10-10 08:30:00,1255.8,1254.8,1255.8,1254.2,263618.10000000003,210,2025-10-10 08:39:59
2025-10-10 08:40:00,1254.2,1252.8,1254.2,1252.2,309499.1,247,2025-10-10 08:49:59
2025-10-10 08:50:00,1253.2,1255.4,1255.4,1253.2,206930.49999999997,165,2025-10-10 08:59:59
2025-10-10 09:00:00,1254.6,1254.6,1256.0,1254.6,185841.1,148,2025-10-10 09:09:59
2025-10-10 09:10:00,1255.8,1256.5,1256.6,1255.0,618187.2000000001,492,2025-10-10 09:19:59
2025-10-10 09:20:00,1256.1,1257.7,1257.9,1255.0,1174341.7,935,2025-10-10 09:29:59
2025-10-10 09:30:00,1257.9,1258.0,1260.0,1257.9,328581.7,261,2025-10-10 09:39:59
2025-10-10 09:40:00,1258.0,1258.0,1258.0,1256.9,178550.9,142,2025-10-10 09:49:59
2025-10-10 09:50:00,1257.9,1260.1,1261.7,1257.9,886989.1000000001,704,2025-10-10 09:59:59
2025-10-10 10:00:00,1260.1,1260.5,1262.5,1259.0,1674172.9,1328,2025-10-10 10:09:59
2025-10-10 10:10:00,1260.6,1259.2,1260.6,1258.0,676244.8999999999,537,2025-10-10 10:19:59
2025-10-10 10:20:00,1259.9,1257.2,1261.4,1257.2,2247162.6,1784,2025-10-10 10:29:59
2025-10-10 10:30:00,1257.5,1258.3,1258.3,1254.1,404636.1,322,2025-10-10 10:39:59
2025-10-10 10:40:00,1258.6,1260.8,1261.4,1257.1,1606615.5999999996,1276,2025-10-10 10:49:59
2025-10-10 10:50:00,1260.2,1260.7,1261.4,1259.4,939243.5,745,2025-10-10 10:59:59
2025-10-10 11:00:00,1260.7,1260.3,1260.8,1258.7,1206986.0999999999,958,2025-10-10 11:09:59
2025-10-10 11:10:00,1260.3,1258.6,1260.8,1258.6,556596.8,442,2025-10-10 11:19:59
2025-10-10 11:20:00,1258.6,1261.8,1261.8,1258.5,1308707.9000000004,1038,2025-10-10 11:29:59
2025-10-10 11:30:00,1261.8,1267.0,1267.7,1261.8,4113451.9000000004,3254,2025-10-10 11:39:59
2025-10-10 11:40:00,1267.0,1266.2,1268.6,1266.1,1963219.2000000002,1549,2025-10-10 11:49:59
2025-10-10 11:50:00,1266.2,1267.9,1268.0,1265.1,1679142.9000000001,1326,2025-10-10 11:59:59
2025-10-10 12:00:00,1268.0,1272.7,1273.7,1268.0,10464621.699999997,8235,2025-10-10 12:09:59
2025-10-10 12:10:00,1273.3,1273.4,1275.0,1271.4,3220174.0,2529,2025-10-10 12:19:59
2025-10-10 12:20:00,1273.2,1270.9,1274.8,1270.3,2480813.7,1949,2025-10-10 12:29:59
2025-10-10 12:30:00,1270.9,1269.1,1270.9,1266.3,3295309.6999999993,2598,2025-10-10 12:39:59
2025-10-10 12:40:00,1269.3,1267.5,1269.5,1267.2,1279754.7000000002,1009,2025-10-10 12:49:59
2025-10-10 12:50:00,1267.4,1263.0,1268.0,1262.9,3019259.8,2386,2025-10-10 12:59:59
2025-10-10 13:00:00,1262.5,1266.9,1271.6,1262.4,2943139.0,2324,2025-10-10 13:09:59
2025-10-10 13:10:00,1267.7,1265.4,1268.2,1265.1,1709347.6,1350,2025-10-10 13:19:59
2025-10-10 13:20:00,1266.2,1259.1,1267.4,1258.8,3665937.1,2903,2025-10-10 13:29:59
2025-10-10 13:30:00,1259.6,1259.7,1261.1,1254.2,3126072.4000000004,2486,2025-10-10 13:39:59
2025-10-10 13:40:00,1260.6,1254.3,1260.6,1254.0,3411438.6,2715,2025-10-10 13:49:59
2025-10-10 13:50:00,1254.0,1253.2,1255.7,1252.9,3369024.5,2687,2025-10-10 13:59:59
2025-10-10 14:00:00,1253.2,1251.4,1254.4,1250.0,3273916.3000000003,2616,2025-10-10 14:09:59
2025-10-10 14:10:00,1251.5,1252.8,1254.2,1250.7,1054750.2000000002,842,2025-10-10 14:19:59
2025-10-10 14:20:00,1253.3,1250.4,1253.5,1250.3,1259204.4,1006,2025-10-10 14:29:59
2025-10-10 14:30:00,1251.2,1256.0,1257.3,1251.2,2214917.3999999994,1766,2025-10-10 14:39:59
2025-10-10 14:40:00,1255.8,1257.0,1257.3,1255.8,519030.5,413,2025-10-10 14:49:59
2025-10-10 14:50:00,1256.9,1255.5,1257.6,1255.4,208576.09999999998,166,2025-10-10 14:59:59
2025-10-10 15:00:00,1255.5,1256.0,1256.0,1254.0,1004857.4000000001,801,2025-10-10 15:09:59
2025-10-10 15:10:00,1255.9,1257.0,1257.4,1254.0,494561.1000000001,394,2025-10-10 15:19:59
2025-10-10 15:20:00,1257.0,1256.9,1257.1,1254.0,1681513.4,1339,2025-10-10 15:29:59
2025-10-10 15:30:00,1256.8,1260.3,1261.0,1256.3,1829892.4,1453,2025-10-10 15:39:59
2025-10-10 15:40:00,1260.2,1257.4,1260.3,1255.8,1557872.0999999996,1238,2025-10-10 15:49:59
2025-10-10 15:50:00,1257.2,1255.0,1257.4,1254.4,676592.0000000001,539,2025-10-10 15:59:59
2025-10-10 16:00:00,1255.0,1254.7,1255.0,1254.0,436596.89999999997,348,2025-10-10 16:09:59
2025-10-10 16:10:00,1254.9,1252.9,1254.9,1251.1,1770851.5999999999,1413,2025-10-10 16:19:59
2025-10-10 16:20:00,1251.9,1247.8,1252.7,1246.6,2959757.400000001,2368,2025-10-10 16:29:59
2025-10-10 16:30:00,1248.1,1243.8,1248.3,1242.0,3252760.9999999995,2614,2025-10-10 16:39:59
2025-10-10 16:40:00,1243.2,1243.2,1244.0,1240.3,1984541.0,1598,2025-10-10 16:49:59
2025-10-10 16:50:00,1243.2,1244.9,1245.2,1241.6,3052618.5,2454,2025-10-10 16:59:59
2025-10-10 17:00:00,1243.7,1244.7,1246.1,1242.8,1309040.5999999999,1052,2025-10-10 17:09:59
2025-10-10 17:10:00,1244.7,1241.0,1244.7,1240.2,859519.1000000001,692,2025-10-10 17:19:59
2025-10-10 17:20:00,1240.3,1242.7,1243.2,1239.8,1804312.6,1454,2025-10-10 17:29:59
2025-10-10 17:30:00,1242.0,1243.4,1244.1,1242.0,314541.5,253,2025-10-10 17:39:59
2025-10-10 17:40:00,1243.4,1251.5,1251.6,1242.9,547936.2,440,2025-10-10 17:49:59
2025-10-10 17:50:00,1250.9,1248.1,1253.0,1247.1,1836182.5,1468,2025-10-10 17:59:59
2025-10-10 18:00:00,1248.2,1242.9,1250.0,1242.9,912514.3999999999,732,2025-10-10 18:09:59
2025-10-10 18:10:00,1242.9,1243.7,1248.5,1238.7,2630781.3,2117,2025-10-10 18:19:59
2025-10-10 18:20:00,1244.6,1244.6,1245.1,1242.4,609461.2000000001,490,2025-10-10 18:29:59
2025-10-10 18:30:00,1244.2,1245.8,1245.8,1243.0,471775.0,379,2025-10-10 18:39:59
2025-10-10 18:40:00,1245.8,1245.8,1245.8,1245.8,28653.4,23,2025-10-10 18:49:59
2025-10-10 19:00:00,1245.9,1243.0,1247.9,1243.0,405741.30000000005,326,2025-10-10 19:09:59
2025-10-10 19:10:00,1243.0,1239.9,1243.1,1235.0,5271224.7,4258,2025-10-10 19:19:59
2025-10-10 19:20:00,1239.8,1244.4,1244.4,1239.8,168835.99999999994,136,2025-10-10 19:29:59
2025-10-10 19:30:00,1245.3,1242.8,1245.4,1240.0,824322.2999999999,664,2025-10-10 19:39:59
2025-10-10 19:40:00,1242.7,1242.8,1242.8,1240.7,196309.10000000003,158,2025-10-10 19:49:59
2025-10-10 19:50:00,1242.8,1242.8,1242.8,1242.2,95690.0,77,2025-10-10 19:59:59
2025-10-10 20:00:00,1242.8,1241.7,1242.8,1240.5,360181.8,290,2025-10-10 20:09:59
2025-10-10 20:10:00,1241.9,1243.3,1244.2,1241.9,509564.3999999999,410,2025-10-10 20:19:59
2025-10-10 20:20:00,1243.3,1244.5,1244.6,1243.3,88328.9,71,2025-10-10 20:29:59
2025-10-10 20:30:00,1244.5,1245.0,1245.0,1243.5,169216.5,136,2025-10-10 20:39:59
2025-10-10 20:40:00,1244.1,1243.6,1244.1,1243.2,97017.30000000002,78,2025-10-10 20:49:59
2025-10-10 20:50:00,1243.9,1241.7,1244.1,1241.0,977851.3999999999,787,2025-10-10 20:59:59
2025-10-10 21:00:00,1242.5,1242.0,1242.5,1241.2,130407.3,105,2025-10-10 21:09:59
2025-10-10 21:10:00,1241.9,1243.2,1243.2,1241.4,146635.2,118,2025-10-10 21:19:59
2025-10-10 21:20:00,1243.2,1242.4,1243.2,1240.5,156511.3,126,2025-10-10 21:29:59
2025-10-10 21:30:00,1242.4,1242.1,1242.4,1242.0,98126.0,79,2025-10-10 21:39:59
2025-10-10 21:40:00,1241.5,1236.3,1242.3,1232.3,4838856.300000001,3913,2025-10-10 21:49:59
2025-10-10 21:50:00,1235.4,1239.8,1239.9,1235.2,772698.2,624,2025-10-10 21:59:59
2025-10-10 22:00:00,1239.8,1241.4,1241.5,1238.3,6523087.5,5260,2025-10-10 22:09:59
2025-10-10 22:10:00,1241.8,1240.1,1241.8,1240.0,604304.1000000001,487,2025-10-10 22:19:59
2025-10-10 22:20:00,1240.1,1241.3,1243.5,1240.0,908812.8000000003,732,2025-10-10 22:29:59
2025-10-10 22:30:00,1241.7,1240.7,1241.9,1240.0,73232.1,59,2025-10-10 22:39:59
2025-10-10 22:40:00,1240.8,1240.6,1241.3,1240.0,553133.5,446,2025-10-10 22:49:59
2025-10-10 22:50:00,1241.1,1238.8,1241.4,1237.7,556179.1,449,2025-10-10 22:59:59
2025-10-10 23:00:00,1238.9,1238.5,1240.5,1238.1,255250.10000000003,206,2025-10-10 23:09:59
2025-10-10 23:10:00,1238.5,1240.2,1240.3,1237.6,333309.20000000007,269,2025-10-10 23:19:59
2025-10-10 23:20:00,1240.0,1239.6,1240.4,1239.2,954457.9,770,2025-10-10 23:29:59
2025-10-10 23:30:00,1239.6,1242.0,1242.0,1238.2,1750835.5,1412,2025-10-10 23:39:59
2025-10-10 23:40:00,1242.0,1240.4,1242.7,1240.0,843085.2,679,2025-10-10 23:49:59
2025-10-11 09:50:00,1235.0,1235.0,1235.0,1235.0,297635.0,241,2025-10-11 09:59:59
2025-10-11 10:00:00,1240.0,1232.7,1240.0,1232.4,716865.9999999999,581,2025-10-11 10:09:59
2025-10-11 10:10:00,1232.8,1237.2,1238.4,1232.7,149281.69999999998,121,2025-10-11 10:19:59
2025-10-11 10:20:00,1235.1,1237.8,1238.2,1235.1,227611.19999999998,184,2025-10-11 10:29:59
2025-10-11 10:30:00,1238.0,1237.0,1238.0,1235.3,207791.3,168,2025-10-11 10:39:59
2025-10-11 10:40:00,1237.7,1238.1,1238.2,1236.5,93986.6,76,2025-10-11 10:49:59
2025-10-11 10:50:00,1238.0,1240.1,1240.1,1238.0,188333.09999999998,152,2025-10-11 10:59:01
2025-10-11 11:00:00,1239.4,1238.1,1240.0,1235.0,868089.2,702,2025-10-11 11:09:59
2025-10-11 11:10:00,1238.2,1238.3,1239.0,1235.6,95273.9,77,2025-10-11 11:19:59
2025-10-11 11:20:00,1236.9,1242.2,1243.1,1236.9,639957.3999999999,516,2025-10-11 11:29:59
2025-10-11 11:30:00,1240.3,1242.4,1242.7,1238.1,823986.7000000001,664,2025-10-11 11:39:59
2025-10-11 11:40:00,1241.4,1241.2,1241.6,1239.6,356017.2,287,2025-10-11 11:49:59
2025-10-11 11:50:00,1241.1,1241.6,1241.6,1239.5,110404.30000000002,89,2025-10-11 11:59:06
2025-10-11 12:00:00,1241.5,1241.9,1242.3,1240.4,168863.3,136,2025-10-11 12:09:59
2025-10-11 12:10:00,1241.9,1241.9,1242.4,1241.2,60863.6,49,2025-10-11 12:19:59
2025-10-11 12:20:00,1241.9,1240.8,1241.9,1240.8,28552.300000000003,23,2025-10-11 12:29:59
2025-10-11 12:30:00,1241.6,1242.0,1242.0,1240.9,49668.2,40,2025-10-11 12:39:59
2025-10-11 12:40:00,1241.8,1242.0,1242.0,1241.8,81971.8,66,2025-10-11 12:49:59
2025-10-11 12:50:00,1242.0,1242.4,1242.5,1241.8,237266.59999999998,191,2025-10-11 12:59:01
2025-10-11 13:00:00,1242.4,1243.0,1243.0,1242.4,60893.3,49,2025-10-11 13:09:59
2025-10-11 13:10:00,1242.8,1242.7,1243.7,1242.7,62156.600000000006,50,2025-10-11 13:19:59
2025-10-11 13:20:00,1243.6,1244.7,1244.7,1242.9,113177.40000000001,91,2025-10-11 13:29:59
2025-10-11 13:30:00,1244.7,1245.0,1245.0,1244.0,53522.700000000004,43,2025-10-11 13:39:59
2025-10-11 13:40:00,1245.0,1245.0,1245.4,1244.3,134459.90000000002,108,2025-10-11 13:49:59
2025-10-11 13:50:00,1245.1,1245.2,1245.3,1244.1,49789.7,40,2025-10-11 13:59:59
2025-10-11 14:00:00,1245.0,1244.9,1245.2,1244.9,38600.4,31,2025-10-11 14:09:59
2025-10-11 14:10:00,1244.9,1245.3,1245.4,1244.9,75959.70000000001,61,2025-10-11 14:19:59
2025-10-11 14:20:00,1245.3,1245.7,1246.7,1244.2,281529.50000000006,226,2025-10-11 14:29:59
2025-10-11 14:30:00,1245.7,1246.0,1246.0,1245.0,42354.3,34,2025-10-11 14:39:59
2025-10-11 14:40:00,1245.7,1245.7,1246.7,1244.4,84696.29999999999,68,2025-10-11 14:49:59
2025-10-11 14:50:00,1245.7,1246.1,1246.7,1244.6,118354.70000000001,95,2025-10-11 14:59:59
2025-10-11 15:00:00,1246.0,1246.3,1247.0,1245.0,173231.1,139,2025-10-11 15:09:59
2025-10-11 15:10:00,1245.5,1246.9,1246.9,1244.2,180614.9,145,2025-10-11 15:19:59
2025-10-11 15:20:00,1245.2,1246.8,1246.8,1245.0,109663.79999999999,88,2025-10-11 15:29:59
2025-10-11 15:30:00,1246.7,1247.0,1247.0,1246.1,103486.2,83,2025-10-11 15:39:59
2025-10-11 15:40:00,1247.0,1246.0,1247.2,1245.1,224301.79999999993,180,2025-10-11 15:49:59
2025-10-11 15:50:00,1247.1,1249.1,1249.1,1245.7,606394.0,486,2025-10-11 15:59:59
2025-10-11 16:00:00,1248.9,1248.6,1248.9,1246.6,128573.70000000001,103,2025-10-11 16:09:59
2025-10-11 16:10:00,1248.4,1248.0,1248.7,1246.3,96071.1,77,2025-10-11 16:19:59
2025-10-11 16:20:00,1248.0,1248.2,1248.2,1245.2,159464.6,128,2025-10-11 16:29:59
2025-10-11 16:30:00,1247.8,1248.5,1248.7,1245.8,128530.6,103,2025-10-11 16:39:59
2025-10-11 16:40:00,1248.4,1246.7,1248.7,1246.6,73605.8,59,2025-10-11 16:49:59
2025-10-11 16:50:00,1247.9,1248.5,1248.8,1247.9,92395.20000000001,74,2025-10-11 16:59:59
2025-10-11 17:00:00,1248.5,1248.5,1248.5,1247.2,94874.29999999999,76,2025-10-11 17:09:59
2025-10-11 17:10:00,1248.5,1248.4,1248.5,1247.3,48653.10000000001,39,2025-10-11 17:19:59
2025-10-11 17:20:00,1248.2,1248.2,1248.2,1247.5,31203.7,25,2025-10-11 17:29:59
2025-10-11 17:30:00,1248.2,1247.0,1248.2,1246.5,56125.4,45,2025-10-11 17:39:59
