begin,open,close,high,low,value,volume,end
2025-08-20 06:50:00,0.09685,0.09685,0.09685,0.09685,30023.5,310000,2025-08-20 06:59:59
2025-08-20 07:00:00,0.09685,0.0975,0.09825,0.09625,2456497.5,25190000,2025-08-20 07:09:59
2025-08-20 07:10:00,0.0975,0.0969,0.0975,0.0967,318159.0,3280000,2025-08-20 07:19:59
2025-08-20 07:20:00,0.097,0.097,0.0977,0.09685,1951730.0,20070000,2025-08-20 07:29:59
2025-08-20 07:30:00,0.0972,0.09705,0.0972,0.09675,468294.5,4830000,2025-08-20 07:39:59
2025-08-20 07:40:00,0.09715,0.09765,0.09765,0.09715,142222.0,1460000,2025-08-20 07:49:59
2025-08-20 07:50:00,0.09765,0.09735,0.09765,0.097,307500.0,3160000,2025-08-20 07:59:59
2025-08-20 08:00:00,0.0971,0.0974,0.09745,0.09705,112975.5,1160000,2025-08-20 08:09:59
2025-08-20 08:10:00,0.09735,0.0976,0.0976,0.0971,101222.5,1040000,2025-08-20 08:19:59
2025-08-20 08:20:00,0.0975,0.09755,0.09755,0.09705,284150.5,2920000,2025-08-20 08:29:59
2025-08-20 08:30:00,0.09745,0.09745,0.09745,0.09715,71021.5,730000,2025-08-20 08:39:59
2025-08-20 08:40:00,0.0972,0.09745,0.09745,0.09715,6812.0,70000,2025-08-20 08:49:59
2025-08-20 08:50:00,0.0975,0.0965,0.0975,0.0965,756332.0,7810000,2025-08-20 08:59:01
2025-08-20 09:00:00,0.0965,0.09645,0.0968,0.09635,166159.0,1720000,2025-08-20 09:09:59
2025-08-20 09:10:00,0.09665,0.09635,0.09665,0.09625,248578.5,2580000,2025-08-20 09:19:59
2025-08-20 09:20:00,0.0964,0.09685,0.09685,0.0964,148805.0,1540000,2025-08-20 09:29:59
2025-08-20 09:30:00,0.09655,0.0965,0.0966,0.09625,227330.5,2360000,2025-08-20 09:39:59
2025-08-20 09:40:00,0.09625,0.09645,0.09645,0.09625,75125.5,780000,2025-08-20 09:49:59
2025-08-20 09:50:00,0.0965,0.09615,0.0965,0.09615,462006.5,4800000,2025-08-20 09:57:02
2025-08-20 10:00:00,0.09615,0.0956,0.09615,0.0956,463093.0,4830000,2025-08-20 10:09:59
2025-08-20 10:10:00,0.0956,0.0965,0.097,0.09505,3023654.0,31410000,2025-08-20 10:19:59
2025-08-20 10:20:00,0.09645,0.0958,0.09715,0.0958,1747938.0,18140000,2025-08-20 10:29:59
2025-08-20 10:30:00,0.0959,0.09515,0.09665,0.09495,2950701.5,30900000,2025-08-20 10:39:59
2025-08-20 10:40:00,0.09525,0.09545,0.09545,0.09515,61992.5,650000,2025-08-20 10:49:59
2025-08-20 10:50:00,0.0953,0.0953,0.09545,0.09515,302346.5,3170000,2025-08-20 10:59:02
2025-08-20 11:00:00,0.0952,0.09445,0.0952,0.09365,2678575.0,28370000,2025-08-20 11:09:59
2025-08-20 11:10:00,0.09465,0.09465,0.09465,0.0944,129525.0,1370000,2025-08-20 11:19:59
2025-08-20 11:20:00,0.09465,0.09455,0.09465,0.0943,95489.0,1010000,2025-08-20 11:29:59
2025-08-20 11:30:00,0.0946,0.09455,0.0947,0.09455,253462.5,2680000,2025-08-20 11:39:59
2025-08-20 11:40:00,0.0947,0.0947,0.0947,0.0947,27463.0,290000,2025-08-20 11:49:59
2025-08-20 11:50:00,0.0945,0.0949,0.0951,0.0945,151754.0,1600000,2025-08-20 11:59:59
2025-08-20 12:00:00,0.09515,0.095,0.0953,0.095,250442.5,2630000,2025-08-20 12:09:59
2025-08-20 12:10:00,0.095,0.09495,0.0952,0.09485,91155.5,960000,2025-08-20 12:19:59
2025-08-20 12:20:00,0.095,0.0949,0.09525,0.0949,186213.0,1960000,2025-08-20 12:29:59
2025-08-20 12:30:00,0.0952,0.0951,0.0952,0.0951,11420.0,120000,2025-08-20 12:39:59
2025-08-20 12:40:00,0.09495,0.09525,0.09525,0.09495,62821.5,660000,2025-08-20 12:49:59
2025-08-20 12:50:00,0.095,0.0952,0.0952,0.095,4758.0,50000,2025-08-20 12:55:02
2025-08-20 13:00:00,0.095,0.095,0.095,0.095,20900.0,220000,2025-08-20 13:09:59
2025-08-20 13:10:00,0.095,0.095,0.095,0.095,12350.0,130000,2025-08-20 13:19:59
2025-08-20 13:20:00,0.0952,0.095,0.0952,0.095,41836.0,440000,2025-08-20 13:29:59
2025-08-20 13:30:00,0.095,0.095,0.095,0.095,10450.0,110000,2025-08-20 13:39:59
2025-08-20 13:40:00,0.095,0.09435,0.095,0.0941,847220.5,8970000,2025-08-20 13:49:59
2025-08-20 13:50:00,0.0944,0.09445,0.09445,0.0944,125616.5,1330000,2025-08-20 13:54:03
2025-08-20 14:00:00,0.0944,0.09445,0.09445,0.0942,53779.0,570000,2025-08-20 14:09:59
2025-08-20 14:10:00,0.0944,0.09445,0.09445,0.0944,26444.5,280000,2025-08-20 14:19:59
2025-08-20 14:20:00,0.09425,0.09425,0.09425,0.0942,25437.5,270000,2025-08-20 14:29:59
2025-08-20 14:30:00,0.09405,0.09375,0.09405,0.09355,551453.0,5880000,2025-08-20 14:39:59
2025-08-20 14:40:00,0.09375,0.0937,0.09395,0.09345,310879.5,3320000,2025-08-20 14:49:59
2025-08-20 14:50:00,0.0936,0.09355,0.09385,0.09355,130103.0,1390000,2025-08-20 14:56:08
2025-08-20 15:00:00,0.09375,0.09365,0.0938,0.0936,10302.0,110000,2025-08-20 15:09:59
2025-08-20 15:10:00,0.0938,0.0933,0.094,0.09315,2797515.5,29980000,2025-08-20 15:19:59
2025-08-20 15:20:00,0.0934,0.0933,0.0936,0.09255,752404.5,8080000,2025-08-20 15:29:59
2025-08-20 15:30:00,0.0931,0.0931,0.0935,0.09305,163288.5,1750000,2025-08-20 15:39:59
2025-08-20 15:40:00,0.0934,0.09365,0.0937,0.0934,104817.0,1120000,2025-08-20 15:49:59
2025-08-20 15:50:00,0.0936,0.09365,0.0937,0.09345,45859.5,490000,2025-08-20 15:59:59
2025-08-20 16:00:00,0.0937,0.09425,0.09425,0.0937,768185.0,8170000,2025-08-20 16:09:59
2025-08-20 16:10:00,0.09425,0.09345,0.09425,0.09345,1556830.0,16600000,2025-08-20 16:19:59
2025-08-20 16:20:00,0.0935,0.0937,0.0937,0.0934,371449.0,3970000,2025-08-20 16:29:59
2025-08-20 16:30:00,0.0937,0.094,0.09405,0.0937,476181.0,5070000,2025-08-20 16:39:59
2025-08-20 16:40:00,0.094,0.0942,0.0943,0.0939,436705.5,4640000,2025-08-20 16:49:59
2025-08-20 16:50:00,0.0942,0.09385,0.0942,0.0937,240754.5,2560000,2025-08-20 16:59:59
2025-08-20 17:00:00,0.094,0.09385,0.0941,0.09385,16900.0,180000,2025-08-20 17:09:59
2025-08-20 17:10:00,0.09405,0.09345,0.0941,0.0929,2203434.5,23600000,2025-08-20 17:19:59
2025-08-20 17:20:00,0.0935,0.0927,0.09355,0.09205,2886866.5,31220000,2025-08-20 17:29:59
2025-08-20 17:30:00,0.0927,0.0922,0.09305,0.0904,4012205.0,43720000,2025-08-20 17:39:59
2025-08-20 17:40:00,0.09225,0.09345,0.09375,0.09225,4308926.0,46260000,2025-08-20 17:49:59
2025-08-20 17:50:00,0.0935,0.0927,0.09375,0.092,4308513.0,46490000,2025-08-20 17:59:59
2025-08-20 18:00:00,0.0927,0.09165,0.09275,0.091,7544143.5,82450000,2025-08-20 18:09:59
2025-08-20 18:10:00,0.09165,0.091,0.09175,0.0901,7778596.5,85600000,2025-08-20 18:19:59
2025-08-20 18:20:00,0.091,0.0915,0.09175,0.09095,2049219.0,22440000,2025-08-20 18:29:59
2025-08-20 18:30:00,0.0915,0.0912,0.09175,0.09105,2048073.0,22400000,2025-08-20 18:39:59
2025-08-20 18:40:00,0.0915,0.0915,0.0915,0.0915,259860.0,2840000,2025-08-20 18:47:09
2025-08-20 19:00:00,0.09175,0.0919,0.0919,0.09165,527805.0,5750000,2025-08-20 19:09:59
2025-08-20 19:10:00,0.0919,0.0919,0.09205,0.09165,374952.0,4080000,2025-08-20 19:19:59
2025-08-20 19:20:00,0.092,0.0919,0.092,0.0919,145332.0,1580000,2025-08-20 19:29:59
2025-08-20 19:30:00,0.092,0.09195,0.092,0.09195,81854.0,890000,2025-08-20 19:39:59
2025-08-20 19:40:00,0.09195,0.09165,0.09195,0.09165,315874.5,3440000,2025-08-20 19:49:59
2025-08-20 19:50:00,0.0917,0.0919,0.0919,0.09155,379660.5,4140000,2025-08-20 19:58:04
2025-08-20 20:00:00,0.09175,0.09175,0.0918,0.0913,320520.5,3500000,2025-08-20 20:09:59
2025-08-20 20:10:00,0.09175,0.0918,0.0918,0.09175,87185.0,950000,2025-08-20 20:19:59
2025-08-20 20:20:00,0.09185,0.09195,0.09195,0.09185,116748.5,1270000,2025-08-20 20:29:59
2025-08-20 20:30:00,0.09195,0.09195,0.09195,0.09185,139761.5,1520000,2025-08-20 20:39:59
2025-08-20 20:40:00,0.09195,0.09195,0.09195,0.09185,63434.5,690000,2025-08-20 20:49:59
2025-08-20 20:50:00,0.09195,0.0921,0.0921,0.09195,298054.0,3240000,2025-08-20 20:59:04
2025-08-20 21:00:00,0.0921,0.0922,0.0922,0.092,313302.5,3400000,2025-08-20 21:09:59
2025-08-20 21:10:00,0.0922,0.0924,0.0924,0.0919,1042783.0,11310000,2025-08-20 21:19:59
2025-08-20 21:20:00,0.0924,0.0926,0.0927,0.0922,170345.0,1840000,2025-08-20 21:29:59
2025-08-20 21:30:00,0.0927,0.09275,0.09275,0.09255,150246.5,1620000,2025-08-20 21:39:59
2025-08-20 21:40:00,0.0927,0.09275,0.09275,0.0927,12980.0,140000,2025-08-20 21:49:59
2025-08-20 21:50:00,0.09275,0.0928,0.0928,0.09255,164253.0,1770000,2025-08-20 21:58:14
2025-08-20 22:00:00,0.0928,0.09255,0.0928,0.09235,143619.5,1550000,2025-08-20 22:09:59
2025-08-20 22:10:00,0.09255,0.09275,0.09275,0.0923,24073.5,260000,2025-08-20 22:19:59
2025-08-20 22:20:00,0.09275,0.09285,0.09295,0.09275,244159.5,2630000,2025-08-20 22:29:59
2025-08-20 22:30:00,0.0928,0.0926,0.0929,0.0926,155930.0,1680000,2025-08-20 22:39:59
2025-08-20 22:40:00,0.09255,0.0925,0.09255,0.0925,4626.5,50000,2025-08-20 22:49:59
2025-08-20 22:50:00,0.0925,0.0926,0.0926,0.0925,52752.5,570000,2025-08-20 22:59:59
2025-08-20 23:00:00,0.0926,0.09255,0.0926,0.0925,69379.0,750000,2025-08-20 23:09:59
2025-08-20 23:10:00,0.09245,0.0927,0.0927,0.09245,77785.5,840000,2025-08-20 23:19:59
2025-08-20 23:20:00,0.0928,0.0928,0.0928,0.09275,12989.0,140000,2025-08-20 23:29:59
2025-08-20 23:30:00,0.0928,0.0929,0.0929,0.0928,44559.5,480000,2025-08-20 23:39:59
2025-08-20 23:40:00,0.0929,0.09285,0.0929,0.09175,841968.5,9130000,2025-08-20 23:49:59
2025-08-21 06:50:00,0.093,0.093,0.093,0.093,5580.0,60000,2025-08-21 06:59:59
2025-08-21 07:00:00,0.093,0.09175,0.093,0.09175,831285.0,9020000,2025-08-21 07:09:59
2025-08-21 07:10:00,0.0918,0.0918,0.09195,0.0916,67908.5,740000,2025-08-21 07:19:59
2025-08-21 07:20:00,0.0918,0.09185,0.09185,0.0918,62436.0,680000,2025-08-21 07:29:59
2025-08-21 07:30:00,0.09185,0.09215,0.09275,0.09185,543324.0,5890000,2025-08-21 07:39:59
2025-08-21 07:40:00,0.0921,0.0918,0.0921,0.0918,82698.5,900000,2025-08-21 07:49:59
2025-08-21 07:50:00,0.09225,0.0918,0.09225,0.0918,2759.5,30000,2025-08-21 07:57:01
2025-08-21 08:00:00,0.0918,0.091,0.0918,0.091,1034564.0,11350000,2025-08-21 08:09:59
2025-08-21 08:10:00,0.091,0.09135,0.09135,0.091,8198.5,90000,2025-08-21 08:19:59
2025-08-21 08:20:00,0.09105,0.0917,0.0917,0.09105,74052.5,810000,2025-08-21 08:29:59
2025-08-21 08:30:00,0.09165,0.09165,0.09165,0.0916,8248.0,90000,2025-08-21 08:39:59
2025-08-21 08:40:00,0.09165,0.09225,0.09225,0.0914,324316.5,3530000,2025-08-21 08:49:59
2025-08-21 08:50:00,0.0917,0.0915,0.0917,0.0915,7322.0,80000,2025-08-21 08:59:59
2025-08-21 09:00:00,0.09145,0.09115,0.0916,0.09115,249276.0,2730000,2025-08-21 09:09:59
2025-08-21 09:10:00,0.09135,0.0912,0.0915,0.091,638298.5,7010000,2025-08-21 09:19:59
2025-08-21 09:20:00,0.09115,0.0913,0.0913,0.09105,58296.0,640000,2025-08-21 09:29:59
2025-08-21 09:30:00,0.0913,0.0913,0.0913,0.0913,2739.0,30000,2025-08-21 09:39:59
2025-08-21 09:40:00,0.09135,0.0914,0.0916,0.09135,19195.0,210000,2025-08-21 09:49:59
2025-08-21 09:50:00,0.09155,0.0915,0.09155,0.0914,72253.5,790000,2025-08-21 09:59:02
2025-08-21 10:00:00,0.09155,0.0915,0.09155,0.0915,43923.5,480000,2025-08-21 10:09:59
2025-08-21 10:10:00,0.09155,0.0916,0.0916,0.0915,39366.5,430000,2025-08-21 10:19:59
2025-08-21 10:20:00,0.09165,0.09155,0.0917,0.09155,60454.0,660000,2025-08-21 10:29:59
2025-08-21 10:30:00,0.09155,0.0917,0.0917,0.09155,70540.0,770000,2025-08-21 10:39:59
2025-08-21 10:40:00,0.0917,0.09155,0.0917,0.09155,55856.0,610000,2025-08-21 10:49:59
2025-08-21 10:50:00,0.0915,0.09135,0.09155,0.09135,281603.5,3080000,2025-08-21 10:59:59
2025-08-21 11:00:00,0.0913,0.09105,0.09135,0.091,670088.0,7360000,2025-08-21 11:09:59
2025-08-21 11:10:00,0.0909,0.091,0.091,0.09055,424057.0,4670000,2025-08-21 11:19:59
2025-08-21 11:20:00,0.091,0.0909,0.0912,0.0909,215878.5,2370000,2025-08-21 11:29:59
2025-08-21 11:30:00,0.0911,0.0913,0.09135,0.0911,241022.0,2640000,2025-08-21 11:39:59
2025-08-21 11:40:00,0.0913,0.09135,0.09135,0.0913,13700.5,150000,2025-08-21 11:49:59
2025-08-21 11:50:00,0.09135,0.0915,0.0915,0.09135,255206.5,2790000,2025-08-21 11:59:04
2025-08-21 12:00:00,0.0915,0.09135,0.0915,0.09135,86797.5,950000,2025-08-21 12:09:59
2025-08-21 12:10:00,0.09135,0.0911,0.09135,0.0911,186968.0,2050000,2025-08-21 12:19:59
2025-08-21 12:20:00,0.09135,0.09135,0.09135,0.09115,119662.0,1310000,2025-08-21 12:29:59
2025-08-21 12:30:00,0.09115,0.0912,0.09135,0.09115,13689.0,150000,2025-08-21 12:39:59
2025-08-21 12:40:00,0.09135,0.09135,0.09135,0.09135,50242.5,550000,2025-08-21 12:49:59
2025-08-21 12:50:00,0.09135,0.09165,0.09165,0.09135,326176.0,3570000,2025-08-21 12:59:59
2025-08-21 13:00:00,0.0916,0.0914,0.09165,0.09135,113342.5,1240000,2025-08-21 13:09:59
2025-08-21 13:10:00,0.0915,0.0913,0.0915,0.0913,66711.0,730000,2025-08-21 13:19:59
2025-08-21 13:20:00,0.0914,0.091,0.0914,0.091,466222.0,5120000,2025-08-21 13:29:59
2025-08-21 13:30:00,0.09095,0.0911,0.09115,0.09075,156312.0,1720000,2025-08-21 13:39:59
2025-08-21 13:40:00,0.09115,0.09075,0.0912,0.09075,347257.0,3820000,2025-08-21 13:49:59
2025-08-21 13:50:00,0.09085,0.0907,0.091,0.0907,358352.0,3950000,2025-08-21 13:58:08
2025-08-21 14:00:00,0.09085,0.09015,0.0912,0.09,2205252.0,24440000,2025-08-21 14:09:59
2025-08-21 14:10:00,0.09015,0.0906,0.09075,0.09015,342031.0,3780000,2025-08-21 14:19:59
2025-08-21 14:20:00,0.0906,0.0906,0.0906,0.09015,410879.5,4550000,2025-08-21 14:29:59
2025-08-21 14:30:00,0.0906,0.0904,0.09085,0.0904,143286.0,1580000,2025-08-21 14:39:59
2025-08-21 14:40:00,0.09065,0.0906,0.0908,0.0902,199127.0,2200000,2025-08-21 14:49:59
2025-08-21 14:50:00,0.0906,0.09085,0.0909,0.09055,222203.0,2450000,2025-08-21 14:59:04
2025-08-21 15:00:00,0.09085,0.09065,0.0909,0.09065,21803.5,240000,2025-08-21 15:09:59
2025-08-21 15:10:00,0.0906,0.09065,0.09065,0.0901,404093.5,4470000,2025-08-21 15:19:59
2025-08-21 15:20:00,0.09055,0.0907,0.0908,0.09055,287290.5,3170000,2025-08-21 15:29:59
2025-08-21 15:30:00,0.09065,0.09075,0.09075,0.0903,214347.5,2370000,2025-08-21 15:39:59
2025-08-21 15:40:00,0.09065,0.0908,0.0908,0.09065,43545.0,480000,2025-08-21 15:49:59
2025-08-21 15:50:00,0.0908,0.09095,0.09095,0.0908,150947.5,1660000,2025-08-21 15:59:59
2025-08-21 16:00:00,0.0907,0.091,0.091,0.0907,74506.5,820000,2025-08-21 16:09:59
2025-08-21 16:10:00,0.0908,0.0909,0.091,0.0907,55374.0,610000,2025-08-21 16:19:59
2025-08-21 16:20:00,0.0909,0.0909,0.0909,0.0909,4545.0,50000,2025-08-21 16:29:59
2025-08-21 16:30:00,0.0908,0.0908,0.09115,0.0908,652001.0,7160000,2025-08-21 16:39:59
2025-08-21 16:40:00,0.0908,0.09075,0.0909,0.09075,135329.0,1490000,2025-08-21 16:49:59
2025-08-21 16:50:00,0.0909,0.091,0.091,0.0909,4548.0,50000,2025-08-21 16:51:05
2025-08-21 17:00:00,0.09075,0.0908,0.09095,0.09075,102689.0,1130000,2025-08-21 17:09:59
2025-08-21 17:10:00,0.0908,0.09075,0.09085,0.09075,62649.5,690000,2025-08-21 17:19:59
2025-08-21 17:20:00,0.0908,0.09095,0.09095,0.0908,17265.5,190000,2025-08-21 17:29:59
2025-08-21 17:30:00,0.09085,0.09095,0.09095,0.09085,12729.0,140000,2025-08-21 17:39:59
2025-08-21 17:40:00,0.09095,0.09095,0.09095,0.09095,2728.5,30000,2025-08-21 17:49:59
2025-08-21 17:50:00,0.09095,0.09085,0.09095,0.09085,22727.5,250000,2025-08-21 17:58:04
2025-08-21 18:00:00,0.0909,0.0909,0.09095,0.0908,139982.0,1540000,2025-08-21 18:09:59
2025-08-21 18:10:00,0.09075,0.09075,0.09085,0.09055,226675.5,2500000,2025-08-21 18:19:59
2025-08-21 18:20:00,0.09055,0.0907,0.0907,0.09055,27177.0,300000,2025-08-21 18:29:59
2025-08-21 18:30:00,0.0907,0.0903,0.0907,0.09025,219720.0,2430000,2025-08-21 18:37:10
2025-08-21 19:00:00,0.09045,0.09055,0.0907,0.09045,10871.0,120000,2025-08-21 19:09:59
2025-08-21 19:10:00,0.0904,0.09065,0.09065,0.0904,19034.0,210000,2025-08-21 19:19:59
2025-08-21 19:20:00,0.09035,0.0905,0.0905,0.0903,121998.0,1350000,2025-08-21 19:29:59
2025-08-21 19:30:00,0.09055,0.0904,0.0906,0.09025,143849.0,1590000,2025-08-21 19:39:59
2025-08-21 19:40:00,0.0904,0.09065,0.09065,0.09035,32598.0,360000,2025-08-21 19:49:59
2025-08-21 19:50:00,0.09065,0.09065,0.09065,0.09065,2719.5,30000,2025-08-21 19:52:05
2025-08-21 20:10:00,0.09055,0.09035,0.09065,0.09035,52546.0,580000,2025-08-21 20:19:59
2025-08-21 20:20:00,0.0906,0.0908,0.0908,0.0906,264179.5,2910000,2025-08-21 20:29:59
2025-08-21 20:40:00,0.09055,0.0903,0.09055,0.0903,100357.5,1110000,2025-08-21 20:49:59
2025-08-21 20:50:00,0.0903,0.09035,0.09035,0.0902,250810.0,2780000,2025-08-21 20:58:05
2025-08-21 21:00:00,0.09035,0.0904,0.0904,0.09035,99424.0,1100000,2025-08-21 21:09:59
2025-08-21 21:10:00,0.0904,0.0904,0.0904,0.0904,904.0,10000,2025-08-21 21:19:59
2025-08-21 21:20:00,0.0904,0.0904,0.0904,0.0904,904.0,10000,2025-08-21 21:29:59
2025-08-21 21:30:00,0.09035,0.09025,0.0904,0.09025,62335.0,690000,2025-08-21 21:39:59
2025-08-21 21:40:00,0.09025,0.09035,0.09035,0.09025,6322.5,70000,2025-08-21 21:49:59
2025-08-21 21:50:00,0.0903,0.09015,0.0903,0.09,336865.0,3740000,2025-08-21 21:59:59
2025-08-21 22:00:00,0.09015,0.0902,0.0902,0.0901,9018.5,100000,2025-08-21 22:09:59
2025-08-21 22:10:00,0.0902,0.09,0.0902,0.09,452734.5,5030000,2025-08-21 22:19:59
2025-08-21 22:20:00,0.08995,0.0893,0.09015,0.089,980282.5,10960000,2025-08-21 22:29:59
2025-08-21 22:30:00,0.0895,0.08925,0.08965,0.089,282404.5,3160000,2025-08-21 22:39:59
2025-08-21 22:40:00,0.0894,0.0894,0.0894,0.0891,8925.0,100000,2025-08-21 22:49:59
2025-08-21 22:50:00,0.0894,0.0892,0.0894,0.0885,1383087.5,15600000,2025-08-21 22:59:59
2025-08-21 23:00:00,0.089,0.08885,0.08925,0.0885,320832.0,3620000,2025-08-21 23:09:59
2025-08-21 23:10:00,0.0888,0.0889,0.08905,0.0888,272680.0,3070000,2025-08-21 23:19:59
2025-08-21 23:20:00,0.0888,0.08915,0.08915,0.0885,111914.5,1260000,2025-08-21 23:29:59
2025-08-21 23:30:00,0.08915,0.08905,0.08915,0.0883,230292.5,2600000,2025-08-21 23:39:59
2025-08-21 23:40:00,0.08875,0.08885,0.08885,0.08845,70075.5,790000,2025-08-21 23:48:05
2025-08-22 07:00:00,0.0893,0.0889,0.0893,0.0889,81986.5,920000,2025-08-22 07:09:59
2025-08-22 07:10:00,0.08925,0.08935,0.08935,0.0889,106104.5,1190000,2025-08-22 07:19:59
2025-08-22 07:20:00,0.0894,0.0894,0.0894,0.08935,52723.5,590000,2025-08-22 07:29:59
2025-08-22 07:30:00,0.08935,0.0894,0.0894,0.08935,22348.5,250000,2025-08-22 07:39:59
2025-08-22 07:40:00,0.0894,0.0896,0.0896,0.0894,162785.0,1820000,2025-08-22 07:49:59
2025-08-22 07:50:00,0.08955,0.09,0.09005,0.08935,381233.5,4240000,2025-08-22 07:59:59
2025-08-22 08:00:00,0.09,0.0895,0.09005,0.0893,269159.5,3010000,2025-08-22 08:09:59
2025-08-22 08:10:00,0.0897,0.08975,0.08975,0.0897,5383.5,60000,2025-08-22 08:19:59
2025-08-22 08:20:00,0.0898,0.09015,0.09015,0.08955,292426.0,3250000,2025-08-22 08:29:59
2025-08-22 08:30:00,0.09005,0.09055,0.09055,0.09005,334287.0,3700000,2025-08-22 08:39:59
2025-08-22 08:40:00,0.0905,0.09065,0.09065,0.0905,510103.5,5630000,2025-08-22 08:49:59
2025-08-22 08:50:00,0.09065,0.09075,0.09075,0.09065,535809.0,5910000,2025-08-22 08:59:59
2025-08-22 09:00:00,0.09075,0.09125,0.09125,0.09075,882529.0,9690000,2025-08-22 09:09:59
2025-08-22 09:10:00,0.09125,0.09135,0.09135,0.09085,190532.5,2090000,2025-08-22 09:19:59
2025-08-22 09:20:00,0.0913,0.0912,0.0914,0.09065,441471.5,4850000,2025-08-22 09:29:59
2025-08-22 09:30:00,0.0909,0.0906,0.091,0.0901,178202.0,1970000,2025-08-22 09:39:59
2025-08-22 09:40:00,0.09065,0.0903,0.09065,0.09015,149875.5,1660000,2025-08-22 09:49:59
2025-08-22 09:50:00,0.09025,0.09025,0.0907,0.09,196447.5,2180000,2025-08-22 09:59:59
2025-08-22 10:00:00,0.0903,0.09035,0.09045,0.0899,316069.0,3510000,2025-08-22 10:09:59
2025-08-22 10:10:00,0.0903,0.09065,0.09065,0.08995,658635.0,7280000,2025-08-22 10:19:59
2025-08-22 10:20:00,0.09065,0.09095,0.09115,0.09065,735927.0,8090000,2025-08-22 10:29:59
2025-08-22 10:30:00,0.09095,0.09135,0.0915,0.09095,607503.5,6650000,2025-08-22 10:39:59
2025-08-22 10:40:00,0.09135,0.0917,0.0917,0.09105,727089.5,7950000,2025-08-22 10:49:59
2025-08-22 10:50:00,0.0918,0.0924,0.09255,0.09175,1322776.5,14350000,2025-08-22 10:59:59
2025-08-22 11:00:00,0.09205,0.0915,0.09205,0.0915,76266.0,830000,2025-08-22 11:09:59
2025-08-22 11:10:00,0.0915,0.09145,0.09165,0.09145,71397.5,780000,2025-08-22 11:19:59
2025-08-22 11:20:00,0.09125,0.09145,0.09145,0.09105,68411.0,750000,2025-08-22 11:29:59
2025-08-22 11:30:00,0.0914,0.0914,0.09145,0.0914,35652.0,390000,2025-08-22 11:39:59
2025-08-22 11:40:00,0.0914,0.09145,0.09145,0.09135,6398.5,70000,2025-08-22 11:49:59
2025-08-22 11:50:00,0.09145,0.09145,0.09145,0.0913,6400.0,70000,2025-08-22 11:58:03
2025-08-22 12:00:00,0.09145,0.09155,0.09155,0.09145,205785.0,2250000,2025-08-22 12:09:59
2025-08-22 12:10:00,0.09155,0.09155,0.09155,0.09145,331979.5,3630000,2025-08-22 12:19:59
2025-08-22 12:20:00,0.09155,0.0919,0.0919,0.09155,707896.5,7710000,2025-08-22 12:29:59
2025-08-22 12:30:00,0.0919,0.0919,0.09195,0.09185,101088.0,1100000,2025-08-22 12:39:59
2025-08-22 12:40:00,0.0919,0.09175,0.0919,0.09175,100163.5,1090000,2025-08-22 12:49:59
2025-08-22 12:50:00,0.0919,0.09195,0.09195,0.0916,330638.0,3600000,2025-08-22 12:59:59
2025-08-22 13:00:00,0.09195,0.09195,0.09195,0.09185,372230.5,4050000,2025-08-22 13:09:59
2025-08-22 13:10:00,0.09185,0.09185,0.0919,0.09185,62478.5,680000,2025-08-22 13:19:59
2025-08-22 13:20:00,0.09185,0.09185,0.09185,0.09185,275550.0,3000000,2025-08-22 13:29:59
2025-08-22 13:30:00,0.09175,0.09175,0.09175,0.09175,1835.0,20000,2025-08-22 13:39:59
2025-08-22 13:40:00,0.0917,0.0917,0.0917,0.09145,411822.5,4500000,2025-08-22 13:49:59
2025-08-22 13:50:00,0.0916,0.09185,0.09185,0.0916,184457.0,2010000,2025-08-22 13:59:59
2025-08-22 14:00:00,0.0918,0.09205,0.09225,0.0918,1062496.0,11540000,2025-08-22 14:09:59
2025-08-22 14:10:00,0.0921,0.09235,0.09235,0.09185,388627.5,4220000,2025-08-22 14:19:59
2025-08-22 14:20:00,0.0921,0.0923,0.0923,0.0919,196190.5,2130000,2025-08-22 14:29:59
2025-08-22 14:30:00,0.09215,0.0918,0.09215,0.0918,507575.0,5520000,2025-08-22 14:39:59
2025-08-22 14:40:00,0.0921,0.0919,0.09215,0.09185,89185.5,970000,2025-08-22 14:49:59
2025-08-22 14:50:00,0.0921,0.0921,0.0921,0.09195,5520.0,60000,2025-08-22 14:59:59
2025-08-22 15:00:00,0.0921,0.0921,0.0921,0.0919,69953.0,760000,2025-08-22 15:09:59
2025-08-22 15:10:00,0.09205,0.09165,0.09205,0.09165,318566.5,3470000,2025-08-22 15:19:59
2025-08-22 15:20:00,0.0916,0.09165,0.0919,0.0916,57840.5,630000,2025-08-22 15:29:59
2025-08-22 15:40:00,0.0917,0.09165,0.0917,0.09165,21088.5,230000,2025-08-22 15:49:59
2025-08-22 15:50:00,0.09185,0.09145,0.0919,0.09145,75249.0,820000,2025-08-22 15:59:59
2025-08-22 16:00:00,0.0914,0.0915,0.0915,0.09135,21928.0,240000,2025-08-22 16:09:59
2025-08-22 16:10:00,0.09135,0.0915,0.0915,0.09135,7311.0,80000,2025-08-22 16:19:59
2025-08-22 16:20:00,0.09155,0.0916,0.0916,0.0915,54954.0,600000,2025-08-22 16:29:59
2025-08-22 16:30:00,0.0915,0.09125,0.0915,0.09125,123363.0,1350000,2025-08-22 16:39:59
2025-08-22 16:40:00,0.09125,0.09125,0.09125,0.09125,912.5,10000,2025-08-22 16:49:59
2025-08-22 16:50:00,0.09125,0.0912,0.09125,0.09105,198706.0,2180000,2025-08-22 16:54:04
2025-08-22 17:00:00,0.09115,0.0912,0.0912,0.09115,33734.5,370000,2025-08-22 17:09:59
2025-08-22 17:10:00,0.0912,0.09115,0.0912,0.09115,25527.0,280000,2025-08-22 17:19:59
2025-08-22 17:20:00,0.09105,0.09125,0.09135,0.09105,80262.0,880000,2025-08-22 17:29:59
2025-08-22 17:30:00,0.09145,0.09125,0.09145,0.09125,86742.0,950000,2025-08-22 17:39:59
2025-08-22 17:40:00,0.0913,0.09125,0.0913,0.09125,184327.5,2020000,2025-08-22 17:49:59
2025-08-22 17:50:00,0.09145,0.09135,0.09145,0.09135,26495.0,290000,2025-08-22 17:57:04
2025-08-22 18:00:00,0.09135,0.09145,0.09145,0.09135,26516.5,290000,2025-08-22 18:09:59
2025-08-22 18:10:00,0.09135,0.09135,0.09135,0.09135,32886.0,360000,2025-08-22 18:19:59
2025-08-22 18:20:00,0.09135,0.0912,0.0914,0.0912,60228.5,660000,2025-08-22 18:29:59
2025-08-22 18:30:00,0.0914,0.0915,0.0915,0.0914,48443.0,530000,2025-08-22 18:39:59
2025-08-22 18:40:00,0.0915,0.0915,0.0915,0.0915,1830.0,20000,2025-08-22 18:49:04
2025-08-22 19:00:00,0.09145,0.09145,0.09145,0.09145,4572.5,50000,2025-08-22 19:09:59
2025-08-22 19:10:00,0.09145,0.09145,0.09145,0.09145,914.5,10000,2025-08-22 19:19:59
2025-08-22 19:20:00,0.09145,0.09155,0.0916,0.09145,119875.5,1310000,2025-08-22 19:29:59
2025-08-22 19:30:00,0.0917,0.09155,0.09175,0.0915,87885.5,960000,2025-08-22 19:39:05
2025-08-22 20:00:00,0.09155,0.09155,0.09155,0.09155,16479.0,180000,2025-08-22 20:09:59
2025-08-22 20:10:00,0.09155,0.09155,0.09155,0.09155,20141.0,220000,2025-08-22 20:19:59
2025-08-22 20:30:00,0.09155,0.0914,0.09155,0.0914,164559.0,1800000,2025-08-22 20:39:59
2025-08-22 20:40:00,0.09155,0.09155,0.09155,0.09155,1831.0,20000,2025-08-22 20:49:59
2025-08-22 20:50:00,0.0916,0.0915,0.0917,0.0915,40296.0,440000,2025-08-22 20:59:59
2025-08-22 21:00:00,0.09165,0.09165,0.09165,0.09165,6415.5,70000,2025-08-22 21:09:59
2025-08-22 21:10:00,0.09165,0.0918,0.0918,0.09165,137584.0,1500000,2025-08-22 21:19:59
2025-08-22 21:20:00,0.0918,0.09195,0.09195,0.0918,39537.0,430000,2025-08-22 21:29:59
2025-08-22 21:30:00,0.09195,0.092,0.092,0.09195,137942.5,1500000,2025-08-22 21:39:59
2025-08-22 21:40:00,0.092,0.092,0.092,0.092,20240.0,220000,2025-08-22 21:49:59
2025-08-22 21:50:00,0.092,0.09205,0.0921,0.092,95711.0,1040000,2025-08-22 21:59:59
2025-08-22 22:00:00,0.0921,0.09225,0.09225,0.0921,144793.0,1570000,2025-08-22 22:09:59
2025-08-22 22:10:00,0.09215,0.09205,0.09215,0.09205,13819.5,150000,2025-08-22 22:19:59
2025-08-22 22:20:00,0.09205,0.09205,0.09205,0.09205,920.5,10000,2025-08-22 22:29:59
2025-08-22 22:30:00,0.0921,0.09195,0.09215,0.09195,27615.5,300000,2025-08-22 22:39:59
2025-08-22 22:40:00,0.09215,0.09215,0.09215,0.09215,921.5,10000,2025-08-22 22:49:59
2025-08-22 22:50:00,0.09215,0.09215,0.09215,0.09215,11058.0,120000,2025-08-22 22:54:04
2025-08-22 23:00:00,0.09215,0.092,0.09215,0.092,15641.5,170000,2025-08-22 23:09:59
2025-08-22 23:10:00,0.09205,0.09195,0.09205,0.09195,15647.5,170000,2025-08-22 23:19:59
2025-08-22 23:20:00,0.092,0.092,0.09205,0.092,17481.0,190000,2025-08-22 23:29:59
2025-08-22 23:30:00,0.09205,0.09205,0.09205,0.09205,16569.0,180000,2025-08-22 23:39:59
2025-08-22 23:40:00,0.09215,0.0925,0.0925,0.09215,495823.0,5370000,2025-08-22 23:49:59
2025-08-23 09:50:00,0.09275,0.09275,0.09275,0.09275,35245.0,380000,2025-08-23 09:59:59
2025-08-23 10:00:00,0.09275,0.09365,0.094,0.09275,1173987.0,12540000,2025-08-23 10:09:59
2025-08-23 10:10:00,0.09365,0.094,0.094,0.09365,306357.5,3260000,2025-08-23 10:19:59
2025-08-23 10:20:00,0.094,0.0937,0.09405,0.09365,182153.5,1940000,2025-08-23 10:29:59
2025-08-23 10:30:00,0.0938,0.09385,0.0939,0.09365,132108.0,1410000,2025-08-23 10:39:59
2025-08-23 10:40:00,0.09385,0.0939,0.0939,0.0937,273004.5,2910000,2025-08-23 10:49:59
2025-08-23 10:50:00,0.09375,0.09385,0.09385,0.09375,8439.5,90000,2025-08-23 10:58:01
2025-08-23 11:00:00,0.0937,0.0939,0.0939,0.0937,91080.5,970000,2025-08-23 11:09:59
2025-08-23 11:10:00,0.0937,0.0939,0.0939,0.0937,63738.0,680000,2025-08-23 11:19:59
2025-08-23 11:20:00,0.0939,0.09425,0.09425,0.0939,695326.0,7390000,2025-08-23 11:29:59
2025-08-23 11:30:00,0.0942,0.09405,0.0943,0.09395,176102.0,1870000,2025-08-23 11:39:59
2025-08-23 11:40:00,0.0942,0.0941,0.0943,0.09355,616663.5,6550000,2025-08-23 11:49:59
2025-08-23 11:50:00,0.094,0.094,0.094,0.09395,32890.0,350000,2025-08-23 11:56:02
2025-08-23 12:00:00,0.09375,0.09355,0.09385,0.09355,25280.5,270000,2025-08-23 12:09:59
2025-08-23 12:10:00,0.09355,0.09355,0.09355,0.09355,935.5,10000,2025-08-23 12:19:59
2025-08-23 12:20:00,0.09355,0.09355,0.09355,0.09355,3742.0,40000,2025-08-23 12:29:59
2025-08-23 12:30:00,0.09355,0.0935,0.09355,0.0935,28051.5,300000,2025-08-23 12:39:59
2025-08-23 12:40:00,0.0935,0.0935,0.0935,0.0935,4675.0,50000,2025-08-23 12:49:59
2025-08-23 12:50:00,0.09345,0.09345,0.09345,0.09345,4672.5,50000,2025-08-23 12:55:01
2025-08-23 13:00:00,0.09345,0.09305,0.09345,0.093,289681.5,3110000,2025-08-23 13:09:59
2025-08-23 13:10:00,0.093,0.09295,0.093,0.09295,33477.0,360000,2025-08-23 13:19:59
2025-08-23 13:20:00,0.09295,0.09295,0.09295,0.09295,35321.0,380000,2025-08-23 13:29:59
2025-08-23 13:30:00,0.0929,0.0929,0.0929,0.0925,858278.0,9260000,2025-08-23 13:39:59
2025-08-23 13:40:00,0.0927,0.09255,0.0927,0.09255,54611.0,590000,2025-08-23 13:49:59
2025-08-23 13:50:00,0.09255,0.093,0.093,0.09255,156083.0,1680000,2025-08-23 13:59:59
2025-08-23 14:00:00,0.0931,0.09345,0.09345,0.0931,331849.0,3560000,2025-08-23 14:09:59
2025-08-23 14:10:00,0.0935,0.0933,0.09355,0.0933,27115.5,290000,2025-08-23 14:19:59
2025-08-23 14:20:00,0.09345,0.09315,0.0936,0.09315,74826.5,800000,2025-08-23 14:29:59
2025-08-23 14:30:00,0.09355,0.0933,0.0936,0.0933,38370.5,410000,2025-08-23 14:36:02
2025-08-23 15:00:00,0.09335,0.09335,0.09335,0.09335,82148.0,880000,2025-08-23 15:09:59
2025-08-23 15:10:00,0.09335,0.09335,0.09335,0.09335,3734.0,40000,2025-08-23 15:19:59
2025-08-23 15:20:00,0.09355,0.09355,0.09355,0.09355,1871.0,20000,2025-08-23 15:29:59
2025-08-23 15:30:00,0.0935,0.0935,0.0935,0.0935,5610.0,60000,2025-08-23 15:37:01
2025-08-23 16:00:00,0.0935,0.0935,0.0935,0.0935,935.0,10000,2025-08-23 16:09:59
2025-08-23 16:10:00,0.09335,0.09335,0.09335,0.09335,6534.5,70000,2025-08-23 16:19:59
2025-08-23 16:20:00,0.09335,0.09335,0.09335,0.09335,933.5,10000,2025-08-23 16:29:59
2025-08-23 16:30:00,0.09335,0.09335,0.09335,0.09335,7468.0,80000,2025-08-23 16:39:59
2025-08-23 16:40:00,0.09335,0.09335,0.09335,0.09335,18670.0,200000,2025-08-23 16:49:59
2025-08-23 16:50:00,0.09335,0.09335,0.09335,0.09335,28005.0,300000,2025-08-23 16:59:01
2025-08-23 17:00:00,0.0935,0.0935,0.0935,0.0935,20570.0,220000,2025-08-23 17:09:59
2025-08-23 17:10:00,0.09335,0.09335,0.09335,0.09335,20537.0,220000,2025-08-23 17:19:59
2025-08-23 17:30:00,0.0936,0.09335,0.0936,0.09335,8404.0,90000,2025-08-23 17:35:01
2025-08-23 18:00:00,0.09335,0.09335,0.09335,0.09335,12135.5,130000,2025-08-23 18:09:59
2025-08-23 18:30:00,0.0935,0.0935,0.0935,0.0935,20570.0,220000,2025-08-23 18:39:59
2025-08-23 18:40:00,0.0934,0.0935,0.0935,0.0934,103780.0,1110000,2025-08-23 18:49:59
2025-08-23 18:50:00,0.09355,0.09355,0.09355,0.09355,935.5,10000,2025-08-23 18:59:02
2025-08-24 10:00:00,0.0931,0.0936,0.0936,0.09305,42002.0,450000,2025-08-24 10:09:59
2025-08-24 10:10:00,0.09365,0.0935,0.09425,0.09335,620941.5,6620000,2025-08-24 10:19:59
2025-08-24 10:20:00,0.0935,0.0935,0.0935,0.0934,80409.0,860000,2025-08-24 10:29:59
2025-08-24 10:30:00,0.0935,0.0937,0.0937,0.0935,120722.5,1290000,2025-08-24 10:39:59
2025-08-24 10:40:00,0.0937,0.0936,0.0937,0.0936,5621.0,60000,2025-08-24 10:49:59
2025-08-24 10:50:00,0.09375,0.0936,0.09375,0.0936,13108.5,140000,2025-08-24 10:58:01
2025-08-24 11:00:00,0.0936,0.09355,0.0936,0.09355,22458.5,240000,2025-08-24 11:09:59
2025-08-24 11:10:00,0.09355,0.09355,0.09355,0.09355,14968.0,160000,2025-08-24 11:19:59
2025-08-24 11:20:00,0.09355,0.0935,0.09355,0.0935,55165.5,590000,2025-08-24 11:29:59
2025-08-24 11:30:00,0.0935,0.0935,0.0935,0.0935,48620.0,520000,2025-08-24 11:39:59
2025-08-24 11:40:00,0.09345,0.09345,0.09345,0.09345,934.5,10000,2025-08-24 11:49:59
2025-08-24 11:50:00,0.0932,0.09315,0.0932,0.09315,27945.5,300000,2025-08-24 11:56:02
2025-08-24 12:00:00,0.09335,0.09335,0.09335,0.09335,933.5,10000,2025-08-24 12:09:59
2025-08-24 12:10:00,0.0932,0.0932,0.0932,0.09315,2795.5,30000,2025-08-24 12:19:59
2025-08-24 12:20:00,0.09335,0.09355,0.09355,0.09335,5605.5,60000,2025-08-24 12:29:59
2025-08-24 12:30:00,0.09355,0.09355,0.09355,0.09355,1871.0,20000,2025-08-24 12:39:59
2025-08-24 12:40:00,0.0935,0.09305,0.09355,0.09305,67045.5,720000,2025-08-24 12:49:06
2025-08-24 13:10:00,0.0931,0.0926,0.0931,0.0926,383952.5,4130000,2025-08-24 13:19:59
2025-08-24 13:20:00,0.09315,0.09315,0.09315,0.09315,931.5,10000,2025-08-24 13:29:59
2025-08-24 13:40:00,0.0932,0.0934,0.0934,0.0932,4668.0,50000,2025-08-24 13:49:06
2025-08-24 14:10:00,0.0932,0.0932,0.09335,0.0932,4663.0,50000,2025-08-24 14:19:59
2025-08-24 14:50:00,0.0931,0.09305,0.09315,0.09305,2793.0,30000,2025-08-24 14:59:59
2025-08-24 15:00:00,0.093,0.0931,0.0931,0.09295,26036.5,280000,2025-08-24 15:09:59
2025-08-24 15:10:00,0.09315,0.09315,0.09315,0.09315,8383.5,90000,2025-08-24 15:19:59
2025-08-24 15:40:00,0.093,0.093,0.093,0.093,930.0,10000,2025-08-24 15:49:59
2025-08-24 15:50:00,0.09295,0.09295,0.09295,0.09295,3718.0,40000,2025-08-24 15:56:01
2025-08-24 16:00:00,0.09295,0.09295,0.09295,0.09295,929.5,10000,2025-08-24 16:09:59
2025-08-24 16:30:00,0.0931,0.0931,0.0931,0.0931,931.0,10000,2025-08-24 16:33:02
2025-08-24 17:40:00,0.093,0.09295,0.093,0.09295,92962.5,1000000,2025-08-24 17:49:59
2025-08-24 17:50:00,0.09295,0.09295,0.09295,0.09295,4647.5,50000,2025-08-24 17:59:06
2025-08-24 18:00:00,0.09295,0.09295,0.09295,0.09295,929.5,10000,2025-08-24 18:09:59
2025-08-24 18:10:00,0.0931,0.0931,0.0931,0.0931,7448.0,80000,2025-08-24 18:19:59
2025-08-24 18:20:00,0.0931,0.0931,0.0931,0.0931,17689.0,190000,2025-08-24 18:29:59
2025-08-24 18:40:00,0.093,0.09315,0.09315,0.09295,10237.0,110000,2025-08-24 18:49:59
2025-08-24 18:50:00,0.09315,0.09305,0.09315,0.09295,5582.0,60000,2025-08-24 18:59:59
2025-08-25 06:50:00,0.0935,0.0935,0.0935,0.0935,9350.0,100000,2025-08-25 06:59:59
2025-08-25 07:00:00,0.09315,0.093,0.09365,0.093,256163.5,2750000,2025-08-25 07:09:59
2025-08-25 07:10:00,0.09285,0.0927,0.09285,0.09265,31521.0,340000,2025-08-25 07:19:59
2025-08-25 07:20:00,0.093,0.09315,0.09315,0.093,73578.0,790000,2025-08-25 07:29:59
2025-08-25 07:30:00,0.0932,0.09355,0.09355,0.0932,255778.5,2740000,2025-08-25 07:39:59
2025-08-25 07:40:00,0.09355,0.0935,0.09355,0.0935,186159.5,1990000,2025-08-25 07:49:59
2025-08-25 07:50:00,0.0933,0.09325,0.0935,0.09325,129763.5,1390000,2025-08-25 07:59:01
2025-08-25 08:00:00,0.09335,0.09335,0.0934,0.09335,53226.0,570000,2025-08-25 08:09:59
2025-08-25 08:10:00,0.09335,0.09305,0.0935,0.09305,56806.5,610000,2025-08-25 08:19:59
2025-08-25 08:30:00,0.09305,0.09305,0.09305,0.09305,930.5,10000,2025-08-25 08:39:59
2025-08-25 08:40:00,0.09295,0.0943,0.0943,0.09295,1094888.5,11690000,2025-08-25 08:49:59
2025-08-25 08:50:00,0.0943,0.09395,0.0945,0.09375,294769.5,3130000,2025-08-25 08:59:06
2025-08-25 09:00:00,0.094,0.0937,0.0943,0.0937,597757.5,6370000,2025-08-25 09:09:59
2025-08-25 09:10:00,0.0937,0.09465,0.09525,0.0937,2694692.0,28530000,2025-08-25 09:19:59
2025-08-25 09:20:00,0.09465,0.09385,0.09465,0.0936,566924.5,6030000,2025-08-25 09:29:59
2025-08-25 09:30:00,0.0937,0.09465,0.09465,0.09365,185142.5,1960000,2025-08-25 09:39:59
2025-08-25 09:40:00,0.09465,0.09495,0.095,0.0946,553811.0,5840000,2025-08-25 09:49:59
2025-08-25 09:50:00,0.09485,0.0948,0.09525,0.0946,1992136.0,20990000,2025-08-25 09:59:59
2025-08-25 10:00:00,0.09485,0.0934,0.09485,0.0934,1541308.5,16390000,2025-08-25 10:09:59
2025-08-25 10:10:00,0.09355,0.09345,0.0936,0.09315,426720.5,4570000,2025-08-25 10:19:59
2025-08-25 10:20:00,0.0935,0.09375,0.0938,0.09345,89963.0,960000,2025-08-25 10:29:59
2025-08-25 10:30:00,0.09355,0.0935,0.0937,0.0935,48630.0,520000,2025-08-25 10:39:59
2025-08-25 10:40:00,0.09365,0.0933,0.09365,0.09315,354583.0,3800000,2025-08-25 10:49:59
2025-08-25 10:50:00,0.0933,0.09305,0.0933,0.09305,112683.5,1210000,2025-08-25 10:59:59
2025-08-25 11:00:00,0.09325,0.09305,0.09325,0.0929,132077.5,1420000,2025-08-25 11:09:59
2025-08-25 11:10:00,0.093,0.09265,0.09305,0.0926,109469.0,1180000,2025-08-25 11:19:59
2025-08-25 11:20:00,0.09265,0.0926,0.09335,0.0925,1208367.5,13040000,2025-08-25 11:29:59
2025-08-25 11:30:00,0.09255,0.09225,0.0928,0.09215,667154.5,7220000,2025-08-25 11:39:59
2025-08-25 11:40:00,0.09225,0.09205,0.09225,0.09205,315799.5,3430000,2025-08-25 11:49:59
2025-08-25 11:50:00,0.09205,0.09195,0.09205,0.09175,155323.5,1690000,2025-08-25 11:57:03
2025-08-25 12:00:00,0.09195,0.09185,0.09195,0.09175,104747.0,1140000,2025-08-25 12:09:59
2025-08-25 12:10:00,0.0919,0.0919,0.09195,0.0919,15625.5,170000,2025-08-25 12:19:59
2025-08-25 12:20:00,0.0919,0.09195,0.09195,0.0919,10110.5,110000,2025-08-25 12:29:59
2025-08-25 12:30:00,0.09195,0.0917,0.09195,0.09155,197125.0,2150000,2025-08-25 12:39:59
2025-08-25 12:40:00,0.09165,0.0919,0.0919,0.09165,92798.0,1010000,2025-08-25 12:49:59
2025-08-25 12:50:00,0.0919,0.0919,0.09195,0.0919,100171.5,1090000,2025-08-25 12:59:59
2025-08-25 13:00:00,0.09165,0.09175,0.09175,0.09165,75208.0,820000,2025-08-25 13:09:59
2025-08-25 13:10:00,0.0919,0.0919,0.09195,0.0917,115772.0,1260000,2025-08-25 13:19:59
2025-08-25 13:20:00,0.0919,0.0918,0.0919,0.0918,64329.0,700000,2025-08-25 13:29:59
2025-08-25 13:30:00,0.09185,0.0916,0.09185,0.0916,191696.0,2090000,2025-08-25 13:39:59
2025-08-25 13:40:00,0.09175,0.0922,0.0922,0.09175,252231.5,2740000,2025-08-25 13:49:59
2025-08-25 13:50:00,0.0922,0.0921,0.0922,0.092,14735.5,160000,2025-08-25 13:59:09
2025-08-25 14:00:00,0.0919,0.09235,0.09235,0.0919,246208.0,2670000,2025-08-25 14:09:59
2025-08-25 14:10:00,0.09225,0.0923,0.0923,0.09205,67250.5,730000,2025-08-25 14:19:59
2025-08-25 14:20:00,0.0923,0.09235,0.0924,0.0923,166254.0,1800000,2025-08-25 14:29:59
2025-08-25 14:30:00,0.09235,0.09235,0.09235,0.09235,24011.0,260000,2025-08-25 14:39:59
2025-08-25 14:40:00,0.0924,0.09235,0.09245,0.09235,56341.0,610000,2025-08-25 14:49:59
2025-08-25 14:50:00,0.0924,0.0925,0.0925,0.09235,92426.0,1000000,2025-08-25 14:58:09
2025-08-25 15:00:00,0.0924,0.0924,0.0924,0.0924,924.0,10000,2025-08-25 15:09:59
2025-08-25 15:10:00,0.0924,0.0924,0.0924,0.0924,924.0,10000,2025-08-25 15:19:59
2025-08-25 15:20:00,0.09245,0.09245,0.09245,0.09245,924.5,10000,2025-08-25 15:29:59
2025-08-25 15:30:00,0.0924,0.0924,0.0924,0.0924,101640.0,1100000,2025-08-25 15:39:59
2025-08-25 15:40:00,0.09245,0.09265,0.09265,0.09225,576775.5,6240000,2025-08-25 15:49:59
2025-08-25 15:50:00,0.09255,0.09255,0.09255,0.09255,925.5,10000,2025-08-25 15:53:09
2025-08-25 16:00:00,0.0926,0.09245,0.0926,0.09245,9257.0,100000,2025-08-25 16:09:59
2025-08-25 16:10:00,0.0926,0.0926,0.09275,0.0926,17598.5,190000,2025-08-25 16:19:59
2025-08-25 16:20:00,0.09275,0.09285,0.09285,0.09275,15775.0,170000,2025-08-25 16:29:59
2025-08-25 16:30:00,0.0928,0.09265,0.0928,0.09265,191109.5,2060000,2025-08-25 16:39:59
2025-08-25 16:40:00,0.09285,0.0931,0.09315,0.09285,357470.0,3840000,2025-08-25 16:49:59
2025-08-25 16:50:00,0.0931,0.093,0.0932,0.093,17680.0,190000,2025-08-25 16:59:59
2025-08-25 17:00:00,0.09305,0.09325,0.09325,0.093,7451.5,80000,2025-08-25 17:09:59
2025-08-25 17:10:00,0.0932,0.0932,0.0932,0.0932,932.0,10000,2025-08-25 17:19:59
2025-08-25 17:20:00,0.0932,0.0932,0.0932,0.0932,12116.0,130000,2025-08-25 17:29:59
2025-08-25 17:30:00,0.09335,0.09345,0.09345,0.09335,214899.5,2300000,2025-08-25 17:39:59
2025-08-25 17:40:00,0.09325,0.09345,0.09345,0.09325,143784.5,1540000,2025-08-25 17:49:59
2025-08-25 17:50:00,0.0934,0.09345,0.09345,0.0934,2803.0,30000,2025-08-25 17:55:10
2025-08-25 18:00:00,0.0934,0.09345,0.0935,0.0934,85989.5,920000,2025-08-25 18:09:59
2025-08-25 18:10:00,0.09345,0.0933,0.09345,0.09315,200603.5,2150000,2025-08-25 18:19:59
2025-08-25 18:20:00,0.09345,0.0935,0.0935,0.09345,54209.5,580000,2025-08-25 18:29:59
2025-08-25 18:30:00,0.0933,0.09305,0.0933,0.09305,155560.5,1670000,2025-08-25 18:39:59
2025-08-25 18:40:00,0.093,0.093,0.093,0.093,1860.0,20000,2025-08-25 18:46:10
2025-08-25 19:00:00,0.09305,0.09315,0.0933,0.09305,7455.5,80000,2025-08-25 19:09:59
2025-08-25 19:20:00,0.09325,0.09315,0.09325,0.09315,4660.5,50000,2025-08-25 19:29:59
2025-08-25 19:30:00,0.09325,0.0932,0.09325,0.0932,20504.5,220000,2025-08-25 19:39:59
2025-08-25 19:40:00,0.09315,0.0935,0.0935,0.09315,230519.5,2470000,2025-08-25 19:49:59
2025-08-25 19:50:00,0.09345,0.0932,0.09345,0.0932,1866.5,20000,2025-08-25 19:57:09
2025-08-25 20:00:00,0.0932,0.0931,0.0932,0.0931,93160.5,1000000,2025-08-25 20:09:59
2025-08-25 20:10:00,0.0931,0.0935,0.0935,0.093,370050.5,3970000,2025-08-25 20:19:59
2025-08-25 20:20:00,0.0932,0.0932,0.0932,0.0932,932.0,10000,2025-08-25 20:29:59
2025-08-25 20:30:00,0.0932,0.0931,0.0932,0.0931,100588.5,1080000,2025-08-25 20:39:59
2025-08-25 20:40:00,0.0933,0.09305,0.0933,0.09305,50291.0,540000,2025-08-25 20:49:59
2025-08-25 20:50:00,0.0931,0.09325,0.09325,0.093,70713.0,760000,2025-08-25 20:59:59
2025-08-25 21:00:00,0.0932,0.09305,0.0932,0.09305,4657.0,50000,2025-08-25 21:09:59
2025-08-25 21:20:00,0.09315,0.0931,0.0933,0.0931,95118.0,1020000,2025-08-25 21:29:59
2025-08-25 21:30:00,0.0933,0.0933,0.0933,0.0933,1866.0,20000,2025-08-25 21:39:59
2025-08-25 21:40:00,0.0931,0.0931,0.0931,0.0931,37240.0,400000,2025-08-25 21:49:59
2025-08-25 21:50:00,0.09305,0.09305,0.09305,0.09305,930.5,10000,2025-08-25 21:51:09
2025-08-25 22:10:00,0.09305,0.09305,0.09305,0.09305,8374.5,90000,2025-08-25 22:19:59
2025-08-25 22:20:00,0.09325,0.09325,0.09325,0.09325,27975.0,300000,2025-08-25 22:29:59
2025-08-25 22:30:00,0.09305,0.09305,0.09305,0.09305,51177.5,550000,2025-08-25 22:39:59
2025-08-25 22:40:00,0.09325,0.0932,0.09325,0.0932,40092.5,430000,2025-08-25 22:49:59
2025-08-25 22:50:00,0.0932,0.09305,0.0932,0.09305,29785.0,320000,2025-08-25 22:59:10
2025-08-25 23:00:00,0.0932,0.0932,0.0932,0.0932,1864.0,20000,2025-08-25 23:09:59
2025-08-25 23:20:00,0.0932,0.09325,0.0937,0.09275,4172714.5,44730000,2025-08-25 23:29:59
2025-08-25 23:30:00,0.09325,0.09295,0.0937,0.0929,1883515.0,20200000,2025-08-25 23:39:59
2025-08-25 23:40:00,0.093,0.09275,0.093,0.09275,96529.0,1040000,2025-08-25 23:43:10
2025-08-26 07:00:00,0.093,0.09295,0.093,0.09255,108410.0,1170000,2025-08-26 07:09:59
2025-08-26 07:20:00,0.09295,0.0931,0.09315,0.09295,32584.5,350000,2025-08-26 07:29:59
2025-08-26 07:30:00,0.0931,0.09315,0.09315,0.0931,10241.5,110000,2025-08-26 07:39:59
2025-08-26 07:40:00,0.0935,0.0935,0.0935,0.0935,2805.0,30000,2025-08-26 07:49:59
2025-08-26 07:50:00,0.0931,0.09265,0.0931,0.09265,63031.5,680000,2025-08-26 07:59:59
2025-08-26 08:00:00,0.093,0.093,0.093,0.093,930.0,10000,2025-08-26 08:09:59
2025-08-26 08:10:00,0.09295,0.09295,0.09295,0.09295,3718.0,40000,2025-08-26 08:19:59
2025-08-26 08:20:00,0.093,0.093,0.093,0.093,930.0,10000,2025-08-26 08:29:59
2025-08-26 08:30:00,0.0927,0.0926,0.0927,0.0926,240764.5,2600000,2025-08-26 08:39:59
2025-08-26 08:40:00,0.09285,0.09245,0.0929,0.09245,14827.0,160000,2025-08-26 08:49:59
2025-08-26 08:50:00,0.0928,0.0928,0.0928,0.0928,928.0,10000,2025-08-26 08:58:01
2025-08-26 09:00:00,0.0928,0.093,0.093,0.0928,63193.0,680000,2025-08-26 09:09:59
2025-08-26 09:10:00,0.0927,0.09275,0.09305,0.09265,8354.5,90000,2025-08-26 09:19:59
2025-08-26 09:20:00,0.093,0.09305,0.09305,0.093,1860.5,20000,2025-08-26 09:29:59
2025-08-26 09:30:00,0.09295,0.09325,0.09325,0.09295,154714.0,1660000,2025-08-26 09:39:59
2025-08-26 09:40:00,0.0932,0.0932,0.0932,0.0932,3728.0,40000,2025-08-26 09:49:59
2025-08-26 09:50:00,0.0932,0.0932,0.0932,0.0932,18640.0,200000,2025-08-26 09:59:06
2025-08-26 10:00:00,0.0931,0.0933,0.0933,0.093,73596.0,790000,2025-08-26 10:09:59
2025-08-26 10:10:00,0.09315,0.09315,0.09315,0.09315,931.5,10000,2025-08-26 10:19:59
2025-08-26 10:20:00,0.0932,0.0933,0.0933,0.0932,12123.0,130000,2025-08-26 10:29:59
2025-08-26 10:30:00,0.0932,0.0932,0.0932,0.0932,3728.0,40000,2025-08-26 10:39:59
2025-08-26 10:40:00,0.0932,0.0932,0.0932,0.0932,2796.0,30000,2025-08-26 10:49:59
2025-08-26 10:50:00,0.093,0.093,0.09315,0.093,27006.0,290000,2025-08-26 10:59:02
2025-08-26 11:00:00,0.093,0.093,0.093,0.093,2790.0,30000,2025-08-26 11:09:59
2025-08-26 11:10:00,0.09305,0.09305,0.09305,0.09305,930.5,10000,2025-08-26 11:19:59
2025-08-26 11:20:00,0.093,0.0931,0.0931,0.093,6513.0,70000,2025-08-26 11:29:59
2025-08-26 11:40:00,0.09295,0.09315,0.09315,0.09295,12105.5,130000,2025-08-26 11:49:03
2025-08-26 12:00:00,0.093,0.09295,0.093,0.09295,10226.0,110000,2025-08-26 12:09:59
2025-08-26 12:10:00,0.0931,0.093,0.0931,0.093,7444.0,80000,2025-08-26 12:19:59
2025-08-26 12:20:00,0.093,0.093,0.09315,0.093,20475.0,220000,2025-08-26 12:29:59
2025-08-26 12:30:00,0.0931,0.0931,0.09325,0.0931,4658.0,50000,2025-08-26 12:39:59
2025-08-26 12:40:00,0.0931,0.09305,0.0931,0.09305,12097.0,130000,2025-08-26 12:49:59
2025-08-26 12:50:00,0.0931,0.0931,0.0931,0.093,68852.0,740000,2025-08-26 12:59:03
2025-08-26 13:00:00,0.093,0.0931,0.0931,0.093,7441.0,80000,2025-08-26 13:09:59
2025-08-26 13:10:00,0.0932,0.0932,0.0932,0.0932,74560.0,800000,2025-08-26 13:19:59
2025-08-26 13:20:00,0.0932,0.09305,0.0932,0.09305,9311.0,100000,2025-08-26 13:29:59
2025-08-26 13:30:00,0.09315,0.0932,0.0932,0.09315,10250.5,110000,2025-08-26 13:39:59
2025-08-26 13:40:00,0.0932,0.0932,0.0932,0.0932,22368.0,240000,2025-08-26 13:49:59
2025-08-26 13:50:00,0.09325,0.0929,0.09325,0.0929,201758.0,2170000,2025-08-26 13:59:07
2025-08-26 14:00:00,0.09305,0.09305,0.09305,0.09305,1861.0,20000,2025-08-26 14:09:59
2025-08-26 14:10:00,0.09305,0.09305,0.09305,0.09305,13957.5,150000,2025-08-26 14:19:59
2025-08-26 14:20:00,0.09305,0.09305,0.09305,0.09305,2791.5,30000,2025-08-26 14:29:59
2025-08-26 14:30:00,0.09305,0.09305,0.0931,0.09305,36291.5,390000,2025-08-26 14:39:59
2025-08-26 14:40:00,0.0929,0.0929,0.0929,0.0929,929.0,10000,2025-08-26 14:49:59
2025-08-26 14:50:00,0.093,0.09295,0.093,0.0929,16735.0,180000,2025-08-26 14:58:08
2025-08-26 15:10:00,0.09285,0.0928,0.093,0.0928,8360.5,90000,2025-08-26 15:19:59
2025-08-26 15:20:00,0.0929,0.0929,0.0929,0.0929,929.0,10000,2025-08-26 15:29:59
2025-08-26 15:30:00,0.0928,0.09275,0.0928,0.09275,12986.0,140000,2025-08-26 15:39:59
2025-08-26 15:40:00,0.09275,0.0929,0.0929,0.09275,38029.0,410000,2025-08-26 15:49:59
2025-08-26 15:50:00,0.09275,0.0927,0.09275,0.0927,4635.5,50000,2025-08-26 15:54:03
2025-08-26 16:00:00,0.0929,0.0929,0.0929,0.0929,3716.0,40000,2025-08-26 16:09:59
2025-08-26 16:20:00,0.09275,0.09265,0.09275,0.09265,4634.0,50000,2025-08-26 16:29:59
2025-08-26 16:40:00,0.09265,0.09255,0.09265,0.09255,55532.0,600000,2025-08-26 16:49:59
2025-08-26 16:50:00,0.0927,0.0927,0.0927,0.0927,6489.0,70000,2025-08-26 16:59:59
2025-08-26 17:00:00,0.09255,0.09255,0.0927,0.09255,142530.0,1540000,2025-08-26 17:09:59
2025-08-26 17:10:00,0.09255,0.09255,0.09255,0.09255,10180.5,110000,2025-08-26 17:19:59
2025-08-26 17:20:00,0.09255,0.09255,0.09255,0.09255,18510.0,200000,2025-08-26 17:29:59
2025-08-26 17:30:00,0.09255,0.09245,0.09255,0.09245,155355.0,1680000,2025-08-26 17:39:09
2025-08-26 18:00:00,0.09245,0.0925,0.0925,0.09245,65670.0,710000,2025-08-26 18:09:59
2025-08-26 18:10:00,0.09245,0.09255,0.09255,0.09225,448571.0,4850000,2025-08-26 18:19:59
2025-08-26 18:20:00,0.09255,0.0925,0.09255,0.0925,13878.5,150000,2025-08-26 18:29:59
2025-08-26 18:30:00,0.09255,0.09255,0.09255,0.09255,925.5,10000,2025-08-26 18:35:09
2025-08-26 19:20:00,0.0925,0.0925,0.0925,0.0925,7400.0,80000,2025-08-26 19:29:59
2025-08-26 19:30:00,0.0925,0.09255,0.09255,0.0925,172118.0,1860000,2025-08-26 19:39:59
2025-08-26 19:40:00,0.0925,0.09255,0.09255,0.0925,18508.0,200000,2025-08-26 19:49:59
2025-08-26 19:50:00,0.0925,0.0925,0.0925,0.0925,61975.0,670000,2025-08-26 19:55:04
2025-08-26 20:00:00,0.09255,0.09255,0.09255,0.09255,14808.0,160000,2025-08-26 20:09:59
2025-08-26 20:10:00,0.09255,0.0924,0.09255,0.0924,17580.0,190000,2025-08-26 20:19:59
2025-08-26 20:20:00,0.0925,0.09255,0.09255,0.0925,18506.5,200000,2025-08-26 20:29:59
2025-08-26 20:30:00,0.09255,0.09255,0.09255,0.09255,4627.5,50000,2025-08-26 20:39:59
2025-08-26 20:50:00,0.0925,0.0925,0.0925,0.0925,3700.0,40000,2025-08-26 20:59:59
2025-08-26 21:00:00,0.0927,0.0927,0.0927,0.0927,1854.0,20000,2025-08-26 21:09:59
2025-08-26 21:10:00,0.0927,0.0927,0.0927,0.0927,1854.0,20000,2025-08-26 21:19:59
2025-08-26 21:30:00,0.09245,0.09245,0.09245,0.09245,924.5,10000,2025-08-26 21:39:59
2025-08-26 21:40:00,0.0927,0.09275,0.0928,0.0927,9275.0,100000,2025-08-26 21:45:04
2025-08-26 22:00:00,0.09245,0.0924,0.09245,0.0924,27721.0,300000,2025-08-26 22:09:59
2025-08-26 22:10:00,0.0924,0.0924,0.0924,0.0924,7392.0,80000,2025-08-26 22:19:59
2025-08-26 22:20:00,0.0925,0.09295,0.09295,0.0925,544093.0,5860000,2025-08-26 22:29:59
2025-08-26 22:30:00,0.0929,0.0929,0.0929,0.0929,46450.0,500000,2025-08-26 22:39:59
2025-08-26 22:40:00,0.093,0.09295,0.093,0.09295,78108.0,840000,2025-08-26 22:49:59
2025-08-26 22:50:00,0.093,0.093,0.093,0.093,17670.0,190000,2025-08-26 22:56:04
2025-08-26 23:00:00,0.09295,0.09295,0.09295,0.09295,6506.5,70000,2025-08-26 23:09:59
2025-08-26 23:20:00,0.09295,0.093,0.093,0.09295,11154.5,120000,2025-08-26 23:29:59
2025-08-26 23:30:00,0.09295,0.09295,0.09295,0.09295,1859.0,20000,2025-08-26 23:39:59
2025-08-26 23:40:00,0.093,0.093,0.093,0.093,22320.0,240000,2025-08-26 23:43:05
2025-08-27 07:00:00,0.093,0.093,0.0933,0.093,11170.0,120000,2025-08-27 07:09:59
2025-08-27 07:20:00,0.093,0.09305,0.09305,0.093,14882.0,160000,2025-08-27 07:29:59
2025-08-27 07:40:00,0.0932,0.0934,0.0934,0.0932,119371.5,1280000,2025-08-27 07:44:02
2025-08-27 08:10:00,0.0933,0.09295,0.0933,0.09295,25157.0,270000,2025-08-27 08:19:59
2025-08-27 08:20:00,0.09265,0.09265,0.09265,0.09265,926.5,10000,2025-08-27 08:29:59
2025-08-27 08:40:00,0.0929,0.09295,0.09295,0.0929,49263.0,530000,2025-08-27 08:49:59
2025-08-27 08:50:00,0.09295,0.0929,0.09295,0.0929,15793.5,170000,2025-08-27 08:54:01
2025-08-27 09:00:00,0.09315,0.09315,0.09315,0.09315,1863.0,20000,2025-08-27 09:09:59
2025-08-27 09:30:00,0.0932,0.0933,0.0933,0.0932,98897.0,1060000,2025-08-27 09:39:59
2025-08-27 09:50:00,0.09305,0.09305,0.09305,0.09305,930.5,10000,2025-08-27 09:51:01
2025-08-27 10:00:00,0.0931,0.0931,0.0931,0.0931,7448.0,80000,2025-08-27 10:09:59
2025-08-27 10:10:00,0.0931,0.09345,0.09365,0.0931,656820.5,7030000,2025-08-27 10:19:59
2025-08-27 10:20:00,0.09325,0.0932,0.09335,0.09305,246899.0,2650000,2025-08-27 10:29:59
2025-08-27 10:30:00,0.0931,0.0933,0.09345,0.0931,431902.5,4630000,2025-08-27 10:39:59
2025-08-27 10:40:00,0.0933,0.0933,0.0933,0.0933,22392.0,240000,2025-08-27 10:49:59
2025-08-27 10:50:00,0.09345,0.0934,0.09345,0.0934,31770.0,340000,2025-08-27 10:56:07
2025-08-27 11:00:00,0.09345,0.0934,0.0935,0.0934,69136.5,740000,2025-08-27 11:09:59
2025-08-27 11:10:00,0.0934,0.0935,0.0935,0.09335,95330.5,1020000,2025-08-27 11:19:59
2025-08-27 11:20:00,0.0935,0.0934,0.0935,0.0934,12150.0,130000,2025-08-27 11:29:59
2025-08-27 11:30:00,0.0934,0.0935,0.0935,0.0934,15884.0,170000,2025-08-27 11:39:59
2025-08-27 11:40:00,0.0935,0.0933,0.0935,0.0933,68156.5,730000,2025-08-27 11:49:59
2025-08-27 11:50:00,0.0933,0.0934,0.0934,0.0933,8401.5,90000,2025-08-27 11:59:59
2025-08-27 12:00:00,0.0933,0.09335,0.09335,0.0933,50383.5,540000,2025-08-27 12:09:59
2025-08-27 12:10:00,0.09335,0.0933,0.09335,0.0933,144620.0,1550000,2025-08-27 12:19:59
2025-08-27 12:20:00,0.09315,0.0928,0.09315,0.0928,331808.0,3570000,2025-08-27 12:29:59
2025-08-27 12:30:00,0.09295,0.0927,0.09295,0.0927,117774.5,1270000,2025-08-27 12:39:59
2025-08-27 12:40:00,0.0927,0.09295,0.093,0.09265,79806.0,860000,2025-08-27 12:49:59
2025-08-27 12:50:00,0.09275,0.09275,0.0929,0.0927,154960.5,1670000,2025-08-27 12:59:03
2025-08-27 13:00:00,0.09275,0.09275,0.09275,0.09275,38027.5,410000,2025-08-27 13:09:59
2025-08-27 13:10:00,0.0929,0.0929,0.093,0.0929,92963.0,1000000,2025-08-27 13:19:59
2025-08-27 13:20:00,0.09285,0.0931,0.0931,0.09285,35321.5,380000,2025-08-27 13:29:59
2025-08-27 13:30:00,0.0929,0.0931,0.0931,0.0929,15797.0,170000,2025-08-27 13:39:59
2025-08-27 13:40:00,0.09315,0.09315,0.0932,0.09295,53997.5,580000,2025-08-27 13:49:59
2025-08-27 13:50:00,0.0932,0.09305,0.0932,0.09305,43794.0,470000,2025-08-27 13:58:03
2025-08-27 14:00:00,0.09305,0.0929,0.09305,0.0929,13941.0,150000,2025-08-27 14:09:59
2025-08-27 14:10:00,0.093,0.0929,0.0931,0.0929,13022.5,140000,2025-08-27 14:19:59
2025-08-27 14:20:00,0.0931,0.09325,0.09325,0.0929,13967.0,150000,2025-08-27 14:29:59
2025-08-27 14:30:00,0.09315,0.09305,0.09315,0.09305,4653.5,50000,2025-08-27 14:39:59
2025-08-27 14:40:00,0.0929,0.09305,0.09305,0.0929,12093.0,130000,2025-08-27 14:49:59
2025-08-27 14:50:00,0.09305,0.09325,0.09325,0.09305,18634.0,200000,2025-08-27 14:59:08
2025-08-27 15:00:00,0.09305,0.09305,0.09305,0.09305,14888.0,160000,2025-08-27 15:09:59
2025-08-27 15:10:00,0.0929,0.09305,0.09305,0.0929,12083.0,130000,2025-08-27 15:19:59
2025-08-27 15:20:00,0.09305,0.09305,0.09305,0.09305,10235.5,110000,2025-08-27 15:29:59
2025-08-27 15:30:00,0.09305,0.09305,0.09305,0.09305,12096.5,130000,2025-08-27 15:39:59
2025-08-27 15:40:00,0.0932,0.093,0.0932,0.093,55806.0,600000,2025-08-27 15:49:59
2025-08-27 15:50:00,0.093,0.09285,0.093,0.09285,12073.5,130000,2025-08-27 15:59:09
2025-08-27 16:00:00,0.09285,0.09295,0.093,0.0928,57564.5,620000,2025-08-27 16:09:59
2025-08-27 16:10:00,0.0929,0.0929,0.0929,0.0929,929.0,10000,2025-08-27 16:19:59
2025-08-27 16:20:00,0.09285,0.09295,0.09295,0.09285,8363.5,90000,2025-08-27 16:29:59
2025-08-27 16:30:00,0.0929,0.0928,0.0929,0.0927,3711.0,40000,2025-08-27 16:39:59
2025-08-27 16:40:00,0.0927,0.09335,0.09335,0.0927,223676.5,2400000,2025-08-27 16:49:59
2025-08-27 16:50:00,0.09305,0.09295,0.09305,0.09295,66958.0,720000,2025-08-27 16:53:09
2025-08-27 17:00:00,0.0931,0.09295,0.0931,0.09295,1860.5,20000,2025-08-27 17:09:59
2025-08-27 17:10:00,0.09295,0.0931,0.0931,0.0929,46514.5,500000,2025-08-27 17:19:59
2025-08-27 17:20:00,0.0931,0.0933,0.0933,0.0931,186392.0,2000000,2025-08-27 17:29:59
2025-08-27 17:30:00,0.0931,0.093,0.0931,0.093,70707.5,760000,2025-08-27 17:39:59
2025-08-27 17:40:00,0.09295,0.0929,0.09295,0.0929,23230.5,250000,2025-08-27 17:49:59
2025-08-27 17:50:00,0.0929,0.09305,0.09305,0.0929,12080.0,130000,2025-08-27 17:59:59
2025-08-27 18:00:00,0.0929,0.0929,0.0929,0.0929,929.0,10000,2025-08-27 18:09:59
2025-08-27 18:10:00,0.093,0.093,0.093,0.0929,8369.0,90000,2025-08-27 18:19:59
2025-08-27 18:20:00,0.093,0.0928,0.093,0.0928,46430.0,500000,2025-08-27 18:29:59
2025-08-27 18:30:00,0.0928,0.0929,0.0929,0.0927,113143.0,1220000,2025-08-27 18:39:59
2025-08-27 18:40:00,0.09275,0.09275,0.09275,0.09275,4637.5,50000,2025-08-27 18:49:59
2025-08-27 19:00:00,0.0928,0.09295,0.09295,0.09275,2785.0,30000,2025-08-27 19:09:59
2025-08-27 19:10:00,0.09295,0.09275,0.09295,0.0927,38956.5,420000,2025-08-27 19:19:59
2025-08-27 19:30:00,0.0928,0.0928,0.09295,0.0928,4643.0,50000,2025-08-27 19:39:59
2025-08-27 19:40:00,0.09265,0.0926,0.09265,0.0926,45384.5,490000,2025-08-27 19:49:59
2025-08-27 19:50:00,0.0927,0.0927,0.0927,0.0927,1854.0,20000,2025-08-27 19:59:09
2025-08-27 20:00:00,0.0927,0.0929,0.0929,0.0927,9279.5,100000,2025-08-27 20:09:59
2025-08-27 20:10:00,0.09295,0.09295,0.09295,0.09295,929.5,10000,2025-08-27 20:19:59
2025-08-27 20:20:00,0.09275,0.09255,0.09275,0.09255,129679.5,1400000,2025-08-27 20:29:59
2025-08-27 20:30:00,0.09265,0.09265,0.09265,0.09265,9265.0,100000,2025-08-27 20:39:59
2025-08-27 20:40:00,0.09265,0.09255,0.09265,0.09255,1852.0,20000,2025-08-27 20:49:59
2025-08-27 20:50:00,0.09255,0.09255,0.09255,0.09255,1851.0,20000,2025-08-27 20:52:09
2025-08-27 21:10:00,0.09265,0.09265,0.09265,0.09265,19456.5,210000,2025-08-27 21:19:59
2025-08-27 21:20:00,0.09265,0.0934,0.0935,0.09265,2179728.0,23360000,2025-08-27 21:29:59
2025-08-27 21:30:00,0.09355,0.09335,0.09355,0.09335,31741.0,340000,2025-08-27 21:35:08
2025-08-27 22:00:00,0.0933,0.0933,0.0933,0.0933,29856.0,320000,2025-08-27 22:09:59
2025-08-27 22:20:00,0.09305,0.09335,0.09335,0.09305,69974.5,750000,2025-08-27 22:29:59
2025-08-27 22:30:00,0.09335,0.09335,0.09335,0.09335,15869.5,170000,2025-08-27 22:39:59
2025-08-27 22:40:00,0.0933,0.09335,0.09335,0.0933,139088.5,1490000,2025-08-27 22:49:59
2025-08-27 22:50:00,0.09335,0.0934,0.09345,0.09335,61630.5,660000,2025-08-27 22:59:08
2025-08-27 23:00:00,0.09315,0.09315,0.09315,0.09315,2794.5,30000,2025-08-27 23:09:59
2025-08-27 23:10:00,0.09315,0.0934,0.0934,0.09315,1865.5,20000,2025-08-27 23:19:59
2025-08-27 23:20:00,0.0934,0.0935,0.0935,0.0934,59805.0,640000,2025-08-27 23:29:59
2025-08-27 23:30:00,0.09345,0.09355,0.09355,0.09345,54235.0,580000,2025-08-27 23:39:59
2025-08-27 23:40:00,0.09355,0.0936,0.09365,0.09335,115059.0,1230000,2025-08-27 23:49:08
2025-08-28 07:00:00,0.094,0.0939,0.094,0.09325,108680.0,1160000,2025-08-28 07:09:59
2025-08-28 07:10:00,0.09395,0.0939,0.09395,0.0939,3757.5,40000,2025-08-28 07:19:59
2025-08-28 07:20:00,0.0938,0.0939,0.0939,0.0938,4693.0,50000,2025-08-28 07:29:59
2025-08-28 07:40:00,0.0939,0.09395,0.09395,0.0939,12209.5,130000,2025-08-28 07:49:59
2025-08-28 07:50:00,0.09395,0.09395,0.094,0.0936,83573.5,890000,2025-08-28 07:58:01
2025-08-28 08:00:00,0.0939,0.0937,0.094,0.0937,31006.0,330000,2025-08-28 08:09:59
2025-08-28 08:20:00,0.0939,0.09405,0.09405,0.0939,63922.5,680000,2025-08-28 08:29:59
2025-08-28 08:30:00,0.09405,0.09405,0.09405,0.09405,39501.0,420000,2025-08-28 08:39:59
2025-08-28 08:40:00,0.09405,0.09435,0.09435,0.09405,669470.5,7100000,2025-08-28 08:49:59
2025-08-28 08:50:00,0.09415,0.09425,0.0944,0.0941,199770.0,2120000,2025-08-28 08:59:59
2025-08-28 09:00:00,0.09435,0.09445,0.09445,0.09435,71760.5,760000,2025-08-28 09:09:59
2025-08-28 09:10:00,0.09445,0.0946,0.0946,0.09445,225947.0,2390000,2025-08-28 09:19:59
2025-08-28 09:20:00,0.0945,0.09445,0.0946,0.0944,119117.5,1260000,2025-08-28 09:29:59
2025-08-28 09:30:00,0.09455,0.09435,0.09455,0.09415,175338.0,1860000,2025-08-28 09:39:59
2025-08-28 09:50:00,0.09455,0.09415,0.0947,0.09415,510944.0,5410000,2025-08-28 09:58:06
2025-08-28 10:00:00,0.09435,0.0945,0.09475,0.09435,718719.5,7600000,2025-08-28 10:09:59
2025-08-28 10:10:00,0.09465,0.0945,0.0947,0.09435,211697.0,2240000,2025-08-28 10:19:59
2025-08-28 10:20:00,0.0945,0.09465,0.09465,0.0945,410362.5,4340000,2025-08-28 10:29:59
2025-08-28 10:30:00,0.09465,0.09445,0.09465,0.09445,6622.5,70000,2025-08-28 10:39:59
2025-08-28 10:40:00,0.09445,0.09435,0.0946,0.09435,21723.5,230000,2025-08-28 10:49:59
2025-08-28 10:50:00,0.09435,0.09415,0.09435,0.0941,259111.0,2750000,2025-08-28 10:58:03
2025-08-28 11:00:00,0.09425,0.09425,0.09425,0.0941,48999.0,520000,2025-08-28 11:09:59
2025-08-28 11:10:00,0.09415,0.0939,0.09415,0.0939,187083.5,1990000,2025-08-28 11:19:59
2025-08-28 11:20:00,0.0939,0.09375,0.09395,0.09375,55408.5,590000,2025-08-28 11:29:59
2025-08-28 11:30:00,0.0939,0.0937,0.0939,0.0937,37485.5,400000,2025-08-28 11:39:59
2025-08-28 11:40:00,0.0937,0.0934,0.0937,0.09315,994633.0,10650000,2025-08-28 11:49:59
2025-08-28 11:50:00,0.09315,0.0929,0.0934,0.0929,298803.5,3210000,2025-08-28 11:59:03
2025-08-28 12:00:00,0.09305,0.09295,0.0931,0.09295,10233.5,110000,2025-08-28 12:09:59
2025-08-28 12:10:00,0.0931,0.09305,0.09325,0.09305,15834.5,170000,2025-08-28 12:19:59
2025-08-28 12:20:00,0.0932,0.0935,0.0935,0.0932,97160.0,1040000,2025-08-28 12:29:59
2025-08-28 12:40:00,0.09335,0.0934,0.0934,0.09335,9337.0,100000,2025-08-28 12:49:59
2025-08-28 12:50:00,0.0934,0.0934,0.0934,0.0934,934.0,10000,2025-08-28 12:51:03
2025-08-28 13:10:00,0.0936,0.09345,0.09375,0.09345,220156.5,2350000,2025-08-28 13:19:59
2025-08-28 13:20:00,0.09355,0.09355,0.09355,0.09355,1871.0,20000,2025-08-28 13:29:59
2025-08-28 13:30:00,0.0937,0.0938,0.0938,0.09365,52514.5,560000,2025-08-28 13:39:59
2025-08-28 13:40:00,0.09365,0.09365,0.09365,0.0934,205873.0,2200000,2025-08-28 13:49:59
2025-08-28 13:50:00,0.09365,0.09355,0.09365,0.09335,145058.0,1550000,2025-08-28 13:57:08
2025-08-28 14:10:00,0.09355,0.09355,0.09355,0.09355,6548.5,70000,2025-08-28 14:19:59
2025-08-28 14:40:00,0.0935,0.0935,0.0935,0.0935,935.0,10000,2025-08-28 14:48:08
2025-08-28 15:00:00,0.09335,0.0931,0.09335,0.0931,93196.0,1000000,2025-08-28 15:09:59
2025-08-28 15:10:00,0.0934,0.0934,0.0934,0.0934,9340.0,100000,2025-08-28 15:19:59
2025-08-28 15:30:00,0.0935,0.0935,0.09355,0.0935,101031.5,1080000,2025-08-28 15:39:59
2025-08-28 15:40:00,0.0935,0.0935,0.0935,0.0935,63580.0,680000,2025-08-28 15:49:59
2025-08-28 15:50:00,0.0935,0.09345,0.0935,0.09345,30845.0,330000,2025-08-28 15:58:08
2025-08-28 16:00:00,0.0935,0.0935,0.0935,0.0935,935.0,10000,2025-08-28 16:09:59
2025-08-28 16:10:00,0.0935,0.0935,0.0935,0.0935,1870.0,20000,2025-08-28 16:19:59
2025-08-28 16:30:00,0.0935,0.0938,0.0938,0.0935,189210.5,2020000,2025-08-28 16:39:59
2025-08-28 16:40:00,0.0935,0.09385,0.09385,0.0935,146320.5,1560000,2025-08-28 16:49:59
2025-08-28 16:50:00,0.09375,0.09375,0.09395,0.09375,404651.0,4310000,2025-08-28 16:52:04
2025-08-28 17:00:00,0.0936,0.0939,0.0939,0.0936,79722.0,850000,2025-08-28 17:09:59
2025-08-28 17:10:00,0.0937,0.0937,0.0937,0.0937,3748.0,40000,2025-08-28 17:19:59
2025-08-28 17:20:00,0.0939,0.0937,0.0939,0.0937,20618.0,220000,2025-08-28 17:29:59
2025-08-28 17:30:00,0.0937,0.0939,0.0939,0.0937,6563.0,70000,2025-08-28 17:39:59
2025-08-28 17:50:00,0.0939,0.0934,0.0939,0.0934,567836.0,6070000,2025-08-28 17:56:04
2025-08-28 18:00:00,0.0936,0.09375,0.09375,0.0936,18747.5,200000,2025-08-28 18:09:59
2025-08-28 18:10:00,0.09345,0.09365,0.09365,0.09345,1871.0,20000,2025-08-28 18:19:59
2025-08-28 18:20:00,0.09365,0.09365,0.09365,0.09345,13107.0,140000,2025-08-28 18:29:59
2025-08-28 18:30:00,0.0935,0.0935,0.0935,0.0935,7480.0,80000,2025-08-28 18:39:04
2025-08-28 19:10:00,0.0935,0.0935,0.0935,0.0935,2805.0,30000,2025-08-28 19:19:59
2025-08-28 19:20:00,0.0935,0.0935,0.0935,0.0935,2805.0,30000,2025-08-28 19:29:59
2025-08-28 19:30:00,0.0937,0.0935,0.09375,0.0935,31857.5,340000,2025-08-28 19:39:59
2025-08-28 20:00:00,0.09355,0.0935,0.09355,0.0935,43945.5,470000,2025-08-28 20:09:59
2025-08-28 20:10:00,0.09365,0.0932,0.0937,0.0932,435907.0,4670000,2025-08-28 20:19:59
2025-08-28 20:20:00,0.0932,0.093,0.0932,0.093,191604.5,2060000,2025-08-28 20:29:59
2025-08-28 20:30:00,0.093,0.09305,0.09315,0.09295,89291.0,960000,2025-08-28 20:39:59
2025-08-28 20:40:00,0.09315,0.09255,0.09315,0.09255,385873.5,4160000,2025-08-28 20:49:59
2025-08-28 20:50:00,0.09255,0.0927,0.0927,0.09245,245232.0,2650000,2025-08-28 20:55:04
2025-08-28 21:10:00,0.0925,0.09245,0.0925,0.09245,14794.0,160000,2025-08-28 21:19:59
2025-08-28 21:20:00,0.0925,0.0925,0.0925,0.0925,3700.0,40000,2025-08-28 21:29:59
2025-08-28 21:40:00,0.09285,0.09285,0.09285,0.0928,9284.0,100000,2025-08-28 21:48:04
2025-08-28 22:00:00,0.09295,0.09295,0.09295,0.09295,26955.5,290000,2025-08-28 22:09:59
2025-08-28 22:10:00,0.09295,0.09295,0.09295,0.09295,10224.5,110000,2025-08-28 22:19:59
2025-08-28 22:30:00,0.09275,0.0927,0.09275,0.0927,5562.5,60000,2025-08-28 22:39:59
2025-08-28 22:40:00,0.0927,0.09265,0.0927,0.09265,28729.5,310000,2025-08-28 22:49:59
2025-08-28 22:50:00,0.09265,0.09295,0.09295,0.09265,19486.5,210000,2025-08-28 22:56:14
2025-08-28 23:00:00,0.09265,0.0926,0.09265,0.0926,93543.0,1010000,2025-08-28 23:09:59
2025-08-28 23:10:00,0.0926,0.0925,0.0926,0.0925,139712.0,1510000,2025-08-28 23:19:59
2025-08-28 23:20:00,0.09245,0.0927,0.0927,0.0924,106381.0,1150000,2025-08-28 23:29:59
2025-08-28 23:30:00,0.0928,0.09295,0.09295,0.0925,105862.0,1140000,2025-08-28 23:39:59
2025-08-28 23:40:00,0.09265,0.09305,0.09305,0.09265,135737.5,1460000,2025-08-28 23:49:59
2025-08-29 07:00:00,0.0924,0.09255,0.09255,0.0923,52633.0,570000,2025-08-29 07:09:59
2025-08-29 07:10:00,0.09255,0.09305,0.09335,0.09255,112460.5,1210000,2025-08-29 07:19:59
2025-08-29 07:50:00,0.0933,0.0933,0.0933,0.0933,4665.0,50000,2025-08-29 07:59:59
2025-08-29 08:00:00,0.09305,0.09295,0.09305,0.09295,26027.0,280000,2025-08-29 08:09:59
2025-08-29 08:10:00,0.09315,0.0933,0.0933,0.09315,13984.0,150000,2025-08-29 08:19:59
2025-08-29 08:20:00,0.093,0.09335,0.09335,0.093,90542.5,970000,2025-08-29 08:29:59
2025-08-29 08:30:00,0.0934,0.0934,0.0934,0.0934,1868.0,20000,2025-08-29 08:39:59
2025-08-29 08:40:00,0.0934,0.09335,0.0934,0.09335,112021.0,1200000,2025-08-29 08:49:59
2025-08-29 09:00:00,0.09335,0.09335,0.09335,0.09335,1867.0,20000,2025-08-29 09:09:59
2025-08-29 09:10:00,0.0934,0.0936,0.0936,0.0934,187107.0,2000000,2025-08-29 09:19:59
2025-08-29 09:30:00,0.0935,0.09335,0.0935,0.09335,97090.0,1040000,2025-08-29 09:39:59
2025-08-29 09:50:00,0.0934,0.09335,0.0934,0.09335,26138.5,280000,2025-08-29 09:59:59
2025-08-29 10:00:00,0.09335,0.0932,0.0934,0.0932,153092.0,1640000,2025-08-29 10:09:59
2025-08-29 10:10:00,0.09335,0.09305,0.09335,0.09305,51226.0,550000,2025-08-29 10:19:59
2025-08-29 10:20:00,0.093,0.09295,0.093,0.09295,17665.5,190000,2025-08-29 10:29:59
2025-08-29 10:30:00,0.09295,0.09295,0.09295,0.09295,59488.0,640000,2025-08-29 10:39:59
2025-08-29 10:40:00,0.0929,0.09285,0.0929,0.09285,20432.5,220000,2025-08-29 10:49:59
2025-08-29 10:50:00,0.09295,0.09235,0.09295,0.09225,683109.0,7380000,2025-08-29 10:59:59
2025-08-29 11:00:00,0.0925,0.09235,0.0926,0.0921,263875.0,2860000,2025-08-29 11:09:59
2025-08-29 11:10:00,0.09225,0.09205,0.09255,0.0918,574560.0,6240000,2025-08-29 11:19:59
2025-08-29 11:20:00,0.09225,0.092,0.0923,0.092,42409.0,460000,2025-08-29 11:29:59
2025-08-29 11:30:00,0.09205,0.0925,0.0925,0.09205,82188.0,890000,2025-08-29 11:39:59
2025-08-29 11:40:00,0.0924,0.09235,0.0924,0.0921,32293.5,350000,2025-08-29 11:49:59
2025-08-29 11:50:00,0.0924,0.09215,0.0924,0.09215,29510.5,320000,2025-08-29 11:57:02
2025-08-29 12:00:00,0.09235,0.0925,0.0925,0.09235,32355.5,350000,2025-08-29 12:09:59
2025-08-29 12:20:00,0.09225,0.09195,0.09225,0.09195,113263.5,1230000,2025-08-29 12:29:59
2025-08-29 12:30:00,0.0922,0.0922,0.09235,0.0922,61826.5,670000,2025-08-29 12:39:59
2025-08-29 12:40:00,0.0922,0.09195,0.0922,0.09195,26696.0,290000,2025-08-29 12:49:59
2025-08-29 12:50:00,0.092,0.092,0.092,0.09195,5518.5,60000,2025-08-29 12:59:03
2025-08-29 13:00:00,0.09195,0.092,0.092,0.0919,25743.5,280000,2025-08-29 13:09:59
2025-08-29 13:10:00,0.092,0.0924,0.0924,0.092,427499.5,4630000,2025-08-29 13:19:59
2025-08-29 13:30:00,0.0921,0.0921,0.0921,0.0921,22104.0,240000,2025-08-29 13:39:59
2025-08-29 13:40:00,0.09205,0.0921,0.0921,0.09205,13812.5,150000,2025-08-29 13:49:59
2025-08-29 13:50:00,0.0921,0.09185,0.0921,0.09185,192977.0,2100000,2025-08-29 13:59:59
2025-08-29 14:00:00,0.0921,0.09195,0.0922,0.09195,39604.0,430000,2025-08-29 14:09:59
2025-08-29 14:10:00,0.0919,0.09195,0.09195,0.0918,470994.5,5130000,2025-08-29 14:19:59
2025-08-29 14:20:00,0.09195,0.09195,0.09195,0.09195,919.5,10000,2025-08-29 14:29:59
2025-08-29 14:30:00,0.0919,0.0919,0.0919,0.0919,919.0,10000,2025-08-29 14:39:59
2025-08-29 14:50:00,0.0919,0.0919,0.0919,0.0919,17461.0,190000,2025-08-29 14:59:59
2025-08-29 15:10:00,0.0919,0.09185,0.0919,0.09155,112771.0,1230000,2025-08-29 15:19:59
2025-08-29 15:20:00,0.0918,0.0917,0.09185,0.0917,20202.0,220000,2025-08-29 15:29:59
2025-08-29 15:30:00,0.09185,0.0917,0.09185,0.0917,22956.5,250000,2025-08-29 15:39:59
2025-08-29 15:40:00,0.09185,0.0919,0.0919,0.09185,25720.5,280000,2025-08-29 15:49:59
2025-08-29 15:50:00,0.0918,0.0916,0.09195,0.0916,67056.5,730000,2025-08-29 15:59:59
2025-08-29 16:20:00,0.09175,0.0915,0.09175,0.0915,29296.0,320000,2025-08-29 16:29:59
2025-08-29 16:30:00,0.09175,0.09175,0.09175,0.09175,25690.0,280000,2025-08-29 16:39:59
2025-08-29 16:40:00,0.09175,0.09175,0.09175,0.09175,1835.0,20000,2025-08-29 16:49:59
2025-08-29 16:50:00,0.09175,0.09175,0.09175,0.09175,1835.0,20000,2025-08-29 16:51:09
2025-08-29 17:00:00,0.09195,0.09205,0.09205,0.09195,12883.0,140000,2025-08-29 17:09:59
2025-08-29 17:10:00,0.09205,0.092,0.09205,0.092,2761.0,30000,2025-08-29 17:19:59
2025-08-29 17:20:00,0.0918,0.09195,0.09195,0.09155,47691.5,520000,2025-08-29 17:29:59
2025-08-29 17:30:00,0.0919,0.0919,0.0919,0.0919,8271.0,90000,2025-08-29 17:39:59
2025-08-29 17:40:00,0.0918,0.0918,0.0918,0.0918,4590.0,50000,2025-08-29 17:49:59
2025-08-29 17:50:00,0.09185,0.0919,0.0919,0.09185,1837.5,20000,2025-08-29 17:58:09
2025-08-29 18:10:00,0.09195,0.0921,0.0921,0.0919,119505.5,1300000,2025-08-29 18:19:59
2025-08-29 18:20:00,0.0921,0.09195,0.0921,0.09195,37756.5,410000,2025-08-29 18:29:59
2025-08-29 18:30:00,0.09195,0.0919,0.0921,0.0919,32172.0,350000,2025-08-29 18:39:59
2025-08-29 19:00:00,0.0921,0.0921,0.0921,0.0921,921.0,10000,2025-08-29 19:09:59
2025-08-29 19:20:00,0.09225,0.09205,0.09225,0.09205,10145.5,110000,2025-08-29 19:29:59
2025-08-29 19:30:00,0.0922,0.0923,0.0923,0.0922,30452.0,330000,2025-08-29 19:39:59
2025-08-29 19:40:00,0.09225,0.09225,0.09225,0.09225,922.5,10000,2025-08-29 19:49:59
2025-08-29 19:50:00,0.09225,0.0923,0.0923,0.09225,3691.5,40000,2025-08-29 19:56:05
2025-08-29 20:10:00,0.0923,0.0923,0.0923,0.0923,23075.0,250000,2025-08-29 20:19:59
2025-08-29 20:30:00,0.09235,0.09235,0.09235,0.09235,23087.5,250000,2025-08-29 20:36:14
2025-08-29 21:00:00,0.09215,0.09215,0.09215,0.09215,8293.5,90000,2025-08-29 21:09:59
2025-08-29 21:10:00,0.09235,0.09205,0.09235,0.09205,143709.0,1560000,2025-08-29 21:19:59
2025-08-29 21:20:00,0.0921,0.0921,0.0921,0.0921,921.0,10000,2025-08-29 21:24:14
2025-08-29 22:00:00,0.09225,0.09225,0.09225,0.09225,1845.0,20000,2025-08-29 22:09:59
2025-08-29 22:40:00,0.0921,0.0923,0.0923,0.092,105862.5,1150000,2025-08-29 22:42:05
2025-08-29 23:30:00,0.0923,0.0923,0.0923,0.0923,11999.0,130000,2025-08-29 23:39:59
2025-08-29 23:40:00,0.0923,0.0923,0.0923,0.0923,5538.0,60000,2025-08-29 23:43:05
2025-08-30 10:00:00,0.09185,0.0914,0.09185,0.09115,71157.5,780000,2025-08-30 10:09:59
2025-08-30 10:10:00,0.0914,0.09145,0.09145,0.0914,9142.5,100000,2025-08-30 10:19:59
2025-08-30 10:40:00,0.0918,0.09145,0.09185,0.09145,43987.0,480000,2025-08-30 10:49:59
2025-08-30 10:50:00,0.09145,0.0918,0.0918,0.09145,18325.0,200000,2025-08-30 10:57:01
2025-08-30 11:00:00,0.09185,0.09145,0.09185,0.09145,31162.0,340000,2025-08-30 11:09:59
2025-08-30 11:10:00,0.0915,0.0912,0.0915,0.0912,225528.5,2470000,2025-08-30 11:19:59
2025-08-30 11:20:00,0.0915,0.09165,0.09165,0.0915,10072.5,110000,2025-08-30 11:29:59
2025-08-30 11:40:00,0.09165,0.09135,0.09175,0.09135,14655.5,160000,2025-08-30 11:49:59
2025-08-30 11:50:00,0.09165,0.09165,0.09165,0.09165,916.5,10000,2025-08-30 11:53:02
2025-08-30 12:00:00,0.0917,0.0917,0.0917,0.0917,917.0,10000,2025-08-30 12:09:59
2025-08-30 12:20:00,0.09145,0.09145,0.09145,0.09145,914.5,10000,2025-08-30 12:29:59
2025-08-30 12:30:00,0.09175,0.09175,0.09175,0.09175,917.5,10000,2025-08-30 12:39:59
2025-08-30 12:50:00,0.09175,0.09175,0.09175,0.09175,7340.0,80000,2025-08-30 12:54:01
2025-08-30 13:00:00,0.09175,0.09175,0.09175,0.09175,10092.5,110000,2025-08-30 13:09:59
2025-08-30 13:20:00,0.0915,0.09145,0.0915,0.09145,2744.5,30000,2025-08-30 13:29:59
2025-08-30 13:50:00,0.09175,0.0918,0.0918,0.09175,9179.0,100000,2025-08-30 13:52:02
2025-08-30 14:10:00,0.0918,0.0918,0.0918,0.0918,14688.0,160000,2025-08-30 14:19:59
2025-08-30 14:50:00,0.09155,0.09155,0.09155,0.09155,915.5,10000,2025-08-30 14:51:01
2025-08-30 15:10:00,0.0915,0.0915,0.0915,0.0915,915.0,10000,2025-08-30 15:19:59
2025-08-30 15:30:00,0.0915,0.0915,0.0915,0.0915,12810.0,140000,2025-08-30 15:33:02
2025-08-30 16:30:00,0.09155,0.09155,0.09155,0.09155,915.5,10000,2025-08-30 16:39:59
2025-08-30 16:50:00,0.09155,0.0914,0.09155,0.0914,100588.5,1100000,2025-08-30 16:54:02
2025-08-30 17:20:00,0.0916,0.0914,0.0916,0.0914,64897.0,710000,2025-08-30 17:29:59
2025-08-30 17:30:00,0.0914,0.0914,0.0914,0.0914,20108.0,220000,2025-08-30 17:39:59
2025-08-30 17:50:00,0.0916,0.0916,0.0916,0.0916,9160.0,100000,2025-08-30 17:58:07
2025-08-30 18:10:00,0.09145,0.09145,0.09145,0.09145,4572.5,50000,2025-08-30 18:19:59
2025-08-30 18:20:00,0.0914,0.09145,0.09145,0.0914,2743.0,30000,2025-08-30 18:29:59
2025-08-30 18:30:00,0.09145,0.09145,0.09145,0.09145,914.5,10000,2025-08-30 18:33:02
2025-08-31 09:50:00,0.0915,0.0915,0.0915,0.0915,1830.0,20000,2025-08-31 09:59:59
2025-08-31 10:00:00,0.09155,0.09185,0.09185,0.0915,51394.0,560000,2025-08-31 10:09:59
2025-08-31 10:10:00,0.09185,0.09185,0.09185,0.09185,918.5,10000,2025-08-31 10:19:59
2025-08-31 10:30:00,0.0919,0.0919,0.0919,0.0919,919.0,10000,2025-08-31 10:39:59
2025-08-31 10:40:00,0.0921,0.0922,0.0922,0.0921,46067.5,500000,2025-08-31 10:49:59
2025-08-31 10:50:00,0.09185,0.092,0.092,0.09185,2757.0,30000,2025-08-31 10:59:59
2025-08-31 11:00:00,0.0919,0.0919,0.0919,0.0919,919.0,10000,2025-08-31 11:09:59
2025-08-31 11:10:00,0.09195,0.09185,0.09195,0.09185,7349.0,80000,2025-08-31 11:19:59
2025-08-31 11:40:00,0.0919,0.0919,0.0919,0.0919,10109.0,110000,2025-08-31 11:49:01
2025-08-31 12:00:00,0.09205,0.09205,0.09205,0.09205,3682.0,40000,2025-08-31 12:09:59
2025-08-31 12:10:00,0.0919,0.0919,0.0919,0.0919,9190.0,100000,2025-08-31 12:19:59
2025-08-31 12:30:00,0.0919,0.0919,0.0919,0.0919,24813.0,270000,2025-08-31 12:39:59
2025-08-31 12:40:00,0.0919,0.0919,0.0919,0.0919,64330.0,700000,2025-08-31 12:49:59
2025-08-31 12:50:00,0.0918,0.0918,0.0918,0.0918,9180.0,100000,2025-08-31 12:59:01
2025-08-31 13:00:00,0.0918,0.0918,0.0918,0.0918,1836.0,20000,2025-08-31 13:09:59
2025-08-31 13:10:00,0.0919,0.0918,0.0919,0.0918,1837.0,20000,2025-08-31 13:19:59
2025-08-31 13:20:00,0.0919,0.09205,0.09205,0.0919,29414.0,320000,2025-08-31 13:29:59
2025-08-31 13:30:00,0.092,0.092,0.092,0.092,1840.0,20000,2025-08-31 13:39:59
2025-08-31 14:10:00,0.09185,0.092,0.092,0.09185,17478.5,190000,2025-08-31 14:19:59
2025-08-31 14:40:00,0.0921,0.0921,0.0921,0.0921,4605.0,50000,2025-08-31 14:49:59
2025-08-31 14:50:00,0.092,0.092,0.092,0.092,4600.0,50000,2025-08-31 14:55:01
2025-08-31 15:00:00,0.0921,0.0921,0.0921,0.0921,1842.0,20000,2025-08-31 15:09:59
2025-08-31 15:30:00,0.0921,0.0921,0.0921,0.0921,2763.0,30000,2025-08-31 15:39:59
2025-08-31 15:50:00,0.092,0.092,0.092,0.092,920.0,10000,2025-08-31 15:58:01
2025-08-31 16:00:00,0.0921,0.0921,0.0921,0.0921,126177.0,1370000,2025-08-31 16:09:59
2025-08-31 16:10:00,0.0921,0.0921,0.0921,0.0921,4605.0,50000,2025-08-31 16:19:59
2025-08-31 16:20:00,0.0921,0.0921,0.0921,0.0921,23946.0,260000,2025-08-31 16:29:59
2025-08-31 16:30:00,0.0921,0.0921,0.0921,0.0921,41445.0,450000,2025-08-31 16:39:01
2025-08-31 17:00:00,0.09215,0.09215,0.09215,0.09215,10136.5,110000,2025-08-31 17:09:59
2025-08-31 17:10:00,0.092,0.09215,0.09215,0.092,23015.0,250000,2025-08-31 17:19:59
2025-08-31 17:20:00,0.09215,0.09215,0.09215,0.09215,921.5,10000,2025-08-31 17:29:59
2025-08-31 17:30:00,0.09215,0.09215,0.09215,0.09215,6450.5,70000,2025-08-31 17:38:01
2025-08-31 18:10:00,0.09225,0.09225,0.09225,0.09225,922.5,10000,2025-08-31 18:19:59
2025-08-31 18:20:00,0.09215,0.09215,0.09215,0.09215,921.5,10000,2025-08-31 18:29:59
2025-08-31 18:50:00,0.0923,0.09205,0.0923,0.09205,15681.0,170000,2025-08-31 18:59:06
2025-09-01 07:00:00,0.09165,0.09215,0.0922,0.09165,67237.0,730000,2025-09-01 07:09:59
2025-09-01 07:10:00,0.09215,0.09215,0.09215,0.09215,921.5,10000,2025-09-01 07:19:59
2025-09-01 07:20:00,0.0919,0.0919,0.0919,0.0919,2757.0,30000,2025-09-01 07:29:59
2025-09-01 07:30:00,0.0919,0.0919,0.0919,0.0919,1838.0,20000,2025-09-01 07:39:59
2025-09-01 07:40:00,0.09165,0.0918,0.092,0.0915,185023.0,2020000,2025-09-01 07:49:59
2025-09-01 07:50:00,0.0918,0.0918,0.0918,0.0918,9180.0,100000,2025-09-01 07:56:01
2025-09-01 08:00:00,0.092,0.09205,0.09205,0.092,7363.5,80000,2025-09-01 08:09:59
2025-09-01 08:20:00,0.0921,0.09215,0.09215,0.0921,24875.5,270000,2025-09-01 08:29:59
2025-09-01 08:30:00,0.09215,0.09225,0.09225,0.09205,13819.5,150000,2025-09-01 08:39:59
2025-09-01 08:40:00,0.09225,0.09225,0.09225,0.09225,35977.5,390000,2025-09-01 08:49:59
2025-09-01 08:50:00,0.09225,0.0921,0.09225,0.09205,15669.0,170000,2025-09-01 08:59:01
2025-09-01 09:00:00,0.0921,0.0923,0.0923,0.0921,25792.0,280000,2025-09-01 09:09:59
2025-09-01 09:10:00,0.0923,0.0923,0.0923,0.0923,923.0,10000,2025-09-01 09:19:59
2025-09-01 09:20:00,0.09215,0.09215,0.09215,0.09215,10136.5,110000,2025-09-01 09:29:59
2025-09-01 09:30:00,0.0923,0.0923,0.0923,0.0923,923.0,10000,2025-09-01 09:39:59
2025-09-01 09:40:00,0.0923,0.0923,0.0923,0.0923,6461.0,70000,2025-09-01 09:49:59
2025-09-01 09:50:00,0.09225,0.09215,0.09225,0.09215,1844.0,20000,2025-09-01 09:58:02
2025-09-01 10:00:00,0.0923,0.0923,0.0923,0.0923,20306.0,220000,2025-09-01 10:09:59
2025-09-01 10:10:00,0.0922,0.09215,0.09225,0.09215,28585.0,310000,2025-09-01 10:19:59
2025-09-01 10:20:00,0.0922,0.092,0.0922,0.092,255085.5,2770000,2025-09-01 10:29:59
2025-09-01 10:30:00,0.09215,0.09215,0.09215,0.09215,2764.5,30000,2025-09-01 10:39:59
2025-09-01 10:40:00,0.0921,0.092,0.0921,0.092,95781.5,1040000,2025-09-01 10:49:59
2025-09-01 10:50:00,0.092,0.09165,0.092,0.0915,561980.0,6130000,2025-09-01 10:59:59
2025-09-01 11:00:00,0.0917,0.0915,0.09185,0.0915,111760.0,1220000,2025-09-01 11:09:59
2025-09-01 11:10:00,0.0916,0.0914,0.0916,0.09115,162587.5,1780000,2025-09-01 11:19:59
2025-09-01 11:20:00,0.09115,0.0914,0.09155,0.091,310090.0,3400000,2025-09-01 11:29:59
2025-09-01 11:30:00,0.0914,0.0917,0.0917,0.0914,39367.0,430000,2025-09-01 11:39:59
2025-09-01 11:40:00,0.0915,0.0915,0.0915,0.0915,1830.0,20000,2025-09-01 11:49:59
2025-09-01 11:50:00,0.0916,0.09175,0.0918,0.0915,139431.5,1520000,2025-09-01 11:59:03
2025-09-01 12:00:00,0.09175,0.09185,0.09185,0.09175,25695.5,280000,2025-09-01 12:09:59
2025-09-01 12:10:00,0.0918,0.09135,0.0918,0.0913,532654.5,5820000,2025-09-01 12:19:59
2025-09-01 12:20:00,0.09135,0.0915,0.0915,0.09135,35637.0,390000,2025-09-01 12:29:59
2025-09-01 12:30:00,0.09145,0.0913,0.09145,0.0913,10058.0,110000,2025-09-01 12:39:59
2025-09-01 12:40:00,0.09155,0.0915,0.09155,0.09135,45744.0,500000,2025-09-01 12:49:59
2025-09-01 12:50:00,0.0915,0.0915,0.0915,0.0915,915.0,10000,2025-09-01 12:56:09
2025-09-01 13:00:00,0.09135,0.09135,0.09135,0.09135,33799.5,370000,2025-09-01 13:09:59
2025-09-01 13:10:00,0.0915,0.0915,0.0915,0.0915,2745.0,30000,2025-09-01 13:19:59
2025-09-01 13:20:00,0.09155,0.09155,0.09155,0.09155,5493.0,60000,2025-09-01 13:29:59
2025-09-01 13:40:00,0.09155,0.09135,0.09155,0.09135,8229.0,90000,2025-09-01 13:49:59
2025-09-01 13:50:00,0.09135,0.09155,0.09155,0.09135,31115.0,340000,2025-09-01 13:58:09
2025-09-01 14:00:00,0.09165,0.09185,0.09185,0.09165,199100.0,2170000,2025-09-01 14:09:59
2025-09-01 14:10:00,0.09175,0.09175,0.09175,0.0915,21077.5,230000,2025-09-01 14:19:59
2025-09-01 14:20:00,0.09175,0.09175,0.09175,0.09175,4587.5,50000,2025-09-01 14:29:59
2025-09-01 14:40:00,0.09175,0.09175,0.09175,0.09175,917.5,10000,2025-09-01 14:48:09
2025-09-01 15:00:00,0.0916,0.0915,0.0916,0.0915,30205.0,330000,2025-09-01 15:09:59
2025-09-01 15:10:00,0.0917,0.0917,0.0917,0.09145,9165.0,100000,2025-09-01 15:19:59
2025-09-01 15:20:00,0.09165,0.09165,0.09165,0.09165,916.5,10000,2025-09-01 15:29:59
2025-09-01 15:40:00,0.09145,0.09145,0.09145,0.09145,4572.5,50000,2025-09-01 15:41:09
2025-09-01 16:10:00,0.09145,0.0913,0.09145,0.0913,303230.5,3320000,2025-09-01 16:19:59
2025-09-01 16:20:00,0.0913,0.0915,0.0915,0.0913,115959.0,1270000,2025-09-01 16:29:59
2025-09-01 16:30:00,0.0915,0.0915,0.0915,0.0913,5488.0,60000,2025-09-01 16:39:59
2025-09-01 16:50:00,0.09135,0.09145,0.09145,0.09115,121317.0,1330000,2025-09-01 16:59:59
2025-09-01 17:00:00,0.09145,0.09145,0.09145,0.0912,10049.5,110000,2025-09-01 17:09:59
2025-09-01 17:10:00,0.0914,0.0912,0.0914,0.0912,26502.0,290000,2025-09-01 17:19:59
2025-09-01 17:20:00,0.0914,0.0915,0.0915,0.0914,43903.0,480000,2025-09-01 17:29:59
2025-09-01 17:30:00,0.0912,0.0914,0.0914,0.0912,28274.0,310000,2025-09-01 17:39:59
2025-09-01 17:40:00,0.09115,0.09125,0.09125,0.0911,200426.5,2200000,2025-09-01 17:49:59
2025-09-01 17:50:00,0.0911,0.0911,0.0911,0.0911,911.0,10000,2025-09-01 17:51:06
2025-09-01 18:00:00,0.0911,0.0915,0.0915,0.0911,215563.0,2360000,2025-09-01 18:09:59
2025-09-01 18:20:00,0.09115,0.0911,0.09115,0.0911,146691.0,1610000,2025-09-01 18:29:05
2025-09-01 19:00:00,0.0913,0.09115,0.09135,0.09115,72957.5,800000,2025-09-01 19:09:59
2025-09-01 19:10:00,0.09135,0.0911,0.09135,0.0911,101131.0,1110000,2025-09-01 19:19:59
2025-09-01 19:20:00,0.09115,0.0911,0.09115,0.0911,68336.0,750000,2025-09-01 19:29:59
2025-09-01 19:30:00,0.09115,0.09115,0.0912,0.09115,7294.0,80000,2025-09-01 19:39:59
2025-09-01 19:40:00,0.0912,0.0911,0.0913,0.0911,33719.5,370000,2025-09-01 19:49:59
2025-09-01 19:50:00,0.0911,0.0913,0.0913,0.0911,8205.5,90000,2025-09-01 19:58:15
2025-09-01 20:00:00,0.0911,0.0911,0.09115,0.0911,18220.5,200000,2025-09-01 20:09:59
2025-09-01 20:10:00,0.0911,0.09115,0.09115,0.0911,11844.0,130000,2025-09-01 20:19:59
2025-09-01 20:20:00,0.0912,0.0912,0.0912,0.0912,1824.0,20000,2025-09-01 20:29:59
2025-09-01 20:30:00,0.0911,0.0911,0.0911,0.0911,26419.0,290000,2025-09-01 20:39:59
2025-09-01 21:10:00,0.09125,0.09135,0.09135,0.09125,15520.5,170000,2025-09-01 21:19:59
2025-09-01 21:40:00,0.09115,0.09115,0.09115,0.09115,13672.5,150000,2025-09-01 21:48:05
2025-09-01 22:20:00,0.09115,0.0911,0.09115,0.0911,112087.5,1230000,2025-09-01 22:29:59
2025-09-01 22:30:00,0.0912,0.0912,0.0912,0.0912,912.0,10000,2025-09-01 22:39:59
2025-09-01 22:40:00,0.09125,0.09125,0.09125,0.09125,912.5,10000,2025-09-01 22:49:59
2025-09-01 22:50:00,0.09125,0.09125,0.09125,0.09125,912.5,10000,2025-09-01 22:59:59
2025-09-01 23:00:00,0.0913,0.0913,0.0913,0.0913,913.0,10000,2025-09-01 23:09:59
2025-09-01 23:30:00,0.09125,0.09125,0.09125,0.09125,7300.0,80000,2025-09-01 23:39:59
2025-09-01 23:40:00,0.09125,0.0913,0.0913,0.09115,63891.0,700000,2025-09-01 23:49:59
2025-09-02 07:00:00,0.09175,0.09115,0.09175,0.09115,1829.0,20000,2025-09-02 07:09:59
2025-09-02 07:20:00,0.0916,0.09165,0.09165,0.0916,97148.5,1060000,2025-09-02 07:29:59
2025-09-02 07:30:00,0.09175,0.0919,0.0919,0.09175,1836.5,20000,2025-09-02 07:39:59
2025-09-02 07:50:00,0.09165,0.09165,0.09165,0.09165,3666.0,40000,2025-09-02 07:59:01
2025-09-02 08:10:00,0.09165,0.09165,0.09165,0.09165,1833.0,20000,2025-09-02 08:19:59
2025-09-02 08:20:00,0.09165,0.09165,0.09165,0.09165,7332.0,80000,2025-09-02 08:29:59
2025-09-02 08:30:00,0.09165,0.0917,0.09195,0.09165,48617.5,530000,2025-09-02 08:39:59
2025-09-02 08:40:00,0.0918,0.0918,0.0918,0.0918,3672.0,40000,2025-09-02 08:49:59
2025-09-02 08:50:00,0.0918,0.0919,0.092,0.0918,123146.0,1340000,2025-09-02 08:56:01
2025-09-02 09:00:00,0.0921,0.0919,0.0921,0.0919,101110.0,1100000,2025-09-02 09:09:59
2025-09-02 09:10:00,0.0921,0.0919,0.0922,0.0919,57985.0,630000,2025-09-02 09:19:59
2025-09-02 09:20:00,0.0921,0.0919,0.0921,0.0919,1840.0,20000,2025-09-02 09:29:59
2025-09-02 09:30:00,0.0919,0.09205,0.09205,0.0917,22942.0,250000,2025-09-02 09:39:59
2025-09-02 09:40:00,0.0917,0.09165,0.0917,0.09165,83407.5,910000,2025-09-02 09:49:59
2025-09-02 09:50:00,0.0915,0.0911,0.0915,0.0911,53044.5,580000,2025-09-02 09:59:01
2025-09-02 10:00:00,0.0911,0.0907,0.0911,0.0906,201657.5,2220000,2025-09-02 10:09:59
2025-09-02 10:10:00,0.09075,0.09075,0.09075,0.0907,33577.0,370000,2025-09-02 10:19:59
2025-09-02 10:20:00,0.09085,0.09075,0.09085,0.0907,27228.5,300000,2025-09-02 10:29:59
2025-09-02 10:30:00,0.09085,0.09105,0.0911,0.09085,96442.0,1060000,2025-09-02 10:39:59
2025-09-02 10:40:00,0.09105,0.0908,0.09105,0.0908,67229.0,740000,2025-09-02 10:49:59
2025-09-02 10:50:00,0.09075,0.091,0.091,0.0907,45372.0,500000,2025-09-02 10:57:07
2025-09-02 11:00:00,0.09095,0.09095,0.09095,0.09095,909.5,10000,2025-09-02 11:09:59
2025-09-02 11:10:00,0.09075,0.0908,0.0908,0.09075,19063.0,210000,2025-09-02 11:19:59
2025-09-02 11:20:00,0.0908,0.0908,0.0908,0.0908,5448.0,60000,2025-09-02 11:29:59
2025-09-02 11:40:00,0.091,0.0908,0.09105,0.0908,148286.0,1630000,2025-09-02 11:49:59
2025-09-02 11:50:00,0.0911,0.0911,0.0911,0.0911,911.0,10000,2025-09-02 11:56:03
2025-09-02 12:00:00,0.09105,0.0911,0.0911,0.09105,61021.0,670000,2025-09-02 12:09:59
2025-09-02 12:10:00,0.0911,0.0911,0.0911,0.0911,911.0,10000,2025-09-02 12:19:59
2025-09-02 12:30:00,0.0911,0.0911,0.0911,0.0911,27330.0,300000,2025-09-02 12:39:59
2025-09-02 12:40:00,0.091,0.091,0.091,0.091,910.0,10000,2025-09-02 12:49:59
2025-09-02 12:50:00,0.091,0.091,0.091,0.091,10920.0,120000,2025-09-02 12:51:03
2025-09-02 13:10:00,0.091,0.091,0.091,0.091,910.0,10000,2025-09-02 13:19:59
2025-09-02 13:30:00,0.091,0.091,0.091,0.091,2730.0,30000,2025-09-02 13:39:59
2025-09-02 14:00:00,0.0912,0.0912,0.0912,0.0912,1824.0,20000,2025-09-02 14:09:59
2025-09-02 14:10:00,0.09105,0.09115,0.09115,0.09105,4556.5,50000,2025-09-02 14:19:59
2025-09-02 14:20:00,0.091,0.091,0.091,0.091,10010.0,110000,2025-09-02 14:29:59
2025-09-02 14:30:00,0.091,0.091,0.091,0.091,4550.0,50000,2025-09-02 14:39:59
2025-09-02 14:40:00,0.091,0.09115,0.09115,0.091,2731.5,30000,2025-09-02 14:49:59
2025-09-02 14:50:00,0.0911,0.09095,0.0911,0.09095,10019.5,110000,2025-09-02 14:59:59
2025-09-02 15:00:00,0.09085,0.09085,0.09085,0.09085,5451.0,60000,2025-09-02 15:09:59
2025-09-02 15:10:00,0.091,0.0911,0.0911,0.091,47360.0,520000,2025-09-02 15:19:59
2025-09-02 15:20:00,0.09115,0.09115,0.09115,0.09115,911.5,10000,2025-09-02 15:29:59
2025-09-02 15:30:00,0.0911,0.0909,0.09115,0.0909,10020.0,110000,2025-09-02 15:39:59
2025-09-02 15:40:00,0.09095,0.09085,0.09095,0.09085,28183.5,310000,2025-09-02 15:49:59
2025-09-02 15:50:00,0.09105,0.09105,0.09105,0.09105,6373.5,70000,2025-09-02 15:56:09
2025-09-02 16:00:00,0.0909,0.0909,0.09105,0.0909,11831.5,130000,2025-09-02 16:09:59
2025-09-02 16:10:00,0.0909,0.0909,0.0909,0.0909,8181.0,90000,2025-09-02 16:19:59
2025-09-02 16:20:00,0.0909,0.0909,0.0909,0.0908,60850.5,670000,2025-09-02 16:29:59
2025-09-02 16:40:00,0.09095,0.0906,0.09095,0.0906,256653.5,2830000,2025-09-02 16:49:59
2025-09-02 16:50:00,0.0906,0.0906,0.0906,0.09055,62492.5,690000,2025-09-02 16:58:09
2025-09-02 17:00:00,0.0906,0.0906,0.0906,0.0906,27180.0,300000,2025-09-02 17:09:59
2025-09-02 17:10:00,0.0907,0.0906,0.0907,0.0906,2719.0,30000,2025-09-02 17:19:59
2025-09-02 17:20:00,0.0907,0.0906,0.0907,0.0906,14501.0,160000,2025-09-02 17:29:59
2025-09-02 17:30:00,0.0906,0.0904,0.0906,0.0902,309942.5,3430000,2025-09-02 17:39:59
2025-09-02 17:40:00,0.0904,0.0905,0.0905,0.0904,9946.0,110000,2025-09-02 17:49:59
2025-09-02 17:50:00,0.09045,0.09015,0.09045,0.09015,74902.0,830000,2025-09-02 17:59:59
2025-09-02 18:00:00,0.09015,0.0902,0.0904,0.0901,258070.0,2860000,2025-09-02 18:09:59
2025-09-02 18:10:00,0.09005,0.0903,0.0903,0.09005,128016.5,1420000,2025-09-02 18:19:59
2025-09-02 18:20:00,0.0903,0.09015,0.09035,0.0901,76683.0,850000,2025-09-02 18:29:59
2025-09-02 18:30:00,0.09015,0.09005,0.09025,0.09005,73030.0,810000,2025-09-02 18:39:59
2025-09-02 18:40:00,0.0901,0.0901,0.0901,0.0901,1802.0,20000,2025-09-02 18:49:09
2025-09-02 19:00:00,0.0901,0.0901,0.0901,0.09005,63937.0,710000,2025-09-02 19:09:59
2025-09-02 19:10:00,0.09025,0.09015,0.0905,0.09015,20795.0,230000,2025-09-02 19:19:59
2025-09-02 19:20:00,0.09015,0.09015,0.09015,0.09015,3606.0,40000,2025-09-02 19:29:59
2025-09-02 19:30:00,0.0901,0.09015,0.09015,0.0901,20724.0,230000,2025-09-02 19:39:59
2025-09-02 19:40:00,0.0901,0.09015,0.09015,0.0901,43271.5,480000,2025-09-02 19:49:59
2025-09-02 19:50:00,0.09015,0.09035,0.09035,0.09015,7225.5,80000,2025-09-02 19:56:05
2025-09-02 20:10:00,0.09035,0.09035,0.09035,0.09035,7228.0,80000,2025-09-02 20:19:59
2025-09-02 20:30:00,0.0902,0.0902,0.0902,0.0902,902.0,10000,2025-09-02 20:39:59
2025-09-02 20:40:00,0.09035,0.0905,0.0905,0.09035,72369.0,800000,2025-09-02 20:49:59
2025-09-02 20:50:00,0.0902,0.09005,0.0903,0.09,197223.0,2190000,2025-09-02 20:59:59
2025-09-02 21:00:00,0.09,0.09005,0.09005,0.09,115224.0,1280000,2025-09-02 21:09:59
2025-09-02 21:10:00,0.09005,0.09005,0.09005,0.09005,9005.0,100000,2025-09-02 21:19:59
2025-09-02 21:20:00,0.09005,0.09,0.09005,0.09,6300.5,70000,2025-09-02 21:29:59
2025-09-02 21:30:00,0.09,0.09,0.09,0.09,2700.0,30000,2025-09-02 21:39:59
2025-09-02 21:40:00,0.09,0.09,0.09,0.09,8100.0,90000,2025-09-02 21:49:59
2025-09-02 21:50:00,0.09,0.09,0.09,0.09,6300.0,70000,2025-09-02 21:57:04
2025-09-02 22:10:00,0.09,0.09045,0.09045,0.09,343087.5,3810000,2025-09-02 22:19:59
2025-09-02 22:20:00,0.09045,0.0905,0.0905,0.09045,30765.0,340000,2025-09-02 22:29:59
2025-09-02 22:30:00,0.09045,0.091,0.091,0.09045,133162.5,1470000,2025-09-02 22:39:59
2025-09-02 22:40:00,0.0905,0.091,0.091,0.0905,286038.0,3160000,2025-09-02 22:46:05
2025-09-02 23:00:00,0.0905,0.0906,0.0906,0.09035,29834.0,330000,2025-09-02 23:09:59
2025-09-02 23:20:00,0.0906,0.0906,0.0906,0.0906,5436.0,60000,2025-09-02 23:29:59
2025-09-02 23:30:00,0.0906,0.0902,0.09065,0.0902,18961.0,210000,2025-09-02 23:39:59
2025-09-02 23:40:00,0.0903,0.0901,0.0903,0.0901,27047.0,300000,2025-09-02 23:43:05
2025-09-03 07:00:00,0.0901,0.09025,0.09025,0.09,73969.5,820000,2025-09-03 07:09:59
2025-09-03 07:20:00,0.0906,0.0907,0.0911,0.09035,61583.5,680000,2025-09-03 07:29:59
2025-09-03 07:30:00,0.0907,0.0907,0.0907,0.0907,25396.0,280000,2025-09-03 07:39:59
2025-09-03 07:40:00,0.0907,0.0906,0.0907,0.09055,119673.0,1320000,2025-09-03 07:49:59
2025-09-03 07:50:00,0.0907,0.09075,0.0908,0.0903,26272.0,290000,2025-09-03 07:57:02
2025-09-03 08:00:00,0.0908,0.09085,0.09085,0.0908,5449.0,60000,2025-09-03 08:09:59
2025-09-03 08:10:00,0.09095,0.091,0.091,0.0909,12738.0,140000,2025-09-03 08:19:59
2025-09-03 08:20:00,0.091,0.091,0.091,0.091,50960.0,560000,2025-09-03 08:29:59
2025-09-03 08:30:00,0.091,0.09095,0.091,0.09095,229309.0,2520000,2025-09-03 08:39:59
2025-09-03 08:40:00,0.09095,0.09095,0.09095,0.09095,40018.0,440000,2025-09-03 08:47:02
2025-09-03 09:00:00,0.09095,0.091,0.091,0.09095,49124.0,540000,2025-09-03 09:09:59
2025-09-03 09:20:00,0.091,0.0907,0.091,0.0907,2724.0,30000,2025-09-03 09:29:59
2025-09-03 09:30:00,0.09095,0.0907,0.091,0.0907,12730.0,140000,2025-09-03 09:39:59
2025-09-03 09:40:00,0.09095,0.0915,0.0915,0.09095,518494.5,5670000,2025-09-03 09:49:59
2025-09-03 09:50:00,0.09155,0.0918,0.0918,0.09155,336324.0,3670000,2025-09-03 09:59:01
2025-09-03 10:00:00,0.09135,0.09105,0.0915,0.09105,198314.0,2170000,2025-09-03 10:09:59
2025-09-03 10:10:00,0.0913,0.091,0.0913,0.091,28258.0,310000,2025-09-03 10:19:59
2025-09-03 10:20:00,0.091,0.09065,0.091,0.09065,54531.5,600000,2025-09-03 10:29:59
2025-09-03 10:30:00,0.09065,0.09055,0.09065,0.09015,388241.5,4300000,2025-09-03 10:39:59
2025-09-03 10:40:00,0.0904,0.0905,0.0906,0.0903,75131.5,830000,2025-09-03 10:49:02
2025-09-03 11:10:00,0.09055,0.0905,0.09055,0.0905,133964.5,1480000,2025-09-03 11:19:59
2025-09-03 11:20:00,0.0905,0.0905,0.0905,0.0905,77830.0,860000,2025-09-03 11:29:59
2025-09-03 11:30:00,0.0905,0.0903,0.0905,0.0903,17175.5,190000,2025-09-03 11:39:59
2025-09-03 11:40:00,0.0905,0.09045,0.0905,0.09045,21718.5,240000,2025-09-03 11:49:59
2025-09-03 12:10:00,0.0904,0.09055,0.09055,0.09035,27149.5,300000,2025-09-03 12:19:59
2025-09-03 12:20:00,0.0906,0.0906,0.0906,0.09055,16300.0,180000,2025-09-03 12:29:59
2025-09-03 12:30:00,0.0906,0.09055,0.0906,0.09055,19931.0,220000,2025-09-03 12:39:59
2025-09-03 12:40:00,0.09045,0.0905,0.0905,0.0903,96689.0,1070000,2025-09-03 12:49:59
2025-09-03 12:50:00,0.0905,0.0903,0.0905,0.0903,8139.0,90000,2025-09-03 12:58:03
2025-09-03 13:00:00,0.09035,0.09035,0.09035,0.09035,903.5,10000,2025-09-03 13:09:59
2025-09-03 13:10:00,0.0905,0.0905,0.0905,0.0905,9955.0,110000,2025-09-03 13:19:59
2025-09-03 13:20:00,0.09055,0.09055,0.09055,0.09055,3622.0,40000,2025-09-03 13:29:59
2025-09-03 13:30:00,0.09055,0.09075,0.09075,0.09055,174919.0,1930000,2025-09-03 13:39:59
2025-09-03 13:40:00,0.09065,0.0908,0.0908,0.09065,6351.5,70000,2025-09-03 13:49:59
2025-09-03 13:50:00,0.09075,0.09075,0.09075,0.09075,907.5,10000,2025-09-03 13:59:03
2025-09-03 14:00:00,0.09075,0.0909,0.0909,0.09075,101669.5,1120000,2025-09-03 14:09:59
2025-09-03 14:10:00,0.0911,0.09085,0.0911,0.0908,115360.0,1270000,2025-09-03 14:19:59
2025-09-03 14:20:00,0.09085,0.09085,0.09085,0.09085,2725.5,30000,2025-09-03 14:29:59
2025-09-03 14:30:00,0.09085,0.09085,0.09085,0.09085,908.5,10000,2025-09-03 14:39:59
2025-09-03 14:40:00,0.0908,0.0908,0.0908,0.0908,908.0,10000,2025-09-03 14:49:59
2025-09-03 14:50:00,0.09065,0.09065,0.09065,0.09065,5439.0,60000,2025-09-03 14:58:08
2025-09-03 15:00:00,0.09065,0.09065,0.09065,0.09065,49857.5,550000,2025-09-03 15:09:59
2025-09-03 15:10:00,0.09055,0.09065,0.09065,0.09055,1812.0,20000,2025-09-03 15:19:59
2025-09-03 15:20:00,0.09055,0.0905,0.09065,0.0905,19913.0,220000,2025-09-03 15:29:59
2025-09-03 15:30:00,0.09055,0.09065,0.09065,0.09055,24473.5,270000,2025-09-03 15:39:59
2025-09-03 15:40:00,0.09065,0.09065,0.09065,0.09065,90650.0,1000000,2025-09-03 15:43:03
2025-09-03 16:10:00,0.0905,0.09065,0.09065,0.0905,3621.5,40000,2025-09-03 16:19:59
2025-09-03 16:30:00,0.09055,0.09055,0.09055,0.09055,2716.5,30000,2025-09-03 16:39:59
2025-09-03 16:40:00,0.09055,0.0904,0.09055,0.0904,126698.0,1400000,2025-09-03 16:49:59
2025-09-03 16:50:00,0.0904,0.0906,0.0906,0.0904,15380.0,170000,2025-09-03 16:57:09
2025-09-03 17:20:00,0.09055,0.09055,0.09055,0.09055,4527.5,50000,2025-09-03 17:29:59
2025-09-03 17:30:00,0.09065,0.09065,0.09065,0.09065,10878.0,120000,2025-09-03 17:39:59
2025-09-03 17:50:00,0.09065,0.0907,0.0907,0.0906,126916.5,1400000,2025-09-03 17:59:59
2025-09-03 18:00:00,0.0907,0.0907,0.0907,0.0907,2721.0,30000,2025-09-03 18:09:59
2025-09-03 18:10:00,0.0907,0.09065,0.0907,0.09065,1813.5,20000,2025-09-03 18:19:59
2025-09-03 18:20:00,0.09065,0.09065,0.0907,0.09065,40798.5,450000,2025-09-03 18:29:59
2025-09-03 18:30:00,0.0907,0.0907,0.0907,0.0907,37187.0,410000,2025-09-03 18:39:08
2025-09-03 19:00:00,0.0907,0.0908,0.0908,0.0907,57142.0,630000,2025-09-03 19:09:59
2025-09-03 19:10:00,0.0908,0.09085,0.09085,0.0908,3632.5,40000,2025-09-03 19:19:59
2025-09-03 19:20:00,0.09085,0.0909,0.09145,0.09085,390984.0,4300000,2025-09-03 19:29:59
2025-09-03 19:30:00,0.0909,0.0909,0.0909,0.0909,909.0,10000,2025-09-03 19:39:59
2025-09-03 19:50:00,0.09065,0.0906,0.09065,0.0906,54360.5,600000,2025-09-03 19:59:09
2025-09-03 20:20:00,0.0906,0.0909,0.0909,0.0906,133508.0,1470000,2025-09-03 20:29:09
2025-09-03 21:00:00,0.0907,0.0909,0.0909,0.0907,79866.0,880000,2025-09-03 21:09:59
2025-09-03 21:10:00,0.09085,0.09085,0.09085,0.09085,4542.5,50000,2025-09-03 21:19:59
2025-09-03 21:20:00,0.09085,0.0908,0.09085,0.09065,12704.5,140000,2025-09-03 21:29:59
2025-09-03 21:30:00,0.09065,0.09065,0.09065,0.09065,1813.0,20000,2025-09-03 21:36:09
2025-09-03 22:10:00,0.0908,0.0908,0.0908,0.0908,1816.0,20000,2025-09-03 22:19:59
2025-09-03 22:20:00,0.0908,0.0908,0.0908,0.0908,2724.0,30000,2025-09-03 22:29:59
2025-09-03 22:30:00,0.0908,0.0909,0.0909,0.0908,4542.0,50000,2025-09-03 22:39:59
2025-09-03 22:40:00,0.0909,0.09085,0.0909,0.09085,1817.5,20000,2025-09-03 22:45:09
2025-09-03 23:00:00,0.0909,0.09115,0.09115,0.0909,92735.0,1020000,2025-09-03 23:09:59
2025-09-03 23:10:00,0.09115,0.09115,0.09115,0.09115,1823.0,20000,2025-09-03 23:19:59
2025-09-03 23:20:00,0.09105,0.09105,0.09105,0.09105,1821.0,20000,2025-09-03 23:29:59
2025-09-03 23:30:00,0.09115,0.0912,0.0912,0.09115,86610.5,950000,2025-09-03 23:39:59
2025-09-04 07:00:00,0.0913,0.09125,0.0913,0.09125,11865.0,130000,2025-09-04 07:09:59
2025-09-04 07:10:00,0.0914,0.09145,0.09145,0.0914,6399.0,70000,2025-09-04 07:19:59
2025-09-04 07:20:00,0.09145,0.0907,0.0918,0.0907,317448.0,3490000,2025-09-04 07:29:59
2025-09-04 07:30:00,0.0911,0.0915,0.0915,0.0911,4566.0,50000,2025-09-04 07:39:59
2025-09-04 07:40:00,0.0915,0.09075,0.09155,0.09075,93721.0,1030000,2025-09-04 07:48:01
2025-09-04 08:10:00,0.09125,0.09125,0.09125,0.09125,4562.5,50000,2025-09-04 08:19:59
2025-09-04 08:20:00,0.09125,0.09105,0.09125,0.09105,3646.0,40000,2025-09-04 08:29:59
2025-09-04 08:30:00,0.09135,0.0914,0.0914,0.09135,20103.5,220000,2025-09-04 08:39:59
2025-09-04 08:40:00,0.0911,0.09135,0.0914,0.0911,4560.5,50000,2025-09-04 08:49:59
2025-09-04 08:50:00,0.09135,0.09105,0.0916,0.09105,135282.0,1480000,2025-09-04 08:59:59
2025-09-04 09:10:00,0.091,0.09085,0.091,0.09085,48225.5,530000,2025-09-04 09:19:59
2025-09-04 09:20:00,0.09115,0.09135,0.09135,0.09115,10032.5,110000,2025-09-04 09:29:59
2025-09-04 09:30:00,0.0913,0.0913,0.0913,0.0913,9130.0,100000,2025-09-04 09:38:01
2025-09-04 10:00:00,0.09125,0.0912,0.09125,0.09105,12767.0,140000,2025-09-04 10:09:59
2025-09-04 10:10:00,0.0912,0.0913,0.0913,0.0912,184226.0,2020000,2025-09-04 10:19:59
2025-09-04 10:30:00,0.09105,0.09105,0.0911,0.09105,8195.5,90000,2025-09-04 10:39:59
2025-09-04 10:40:00,0.09105,0.0911,0.0911,0.09105,12748.0,140000,2025-09-04 10:49:59
2025-09-04 11:00:00,0.0911,0.0911,0.0911,0.0911,5466.0,60000,2025-09-04 11:09:59
2025-09-04 11:10:00,0.0911,0.0911,0.0911,0.091,7287.0,80000,2025-09-04 11:19:59
2025-09-04 11:30:00,0.0911,0.0912,0.0912,0.0911,409447.5,4490000,2025-09-04 11:39:59
2025-09-04 11:50:00,0.09125,0.09125,0.09125,0.09125,912.5,10000,2025-09-04 11:59:07
2025-09-04 12:00:00,0.09105,0.09105,0.09125,0.09105,3644.0,40000,2025-09-04 12:09:59
2025-09-04 12:10:00,0.09125,0.09125,0.09125,0.09125,10037.5,110000,2025-09-04 12:19:59
2025-09-04 12:20:00,0.09125,0.0913,0.0913,0.09125,48384.0,530000,2025-09-04 12:29:59
2025-09-04 12:30:00,0.0911,0.09115,0.09115,0.0911,2734.0,30000,2025-09-04 12:39:59
2025-09-04 12:50:00,0.0911,0.0911,0.0911,0.0911,36440.0,400000,2025-09-04 12:51:02
2025-09-04 13:00:00,0.09105,0.09125,0.0913,0.091,140412.5,1540000,2025-09-04 13:09:59
2025-09-04 13:10:00,0.0912,0.0912,0.0912,0.0912,912.0,10000,2025-09-04 13:19:59
2025-09-04 13:20:00,0.09105,0.0911,0.0911,0.09105,28240.5,310000,2025-09-04 13:29:59
2025-09-04 13:30:00,0.0911,0.09105,0.0911,0.09105,13664.5,150000,2025-09-04 13:39:59
2025-09-04 13:40:00,0.0911,0.09115,0.09115,0.091,57361.5,630000,2025-09-04 13:49:59
2025-09-04 13:50:00,0.091,0.091,0.091,0.091,1820.0,20000,2025-09-04 13:52:08
2025-09-04 14:10:00,0.0912,0.09125,0.09125,0.0912,92140.5,1010000,2025-09-04 14:19:59
2025-09-04 14:20:00,0.09125,0.09125,0.09125,0.09125,10037.5,110000,2025-09-04 14:29:59
2025-09-04 14:30:00,0.0911,0.09105,0.0911,0.09105,10928.0,120000,2025-09-04 14:39:59
2025-09-04 14:40:00,0.09125,0.09125,0.09125,0.09125,1825.0,20000,2025-09-04 14:49:59
2025-09-04 14:50:00,0.09125,0.09125,0.09125,0.09125,3650.0,40000,2025-09-04 14:58:08
2025-09-04 15:10:00,0.0911,0.09105,0.0911,0.09105,31881.5,350000,2025-09-04 15:19:59
2025-09-04 15:30:00,0.0911,0.0911,0.0911,0.0911,911.0,10000,2025-09-04 15:39:59
2025-09-04 15:40:00,0.0911,0.09105,0.0911,0.09105,20035.5,220000,2025-09-04 15:49:59
2025-09-04 15:50:00,0.09105,0.09105,0.09105,0.09105,13657.5,150000,2025-09-04 15:59:08
2025-09-04 16:00:00,0.0911,0.0911,0.0911,0.0911,3644.0,40000,2025-09-04 16:09:59
2025-09-04 16:10:00,0.0911,0.0911,0.0911,0.0911,1822.0,20000,2025-09-04 16:19:59
2025-09-04 16:20:00,0.09105,0.09105,0.09105,0.09105,910.5,10000,2025-09-04 16:29:59
2025-09-04 16:30:00,0.09105,0.09105,0.09105,0.09105,910.5,10000,2025-09-04 16:39:59
2025-09-04 16:50:00,0.0911,0.0911,0.0911,0.0911,3644.0,40000,2025-09-04 16:57:09
2025-09-04 17:00:00,0.09105,0.0909,0.09105,0.0909,86448.0,950000,2025-09-04 17:09:59
2025-09-04 17:10:00,0.09105,0.091,0.09105,0.09085,73655.0,810000,2025-09-04 17:19:59
2025-09-04 17:20:00,0.0908,0.0906,0.0908,0.0906,144278.5,1590000,2025-09-04 17:29:59
2025-09-04 17:30:00,0.0907,0.0906,0.0907,0.0903,189979.5,2100000,2025-09-04 17:39:59
2025-09-04 17:40:00,0.0906,0.0905,0.0906,0.09015,127305.5,1410000,2025-09-04 17:49:59
2025-09-04 17:50:00,0.0905,0.0909,0.0913,0.09025,510198.0,5610000,2025-09-04 17:59:59
2025-09-04 18:00:00,0.09075,0.0907,0.0908,0.0907,20881.5,230000,2025-09-04 18:09:59
2025-09-04 18:10:00,0.0908,0.09115,0.09115,0.0906,92589.5,1020000,2025-09-04 18:19:59
2025-09-04 18:20:00,0.09105,0.091,0.09105,0.091,2731.0,30000,2025-09-04 18:29:59
2025-09-04 18:30:00,0.0907,0.0906,0.0907,0.09055,19926.5,220000,2025-09-04 18:38:09
2025-09-04 19:00:00,0.09065,0.0906,0.09065,0.0906,135913.5,1500000,2025-09-04 19:09:59
2025-09-04 19:10:00,0.0904,0.09025,0.0904,0.0901,315721.0,3500000,2025-09-04 19:19:59
2025-09-04 19:20:00,0.0904,0.0904,0.0904,0.0904,904.0,10000,2025-09-04 19:29:59
2025-09-04 19:30:00,0.0905,0.09095,0.09095,0.0904,80524.0,890000,2025-09-04 19:39:59
2025-09-04 19:40:00,0.09045,0.09045,0.09045,0.09045,904.5,10000,2025-09-04 19:49:59
2025-09-04 19:50:00,0.0904,0.0907,0.0907,0.0904,6345.5,70000,2025-09-04 19:57:13
2025-09-04 20:00:00,0.09065,0.0907,0.0907,0.09065,6348.0,70000,2025-09-04 20:09:59
2025-09-04 20:10:00,0.0905,0.0907,0.0907,0.0905,10881.5,120000,2025-09-04 20:19:59
2025-09-04 20:20:00,0.0907,0.0907,0.0907,0.0907,907.0,10000,2025-09-04 20:29:59
2025-09-04 20:30:00,0.0907,0.0907,0.0907,0.0907,907.0,10000,2025-09-04 20:39:59
2025-09-04 20:40:00,0.0907,0.0907,0.0907,0.0907,907.0,10000,2025-09-04 20:49:59
2025-09-04 20:50:00,0.0908,0.0908,0.0908,0.0908,5448.0,60000,2025-09-04 20:58:03
2025-09-04 21:00:00,0.0906,0.0907,0.0907,0.0906,13594.0,150000,2025-09-04 21:09:59
2025-09-04 21:10:00,0.0907,0.0907,0.0907,0.0907,9070.0,100000,2025-09-04 21:19:59
2025-09-04 21:20:00,0.0907,0.0907,0.0907,0.0907,907.0,10000,2025-09-04 21:29:59
2025-09-04 21:30:00,0.09065,0.09065,0.09065,0.09065,9065.0,100000,2025-09-04 21:39:59
2025-09-04 21:40:00,0.0906,0.0906,0.0906,0.0906,3624.0,40000,2025-09-04 21:49:59
2025-09-04 21:50:00,0.0906,0.0906,0.0906,0.0906,906.0,10000,2025-09-04 21:57:14
2025-09-04 22:00:00,0.0906,0.0906,0.0906,0.0906,906.0,10000,2025-09-04 22:09:59
2025-09-04 22:10:00,0.09055,0.0906,0.0906,0.09055,38937.0,430000,2025-09-04 22:19:59
2025-09-04 22:40:00,0.0906,0.0906,0.0906,0.0906,23556.0,260000,2025-09-04 22:49:59
2025-09-04 22:50:00,0.0906,0.0906,0.0906,0.0906,19026.0,210000,2025-09-04 22:59:04
2025-09-04 23:00:00,0.0906,0.0906,0.0906,0.0906,9060.0,100000,2025-09-04 23:09:59
2025-09-04 23:10:00,0.0906,0.0906,0.0906,0.0906,14496.0,160000,2025-09-04 23:19:59
2025-09-04 23:30:00,0.0906,0.0906,0.0906,0.0905,7242.0,80000,2025-09-04 23:39:59
2025-09-04 23:40:00,0.0905,0.0905,0.0905,0.0905,73305.0,810000,2025-09-04 23:47:04
2025-09-05 07:00:00,0.09045,0.0907,0.09125,0.09045,4538.0,50000,2025-09-05 07:09:59
2025-09-05 07:10:00,0.0907,0.09075,0.09075,0.0907,3628.5,40000,2025-09-05 07:19:59
2025-09-05 07:20:00,0.0907,0.0907,0.0907,0.0907,4535.0,50000,2025-09-05 07:29:59
2025-09-05 07:30:00,0.091,0.091,0.091,0.091,10920.0,120000,2025-09-05 07:39:59
2025-09-05 07:50:00,0.0908,0.0908,0.0908,0.0908,29056.0,320000,2025-09-05 07:58:06
2025-09-05 08:10:00,0.0908,0.0908,0.0908,0.0908,1816.0,20000,2025-09-05 08:19:59
2025-09-05 08:20:00,0.0908,0.0908,0.0908,0.0908,14528.0,160000,2025-09-05 08:29:59
2025-09-05 08:40:00,0.0908,0.0908,0.0908,0.0908,9080.0,100000,2025-09-05 08:49:59
2025-09-05 08:50:00,0.0908,0.0908,0.0908,0.0908,908.0,10000,2025-09-05 08:52:01
2025-09-05 09:00:00,0.0908,0.091,0.091,0.0908,29978.5,330000,2025-09-05 09:09:59
2025-09-05 09:10:00,0.091,0.091,0.091,0.091,1820.0,20000,2025-09-05 09:19:59
2025-09-05 09:20:00,0.091,0.091,0.091,0.09095,17287.5,190000,2025-09-05 09:29:59
2025-09-05 09:30:00,0.09085,0.09075,0.09085,0.09075,4541.5,50000,2025-09-05 09:39:59
2025-09-05 09:40:00,0.0908,0.091,0.091,0.0908,11824.0,130000,2025-09-05 09:49:59
2025-09-05 09:50:00,0.0908,0.09075,0.0908,0.09075,33589.0,370000,2025-09-05 09:53:01
2025-09-05 10:00:00,0.09095,0.09095,0.09095,0.09095,18190.0,200000,2025-09-05 10:09:59
2025-09-05 10:10:00,0.091,0.091,0.091,0.091,27300.0,300000,2025-09-05 10:19:59
2025-09-05 10:20:00,0.091,0.09115,0.0912,0.091,117502.0,1290000,2025-09-05 10:29:59
2025-09-05 10:30:00,0.09115,0.09115,0.09115,0.09115,1823.0,20000,2025-09-05 10:39:59
2025-09-05 10:40:00,0.0911,0.09095,0.0911,0.09095,34563.5,380000,2025-09-05 10:47:01
2025-09-05 11:00:00,0.0911,0.09095,0.0911,0.09095,2731.5,30000,2025-09-05 11:09:59
2025-09-05 11:10:00,0.09095,0.0909,0.09095,0.0909,3637.5,40000,2025-09-05 11:19:59
2025-09-05 11:20:00,0.0909,0.09105,0.09105,0.0909,12744.5,140000,2025-09-05 11:29:59
2025-09-05 11:40:00,0.09095,0.0909,0.09105,0.0909,5458.5,60000,2025-09-05 11:45:06
2025-09-05 12:00:00,0.09105,0.09105,0.09105,0.09105,7284.0,80000,2025-09-05 12:09:59
2025-09-05 12:10:00,0.091,0.09055,0.0912,0.09055,591074.0,6510000,2025-09-05 12:19:59
2025-09-05 12:20:00,0.0909,0.09095,0.09095,0.0909,19094.5,210000,2025-09-05 12:29:59
2025-09-05 12:30:00,0.09095,0.09065,0.09095,0.09065,2725.0,30000,2025-09-05 12:39:59
2025-09-05 12:40:00,0.0909,0.0909,0.0909,0.0909,9090.0,100000,2025-09-05 12:43:03
2025-09-05 13:00:00,0.0908,0.09065,0.0908,0.09065,15428.5,170000,2025-09-05 13:09:59
2025-09-05 13:10:00,0.09085,0.09085,0.09085,0.09085,4542.5,50000,2025-09-05 13:19:59
2025-09-05 13:20:00,0.0908,0.09065,0.0908,0.09065,9973.0,110000,2025-09-05 13:29:59
2025-09-05 13:30:00,0.0907,0.09,0.0907,0.09,507025.5,5610000,2025-09-05 13:39:59
2025-09-05 13:40:00,0.0904,0.0905,0.0905,0.0904,52475.0,580000,2025-09-05 13:49:59
2025-09-05 13:50:00,0.0903,0.09055,0.09055,0.09025,19886.5,220000,2025-09-05 13:58:07
2025-09-05 14:10:00,0.09025,0.0903,0.09035,0.09015,33381.0,370000,2025-09-05 14:19:59
2025-09-05 14:20:00,0.09015,0.09,0.09015,0.09,73809.5,820000,2025-09-05 14:29:59
2025-09-05 14:30:00,0.09,0.09,0.09,0.09,18000.0,200000,2025-09-05 14:39:59
2025-09-05 14:40:00,0.0902,0.09075,0.09095,0.0902,130568.5,1440000,2025-09-05 14:49:59
2025-09-05 14:50:00,0.0903,0.0903,0.0903,0.0903,4515.0,50000,2025-09-05 14:59:59
2025-09-05 15:10:00,0.0904,0.0903,0.0904,0.0903,9033.5,100000,2025-09-05 15:19:59
2025-09-05 15:20:00,0.0903,0.09055,0.09055,0.0903,52443.0,580000,2025-09-05 15:29:59
2025-09-05 15:30:00,0.09025,0.09045,0.09045,0.09025,11750.5,130000,2025-09-05 15:39:59
2025-09-05 15:40:00,0.0903,0.0903,0.09045,0.0903,5421.0,60000,2025-09-05 15:49:59
2025-09-05 15:50:00,0.0903,0.09025,0.0903,0.09025,17154.5,190000,2025-09-05 15:59:59
2025-09-05 16:00:00,0.09025,0.0903,0.0903,0.09025,2708.0,30000,2025-09-05 16:09:59
2025-09-05 16:10:00,0.09025,0.0902,0.09025,0.0902,3609.5,40000,2025-09-05 16:19:59
2025-09-05 16:20:00,0.0902,0.0904,0.0904,0.0902,20784.5,230000,2025-09-05 16:29:59
2025-09-05 16:30:00,0.0903,0.0902,0.0904,0.0902,6320.5,70000,2025-09-05 16:39:59
2025-09-05 16:40:00,0.09035,0.0902,0.0904,0.0902,14453.5,160000,2025-09-05 16:49:59
2025-09-05 16:50:00,0.0902,0.0902,0.0902,0.0902,3608.0,40000,2025-09-05 16:59:59
2025-09-05 17:00:00,0.09035,0.09035,0.09035,0.0902,8127.0,90000,2025-09-05 17:09:59
2025-09-05 17:10:00,0.0902,0.0902,0.0902,0.0902,13530.0,150000,2025-09-05 17:19:59
2025-09-05 17:20:00,0.0902,0.09025,0.09025,0.0902,2706.5,30000,2025-09-05 17:29:59
2025-09-05 17:30:00,0.0902,0.0902,0.0902,0.0902,4510.0,50000,2025-09-05 17:39:59
2025-09-05 17:40:00,0.09035,0.09025,0.09035,0.09005,67614.0,750000,2025-09-05 17:49:59
2025-09-05 17:50:00,0.09005,0.09015,0.09035,0.09,74825.0,830000,2025-09-05 17:59:59
2025-09-05 18:00:00,0.0901,0.0901,0.09035,0.0901,10832.0,120000,2025-09-05 18:09:59
2025-09-05 18:10:00,0.0901,0.0898,0.09015,0.08945,805311.5,8970000,2025-09-05 18:19:59
2025-09-05 18:20:00,0.08965,0.08985,0.0899,0.08955,129083.0,1440000,2025-09-05 18:29:59
2025-09-05 18:30:00,0.08985,0.0898,0.0899,0.0895,246324.0,2750000,2025-09-05 18:39:59
2025-09-05 18:40:00,0.08985,0.08985,0.08985,0.08985,1797.0,20000,2025-09-05 18:49:08
2025-09-05 19:00:00,0.08975,0.09005,0.0903,0.0895,500062.0,5560000,2025-09-05 19:09:59
2025-09-05 19:20:00,0.0901,0.0899,0.0905,0.0899,60518.5,670000,2025-09-05 19:29:59
2025-09-05 19:30:00,0.09015,0.0901,0.09015,0.0901,1802.5,20000,2025-09-05 19:39:59
2025-09-05 19:40:00,0.09075,0.09015,0.09075,0.09015,51578.5,570000,2025-09-05 19:49:08
2025-09-05 20:50:00,0.09025,0.0903,0.0903,0.09025,12641.5,140000,2025-09-05 20:58:09
2025-09-05 21:20:00,0.09015,0.09015,0.09015,0.09015,4507.5,50000,2025-09-05 21:29:59
2025-09-05 21:30:00,0.09015,0.09015,0.09015,0.09015,5409.0,60000,2025-09-05 21:39:59
2025-09-05 21:50:00,0.0903,0.0903,0.0903,0.0903,10836.0,120000,2025-09-05 21:59:59
2025-09-05 22:00:00,0.0903,0.09035,0.09035,0.0903,32520.5,360000,2025-09-05 22:09:59
2025-09-05 22:50:00,0.0903,0.09035,0.09035,0.0903,9034.0,100000,2025-09-05 22:56:08
2025-09-05 23:00:00,0.0902,0.09,0.0902,0.09,135168.0,1500000,2025-09-05 23:09:59
2025-09-05 23:10:00,0.0903,0.0903,0.0903,0.0903,6321.0,70000,2025-09-05 23:19:59
2025-09-05 23:20:00,0.09005,0.08975,0.09005,0.08975,179799.0,2000000,2025-09-05 23:29:59
2025-09-05 23:30:00,0.0899,0.0899,0.0899,0.0899,21576.0,240000,2025-09-05 23:37:09
2025-09-06 10:00:00,0.0896,0.09025,0.0903,0.0892,89663.5,1000000,2025-09-06 10:09:59
2025-09-06 10:20:00,0.0902,0.0902,0.0902,0.0902,1804.0,20000,2025-09-06 10:29:59
2025-09-06 10:30:00,0.0899,0.0899,0.0899,0.0899,899.0,10000,2025-09-06 10:39:59
2025-09-06 10:40:00,0.0902,0.0902,0.0902,0.0902,902.0,10000,2025-09-06 10:49:59
2025-09-06 10:50:00,0.0902,0.0902,0.0902,0.0902,1804.0,20000,2025-09-06 10:55:05
2025-09-06 11:10:00,0.0902,0.0902,0.0902,0.0902,22550.0,250000,2025-09-06 11:19:59
2025-09-06 11:30:00,0.09025,0.09025,0.09025,0.09025,22562.5,250000,2025-09-06 11:39:59
2025-09-06 11:40:00,0.09035,0.0904,0.0904,0.09035,6325.5,70000,2025-09-06 11:49:59
2025-09-06 11:50:00,0.09025,0.09025,0.09025,0.09025,10830.0,120000,2025-09-06 11:54:01
2025-09-06 12:20:00,0.0902,0.0902,0.0902,0.0902,5412.0,60000,2025-09-06 12:29:59
2025-09-06 12:30:00,0.0902,0.0902,0.0902,0.0902,9020.0,100000,2025-09-06 12:39:59
2025-09-06 13:10:00,0.09035,0.0902,0.09045,0.0902,3612.0,40000,2025-09-06 13:19:59
2025-09-06 13:20:00,0.0902,0.0902,0.0902,0.0902,902.0,10000,2025-09-06 13:29:59
2025-09-06 13:30:00,0.0902,0.0902,0.0902,0.0902,902.0,10000,2025-09-06 13:39:59
2025-09-06 13:40:00,0.0902,0.08985,0.0902,0.08985,58486.5,650000,2025-09-06 13:48:01
2025-09-06 14:20:00,0.09,0.08985,0.09,0.08985,12592.5,140000,2025-09-06 14:29:59
2025-09-06 14:30:00,0.08985,0.08985,0.08985,0.08985,10782.0,120000,2025-09-06 14:39:59
2025-09-06 14:40:00,0.08985,0.08985,0.08985,0.08985,1797.0,20000,2025-09-06 14:49:59
2025-09-06 14:50:00,0.08985,0.08985,0.08985,0.08985,898.5,10000,2025-09-06 14:57:06
2025-09-06 15:10:00,0.08985,0.08985,0.08985,0.08985,4492.5,50000,2025-09-06 15:16:06
2025-09-06 16:10:00,0.08985,0.08985,0.08985,0.08985,1797.0,20000,2025-09-06 16:19:59
2025-09-06 16:20:00,0.09015,0.09015,0.09015,0.09015,18030.0,200000,2025-09-06 16:29:59
2025-09-06 16:30:00,0.0899,0.0892,0.0899,0.0892,737632.0,8250000,2025-09-06 16:39:59
2025-09-06 16:50:00,0.0895,0.0895,0.0895,0.0895,4475.0,50000,2025-09-06 16:57:05
2025-09-06 17:00:00,0.0895,0.08955,0.08955,0.0895,4476.5,50000,2025-09-06 17:09:59
2025-09-06 17:20:00,0.0897,0.08975,0.08975,0.0897,8973.5,100000,2025-09-06 17:29:59
2025-09-06 17:30:00,0.08975,0.08975,0.08975,0.08975,14360.0,160000,2025-09-06 17:39:59
2025-09-06 17:50:00,0.08975,0.08975,0.08975,0.08975,897.5,10000,2025-09-06 17:52:06
2025-09-06 18:10:00,0.08995,0.08975,0.08995,0.08975,2694.5,30000,2025-09-06 18:19:59
2025-09-06 18:40:00,0.09,0.08955,0.09,0.08955,82557.0,920000,2025-09-06 18:49:59
2025-09-06 18:50:00,0.0898,0.0898,0.0898,0.0898,898.0,10000,2025-09-06 18:59:06
2025-09-07 10:00:00,0.09,0.09005,0.0901,0.09,159363.0,1770000,2025-09-07 10:09:59
2025-09-07 10:10:00,0.09005,0.09005,0.09005,0.09005,9005.0,100000,2025-09-07 10:19:59
2025-09-07 10:30:00,0.0901,0.0901,0.0901,0.0901,901.0,10000,2025-09-07 10:39:59
2025-09-07 10:40:00,0.0901,0.09015,0.09015,0.0901,23431.0,260000,2025-09-07 10:49:59
2025-09-07 10:50:00,0.09015,0.09015,0.09015,0.09015,1803.0,20000,2025-09-07 10:58:06
2025-09-07 11:00:00,0.09015,0.0901,0.09025,0.0901,33339.5,370000,2025-09-07 11:09:59
2025-09-07 11:20:00,0.09,0.09,0.09,0.09,2700.0,30000,2025-09-07 11:29:59
2025-09-07 11:30:00,0.09015,0.0901,0.09015,0.0901,6308.0,70000,2025-09-07 11:39:59
2025-09-07 12:00:00,0.0901,0.09,0.0901,0.09,18010.0,200000,2025-09-07 12:09:59
2025-09-07 12:10:00,0.09,0.09,0.09,0.09,3600.0,40000,2025-09-07 12:19:59
2025-09-07 12:20:00,0.0902,0.0902,0.0902,0.0902,11726.0,130000,2025-09-07 12:29:59
2025-09-07 12:30:00,0.0902,0.0902,0.0902,0.0902,9020.0,100000,2025-09-07 12:35:05
2025-09-07 13:00:00,0.09025,0.09025,0.09025,0.09025,902.5,10000,2025-09-07 13:09:59
2025-09-07 13:20:00,0.0902,0.0902,0.0902,0.0902,10824.0,120000,2025-09-07 13:29:59
2025-09-07 13:40:00,0.0902,0.0902,0.0902,0.0902,1804.0,20000,2025-09-07 13:49:01
2025-09-07 14:00:00,0.0902,0.09025,0.09025,0.0902,27074.5,300000,2025-09-07 14:09:59
2025-09-07 14:30:00,0.0901,0.09,0.0901,0.09,9005.0,100000,2025-09-07 14:34:06
2025-09-07 15:00:00,0.09,0.09,0.09,0.09,900.0,10000,2025-09-07 15:09:59
2025-09-07 15:10:00,0.0899,0.0903,0.0903,0.0898,123487.5,1370000,2025-09-07 15:19:59
2025-09-07 15:20:00,0.09025,0.0903,0.0903,0.09025,153496.5,1700000,2025-09-07 15:29:01
2025-09-07 16:00:00,0.09025,0.0903,0.0903,0.09025,35201.5,390000,2025-09-07 16:09:59
2025-09-07 16:30:00,0.09025,0.09025,0.09025,0.09025,40612.5,450000,2025-09-07 16:39:59
2025-09-07 17:20:00,0.09025,0.0901,0.09025,0.0901,66756.5,740000,2025-09-07 17:29:59
2025-09-07 17:50:00,0.0901,0.0901,0.0901,0.0901,5406.0,60000,2025-09-07 17:59:59
2025-09-07 18:00:00,0.0901,0.0901,0.0901,0.0901,901.0,10000,2025-09-07 18:09:59
2025-09-07 18:10:00,0.0901,0.0903,0.0903,0.0901,54963.0,610000,2025-09-07 18:19:59
2025-09-07 18:30:00,0.09005,0.09025,0.09025,0.09005,1803.0,20000,2025-09-07 18:39:59
2025-09-07 18:40:00,0.0903,0.0903,0.0903,0.0903,2709.0,30000,2025-09-07 18:49:59
2025-09-07 18:50:00,0.0903,0.0903,0.0903,0.0903,903.0,10000,2025-09-07 18:51:05
2025-09-08 07:00:00,0.0902,0.09005,0.0902,0.08925,39345.5,440000,2025-09-08 07:09:59
2025-09-08 07:10:00,0.0897,0.0899,0.0899,0.0896,107594.0,1200000,2025-09-08 07:19:59
2025-09-08 07:20:00,0.08995,0.09,0.09,0.08995,17096.5,190000,2025-09-08 07:29:59
2025-09-08 07:30:00,0.0901,0.0898,0.09025,0.0898,66685.5,740000,2025-09-08 07:39:59
2025-09-08 07:40:00,0.0901,0.08995,0.0901,0.08995,15294.5,170000,2025-09-08 07:49:59
2025-09-08 07:50:00,0.09025,0.09005,0.0903,0.09005,6317.0,70000,2025-09-08 07:55:06
2025-09-08 08:10:00,0.09015,0.09015,0.09015,0.09015,3606.0,40000,2025-09-08 08:19:59
2025-09-08 08:30:00,0.0902,0.0904,0.0904,0.0902,37037.0,410000,2025-09-08 08:39:59
2025-09-08 08:40:00,0.09065,0.0918,0.0925,0.09065,6085898.5,66310000,2025-09-08 08:49:59
2025-09-08 08:50:00,0.09175,0.0917,0.092,0.0917,277053.0,3020000,2025-09-08 08:59:06
2025-09-08 09:00:00,0.0917,0.0919,0.0923,0.0917,76344.5,830000,2025-09-08 09:09:59
2025-09-08 09:10:00,0.0919,0.09185,0.0919,0.0917,322831.5,3520000,2025-09-08 09:19:59
2025-09-08 09:20:00,0.09185,0.0917,0.09185,0.0917,34853.5,380000,2025-09-08 09:29:59
2025-09-08 09:30:00,0.0917,0.0916,0.0917,0.0916,132964.0,1450000,2025-09-08 09:39:59
2025-09-08 09:40:00,0.09125,0.09135,0.09135,0.09105,110188.5,1210000,2025-09-08 09:49:59
2025-09-08 09:50:00,0.0913,0.09135,0.09135,0.0913,1826.5,20000,2025-09-08 09:54:06
2025-09-08 10:00:00,0.0912,0.09145,0.09145,0.091,140552.5,1540000,2025-09-08 10:09:59
2025-09-08 10:10:00,0.0915,0.0921,0.0924,0.0915,481131.5,5230000,2025-09-08 10:19:59
2025-09-08 10:20:00,0.09225,0.09195,0.09225,0.09185,455209.5,4940000,2025-09-08 10:29:59
2025-09-08 10:30:00,0.09195,0.09195,0.09205,0.09185,19316.0,210000,2025-09-08 10:39:59
2025-09-08 10:40:00,0.092,0.092,0.092,0.092,15640.0,170000,2025-09-08 10:49:59
2025-09-08 10:50:00,0.092,0.09205,0.09205,0.09185,23922.0,260000,2025-09-08 10:59:02
2025-09-08 11:00:00,0.09185,0.09195,0.09195,0.09185,51468.0,560000,2025-09-08 11:09:59
2025-09-08 11:10:00,0.09195,0.0921,0.0921,0.09195,149111.5,1620000,2025-09-08 11:19:59
2025-09-08 11:20:00,0.0921,0.0919,0.0921,0.0919,31300.0,340000,2025-09-08 11:29:59
2025-09-08 11:30:00,0.0921,0.0921,0.0921,0.09185,72629.5,790000,2025-09-08 11:39:59
2025-09-08 11:40:00,0.0921,0.09235,0.09245,0.0921,350568.5,3800000,2025-09-08 11:49:59
2025-09-08 11:50:00,0.09245,0.0924,0.09245,0.0921,302895.5,3280000,2025-09-08 11:59:02
2025-09-08 12:00:00,0.0921,0.09205,0.09225,0.09205,11051.0,120000,2025-09-08 12:09:59
2025-09-08 12:10:00,0.09225,0.09225,0.09225,0.09225,922.5,10000,2025-09-08 12:19:59
2025-09-08 12:20:00,0.0922,0.09205,0.09235,0.09205,42428.0,460000,2025-09-08 12:29:59
2025-09-08 12:30:00,0.0921,0.0921,0.09235,0.0921,128151.5,1390000,2025-09-08 12:39:59
2025-09-08 12:40:00,0.09225,0.09205,0.0923,0.09205,38735.5,420000,2025-09-08 12:49:59
2025-09-08 12:50:00,0.0923,0.0921,0.0923,0.0921,47894.0,520000,2025-09-08 12:59:59
2025-09-08 13:00:00,0.0921,0.09215,0.09215,0.09185,34020.5,370000,2025-09-08 13:09:59
2025-09-08 13:10:00,0.0919,0.09215,0.09215,0.0919,9192.5,100000,2025-09-08 13:19:59
2025-09-08 13:20:00,0.0919,0.0918,0.0919,0.0918,22052.0,240000,2025-09-08 13:29:59
2025-09-08 13:30:00,0.09175,0.0918,0.0918,0.09175,11015.0,120000,2025-09-08 13:39:59
2025-09-08 13:40:00,0.09185,0.0919,0.0919,0.09185,50542.0,550000,2025-09-08 13:49:59
2025-09-08 13:50:00,0.0918,0.0918,0.0918,0.0918,918.0,10000,2025-09-08 13:59:59
2025-09-08 14:00:00,0.0918,0.0917,0.0918,0.0917,28445.5,310000,2025-09-08 14:09:59
2025-09-08 14:10:00,0.0917,0.0917,0.0917,0.0917,61439.0,670000,2025-09-08 14:19:59
2025-09-08 14:20:00,0.0917,0.0917,0.0917,0.0917,917.0,10000,2025-09-08 14:29:59
2025-09-08 14:30:00,0.0919,0.0919,0.0919,0.0919,919.0,10000,2025-09-08 14:39:59
2025-09-08 14:40:00,0.0919,0.0919,0.0919,0.0919,2757.0,30000,2025-09-08 14:49:59
2025-09-08 14:50:00,0.09195,0.09255,0.09255,0.09195,942961.0,10210000,2025-09-08 14:58:07
2025-09-08 15:00:00,0.09255,0.09235,0.09255,0.09235,27738.0,300000,2025-09-08 15:09:59
2025-09-08 15:10:00,0.09255,0.09245,0.0929,0.09245,102005.0,1100000,2025-09-08 15:19:59
2025-09-08 15:20:00,0.0925,0.0926,0.0926,0.09245,130544.5,1410000,2025-09-08 15:29:59
2025-09-08 15:30:00,0.0926,0.0929,0.09295,0.0926,208107.0,2240000,2025-09-08 15:39:59
2025-09-08 15:40:00,0.0929,0.0932,0.09345,0.0929,843992.5,9070000,2025-09-08 15:49:59
2025-09-08 15:50:00,0.09335,0.0934,0.0934,0.09335,45742.5,490000,2025-09-08 15:59:59
2025-09-08 16:00:00,0.09335,0.0931,0.0934,0.093,626405.5,6730000,2025-09-08 16:09:59
2025-09-08 16:10:00,0.093,0.093,0.0932,0.093,513438.5,5520000,2025-09-08 16:19:59
2025-09-08 16:20:00,0.09315,0.093,0.09315,0.093,705885.0,7590000,2025-09-08 16:29:59
2025-09-08 16:30:00,0.093,0.0928,0.0931,0.0928,647351.0,6960000,2025-09-08 16:39:59
2025-09-08 16:40:00,0.09285,0.0928,0.093,0.0928,374192.5,4030000,2025-09-08 16:49:59
2025-09-08 16:50:00,0.0929,0.09295,0.09295,0.0928,93730.5,1010000,2025-09-08 16:58:09
2025-09-08 17:00:00,0.0928,0.09285,0.09295,0.0928,162655.0,1750000,2025-09-08 17:09:59
2025-09-08 17:10:00,0.0928,0.09285,0.09285,0.0928,37134.0,400000,2025-09-08 17:19:59
2025-09-08 17:20:00,0.0928,0.0928,0.09285,0.0928,19488.5,210000,2025-09-08 17:29:59
2025-09-08 17:30:00,0.09285,0.0929,0.0929,0.09285,21356.0,230000,2025-09-08 17:39:59
2025-09-08 17:40:00,0.09295,0.093,0.093,0.09285,56701.5,610000,2025-09-08 17:49:59
2025-09-08 17:50:00,0.09295,0.093,0.093,0.09285,194350.0,2090000,2025-09-08 17:58:09
2025-09-08 18:00:00,0.093,0.09285,0.093,0.09285,31578.0,340000,2025-09-08 18:09:59
2025-09-08 18:10:00,0.093,0.09285,0.093,0.09285,57577.5,620000,2025-09-08 18:19:59
2025-09-08 18:20:00,0.09285,0.09295,0.09295,0.09285,7435.0,80000,2025-09-08 18:29:59
2025-09-08 18:30:00,0.093,0.0928,0.093,0.0928,450282.5,4850000,2025-09-08 18:38:09
2025-09-08 19:00:00,0.09295,0.09295,0.09295,0.09295,19519.5,210000,2025-09-08 19:09:59
2025-09-08 19:10:00,0.09285,0.09295,0.09295,0.09285,19515.5,210000,2025-09-08 19:19:59
2025-09-08 19:20:00,0.09295,0.09285,0.09295,0.09285,87372.0,940000,2025-09-08 19:29:59
2025-09-08 19:30:00,0.09295,0.09295,0.09295,0.09295,929.5,10000,2025-09-08 19:39:59
2025-09-08 19:40:00,0.0928,0.09295,0.09295,0.0928,19489.5,210000,2025-09-08 19:49:59
2025-09-08 19:50:00,0.0928,0.09295,0.09295,0.0928,5569.5,60000,2025-09-08 19:59:04
2025-09-08 20:00:00,0.09295,0.09295,0.09295,0.09295,1859.0,20000,2025-09-08 20:09:59
2025-09-08 20:10:00,0.0929,0.09295,0.09295,0.0929,11153.0,120000,2025-09-08 20:19:59
2025-09-08 20:20:00,0.09295,0.09295,0.09295,0.09295,929.5,10000,2025-09-08 20:29:59
2025-09-08 20:30:00,0.0929,0.0928,0.0929,0.0928,13924.0,150000,2025-09-08 20:39:59
2025-09-08 20:40:00,0.0928,0.0928,0.0928,0.0927,8351.0,90000,2025-09-08 20:49:59
2025-09-08 20:50:00,0.0928,0.0928,0.0928,0.0928,20416.0,220000,2025-09-08 20:59:59
2025-09-08 21:00:00,0.0928,0.0928,0.0928,0.0928,928.0,10000,2025-09-08 21:09:59
2025-09-08 21:10:00,0.0928,0.0928,0.0928,0.0928,45472.0,490000,2025-09-08 21:19:59
2025-09-08 21:30:00,0.0928,0.0928,0.0928,0.0928,928.0,10000,2025-09-08 21:39:59
2025-09-08 21:50:00,0.09275,0.09275,0.09275,0.09275,927.5,10000,2025-09-08 21:52:04
2025-09-08 22:00:00,0.09275,0.09275,0.09275,0.09275,1855.0,20000,2025-09-08 22:09:59
2025-09-08 22:10:00,0.0928,0.09295,0.09295,0.0928,32520.5,350000,2025-09-08 22:19:59
2025-09-08 22:20:00,0.09295,0.09295,0.09295,0.09295,3718.0,40000,2025-09-08 22:29:59
2025-09-08 22:40:00,0.0928,0.0928,0.0928,0.0928,14848.0,160000,2025-09-08 22:49:59
2025-09-08 22:50:00,0.0929,0.0929,0.0929,0.0929,6503.0,70000,2025-09-08 22:57:04
2025-09-08 23:00:00,0.0929,0.0929,0.0929,0.0929,1858.0,20000,2025-09-08 23:09:59
2025-09-08 23:10:00,0.0929,0.0928,0.0929,0.0928,9282.0,100000,2025-09-08 23:19:59
2025-09-08 23:20:00,0.0928,0.09295,0.09295,0.0928,7425.5,80000,2025-09-08 23:29:59
2025-09-08 23:30:00,0.09295,0.09345,0.09345,0.09295,474289.5,5090000,2025-09-08 23:39:59
2025-09-08 23:40:00,0.09345,0.0935,0.0935,0.0932,249550.5,2670000,2025-09-08 23:49:13
2025-09-09 06:50:00,0.0935,0.0935,0.0935,0.0935,1870.0,20000,2025-09-09 06:59:59
2025-09-09 07:00:00,0.0935,0.0935,0.0938,0.0935,59885.0,640000,2025-09-09 07:09:59
2025-09-09 07:10:00,0.09345,0.0933,0.09345,0.0933,37338.5,400000,2025-09-09 07:19:59
2025-09-09 07:20:00,0.09325,0.0932,0.09325,0.093,18614.5,200000,2025-09-09 07:29:59
2025-09-09 07:30:00,0.0932,0.09295,0.0932,0.09295,8375.5,90000,2025-09-09 07:39:59
2025-09-09 07:40:00,0.09315,0.09295,0.09315,0.09295,7450.0,80000,2025-09-09 07:49:59
2025-09-09 07:50:00,0.09315,0.09315,0.09315,0.09315,5589.0,60000,2025-09-09 07:54:06
2025-09-09 08:00:00,0.09315,0.09295,0.09315,0.09295,1861.0,20000,2025-09-09 08:09:59
2025-09-09 08:10:00,0.09295,0.0931,0.0932,0.09295,56792.0,610000,2025-09-09 08:19:59
2025-09-09 08:20:00,0.0931,0.0931,0.0931,0.0931,931.0,10000,2025-09-09 08:29:59
2025-09-09 08:30:00,0.09305,0.0931,0.0931,0.09295,3721.0,40000,2025-09-09 08:39:59
2025-09-09 08:50:00,0.0931,0.0931,0.0931,0.0931,27930.0,300000,2025-09-09 08:55:01
2025-09-09 09:00:00,0.0931,0.0931,0.0931,0.0931,5586.0,60000,2025-09-09 09:09:59
2025-09-09 09:10:00,0.0931,0.0931,0.0931,0.0931,2793.0,30000,2025-09-09 09:19:59
2025-09-09 09:20:00,0.093,0.093,0.093,0.093,930.0,10000,2025-09-09 09:29:59
2025-09-09 09:30:00,0.0931,0.09325,0.09325,0.0931,9323.5,100000,2025-09-09 09:39:59
2025-09-09 09:40:00,0.09295,0.09295,0.09295,0.09295,44616.0,480000,2025-09-09 09:49:59
2025-09-09 09:50:00,0.093,0.093,0.093,0.093,8370.0,90000,2025-09-09 09:58:01
2025-09-09 10:00:00,0.0932,0.09305,0.09325,0.09305,10244.5,110000,2025-09-09 10:09:59
2025-09-09 10:10:00,0.09305,0.0935,0.0937,0.09305,601402.0,6440000,2025-09-09 10:19:59
2025-09-09 10:20:00,0.09355,0.09355,0.09365,0.09345,29947.0,320000,2025-09-09 10:29:59
2025-09-09 10:30:00,0.09365,0.0935,0.0938,0.0935,103934.5,1110000,2025-09-09 10:39:59
2025-09-09 10:40:00,0.0935,0.09315,0.0937,0.09315,602100.0,6450000,2025-09-09 10:49:59
2025-09-09 10:50:00,0.0931,0.09305,0.0931,0.093,48397.0,520000,2025-09-09 10:59:59
2025-09-09 11:00:00,0.0933,0.0933,0.0933,0.0933,5598.0,60000,2025-09-09 11:09:59
2025-09-09 11:10:00,0.0933,0.09335,0.09335,0.0933,27990.5,300000,2025-09-09 11:19:59
2025-09-09 11:20:00,0.0931,0.09305,0.0931,0.09305,31647.0,340000,2025-09-09 11:29:59
2025-09-09 11:30:00,0.093,0.0929,0.09305,0.0929,66025.0,710000,2025-09-09 11:39:59
2025-09-09 11:40:00,0.09315,0.09295,0.09315,0.09295,1861.0,20000,2025-09-09 11:49:59
2025-09-09 11:50:00,0.09315,0.09315,0.09315,0.09315,931.5,10000,2025-09-09 11:59:59
2025-09-09 12:00:00,0.09295,0.0932,0.0932,0.09295,3720.5,40000,2025-09-09 12:09:59
2025-09-09 12:10:00,0.093,0.0929,0.0932,0.0929,37194.0,400000,2025-09-09 12:19:59
2025-09-09 12:30:00,0.0932,0.0932,0.0932,0.0932,932.0,10000,2025-09-09 12:39:59
2025-09-09 12:40:00,0.0932,0.0932,0.0932,0.0932,6524.0,70000,2025-09-09 12:49:59
2025-09-09 12:50:00,0.093,0.09285,0.093,0.09285,35323.0,380000,2025-09-09 12:57:03
2025-09-09 13:00:00,0.09285,0.09285,0.09285,0.09285,928.5,10000,2025-09-09 13:09:59
2025-09-09 13:10:00,0.0928,0.0928,0.0928,0.0928,2784.0,30000,2025-09-09 13:19:59
2025-09-09 13:20:00,0.0928,0.0928,0.0928,0.0928,928.0,10000,2025-09-09 13:29:59
2025-09-09 13:30:00,0.093,0.0931,0.0931,0.093,123741.0,1330000,2025-09-09 13:39:59
2025-09-09 13:40:00,0.09315,0.093,0.09315,0.093,100518.0,1080000,2025-09-09 13:49:59
2025-09-09 13:50:00,0.093,0.093,0.0932,0.093,36332.0,390000,2025-09-09 13:59:59
2025-09-09 14:00:00,0.093,0.093,0.093,0.093,5580.0,60000,2025-09-09 14:09:59
2025-09-09 14:20:00,0.09315,0.0929,0.09315,0.0929,6507.5,70000,2025-09-09 14:29:59
2025-09-09 14:30:00,0.0929,0.0929,0.0929,0.0929,1858.0,20000,2025-09-09 14:38:12
2025-09-09 15:10:00,0.0931,0.09285,0.09315,0.09285,39964.0,430000,2025-09-09 15:19:59
2025-09-09 15:20:00,0.0928,0.09265,0.0928,0.09255,276184.0,2980000,2025-09-09 15:29:59
2025-09-09 15:30:00,0.09265,0.0926,0.09265,0.0926,28712.0,310000,2025-09-09 15:39:59
2025-09-09 15:40:00,0.09275,0.0925,0.09275,0.0925,98093.0,1060000,2025-09-09 15:49:59
2025-09-09 15:50:00,0.0925,0.0923,0.0925,0.0921,956120.0,10360000,2025-09-09 15:56:08
2025-09-09 16:00:00,0.0925,0.09265,0.09265,0.09245,12953.0,140000,2025-09-09 16:09:59
2025-09-09 16:10:00,0.09245,0.09235,0.09245,0.09235,184746.0,2000000,2025-09-09 16:19:59
2025-09-09 16:20:00,0.0925,0.0925,0.0925,0.0925,925.0,10000,2025-09-09 16:29:59
2025-09-09 16:30:00,0.09235,0.09235,0.09235,0.09235,923.5,10000,2025-09-09 16:39:59
2025-09-09 16:40:00,0.0925,0.09235,0.0925,0.0923,65580.0,710000,2025-09-09 16:49:59
2025-09-09 16:50:00,0.0924,0.09235,0.0924,0.09235,92355.0,1000000,2025-09-09 16:59:04
2025-09-09 17:00:00,0.0923,0.0923,0.0923,0.0923,923.0,10000,2025-09-09 17:09:59
2025-09-09 17:10:00,0.0925,0.0923,0.0925,0.0923,48921.5,530000,2025-09-09 17:19:59
2025-09-09 17:20:00,0.0923,0.0923,0.0923,0.0923,923.0,10000,2025-09-09 17:29:59
2025-09-09 17:30:00,0.0923,0.0923,0.0923,0.0923,44304.0,480000,2025-09-09 17:39:59
2025-09-09 17:40:00,0.0923,0.0926,0.0926,0.0923,100858.0,1090000,2025-09-09 17:49:59
2025-09-09 17:50:00,0.09255,0.09255,0.09255,0.09255,4627.5,50000,2025-09-09 17:57:13
2025-09-09 18:10:00,0.0926,0.09265,0.09265,0.0925,46298.5,500000,2025-09-09 18:19:59
2025-09-09 18:20:00,0.0927,0.09275,0.09275,0.0927,59339.5,640000,2025-09-09 18:29:59
2025-09-09 18:30:00,0.09265,0.092,0.09265,0.092,256858.5,2780000,2025-09-09 18:37:04
2025-09-09 19:00:00,0.0922,0.0927,0.0927,0.0921,144874.0,1570000,2025-09-09 19:09:59
2025-09-09 19:20:00,0.0927,0.0927,0.0927,0.0927,8343.0,90000,2025-09-09 19:29:59
2025-09-09 19:30:00,0.0925,0.0922,0.0925,0.0922,134643.5,1460000,2025-09-09 19:39:59
2025-09-09 19:40:00,0.09255,0.0925,0.09255,0.0925,4625.5,50000,2025-09-09 19:49:59
2025-09-09 19:50:00,0.0926,0.0925,0.0926,0.0925,8332.0,90000,2025-09-09 19:59:59
2025-09-09 20:00:00,0.0925,0.0921,0.09265,0.0921,209700.5,2270000,2025-09-09 20:09:59
2025-09-09 20:10:00,0.0924,0.0922,0.0924,0.0922,5542.0,60000,2025-09-09 20:19:59
2025-09-09 20:40:00,0.0924,0.0924,0.0924,0.0924,1848.0,20000,2025-09-09 20:49:59
2025-09-09 20:50:00,0.0924,0.0924,0.0924,0.0924,1848.0,20000,2025-09-09 20:55:08
2025-09-09 21:20:00,0.0924,0.0924,0.0924,0.0924,924.0,10000,2025-09-09 21:29:59
2025-09-09 21:30:00,0.0924,0.09245,0.09245,0.0924,13865.5,150000,2025-09-09 21:39:59
2025-09-09 21:40:00,0.09245,0.09245,0.09245,0.09245,4622.5,50000,2025-09-09 21:49:59
2025-09-09 22:00:00,0.0925,0.0925,0.0925,0.0925,925.0,10000,2025-09-09 22:09:59
2025-09-09 22:10:00,0.0925,0.0925,0.0925,0.0925,1850.0,20000,2025-09-09 22:19:59
2025-09-09 22:20:00,0.0923,0.09225,0.0923,0.09225,9226.0,100000,2025-09-09 22:29:59
2025-09-09 22:40:00,0.09225,0.09225,0.09225,0.09225,1845.0,20000,2025-09-09 22:49:59
2025-09-09 22:50:00,0.09225,0.09225,0.09225,0.09225,922.5,10000,2025-09-09 22:58:09
2025-09-09 23:00:00,0.09245,0.0924,0.09255,0.0924,2774.0,30000,2025-09-09 23:09:59
2025-09-09 23:10:00,0.0925,0.0925,0.0925,0.0925,4625.0,50000,2025-09-09 23:19:59
2025-09-09 23:20:00,0.0925,0.0925,0.0925,0.0925,4625.0,50000,2025-09-09 23:29:59
2025-09-09 23:30:00,0.0925,0.0924,0.0925,0.0924,6470.5,70000,2025-09-09 23:39:59
2025-09-09 23:40:00,0.0924,0.0922,0.09245,0.092,507321.5,5510000,2025-09-09 23:49:09
2025-09-10 07:00:00,0.09275,0.09245,0.09315,0.09245,95733.0,1030000,2025-09-10 07:09:59
2025-09-10 07:10:00,0.0925,0.0925,0.0925,0.0925,12025.0,130000,2025-09-10 07:19:59
2025-09-10 07:30:00,0.0929,0.09275,0.0929,0.09275,68654.5,740000,2025-09-10 07:39:59
2025-09-10 07:40:00,0.09255,0.0925,0.09275,0.0925,28679.5,310000,2025-09-10 07:49:59
2025-09-10 07:50:00,0.0925,0.0925,0.0925,0.0925,12025.0,130000,2025-09-10 07:58:01
2025-09-10 08:00:00,0.0925,0.09275,0.09275,0.0924,34246.0,370000,2025-09-10 08:09:59
2025-09-10 08:20:00,0.09235,0.092,0.09235,0.092,649935.0,7060000,2025-09-10 08:29:59
2025-09-10 08:30:00,0.09195,0.09195,0.09195,0.09195,919.5,10000,2025-09-10 08:39:59
2025-09-10 08:50:00,0.09195,0.09185,0.09195,0.09185,95534.0,1040000,2025-09-10 08:54:06
2025-09-10 09:00:00,0.09185,0.092,0.092,0.09185,75420.5,820000,2025-09-10 09:09:59
2025-09-10 09:10:00,0.092,0.09195,0.092,0.09195,18391.5,200000,2025-09-10 09:19:59
2025-09-10 09:20:00,0.09185,0.09185,0.09195,0.09185,120366.0,1310000,2025-09-10 09:29:59
2025-09-10 09:30:00,0.09185,0.09195,0.09195,0.09185,142369.5,1550000,2025-09-10 09:39:59
2025-09-10 09:40:00,0.09185,0.0919,0.0919,0.0916,57809.5,630000,2025-09-10 09:47:06
2025-09-10 10:00:00,0.0917,0.09145,0.0917,0.09145,59526.5,650000,2025-09-10 10:09:59
2025-09-10 10:10:00,0.0915,0.09145,0.0916,0.09145,100617.0,1100000,2025-09-10 10:19:59
2025-09-10 10:20:00,0.09155,0.09155,0.09155,0.09155,3662.0,40000,2025-09-10 10:29:59
2025-09-10 10:30:00,0.09145,0.0914,0.09145,0.0914,42978.5,470000,2025-09-10 10:39:59
2025-09-10 10:40:00,0.09145,0.09155,0.09155,0.0914,27454.0,300000,2025-09-10 10:49:59
2025-09-10 10:50:00,0.09155,0.0914,0.09155,0.0914,26520.5,290000,2025-09-10 10:59:12
2025-09-10 11:00:00,0.0916,0.09165,0.09165,0.0916,45806.5,500000,2025-09-10 11:09:59
2025-09-10 11:10:00,0.0917,0.09145,0.0917,0.09145,87897.0,960000,2025-09-10 11:19:59
2025-09-10 11:20:00,0.09155,0.0916,0.0916,0.09155,11904.0,130000,2025-09-10 11:29:59
2025-09-10 11:30:00,0.09155,0.09145,0.09155,0.09145,12815.0,140000,2025-09-10 11:39:59
2025-09-10 11:40:00,0.09155,0.09135,0.09155,0.09105,595488.0,6530000,2025-09-10 11:49:59
2025-09-10 11:50:00,0.09135,0.0914,0.09145,0.09115,191858.0,2100000,2025-09-10 11:59:59
2025-09-10 12:00:00,0.09115,0.09135,0.09135,0.091,156652.0,1720000,2025-09-10 12:09:59
2025-09-10 12:10:00,0.0912,0.0911,0.09125,0.0909,334963.0,3680000,2025-09-10 12:19:59
2025-09-10 12:20:00,0.0911,0.0911,0.0911,0.0911,911.0,10000,2025-09-10 12:29:59
2025-09-10 12:30:00,0.0911,0.0911,0.0911,0.0909,10930.0,120000,2025-09-10 12:39:59
2025-09-10 12:40:00,0.09115,0.09115,0.09125,0.0909,80107.5,880000,2025-09-10 12:49:59
2025-09-10 12:50:00,0.0911,0.0912,0.0912,0.0911,33719.0,370000,2025-09-10 12:59:03
2025-09-10 13:00:00,0.0912,0.09125,0.09125,0.09105,71131.0,780000,2025-09-10 13:09:59
2025-09-10 13:10:00,0.09125,0.09105,0.09125,0.09105,121118.5,1330000,2025-09-10 13:19:59
2025-09-10 13:20:00,0.09125,0.0913,0.0913,0.09125,30115.0,330000,2025-09-10 13:29:59
2025-09-10 13:30:00,0.0913,0.0913,0.0913,0.0913,9130.0,100000,2025-09-10 13:39:59
2025-09-10 13:40:00,0.09125,0.09125,0.09125,0.09125,1825.0,20000,2025-09-10 13:49:59
2025-09-10 13:50:00,0.0912,0.09105,0.09125,0.09105,21866.0,240000,2025-09-10 13:59:59
2025-09-10 14:00:00,0.0911,0.09105,0.0911,0.09105,80128.0,880000,2025-09-10 14:09:59
2025-09-10 14:10:00,0.09105,0.09125,0.09125,0.09105,17325.5,190000,2025-09-10 14:19:59
2025-09-10 14:20:00,0.09105,0.09125,0.09125,0.09105,70174.5,770000,2025-09-10 14:29:59
2025-09-10 14:30:00,0.0911,0.0911,0.0911,0.0911,13665.0,150000,2025-09-10 14:39:59
2025-09-10 14:40:00,0.0911,0.0911,0.0911,0.0911,1822.0,20000,2025-09-10 14:49:59
2025-09-10 14:50:00,0.0911,0.09105,0.0911,0.09105,46442.0,510000,2025-09-10 14:59:59
2025-09-10 15:00:00,0.09105,0.09105,0.09105,0.09105,29136.0,320000,2025-09-10 15:09:59
2025-09-10 15:10:00,0.09115,0.09115,0.09115,0.09115,6380.5,70000,2025-09-10 15:19:59
2025-09-10 15:20:00,0.09115,0.09125,0.09125,0.0911,15495.5,170000,2025-09-10 15:29:59
2025-09-10 15:30:00,0.09125,0.09105,0.09125,0.09105,8210.5,90000,2025-09-10 15:39:59
2025-09-10 15:40:00,0.09105,0.09105,0.09105,0.09105,910.5,10000,2025-09-10 15:49:59
2025-09-10 15:50:00,0.09105,0.09055,0.09105,0.0904,1964826.0,21680000,2025-09-10 15:58:08
2025-09-10 16:00:00,0.09055,0.09075,0.09075,0.09055,49823.5,550000,2025-09-10 16:09:59
2025-09-10 16:10:00,0.0907,0.0907,0.0907,0.0907,7256.0,80000,2025-09-10 16:19:59
2025-09-10 16:20:00,0.09075,0.09075,0.09075,0.09075,45375.0,500000,2025-09-10 16:29:59
2025-09-10 16:30:00,0.09075,0.0908,0.0908,0.09075,3631.5,40000,2025-09-10 16:39:59
2025-09-10 16:50:00,0.09085,0.09085,0.09085,0.09085,908.5,10000,2025-09-10 16:52:08
2025-09-10 17:00:00,0.09085,0.0911,0.0911,0.09085,161928.0,1780000,2025-09-10 17:09:59
2025-09-10 17:10:00,0.0911,0.0911,0.0911,0.0911,2733.0,30000,2025-09-10 17:19:59
2025-09-10 17:20:00,0.09095,0.0909,0.09095,0.0909,10913.5,120000,2025-09-10 17:29:59
2025-09-10 17:30:00,0.0911,0.09085,0.0911,0.09085,120914.5,1330000,2025-09-10 17:39:59
2025-09-10 17:40:00,0.09085,0.0911,0.0911,0.09085,3641.5,40000,2025-09-10 17:48:09
2025-09-10 18:00:00,0.0911,0.091,0.0911,0.091,19118.5,210000,2025-09-10 18:09:59
2025-09-10 18:10:00,0.091,0.0911,0.0911,0.091,14567.0,160000,2025-09-10 18:19:59
2025-09-10 18:20:00,0.0911,0.09085,0.0911,0.09085,156472.0,1720000,2025-09-10 18:29:59
2025-09-10 18:30:00,0.09085,0.0907,0.09085,0.0907,69028.0,760000,2025-09-10 18:39:59
2025-09-10 18:40:00,0.09145,0.09145,0.09145,0.09145,84134.0,920000,2025-09-10 18:49:08
2025-09-10 19:00:00,0.09145,0.0909,0.09145,0.0909,46433.5,510000,2025-09-10 19:09:59
2025-09-10 19:20:00,0.0908,0.0908,0.0908,0.0908,1816.0,20000,2025-09-10 19:29:59
2025-09-10 19:30:00,0.0908,0.0908,0.0908,0.0907,111610.5,1230000,2025-09-10 19:39:59
2025-09-10 19:40:00,0.091,0.0908,0.091,0.0908,15439.5,170000,2025-09-10 19:49:59
2025-09-10 19:50:00,0.09095,0.09095,0.09095,0.09095,909.5,10000,2025-09-10 19:57:05
2025-09-10 20:00:00,0.09105,0.09105,0.09105,0.09105,2731.5,30000,2025-09-10 20:09:59
2025-09-10 20:30:00,0.09095,0.09095,0.09095,0.09095,2728.5,30000,2025-09-10 20:36:09
2025-09-10 21:00:00,0.091,0.0911,0.0911,0.09095,193092.5,2120000,2025-09-10 21:09:59
2025-09-10 21:20:00,0.091,0.091,0.091,0.091,9100.0,100000,2025-09-10 21:29:59
2025-09-10 21:30:00,0.091,0.09095,0.091,0.0907,306110.5,3370000,2025-09-10 21:39:59
2025-09-10 21:40:00,0.09095,0.0909,0.09095,0.0909,1818.5,20000,2025-09-10 21:49:59
2025-09-10 21:50:00,0.091,0.0918,0.09195,0.091,2005807.5,21890000,2025-09-10 21:59:59
2025-09-10 22:00:00,0.09185,0.092,0.092,0.09185,390858.0,4250000,2025-09-10 22:09:59
2025-09-10 22:10:00,0.092,0.09175,0.092,0.09175,9197.5,100000,2025-09-10 22:19:59
2025-09-10 22:20:00,0.09195,0.09175,0.092,0.09175,234592.0,2550000,2025-09-10 22:29:59
2025-09-10 22:30:00,0.0917,0.0917,0.0917,0.0917,917.0,10000,2025-09-10 22:36:09
2025-09-10 23:00:00,0.0917,0.09155,0.0917,0.09155,13735.5,150000,2025-09-10 23:09:59
2025-09-10 23:10:00,0.09165,0.0916,0.09195,0.0916,3671.0,40000,2025-09-10 23:19:59
2025-09-10 23:20:00,0.092,0.0917,0.092,0.0917,2755.0,30000,2025-09-10 23:29:59
2025-09-10 23:30:00,0.0918,0.0918,0.0918,0.0918,918.0,10000,2025-09-10 23:39:59
2025-09-10 23:40:00,0.09195,0.09235,0.09245,0.09195,282505.0,3070000,2025-09-10 23:43:09
2025-09-11 07:00:00,0.0923,0.0917,0.0923,0.0917,24766.0,270000,2025-09-11 07:09:59
2025-09-11 07:10:00,0.09175,0.09225,0.09225,0.09175,84494.0,920000,2025-09-11 07:19:59
2025-09-11 07:30:00,0.09225,0.09225,0.09225,0.09225,49815.0,540000,2025-09-11 07:39:59
2025-09-11 07:40:00,0.09205,0.092,0.09205,0.092,9200.5,100000,2025-09-11 07:49:59
2025-09-11 07:50:00,0.0919,0.09225,0.09225,0.0919,25749.5,280000,2025-09-11 07:57:05
2025-09-11 08:00:00,0.09235,0.0924,0.0924,0.09235,70195.5,760000,2025-09-11 08:09:59
2025-09-11 08:40:00,0.0924,0.0926,0.0926,0.0924,30552.0,330000,2025-09-11 08:49:59
2025-09-11 08:50:00,0.0925,0.0927,0.0927,0.0925,61144.5,660000,2025-09-11 08:54:01
2025-09-11 09:00:00,0.0922,0.0924,0.0924,0.09215,23993.0,260000,2025-09-11 09:09:59
2025-09-11 09:20:00,0.0924,0.09225,0.0924,0.09225,23998.5,260000,2025-09-11 09:29:59
2025-09-11 09:30:00,0.0923,0.0923,0.0923,0.0923,1846.0,20000,2025-09-11 09:39:59
2025-09-11 09:40:00,0.0923,0.0923,0.0923,0.0923,62764.0,680000,2025-09-11 09:49:59
2025-09-11 09:50:00,0.09245,0.09245,0.09245,0.09245,2773.5,30000,2025-09-11 09:54:01
2025-09-11 10:00:00,0.0923,0.0923,0.0923,0.0923,923.0,10000,2025-09-11 10:09:59
2025-09-11 10:10:00,0.0924,0.0923,0.0924,0.0923,31407.5,340000,2025-09-11 10:19:59
2025-09-11 10:20:00,0.0923,0.0923,0.0923,0.0923,47073.0,510000,2025-09-11 10:29:59
2025-09-11 10:30:00,0.0924,0.09225,0.0924,0.09225,248200.5,2690000,2025-09-11 10:39:59
2025-09-11 10:40:00,0.09245,0.09225,0.09245,0.09225,374547.0,4060000,2025-09-11 10:49:59
2025-09-11 10:50:00,0.09225,0.09245,0.09245,0.09225,56292.0,610000,2025-09-11 10:59:02
2025-09-11 11:00:00,0.09225,0.09225,0.09225,0.09225,50737.5,550000,2025-09-11 11:09:59
2025-09-11 11:10:00,0.0923,0.0921,0.0923,0.0921,300736.0,3260000,2025-09-11 11:19:59
2025-09-11 11:20:00,0.09215,0.09225,0.09225,0.09215,33184.0,360000,2025-09-11 11:29:59
2025-09-11 11:30:00,0.0921,0.0921,0.0921,0.0921,921.0,10000,2025-09-11 11:39:59
2025-09-11 11:40:00,0.09225,0.09225,0.09225,0.09225,2767.5,30000,2025-09-11 11:49:59
2025-09-11 11:50:00,0.09215,0.092,0.09215,0.092,92061.0,1000000,2025-09-11 11:53:02
2025-09-11 12:00:00,0.09205,0.092,0.09205,0.092,64404.5,700000,2025-09-11 12:09:59
2025-09-11 12:10:00,0.0922,0.0922,0.0922,0.0922,1844.0,20000,2025-09-11 12:19:59
2025-09-11 12:20:00,0.0922,0.0922,0.0922,0.0922,3688.0,40000,2025-09-11 12:29:59
2025-09-11 12:40:00,0.09205,0.0922,0.0922,0.092,116867.0,1270000,2025-09-11 12:49:59
2025-09-11 12:50:00,0.09205,0.09215,0.09215,0.09205,2762.5,30000,2025-09-11 12:59:59
2025-09-11 13:00:00,0.09215,0.09215,0.09215,0.09215,921.5,10000,2025-09-11 13:09:59
2025-09-11 13:10:00,0.09205,0.09185,0.09205,0.09185,126039.5,1370000,2025-09-11 13:19:59
2025-09-11 13:20:00,0.09185,0.0918,0.09185,0.0917,68810.5,750000,2025-09-11 13:29:59
2025-09-11 13:40:00,0.0919,0.0919,0.0919,0.0919,4595.0,50000,2025-09-11 13:44:08
2025-09-11 14:00:00,0.0917,0.0917,0.0917,0.0917,917.0,10000,2025-09-11 14:09:59
2025-09-11 14:10:00,0.0919,0.092,0.092,0.0919,27599.0,300000,2025-09-11 14:19:59
2025-09-11 14:40:00,0.09205,0.09205,0.09205,0.09205,9205.0,100000,2025-09-11 14:49:59
2025-09-11 14:50:00,0.092,0.092,0.092,0.092,920.0,10000,2025-09-11 14:56:08
2025-09-11 15:00:00,0.092,0.092,0.092,0.0918,8276.0,90000,2025-09-11 15:09:59
2025-09-11 15:10:00,0.0918,0.0918,0.0918,0.0918,36720.0,400000,2025-09-11 15:19:59
2025-09-11 15:20:00,0.0918,0.0918,0.0918,0.0918,8262.0,90000,2025-09-11 15:29:59
2025-09-11 15:30:00,0.09175,0.09175,0.09175,0.09175,917.5,10000,2025-09-11 15:39:59
2025-09-11 15:40:00,0.09175,0.09175,0.09175,0.09175,1835.0,20000,2025-09-11 15:49:59
2025-09-11 15:50:00,0.09175,0.09175,0.09175,0.09175,3670.0,40000,2025-09-11 15:57:08
2025-09-11 16:00:00,0.09165,0.09165,0.09165,0.09165,916.5,10000,2025-09-11 16:09:59
2025-09-11 16:10:00,0.09175,0.09175,0.09175,0.09175,4587.5,50000,2025-09-11 16:19:59
2025-09-11 16:20:00,0.09175,0.09175,0.09175,0.09175,77070.0,840000,2025-09-11 16:29:59
2025-09-11 16:30:00,0.09175,0.09175,0.09175,0.09175,42205.0,460000,2025-09-11 16:39:59
2025-09-11 16:40:00,0.09195,0.0921,0.0922,0.09195,169401.5,1840000,2025-09-11 16:48:08
2025-09-11 17:00:00,0.09185,0.09195,0.09195,0.09185,6432.5,70000,2025-09-11 17:09:59
2025-09-11 17:30:00,0.0919,0.0919,0.0919,0.0919,1838.0,20000,2025-09-11 17:39:59
2025-09-11 17:50:00,0.09215,0.0924,0.0924,0.0921,198482.0,2150000,2025-09-11 17:56:09
2025-09-11 18:00:00,0.09225,0.09225,0.09225,0.0921,10134.0,110000,2025-09-11 18:09:59
2025-09-11 18:10:00,0.09225,0.0921,0.09225,0.0921,2764.5,30000,2025-09-11 18:19:59
2025-09-11 18:20:00,0.09215,0.09215,0.09215,0.09215,921.5,10000,2025-09-11 18:29:59
2025-09-11 18:30:00,0.09225,0.09225,0.09225,0.09225,4612.5,50000,2025-09-11 18:39:59
2025-09-11 19:00:00,0.09215,0.09215,0.09215,0.09215,921.5,10000,2025-09-11 19:09:59
2025-09-11 19:10:00,0.09225,0.09215,0.09225,0.09215,1844.0,20000,2025-09-11 19:19:59
2025-09-11 19:20:00,0.09225,0.09225,0.09225,0.09225,922.5,10000,2025-09-11 19:29:59
2025-09-11 19:30:00,0.09225,0.0922,0.09225,0.0922,17527.0,190000,2025-09-11 19:39:59
2025-09-11 19:40:00,0.0922,0.09225,0.09225,0.09215,49772.5,540000,2025-09-11 19:49:59
2025-09-11 20:20:00,0.09225,0.09225,0.09225,0.09225,9225.0,100000,2025-09-11 20:29:59
2025-09-11 20:40:00,0.0921,0.0921,0.0921,0.0921,14736.0,160000,2025-09-11 20:49:59
2025-09-11 20:50:00,0.0922,0.0921,0.0922,0.0921,1843.0,20000,2025-09-11 20:58:09
2025-09-11 21:00:00,0.09205,0.09205,0.09205,0.09205,141757.0,1540000,2025-09-11 21:09:59
2025-09-11 21:10:00,0.09205,0.09205,0.09205,0.092,204242.5,2220000,2025-09-11 21:19:59
2025-09-11 21:20:00,0.092,0.0919,0.092,0.0919,50554.0,550000,2025-09-11 21:29:59
2025-09-11 21:30:00,0.0919,0.0919,0.0919,0.0919,919.0,10000,2025-09-11 21:39:59
2025-09-11 21:40:00,0.09205,0.09205,0.09205,0.09205,920.5,10000,2025-09-11 21:49:59
2025-09-11 21:50:00,0.09205,0.09205,0.09205,0.09205,6443.5,70000,2025-09-11 21:59:09
2025-09-11 22:00:00,0.09195,0.09205,0.09205,0.09185,122201.0,1330000,2025-09-11 22:09:59
2025-09-11 22:30:00,0.09205,0.09205,0.09205,0.09205,1841.0,20000,2025-09-11 22:39:59
2025-09-11 22:40:00,0.0919,0.0919,0.0919,0.0919,919.0,10000,2025-09-11 22:49:59
2025-09-11 22:50:00,0.092,0.092,0.092,0.092,11960.0,130000,2025-09-11 22:55:09
2025-09-11 23:00:00,0.0919,0.0919,0.092,0.0919,11957.0,130000,2025-09-11 23:09:59
2025-09-11 23:10:00,0.092,0.092,0.092,0.092,9200.0,100000,2025-09-11 23:19:59
2025-09-11 23:20:00,0.092,0.0922,0.0922,0.092,75446.5,820000,2025-09-11 23:29:59
2025-09-11 23:30:00,0.0919,0.0919,0.0919,0.0919,31246.0,340000,2025-09-11 23:39:59
2025-09-11 23:40:00,0.0921,0.0921,0.0921,0.0921,20262.0,220000,2025-09-11 23:46:09
2025-09-12 07:00:00,0.09175,0.09205,0.09205,0.09175,1838.0,20000,2025-09-12 07:09:59
2025-09-12 07:20:00,0.0921,0.0921,0.0921,0.0921,921.0,10000,2025-09-12 07:29:59
2025-09-12 07:30:00,0.09195,0.09195,0.09195,0.09195,4597.5,50000,2025-09-12 07:39:59
2025-09-12 07:40:00,0.0921,0.0921,0.09245,0.09175,192271.5,2090000,2025-09-12 07:49:59
2025-09-12 07:50:00,0.09205,0.09205,0.09205,0.09205,920.5,10000,2025-09-12 07:58:06
2025-09-12 08:10:00,0.09205,0.09205,0.09205,0.09205,920.5,10000,2025-09-12 08:19:59
2025-09-12 09:00:00,0.092,0.09225,0.09225,0.092,23961.0,260000,2025-09-12 09:09:59
2025-09-12 09:10:00,0.092,0.092,0.092,0.092,4600.0,50000,2025-09-12 09:19:59
2025-09-12 09:20:00,0.092,0.092,0.092,0.092,920.0,10000,2025-09-12 09:29:59
2025-09-12 09:40:00,0.0919,0.0919,0.0919,0.0919,14704.0,160000,2025-09-12 09:48:01
2025-09-12 10:00:00,0.09185,0.09185,0.09185,0.09175,8263.5,90000,2025-09-12 10:09:59
2025-09-12 10:10:00,0.0919,0.09185,0.0919,0.09175,8264.0,90000,2025-09-12 10:19:59
2025-09-12 10:20:00,0.09175,0.09155,0.09175,0.09155,90723.5,990000,2025-09-12 10:29:59
2025-09-12 10:30:00,0.09155,0.09155,0.09155,0.09155,15563.5,170000,2025-09-12 10:39:59
2025-09-12 10:40:00,0.0914,0.0918,0.09185,0.0914,370831.0,4050000,2025-09-12 10:49:59
2025-09-12 10:50:00,0.09195,0.092,0.092,0.09195,1839.5,20000,2025-09-12 10:52:07
2025-09-12 11:10:00,0.0918,0.0918,0.0918,0.0918,918.0,10000,2025-09-12 11:19:59
2025-09-12 11:20:00,0.092,0.092,0.092,0.092,5520.0,60000,2025-09-12 11:29:59
2025-09-12 11:30:00,0.0918,0.09175,0.0918,0.09175,1835.5,20000,2025-09-12 11:39:59
2025-09-12 11:40:00,0.09175,0.09175,0.09175,0.09175,917.5,10000,2025-09-12 11:49:59
2025-09-12 11:50:00,0.0919,0.0919,0.0919,0.0919,1838.0,20000,2025-09-12 11:59:07
2025-09-12 12:00:00,0.0918,0.09195,0.09195,0.09175,18379.5,200000,2025-09-12 12:09:59
2025-09-12 12:30:00,0.09185,0.09185,0.09185,0.09185,2755.5,30000,2025-09-12 12:39:59
2025-09-12 12:40:00,0.09185,0.09175,0.09195,0.09175,21133.0,230000,2025-09-12 12:49:59
2025-09-12 12:50:00,0.0918,0.09175,0.0918,0.09175,28457.0,310000,2025-09-12 12:59:06
2025-09-12 13:00:00,0.0918,0.09175,0.0918,0.09175,22021.5,240000,2025-09-12 13:09:59
2025-09-12 13:10:00,0.0917,0.0917,0.0917,0.0917,1834.0,20000,2025-09-12 13:19:59
2025-09-12 13:20:00,0.0917,0.09175,0.09175,0.0917,1834.5,20000,2025-09-12 13:29:59
2025-09-12 13:30:00,0.09165,0.0913,0.0917,0.0913,377882.5,4130000,2025-09-12 13:39:59
2025-09-12 13:40:00,0.0915,0.0916,0.0916,0.0915,43050.0,470000,2025-09-12 13:49:59
2025-09-12 13:50:00,0.09155,0.0913,0.09155,0.0912,398721.0,4370000,2025-09-12 13:59:59
2025-09-12 14:00:00,0.0914,0.09135,0.0914,0.0913,87665.0,960000,2025-09-12 14:09:59
2025-09-12 14:10:00,0.09135,0.09155,0.09155,0.0913,20098.5,220000,2025-09-12 14:19:59
2025-09-12 14:20:00,0.09145,0.09145,0.09145,0.09145,1829.0,20000,2025-09-12 14:29:59
2025-09-12 14:30:00,0.0914,0.0913,0.0914,0.0913,20087.0,220000,2025-09-12 14:39:59
2025-09-12 15:00:00,0.0914,0.0913,0.09145,0.0913,36549.0,400000,2025-09-12 15:09:59
2025-09-12 15:10:00,0.09135,0.09135,0.09135,0.09135,7308.0,80000,2025-09-12 15:19:59
2025-09-12 15:20:00,0.09135,0.0913,0.0915,0.0913,68536.0,750000,2025-09-12 15:29:59
2025-09-12 15:30:00,0.0913,0.0913,0.0913,0.0913,13695.0,150000,2025-09-12 15:39:59
2025-09-12 15:40:00,0.0913,0.09075,0.0913,0.0905,1811776.5,19880000,2025-09-12 15:49:59
2025-09-12 15:50:00,0.0909,0.09075,0.0909,0.09075,72607.0,800000,2025-09-12 15:59:59
2025-09-12 16:00:00,0.0909,0.09115,0.0912,0.09075,392880.5,4320000,2025-09-12 16:09:59
2025-09-12 16:10:00,0.09115,0.09085,0.0912,0.09085,234298.0,2570000,2025-09-12 16:19:59
2025-09-12 16:20:00,0.09105,0.09095,0.09105,0.09065,11797.5,130000,2025-09-12 16:29:59
2025-09-12 16:30:00,0.0909,0.0909,0.0909,0.0909,6363.0,70000,2025-09-12 16:39:59
2025-09-12 16:40:00,0.0906,0.09055,0.0906,0.09055,4529.5,50000,2025-09-12 16:49:59
2025-09-12 16:50:00,0.09055,0.0905,0.09055,0.0905,45259.0,500000,2025-09-12 16:51:09
2025-09-12 17:00:00,0.0907,0.0907,0.0907,0.0905,27186.0,300000,2025-09-12 17:09:59
2025-09-12 17:10:00,0.0905,0.09045,0.0905,0.09035,58788.0,650000,2025-09-12 17:19:59
2025-09-12 17:20:00,0.09045,0.0903,0.09045,0.09025,162628.5,1800000,2025-09-12 17:29:59
2025-09-12 17:30:00,0.09045,0.09045,0.09045,0.09045,904.5,10000,2025-09-12 17:39:59
2025-09-12 17:40:00,0.0904,0.09045,0.09045,0.0903,205990.5,2280000,2025-09-12 17:49:59
2025-09-12 17:50:00,0.0903,0.0903,0.09045,0.0903,198679.5,2200000,2025-09-12 17:59:09
2025-09-12 18:00:00,0.0903,0.0905,0.0905,0.0903,66942.0,740000,2025-09-12 18:09:59
2025-09-12 18:10:00,0.0905,0.0905,0.0905,0.0905,905.0,10000,2025-09-12 18:19:59
2025-09-12 18:20:00,0.0905,0.09055,0.09055,0.09025,46112.0,510000,2025-09-12 18:29:59
2025-09-12 18:30:00,0.09025,0.09045,0.09045,0.0902,88405.0,980000,2025-09-12 18:38:09
2025-09-12 19:10:00,0.09025,0.09015,0.09025,0.09015,13530.0,150000,2025-09-12 19:19:59
2025-09-12 19:20:00,0.09025,0.09015,0.09035,0.09015,25249.5,280000,2025-09-12 19:29:59
2025-09-12 19:30:00,0.09015,0.09015,0.09015,0.09015,270450.0,3000000,2025-09-12 19:39:59
2025-09-12 19:40:00,0.0902,0.0902,0.0902,0.0902,902.0,10000,2025-09-12 19:49:59
2025-09-12 19:50:00,0.0902,0.0902,0.0902,0.0902,902.0,10000,2025-09-12 19:59:09
2025-09-12 20:00:00,0.09035,0.09025,0.0905,0.09025,12640.0,140000,2025-09-12 20:09:59
2025-09-12 20:20:00,0.0904,0.0906,0.0906,0.0904,50734.0,560000,2025-09-12 20:29:59
2025-09-12 20:30:00,0.0906,0.0906,0.0906,0.0906,67950.0,750000,2025-09-12 20:39:59
2025-09-12 20:40:00,0.09065,0.09065,0.09065,0.09065,4532.5,50000,2025-09-12 20:49:09
2025-09-12 21:00:00,0.09065,0.09095,0.09095,0.09065,65345.0,720000,2025-09-12 21:09:59
2025-09-12 21:10:00,0.09085,0.09085,0.09085,0.09085,4542.5,50000,2025-09-12 21:19:59
2025-09-12 21:40:00,0.09085,0.09085,0.09085,0.09085,908.5,10000,2025-09-12 21:49:59
2025-09-12 21:50:00,0.0905,0.0905,0.0905,0.0905,905.0,10000,2025-09-12 21:55:10
2025-09-12 22:00:00,0.0908,0.09095,0.09095,0.0908,100021.5,1100000,2025-09-12 22:09:59
2025-09-12 22:10:00,0.09045,0.09035,0.09045,0.09035,54213.5,600000,2025-09-12 22:19:59
2025-09-12 22:20:00,0.09035,0.09015,0.09065,0.09015,212935.0,2360000,2025-09-12 22:29:59
2025-09-12 22:40:00,0.09025,0.0903,0.0903,0.09025,93907.0,1040000,2025-09-12 22:49:59
2025-09-12 22:50:00,0.09025,0.09025,0.09025,0.09025,902.5,10000,2025-09-12 22:56:09
2025-09-12 23:40:00,0.0903,0.09015,0.0903,0.09015,69448.0,770000,2025-09-12 23:41:09
2025-09-13 11:40:00,0.0908,0.0908,0.0908,0.0908,908.0,10000,2025-09-13 11:49:59
2025-09-13 11:50:00,0.09055,0.09035,0.09055,0.09035,4519.5,50000,2025-09-13 11:58:01
2025-09-13 12:20:00,0.09025,0.09005,0.09025,0.09005,20722.5,230000,2025-09-13 12:29:59
2025-09-13 12:30:00,0.09,0.09,0.09005,0.09,114300.5,1270000,2025-09-13 12:39:59
2025-09-13 12:50:00,0.0903,0.0903,0.0903,0.0903,14448.0,160000,2025-09-13 12:52:01
2025-09-13 13:00:00,0.0903,0.09015,0.09035,0.09015,50592.5,560000,2025-09-13 13:09:59
2025-09-13 13:10:00,0.0904,0.0904,0.0904,0.0904,9040.0,100000,2025-09-13 13:19:59
2025-09-13 13:20:00,0.0904,0.0904,0.0904,0.0904,1808.0,20000,2025-09-13 13:29:59
2025-09-13 13:40:00,0.0902,0.0904,0.0904,0.0902,1806.0,20000,2025-09-13 13:49:59
2025-09-13 13:50:00,0.0904,0.0904,0.0904,0.0904,2712.0,30000,2025-09-13 13:52:06
2025-09-13 14:00:00,0.0904,0.09045,0.09045,0.0904,45223.0,500000,2025-09-13 14:08:01
2025-09-13 15:00:00,0.09025,0.0901,0.09025,0.0901,151514.0,1680000,2025-09-13 15:09:59
2025-09-13 15:20:00,0.09035,0.09035,0.09035,0.09035,2710.5,30000,2025-09-13 15:28:02
2025-09-13 16:00:00,0.09035,0.09035,0.09035,0.0901,45172.5,500000,2025-09-13 16:09:59
2025-09-13 16:20:00,0.0901,0.0901,0.0901,0.0901,901.0,10000,2025-09-13 16:29:59
2025-09-13 16:30:00,0.0901,0.0901,0.0901,0.0901,10812.0,120000,2025-09-13 16:39:59
2025-09-13 16:50:00,0.09035,0.09035,0.09035,0.09035,1807.0,20000,2025-09-13 16:59:59
2025-09-13 17:10:00,0.09015,0.09015,0.09015,0.09015,4507.5,50000,2025-09-13 17:19:59
2025-09-13 17:20:00,0.09015,0.09015,0.09015,0.09015,1803.0,20000,2025-09-13 17:29:59
2025-09-13 17:30:00,0.09035,0.09035,0.09035,0.09035,903.5,10000,2025-09-13 17:39:07
2025-09-13 18:10:00,0.09035,0.09015,0.09035,0.09015,1805.0,20000,2025-09-13 18:19:59
2025-09-13 18:30:00,0.09035,0.09035,0.09035,0.09035,9035.0,100000,2025-09-13 18:39:59
2025-09-13 18:40:00,0.0903,0.0903,0.0903,0.0903,903.0,10000,2025-09-13 18:49:59
2025-09-13 18:50:00,0.0903,0.0903,0.0903,0.0903,4515.0,50000,2025-09-13 18:55:06
2025-09-14 10:00:00,0.0905,0.09035,0.0905,0.09035,11748.5,130000,2025-09-14 10:09:59
2025-09-14 10:10:00,0.09035,0.09035,0.09035,0.09035,903.5,10000,2025-09-14 10:19:59
2025-09-14 10:20:00,0.0904,0.09045,0.09045,0.0904,13565.5,150000,2025-09-14 10:29:59
2025-09-14 10:30:00,0.0905,0.0905,0.0905,0.0905,8145.0,90000,2025-09-14 10:39:59
2025-09-14 10:50:00,0.09045,0.09045,0.09045,0.09045,4522.5,50000,2025-09-14 10:56:01
2025-09-14 11:00:00,0.0902,0.0902,0.0902,0.0902,11726.0,130000,2025-09-14 11:09:59
2025-09-14 11:10:00,0.09015,0.09015,0.09015,0.09015,32454.0,360000,2025-09-14 11:19:59
2025-09-14 11:40:00,0.09015,0.09015,0.09015,0.09015,1803.0,20000,2025-09-14 11:42:01
2025-09-14 12:00:00,0.09015,0.09015,0.09015,0.09015,6310.5,70000,2025-09-14 12:09:59
2025-09-14 12:10:00,0.0901,0.0901,0.0901,0.0901,15317.0,170000,2025-09-14 12:19:59
2025-09-14 12:20:00,0.0901,0.09,0.0901,0.09,8108.0,90000,2025-09-14 12:29:59
2025-09-14 12:30:00,0.09,0.09,0.09,0.09,24300.0,270000,2025-09-14 12:39:59
2025-09-14 12:50:00,0.09,0.09,0.09,0.09,26100.0,290000,2025-09-14 12:54:01
2025-09-14 13:00:00,0.09,0.08995,0.09,0.08995,3598.5,40000,2025-09-14 13:05:06
2025-09-14 14:00:00,0.09,0.09025,0.09025,0.09,39684.0,440000,2025-09-14 14:09:59
2025-09-14 14:20:00,0.0901,0.0901,0.0901,0.0901,901.0,10000,2025-09-14 14:29:59
2025-09-14 14:50:00,0.0901,0.08995,0.0901,0.08995,90005.5,1000000,2025-09-14 14:59:01
2025-09-14 15:10:00,0.0902,0.0902,0.0902,0.0902,902.0,10000,2025-09-14 15:19:59
2025-09-14 15:30:00,0.09,0.08995,0.09,0.08995,38689.5,430000,2025-09-14 15:39:59
2025-09-14 15:40:00,0.0901,0.0901,0.0901,0.0901,901.0,10000,2025-09-14 15:46:06
2025-09-14 16:10:00,0.08995,0.0901,0.0901,0.08995,28830.5,320000,2025-09-14 16:19:59
2025-09-14 16:20:00,0.0902,0.0902,0.0902,0.0902,8118.0,90000,2025-09-14 16:29:59
2025-09-14 16:30:00,0.0902,0.0903,0.0903,0.0902,24363.5,270000,2025-09-14 16:39:59
2025-09-14 16:40:00,0.0903,0.09035,0.09035,0.0903,27090.5,300000,2025-09-14 16:49:59
2025-09-14 16:50:00,0.09035,0.09035,0.09035,0.09035,903.5,10000,2025-09-14 16:57:01
2025-09-14 17:10:00,0.09035,0.09035,0.09035,0.09035,903.5,10000,2025-09-14 17:19:59
2025-09-14 17:40:00,0.09025,0.09025,0.09025,0.09025,902.5,10000,2025-09-14 17:49:59
2025-09-14 17:50:00,0.09035,0.09025,0.09035,0.09025,9027.0,100000,2025-09-14 17:57:06
2025-09-14 18:00:00,0.0904,0.09045,0.09045,0.0904,5426.5,60000,2025-09-14 18:09:59
2025-09-14 18:30:00,0.0904,0.09045,0.09045,0.0904,9044.5,100000,2025-09-14 18:39:59
2025-09-14 18:40:00,0.09035,0.09035,0.09035,0.09035,903.5,10000,2025-09-14 18:49:06
2025-09-15 07:00:00,0.08995,0.0905,0.0905,0.08995,47704.0,530000,2025-09-15 07:09:59
2025-09-15 07:10:00,0.0907,0.0907,0.0907,0.0907,2721.0,30000,2025-09-15 07:19:59
2025-09-15 07:20:00,0.0907,0.0908,0.0908,0.0907,243285.5,2680000,2025-09-15 07:29:59
2025-09-15 07:30:00,0.09115,0.0912,0.0912,0.09115,9116.5,100000,2025-09-15 07:39:59
2025-09-15 07:40:00,0.0911,0.0911,0.0911,0.0911,26419.0,290000,2025-09-15 07:49:59
2025-09-15 07:50:00,0.09115,0.09115,0.09115,0.09115,12761.0,140000,2025-09-15 07:56:01
2025-09-15 08:00:00,0.0911,0.09115,0.09115,0.0911,4556.5,50000,2025-09-15 08:09:59
2025-09-15 08:10:00,0.091,0.091,0.091,0.091,5460.0,60000,2025-09-15 08:19:59
2025-09-15 08:30:00,0.09115,0.09115,0.09115,0.09115,911.5,10000,2025-09-15 08:39:59
2025-09-15 08:40:00,0.09115,0.09115,0.09115,0.09115,5469.0,60000,2025-09-15 08:48:01
2025-09-15 09:00:00,0.091,0.09115,0.09115,0.091,1821.5,20000,2025-09-15 09:09:59
2025-09-15 09:10:00,0.09115,0.09115,0.09115,0.09115,911.5,10000,2025-09-15 09:19:59
2025-09-15 09:20:00,0.091,0.091,0.091,0.091,6370.0,70000,2025-09-15 09:29:59
2025-09-15 09:30:00,0.091,0.09065,0.091,0.09065,39065.5,430000,2025-09-15 09:39:59
2025-09-15 09:50:00,0.09065,0.09065,0.09065,0.09065,4532.5,50000,2025-09-15 09:59:59
2025-09-15 10:00:00,0.09065,0.09085,0.09085,0.0906,99879.5,1100000,2025-09-15 10:09:59
2025-09-15 10:10:00,0.09085,0.09065,0.09085,0.09065,20861.5,230000,2025-09-15 10:19:59
2025-09-15 10:20:00,0.09085,0.0907,0.09085,0.0907,53538.5,590000,2025-09-15 10:29:59
2025-09-15 10:30:00,0.09075,0.09065,0.09085,0.09065,105242.0,1160000,2025-09-15 10:39:59
2025-09-15 10:40:00,0.0908,0.09085,0.09085,0.0908,24523.5,270000,2025-09-15 10:49:59
2025-09-15 10:50:00,0.09075,0.09085,0.09085,0.09075,1816.0,20000,2025-09-15 10:59:59
2025-09-15 11:00:00,0.09075,0.09085,0.09085,0.0907,85271.5,940000,2025-09-15 11:09:59
2025-09-15 11:10:00,0.09075,0.09105,0.09105,0.09075,41814.5,460000,2025-09-15 11:19:59
2025-09-15 11:20:00,0.0911,0.0918,0.09205,0.0911,295710.0,3230000,2025-09-15 11:29:59
2025-09-15 11:30:00,0.09155,0.09165,0.0917,0.09145,54941.5,600000,2025-09-15 11:39:59
2025-09-15 11:40:00,0.09145,0.0909,0.0916,0.0909,436870.0,4790000,2025-09-15 11:49:59
2025-09-15 11:50:00,0.0909,0.09065,0.0909,0.09065,321307.5,3540000,2025-09-15 11:59:59
2025-09-15 12:00:00,0.09065,0.0905,0.09085,0.0905,412743.0,4560000,2025-09-15 12:09:59
2025-09-15 12:10:00,0.0905,0.0905,0.0905,0.0905,64255.0,710000,2025-09-15 12:19:59
2025-09-15 12:20:00,0.0905,0.0905,0.0905,0.0905,1810.0,20000,2025-09-15 12:29:59
2025-09-15 12:30:00,0.0905,0.0905,0.0905,0.0905,905.0,10000,2025-09-15 12:39:59
2025-09-15 12:40:00,0.09045,0.09035,0.09045,0.09035,518752.5,5740000,2025-09-15 12:49:59
2025-09-15 12:50:00,0.09045,0.09065,0.0908,0.09045,96916.0,1070000,2025-09-15 12:55:08
2025-09-15 13:00:00,0.0904,0.0903,0.0906,0.0903,215896.0,2390000,2025-09-15 13:09:59
2025-09-15 13:10:00,0.0905,0.09055,0.09055,0.0905,5430.5,60000,2025-09-15 13:19:59
2025-09-15 13:20:00,0.0906,0.09065,0.09065,0.0906,6345.0,70000,2025-09-15 13:29:59
2025-09-15 13:30:00,0.0906,0.0906,0.0906,0.0906,906.0,10000,2025-09-15 13:39:59
2025-09-15 13:40:00,0.0906,0.0906,0.0906,0.0906,1812.0,20000,2025-09-15 13:49:59
2025-09-15 13:50:00,0.0906,0.09035,0.0906,0.09035,8151.5,90000,2025-09-15 13:54:08
2025-09-15 14:00:00,0.09035,0.0903,0.09035,0.0902,242841.5,2690000,2025-09-15 14:09:59
2025-09-15 14:10:00,0.0903,0.09055,0.09055,0.0903,9938.0,110000,2025-09-15 14:19:59
2025-09-15 14:20:00,0.0905,0.09025,0.0905,0.0902,110093.0,1220000,2025-09-15 14:29:59
2025-09-15 14:30:00,0.0905,0.0905,0.0905,0.0905,1810.0,20000,2025-09-15 14:39:59
2025-09-15 14:40:00,0.0905,0.09055,0.09055,0.0905,6335.5,70000,2025-09-15 14:49:59
2025-09-15 14:50:00,0.0906,0.09065,0.09065,0.0906,87888.5,970000,2025-09-15 14:59:59
2025-09-15 15:00:00,0.0906,0.09075,0.09085,0.0906,91594.0,1010000,2025-09-15 15:09:59
2025-09-15 15:20:00,0.09075,0.09075,0.09075,0.09075,4537.5,50000,2025-09-15 15:29:59
2025-09-15 15:30:00,0.09075,0.0908,0.0908,0.09055,14524.5,160000,2025-09-15 15:39:59
2025-09-15 15:40:00,0.09075,0.09055,0.091,0.09055,42705.0,470000,2025-09-15 15:49:59
2025-09-15 15:50:00,0.09055,0.0906,0.0906,0.09055,1811.5,20000,2025-09-15 15:58:08
2025-09-15 16:00:00,0.09075,0.09075,0.09075,0.09075,1815.0,20000,2025-09-15 16:09:59
2025-09-15 16:20:00,0.09055,0.09055,0.09055,0.09055,5433.0,60000,2025-09-15 16:29:59
2025-09-15 16:40:00,0.0907,0.0907,0.0907,0.0907,907.0,10000,2025-09-15 16:49:59
2025-09-15 16:50:00,0.0906,0.0905,0.0906,0.0905,92345.0,1020000,2025-09-15 16:59:59
2025-09-15 17:00:00,0.09065,0.09075,0.09075,0.09065,1814.0,20000,2025-09-15 17:09:59
2025-09-15 17:20:00,0.09075,0.09075,0.09075,0.09075,1815.0,20000,2025-09-15 17:29:59
2025-09-15 17:30:00,0.0905,0.0905,0.0905,0.09045,30769.5,340000,2025-09-15 17:39:59
2025-09-15 17:40:00,0.0907,0.0907,0.0907,0.0907,1814.0,20000,2025-09-15 17:49:59
2025-09-15 17:50:00,0.0909,0.091,0.09115,0.0909,338802.5,3720000,2025-09-15 17:54:10
2025-09-15 18:00:00,0.091,0.09115,0.09115,0.091,24599.0,270000,2025-09-15 18:09:59
2025-09-15 18:10:00,0.09095,0.0908,0.0912,0.0908,96558.0,1060000,2025-09-15 18:19:59
2025-09-15 18:20:00,0.0908,0.09125,0.09125,0.09065,201350.0,2210000,2025-09-15 18:29:59
2025-09-15 18:30:00,0.0913,0.09135,0.09135,0.09075,269832.5,2960000,2025-09-15 18:39:10
2025-09-15 19:10:00,0.09075,0.09095,0.09095,0.09075,65482.0,720000,2025-09-15 19:19:59
2025-09-15 19:20:00,0.091,0.091,0.091,0.091,2730.0,30000,2025-09-15 19:29:59
2025-09-15 19:30:00,0.09095,0.091,0.091,0.09095,181978.0,2000000,2025-09-15 19:39:59
2025-09-15 19:50:00,0.09095,0.091,0.091,0.09095,33669.5,370000,2025-09-15 19:59:59
2025-09-15 20:00:00,0.091,0.091,0.091,0.091,9100.0,100000,2025-09-15 20:09:59
2025-09-15 20:10:00,0.091,0.091,0.091,0.091,4550.0,50000,2025-09-15 20:19:59
2025-09-15 20:20:00,0.09085,0.09085,0.09085,0.09085,9085.0,100000,2025-09-15 20:29:59
2025-09-15 20:30:00,0.091,0.09085,0.091,0.09085,3637.0,40000,2025-09-15 20:39:59
2025-09-15 20:40:00,0.0908,0.09095,0.09095,0.0907,92537.5,1020000,2025-09-15 20:49:59
2025-09-15 20:50:00,0.0908,0.09095,0.09095,0.0908,5455.5,60000,2025-09-15 20:59:59
2025-09-15 21:00:00,0.09095,0.0907,0.091,0.0907,209217.5,2300000,2025-09-15 21:09:59
2025-09-15 21:20:00,0.09075,0.09075,0.09075,0.09075,11797.5,130000,2025-09-15 21:29:59
2025-09-15 21:30:00,0.0909,0.091,0.091,0.0909,136472.0,1500000,2025-09-15 21:39:59
2025-09-15 21:50:00,0.09105,0.09085,0.09105,0.09085,33632.5,370000,2025-09-15 21:55:10
2025-09-15 22:00:00,0.0911,0.0912,0.0912,0.0911,91198.5,1000000,2025-09-15 22:09:59
2025-09-15 22:10:00,0.0909,0.0909,0.0909,0.0909,18180.0,200000,2025-09-15 22:19:59
2025-09-15 22:20:00,0.091,0.091,0.091,0.091,2730.0,30000,2025-09-15 22:29:59
2025-09-15 22:30:00,0.0909,0.0909,0.09095,0.0909,33641.5,370000,2025-09-15 22:39:59
2025-09-15 22:40:00,0.0909,0.0909,0.0909,0.0909,909.0,10000,2025-09-15 22:49:09
2025-09-15 23:00:00,0.0909,0.09085,0.09095,0.09085,181795.0,2000000,2025-09-15 23:09:59
2025-09-15 23:10:00,0.0909,0.0909,0.0909,0.0909,49086.0,540000,2025-09-15 23:19:59
2025-09-15 23:20:00,0.09085,0.091,0.091,0.09085,7269.5,80000,2025-09-15 23:29:59
2025-09-15 23:30:00,0.09085,0.09085,0.09085,0.09085,2725.5,30000,2025-09-15 23:39:59
2025-09-15 23:40:00,0.09085,0.09085,0.09085,0.09085,3634.0,40000,2025-09-15 23:41:08
2025-09-16 07:00:00,0.09145,0.0909,0.09145,0.0909,1823.5,20000,2025-09-16 07:09:59
2025-09-16 07:20:00,0.0914,0.0914,0.0914,0.0914,4570.0,50000,2025-09-16 07:29:59
2025-09-16 07:40:00,0.0914,0.0912,0.09145,0.0912,6396.0,70000,2025-09-16 07:45:06
2025-09-16 08:00:00,0.0914,0.0914,0.0914,0.0914,1828.0,20000,2025-09-16 08:09:59
2025-09-16 08:20:00,0.09155,0.09145,0.09155,0.0914,65910.5,720000,2025-09-16 08:29:59
2025-09-16 08:30:00,0.09155,0.09165,0.09165,0.09155,96221.5,1050000,2025-09-16 08:39:59
2025-09-16 08:40:00,0.0916,0.0916,0.0916,0.0916,9160.0,100000,2025-09-16 08:49:59
2025-09-16 08:50:00,0.0916,0.0915,0.0916,0.0915,23795.0,260000,2025-09-16 08:55:06
2025-09-16 09:00:00,0.09155,0.0915,0.09165,0.0915,401369.0,4380000,2025-09-16 09:09:59
2025-09-16 09:10:00,0.0917,0.0917,0.0917,0.0917,11921.0,130000,2025-09-16 09:19:59
2025-09-16 09:20:00,0.0917,0.0915,0.0917,0.0915,11913.5,130000,2025-09-16 09:29:59
2025-09-16 09:30:00,0.0917,0.09145,0.0917,0.09145,1831.5,20000,2025-09-16 09:39:59
2025-09-16 09:40:00,0.0917,0.09145,0.0917,0.09145,6416.5,70000,2025-09-16 09:49:59
2025-09-16 09:50:00,0.09165,0.09165,0.09165,0.0916,34812.0,380000,2025-09-16 09:59:59
2025-09-16 10:00:00,0.09145,0.09145,0.09145,0.09145,1829.0,20000,2025-09-16 10:09:59
2025-09-16 10:10:00,0.0916,0.0916,0.0916,0.0916,10076.0,110000,2025-09-16 10:19:59
2025-09-16 10:20:00,0.0916,0.0916,0.0916,0.0916,4580.0,50000,2025-09-16 10:29:59
2025-09-16 10:40:00,0.0914,0.0916,0.0916,0.0914,37554.0,410000,2025-09-16 10:49:59
2025-09-16 10:50:00,0.0916,0.09145,0.0916,0.09145,2746.5,30000,2025-09-16 10:56:02
2025-09-16 11:00:00,0.0916,0.09145,0.0916,0.09145,41182.5,450000,2025-09-16 11:09:59
2025-09-16 11:10:00,0.09145,0.0914,0.09145,0.0914,4571.5,50000,2025-09-16 11:19:59
2025-09-16 11:20:00,0.0914,0.0914,0.0914,0.0914,32904.0,360000,2025-09-16 11:29:59
2025-09-16 11:30:00,0.0914,0.09145,0.09145,0.0913,92290.5,1010000,2025-09-16 11:39:59
2025-09-16 11:40:00,0.0914,0.0914,0.0914,0.0914,3656.0,40000,2025-09-16 11:49:59
2025-09-16 11:50:00,0.0914,0.0914,0.0914,0.0914,914.0,10000,2025-09-16 11:55:02
2025-09-16 12:00:00,0.0913,0.09115,0.0913,0.09115,11852.5,130000,2025-09-16 12:09:59
2025-09-16 12:10:00,0.0911,0.0911,0.0912,0.09105,165765.0,1820000,2025-09-16 12:19:59
2025-09-16 12:20:00,0.0911,0.09105,0.0911,0.09105,101071.0,1110000,2025-09-16 12:29:59
2025-09-16 12:30:00,0.09105,0.0911,0.0911,0.091,99235.0,1090000,2025-09-16 12:39:59
2025-09-16 12:40:00,0.0911,0.0907,0.0911,0.0907,811720.5,8930000,2025-09-16 12:49:59
2025-09-16 12:50:00,0.09075,0.0907,0.09075,0.0907,139704.5,1540000,2025-09-16 12:59:59
2025-09-16 13:00:00,0.0907,0.09075,0.09075,0.0907,14517.0,160000,2025-09-16 13:09:59
2025-09-16 13:10:00,0.09075,0.0907,0.0909,0.0907,67142.0,740000,2025-09-16 13:19:59
2025-09-16 13:20:00,0.09075,0.09075,0.09075,0.09075,1815.0,20000,2025-09-16 13:29:59
2025-09-16 13:30:00,0.09075,0.0907,0.09075,0.0907,91621.5,1010000,2025-09-16 13:39:59
2025-09-16 13:40:00,0.09075,0.09075,0.09075,0.0907,55342.5,610000,2025-09-16 13:49:59
2025-09-16 13:50:00,0.09075,0.0909,0.0909,0.0907,11797.5,130000,2025-09-16 13:59:08
2025-09-16 14:00:00,0.09075,0.0909,0.0909,0.09075,1816.5,20000,2025-09-16 14:09:59
2025-09-16 14:10:00,0.0909,0.09115,0.09115,0.0909,75526.0,830000,2025-09-16 14:19:59
2025-09-16 14:20:00,0.09105,0.091,0.09105,0.091,7283.5,80000,2025-09-16 14:29:59
2025-09-16 14:30:00,0.09115,0.09115,0.09115,0.09115,5469.0,60000,2025-09-16 14:39:59
2025-09-16 14:40:00,0.09115,0.09115,0.09115,0.09115,5469.0,60000,2025-09-16 14:49:59
2025-09-16 14:50:00,0.09125,0.09125,0.09125,0.09125,5475.0,60000,2025-09-16 14:59:07
2025-09-16 15:00:00,0.09105,0.0912,0.09125,0.091,128561.0,1410000,2025-09-16 15:09:59
2025-09-16 15:10:00,0.09105,0.09105,0.09105,0.09105,910.5,10000,2025-09-16 15:19:59
2025-09-16 15:20:00,0.091,0.09105,0.09105,0.091,34583.5,380000,2025-09-16 15:29:59
2025-09-16 15:30:00,0.091,0.091,0.091,0.091,117390.0,1290000,2025-09-16 15:39:59
2025-09-16 15:50:00,0.09105,0.091,0.09105,0.091,1820.5,20000,2025-09-16 15:54:08
2025-09-16 16:10:00,0.09105,0.09105,0.09105,0.09105,43704.0,480000,2025-09-16 16:19:59
2025-09-16 16:20:00,0.09105,0.091,0.09105,0.091,17297.0,190000,2025-09-16 16:29:59
2025-09-16 16:30:00,0.091,0.091,0.091,0.091,21840.0,240000,2025-09-16 16:39:59
2025-09-16 16:40:00,0.09105,0.09105,0.09105,0.09105,18210.0,200000,2025-09-16 16:49:59
2025-09-16 16:50:00,0.09105,0.09105,0.09105,0.09105,21852.0,240000,2025-09-16 16:59:59
2025-09-16 17:00:00,0.09105,0.09105,0.09105,0.09105,910.5,10000,2025-09-16 17:09:59
2025-09-16 17:20:00,0.09115,0.0911,0.09115,0.0911,36446.0,400000,2025-09-16 17:29:59
2025-09-16 17:30:00,0.09115,0.09115,0.09115,0.09115,911.5,10000,2025-09-16 17:39:59
2025-09-16 17:40:00,0.0911,0.09115,0.09115,0.091,42790.0,470000,2025-09-16 17:49:59
2025-09-16 17:50:00,0.09125,0.09125,0.09125,0.09125,9125.0,100000,2025-09-16 17:51:08
2025-09-16 18:00:00,0.09115,0.09115,0.09115,0.09115,2734.5,30000,2025-09-16 18:09:59
2025-09-16 18:10:00,0.09115,0.09115,0.09115,0.09115,34637.0,380000,2025-09-16 18:19:59
2025-09-16 18:20:00,0.09115,0.0914,0.0914,0.09115,94022.5,1030000,2025-09-16 18:29:59
2025-09-16 18:30:00,0.0912,0.09135,0.09135,0.0912,2739.0,30000,2025-09-16 18:31:04
2025-09-16 19:10:00,0.0912,0.09155,0.09155,0.0912,71331.0,780000,2025-09-16 19:19:59
2025-09-16 19:20:00,0.09125,0.09095,0.09125,0.09095,127517.5,1400000,2025-09-16 19:29:59
2025-09-16 19:30:00,0.0912,0.09105,0.0912,0.09105,9106.5,100000,2025-09-16 19:39:59
2025-09-16 19:50:00,0.0914,0.0913,0.0919,0.091,1090420.0,11930000,2025-09-16 19:59:59
2025-09-16 20:00:00,0.0913,0.0913,0.0913,0.0913,2739.0,30000,2025-09-16 20:09:59
2025-09-16 20:20:00,0.09125,0.09125,0.09125,0.09125,912.5,10000,2025-09-16 20:29:59
2025-09-16 20:40:00,0.09105,0.091,0.09105,0.091,14560.5,160000,2025-09-16 20:49:59
2025-09-16 20:50:00,0.091,0.091,0.091,0.091,5460.0,60000,2025-09-16 20:52:04
2025-09-16 21:00:00,0.09115,0.0912,0.0912,0.09115,18239.5,200000,2025-09-16 21:09:59
2025-09-16 21:10:00,0.091,0.091,0.091,0.091,910.0,10000,2025-09-16 21:19:59
2025-09-16 21:30:00,0.091,0.091,0.091,0.091,1820.0,20000,2025-09-16 21:39:59
2025-09-16 21:40:00,0.0912,0.0912,0.0912,0.0912,1824.0,20000,2025-09-16 21:49:59
2025-09-16 21:50:00,0.09105,0.091,0.09105,0.091,1820.5,20000,2025-09-16 21:54:09
2025-09-16 22:00:00,0.09105,0.091,0.09105,0.091,14566.5,160000,2025-09-16 22:09:59
2025-09-16 22:10:00,0.091,0.091,0.091,0.091,7280.0,80000,2025-09-16 22:19:59
2025-09-16 22:50:00,0.091,0.091,0.091,0.091,2730.0,30000,2025-09-16 22:54:10
2025-09-16 23:20:00,0.09115,0.09115,0.09115,0.09115,10026.5,110000,2025-09-16 23:29:59
2025-09-16 23:30:00,0.091,0.091,0.0912,0.091,111136.0,1220000,2025-09-16 23:32:13
2025-09-17 07:00:00,0.09165,0.09115,0.09165,0.09115,1828.0,20000,2025-09-17 07:09:59
2025-09-17 07:10:00,0.09145,0.0911,0.09145,0.0911,2740.0,30000,2025-09-17 07:19:59
2025-09-17 07:30:00,0.09135,0.091,0.0914,0.091,11842.5,130000,2025-09-17 07:39:01
2025-09-17 08:00:00,0.0913,0.09135,0.09135,0.0913,4566.5,50000,2025-09-17 08:09:59
2025-09-17 08:30:00,0.09135,0.09135,0.09135,0.09135,913.5,10000,2025-09-17 08:39:59
2025-09-17 09:10:00,0.0911,0.0911,0.0911,0.0911,2733.0,30000,2025-09-17 09:19:59
2025-09-17 09:20:00,0.091,0.09055,0.091,0.09055,53508.5,590000,2025-09-17 09:29:59
2025-09-17 09:30:00,0.0905,0.09055,0.0906,0.0903,7231.5,80000,2025-09-17 09:39:59
2025-09-17 09:40:00,0.0906,0.09065,0.0907,0.0906,27195.5,300000,2025-09-17 09:48:02
2025-09-17 10:00:00,0.0909,0.09075,0.0909,0.09075,13621.0,150000,2025-09-17 10:09:59
2025-09-17 10:10:00,0.09075,0.09075,0.09075,0.09075,4537.5,50000,2025-09-17 10:19:59
2025-09-17 10:20:00,0.0909,0.09095,0.09095,0.0909,1818.5,20000,2025-09-17 10:29:59
2025-09-17 10:30:00,0.09075,0.0907,0.0909,0.0907,29026.5,320000,2025-09-17 10:39:59
2025-09-17 10:40:00,0.0907,0.0907,0.0907,0.0907,1814.0,20000,2025-09-17 10:49:59
2025-09-17 10:50:00,0.0907,0.09065,0.0907,0.09065,24488.5,270000,2025-09-17 10:57:02
2025-09-17 11:00:00,0.0907,0.0906,0.0907,0.0906,18126.0,200000,2025-09-17 11:09:59
2025-09-17 11:10:00,0.0907,0.09055,0.0907,0.09055,55256.0,610000,2025-09-17 11:19:59
2025-09-17 11:20:00,0.0907,0.09055,0.0907,0.09055,3625.0,40000,2025-09-17 11:29:59
2025-09-17 11:30:00,0.0906,0.09055,0.0906,0.09055,87837.5,970000,2025-09-17 11:39:59
2025-09-17 11:50:00,0.09055,0.09055,0.09055,0.09055,3622.0,40000,2025-09-17 11:54:02
2025-09-17 12:00:00,0.09055,0.09065,0.09065,0.09055,2718.5,30000,2025-09-17 12:09:59
2025-09-17 12:20:00,0.09055,0.0906,0.0906,0.09055,15394.0,170000,2025-09-17 12:29:59
2025-09-17 12:40:00,0.0906,0.0906,0.0906,0.0906,6342.0,70000,2025-09-17 12:49:03
2025-09-17 13:00:00,0.0906,0.09055,0.0906,0.09055,28072.5,310000,2025-09-17 13:09:59
2025-09-17 13:10:00,0.09055,0.09055,0.09055,0.0905,56135.5,620000,2025-09-17 13:19:59
2025-09-17 13:30:00,0.09065,0.09065,0.09065,0.09065,2719.5,30000,2025-09-17 13:39:59
2025-09-17 13:40:00,0.09065,0.0905,0.09065,0.0905,278795.5,3080000,2025-09-17 13:42:03
2025-09-17 14:00:00,0.0906,0.09055,0.0906,0.09055,71569.5,790000,2025-09-17 14:09:59
2025-09-17 14:20:00,0.0906,0.0906,0.0906,0.0906,906.0,10000,2025-09-17 14:26:02
2025-09-17 15:00:00,0.0907,0.0907,0.0907,0.0907,7256.0,80000,2025-09-17 15:09:59
2025-09-17 15:10:00,0.09055,0.0905,0.09055,0.0905,55217.5,610000,2025-09-17 15:19:59
2025-09-17 15:30:00,0.0905,0.0905,0.0905,0.0905,23530.0,260000,2025-09-17 15:39:59
2025-09-17 15:40:00,0.0905,0.0905,0.0905,0.0905,905.0,10000,2025-09-17 15:49:59
2025-09-17 15:50:00,0.0905,0.0907,0.0907,0.0905,4531.0,50000,2025-09-17 15:52:12
2025-09-17 16:10:00,0.0905,0.0905,0.0905,0.0905,905.0,10000,2025-09-17 16:19:59
2025-09-17 16:20:00,0.09065,0.09065,0.09065,0.09065,1813.0,20000,2025-09-17 16:29:59
2025-09-17 16:50:00,0.0905,0.0905,0.0905,0.0905,905.0,10000,2025-09-17 16:59:03
2025-09-17 17:00:00,0.0906,0.0906,0.0906,0.0906,1812.0,20000,2025-09-17 17:09:59
2025-09-17 17:10:00,0.0906,0.09055,0.0906,0.09055,19931.0,220000,2025-09-17 17:19:59
2025-09-17 17:30:00,0.0906,0.0906,0.0906,0.0906,2718.0,30000,2025-09-17 17:36:08
2025-09-17 18:00:00,0.09065,0.0907,0.0907,0.09065,5441.5,60000,2025-09-17 18:09:59
2025-09-17 18:20:00,0.0906,0.09055,0.0906,0.09055,102360.0,1130000,2025-09-17 18:29:59
2025-09-17 18:30:00,0.09065,0.09065,0.0907,0.09065,127827.0,1410000,2025-09-17 18:39:59
2025-09-17 19:00:00,0.0907,0.09065,0.0907,0.09065,19046.5,210000,2025-09-17 19:09:59
2025-09-17 19:10:00,0.091,0.091,0.091,0.091,4550.0,50000,2025-09-17 19:19:59
2025-09-17 19:30:00,0.091,0.0907,0.0911,0.0907,12719.5,140000,2025-09-17 19:39:59
2025-09-17 19:40:00,0.09095,0.09085,0.09095,0.09065,14512.0,160000,2025-09-17 19:49:59
2025-09-17 19:50:00,0.0907,0.0907,0.0907,0.0907,907.0,10000,2025-09-17 19:59:08
2025-09-17 20:00:00,0.0907,0.0907,0.0907,0.0907,7256.0,80000,2025-09-17 20:09:59
2025-09-17 20:10:00,0.0907,0.0909,0.0909,0.0907,1816.0,20000,2025-09-17 20:19:59
2025-09-17 20:20:00,0.0911,0.09105,0.0911,0.09105,15481.0,170000,2025-09-17 20:29:59
2025-09-17 20:50:00,0.09105,0.09105,0.09105,0.09105,1821.0,20000,2025-09-17 20:52:08
2025-09-17 21:10:00,0.0911,0.09105,0.0911,0.09105,45525.5,500000,2025-09-17 21:19:59
2025-09-17 21:30:00,0.0913,0.0911,0.09135,0.0911,24653.5,270000,2025-09-17 21:39:59
2025-09-17 21:40:00,0.09115,0.09105,0.09115,0.09105,9106.0,100000,2025-09-17 21:49:59
2025-09-17 21:50:00,0.09105,0.09105,0.09105,0.09105,1821.0,20000,2025-09-17 21:52:09
2025-09-17 22:00:00,0.0913,0.0913,0.0913,0.0913,13695.0,150000,2025-09-17 22:09:59
2025-09-17 22:10:00,0.09125,0.09125,0.09125,0.09125,912.5,10000,2025-09-17 22:19:59
2025-09-17 22:20:00,0.09125,0.0913,0.0913,0.09125,36512.5,400000,2025-09-17 22:29:59
2025-09-17 22:30:00,0.0911,0.0911,0.0911,0.0911,911.0,10000,2025-09-17 22:39:59
2025-09-17 22:50:00,0.0913,0.0913,0.0913,0.0913,913.0,10000,2025-09-17 22:53:08
2025-09-17 23:00:00,0.09125,0.09125,0.09125,0.09125,912.5,10000,2025-09-17 23:09:59
2025-09-17 23:10:00,0.09095,0.0912,0.0912,0.0909,10915.0,120000,2025-09-17 23:19:59
2025-09-17 23:20:00,0.09095,0.0908,0.09095,0.0908,49957.0,550000,2025-09-17 23:25:08
2025-09-18 07:00:00,0.09155,0.09145,0.09155,0.09145,1830.0,20000,2025-09-18 07:09:59
2025-09-18 07:10:00,0.0914,0.09155,0.09155,0.0914,32023.0,350000,2025-09-18 07:19:59
2025-09-18 07:20:00,0.09135,0.09135,0.09135,0.09135,13702.5,150000,2025-09-18 07:29:59
2025-09-18 07:40:00,0.0911,0.09105,0.0911,0.09105,8198.5,90000,2025-09-18 07:47:02
2025-09-18 08:00:00,0.091,0.09095,0.091,0.09095,18194.5,200000,2025-09-18 08:09:59
2025-09-18 08:20:00,0.0912,0.0912,0.0912,0.0912,1824.0,20000,2025-09-18 08:29:59
2025-09-18 08:40:00,0.09115,0.0912,0.0912,0.09115,36478.5,400000,2025-09-18 08:42:01
2025-09-18 09:10:00,0.09115,0.09115,0.09115,0.09115,911.5,10000,2025-09-18 09:19:59
2025-09-18 09:20:00,0.09115,0.09115,0.09115,0.09115,911.5,10000,2025-09-18 09:29:59
2025-09-18 09:30:00,0.09115,0.09115,0.09115,0.09115,1823.0,20000,2025-09-18 09:39:59
2025-09-18 09:50:00,0.09105,0.09095,0.09105,0.09095,5458.0,60000,2025-09-18 09:52:01
2025-09-18 10:10:00,0.09095,0.09095,0.09095,0.09095,1819.0,20000,2025-09-18 10:19:59
2025-09-18 10:20:00,0.0911,0.0911,0.0911,0.0911,911.0,10000,2025-09-18 10:29:59
2025-09-18 10:30:00,0.091,0.091,0.091,0.09095,71876.0,790000,2025-09-18 10:39:59
2025-09-18 10:40:00,0.091,0.09095,0.091,0.09095,281036.5,3090000,2025-09-18 10:49:59
2025-09-18 10:50:00,0.0909,0.09095,0.09095,0.0909,36361.5,400000,2025-09-18 10:57:06
2025-09-18 11:00:00,0.0909,0.0909,0.0909,0.0909,2727.0,30000,2025-09-18 11:09:59
2025-09-18 11:10:00,0.0909,0.0909,0.0909,0.0909,909.0,10000,2025-09-18 11:19:59
2025-09-18 11:20:00,0.09095,0.09095,0.09095,0.09095,10004.5,110000,2025-09-18 11:29:59
2025-09-18 11:30:00,0.0909,0.09055,0.0909,0.09055,643084.0,7090000,2025-09-18 11:39:59
2025-09-18 11:40:00,0.0905,0.0905,0.0905,0.0905,1810.0,20000,2025-09-18 11:49:59
2025-09-18 11:50:00,0.0905,0.0905,0.0905,0.0905,905.0,10000,2025-09-18 11:58:02
2025-09-18 12:00:00,0.0905,0.0907,0.0907,0.0904,19006.0,210000,2025-09-18 12:09:59
2025-09-18 12:20:00,0.09065,0.0904,0.09065,0.0904,54312.5,600000,2025-09-18 12:29:59
2025-09-18 12:30:00,0.0906,0.0904,0.0906,0.0904,108496.0,1200000,2025-09-18 12:39:59
2025-09-18 12:40:00,0.0904,0.0904,0.0904,0.0904,5424.0,60000,2025-09-18 12:49:59
2025-09-18 12:50:00,0.0904,0.0904,0.0904,0.0904,6328.0,70000,2025-09-18 12:59:59
2025-09-18 13:10:00,0.0904,0.0904,0.0904,0.0904,31640.0,350000,2025-09-18 13:19:59
2025-09-18 13:20:00,0.0905,0.0905,0.0905,0.0905,1810.0,20000,2025-09-18 13:29:59
2025-09-18 13:30:00,0.0905,0.0905,0.0905,0.0905,9050.0,100000,2025-09-18 13:39:59
2025-09-18 13:40:00,0.0905,0.0904,0.0905,0.0904,2713.0,30000,2025-09-18 13:49:59
2025-09-18 13:50:00,0.0904,0.0905,0.0905,0.0904,3619.0,40000,2025-09-18 13:59:59
2025-09-18 14:20:00,0.0905,0.09035,0.0905,0.09035,67782.5,750000,2025-09-18 14:29:59
2025-09-18 14:30:00,0.09035,0.09035,0.09035,0.09035,3614.0,40000,2025-09-18 14:39:59
2025-09-18 14:40:00,0.09035,0.0904,0.0904,0.09035,22593.0,250000,2025-09-18 14:49:59
2025-09-18 14:50:00,0.0904,0.0903,0.0904,0.0903,154475.5,1710000,2025-09-18 14:57:03
2025-09-18 15:00:00,0.0903,0.0903,0.0903,0.0903,68628.0,760000,2025-09-18 15:09:59
2025-09-18 15:10:00,0.0904,0.0904,0.0904,0.0904,904.0,10000,2025-09-18 15:19:59
2025-09-18 15:30:00,0.0903,0.0903,0.0903,0.0903,3612.0,40000,2025-09-18 15:39:59
2025-09-18 15:40:00,0.0904,0.0904,0.0904,0.0903,17170.0,190000,2025-09-18 15:49:59
2025-09-18 16:30:00,0.0904,0.0905,0.0905,0.0903,12649.0,140000,2025-09-18 16:39:59
2025-09-18 16:40:00,0.0905,0.0905,0.0905,0.0905,51585.0,570000,2025-09-18 16:44:09
2025-09-18 17:00:00,0.0905,0.0905,0.0905,0.0905,2715.0,30000,2025-09-18 17:09:59
2025-09-18 17:20:00,0.0905,0.0905,0.0905,0.0905,1810.0,20000,2025-09-18 17:29:59
2025-09-18 17:40:00,0.0905,0.09055,0.09055,0.0905,8147.5,90000,2025-09-18 17:49:59
2025-09-18 17:50:00,0.09055,0.09055,0.09055,0.09055,10866.0,120000,2025-09-18 17:51:09
2025-09-18 18:00:00,0.09035,0.09035,0.09035,0.09035,903.5,10000,2025-09-18 18:09:59
2025-09-18 18:20:00,0.0905,0.09055,0.09055,0.0905,19911.0,220000,2025-09-18 18:29:59
2025-09-18 18:30:00,0.09045,0.09045,0.09045,0.09045,904.5,10000,2025-09-18 18:38:09
2025-09-18 19:00:00,0.09045,0.09045,0.09045,0.09045,1809.0,20000,2025-09-18 19:09:59
2025-09-18 19:10:00,0.09045,0.09045,0.09045,0.09045,2713.5,30000,2025-09-18 19:19:59
2025-09-18 19:30:00,0.09055,0.09055,0.09055,0.09055,2716.5,30000,2025-09-18 19:39:59
2025-09-18 19:50:00,0.0904,0.0904,0.0904,0.0904,904.0,10000,2025-09-18 19:57:08
2025-09-18 20:20:00,0.0905,0.0904,0.0905,0.0904,9041.0,100000,2025-09-18 20:29:59
2025-09-18 20:50:00,0.09055,0.09055,0.09055,0.0903,83117.5,920000,2025-09-18 20:59:59
2025-09-18 21:00:00,0.09035,0.0902,0.0904,0.0902,184046.5,2040000,2025-09-18 21:09:59
2025-09-18 21:10:00,0.09025,0.09005,0.09025,0.09,404485.5,4490000,2025-09-18 21:19:59
2025-09-18 21:30:00,0.0901,0.09005,0.0901,0.09005,5405.0,60000,2025-09-18 21:39:59
2025-09-18 21:40:00,0.0901,0.09055,0.09055,0.0901,47037.5,520000,2025-09-18 21:47:09
2025-09-18 22:50:00,0.0902,0.0901,0.0902,0.0901,47780.5,530000,2025-09-18 22:59:59
2025-09-18 23:00:00,0.09015,0.09,0.0902,0.09,185483.0,2060000,2025-09-18 23:09:59
2025-09-18 23:10:00,0.09005,0.09,0.09005,0.09,8101.0,90000,2025-09-18 23:19:59
2025-09-18 23:30:00,0.09,0.09,0.09,0.09,900.0,10000,2025-09-18 23:31:09
2025-09-19 07:00:00,0.09055,0.0903,0.09055,0.0903,1808.5,20000,2025-09-19 07:09:59
2025-09-19 07:10:00,0.09035,0.09015,0.09035,0.0901,17132.5,190000,2025-09-19 07:19:59
2025-09-19 07:40:00,0.0901,0.0902,0.0902,0.0901,10814.0,120000,2025-09-19 07:49:59
2025-09-19 07:50:00,0.0902,0.0902,0.0902,0.0902,3608.0,40000,2025-09-19 07:56:02
2025-09-19 08:00:00,0.0901,0.0902,0.0902,0.0901,10818.5,120000,2025-09-19 08:09:59
2025-09-19 08:10:00,0.0901,0.09,0.0901,0.09,50437.0,560000,2025-09-19 08:19:59
2025-09-19 08:20:00,0.09,0.09,0.09,0.09,52200.0,580000,2025-09-19 08:29:59
2025-09-19 08:40:00,0.0899,0.08955,0.0899,0.08925,558353.5,6240000,2025-09-19 08:49:59
2025-09-19 08:50:00,0.08965,0.08965,0.08965,0.08965,1793.0,20000,2025-09-19 08:58:01
2025-09-19 09:00:00,0.0897,0.08975,0.08995,0.08965,79925.5,890000,2025-09-19 09:09:59
2025-09-19 09:10:00,0.0899,0.0901,0.0901,0.0899,4498.5,50000,2025-09-19 09:15:02
2025-09-19 10:00:00,0.0901,0.09015,0.09015,0.0901,40549.0,450000,2025-09-19 10:09:59
2025-09-19 10:10:00,0.0902,0.09025,0.09045,0.0902,262953.0,2910000,2025-09-19 10:19:59
2025-09-19 10:20:00,0.09015,0.0901,0.09015,0.0901,21628.5,240000,2025-09-19 10:29:59
2025-09-19 10:30:00,0.09025,0.09015,0.09025,0.09015,9018.0,100000,2025-09-19 10:39:59
2025-09-19 10:40:00,0.0901,0.0901,0.0901,0.0901,5406.0,60000,2025-09-19 10:49:59
2025-09-19 10:50:00,0.09025,0.0902,0.09025,0.0902,6315.5,70000,2025-09-19 10:58:12
2025-09-19 11:00:00,0.0901,0.09,0.0901,0.09,4503.0,50000,2025-09-19 11:09:59
2025-09-19 11:10:00,0.09,0.09,0.09,0.09,900.0,10000,2025-09-19 11:19:59
2025-09-19 11:20:00,0.0901,0.0901,0.0901,0.0901,2703.0,30000,2025-09-19 11:29:59
2025-09-19 11:30:00,0.0901,0.09005,0.0901,0.09,95408.5,1060000,2025-09-19 11:39:59
2025-09-19 11:40:00,0.08985,0.08985,0.08985,0.08985,898.5,10000,2025-09-19 11:49:59
2025-09-19 11:50:00,0.0899,0.0899,0.0899,0.0899,899.0,10000,2025-09-19 11:54:02
2025-09-19 12:00:00,0.08995,0.08995,0.08995,0.08995,899.5,10000,2025-09-19 12:09:59
2025-09-19 12:10:00,0.08995,0.08985,0.08995,0.08985,17081.5,190000,2025-09-19 12:19:59
2025-09-19 12:20:00,0.08995,0.08985,0.09,0.08985,13489.5,150000,2025-09-19 12:29:59
2025-09-19 12:40:00,0.08985,0.08985,0.08985,0.08985,898.5,10000,2025-09-19 12:49:59
2025-09-19 12:50:00,0.08985,0.08985,0.08985,0.08985,40432.5,450000,2025-09-19 12:56:03
2025-09-19 13:00:00,0.08985,0.08985,0.09,0.08985,83587.5,930000,2025-09-19 13:09:59
2025-09-19 13:10:00,0.08995,0.08975,0.09,0.08975,394298.5,4390000,2025-09-19 13:19:59
2025-09-19 13:30:00,0.0898,0.0898,0.0898,0.0898,2694.0,30000,2025-09-19 13:39:59
2025-09-19 13:40:00,0.0898,0.0898,0.0898,0.08965,18831.0,210000,2025-09-19 13:49:59
2025-09-19 13:50:00,0.08965,0.08965,0.08965,0.08965,8068.5,90000,2025-09-19 13:56:03
2025-09-19 14:00:00,0.08975,0.08975,0.08975,0.0896,8966.0,100000,2025-09-19 14:09:59
2025-09-19 14:10:00,0.08975,0.0896,0.08975,0.0896,9860.5,110000,2025-09-19 14:19:59
2025-09-19 14:20:00,0.08975,0.0897,0.08975,0.0896,20640.0,230000,2025-09-19 14:29:59
2025-09-19 14:40:00,0.0897,0.08955,0.0897,0.08955,232881.0,2600000,2025-09-19 14:44:09
2025-09-19 15:20:00,0.0897,0.0898,0.0898,0.0896,78968.5,880000,2025-09-19 15:29:59
2025-09-19 15:30:00,0.0898,0.08985,0.08985,0.0898,8086.0,90000,2025-09-19 15:39:59
2025-09-19 15:40:00,0.08985,0.08985,0.08985,0.08985,8985.0,100000,2025-09-19 15:49:59
2025-09-19 15:50:00,0.08965,0.0896,0.08985,0.0896,113883.5,1270000,2025-09-19 15:59:59
2025-09-19 16:00:00,0.08955,0.08975,0.08975,0.08955,2688.5,30000,2025-09-19 16:09:59
2025-09-19 16:40:00,0.0897,0.08985,0.08985,0.0897,55673.5,620000,2025-09-19 16:49:59
2025-09-19 16:50:00,0.08985,0.08985,0.08985,0.08985,898.5,10000,2025-09-19 16:55:09
2025-09-19 17:10:00,0.08965,0.08965,0.08965,0.08965,2689.5,30000,2025-09-19 17:19:59
2025-09-19 17:20:00,0.08985,0.08985,0.08985,0.08985,898.5,10000,2025-09-19 17:29:59
2025-09-19 17:30:00,0.0896,0.08955,0.0896,0.0895,401987.5,4490000,2025-09-19 17:39:59
2025-09-19 17:40:00,0.0895,0.0895,0.0895,0.0895,40275.0,450000,2025-09-19 17:49:59
2025-09-19 17:50:00,0.08955,0.08955,0.08955,0.0895,12536.5,140000,2025-09-19 17:59:59
2025-09-19 18:00:00,0.08955,0.0894,0.08955,0.0894,288869.5,3230000,2025-09-19 18:09:59
2025-09-19 18:10:00,0.0894,0.0895,0.08955,0.0893,569160.5,6370000,2025-09-19 18:19:59
2025-09-19 18:20:00,0.08945,0.08925,0.08945,0.0892,223198.5,2500000,2025-09-19 18:29:59
2025-09-19 18:30:00,0.0892,0.08905,0.0892,0.08855,879734.5,9900000,2025-09-19 18:39:59
2025-09-19 19:00:00,0.0886,0.0885,0.0886,0.0885,46044.0,520000,2025-09-19 19:09:59
2025-09-19 19:10:00,0.0885,0.0887,0.0887,0.0885,2659.0,30000,2025-09-19 19:19:59
2025-09-19 19:20:00,0.0887,0.08865,0.0887,0.08865,2660.5,30000,2025-09-19 19:29:59
2025-09-19 19:30:00,0.0886,0.08865,0.08865,0.0886,12406.0,140000,2025-09-19 19:39:59
2025-09-19 19:40:00,0.0885,0.0885,0.0885,0.0885,13275.0,150000,2025-09-19 19:49:59
2025-09-19 19:50:00,0.08865,0.0885,0.0887,0.0885,15060.5,170000,2025-09-19 19:59:04
2025-09-19 20:10:00,0.0885,0.0882,0.0886,0.0877,436364.5,4950000,2025-09-19 20:19:59
2025-09-19 20:20:00,0.08785,0.0876,0.088,0.0876,243745.0,2780000,2025-09-19 20:29:59
2025-09-19 20:30:00,0.08765,0.0873,0.0878,0.08635,1953281.0,22460000,2025-09-19 20:39:59
2025-09-19 20:40:00,0.0873,0.08805,0.0884,0.0873,1077475.5,12270000,2025-09-19 20:49:59
2025-09-19 20:50:00,0.08825,0.0878,0.08825,0.08775,221338.0,2520000,2025-09-19 20:59:59
2025-09-19 21:00:00,0.0878,0.0881,0.0881,0.0875,110703.0,1260000,2025-09-19 21:09:59
2025-09-19 21:10:00,0.0881,0.0879,0.0881,0.08775,51889.5,590000,2025-09-19 21:19:59
2025-09-19 21:20:00,0.0877,0.0879,0.0879,0.08765,16671.5,190000,2025-09-19 21:29:59
2025-09-19 21:30:00,0.08765,0.0879,0.0879,0.0874,229421.5,2620000,2025-09-19 21:39:59
2025-09-19 21:40:00,0.0879,0.0875,0.08795,0.0875,118194.5,1350000,2025-09-19 21:49:59
2025-09-19 21:50:00,0.0875,0.0875,0.0876,0.08715,328592.5,3760000,2025-09-19 21:59:59
2025-09-19 22:00:00,0.0872,0.0872,0.0875,0.0871,141216.5,1620000,2025-09-19 22:09:59
2025-09-19 22:10:00,0.08745,0.08715,0.08775,0.08715,150228.0,1720000,2025-09-19 22:19:59
2025-09-19 22:20:00,0.0872,0.08715,0.0872,0.0867,518597.5,5960000,2025-09-19 22:29:59
2025-09-19 22:30:00,0.08715,0.0877,0.0877,0.08715,79635.5,910000,2025-09-19 22:39:59
2025-09-19 22:40:00,0.08725,0.0875,0.08755,0.0871,132533.5,1520000,2025-09-19 22:49:59
2025-09-19 22:50:00,0.08745,0.08745,0.08745,0.08745,874.5,10000,2025-09-19 22:54:09
2025-09-19 23:00:00,0.08745,0.08755,0.08755,0.08745,26250.0,300000,2025-09-19 23:09:59
2025-09-19 23:10:00,0.08725,0.0868,0.08725,0.0868,281454.0,3240000,2025-09-19 23:19:59
2025-09-19 23:20:00,0.0868,0.0871,0.0871,0.0868,37370.5,430000,2025-09-19 23:29:59
2025-09-19 23:30:00,0.08685,0.08685,0.0871,0.0868,30397.0,350000,2025-09-19 23:39:59
2025-09-19 23:40:00,0.0872,0.08725,0.08725,0.0872,76777.0,880000,2025-09-19 23:49:09
2025-09-22 06:50:00,0.08725,0.08725,0.08725,0.08725,872.5,10000,2025-09-22 06:59:59
2025-09-22 07:00:00,0.087,0.087,0.087,0.087,870.0,10000,2025-09-22 07:09:59
2025-09-22 07:10:00,0.087,0.08595,0.087,0.08585,685076.5,7960000,2025-09-22 07:19:59
2025-09-22 07:20:00,0.0862,0.0864,0.0864,0.0862,8626.0,100000,2025-09-22 07:29:59
2025-09-22 07:30:00,0.0864,0.0865,0.0865,0.0864,187517.5,2170000,2025-09-22 07:39:59
2025-09-22 07:40:00,0.08665,0.08715,0.08715,0.08665,425959.5,4900000,2025-09-22 07:49:59
2025-09-22 07:50:00,0.0866,0.08655,0.08695,0.08655,10393.0,120000,2025-09-22 07:59:59
2025-09-22 08:00:00,0.08655,0.0865,0.08655,0.0865,6056.0,70000,2025-09-22 08:09:59
2025-09-22 08:20:00,0.08655,0.08715,0.08715,0.08655,253374.5,2910000,2025-09-22 08:29:59
2025-09-22 08:40:00,0.08675,0.0865,0.08675,0.0865,306676.5,3540000,2025-09-22 08:43:06
2025-09-22 09:00:00,0.08685,0.08685,0.08685,0.0865,9522.5,110000,2025-09-22 09:09:59
2025-09-22 09:10:00,0.0865,0.0865,0.0865,0.0865,29410.0,340000,2025-09-22 09:19:59
2025-09-22 09:20:00,0.08645,0.0865,0.0865,0.08645,2594.5,30000,2025-09-22 09:29:59
2025-09-22 09:30:00,0.0862,0.0862,0.0862,0.0862,2586.0,30000,2025-09-22 09:39:59
2025-09-22 09:40:00,0.08615,0.0865,0.0865,0.086,116280.5,1350000,2025-09-22 09:49:59
2025-09-22 09:50:00,0.0862,0.08585,0.0863,0.08585,775319.0,9020000,2025-09-22 09:59:59
2025-09-22 10:00:00,0.08625,0.0867,0.0867,0.0861,105453.0,1220000,2025-09-22 10:09:59
2025-09-22 10:10:00,0.08655,0.08635,0.0868,0.08615,829717.5,9590000,2025-09-22 10:19:59
2025-09-22 10:20:00,0.08635,0.0862,0.08635,0.08615,56862.0,660000,2025-09-22 10:29:59
2025-09-22 10:30:00,0.0864,0.0861,0.0864,0.0861,47403.0,550000,2025-09-22 10:39:59
2025-09-22 10:40:00,0.0861,0.08605,0.08625,0.08605,230775.5,2680000,2025-09-22 10:49:59
2025-09-22 10:50:00,0.08625,0.0863,0.0863,0.08605,121399.5,1410000,2025-09-22 10:59:03
2025-09-22 11:10:00,0.0863,0.08615,0.08635,0.08615,30212.5,350000,2025-09-22 11:19:59
2025-09-22 11:20:00,0.0863,0.0863,0.0863,0.0863,1726.0,20000,2025-09-22 11:29:59
2025-09-22 11:30:00,0.08615,0.0863,0.0863,0.08615,8624.0,100000,2025-09-22 11:39:59
2025-09-22 11:40:00,0.08635,0.0861,0.08635,0.0861,86970.5,1010000,2025-09-22 11:49:59
2025-09-22 11:50:00,0.0862,0.08605,0.0862,0.08605,282280.5,3280000,2025-09-22 11:55:08
2025-09-22 12:00:00,0.0862,0.08605,0.0862,0.08605,829191.5,9620000,2025-09-22 12:09:59
2025-09-22 12:10:00,0.0862,0.0861,0.0862,0.0861,5167.0,60000,2025-09-22 12:19:59
2025-09-22 12:20:00,0.08605,0.08605,0.08605,0.08605,860.5,10000,2025-09-22 12:29:59
2025-09-22 12:30:00,0.08605,0.08605,0.08605,0.08605,1721.0,20000,2025-09-22 12:39:59
2025-09-22 12:40:00,0.08615,0.0864,0.0865,0.08615,245405.5,2840000,2025-09-22 12:49:59
2025-09-22 12:50:00,0.0864,0.08615,0.0864,0.08615,30235.5,350000,2025-09-22 12:57:09
2025-09-22 13:00:00,0.08635,0.08625,0.0864,0.0862,17266.5,200000,2025-09-22 13:09:59
2025-09-22 13:20:00,0.0863,0.0863,0.08645,0.0863,38869.0,450000,2025-09-22 13:29:59
2025-09-22 13:30:00,0.08625,0.08615,0.08625,0.08605,608600.0,7070000,2025-09-22 13:39:59
2025-09-22 13:40:00,0.08605,0.08605,0.08605,0.08605,9465.5,110000,2025-09-22 13:49:59
2025-09-22 13:50:00,0.0862,0.08625,0.08625,0.0862,12937.0,150000,2025-09-22 13:57:09
2025-09-22 14:00:00,0.08625,0.0861,0.08635,0.0861,58692.5,680000,2025-09-22 14:09:59
2025-09-22 14:10:00,0.08615,0.0861,0.08615,0.0861,21528.0,250000,2025-09-22 14:19:59
2025-09-22 14:20:00,0.08615,0.0863,0.0863,0.0861,31022.5,360000,2025-09-22 14:29:59
2025-09-22 14:30:00,0.08625,0.08635,0.08645,0.08625,61312.5,710000,2025-09-22 14:39:59
2025-09-22 14:40:00,0.08645,0.08635,0.0865,0.08635,89019.5,1030000,2025-09-22 14:49:59
2025-09-22 14:50:00,0.0865,0.0866,0.0867,0.0864,245932.0,2840000,2025-09-22 14:59:59
2025-09-22 15:00:00,0.08645,0.08645,0.08675,0.08645,152389.0,1760000,2025-09-22 15:09:59
2025-09-22 15:10:00,0.0865,0.0865,0.0865,0.0865,7785.0,90000,2025-09-22 15:19:59
2025-09-22 15:20:00,0.0865,0.08665,0.08665,0.0865,6064.0,70000,2025-09-22 15:29:59
2025-09-22 15:30:00,0.0865,0.0865,0.0865,0.08645,18164.0,210000,2025-09-22 15:39:59
2025-09-22 15:40:00,0.0865,0.0864,0.0865,0.0864,8645.0,100000,2025-09-22 15:49:05
2025-09-22 16:00:00,0.08645,0.0865,0.0865,0.08645,56218.0,650000,2025-09-22 16:09:59
2025-09-22 16:10:00,0.0865,0.0865,0.0865,0.0865,8650.0,100000,2025-09-22 16:19:59
2025-09-22 16:30:00,0.0864,0.08645,0.08645,0.0864,3456.5,40000,2025-09-22 16:39:59
2025-09-22 16:40:00,0.0864,0.08635,0.0864,0.08635,21590.5,250000,2025-09-22 16:49:59
2025-09-22 16:50:00,0.08635,0.0863,0.08635,0.0863,3452.5,40000,2025-09-22 16:59:14
2025-09-22 17:00:00,0.0863,0.0863,0.0863,0.0863,17260.0,200000,2025-09-22 17:09:59
2025-09-22 17:10:00,0.08645,0.08645,0.08645,0.08645,12967.5,150000,2025-09-22 17:19:59
2025-09-22 17:30:00,0.0865,0.0865,0.0865,0.0865,865.0,10000,2025-09-22 17:39:59
2025-09-22 17:40:00,0.0865,0.0865,0.0865,0.08635,76109.5,880000,2025-09-22 17:49:59
2025-09-22 17:50:00,0.0865,0.0865,0.0865,0.0865,298425.0,3450000,2025-09-22 17:59:59
2025-09-22 18:00:00,0.0865,0.08675,0.08675,0.0865,99487.0,1150000,2025-09-22 18:09:59
2025-09-22 18:10:00,0.08675,0.0868,0.0868,0.0866,35568.0,410000,2025-09-22 18:19:59
2025-09-22 18:20:00,0.0866,0.08665,0.08685,0.0866,15603.5,180000,2025-09-22 18:29:59
2025-09-22 18:30:00,0.0869,0.0869,0.0869,0.0869,5214.0,60000,2025-09-22 18:38:05
2025-09-22 19:00:00,0.0869,0.08685,0.0869,0.0868,4343.5,50000,2025-09-22 19:09:59
2025-09-22 19:20:00,0.08685,0.08695,0.087,0.08685,100004.0,1150000,2025-09-22 19:29:59
2025-09-22 19:30:00,0.08665,0.08665,0.08665,0.08665,1733.0,20000,2025-09-22 19:39:59
2025-09-22 19:40:00,0.0869,0.0869,0.0869,0.08665,5206.5,60000,2025-09-22 19:49:59
2025-09-22 19:50:00,0.0869,0.08685,0.0869,0.08685,3475.0,40000,2025-09-22 19:58:04
2025-09-22 20:00:00,0.0869,0.0869,0.0869,0.0869,5214.0,60000,2025-09-22 20:09:59
2025-09-22 20:10:00,0.0869,0.0869,0.0869,0.0869,5214.0,60000,2025-09-22 20:19:59
2025-09-22 20:20:00,0.08685,0.08685,0.08685,0.08685,6948.0,80000,2025-09-22 20:29:59
2025-09-22 20:30:00,0.0869,0.0869,0.0869,0.0869,2607.0,30000,2025-09-22 20:39:59
2025-09-22 20:40:00,0.0869,0.0869,0.0869,0.0869,869.0,10000,2025-09-22 20:49:59
2025-09-22 20:50:00,0.0869,0.08675,0.0869,0.08675,3473.0,40000,2025-09-22 20:59:05
2025-09-22 21:20:00,0.0869,0.0869,0.0869,0.0869,1738.0,20000,2025-09-22 21:29:59
2025-09-22 21:30:00,0.0869,0.0869,0.0869,0.0869,6083.0,70000,2025-09-22 21:39:59
2025-09-22 21:50:00,0.0869,0.0869,0.0869,0.0869,5214.0,60000,2025-09-22 21:59:59
2025-09-22 22:00:00,0.0869,0.0869,0.0869,0.0869,4345.0,50000,2025-09-22 22:09:59
2025-09-22 22:10:00,0.0869,0.08675,0.0869,0.08675,19958.5,230000,2025-09-22 22:19:59
2025-09-22 22:20:00,0.0869,0.08695,0.08695,0.0869,11300.0,130000,2025-09-22 22:29:59
2025-09-22 22:30:00,0.0869,0.0869,0.0869,0.0869,869.0,10000,2025-09-22 22:39:59
2025-09-22 22:40:00,0.08695,0.0869,0.08695,0.0869,2608.0,30000,2025-09-22 22:48:05
2025-09-22 23:00:00,0.08695,0.08695,0.08695,0.08695,13912.0,160000,2025-09-22 23:09:59
2025-09-22 23:10:00,0.08695,0.08695,0.08695,0.08695,2608.5,30000,2025-09-22 23:19:59
2025-09-22 23:20:00,0.08695,0.08695,0.08695,0.08695,13042.5,150000,2025-09-22 23:29:59
2025-09-22 23:30:00,0.08695,0.08695,0.08695,0.08695,6956.0,80000,2025-09-22 23:39:59
2025-09-22 23:40:00,0.08695,0.08695,0.08695,0.08695,3478.0,40000,2025-09-22 23:42:05
2025-09-23 06:50:00,0.08665,0.08665,0.08665,0.08665,5199.0,60000,2025-09-23 06:59:59
2025-09-23 07:00:00,0.08665,0.08665,0.08665,0.08665,4332.5,50000,2025-09-23 07:09:59
2025-09-23 07:20:00,0.08665,0.08665,0.08665,0.08665,866.5,10000,2025-09-23 07:29:59
2025-09-23 07:30:00,0.08665,0.0874,0.0874,0.08665,144794.5,1660000,2025-09-23 07:39:59
2025-09-23 07:40:00,0.08745,0.0874,0.0878,0.0874,176152.5,2010000,2025-09-23 07:49:59
2025-09-23 07:50:00,0.08745,0.0873,0.08745,0.0873,87399.5,1000000,2025-09-23 07:59:01
2025-09-23 08:00:00,0.08745,0.08745,0.08745,0.08745,1749.0,20000,2025-09-23 08:09:59
2025-09-23 08:40:00,0.08725,0.0874,0.0874,0.08725,4368.5,50000,2025-09-23 08:44:02
2025-09-23 09:10:00,0.08735,0.0875,0.0875,0.08735,91802.5,1050000,2025-09-23 09:19:59
2025-09-23 09:20:00,0.08745,0.08725,0.08745,0.08725,70674.5,810000,2025-09-23 09:29:59
2025-09-23 09:50:00,0.0873,0.0874,0.0874,0.0873,13972.0,160000,2025-09-23 09:59:01
2025-09-23 10:00:00,0.08725,0.0874,0.0874,0.08725,13093.0,150000,2025-09-23 10:09:59
2025-09-23 10:10:00,0.08725,0.08725,0.08725,0.08725,17450.0,200000,2025-09-23 10:19:59
2025-09-23 10:20:00,0.0874,0.0874,0.0874,0.0874,41952.0,480000,2025-09-23 10:29:59
2025-09-23 10:30:00,0.0874,0.08745,0.08745,0.08725,74314.5,850000,2025-09-23 10:39:59
2025-09-23 10:40:00,0.08745,0.0874,0.08745,0.0874,87449.5,1000000,2025-09-23 10:49:59
2025-09-23 10:50:00,0.0873,0.0873,0.0874,0.0873,45397.0,520000,2025-09-23 10:59:59
2025-09-23 11:00:00,0.0873,0.0873,0.0873,0.0873,16587.0,190000,2025-09-23 11:09:59
2025-09-23 11:20:00,0.08725,0.08725,0.08725,0.08725,12215.0,140000,2025-09-23 11:29:59
2025-09-23 11:40:00,0.0873,0.08765,0.08775,0.0873,1249300.5,14270000,2025-09-23 11:49:59
2025-09-23 11:50:00,0.0878,0.0876,0.0878,0.0876,1754.0,20000,2025-09-23 11:54:03
2025-09-23 12:00:00,0.0878,0.08745,0.0878,0.08745,95401.5,1090000,2025-09-23 12:09:59
2025-09-23 12:10:00,0.08755,0.0876,0.0876,0.08755,4379.0,50000,2025-09-23 12:19:59
2025-09-23 12:20:00,0.08745,0.08765,0.08765,0.0874,181387.5,2070000,2025-09-23 12:29:59
2025-09-23 12:30:00,0.0877,0.0877,0.0877,0.0877,877.0,10000,2025-09-23 12:39:59
2025-09-23 12:40:00,0.0878,0.0878,0.0878,0.0878,13170.0,150000,2025-09-23 12:49:59
2025-09-23 12:50:00,0.0877,0.08795,0.0882,0.0876,514430.5,5850000,2025-09-23 12:58:03
2025-09-23 13:00:00,0.0879,0.08785,0.0879,0.08775,152001.5,1730000,2025-09-23 13:09:59
2025-09-23 13:10:00,0.0879,0.0878,0.0881,0.08775,52816.5,600000,2025-09-23 13:19:59
2025-09-23 13:20:00,0.0878,0.0885,0.0885,0.0878,570433.0,6470000,2025-09-23 13:29:59
2025-09-23 13:30:00,0.0885,0.0887,0.0887,0.0885,254271.5,2870000,2025-09-23 13:39:59
2025-09-23 13:40:00,0.0887,0.08845,0.0888,0.08845,172816.0,1950000,2025-09-23 13:49:59
2025-09-23 13:50:00,0.08845,0.08845,0.08845,0.08845,13267.5,150000,2025-09-23 13:57:07
2025-09-23 14:00:00,0.0886,0.08865,0.08865,0.0886,4431.0,50000,2025-09-23 14:09:59
2025-09-23 14:10:00,0.08845,0.08865,0.08865,0.08845,7078.0,80000,2025-09-23 14:19:59
2025-09-23 14:20:00,0.08845,0.08845,0.08845,0.0884,62784.5,710000,2025-09-23 14:29:59
2025-09-23 14:30:00,0.08845,0.08885,0.08885,0.0884,120509.5,1360000,2025-09-23 14:39:59
2025-09-23 14:40:00,0.08875,0.08885,0.08885,0.08875,22208.5,250000,2025-09-23 14:49:59
2025-09-23 14:50:00,0.0887,0.0887,0.0887,0.0887,7096.0,80000,2025-09-23 14:56:03
2025-09-23 15:00:00,0.08865,0.0889,0.0889,0.08865,52329.5,590000,2025-09-23 15:09:59
2025-09-23 15:10:00,0.08885,0.08885,0.08885,0.08885,6219.5,70000,2025-09-23 15:19:59
2025-09-23 15:20:00,0.08895,0.08895,0.08895,0.08895,200137.5,2250000,2025-09-23 15:29:59
2025-09-23 15:30:00,0.08895,0.089,0.089,0.08895,14234.0,160000,2025-09-23 15:39:59
2025-09-23 15:40:00,0.08895,0.089,0.089,0.08895,31135.5,350000,2025-09-23 15:49:59
2025-09-23 15:50:00,0.08895,0.08895,0.08895,0.08895,2668.5,30000,2025-09-23 15:53:03
2025-09-23 16:00:00,0.08895,0.08895,0.089,0.08895,39138.5,440000,2025-09-23 16:09:59
2025-09-23 16:10:00,0.08895,0.08895,0.08895,0.08895,195690.0,2200000,2025-09-23 16:19:59
2025-09-23 16:20:00,0.08895,0.08915,0.08915,0.08895,745983.5,8380000,2025-09-23 16:29:59
2025-09-23 16:30:00,0.08915,0.0894,0.0895,0.0891,645985.0,7240000,2025-09-23 16:39:59
2025-09-23 16:40:00,0.0894,0.0894,0.0894,0.0894,894.0,10000,2025-09-23 16:49:59
2025-09-23 16:50:00,0.0894,0.08945,0.08945,0.08925,19671.5,220000,2025-09-23 16:59:03
2025-09-23 17:00:00,0.0893,0.0893,0.0893,0.0893,4465.0,50000,2025-09-23 17:09:59
2025-09-23 17:10:00,0.0893,0.0893,0.0893,0.0893,19646.0,220000,2025-09-23 17:19:59
2025-09-23 17:20:00,0.08945,0.08945,0.08945,0.08945,9839.5,110000,2025-09-23 17:29:59
2025-09-23 17:30:00,0.0893,0.0893,0.0893,0.0892,3570.0,40000,2025-09-23 17:39:59
2025-09-23 17:40:00,0.0893,0.0892,0.0893,0.0892,102615.0,1150000,2025-09-23 17:49:59
2025-09-23 17:50:00,0.0892,0.08905,0.0892,0.08905,66844.0,750000,2025-09-23 17:59:59
2025-09-23 18:00:00,0.08915,0.08925,0.08925,0.08905,24939.5,280000,2025-09-23 18:09:59
2025-09-23 18:10:00,0.0892,0.08925,0.08925,0.08905,50789.5,570000,2025-09-23 18:19:59
2025-09-23 18:20:00,0.08905,0.08925,0.08925,0.0889,267051.0,3000000,2025-09-23 18:29:08
2025-09-23 19:00:00,0.08915,0.08915,0.08915,0.08915,891.5,10000,2025-09-23 19:09:59
2025-09-23 19:10:00,0.08925,0.08925,0.08925,0.08925,14280.0,160000,2025-09-23 19:19:59
2025-09-23 19:20:00,0.08925,0.08885,0.08925,0.08885,31117.5,350000,2025-09-23 19:29:59
2025-09-23 19:30:00,0.0889,0.08875,0.0889,0.0887,268905.5,3030000,2025-09-23 19:39:59
2025-09-23 19:40:00,0.0887,0.08855,0.0887,0.0885,61973.5,700000,2025-09-23 19:49:59
2025-09-23 19:50:00,0.08855,0.0885,0.08855,0.0885,88507.5,1000000,2025-09-23 19:57:08
2025-09-23 20:00:00,0.0885,0.0885,0.0885,0.0885,885.0,10000,2025-09-23 20:09:59
2025-09-23 20:10:00,0.0887,0.0889,0.0889,0.0887,49781.0,560000,2025-09-23 20:19:59
2025-09-23 20:20:00,0.0888,0.0888,0.0888,0.0888,7992.0,90000,2025-09-23 20:29:59
2025-09-23 20:30:00,0.0889,0.0889,0.0889,0.0889,3556.0,40000,2025-09-23 20:39:59
2025-09-23 20:40:00,0.0889,0.0889,0.0889,0.0889,4445.0,50000,2025-09-23 20:49:59
2025-09-23 20:50:00,0.0889,0.0885,0.0889,0.0885,84975.0,960000,2025-09-23 20:59:59
2025-09-23 21:00:00,0.08845,0.0883,0.08845,0.0883,334869.0,3790000,2025-09-23 21:09:59
2025-09-23 21:20:00,0.08835,0.08835,0.08835,0.08835,2650.5,30000,2025-09-23 21:29:59
2025-09-23 21:50:00,0.0884,0.08835,0.0884,0.08835,49480.0,560000,2025-09-23 21:59:59
2025-09-23 22:00:00,0.0884,0.08835,0.0884,0.08835,206741.5,2340000,2025-09-23 22:09:59
2025-09-23 22:10:00,0.08835,0.08775,0.0884,0.0876,597082.0,6780000,2025-09-23 22:19:59
2025-09-23 22:20:00,0.0876,0.08725,0.0876,0.08725,59456.5,680000,2025-09-23 22:29:59
2025-09-23 22:30:00,0.08725,0.08755,0.08755,0.08725,77877.5,890000,2025-09-23 22:39:59
2025-09-23 22:40:00,0.08755,0.0871,0.08755,0.08705,283434.5,3250000,2025-09-23 22:49:59
2025-09-23 22:50:00,0.0871,0.08655,0.0871,0.0865,165854.0,1910000,2025-09-23 22:59:59
2025-09-23 23:00:00,0.08685,0.08665,0.08685,0.0865,200776.5,2320000,2025-09-23 23:09:59
2025-09-23 23:10:00,0.0865,0.08635,0.0865,0.08625,30220.0,350000,2025-09-23 23:19:59
2025-09-23 23:20:00,0.08665,0.0868,0.0868,0.08665,17339.5,200000,2025-09-23 23:29:59
2025-09-23 23:30:00,0.0868,0.08655,0.087,0.0864,151959.5,1750000,2025-09-23 23:39:59
2025-09-23 23:40:00,0.08645,0.08675,0.08675,0.08625,281522.0,3260000,2025-09-23 23:49:09
2025-09-24 07:00:00,0.088,0.08755,0.0889,0.087,66563.0,760000,2025-09-24 07:09:59
2025-09-24 07:20:00,0.0874,0.0874,0.0874,0.0874,1748.0,20000,2025-09-24 07:29:59
2025-09-24 07:30:00,0.0874,0.0875,0.0875,0.0874,1749.0,20000,2025-09-24 07:39:59
2025-09-24 07:40:00,0.0872,0.0872,0.0872,0.0872,872.0,10000,2025-09-24 07:49:59
2025-09-24 07:50:00,0.08745,0.0875,0.0875,0.08745,6124.5,70000,2025-09-24 07:58:06
2025-09-24 08:00:00,0.0875,0.0875,0.0875,0.0875,2625.0,30000,2025-09-24 08:09:59
2025-09-24 08:10:00,0.0875,0.08765,0.08765,0.0875,124376.5,1420000,2025-09-24 08:19:59
2025-09-24 08:20:00,0.08735,0.0871,0.08735,0.0871,1744.5,20000,2025-09-24 08:29:59
2025-09-24 08:30:00,0.08755,0.0879,0.0879,0.08755,148298.0,1690000,2025-09-24 08:39:59
2025-09-24 08:40:00,0.0876,0.0878,0.0878,0.0875,35963.0,410000,2025-09-24 08:49:59
2025-09-24 08:50:00,0.0877,0.0877,0.0877,0.0877,3508.0,40000,2025-09-24 08:59:59
2025-09-24 09:00:00,0.08775,0.08765,0.08775,0.08765,84189.5,960000,2025-09-24 09:09:59
2025-09-24 09:10:00,0.0874,0.08735,0.0874,0.0872,5238.0,60000,2025-09-24 09:19:59
2025-09-24 09:40:00,0.0871,0.08675,0.0871,0.08675,99104.0,1140000,2025-09-24 09:49:59
2025-09-24 09:50:00,0.08685,0.08655,0.08705,0.08645,677501.0,7810000,2025-09-24 09:58:02
2025-09-24 10:00:00,0.0865,0.0862,0.08655,0.0862,238404.0,2760000,2025-09-24 10:09:59
2025-09-24 10:10:00,0.0862,0.08645,0.08645,0.08605,483481.5,5610000,2025-09-24 10:19:59
2025-09-24 10:20:00,0.08645,0.0871,0.0871,0.08645,275423.5,3170000,2025-09-24 10:29:59
2025-09-24 10:30:00,0.0871,0.0875,0.0875,0.08705,357739.5,4100000,2025-09-24 10:39:59
2025-09-24 10:40:00,0.08735,0.0871,0.0874,0.0871,74233.5,850000,2025-09-24 10:49:59
2025-09-24 10:50:00,0.0873,0.0875,0.0875,0.0873,22708.0,260000,2025-09-24 10:59:59
2025-09-24 11:00:00,0.08745,0.0871,0.08745,0.08685,394368.0,4530000,2025-09-24 11:09:59
2025-09-24 11:10:00,0.087,0.08745,0.08745,0.087,186105.5,2130000,2025-09-24 11:19:59
2025-09-24 11:20:00,0.08745,0.0875,0.0875,0.08745,20990.0,240000,2025-09-24 11:29:59
2025-09-24 11:30:00,0.08745,0.08755,0.08755,0.08735,58613.0,670000,2025-09-24 11:39:59
2025-09-24 11:40:00,0.0876,0.0876,0.0876,0.0876,4380.0,50000,2025-09-24 11:49:59
2025-09-24 11:50:00,0.0876,0.0876,0.0876,0.0876,8760.0,100000,2025-09-24 11:59:59
2025-09-24 12:10:00,0.0874,0.08725,0.0874,0.08725,87316.5,1000000,2025-09-24 12:19:59
2025-09-24 12:20:00,0.0873,0.08745,0.08745,0.08725,15718.5,180000,2025-09-24 12:29:59
2025-09-24 12:30:00,0.08725,0.08725,0.08725,0.08725,6107.5,70000,2025-09-24 12:39:59
2025-09-24 12:40:00,0.08725,0.0872,0.08725,0.0872,195389.5,2240000,2025-09-24 12:49:59
2025-09-24 12:50:00,0.08725,0.0872,0.0873,0.0872,127365.0,1460000,2025-09-24 12:59:59
2025-09-24 13:00:00,0.08735,0.08735,0.08735,0.08735,14849.5,170000,2025-09-24 13:09:59
2025-09-24 13:10:00,0.0873,0.0873,0.0873,0.0873,16587.0,190000,2025-09-24 13:19:59
2025-09-24 13:20:00,0.0873,0.0872,0.0873,0.0872,7855.0,90000,2025-09-24 13:29:59
2025-09-24 13:30:00,0.0874,0.0874,0.0874,0.0874,13984.0,160000,2025-09-24 13:39:59
2025-09-24 13:40:00,0.08725,0.0874,0.0874,0.08725,11357.5,130000,2025-09-24 13:49:59
2025-09-24 13:50:00,0.0872,0.08715,0.0872,0.08715,63631.0,730000,2025-09-24 13:59:59
2025-09-24 14:00:00,0.08715,0.0873,0.0873,0.08715,20950.5,240000,2025-09-24 14:09:59
2025-09-24 14:10:00,0.0873,0.0873,0.0873,0.0873,13095.0,150000,2025-09-24 14:19:59
2025-09-24 14:30:00,0.08735,0.08735,0.08735,0.08735,873.5,10000,2025-09-24 14:39:59
2025-09-24 14:40:00,0.08735,0.08735,0.08735,0.08735,2620.5,30000,2025-09-24 14:49:59
2025-09-24 14:50:00,0.0873,0.0874,0.0874,0.08725,32291.5,370000,2025-09-24 14:55:08
2025-09-24 15:20:00,0.0874,0.0875,0.0875,0.0874,34971.0,400000,2025-09-24 15:29:59
2025-09-24 15:50:00,0.0873,0.08725,0.0873,0.08725,116975.0,1340000,2025-09-24 15:56:08
2025-09-24 16:10:00,0.08725,0.08725,0.08745,0.08725,26194.5,300000,2025-09-24 16:19:59
2025-09-24 16:20:00,0.0875,0.08835,0.08835,0.0875,1900607.0,21630000,2025-09-24 16:29:59
2025-09-24 16:30:00,0.0881,0.08775,0.0881,0.08775,126583.0,1440000,2025-09-24 16:39:59
2025-09-24 16:40:00,0.08775,0.09035,0.0907,0.0877,2563844.5,28790000,2025-09-24 16:49:59
2025-09-24 16:50:00,0.09055,0.0898,0.09055,0.0898,202503.5,2250000,2025-09-24 16:59:08
2025-09-24 17:00:00,0.08985,0.08925,0.0902,0.08925,380059.0,4250000,2025-09-24 17:09:59
2025-09-24 17:10:00,0.08925,0.09025,0.0906,0.08915,668422.0,7470000,2025-09-24 17:19:59
2025-09-24 17:20:00,0.09025,0.0933,0.095,0.0899,12264855.5,131690000,2025-09-24 17:29:59
2025-09-24 17:30:00,0.0932,0.0935,0.097,0.0931,7047506.0,74590000,2025-09-24 17:39:59
2025-09-24 17:40:00,0.0935,0.0933,0.0935,0.0931,2683358.5,28800000,2025-09-24 17:49:59
2025-09-24 17:50:00,0.09315,0.09465,0.09555,0.0931,6575610.5,69490000,2025-09-24 17:59:59
2025-09-24 18:00:00,0.09495,0.0936,0.09525,0.0934,1576386.5,16690000,2025-09-24 18:09:59
2025-09-24 18:10:00,0.09385,0.09425,0.0948,0.09355,1020179.0,10870000,2025-09-24 18:19:59
2025-09-24 18:20:00,0.09395,0.09355,0.0942,0.09355,1075371.0,11460000,2025-09-24 18:29:59
2025-09-24 18:30:00,0.0936,0.09425,0.09435,0.09355,341953.5,3640000,2025-09-24 18:39:59
2025-09-24 18:40:00,0.09405,0.09405,0.09405,0.09405,80883.0,860000,2025-09-24 18:48:09
2025-09-24 19:00:00,0.09405,0.0943,0.0943,0.09405,230649.5,2450000,2025-09-24 19:09:59
2025-09-24 19:10:00,0.0942,0.09425,0.0944,0.094,800428.0,8490000,2025-09-24 19:19:59
2025-09-24 19:20:00,0.09425,0.09445,0.0945,0.0939,653097.0,6940000,2025-09-24 19:29:59
2025-09-24 19:30:00,0.0944,0.0942,0.09445,0.0942,172695.0,1830000,2025-09-24 19:39:59
2025-09-24 19:40:00,0.0942,0.094,0.09425,0.094,84734.0,900000,2025-09-24 19:49:59
2025-09-24 19:50:00,0.09405,0.09405,0.09405,0.09365,343437.0,3660000,2025-09-24 19:59:59
2025-09-24 20:00:00,0.09375,0.0938,0.09435,0.09365,200665.5,2130000,2025-09-24 20:09:59
2025-09-24 20:10:00,0.0937,0.0928,0.0937,0.092,2319481.5,24990000,2025-09-24 20:19:59
2025-09-24 20:20:00,0.093,0.0935,0.0935,0.093,473118.0,5070000,2025-09-24 20:29:59
2025-09-24 20:30:00,0.0935,0.09335,0.0938,0.09305,281057.5,3000000,2025-09-24 20:39:59
2025-09-24 20:40:00,0.09335,0.09355,0.09355,0.09335,96200.0,1030000,2025-09-24 20:49:59
2025-09-24 20:50:00,0.09355,0.0936,0.09365,0.09355,269638.5,2880000,2025-09-24 20:59:59
2025-09-24 21:00:00,0.09365,0.09335,0.09365,0.09335,57918.5,620000,2025-09-24 21:09:59
2025-09-24 21:10:00,0.09335,0.09395,0.09395,0.0931,463990.0,4950000,2025-09-24 21:19:59
2025-09-24 21:20:00,0.094,0.09375,0.0942,0.09365,80923.5,860000,2025-09-24 21:29:59
2025-09-24 21:30:00,0.0937,0.09325,0.0937,0.09325,2802.0,30000,2025-09-24 21:39:59
2025-09-24 21:40:00,0.0933,0.0929,0.0933,0.09275,500866.5,5390000,2025-09-24 21:49:59
2025-09-24 21:50:00,0.0929,0.0927,0.0929,0.0927,112227.5,1210000,2025-09-24 21:58:04
2025-09-24 22:00:00,0.0927,0.0928,0.0928,0.0927,64923.5,700000,2025-09-24 22:09:59
2025-09-24 22:10:00,0.0928,0.0926,0.0929,0.0926,85267.0,920000,2025-09-24 22:19:59
2025-09-24 22:20:00,0.0925,0.0926,0.0926,0.0924,17583.0,190000,2025-09-24 22:29:59
2025-09-24 22:30:00,0.0926,0.0925,0.0926,0.0925,17588.0,190000,2025-09-24 22:39:59
2025-09-24 22:40:00,0.0925,0.0934,0.0934,0.0922,1784821.0,19180000,2025-09-24 22:49:59
2025-09-24 22:50:00,0.0935,0.0945,0.0945,0.0935,1393140.0,14800000,2025-09-24 22:59:59
2025-09-24 23:00:00,0.0945,0.0941,0.0945,0.0941,50022.0,530000,2025-09-24 23:09:59
2025-09-24 23:10:00,0.0941,0.0942,0.0948,0.0941,146493.0,1550000,2025-09-24 23:19:59
2025-09-24 23:20:00,0.0943,0.09465,0.0948,0.0939,86824.0,920000,2025-09-24 23:29:59
2025-09-24 23:30:00,0.0948,0.0952,0.09575,0.0947,1710061.5,17950000,2025-09-24 23:39:59
2025-09-24 23:40:00,0.0952,0.0953,0.09565,0.0951,147671.5,1550000,2025-09-24 23:49:59
2025-09-25 06:50:00,0.0952,0.0952,0.0952,0.0952,9520.0,100000,2025-09-25 06:59:59
2025-09-25 07:00:00,0.0952,0.09475,0.09525,0.0947,356943.0,3760000,2025-09-25 07:09:59
2025-09-25 07:10:00,0.09475,0.094,0.09475,0.09395,292373.0,3100000,2025-09-25 07:19:59
2025-09-25 07:20:00,0.094,0.0941,0.09435,0.094,58443.5,620000,2025-09-25 07:29:59
2025-09-25 07:30:00,0.09435,0.09435,0.09435,0.09435,105672.0,1120000,2025-09-25 07:39:59
2025-09-25 07:40:00,0.09435,0.09445,0.09445,0.09435,243483.0,2580000,2025-09-25 07:49:59
2025-09-25 07:50:00,0.09455,0.09455,0.09455,0.09455,6618.5,70000,2025-09-25 07:59:59
2025-09-25 08:00:00,0.09455,0.09495,0.095,0.0945,171218.5,1810000,2025-09-25 08:09:59
2025-09-25 08:10:00,0.09455,0.0945,0.0948,0.0945,5677.0,60000,2025-09-25 08:19:59
2025-09-25 08:20:00,0.0945,0.09475,0.09475,0.0945,7574.5,80000,2025-09-25 08:29:59
2025-09-25 08:30:00,0.09475,0.09405,0.09475,0.09405,88685.5,940000,2025-09-25 08:39:59
2025-09-25 08:40:00,0.09415,0.09465,0.09465,0.09415,6613.0,70000,2025-09-25 08:49:59
2025-09-25 08:50:00,0.09425,0.09415,0.09425,0.09415,65974.0,700000,2025-09-25 08:59:59
2025-09-25 09:00:00,0.09415,0.09375,0.09425,0.0936,82677.0,880000,2025-09-25 09:09:59
2025-09-25 09:10:00,0.0935,0.0943,0.0943,0.09335,614437.0,6560000,2025-09-25 09:19:59
2025-09-25 09:20:00,0.0941,0.09385,0.0941,0.09385,21598.5,230000,2025-09-25 09:29:59
2025-09-25 09:30:00,0.09385,0.0938,0.09385,0.09355,243363.0,2600000,2025-09-25 09:39:59
2025-09-25 09:40:00,0.09385,0.0948,0.0948,0.09385,127322.5,1350000,2025-09-25 09:49:59
2025-09-25 09:50:00,0.09465,0.09595,0.096,0.09425,909890.5,9570000,2025-09-25 09:59:59
2025-09-25 10:00:00,0.09595,0.09535,0.09595,0.0951,434236.0,4540000,2025-09-25 10:09:59
2025-09-25 10:10:00,0.0951,0.09505,0.09545,0.09505,191577.5,2010000,2025-09-25 10:19:59
2025-09-25 10:20:00,0.09515,0.09525,0.0955,0.09425,454398.0,4790000,2025-09-25 10:29:59
2025-09-25 10:30:00,0.0953,0.09515,0.09545,0.09505,70457.5,740000,2025-09-25 10:39:59
2025-09-25 10:40:00,0.09515,0.09505,0.09515,0.09505,83713.0,880000,2025-09-25 10:49:59
2025-09-25 10:50:00,0.0952,0.0952,0.0953,0.09495,134986.0,1420000,2025-09-25 10:59:59
2025-09-25 11:00:00,0.0951,0.09495,0.0951,0.09495,103507.0,1090000,2025-09-25 11:09:59
2025-09-25 11:10:00,0.09495,0.09525,0.09525,0.09485,243007.5,2560000,2025-09-25 11:19:59
2025-09-25 11:20:00,0.0952,0.0952,0.0952,0.0952,7616.0,80000,2025-09-25 11:29:59
2025-09-25 11:30:00,0.0949,0.09455,0.0949,0.09435,360792.5,3810000,2025-09-25 11:39:59
2025-09-25 11:40:00,0.09455,0.0945,0.0948,0.0945,104026.5,1100000,2025-09-25 11:49:59
2025-09-25 11:50:00,0.09475,0.0948,0.0948,0.09455,53070.5,560000,2025-09-25 11:59:02
2025-09-25 12:00:00,0.09455,0.09475,0.09475,0.0945,71866.0,760000,2025-09-25 12:09:59
2025-09-25 12:10:00,0.09475,0.09415,0.09475,0.09415,205924.5,2180000,2025-09-25 12:19:59
2025-09-25 12:20:00,0.09425,0.09435,0.09435,0.09425,11317.5,120000,2025-09-25 12:29:59
2025-09-25 12:30:00,0.0942,0.09415,0.0942,0.09415,18830.5,200000,2025-09-25 12:39:59
2025-09-25 12:40:00,0.09425,0.09395,0.09425,0.09375,538789.0,5730000,2025-09-25 12:49:59
2025-09-25 12:50:00,0.09415,0.09395,0.09425,0.09395,32011.0,340000,2025-09-25 12:59:59
2025-09-25 13:00:00,0.09395,0.094,0.0941,0.0938,105096.0,1120000,2025-09-25 13:09:59
2025-09-25 13:10:00,0.0941,0.094,0.0941,0.0939,9404.5,100000,2025-09-25 13:19:59
2025-09-25 13:20:00,0.094,0.09395,0.0941,0.09375,61934.5,660000,2025-09-25 13:29:59
2025-09-25 13:30:00,0.0941,0.0941,0.0941,0.09395,2821.5,30000,2025-09-25 13:39:59
2025-09-25 13:40:00,0.09395,0.09395,0.094,0.09395,6577.5,70000,2025-09-25 13:49:59
2025-09-25 13:50:00,0.09395,0.09395,0.09405,0.09395,11275.0,120000,2025-09-25 13:56:03
2025-09-25 14:00:00,0.094,0.09395,0.09425,0.09395,579970.0,6160000,2025-09-25 14:09:59
2025-09-25 14:10:00,0.094,0.094,0.09425,0.094,34842.0,370000,2025-09-25 14:19:59
2025-09-25 14:20:00,0.0942,0.09405,0.0942,0.09405,1882.5,20000,2025-09-25 14:29:59
2025-09-25 14:30:00,0.094,0.09395,0.094,0.09395,46989.0,500000,2025-09-25 14:39:59
2025-09-25 14:40:00,0.094,0.09395,0.094,0.09395,18792.5,200000,2025-09-25 14:49:59
2025-09-25 14:50:00,0.094,0.09415,0.09415,0.094,6588.5,70000,2025-09-25 14:59:59
2025-09-25 15:00:00,0.0942,0.09425,0.09425,0.0942,33925.0,360000,2025-09-25 15:09:59
2025-09-25 15:10:00,0.09425,0.0943,0.0944,0.09425,147198.5,1560000,2025-09-25 15:19:59
2025-09-25 15:20:00,0.09435,0.0941,0.0944,0.0941,24508.5,260000,2025-09-25 15:29:59
2025-09-25 15:30:00,0.0941,0.0941,0.0941,0.0941,16938.0,180000,2025-09-25 15:39:59
2025-09-25 15:40:00,0.0943,0.09435,0.09435,0.09425,71698.5,760000,2025-09-25 15:49:59
2025-09-25 15:50:00,0.0941,0.09485,0.09485,0.09385,880870.5,9330000,2025-09-25 15:59:59
2025-09-25 16:00:00,0.09455,0.0945,0.09465,0.0944,77513.5,820000,2025-09-25 16:09:59
2025-09-25 16:10:00,0.09455,0.09455,0.09455,0.09455,1891.0,20000,2025-09-25 16:19:59
2025-09-25 16:20:00,0.09435,0.09415,0.09435,0.09365,674958.0,7190000,2025-09-25 16:29:59
2025-09-25 16:30:00,0.09415,0.09395,0.09415,0.09395,13161.0,140000,2025-09-25 16:39:59
2025-09-25 16:40:00,0.09395,0.09405,0.0941,0.09385,58238.5,620000,2025-09-25 16:49:59
2025-09-25 16:50:00,0.09385,0.09385,0.09385,0.09385,2815.5,30000,2025-09-25 16:56:07
2025-09-25 17:00:00,0.0938,0.0935,0.0938,0.0935,49663.5,530000,2025-09-25 17:09:59
2025-09-25 17:10:00,0.09375,0.09375,0.09375,0.09345,241335.0,2580000,2025-09-25 17:19:59
2025-09-25 17:30:00,0.09385,0.09395,0.09395,0.09365,18757.0,200000,2025-09-25 17:39:59
2025-09-25 17:40:00,0.09385,0.0938,0.09385,0.0938,8442.5,90000,2025-09-25 17:49:59
2025-09-25 17:50:00,0.0938,0.09415,0.09415,0.09375,178574.5,1900000,2025-09-25 17:57:03
2025-09-25 18:00:00,0.094,0.094,0.094,0.094,940.0,10000,2025-09-25 18:09:59
2025-09-25 18:10:00,0.09375,0.09305,0.09375,0.09295,222294.5,2380000,2025-09-25 18:19:59
2025-09-25 18:20:00,0.09295,0.09325,0.09325,0.0926,102380.0,1100000,2025-09-25 18:29:59
2025-09-25 18:30:00,0.09305,0.0931,0.09335,0.09305,92262.0,990000,2025-09-25 18:39:59
2025-09-25 18:40:00,0.09315,0.09315,0.09315,0.09315,23287.5,250000,2025-09-25 18:48:03
2025-09-25 19:00:00,0.0932,0.0932,0.0932,0.09295,65163.5,700000,2025-09-25 19:09:59
2025-09-25 19:10:00,0.0932,0.0932,0.0932,0.0932,10252.0,110000,2025-09-25 19:19:59
2025-09-25 19:20:00,0.0934,0.0934,0.0934,0.0934,10274.0,110000,2025-09-25 19:29:59
2025-09-25 19:30:00,0.09355,0.09375,0.09375,0.09355,25260.5,270000,2025-09-25 19:39:59
2025-09-25 19:50:00,0.09375,0.09375,0.09375,0.09375,9375.0,100000,2025-09-25 19:59:08
2025-09-25 20:00:00,0.0936,0.09355,0.0938,0.09355,43090.0,460000,2025-09-25 20:09:59
2025-09-25 20:10:00,0.09385,0.09385,0.09385,0.09385,1877.0,20000,2025-09-25 20:19:59
2025-09-25 20:30:00,0.0936,0.0936,0.0936,0.0936,10296.0,110000,2025-09-25 20:39:59
2025-09-25 20:40:00,0.0936,0.0936,0.0936,0.0936,19656.0,210000,2025-09-25 20:49:13
2025-09-25 21:00:00,0.09355,0.09355,0.09355,0.09355,13097.0,140000,2025-09-25 21:09:59
2025-09-25 21:10:00,0.09355,0.09315,0.09355,0.09295,287855.5,3090000,2025-09-25 21:19:59
2025-09-25 21:20:00,0.09345,0.09345,0.09345,0.09345,934.5,10000,2025-09-25 21:29:59
2025-09-25 21:30:00,0.093,0.093,0.093,0.093,10230.0,110000,2025-09-25 21:39:59
2025-09-25 21:40:00,0.09295,0.09295,0.09295,0.09295,65994.5,710000,2025-09-25 21:49:59
2025-09-25 21:50:00,0.0931,0.09275,0.0931,0.09275,274172.0,2950000,2025-09-25 21:59:59
2025-09-25 22:00:00,0.0929,0.0929,0.0929,0.0929,44592.0,480000,2025-09-25 22:09:59
2025-09-25 22:10:00,0.0928,0.0928,0.0928,0.0928,928.0,10000,2025-09-25 22:19:59
2025-09-25 22:20:00,0.0928,0.0928,0.0928,0.0928,32480.0,350000,2025-09-25 22:29:59
2025-09-25 22:30:00,0.09295,0.09295,0.09295,0.09295,47404.5,510000,2025-09-25 22:39:59
2025-09-25 22:40:00,0.09295,0.09295,0.09295,0.09295,59488.0,640000,2025-09-25 22:49:59
2025-09-25 22:50:00,0.09285,0.09295,0.09295,0.09285,20436.0,220000,2025-09-25 22:59:03
2025-09-25 23:00:00,0.09295,0.09295,0.09295,0.09295,929.5,10000,2025-09-25 23:09:59
2025-09-25 23:20:00,0.0929,0.09285,0.09295,0.09285,55729.0,600000,2025-09-25 23:29:59
2025-09-25 23:30:00,0.09285,0.09295,0.09295,0.09285,53889.0,580000,2025-09-25 23:39:59
2025-09-25 23:40:00,0.0928,0.09295,0.09295,0.0928,153355.5,1650000,2025-09-25 23:49:59
2025-09-26 07:00:00,0.0934,0.09315,0.0934,0.09315,2799.0,30000,2025-09-26 07:09:59
2025-09-26 07:10:00,0.0932,0.0933,0.0933,0.0932,1865.0,20000,2025-09-26 07:19:59
2025-09-26 07:30:00,0.09315,0.09315,0.09315,0.09315,931.5,10000,2025-09-26 07:39:59
2025-09-26 07:40:00,0.093,0.09275,0.093,0.09275,13922.0,150000,2025-09-26 07:49:59
2025-09-26 08:10:00,0.09275,0.09275,0.09275,0.09275,1855.0,20000,2025-09-26 08:19:59
2025-09-26 08:20:00,0.0928,0.09245,0.0928,0.092,311280.5,3370000,2025-09-26 08:29:59
2025-09-26 08:40:00,0.0924,0.09225,0.0924,0.09145,771308.5,8400000,2025-09-26 08:49:59
2025-09-26 08:50:00,0.09225,0.09225,0.09225,0.09225,13837.5,150000,2025-09-26 08:56:06
2025-09-26 09:00:00,0.0923,0.09245,0.09245,0.0923,17544.5,190000,2025-09-26 09:09:59
2025-09-26 09:10:00,0.09245,0.0923,0.09245,0.0923,4618.0,50000,2025-09-26 09:19:59
2025-09-26 09:20:00,0.09245,0.0925,0.0925,0.09245,4623.0,50000,2025-09-26 09:29:59
2025-09-26 09:30:00,0.0925,0.0923,0.0925,0.0923,28671.0,310000,2025-09-26 09:39:59
2025-09-26 09:40:00,0.0925,0.0925,0.0925,0.0925,1850.0,20000,2025-09-26 09:49:59
2025-09-26 09:50:00,0.0925,0.0925,0.0925,0.0921,15709.0,170000,2025-09-26 09:59:59
2025-09-26 10:10:00,0.09215,0.0923,0.0926,0.0921,246760.5,2670000,2025-09-26 10:19:59
2025-09-26 10:20:00,0.09225,0.0922,0.0923,0.09185,397601.0,4320000,2025-09-26 10:29:59
2025-09-26 10:30:00,0.092,0.0922,0.0922,0.092,14750.0,160000,2025-09-26 10:39:59
2025-09-26 10:40:00,0.0921,0.09225,0.0926,0.0921,503689.0,5450000,2025-09-26 10:49:59
2025-09-26 10:50:00,0.09235,0.09245,0.09245,0.09235,7389.0,80000,2025-09-26 10:52:02
2025-09-26 11:00:00,0.09245,0.09265,0.093,0.09245,93618.0,1010000,2025-09-26 11:09:59
2025-09-26 11:10:00,0.0925,0.0923,0.0925,0.0923,44332.5,480000,2025-09-26 11:19:59
2025-09-26 11:30:00,0.09215,0.092,0.0922,0.0917,353038.0,3840000,2025-09-26 11:39:59
2025-09-26 11:40:00,0.092,0.09175,0.092,0.0917,22043.5,240000,2025-09-26 11:49:59
2025-09-26 11:50:00,0.0919,0.0917,0.0919,0.09165,139459.0,1520000,2025-09-26 11:59:59
2025-09-26 12:00:00,0.0917,0.0913,0.0917,0.0903,2081585.0,22880000,2025-09-26 12:09:59
2025-09-26 12:10:00,0.0914,0.09125,0.0914,0.09105,92024.0,1010000,2025-09-26 12:19:59
2025-09-26 12:20:00,0.09105,0.09125,0.09135,0.091,131356.5,1440000,2025-09-26 12:29:59
2025-09-26 12:30:00,0.091,0.09135,0.09135,0.091,62965.0,690000,2025-09-26 12:39:59
2025-09-26 12:40:00,0.0914,0.0917,0.0917,0.09125,170278.0,1860000,2025-09-26 12:49:59
2025-09-26 12:50:00,0.09155,0.09185,0.09185,0.09155,68784.5,750000,2025-09-26 12:55:03
2025-09-26 13:00:00,0.09175,0.09145,0.09175,0.0914,142107.0,1550000,2025-09-26 13:09:59
2025-09-26 13:10:00,0.0916,0.0918,0.0918,0.0915,8254.0,90000,2025-09-26 13:19:59
2025-09-26 13:20:00,0.0918,0.09195,0.0925,0.09175,425863.0,4620000,2025-09-26 13:29:59
2025-09-26 13:30:00,0.09195,0.092,0.092,0.09175,54170.5,590000,2025-09-26 13:39:59
2025-09-26 13:40:00,0.09185,0.0919,0.0919,0.09175,5507.5,60000,2025-09-26 13:49:59
2025-09-26 13:50:00,0.0919,0.09175,0.0919,0.09175,26628.5,290000,2025-09-26 13:59:59
2025-09-26 14:00:00,0.0919,0.0918,0.092,0.0918,29426.0,320000,2025-09-26 14:09:59
2025-09-26 14:10:00,0.09175,0.09175,0.09175,0.09175,917.5,10000,2025-09-26 14:19:59
2025-09-26 14:20:00,0.09185,0.09185,0.09185,0.09185,918.5,10000,2025-09-26 14:29:59
2025-09-26 14:30:00,0.09185,0.09175,0.09185,0.09175,11929.5,130000,2025-09-26 14:39:59
2025-09-26 14:40:00,0.09175,0.09175,0.09175,0.09175,10092.5,110000,2025-09-26 14:49:59
2025-09-26 14:50:00,0.0919,0.0919,0.0919,0.0919,919.0,10000,2025-09-26 14:58:08
2025-09-26 15:00:00,0.09185,0.09185,0.09185,0.09175,2754.5,30000,2025-09-26 15:09:59
2025-09-26 15:10:00,0.09185,0.0917,0.09185,0.0917,3671.5,40000,2025-09-26 15:19:59
2025-09-26 15:20:00,0.09185,0.0919,0.0919,0.09185,9187.0,100000,2025-09-26 15:29:59
2025-09-26 15:30:00,0.0917,0.0917,0.0917,0.0917,3668.0,40000,2025-09-26 15:39:59
2025-09-26 15:40:00,0.0919,0.0919,0.0919,0.0919,1838.0,20000,2025-09-26 15:49:59
2025-09-26 15:50:00,0.0919,0.09185,0.0919,0.09185,14702.0,160000,2025-09-26 15:59:59
2025-09-26 16:00:00,0.0919,0.092,0.092,0.09185,28488.5,310000,2025-09-26 16:09:59
2025-09-26 16:10:00,0.092,0.092,0.092,0.092,4600.0,50000,2025-09-26 16:19:59
2025-09-26 16:20:00,0.09185,0.09185,0.09185,0.09185,5511.0,60000,2025-09-26 16:29:59
2025-09-26 16:30:00,0.09185,0.09205,0.09205,0.0918,39531.5,430000,2025-09-26 16:39:59
2025-09-26 16:50:00,0.09185,0.09205,0.09205,0.09185,2759.5,30000,2025-09-26 16:58:08
2025-09-26 17:00:00,0.09185,0.0918,0.09185,0.0918,9181.0,100000,2025-09-26 17:09:59
2025-09-26 17:10:00,0.0918,0.09185,0.09205,0.0918,65300.0,710000,2025-09-26 17:19:59
2025-09-26 17:20:00,0.09195,0.0918,0.092,0.0918,8270.0,90000,2025-09-26 17:29:59
2025-09-26 17:30:00,0.0919,0.0919,0.0919,0.0919,919.0,10000,2025-09-26 17:39:59
2025-09-26 17:40:00,0.09195,0.0919,0.09195,0.0919,22056.5,240000,2025-09-26 17:49:59
2025-09-26 17:50:00,0.092,0.0921,0.0921,0.092,22088.5,240000,2025-09-26 17:59:59
2025-09-26 18:00:00,0.092,0.09215,0.09215,0.092,39569.5,430000,2025-09-26 18:09:59
2025-09-26 18:10:00,0.0922,0.09225,0.09225,0.0922,49811.0,540000,2025-09-26 18:19:59
2025-09-26 18:20:00,0.09215,0.09195,0.09215,0.09185,109347.5,1190000,2025-09-26 18:29:59
2025-09-26 18:30:00,0.09185,0.0918,0.09185,0.0916,89915.0,980000,2025-09-26 18:36:09
2025-09-26 19:00:00,0.09165,0.0918,0.0918,0.0916,2750.5,30000,2025-09-26 19:09:59
2025-09-26 19:20:00,0.0916,0.0919,0.0919,0.0916,91890.5,1000000,2025-09-26 19:29:59
2025-09-26 19:40:00,0.09165,0.09155,0.09165,0.09105,342087.0,3750000,2025-09-26 19:49:59
2025-09-26 19:50:00,0.09155,0.0917,0.0917,0.09155,36654.0,400000,2025-09-26 19:55:04
2025-09-26 20:00:00,0.0917,0.09155,0.09175,0.09105,110652.0,1210000,2025-09-26 20:09:59
2025-09-26 20:10:00,0.0916,0.09165,0.09165,0.0916,4582.0,50000,2025-09-26 20:19:59
2025-09-26 20:20:00,0.0917,0.09175,0.09175,0.0917,49525.0,540000,2025-09-26 20:29:59
2025-09-26 20:40:00,0.0918,0.0918,0.0918,0.0918,10098.0,110000,2025-09-26 20:49:59
2025-09-26 20:50:00,0.0918,0.0918,0.0918,0.0918,918.0,10000,2025-09-26 20:57:04
2025-09-26 21:00:00,0.09185,0.0918,0.09185,0.0918,7344.5,80000,2025-09-26 21:09:59
2025-09-26 21:10:00,0.0915,0.0917,0.0917,0.0915,69542.0,760000,2025-09-26 21:19:59
2025-09-26 21:20:00,0.0919,0.0919,0.0919,0.0919,9190.0,100000,2025-09-26 21:29:59
2025-09-26 21:30:00,0.0919,0.0916,0.0919,0.0916,3671.0,40000,2025-09-26 21:39:59
2025-09-26 21:40:00,0.09155,0.0913,0.09155,0.0913,50277.0,550000,2025-09-26 21:49:59
2025-09-26 21:50:00,0.09165,0.09175,0.09175,0.09165,60554.0,660000,2025-09-26 21:53:14
2025-09-26 22:00:00,0.09185,0.09185,0.09185,0.09185,918.5,10000,2025-09-26 22:09:59
2025-09-26 22:20:00,0.09155,0.09135,0.09155,0.09135,4573.5,50000,2025-09-26 22:29:59
2025-09-26 22:30:00,0.0918,0.0918,0.0918,0.0918,2754.0,30000,2025-09-26 22:39:59
2025-09-26 22:40:00,0.09155,0.0915,0.09155,0.0915,10070.0,110000,2025-09-26 22:48:14
2025-09-26 23:10:00,0.0917,0.0917,0.0917,0.0917,917.0,10000,2025-09-26 23:19:59
2025-09-26 23:20:00,0.0915,0.0915,0.0915,0.0915,14640.0,160000,2025-09-26 23:29:59
2025-09-26 23:30:00,0.0915,0.09165,0.09165,0.0915,6408.0,70000,2025-09-26 23:39:59
2025-09-26 23:40:00,0.0914,0.09135,0.0914,0.09135,22845.5,250000,2025-09-26 23:43:04
2025-09-27 10:40:00,0.0916,0.0914,0.0916,0.0914,4572.0,50000,2025-09-27 10:49:59
2025-09-27 10:50:00,0.09145,0.09145,0.09145,0.0914,2743.0,30000,2025-09-27 10:58:01
2025-09-27 11:00:00,0.09135,0.0913,0.09135,0.0913,14609.0,160000,2025-09-27 11:09:59
2025-09-27 11:20:00,0.0913,0.0913,0.0913,0.0913,3652.0,40000,2025-09-27 11:21:01
2025-09-27 12:10:00,0.09145,0.09205,0.09265,0.0912,717220.0,7790000,2025-09-27 12:19:59
2025-09-27 12:20:00,0.0925,0.0925,0.0925,0.0925,31450.0,340000,2025-09-27 12:29:59
2025-09-27 12:30:00,0.0925,0.09225,0.0925,0.09225,5538.0,60000,2025-09-27 12:39:59
2025-09-27 12:40:00,0.09225,0.09225,0.0925,0.09225,11073.0,120000,2025-09-27 12:49:59
2025-09-27 12:50:00,0.0925,0.09255,0.09255,0.0925,6478.0,70000,2025-09-27 12:54:06
2025-09-27 13:00:00,0.09255,0.09365,0.09365,0.09255,1343190.0,14430000,2025-09-27 13:09:59
2025-09-27 13:10:00,0.0936,0.09385,0.09385,0.0936,215658.5,2300000,2025-09-27 13:19:59
2025-09-27 13:20:00,0.0939,0.094,0.0941,0.0939,1701619.0,18090000,2025-09-27 13:29:59
2025-09-27 13:30:00,0.094,0.094,0.0941,0.0937,754937.0,8040000,2025-09-27 13:39:59
2025-09-27 13:40:00,0.0939,0.0939,0.0939,0.0939,112680.0,1200000,2025-09-27 13:49:59
2025-09-27 13:50:00,0.094,0.0941,0.0941,0.094,139208.5,1480000,2025-09-27 13:56:01
2025-09-27 14:00:00,0.0941,0.0941,0.0941,0.0941,941.0,10000,2025-09-27 14:09:59
2025-09-27 14:10:00,0.0941,0.0941,0.0941,0.0941,12233.0,130000,2025-09-27 14:19:59
2025-09-27 14:30:00,0.0941,0.09395,0.0941,0.09395,201245.5,2140000,2025-09-27 14:39:59
2025-09-27 14:40:00,0.094,0.0936,0.094,0.0936,93823.0,1000000,2025-09-27 14:49:59
2025-09-27 14:50:00,0.0938,0.093,0.0938,0.09255,948148.5,10180000,2025-09-27 14:58:01
2025-09-27 15:00:00,0.093,0.09345,0.09345,0.09295,629095.0,6750000,2025-09-27 15:09:59
2025-09-27 15:10:00,0.09345,0.09375,0.094,0.0933,428179.0,4570000,2025-09-27 15:19:59
2025-09-27 15:20:00,0.09375,0.09385,0.09385,0.09375,17828.0,190000,2025-09-27 15:29:59
2025-09-27 15:30:00,0.09385,0.0937,0.09385,0.0937,3752.5,40000,2025-09-27 15:39:59
2025-09-27 15:40:00,0.09385,0.09385,0.09385,0.09385,21585.5,230000,2025-09-27 15:49:59
2025-09-27 16:00:00,0.0939,0.0939,0.0939,0.0939,10329.0,110000,2025-09-27 16:09:59
2025-09-27 16:10:00,0.0939,0.09385,0.0939,0.09385,59126.5,630000,2025-09-27 16:19:59
2025-09-27 16:30:00,0.0938,0.0937,0.0938,0.0937,10317.0,110000,2025-09-27 16:39:59
2025-09-27 16:40:00,0.0938,0.0938,0.0938,0.0936,5624.0,60000,2025-09-27 16:49:59
2025-09-27 16:50:00,0.0936,0.09345,0.0936,0.09345,132836.5,1420000,2025-09-27 16:58:06
2025-09-27 17:10:00,0.09365,0.09365,0.09365,0.09365,1873.0,20000,2025-09-27 17:19:59
2025-09-27 17:20:00,0.09365,0.0934,0.09365,0.0934,8415.5,90000,2025-09-27 17:29:59
2025-09-27 17:30:00,0.09345,0.09335,0.09345,0.09335,328629.5,3520000,2025-09-27 17:39:59
2025-09-27 17:40:00,0.0933,0.0939,0.0939,0.0933,521707.0,5570000,2025-09-27 17:49:59
2025-09-27 17:50:00,0.09385,0.094,0.0941,0.09385,896992.0,9540000,2025-09-27 17:58:01
2025-09-27 18:00:00,0.094,0.094,0.0941,0.094,138287.0,1470000,2025-09-27 18:09:59
2025-09-27 18:10:00,0.0941,0.0939,0.0941,0.0939,13168.0,140000,2025-09-27 18:19:59
2025-09-27 18:20:00,0.09405,0.09405,0.09405,0.09405,6583.5,70000,2025-09-27 18:29:59
2025-09-27 18:30:00,0.09405,0.0941,0.0941,0.09405,14108.5,150000,2025-09-27 18:39:59
2025-09-27 18:40:00,0.09395,0.0941,0.0941,0.09395,19759.5,210000,2025-09-27 18:49:59
2025-09-27 18:50:00,0.0941,0.0941,0.0941,0.0941,23525.0,250000,2025-09-27 18:59:59
2025-09-28 09:50:00,0.0941,0.0941,0.0941,0.0941,206079.0,2190000,2025-09-28 09:59:59
2025-09-28 10:00:00,0.0941,0.0941,0.0941,0.0941,21643.0,230000,2025-09-28 10:09:59
2025-09-28 10:10:00,0.0941,0.0941,0.0941,0.0941,33876.0,360000,2025-09-28 10:19:59
2025-09-28 10:30:00,0.0941,0.0941,0.0941,0.0941,305825.0,3250000,2025-09-28 10:39:59
2025-09-28 10:40:00,0.0941,0.0941,0.0941,0.0941,18820.0,200000,2025-09-28 10:49:59
2025-09-28 10:50:00,0.0941,0.0941,0.0941,0.0941,941.0,10000,2025-09-28 10:59:02
2025-09-28 11:00:00,0.0941,0.0941,0.0941,0.0941,941.0,10000,2025-09-28 11:09:59
2025-09-28 11:10:00,0.0941,0.0941,0.0941,0.0941,10351.0,110000,2025-09-28 11:16:05
2025-09-28 12:20:00,0.0941,0.0941,0.0941,0.0941,2823.0,30000,2025-09-28 12:29:59
2025-09-28 12:50:00,0.0941,0.0941,0.0941,0.0941,14115.0,150000,2025-09-28 12:59:01
2025-09-28 13:00:00,0.0941,0.0941,0.0941,0.0941,10351.0,110000,2025-09-28 13:09:59
2025-09-28 13:50:00,0.0941,0.0941,0.0941,0.0941,5646.0,60000,2025-09-28 13:59:01
2025-09-28 14:00:00,0.0941,0.0941,0.0941,0.0941,26348.0,280000,2025-09-28 14:09:59
2025-09-28 14:20:00,0.0941,0.0941,0.0941,0.0941,941.0,10000,2025-09-28 14:29:59
2025-09-28 14:30:00,0.0941,0.0941,0.0941,0.0941,941.0,10000,2025-09-28 14:39:59
2025-09-28 14:50:00,0.0941,0.0941,0.0941,0.0941,9410.0,100000,2025-09-28 14:51:01
2025-09-28 15:30:00,0.0941,0.0941,0.0941,0.0941,1882.0,20000,2025-09-28 15:39:59
2025-09-28 15:50:00,0.0941,0.0941,0.0941,0.0941,3764.0,40000,2025-09-28 15:58:01
2025-09-28 17:50:00,0.0941,0.0941,0.0941,0.0941,1097206.0,11660000,2025-09-28 17:58:02
2025-09-28 18:20:00,0.0941,0.0941,0.0941,0.0941,941000.0,10000000,2025-09-28 18:24:01
2025-09-29 06:50:00,0.09415,0.09415,0.09415,0.09415,3766.0,40000,2025-09-29 06:59:59
2025-09-29 07:00:00,0.0942,0.098,0.0997,0.0942,5664842.0,58170000,2025-09-29 07:09:59
2025-09-29 07:10:00,0.09765,0.09635,0.099,0.0962,8147987.5,83460000,2025-09-29 07:19:59
2025-09-29 07:20:00,0.0968,0.0978,0.0978,0.09555,6144446.5,63570000,2025-09-29 07:29:59
2025-09-29 07:30:00,0.0972,0.0955,0.09745,0.0951,3268564.0,34110000,2025-09-29 07:39:59
2025-09-29 07:40:00,0.0954,0.09515,0.09545,0.09505,458706.5,4820000,2025-09-29 07:49:59
2025-09-29 07:50:00,0.09555,0.0953,0.09575,0.0953,72572.5,760000,2025-09-29 07:59:59
2025-09-29 08:00:00,0.0954,0.0946,0.0954,0.09445,738494.5,7780000,2025-09-29 08:09:59
2025-09-29 08:10:00,0.09475,0.09495,0.09495,0.09455,206723.5,2180000,2025-09-29 08:19:59
2025-09-29 08:20:00,0.0948,0.09475,0.095,0.09465,223840.5,2360000,2025-09-29 08:29:59
2025-09-29 08:30:00,0.0948,0.09595,0.096,0.0948,1911388.5,19970000,2025-09-29 08:39:59
2025-09-29 08:40:00,0.09565,0.0961,0.0966,0.09565,497323.5,5170000,2025-09-29 08:49:59
2025-09-29 08:50:00,0.0961,0.0958,0.0967,0.0957,711714.0,7400000,2025-09-29 08:59:01
2025-09-29 09:00:00,0.0959,0.0956,0.0961,0.0956,350706.0,3660000,2025-09-29 09:09:59
2025-09-29 09:10:00,0.0958,0.09595,0.0963,0.0956,288047.5,3000000,2025-09-29 09:19:59
2025-09-29 09:20:00,0.09575,0.09595,0.0963,0.09565,20150.5,210000,2025-09-29 09:29:59
2025-09-29 09:30:00,0.09595,0.096,0.0963,0.09565,45002.0,470000,2025-09-29 09:39:59
2025-09-29 09:40:00,0.096,0.09585,0.09615,0.09585,92207.5,960000,2025-09-29 09:49:59
2025-09-29 09:50:00,0.09585,0.09625,0.09635,0.09585,129715.0,1350000,2025-09-29 09:59:01
2025-09-29 10:00:00,0.0961,0.0964,0.0965,0.0957,1743233.5,18090000,2025-09-29 10:09:59
2025-09-29 10:10:00,0.09645,0.09625,0.0965,0.09615,126102.5,1310000,2025-09-29 10:19:59
2025-09-29 10:20:00,0.09625,0.09675,0.097,0.0961,1290259.0,13340000,2025-09-29 10:29:59
2025-09-29 10:30:00,0.0968,0.09715,0.09745,0.0966,2133362.0,21990000,2025-09-29 10:39:59
2025-09-29 10:40:00,0.09735,0.09725,0.0975,0.0971,527752.0,5420000,2025-09-29 10:49:59
2025-09-29 10:50:00,0.09725,0.09685,0.0974,0.0967,800712.0,8250000,2025-09-29 10:59:59
2025-09-29 11:00:00,0.097,0.09735,0.0974,0.097,810225.0,8330000,2025-09-29 11:09:59
2025-09-29 11:10:00,0.09735,0.09735,0.09735,0.09715,600262.0,6170000,2025-09-29 11:19:59
2025-09-29 11:20:00,0.0973,0.09725,0.09735,0.0967,1274181.5,13150000,2025-09-29 11:29:59
2025-09-29 11:30:00,0.0969,0.09665,0.097,0.09665,246918.0,2550000,2025-09-29 11:39:59
2025-09-29 11:40:00,0.09665,0.09615,0.09665,0.09615,875641.5,9090000,2025-09-29 11:49:59
2025-09-29 11:50:00,0.09615,0.09595,0.0965,0.09565,1235166.5,12870000,2025-09-29 11:59:59
2025-09-29 12:00:00,0.0961,0.0961,0.09625,0.096,76895.5,800000,2025-09-29 12:09:59
2025-09-29 12:10:00,0.0961,0.0962,0.0965,0.0961,182927.0,1900000,2025-09-29 12:19:59
2025-09-29 12:20:00,0.0962,0.09615,0.09635,0.09615,47167.5,490000,2025-09-29 12:29:59
2025-09-29 12:30:00,0.0963,0.09645,0.09645,0.09615,22159.5,230000,2025-09-29 12:39:59
2025-09-29 12:40:00,0.09645,0.096,0.09645,0.096,339550.5,3530000,2025-09-29 12:49:59
2025-09-29 12:50:00,0.09595,0.0961,0.0961,0.0956,158239.5,1650000,2025-09-29 12:59:03
2025-09-29 13:00:00,0.0962,0.0959,0.0962,0.0959,61437.5,640000,2025-09-29 13:09:59
2025-09-29 13:10:00,0.0959,0.096,0.096,0.0956,367739.5,3840000,2025-09-29 13:19:59
2025-09-29 13:20:00,0.0961,0.096,0.0962,0.096,18252.5,190000,2025-09-29 13:29:59
2025-09-29 13:30:00,0.096,0.0961,0.0961,0.096,71083.5,740000,2025-09-29 13:39:59
2025-09-29 13:40:00,0.0961,0.096,0.0961,0.096,175781.0,1830000,2025-09-29 13:49:59
2025-09-29 13:50:00,0.09595,0.09525,0.09615,0.09525,562891.5,5890000,2025-09-29 13:59:59
2025-09-29 14:00:00,0.0954,0.0958,0.09615,0.09525,583699.5,6090000,2025-09-29 14:09:59
2025-09-29 14:10:00,0.0958,0.0958,0.0961,0.0958,104640.0,1090000,2025-09-29 14:19:59
2025-09-29 14:20:00,0.09595,0.0959,0.09615,0.0959,103740.0,1080000,2025-09-29 14:29:59
2025-09-29 14:30:00,0.0958,0.096,0.096,0.0957,64285.0,670000,2025-09-29 14:39:59
2025-09-29 14:40:00,0.0957,0.0957,0.0959,0.0957,14357.0,150000,2025-09-29 14:47:08
2025-09-29 15:00:00,0.09585,0.09605,0.0961,0.09585,244968.0,2550000,2025-09-29 15:09:59
2025-09-29 15:10:00,0.09605,0.09615,0.09645,0.0958,700764.0,7290000,2025-09-29 15:19:59
2025-09-29 15:20:00,0.0963,0.09615,0.0963,0.09615,39470.0,410000,2025-09-29 15:29:59
2025-09-29 15:30:00,0.09615,0.0959,0.09615,0.0958,298335.0,3110000,2025-09-29 15:39:59
2025-09-29 15:40:00,0.09575,0.0958,0.0959,0.09575,715348.5,7460000,2025-09-29 15:49:59
2025-09-29 15:50:00,0.09585,0.0958,0.0959,0.0958,256042.5,2670000,2025-09-29 15:59:08
2025-09-29 16:00:00,0.0959,0.0959,0.0959,0.0958,99735.0,1040000,2025-09-29 16:09:59
2025-09-29 16:10:00,0.0958,0.09585,0.09585,0.09565,151282.0,1580000,2025-09-29 16:19:59
2025-09-29 16:20:00,0.09585,0.09545,0.09585,0.0954,226418.5,2370000,2025-09-29 16:29:59
2025-09-29 16:30:00,0.09575,0.0959,0.0959,0.09575,95865.5,1000000,2025-09-29 16:39:59
2025-09-29 16:40:00,0.0958,0.09545,0.09585,0.09535,114701.5,1200000,2025-09-29 16:49:59
2025-09-29 16:50:00,0.0954,0.0958,0.0958,0.0954,86050.0,900000,2025-09-29 16:59:59
2025-09-29 17:00:00,0.0958,0.0958,0.0958,0.09535,177875.5,1860000,2025-09-29 17:09:59
2025-09-29 17:10:00,0.09585,0.0959,0.0959,0.09585,109324.5,1140000,2025-09-29 17:19:59
2025-09-29 17:20:00,0.0959,0.0959,0.0959,0.0959,300167.0,3130000,2025-09-29 17:29:59
2025-09-29 17:30:00,0.0959,0.09575,0.0959,0.09575,54581.0,570000,2025-09-29 17:39:59
2025-09-29 17:40:00,0.0959,0.0958,0.0959,0.09575,13414.5,140000,2025-09-29 17:49:59
2025-09-29 17:50:00,0.0958,0.09545,0.0958,0.09545,278589.5,2910000,2025-09-29 17:58:10
2025-09-29 18:00:00,0.0954,0.0945,0.0954,0.0945,1408687.5,14830000,2025-09-29 18:09:59
2025-09-29 18:10:00,0.0946,0.09415,0.0946,0.09405,639038.5,6780000,2025-09-29 18:19:59
2025-09-29 18:20:00,0.0942,0.09385,0.09485,0.0934,2013147.5,21430000,2025-09-29 18:29:59
2025-09-29 18:30:00,0.094,0.0934,0.0944,0.0923,854508.5,9150000,2025-09-29 18:39:59
2025-09-29 18:40:00,0.0934,0.0934,0.0934,0.0934,12142.0,130000,2025-09-29 18:47:06
2025-09-29 19:00:00,0.0934,0.09355,0.09355,0.09335,82218.0,880000,2025-09-29 19:09:59
2025-09-29 19:10:00,0.09355,0.09335,0.09355,0.09335,22430.0,240000,2025-09-29 19:19:59
2025-09-29 19:20:00,0.09335,0.09485,0.09485,0.09335,546796.0,5820000,2025-09-29 19:29:59
2025-09-29 19:30:00,0.09455,0.09405,0.09455,0.09405,307035.0,3250000,2025-09-29 19:39:59
2025-09-29 19:40:00,0.094,0.094,0.094,0.09395,54508.5,580000,2025-09-29 19:49:59
2025-09-29 19:50:00,0.09415,0.0941,0.09415,0.0941,13175.0,140000,2025-09-29 19:59:04
2025-09-29 20:00:00,0.0943,0.09415,0.0943,0.094,193661.5,2060000,2025-09-29 20:09:59
2025-09-29 20:10:00,0.09415,0.09425,0.09425,0.0941,130006.0,1380000,2025-09-29 20:19:59
2025-09-29 20:20:00,0.09425,0.09415,0.09425,0.0941,10356.5,110000,2025-09-29 20:29:59
2025-09-29 20:30:00,0.09425,0.09425,0.09425,0.09425,51837.5,550000,2025-09-29 20:39:59
2025-09-29 20:40:00,0.09415,0.09415,0.09415,0.09415,941.5,10000,2025-09-29 20:49:59
2025-09-29 20:50:00,0.0941,0.0939,0.0941,0.0939,282794.5,3010000,2025-09-29 20:59:05
2025-09-29 21:10:00,0.0939,0.09325,0.0939,0.09325,144138.0,1540000,2025-09-29 21:19:59
2025-09-29 21:20:00,0.09375,0.09375,0.09375,0.09375,937.5,10000,2025-09-29 21:29:59
2025-09-29 21:30:00,0.0936,0.0934,0.0936,0.0934,24288.0,260000,2025-09-29 21:39:59
2025-09-29 21:50:00,0.09375,0.09375,0.09375,0.09375,4687.5,50000,2025-09-29 21:58:04
2025-09-29 22:00:00,0.09375,0.09375,0.09375,0.09375,2812.5,30000,2025-09-29 22:09:59
2025-09-29 22:10:00,0.0935,0.0935,0.0935,0.0935,2805.0,30000,2025-09-29 22:19:59
2025-09-29 22:20:00,0.09375,0.0935,0.09385,0.0935,85312.5,910000,2025-09-29 22:29:59
2025-09-29 22:30:00,0.0935,0.0939,0.0939,0.09345,47848.5,510000,2025-09-29 22:39:59
2025-09-29 22:40:00,0.0939,0.09365,0.09415,0.09365,30034.5,320000,2025-09-29 22:49:59
2025-09-29 22:50:00,0.094,0.0943,0.0943,0.094,186470.0,1980000,2025-09-29 22:59:59
2025-09-29 23:00:00,0.0943,0.0943,0.0943,0.0943,48093.0,510000,2025-09-29 23:09:59
2025-09-29 23:10:00,0.0943,0.0943,0.0943,0.0943,6601.0,70000,2025-09-29 23:19:59
2025-09-29 23:20:00,0.09415,0.09415,0.09415,0.09415,10356.5,110000,2025-09-29 23:29:59
2025-09-29 23:30:00,0.0943,0.0945,0.0945,0.0943,153956.0,1630000,2025-09-29 23:39:59
2025-09-29 23:40:00,0.0948,0.0948,0.09485,0.09455,311096.5,3280000,2025-09-29 23:48:05
2025-09-30 07:00:00,0.09485,0.0943,0.095,0.09405,459789.0,4870000,2025-09-30 07:09:59
2025-09-30 07:20:00,0.09465,0.0943,0.09465,0.0943,30197.0,320000,2025-09-30 07:29:59
2025-09-30 07:30:00,0.09425,0.0942,0.09425,0.0942,68802.0,730000,2025-09-30 07:39:59
2025-09-30 07:40:00,0.0942,0.09425,0.09425,0.0942,14134.5,150000,2025-09-30 07:48:02
2025-09-30 08:00:00,0.0945,0.0945,0.0945,0.0945,945.0,10000,2025-09-30 08:09:59
2025-09-30 08:10:00,0.09445,0.09415,0.09445,0.09415,49922.0,530000,2025-09-30 08:19:59
2025-09-30 08:20:00,0.09435,0.0942,0.09435,0.0942,8482.5,90000,2025-09-30 08:29:59
2025-09-30 08:30:00,0.0942,0.09415,0.0942,0.09415,26370.5,280000,2025-09-30 08:39:59
2025-09-30 08:40:00,0.09415,0.09415,0.09415,0.09415,13181.0,140000,2025-09-30 08:49:59
2025-09-30 08:50:00,0.0944,0.0949,0.0949,0.0944,292555.5,3090000,2025-09-30 08:59:01
2025-09-30 09:10:00,0.0949,0.09495,0.09495,0.09465,81589.5,860000,2025-09-30 09:19:59
2025-09-30 09:20:00,0.09485,0.09485,0.09485,0.09485,36043.0,380000,2025-09-30 09:29:59
2025-09-30 09:30:00,0.09485,0.09485,0.09485,0.09485,79674.0,840000,2025-09-30 09:39:59
2025-09-30 09:40:00,0.09485,0.09485,0.09485,0.09485,5691.0,60000,2025-09-30 09:49:59
2025-09-30 09:50:00,0.09485,0.09495,0.09495,0.09485,461964.5,4870000,2025-09-30 09:59:01
2025-09-30 10:00:00,0.09475,0.09395,0.09475,0.09385,572834.0,6080000,2025-09-30 10:09:59
2025-09-30 10:10:00,0.09405,0.0939,0.09435,0.0932,569417.5,6080000,2025-09-30 10:19:59
2025-09-30 10:20:00,0.0939,0.0935,0.094,0.0935,189283.0,2020000,2025-09-30 10:29:59
2025-09-30 10:30:00,0.09355,0.0936,0.0938,0.09355,98333.5,1050000,2025-09-30 10:39:59
2025-09-30 10:40:00,0.0937,0.09395,0.09395,0.09365,20637.0,220000,2025-09-30 10:49:59
2025-09-30 10:50:00,0.0939,0.094,0.094,0.0937,84583.5,900000,2025-09-30 10:59:59
2025-09-30 11:00:00,0.094,0.09375,0.094,0.09375,22505.0,240000,2025-09-30 11:09:59
2025-09-30 11:10:00,0.09375,0.09375,0.0939,0.09375,98443.5,1050000,2025-09-30 11:19:59
2025-09-30 11:20:00,0.09405,0.09405,0.09405,0.09405,940.5,10000,2025-09-30 11:29:59
2025-09-30 11:30:00,0.094,0.0942,0.0942,0.094,94979.0,1010000,2025-09-30 11:39:59
2025-09-30 11:40:00,0.0938,0.094,0.094,0.0938,5636.0,60000,2025-09-30 11:49:59
2025-09-30 12:00:00,0.09375,0.0937,0.09375,0.0937,96512.0,1030000,2025-09-30 12:09:59
2025-09-30 12:10:00,0.09395,0.09395,0.09395,0.09395,939.5,10000,2025-09-30 12:19:59
2025-09-30 12:20:00,0.09375,0.09375,0.09375,0.09375,2812.5,30000,2025-09-30 12:29:59
2025-09-30 12:30:00,0.0937,0.0937,0.0937,0.0937,55283.0,590000,2025-09-30 12:39:59
2025-09-30 12:40:00,0.0937,0.09375,0.09375,0.0937,258622.0,2760000,2025-09-30 12:49:59
2025-09-30 12:50:00,0.09375,0.0938,0.0938,0.09375,58154.0,620000,2025-09-30 12:56:08
2025-09-30 13:00:00,0.0938,0.0938,0.0938,0.09375,69408.0,740000,2025-09-30 13:09:59
2025-09-30 13:10:00,0.09385,0.0939,0.0939,0.09385,78871.0,840000,2025-09-30 13:19:59
2025-09-30 13:20:00,0.09385,0.09385,0.09395,0.09385,293059.0,3120000,2025-09-30 13:29:59
2025-09-30 13:30:00,0.09385,0.09385,0.09385,0.09385,4692.5,50000,2025-09-30 13:39:59
2025-09-30 13:40:00,0.0939,0.0939,0.09395,0.0939,26292.5,280000,2025-09-30 13:49:59
2025-09-30 13:50:00,0.0939,0.09395,0.09395,0.0939,151242.5,1610000,2025-09-30 13:59:08
2025-09-30 14:00:00,0.09395,0.09395,0.09395,0.09395,10334.5,110000,2025-09-30 14:09:59
2025-09-30 14:10:00,0.09385,0.09395,0.09395,0.09385,2816.5,30000,2025-09-30 14:19:59
2025-09-30 14:20:00,0.09395,0.0938,0.09395,0.0938,167122.0,1780000,2025-09-30 14:29:59
2025-09-30 14:30:00,0.0939,0.0939,0.0939,0.0939,939.0,10000,2025-09-30 14:39:59
2025-09-30 14:40:00,0.0939,0.09395,0.09395,0.0939,96743.5,1030000,2025-09-30 14:49:59
2025-09-30 14:50:00,0.0939,0.0938,0.0939,0.0938,59149.5,630000,2025-09-30 14:54:09
2025-09-30 15:10:00,0.0938,0.0938,0.0938,0.0938,938.0,10000,2025-09-30 15:19:59
2025-09-30 15:20:00,0.0939,0.0939,0.0939,0.0939,939.0,10000,2025-09-30 15:29:59
2025-09-30 15:30:00,0.09395,0.09395,0.09395,0.09395,4697.5,50000,2025-09-30 15:39:59
2025-09-30 15:40:00,0.09395,0.0939,0.09395,0.0939,617242.5,6570000,2025-09-30 15:49:59
2025-09-30 15:50:00,0.0941,0.09405,0.0941,0.09405,58312.0,620000,2025-09-30 15:59:59
2025-09-30 16:00:00,0.094,0.0942,0.0942,0.094,20684.0,220000,2025-09-30 16:09:59
2025-09-30 16:10:00,0.0942,0.0942,0.0942,0.09405,137430.0,1460000,2025-09-30 16:19:59
2025-09-30 16:20:00,0.09405,0.09405,0.09405,0.09405,1881.0,20000,2025-09-30 16:29:59
2025-09-30 16:30:00,0.09405,0.09435,0.09435,0.094,112991.5,1200000,2025-09-30 16:39:59
2025-09-30 16:40:00,0.09435,0.09435,0.09435,0.09435,11322.0,120000,2025-09-30 16:49:59
2025-09-30 16:50:00,0.0944,0.094,0.09485,0.09375,1482838.5,15740000,2025-09-30 16:59:09
2025-09-30 17:00:00,0.09435,0.09405,0.0944,0.09405,201567.0,2140000,2025-09-30 17:09:59
2025-09-30 17:10:00,0.0941,0.09415,0.0942,0.094,34832.0,370000,2025-09-30 17:19:59
2025-09-30 17:20:00,0.09415,0.09415,0.09415,0.09415,27303.5,290000,2025-09-30 17:29:59
2025-09-30 17:30:00,0.09415,0.0939,0.09415,0.0935,957765.0,10220000,2025-09-30 17:39:59
2025-09-30 17:40:00,0.0939,0.0939,0.09405,0.09365,30992.5,330000,2025-09-30 17:49:59
2025-09-30 17:50:00,0.0939,0.0938,0.0941,0.0937,122189.0,1300000,2025-09-30 17:59:09
2025-09-30 18:00:00,0.09385,0.09375,0.09385,0.09355,143452.5,1530000,2025-09-30 18:09:59
2025-09-30 18:10:00,0.09375,0.09375,0.09375,0.09355,179002.5,1910000,2025-09-30 18:19:59
2025-09-30 18:20:00,0.09375,0.09375,0.09375,0.09355,100255.0,1070000,2025-09-30 18:29:59
2025-09-30 18:30:00,0.0936,0.0935,0.0936,0.0935,112243.5,1200000,2025-09-30 18:39:59
2025-09-30 18:40:00,0.0936,0.0936,0.0936,0.0936,27144.0,290000,2025-09-30 18:46:09
2025-09-30 19:00:00,0.09365,0.09375,0.09375,0.09365,244659.0,2610000,2025-09-30 19:09:59
2025-09-30 19:10:00,0.0937,0.0937,0.0937,0.0937,937.0,10000,2025-09-30 19:19:59
2025-09-30 19:20:00,0.0937,0.09375,0.09375,0.0937,5622.5,60000,2025-09-30 19:29:59
2025-09-30 19:30:00,0.09365,0.09365,0.09375,0.09365,22497.5,240000,2025-09-30 19:39:59
2025-09-30 19:40:00,0.09375,0.09375,0.09375,0.09375,52500.0,560000,2025-09-30 19:49:59
2025-09-30 19:50:00,0.0937,0.09375,0.09375,0.0937,239993.5,2560000,2025-09-30 19:56:10
2025-09-30 20:00:00,0.09365,0.0937,0.0937,0.09365,18737.5,200000,2025-09-30 20:09:59
2025-09-30 20:10:00,0.0937,0.0936,0.09375,0.09355,75840.5,810000,2025-09-30 20:19:59
2025-09-30 20:20:00,0.0936,0.0936,0.0936,0.0936,936.0,10000,2025-09-30 20:29:59
2025-09-30 20:40:00,0.0936,0.0936,0.0936,0.0936,84240.0,900000,2025-09-30 20:49:59
2025-09-30 20:50:00,0.09375,0.09375,0.09375,0.09375,1875.0,20000,2025-09-30 20:56:09
2025-09-30 21:00:00,0.0936,0.0936,0.0936,0.0936,16848.0,180000,2025-09-30 21:09:59
2025-09-30 21:20:00,0.09365,0.09365,0.09365,0.09365,936.5,10000,2025-09-30 21:29:59
2025-09-30 21:50:00,0.0937,0.0936,0.09375,0.0936,37459.5,400000,2025-09-30 21:54:09
2025-09-30 22:00:00,0.09365,0.09365,0.09365,0.09365,936.5,10000,2025-09-30 22:09:59
2025-09-30 22:10:00,0.09375,0.09375,0.09375,0.09375,3750.0,40000,2025-09-30 22:19:59
2025-09-30 22:50:00,0.09365,0.09375,0.09375,0.09365,319683.5,3410000,2025-09-30 22:59:09
2025-09-30 23:10:00,0.0938,0.0938,0.0938,0.0938,5628.0,60000,2025-09-30 23:19:59
2025-09-30 23:20:00,0.09365,0.0937,0.0938,0.09365,22486.5,240000,2025-09-30 23:29:59
2025-09-30 23:40:00,0.094,0.09385,0.094,0.09355,278791.5,2970000,2025-09-30 23:49:59
2025-10-01 07:00:00,0.0941,0.09415,0.09415,0.0935,246609.5,2630000,2025-10-01 07:09:59
2025-10-01 07:10:00,0.09365,0.0943,0.0943,0.0934,721526.0,7680000,2025-10-01 07:19:59
2025-10-01 07:30:00,0.0942,0.0942,0.0942,0.0942,3768.0,40000,2025-10-01 07:39:59
2025-10-01 07:40:00,0.09425,0.0943,0.0943,0.09425,29220.5,310000,2025-10-01 07:49:59
2025-10-01 07:50:00,0.09425,0.09435,0.09445,0.09425,144431.0,1530000,2025-10-01 07:59:06
2025-10-01 08:00:00,0.0941,0.0939,0.0941,0.0939,18787.0,200000,2025-10-01 08:09:59
2025-10-01 08:10:00,0.09415,0.09415,0.09415,0.09365,35629.5,380000,2025-10-01 08:19:59
2025-10-01 08:20:00,0.09425,0.0944,0.0944,0.09425,39629.5,420000,2025-10-01 08:29:59
2025-10-01 08:30:00,0.0944,0.0942,0.0944,0.0942,11308.0,120000,2025-10-01 08:39:59
2025-10-01 08:40:00,0.09425,0.0944,0.0944,0.09415,390856.5,4150000,2025-10-01 08:42:06
2025-10-01 09:00:00,0.09425,0.09435,0.09435,0.0942,36764.5,390000,2025-10-01 09:09:59
2025-10-01 09:20:00,0.09435,0.09445,0.09485,0.09435,567611.5,6000000,2025-10-01 09:29:59
2025-10-01 09:40:00,0.09435,0.09435,0.09435,0.09435,943.5,10000,2025-10-01 09:49:59
2025-10-01 09:50:00,0.09435,0.09435,0.09435,0.09435,20757.0,220000,2025-10-01 09:54:01
2025-10-01 10:00:00,0.09455,0.09455,0.09465,0.09455,107798.0,1140000,2025-10-01 10:09:59
2025-10-01 10:10:00,0.09435,0.0943,0.09435,0.0943,68864.0,730000,2025-10-01 10:19:59
2025-10-01 10:20:00,0.09455,0.09455,0.09455,0.09455,945.5,10000,2025-10-01 10:29:59
2025-10-01 10:30:00,0.09455,0.09455,0.09455,0.09455,945.5,10000,2025-10-01 10:39:59
2025-10-01 10:40:00,0.09455,0.09455,0.09455,0.09455,3782.0,40000,2025-10-01 10:49:59
2025-10-01 10:50:00,0.0944,0.0944,0.0944,0.0944,1888.0,20000,2025-10-01 10:53:02
2025-10-01 11:00:00,0.0944,0.09435,0.0944,0.09435,66049.0,700000,2025-10-01 11:09:59
2025-10-01 11:20:00,0.09435,0.0945,0.0945,0.09435,25477.5,270000,2025-10-01 11:29:59
2025-10-01 11:30:00,0.0945,0.0943,0.0945,0.0943,233890.0,2480000,2025-10-01 11:39:59
2025-10-01 11:40:00,0.0943,0.0943,0.0943,0.0943,100901.0,1070000,2025-10-01 11:49:59
2025-10-01 11:50:00,0.0943,0.0943,0.0943,0.0943,943.0,10000,2025-10-01 11:57:02
2025-10-01 12:00:00,0.0944,0.09465,0.09465,0.0943,202250.5,2140000,2025-10-01 12:09:59
2025-10-01 12:10:00,0.0946,0.0946,0.0946,0.0946,9460.0,100000,2025-10-01 12:19:59
2025-10-01 12:20:00,0.0946,0.09465,0.09465,0.0946,10410.0,110000,2025-10-01 12:29:59
2025-10-01 12:30:00,0.09465,0.09465,0.0947,0.09445,29296.5,310000,2025-10-01 12:39:59
2025-10-01 12:40:00,0.09465,0.0946,0.09465,0.0946,32180.0,340000,2025-10-01 12:49:59
2025-10-01 12:50:00,0.09455,0.09455,0.09455,0.09455,3782.0,40000,2025-10-01 12:59:07
2025-10-01 13:00:00,0.0945,0.09435,0.09455,0.09435,14173.0,150000,2025-10-01 13:09:59
2025-10-01 13:10:00,0.09435,0.09435,0.0945,0.09435,29250.0,310000,2025-10-01 13:19:59
2025-10-01 13:20:00,0.09435,0.0943,0.09435,0.0943,33018.5,350000,2025-10-01 13:29:59
2025-10-01 13:30:00,0.0943,0.0943,0.0943,0.0943,20746.0,220000,2025-10-01 13:39:59
2025-10-01 13:40:00,0.0943,0.0945,0.0945,0.0943,33951.0,360000,2025-10-01 13:49:59
2025-10-01 13:50:00,0.0945,0.0943,0.0945,0.0943,18873.0,200000,2025-10-01 13:59:59
2025-10-01 14:00:00,0.0943,0.0943,0.09445,0.0943,50010.5,530000,2025-10-01 14:09:59
2025-10-01 14:10:00,0.09435,0.0943,0.09445,0.0943,413994.0,4390000,2025-10-01 14:19:59
2025-10-01 14:20:00,0.0943,0.0942,0.0943,0.09415,311937.0,3310000,2025-10-01 14:29:59
2025-10-01 14:30:00,0.0942,0.0942,0.0944,0.0942,96218.0,1020000,2025-10-01 14:39:59
2025-10-01 14:40:00,0.0942,0.09415,0.0942,0.09415,48041.0,510000,2025-10-01 14:49:59
2025-10-01 14:50:00,0.09415,0.0939,0.09415,0.0937,1486558.5,15850000,2025-10-01 14:59:59
2025-10-01 15:00:00,0.0939,0.0936,0.0939,0.0935,238613.0,2550000,2025-10-01 15:09:59
2025-10-01 15:10:00,0.0936,0.09375,0.0938,0.0936,630939.0,6730000,2025-10-01 15:19:59
2025-10-01 15:20:00,0.09375,0.09375,0.09375,0.09375,216562.5,2310000,2025-10-01 15:29:59
2025-10-01 15:30:00,0.09375,0.09375,0.0938,0.09375,30938.0,330000,2025-10-01 15:39:59
2025-10-01 15:40:00,0.09375,0.09375,0.09375,0.09375,28125.0,300000,2025-10-01 15:49:59
2025-10-01 15:50:00,0.09375,0.09375,0.09375,0.09375,30000.0,320000,2025-10-01 15:59:59
2025-10-01 16:00:00,0.09375,0.09375,0.09375,0.09375,34687.5,370000,2025-10-01 16:09:59
2025-10-01 16:10:00,0.09375,0.09355,0.09385,0.0935,461207.5,4930000,2025-10-01 16:19:59
2025-10-01 16:20:00,0.09355,0.0935,0.09355,0.0935,31801.0,340000,2025-10-01 16:29:59
2025-10-01 16:30:00,0.0935,0.0935,0.0936,0.0935,97251.5,1040000,2025-10-01 16:39:59
2025-10-01 16:40:00,0.0935,0.09405,0.0941,0.0935,532293.0,5670000,2025-10-01 16:49:59
2025-10-01 16:50:00,0.09405,0.09405,0.09415,0.09405,184339.0,1960000,2025-10-01 16:59:59
2025-10-01 17:00:00,0.09405,0.09355,0.0941,0.0935,355209.0,3790000,2025-10-01 17:09:59
2025-10-01 17:10:00,0.09355,0.0935,0.0936,0.0935,41156.5,440000,2025-10-01 17:19:59
2025-10-01 17:20:00,0.0935,0.0935,0.09355,0.0935,90698.0,970000,2025-10-01 17:29:59
2025-10-01 17:30:00,0.0935,0.0935,0.09365,0.0935,338489.5,3620000,2025-10-01 17:39:59
2025-10-01 17:40:00,0.0935,0.0935,0.09365,0.0933,273928.5,2930000,2025-10-01 17:49:59
2025-10-01 17:50:00,0.0935,0.0935,0.0935,0.0935,215050.0,2300000,2025-10-01 17:59:59
2025-10-01 18:00:00,0.0935,0.0938,0.09385,0.0935,128188.0,1370000,2025-10-01 18:09:59
2025-10-01 18:10:00,0.0936,0.0936,0.09385,0.09355,169757.5,1810000,2025-10-01 18:19:59
2025-10-01 18:20:00,0.09355,0.09355,0.09355,0.0935,29933.0,320000,2025-10-01 18:29:59
2025-10-01 18:30:00,0.09355,0.0936,0.09375,0.09355,31828.5,340000,2025-10-01 18:38:09
2025-10-01 19:00:00,0.0936,0.0936,0.0936,0.0936,12168.0,130000,2025-10-01 19:09:59
2025-10-01 19:10:00,0.09355,0.0935,0.09355,0.0935,102873.0,1100000,2025-10-01 19:19:59
2025-10-01 19:20:00,0.09355,0.0935,0.09355,0.0935,10290.0,110000,2025-10-01 19:29:59
2025-10-01 19:30:00,0.0935,0.0935,0.0935,0.0935,56100.0,600000,2025-10-01 19:39:59
2025-10-01 19:40:00,0.09355,0.0935,0.09355,0.0935,216945.0,2320000,2025-10-01 19:49:59
2025-10-01 19:50:00,0.0935,0.0935,0.0935,0.0935,1527790.0,16340000,2025-10-01 19:54:04
2025-10-01 20:00:00,0.0935,0.0935,0.0935,0.0935,129030.0,1380000,2025-10-01 20:09:59
2025-10-01 20:10:00,0.0935,0.0938,0.0938,0.0935,42083.0,450000,2025-10-01 20:19:59
2025-10-01 20:20:00,0.0935,0.0935,0.0935,0.0935,93500.0,1000000,2025-10-01 20:29:59
2025-10-01 20:30:00,0.0935,0.0935,0.0935,0.0935,24310.0,260000,2025-10-01 20:39:59
2025-10-01 20:50:00,0.0935,0.0935,0.0935,0.0935,50490.0,540000,2025-10-01 20:56:04
2025-10-01 21:00:00,0.0935,0.0935,0.0935,0.0935,3740.0,40000,2025-10-01 21:09:59
2025-10-01 21:10:00,0.0935,0.0935,0.0935,0.0935,16830.0,180000,2025-10-01 21:19:59
2025-10-01 21:20:00,0.09365,0.09365,0.09365,0.09365,117999.0,1260000,2025-10-01 21:29:59
2025-10-01 21:30:00,0.0935,0.0934,0.09375,0.0934,472779.0,5050000,2025-10-01 21:39:59
2025-10-01 21:40:00,0.0934,0.09335,0.0934,0.09335,68149.0,730000,2025-10-01 21:49:59
2025-10-01 21:50:00,0.0933,0.09345,0.09345,0.0932,187372.5,2010000,2025-10-01 21:59:14
2025-10-01 22:00:00,0.0932,0.0932,0.0932,0.0932,2796.0,30000,2025-10-01 22:09:59
2025-10-01 22:20:00,0.0932,0.0932,0.0932,0.0932,27960.0,300000,2025-10-01 22:29:59
2025-10-01 22:30:00,0.09325,0.0937,0.0937,0.09325,87123.5,930000,2025-10-01 22:36:13
2025-10-01 23:00:00,0.0937,0.09375,0.09375,0.0937,141551.0,1510000,2025-10-01 23:09:59
2025-10-01 23:10:00,0.09375,0.09375,0.09375,0.09375,22500.0,240000,2025-10-01 23:19:59
2025-10-01 23:20:00,0.0938,0.0935,0.0938,0.0935,50631.5,540000,2025-10-01 23:29:59
2025-10-01 23:30:00,0.09375,0.0938,0.0938,0.0935,91902.5,980000,2025-10-01 23:39:59
2025-10-01 23:40:00,0.0938,0.0938,0.0938,0.0938,46900.0,500000,2025-10-01 23:41:14
2025-10-02 07:00:00,0.0932,0.0937,0.0937,0.09315,53103.0,570000,2025-10-02 07:09:59
2025-10-02 07:10:00,0.0932,0.0935,0.09355,0.09315,89440.0,960000,2025-10-02 07:19:59
2025-10-02 07:30:00,0.09405,0.09405,0.09405,0.09405,940.5,10000,2025-10-02 07:39:59
2025-10-02 07:40:00,0.09385,0.09385,0.09385,0.09385,9385.0,100000,2025-10-02 07:49:59
2025-10-02 07:50:00,0.0937,0.0935,0.0937,0.0935,306686.0,3280000,2025-10-02 07:59:01
2025-10-02 08:00:00,0.0935,0.09315,0.0935,0.09315,207457.5,2220000,2025-10-02 08:09:59
2025-10-02 08:10:00,0.0932,0.09305,0.09355,0.09305,108937.0,1170000,2025-10-02 08:19:59
2025-10-02 08:20:00,0.09305,0.0928,0.09305,0.0927,209039.5,2250000,2025-10-02 08:29:59
2025-10-02 08:30:00,0.09305,0.093,0.09305,0.093,6512.5,70000,2025-10-02 08:39:59
2025-10-02 08:40:00,0.0927,0.09265,0.09335,0.09265,280057.0,3010000,2025-10-02 08:49:59
2025-10-02 08:50:00,0.0927,0.09295,0.09295,0.09255,93547.5,1010000,2025-10-02 08:58:02
2025-10-02 09:00:00,0.09295,0.093,0.093,0.09295,4648.0,50000,2025-10-02 09:09:59
2025-10-02 09:10:00,0.09265,0.0929,0.0929,0.0926,3707.5,40000,2025-10-02 09:19:59
2025-10-02 09:20:00,0.0926,0.0926,0.0929,0.0926,12967.0,140000,2025-10-02 09:29:59
2025-10-02 09:30:00,0.0926,0.0926,0.0926,0.0926,1852.0,20000,2025-10-02 09:39:59
2025-10-02 09:40:00,0.0926,0.0926,0.0926,0.0926,4630.0,50000,2025-10-02 09:49:59
2025-10-02 09:50:00,0.0926,0.09225,0.0928,0.0922,402062.0,4350000,2025-10-02 09:59:59
2025-10-02 10:00:00,0.0923,0.09235,0.0926,0.0922,274112.0,2970000,2025-10-02 10:09:59
2025-10-02 10:10:00,0.09235,0.0921,0.09235,0.0921,45226.0,490000,2025-10-02 10:19:59
2025-10-02 10:20:00,0.0922,0.09295,0.09295,0.0921,2105047.0,22700000,2025-10-02 10:29:59
2025-10-02 10:30:00,0.093,0.09335,0.0937,0.093,301860.0,3240000,2025-10-02 10:39:59
2025-10-02 10:40:00,0.09335,0.09315,0.09335,0.09315,59637.0,640000,2025-10-02 10:49:59
2025-10-02 10:50:00,0.09315,0.09315,0.09315,0.09315,12109.5,130000,2025-10-02 10:57:02
2025-10-02 11:00:00,0.09335,0.0934,0.0934,0.09315,86711.5,930000,2025-10-02 11:09:59
2025-10-02 11:10:00,0.09345,0.09345,0.09345,0.09345,5607.0,60000,2025-10-02 11:19:59
2025-10-02 11:20:00,0.09335,0.09335,0.0934,0.09335,287524.5,3080000,2025-10-02 11:29:59
2025-10-02 11:30:00,0.09335,0.09335,0.09335,0.09335,51342.5,550000,2025-10-02 11:39:59
2025-10-02 11:40:00,0.0932,0.093,0.09325,0.093,1701159.5,18270000,2025-10-02 11:49:59
2025-10-02 11:50:00,0.093,0.09325,0.09325,0.093,37214.0,400000,2025-10-02 11:58:03
2025-10-02 12:00:00,0.093,0.09315,0.09315,0.093,12098.5,130000,2025-10-02 12:09:59
2025-10-02 12:10:00,0.09315,0.093,0.09325,0.093,30704.5,330000,2025-10-02 12:19:59
2025-10-02 12:20:00,0.093,0.0932,0.0932,0.093,72692.5,780000,2025-10-02 12:29:59
2025-10-02 12:30:00,0.0932,0.0932,0.0932,0.0932,11184.0,120000,2025-10-02 12:39:59
2025-10-02 12:40:00,0.0932,0.09325,0.09325,0.0932,1864.5,20000,2025-10-02 12:49:59
2025-10-02 12:50:00,0.0934,0.0934,0.0934,0.09315,411032.5,4410000,2025-10-02 12:59:59
2025-10-02 13:00:00,0.0934,0.0932,0.0934,0.09315,31747.5,340000,2025-10-02 13:09:59
2025-10-02 13:10:00,0.0932,0.0932,0.0934,0.09315,65255.5,700000,2025-10-02 13:19:59
2025-10-02 13:20:00,0.0932,0.09315,0.0932,0.09315,54029.5,580000,2025-10-02 13:29:59
2025-10-02 13:30:00,0.09315,0.0934,0.0934,0.09315,14930.5,160000,2025-10-02 13:39:59
2025-10-02 13:40:00,0.0932,0.0932,0.0935,0.09315,118541.0,1270000,2025-10-02 13:49:59
2025-10-02 13:50:00,0.0932,0.0932,0.09335,0.0932,4664.5,50000,2025-10-02 13:59:08
2025-10-02 14:00:00,0.0932,0.09315,0.0932,0.09315,31679.0,340000,2025-10-02 14:09:59
2025-10-02 14:10:00,0.09315,0.09315,0.09315,0.09315,1863.0,20000,2025-10-02 14:19:59
2025-10-02 14:20:00,0.09315,0.09315,0.0933,0.09315,13990.5,150000,2025-10-02 14:29:59
2025-10-02 14:30:00,0.0933,0.09335,0.09335,0.0932,43857.0,470000,2025-10-02 14:39:59
2025-10-02 14:40:00,0.0932,0.09315,0.0932,0.09315,50327.5,540000,2025-10-02 14:49:59
2025-10-02 14:50:00,0.09315,0.0932,0.0932,0.09315,1863.5,20000,2025-10-02 14:58:08
2025-10-02 15:00:00,0.0932,0.0934,0.0934,0.09315,310405.0,3330000,2025-10-02 15:09:59
2025-10-02 15:10:00,0.0932,0.0932,0.0932,0.0932,1864.0,20000,2025-10-02 15:19:59
2025-10-02 15:20:00,0.09315,0.0932,0.0932,0.09315,1863.5,20000,2025-10-02 15:29:59
2025-10-02 15:30:00,0.09335,0.09325,0.09335,0.0932,3730.0,40000,2025-10-02 15:39:59
2025-10-02 15:40:00,0.0932,0.09345,0.09345,0.0932,107440.0,1150000,2025-10-02 15:49:59
2025-10-02 15:50:00,0.09345,0.09345,0.09345,0.09345,183162.0,1960000,2025-10-02 15:59:09
2025-10-02 16:00:00,0.09345,0.09345,0.09345,0.09345,2803.5,30000,2025-10-02 16:09:59
2025-10-02 16:10:00,0.09345,0.09345,0.09345,0.09345,19624.5,210000,2025-10-02 16:19:59
2025-10-02 16:20:00,0.09345,0.09345,0.09355,0.09345,75735.0,810000,2025-10-02 16:29:59
2025-10-02 16:30:00,0.09345,0.09345,0.09345,0.09345,24297.0,260000,2025-10-02 16:39:59
2025-10-02 16:40:00,0.09345,0.09345,0.09345,0.09345,1869.0,20000,2025-10-02 16:49:59
2025-10-02 16:50:00,0.09345,0.09345,0.09355,0.09345,40214.5,430000,2025-10-02 16:59:59
2025-10-02 17:00:00,0.09345,0.09345,0.09345,0.09345,1869.0,20000,2025-10-02 17:09:59
2025-10-02 17:10:00,0.09345,0.09345,0.09345,0.09345,1869.0,20000,2025-10-02 17:19:59
2025-10-02 17:20:00,0.09345,0.09345,0.09345,0.09345,1869.0,20000,2025-10-02 17:29:59
2025-10-02 17:30:00,0.0935,0.0938,0.0938,0.0935,199377.0,2130000,2025-10-02 17:39:59
2025-10-02 17:40:00,0.0937,0.09375,0.0939,0.0937,10323.5,110000,2025-10-02 17:49:59
2025-10-02 17:50:00,0.09375,0.09375,0.0939,0.09375,28160.5,300000,2025-10-02 17:59:59
2025-10-02 18:00:00,0.09375,0.0938,0.0941,0.09375,289417.5,3080000,2025-10-02 18:09:59
2025-10-02 18:10:00,0.094,0.09405,0.09405,0.09395,15979.5,170000,2025-10-02 18:19:59
2025-10-02 18:20:00,0.0941,0.0946,0.09485,0.0941,589277.5,6220000,2025-10-02 18:29:59
2025-10-02 18:30:00,0.09475,0.09365,0.09485,0.0936,717095.0,7620000,2025-10-02 18:39:09
2025-10-02 19:00:00,0.0939,0.09365,0.0939,0.09365,21544.5,230000,2025-10-02 19:09:59
2025-10-02 19:10:00,0.0936,0.0936,0.09365,0.0936,215281.0,2300000,2025-10-02 19:19:59
2025-10-02 19:20:00,0.0936,0.0936,0.09365,0.0936,91730.5,980000,2025-10-02 19:29:59
2025-10-02 19:30:00,0.0936,0.0935,0.0936,0.0935,181582.0,1940000,2025-10-02 19:39:59
2025-10-02 19:40:00,0.0935,0.0936,0.0936,0.0935,4676.0,50000,2025-10-02 19:47:09
2025-10-02 20:00:00,0.0935,0.0931,0.09355,0.0931,88677.5,950000,2025-10-02 20:09:59
2025-10-02 20:20:00,0.0935,0.0935,0.0935,0.0935,935.0,10000,2025-10-02 20:27:09
2025-10-02 21:00:00,0.09315,0.0931,0.09315,0.0931,93105.0,1000000,2025-10-02 21:09:59
2025-10-02 21:10:00,0.0931,0.09305,0.0931,0.09305,62361.0,670000,2025-10-02 21:19:59
2025-10-02 21:20:00,0.09305,0.09305,0.09305,0.09305,46525.0,500000,2025-10-02 21:29:59
2025-10-02 21:30:00,0.09305,0.09305,0.09305,0.09305,930.5,10000,2025-10-02 21:39:59
2025-10-02 21:40:00,0.09305,0.09305,0.09305,0.09305,26984.5,290000,2025-10-02 21:48:09
2025-10-02 22:00:00,0.09305,0.09305,0.09305,0.09305,4652.5,50000,2025-10-02 22:09:59
2025-10-02 22:10:00,0.09305,0.09305,0.09305,0.09305,74440.0,800000,2025-10-02 22:19:59
2025-10-02 22:20:00,0.09305,0.09305,0.09305,0.09305,930.5,10000,2025-10-02 22:29:59
2025-10-02 22:30:00,0.09305,0.09305,0.09305,0.09305,14888.0,160000,2025-10-02 22:39:59
2025-10-02 22:50:00,0.09325,0.09325,0.09325,0.09325,10257.5,110000,2025-10-02 22:59:59
2025-10-02 23:20:00,0.09305,0.0933,0.0933,0.09305,38231.5,410000,2025-10-02 23:29:59
2025-10-02 23:30:00,0.09305,0.0931,0.09345,0.09305,106411.5,1140000,2025-10-02 23:34:09
2025-10-03 07:00:00,0.09325,0.09305,0.09325,0.09305,1863.0,20000,2025-10-03 07:09:59
2025-10-03 07:20:00,0.09305,0.09305,0.09305,0.09305,930.5,10000,2025-10-03 07:29:59
2025-10-03 07:40:00,0.09275,0.0928,0.0928,0.09235,38818.5,420000,2025-10-03 07:49:59
2025-10-03 07:50:00,0.09295,0.09305,0.09305,0.09295,39072.0,420000,2025-10-03 07:57:02
2025-10-03 08:00:00,0.09285,0.09345,0.09345,0.09285,38196.0,410000,2025-10-03 08:09:59
2025-10-03 08:20:00,0.09305,0.0934,0.0934,0.093,23330.0,250000,2025-10-03 08:29:59
2025-10-03 08:30:00,0.09345,0.09345,0.09345,0.09345,35511.0,380000,2025-10-03 08:39:59
2025-10-03 08:40:00,0.0935,0.0935,0.0935,0.0935,6545.0,70000,2025-10-03 08:48:02
2025-10-03 09:00:00,0.09355,0.09355,0.09355,0.09355,2806.5,30000,2025-10-03 09:09:59
2025-10-03 09:20:00,0.09335,0.09335,0.09335,0.0928,26999.5,290000,2025-10-03 09:29:59
2025-10-03 09:30:00,0.09335,0.09355,0.09355,0.09335,15889.5,170000,2025-10-03 09:39:59
2025-10-03 09:40:00,0.09355,0.0937,0.0937,0.09355,7488.5,80000,2025-10-03 09:49:59
2025-10-03 09:50:00,0.0937,0.0937,0.0937,0.0937,6559.0,70000,2025-10-03 09:59:01
2025-10-03 10:00:00,0.09375,0.09375,0.09375,0.09375,21562.5,230000,2025-10-03 10:09:59
2025-10-03 10:10:00,0.0938,0.0938,0.0938,0.0938,938.0,10000,2025-10-03 10:19:59
2025-10-03 10:20:00,0.09375,0.09455,0.095,0.0937,1535078.5,16240000,2025-10-03 10:29:59
2025-10-03 10:30:00,0.09445,0.09415,0.09445,0.0939,108253.0,1150000,2025-10-03 10:39:59
2025-10-03 10:40:00,0.094,0.09415,0.09415,0.094,10349.0,110000,2025-10-03 10:49:59
2025-10-03 10:50:00,0.09425,0.09435,0.09435,0.09415,38673.0,410000,2025-10-03 10:58:02
2025-10-03 11:00:00,0.0943,0.09475,0.09475,0.0943,213477.5,2260000,2025-10-03 11:09:59
2025-10-03 11:10:00,0.09465,0.0944,0.0948,0.0942,252543.5,2670000,2025-10-03 11:19:59
2025-10-03 11:20:00,0.09435,0.09475,0.09475,0.09415,160640.5,1700000,2025-10-03 11:29:59
2025-10-03 11:30:00,0.0947,0.09475,0.09475,0.0947,15159.0,160000,2025-10-03 11:39:59
2025-10-03 11:40:00,0.0947,0.09465,0.0947,0.09465,2840.5,30000,2025-10-03 11:49:59
2025-10-03 11:50:00,0.09465,0.0946,0.0947,0.0946,40716.0,430000,2025-10-03 11:59:02
2025-10-03 12:00:00,0.09465,0.0942,0.09465,0.0942,80192.5,850000,2025-10-03 12:09:59
2025-10-03 12:10:00,0.0944,0.0941,0.0944,0.0941,118628.0,1260000,2025-10-03 12:19:59
2025-10-03 12:20:00,0.0942,0.09445,0.09445,0.0942,45310.5,480000,2025-10-03 12:29:59
2025-10-03 12:30:00,0.09425,0.09425,0.09425,0.0941,65029.5,690000,2025-10-03 12:39:59
2025-10-03 12:40:00,0.09425,0.094,0.09425,0.094,383531.5,4080000,2025-10-03 12:49:59
2025-10-03 12:50:00,0.094,0.09425,0.09425,0.094,287140.5,3050000,2025-10-03 12:59:59
2025-10-03 13:00:00,0.0942,0.09435,0.09435,0.0942,2827.5,30000,2025-10-03 13:09:59
2025-10-03 13:10:00,0.0942,0.0941,0.0942,0.0941,59296.0,630000,2025-10-03 13:19:59
2025-10-03 13:20:00,0.0943,0.09435,0.09435,0.0943,65099.5,690000,2025-10-03 13:29:59
2025-10-03 13:30:00,0.0944,0.0946,0.09465,0.0944,141723.0,1500000,2025-10-03 13:39:59
2025-10-03 13:50:00,0.09435,0.0945,0.0945,0.0943,18865.0,200000,2025-10-03 13:59:59
2025-10-03 14:00:00,0.0945,0.09415,0.09455,0.09415,653853.5,6920000,2025-10-03 14:09:59
2025-10-03 14:10:00,0.0943,0.09425,0.0943,0.09425,9428.5,100000,2025-10-03 14:19:59
2025-10-03 14:20:00,0.0945,0.0945,0.0945,0.0945,10395.0,110000,2025-10-03 14:29:59
2025-10-03 14:30:00,0.09425,0.09425,0.09425,0.09425,18850.0,200000,2025-10-03 14:39:59
2025-10-03 14:40:00,0.09425,0.09425,0.09425,0.09425,3770.0,40000,2025-10-03 14:49:59
2025-10-03 14:50:00,0.09445,0.0945,0.0945,0.0943,80292.5,850000,2025-10-03 14:59:03
2025-10-03 15:00:00,0.0945,0.0942,0.09475,0.094,935457.5,9910000,2025-10-03 15:09:59
2025-10-03 15:10:00,0.0942,0.09405,0.0942,0.094,192780.5,2050000,2025-10-03 15:19:59
2025-10-03 15:20:00,0.0942,0.09435,0.09435,0.09405,48108.0,510000,2025-10-03 15:29:59
2025-10-03 15:30:00,0.0943,0.0943,0.0943,0.0943,2829.0,30000,2025-10-03 15:39:59
2025-10-03 15:40:00,0.0943,0.09435,0.09435,0.0943,58493.0,620000,2025-10-03 15:49:59
2025-10-03 15:50:00,0.0941,0.0941,0.0943,0.0941,79992.0,850000,2025-10-03 15:59:59
2025-10-03 16:00:00,0.09405,0.0942,0.0947,0.094,331171.0,3510000,2025-10-03 16:09:59
2025-10-03 16:10:00,0.0945,0.0948,0.0948,0.09435,313518.5,3310000,2025-10-03 16:19:59
2025-10-03 16:20:00,0.09445,0.0943,0.09455,0.0943,24549.5,260000,2025-10-03 16:29:59
2025-10-03 16:30:00,0.0943,0.0944,0.0944,0.094,184450.5,1960000,2025-10-03 16:39:59
2025-10-03 16:40:00,0.09425,0.0945,0.0945,0.09425,3776.0,40000,2025-10-03 16:49:59
2025-10-03 16:50:00,0.09455,0.0947,0.0947,0.09455,33117.5,350000,2025-10-03 16:51:09
2025-10-03 17:00:00,0.0947,0.0942,0.0947,0.0942,66020.0,700000,2025-10-03 17:09:59
2025-10-03 17:10:00,0.09445,0.0943,0.0948,0.0943,82351.5,870000,2025-10-03 17:19:59
2025-10-03 17:20:00,0.0943,0.09425,0.0943,0.09425,11315.0,120000,2025-10-03 17:29:59
2025-10-03 17:30:00,0.09445,0.09405,0.0945,0.094,354606.0,3770000,2025-10-03 17:39:59
2025-10-03 17:40:00,0.09415,0.0941,0.09415,0.094,77148.0,820000,2025-10-03 17:49:59
2025-10-03 17:50:00,0.0941,0.0941,0.0943,0.0941,32959.5,350000,2025-10-03 17:59:59
2025-10-03 18:00:00,0.09415,0.09415,0.09415,0.09415,5649.0,60000,2025-10-03 18:09:59
2025-10-03 18:10:00,0.09415,0.0942,0.0942,0.09415,4709.5,50000,2025-10-03 18:19:59
2025-10-03 18:20:00,0.09425,0.09425,0.0943,0.09425,42427.0,450000,2025-10-03 18:29:59
2025-10-03 18:30:00,0.09425,0.09425,0.0943,0.09425,10369.0,110000,2025-10-03 18:39:09
2025-10-03 19:10:00,0.0942,0.0942,0.0942,0.0942,23550.0,250000,2025-10-03 19:19:59
2025-10-03 19:20:00,0.0942,0.09405,0.0942,0.09405,278612.0,2960000,2025-10-03 19:29:59
2025-10-03 19:30:00,0.09405,0.094,0.09405,0.094,66740.5,710000,2025-10-03 19:39:59
2025-10-03 19:40:00,0.094,0.094,0.094,0.094,171080.0,1820000,2025-10-03 19:49:59
2025-10-03 19:50:00,0.094,0.094,0.0943,0.094,831211.5,8840000,2025-10-03 19:59:59
2025-10-03 20:00:00,0.094,0.09365,0.0942,0.09365,362200.5,3860000,2025-10-03 20:09:59
2025-10-03 20:10:00,0.09365,0.0937,0.09415,0.0936,257141.5,2740000,2025-10-03 20:19:59
2025-10-03 20:20:00,0.0937,0.0936,0.0937,0.0936,30920.0,330000,2025-10-03 20:29:59
2025-10-03 20:30:00,0.0936,0.0936,0.0936,0.0936,936.0,10000,2025-10-03 20:39:59
2025-10-03 20:40:00,0.0936,0.09355,0.0936,0.09355,61754.0,660000,2025-10-03 20:49:59
2025-10-03 21:00:00,0.09355,0.0935,0.09355,0.0935,37404.5,400000,2025-10-03 21:09:59
2025-10-03 21:10:00,0.09355,0.0936,0.0936,0.0935,36477.5,390000,2025-10-03 21:19:59
2025-10-03 21:20:00,0.09355,0.09355,0.09355,0.09355,15903.5,170000,2025-10-03 21:29:59
2025-10-03 21:30:00,0.0935,0.0935,0.0935,0.0935,359975.0,3850000,2025-10-03 21:39:59
2025-10-03 21:40:00,0.09355,0.09365,0.09365,0.09355,14038.5,150000,2025-10-03 21:47:09
2025-10-03 22:00:00,0.09365,0.0935,0.0938,0.0935,87022.0,930000,2025-10-03 22:09:59
2025-10-03 22:10:00,0.0935,0.09355,0.0939,0.0935,116352.5,1240000,2025-10-03 22:19:59
2025-10-03 22:20:00,0.09385,0.09385,0.09385,0.09385,938.5,10000,2025-10-03 22:29:59
2025-10-03 22:30:00,0.09385,0.09395,0.09395,0.09385,46972.0,500000,2025-10-03 22:39:59
2025-10-03 22:40:00,0.09395,0.09395,0.09395,0.09395,1879.0,20000,2025-10-03 22:47:08
2025-10-03 23:10:00,0.0937,0.09385,0.09385,0.09355,16854.0,180000,2025-10-03 23:19:59
2025-10-03 23:20:00,0.09355,0.0937,0.0937,0.0934,824809.5,8820000,2025-10-03 23:29:59
2025-10-03 23:30:00,0.0937,0.09335,0.0937,0.09335,80463.0,860000,2025-10-03 23:39:59
2025-10-03 23:40:00,0.0934,0.0936,0.0936,0.09325,77422.5,830000,2025-10-03 23:48:09
2025-10-04 10:00:00,0.09295,0.0939,0.0939,0.09295,1868.5,20000,2025-10-04 10:09:59
2025-10-04 10:10:00,0.09355,0.0937,0.0937,0.0934,25271.5,270000,2025-10-04 10:19:59
2025-10-04 10:20:00,0.0933,0.09345,0.0935,0.09315,139809.0,1500000,2025-10-04 10:29:59
2025-10-04 10:30:00,0.09325,0.09315,0.09325,0.09315,45645.0,490000,2025-10-04 10:39:59
2025-10-04 10:40:00,0.0933,0.09315,0.0933,0.09315,18657.0,200000,2025-10-04 10:49:59
2025-10-04 10:50:00,0.0933,0.0933,0.0933,0.0933,9330.0,100000,2025-10-04 10:59:02
2025-10-04 11:00:00,0.0931,0.093,0.0931,0.093,3722.5,40000,2025-10-04 11:09:59
2025-10-04 11:10:00,0.093,0.093,0.093,0.093,9300.0,100000,2025-10-04 11:19:59
2025-10-04 11:20:00,0.09315,0.093,0.09315,0.093,10233.0,110000,2025-10-04 11:29:59
2025-10-04 11:30:00,0.093,0.09315,0.09315,0.0929,10224.5,110000,2025-10-04 11:39:59
2025-10-04 11:40:00,0.0929,0.0927,0.0929,0.0927,153007.5,1650000,2025-10-04 11:49:59
2025-10-04 11:50:00,0.0927,0.0927,0.0927,0.0927,196524.0,2120000,2025-10-04 11:59:59
2025-10-04 12:00:00,0.0927,0.0927,0.0927,0.0927,300348.0,3240000,2025-10-04 12:09:59
2025-10-04 12:10:00,0.0927,0.0927,0.09285,0.0927,187258.0,2020000,2025-10-04 12:19:59
2025-10-04 12:20:00,0.0927,0.0927,0.0927,0.0927,37080.0,400000,2025-10-04 12:29:59
2025-10-04 12:30:00,0.09295,0.0927,0.093,0.0927,52890.0,570000,2025-10-04 12:39:59
2025-10-04 12:40:00,0.0927,0.0927,0.0927,0.0927,18540.0,200000,2025-10-04 12:49:59
2025-10-04 12:50:00,0.0927,0.0924,0.09275,0.09215,361584.0,3910000,2025-10-04 12:58:02
2025-10-04 13:00:00,0.09235,0.09205,0.09235,0.09205,107748.5,1170000,2025-10-04 13:09:59
2025-10-04 13:10:00,0.09205,0.09205,0.09205,0.09205,54309.5,590000,2025-10-04 13:19:59
2025-10-04 13:20:00,0.09205,0.09205,0.09205,0.0919,30366.5,330000,2025-10-04 13:29:59
2025-10-04 13:30:00,0.09205,0.093,0.093,0.09205,459609.5,4960000,2025-10-04 13:39:59
2025-10-04 13:40:00,0.09255,0.09225,0.09255,0.09225,29577.0,320000,2025-10-04 13:47:02
2025-10-04 14:00:00,0.0924,0.09225,0.0924,0.09225,39683.5,430000,2025-10-04 14:09:59
2025-10-04 14:10:00,0.0923,0.0922,0.0923,0.0922,62730.5,680000,2025-10-04 14:19:59
2025-10-04 14:30:00,0.0922,0.0922,0.0922,0.0922,2766.0,30000,2025-10-04 14:39:59
2025-10-04 14:50:00,0.0922,0.09225,0.09225,0.0922,4610.5,50000,2025-10-04 14:59:01
2025-10-04 15:00:00,0.09225,0.09215,0.09225,0.09215,15672.0,170000,2025-10-04 15:09:59
2025-10-04 15:10:00,0.09225,0.0921,0.09225,0.0921,9218.0,100000,2025-10-04 15:19:59
2025-10-04 15:20:00,0.09215,0.0922,0.0922,0.0921,38713.5,420000,2025-10-04 15:29:59
2025-10-04 15:40:00,0.09235,0.09235,0.09235,0.09235,1847.0,20000,2025-10-04 15:48:02
2025-10-04 16:00:00,0.0923,0.09235,0.09235,0.0923,52638.5,570000,2025-10-04 16:09:59
2025-10-04 16:30:00,0.0923,0.09235,0.09235,0.0923,1846.5,20000,2025-10-04 16:39:59
2025-10-04 16:40:00,0.0923,0.09215,0.0923,0.09215,5534.5,60000,2025-10-04 16:49:59
2025-10-04 16:50:00,0.0922,0.0922,0.0922,0.0922,922.0,10000,2025-10-04 16:56:06
2025-10-04 17:00:00,0.09215,0.0922,0.0922,0.09215,12907.0,140000,2025-10-04 17:09:59
2025-10-04 17:30:00,0.0922,0.0922,0.0922,0.0922,922.0,10000,2025-10-04 17:39:59
2025-10-04 18:00:00,0.09225,0.09225,0.09225,0.09225,1845.0,20000,2025-10-04 18:09:59
2025-10-04 18:10:00,0.0924,0.0924,0.0924,0.0924,4620.0,50000,2025-10-04 18:19:59
2025-10-04 18:20:00,0.0924,0.09245,0.09245,0.0924,46218.5,500000,2025-10-04 18:28:02
2025-10-05 10:00:00,0.0921,0.09245,0.09245,0.09205,7374.5,80000,2025-10-05 10:09:59
2025-10-05 10:10:00,0.09215,0.0919,0.09215,0.0916,531632.0,5790000,2025-10-05 10:19:59
2025-10-05 10:20:00,0.09185,0.092,0.092,0.09185,11955.5,130000,2025-10-05 10:29:59
2025-10-05 10:30:00,0.092,0.092,0.092,0.092,11040.0,120000,2025-10-05 10:39:59
2025-10-05 10:40:00,0.0922,0.0922,0.0922,0.0922,922.0,10000,2025-10-05 10:49:59
2025-10-05 10:50:00,0.092,0.09195,0.092,0.0919,26667.0,290000,2025-10-05 10:56:02
2025-10-05 11:00:00,0.092,0.092,0.092,0.092,1840.0,20000,2025-10-05 11:09:59
2025-10-05 11:20:00,0.0919,0.092,0.092,0.0918,82712.5,900000,2025-10-05 11:29:59
2025-10-05 11:40:00,0.09185,0.09185,0.09185,0.09185,3674.0,40000,2025-10-05 11:49:59
2025-10-05 11:50:00,0.092,0.092,0.092,0.092,8280.0,90000,2025-10-05 11:56:01
2025-10-05 12:10:00,0.09225,0.09255,0.09255,0.09225,92410.5,1000000,2025-10-05 12:19:59
2025-10-05 12:20:00,0.09205,0.092,0.09205,0.092,2760.5,30000,2025-10-05 12:23:01
2025-10-05 13:00:00,0.09225,0.09225,0.09225,0.09225,2767.5,30000,2025-10-05 13:09:59
2025-10-05 13:30:00,0.09205,0.0918,0.09205,0.0918,182925.0,1990000,2025-10-05 13:39:59
2025-10-05 13:40:00,0.09185,0.09185,0.09185,0.09185,19288.5,210000,2025-10-05 13:45:01
2025-10-05 14:00:00,0.092,0.092,0.092,0.092,1840.0,20000,2025-10-05 14:09:59
2025-10-05 14:10:00,0.09205,0.09205,0.09205,0.09205,2761.5,30000,2025-10-05 14:19:59
2025-10-05 14:20:00,0.09205,0.0921,0.0921,0.09205,5524.0,60000,2025-10-05 14:29:59
2025-10-05 14:30:00,0.0921,0.0921,0.0921,0.0921,7368.0,80000,2025-10-05 14:39:59
2025-10-05 14:40:00,0.0921,0.0921,0.0921,0.0921,9210.0,100000,2025-10-05 14:47:02
2025-10-05 15:00:00,0.09185,0.09205,0.09205,0.09185,58802.0,640000,2025-10-05 15:09:59
2025-10-05 15:20:00,0.09205,0.092,0.09205,0.092,2761.0,30000,2025-10-05 15:29:59
2025-10-05 15:30:00,0.092,0.092,0.092,0.092,6440.0,70000,2025-10-05 15:39:59
2025-10-05 15:40:00,0.092,0.092,0.092,0.092,2760.0,30000,2025-10-05 15:45:01
2025-10-05 16:00:00,0.092,0.092,0.092,0.092,920.0,10000,2025-10-05 16:09:59
2025-10-05 16:20:00,0.092,0.0922,0.0922,0.092,11055.5,120000,2025-10-05 16:29:59
2025-10-05 16:30:00,0.09225,0.09225,0.09225,0.09225,87637.5,950000,2025-10-05 16:39:59
2025-10-05 16:40:00,0.09225,0.09225,0.09225,0.09225,922.5,10000,2025-10-05 16:49:59
2025-10-05 16:50:00,0.09205,0.09205,0.09205,0.09205,2761.5,30000,2025-10-05 16:51:01
2025-10-05 17:20:00,0.09225,0.09225,0.09225,0.09225,93172.5,1010000,2025-10-05 17:29:59
2025-10-05 17:30:00,0.0923,0.0923,0.0923,0.0923,923.0,10000,2025-10-05 17:39:59
2025-10-05 17:40:00,0.09225,0.09225,0.09225,0.09225,922.5,10000,2025-10-05 17:49:59
2025-10-05 17:50:00,0.09225,0.09225,0.09225,0.09225,47970.0,520000,2025-10-05 17:59:59
2025-10-05 18:00:00,0.09225,0.0923,0.0923,0.09225,11075.5,120000,2025-10-05 18:09:59
2025-10-05 18:10:00,0.09235,0.0925,0.0925,0.09235,7397.5,80000,2025-10-05 18:19:59
2025-10-05 18:20:00,0.0925,0.09275,0.09275,0.0925,38923.5,420000,2025-10-05 18:29:59
2025-10-05 18:30:00,0.0925,0.09275,0.09275,0.0925,1852.5,20000,2025-10-05 18:39:59
2025-10-05 18:40:00,0.09275,0.09255,0.09275,0.09255,2778.5,30000,2025-10-05 18:49:02
2025-10-06 07:00:00,0.09265,0.09275,0.09275,0.09255,12039.5,130000,2025-10-06 07:09:59
2025-10-06 07:10:00,0.09305,0.09325,0.09325,0.09305,45650.0,490000,2025-10-06 07:19:59
2025-10-06 07:20:00,0.0933,0.0934,0.09355,0.0931,102739.5,1100000,2025-10-06 07:29:59
2025-10-06 07:40:00,0.0934,0.0934,0.0934,0.0934,934.0,10000,2025-10-06 07:49:59
2025-10-06 07:50:00,0.0934,0.0934,0.0934,0.0934,4670.0,50000,2025-10-06 07:55:01
2025-10-06 08:10:00,0.0934,0.0934,0.0934,0.0932,36420.0,390000,2025-10-06 08:19:59
2025-10-06 08:20:00,0.0934,0.0934,0.0934,0.0934,18680.0,200000,2025-10-06 08:29:59
2025-10-06 08:50:00,0.09325,0.09325,0.09325,0.09325,1865.0,20000,2025-10-06 08:55:01
2025-10-06 09:10:00,0.09325,0.09325,0.09325,0.09325,1865.0,20000,2025-10-06 09:19:59
2025-10-06 09:30:00,0.09335,0.09335,0.09335,0.09335,933.5,10000,2025-10-06 09:39:59
2025-10-06 09:40:00,0.09335,0.09335,0.09335,0.09335,15869.5,170000,2025-10-06 09:49:59
2025-10-06 09:50:00,0.0933,0.0934,0.0934,0.0933,256681.0,2750000,2025-10-06 09:59:02
2025-10-06 10:00:00,0.0932,0.09345,0.09345,0.0932,34507.5,370000,2025-10-06 10:09:59
2025-10-06 10:10:00,0.0935,0.09365,0.09365,0.0935,129968.0,1390000,2025-10-06 10:19:59
2025-10-06 10:20:00,0.09375,0.09445,0.0947,0.0937,767599.5,8150000,2025-10-06 10:29:59
2025-10-06 10:30:00,0.0945,0.095,0.095,0.0945,442931.5,4680000,2025-10-06 10:39:59
2025-10-06 10:40:00,0.09495,0.0943,0.095,0.0943,187248.0,1980000,2025-10-06 10:49:59
2025-10-06 10:50:00,0.09455,0.0947,0.0947,0.0944,119088.0,1260000,2025-10-06 10:59:59
2025-10-06 11:00:00,0.0948,0.09535,0.0961,0.0948,1249014.0,13070000,2025-10-06 11:09:59
2025-10-06 11:10:00,0.0955,0.09565,0.0959,0.0953,202654.5,2120000,2025-10-06 11:19:59
2025-10-06 11:20:00,0.0956,0.096,0.096,0.0955,177451.0,1850000,2025-10-06 11:29:59
2025-10-06 11:30:00,0.09575,0.0955,0.09575,0.0954,114625.0,1200000,2025-10-06 11:39:59
2025-10-06 11:40:00,0.09555,0.0963,0.0963,0.09535,574454.5,5990000,2025-10-06 11:49:59
2025-10-06 11:50:00,0.09615,0.0964,0.0967,0.0961,237191.5,2460000,2025-10-06 11:59:59
2025-10-06 12:00:00,0.09645,0.09615,0.09665,0.09615,322105.5,3340000,2025-10-06 12:09:59
2025-10-06 12:10:00,0.09615,0.0953,0.0964,0.0953,970710.5,10120000,2025-10-06 12:19:59
2025-10-06 12:20:00,0.0953,0.0955,0.0955,0.0953,236508.0,2480000,2025-10-06 12:29:59
2025-10-06 12:30:00,0.0955,0.0956,0.0958,0.0953,537000.5,5620000,2025-10-06 12:39:59
2025-10-06 12:40:00,0.0957,0.09565,0.0958,0.09545,109974.0,1150000,2025-10-06 12:49:59
2025-10-06 12:50:00,0.0956,0.0957,0.0957,0.0956,106201.5,1110000,2025-10-06 12:59:59
2025-10-06 13:00:00,0.09565,0.0958,0.0958,0.0955,207647.0,2170000,2025-10-06 13:09:59
2025-10-06 13:10:00,0.09555,0.09585,0.09595,0.09555,572407.5,5970000,2025-10-06 13:19:59
2025-10-06 13:20:00,0.09585,0.09555,0.0959,0.09555,457334.0,4780000,2025-10-06 13:29:59
2025-10-06 13:30:00,0.09565,0.0958,0.09585,0.09555,134094.0,1400000,2025-10-06 13:39:59
2025-10-06 13:40:00,0.09575,0.09565,0.0958,0.0953,251324.0,2630000,2025-10-06 13:49:59
2025-10-06 13:50:00,0.09565,0.0955,0.09565,0.09525,372156.5,3900000,2025-10-06 13:59:59
2025-10-06 14:00:00,0.0953,0.095,0.09555,0.095,780200.0,8200000,2025-10-06 14:09:59
2025-10-06 14:10:00,0.0952,0.0953,0.0953,0.09505,93345.5,980000,2025-10-06 14:19:59
2025-10-06 14:20:00,0.0953,0.0951,0.0953,0.095,285339.5,3000000,2025-10-06 14:29:59
2025-10-06 14:30:00,0.0952,0.09535,0.09535,0.0952,90500.5,950000,2025-10-06 14:39:59
2025-10-06 14:40:00,0.0953,0.0953,0.09535,0.09525,90535.0,950000,2025-10-06 14:49:59
2025-10-06 14:50:00,0.0953,0.095,0.0954,0.095,572140.0,6020000,2025-10-06 14:54:04
2025-10-06 15:00:00,0.09505,0.09495,0.09525,0.09495,172936.5,1820000,2025-10-06 15:09:59
2025-10-06 15:10:00,0.09515,0.095,0.09515,0.095,721051.5,7590000,2025-10-06 15:19:59
2025-10-06 15:20:00,0.095,0.09505,0.09545,0.095,796274.0,8350000,2025-10-06 15:29:59
2025-10-06 15:30:00,0.0951,0.09515,0.09515,0.0951,1902.5,20000,2025-10-06 15:39:59
2025-10-06 15:40:00,0.09515,0.09525,0.0954,0.09515,40049.5,420000,2025-10-06 15:49:59
2025-10-06 15:50:00,0.09545,0.0952,0.09545,0.095,645284.0,6780000,2025-10-06 15:57:08
2025-10-06 16:00:00,0.0952,0.0953,0.09535,0.0952,118148.0,1240000,2025-10-06 16:09:59
2025-10-06 16:20:00,0.09545,0.09585,0.09585,0.09545,507213.0,5310000,2025-10-06 16:29:59
2025-10-06 16:30:00,0.09585,0.0955,0.0959,0.0954,227549.0,2380000,2025-10-06 16:39:59
2025-10-06 16:40:00,0.09555,0.0956,0.09575,0.09555,105175.0,1100000,2025-10-06 16:49:59
2025-10-06 16:50:00,0.0956,0.0959,0.096,0.0956,150433.0,1570000,2025-10-06 16:59:04
2025-10-06 17:00:00,0.096,0.096,0.096,0.0958,83506.0,870000,2025-10-06 17:09:59
2025-10-06 17:10:00,0.096,0.0962,0.0962,0.096,166095.5,1730000,2025-10-06 17:19:59
2025-10-06 17:20:00,0.0961,0.0961,0.0961,0.096,45148.5,470000,2025-10-06 17:29:59
2025-10-06 17:30:00,0.09625,0.09625,0.09625,0.09595,110468.5,1150000,2025-10-06 17:39:59
2025-10-06 17:40:00,0.0962,0.09625,0.0963,0.0962,244487.0,2540000,2025-10-06 17:49:59
2025-10-06 17:50:00,0.09625,0.09625,0.09625,0.09625,15400.0,160000,2025-10-06 17:56:05
2025-10-06 18:00:00,0.09625,0.09655,0.09655,0.0962,360651.5,3740000,2025-10-06 18:09:59
2025-10-06 18:10:00,0.09655,0.09655,0.09685,0.09655,258199.5,2670000,2025-10-06 18:19:59
2025-10-06 18:20:00,0.0966,0.0964,0.0967,0.09635,162070.5,1680000,2025-10-06 18:29:59
2025-10-06 18:30:00,0.0966,0.09645,0.0967,0.09645,96643.5,1000000,2025-10-06 18:39:59
2025-10-06 18:40:00,0.09675,0.09675,0.09675,0.09675,967.5,10000,2025-10-06 18:49:05
2025-10-06 19:00:00,0.09655,0.09685,0.09685,0.09655,117119.0,1210000,2025-10-06 19:09:59
2025-10-06 19:10:00,0.0968,0.09645,0.09705,0.09645,1007043.5,10390000,2025-10-06 19:19:59
2025-10-06 19:20:00,0.09685,0.09675,0.0969,0.0964,29950.0,310000,2025-10-06 19:29:59
2025-10-06 19:30:00,0.09675,0.09675,0.09675,0.09675,2902.5,30000,2025-10-06 19:39:59
2025-10-06 19:40:00,0.09675,0.09655,0.0968,0.09655,118065.0,1220000,2025-10-06 19:49:59
2025-10-06 19:50:00,0.09685,0.09655,0.09685,0.0965,36736.0,380000,2025-10-06 19:59:59
2025-10-06 20:00:00,0.09685,0.0964,0.09685,0.0964,239401.0,2480000,2025-10-06 20:09:59
2025-10-06 20:10:00,0.0963,0.09635,0.09635,0.0963,1926.5,20000,2025-10-06 20:19:59
2025-10-06 20:20:00,0.0963,0.0962,0.0963,0.0962,27922.0,290000,2025-10-06 20:29:59
2025-10-06 20:30:00,0.09625,0.09655,0.09655,0.09625,160057.5,1660000,2025-10-06 20:39:59
2025-10-06 20:40:00,0.0965,0.0964,0.09655,0.0964,182442.0,1890000,2025-10-06 20:49:59
2025-10-06 20:50:00,0.0963,0.0963,0.0963,0.0963,5778.0,60000,2025-10-06 20:56:09
2025-10-06 21:00:00,0.0965,0.09675,0.09675,0.09605,366521.0,3800000,2025-10-06 21:09:59
2025-10-06 21:10:00,0.09675,0.0968,0.0968,0.09625,227455.5,2350000,2025-10-06 21:19:59
2025-10-06 21:20:00,0.0968,0.0967,0.0968,0.0962,112704.5,1170000,2025-10-06 21:29:59
2025-10-06 21:30:00,0.09635,0.09675,0.09675,0.09625,38645.5,400000,2025-10-06 21:39:59
2025-10-06 21:40:00,0.0967,0.0967,0.0967,0.0967,1934.0,20000,2025-10-06 21:49:04
2025-10-06 22:00:00,0.0967,0.0967,0.0967,0.0967,9670.0,100000,2025-10-06 22:09:59
2025-10-06 22:10:00,0.0966,0.0966,0.0966,0.0966,1932.0,20000,2025-10-06 22:19:59
2025-10-06 22:20:00,0.09655,0.09655,0.09655,0.09655,1931.0,20000,2025-10-06 22:29:59
2025-10-06 22:30:00,0.0965,0.09655,0.09655,0.0965,10615.5,110000,2025-10-06 22:39:59
2025-10-06 22:50:00,0.09655,0.0966,0.0966,0.09655,4828.5,50000,2025-10-06 22:58:05
2025-10-06 23:00:00,0.0965,0.09635,0.0965,0.0963,30834.5,320000,2025-10-06 23:09:59
2025-10-06 23:10:00,0.0966,0.0966,0.0966,0.0966,22218.0,230000,2025-10-06 23:19:59
2025-10-06 23:20:00,0.09675,0.09685,0.09685,0.0966,116938.5,1210000,2025-10-06 23:29:59
2025-10-06 23:30:00,0.09645,0.0965,0.0968,0.09645,25084.0,260000,2025-10-06 23:39:59
2025-10-06 23:40:00,0.0965,0.0965,0.0965,0.0965,1930.0,20000,2025-10-06 23:44:05
2025-10-07 06:50:00,0.09705,0.09705,0.09705,0.09705,62112.0,640000,2025-10-07 06:59:59
2025-10-07 07:00:00,0.09705,0.09695,0.09705,0.09665,87335.5,900000,2025-10-07 07:09:59
2025-10-07 07:20:00,0.09695,0.0959,0.09695,0.0959,351042.0,3650000,2025-10-07 07:29:59
2025-10-07 07:30:00,0.09665,0.09635,0.09665,0.09635,1930.0,20000,2025-10-07 07:39:59
2025-10-07 07:40:00,0.0965,0.0965,0.0965,0.0965,20265.0,210000,2025-10-07 07:49:59
2025-10-07 08:00:00,0.0967,0.09645,0.0967,0.09585,482060.5,5020000,2025-10-07 08:09:59
2025-10-07 08:10:00,0.0962,0.09645,0.09645,0.09615,7707.0,80000,2025-10-07 08:19:59
2025-10-07 08:30:00,0.09645,0.09665,0.09665,0.09645,24157.5,250000,2025-10-07 08:39:59
2025-10-07 08:40:00,0.09655,0.09655,0.09655,0.09655,9655.0,100000,2025-10-07 08:49:59
2025-10-07 08:50:00,0.0962,0.09625,0.09625,0.096,35603.5,370000,2025-10-07 08:59:01
2025-10-07 09:00:00,0.0961,0.0962,0.09625,0.0961,192482.0,2000000,2025-10-07 09:09:59
2025-10-07 09:10:00,0.09625,0.09625,0.09625,0.09625,38500.0,400000,2025-10-07 09:19:59
2025-10-07 09:20:00,0.09625,0.09585,0.09625,0.09585,117333.5,1220000,2025-10-07 09:29:59
2025-10-07 09:40:00,0.09615,0.09615,0.09615,0.096,116334.5,1210000,2025-10-07 09:49:59
2025-10-07 09:50:00,0.09615,0.09615,0.09615,0.09615,9615.0,100000,2025-10-07 09:51:02
2025-10-07 10:00:00,0.0961,0.09575,0.0961,0.09575,159170.5,1660000,2025-10-07 10:09:59
2025-10-07 10:10:00,0.0958,0.096,0.096,0.09575,75770.0,790000,2025-10-07 10:19:59
2025-10-07 10:20:00,0.096,0.096,0.09605,0.096,63362.5,660000,2025-10-07 10:29:59
2025-10-07 10:30:00,0.096,0.0962,0.0962,0.096,150948.5,1570000,2025-10-07 10:39:59
2025-10-07 10:40:00,0.09625,0.09675,0.09675,0.0961,276749.5,2870000,2025-10-07 10:49:59
2025-10-07 10:50:00,0.0968,0.09685,0.0969,0.0968,199468.0,2060000,2025-10-07 10:59:02
2025-10-07 11:00:00,0.09685,0.097,0.09705,0.09685,281284.5,2900000,2025-10-07 11:09:59
2025-10-07 11:10:00,0.09705,0.09705,0.09705,0.097,90250.5,930000,2025-10-07 11:19:59
2025-10-07 11:20:00,0.09705,0.09785,0.09785,0.097,940521.0,9660000,2025-10-07 11:29:59
2025-10-07 11:30:00,0.09775,0.09745,0.09775,0.097,1021452.5,10490000,2025-10-07 11:39:59
2025-10-07 11:40:00,0.0972,0.0976,0.09785,0.0971,3256019.0,33330000,2025-10-07 11:49:59
2025-10-07 11:50:00,0.09765,0.0975,0.09775,0.0975,832534.5,8520000,2025-10-07 11:59:59
2025-10-07 12:00:00,0.0975,0.09745,0.0977,0.0974,177372.0,1820000,2025-10-07 12:09:59
2025-10-07 12:10:00,0.0977,0.09765,0.098,0.09745,453912.0,4640000,2025-10-07 12:19:59
2025-10-07 12:20:00,0.0976,0.09745,0.09765,0.09745,176506.0,1810000,2025-10-07 12:29:59
2025-10-07 12:30:00,0.09745,0.0973,0.0977,0.09715,551841.5,5670000,2025-10-07 12:39:59
2025-10-07 12:40:00,0.0973,0.0975,0.09765,0.097,272208.5,2800000,2025-10-07 12:49:59
2025-10-07 12:50:00,0.0975,0.09755,0.09755,0.09725,61423.5,630000,2025-10-07 12:58:08
2025-10-07 13:00:00,0.0976,0.09745,0.09765,0.0971,230134.0,2360000,2025-10-07 13:09:59
2025-10-07 13:10:00,0.0972,0.0971,0.09725,0.097,487147.5,5020000,2025-10-07 13:19:59
2025-10-07 13:20:00,0.0971,0.0972,0.0972,0.09705,21353.0,220000,2025-10-07 13:29:59
2025-10-07 13:30:00,0.0973,0.0973,0.0973,0.0973,6811.0,70000,2025-10-07 13:39:59
2025-10-07 13:40:00,0.0972,0.0972,0.0972,0.0972,972.0,10000,2025-10-07 13:49:59
2025-10-07 13:50:00,0.0972,0.09715,0.0972,0.09685,175558.5,1810000,2025-10-07 13:59:59
2025-10-07 14:00:00,0.09715,0.09725,0.0973,0.09715,83603.0,860000,2025-10-07 14:09:59
2025-10-07 14:10:00,0.09725,0.09725,0.09725,0.0971,86518.0,890000,2025-10-07 14:19:59
2025-10-07 14:20:00,0.0971,0.0971,0.09725,0.0971,24281.0,250000,2025-10-07 14:29:59
2025-10-07 14:30:00,0.09725,0.0972,0.09725,0.0972,10692.5,110000,2025-10-07 14:39:59
2025-10-07 14:50:00,0.0971,0.0973,0.0973,0.0971,8741.0,90000,2025-10-07 14:57:03
2025-10-07 15:00:00,0.0973,0.09715,0.0973,0.0971,31104.0,320000,2025-10-07 15:09:59
2025-10-07 15:10:00,0.09715,0.0971,0.09715,0.0971,68960.0,710000,2025-10-07 15:19:59
2025-10-07 15:20:00,0.09715,0.097,0.0973,0.097,257318.0,2650000,2025-10-07 15:29:59
2025-10-07 15:30:00,0.0969,0.09695,0.097,0.09685,1052340.5,10850000,2025-10-07 15:39:59
2025-10-07 15:40:00,0.09705,0.097,0.09705,0.097,87307.0,900000,2025-10-07 15:49:59
2025-10-07 15:50:00,0.0969,0.097,0.09705,0.0969,32975.5,340000,2025-10-07 15:59:03
2025-10-07 16:00:00,0.09705,0.09705,0.09705,0.09705,107725.5,1110000,2025-10-07 16:09:59
2025-10-07 16:10:00,0.0972,0.09715,0.0975,0.09715,348619.5,3580000,2025-10-07 16:19:59
2025-10-07 16:20:00,0.09715,0.09715,0.09715,0.09715,5829.0,60000,2025-10-07 16:29:59
2025-10-07 16:30:00,0.0972,0.0972,0.0972,0.0972,7776.0,80000,2025-10-07 16:39:59
2025-10-07 16:40:00,0.0972,0.0974,0.09745,0.09715,165611.5,1700000,2025-10-07 16:49:59
2025-10-07 16:50:00,0.09745,0.0974,0.0975,0.0974,208628.0,2140000,2025-10-07 16:59:59
2025-10-07 17:00:00,0.0973,0.09725,0.0976,0.09725,195953.5,2010000,2025-10-07 17:09:59
2025-10-07 17:10:00,0.09735,0.09715,0.09735,0.09715,263517.5,2710000,2025-10-07 17:19:59
2025-10-07 17:20:00,0.0973,0.09755,0.09755,0.0973,135448.5,1390000,2025-10-07 17:29:59
2025-10-07 17:30:00,0.09725,0.09755,0.09755,0.0972,51668.5,530000,2025-10-07 17:39:59
2025-10-07 17:40:00,0.09755,0.098,0.098,0.0975,1043217.0,10660000,2025-10-07 17:49:59
2025-10-07 17:50:00,0.09775,0.09785,0.09785,0.09765,5862.0,60000,2025-10-07 17:58:03
2025-10-07 18:00:00,0.09785,0.09755,0.0979,0.09755,97762.0,1000000,2025-10-07 18:09:59
2025-10-07 18:10:00,0.09785,0.0978,0.09785,0.09755,263114.0,2690000,2025-10-07 18:19:59
2025-10-07 18:20:00,0.0976,0.0978,0.0978,0.0976,49809.5,510000,2025-10-07 18:29:59
2025-10-07 18:30:00,0.09765,0.09765,0.09785,0.09765,8792.5,90000,2025-10-07 18:39:59
2025-10-07 18:40:00,0.09785,0.09785,0.09785,0.09785,9785.0,100000,2025-10-07 18:49:13
2025-10-07 19:00:00,0.09785,0.0978,0.09785,0.09765,20520.5,210000,2025-10-07 19:09:59
2025-10-07 19:10:00,0.0978,0.0978,0.0978,0.0978,19560.0,200000,2025-10-07 19:19:59
2025-10-07 19:20:00,0.09775,0.09775,0.09775,0.09775,1955.0,20000,2025-10-07 19:29:59
2025-10-07 19:30:00,0.09765,0.09775,0.09775,0.09765,3909.0,40000,2025-10-07 19:39:59
2025-10-07 19:40:00,0.09775,0.09775,0.09775,0.09775,3910.0,40000,2025-10-07 19:49:59
2025-10-07 19:50:00,0.09765,0.0976,0.09775,0.0976,27342.0,280000,2025-10-07 19:57:13
2025-10-07 20:00:00,0.0976,0.0976,0.09765,0.0976,34165.0,350000,2025-10-07 20:09:59
2025-10-07 20:10:00,0.0976,0.09765,0.09765,0.0976,9760.5,100000,2025-10-07 20:19:59
2025-10-07 20:20:00,0.09765,0.0975,0.09765,0.0975,113158.0,1160000,2025-10-07 20:29:59
2025-10-07 20:30:00,0.09765,0.09745,0.09765,0.09745,43873.0,450000,2025-10-07 20:39:59
2025-10-07 20:40:00,0.0975,0.0975,0.0975,0.0975,975.0,10000,2025-10-07 20:49:59
2025-10-07 20:50:00,0.09745,0.09745,0.09745,0.09745,2923.5,30000,2025-10-07 20:55:04
2025-10-07 21:00:00,0.09745,0.09745,0.09745,0.09745,974.5,10000,2025-10-07 21:09:59
2025-10-07 21:10:00,0.0975,0.0975,0.0975,0.0975,28275.0,290000,2025-10-07 21:19:59
2025-10-07 21:30:00,0.09765,0.0975,0.09765,0.0975,3903.0,40000,2025-10-07 21:39:59
2025-10-07 21:40:00,0.09775,0.0978,0.0978,0.09775,195550.0,2000000,2025-10-07 21:49:59
2025-10-07 21:50:00,0.0978,0.09755,0.0978,0.09755,2931.5,30000,2025-10-07 21:53:04
2025-10-07 22:10:00,0.0976,0.09755,0.0976,0.09755,211693.5,2170000,2025-10-07 22:19:59
2025-10-07 22:30:00,0.09775,0.09775,0.09775,0.09775,84065.0,860000,2025-10-07 22:39:59
2025-10-07 22:40:00,0.09775,0.0978,0.0978,0.09775,46925.5,480000,2025-10-07 22:49:59
2025-10-07 22:50:00,0.09755,0.09755,0.09755,0.09755,975.5,10000,2025-10-07 22:54:04
2025-10-07 23:10:00,0.0978,0.09775,0.0978,0.09775,5867.5,60000,2025-10-07 23:19:59
2025-10-07 23:30:00,0.0976,0.0978,0.0978,0.0976,77124.0,790000,2025-10-07 23:39:59
2025-10-07 23:40:00,0.0978,0.0977,0.0978,0.0977,2933.0,30000,2025-10-07 23:46:04
2025-10-08 06:50:00,0.0977,0.0977,0.0977,0.0977,97700.0,1000000,2025-10-08 06:59:59
2025-10-08 07:00:00,0.09765,0.0987,0.09875,0.09765,237742.5,2420000,2025-10-08 07:09:59
2025-10-08 07:10:00,0.0987,0.0985,0.099,0.0983,328357.5,3330000,2025-10-08 07:19:59
2025-10-08 07:20:00,0.0983,0.09825,0.0983,0.0982,150315.0,1530000,2025-10-08 07:29:59
2025-10-08 07:30:00,0.09825,0.09815,0.09825,0.09815,8838.0,90000,2025-10-08 07:39:59
2025-10-08 07:40:00,0.0984,0.0983,0.0989,0.0983,142855.0,1450000,2025-10-08 07:49:59
2025-10-08 07:50:00,0.09875,0.099,0.099,0.09875,145497.0,1470000,2025-10-08 07:59:06
2025-10-08 08:00:00,0.0988,0.09885,0.099,0.0985,13810.5,140000,2025-10-08 08:09:59
2025-10-08 08:10:00,0.09885,0.09885,0.09885,0.09885,85011.0,860000,2025-10-08 08:19:59
2025-10-08 08:20:00,0.09885,0.0985,0.09885,0.0985,197449.0,2000000,2025-10-08 08:29:59
2025-10-08 08:30:00,0.09855,0.09895,0.09895,0.09845,248774.5,2520000,2025-10-08 08:39:59
2025-10-08 08:40:00,0.09895,0.09895,0.09895,0.09895,64317.5,650000,2025-10-08 08:49:59
2025-10-08 08:50:00,0.099,0.099,0.099,0.099,92070.0,930000,2025-10-08 08:59:59
2025-10-08 09:00:00,0.099,0.09895,0.099,0.09895,37618.5,380000,2025-10-08 09:09:59
2025-10-08 09:10:00,0.09895,0.09895,0.09895,0.09865,15820.5,160000,2025-10-08 09:19:59
2025-10-08 09:20:00,0.09895,0.0987,0.099,0.0987,549407.0,5550000,2025-10-08 09:29:59
2025-10-08 09:30:00,0.0987,0.09865,0.0987,0.0983,310141.0,3150000,2025-10-08 09:39:59
2025-10-08 09:40:00,0.09865,0.09875,0.09875,0.09865,21705.0,220000,2025-10-08 09:49:59
2025-10-08 09:50:00,0.09855,0.09855,0.09855,0.09855,8869.5,90000,2025-10-08 09:59:59
2025-10-08 10:00:00,0.09855,0.09895,0.09895,0.09855,85060.0,860000,2025-10-08 10:09:59
2025-10-08 10:10:00,0.09875,0.09875,0.099,0.09875,139297.0,1410000,2025-10-08 10:19:59
2025-10-08 10:20:00,0.09875,0.09875,0.09885,0.09855,151043.0,1530000,2025-10-08 10:29:59
2025-10-08 10:30:00,0.0988,0.0987,0.0988,0.0987,23706.0,240000,2025-10-08 10:39:59
2025-10-08 10:40:00,0.09875,0.099,0.099,0.0987,300729.5,3040000,2025-10-08 10:49:59
2025-10-08 10:50:00,0.099,0.09875,0.099,0.0986,478927.0,4840000,2025-10-08 10:58:02
2025-10-08 11:00:00,0.099,0.0983,0.0994,0.0982,744468.5,7550000,2025-10-08 11:09:59
2025-10-08 11:10:00,0.0983,0.0984,0.09855,0.0982,266402.0,2710000,2025-10-08 11:19:59
2025-10-08 11:20:00,0.09855,0.09825,0.09855,0.0982,228919.5,2330000,2025-10-08 11:29:59
2025-10-08 11:30:00,0.09825,0.0985,0.0985,0.09825,93400.0,950000,2025-10-08 11:39:59
2025-10-08 11:40:00,0.09855,0.0984,0.0987,0.0984,146947.0,1490000,2025-10-08 11:49:59
2025-10-08 11:50:00,0.09855,0.0983,0.09855,0.0983,45228.0,460000,2025-10-08 11:55:02
2025-10-08 12:00:00,0.09835,0.09825,0.09835,0.09825,10813.5,110000,2025-10-08 12:09:59
2025-10-08 12:10:00,0.0982,0.0982,0.0983,0.0981,2615039.0,26630000,2025-10-08 12:19:59
2025-10-08 12:20:00,0.0982,0.0984,0.0984,0.0982,154265.5,1570000,2025-10-08 12:29:59
2025-10-08 12:30:00,0.0982,0.0982,0.09835,0.0982,220980.0,2250000,2025-10-08 12:39:59
2025-10-08 12:40:00,0.0982,0.0975,0.0982,0.0975,1291381.5,13230000,2025-10-08 12:49:59
2025-10-08 12:50:00,0.09765,0.0975,0.0977,0.0975,117995.0,1210000,2025-10-08 12:59:07
2025-10-08 13:00:00,0.0975,0.0975,0.0975,0.0975,100425.0,1030000,2025-10-08 13:09:59
2025-10-08 13:10:00,0.0975,0.0975,0.0975,0.0975,96525.0,990000,2025-10-08 13:19:59
2025-10-08 13:20:00,0.0975,0.09735,0.0975,0.097,959376.0,9880000,2025-10-08 13:29:59
2025-10-08 13:30:00,0.09705,0.097,0.09705,0.097,563577.0,5810000,2025-10-08 13:39:59
2025-10-08 13:40:00,0.097,0.09665,0.09725,0.09665,260781.0,2690000,2025-10-08 13:49:59
2025-10-08 13:50:00,0.09665,0.0965,0.09675,0.0965,715227.5,7410000,2025-10-08 13:59:08
2025-10-08 14:00:00,0.0965,0.0965,0.0967,0.0965,131243.0,1360000,2025-10-08 14:09:59
2025-10-08 14:10:00,0.09655,0.09675,0.09675,0.0965,79234.0,820000,2025-10-08 14:19:59
2025-10-08 14:20:00,0.0967,0.0968,0.0968,0.0967,10646.0,110000,2025-10-08 14:29:59
2025-10-08 14:30:00,0.0967,0.0965,0.09675,0.0965,50249.0,520000,2025-10-08 14:39:59
2025-10-08 14:50:00,0.09655,0.09655,0.09655,0.09655,5793.0,60000,2025-10-08 14:57:08
2025-10-08 15:00:00,0.0967,0.09665,0.0967,0.0965,49248.5,510000,2025-10-08 15:09:59
2025-10-08 15:10:00,0.0965,0.0965,0.0965,0.0965,71410.0,740000,2025-10-08 15:19:59
2025-10-08 15:20:00,0.0965,0.0965,0.0965,0.0965,51145.0,530000,2025-10-08 15:29:59
2025-10-08 15:30:00,0.0965,0.0965,0.0966,0.0965,81061.0,840000,2025-10-08 15:39:59
2025-10-08 15:40:00,0.0965,0.0964,0.09675,0.09605,466082.5,4830000,2025-10-08 15:49:59
2025-10-08 15:50:00,0.09635,0.0963,0.09635,0.0963,28892.0,300000,2025-10-08 15:59:59
2025-10-08 16:00:00,0.09635,0.09635,0.09635,0.0963,82820.0,860000,2025-10-08 16:09:59
2025-10-08 16:10:00,0.0963,0.09615,0.0963,0.09615,93398.0,970000,2025-10-08 16:19:59
2025-10-08 16:20:00,0.0961,0.09605,0.0961,0.09605,28829.5,300000,2025-10-08 16:29:59
2025-10-08 16:30:00,0.09605,0.09605,0.09605,0.09605,1921.0,20000,2025-10-08 16:39:59
2025-10-08 16:40:00,0.09635,0.0961,0.09635,0.0961,20226.0,210000,2025-10-08 16:49:59
2025-10-08 16:50:00,0.09615,0.0964,0.0964,0.09615,18308.5,190000,2025-10-08 16:59:09
2025-10-08 17:00:00,0.0964,0.0963,0.09645,0.0962,82874.5,860000,2025-10-08 17:09:59
2025-10-08 17:10:00,0.0963,0.09615,0.09645,0.0961,284842.5,2960000,2025-10-08 17:19:59
2025-10-08 17:20:00,0.09635,0.0965,0.0965,0.09615,93575.5,970000,2025-10-08 17:29:59
2025-10-08 17:30:00,0.0965,0.0965,0.09665,0.0965,55006.5,570000,2025-10-08 17:39:59
2025-10-08 17:40:00,0.0965,0.0965,0.0965,0.0965,39565.0,410000,2025-10-08 17:49:59
2025-10-08 17:50:00,0.0965,0.0962,0.09665,0.09615,640256.0,6650000,2025-10-08 17:59:59
2025-10-08 18:00:00,0.09645,0.0962,0.0966,0.09615,304401.0,3160000,2025-10-08 18:09:59
2025-10-08 18:10:00,0.09645,0.09645,0.0965,0.0961,465544.0,4840000,2025-10-08 18:19:59
2025-10-08 18:20:00,0.0964,0.0961,0.0964,0.096,879907.0,9160000,2025-10-08 18:29:59
2025-10-08 18:30:00,0.096,0.0955,0.0967,0.0955,1618630.5,16880000,2025-10-08 18:39:59
2025-10-08 18:40:00,0.0956,0.0956,0.0956,0.0956,61184.0,640000,2025-10-08 18:46:05
2025-10-08 19:00:00,0.0955,0.0955,0.0956,0.0955,115575.5,1210000,2025-10-08 19:09:59
2025-10-08 19:10:00,0.0956,0.0963,0.0963,0.0955,722492.0,7560000,2025-10-08 19:19:59
2025-10-08 19:20:00,0.0958,0.0958,0.0958,0.0958,958.0,10000,2025-10-08 19:29:59
2025-10-08 19:30:00,0.0958,0.0958,0.0958,0.0958,7664.0,80000,2025-10-08 19:39:59
2025-10-08 19:40:00,0.0962,0.0963,0.09635,0.0958,21180.5,220000,2025-10-08 19:49:59
2025-10-08 19:50:00,0.09595,0.09575,0.09595,0.09575,98653.5,1030000,2025-10-08 19:58:10
2025-10-08 20:00:00,0.09595,0.096,0.0963,0.0957,215006.5,2240000,2025-10-08 20:09:59
2025-10-08 20:10:00,0.0958,0.09575,0.0958,0.0957,51715.5,540000,2025-10-08 20:19:59
2025-10-08 20:20:00,0.09595,0.09595,0.09595,0.09595,1919.0,20000,2025-10-08 20:29:59
2025-10-08 20:30:00,0.09585,0.09595,0.09595,0.09585,50808.5,530000,2025-10-08 20:39:59
2025-10-08 20:40:00,0.09595,0.096,0.096,0.09595,13439.0,140000,2025-10-08 20:49:59
2025-10-08 20:50:00,0.096,0.096,0.096,0.09595,5759.5,60000,2025-10-08 20:59:59
2025-10-08 21:00:00,0.096,0.0964,0.0964,0.096,35550.0,370000,2025-10-08 21:09:59
2025-10-08 21:10:00,0.0962,0.0962,0.0962,0.0962,962.0,10000,2025-10-08 21:19:59
2025-10-08 21:20:00,0.0962,0.0962,0.0962,0.0962,3848.0,40000,2025-10-08 21:29:59
2025-10-08 21:30:00,0.096,0.0956,0.096,0.0956,309311.5,3230000,2025-10-08 21:39:59
2025-10-08 21:40:00,0.096,0.09555,0.09605,0.09555,50664.0,530000,2025-10-08 21:49:59
2025-10-08 21:50:00,0.09605,0.0955,0.09605,0.0955,201548.0,2110000,2025-10-08 21:59:10
2025-10-08 22:10:00,0.0958,0.0958,0.0958,0.0958,2874.0,30000,2025-10-08 22:19:59
2025-10-08 22:20:00,0.0958,0.0958,0.0958,0.0958,11496.0,120000,2025-10-08 22:29:59
2025-10-08 22:30:00,0.09555,0.0955,0.09555,0.0955,51576.0,540000,2025-10-08 22:39:59
2025-10-08 22:40:00,0.0955,0.0955,0.0955,0.0955,152800.0,1600000,2025-10-08 22:49:59
2025-10-08 22:50:00,0.0954,0.09555,0.09555,0.0952,60953.0,640000,2025-10-08 22:59:10
2025-10-08 23:10:00,0.09555,0.09555,0.09555,0.09555,3822.0,40000,2025-10-08 23:19:59
2025-10-08 23:20:00,0.09565,0.09525,0.09565,0.09525,3814.0,40000,2025-10-08 23:29:59
2025-10-08 23:30:00,0.0952,0.0954,0.096,0.0951,206125.5,2160000,2025-10-08 23:39:59
2025-10-08 23:40:00,0.0954,0.09585,0.09585,0.0954,33435.0,350000,2025-10-08 23:48:10
2025-10-09 07:00:00,0.09735,0.09635,0.09785,0.09635,385808.5,3980000,2025-10-09 07:09:59
2025-10-09 07:10:00,0.09635,0.09665,0.09665,0.0963,14486.0,150000,2025-10-09 07:19:59
2025-10-09 07:20:00,0.0966,0.09675,0.09675,0.0966,4833.5,50000,2025-10-09 07:29:59
2025-10-09 07:30:00,0.0968,0.09675,0.09685,0.09675,19358.0,200000,2025-10-09 07:39:59
2025-10-09 07:40:00,0.0968,0.0968,0.0968,0.0968,10648.0,110000,2025-10-09 07:49:59
2025-10-09 07:50:00,0.09685,0.09635,0.09685,0.09635,67503.5,700000,2025-10-09 07:59:59
2025-10-09 08:00:00,0.0963,0.0963,0.0963,0.0963,963.0,10000,2025-10-09 08:09:59
2025-10-09 08:10:00,0.0963,0.0962,0.0963,0.0962,15395.0,160000,2025-10-09 08:19:59
2025-10-09 08:20:00,0.09625,0.09665,0.09665,0.09625,11586.5,120000,2025-10-09 08:29:59
2025-10-09 08:40:00,0.09655,0.0962,0.09655,0.0962,1927.5,20000,2025-10-09 08:49:59
2025-10-09 08:50:00,0.0961,0.09595,0.0961,0.09595,36490.0,380000,2025-10-09 08:57:02
2025-10-09 09:00:00,0.096,0.09625,0.09625,0.0959,7684.0,80000,2025-10-09 09:09:59
2025-10-09 09:10:00,0.09595,0.0959,0.09595,0.0959,9591.0,100000,2025-10-09 09:19:59
2025-10-09 09:20:00,0.0959,0.09585,0.0959,0.0958,11506.5,120000,2025-10-09 09:29:59
2025-10-09 09:30:00,0.09585,0.0962,0.0962,0.09585,59451.0,620000,2025-10-09 09:39:59
2025-10-09 09:40:00,0.09605,0.09585,0.0962,0.09585,20197.0,210000,2025-10-09 09:49:59
2025-10-09 09:50:00,0.09635,0.09645,0.09645,0.09635,398329.0,4130000,2025-10-09 09:59:02
2025-10-09 10:00:00,0.0965,0.0967,0.09675,0.09645,44434.5,460000,2025-10-09 10:09:59
2025-10-09 10:10:00,0.0966,0.09685,0.09695,0.09655,36774.0,380000,2025-10-09 10:19:59
2025-10-09 10:20:00,0.09655,0.0972,0.0972,0.0965,330419.5,3410000,2025-10-09 10:29:59
2025-10-09 10:30:00,0.09725,0.09765,0.09785,0.09705,511380.5,5240000,2025-10-09 10:39:59
2025-10-09 10:40:00,0.09765,0.09755,0.0979,0.09755,200485.0,2050000,2025-10-09 10:49:59
2025-10-09 10:50:00,0.09785,0.09745,0.09785,0.09745,76049.0,780000,2025-10-09 10:59:59
2025-10-09 11:00:00,0.09775,0.09745,0.0978,0.09745,250694.5,2570000,2025-10-09 11:09:59
2025-10-09 11:10:00,0.09745,0.0973,0.0977,0.0973,250448.5,2570000,2025-10-09 11:19:59
2025-10-09 11:20:00,0.0973,0.09685,0.0975,0.0965,2456976.5,25340000,2025-10-09 11:29:59
2025-10-09 11:30:00,0.0967,0.096,0.0969,0.096,1480994.5,15340000,2025-10-09 11:39:59
2025-10-09 11:40:00,0.09625,0.09645,0.0965,0.096,314028.5,3260000,2025-10-09 11:49:59
2025-10-09 11:50:00,0.09645,0.0967,0.0967,0.09645,354345.5,3670000,2025-10-09 11:59:59
2025-10-09 12:00:00,0.09655,0.0974,0.09755,0.09655,737970.0,7610000,2025-10-09 12:09:59
2025-10-09 12:10:00,0.0974,0.09765,0.09765,0.09735,104359.0,1070000,2025-10-09 12:19:59
2025-10-09 12:20:00,0.09765,0.09755,0.0977,0.0975,330836.0,3390000,2025-10-09 12:29:59
2025-10-09 12:30:00,0.09755,0.0977,0.098,0.09755,699035.0,7140000,2025-10-09 12:39:59
2025-10-09 12:40:00,0.09775,0.09815,0.09815,0.09775,226189.0,2310000,2025-10-09 12:49:59
2025-10-09 12:50:00,0.098,0.09805,0.09835,0.098,83429.0,850000,2025-10-09 12:59:59
2025-10-09 13:00:00,0.09805,0.0984,0.0985,0.09805,155475.0,1580000,2025-10-09 13:09:59
2025-10-09 13:10:00,0.0985,0.0986,0.0986,0.0985,36452.0,370000,2025-10-09 13:19:59
2025-10-09 13:20:00,0.09855,0.09805,0.09855,0.09805,378748.0,3860000,2025-10-09 13:29:59
2025-10-09 13:30:00,0.09825,0.09825,0.09845,0.09825,105133.5,1070000,2025-10-09 13:39:59
2025-10-09 13:40:00,0.09825,0.0986,0.0986,0.09825,497166.0,5050000,2025-10-09 13:49:59
2025-10-09 13:50:00,0.0987,0.0987,0.0987,0.0985,167562.5,1700000,2025-10-09 13:59:59
2025-10-09 14:00:00,0.0987,0.0986,0.0988,0.09845,591957.0,6010000,2025-10-09 14:09:59
2025-10-09 14:10:00,0.0986,0.09845,0.09865,0.09845,71003.5,720000,2025-10-09 14:19:59
2025-10-09 14:20:00,0.0985,0.0986,0.0986,0.09845,96492.0,980000,2025-10-09 14:29:59
2025-10-09 14:30:00,0.0986,0.0985,0.09865,0.0985,23649.5,240000,2025-10-09 14:39:59
2025-10-09 14:40:00,0.0985,0.09875,0.09875,0.0985,130206.5,1320000,2025-10-09 14:49:59
2025-10-09 14:50:00,0.0987,0.0987,0.0987,0.0987,18753.0,190000,2025-10-09 14:59:59
2025-10-09 15:00:00,0.0986,0.0983,0.0986,0.09825,554233.5,5630000,2025-10-09 15:09:59
2025-10-09 15:10:00,0.0984,0.09855,0.09855,0.0983,34445.5,350000,2025-10-09 15:19:59
2025-10-09 15:20:00,0.0985,0.09855,0.09855,0.0985,37448.0,380000,2025-10-09 15:29:59
2025-10-09 15:30:00,0.09855,0.0986,0.0986,0.09855,241556.5,2450000,2025-10-09 15:39:59
2025-10-09 15:40:00,0.0985,0.0983,0.0985,0.0983,242856.5,2470000,2025-10-09 15:49:59
2025-10-09 15:50:00,0.0983,0.09855,0.09855,0.09825,180229.0,1830000,2025-10-09 15:59:59
2025-10-09 16:00:00,0.09855,0.0994,0.09955,0.0983,2110106.0,21300000,2025-10-09 16:09:59
2025-10-09 16:10:00,0.0991,0.0996,0.0997,0.09905,283691.5,2850000,2025-10-09 16:19:59
2025-10-09 16:20:00,0.09955,0.09945,0.0997,0.0994,302741.5,3040000,2025-10-09 16:29:59
2025-10-09 16:30:00,0.0995,0.0989,0.09985,0.0984,1692824.0,17090000,2025-10-09 16:39:59
2025-10-09 16:40:00,0.09855,0.09845,0.0989,0.09835,425686.5,4320000,2025-10-09 16:49:59
2025-10-09 16:50:00,0.09845,0.0985,0.0985,0.09845,34463.0,350000,2025-10-09 16:59:05
2025-10-09 17:00:00,0.0985,0.0987,0.09895,0.0985,253868.5,2570000,2025-10-09 17:09:59
2025-10-09 17:10:00,0.0986,0.0986,0.09895,0.09845,275454.5,2790000,2025-10-09 17:19:59
2025-10-09 17:20:00,0.0986,0.0986,0.09885,0.09855,102573.5,1040000,2025-10-09 17:29:59
2025-10-09 17:30:00,0.09885,0.0991,0.0991,0.0986,717515.5,7250000,2025-10-09 17:39:59
2025-10-09 17:40:00,0.0991,0.0994,0.0994,0.09885,1296178.5,13070000,2025-10-09 17:49:59
2025-10-09 17:50:00,0.0994,0.0995,0.0998,0.0992,805216.0,8090000,2025-10-09 17:59:59
2025-10-09 18:00:00,0.0997,0.0997,0.09985,0.09955,677350.5,6790000,2025-10-09 18:09:59
2025-10-09 18:10:00,0.09975,0.09985,0.1,0.09955,2140746.5,21430000,2025-10-09 18:19:59
2025-10-09 18:20:00,0.09985,0.09975,0.1005,0.0996,951726.5,9520000,2025-10-09 18:29:59
2025-10-09 18:30:00,0.10005,0.0995,0.1001,0.0995,455368.0,4570000,2025-10-09 18:39:59
2025-10-09 18:40:00,0.09965,0.09965,0.09965,0.09965,111608.0,1120000,2025-10-09 18:49:05
2025-10-09 19:00:00,0.09975,0.09965,0.09995,0.0995,319389.0,3200000,2025-10-09 19:09:59
2025-10-09 19:10:00,0.0998,0.1004,0.1004,0.0998,429389.0,4290000,2025-10-09 19:19:59
2025-10-09 19:20:00,0.10045,0.09985,0.101,0.09985,746585.5,7430000,2025-10-09 19:29:59
2025-10-09 19:30:00,0.1,0.10035,0.10035,0.1,182490.0,1820000,2025-10-09 19:39:59
2025-10-09 19:40:00,0.1002,0.1,0.10035,0.0999,62085.5,620000,2025-10-09 19:49:59
2025-10-09 19:50:00,0.1,0.0999,0.1003,0.0999,128060.5,1280000,2025-10-09 19:59:10
2025-10-09 20:00:00,0.09985,0.09975,0.09985,0.09955,106706.5,1070000,2025-10-09 20:09:59
2025-10-09 20:10:00,0.1,0.1003,0.1003,0.1,102125.5,1020000,2025-10-09 20:19:59
2025-10-09 20:20:00,0.1003,0.1003,0.1004,0.1,156152.0,1560000,2025-10-09 20:29:59
2025-10-09 20:30:00,0.1003,0.10005,0.1003,0.1,156091.5,1560000,2025-10-09 20:39:59
2025-10-09 20:40:00,0.1002,0.10035,0.10035,0.10005,32076.5,320000,2025-10-09 20:49:59
2025-10-09 20:50:00,0.10005,0.1001,0.1001,0.10005,6005.5,60000,2025-10-09 20:58:10
2025-10-09 21:00:00,0.1003,0.1003,0.1003,0.10005,57055.0,570000,2025-10-09 21:09:59
2025-10-09 21:10:00,0.10005,0.09985,0.1003,0.09985,192949.5,1930000,2025-10-09 21:19:59
2025-10-09 21:20:00,0.09985,0.10015,0.10015,0.09985,37946.0,380000,2025-10-09 21:29:59
2025-10-09 21:30:00,0.10015,0.09985,0.1003,0.09985,24026.5,240000,2025-10-09 21:39:59
2025-10-09 21:40:00,0.0999,0.1,0.1,0.0999,11997.0,120000,2025-10-09 21:49:59
2025-10-09 21:50:00,0.0999,0.09975,0.0999,0.0997,54906.0,550000,2025-10-09 21:59:59
2025-10-09 22:00:00,0.09975,0.09925,0.09995,0.09925,932833.5,9370000,2025-10-09 22:09:59
2025-10-09 22:10:00,0.09925,0.09945,0.09945,0.09915,445265.5,4490000,2025-10-09 22:19:59
2025-10-09 22:20:00,0.09965,0.09915,0.0997,0.09915,125091.0,1260000,2025-10-09 22:29:59
2025-10-09 22:30:00,0.0992,0.0988,0.0994,0.0988,311703.5,3150000,2025-10-09 22:39:59
2025-10-09 22:40:00,0.0986,0.0985,0.09885,0.0985,303802.5,3080000,2025-10-09 22:49:59
2025-10-09 22:50:00,0.099,0.09925,0.09925,0.099,25788.0,260000,2025-10-09 22:57:05
2025-10-09 23:00:00,0.0992,0.099,0.09925,0.0986,68316.0,690000,2025-10-09 23:09:59
2025-10-09 23:10:00,0.09935,0.0995,0.09995,0.099,619554.5,6220000,2025-10-09 23:19:59
2025-10-09 23:20:00,0.09945,0.0995,0.0995,0.09945,6963.0,70000,2025-10-09 23:29:59
2025-10-09 23:30:00,0.09985,0.09975,0.09985,0.0992,160135.5,1610000,2025-10-09 23:39:59
2025-10-09 23:40:00,0.09975,0.09975,0.09975,0.09975,997.5,10000,2025-10-09 23:43:05
2025-10-10 06:50:00,0.0985,0.0985,0.0985,0.0985,11820.0,120000,2025-10-10 06:59:59
2025-10-10 07:00:00,0.0985,0.0965,0.0985,0.093,2551061.0,26610000,2025-10-10 07:09:59
2025-10-10 07:10:00,0.0968,0.0969,0.0969,0.09665,59058.0,610000,2025-10-10 07:19:59
2025-10-10 07:20:00,0.0969,0.0969,0.0969,0.09675,49378.5,510000,2025-10-10 07:29:59
2025-10-10 07:30:00,0.0969,0.0985,0.09855,0.0969,702328.0,7210000,2025-10-10 07:39:59
2025-10-10 07:40:00,0.09865,0.09875,0.09955,0.09865,73460.0,740000,2025-10-10 07:49:59
2025-10-10 07:50:00,0.09875,0.09805,0.09875,0.09795,127000.0,1290000,2025-10-10 07:59:01
2025-10-10 08:00:00,0.09795,0.09835,0.09835,0.09765,109561.0,1120000,2025-10-10 08:09:59
2025-10-10 08:10:00,0.0982,0.0971,0.0982,0.09705,369973.5,3810000,2025-10-10 08:19:59
2025-10-10 08:20:00,0.0971,0.09695,0.0971,0.09665,642170.0,6630000,2025-10-10 08:29:59
2025-10-10 08:30:00,0.09695,0.09725,0.09775,0.0966,794944.5,8180000,2025-10-10 08:39:59
2025-10-10 08:40:00,0.097,0.0973,0.0973,0.097,64056.0,660000,2025-10-10 08:49:59
2025-10-10 08:50:00,0.0973,0.0975,0.0975,0.0973,193788.0,1990000,2025-10-10 08:57:02
2025-10-10 09:00:00,0.0975,0.09745,0.09755,0.0974,68233.5,700000,2025-10-10 09:09:59
2025-10-10 09:10:00,0.09755,0.0981,0.0981,0.09755,410909.0,4200000,2025-10-10 09:19:59
2025-10-10 09:20:00,0.0977,0.0977,0.0977,0.0975,149286.0,1530000,2025-10-10 09:29:59
2025-10-10 09:30:00,0.0977,0.0979,0.098,0.09735,472165.5,4840000,2025-10-10 09:39:59
2025-10-10 09:50:00,0.0976,0.09785,0.09785,0.0976,24448.0,250000,2025-10-10 09:56:01
2025-10-10 10:00:00,0.0978,0.0974,0.0978,0.0974,105377.5,1080000,2025-10-10 10:09:59
2025-10-10 10:10:00,0.09745,0.0978,0.09785,0.09745,260021.5,2660000,2025-10-10 10:19:59
2025-10-10 10:20:00,0.0978,0.097,0.0978,0.097,529461.0,5450000,2025-10-10 10:29:59
2025-10-10 10:30:00,0.097,0.097,0.0972,0.097,459783.0,4740000,2025-10-10 10:39:59
2025-10-10 10:40:00,0.097,0.097,0.0971,0.097,157141.0,1620000,2025-10-10 10:49:59
2025-10-10 10:50:00,0.097,0.0969,0.0971,0.09665,352646.0,3640000,2025-10-10 10:56:03
2025-10-10 11:00:00,0.0971,0.09685,0.0971,0.0965,794704.5,8230000,2025-10-10 11:09:59
2025-10-10 11:10:00,0.09655,0.0962,0.09715,0.096,2498437.5,25880000,2025-10-10 11:19:59
2025-10-10 11:20:00,0.09605,0.0962,0.0964,0.096,555929.5,5790000,2025-10-10 11:29:59
2025-10-10 11:30:00,0.0961,0.09615,0.09615,0.0954,427624.0,4460000,2025-10-10 11:39:59
2025-10-10 11:40:00,0.09615,0.09545,0.09645,0.09545,226608.0,2360000,2025-10-10 11:49:59
2025-10-10 11:50:00,0.096,0.0963,0.09635,0.09545,167930.0,1750000,2025-10-10 11:59:59
2025-10-10 12:00:00,0.0961,0.09615,0.09615,0.09515,499808.0,5230000,2025-10-10 12:09:59
2025-10-10 12:10:00,0.09605,0.09615,0.0967,0.09575,781772.5,8130000,2025-10-10 12:19:59
2025-10-10 12:20:00,0.0961,0.09615,0.09615,0.096,23061.0,240000,2025-10-10 12:29:59
2025-10-10 12:30:00,0.096,0.09605,0.09605,0.096,7683.0,80000,2025-10-10 12:39:59
2025-10-10 12:40:00,0.09605,0.096,0.09615,0.096,48046.5,500000,2025-10-10 12:49:59
2025-10-10 12:50:00,0.09575,0.0959,0.09595,0.0954,417690.5,4370000,2025-10-10 12:59:59
2025-10-10 13:00:00,0.09555,0.0949,0.0959,0.0945,1112086.5,11690000,2025-10-10 13:09:59
2025-10-10 13:10:00,0.09455,0.0948,0.095,0.09455,919130.5,9690000,2025-10-10 13:19:59
2025-10-10 13:20:00,0.0948,0.0945,0.0948,0.0945,827948.5,8760000,2025-10-10 13:29:59
2025-10-10 13:30:00,0.0945,0.09465,0.09465,0.0942,2364962.0,25070000,2025-10-10 13:39:59
2025-10-10 13:40:00,0.09465,0.0934,0.0948,0.093,3100986.0,33150000,2025-10-10 13:49:59
2025-10-10 13:50:00,0.0935,0.0936,0.09395,0.09325,275114.0,2940000,2025-10-10 13:57:03
2025-10-10 14:00:00,0.09375,0.09365,0.0938,0.09345,396175.5,4230000,2025-10-10 14:09:59
2025-10-10 14:10:00,0.0936,0.0937,0.09375,0.09345,210854.0,2250000,2025-10-10 14:19:59
2025-10-10 14:20:00,0.0937,0.094,0.095,0.0937,551737.0,5850000,2025-10-10 14:29:59
2025-10-10 14:30:00,0.094,0.09315,0.094,0.09315,838569.0,8980000,2025-10-10 14:39:59
2025-10-10 14:40:00,0.09335,0.09365,0.0938,0.09325,104710.5,1120000,2025-10-10 14:49:59
2025-10-10 14:50:00,0.09365,0.09315,0.0937,0.09315,317282.0,3400000,2025-10-10 14:59:59
2025-10-10 15:00:00,0.0931,0.09325,0.09325,0.093,556262.0,5980000,2025-10-10 15:09:59
2025-10-10 15:10:00,0.09325,0.09335,0.0934,0.093,400712.0,4300000,2025-10-10 15:19:59
2025-10-10 15:20:00,0.0933,0.09315,0.0934,0.09305,187345.0,2010000,2025-10-10 15:29:59
2025-10-10 15:30:00,0.09315,0.09365,0.09365,0.09315,487368.5,5210000,2025-10-10 15:39:59
2025-10-10 15:40:00,0.09365,0.09365,0.09365,0.09335,294826.5,3150000,2025-10-10 15:49:59
2025-10-10 15:50:00,0.0936,0.0934,0.0936,0.0934,153500.0,1640000,2025-10-10 15:58:09
2025-10-10 16:00:00,0.0934,0.09355,0.0936,0.0934,77575.5,830000,2025-10-10 16:09:59
2025-10-10 16:10:00,0.0933,0.09335,0.09335,0.09315,81148.5,870000,2025-10-10 16:19:59
2025-10-10 16:20:00,0.09335,0.093,0.09335,0.093,178812.0,1920000,2025-10-10 16:29:59
2025-10-10 16:30:00,0.0932,0.0932,0.0932,0.093,570171.5,6130000,2025-10-10 16:39:59
2025-10-10 16:40:00,0.09305,0.0929,0.09325,0.0929,232589.0,2500000,2025-10-10 16:49:59
2025-10-10 16:50:00,0.0929,0.09285,0.09315,0.09285,185886.5,2000000,2025-10-10 16:59:09
2025-10-10 17:00:00,0.09285,0.09305,0.09305,0.09285,29728.0,320000,2025-10-10 17:09:59
2025-10-10 17:10:00,0.09285,0.0928,0.09285,0.0928,770260.5,8300000,2025-10-10 17:19:59
2025-10-10 17:20:00,0.09295,0.0929,0.09295,0.0925,649569.0,7010000,2025-10-10 17:29:59
2025-10-10 17:30:00,0.09285,0.0928,0.09285,0.09275,39895.5,430000,2025-10-10 17:39:59
2025-10-10 17:40:00,0.09285,0.09265,0.09285,0.09235,586603.0,6340000,2025-10-10 17:49:59
2025-10-10 17:50:00,0.09285,0.0922,0.09285,0.0922,346442.0,3750000,2025-10-10 17:59:59
2025-10-10 18:00:00,0.09225,0.0923,0.09265,0.09225,149795.5,1620000,2025-10-10 18:09:59
2025-10-10 18:10:00,0.09235,0.09205,0.09235,0.092,816385.0,8870000,2025-10-10 18:19:59
2025-10-10 18:20:00,0.09205,0.0923,0.0923,0.09205,53511.5,580000,2025-10-10 18:29:59
2025-10-10 18:30:00,0.0923,0.09215,0.09235,0.09215,6461.0,70000,2025-10-10 18:35:14
2025-10-10 19:00:00,0.0923,0.0923,0.09245,0.0923,66484.0,720000,2025-10-10 19:09:59
2025-10-10 19:10:00,0.09225,0.09235,0.09235,0.09225,11081.0,120000,2025-10-10 19:19:59
2025-10-10 19:20:00,0.09235,0.0924,0.0924,0.09235,7389.5,80000,2025-10-10 19:29:59
2025-10-10 19:30:00,0.0924,0.0921,0.0924,0.0921,525386.5,5700000,2025-10-10 19:39:59
2025-10-10 19:40:00,0.0924,0.0922,0.0924,0.092,1278741.0,13890000,2025-10-10 19:49:59
2025-10-10 19:50:00,0.09225,0.0918,0.0924,0.0918,567804.5,6170000,2025-10-10 19:59:59
2025-10-10 20:00:00,0.0918,0.09145,0.0919,0.09085,1515146.0,16590000,2025-10-10 20:09:59
2025-10-10 20:10:00,0.0912,0.09125,0.09145,0.091,165961.5,1820000,2025-10-10 20:19:59
2025-10-10 20:20:00,0.0911,0.08905,0.0911,0.08905,3501643.5,38980000,2025-10-10 20:29:59
2025-10-10 20:30:00,0.08915,0.08855,0.0899,0.08815,1814835.5,20460000,2025-10-10 20:39:59
2025-10-10 20:40:00,0.08835,0.08945,0.0897,0.0883,775924.0,8730000,2025-10-10 20:49:59
2025-10-10 20:50:00,0.08945,0.08905,0.0895,0.0885,311187.0,3500000,2025-10-10 20:59:59
2025-10-10 21:00:00,0.08905,0.0893,0.08945,0.0883,206380.0,2320000,2025-10-10 21:09:59
2025-10-10 21:10:00,0.0893,0.0896,0.0896,0.0893,403677.0,4510000,2025-10-10 21:19:59
2025-10-10 21:20:00,0.0894,0.0888,0.08945,0.0888,1203939.0,13550000,2025-10-10 21:29:59
2025-10-10 21:30:00,0.0889,0.0887,0.08905,0.0887,170539.5,1920000,2025-10-10 21:39:59
2025-10-10 21:40:00,0.0887,0.0889,0.08895,0.0886,119948.0,1350000,2025-10-10 21:49:59
2025-10-10 21:50:00,0.0889,0.0882,0.0889,0.0882,214785.0,2430000,2025-10-10 21:59:59
2025-10-10 22:00:00,0.0882,0.0881,0.0882,0.0881,661107.0,7500000,2025-10-10 22:09:59
2025-10-10 22:10:00,0.08825,0.08835,0.08845,0.0882,20311.5,230000,2025-10-10 22:19:59
2025-10-10 22:20:00,0.08835,0.08825,0.08835,0.08825,104252.0,1180000,2025-10-10 22:29:59
2025-10-10 22:30:00,0.0882,0.0881,0.0882,0.0881,185067.0,2100000,2025-10-10 22:39:59
2025-10-10 22:40:00,0.08815,0.0882,0.0886,0.08805,110259.5,1250000,2025-10-10 22:49:59
2025-10-10 22:50:00,0.08855,0.08875,0.08885,0.08855,72766.5,820000,2025-10-10 22:59:59
2025-10-10 23:00:00,0.0887,0.0885,0.0887,0.08825,14135.5,160000,2025-10-10 23:09:59
2025-10-10 23:10:00,0.08885,0.08875,0.08885,0.08835,78065.0,880000,2025-10-10 23:19:59
2025-10-10 23:20:00,0.0884,0.08855,0.0887,0.08835,33594.5,380000,2025-10-10 23:29:59
2025-10-10 23:30:00,0.0887,0.08885,0.08885,0.08825,80731.5,910000,2025-10-10 23:39:59
2025-10-10 23:40:00,0.08855,0.0883,0.0887,0.0881,328811.0,3720000,2025-10-10 23:49:59
2025-10-11 10:00:00,0.0881,0.08765,0.08835,0.08765,106472.5,1210000,2025-10-11 10:09:59
2025-10-11 10:10:00,0.08795,0.08695,0.08805,0.08695,362206.5,4150000,2025-10-11 10:19:59
2025-10-11 10:20:00,0.08675,0.0868,0.08685,0.08605,260303.5,3010000,2025-10-11 10:29:59
2025-10-11 10:30:00,0.0868,0.08685,0.0869,0.086,218680.5,2530000,2025-10-11 10:39:59
2025-10-11 10:40:00,0.0869,0.08685,0.08705,0.08685,173950.0,2000000,2025-10-11 10:49:59
2025-10-11 10:50:00,0.08705,0.08705,0.08705,0.08695,233251.5,2680000,2025-10-11 10:55:01
2025-10-11 11:00:00,0.08685,0.08705,0.08705,0.08665,94856.5,1090000,2025-10-11 11:09:59
2025-10-11 11:10:00,0.0868,0.08705,0.08705,0.08665,22562.5,260000,2025-10-11 11:19:59
2025-10-11 11:20:00,0.08705,0.08575,0.08705,0.08575,1491704.5,17310000,2025-10-11 11:29:59
2025-10-11 11:30:00,0.0858,0.08575,0.086,0.08575,138071.0,1610000,2025-10-11 11:39:59
2025-10-11 11:40:00,0.08595,0.0863,0.0864,0.08595,109463.5,1270000,2025-10-11 11:49:59
2025-10-11 11:50:00,0.0863,0.0859,0.08655,0.0859,114610.5,1330000,2025-10-11 11:59:59
2025-10-11 12:00:00,0.0863,0.0861,0.0865,0.0861,102848.0,1190000,2025-10-11 12:09:59
2025-10-11 12:10:00,0.0863,0.08655,0.08665,0.086,105427.5,1220000,2025-10-11 12:19:59
2025-10-11 12:20:00,0.08655,0.08635,0.0866,0.08575,1493486.5,17380000,2025-10-11 12:29:59
2025-10-11 12:30:00,0.08605,0.08605,0.08605,0.0858,22354.5,260000,2025-10-11 12:39:59
2025-10-11 12:40:00,0.0861,0.08615,0.08615,0.086,20660.0,240000,2025-10-11 12:49:59
2025-10-11 12:50:00,0.0859,0.0858,0.0859,0.0858,6867.5,80000,2025-10-11 12:59:59
2025-10-11 13:00:00,0.0858,0.08575,0.08605,0.08575,206847.0,2410000,2025-10-11 13:09:59
2025-10-11 13:10:00,0.086,0.08605,0.08605,0.08575,6870.5,80000,2025-10-11 13:19:59
2025-10-11 13:20:00,0.086,0.086,0.08625,0.0858,47356.0,550000,2025-10-11 13:29:59
2025-10-11 13:30:00,0.0859,0.0862,0.0862,0.08575,230108.5,2680000,2025-10-11 13:39:59
2025-10-11 13:40:00,0.0862,0.08615,0.0862,0.08615,1723.5,20000,2025-10-11 13:49:59
2025-10-11 13:50:00,0.0862,0.08575,0.0863,0.08575,223461.0,2600000,2025-10-11 13:59:59
2025-10-11 14:00:00,0.08605,0.0858,0.08605,0.0858,9445.5,110000,2025-10-11 14:09:59
2025-10-11 14:10:00,0.08575,0.08575,0.08595,0.08575,71174.5,830000,2025-10-11 14:19:59
2025-10-11 14:20:00,0.08575,0.08575,0.08575,0.08575,86607.5,1010000,2025-10-11 14:29:59
2025-10-11 14:30:00,0.08595,0.0859,0.08595,0.08585,3436.0,40000,2025-10-11 14:39:59
2025-10-11 14:40:00,0.08575,0.08575,0.08575,0.08575,37730.0,440000,2025-10-11 14:49:59
2025-10-11 14:50:00,0.08575,0.08575,0.08575,0.08575,857.5,10000,2025-10-11 14:59:02
2025-10-11 15:00:00,0.08575,0.08575,0.08605,0.08575,39457.0,460000,2025-10-11 15:09:59
2025-10-11 15:10:00,0.08605,0.08615,0.08615,0.08605,20659.5,240000,2025-10-11 15:19:59
2025-10-11 15:20:00,0.0861,0.0858,0.0862,0.08575,117782.5,1370000,2025-10-11 15:29:59
2025-10-11 15:30:00,0.08575,0.086,0.086,0.08575,5155.5,60000,2025-10-11 15:39:59
2025-10-11 15:40:00,0.086,0.0858,0.0861,0.0858,11182.0,130000,2025-10-11 15:49:59
2025-10-11 15:50:00,0.0858,0.08605,0.08605,0.08575,33450.0,390000,2025-10-11 15:59:59
2025-10-11 16:00:00,0.08605,0.08575,0.08605,0.08575,142362.5,1660000,2025-10-11 16:09:59
2025-10-11 16:10:00,0.08575,0.08575,0.08575,0.08575,10290.0,120000,2025-10-11 16:19:59
2025-10-11 16:20:00,0.08595,0.086,0.086,0.08595,3439.5,40000,2025-10-11 16:29:59
2025-10-11 16:30:00,0.086,0.08575,0.0861,0.08575,12889.5,150000,2025-10-11 16:39:59
2025-10-11 16:40:00,0.086,0.08575,0.086,0.08575,12877.5,150000,2025-10-11 16:49:59
2025-10-11 16:50:00,0.08575,0.08575,0.08575,0.08575,28297.5,330000,2025-10-11 16:59:02
2025-10-11 17:10:00,0.08575,0.08595,0.08595,0.08575,12023.0,140000,2025-10-11 17:19:59
2025-10-11 17:30:00,0.08595,0.08595,0.08595,0.08595,859.5,10000,2025-10-11 17:39:59
