begin,open,close,high,low,value,volume,end
2025-08-20 06:50:00,69.93,69.93,69.93,69.93,699.3,10,2025-08-20 06:59:59
2025-08-20 07:00:00,70.09,69.87,70.09,69.72,2371007.0,33930,2025-08-20 07:09:59
2025-08-20 07:10:00,69.91,70.0,70.0,69.87,269854.2,3860,2025-08-20 07:19:59
2025-08-20 07:20:00,70.0,69.99,70.03,69.9,836388.4999999999,11950,2025-08-20 07:29:59
2025-08-20 07:30:00,69.98,69.95,69.99,69.94,319797.0,4570,2025-08-20 07:39:59
2025-08-20 07:40:00,69.95,69.98,69.99,69.95,69958.50000000001,1000,2025-08-20 07:49:59
2025-08-20 07:50:00,69.99,70.0,70.0,69.97,16098.5,230,2025-08-20 07:59:59
2025-08-20 08:00:00,70.0,70.03,70.04,70.0,126042.7,1800,2025-08-20 08:09:59
2025-08-20 08:10:00,70.03,69.83,70.03,69.83,1102240.2999999998,15760,2025-08-20 08:19:59
2025-08-20 08:20:00,69.93,69.88,69.93,69.88,127913.8,1830,2025-08-20 08:29:59
2025-08-20 08:30:00,69.9,69.88,69.94,69.88,197077.6,2820,2025-08-20 08:39:59
2025-08-20 08:40:00,69.88,69.9,69.9,69.88,58014.0,830,2025-08-20 08:49:59
2025-08-20 08:50:00,69.9,69.91,69.91,69.88,67111.10000000002,960,2025-08-20 08:59:01
2025-08-20 09:00:00,69.91,69.86,69.91,69.77,460206.80000000005,6590,2025-08-20 09:09:59
2025-08-20 09:10:00,69.9,69.99,69.99,69.89,229458.69999999998,3280,2025-08-20 09:19:59
2025-08-20 09:20:00,70.0,70.12,70.17,69.93,5006372.0,71460,2025-08-20 09:29:59
2025-08-20 09:30:00,70.11,70.23,70.31,70.07,4615191.3,65720,2025-08-20 09:39:59
2025-08-20 09:40:00,70.23,70.21,70.29,70.19,833352.2000000002,11870,2025-08-20 09:49:59
2025-08-20 09:50:00,70.21,70.28,70.32,70.19,1107720.5,15770,2025-08-20 09:59:02
2025-08-20 10:00:00,70.22,69.89,70.22,69.86,6582801.899999999,94100,2025-08-20 10:09:59
2025-08-20 10:10:00,69.89,69.78,69.89,69.62,6803764.8,97610,2025-08-20 10:19:59
2025-08-20 10:20:00,69.78,69.8,69.8,69.75,1177835.4,16880,2025-08-20 10:29:59
2025-08-20 10:30:00,69.8,69.78,69.89,69.76,5137077.8,73600,2025-08-20 10:39:59
2025-08-20 10:40:00,69.78,69.86,69.87,69.78,2406531.2999999993,34480,2025-08-20 10:49:59
2025-08-20 10:50:00,69.86,69.81,69.92,69.81,313771.2,4490,2025-08-20 10:59:59
2025-08-20 11:00:00,69.81,69.85,69.85,69.76,3157483.6000000006,45240,2025-08-20 11:09:59
2025-08-20 11:10:00,69.83,69.83,69.86,69.75,3042003.7000000007,43600,2025-08-20 11:19:59
2025-08-20 11:20:00,69.85,69.62,69.85,69.56,4042932.1,57990,2025-08-20 11:29:59
2025-08-20 11:30:00,69.62,69.64,69.66,69.55,2095323.6999999988,30100,2025-08-20 11:39:59
2025-08-20 11:40:00,69.66,69.62,69.66,69.61,123261.9,1770,2025-08-20 11:49:59
2025-08-20 11:50:00,69.64,69.6,69.67,69.53,629654.4999999999,9050,2025-08-20 11:59:59
2025-08-20 12:00:00,69.62,69.8,69.84,69.57,2103756.9,30160,2025-08-20 12:09:59
2025-08-20 12:10:00,69.8,69.88,69.88,69.8,2449070.0,35070,2025-08-20 12:19:59
2025-08-20 12:20:00,69.85,69.83,69.87,69.78,138230.3,1980,2025-08-20 12:29:59
2025-08-20 12:30:00,69.83,69.78,69.83,69.71,1857068.7000000002,26620,2025-08-20 12:39:59
2025-08-20 12:40:00,69.77,69.77,69.84,69.76,1671575.5999999999,23960,2025-08-20 12:49:59
2025-08-20 12:50:00,69.79,69.78,69.82,69.77,450807.2,6460,2025-08-20 12:59:59
2025-08-20 13:00:00,69.77,69.9,69.93,69.77,3421398.6,48960,2025-08-20 13:09:59
2025-08-20 13:10:00,69.91,69.93,69.95,69.9,355935.39999999997,5090,2025-08-20 13:19:59
2025-08-20 13:20:00,69.9,69.92,69.99,69.88,3388906.099999999,48460,2025-08-20 13:29:59
2025-08-20 13:30:00,69.93,69.97,69.98,69.89,858247.2,12270,2025-08-20 13:39:59
2025-08-20 13:40:00,69.96,70.27,70.28,69.89,14291935.499999998,203800,2025-08-20 13:49:59
2025-08-20 13:50:00,70.26,70.14,70.26,70.14,3388605.1999999993,48290,2025-08-20 13:59:59
2025-08-20 14:00:00,70.14,70.16,70.18,70.14,7330409.999999999,104510,2025-08-20 14:09:59
2025-08-20 14:10:00,70.18,70.22,70.24,70.14,2899150.4,41310,2025-08-20 14:19:59
2025-08-20 14:20:00,70.17,70.03,70.25,70.02,5762176.5,82160,2025-08-20 14:29:59
2025-08-20 14:30:00,70.02,70.05,70.2,69.94,12413575.0,177190,2025-08-20 14:39:59
2025-08-20 14:40:00,70.01,70.16,70.21,70.01,6726968.399999999,96000,2025-08-20 14:49:59
2025-08-20 14:50:00,70.16,70.42,70.44,70.16,7537366.100000001,107150,2025-08-20 14:59:59
2025-08-20 15:00:00,70.42,70.25,70.43,70.25,5254251.7,74720,2025-08-20 15:09:59
2025-08-20 15:10:00,70.25,70.23,70.28,70.15,6217032.8,88560,2025-08-20 15:19:59
2025-08-20 15:20:00,70.22,70.35,70.39,70.22,1148421.2000000002,16340,2025-08-20 15:29:59
2025-08-20 15:30:00,70.34,70.36,70.42,70.31,1591221.4999999998,22620,2025-08-20 15:39:59
2025-08-20 15:40:00,70.36,70.49,70.56,70.35,8352763.2,118510,2025-08-20 15:49:59
2025-08-20 15:50:00,70.48,70.48,70.49,70.44,1967430.7999999996,27920,2025-08-20 15:59:59
2025-08-20 16:00:00,70.49,70.44,70.5,70.44,953605.2000000001,13530,2025-08-20 16:09:59
2025-08-20 16:10:00,70.44,70.48,70.48,70.44,429102.1,6090,2025-08-20 16:19:59
2025-08-20 16:20:00,70.48,70.44,70.48,70.44,743996.5,10560,2025-08-20 16:29:59
2025-08-20 16:30:00,70.46,70.34,70.48,70.23,8461698.599999998,120310,2025-08-20 16:39:59
2025-08-20 16:40:00,70.34,70.44,70.44,70.26,1549014.5000000002,22010,2025-08-20 16:49:59
2025-08-20 16:50:00,70.42,70.35,70.42,70.27,2199994.8000000003,31280,2025-08-20 16:59:59
2025-08-20 17:00:00,70.37,70.3,70.37,70.21,4929796.9,70150,2025-08-20 17:09:59
2025-08-20 17:10:00,70.31,70.36,70.44,70.3,4211517.3,59860,2025-08-20 17:19:59
2025-08-20 17:20:00,70.36,70.3,70.37,70.3,2472936.8,35160,2025-08-20 17:29:59
2025-08-20 17:30:00,70.31,70.35,70.39,70.3,2916361.6,41470,2025-08-20 17:39:59
2025-08-20 17:40:00,70.35,70.53,70.54,70.34,13042290.6,185020,2025-08-20 17:49:59
2025-08-20 17:50:00,70.52,70.67,70.74,70.5,23314189.0,330460,2025-08-20 17:59:59
2025-08-20 18:00:00,70.67,70.6,70.69,70.56,6658780.800000001,94270,2025-08-20 18:09:59
2025-08-20 18:10:00,70.58,70.67,70.73,70.56,2558055.7,36210,2025-08-20 18:19:59
2025-08-20 18:20:00,70.68,70.8,70.98,70.65,9946590.4,140490,2025-08-20 18:29:59
2025-08-20 18:30:00,70.81,70.8,70.9,70.8,3835267.6000000006,54150,2025-08-20 18:39:59
2025-08-20 18:40:00,70.88,70.88,70.88,70.88,1545892.8,21810,2025-08-20 18:48:09
2025-08-20 19:00:00,70.9,70.85,71.0,70.8,7663291.699999999,108090,2025-08-20 19:09:59
2025-08-20 19:10:00,70.86,70.8,70.91,70.8,2555750.5999999996,36090,2025-08-20 19:19:59
2025-08-20 19:20:00,70.84,70.8,70.86,70.8,2531272.7,35750,2025-08-20 19:29:59
2025-08-20 19:30:00,70.81,70.8,70.89,70.8,2912793.9000000004,41130,2025-08-20 19:39:59
2025-08-20 19:40:00,70.8,70.66,70.81,70.65,33030109.499999996,466570,2025-08-20 19:49:59
2025-08-20 19:50:00,70.66,70.52,70.66,70.5,11573344.9,164080,2025-08-20 19:59:59
2025-08-20 20:00:00,70.55,70.51,70.59,70.5,2195945.0,31140,2025-08-20 20:09:59
2025-08-20 20:10:00,70.52,70.53,70.7,70.5,3649141.2,51730,2025-08-20 20:19:59
2025-08-20 20:20:00,70.53,70.51,70.53,70.5,415303.30000000005,5890,2025-08-20 20:29:59
2025-08-20 20:30:00,70.51,70.54,70.61,70.51,848718.5999999999,12030,2025-08-20 20:39:59
2025-08-20 20:40:00,70.53,70.51,70.58,70.51,211587.8,3000,2025-08-20 20:49:59
2025-08-20 20:50:00,70.55,70.5,70.55,70.5,305993.4,4340,2025-08-20 20:59:59
2025-08-20 21:00:00,70.51,70.55,70.55,70.5,162901.99999999997,2310,2025-08-20 21:09:59
2025-08-20 21:10:00,70.55,70.54,70.55,70.51,428025.80000000005,6070,2025-08-20 21:19:59
2025-08-20 21:20:00,70.54,70.5,70.58,70.5,515833.0999999999,7310,2025-08-20 21:29:59
2025-08-20 21:30:00,70.51,70.51,70.51,70.5,253802.7,3600,2025-08-20 21:39:59
2025-08-20 21:40:00,70.51,70.59,70.59,70.5,549574.0,7790,2025-08-20 21:49:59
2025-08-20 21:50:00,70.6,70.53,70.61,70.52,1197790.9000000001,16980,2025-08-20 21:59:59
2025-08-20 22:00:00,70.52,70.59,70.59,70.52,110084.49999999999,1560,2025-08-20 22:09:59
2025-08-20 22:10:00,70.55,70.59,70.6,70.54,123492.99999999999,1750,2025-08-20 22:19:59
2025-08-20 22:20:00,70.59,70.58,70.59,70.56,64918.2,920,2025-08-20 22:29:59
2025-08-20 22:30:00,70.59,70.42,70.61,70.42,4665717.7,66180,2025-08-20 22:39:59
2025-08-20 22:40:00,70.41,70.38,70.48,70.38,3661886.5,52020,2025-08-20 22:49:59
2025-08-20 22:50:00,70.4,70.37,70.42,70.33,727038.4999999999,10330,2025-08-20 22:59:59
2025-08-20 23:00:00,70.38,70.44,70.44,70.38,1827509.9000000001,25950,2025-08-20 23:09:59
2025-08-20 23:10:00,70.43,70.43,70.44,70.4,656410.3999999999,9320,2025-08-20 23:19:59
2025-08-20 23:20:00,70.4,70.48,70.49,70.4,658866.2999999999,9350,2025-08-20 23:29:59
2025-08-20 23:30:00,70.48,70.49,70.5,70.43,3417588.6,48480,2025-08-20 23:39:59
2025-08-20 23:40:00,70.5,70.5,70.5,70.49,2985588.8,42350,2025-08-20 23:49:59
2025-08-21 06:50:00,70.75,70.75,70.75,70.75,108955.0,1540,2025-08-21 06:59:59
2025-08-21 07:00:00,70.39,70.64,70.7,70.39,1118268.2000000002,15840,2025-08-21 07:09:59
2025-08-21 07:10:00,70.62,70.62,70.62,70.5,357841.7,5070,2025-08-21 07:19:59
2025-08-21 07:20:00,70.58,70.65,70.68,70.57,1600596.7,22660,2025-08-21 07:29:59
2025-08-21 07:30:00,70.64,70.65,70.8,70.62,3566368.6,50440,2025-08-21 07:39:59
2025-08-21 07:40:00,70.62,70.65,70.65,70.62,338356.8,4790,2025-08-21 07:49:59
2025-08-21 07:50:00,70.65,70.75,70.75,70.65,1069764.3,15130,2025-08-21 07:58:02
2025-08-21 08:00:00,70.7,70.52,70.72,70.49,1051000.7,14880,2025-08-21 08:09:59
2025-08-21 08:10:00,70.52,70.53,70.56,70.42,1759074.5,24960,2025-08-21 08:19:59
2025-08-21 08:20:00,70.53,70.62,70.69,70.53,1916591.5,27150,2025-08-21 08:29:59
2025-08-21 08:30:00,70.68,70.64,70.76,70.54,3005935.0,42540,2025-08-21 08:39:59
2025-08-21 08:40:00,70.62,70.65,70.73,70.61,393004.69999999995,5560,2025-08-21 08:49:59
2025-08-21 08:50:00,70.64,70.73,70.73,70.61,101760.2,1440,2025-08-21 08:59:01
2025-08-21 09:00:00,70.7,70.74,70.81,70.7,1340121.7000000002,18940,2025-08-21 09:09:59
2025-08-21 09:10:00,70.75,70.83,70.83,70.67,1643073.9,23220,2025-08-21 09:19:59
2025-08-21 09:20:00,70.74,70.78,70.86,70.73,903613.1000000003,12760,2025-08-21 09:29:59
2025-08-21 09:30:00,70.73,70.72,70.73,70.72,768077.4000000001,10860,2025-08-21 09:39:59
2025-08-21 09:40:00,70.71,70.62,70.72,70.62,315885.2,4470,2025-08-21 09:49:59
2025-08-21 09:50:00,70.62,70.41,70.62,70.4,3490807.6999999997,49520,2025-08-21 09:59:59
2025-08-21 10:00:00,70.41,70.48,70.56,70.26,6215034.100000001,88300,2025-08-21 10:09:59
2025-08-21 10:10:00,70.53,70.47,70.53,70.38,1593187.5999999999,22610,2025-08-21 10:19:59
2025-08-21 10:20:00,70.46,70.15,70.46,70.1,5584288.1000000015,79530,2025-08-21 10:29:59
2025-08-21 10:30:00,70.16,70.09,70.2,70.01,7152450.799999998,102060,2025-08-21 10:39:59
2025-08-21 10:40:00,70.09,69.97,70.13,69.89,8615481.7,123020,2025-08-21 10:49:59
2025-08-21 10:50:00,69.97,69.98,69.99,69.91,3186237.0999999996,45530,2025-08-21 10:59:59
2025-08-21 11:00:00,69.98,69.8,69.99,69.75,6975878.699999999,99870,2025-08-21 11:09:59
2025-08-21 11:10:00,69.79,70.0,70.06,69.76,4655819.7,66630,2025-08-21 11:19:59
2025-08-21 11:20:00,70.0,70.22,70.26,70.0,4763493.6,67950,2025-08-21 11:29:59
2025-08-21 11:30:00,70.16,70.33,70.42,70.13,5359578.699999999,76240,2025-08-21 11:39:59
2025-08-21 11:40:00,70.35,70.7,70.71,70.35,6454916.0,91520,2025-08-21 11:49:59
2025-08-21 11:50:00,70.7,70.69,70.83,70.59,8743634.1,123650,2025-08-21 11:59:59
2025-08-21 12:00:00,70.68,70.4,70.78,70.21,51564334.699999996,731760,2025-08-21 12:09:59
2025-08-21 12:10:00,70.38,70.73,70.81,70.26,12540107.399999999,177470,2025-08-21 12:19:59
2025-08-21 12:20:00,70.77,71.38,71.49,70.7,62986550.90000001,886040,2025-08-21 12:29:59
2025-08-21 12:30:00,71.38,71.66,71.67,71.38,30739165.099999998,429700,2025-08-21 12:39:59
2025-08-21 12:40:00,71.64,71.77,71.84,71.61,23642058.700000003,329730,2025-08-21 12:49:59
2025-08-21 12:50:00,71.76,71.6,71.78,71.6,19167421.999999996,267460,2025-08-21 12:59:59
2025-08-21 13:00:00,71.62,71.46,71.64,71.36,17703420.799999997,247640,2025-08-21 13:09:59
2025-08-21 13:10:00,71.47,71.3,71.48,71.3,21210584.6,297320,2025-08-21 13:19:59
2025-08-21 13:20:00,71.31,71.46,71.46,71.3,71966840.60000001,1009200,2025-08-21 13:29:59
2025-08-21 13:30:00,71.46,71.51,71.51,71.3,10150518.5,142140,2025-08-21 13:39:59
2025-08-21 13:40:00,71.52,71.45,71.57,71.42,4280029.5,59850,2025-08-21 13:49:59
2025-08-21 13:50:00,71.47,71.58,71.59,71.4,2683619.0,37530,2025-08-21 13:59:59
2025-08-21 14:00:00,71.58,71.48,71.6,71.47,27308058.099999994,381930,2025-08-21 14:09:59
2025-08-21 14:10:00,71.49,71.91,71.95,71.48,38017684.0,529820,2025-08-21 14:19:59
2025-08-21 14:20:00,71.91,71.71,71.93,71.66,11285586.500000002,157130,2025-08-21 14:29:59
2025-08-21 14:30:00,71.7,71.52,71.74,71.43,8294716.799999998,115970,2025-08-21 14:39:59
2025-08-21 14:40:00,71.5,71.36,71.56,71.3,16257306.7,227720,2025-08-21 14:49:59
2025-08-21 14:50:00,71.36,71.67,71.67,71.32,11391213.1,159340,2025-08-21 14:59:59
2025-08-21 15:00:00,71.67,71.69,71.77,71.63,10716705.5,149370,2025-08-21 15:09:59
2025-08-21 15:10:00,71.68,71.69,71.74,71.64,574073.0,8010,2025-08-21 15:19:59
2025-08-21 15:20:00,71.67,71.42,71.68,71.36,12258971.5,171460,2025-08-21 15:29:59
2025-08-21 15:30:00,71.47,71.44,71.52,71.41,1592458.0999999999,22280,2025-08-21 15:39:59
2025-08-21 15:40:00,71.48,71.52,71.62,71.48,2998450.5000000005,41910,2025-08-21 15:49:59
2025-08-21 15:50:00,71.53,71.62,71.69,71.52,3464205.3,48360,2025-08-21 15:59:59
2025-08-21 16:00:00,71.63,71.44,71.64,71.44,4840599.6,67690,2025-08-21 16:09:59
2025-08-21 16:10:00,71.42,71.48,71.5,71.39,6505658.600000001,91070,2025-08-21 16:19:59
2025-08-21 16:20:00,71.48,71.39,71.48,71.35,2859933.6,40050,2025-08-21 16:29:59
2025-08-21 16:30:00,71.38,71.36,71.44,71.3,9833245.8,137860,2025-08-21 16:39:59
2025-08-21 16:40:00,71.36,71.36,71.39,71.3,15816613.000000002,221800,2025-08-21 16:49:59
2025-08-21 16:50:00,71.37,70.97,71.41,70.96,35107048.1,493960,2025-08-21 16:59:59
2025-08-21 17:00:00,70.96,70.55,70.97,70.46,35797369.7,506290,2025-08-21 17:09:59
2025-08-21 17:10:00,70.53,70.55,70.56,70.04,34040275.900000006,484330,2025-08-21 17:19:59
2025-08-21 17:20:00,70.53,70.67,70.76,70.5,7909655.7,111980,2025-08-21 17:29:59
2025-08-21 17:30:00,70.65,70.65,70.72,70.63,1516831.8,21470,2025-08-21 17:39:59
2025-08-21 17:40:00,70.65,70.51,70.68,70.47,6409544.4,90790,2025-08-21 17:49:59
2025-08-21 17:50:00,70.52,70.22,70.53,70.22,12873921.599999998,183000,2025-08-21 17:59:59
2025-08-21 18:00:00,70.2,69.9,70.2,69.72,34014662.9,486430,2025-08-21 18:09:59
2025-08-21 18:10:00,69.91,69.2,69.92,69.02,22611473.6,325790,2025-08-21 18:19:59
2025-08-21 18:20:00,69.21,69.42,69.45,69.14,13477313.900000004,194470,2025-08-21 18:29:59
2025-08-21 18:30:00,69.41,69.17,69.41,69.1,4907042.6,70870,2025-08-21 18:39:59
2025-08-21 18:40:00,69.1,69.1,69.1,69.1,1663237.0,24070,2025-08-21 18:48:09
2025-08-21 19:00:00,69.2,69.19,69.25,69.11,6324658.2,91400,2025-08-21 19:09:59
2025-08-21 19:10:00,69.18,69.16,69.44,69.11,12667817.0,182870,2025-08-21 19:19:59
2025-08-21 19:20:00,69.16,69.41,69.46,69.16,3645961.6,52590,2025-08-21 19:29:59
2025-08-21 19:30:00,69.41,69.5,69.59,69.41,8403387.8,120910,2025-08-21 19:39:59
2025-08-21 19:40:00,69.55,69.44,69.55,69.41,1240532.8,17860,2025-08-21 19:49:59
2025-08-21 19:50:00,69.43,69.28,69.45,69.27,2236816.3000000003,32240,2025-08-21 19:59:59
2025-08-21 20:00:00,69.28,69.23,69.37,69.23,902986.2999999999,13030,2025-08-21 20:09:59
2025-08-21 20:10:00,69.23,69.46,69.46,69.22,1582672.5999999996,22820,2025-08-21 20:19:59
2025-08-21 20:20:00,69.44,69.42,69.45,69.4,507561.9,7310,2025-08-21 20:29:59
2025-08-21 20:30:00,69.44,69.62,69.62,69.42,2963516.7,42610,2025-08-21 20:39:59
2025-08-21 20:40:00,69.6,69.74,69.83,69.6,4587199.100000001,65750,2025-08-21 20:49:59
2025-08-21 20:50:00,69.8,69.87,69.89,69.72,2714942.5999999996,38890,2025-08-21 20:59:59
2025-08-21 21:00:00,69.88,69.67,69.88,69.62,3027585.6,43420,2025-08-21 21:09:59
2025-08-21 21:10:00,69.68,69.67,69.69,69.67,536511.2,7700,2025-08-21 21:19:59
2025-08-21 21:20:00,69.67,69.61,69.68,69.58,442977.0,6360,2025-08-21 21:29:59
2025-08-21 21:30:00,69.57,69.48,69.61,69.48,1908915.9000000004,27460,2025-08-21 21:39:59
2025-08-21 21:40:00,69.52,69.54,69.55,69.48,763159.5000000001,10980,2025-08-21 21:49:59
2025-08-21 21:50:00,69.53,69.46,69.53,69.4,1105321.8999999997,15920,2025-08-21 21:59:59
2025-08-21 22:00:00,69.43,69.51,69.51,69.43,557018.3,8020,2025-08-21 22:09:59
2025-08-21 22:10:00,69.5,69.55,69.55,69.5,174475.5,2510,2025-08-21 22:19:59
2025-08-21 22:20:00,69.55,69.51,69.58,69.51,763467.8,10980,2025-08-21 22:29:59
2025-08-21 22:30:00,69.51,69.45,69.53,69.44,135429.3,1950,2025-08-21 22:39:59
2025-08-21 22:40:00,69.45,69.38,69.5,69.37,1661874.7000000002,23940,2025-08-21 22:49:59
2025-08-21 22:50:00,69.37,69.43,69.45,69.36,627157.0,9040,2025-08-21 22:59:59
2025-08-21 23:00:00,69.39,69.45,69.5,69.39,948973.2999999999,13660,2025-08-21 23:09:59
2025-08-21 23:10:00,69.49,69.43,69.54,69.43,748996.5,10780,2025-08-21 23:19:59
2025-08-21 23:20:00,69.45,69.49,69.49,69.41,1284356.7,18500,2025-08-21 23:29:59
2025-08-21 23:30:00,69.5,69.65,69.7,69.5,3422461.5000000005,49160,2025-08-21 23:39:59
2025-08-21 23:40:00,69.65,69.56,69.71,69.56,1352762.7999999998,19420,2025-08-21 23:49:59
2025-08-22 06:50:00,69.56,69.56,69.56,69.56,11825.2,170,2025-08-22 06:59:59
2025-08-22 07:00:00,69.56,69.85,69.89,69.51,2873649.8000000003,41180,2025-08-22 07:09:59
2025-08-22 07:10:00,69.84,69.83,69.92,69.76,2147506.2,30740,2025-08-22 07:19:59
2025-08-22 07:20:00,69.83,69.79,69.86,69.67,1249061.7,17910,2025-08-22 07:29:59
2025-08-22 07:30:00,69.79,69.81,69.85,69.76,1262695.9,18090,2025-08-22 07:39:59
2025-08-22 07:40:00,69.81,69.6,69.81,69.57,567805.5,8150,2025-08-22 07:49:59
2025-08-22 07:50:00,69.6,69.53,69.6,69.51,1157930.8999999997,16650,2025-08-22 07:59:59
2025-08-22 08:00:00,69.59,69.56,69.59,69.52,908922.0999999999,13070,2025-08-22 08:09:59
2025-08-22 08:10:00,69.56,69.79,69.79,69.56,3342982.8000000003,47970,2025-08-22 08:19:59
2025-08-22 08:20:00,69.8,69.77,69.8,69.75,1025085.6999999998,14690,2025-08-22 08:29:59
2025-08-22 08:30:00,69.77,69.72,69.77,69.71,543965.9,7800,2025-08-22 08:39:59
2025-08-22 08:40:00,69.71,69.76,69.76,69.7,80875.1,1160,2025-08-22 08:49:59
2025-08-22 08:50:00,69.76,69.82,69.82,69.76,576548.8,8260,2025-08-22 08:59:59
2025-08-22 09:00:00,69.89,70.21,70.24,69.88,5301885.5,75640,2025-08-22 09:09:59
2025-08-22 09:10:00,70.22,70.53,70.55,70.18,12633639.099999998,179450,2025-08-22 09:19:59
2025-08-22 09:20:00,70.51,70.52,70.63,70.45,2019587.0000000005,28620,2025-08-22 09:29:59
2025-08-22 09:30:00,70.56,70.29,70.56,70.29,832645.3999999999,11830,2025-08-22 09:39:59
2025-08-22 09:40:00,70.29,70.15,70.3,70.12,1916203.2,27300,2025-08-22 09:49:59
2025-08-22 09:50:00,70.14,70.07,70.16,70.0,3013218.1,43000,2025-08-22 09:59:59
2025-08-22 10:00:00,70.04,70.08,70.11,69.84,4825838.9,68960,2025-08-22 10:09:59
2025-08-22 10:10:00,70.08,70.15,70.21,70.08,2414120.0999999996,34410,2025-08-22 10:19:59
2025-08-22 10:20:00,70.24,70.36,70.38,70.23,601573.4,8560,2025-08-22 10:29:59
2025-08-22 10:30:00,70.36,70.22,70.38,70.22,5962528.9,84820,2025-08-22 10:39:59
2025-08-22 10:40:00,70.23,70.23,70.29,70.1,2640280.0,37610,2025-08-22 10:49:59
2025-08-22 10:50:00,70.23,70.18,70.25,70.1,750127.2000000001,10690,2025-08-22 10:59:59
2025-08-22 11:00:00,70.23,69.62,70.27,69.33,47069981.49999999,675780,2025-08-22 11:09:59
2025-08-22 11:10:00,69.62,69.67,69.71,69.55,3284739.3,47160,2025-08-22 11:19:59
2025-08-22 11:20:00,69.67,69.62,69.68,69.53,4120807.5,59200,2025-08-22 11:29:59
2025-08-22 11:30:00,69.63,69.73,69.79,69.55,9213464.1,132310,2025-08-22 11:39:59
2025-08-22 11:40:00,69.63,69.65,69.66,69.53,888965.7,12770,2025-08-22 11:49:59
2025-08-22 11:50:00,69.64,69.35,69.64,69.33,2622072.5,37770,2025-08-22 11:59:59
2025-08-22 12:00:00,69.35,69.23,69.35,69.23,3425554.200000017,49450,2025-08-22 12:09:59
2025-08-22 12:10:00,69.26,69.36,69.39,68.87,24630820.899999987,356310,2025-08-22 12:19:59
2025-08-22 12:20:00,69.33,69.43,69.57,69.33,4876489.600000001,70200,2025-08-22 12:29:59
2025-08-22 12:30:00,69.43,69.3,69.45,69.29,1451626.0,20930,2025-08-22 12:39:59
2025-08-22 12:40:00,69.3,69.32,69.4,69.3,1279810.2999999998,18460,2025-08-22 12:49:59
2025-08-22 12:50:00,69.37,69.32,69.46,69.32,3056947.6999999997,44060,2025-08-22 12:59:59
2025-08-22 13:00:00,69.32,69.21,69.32,69.17,5439139.500000001,78570,2025-08-22 13:09:59
2025-08-22 13:10:00,69.19,69.37,69.41,69.18,992835.7000000001,14340,2025-08-22 13:19:59
2025-08-22 13:20:00,69.38,69.45,69.48,69.32,4252246.2,61250,2025-08-22 13:29:59
2025-08-22 13:30:00,69.43,69.48,69.6,69.42,5077816.499999998,73060,2025-08-22 13:39:59
2025-08-22 13:40:00,69.47,69.4,69.49,69.4,709692.8,10220,2025-08-22 13:49:59
2025-08-22 13:50:00,69.4,69.35,69.42,69.33,3329245.4999999995,47980,2025-08-22 13:59:59
2025-08-22 14:00:00,69.35,69.4,69.4,69.32,825776.4,11910,2025-08-22 14:09:59
2025-08-22 14:10:00,69.36,68.88,69.36,68.8,21620193.7,313180,2025-08-22 14:19:59
2025-08-22 14:20:00,68.88,68.89,69.0,68.82,3017071.9,43770,2025-08-22 14:29:59
2025-08-22 14:30:00,68.9,69.29,69.37,68.9,8910065.700000003,128810,2025-08-22 14:39:59
2025-08-22 14:40:00,69.24,69.22,69.25,69.2,218754.1,3160,2025-08-22 14:49:59
2025-08-22 14:50:00,69.21,69.32,69.34,69.21,5800808.200000001,83710,2025-08-22 14:59:59
2025-08-22 15:00:00,69.31,69.35,69.35,69.3,4621818.9,66690,2025-08-22 15:09:59
2025-08-22 15:10:00,69.32,69.4,69.45,69.3,3537671.8,50980,2025-08-22 15:19:59
2025-08-22 15:20:00,69.41,69.37,69.48,69.32,4171748.4,60080,2025-08-22 15:29:59
2025-08-22 15:30:00,69.41,69.34,69.46,69.3,3342613.2,48160,2025-08-22 15:39:59
2025-08-22 15:40:00,69.31,69.51,69.51,69.3,2665053.8000000003,38360,2025-08-22 15:49:59
2025-08-22 15:50:00,69.51,69.35,69.51,69.35,4325878.2,62340,2025-08-22 15:59:59
2025-08-22 16:00:00,69.35,69.44,69.44,69.35,2684121.1,38700,2025-08-22 16:09:59
2025-08-22 16:10:00,69.44,69.44,69.48,69.44,1794524.2000000002,25840,2025-08-22 16:19:59
2025-08-22 16:20:00,69.45,69.54,69.55,69.44,3073839.6,44230,2025-08-22 16:29:59
2025-08-22 16:30:00,69.55,69.51,69.64,69.49,2033367.1999999997,29230,2025-08-22 16:39:59
2025-08-22 16:40:00,69.51,69.48,69.55,69.47,474672.29999999993,6830,2025-08-22 16:49:59
2025-08-22 16:50:00,69.5,69.56,69.67,69.48,2193825.2,31540,2025-08-22 16:59:59
2025-08-22 17:00:00,69.58,69.65,69.71,69.58,1541038.7000000004,22120,2025-08-22 17:09:59
2025-08-22 17:10:00,69.65,69.62,69.81,69.59,3837671.3,55060,2025-08-22 17:19:59
2025-08-22 17:20:00,69.63,69.5,69.66,69.44,3413611.8000000003,49130,2025-08-22 17:29:59
2025-08-22 17:30:00,69.49,69.56,69.62,69.44,1706848.7999999998,24560,2025-08-22 17:39:59
2025-08-22 17:40:00,69.55,69.63,69.66,69.53,1479013.7999999998,21250,2025-08-22 17:49:59
2025-08-22 17:50:00,69.63,69.59,69.64,69.49,1705052.6,24510,2025-08-22 17:59:59
2025-08-22 18:00:00,69.6,69.69,69.86,69.6,3486721.0,49990,2025-08-22 18:09:59
2025-08-22 18:10:00,69.73,69.88,69.9,69.7,1452518.9999999995,20800,2025-08-22 18:19:59
2025-08-22 18:20:00,69.88,70.08,70.08,69.86,4232519.1,60480,2025-08-22 18:29:59
2025-08-22 18:30:00,70.08,70.11,70.14,70.02,3181962.0000000005,45400,2025-08-22 18:39:59
2025-08-22 18:40:00,70.11,70.11,70.11,70.11,814678.2000000001,11620,2025-08-22 18:49:59
2025-08-22 19:00:00,70.09,70.07,70.14,70.07,1511859.2000000002,21570,2025-08-22 19:09:59
2025-08-22 19:10:00,70.07,70.1,70.12,70.03,838909.3,11970,2025-08-22 19:19:59
2025-08-22 19:20:00,70.1,69.81,70.1,69.81,1105747.2999999998,15810,2025-08-22 19:29:59
2025-08-22 19:30:00,69.82,69.92,69.92,69.82,141864.1,2030,2025-08-22 19:39:59
2025-08-22 19:40:00,69.95,69.93,69.95,69.9,44742.4,640,2025-08-22 19:49:59
2025-08-22 19:50:00,69.9,69.93,69.93,69.84,431904.9,6180,2025-08-22 19:59:59
2025-08-22 20:00:00,69.92,69.93,69.94,69.92,4895.000000000001,70,2025-08-22 20:09:59
2025-08-22 20:10:00,69.93,69.87,69.93,69.87,669017.8,9570,2025-08-22 20:19:59
2025-08-22 20:20:00,69.87,69.89,69.89,69.78,1057348.2999999998,15140,2025-08-22 20:29:59
2025-08-22 20:30:00,69.89,69.73,70.04,69.72,2059451.7,29470,2025-08-22 20:39:59
2025-08-22 20:40:00,69.73,69.77,69.79,69.69,990543.6,14210,2025-08-22 20:49:59
2025-08-22 20:50:00,69.75,69.7,69.84,69.7,545069.7999999999,7810,2025-08-22 20:59:59
2025-08-22 21:00:00,69.72,69.7,69.72,69.68,262106.8,3760,2025-08-22 21:09:59
2025-08-22 21:10:00,69.71,69.71,69.75,69.7,175746.1,2520,2025-08-22 21:19:59
2025-08-22 21:20:00,69.72,69.71,69.77,69.71,189036.8,2710,2025-08-22 21:29:59
2025-08-22 21:30:00,69.71,69.75,69.76,69.7,45313.1,650,2025-08-22 21:39:59
2025-08-22 21:40:00,69.74,69.75,69.75,69.71,13248.0,190,2025-08-22 21:49:59
2025-08-22 21:50:00,69.75,69.76,69.77,69.75,43949.7,630,2025-08-22 21:59:59
2025-08-22 22:00:00,69.75,69.77,69.78,69.71,817522.6000000001,11720,2025-08-22 22:09:59
2025-08-22 22:10:00,69.77,69.72,69.8,69.72,1073706.9000000001,15390,2025-08-22 22:19:59
2025-08-22 22:20:00,69.76,69.76,69.8,69.76,560365.6,8030,2025-08-22 22:29:59
2025-08-22 22:30:00,69.76,69.8,69.8,69.71,1185701.7999999998,17000,2025-08-22 22:39:59
2025-08-22 22:40:00,69.8,69.8,69.84,69.78,1402752.3,20100,2025-08-22 22:49:59
2025-08-22 22:50:00,69.8,69.82,69.87,69.8,99133.29999999999,1420,2025-08-22 22:59:59
2025-08-22 23:00:00,69.83,69.9,69.9,69.83,94339.3,1350,2025-08-22 23:09:59
2025-08-22 23:10:00,69.9,69.91,69.99,69.9,1470501.9,21020,2025-08-22 23:19:59
2025-08-22 23:20:00,69.97,69.96,69.97,69.96,72762.6,1040,2025-08-22 23:29:59
2025-08-22 23:30:00,69.92,69.96,69.98,69.92,1029103.8999999999,14710,2025-08-22 23:39:59
2025-08-22 23:40:00,69.96,69.96,69.96,69.89,1995104.4000000001,28520,2025-08-22 23:49:59
2025-08-23 10:00:00,69.98,69.99,69.99,69.8,40581.8,580,2025-08-23 10:09:59
2025-08-23 10:10:00,69.87,69.8,69.87,69.8,21658.600000000002,310,2025-08-23 10:19:59
2025-08-23 10:20:00,69.87,69.99,69.99,69.8,215969.6,3090,2025-08-23 10:29:59
2025-08-23 10:30:00,69.88,69.98,69.99,69.88,61585.1,880,2025-08-23 10:39:59
2025-08-23 10:40:00,69.99,69.93,69.99,69.77,352605.6,5050,2025-08-23 10:49:59
2025-08-23 10:50:00,69.79,69.79,69.79,69.79,697.9,10,2025-08-23 10:56:01
2025-08-23 11:00:00,69.82,69.9,69.92,69.82,32147.1,460,2025-08-23 11:09:59
2025-08-23 11:10:00,69.92,69.9,69.92,69.9,7689.2,110,2025-08-23 11:19:59
2025-08-23 11:20:00,69.92,69.92,69.92,69.92,7691.2,110,2025-08-23 11:29:59
2025-08-23 11:30:00,69.91,69.78,69.91,69.78,41900.8,600,2025-08-23 11:39:59
2025-08-23 11:40:00,69.78,69.76,69.78,69.76,38369.200000000004,550,2025-08-23 11:49:59
2025-08-23 11:50:00,69.76,69.77,69.78,69.76,115136.50000000003,1650,2025-08-23 11:59:59
2025-08-23 12:00:00,69.77,69.76,69.77,69.76,19533.199999999997,280,2025-08-23 12:09:59
2025-08-23 12:10:00,69.76,69.76,69.78,69.76,119990.6,1720,2025-08-23 12:19:59
2025-08-23 12:30:00,69.78,69.75,69.78,69.75,220441.90000000002,3160,2025-08-23 12:39:59
2025-08-23 12:40:00,69.75,69.78,69.78,69.75,14651.099999999999,210,2025-08-23 12:49:59
2025-08-23 12:50:00,69.75,69.78,69.78,69.75,16045.199999999999,230,2025-08-23 12:57:01
2025-08-23 13:00:00,69.75,69.78,69.78,69.75,2092.8,30,2025-08-23 13:09:59
2025-08-23 13:10:00,69.78,69.78,69.78,69.78,2791.2,40,2025-08-23 13:19:59
2025-08-23 13:20:00,69.78,69.78,69.78,69.78,3489.0,50,2025-08-23 13:29:59
2025-08-23 13:30:00,69.75,69.78,69.78,69.75,5581.5,80,2025-08-23 13:39:59
2025-08-23 13:40:00,69.78,69.75,69.9,69.75,183710.80000000002,2630,2025-08-23 13:49:59
2025-08-23 13:50:00,69.76,69.77,69.77,69.76,14650.7,210,2025-08-23 13:54:01
2025-08-23 14:00:00,69.79,69.89,69.89,69.79,11876.199999999997,170,2025-08-23 14:09:59
2025-08-23 14:10:00,69.79,69.78,69.79,69.78,13258.7,190,2025-08-23 14:19:59
2025-08-23 14:20:00,69.86,69.87,69.87,69.86,4191.9,60,2025-08-23 14:29:59
2025-08-23 14:30:00,69.8,69.79,69.8,69.78,2093.7,30,2025-08-23 14:39:59
2025-08-23 14:40:00,69.78,69.84,69.84,69.78,2791.8,40,2025-08-23 14:49:59
2025-08-23 14:50:00,69.78,69.79,69.84,69.77,42584.0,610,2025-08-23 14:59:06
2025-08-23 15:00:00,69.85,69.87,69.87,69.81,3492.7000000000003,50,2025-08-23 15:09:59
2025-08-23 15:10:00,69.87,69.87,69.88,69.87,7686.599999999999,110,2025-08-23 15:19:59
2025-08-23 15:20:00,69.81,69.86,69.86,69.8,3490.7,50,2025-08-23 15:29:59
2025-08-23 15:30:00,69.83,69.83,69.83,69.79,8376.699999999999,120,2025-08-23 15:39:59
2025-08-23 15:40:00,69.8,69.83,69.83,69.8,1396.3,20,2025-08-23 15:49:59
2025-08-23 15:50:00,69.79,69.81,69.9,69.79,71985.90000000001,1030,2025-08-23 15:58:02
2025-08-23 16:00:00,69.81,69.87,69.88,69.79,214327.19999999998,3070,2025-08-23 16:09:59
2025-08-23 16:10:00,69.87,69.86,69.87,69.86,3493.4,50,2025-08-23 16:19:59
2025-08-23 16:20:00,69.79,69.79,69.87,69.78,23047.4,330,2025-08-23 16:29:59
2025-08-23 16:30:00,69.79,69.8,69.8,69.79,28617.9,410,2025-08-23 16:39:59
2025-08-23 16:40:00,69.85,69.8,69.85,69.8,4190.0,60,2025-08-23 16:49:59
2025-08-23 16:50:00,69.8,69.8,69.8,69.8,6282.0,90,2025-08-23 16:59:01
2025-08-23 17:00:00,69.84,69.8,69.84,69.8,20243.5,290,2025-08-23 17:09:59
2025-08-23 17:10:00,69.84,69.88,69.88,69.84,11177.599999999999,160,2025-08-23 17:19:59
2025-08-23 17:20:00,69.87,69.88,69.88,69.85,2794.7,40,2025-08-23 17:29:59
2025-08-23 17:30:00,69.87,69.88,69.88,69.85,4890.6,70,2025-08-23 17:39:59
2025-08-23 17:40:00,69.85,69.8,69.85,69.8,25137.0,360,2025-08-23 17:49:59
2025-08-23 17:50:00,69.8,69.8,69.88,69.8,24430.8,350,2025-08-23 17:59:59
2025-08-23 18:00:00,69.81,69.81,69.81,69.81,698.1,10,2025-08-23 18:09:59
2025-08-23 18:10:00,69.8,69.87,69.87,69.8,7682.2,110,2025-08-23 18:19:59
2025-08-23 18:20:00,69.87,69.79,69.87,69.79,19543.600000000002,280,2025-08-23 18:29:59
2025-08-23 18:30:00,69.79,69.79,69.79,69.79,2791.6,40,2025-08-23 18:39:59
2025-08-23 18:40:00,69.78,69.78,69.78,69.78,4186.799999999999,60,2025-08-23 18:49:59
2025-08-23 18:50:00,69.85,69.78,69.85,69.78,5583.1,80,2025-08-23 18:58:02
2025-08-24 09:50:00,69.78,69.78,69.78,69.78,2791.2,40,2025-08-24 09:59:59
2025-08-24 10:00:00,69.78,69.79,69.9,69.61,142926.7,2050,2025-08-24 10:09:59
2025-08-24 10:10:00,69.71,69.76,69.76,69.7,6974.8,100,2025-08-24 10:19:59
2025-08-24 10:20:00,69.7,69.7,69.74,69.6,195110.2,2800,2025-08-24 10:29:59
2025-08-24 10:30:00,69.67,69.57,69.67,69.57,60570.9,870,2025-08-24 10:39:59
2025-08-24 10:40:00,69.61,69.68,69.7,69.61,33418.4,480,2025-08-24 10:49:59
2025-08-24 10:50:00,69.68,69.69,69.69,69.62,330065.5,4740,2025-08-24 10:59:59
2025-08-24 11:00:00,69.7,69.7,69.7,69.7,3485.0,50,2025-08-24 11:09:59
2025-08-24 11:10:00,69.66,69.7,69.7,69.65,85026.6,1220,2025-08-24 11:19:59
2025-08-24 11:20:00,69.71,69.65,69.75,69.65,196607.90000000005,2820,2025-08-24 11:29:59
2025-08-24 11:30:00,69.65,69.72,69.72,69.65,6966.4,100,2025-08-24 11:39:59
2025-08-24 11:40:00,69.65,69.64,69.71,69.64,48768.7,700,2025-08-24 11:49:59
2025-08-24 11:50:00,69.69,69.7,69.71,69.69,44608.700000000004,640,2025-08-24 11:59:01
2025-08-24 12:00:00,69.71,69.71,69.71,69.71,1394.2,20,2025-08-24 12:09:59
2025-08-24 12:10:00,69.72,69.66,69.72,69.66,23688.600000000002,340,2025-08-24 12:19:59
2025-08-24 12:20:00,69.73,69.63,69.73,69.62,220037.19999999998,3160,2025-08-24 12:29:59
2025-08-24 12:30:00,69.69,69.72,69.74,69.64,35547.7,510,2025-08-24 12:39:59
2025-08-24 12:40:00,69.71,69.71,69.71,69.71,11153.6,160,2025-08-24 12:49:59
2025-08-24 12:50:00,69.64,69.64,69.64,69.64,696.4,10,2025-08-24 12:59:59
2025-08-24 13:00:00,69.71,69.64,69.71,69.64,5572.7,80,2025-08-24 13:09:59
2025-08-24 13:10:00,69.64,69.64,69.64,69.64,72425.6,1040,2025-08-24 13:19:59
2025-08-24 13:20:00,69.64,69.64,69.64,69.62,229750.0,3300,2025-08-24 13:29:59
2025-08-24 13:30:00,69.64,69.71,69.72,69.64,139401.7,2000,2025-08-24 13:39:59
2025-08-24 13:40:00,69.63,69.71,69.71,69.62,211656.7,3040,2025-08-24 13:49:59
2025-08-24 13:50:00,69.71,69.63,69.71,69.63,35512.1,510,2025-08-24 13:56:01
2025-08-24 14:00:00,69.63,69.63,69.63,69.63,1392.6,20,2025-08-24 14:09:59
2025-08-24 14:10:00,69.64,69.64,69.68,69.63,73819.9,1060,2025-08-24 14:19:59
2025-08-24 14:20:00,69.63,69.63,69.63,69.62,67540.90000000001,970,2025-08-24 14:29:59
2025-08-24 14:30:00,69.64,69.62,69.64,69.62,296606.8,4260,2025-08-24 14:39:59
2025-08-24 14:40:00,69.61,69.72,69.79,69.61,860620.9999999999,12340,2025-08-24 14:49:59
2025-08-24 14:50:00,69.67,69.67,69.67,69.67,8360.4,120,2025-08-24 14:57:06
2025-08-24 15:00:00,69.67,69.64,69.67,69.64,2089.8,30,2025-08-24 15:09:59
2025-08-24 15:10:00,69.64,69.65,69.7,69.64,178304.4,2560,2025-08-24 15:19:59
2025-08-24 15:20:00,69.69,69.65,69.69,69.65,50174.8,720,2025-08-24 15:29:59
2025-08-24 15:30:00,69.69,69.66,69.69,69.66,18816.0,270,2025-08-24 15:39:59
2025-08-24 15:40:00,69.66,69.69,69.69,69.66,3483.9,50,2025-08-24 15:49:59
2025-08-24 15:50:00,69.69,69.62,69.69,69.62,176171.80000000002,2530,2025-08-24 15:58:02
2025-08-24 16:00:00,69.62,69.59,69.66,69.59,209489.2,3010,2025-08-24 16:09:59
2025-08-24 16:10:00,69.59,69.6,69.66,69.58,147521.40000000002,2120,2025-08-24 16:19:59
2025-08-24 16:20:00,69.66,69.66,69.66,69.66,696.6,10,2025-08-24 16:29:59
2025-08-24 16:30:00,69.65,69.63,69.65,69.63,11142.2,160,2025-08-24 16:39:59
2025-08-24 16:40:00,69.65,69.59,69.65,69.58,8351.8,120,2025-08-24 16:49:59
2025-08-24 16:50:00,69.6,69.64,69.64,69.6,2784.4,40,2025-08-24 16:57:01
2025-08-24 17:00:00,69.6,69.6,69.64,69.6,17400.4,250,2025-08-24 17:09:59
2025-08-24 17:10:00,69.64,69.64,69.64,69.64,2089.2,30,2025-08-24 17:19:59
2025-08-24 17:20:00,69.64,69.65,69.65,69.64,4875.4,70,2025-08-24 17:29:59
2025-08-24 17:30:00,69.65,69.61,69.65,69.61,4177.8,60,2025-08-24 17:39:59
2025-08-24 17:40:00,69.61,69.65,69.65,69.61,88408.7,1270,2025-08-24 17:49:59
2025-08-24 17:50:00,69.65,69.65,69.67,69.65,42486.7,610,2025-08-24 17:58:02
2025-08-24 18:00:00,69.68,69.7,69.7,69.68,147044.2,2110,2025-08-24 18:09:59
2025-08-24 18:10:00,69.7,69.69,69.7,69.65,149757.5,2150,2025-08-24 18:19:59
2025-08-24 18:20:00,69.62,69.61,69.62,69.61,22972.6,330,2025-08-24 18:29:59
2025-08-24 18:30:00,69.61,69.62,69.67,69.61,203964.09999999998,2930,2025-08-24 18:39:59
2025-08-24 18:40:00,69.67,69.67,69.69,69.61,67538.5,970,2025-08-24 18:49:59
2025-08-24 18:50:00,69.61,69.74,69.74,69.61,93380.4,1340,2025-08-24 18:58:01
2025-08-25 06:50:00,69.78,69.78,69.78,69.78,3489.0,50,2025-08-25 06:59:59
2025-08-25 07:00:00,69.78,69.46,70.22,69.45,1388256.3,19910,2025-08-25 07:09:59
2025-08-25 07:10:00,69.47,69.56,69.57,69.38,270174.69999999995,3890,2025-08-25 07:19:59
2025-08-25 07:20:00,69.53,69.53,69.53,69.53,73701.8,1060,2025-08-25 07:29:59
2025-08-25 07:30:00,69.53,69.47,69.58,69.47,160621.3,2310,2025-08-25 07:39:59
2025-08-25 07:40:00,69.51,69.52,69.52,69.45,441871.9,6360,2025-08-25 07:49:59
2025-08-25 07:50:00,69.46,69.45,69.46,69.44,152089.7,2190,2025-08-25 07:58:01
2025-08-25 08:00:00,69.45,69.49,69.51,69.45,180663.30000000002,2600,2025-08-25 08:09:59
2025-08-25 08:10:00,69.46,69.48,69.48,69.44,123624.1,1780,2025-08-25 08:19:59
2025-08-25 08:20:00,69.48,69.45,69.48,69.45,153544.5,2210,2025-08-25 08:29:59
2025-08-25 08:30:00,69.48,69.5,69.51,69.48,242512.29999999996,3490,2025-08-25 08:39:59
2025-08-25 08:40:00,69.5,69.58,69.58,69.5,115475.59999999999,1660,2025-08-25 08:49:59
2025-08-25 08:50:00,69.58,69.54,69.58,69.53,264365.30000000005,3800,2025-08-25 08:59:06
2025-08-25 09:00:00,69.55,69.45,69.55,69.44,1637973.6,23580,2025-08-25 09:09:59
2025-08-25 09:10:00,69.44,69.37,69.46,69.37,2185828.0999999996,31480,2025-08-25 09:19:59
2025-08-25 09:20:00,69.37,69.07,69.37,69.05,8281041.0,119660,2025-08-25 09:29:59
2025-08-25 09:30:00,69.07,69.49,69.71,68.91,27009596.799999997,389610,2025-08-25 09:39:59
2025-08-25 09:40:00,69.48,69.39,69.48,69.34,2719281.499999999,39180,2025-08-25 09:49:59
2025-08-25 09:50:00,69.38,69.46,69.46,69.27,3191108.9999999995,46010,2025-08-25 09:59:59
2025-08-25 10:00:00,69.42,69.5,69.55,69.39,5581961.1,80340,2025-08-25 10:09:59
2025-08-25 10:10:00,69.5,69.49,69.5,69.46,3009185.6999999997,43300,2025-08-25 10:19:59
2025-08-25 10:20:00,69.49,69.76,69.77,69.47,6144214.200000001,88240,2025-08-25 10:29:59
2025-08-25 10:30:00,69.77,70.0,70.03,69.76,6689908.000000001,95690,2025-08-25 10:39:59
2025-08-25 10:40:00,70.02,69.84,70.05,69.75,17801163.700000003,254670,2025-08-25 10:49:59
2025-08-25 10:50:00,69.86,69.75,69.98,69.69,8797907.099999998,126010,2025-08-25 10:59:59
2025-08-25 11:00:00,69.71,69.45,69.74,69.44,4234207.600000001,60850,2025-08-25 11:09:59
2025-08-25 11:10:00,69.45,69.6,69.63,69.44,2151035.3,30930,2025-08-25 11:19:59
2025-08-25 11:20:00,69.6,69.78,69.82,69.6,7743315.2,111140,2025-08-25 11:29:59
2025-08-25 11:30:00,69.8,69.71,69.82,69.6,4143603.8,59430,2025-08-25 11:39:59
2025-08-25 11:40:00,69.7,69.4,69.71,69.4,4789552.099999999,68920,2025-08-25 11:49:59
2025-08-25 11:50:00,69.4,69.27,69.42,69.19,5166047.199999999,74540,2025-08-25 11:59:59
2025-08-25 12:00:00,69.27,69.38,69.43,69.26,2521606.3000000003,36350,2025-08-25 12:09:59
2025-08-25 12:10:00,69.35,69.29,69.36,69.26,1356435.4,19570,2025-08-25 12:19:59
2025-08-25 12:20:00,69.28,69.1,69.47,69.1,16925761.9,244710,2025-08-25 12:29:59
2025-08-25 12:30:00,69.13,69.04,69.2,69.03,13676437.0,197870,2025-08-25 12:39:59
2025-08-25 12:40:00,69.05,69.21,69.26,69.05,2930194.900000001,42360,2025-08-25 12:49:59
2025-08-25 12:50:00,69.22,69.25,69.26,69.18,1197696.9000000001,17300,2025-08-25 12:59:59
2025-08-25 13:00:00,69.24,69.54,69.55,69.24,4331336.699999999,62440,2025-08-25 13:09:59
2025-08-25 13:10:00,69.51,69.63,69.69,69.5,3106699.8,44630,2025-08-25 13:19:59
2025-08-25 13:20:00,69.63,69.69,69.75,69.61,4227412.6,60670,2025-08-25 13:29:59
2025-08-25 13:30:00,69.61,69.74,69.82,69.6,6736505.500000001,96610,2025-08-25 13:39:59
2025-08-25 13:40:00,69.77,69.73,69.86,69.62,2039432.9,29240,2025-08-25 13:49:59
2025-08-25 13:50:00,69.69,69.87,69.95,69.69,3655264.8999999994,52340,2025-08-25 13:59:59
2025-08-25 14:00:00,69.87,69.95,69.98,69.84,3392870.6,48510,2025-08-25 14:09:59
2025-08-25 14:10:00,69.96,70.08,70.17,69.95,8358039.799999998,119290,2025-08-25 14:19:59
2025-08-25 14:20:00,70.09,70.43,70.45,70.08,10429834.399999999,148470,2025-08-25 14:29:59
2025-08-25 14:30:00,70.42,70.43,70.48,70.29,4113491.9,58440,2025-08-25 14:39:59
2025-08-25 14:40:00,70.43,70.22,70.57,70.22,11640597.7,165230,2025-08-25 14:49:59
2025-08-25 14:50:00,70.22,70.53,70.59,70.18,7876208.000000006,111780,2025-08-25 14:59:59
2025-08-25 15:00:00,70.53,70.36,70.58,70.36,6993765.80000001,99280,2025-08-25 15:09:59
2025-08-25 15:10:00,70.39,70.4,70.49,70.38,3559158.1000000006,50530,2025-08-25 15:19:59
2025-08-25 15:20:00,70.43,70.23,70.43,70.22,8207127.199999995,116650,2025-08-25 15:29:59
2025-08-25 15:30:00,70.23,70.18,70.3,70.15,5082006.6,72370,2025-08-25 15:39:59
2025-08-25 15:40:00,70.19,70.08,70.23,70.08,12243145.000000002,174680,2025-08-25 15:49:59
2025-08-25 15:50:00,70.1,70.38,70.38,70.1,5541446.1000000015,78900,2025-08-25 15:59:59
2025-08-25 16:00:00,70.38,70.4,70.4,70.23,6352172.0,90320,2025-08-25 16:09:59
2025-08-25 16:10:00,70.36,71.14,71.3,70.32,34279533.99999999,483300,2025-08-25 16:19:59
2025-08-25 16:20:00,71.18,71.12,71.45,71.12,24000338.0,336700,2025-08-25 16:29:59
2025-08-25 16:30:00,71.12,71.25,71.25,71.12,8788698.5,123530,2025-08-25 16:39:59
2025-08-25 16:40:00,71.24,71.31,71.41,71.22,11593392.2,162590,2025-08-25 16:49:59
2025-08-25 16:50:00,71.29,71.37,71.4,71.28,3714466.7,52060,2025-08-25 16:59:59
2025-08-25 17:00:00,71.36,71.57,71.67,71.36,19108060.699999996,267040,2025-08-25 17:09:59
2025-08-25 17:10:00,71.58,71.53,71.64,71.52,9383220.2,131090,2025-08-25 17:19:59
2025-08-25 17:20:00,71.54,71.6,71.67,71.52,10680221.6,149190,2025-08-25 17:29:59
2025-08-25 17:30:00,71.62,71.49,71.7,71.49,24677980.6,344650,2025-08-25 17:39:59
2025-08-25 17:40:00,71.5,71.5,71.54,71.32,12986611.200000003,181830,2025-08-25 17:49:59
2025-08-25 17:50:00,71.5,71.66,71.66,71.45,12407578.8,173350,2025-08-25 17:59:59
2025-08-25 18:00:00,71.63,71.92,72.2,71.62,65027251.59999999,904250,2025-08-25 18:09:59
2025-08-25 18:10:00,71.89,72.02,72.09,71.89,12589798.100000001,174850,2025-08-25 18:19:59
2025-08-25 18:20:00,72.03,72.18,72.29,72.01,25450722.299999997,352670,2025-08-25 18:29:59
2025-08-25 18:30:00,72.18,72.21,72.28,72.07,34647357.0,479910,2025-08-25 18:39:59
2025-08-25 18:40:00,72.21,72.21,72.21,72.21,2580063.3000000007,35730,2025-08-25 18:49:59
2025-08-25 19:00:00,72.2,72.13,72.22,72.02,10630008.4,147390,2025-08-25 19:09:59
2025-08-25 19:10:00,72.14,72.03,72.15,72.0,10192909.900000002,141520,2025-08-25 19:19:59
2025-08-25 19:20:00,72.01,72.13,72.14,72.0,10194403.699999997,141550,2025-08-25 19:29:59
2025-08-25 19:30:00,72.14,72.06,72.15,72.03,1646129.8,22840,2025-08-25 19:39:59
2025-08-25 19:40:00,72.06,72.06,72.07,72.01,1237083.0,17170,2025-08-25 19:49:59
2025-08-25 19:50:00,72.07,72.15,72.25,72.06,9273055.1,128500,2025-08-25 19:59:59
2025-08-25 20:00:00,72.17,72.01,72.17,72.0,6942546.5,96350,2025-08-25 20:09:59
2025-08-25 20:10:00,72.01,72.0,72.03,72.0,5132709.3,71280,2025-08-25 20:19:59
2025-08-25 20:20:00,72.0,71.82,72.02,71.64,17118947.6,238300,2025-08-25 20:29:59
2025-08-25 20:30:00,71.83,71.79,71.92,71.73,4626227.2,64420,2025-08-25 20:39:59
2025-08-25 20:40:00,71.78,71.8,71.92,71.77,4564449.499999999,63510,2025-08-25 20:49:59
2025-08-25 20:50:00,71.84,71.85,71.85,71.79,1239688.9000000001,17260,2025-08-25 20:59:59
2025-08-25 21:00:00,71.87,71.9,71.91,71.85,1054024.2,14660,2025-08-25 21:09:59
2025-08-25 21:10:00,71.88,71.82,71.92,71.82,672125.3,9350,2025-08-25 21:19:59
2025-08-25 21:20:00,71.82,71.8,71.82,71.79,572313.3,7970,2025-08-25 21:29:59
2025-08-25 21:30:00,71.79,71.77,71.8,71.7,2342946.4,32660,2025-08-25 21:39:59
2025-08-25 21:40:00,71.76,71.75,71.82,71.7,2183930.4,30440,2025-08-25 21:49:59
2025-08-25 21:50:00,71.75,71.76,71.81,71.74,1487101.2,20720,2025-08-25 21:59:10
2025-08-25 22:00:00,71.76,71.85,71.85,71.76,2288425.3,31860,2025-08-25 22:09:59
2025-08-25 22:10:00,71.85,71.84,71.85,71.81,626409.3,8720,2025-08-25 22:19:59
2025-08-25 22:20:00,71.84,71.98,72.0,71.81,4247266.7,59050,2025-08-25 22:29:59
2025-08-25 22:30:00,72.0,72.11,72.14,72.0,6756306.899999999,93730,2025-08-25 22:39:59
2025-08-25 22:40:00,72.12,72.0,72.12,72.0,3166647.3,43950,2025-08-25 22:49:59
2025-08-25 22:50:00,72.01,72.0,72.04,72.0,90015.79999999999,1250,2025-08-25 22:59:59
2025-08-25 23:00:00,72.0,71.94,72.0,71.94,516028.10000000003,7170,2025-08-25 23:09:59
2025-08-25 23:10:00,71.94,71.94,71.94,71.88,2099670.5999999996,29200,2025-08-25 23:19:59
2025-08-25 23:20:00,71.9,72.02,72.02,71.9,1260799.0999999999,17520,2025-08-25 23:29:59
2025-08-25 23:30:00,72.02,72.02,72.04,71.95,1709359.0,23740,2025-08-25 23:39:59
2025-08-25 23:40:00,72.02,72.04,72.06,71.96,1179637.1,16380,2025-08-25 23:49:59
2025-08-26 06:50:00,72.2,72.2,72.2,72.2,290966.0,4030,2025-08-26 06:59:59
2025-08-26 07:00:00,72.19,72.55,72.83,72.19,35547970.1,489870,2025-08-26 07:09:59
2025-08-26 07:10:00,72.55,72.44,72.6,72.39,8573659.799999999,118290,2025-08-26 07:19:59
2025-08-26 07:20:00,72.43,72.39,72.5,72.36,4801338.699999999,66300,2025-08-26 07:29:59
2025-08-26 07:30:00,72.41,72.41,72.43,72.36,1550044.5,21410,2025-08-26 07:39:59
2025-08-26 07:40:00,72.4,72.45,72.45,72.32,5060160.7,69920,2025-08-26 07:49:59
2025-08-26 07:50:00,72.45,72.44,72.47,72.41,1146787.6,15830,2025-08-26 07:59:06
2025-08-26 08:00:00,72.44,72.38,72.44,72.37,1267827.1,17510,2025-08-26 08:09:59
2025-08-26 08:10:00,72.4,72.64,72.8,72.35,10214087.000000004,140670,2025-08-26 08:19:59
2025-08-26 08:20:00,72.65,72.58,72.65,72.53,3167582.5000000005,43630,2025-08-26 08:29:59
2025-08-26 08:30:00,72.58,72.47,72.67,72.47,6746193.4,92900,2025-08-26 08:39:59
2025-08-26 08:40:00,72.49,72.47,72.5,72.44,1052326.0,14520,2025-08-26 08:49:59
2025-08-26 08:50:00,72.46,72.45,72.49,72.44,840505.0,11600,2025-08-26 08:59:59
2025-08-26 09:00:00,72.44,72.42,72.45,72.38,1667800.0,23030,2025-08-26 09:09:59
2025-08-26 09:10:00,72.43,72.5,72.5,72.39,7442258.600000001,102670,2025-08-26 09:19:59
2025-08-26 09:20:00,72.5,72.55,72.67,72.42,16224873.2,223760,2025-08-26 09:29:59
2025-08-26 09:30:00,72.55,72.58,72.6,72.42,4323797.0,59620,2025-08-26 09:39:59
2025-08-26 09:40:00,72.59,72.45,72.6,72.45,1762941.9000000001,24320,2025-08-26 09:49:59
2025-08-26 09:50:00,72.45,72.38,72.54,72.36,8013380.4,110640,2025-08-26 09:59:59
2025-08-26 10:00:00,72.4,72.54,72.56,72.38,6450420.4,89010,2025-08-26 10:09:59
2025-08-26 10:10:00,72.5,72.32,72.5,72.3,8762851.7,121070,2025-08-26 10:19:59
2025-08-26 10:20:00,72.3,72.12,72.41,72.08,9111029.3,126130,2025-08-26 10:29:59
2025-08-26 10:30:00,72.14,72.41,72.45,72.14,6681653.2,92410,2025-08-26 10:39:59
2025-08-26 10:40:00,72.42,72.41,72.5,72.17,11677949.6,161420,2025-08-26 10:49:59
2025-08-26 10:50:00,72.41,72.41,72.48,72.28,6519001.1,90070,2025-08-26 10:59:59
2025-08-26 11:00:00,72.43,72.73,72.77,72.35,27491925.19999999,378740,2025-08-26 11:09:59
2025-08-26 11:10:00,72.75,73.1,73.13,72.65,39933642.59999999,547710,2025-08-26 11:19:59
2025-08-26 11:20:00,73.09,73.39,73.44,73.09,29472669.199999996,402240,2025-08-26 11:29:59
2025-08-26 11:30:00,73.37,73.32,73.5,73.11,30184920.499999996,411680,2025-08-26 11:39:59
2025-08-26 11:40:00,73.32,73.36,73.43,73.31,9119157.9,124320,2025-08-26 11:49:59
2025-08-26 11:50:00,73.35,73.45,73.46,73.27,12545257.300000003,171060,2025-08-26 11:59:59
2025-08-26 12:00:00,73.45,73.35,73.7,73.34,32269702.799999982,438700,2025-08-26 12:09:59
2025-08-26 12:10:00,73.35,73.48,73.52,73.34,8688225.500000002,118320,2025-08-26 12:19:59
2025-08-26 12:20:00,73.48,73.55,73.6,73.43,9944953.199999996,135230,2025-08-26 12:29:59
2025-08-26 12:30:00,73.5,73.44,73.53,73.36,9673789.999999989,131740,2025-08-26 12:39:59
2025-08-26 12:40:00,73.44,73.24,73.44,73.14,17219522.6,235060,2025-08-26 12:49:59
2025-08-26 12:50:00,73.23,73.44,73.53,73.18,14693105.0,200160,2025-08-26 12:59:59
2025-08-26 13:00:00,73.44,73.52,73.55,73.31,8455187.100000001,115080,2025-08-26 13:09:59
2025-08-26 13:10:00,73.48,73.53,73.55,73.33,5862387.899999996,79810,2025-08-26 13:19:59
2025-08-26 13:20:00,73.52,73.45,73.54,73.43,3486643.2000000016,47430,2025-08-26 13:29:59
2025-08-26 13:30:00,73.45,73.58,73.63,73.38,10530320.899999993,143230,2025-08-26 13:39:59
2025-08-26 13:40:00,73.61,73.64,73.67,73.52,4659947.1,63320,2025-08-26 13:49:59
2025-08-26 13:50:00,73.67,73.7,73.8,73.56,18009975.300000016,244320,2025-08-26 13:59:59
2025-08-26 14:00:00,73.73,73.67,73.78,73.59,10524258.000000002,142870,2025-08-26 14:09:59
2025-08-26 14:10:00,73.69,73.81,73.81,73.68,8312940.199999996,112700,2025-08-26 14:19:59
2025-08-26 14:20:00,73.81,73.91,73.95,73.79,20305699.5,274770,2025-08-26 14:29:59
2025-08-26 14:30:00,73.91,73.74,73.95,73.62,15793939.90000001,214120,2025-08-26 14:39:59
2025-08-26 14:40:00,73.73,73.81,73.86,73.67,5133840.299999999,69600,2025-08-26 14:49:59
2025-08-26 14:50:00,73.8,73.61,73.81,73.6,5163172.100000002,70080,2025-08-26 14:59:59
2025-08-26 15:00:00,73.64,73.64,73.67,73.55,6080209.099999998,82620,2025-08-26 15:09:59
2025-08-26 15:10:00,73.64,73.64,73.84,73.61,6111067.199999999,82890,2025-08-26 15:19:59
2025-08-26 15:20:00,73.62,73.75,73.81,73.52,17910040.900000013,243150,2025-08-26 15:29:59
2025-08-26 15:30:00,73.76,73.68,73.82,73.61,3803624.6999999983,51620,2025-08-26 15:39:59
2025-08-26 15:40:00,73.68,73.51,73.68,73.5,8665569.2,117810,2025-08-26 15:49:59
2025-08-26 15:50:00,73.52,73.63,73.68,73.5,5428190.499999999,73750,2025-08-26 15:59:59
2025-08-26 16:00:00,73.63,73.74,73.77,73.5,14008090.2,190260,2025-08-26 16:09:59
2025-08-26 16:10:00,73.74,73.56,73.74,73.54,7857989.100000007,106690,2025-08-26 16:19:59
2025-08-26 16:20:00,73.56,73.58,73.67,73.53,6543458.200000001,88920,2025-08-26 16:29:59
2025-08-26 16:30:00,73.53,73.48,73.6,73.4,9904933.900000004,134790,2025-08-26 16:39:59
2025-08-26 16:40:00,73.44,73.54,73.57,73.41,3958952.8000000007,53850,2025-08-26 16:49:59
2025-08-26 16:50:00,73.51,73.4,73.54,73.36,10973058.100000001,149380,2025-08-26 16:59:59
2025-08-26 17:00:00,73.35,73.34,73.48,73.33,12125291.600000001,165230,2025-08-26 17:09:59
2025-08-26 17:10:00,73.33,73.33,73.35,73.3,5407372.6,73760,2025-08-26 17:19:59
2025-08-26 17:20:00,73.32,73.15,73.35,73.11,22099838.999999993,301780,2025-08-26 17:29:59
2025-08-26 17:30:00,73.15,73.26,73.33,73.04,27195372.800000004,371830,2025-08-26 17:39:59
2025-08-26 17:40:00,73.25,73.34,73.35,73.2,3612340.7999999993,49310,2025-08-26 17:49:59
2025-08-26 17:50:00,73.34,73.53,73.55,73.29,17310131.6,235820,2025-08-26 17:59:59
2025-08-26 18:00:00,73.48,73.74,73.75,73.44,17083610.1,232130,2025-08-26 18:09:59
2025-08-26 18:10:00,73.74,73.68,73.75,73.61,6272531.699999999,85110,2025-08-26 18:19:59
2025-08-26 18:20:00,73.62,73.65,73.74,73.61,6433011.600000001,87310,2025-08-26 18:29:59
2025-08-26 18:30:00,73.65,73.85,73.87,73.65,8487964.8,115040,2025-08-26 18:39:59
2025-08-26 18:40:00,73.85,73.85,73.85,73.85,369988.5,5010,2025-08-26 18:49:59
2025-08-26 19:00:00,73.85,73.65,73.85,73.59,6650818.7,90280,2025-08-26 19:09:59
2025-08-26 19:10:00,73.6,73.65,73.68,73.4,7358230.7,100030,2025-08-26 19:19:59
2025-08-26 19:20:00,73.65,73.43,73.75,73.42,15467099.4,210010,2025-08-26 19:29:59
2025-08-26 19:30:00,73.45,73.49,73.58,73.41,3695664.5,50290,2025-08-26 19:39:59
2025-08-26 19:40:00,73.42,73.4,73.49,73.38,3999175.7,54480,2025-08-26 19:49:59
2025-08-26 19:50:00,73.4,73.55,73.6,73.4,1565282.0000000002,21300,2025-08-26 19:59:59
2025-08-26 20:00:00,73.53,73.56,73.6,73.48,2093704.1,28480,2025-08-26 20:09:59
2025-08-26 20:10:00,73.54,73.63,73.64,73.49,2324573.2,31610,2025-08-26 20:19:59
2025-08-26 20:20:00,73.61,73.55,73.62,73.51,1164970.2,15840,2025-08-26 20:29:59
2025-08-26 20:30:00,73.55,73.51,73.55,73.51,515362.7,7010,2025-08-26 20:39:59
2025-08-26 20:40:00,73.51,73.48,73.51,73.41,2511826.0,34200,2025-08-26 20:49:59
2025-08-26 20:50:00,73.49,73.54,73.55,73.46,1448917.7,19710,2025-08-26 20:59:59
2025-08-26 21:00:00,73.54,73.72,73.72,73.51,8699369.200000001,118130,2025-08-26 21:09:59
2025-08-26 21:10:00,73.67,73.69,73.79,73.61,7595490.0,102980,2025-08-26 21:19:59
2025-08-26 21:20:00,73.65,73.71,73.74,73.6,1267465.9,17200,2025-08-26 21:29:59
2025-08-26 21:30:00,73.69,73.78,73.78,73.6,6483123.699999999,87940,2025-08-26 21:39:59
2025-08-26 21:40:00,73.75,73.78,73.78,73.72,5479269.5,74290,2025-08-26 21:49:59
2025-08-26 21:50:00,73.78,73.75,73.79,73.75,1470464.3,19930,2025-08-26 21:59:59
2025-08-26 22:00:00,73.75,73.71,73.75,73.62,1408587.9,19110,2025-08-26 22:09:59
2025-08-26 22:10:00,73.67,73.7,73.71,73.67,613044.1000000001,8320,2025-08-26 22:19:59
2025-08-26 22:20:00,73.7,73.69,73.71,73.67,1403877.6,19050,2025-08-26 22:29:59
2025-08-26 22:30:00,73.69,73.69,73.72,73.69,991999.6999999998,13460,2025-08-26 22:39:59
2025-08-26 22:40:00,73.69,73.55,73.72,73.54,5775916.7,78440,2025-08-26 22:49:59
2025-08-26 22:50:00,73.53,73.45,73.59,73.43,7089618.6,96480,2025-08-26 22:59:59
2025-08-26 23:00:00,73.48,73.49,73.49,73.46,1375682.6,18720,2025-08-26 23:09:59
2025-08-26 23:10:00,73.49,73.55,73.55,73.46,3155132.5,42910,2025-08-26 23:19:59
2025-08-26 23:20:00,73.51,73.55,73.55,73.5,1485541.5000000002,20200,2025-08-26 23:29:59
2025-08-26 23:30:00,73.55,73.55,73.55,73.53,1781988.2,24230,2025-08-26 23:39:59
2025-08-26 23:40:00,73.55,73.55,73.55,73.52,3122766.3,42460,2025-08-26 23:49:59
2025-08-27 06:50:00,73.63,73.63,73.63,73.63,265068.0,3600,2025-08-27 06:59:59
2025-08-27 07:00:00,73.62,73.58,73.65,73.52,6220057.7,84520,2025-08-27 07:09:59
2025-08-27 07:10:00,73.58,73.57,73.58,73.57,614317.7000000001,8350,2025-08-27 07:19:59
2025-08-27 07:20:00,73.58,73.61,73.65,73.57,363018.49999999994,4930,2025-08-27 07:29:59
2025-08-27 07:30:00,73.64,73.63,73.65,73.63,838044.2,11380,2025-08-27 07:39:59
2025-08-27 07:40:00,73.63,73.58,73.63,73.58,730800.1000000001,9930,2025-08-27 07:49:59
2025-08-27 07:50:00,73.62,73.77,73.98,73.62,8542800.7,115750,2025-08-27 07:59:59
2025-08-27 08:00:00,73.76,73.77,73.78,73.7,1917883.1,26010,2025-08-27 08:09:59
2025-08-27 08:10:00,73.77,73.75,73.79,73.68,429067.49999999994,5820,2025-08-27 08:19:59
2025-08-27 08:20:00,73.73,73.68,73.74,73.67,257893.09999999998,3500,2025-08-27 08:29:59
2025-08-27 08:30:00,73.7,73.63,73.7,73.63,699914.2000000001,9500,2025-08-27 08:39:59
2025-08-27 08:40:00,73.63,73.54,73.64,73.47,6271739.999999999,85260,2025-08-27 08:49:59
2025-08-27 08:50:00,73.51,73.4,73.6,73.36,4853671.2,66040,2025-08-27 08:59:59
2025-08-27 09:00:00,73.43,73.17,73.53,73.17,7893952.6000000015,107720,2025-08-27 09:09:59
2025-08-27 09:10:00,73.19,73.26,73.32,73.17,2174405.0000000005,29690,2025-08-27 09:19:59
2025-08-27 09:20:00,73.25,73.2,73.26,73.2,1499285.9999999998,20470,2025-08-27 09:29:59
2025-08-27 09:30:00,73.2,73.44,73.45,73.2,2952475.0,40240,2025-08-27 09:39:59
2025-08-27 09:40:00,73.42,73.34,73.48,73.25,5316615.9,72470,2025-08-27 09:49:59
2025-08-27 09:50:00,73.34,72.84,73.36,72.78,24489361.9,335270,2025-08-27 09:59:59
2025-08-27 10:00:00,72.87,72.9,72.97,72.67,26476511.0,363670,2025-08-27 10:09:59
2025-08-27 10:10:00,72.9,73.4,73.45,72.88,26687543.799999993,364430,2025-08-27 10:19:59
2025-08-27 10:20:00,73.39,73.84,73.89,73.36,29179931.499999993,396080,2025-08-27 10:29:59
2025-08-27 10:30:00,73.86,73.73,73.88,73.7,10792197.300000004,146320,2025-08-27 10:39:59
2025-08-27 10:40:00,73.72,74.02,74.28,73.71,39244216.300000034,530060,2025-08-27 10:49:59
2025-08-27 10:50:00,74.0,74.18,74.18,73.85,14341128.899999999,193820,2025-08-27 10:59:59
2025-08-27 11:00:00,74.19,74.15,74.28,73.97,24727742.499999993,333570,2025-08-27 11:09:59
2025-08-27 11:10:00,74.13,74.02,74.16,73.94,10071423.600000001,136010,2025-08-27 11:19:59
2025-08-27 11:20:00,74.0,74.34,74.38,73.98,44925449.79999999,605170,2025-08-27 11:29:59
2025-08-27 11:30:00,74.38,74.02,74.38,74.01,10805102.900000002,145610,2025-08-27 11:39:59
2025-08-27 11:40:00,74.02,74.06,74.1,74.01,6152052.2,83100,2025-08-27 11:49:59
2025-08-27 11:50:00,74.06,74.05,74.06,74.01,4467259.8,60350,2025-08-27 11:59:59
2025-08-27 12:00:00,74.05,74.1,74.11,74.01,3118159.4000000004,42110,2025-08-27 12:09:59
2025-08-27 12:10:00,74.1,74.06,74.12,74.05,1432712.6,19340,2025-08-27 12:19:59
2025-08-27 12:20:00,74.06,74.07,74.1,74.01,6737544.500000003,91030,2025-08-27 12:29:59
2025-08-27 12:30:00,74.08,74.04,74.08,74.01,4312143.6,58250,2025-08-27 12:39:59
2025-08-27 12:40:00,74.03,74.04,74.04,74.01,2515123.7000000007,33980,2025-08-27 12:49:59
2025-08-27 12:50:00,74.04,73.9,74.05,73.85,9805660.399999999,132630,2025-08-27 12:59:59
2025-08-27 13:00:00,73.9,73.82,73.97,73.77,11338169.000000002,153530,2025-08-27 13:09:59
2025-08-27 13:10:00,73.8,73.83,73.88,73.77,1762332.5000000002,23870,2025-08-27 13:19:59
2025-08-27 13:20:00,73.82,73.83,73.83,73.75,1731059.3,23460,2025-08-27 13:29:59
2025-08-27 13:30:00,73.82,73.84,73.84,73.78,2738008.8000000007,37090,2025-08-27 13:39:59
2025-08-27 13:40:00,73.84,73.91,74.0,73.82,7053312.2,95420,2025-08-27 13:49:59
2025-08-27 13:50:00,73.91,73.92,73.94,73.9,4554753.399999999,61630,2025-08-27 13:59:59
2025-08-27 14:00:00,73.92,73.91,73.93,73.9,873667.8,11820,2025-08-27 14:09:59
2025-08-27 14:10:00,73.91,73.99,74.09,73.9,21114008.899999995,285330,2025-08-27 14:19:59
2025-08-27 14:20:00,73.99,73.84,73.99,73.83,3908465.700000001,52860,2025-08-27 14:29:59
2025-08-27 14:30:00,73.84,73.94,73.94,73.81,3234431.999999999,43790,2025-08-27 14:39:59
2025-08-27 14:40:00,73.94,73.99,74.0,73.87,4726412.999999999,63940,2025-08-27 14:49:59
2025-08-27 14:50:00,74.0,73.9,74.0,73.77,13358198.700000001,180870,2025-08-27 14:59:59
2025-08-27 15:00:00,73.9,73.91,74.0,73.77,9902011.7,134030,2025-08-27 15:09:59
2025-08-27 15:10:00,73.92,73.91,73.96,73.89,3015238.5000000005,40790,2025-08-27 15:19:59
2025-08-27 15:20:00,73.9,73.65,73.99,73.59,14590194.099999994,197900,2025-08-27 15:29:59
2025-08-27 15:30:00,73.66,73.73,73.78,73.63,9731363.399999997,132050,2025-08-27 15:39:59
2025-08-27 15:40:00,73.72,73.7,73.77,73.59,6028186.7,81820,2025-08-27 15:49:59
2025-08-27 15:50:00,73.66,73.68,73.73,73.57,5127640.0,69640,2025-08-27 15:59:59
2025-08-27 16:00:00,73.68,73.61,73.73,73.52,8663423.8,117740,2025-08-27 16:09:59
2025-08-27 16:10:00,73.61,73.55,73.65,73.46,5287597.1,71880,2025-08-27 16:19:59
2025-08-27 16:20:00,73.49,73.51,73.55,73.46,1580966.4999999998,21510,2025-08-27 16:29:59
2025-08-27 16:30:00,73.49,73.51,73.53,73.41,2929825.8000000007,39880,2025-08-27 16:39:59
2025-08-27 16:40:00,73.48,73.59,73.59,73.45,2326106.3000000003,31630,2025-08-27 16:49:59
2025-08-27 16:50:00,73.59,73.81,73.85,73.52,8015633.700000001,108780,2025-08-27 16:59:59
2025-08-27 17:00:00,73.8,73.81,73.86,73.7,7410538.9,100440,2025-08-27 17:09:59
2025-08-27 17:10:00,73.79,73.63,73.84,73.58,1392530.0,18900,2025-08-27 17:19:59
2025-08-27 17:20:00,73.58,73.6,73.65,73.53,3335270.4000000004,45330,2025-08-27 17:29:59
2025-08-27 17:30:00,73.59,73.54,73.62,73.5,1286597.3000000003,17490,2025-08-27 17:39:59
2025-08-27 17:40:00,73.54,73.56,73.62,73.54,1948226.4999999995,26480,2025-08-27 17:49:59
2025-08-27 17:50:00,73.55,73.58,73.59,73.51,740726.5,10070,2025-08-27 17:59:59
2025-08-27 18:00:00,73.56,73.59,73.59,73.5,2306858.6999999997,31370,2025-08-27 18:09:59
2025-08-27 18:10:00,73.58,73.24,73.58,73.24,9523355.799999999,129740,2025-08-27 18:19:59
2025-08-27 18:20:00,73.28,73.36,73.36,73.24,4585729.299999999,62540,2025-08-27 18:29:59
2025-08-27 18:30:00,73.36,73.51,73.51,73.28,2001644.4000000004,27270,2025-08-27 18:39:59
2025-08-27 18:40:00,73.62,73.62,73.62,73.62,1432645.2,19460,2025-08-27 18:49:59
2025-08-27 19:00:00,73.52,73.52,73.57,73.35,974604.7999999998,13260,2025-08-27 19:09:59
2025-08-27 19:10:00,73.49,73.5,73.52,73.39,1367777.0999999999,18620,2025-08-27 19:19:59
2025-08-27 19:20:00,73.5,73.55,73.55,73.45,1912456.5,26020,2025-08-27 19:29:59
2025-08-27 19:30:00,73.58,73.54,73.58,73.49,260336.1,3540,2025-08-27 19:39:59
2025-08-27 19:40:00,73.51,73.53,73.53,73.47,603455.8999999999,8210,2025-08-27 19:49:59
2025-08-27 19:50:00,73.54,73.74,73.75,73.54,3480725.3000000003,47270,2025-08-27 19:59:59
2025-08-27 20:00:00,73.75,73.66,73.79,73.65,958586.8999999999,13000,2025-08-27 20:09:59
2025-08-27 20:10:00,73.67,73.75,73.77,73.67,274986.00000000006,3730,2025-08-27 20:19:59
2025-08-27 20:20:00,73.75,73.8,73.8,73.69,1974663.9,26780,2025-08-27 20:29:59
2025-08-27 20:30:00,73.8,73.78,73.8,73.74,609333.7,8260,2025-08-27 20:39:59
2025-08-27 20:40:00,73.74,73.86,73.86,73.73,5650426.5,76540,2025-08-27 20:49:59
2025-08-27 20:50:00,73.86,73.84,73.92,73.84,1212322.8999999997,16410,2025-08-27 20:59:59
2025-08-27 21:00:00,73.87,73.92,73.93,73.84,872607.2999999999,11810,2025-08-27 21:09:59
2025-08-27 21:10:00,73.93,73.9,74.0,73.86,2448238.0,33110,2025-08-27 21:19:59
2025-08-27 21:20:00,73.93,73.84,73.95,73.84,1153869.4000000001,15610,2025-08-27 21:29:59
2025-08-27 21:30:00,73.84,73.79,73.88,73.76,934156.1000000001,12660,2025-08-27 21:39:59
2025-08-27 21:40:00,73.79,73.77,73.85,73.76,835118.8999999999,11320,2025-08-27 21:49:59
2025-08-27 21:50:00,73.82,73.84,73.84,73.77,265697.6,3600,2025-08-27 21:59:59
2025-08-27 22:00:00,73.8,73.77,73.81,73.7,1454571.1999999997,19720,2025-08-27 22:09:59
2025-08-27 22:10:00,73.74,73.74,73.77,73.7,722135.7000000001,9790,2025-08-27 22:19:59
2025-08-27 22:20:00,73.74,73.72,73.8,73.72,513987.49999999994,6970,2025-08-27 22:29:59
2025-08-27 22:30:00,73.72,73.76,73.77,73.72,18440.4,250,2025-08-27 22:39:59
2025-08-27 22:40:00,73.76,73.74,73.76,73.71,511633.30000000005,6940,2025-08-27 22:49:59
2025-08-27 22:50:00,73.74,73.74,73.74,73.73,75211.1,1020,2025-08-27 22:59:59
2025-08-27 23:00:00,73.73,73.78,73.78,73.72,597317.0,8100,2025-08-27 23:09:59
2025-08-27 23:10:00,73.78,73.88,73.89,73.78,1247596.4,16890,2025-08-27 23:19:59
2025-08-27 23:20:00,73.88,73.87,73.93,73.86,1402591.7999999998,18980,2025-08-27 23:29:59
2025-08-27 23:30:00,73.88,73.93,73.93,73.88,1013696.4999999999,13720,2025-08-27 23:39:59
2025-08-27 23:40:00,73.9,73.99,73.99,73.87,2814125.0999999996,38060,2025-08-27 23:49:59
2025-08-28 07:00:00,73.89,73.99,74.5,73.81,12111529.899999999,163440,2025-08-28 07:09:59
2025-08-28 07:10:00,74.0,73.98,74.09,73.94,1984608.0,26820,2025-08-28 07:19:59
2025-08-28 07:20:00,73.99,74.09,74.09,73.99,1389134.1,18760,2025-08-28 07:29:59
2025-08-28 07:30:00,74.09,74.08,74.16,74.08,1396438.5000000002,18840,2025-08-28 07:39:59
2025-08-28 07:40:00,74.12,74.08,74.2,74.05,1157217.2000000002,15610,2025-08-28 07:49:59
2025-08-28 07:50:00,74.08,74.1,74.1,74.08,74828.70000000001,1010,2025-08-28 07:59:59
2025-08-28 08:00:00,74.09,74.11,74.12,74.09,521595.3,7040,2025-08-28 08:09:59
2025-08-28 08:10:00,74.12,74.13,74.15,74.12,104547.2,1410,2025-08-28 08:19:59
2025-08-28 08:20:00,74.13,74.11,74.13,74.11,83017.4,1120,2025-08-28 08:29:59
2025-08-28 08:30:00,74.11,74.01,74.12,74.01,1717052.1999999997,23180,2025-08-28 08:39:59
2025-08-28 08:40:00,74.03,74.04,74.09,74.0,1846400.7000000002,24940,2025-08-28 08:49:59
2025-08-28 08:50:00,74.07,74.05,74.08,74.02,181441.8,2450,2025-08-28 08:59:59
2025-08-28 09:00:00,74.03,73.9,74.06,73.9,2177286.3,29420,2025-08-28 09:09:59
2025-08-28 09:10:00,73.93,73.94,73.96,73.89,1307298.2,17680,2025-08-28 09:19:59
2025-08-28 09:20:00,73.94,73.93,73.95,73.84,384246.7,5200,2025-08-28 09:29:59
2025-08-28 09:30:00,73.88,73.88,73.93,73.87,234202.69999999998,3170,2025-08-28 09:39:59
2025-08-28 09:40:00,73.88,73.81,73.88,73.81,872839.4999999999,11820,2025-08-28 09:49:59
2025-08-28 09:50:00,73.82,73.7,73.87,73.69,3046847.7,41300,2025-08-28 09:59:59
2025-08-28 10:00:00,73.7,73.68,73.78,73.51,5917920.600000001,80330,2025-08-28 10:09:59
2025-08-28 10:10:00,73.68,73.46,73.7,73.32,12248124.100000001,166650,2025-08-28 10:19:59
2025-08-28 10:20:00,73.45,73.17,73.55,73.1,12017600.500000002,163920,2025-08-28 10:29:59
2025-08-28 10:30:00,73.19,73.21,73.22,73.03,6619327.899999999,90510,2025-08-28 10:39:59
2025-08-28 10:40:00,73.23,73.3,73.38,73.2,5998099.8,81840,2025-08-28 10:49:59
2025-08-28 10:50:00,73.28,73.26,73.45,73.23,4586814.299999999,62550,2025-08-28 10:59:59
2025-08-28 11:00:00,73.29,73.3,73.37,73.29,2141147.1,29200,2025-08-28 11:09:59
2025-08-28 11:10:00,73.3,73.3,73.39,73.29,4812734.300000001,65630,2025-08-28 11:19:59
2025-08-28 11:20:00,73.3,73.08,73.3,72.91,16611676.999999993,227270,2025-08-28 11:29:59
2025-08-28 11:30:00,73.09,73.06,73.15,73.05,6191321.0,84720,2025-08-28 11:39:59
2025-08-28 11:40:00,73.06,73.16,73.16,73.06,3051766.9000000004,41740,2025-08-28 11:49:59
2025-08-28 11:50:00,73.16,72.97,73.16,72.91,4020770.6999999993,55110,2025-08-28 11:59:59
2025-08-28 12:00:00,72.97,73.03,73.05,72.95,2604581.4000000004,35680,2025-08-28 12:09:59
2025-08-28 12:10:00,73.02,73.08,73.11,73.0,5230493.8,71620,2025-08-28 12:19:59
2025-08-28 12:20:00,73.07,73.04,73.09,73.01,2231814.6999999997,30560,2025-08-28 12:29:59
2025-08-28 12:30:00,73.03,72.89,73.05,72.88,5737395.8,78640,2025-08-28 12:39:59
2025-08-28 12:40:00,72.9,72.99,73.0,72.86,5573872.499999999,76430,2025-08-28 12:49:59
2025-08-28 12:50:00,73.0,73.11,73.18,73.0,8490080.3,116190,2025-08-28 12:59:59
2025-08-28 13:00:00,73.11,73.35,73.43,73.07,16318571.9,222620,2025-08-28 13:09:59
2025-08-28 13:10:00,73.35,73.5,73.57,73.32,24642059.2,335270,2025-08-28 13:19:59
2025-08-28 13:20:00,73.5,73.5,73.52,73.5,4055234.6999999997,55170,2025-08-28 13:29:59
2025-08-28 13:30:00,73.5,73.51,73.51,73.5,20052307.5,272820,2025-08-28 13:39:59
2025-08-28 13:40:00,73.5,73.51,73.51,73.5,882015.2,12000,2025-08-28 13:49:59
2025-08-28 13:50:00,73.5,73.3,73.52,73.17,5950548.600000003,81100,2025-08-28 13:59:59
2025-08-28 14:00:00,73.26,73.23,73.3,73.18,2154162.3999999994,29420,2025-08-28 14:09:59
2025-08-28 14:10:00,73.24,73.32,73.35,73.21,1613273.6,22020,2025-08-28 14:19:59
2025-08-28 14:20:00,73.32,73.24,73.33,73.19,1692130.0,23110,2025-08-28 14:29:59
2025-08-28 14:30:00,73.24,73.12,73.25,73.12,3451269.599999999,47160,2025-08-28 14:39:59
2025-08-28 14:40:00,73.16,73.22,73.29,73.16,2968428.3000000003,40530,2025-08-28 14:49:59
2025-08-28 14:50:00,73.23,73.13,73.24,73.07,4467614.3,61090,2025-08-28 14:59:59
2025-08-28 15:00:00,73.13,73.13,73.14,73.04,3800262.8000000003,52000,2025-08-28 15:09:59
2025-08-28 15:10:00,73.14,73.25,73.26,73.12,2770160.0,37850,2025-08-28 15:19:59
2025-08-28 15:20:00,73.24,73.2,73.25,73.14,679300.1999999998,9280,2025-08-28 15:29:59
2025-08-28 15:30:00,73.17,73.24,73.27,73.14,3214048.3000000003,43900,2025-08-28 15:39:59
2025-08-28 15:40:00,73.24,73.39,73.4,73.23,1936571.0000000002,26420,2025-08-28 15:49:59
2025-08-28 15:50:00,73.38,73.33,73.38,73.24,1773407.2999999998,24200,2025-08-28 15:59:59
2025-08-28 16:00:00,73.35,73.5,73.58,73.34,4496662.8,61200,2025-08-28 16:09:59
2025-08-28 16:10:00,73.5,73.46,73.5,73.43,1180732.2999999998,16070,2025-08-28 16:19:59
2025-08-28 16:20:00,73.47,73.75,73.81,73.47,7615859.999999997,103320,2025-08-28 16:29:59
2025-08-28 16:30:00,73.76,73.72,73.8,73.72,1091779.2000000002,14800,2025-08-28 16:39:59
2025-08-28 16:40:00,73.73,73.34,73.75,73.31,7727009.700000001,105200,2025-08-28 16:49:59
2025-08-28 16:50:00,73.32,73.35,73.45,73.28,1250881.5,17050,2025-08-28 16:59:59
2025-08-28 17:00:00,73.36,73.45,73.47,73.34,566687.3999999999,7720,2025-08-28 17:09:59
2025-08-28 17:10:00,73.44,73.42,73.51,73.38,1404782.0,19130,2025-08-28 17:19:59
2025-08-28 17:20:00,73.42,73.41,73.47,73.35,660528.6000000002,9000,2025-08-28 17:29:59
2025-08-28 17:30:00,73.36,73.33,73.51,73.33,6593739.8,89860,2025-08-28 17:39:59
2025-08-28 17:40:00,73.32,73.33,73.33,73.27,1489551.0999999996,20320,2025-08-28 17:49:59
2025-08-28 17:50:00,73.33,73.24,73.33,73.21,5013056.7,68400,2025-08-28 17:59:59
2025-08-28 18:00:00,73.24,73.41,73.58,73.24,3048690.0000000005,41490,2025-08-28 18:09:59
2025-08-28 18:10:00,73.41,73.45,73.6,73.4,5446315.8,74110,2025-08-28 18:19:59
2025-08-28 18:20:00,73.48,73.4,73.5,73.4,3616472.5,49230,2025-08-28 18:29:59
2025-08-28 18:30:00,73.4,73.32,73.49,73.31,3088991.9,42100,2025-08-28 18:39:59
2025-08-28 18:40:00,73.25,73.25,73.25,73.25,78377.5,1070,2025-08-28 18:49:09
2025-08-28 19:00:00,73.29,73.31,73.39,73.24,1515117.7000000002,20670,2025-08-28 19:09:59
2025-08-28 19:10:00,73.31,73.34,73.37,73.3,596761.8,8140,2025-08-28 19:19:59
2025-08-28 19:20:00,73.31,73.24,73.34,73.24,986651.1,13460,2025-08-28 19:29:59
2025-08-28 19:30:00,73.29,73.29,73.3,73.22,1456756.9,19880,2025-08-28 19:39:59
2025-08-28 19:40:00,73.29,73.26,73.3,73.26,174394.3,2380,2025-08-28 19:49:59
2025-08-28 19:50:00,73.26,73.18,73.3,73.18,1341030.6,18310,2025-08-28 19:59:59
2025-08-28 20:00:00,73.18,73.0,73.21,73.0,2418146.7,33100,2025-08-28 20:09:59
2025-08-28 20:10:00,73.0,72.69,73.0,72.5,20182270.9,277710,2025-08-28 20:19:59
2025-08-28 20:20:00,72.69,72.66,73.1,72.55,17638574.2,242330,2025-08-28 20:29:59
2025-08-28 20:30:00,72.65,72.24,72.65,72.23,12351376.1,170540,2025-08-28 20:39:59
2025-08-28 20:40:00,72.29,72.39,72.5,72.2,15902448.000000002,219970,2025-08-28 20:49:59
2025-08-28 20:50:00,72.38,72.62,72.62,72.3,3111861.399999999,42950,2025-08-28 20:59:59
2025-08-28 21:00:00,72.56,72.53,72.68,72.48,3326024.9000000004,45820,2025-08-28 21:09:59
2025-08-28 21:10:00,72.53,72.45,72.53,72.45,677106.5999999999,9340,2025-08-28 21:19:59
2025-08-28 21:20:00,72.48,72.58,72.58,72.45,1335094.3,18410,2025-08-28 21:29:59
2025-08-28 21:30:00,72.52,72.69,72.69,72.52,2509137.1,34560,2025-08-28 21:39:59
2025-08-28 21:40:00,72.7,72.7,72.82,72.69,1497661.8,20590,2025-08-28 21:49:59
2025-08-28 21:50:00,72.69,72.72,72.77,72.67,736299.7999999998,10130,2025-08-28 21:59:05
2025-08-28 22:00:00,72.7,72.55,72.7,72.55,886392.6,12210,2025-08-28 22:09:59
2025-08-28 22:10:00,72.53,72.46,72.57,72.46,887306.3,12240,2025-08-28 22:19:59
2025-08-28 22:20:00,72.46,72.53,72.53,72.45,1211556.6999999997,16720,2025-08-28 22:29:59
2025-08-28 22:30:00,72.47,72.41,72.53,72.41,1711217.2000000002,23610,2025-08-28 22:39:59
2025-08-28 22:40:00,72.41,72.46,72.49,72.41,164489.0,2270,2025-08-28 22:49:59
2025-08-28 22:50:00,72.48,72.49,72.57,72.48,2724619.5,37570,2025-08-28 22:59:59
2025-08-28 23:00:00,72.49,72.54,72.65,72.49,1674202.7000000002,23070,2025-08-28 23:09:59
2025-08-28 23:10:00,72.54,72.5,72.54,72.47,646658.3,8920,2025-08-28 23:19:59
2025-08-28 23:20:00,72.5,72.55,72.55,72.46,1264906.6,17450,2025-08-28 23:29:59
2025-08-28 23:30:00,72.55,72.55,72.6,72.51,1076063.7,14830,2025-08-28 23:39:59
2025-08-28 23:40:00,72.55,72.53,72.69,72.53,2606837.3,35910,2025-08-28 23:49:59
2025-08-29 06:50:00,72.11,72.11,72.11,72.11,2740901.0999999996,38010,2025-08-29 06:59:59
2025-08-29 07:00:00,72.17,72.69,72.81,72.11,12219085.0,168340,2025-08-29 07:09:59
2025-08-29 07:10:00,72.74,72.58,72.74,72.55,1930360.9,26590,2025-08-29 07:19:59
2025-08-29 07:20:00,72.64,72.55,72.64,72.55,1790279.2,24660,2025-08-29 07:29:59
2025-08-29 07:30:00,72.55,72.46,72.55,72.46,639692.2000000001,8820,2025-08-29 07:39:59
2025-08-29 07:40:00,72.46,72.48,72.48,72.43,673776.7000000001,9300,2025-08-29 07:49:59
2025-08-29 07:50:00,72.48,72.51,72.51,72.48,321864.7,4440,2025-08-29 07:59:01
2025-08-29 08:00:00,72.49,72.49,72.49,72.48,164532.80000000002,2270,2025-08-29 08:09:59
2025-08-29 08:10:00,72.5,72.5,72.51,72.46,495826.5000000001,6840,2025-08-29 08:19:59
2025-08-29 08:20:00,72.5,72.5,72.5,72.49,187047.9,2580,2025-08-29 08:29:59
2025-08-29 08:30:00,72.49,72.55,72.55,72.47,740330.8999999999,10210,2025-08-29 08:39:59
2025-08-29 08:40:00,72.55,72.55,72.63,72.52,972527.4999999999,13400,2025-08-29 08:49:59
2025-08-29 08:50:00,72.55,72.54,72.56,72.54,29747.0,410,2025-08-29 08:59:59
2025-08-29 09:00:00,72.54,72.65,72.66,72.5,453740.3,6250,2025-08-29 09:09:59
2025-08-29 09:10:00,72.64,72.64,72.68,72.45,6270361.100000001,86460,2025-08-29 09:19:59
2025-08-29 09:20:00,72.64,72.59,72.67,72.56,1358054.8999999997,18700,2025-08-29 09:29:59
2025-08-29 09:30:00,72.62,72.62,72.64,72.54,1247812.8999999997,17190,2025-08-29 09:39:59
2025-08-29 09:40:00,72.62,72.6,72.62,72.55,373909.2,5150,2025-08-29 09:49:59
2025-08-29 09:50:00,72.59,72.47,72.59,72.45,2352057.5000000005,32450,2025-08-29 09:59:59
2025-08-29 10:00:00,72.53,72.57,72.62,72.45,2711390.1,37380,2025-08-29 10:09:59
2025-08-29 10:10:00,72.54,72.51,72.54,72.43,1855864.5,25610,2025-08-29 10:19:59
2025-08-29 10:20:00,72.45,72.57,72.59,72.41,1096384.1,15120,2025-08-29 10:29:59
2025-08-29 10:30:00,72.56,72.66,72.66,72.49,1594903.0,21970,2025-08-29 10:39:59
2025-08-29 10:40:00,72.66,72.64,72.66,72.51,1177533.9000000001,16220,2025-08-29 10:49:59
2025-08-29 10:50:00,72.64,73.13,73.23,72.64,15982062.199999997,218900,2025-08-29 10:59:59
2025-08-29 11:00:00,73.12,73.12,73.3,73.07,3985354.1999999983,54420,2025-08-29 11:09:59
2025-08-29 11:10:00,73.1,73.1,73.21,73.07,1459460.1,19960,2025-08-29 11:19:59
2025-08-29 11:20:00,73.1,72.93,73.13,72.92,18884141.9,258670,2025-08-29 11:29:59
2025-08-29 11:30:00,72.92,72.93,72.97,72.88,1246120.8,17090,2025-08-29 11:39:59
2025-08-29 11:40:00,72.93,73.0,73.03,72.89,1125231.7000000002,15420,2025-08-29 11:49:59
2025-08-29 11:50:00,73.0,72.97,73.01,72.86,1394355.5,19120,2025-08-29 11:59:59
2025-08-29 12:00:00,72.96,73.08,73.08,72.85,2816743.6,38620,2025-08-29 12:09:59
2025-08-29 12:10:00,73.07,72.8,73.09,72.72,4484605.7,61520,2025-08-29 12:19:59
2025-08-29 12:20:00,72.8,72.7,72.8,72.67,783854.7,10780,2025-08-29 12:29:59
2025-08-29 12:30:00,72.71,72.61,72.76,72.58,2993907.1999999993,41210,2025-08-29 12:39:59
2025-08-29 12:40:00,72.59,72.39,72.61,72.34,6625660.199999999,91460,2025-08-29 12:49:59
2025-08-29 12:50:00,72.38,72.35,72.52,72.35,3902646.4,53870,2025-08-29 12:59:59
2025-08-29 13:00:00,72.38,72.29,72.46,72.23,9079088.0,125460,2025-08-29 13:09:59
2025-08-29 13:10:00,72.27,72.26,72.48,72.22,7503364.699999999,103740,2025-08-29 13:19:59
2025-08-29 13:20:00,72.26,72.27,72.4,72.26,2234914.5999999996,30900,2025-08-29 13:29:59
2025-08-29 13:30:00,72.27,72.22,72.38,72.13,5816647.4,80500,2025-08-29 13:39:59
2025-08-29 13:40:00,72.21,71.87,72.22,71.84,11755608.699999994,163230,2025-08-29 13:49:59
2025-08-29 13:50:00,71.88,71.98,72.07,71.8,4719352.900000002,65640,2025-08-29 13:59:59
2025-08-29 14:00:00,71.98,72.0,72.08,71.96,2086325.9,28970,2025-08-29 14:09:59
2025-08-29 14:10:00,72.03,71.85,72.22,71.85,8115694.599999999,112660,2025-08-29 14:19:59
2025-08-29 14:20:00,71.89,71.86,71.94,71.68,7153131.899999999,99620,2025-08-29 14:29:59
2025-08-29 14:30:00,71.84,71.7,71.84,71.61,5710057.3,79640,2025-08-29 14:39:59
2025-08-29 14:40:00,71.73,71.75,71.75,71.64,2293211.9,31990,2025-08-29 14:49:59
2025-08-29 14:50:00,71.75,71.79,71.85,71.75,1395659.6,19440,2025-08-29 14:59:59
2025-08-29 15:00:00,71.76,71.82,71.85,71.73,2863593.2000000007,39900,2025-08-29 15:09:59
2025-08-29 15:10:00,71.79,71.74,71.8,71.72,1320723.0000000002,18400,2025-08-29 15:19:59
2025-08-29 15:20:00,71.73,71.8,71.83,71.73,1773105.8,24700,2025-08-29 15:29:59
2025-08-29 15:30:00,71.78,71.83,71.85,71.75,2381917.0,33170,2025-08-29 15:39:59
2025-08-29 15:40:00,71.84,72.0,72.08,71.83,3748641.3999999994,52100,2025-08-29 15:49:59
2025-08-29 15:50:00,72.0,72.13,72.13,71.94,1198943.4,16640,2025-08-29 15:59:59
2025-08-29 16:00:00,72.11,72.07,72.13,72.01,1457774.6,20220,2025-08-29 16:09:59
2025-08-29 16:10:00,72.07,72.0,72.12,72.0,856143.3999999999,11880,2025-08-29 16:19:59
2025-08-29 16:20:00,72.02,72.07,72.1,71.98,443705.2,6160,2025-08-29 16:29:59
2025-08-29 16:30:00,72.07,71.98,72.1,71.97,579934.9,8050,2025-08-29 16:39:59
2025-08-29 16:40:00,71.96,71.98,71.98,71.92,1828251.2999999998,25410,2025-08-29 16:49:59
2025-08-29 16:50:00,71.98,71.92,72.0,71.83,2348561.5999999996,32670,2025-08-29 16:59:59
2025-08-29 17:00:00,71.93,72.05,72.18,71.93,3817832.9000000004,52960,2025-08-29 17:09:59
2025-08-29 17:10:00,72.04,72.07,72.15,71.85,4369390.4,60680,2025-08-29 17:19:59
2025-08-29 17:20:00,72.06,71.83,72.08,71.81,3333953.9999999995,46360,2025-08-29 17:29:59
2025-08-29 17:30:00,71.83,71.91,71.94,71.81,697864.8000000003,9710,2025-08-29 17:39:59
2025-08-29 17:40:00,71.87,71.94,71.95,71.87,941440.4,13090,2025-08-29 17:49:59
2025-08-29 17:50:00,71.95,71.95,72.05,71.9,2116396.5,29410,2025-08-29 17:59:59
2025-08-29 18:00:00,71.96,72.1,72.15,71.96,5774237.799999999,80140,2025-08-29 18:09:59
2025-08-29 18:10:00,72.08,72.13,72.13,72.03,658117.6,9130,2025-08-29 18:19:59
2025-08-29 18:20:00,72.13,72.04,72.14,72.02,1345705.6,18670,2025-08-29 18:29:59
2025-08-29 18:30:00,72.04,72.11,72.11,71.99,563244.2000000001,7820,2025-08-29 18:39:59
2025-08-29 18:40:00,72.14,72.14,72.14,72.14,946476.8,13120,2025-08-29 18:49:59
2025-08-29 19:00:00,72.07,72.04,72.1,71.97,466567.1,6480,2025-08-29 19:09:59
2025-08-29 19:10:00,71.99,71.93,72.0,71.85,4212542.1,58580,2025-08-29 19:19:59
2025-08-29 19:20:00,71.96,71.87,72.0,71.87,904237.5,12570,2025-08-29 19:29:59
2025-08-29 19:30:00,71.92,71.95,71.95,71.88,268964.69999999995,3740,2025-08-29 19:39:59
2025-08-29 19:40:00,71.94,71.92,71.95,71.89,275468.1,3830,2025-08-29 19:49:59
2025-08-29 19:50:00,71.94,71.89,71.98,71.89,1420393.6,19750,2025-08-29 19:59:59
2025-08-29 20:00:00,71.88,71.88,71.94,71.88,33786.4,470,2025-08-29 20:09:59
2025-08-29 20:10:00,71.92,71.97,71.97,71.88,142440.90000000002,1980,2025-08-29 20:19:59
2025-08-29 20:20:00,71.92,71.99,72.01,71.88,625943.8,8700,2025-08-29 20:29:59
2025-08-29 20:30:00,71.99,71.97,72.09,71.97,835449.6999999998,11600,2025-08-29 20:39:59
2025-08-29 20:40:00,71.98,71.99,72.0,71.97,300878.5,4180,2025-08-29 20:49:59
2025-08-29 20:50:00,72.0,72.01,72.03,71.99,41771.7,580,2025-08-29 20:59:59
2025-08-29 21:00:00,72.03,72.2,72.2,72.0,3668643.9000000004,50850,2025-08-29 21:09:59
2025-08-29 21:10:00,72.2,72.13,72.21,72.06,836159.8,11590,2025-08-29 21:19:59
2025-08-29 21:20:00,72.09,72.13,72.19,72.09,759220.1,10520,2025-08-29 21:29:59
2025-08-29 21:30:00,72.16,72.14,72.16,72.12,137041.1,1900,2025-08-29 21:39:59
2025-08-29 21:40:00,72.13,72.1,72.14,72.09,659007.9,9140,2025-08-29 21:49:59
2025-08-29 21:50:00,72.09,72.07,72.09,72.06,285399.1,3960,2025-08-29 21:59:59
2025-08-29 22:00:00,72.07,72.15,72.15,72.05,338185.8,4690,2025-08-29 22:09:59
2025-08-29 22:10:00,72.09,72.05,72.14,72.0,1674677.2,23250,2025-08-29 22:19:59
2025-08-29 22:20:00,72.04,72.12,72.12,72.04,785635.6,10900,2025-08-29 22:29:59
2025-08-29 22:30:00,72.13,72.13,72.13,72.07,263081.5,3650,2025-08-29 22:39:59
2025-08-29 22:40:00,72.13,72.09,72.13,72.05,493699.8,6850,2025-08-29 22:49:59
2025-08-29 22:50:00,72.02,72.09,72.09,72.02,85785.4,1190,2025-08-29 22:56:04
2025-08-29 23:00:00,72.06,72.12,72.12,72.06,725187.1000000001,10060,2025-08-29 23:09:59
2025-08-29 23:10:00,72.12,72.11,72.16,72.06,652773.1000000001,9050,2025-08-29 23:19:59
2025-08-29 23:20:00,72.15,72.13,72.2,72.13,656054.9,9090,2025-08-29 23:29:59
2025-08-29 23:30:00,72.16,72.16,72.16,72.1,87992.1,1220,2025-08-29 23:39:59
2025-08-29 23:40:00,72.1,72.16,72.16,72.1,787161.3999999999,10910,2025-08-29 23:49:59
2025-08-30 09:50:00,72.0,72.0,72.0,72.0,44640.0,620,2025-08-30 09:59:59
2025-08-30 10:00:00,72.05,72.1,72.16,72.01,210307.3,2920,2025-08-30 10:09:59
2025-08-30 10:10:00,72.1,72.09,72.1,72.02,265896.6,3690,2025-08-30 10:19:59
2025-08-30 10:20:00,72.07,72.05,72.07,72.01,9363.5,130,2025-08-30 10:29:59
2025-08-30 10:30:00,72.05,72.06,72.06,72.04,27382.399999999998,380,2025-08-30 10:39:59
2025-08-30 10:40:00,72.02,71.92,72.05,71.92,245429.0,3410,2025-08-30 10:49:59
2025-08-30 10:50:00,72.05,71.93,72.05,71.93,5038.9,70,2025-08-30 10:59:59
2025-08-30 11:00:00,72.02,71.95,72.02,71.92,87784.0,1220,2025-08-30 11:09:59
2025-08-30 11:10:00,71.94,71.94,71.95,71.92,269735.7,3750,2025-08-30 11:19:59
2025-08-30 11:20:00,71.93,71.94,71.94,71.93,128758.30000000002,1790,2025-08-30 11:29:59
2025-08-30 11:30:00,71.94,71.92,71.94,71.92,54661.20000000001,760,2025-08-30 11:39:59
2025-08-30 11:40:00,71.94,71.99,71.99,71.94,53239.00000000001,740,2025-08-30 11:49:59
2025-08-30 11:50:00,72.0,71.95,72.03,71.95,47522.9,660,2025-08-30 11:59:01
2025-08-30 12:00:00,71.95,71.94,72.06,71.94,162624.40000000002,2260,2025-08-30 12:09:59
2025-08-30 12:10:00,71.97,71.96,71.97,71.94,174097.4,2420,2025-08-30 12:19:59
2025-08-30 12:20:00,71.96,71.99,72.0,71.94,67656.5,940,2025-08-30 12:29:59
2025-08-30 12:30:00,71.95,71.94,71.99,71.92,1065565.3,14810,2025-08-30 12:39:59
2025-08-30 12:40:00,71.92,71.91,71.99,71.91,179850.19999999998,2500,2025-08-30 12:49:59
2025-08-30 12:50:00,71.91,71.89,71.93,71.89,478830.7,6660,2025-08-30 12:59:59
2025-08-30 13:00:00,71.89,71.94,71.94,71.88,862624.4,12000,2025-08-30 13:09:59
2025-08-30 13:10:00,71.94,71.89,71.98,71.89,128063.7,1780,2025-08-30 13:19:59
2025-08-30 13:20:00,71.89,71.98,71.98,71.89,20153.5,280,2025-08-30 13:29:59
2025-08-30 13:30:00,71.91,71.91,71.98,71.91,9349.7,130,2025-08-30 13:39:59
2025-08-30 13:40:00,71.97,71.89,71.97,71.89,70456.3,980,2025-08-30 13:49:59
2025-08-30 13:50:00,71.92,71.94,71.98,71.92,33828.3,470,2025-08-30 13:58:01
2025-08-30 14:00:00,71.93,71.98,71.98,71.93,29499.800000000003,410,2025-08-30 14:09:59
2025-08-30 14:10:00,71.94,71.97,71.97,71.94,14388.800000000001,200,2025-08-30 14:19:59
2025-08-30 14:20:00,71.97,71.98,71.99,71.95,26623.999999999996,370,2025-08-30 14:29:59
2025-08-30 14:30:00,71.95,71.96,71.98,71.95,48927.4,680,2025-08-30 14:39:59
2025-08-30 14:40:00,71.98,71.98,71.98,71.95,28780.999999999996,400,2025-08-30 14:49:59
2025-08-30 14:50:00,71.95,71.98,71.98,71.95,182105.5,2530,2025-08-30 14:59:59
2025-08-30 15:00:00,71.99,71.98,71.99,71.98,46789.3,650,2025-08-30 15:09:59
2025-08-30 15:10:00,71.99,71.99,72.0,71.98,71270.4,990,2025-08-30 15:19:59
2025-08-30 15:20:00,72.0,71.98,72.0,71.98,69117.9,960,2025-08-30 15:29:59
2025-08-30 15:30:00,71.98,71.99,71.99,71.98,773065.7999999999,10740,2025-08-30 15:39:59
2025-08-30 15:40:00,72.0,72.0,72.0,72.0,720.0,10,2025-08-30 15:49:59
2025-08-30 15:50:00,71.99,71.99,72.0,71.99,28076.3,390,2025-08-30 15:59:59
2025-08-30 16:00:00,72.0,72.0,72.0,71.99,72719.1,1010,2025-08-30 16:09:59
2025-08-30 16:10:00,72.0,72.0,72.0,71.99,12958.8,180,2025-08-30 16:19:59
2025-08-30 16:20:00,72.0,71.99,72.0,71.99,57595.8,800,2025-08-30 16:29:59
2025-08-30 16:30:00,72.0,72.0,72.0,71.99,10799.6,150,2025-08-30 16:39:59
2025-08-30 16:40:00,72.0,71.98,72.0,71.98,14397.999999999998,200,2025-08-30 16:49:59
2025-08-30 16:50:00,72.0,72.0,72.0,71.98,2879.8,40,2025-08-30 16:54:02
2025-08-30 17:00:00,72.0,72.0,72.0,71.98,23758.2,330,2025-08-30 17:09:59
2025-08-30 17:10:00,72.0,72.0,72.0,72.0,77760.0,1080,2025-08-30 17:19:59
2025-08-30 17:20:00,71.98,71.98,72.0,71.98,77739.40000000001,1080,2025-08-30 17:29:59
2025-08-30 17:30:00,72.0,72.0,72.0,71.98,112319.4,1560,2025-08-30 17:39:59
2025-08-30 17:40:00,71.98,72.0,72.0,71.98,12239.0,170,2025-08-30 17:49:59
2025-08-30 17:50:00,72.0,72.0,72.0,71.98,182873.4,2540,2025-08-30 17:59:59
2025-08-30 18:00:00,71.98,71.98,71.99,71.98,84217.3,1170,2025-08-30 18:09:59
2025-08-30 18:10:00,71.98,71.98,71.99,71.98,63342.5,880,2025-08-30 18:19:59
2025-08-30 18:20:00,71.98,71.99,71.99,71.98,81337.59999999999,1130,2025-08-30 18:29:59
2025-08-30 18:30:00,71.98,71.99,72.0,71.98,200119.9,2780,2025-08-30 18:39:59
2025-08-30 18:40:00,71.99,72.0,72.0,71.99,50394.200000000004,700,2025-08-30 18:49:59
2025-08-30 18:50:00,72.0,72.0,72.0,71.99,351352.8,4880,2025-08-30 18:59:59
2025-08-31 09:50:00,72.0,72.0,72.0,72.0,20880.0,290,2025-08-31 09:59:59
2025-08-31 10:00:00,72.0,72.12,72.16,71.98,373811.1,5190,2025-08-31 10:09:59
2025-08-31 10:10:00,72.12,72.06,72.12,72.05,25956.0,360,2025-08-31 10:19:59
2025-08-31 10:20:00,72.12,72.12,72.12,72.12,41108.399999999994,570,2025-08-31 10:29:59
2025-08-31 10:30:00,72.12,72.1,72.12,72.1,119687.2,1660,2025-08-31 10:39:59
2025-08-31 10:40:00,72.1,72.18,72.18,72.1,49786.0,690,2025-08-31 10:49:59
2025-08-31 10:50:00,72.12,72.05,72.16,72.05,171577.0,2380,2025-08-31 10:59:59
2025-08-31 11:00:00,72.07,72.07,72.15,72.07,38216.8,530,2025-08-31 11:09:59
2025-08-31 11:10:00,72.09,72.17,72.19,72.09,85169.7,1180,2025-08-31 11:19:59
2025-08-31 11:20:00,72.17,72.18,72.19,72.17,85889.6,1190,2025-08-31 11:29:59
2025-08-31 11:30:00,72.19,72.19,72.19,72.08,42583.9,590,2025-08-31 11:39:59
2025-08-31 11:40:00,72.19,72.2,72.2,72.16,156649.5,2170,2025-08-31 11:49:59
2025-08-31 11:50:00,72.19,72.21,72.21,72.1,490951.79999999993,6800,2025-08-31 11:59:59
2025-08-31 12:00:00,72.21,72.22,72.22,72.2,528620.0,7320,2025-08-31 12:09:59
2025-08-31 12:10:00,72.22,72.25,72.28,72.2,517133.4,7160,2025-08-31 12:19:59
2025-08-31 12:20:00,72.25,72.25,72.37,72.25,397095.8,5490,2025-08-31 12:29:59
2025-08-31 12:30:00,72.35,72.35,72.36,72.35,95505.4,1320,2025-08-31 12:39:59
2025-08-31 12:40:00,72.36,72.27,72.4,72.26,880553.6000000001,12170,2025-08-31 12:49:59
2025-08-31 12:50:00,72.36,72.36,72.36,72.26,70184.2,970,2025-08-31 12:59:59
2025-08-31 13:00:00,72.25,72.33,72.33,72.25,138867.2,1920,2025-08-31 13:09:59
2025-08-31 13:10:00,72.33,72.32,72.33,72.25,52035.0,720,2025-08-31 13:19:59
2025-08-31 13:20:00,72.32,72.25,72.32,72.25,29648.4,410,2025-08-31 13:29:59
2025-08-31 13:30:00,72.25,72.25,72.25,72.25,21675.0,300,2025-08-31 13:39:59
2025-08-31 13:40:00,72.25,72.23,72.25,72.21,61380.50000000001,850,2025-08-31 13:49:59
2025-08-31 13:50:00,72.23,72.2,72.23,72.2,943680.8999999999,13070,2025-08-31 13:59:59
2025-08-31 14:00:00,72.2,72.2,72.2,72.16,7941.6,110,2025-08-31 14:09:59
2025-08-31 14:10:00,72.12,72.2,72.2,72.11,55547.5,770,2025-08-31 14:19:59
2025-08-31 14:20:00,72.09,72.17,72.19,72.09,18751.8,260,2025-08-31 14:29:59
2025-08-31 14:30:00,72.18,72.19,72.19,72.15,356500.2,4940,2025-08-31 14:39:59
2025-08-31 14:40:00,72.2,72.2,72.2,72.18,194939.8,2700,2025-08-31 14:49:59
2025-08-31 14:50:00,72.24,72.24,72.24,72.24,722.4,10,2025-08-31 14:56:02
2025-08-31 15:00:00,72.24,72.18,72.24,72.18,8662.2,120,2025-08-31 15:09:59
2025-08-31 15:10:00,72.2,72.2,72.25,72.19,40453.9,560,2025-08-31 15:19:59
2025-08-31 15:20:00,72.2,72.2,72.36,72.2,495665.5,6860,2025-08-31 15:29:59
2025-08-31 15:30:00,72.2,72.19,72.2,72.19,72190.3,1000,2025-08-31 15:39:59
2025-08-31 15:40:00,72.25,72.28,72.28,72.2,15888.199999999999,220,2025-08-31 15:49:59
2025-08-31 15:50:00,72.28,72.23,72.28,72.22,11561.9,160,2025-08-31 15:59:59
2025-08-31 16:00:00,72.23,72.35,72.39,72.23,211944.6,2930,2025-08-31 16:09:59
2025-08-31 16:10:00,72.35,72.31,72.35,72.25,16625.8,230,2025-08-31 16:19:59
2025-08-31 16:20:00,72.26,72.26,72.27,72.23,57073.600000000006,790,2025-08-31 16:29:59
2025-08-31 16:30:00,72.34,72.31,72.34,72.31,6510.3,90,2025-08-31 16:39:59
2025-08-31 16:40:00,72.31,72.35,72.37,72.31,57874.59999999999,800,2025-08-31 16:49:59
2025-08-31 16:50:00,72.35,72.37,72.37,72.35,11576.2,160,2025-08-31 16:59:01
2025-08-31 17:00:00,72.37,72.35,72.37,72.35,78862.09999999999,1090,2025-08-31 17:09:59
2025-08-31 17:10:00,72.37,72.39,72.39,72.35,306790.8,4240,2025-08-31 17:19:59
2025-08-31 17:20:00,72.37,72.4,72.4,72.37,519099.1,7170,2025-08-31 17:29:59
2025-08-31 17:30:00,72.38,72.45,72.45,72.38,292515.6,4040,2025-08-31 17:39:59
2025-08-31 17:40:00,72.45,72.53,72.53,72.44,1184781.9000000001,16340,2025-08-31 17:49:59
2025-08-31 17:50:00,72.52,72.44,72.53,72.44,788888.9,10880,2025-08-31 17:59:59
2025-08-31 18:00:00,72.5,72.52,72.53,72.49,453848.19999999995,6260,2025-08-31 18:09:59
2025-08-31 18:10:00,72.52,72.53,72.53,72.5,334966.6,4620,2025-08-31 18:19:59
2025-08-31 18:20:00,72.53,72.5,72.53,72.5,261772.7,3610,2025-08-31 18:29:59
2025-08-31 18:30:00,72.51,72.51,72.51,72.5,94250.60000000002,1300,2025-08-31 18:39:59
2025-08-31 18:40:00,72.5,72.51,72.51,72.5,84833.1,1170,2025-08-31 18:49:59
2025-08-31 18:50:00,72.5,72.51,72.51,72.5,29727.100000000002,410,2025-08-31 18:59:06
2025-09-01 06:50:00,72.5,72.5,72.5,72.5,15225.0,210,2025-09-01 06:59:59
2025-09-01 07:00:00,72.51,72.75,72.76,72.5,1628756.7,22420,2025-09-01 07:09:59
2025-09-01 07:10:00,72.73,72.92,72.94,72.66,2475441.1,33980,2025-09-01 07:19:59
2025-09-01 07:20:00,72.92,72.97,72.99,72.78,3307601.3999999994,45380,2025-09-01 07:29:59
2025-09-01 07:30:00,72.97,72.96,73.0,72.9,1235650.5999999999,16940,2025-09-01 07:39:59
2025-09-01 07:40:00,72.92,72.91,72.96,72.91,177204.9,2430,2025-09-01 07:49:59
2025-09-01 07:50:00,72.92,73.17,73.22,72.91,3513869.5,48090,2025-09-01 07:59:59
2025-09-01 08:00:00,73.12,73.34,73.34,73.12,5134466.399999999,70100,2025-09-01 08:09:59
2025-09-01 08:10:00,73.3,73.31,73.32,73.26,1433148.4000000001,19550,2025-09-01 08:19:59
2025-09-01 08:20:00,73.32,73.41,73.49,73.32,6729333.800000001,91650,2025-09-01 08:29:59
2025-09-01 08:30:00,73.45,73.37,73.45,73.32,648420.2999999999,8840,2025-09-01 08:39:59
2025-09-01 08:40:00,73.34,73.34,73.37,73.34,543523.5,7410,2025-09-01 08:49:59
2025-09-01 08:50:00,73.31,73.14,73.31,73.14,1748334.7999999998,23880,2025-09-01 08:59:59
2025-09-01 09:00:00,73.13,72.94,73.13,72.9,3850131.9000000004,52740,2025-09-01 09:09:59
2025-09-01 09:10:00,72.94,72.97,72.97,72.9,1301178.1,17840,2025-09-01 09:19:59
2025-09-01 09:20:00,72.97,72.96,72.97,72.94,491781.3,6740,2025-09-01 09:29:59
2025-09-01 09:30:00,72.97,72.97,72.97,72.91,2003103.4000000001,27460,2025-09-01 09:39:59
2025-09-01 09:40:00,72.97,73.08,73.08,72.92,4362646.600000001,59770,2025-09-01 09:49:59
2025-09-01 09:50:00,73.03,73.02,73.04,72.92,2320315.7,31800,2025-09-01 09:59:59
2025-09-01 10:00:00,73.0,72.97,73.01,72.82,5453362.999999999,74790,2025-09-01 10:09:59
2025-09-01 10:10:00,72.97,72.82,72.97,72.82,821599.1,11270,2025-09-01 10:19:59
2025-09-01 10:20:00,72.82,73.0,73.01,72.72,6477131.0,88890,2025-09-01 10:29:59
2025-09-01 10:30:00,73.0,72.95,73.0,72.89,2155216.1,29540,2025-09-01 10:39:59
2025-09-01 10:40:00,72.94,72.92,72.97,72.89,679790.5000000001,9320,2025-09-01 10:49:59
2025-09-01 10:50:00,72.92,72.96,72.97,72.81,1607729.5,22060,2025-09-01 10:59:59
2025-09-01 11:00:00,72.95,72.9,72.97,72.85,1489169.8,20410,2025-09-01 11:09:59
2025-09-01 11:10:00,72.91,72.86,72.94,72.86,576649.3999999999,7910,2025-09-01 11:19:59
2025-09-01 11:20:00,72.85,72.78,72.89,72.77,1031079.8,14160,2025-09-01 11:29:59
2025-09-01 11:30:00,72.82,72.73,72.92,72.73,2578297.7,35400,2025-09-01 11:39:59
2025-09-01 11:40:00,72.73,72.73,72.73,72.7,698093.6000000001,9600,2025-09-01 11:49:59
2025-09-01 11:50:00,72.73,72.61,72.73,72.59,3792616.1,52200,2025-09-01 11:59:59
2025-09-01 12:00:00,72.62,72.53,72.75,72.49,6916691.399999999,95320,2025-09-01 12:09:59
2025-09-01 12:10:00,72.51,72.45,72.53,72.41,1407460.7,19430,2025-09-01 12:19:59
2025-09-01 12:20:00,72.45,72.27,72.46,72.22,2627001.7,36320,2025-09-01 12:29:59
2025-09-01 12:30:00,72.27,72.26,72.38,72.22,1868507.0999999999,25840,2025-09-01 12:39:59
2025-09-01 12:40:00,72.23,72.2,72.23,72.15,901058.7,12480,2025-09-01 12:49:59
2025-09-01 12:50:00,72.22,72.24,72.26,72.2,928017.1000000001,12850,2025-09-01 12:59:59
2025-09-01 13:00:00,72.24,72.3,72.34,72.18,2746815.5,38020,2025-09-01 13:09:59
2025-09-01 13:10:00,72.28,72.41,72.42,72.27,2060301.0999999996,28480,2025-09-01 13:19:59
2025-09-01 13:20:00,72.41,72.43,72.58,72.4,4745877.999999999,65470,2025-09-01 13:29:59
2025-09-01 13:30:00,72.5,72.54,72.59,72.5,996943.9000000001,13740,2025-09-01 13:39:59
2025-09-01 13:40:00,72.59,72.52,72.6,72.48,1304888.7,17980,2025-09-01 13:49:59
2025-09-01 13:50:00,72.47,72.68,72.74,72.46,4536887.199999999,62450,2025-09-01 13:59:59
2025-09-01 14:00:00,72.66,72.58,72.7,72.58,2328010.5999999996,32040,2025-09-01 14:09:59
2025-09-01 14:10:00,72.58,72.57,72.6,72.54,82744.4,1140,2025-09-01 14:19:59
2025-09-01 14:20:00,72.6,72.52,72.63,72.52,527089.1000000001,7260,2025-09-01 14:29:59
2025-09-01 14:30:00,72.55,72.51,72.55,72.48,874400.5000000001,12060,2025-09-01 14:39:59
2025-09-01 14:40:00,72.51,72.45,72.55,72.44,530558.0,7320,2025-09-01 14:49:59
2025-09-01 14:50:00,72.5,72.49,72.5,72.43,185570.09999999998,2560,2025-09-01 14:59:59
2025-09-01 15:00:00,72.49,72.53,72.55,72.44,1507348.9999999998,20790,2025-09-01 15:09:59
2025-09-01 15:10:00,72.53,72.5,72.53,72.48,546681.5,7540,2025-09-01 15:19:59
2025-09-01 15:20:00,72.49,72.22,72.5,72.22,5610641.10000001,77580,2025-09-01 15:29:59
2025-09-01 15:30:00,72.23,72.35,72.48,72.18,3537135.0,48920,2025-09-01 15:39:59
2025-09-01 15:40:00,72.32,72.45,72.46,72.32,1159591.1000000013,16020,2025-09-01 15:49:59
2025-09-01 15:50:00,72.44,72.44,72.45,72.41,478799.6,6610,2025-09-01 15:59:59
2025-09-01 16:00:00,72.43,72.41,72.44,72.23,3494535.6000000006,48310,2025-09-01 16:09:59
2025-09-01 16:10:00,72.41,72.34,72.43,72.34,1218497.7000000002,16830,2025-09-01 16:19:59
2025-09-01 16:20:00,72.34,72.35,72.4,72.3,739154.1,10220,2025-09-01 16:29:59
2025-09-01 16:30:00,72.35,72.31,72.36,72.29,1719326.7000000002,23780,2025-09-01 16:39:59
2025-09-01 16:40:00,72.29,72.4,72.4,72.24,814234.4999999999,11260,2025-09-01 16:49:59
2025-09-01 16:50:00,72.4,72.17,72.4,72.08,6381575.900000001,88420,2025-09-01 16:59:59
2025-09-01 17:00:00,72.16,72.15,72.16,72.1,269102.0,3730,2025-09-01 17:09:59
2025-09-01 17:10:00,72.15,71.94,72.15,71.87,2582200.7,35870,2025-09-01 17:19:59
2025-09-01 17:20:00,71.99,71.94,71.99,71.85,969902.2,13490,2025-09-01 17:29:59
2025-09-01 17:30:00,71.94,71.91,71.98,71.87,653176.6000000001,9080,2025-09-01 17:39:59
2025-09-01 17:40:00,71.91,71.84,71.91,71.8,1696454.7000000007,23620,2025-09-01 17:49:59
2025-09-01 17:50:00,71.86,71.9,71.94,71.86,318514.00000000006,4430,2025-09-01 17:59:59
2025-09-01 18:00:00,71.9,71.92,71.95,71.88,619223.5,8610,2025-09-01 18:09:59
2025-09-01 18:10:00,71.94,72.1,72.12,71.94,2086732.3000000003,28960,2025-09-01 18:19:59
2025-09-01 18:20:00,72.09,72.09,72.12,72.05,1278712.4,17740,2025-09-01 18:29:59
2025-09-01 18:30:00,72.06,72.11,72.14,72.02,2733524.1999999997,37910,2025-09-01 18:39:59
2025-09-01 18:40:00,72.16,72.16,72.16,72.16,831283.2,11520,2025-09-01 18:49:15
2025-09-01 19:00:00,72.16,72.07,72.16,71.99,422905.5,5870,2025-09-01 19:09:59
2025-09-01 19:10:00,72.1,72.02,72.1,72.01,307687.10000000003,4270,2025-09-01 19:19:59
2025-09-01 19:20:00,72.06,72.02,72.06,71.95,378059.7,5250,2025-09-01 19:29:59
2025-09-01 19:30:00,71.95,72.02,72.02,71.95,52548.100000000006,730,2025-09-01 19:39:59
2025-09-01 19:40:00,72.01,71.89,72.01,71.82,2104853.4,29280,2025-09-01 19:49:59
2025-09-01 19:50:00,71.89,71.9,71.95,71.8,2739732.8,38130,2025-09-01 19:59:59
2025-09-01 20:00:00,71.85,71.82,71.96,71.82,1103313.9000000001,15350,2025-09-01 20:09:59
2025-09-01 20:10:00,71.88,71.88,71.93,71.88,201360.5,2800,2025-09-01 20:19:59
2025-09-01 20:20:00,71.88,71.87,71.95,71.87,458599.6,6380,2025-09-01 20:29:59
2025-09-01 20:30:00,71.88,71.98,71.98,71.88,317306.6,4410,2025-09-01 20:39:59
2025-09-01 20:40:00,71.95,71.98,71.98,71.94,622420.8999999998,8650,2025-09-01 20:49:59
2025-09-01 20:50:00,71.98,72.02,72.11,71.98,1640742.4,22780,2025-09-01 20:59:59
2025-09-01 21:00:00,72.06,72.24,72.3,72.02,2255133.8999999994,31250,2025-09-01 21:09:59
2025-09-01 21:10:00,72.24,72.27,72.28,72.24,179926.80000000002,2490,2025-09-01 21:19:59
2025-09-01 21:20:00,72.28,72.26,72.29,72.26,48427.299999999996,670,2025-09-01 21:29:59
2025-09-01 21:30:00,72.26,72.19,72.27,72.13,542817.7,7520,2025-09-01 21:39:59
2025-09-01 21:40:00,72.19,72.19,72.19,72.14,62782.200000000004,870,2025-09-01 21:49:59
2025-09-01 21:50:00,72.2,72.22,72.23,72.2,76538.09999999999,1060,2025-09-01 21:59:59
2025-09-01 22:00:00,72.24,72.3,72.3,72.2,454616.10000000003,6290,2025-09-01 22:09:59
2025-09-01 22:10:00,72.3,72.35,72.45,72.3,3002329.1000000006,41460,2025-09-01 22:19:59
2025-09-01 22:20:00,72.33,72.3,72.35,72.3,23143.2,320,2025-09-01 22:29:59
2025-09-01 22:30:00,72.31,72.29,72.35,72.29,444659.1,6150,2025-09-01 22:39:59
2025-09-01 22:40:00,72.28,72.34,72.34,72.28,8676.599999999999,120,2025-09-01 22:49:59
2025-09-01 22:50:00,72.34,72.35,72.35,72.3,737951.1,10200,2025-09-01 22:59:59
2025-09-01 23:00:00,72.34,72.35,72.44,72.34,569736.0,7870,2025-09-01 23:09:59
2025-09-01 23:10:00,72.35,72.25,72.35,72.25,1707150.9,23610,2025-09-01 23:19:59
2025-09-01 23:20:00,72.26,72.24,72.26,72.24,445773.5,6170,2025-09-01 23:29:59
2025-09-01 23:30:00,72.25,72.28,72.28,72.15,1308768.7000000002,18120,2025-09-01 23:39:59
2025-09-01 23:40:00,72.27,72.16,72.28,72.16,299701.9,4150,2025-09-01 23:49:05
2025-09-02 06:50:00,71.98,71.98,71.98,71.98,7198.0,100,2025-09-02 06:59:59
2025-09-02 07:00:00,72.16,72.35,72.43,72.16,376100.0,5200,2025-09-02 07:09:59
2025-09-02 07:10:00,72.37,72.36,72.4,72.35,163546.89999999997,2260,2025-09-02 07:19:59
2025-09-02 07:20:00,72.36,72.42,72.43,72.36,238912.99999999997,3300,2025-09-02 07:29:59
2025-09-02 07:30:00,72.43,72.52,72.6,72.42,857279.8,11820,2025-09-02 07:39:59
2025-09-02 07:40:00,72.53,72.57,72.57,72.43,182128.5,2510,2025-09-02 07:49:59
2025-09-02 07:50:00,72.55,72.48,72.55,72.39,583336.6999999998,8050,2025-09-02 07:59:59
2025-09-02 08:00:00,72.42,72.4,72.47,72.4,77494.29999999999,1070,2025-09-02 08:09:59
2025-09-02 08:10:00,72.4,72.22,72.41,72.21,910073.5,12590,2025-09-02 08:19:59
2025-09-02 08:20:00,72.21,72.07,72.21,72.07,1483479.9000000001,20560,2025-09-02 08:29:59
2025-09-02 08:30:00,72.06,72.02,72.1,71.99,1075485.4000000001,14930,2025-09-02 08:39:59
2025-09-02 08:40:00,72.04,71.88,72.04,71.75,4320438.199999999,60120,2025-09-02 08:49:59
2025-09-02 08:50:00,71.88,71.89,71.9,71.84,600224.1,8350,2025-09-02 08:59:59
2025-09-02 09:00:00,71.9,71.75,71.95,71.71,4291698.2,59790,2025-09-02 09:09:59
2025-09-02 09:10:00,71.75,71.69,71.82,71.66,3253879.4999999995,45360,2025-09-02 09:19:59
2025-09-02 09:20:00,71.69,71.46,71.7,71.42,4787419.6,66930,2025-09-02 09:29:59
2025-09-02 09:30:00,71.44,71.54,71.61,71.44,3712184.4999999995,51900,2025-09-02 09:39:59
2025-09-02 09:40:00,71.54,71.59,71.6,71.51,999991.5,13970,2025-09-02 09:49:59
2025-09-02 09:50:00,71.6,71.59,71.61,71.58,2834545.1,39590,2025-09-02 09:59:59
2025-09-02 10:00:00,71.54,71.24,71.56,71.2,9235438.799999999,129440,2025-09-02 10:09:59
2025-09-02 10:10:00,71.27,71.32,71.39,71.21,5529197.1,77550,2025-09-02 10:19:59
2025-09-02 10:20:00,71.34,71.38,71.4,71.21,1145211.7999999998,16060,2025-09-02 10:29:59
2025-09-02 10:30:00,71.36,71.27,71.4,71.25,2272588.6999999997,31860,2025-09-02 10:39:59
2025-09-02 10:40:00,71.3,71.4,71.49,71.27,3107086.0,43520,2025-09-02 10:49:59
2025-09-02 10:50:00,71.38,70.85,71.42,70.81,13315701.699999997,187460,2025-09-02 10:59:59
2025-09-02 11:00:00,70.86,70.96,70.98,70.8,4833290.3,68210,2025-09-02 11:09:59
2025-09-02 11:10:00,70.96,71.06,71.13,70.91,4691015.2,66020,2025-09-02 11:19:59
2025-09-02 11:20:00,71.07,71.02,71.09,71.0,802824.8,11300,2025-09-02 11:29:59
2025-09-02 11:30:00,71.0,70.99,71.03,70.96,941485.0,13260,2025-09-02 11:39:59
2025-09-02 11:40:00,70.96,70.96,71.0,70.95,797649.1,11240,2025-09-02 11:49:59
2025-09-02 11:50:00,70.97,71.03,71.03,70.96,5219262.4,73510,2025-09-02 11:59:59
2025-09-02 12:00:00,71.02,70.95,71.03,70.88,4450454.299999999,62710,2025-09-02 12:09:59
2025-09-02 12:10:00,70.96,71.13,71.15,70.96,6751961.5,95040,2025-09-02 12:19:59
2025-09-02 12:20:00,71.13,71.16,71.16,70.97,1326503.7,18660,2025-09-02 12:29:59
2025-09-02 12:30:00,71.16,71.27,71.29,71.13,2197047.5,30860,2025-09-02 12:39:59
2025-09-02 12:40:00,71.27,71.38,71.38,71.21,1356189.5999999992,19010,2025-09-02 12:49:59
2025-09-02 12:50:00,71.33,71.14,71.37,71.12,5359130.4,75260,2025-09-02 12:59:59
2025-09-02 13:00:00,71.13,71.17,71.17,71.0,2065984.0000000002,29060,2025-09-02 13:09:59
2025-09-02 13:10:00,71.15,71.23,71.23,71.03,2070285.5999999999,29090,2025-09-02 13:19:59
2025-09-02 13:20:00,71.21,71.2,71.25,71.09,881048.0000000001,12380,2025-09-02 13:29:59
2025-09-02 13:30:00,71.2,71.23,71.3,71.16,1304199.7000000002,18310,2025-09-02 13:39:59
2025-09-02 13:40:00,71.23,71.09,71.26,71.08,780080.3999999999,10960,2025-09-02 13:49:59
2025-09-02 13:50:00,71.13,71.11,71.13,71.03,860772.5999999999,12110,2025-09-02 13:59:59
2025-09-02 14:00:00,71.11,71.06,71.14,71.04,2055111.5000000005,28920,2025-09-02 14:09:59
2025-09-02 14:10:00,71.06,71.06,71.1,71.06,922478.0,12980,2025-09-02 14:19:59
2025-09-02 14:20:00,71.06,71.07,71.1,71.03,535126.6000000001,7530,2025-09-02 14:29:59
2025-09-02 14:30:00,71.06,71.16,71.25,71.06,2950451.8,41440,2025-09-02 14:39:59
2025-09-02 14:40:00,71.19,71.07,71.2,71.0,3640979.6,51240,2025-09-02 14:49:59
2025-09-02 14:50:00,71.06,71.07,71.12,71.05,115176.4,1620,2025-09-02 14:59:59
2025-09-02 15:00:00,71.11,71.27,71.37,71.0,3807833.699999999,53490,2025-09-02 15:09:59
2025-09-02 15:10:00,71.25,71.29,71.36,71.2,1726860.5,24220,2025-09-02 15:19:59
2025-09-02 15:20:00,71.3,71.08,71.3,71.04,1879236.1999999997,26420,2025-09-02 15:29:59
2025-09-02 15:30:00,71.12,71.05,71.12,71.0,4439589.899999999,62520,2025-09-02 15:39:59
2025-09-02 15:40:00,71.06,71.05,71.08,71.0,3606661.8,50790,2025-09-02 15:49:59
2025-09-02 15:50:00,71.05,71.01,71.1,70.89,16673535.600000018,234860,2025-09-02 15:59:59
2025-09-02 16:00:00,71.01,70.88,71.04,70.88,3952763.6000000015,55690,2025-09-02 16:09:59
2025-09-02 16:10:00,70.91,70.88,70.99,70.85,4496579.799999999,63420,2025-09-02 16:19:59
2025-09-02 16:20:00,70.9,71.02,71.04,70.88,936051.3999999999,13190,2025-09-02 16:29:59
2025-09-02 16:30:00,71.01,70.94,71.02,70.86,1349566.5,19020,2025-09-02 16:39:59
2025-09-02 16:40:00,70.94,70.97,70.98,70.91,302970.6,4270,2025-09-02 16:49:59
2025-09-02 16:50:00,70.97,70.92,70.97,70.9,642549.7,9060,2025-09-02 16:59:59
2025-09-02 17:00:00,70.95,71.04,71.05,70.91,2139385.4000000004,30130,2025-09-02 17:09:59
2025-09-02 17:10:00,71.02,71.05,71.05,70.98,347998.30000000005,4900,2025-09-02 17:19:59
2025-09-02 17:20:00,71.04,71.1,71.12,71.02,3288468.6999999993,46260,2025-09-02 17:29:59
2025-09-02 17:30:00,71.12,71.07,71.13,71.05,1041430.7999999999,14650,2025-09-02 17:39:59
2025-09-02 17:40:00,71.07,70.95,71.1,70.95,1813365.2,25540,2025-09-02 17:49:59
2025-09-02 17:50:00,70.94,70.89,70.99,70.83,4587366.000000003,64690,2025-09-02 17:59:59
2025-09-02 18:00:00,70.84,70.48,70.86,70.47,19612657.499999996,277490,2025-09-02 18:09:59
2025-09-02 18:10:00,70.48,70.35,70.49,70.3,11354952.499999996,161330,2025-09-02 18:19:59
2025-09-02 18:20:00,70.35,70.1,70.55,70.07,17355229.6,247070,2025-09-02 18:29:59
2025-09-02 18:30:00,70.11,69.74,70.14,69.55,23861888.600000005,341760,2025-09-02 18:39:59
2025-09-02 18:40:00,69.72,69.72,69.72,69.72,324895.2,4660,2025-09-02 18:48:09
2025-09-02 19:00:00,69.83,70.03,70.03,69.73,2160199.5,30910,2025-09-02 19:09:59
2025-09-02 19:10:00,70.03,70.07,70.14,69.89,4544830.0,64880,2025-09-02 19:19:59
2025-09-02 19:20:00,70.09,70.09,70.09,70.01,964043.6999999998,13760,2025-09-02 19:29:59
2025-09-02 19:30:00,70.09,70.02,70.13,70.02,1320804.4999999998,18850,2025-09-02 19:39:59
2025-09-02 19:40:00,70.08,70.1,70.13,70.03,2266647.6999999997,32330,2025-09-02 19:49:59
2025-09-02 19:50:00,70.09,70.09,70.12,70.03,999042.4,14260,2025-09-02 19:59:05
2025-09-02 20:00:00,70.09,70.12,70.13,70.09,131835.4,1880,2025-09-02 20:09:59
2025-09-02 20:10:00,70.12,70.11,70.12,70.11,60299.899999999994,860,2025-09-02 20:19:59
2025-09-02 20:20:00,70.12,70.1,70.12,70.1,1275236.5,18190,2025-09-02 20:29:59
2025-09-02 20:30:00,70.1,70.11,70.11,70.05,1534328.5,21890,2025-09-02 20:39:59
2025-09-02 20:40:00,70.12,69.87,70.12,69.82,3415675.3000000003,48820,2025-09-02 20:49:59
2025-09-02 20:50:00,69.86,69.85,69.87,69.78,1007729.3,14430,2025-09-02 20:59:59
2025-09-02 21:00:00,69.85,69.92,69.92,69.82,697914.4,9990,2025-09-02 21:09:59
2025-09-02 21:10:00,69.94,69.94,69.94,69.86,1310413.5999999999,18750,2025-09-02 21:19:59
2025-09-02 21:20:00,69.89,69.88,69.94,69.88,506164.5,7240,2025-09-02 21:29:59
2025-09-02 21:30:00,69.89,70.0,70.08,69.89,2834578.099999999,40500,2025-09-02 21:39:59
2025-09-02 21:40:00,70.0,70.12,70.12,69.95,2318128.2,33130,2025-09-02 21:49:59
2025-09-02 21:50:00,70.12,70.28,70.31,70.11,5989396.7,85370,2025-09-02 21:59:59
2025-09-02 22:00:00,70.26,70.62,70.63,70.15,26259499.8,372310,2025-09-02 22:09:59
2025-09-02 22:10:00,70.62,70.69,70.79,70.58,7332612.3,103730,2025-09-02 22:19:59
2025-09-02 22:20:00,70.73,70.66,70.73,70.58,1480451.5999999999,20960,2025-09-02 22:29:59
2025-09-02 22:30:00,70.67,70.68,70.7,70.64,752755.5,10650,2025-09-02 22:39:59
2025-09-02 22:40:00,70.68,70.66,70.72,70.64,544928.0,7710,2025-09-02 22:49:59
2025-09-02 22:50:00,70.66,70.59,70.66,70.59,423019.20000000007,5990,2025-09-02 22:59:05
2025-09-02 23:00:00,70.59,70.61,70.65,70.58,128547.6,1820,2025-09-02 23:09:59
2025-09-02 23:10:00,70.65,70.6,70.65,70.58,970929.7000000001,13750,2025-09-02 23:19:59
2025-09-02 23:20:00,70.6,70.56,70.6,70.55,1163018.7,16480,2025-09-02 23:29:59
2025-09-02 23:30:00,70.56,70.66,70.73,70.56,1428654.2,20220,2025-09-02 23:39:59
2025-09-02 23:40:00,70.7,70.78,70.78,70.59,787640.5999999999,11140,2025-09-02 23:49:59
2025-09-03 06:50:00,70.78,70.78,70.78,70.78,7785.8,110,2025-09-03 06:59:59
2025-09-03 07:00:00,70.78,70.5,70.9,70.38,2484005.0,35220,2025-09-03 07:09:59
2025-09-03 07:10:00,70.48,70.47,70.57,70.42,341241.80000000005,4840,2025-09-03 07:19:59
2025-09-03 07:20:00,70.48,70.6,70.66,70.45,1313314.5,18620,2025-09-03 07:29:59
2025-09-03 07:30:00,70.59,70.49,70.59,70.49,57848.4,820,2025-09-03 07:39:59
2025-09-03 07:40:00,70.45,70.42,70.46,70.34,879419.6,12490,2025-09-03 07:49:59
2025-09-03 07:50:00,70.45,70.3,70.46,70.25,2050922.5999999999,29170,2025-09-03 07:58:02
2025-09-03 08:00:00,70.3,70.37,70.38,70.3,3609014.0999999996,51310,2025-09-03 08:09:59
2025-09-03 08:10:00,70.37,70.36,70.37,70.36,56288.1,800,2025-09-03 08:19:59
2025-09-03 08:20:00,70.36,70.29,70.36,70.29,31646.000000000004,450,2025-09-03 08:29:59
2025-09-03 08:30:00,70.26,70.28,70.28,70.23,309766.3,4410,2025-09-03 08:39:59
2025-09-03 08:40:00,70.24,70.28,70.28,70.23,93412.7,1330,2025-09-03 08:49:59
2025-09-03 08:50:00,70.25,70.36,70.36,70.25,588627.3,8370,2025-09-03 08:59:59
2025-09-03 09:00:00,70.36,70.37,70.44,70.35,356958.10000000003,5070,2025-09-03 09:09:59
2025-09-03 09:10:00,70.37,70.46,70.46,70.36,933114.5000000001,13250,2025-09-03 09:19:59
2025-09-03 09:20:00,70.44,70.33,70.46,70.31,316614.6,4500,2025-09-03 09:29:59
2025-09-03 09:30:00,70.31,70.3,70.34,70.3,241153.19999999998,3430,2025-09-03 09:39:59
2025-09-03 09:40:00,70.31,70.3,70.32,70.3,310024.0,4410,2025-09-03 09:49:59
2025-09-03 09:50:00,70.3,70.32,70.35,70.26,711999.5,10130,2025-09-03 09:59:01
2025-09-03 10:00:00,70.32,70.43,70.63,70.32,3848485.1999999997,54570,2025-09-03 10:09:59
2025-09-03 10:10:00,70.45,70.31,70.49,70.31,2398594.8,34080,2025-09-03 10:19:59
2025-09-03 10:20:00,70.31,70.31,70.37,70.31,10252994.600000001,145820,2025-09-03 10:29:59
2025-09-03 10:30:00,70.31,69.97,70.31,69.94,12894027.999999998,183910,2025-09-03 10:39:59
2025-09-03 10:40:00,69.97,69.96,69.99,69.86,6168987.699999999,88200,2025-09-03 10:49:59
2025-09-03 10:50:00,69.97,69.95,69.98,69.89,1918428.5999999999,27430,2025-09-03 10:59:59
2025-09-03 11:00:00,69.91,69.9,69.95,69.83,2343626.7,33540,2025-09-03 11:09:59
2025-09-03 11:10:00,69.91,69.58,69.95,69.5,24263499.400000006,348150,2025-09-03 11:19:59
2025-09-03 11:20:00,69.58,69.3,69.59,69.1,35649113.300000004,514430,2025-09-03 11:29:59
2025-09-03 11:30:00,69.27,69.34,69.34,69.09,11704329.000000002,169140,2025-09-03 11:39:59
2025-09-03 11:40:00,69.34,69.24,69.4,69.16,5417085.200000001,78170,2025-09-03 11:49:59
2025-09-03 11:50:00,69.24,69.54,69.56,69.16,16672126.700000029,240340,2025-09-03 11:59:59
2025-09-03 12:00:00,69.54,69.67,69.67,69.49,6661236.300000001,95760,2025-09-03 12:09:59
2025-09-03 12:10:00,69.67,69.66,69.74,69.6,12732676.200000001,182700,2025-09-03 12:19:59
2025-09-03 12:20:00,69.66,69.51,69.7,69.48,4697943.1,67520,2025-09-03 12:29:59
2025-09-03 12:30:00,69.52,69.46,69.52,69.42,2536491.7,36510,2025-09-03 12:39:59
2025-09-03 12:40:00,69.46,69.57,69.73,69.45,2770624.7,39820,2025-09-03 12:49:59
2025-09-03 12:50:00,69.57,69.5,69.59,69.43,2768011.6,39830,2025-09-03 12:59:59
2025-09-03 13:00:00,69.49,69.37,69.62,69.37,2522364.599999997,36320,2025-09-03 13:09:59
2025-09-03 13:10:00,69.37,69.57,69.67,69.37,2485130.0,35740,2025-09-03 13:19:59
2025-09-03 13:20:00,69.58,69.74,69.8,69.57,2219271.1000000006,31830,2025-09-03 13:29:59
2025-09-03 13:30:00,69.72,69.87,69.9,69.71,4263194.2,61030,2025-09-03 13:39:59
2025-09-03 13:40:00,69.89,69.59,69.9,69.59,5566258.9,79780,2025-09-03 13:49:59
2025-09-03 13:50:00,69.63,69.74,69.77,69.63,900952.8,12920,2025-09-03 13:59:03
2025-09-03 14:00:00,69.78,69.74,69.85,69.7,2239015.6,32090,2025-09-03 14:09:59
2025-09-03 14:10:00,69.74,69.75,69.75,69.63,718774.7,10310,2025-09-03 14:19:59
2025-09-03 14:20:00,69.77,69.74,69.88,69.71,3641674.5000000005,52170,2025-09-03 14:29:59
2025-09-03 14:30:00,69.71,69.75,69.8,69.67,442192.2,6340,2025-09-03 14:39:59
2025-09-03 14:40:00,69.76,69.87,69.95,69.76,2430307.1,34770,2025-09-03 14:49:59
2025-09-03 14:50:00,69.85,69.87,69.89,69.76,2301733.6,32960,2025-09-03 14:59:59
2025-09-03 15:00:00,69.87,69.73,69.95,69.73,8282946.8,118570,2025-09-03 15:09:59
2025-09-03 15:10:00,69.73,69.73,69.77,69.62,2051561.0,29430,2025-09-03 15:19:59
2025-09-03 15:20:00,69.76,69.76,69.76,69.7,811733.0,11640,2025-09-03 15:29:59
2025-09-03 15:30:00,69.71,69.74,69.77,69.63,464970.29999999993,6670,2025-09-03 15:39:59
2025-09-03 15:40:00,69.76,69.79,69.85,69.74,494042.8,7080,2025-09-03 15:49:59
2025-09-03 15:50:00,69.8,69.8,69.83,69.76,282662.4,4050,2025-09-03 15:59:59
2025-09-03 16:00:00,69.8,69.8,69.86,69.77,2069360.7000000002,29640,2025-09-03 16:09:59
2025-09-03 16:10:00,69.79,69.77,69.85,69.77,449520.3,6440,2025-09-03 16:19:59
2025-09-03 16:20:00,69.77,69.79,69.79,69.6,5849828.9,83960,2025-09-03 16:29:59
2025-09-03 16:30:00,69.79,69.7,69.82,69.66,2036372.4999999998,29190,2025-09-03 16:39:59
2025-09-03 16:40:00,69.7,69.58,69.76,69.54,9386020.599999998,134840,2025-09-03 16:49:59
2025-09-03 16:50:00,69.58,69.23,69.58,69.17,19403120.099999998,279640,2025-09-03 16:59:59
2025-09-03 17:00:00,69.25,69.43,69.5,69.25,12180845.100000001,175550,2025-09-03 17:09:59
2025-09-03 17:10:00,69.43,69.27,69.49,69.26,4896687.800000001,70630,2025-09-03 17:19:59
2025-09-03 17:20:00,69.3,69.29,69.36,69.28,1780036.4000000001,25680,2025-09-03 17:29:59
2025-09-03 17:30:00,69.33,69.37,69.42,69.33,2625004.6,37840,2025-09-03 17:39:59
2025-09-03 17:40:00,69.37,69.37,69.4,69.35,1654458.7,23850,2025-09-03 17:49:59
2025-09-03 17:50:00,69.37,69.36,69.4,69.35,2306203.2,33250,2025-09-03 17:59:59
2025-09-03 18:00:00,69.36,69.36,69.41,69.35,2643653.6999999997,38100,2025-09-03 18:09:59
2025-09-03 18:10:00,69.36,69.38,69.41,69.35,2329022.6000000006,33570,2025-09-03 18:19:59
2025-09-03 18:20:00,69.4,69.45,69.48,69.35,8560170.5,123350,2025-09-03 18:29:59
2025-09-03 18:30:00,69.43,69.44,69.49,69.42,2038014.4999999998,29350,2025-09-03 18:39:59
2025-09-03 18:40:00,69.5,69.5,69.5,69.5,499010.0,7180,2025-09-03 18:49:14
2025-09-03 19:00:00,69.5,69.53,69.57,69.45,641570.4,9230,2025-09-03 19:09:59
2025-09-03 19:10:00,69.55,69.92,70.0,69.49,14473673.0,207220,2025-09-03 19:19:59
2025-09-03 19:20:00,69.94,69.76,69.96,69.75,1820354.6,26050,2025-09-03 19:29:59
2025-09-03 19:30:00,69.76,69.88,69.89,69.76,1817080.7,26010,2025-09-03 19:39:59
2025-09-03 19:40:00,69.89,70.12,70.15,69.85,7294970.5,104130,2025-09-03 19:49:59
2025-09-03 19:50:00,70.12,69.98,70.16,69.83,4425603.0,63210,2025-09-03 19:59:59
2025-09-03 20:00:00,70.05,70.08,70.12,70.01,1940795.4,27700,2025-09-03 20:09:59
2025-09-03 20:10:00,70.08,70.06,70.11,70.06,1110878.5,15850,2025-09-03 20:19:59
2025-09-03 20:20:00,70.07,70.06,70.1,70.06,503131.30000000005,7180,2025-09-03 20:29:59
2025-09-03 20:30:00,70.06,70.04,70.08,70.01,1284632.6,18340,2025-09-03 20:39:59
2025-09-03 20:40:00,70.03,70.02,70.09,70.02,1846048.4000000001,26350,2025-09-03 20:49:59
2025-09-03 20:50:00,70.02,70.0,70.06,70.0,2972694.4,42460,2025-09-03 20:59:59
2025-09-03 21:00:00,70.02,70.08,70.09,70.0,1263927.7000000002,18050,2025-09-03 21:09:59
2025-09-03 21:10:00,70.09,70.04,70.09,70.04,114218.4,1630,2025-09-03 21:19:59
2025-09-03 21:20:00,70.06,69.86,70.06,69.85,1172109.5,16760,2025-09-03 21:29:59
2025-09-03 21:30:00,69.9,69.96,69.98,69.88,1248366.4000000001,17850,2025-09-03 21:39:59
2025-09-03 21:40:00,69.96,69.92,69.96,69.91,833420.5000000001,11920,2025-09-03 21:49:59
2025-09-03 21:50:00,69.92,70.0,70.0,69.92,696063.1,9950,2025-09-03 21:58:09
2025-09-03 22:00:00,70.03,70.02,70.06,70.01,852402.2000000001,12170,2025-09-03 22:09:59
2025-09-03 22:10:00,70.06,70.11,70.18,70.03,2754214.7,39270,2025-09-03 22:19:59
2025-09-03 22:20:00,70.09,70.1,70.1,70.07,97417.9,1390,2025-09-03 22:29:59
2025-09-03 22:30:00,70.1,70.08,70.12,70.07,672183.2000000001,9590,2025-09-03 22:39:59
2025-09-03 22:40:00,70.11,70.1,70.11,70.08,19630.3,280,2025-09-03 22:49:59
2025-09-03 22:50:00,70.11,70.11,70.12,70.1,194910.0,2780,2025-09-03 22:59:59
2025-09-03 23:00:00,70.12,70.12,70.12,70.11,113581.20000000001,1620,2025-09-03 23:09:59
2025-09-03 23:10:00,70.12,70.11,70.12,70.11,37160.3,530,2025-09-03 23:19:59
2025-09-03 23:20:00,70.12,70.12,70.12,70.11,481719.79999999993,6870,2025-09-03 23:29:59
2025-09-03 23:30:00,70.13,70.16,70.24,70.11,1760287.2,25090,2025-09-03 23:39:59
2025-09-03 23:40:00,70.16,70.2,70.2,70.11,1289408.0,18380,2025-09-03 23:49:59
2025-09-04 07:00:00,70.1,70.36,70.47,70.1,6540664.7,93010,2025-09-04 07:09:59
2025-09-04 07:10:00,70.41,70.21,70.45,70.19,6772328.000000001,96350,2025-09-04 07:19:59
2025-09-04 07:20:00,70.17,70.17,70.17,70.11,735614.0999999999,10490,2025-09-04 07:29:59
2025-09-04 07:30:00,70.17,70.26,70.26,70.17,510635.4,7270,2025-09-04 07:39:59
2025-09-04 07:40:00,70.25,70.19,70.26,70.19,402977.6,5740,2025-09-04 07:49:59
2025-09-04 07:50:00,70.21,70.27,70.29,70.21,136931.0,1950,2025-09-04 07:59:59
2025-09-04 08:00:00,70.27,70.36,70.4,70.27,575457.6,8180,2025-09-04 08:09:59
2025-09-04 08:10:00,70.32,70.69,71.01,70.32,26088673.700000003,368860,2025-09-04 08:19:59
2025-09-04 08:20:00,70.73,70.7,70.9,70.69,2373350.1999999997,33530,2025-09-04 08:29:59
2025-09-04 08:30:00,70.71,71.04,71.18,70.64,8494497.700000001,119610,2025-09-04 08:39:59
2025-09-04 08:40:00,71.0,70.89,71.01,70.84,799890.2,11270,2025-09-04 08:49:59
2025-09-04 08:50:00,70.89,71.0,71.0,70.88,2140557.2,30160,2025-09-04 08:59:59
2025-09-04 09:00:00,71.01,70.74,71.09,70.68,5849116.3,82570,2025-09-04 09:09:59
2025-09-04 09:10:00,70.7,70.5,70.71,70.34,7758645.600000001,110000,2025-09-04 09:19:59
2025-09-04 09:20:00,70.54,70.74,70.77,70.54,4881209.399999999,69070,2025-09-04 09:29:59
2025-09-04 09:30:00,70.74,70.64,70.77,70.6,550555.9,7790,2025-09-04 09:39:59
2025-09-04 09:40:00,70.65,70.62,70.68,70.62,328485.50000000006,4650,2025-09-04 09:49:59
2025-09-04 09:50:00,70.62,70.78,70.8,70.44,3446312.6999999997,48830,2025-09-04 09:59:59
2025-09-04 10:00:00,70.78,70.89,71.2,70.54,16617513.000000002,234410,2025-09-04 10:09:59
2025-09-04 10:10:00,70.87,70.94,70.98,70.76,6510679.1,91840,2025-09-04 10:19:59
2025-09-04 10:20:00,70.94,70.71,70.98,70.7,5101055.5,72030,2025-09-04 10:29:59
2025-09-04 10:30:00,70.71,70.67,70.74,70.62,1496191.5999999999,21170,2025-09-04 10:39:59
2025-09-04 10:40:00,70.66,70.61,70.76,70.6,1604339.5999999999,22700,2025-09-04 10:49:59
2025-09-04 10:50:00,70.61,70.67,70.67,70.55,1242347.9000000001,17600,2025-09-04 10:59:59
2025-09-04 11:00:00,70.68,70.51,70.79,70.45,5632055.4,79720,2025-09-04 11:09:59
2025-09-04 11:10:00,70.5,70.43,70.54,70.41,4359190.499999998,61870,2025-09-04 11:19:59
2025-09-04 11:20:00,70.43,70.56,70.6,70.26,13746484.400000012,195090,2025-09-04 11:29:59
2025-09-04 11:30:00,70.56,70.56,70.74,70.52,6343123.800000001,89820,2025-09-04 11:39:59
2025-09-04 11:40:00,70.56,70.51,70.65,70.51,709850.7999999999,10060,2025-09-04 11:49:59
2025-09-04 11:50:00,70.5,70.55,70.6,70.48,2282526.0000000005,32360,2025-09-04 11:59:59
2025-09-04 12:00:00,70.55,70.52,70.67,70.5,3106014.4000000004,44000,2025-09-04 12:09:59
2025-09-04 12:10:00,70.52,70.49,70.55,70.47,578138.8000000002,8200,2025-09-04 12:19:59
2025-09-04 12:20:00,70.49,70.34,70.51,70.3,2665944.6999999997,37860,2025-09-04 12:29:59
2025-09-04 12:30:00,70.32,70.42,70.56,70.2,4854374.1000000015,68980,2025-09-04 12:39:59
2025-09-04 12:40:00,70.44,70.36,70.45,70.31,1367447.7,19430,2025-09-04 12:49:59
2025-09-04 12:50:00,70.35,70.39,70.6,70.33,5901729.399999999,83710,2025-09-04 12:59:59
2025-09-04 13:00:00,70.4,70.42,70.51,70.34,1318764.5,18730,2025-09-04 13:09:59
2025-09-04 13:10:00,70.43,70.35,70.48,70.35,725513.6,10310,2025-09-04 13:19:59
2025-09-04 13:20:00,70.35,70.4,70.4,70.27,1608035.9,22860,2025-09-04 13:29:59
2025-09-04 13:30:00,70.4,70.41,70.47,70.37,852628.7,12110,2025-09-04 13:39:59
2025-09-04 13:40:00,70.41,70.37,70.5,70.37,1598360.6,22690,2025-09-04 13:49:59
2025-09-04 13:50:00,70.38,70.38,70.46,70.37,471756.89999999997,6700,2025-09-04 13:59:59
2025-09-04 14:00:00,70.43,70.36,70.45,70.3,1565815.1999999997,22250,2025-09-04 14:09:59
2025-09-04 14:10:00,70.39,70.21,70.39,70.2,602835.8,8580,2025-09-04 14:19:59
2025-09-04 14:20:00,70.24,70.13,70.24,70.12,3027881.8000000003,43150,2025-09-04 14:29:59
2025-09-04 14:30:00,70.14,69.95,70.14,69.91,13823156.600000003,197430,2025-09-04 14:39:59
2025-09-04 14:40:00,69.95,70.0,70.01,69.95,1409752.9,20140,2025-09-04 14:49:59
2025-09-04 14:50:00,69.99,69.71,70.01,69.7,9927326.700000005,142090,2025-09-04 14:59:59
2025-09-04 15:00:00,69.74,69.82,69.82,69.67,1564311.8,22430,2025-09-04 15:09:59
2025-09-04 15:10:00,69.82,69.49,69.82,69.48,9963695.899999999,143160,2025-09-04 15:19:59
2025-09-04 15:20:00,69.48,69.4,69.49,69.27,8862412.5,127750,2025-09-04 15:29:59
2025-09-04 15:30:00,69.41,69.49,69.49,69.34,3719384.6999999997,53570,2025-09-04 15:39:59
2025-09-04 15:40:00,69.49,69.56,69.58,69.45,3809855.3000000003,54820,2025-09-04 15:49:59
2025-09-04 15:50:00,69.56,69.63,69.63,69.51,1921137.0000000005,27620,2025-09-04 15:59:59
2025-09-04 16:00:00,69.61,69.64,69.64,69.55,1548463.8000000003,22240,2025-09-04 16:09:59
2025-09-04 16:10:00,69.64,69.85,69.86,69.61,3627387.4,52030,2025-09-04 16:19:59
2025-09-04 16:20:00,69.85,69.67,69.86,69.62,3487463.9000000004,50010,2025-09-04 16:29:59
2025-09-04 16:30:00,69.67,69.81,69.81,69.63,1309129.6,18780,2025-09-04 16:39:59
2025-09-04 16:40:00,69.81,69.74,69.82,69.68,5080597.9,72840,2025-09-04 16:49:59
2025-09-04 16:50:00,69.72,69.75,69.75,69.67,2148571.7,30810,2025-09-04 16:59:59
2025-09-04 17:00:00,69.75,69.54,69.76,69.49,3578489.5999999996,51420,2025-09-04 17:09:59
2025-09-04 17:10:00,69.59,69.56,69.59,69.51,694169.8,9980,2025-09-04 17:19:59
2025-09-04 17:20:00,69.56,69.37,69.57,69.25,15859247.099999998,228650,2025-09-04 17:29:59
2025-09-04 17:30:00,69.33,69.39,69.47,69.21,8416991.5,121420,2025-09-04 17:39:59
2025-09-04 17:40:00,69.39,69.52,69.53,69.27,16152882.500000002,232920,2025-09-04 17:49:59
2025-09-04 17:50:00,69.51,69.49,69.53,69.4,1795350.2000000002,25840,2025-09-04 17:59:59
2025-09-04 18:00:00,69.47,69.45,69.49,69.33,2718814.4,39180,2025-09-04 18:09:59
2025-09-04 18:10:00,69.49,69.48,69.5,69.43,2005613.5999999999,28870,2025-09-04 18:19:59
2025-09-04 18:20:00,69.46,69.42,69.5,69.41,3249061.6999999997,46790,2025-09-04 18:29:59
2025-09-04 18:30:00,69.42,69.44,69.49,69.4,2963887.0000000005,42690,2025-09-04 18:39:59
2025-09-04 18:40:00,69.44,69.44,69.44,69.44,85411.2,1230,2025-09-04 18:49:59
2025-09-04 19:00:00,69.5,69.5,69.54,69.44,496940.9,7150,2025-09-04 19:09:59
2025-09-04 19:10:00,69.52,69.52,69.63,69.51,2236883.3,32160,2025-09-04 19:19:59
2025-09-04 19:20:00,69.53,69.58,69.58,69.52,799159.6000000001,11490,2025-09-04 19:29:59
2025-09-04 19:30:00,69.57,69.6,69.6,69.52,1032511.7000000001,14840,2025-09-04 19:39:59
2025-09-04 19:40:00,69.6,69.76,69.76,69.57,1280140.4,18370,2025-09-04 19:49:59
2025-09-04 19:50:00,69.67,69.69,69.72,69.64,1415627.2,20310,2025-09-04 19:59:13
2025-09-04 20:00:00,69.65,69.74,69.74,69.64,165885.19999999998,2380,2025-09-04 20:09:59
2025-09-04 20:10:00,69.74,69.73,69.77,69.71,214768.39999999997,3080,2025-09-04 20:19:59
2025-09-04 20:20:00,69.73,69.71,69.75,69.71,119223.29999999999,1710,2025-09-04 20:29:59
2025-09-04 20:30:00,69.72,69.73,69.76,69.72,84380.8,1210,2025-09-04 20:39:59
2025-09-04 20:40:00,69.73,69.73,69.77,69.73,602468.6,8640,2025-09-04 20:49:59
2025-09-04 20:50:00,69.77,69.7,69.79,69.7,1018439.2999999999,14600,2025-09-04 20:59:59
2025-09-04 21:00:00,69.7,69.8,69.8,69.68,703017.0,10080,2025-09-04 21:09:59
2025-09-04 21:10:00,69.8,69.75,69.82,69.72,1312398.5,18820,2025-09-04 21:19:59
2025-09-04 21:20:00,69.78,69.77,69.8,69.71,2039474.8000000003,29240,2025-09-04 21:29:59
2025-09-04 21:30:00,69.75,69.69,69.75,69.69,674248.9000000001,9670,2025-09-04 21:39:59
2025-09-04 21:40:00,69.71,69.7,69.72,69.64,509395.2,7310,2025-09-04 21:49:59
2025-09-04 21:50:00,69.64,69.69,69.69,69.63,977184.7000000001,14030,2025-09-04 21:59:59
2025-09-04 22:00:00,69.67,69.69,69.71,69.67,174949.1,2510,2025-09-04 22:09:59
2025-09-04 22:10:00,69.69,69.78,69.78,69.69,375858.19999999995,5390,2025-09-04 22:19:59
2025-09-04 22:20:00,69.8,69.81,69.82,69.8,668722.7999999999,9580,2025-09-04 22:29:59
2025-09-04 22:30:00,69.81,69.82,69.84,69.81,207370.4,2970,2025-09-04 22:39:59
2025-09-04 22:40:00,69.82,69.8,69.83,69.77,1043523.0,14950,2025-09-04 22:49:59
2025-09-04 22:50:00,69.8,69.76,69.8,69.76,404631.10000000003,5800,2025-09-04 22:59:59
2025-09-04 23:00:00,69.8,69.8,69.8,69.76,251958.7,3610,2025-09-04 23:09:59
2025-09-04 23:10:00,69.82,69.81,69.85,69.81,1606634.2000000002,23010,2025-09-04 23:19:59
2025-09-04 23:20:00,69.8,69.8,69.81,69.8,14659.2,210,2025-09-04 23:29:59
2025-09-04 23:30:00,69.81,69.8,69.84,69.8,351188.9,5030,2025-09-04 23:39:59
2025-09-04 23:40:00,69.8,69.7,69.8,69.69,2325930.7,33350,2025-09-04 23:49:59
2025-09-05 06:50:00,69.7,69.7,69.7,69.7,9061.0,130,2025-09-05 06:59:59
2025-09-05 07:00:00,69.7,69.88,69.9,69.7,1138837.3000000003,16300,2025-09-05 07:09:59
2025-09-05 07:10:00,69.88,69.92,69.96,69.88,651001.0,9310,2025-09-05 07:19:59
2025-09-05 07:20:00,69.96,69.95,69.97,69.95,638036.4,9120,2025-09-05 07:29:59
2025-09-05 07:30:00,69.92,69.96,69.97,69.9,813592.9,11630,2025-09-05 07:39:59
2025-09-05 07:40:00,69.95,69.87,69.95,69.87,152371.2,2180,2025-09-05 07:49:59
2025-09-05 07:50:00,69.85,69.85,69.87,69.72,1049440.7,15040,2025-09-05 07:59:59
2025-09-05 08:00:00,69.85,69.8,69.86,69.75,278496.80000000005,3990,2025-09-05 08:09:59
2025-09-05 08:10:00,69.8,69.8,69.81,69.8,295276.8,4230,2025-09-05 08:19:59
2025-09-05 08:20:00,69.81,69.77,69.81,69.75,251236.59999999998,3600,2025-09-05 08:29:59
2025-09-05 08:30:00,69.78,69.74,69.82,69.74,143722.8,2060,2025-09-05 08:39:59
2025-09-05 08:40:00,69.79,69.73,69.83,69.73,316031.8,4530,2025-09-05 08:49:59
2025-09-05 08:50:00,69.76,69.77,69.77,69.73,352287.89999999997,5050,2025-09-05 08:57:01
2025-09-05 09:00:00,69.8,69.82,69.95,69.8,1968346.1,28180,2025-09-05 09:09:59
2025-09-05 09:10:00,69.82,69.82,69.85,69.82,511214.4,7320,2025-09-05 09:19:59
2025-09-05 09:20:00,69.85,69.84,69.86,69.84,143908.5,2060,2025-09-05 09:29:59
2025-09-05 09:30:00,69.84,69.78,69.86,69.73,3860760.0,55320,2025-09-05 09:39:59
2025-09-05 09:40:00,69.78,69.76,69.78,69.74,171600.5,2460,2025-09-05 09:49:59
2025-09-05 09:50:00,69.77,69.77,69.83,69.77,935035.5,13400,2025-09-05 09:59:59
2025-09-05 10:00:00,69.77,69.48,69.77,69.48,8855966.100000001,127250,2025-09-05 10:09:59
2025-09-05 10:10:00,69.49,69.6,69.64,69.46,4947634.7,71130,2025-09-05 10:19:59
2025-09-05 10:20:00,69.55,69.36,69.55,69.27,7687047.900000001,110790,2025-09-05 10:29:59
2025-09-05 10:30:00,69.35,69.42,69.45,69.31,3803022.0999999996,54820,2025-09-05 10:39:59
2025-09-05 10:40:00,69.41,69.03,69.41,69.01,14614865.40000001,211200,2025-09-05 10:49:59
2025-09-05 10:50:00,69.05,69.24,69.34,69.05,12252820.0,176960,2025-09-05 10:59:59
2025-09-05 11:00:00,69.24,69.51,69.56,69.24,3584940.7,51650,2025-09-05 11:09:59
2025-09-05 11:10:00,69.54,69.51,69.56,69.43,943150.6,13570,2025-09-05 11:19:59
2025-09-05 11:20:00,69.51,69.45,69.6,69.42,3509408.8000000003,50460,2025-09-05 11:29:59
2025-09-05 11:30:00,69.47,69.48,69.49,69.41,885363.9,12750,2025-09-05 11:39:59
2025-09-05 11:40:00,69.48,69.8,69.9,69.43,9376508.7,134420,2025-09-05 11:49:59
2025-09-05 11:50:00,69.8,69.8,69.87,69.71,4157697.3,59570,2025-09-05 11:59:59
2025-09-05 12:00:00,69.81,69.7,69.95,69.69,4621089.100000001,66170,2025-09-05 12:09:59
2025-09-05 12:10:00,69.7,69.75,69.75,69.62,1087955.4,15610,2025-09-05 12:19:59
2025-09-05 12:20:00,69.71,69.86,69.93,69.71,4199378.9,60160,2025-09-05 12:29:59
2025-09-05 12:30:00,69.86,69.85,69.9,69.77,3403709.6000000006,48750,2025-09-05 12:39:59
2025-09-05 12:40:00,69.86,70.03,70.04,69.85,2619391.3,37430,2025-09-05 12:49:59
2025-09-05 12:50:00,70.02,69.87,70.02,69.87,1733735.9999999998,24780,2025-09-05 12:59:59
2025-09-05 13:00:00,69.87,69.83,69.92,69.81,772856.2,11060,2025-09-05 13:09:59
2025-09-05 13:10:00,69.83,69.96,70.0,69.83,3945256.3000000003,56410,2025-09-05 13:19:59
2025-09-05 13:20:00,69.96,69.88,69.97,69.84,2538569.3000000003,36290,2025-09-05 13:29:59
2025-09-05 13:30:00,69.85,69.74,69.95,69.72,5862892.200000001,84000,2025-09-05 13:39:59
2025-09-05 13:40:00,69.71,69.8,69.82,69.7,221832.90000000002,3180,2025-09-05 13:49:59
2025-09-05 13:50:00,69.8,69.81,69.86,69.77,1149115.4000000004,16460,2025-09-05 13:59:07
2025-09-05 14:00:00,69.86,69.82,69.88,69.81,179534.1,2570,2025-09-05 14:09:59
2025-09-05 14:10:00,69.83,69.84,69.88,69.83,283588.5,4060,2025-09-05 14:19:59
2025-09-05 14:20:00,69.85,69.87,69.87,69.84,111066.7,1590,2025-09-05 14:29:59
2025-09-05 14:30:00,69.87,69.93,69.93,69.85,1964868.6999999997,28110,2025-09-05 14:39:59
2025-09-05 14:40:00,69.93,69.93,69.94,69.86,1943782.1,27800,2025-09-05 14:49:59
2025-09-05 14:50:00,69.94,69.93,69.94,69.91,513301.79999999993,7340,2025-09-05 14:59:59
2025-09-05 15:00:00,69.93,69.89,69.94,69.89,2564940.6,36680,2025-09-05 15:09:59
2025-09-05 15:10:00,69.9,69.77,69.9,69.76,3436657.400000001,49230,2025-09-05 15:19:59
2025-09-05 15:20:00,69.79,69.82,69.84,69.76,451501.5,6470,2025-09-05 15:29:59
2025-09-05 15:30:00,69.85,69.77,69.87,69.76,1378642.9000000004,19750,2025-09-05 15:39:59
2025-09-05 15:40:00,69.77,69.53,69.8,69.5,6854935.0,98450,2025-09-05 15:49:59
2025-09-05 15:50:00,69.57,69.64,69.8,69.57,6040897.8,86660,2025-09-05 15:59:59
2025-09-05 16:00:00,69.64,69.51,69.66,69.51,683945.8,9830,2025-09-05 16:09:59
2025-09-05 16:10:00,69.51,69.3,69.51,69.29,6089296.0,87750,2025-09-05 16:19:59
2025-09-05 16:20:00,69.31,69.34,69.39,69.3,6038345.7,87090,2025-09-05 16:29:59
2025-09-05 16:30:00,69.34,69.31,69.38,69.26,2848336.899999999,41090,2025-09-05 16:39:59
2025-09-05 16:40:00,69.32,69.53,69.54,69.31,3995114.0,57510,2025-09-05 16:49:59
2025-09-05 16:50:00,69.54,69.52,69.68,69.5,7688195.300000001,110480,2025-09-05 16:59:59
2025-09-05 17:00:00,69.54,69.68,69.74,69.54,9046192.200000001,129890,2025-09-05 17:09:59
2025-09-05 17:10:00,69.69,69.7,69.8,69.61,7051046.799999998,101110,2025-09-05 17:19:59
2025-09-05 17:20:00,69.69,69.64,69.78,69.64,3285535.9000000004,47120,2025-09-05 17:29:59
2025-09-05 17:30:00,69.63,69.72,69.79,69.63,2009021.5000000002,28820,2025-09-05 17:39:59
2025-09-05 17:40:00,69.73,69.72,69.83,69.7,2032581.7999999993,29130,2025-09-05 17:49:59
2025-09-05 17:50:00,69.74,69.68,69.8,69.67,1498802.5999999999,21490,2025-09-05 17:59:59
2025-09-05 18:00:00,69.7,69.66,69.78,69.6,5734411.600000001,82300,2025-09-05 18:09:59
2025-09-05 18:10:00,69.66,69.71,69.73,69.56,2623630.0,37680,2025-09-05 18:19:59
2025-09-05 18:20:00,69.72,69.77,69.78,69.71,1754094.6999999997,25150,2025-09-05 18:29:59
2025-09-05 18:30:00,69.78,69.8,69.85,69.77,3387783.0,48520,2025-09-05 18:39:59
2025-09-05 18:40:00,69.8,69.8,69.8,69.8,6282.0,90,2025-09-05 18:49:59
2025-09-05 19:00:00,69.8,69.67,69.82,69.67,688940.7,9880,2025-09-05 19:09:59
2025-09-05 19:10:00,69.67,69.58,69.68,69.56,1697814.1,24390,2025-09-05 19:19:59
2025-09-05 19:20:00,69.58,69.6,69.64,69.58,155904.10000000003,2240,2025-09-05 19:29:59
2025-09-05 19:30:00,69.59,69.59,69.6,69.59,77253.2,1110,2025-09-05 19:39:59
2025-09-05 19:40:00,69.59,69.58,69.6,69.58,95334.0,1370,2025-09-05 19:49:59
2025-09-05 19:50:00,69.58,69.6,69.6,69.58,41749.799999999996,600,2025-09-05 19:57:09
2025-09-05 20:00:00,69.59,69.6,69.67,69.59,300119.19999999995,4310,2025-09-05 20:09:59
2025-09-05 20:10:00,69.65,69.7,69.7,69.65,114958.2,1650,2025-09-05 20:19:59
2025-09-05 20:20:00,69.7,69.65,69.7,69.65,105245.1,1510,2025-09-05 20:29:59
2025-09-05 20:30:00,69.65,69.69,69.69,69.65,11146.8,160,2025-09-05 20:39:59
2025-09-05 20:40:00,69.67,69.61,69.68,69.61,51546.600000000006,740,2025-09-05 20:49:59
2025-09-05 20:50:00,69.65,69.61,69.65,69.6,13227.6,190,2025-09-05 20:57:09
2025-09-05 21:00:00,69.64,69.61,69.64,69.61,11834.900000000001,170,2025-09-05 21:09:59
2025-09-05 21:10:00,69.61,69.64,69.65,69.61,413661.39999999997,5940,2025-09-05 21:19:59
2025-09-05 21:20:00,69.65,69.67,69.68,69.62,105876.09999999999,1520,2025-09-05 21:29:59
2025-09-05 21:30:00,69.66,69.67,69.67,69.65,98217.59999999999,1410,2025-09-05 21:39:59
2025-09-05 21:40:00,69.67,69.64,69.67,69.61,171326.2,2460,2025-09-05 21:49:59
2025-09-05 21:50:00,69.61,69.64,69.65,69.61,89842.4,1290,2025-09-05 21:59:08
2025-09-05 22:00:00,69.64,69.65,69.65,69.64,44574.700000000004,640,2025-09-05 22:09:59
2025-09-05 22:10:00,69.64,69.62,69.65,69.61,198466.19999999998,2850,2025-09-05 22:19:59
2025-09-05 22:20:00,69.62,69.63,69.63,69.62,39684.399999999994,570,2025-09-05 22:29:59
2025-09-05 22:30:00,69.62,69.6,69.62,69.54,2060317.5999999999,29610,2025-09-05 22:39:59
2025-09-05 22:40:00,69.63,69.75,69.87,69.63,8352120.300000001,119740,2025-09-05 22:49:59
2025-09-05 22:50:00,69.8,69.81,69.83,69.75,710560.7000000001,10180,2025-09-05 22:59:59
2025-09-05 23:00:00,69.82,69.77,69.82,69.77,95602.1,1370,2025-09-05 23:09:59
2025-09-05 23:10:00,69.77,69.82,69.82,69.77,352590.3,5050,2025-09-05 23:19:59
2025-09-05 23:20:00,69.84,69.87,69.92,69.82,1502973.7,21510,2025-09-05 23:29:59
2025-09-05 23:30:00,69.89,69.85,69.89,69.85,234749.09999999998,3360,2025-09-05 23:39:59
2025-09-05 23:40:00,69.86,69.98,69.98,69.86,3654709.4999999995,52250,2025-09-05 23:49:09
2025-09-06 09:50:00,69.97,69.97,69.97,69.97,10495.5,150,2025-09-06 09:59:59
2025-09-06 10:00:00,69.97,69.9,69.97,69.85,115430.1,1650,2025-09-06 10:09:59
2025-09-06 10:10:00,69.87,69.84,69.9,69.84,225723.3,3230,2025-09-06 10:19:59
2025-09-06 10:20:00,69.89,69.9,69.9,69.85,1236528.8,17690,2025-09-06 10:29:59
2025-09-06 10:30:00,69.9,69.83,69.9,69.83,125013.0,1790,2025-09-06 10:39:59
2025-09-06 10:40:00,69.83,69.88,69.89,69.82,333797.99999999994,4780,2025-09-06 10:49:59
2025-09-06 10:50:00,69.85,69.85,69.85,69.82,15365.0,220,2025-09-06 10:59:01
2025-09-06 11:00:00,69.85,69.83,69.89,69.83,95727.70000000001,1370,2025-09-06 11:09:59
2025-09-06 11:10:00,69.83,69.88,69.88,69.83,4891.099999999999,70,2025-09-06 11:19:59
2025-09-06 11:20:00,69.88,70.02,70.09,69.88,2798244.4999999995,39980,2025-09-06 11:29:59
2025-09-06 11:30:00,70.08,70.0,70.08,70.0,46910.2,670,2025-09-06 11:39:59
2025-09-06 11:40:00,70.04,69.95,70.04,69.95,241476.59999999998,3450,2025-09-06 11:49:59
2025-09-06 11:50:00,69.97,69.96,70.04,69.95,212129.90000000002,3030,2025-09-06 11:59:05
2025-09-06 12:00:00,69.96,70.0,70.02,69.96,45482.1,650,2025-09-06 12:09:59
2025-09-06 12:10:00,70.02,70.02,70.02,70.02,17505.0,250,2025-09-06 12:19:59
2025-09-06 12:20:00,70.02,69.97,70.02,69.96,98689.99999999999,1410,2025-09-06 12:29:59
2025-09-06 12:30:00,69.97,69.95,69.97,69.95,499466.7,7140,2025-09-06 12:39:59
2025-09-06 12:40:00,69.95,69.96,69.96,69.92,13984.8,200,2025-09-06 12:49:59
2025-09-06 12:50:00,69.97,69.93,69.97,69.93,2098.3,30,2025-09-06 12:59:01
2025-09-06 13:00:00,69.93,70.09,70.09,69.93,148363.9,2120,2025-09-06 13:09:59
2025-09-06 13:10:00,70.04,70.04,70.04,70.04,3502.0,50,2025-09-06 13:19:59
2025-09-06 13:20:00,70.04,70.04,70.04,69.99,44801.6,640,2025-09-06 13:29:59
2025-09-06 13:30:00,69.97,69.97,69.97,69.97,1399.4,20,2025-09-06 13:39:59
2025-09-06 13:40:00,69.98,69.97,70.04,69.97,8403.5,120,2025-09-06 13:49:59
2025-09-06 13:50:00,70.04,70.04,70.04,70.04,2101.2,30,2025-09-06 13:58:01
2025-09-06 14:00:00,70.0,70.03,70.03,69.99,95239.1,1360,2025-09-06 14:09:59
2025-09-06 14:10:00,70.03,70.03,70.03,69.97,109245.60000000002,1560,2025-09-06 14:19:59
2025-09-06 14:20:00,69.98,69.99,70.03,69.98,52485.600000000006,750,2025-09-06 14:29:59
2025-09-06 14:30:00,70.02,69.99,70.04,69.99,251328.89999999997,3590,2025-09-06 14:39:59
2025-09-06 14:40:00,70.03,70.03,70.03,69.99,23109.5,330,2025-09-06 14:49:59
2025-09-06 14:50:00,69.99,70.03,70.03,69.99,146283.09999999998,2090,2025-09-06 14:55:06
2025-09-06 15:00:00,70.0,69.98,70.03,69.98,11898.3,170,2025-09-06 15:09:59
2025-09-06 15:10:00,70.0,70.0,70.03,70.0,3500.3,50,2025-09-06 15:19:59
2025-09-06 15:20:00,70.03,70.0,70.03,70.0,9803.3,140,2025-09-06 15:29:59
2025-09-06 15:30:00,70.0,69.99,70.0,69.99,1399.9,20,2025-09-06 15:39:59
2025-09-06 15:40:00,69.98,69.99,70.03,69.98,198821.2,2840,2025-09-06 15:49:59
2025-09-06 15:50:00,69.98,70.0,70.0,69.98,26594.0,380,2025-09-06 15:57:06
2025-09-06 16:00:00,69.98,69.99,70.0,69.98,61582.700000000004,880,2025-09-06 16:09:59
2025-09-06 16:10:00,69.99,69.99,69.99,69.98,4898.9,70,2025-09-06 16:19:59
2025-09-06 16:20:00,69.99,70.04,70.04,69.98,600620.1,8580,2025-09-06 16:29:59
2025-09-06 16:30:00,70.04,70.02,70.04,69.93,347886.7,4970,2025-09-06 16:39:59
2025-09-06 16:40:00,69.96,70.03,70.03,69.95,13299.2,190,2025-09-06 16:49:59
2025-09-06 16:50:00,70.02,70.02,70.02,70.02,3501.0,50,2025-09-06 16:55:01
2025-09-06 17:00:00,69.99,70.0,70.0,69.98,41288.799999999996,590,2025-09-06 17:09:59
2025-09-06 17:10:00,70.0,70.03,70.03,70.0,3501.0,50,2025-09-06 17:19:59
2025-09-06 17:20:00,70.03,70.04,70.04,70.03,14706.599999999999,210,2025-09-06 17:29:59
2025-09-06 17:30:00,70.04,70.03,70.04,70.03,15408.4,220,2025-09-06 17:39:59
2025-09-06 17:40:00,70.04,70.03,70.04,70.03,77036.8,1100,2025-09-06 17:49:59
2025-09-06 17:50:00,70.03,70.05,70.05,70.03,108565.69999999998,1550,2025-09-06 17:58:06
2025-09-06 18:00:00,70.07,70.07,70.08,70.04,11910.4,170,2025-09-06 18:09:59
2025-09-06 18:10:00,70.07,70.0,70.08,70.0,2926568.7,41790,2025-09-06 18:19:59
2025-09-06 18:20:00,70.0,69.98,70.0,69.98,4899.8,70,2025-09-06 18:29:59
2025-09-06 18:30:00,69.98,69.99,70.0,69.98,7699.299999999999,110,2025-09-06 18:39:59
2025-09-06 18:40:00,69.98,69.97,69.98,69.93,288169.2,4120,2025-09-06 18:49:59
2025-09-06 18:50:00,69.97,69.96,69.99,69.96,70685.90000000001,1010,2025-09-06 18:59:59
2025-09-07 09:50:00,69.94,69.94,69.94,69.94,69940.0,1000,2025-09-07 09:59:59
2025-09-07 10:00:00,69.82,69.85,69.92,69.8,532241.5,7620,2025-09-07 10:09:59
2025-09-07 10:10:00,69.85,69.87,69.87,69.83,614560.6,8800,2025-09-07 10:19:59
2025-09-07 10:20:00,69.88,69.89,69.89,69.86,75462.6,1080,2025-09-07 10:29:59
2025-09-07 10:30:00,69.89,69.89,69.89,69.86,219364.2,3140,2025-09-07 10:39:59
2025-09-07 10:40:00,69.86,69.86,69.86,69.86,698.6,10,2025-09-07 10:49:59
2025-09-07 10:50:00,69.89,69.89,69.89,69.89,50320.799999999996,720,2025-09-07 10:56:06
2025-09-07 11:00:00,69.89,69.92,69.92,69.88,83191.9,1190,2025-09-07 11:09:59
2025-09-07 11:10:00,69.92,69.94,69.94,69.92,18879.6,270,2025-09-07 11:19:59
2025-09-07 11:20:00,69.96,69.96,69.96,69.94,3497.8,50,2025-09-07 11:29:59
2025-09-07 11:30:00,69.95,69.99,69.99,69.95,236530.3,3380,2025-09-07 11:39:59
2025-09-07 11:40:00,70.0,70.17,70.29,70.0,1011108.7000000002,14410,2025-09-07 11:49:59
2025-09-07 11:50:00,70.17,70.18,70.18,70.14,496102.6,7070,2025-09-07 11:59:59
2025-09-07 12:00:00,70.17,70.17,70.17,70.14,127708.5,1820,2025-09-07 12:09:59
2025-09-07 12:10:00,70.17,70.14,70.17,70.1,76464.6,1090,2025-09-07 12:19:59
2025-09-07 12:20:00,70.1,70.17,70.17,70.09,117163.50000000001,1670,2025-09-07 12:29:59
2025-09-07 12:30:00,70.16,70.16,70.16,70.11,3507.5,50,2025-09-07 12:39:59
2025-09-07 12:40:00,70.12,70.13,70.17,70.12,25247.0,360,2025-09-07 12:49:59
2025-09-07 12:50:00,70.17,70.13,70.17,70.13,96099.4,1370,2025-09-07 12:58:01
2025-09-07 13:00:00,70.14,70.15,70.15,70.13,12624.699999999999,180,2025-09-07 13:09:59
2025-09-07 13:10:00,70.13,70.15,70.15,70.13,4909.9,70,2025-09-07 13:19:59
2025-09-07 13:20:00,70.15,70.31,70.31,70.13,962474.9000000001,13700,2025-09-07 13:29:59
2025-09-07 13:30:00,70.31,70.22,70.31,70.22,80796.8,1150,2025-09-07 13:39:59
2025-09-07 13:40:00,70.27,70.3,70.3,70.25,56226.6,800,2025-09-07 13:49:59
2025-09-07 13:50:00,70.3,70.3,70.3,70.23,155345.2,2210,2025-09-07 13:59:01
2025-09-07 14:00:00,70.3,70.29,70.3,70.29,113182.9,1610,2025-09-07 14:09:59
2025-09-07 14:10:00,70.3,70.3,70.3,70.29,14059.7,200,2025-09-07 14:19:59
2025-09-07 14:20:00,70.3,70.3,70.3,70.3,5624.0,80,2025-09-07 14:29:59
2025-09-07 14:30:00,70.29,70.3,70.3,70.22,9136.2,130,2025-09-07 14:39:59
2025-09-07 14:40:00,70.22,70.2,70.29,70.2,29488.6,420,2025-09-07 14:49:59
2025-09-07 14:50:00,70.2,70.25,70.25,70.2,4214.2,60,2025-09-07 14:59:59
2025-09-07 15:00:00,70.29,70.5,70.5,70.19,3157690.7000000007,44860,2025-09-07 15:09:59
2025-09-07 15:10:00,70.5,70.5,70.54,70.46,382170.9,5420,2025-09-07 15:19:59
2025-09-07 15:20:00,70.47,70.42,70.5,70.42,9864.900000000001,140,2025-09-07 15:29:59
2025-09-07 15:30:00,70.46,70.48,70.53,70.46,73319.90000000001,1040,2025-09-07 15:39:59
2025-09-07 15:40:00,70.48,70.46,70.48,70.46,110643.6,1570,2025-09-07 15:49:59
2025-09-07 15:50:00,70.53,70.49,70.53,70.49,4934.699999999999,70,2025-09-07 15:59:01
2025-09-07 16:00:00,70.49,70.46,70.49,70.46,38057.700000000004,540,2025-09-07 16:09:59
2025-09-07 16:10:00,70.49,70.49,70.49,70.46,85259.29999999999,1210,2025-09-07 16:19:59
2025-09-07 16:20:00,70.46,70.47,70.47,70.36,1072795.4,15230,2025-09-07 16:29:59
2025-09-07 16:30:00,70.48,70.49,70.49,70.48,125458.29999999999,1780,2025-09-07 16:39:59
2025-09-07 16:40:00,70.42,70.46,70.47,70.42,26762.600000000002,380,2025-09-07 16:49:59
2025-09-07 16:50:00,70.46,70.33,70.46,70.33,366781.6,5210,2025-09-07 16:58:06
2025-09-07 17:00:00,70.34,70.39,70.39,70.33,8440.6,120,2025-09-07 17:09:59
2025-09-07 17:10:00,70.39,70.4,70.4,70.39,3519.8,50,2025-09-07 17:19:59
2025-09-07 17:20:00,70.4,70.33,70.4,70.33,23231.3,330,2025-09-07 17:29:59
2025-09-07 17:30:00,70.4,70.33,70.4,70.33,23914.3,340,2025-09-07 17:39:59
2025-09-07 17:40:00,70.39,70.34,70.39,70.34,102768.40000000001,1460,2025-09-07 17:49:59
2025-09-07 17:50:00,70.31,70.37,70.39,70.31,66100.1,940,2025-09-07 17:59:59
2025-09-07 18:00:00,70.35,70.37,70.37,70.34,4925.099999999999,70,2025-09-07 18:09:59
2025-09-07 18:10:00,70.37,70.36,70.39,70.36,51374.6,730,2025-09-07 18:19:59
2025-09-07 18:20:00,70.36,70.3,70.36,70.3,116049.2,1650,2025-09-07 18:29:59
2025-09-07 18:30:00,70.3,70.31,70.31,70.3,15468.099999999999,220,2025-09-07 18:39:59
2025-09-07 18:40:00,70.32,70.37,70.38,70.29,127290.20000000001,1810,2025-09-07 18:49:59
2025-09-07 18:50:00,70.37,70.36,70.38,70.28,76628.90000000001,1090,2025-09-07 18:59:59
2025-09-08 06:50:00,70.29,70.29,70.29,70.29,14057.999999999998,200,2025-09-08 06:59:59
2025-09-08 07:00:00,70.29,70.39,70.6,70.06,2821836.4,40040,2025-09-08 07:09:59
2025-09-08 07:10:00,70.4,70.41,70.41,70.34,1002974.2,14250,2025-09-08 07:19:59
2025-09-08 07:20:00,70.4,70.54,70.54,70.4,1445551.8,20510,2025-09-08 07:29:59
2025-09-08 07:30:00,70.46,70.49,70.57,70.46,786369.0,11150,2025-09-08 07:39:59
2025-09-08 07:40:00,70.49,70.43,70.5,70.43,430427.4,6110,2025-09-08 07:49:59
2025-09-08 07:50:00,70.44,70.48,70.48,70.44,40173.2,570,2025-09-08 07:59:59
2025-09-08 08:00:00,70.45,70.49,70.49,70.45,152239.5,2160,2025-09-08 08:09:59
2025-09-08 08:10:00,70.48,70.49,70.49,70.45,301652.69999999995,4280,2025-09-08 08:19:59
2025-09-08 08:20:00,70.49,70.51,70.53,70.49,160044.6,2270,2025-09-08 08:29:59
2025-09-08 08:30:00,70.51,70.55,70.55,70.51,626462.1,8880,2025-09-08 08:39:59
2025-09-08 08:40:00,70.54,70.67,70.76,70.5,2588106.8000000003,36660,2025-09-08 08:49:59
2025-09-08 08:50:00,70.68,70.67,70.76,70.67,786501.5000000001,11120,2025-09-08 08:59:59
2025-09-08 09:00:00,70.67,70.72,70.72,70.67,400919.2,5670,2025-09-08 09:09:59
2025-09-08 09:10:00,70.71,70.6,70.71,70.6,324256.7,4590,2025-09-08 09:19:59
2025-09-08 09:20:00,70.6,70.58,70.64,70.58,398226.1,5640,2025-09-08 09:29:59
2025-09-08 09:30:00,70.59,70.66,70.66,70.56,1207097.7000000002,17100,2025-09-08 09:39:59
2025-09-08 09:40:00,70.67,70.41,70.67,70.41,3485663.8999999994,49440,2025-09-08 09:49:59
2025-09-08 09:50:00,70.42,70.41,70.53,70.41,1464961.9000000001,20790,2025-09-08 09:59:59
2025-09-08 10:00:00,70.41,70.43,70.56,70.41,3191853.0999999996,45280,2025-09-08 10:09:59
2025-09-08 10:10:00,70.47,70.47,70.51,70.43,465130.7,6600,2025-09-08 10:19:59
2025-09-08 10:20:00,70.47,70.45,70.55,70.4,2212304.0000000005,31400,2025-09-08 10:29:59
2025-09-08 10:30:00,70.46,70.42,70.53,70.34,3017964.4000000004,42850,2025-09-08 10:39:59
2025-09-08 10:40:00,70.39,70.28,70.4,70.28,2548952.2000000007,36230,2025-09-08 10:49:59
2025-09-08 10:50:00,70.28,70.33,70.35,70.27,1206644.4000000001,17160,2025-09-08 10:59:59
2025-09-08 11:00:00,70.34,70.38,70.48,70.33,4092078.2,58140,2025-09-08 11:09:59
2025-09-08 11:10:00,70.4,70.34,70.42,70.33,1162811.0999999999,16530,2025-09-08 11:19:59
2025-09-08 11:20:00,70.34,70.34,70.4,70.34,512222.9,7280,2025-09-08 11:29:59
2025-09-08 11:30:00,70.36,70.42,70.45,70.34,3045528.9999999995,43270,2025-09-08 11:39:59
2025-09-08 11:40:00,70.38,70.36,70.53,70.36,3303263.4,46860,2025-09-08 11:49:59
2025-09-08 11:50:00,70.39,70.36,70.44,70.35,947346.7,13460,2025-09-08 11:59:59
2025-09-08 12:00:00,70.36,70.33,70.43,70.33,4360477.699999999,61980,2025-09-08 12:09:59
2025-09-08 12:10:00,70.34,70.18,70.4,70.18,8169611.2,116220,2025-09-08 12:19:59
2025-09-08 12:20:00,70.18,70.24,70.37,70.18,4732878.000000002,67330,2025-09-08 12:29:59
2025-09-08 12:30:00,70.23,70.18,70.36,70.1,4153262.799999995,59160,2025-09-08 12:39:59
2025-09-08 12:40:00,70.18,70.28,70.34,70.18,598625.2999999999,8520,2025-09-08 12:49:59
2025-09-08 12:50:00,70.28,70.2,70.32,70.2,2330015.9,33160,2025-09-08 12:59:59
2025-09-08 13:00:00,70.24,70.21,70.24,70.15,489835.7,6980,2025-09-08 13:09:59
2025-09-08 13:10:00,70.2,70.07,70.2,70.05,5170375.200000001,73730,2025-09-08 13:19:59
2025-09-08 13:20:00,70.05,69.75,70.1,69.7,15431151.500000002,220950,2025-09-08 13:29:59
2025-09-08 13:30:00,69.76,69.8,69.83,69.74,1709569.0999999996,24490,2025-09-08 13:39:59
2025-09-08 13:40:00,69.8,69.67,69.83,69.59,3763127.2,53990,2025-09-08 13:49:59
2025-09-08 13:50:00,69.66,69.69,69.8,69.66,1662642.5,23850,2025-09-08 13:59:59
2025-09-08 14:00:00,69.72,69.65,69.75,69.65,663567.8,9520,2025-09-08 14:09:59
2025-09-08 14:10:00,69.65,69.5,69.68,69.45,7568956.9,108870,2025-09-08 14:19:59
2025-09-08 14:20:00,69.5,69.65,69.72,69.48,2739072.200000001,39330,2025-09-08 14:29:59
2025-09-08 14:30:00,69.68,69.77,69.79,69.68,2517333.6999999997,36090,2025-09-08 14:39:59
2025-09-08 14:40:00,69.75,69.73,69.87,69.66,5299108.300000001,75940,2025-09-08 14:49:59
2025-09-08 14:50:00,69.73,69.81,69.82,69.7,3825739.8999999994,54850,2025-09-08 14:59:59
2025-09-08 15:00:00,69.81,69.81,69.83,69.77,606489.7000000001,8690,2025-09-08 15:09:59
2025-09-08 15:10:00,69.81,69.71,69.81,69.64,2902249.100000001,41610,2025-09-08 15:19:59
2025-09-08 15:20:00,69.73,69.74,69.74,69.69,533347.7999999999,7650,2025-09-08 15:29:59
2025-09-08 15:30:00,69.73,69.65,69.75,69.65,5454459.600000001,78240,2025-09-08 15:39:59
2025-09-08 15:40:00,69.65,69.6,69.66,69.6,2079467.4999999998,29860,2025-09-08 15:49:59
2025-09-08 15:50:00,69.6,69.65,69.65,69.6,367547.4,5280,2025-09-08 15:59:59
2025-09-08 16:00:00,69.64,69.63,69.72,69.6,523768.5,7520,2025-09-08 16:09:59
2025-09-08 16:10:00,69.65,69.63,69.71,69.63,169983.1,2440,2025-09-08 16:19:59
2025-09-08 16:20:00,69.67,69.66,69.69,69.63,390105.5,5600,2025-09-08 16:29:59
2025-09-08 16:30:00,69.67,69.65,69.69,69.59,1495478.7000000002,21480,2025-09-08 16:39:59
2025-09-08 16:40:00,69.65,69.5,69.69,69.5,3161145.1000000006,45410,2025-09-08 16:49:59
2025-09-08 16:50:00,69.51,69.5,69.53,69.4,5427492.5,78130,2025-09-08 16:59:59
2025-09-08 17:00:00,69.5,69.44,69.52,69.33,4925074.400000001,70960,2025-09-08 17:09:59
2025-09-08 17:10:00,69.44,69.49,69.5,69.41,1298763.5,18700,2025-09-08 17:19:59
2025-09-08 17:20:00,69.49,69.56,69.57,69.49,1342460.0999999999,19310,2025-09-08 17:29:59
2025-09-08 17:30:00,69.57,69.61,69.63,69.55,2378261.3000000003,34180,2025-09-08 17:39:59
2025-09-08 17:40:00,69.62,69.75,69.77,69.6,5434638.500000001,77990,2025-09-08 17:49:59
2025-09-08 17:50:00,69.77,69.18,69.77,68.85,61232700.20000002,885070,2025-09-08 17:59:59
2025-09-08 18:00:00,69.18,69.35,69.35,69.15,9718223.3,140350,2025-09-08 18:09:59
2025-09-08 18:10:00,69.35,69.53,69.53,69.32,15862073.000000002,228410,2025-09-08 18:19:59
2025-09-08 18:20:00,69.53,69.56,69.56,69.5,8640864.8,124310,2025-09-08 18:29:59
2025-09-08 18:30:00,69.56,69.55,69.59,69.55,5130833.5,73770,2025-09-08 18:39:59
2025-09-08 18:40:00,69.6,69.6,69.6,69.6,97440.0,1400,2025-09-08 18:49:59
2025-09-08 19:00:00,69.59,69.89,70.03,69.55,15350678.700000003,219770,2025-09-08 19:09:59
2025-09-08 19:10:00,69.89,69.91,69.92,69.83,968960.2000000001,13870,2025-09-08 19:19:59
2025-09-08 19:20:00,69.91,69.94,69.98,69.91,759553.0999999999,10860,2025-09-08 19:29:59
2025-09-08 19:30:00,69.94,69.88,69.94,69.88,1651488.0000000002,23620,2025-09-08 19:39:59
2025-09-08 19:40:00,69.88,69.9,69.9,69.88,800128.2000000001,11450,2025-09-08 19:49:59
2025-09-08 19:50:00,69.9,69.9,69.92,69.85,511458.1999999999,7320,2025-09-08 19:59:59
2025-09-08 20:00:00,69.9,69.83,69.9,69.77,1784617.6999999997,25560,2025-09-08 20:09:59
2025-09-08 20:10:00,69.8,69.79,69.81,69.76,833411.2,11940,2025-09-08 20:19:59
2025-09-08 20:20:00,69.85,69.87,69.89,69.84,888406.3999999999,12720,2025-09-08 20:29:59
2025-09-08 20:30:00,69.87,69.82,69.87,69.77,2683982.4000000004,38430,2025-09-08 20:39:59
2025-09-08 20:40:00,69.82,69.81,69.82,69.77,215605.90000000002,3090,2025-09-08 20:49:59
2025-09-08 20:50:00,69.81,69.76,69.81,69.76,117201.1,1680,2025-09-08 20:59:59
2025-09-08 21:00:00,69.76,69.78,69.78,69.74,439491.2,6300,2025-09-08 21:09:59
2025-09-08 21:10:00,69.78,69.8,69.82,69.78,150757.3,2160,2025-09-08 21:19:59
2025-09-08 21:20:00,69.82,69.85,69.85,69.82,238170.40000000002,3410,2025-09-08 21:29:59
2025-09-08 21:30:00,69.85,69.79,69.85,69.79,118671.3,1700,2025-09-08 21:39:59
2025-09-08 21:40:00,69.82,69.82,69.83,69.79,170318.10000000003,2440,2025-09-08 21:49:59
2025-09-08 21:50:00,69.8,69.75,69.82,69.73,774481.4,11100,2025-09-08 21:59:59
2025-09-08 22:00:00,69.75,69.75,69.75,69.73,132495.8,1900,2025-09-08 22:09:59
2025-09-08 22:10:00,69.75,69.75,69.75,69.75,736560.0,10560,2025-09-08 22:19:59
2025-09-08 22:20:00,69.76,69.76,69.76,69.75,17439.699999999997,250,2025-09-08 22:29:59
2025-09-08 22:30:00,69.75,69.76,69.76,69.75,112302.7,1610,2025-09-08 22:39:59
2025-09-08 22:40:00,69.76,69.79,69.79,69.75,324441.10000000003,4650,2025-09-08 22:49:59
2025-09-08 22:50:00,69.76,69.8,69.8,69.76,11860.0,170,2025-09-08 22:59:59
2025-09-08 23:00:00,69.78,69.86,69.94,69.78,2880641.6999999997,41230,2025-09-08 23:09:59
2025-09-08 23:10:00,69.86,69.85,69.87,69.83,699207.0,10010,2025-09-08 23:19:59
2025-09-08 23:20:00,69.85,69.81,69.89,69.81,110356.0,1580,2025-09-08 23:29:59
2025-09-08 23:30:00,69.85,69.84,69.9,69.82,431110.2,6170,2025-09-08 23:39:59
2025-09-08 23:40:00,69.84,69.75,69.84,69.75,1295540.4999999998,18560,2025-09-08 23:49:59
2025-09-09 06:50:00,69.97,69.97,69.97,69.97,146937.0,2100,2025-09-09 06:59:59
2025-09-09 07:00:00,69.76,70.13,70.19,69.75,3442543.9,49110,2025-09-09 07:09:59
2025-09-09 07:10:00,70.11,70.01,70.12,69.94,1379269.3,19700,2025-09-09 07:19:59
2025-09-09 07:20:00,70.01,69.99,70.05,69.97,1626014.1,23230,2025-09-09 07:29:59
2025-09-09 07:30:00,70.01,70.0,70.01,70.0,279337.3,3990,2025-09-09 07:39:59
2025-09-09 07:40:00,69.92,69.88,69.96,69.88,142628.5,2040,2025-09-09 07:49:59
2025-09-09 07:50:00,69.91,69.92,69.92,69.87,246708.90000000002,3530,2025-09-09 07:59:59
2025-09-09 08:00:00,69.91,69.93,69.93,69.86,1223909.2,17510,2025-09-09 08:09:59
2025-09-09 08:10:00,69.92,69.91,69.94,69.9,120233.2,1720,2025-09-09 08:19:59
2025-09-09 08:20:00,69.92,69.92,69.94,69.92,779719.5999999999,11150,2025-09-09 08:29:59
2025-09-09 08:30:00,69.92,69.91,69.92,69.91,69915.09999999999,1000,2025-09-09 08:39:59
2025-09-09 08:40:00,69.92,69.89,69.92,69.86,214568.1,3070,2025-09-09 08:49:59
2025-09-09 08:50:00,69.89,69.89,69.9,69.89,37042.100000000006,530,2025-09-09 08:59:59
2025-09-09 09:00:00,69.89,69.89,69.9,69.89,37743.2,540,2025-09-09 09:09:59
2025-09-09 09:10:00,69.9,69.89,69.9,69.89,513703.3,7350,2025-09-09 09:19:59
2025-09-09 09:20:00,69.89,69.82,69.9,69.82,1265377.7000000002,18110,2025-09-09 09:29:59
2025-09-09 09:30:00,69.81,69.8,69.82,69.79,203835.4,2920,2025-09-09 09:39:59
2025-09-09 09:40:00,69.8,69.71,69.8,69.7,828558.2999999999,11880,2025-09-09 09:49:59
2025-09-09 09:50:00,69.72,69.89,69.92,69.69,2417180.1,34630,2025-09-09 09:59:59
2025-09-09 10:00:00,69.88,69.86,69.88,69.82,449044.80000000005,6430,2025-09-09 10:09:59
2025-09-09 10:10:00,69.85,69.87,69.9,69.8,3849329.499999999,55130,2025-09-09 10:19:59
2025-09-09 10:20:00,69.84,69.89,69.91,69.81,332494.8,4760,2025-09-09 10:29:59
2025-09-09 10:30:00,69.9,69.88,69.92,69.86,475195.0999999999,6800,2025-09-09 10:39:59
2025-09-09 10:40:00,69.88,69.91,69.97,69.87,2336739.8999999994,33420,2025-09-09 10:49:59
2025-09-09 10:50:00,69.91,69.97,69.99,69.89,3949199.6000000006,56470,2025-09-09 10:59:59
2025-09-09 11:00:00,69.98,70.01,70.06,69.91,8712898.1,124500,2025-09-09 11:09:59
2025-09-09 11:10:00,70.02,70.04,70.1,70.0,12646210.299999999,180620,2025-09-09 11:19:59
2025-09-09 11:20:00,70.03,70.0,70.1,70.0,6115617.6,87350,2025-09-09 11:29:59
2025-09-09 11:30:00,70.04,70.01,70.04,70.0,8532330.8,121890,2025-09-09 11:39:59
2025-09-09 11:40:00,70.0,70.14,70.16,70.0,18836546.000000004,268800,2025-09-09 11:49:59
2025-09-09 11:50:00,70.13,70.06,70.13,70.01,3456222.3,49320,2025-09-09 11:59:59
2025-09-09 12:00:00,70.06,70.06,70.13,70.04,730091.4,10420,2025-09-09 12:09:59
2025-09-09 12:10:00,70.09,70.07,70.09,70.01,13075212.200000001,186750,2025-09-09 12:19:59
2025-09-09 12:20:00,70.07,70.04,70.14,70.04,3599044.499999999,51340,2025-09-09 12:29:59
2025-09-09 12:30:00,70.04,69.83,70.04,69.8,19978374.9,285540,2025-09-09 12:39:59
2025-09-09 12:40:00,69.83,69.9,69.99,69.82,2439493.6999999997,34900,2025-09-09 12:49:59
2025-09-09 12:50:00,69.9,69.93,69.93,69.86,851193.4000000001,12180,2025-09-09 12:59:59
2025-09-09 13:00:00,69.95,69.85,69.96,69.8,2608997.0000000005,37360,2025-09-09 13:09:59
2025-09-09 13:10:00,69.84,69.9,69.92,69.81,1837467.4,26300,2025-09-09 13:19:59
2025-09-09 13:20:00,69.88,69.81,69.91,69.81,333184.89999999997,4770,2025-09-09 13:29:59
2025-09-09 13:30:00,69.81,69.85,69.89,69.8,3181854.3,45580,2025-09-09 13:39:59
2025-09-09 13:40:00,69.85,69.86,70.0,69.84,4731611.3,67680,2025-09-09 13:49:59
2025-09-09 13:50:00,69.88,69.89,69.93,69.86,447983.80000000005,6410,2025-09-09 13:59:59
2025-09-09 14:00:00,69.89,69.81,69.93,69.8,3512594.6,50290,2025-09-09 14:09:59
2025-09-09 14:10:00,69.84,69.88,69.91,69.83,121577.3,1740,2025-09-09 14:19:59
2025-09-09 14:20:00,69.89,69.83,69.91,69.82,809777.7000000001,11590,2025-09-09 14:29:59
2025-09-09 14:30:00,69.83,69.85,69.86,69.75,15410937.300000004,220720,2025-09-09 14:39:59
2025-09-09 14:40:00,69.86,69.86,69.87,69.83,1015354.7999999999,14540,2025-09-09 14:49:59
2025-09-09 14:50:00,69.87,69.83,69.87,69.83,1330356.3,19050,2025-09-09 14:59:59
2025-09-09 15:00:00,69.83,69.84,69.88,69.83,1082178.5,15490,2025-09-09 15:09:59
2025-09-09 15:10:00,69.86,69.91,69.96,69.84,5753510.300000001,82300,2025-09-09 15:19:59
2025-09-09 15:20:00,69.91,69.93,69.96,69.9,1911979.9,27340,2025-09-09 15:29:59
2025-09-09 15:30:00,69.96,69.92,69.96,69.91,191607.19999999998,2740,2025-09-09 15:39:59
2025-09-09 15:40:00,69.91,70.02,70.04,69.91,2751378.7999999993,39320,2025-09-09 15:49:59
2025-09-09 15:50:00,70.0,69.9,70.0,69.9,2562445.7,36630,2025-09-09 15:59:59
2025-09-09 16:00:00,69.93,69.91,69.96,69.9,1608826.7,23010,2025-09-09 16:09:59
2025-09-09 16:10:00,69.92,69.99,69.99,69.85,25445375.2,364020,2025-09-09 16:19:59
2025-09-09 16:20:00,69.97,69.95,70.04,69.89,2672269.8000000003,38180,2025-09-09 16:29:59
2025-09-09 16:30:00,69.89,70.0,70.0,69.85,942012.8999999999,13470,2025-09-09 16:39:59
2025-09-09 16:40:00,69.98,69.67,70.05,69.61,24628606.700000003,352720,2025-09-09 16:49:59
2025-09-09 16:50:00,69.67,69.33,69.67,69.25,15525927.999999998,223680,2025-09-09 16:59:59
2025-09-09 17:00:00,69.3,69.38,69.39,69.25,5940779.600000001,85700,2025-09-09 17:09:59
2025-09-09 17:10:00,69.39,69.39,69.4,69.3,1748054.7999999998,25200,2025-09-09 17:19:59
2025-09-09 17:20:00,69.39,69.7,69.7,69.39,8362310.800000001,120120,2025-09-09 17:29:59
2025-09-09 17:30:00,69.7,69.75,69.76,69.67,4235621.3,60770,2025-09-09 17:39:59
2025-09-09 17:40:00,69.75,69.75,69.79,69.75,1597777.4000000004,22900,2025-09-09 17:49:59
2025-09-09 17:50:00,69.75,69.75,69.76,69.75,2942057.8000000003,42180,2025-09-09 17:59:04
2025-09-09 18:00:00,69.75,69.79,69.81,69.75,6318392.0,90530,2025-09-09 18:09:59
2025-09-09 18:10:00,69.77,69.87,70.0,69.7,27905967.799999997,399580,2025-09-09 18:19:59
2025-09-09 18:20:00,69.87,69.94,69.99,69.85,1515030.5999999999,21660,2025-09-09 18:29:59
2025-09-09 18:30:00,69.94,69.94,69.96,69.89,453078.4,6480,2025-09-09 18:39:59
2025-09-09 18:40:00,69.94,69.94,69.94,69.94,20982.0,300,2025-09-09 18:46:08
2025-09-09 19:00:00,69.86,69.89,69.89,69.83,468669.2,6710,2025-09-09 19:09:59
2025-09-09 19:10:00,69.85,69.81,69.89,69.81,534203.9999999999,7650,2025-09-09 19:19:59
2025-09-09 19:20:00,69.81,69.83,69.83,69.8,69110.5,990,2025-09-09 19:29:59
2025-09-09 19:30:00,69.83,69.81,69.83,69.8,64926.100000000006,930,2025-09-09 19:39:59
2025-09-09 19:40:00,69.83,69.83,69.83,69.82,251378.59999999998,3600,2025-09-09 19:49:59
2025-09-09 19:50:00,69.83,69.84,69.87,69.83,157144.0,2250,2025-09-09 19:59:59
2025-09-09 20:00:00,69.86,69.77,69.86,69.73,1657214.4,23750,2025-09-09 20:09:59
2025-09-09 20:10:00,69.76,69.77,69.77,69.71,157611.8,2260,2025-09-09 20:19:59
2025-09-09 20:20:00,69.74,69.87,69.88,69.74,292651.70000000007,4190,2025-09-09 20:29:59
2025-09-09 20:30:00,69.87,69.8,69.87,69.8,118676.6,1700,2025-09-09 20:39:59
2025-09-09 20:40:00,69.82,69.87,69.87,69.82,28632.7,410,2025-09-09 20:49:59
2025-09-09 20:50:00,69.84,69.82,69.85,69.81,15361.199999999999,220,2025-09-09 20:59:59
2025-09-09 21:00:00,69.82,69.82,69.85,69.82,42590.799999999996,610,2025-09-09 21:09:59
2025-09-09 21:10:00,69.85,69.72,69.87,69.67,3351394.699999999,48060,2025-09-09 21:19:59
2025-09-09 21:20:00,69.72,69.65,69.72,69.59,4979211.0,71500,2025-09-09 21:29:59
2025-09-09 21:30:00,69.63,69.64,69.67,69.6,818771.6000000001,11760,2025-09-09 21:39:59
2025-09-09 21:40:00,69.62,69.71,69.72,69.62,544261.7999999999,7810,2025-09-09 21:49:59
2025-09-09 21:50:00,69.71,69.71,69.72,69.71,138028.8,1980,2025-09-09 21:59:59
2025-09-09 22:00:00,69.68,69.66,69.7,69.61,642261.4,9220,2025-09-09 22:09:59
2025-09-09 22:10:00,69.67,69.8,69.81,69.63,3292624.6,47210,2025-09-09 22:19:59
2025-09-09 22:20:00,69.81,69.85,69.86,69.81,1668252.7000000002,23890,2025-09-09 22:29:59
2025-09-09 22:30:00,69.85,69.86,69.86,69.85,261267.7,3740,2025-09-09 22:39:59
2025-09-09 22:40:00,69.87,69.86,69.87,69.86,46809.1,670,2025-09-09 22:49:59
2025-09-09 22:50:00,69.86,69.87,69.87,69.86,544976.0,7800,2025-09-09 22:59:59
2025-09-09 23:00:00,69.87,69.89,69.89,69.87,128570.1,1840,2025-09-09 23:09:59
2025-09-09 23:10:00,69.89,69.89,69.89,69.89,454983.9,6510,2025-09-09 23:19:59
2025-09-09 23:20:00,69.89,69.89,69.9,69.89,466898.30000000005,6680,2025-09-09 23:29:59
2025-09-09 23:30:00,69.91,69.9,69.96,69.89,932259.2,13330,2025-09-09 23:39:59
2025-09-09 23:40:00,69.89,69.86,69.94,69.86,623988.9,8930,2025-09-09 23:49:59
2025-09-10 06:50:00,69.85,69.85,69.85,69.85,3492.5,50,2025-09-10 06:59:59
2025-09-10 07:00:00,69.86,69.65,69.9,69.62,2951000.4,42310,2025-09-10 07:09:59
2025-09-10 07:10:00,69.65,69.71,69.71,69.65,46674.899999999994,670,2025-09-10 07:19:59
2025-09-10 07:20:00,69.71,69.67,69.8,69.67,896110.2000000001,12850,2025-09-10 07:29:59
2025-09-10 07:30:00,69.67,69.67,69.7,69.67,752679.8,10800,2025-09-10 07:39:59
2025-09-10 07:40:00,69.67,69.61,69.68,69.6,387298.3,5560,2025-09-10 07:49:59
2025-09-10 07:50:00,69.6,69.63,69.64,69.57,188598.3,2710,2025-09-10 07:59:59
2025-09-10 08:00:00,69.61,69.45,69.61,69.41,2768261.2,39840,2025-09-10 08:09:59
2025-09-10 08:10:00,69.45,68.85,69.46,68.38,40172738.09999998,583200,2025-09-10 08:19:59
2025-09-10 08:20:00,68.86,68.74,68.89,68.22,20382209.300000004,297100,2025-09-10 08:29:59
2025-09-10 08:30:00,68.75,68.75,68.76,68.71,744965.2000000001,10840,2025-09-10 08:39:59
2025-09-10 08:40:00,68.75,68.85,68.88,68.75,2016927.4999999998,29300,2025-09-10 08:49:59
2025-09-10 08:50:00,68.88,68.94,68.95,68.88,2154519.4000000004,31260,2025-09-10 08:59:06
2025-09-10 09:00:00,68.94,69.07,69.07,68.94,7760737.599999998,112420,2025-09-10 09:09:59
2025-09-10 09:10:00,69.07,68.9,69.07,68.75,4733800.100000001,68690,2025-09-10 09:19:59
2025-09-10 09:20:00,68.9,68.94,68.96,68.9,1663823.9,24140,2025-09-10 09:29:59
2025-09-10 09:30:00,68.95,68.85,68.98,68.84,965516.9999999999,14010,2025-09-10 09:39:59
2025-09-10 09:40:00,68.85,69.04,69.04,68.85,2018124.2999999998,29270,2025-09-10 09:49:59
2025-09-10 09:50:00,69.04,68.97,69.3,68.94,25863192.6,374210,2025-09-10 09:59:59
2025-09-10 10:00:00,68.97,69.0,69.11,68.96,15046052.9,218050,2025-09-10 10:09:59
2025-09-10 10:10:00,68.96,69.07,69.13,68.96,6269742.1,90820,2025-09-10 10:19:59
2025-09-10 10:20:00,69.08,69.3,69.79,69.01,38258162.69999998,552140,2025-09-10 10:29:59
2025-09-10 10:30:00,69.32,69.23,69.37,69.21,1940849.5000000002,28010,2025-09-10 10:39:59
2025-09-10 10:40:00,69.23,69.49,69.62,69.22,17266251.599999987,248720,2025-09-10 10:49:59
2025-09-10 10:50:00,69.48,69.6,69.61,69.48,4395941.1,63200,2025-09-10 10:59:59
2025-09-10 11:00:00,69.58,69.59,69.59,69.5,1610968.6,23170,2025-09-10 11:09:59
2025-09-10 11:10:00,69.58,69.76,69.78,69.57,8500499.100000001,121980,2025-09-10 11:19:59
2025-09-10 11:20:00,69.77,69.76,69.77,69.76,6166822.200000001,88400,2025-09-10 11:29:59
2025-09-10 11:30:00,69.76,69.76,69.77,69.76,10515682.0,150740,2025-09-10 11:39:59
2025-09-10 11:40:00,69.77,69.82,69.89,69.76,7346453.399999995,105260,2025-09-10 11:49:59
2025-09-10 11:50:00,69.82,69.8,69.87,69.8,4113858.8,58920,2025-09-10 11:59:59
2025-09-10 12:00:00,69.8,69.8,69.85,69.8,1621636.9000000001,23230,2025-09-10 12:09:59
2025-09-10 12:10:00,69.8,69.8,69.82,69.8,2074621.3000000003,29720,2025-09-10 12:19:59
2025-09-10 12:20:00,69.8,69.8,69.81,69.8,4447659.7,63720,2025-09-10 12:29:59
2025-09-10 12:30:00,69.8,69.89,69.97,69.8,8045644.3999999985,115160,2025-09-10 12:39:59
2025-09-10 12:40:00,69.89,69.84,69.9,69.8,3009962.1,43100,2025-09-10 12:49:59
2025-09-10 12:50:00,69.84,69.88,69.95,69.83,1362024.3999999997,19490,2025-09-10 12:59:59
2025-09-10 13:00:00,69.9,69.88,69.91,69.87,669417.4999999999,9580,2025-09-10 13:09:59
2025-09-10 13:10:00,69.88,69.87,69.89,69.87,388488.00000000006,5560,2025-09-10 13:19:59
2025-09-10 13:20:00,69.87,69.84,69.88,69.8,2551512.4000000004,36540,2025-09-10 13:29:59
2025-09-10 13:30:00,69.81,69.85,69.85,69.8,3176436.6000000006,45490,2025-09-10 13:39:59
2025-09-10 13:40:00,69.85,69.81,69.85,69.8,2632403.9,37710,2025-09-10 13:49:59
2025-09-10 13:50:00,69.8,69.81,69.81,69.8,3862756.4,55340,2025-09-10 13:59:59
2025-09-10 14:00:00,69.8,69.81,69.84,69.8,3231905.4000000004,46300,2025-09-10 14:09:59
2025-09-10 14:10:00,69.81,69.84,69.85,69.8,2547877.5999999996,36480,2025-09-10 14:19:59
2025-09-10 14:20:00,69.85,69.85,69.85,69.84,6536562.6,93580,2025-09-10 14:29:59
2025-09-10 14:30:00,69.84,69.84,69.85,69.84,5967265.000000001,85430,2025-09-10 14:39:59
2025-09-10 14:40:00,69.83,69.82,69.84,69.81,605316.5,8670,2025-09-10 14:49:59
2025-09-10 14:50:00,69.82,69.81,69.84,69.8,5214913.0,74710,2025-09-10 14:59:59
2025-09-10 15:00:00,69.8,69.74,69.81,69.7,12959935.499999998,185760,2025-09-10 15:09:59
2025-09-10 15:10:00,69.75,69.81,69.85,69.74,13137393.2,188150,2025-09-10 15:19:59
2025-09-10 15:20:00,69.84,69.83,69.85,69.78,11037240.000000002,158030,2025-09-10 15:29:59
2025-09-10 15:30:00,69.83,69.77,69.85,69.77,1961510.8,28090,2025-09-10 15:39:59
2025-09-10 15:40:00,69.77,69.77,69.8,69.74,849681.5999999999,12180,2025-09-10 15:49:59
2025-09-10 15:50:00,69.79,69.75,69.8,69.7,4238196.0,60790,2025-09-10 15:59:59
2025-09-10 16:00:00,69.76,69.72,69.79,69.71,2527080.7,36240,2025-09-10 16:09:59
2025-09-10 16:10:00,69.72,69.71,69.72,69.7,7975872.700000001,114430,2025-09-10 16:19:59
2025-09-10 16:20:00,69.71,69.75,69.75,69.7,1319476.3,18920,2025-09-10 16:29:59
2025-09-10 16:30:00,69.75,69.75,69.75,69.74,912971.4000000001,13090,2025-09-10 16:39:59
2025-09-10 16:40:00,69.75,69.74,69.75,69.72,546709.3999999999,7840,2025-09-10 16:49:59
2025-09-10 16:50:00,69.74,69.74,69.75,69.71,2936339.8,42100,2025-09-10 16:59:59
2025-09-10 17:00:00,69.74,69.75,69.75,69.74,1132708.7999999998,16240,2025-09-10 17:09:59
2025-09-10 17:10:00,69.75,69.75,69.75,69.74,965328.5000000001,13840,2025-09-10 17:19:59
2025-09-10 17:20:00,69.75,69.74,69.75,69.74,3520950.300000001,50480,2025-09-10 17:29:59
2025-09-10 17:30:00,69.75,69.72,69.75,69.72,765791.2,10980,2025-09-10 17:39:59
2025-09-10 17:40:00,69.72,69.74,69.75,69.71,4061032.6999999997,58230,2025-09-10 17:49:59
2025-09-10 17:50:00,69.75,69.72,69.75,69.71,681230.4000000001,9770,2025-09-10 17:59:59
2025-09-10 18:00:00,69.72,69.72,69.88,69.71,20168129.8,288980,2025-09-10 18:09:59
2025-09-10 18:10:00,69.71,69.59,69.85,69.54,5457198.6,78320,2025-09-10 18:19:59
2025-09-10 18:20:00,69.59,69.57,69.6,69.55,2013022.7000000002,28930,2025-09-10 18:29:59
2025-09-10 18:30:00,69.59,69.56,69.6,69.53,1719007.4,24710,2025-09-10 18:39:59
2025-09-10 18:40:00,69.6,69.6,69.6,69.6,217152.0,3120,2025-09-10 18:49:08
2025-09-10 19:00:00,69.6,69.54,69.63,69.54,782130.1,11240,2025-09-10 19:09:59
2025-09-10 19:10:00,69.54,69.27,69.54,69.23,7269443.399999999,104830,2025-09-10 19:19:59
2025-09-10 19:20:00,69.28,69.24,69.28,69.11,5952927.9,86030,2025-09-10 19:29:59
2025-09-10 19:30:00,69.22,69.03,69.25,69.02,2763450.9,40000,2025-09-10 19:39:59
2025-09-10 19:40:00,69.03,69.26,69.26,69.03,10115816.6,146420,2025-09-10 19:49:59
2025-09-10 19:50:00,69.26,69.27,69.3,69.22,1681301.2,24270,2025-09-10 19:59:59
2025-09-10 20:00:00,69.25,69.14,69.26,69.14,536881.7,7760,2025-09-10 20:09:59
2025-09-10 20:10:00,69.17,69.17,69.18,69.17,71940.0,1040,2025-09-10 20:19:59
2025-09-10 20:20:00,69.17,69.03,69.18,69.03,2418099.0999999996,35000,2025-09-10 20:29:59
2025-09-10 20:30:00,69.05,69.16,69.16,69.04,907587.4,13140,2025-09-10 20:39:59
2025-09-10 20:40:00,69.13,69.25,69.25,69.13,580034.3,8380,2025-09-10 20:49:59
2025-09-10 20:50:00,69.27,69.2,69.3,69.2,1186555.3,17130,2025-09-10 20:59:09
2025-09-10 21:00:00,69.26,69.21,69.26,69.16,505115.60000000003,7300,2025-09-10 21:09:59
2025-09-10 21:10:00,69.23,69.25,69.26,69.23,71332.7,1030,2025-09-10 21:19:59
2025-09-10 21:20:00,69.23,69.2,69.23,69.19,230444.1,3330,2025-09-10 21:29:59
2025-09-10 21:30:00,69.19,69.12,69.2,69.1,1030033.3000000002,14900,2025-09-10 21:39:59
2025-09-10 21:40:00,69.11,69.11,69.12,69.1,1360077.0999999999,19680,2025-09-10 21:49:59
2025-09-10 21:50:00,69.11,69.11,69.11,69.1,346195.8,5010,2025-09-10 21:59:59
2025-09-10 22:00:00,69.1,69.12,69.12,69.1,383517.6,5550,2025-09-10 22:09:59
2025-09-10 22:10:00,69.12,69.15,69.15,69.1,334584.20000000007,4840,2025-09-10 22:19:59
2025-09-10 22:20:00,69.11,69.07,69.11,69.05,904393.5999999999,13090,2025-09-10 22:29:59
2025-09-10 22:30:00,69.05,68.96,69.05,68.91,4068829.8000000007,58990,2025-09-10 22:39:59
2025-09-10 22:40:00,68.96,68.9,68.96,68.85,1100895.4000000001,15980,2025-09-10 22:49:59
2025-09-10 22:50:00,68.9,68.85,68.91,68.85,1275190.2000000002,18520,2025-09-10 22:59:59
2025-09-10 23:00:00,68.87,68.87,68.88,68.85,563892.6,8190,2025-09-10 23:09:59
2025-09-10 23:10:00,68.87,68.9,68.91,68.85,806401.7999999999,11710,2025-09-10 23:19:59
2025-09-10 23:20:00,68.91,68.91,68.94,68.9,1275577.9,18510,2025-09-10 23:29:59
2025-09-10 23:30:00,68.91,68.95,68.96,68.9,974547.7999999999,14140,2025-09-10 23:39:59
2025-09-10 23:40:00,68.95,68.96,68.96,68.91,473622.8,6870,2025-09-10 23:49:59
2025-09-11 06:50:00,69.0,69.0,69.0,69.0,8970.0,130,2025-09-11 06:59:59
2025-09-11 07:00:00,69.1,69.43,69.47,69.0,6021934.999999999,86980,2025-09-11 07:09:59
2025-09-11 07:10:00,69.44,69.34,69.44,69.32,160152.6,2310,2025-09-11 07:19:59
2025-09-11 07:20:00,69.39,69.31,69.39,69.28,166446.8,2400,2025-09-11 07:29:59
2025-09-11 07:30:00,69.31,69.27,69.35,69.17,1161237.6,16770,2025-09-11 07:39:59
2025-09-11 07:40:00,69.27,69.18,69.27,69.16,881094.4,12730,2025-09-11 07:49:59
2025-09-11 07:50:00,69.17,69.08,69.17,69.08,1037411.3000000002,15010,2025-09-11 07:59:59
2025-09-11 08:00:00,69.13,69.09,69.13,69.09,71875.0,1040,2025-09-11 08:09:59
2025-09-11 08:10:00,69.09,69.1,69.1,69.08,134029.3,1940,2025-09-11 08:19:59
2025-09-11 08:20:00,69.1,69.17,69.17,69.1,378920.00000000006,5480,2025-09-11 08:29:59
2025-09-11 08:30:00,69.15,69.16,69.18,69.11,123790.6,1790,2025-09-11 08:39:59
2025-09-11 08:40:00,69.16,69.12,69.16,69.12,85713.6,1240,2025-09-11 08:49:59
2025-09-11 08:50:00,69.15,69.14,69.15,69.12,224044.4,3240,2025-09-11 08:59:01
2025-09-11 09:00:00,69.12,69.06,69.12,69.05,551931.1000000001,7990,2025-09-11 09:09:59
2025-09-11 09:10:00,69.07,69.17,69.17,69.07,527490.3,7630,2025-09-11 09:19:59
2025-09-11 09:20:00,69.17,69.15,69.18,69.15,17292.6,250,2025-09-11 09:29:59
2025-09-11 09:30:00,69.16,69.17,69.17,69.16,111362.29999999999,1610,2025-09-11 09:39:59
2025-09-11 09:40:00,69.17,69.17,69.17,69.16,71243.9,1030,2025-09-11 09:49:59
2025-09-11 09:50:00,69.17,69.15,69.19,69.15,1396745.8,20190,2025-09-11 09:59:01
2025-09-11 10:00:00,69.17,69.14,69.24,69.14,1168402.1,16890,2025-09-11 10:09:59
2025-09-11 10:10:00,69.15,69.13,69.17,69.12,2587316.5999999996,37420,2025-09-11 10:19:59
2025-09-11 10:20:00,69.16,68.86,69.16,68.86,3865914.8000000003,56040,2025-09-11 10:29:59
2025-09-11 10:30:00,68.86,68.86,68.94,68.85,1855670.4999999998,26940,2025-09-11 10:39:59
2025-09-11 10:40:00,68.86,68.8,68.86,68.8,2243248.8,32600,2025-09-11 10:49:59
2025-09-11 10:50:00,68.81,68.7,68.89,68.7,4728845.300000001,68750,2025-09-11 10:59:59
2025-09-11 11:00:00,68.7,68.83,68.91,68.67,3879110.7,56380,2025-09-11 11:09:59
2025-09-11 11:10:00,68.83,68.94,68.96,68.81,2807656.1999999997,40750,2025-09-11 11:19:59
2025-09-11 11:20:00,68.94,68.95,68.97,68.84,1991677.6000000003,28910,2025-09-11 11:29:59
2025-09-11 11:30:00,68.93,69.13,69.14,68.9,2992164.4,43330,2025-09-11 11:39:59
2025-09-11 11:40:00,69.13,68.97,69.17,68.97,8682496.0,125680,2025-09-11 11:49:59
2025-09-11 11:50:00,68.96,68.95,69.0,68.95,149689.10000000003,2170,2025-09-11 11:59:59
2025-09-11 12:00:00,68.94,68.9,68.99,68.87,735531.8999999999,10670,2025-09-11 12:09:59
2025-09-11 12:10:00,68.93,68.86,68.93,68.8,2118051.1999999997,30770,2025-09-11 12:19:59
2025-09-11 12:20:00,68.86,68.75,68.86,68.74,2144817.6,31170,2025-09-11 12:29:59
2025-09-11 12:30:00,68.75,68.43,68.75,68.41,17280110.800000004,251950,2025-09-11 12:39:59
2025-09-11 12:40:00,68.44,68.43,68.45,68.42,2187663.8000000003,31970,2025-09-11 12:49:59
2025-09-11 12:50:00,68.43,68.55,68.55,68.42,11217480.5,163820,2025-09-11 12:59:59
2025-09-11 13:00:00,68.52,68.55,68.56,68.47,2667958.9999999995,38930,2025-09-11 13:09:59
2025-09-11 13:10:00,68.52,68.56,68.66,68.52,3238750.2000000007,47210,2025-09-11 13:19:59
2025-09-11 13:20:00,68.59,68.67,68.67,68.58,2913308.8,42440,2025-09-11 13:29:59
2025-09-11 13:30:00,68.65,68.55,68.67,68.54,2029167.2,29580,2025-09-11 13:39:59
2025-09-11 13:40:00,68.57,68.53,68.64,68.53,930603.2,13570,2025-09-11 13:49:59
2025-09-11 13:50:00,68.59,68.56,68.67,68.5,789632.8,11510,2025-09-11 13:59:59
2025-09-11 14:00:00,68.51,68.36,68.54,68.31,5510891.300000002,80570,2025-09-11 14:09:59
2025-09-11 14:10:00,68.41,68.54,68.57,68.37,1358835.9000000001,19840,2025-09-11 14:19:59
2025-09-11 14:20:00,68.54,68.61,68.61,68.43,470308.6,6860,2025-09-11 14:29:59
2025-09-11 14:30:00,68.6,68.52,68.62,68.52,2535243.6999999997,36950,2025-09-11 14:39:59
2025-09-11 14:40:00,68.59,68.49,68.62,68.45,2356884.8,34380,2025-09-11 14:49:59
2025-09-11 14:50:00,68.5,68.46,68.5,68.46,93154.49999999999,1360,2025-09-11 14:59:08
2025-09-11 15:00:00,68.49,68.4,68.49,68.4,1377126.9999999998,20120,2025-09-11 15:09:59
2025-09-11 15:10:00,68.4,68.36,68.42,68.3,1768610.6000000003,25880,2025-09-11 15:19:59
2025-09-11 15:20:00,68.36,68.14,68.4,68.13,13291592.399999999,194680,2025-09-11 15:29:59
2025-09-11 15:30:00,68.15,67.95,68.21,67.91,6852152.599999999,100700,2025-09-11 15:39:59
2025-09-11 15:40:00,67.93,67.83,67.95,67.81,2907759.400000001,42830,2025-09-11 15:49:59
2025-09-11 15:50:00,67.81,68.19,68.19,67.72,11198787.0,164960,2025-09-11 15:59:59
2025-09-11 16:00:00,68.19,68.26,68.3,68.1,1655975.8,24280,2025-09-11 16:09:59
2025-09-11 16:10:00,68.27,68.39,68.41,68.26,1263613.9000000001,18480,2025-09-11 16:19:59
2025-09-11 16:20:00,68.4,68.19,68.41,68.15,2944599.5,43160,2025-09-11 16:29:59
2025-09-11 16:30:00,68.18,68.06,68.19,68.03,2925750.7,42940,2025-09-11 16:39:59
2025-09-11 16:40:00,68.07,68.02,68.11,67.99,7620559.6,111970,2025-09-11 16:49:59
2025-09-11 16:50:00,68.02,68.02,68.04,68.0,1252930.2000000002,18420,2025-09-11 16:59:59
2025-09-11 17:00:00,68.01,68.09,68.21,68.0,5076686.299999999,74530,2025-09-11 17:09:59
2025-09-11 17:10:00,68.13,68.09,68.26,68.09,7981090.1000000015,117060,2025-09-11 17:19:59
2025-09-11 17:20:00,68.1,68.05,68.1,68.0,1709061.4,25110,2025-09-11 17:29:59
2025-09-11 17:30:00,68.06,68.07,68.11,68.04,2332227.4,34250,2025-09-11 17:39:59
2025-09-11 17:40:00,68.08,67.56,68.09,67.35,41598161.4,614670,2025-09-11 17:49:59
2025-09-11 17:50:00,67.56,67.61,67.62,67.45,7405164.8999999985,109660,2025-09-11 17:59:59
2025-09-11 18:00:00,67.62,67.57,67.66,67.5,7681144.9,113650,2025-09-11 18:09:59
2025-09-11 18:10:00,67.58,67.54,67.61,67.53,3589359.4999999963,53120,2025-09-11 18:19:59
2025-09-11 18:20:00,67.54,67.57,67.6,67.5,6167558.6000000015,91300,2025-09-11 18:29:59
2025-09-11 18:30:00,67.6,67.63,67.66,67.57,2617989.9,38730,2025-09-11 18:39:59
2025-09-11 18:40:00,67.68,67.68,67.68,67.68,46699.200000000004,690,2025-09-11 18:49:08
2025-09-11 19:00:00,67.7,67.6,67.72,67.6,975195.2,14410,2025-09-11 19:09:59
2025-09-11 19:10:00,67.59,67.87,68.04,67.59,8055165.1,118730,2025-09-11 19:19:59
2025-09-11 19:20:00,67.87,68.01,68.1,67.87,6523201.399999999,95880,2025-09-11 19:29:59
2025-09-11 19:30:00,68.02,67.96,68.03,67.94,1184900.0999999999,17430,2025-09-11 19:39:59
2025-09-11 19:40:00,67.95,67.94,67.96,67.91,1423233.6,20950,2025-09-11 19:49:59
2025-09-11 19:50:00,67.94,67.91,67.94,67.88,2532239.4,37280,2025-09-11 19:59:09
2025-09-11 20:00:00,67.91,67.91,67.93,67.82,2540595.0999999996,37430,2025-09-11 20:09:59
2025-09-11 20:10:00,67.92,67.94,67.98,67.88,1048903.2,15440,2025-09-11 20:19:59
2025-09-11 20:20:00,67.93,67.96,67.99,67.93,855166.9,12580,2025-09-11 20:29:59
2025-09-11 20:30:00,67.96,67.93,67.97,67.86,13528088.100000001,199100,2025-09-11 20:39:59
2025-09-11 20:40:00,67.92,67.9,67.92,67.86,1584349.5000000002,23340,2025-09-11 20:49:59
2025-09-11 20:50:00,67.9,67.94,67.97,67.89,302850.10000000003,4460,2025-09-11 20:59:09
2025-09-11 21:00:00,67.92,67.91,67.96,67.9,639976.8999999999,9420,2025-09-11 21:09:59
2025-09-11 21:10:00,67.93,67.94,67.94,67.9,139901.8,2060,2025-09-11 21:19:59
2025-09-11 21:20:00,67.94,67.97,67.98,67.93,439053.0999999999,6460,2025-09-11 21:29:59
2025-09-11 21:30:00,67.97,68.15,68.15,67.97,2455159.6,36090,2025-09-11 21:39:59
2025-09-11 21:40:00,68.12,68.1,68.17,68.1,588778.9000000001,8640,2025-09-11 21:49:59
2025-09-11 21:50:00,68.1,68.16,68.16,68.08,393120.19999999995,5770,2025-09-11 21:59:59
2025-09-11 22:00:00,68.13,68.17,68.21,68.13,399572.0,5860,2025-09-11 22:09:59
2025-09-11 22:10:00,68.2,68.2,68.21,68.18,308944.3,4530,2025-09-11 22:19:59
2025-09-11 22:20:00,68.18,68.16,68.19,68.16,76343.5,1120,2025-09-11 22:29:59
2025-09-11 22:30:00,68.17,68.16,68.18,68.16,134282.5,1970,2025-09-11 22:39:59
2025-09-11 22:40:00,68.16,68.16,68.16,68.12,134208.30000000002,1970,2025-09-11 22:49:59
2025-09-11 22:50:00,68.15,68.16,68.16,68.12,206431.2,3030,2025-09-11 22:59:09
2025-09-11 23:00:00,68.16,68.22,68.27,68.12,1790573.9,26250,2025-09-11 23:09:59
2025-09-11 23:10:00,68.22,68.24,68.24,68.19,416828.80000000005,6110,2025-09-11 23:19:59
2025-09-11 23:20:00,68.25,68.23,68.25,68.21,2729.1000000000004,40,2025-09-11 23:29:59
2025-09-11 23:30:00,68.22,68.17,68.26,68.17,998725.8,14640,2025-09-11 23:39:59
2025-09-11 23:40:00,68.17,68.13,68.19,68.1,1290545.4000000001,18940,2025-09-11 23:49:59
2025-09-12 06:50:00,68.13,68.13,68.13,68.13,2043.8999999999999,30,2025-09-12 06:59:59
2025-09-12 07:00:00,68.28,68.47,68.47,68.13,1691027.9000000004,24750,2025-09-12 07:09:59
2025-09-12 07:10:00,68.46,68.64,68.66,68.42,6143755.200000002,89590,2025-09-12 07:19:59
2025-09-12 07:20:00,68.63,68.29,68.64,68.12,8701238.8,127210,2025-09-12 07:29:59
2025-09-12 07:30:00,68.29,68.34,68.45,68.22,1544338.8,22600,2025-09-12 07:39:59
2025-09-12 07:40:00,68.34,68.38,68.43,68.26,1302518.3000000005,19060,2025-09-12 07:49:59
2025-09-12 07:50:00,68.32,68.36,68.36,68.3,146222.8,2140,2025-09-12 07:59:06
2025-09-12 08:00:00,68.29,68.28,68.36,68.24,1285812.6,18830,2025-09-12 08:09:59
2025-09-12 08:10:00,68.28,68.31,68.31,68.2,590428.9,8650,2025-09-12 08:19:59
2025-09-12 08:20:00,68.36,68.35,68.44,68.32,1199328.2000000002,17540,2025-09-12 08:29:59
2025-09-12 08:30:00,68.35,68.33,68.36,68.3,248825.9,3640,2025-09-12 08:39:59
2025-09-12 08:40:00,68.34,68.38,68.38,68.34,141534.5,2070,2025-09-12 08:49:59
2025-09-12 08:50:00,68.39,68.44,68.44,68.37,115565.69999999998,1690,2025-09-12 08:59:59
2025-09-12 09:00:00,68.44,68.54,68.56,68.42,3239999.8,47280,2025-09-12 09:09:59
2025-09-12 09:10:00,68.54,68.45,68.54,68.41,995611.4,14540,2025-09-12 09:19:59
2025-09-12 09:20:00,68.42,68.49,68.49,68.41,1359747.7,19870,2025-09-12 09:29:59
2025-09-12 09:30:00,68.47,68.55,68.56,68.43,2267633.9000000004,33100,2025-09-12 09:39:59
2025-09-12 09:40:00,68.55,68.26,68.56,68.26,1299211.7,19000,2025-09-12 09:49:59
2025-09-12 09:50:00,68.25,68.32,68.32,68.13,5299056.8,77630,2025-09-12 09:59:59
2025-09-12 10:00:00,68.3,68.33,68.33,68.3,8209908.800000002,120200,2025-09-12 10:09:59
2025-09-12 10:10:00,68.33,68.12,68.37,68.0,11200010.100000001,164160,2025-09-12 10:19:59
2025-09-12 10:20:00,68.12,68.0,68.18,68.0,1054821.9,15490,2025-09-12 10:29:59
2025-09-12 10:30:00,68.0,67.91,68.01,67.87,3785352.5,55720,2025-09-12 10:39:59
2025-09-12 10:40:00,67.92,67.96,68.0,67.89,1386670.6999999997,20400,2025-09-12 10:49:59
2025-09-12 10:50:00,67.96,67.84,67.97,67.81,1663260.8,24510,2025-09-12 10:59:59
2025-09-12 11:00:00,67.84,67.95,67.96,67.77,1979798.7,29150,2025-09-12 11:09:59
2025-09-12 11:10:00,67.91,67.9,67.96,67.81,989531.9,14580,2025-09-12 11:19:59
2025-09-12 11:20:00,67.9,67.82,68.08,67.82,4572534.8,67260,2025-09-12 11:29:59
2025-09-12 11:30:00,67.81,68.02,68.07,67.8,3168967.9,46610,2025-09-12 11:39:59
2025-09-12 11:40:00,68.04,67.81,68.12,67.79,6699749.700000004,98570,2025-09-12 11:49:59
2025-09-12 11:50:00,67.87,67.81,67.88,67.75,4359183.7,64290,2025-09-12 11:59:59
2025-09-12 12:00:00,67.81,67.7,67.81,67.66,1834050.1,27080,2025-09-12 12:09:59
2025-09-12 12:10:00,67.71,67.73,67.77,67.7,415152.39999999997,6130,2025-09-12 12:19:59
2025-09-12 12:20:00,67.73,67.71,67.81,67.7,1187951.7,17530,2025-09-12 12:29:59
2025-09-12 12:30:00,67.71,67.73,67.78,67.7,2426863.5,35830,2025-09-12 12:39:59
2025-09-12 12:40:00,67.75,67.81,67.81,67.74,755595.7999999999,11150,2025-09-12 12:49:59
2025-09-12 12:50:00,67.83,67.77,67.85,67.69,5981900.2,88230,2025-09-12 12:59:59
2025-09-12 13:00:00,67.76,67.81,67.82,67.73,1421394.0,20970,2025-09-12 13:09:59
2025-09-12 13:10:00,67.8,67.78,67.85,67.65,2557406.4999999995,37770,2025-09-12 13:19:59
2025-09-12 13:20:00,67.83,67.74,67.83,67.65,8087329.700000001,119500,2025-09-12 13:29:59
2025-09-12 13:30:00,67.8,67.48,67.8,67.26,72540510.70000003,1073700,2025-09-12 13:39:59
2025-09-12 13:40:00,67.53,67.48,67.72,67.32,12659859.499999998,187470,2025-09-12 13:49:59
2025-09-12 13:50:00,67.51,67.23,67.59,67.13,26376167.200000003,392040,2025-09-12 13:59:59
2025-09-12 14:00:00,67.25,67.41,67.53,67.25,11091961.600000001,164610,2025-09-12 14:09:59
2025-09-12 14:10:00,67.41,67.08,67.45,66.87,50326227.800000004,750350,2025-09-12 14:19:59
2025-09-12 14:20:00,67.07,67.01,67.13,66.97,3962147.7,59110,2025-09-12 14:29:59
2025-09-12 14:30:00,67.01,67.02,67.05,66.93,4014360.3,59930,2025-09-12 14:39:59
2025-09-12 14:40:00,67.04,67.04,67.09,67.0,1043071.7,15560,2025-09-12 14:49:59
2025-09-12 14:50:00,67.03,66.94,67.05,66.91,17800215.0,265880,2025-09-12 14:59:59
2025-09-12 15:00:00,66.92,66.91,66.95,66.9,11223360.6,167650,2025-09-12 15:09:59
2025-09-12 15:10:00,66.92,66.58,66.92,66.48,55323101.20000002,828360,2025-09-12 15:19:59
2025-09-12 15:20:00,66.57,66.5,66.67,66.4,16299034.499999998,244820,2025-09-12 15:29:59
2025-09-12 15:30:00,66.5,66.15,66.52,66.15,15856723.1,239170,2025-09-12 15:39:59
2025-09-12 15:40:00,66.15,66.16,66.23,66.0,19634320.899999995,297070,2025-09-12 15:49:59
2025-09-12 15:50:00,66.16,65.99,66.19,65.93,15828465.500000002,239580,2025-09-12 15:59:59
2025-09-12 16:00:00,66.01,66.08,66.27,65.82,13003849.299999997,196810,2025-09-12 16:09:59
2025-09-12 16:10:00,66.08,65.77,66.1,65.71,23006541.299999993,349130,2025-09-12 16:19:59
2025-09-12 16:20:00,65.79,65.96,66.0,65.78,4303645.099999999,65260,2025-09-12 16:29:59
2025-09-12 16:30:00,65.96,65.7,65.99,65.61,21969726.6,333690,2025-09-12 16:39:59
2025-09-12 16:40:00,65.69,65.93,65.99,65.69,13952335.3,211770,2025-09-12 16:49:59
2025-09-12 16:50:00,65.93,65.92,66.0,65.92,6663823.8,101000,2025-09-12 16:59:59
2025-09-12 17:00:00,65.92,66.06,66.11,65.92,4523232.700000001,68510,2025-09-12 17:09:59
2025-09-12 17:10:00,66.04,66.11,66.2,65.98,5594677.8999999985,84640,2025-09-12 17:19:59
2025-09-12 17:20:00,66.12,66.19,66.28,66.06,2678659.8,40470,2025-09-12 17:29:59
2025-09-12 17:30:00,66.22,66.43,66.46,66.19,7415668.1,111800,2025-09-12 17:39:59
2025-09-12 17:40:00,66.42,66.32,66.44,66.32,7066302.3,106520,2025-09-12 17:49:59
2025-09-12 17:50:00,66.32,66.32,66.33,66.32,7150788.900000013,107820,2025-09-12 17:59:59
2025-09-12 18:00:00,66.32,66.39,66.45,66.32,3493080.9000000036,52620,2025-09-12 18:09:59
2025-09-12 18:10:00,66.42,66.21,66.42,66.2,5120268.799999999,77210,2025-09-12 18:19:59
2025-09-12 18:20:00,66.23,66.24,66.34,66.23,6880758.999999996,103850,2025-09-12 18:29:59
2025-09-12 18:30:00,66.24,66.21,66.25,66.2,2149332.300000002,32450,2025-09-12 18:39:59
2025-09-12 18:40:00,66.2,66.2,66.2,66.2,104596.0,1580,2025-09-12 18:46:09
2025-09-12 19:00:00,66.25,66.23,66.29,66.2,1461670.8000000003,22060,2025-09-12 19:09:59
2025-09-12 19:10:00,66.24,65.89,66.26,65.82,5816127.1,88060,2025-09-12 19:19:59
2025-09-12 19:20:00,65.9,65.9,65.95,65.87,4181550.1,63440,2025-09-12 19:29:59
2025-09-12 19:30:00,65.9,65.93,66.1,65.82,9509890.4,144180,2025-09-12 19:39:59
2025-09-12 19:40:00,65.95,66.18,66.18,65.92,9685265.6,146530,2025-09-12 19:49:59
2025-09-12 19:50:00,66.19,66.21,66.25,66.19,2450943.8,37010,2025-09-12 19:59:09
2025-09-12 20:00:00,66.21,66.29,66.29,66.11,4541518.6,68580,2025-09-12 20:09:59
2025-09-12 20:10:00,66.22,66.25,66.28,66.21,807497.9000000001,12190,2025-09-12 20:19:59
2025-09-12 20:20:00,66.22,66.22,66.22,66.21,928989.2999999999,14030,2025-09-12 20:29:59
2025-09-12 20:30:00,66.21,66.07,66.22,66.05,2452449.0,37070,2025-09-12 20:39:59
2025-09-12 20:40:00,66.06,66.05,66.13,66.03,1236724.1,18720,2025-09-12 20:49:59
2025-09-12 20:50:00,66.03,65.94,66.04,65.88,2462554.6999999997,37340,2025-09-12 20:59:59
2025-09-12 21:00:00,65.97,65.98,65.98,65.95,956545.0999999999,14500,2025-09-12 21:09:59
2025-09-12 21:10:00,65.98,66.0,66.03,65.92,841199.0,12750,2025-09-12 21:19:59
2025-09-12 21:20:00,65.99,65.98,66.0,65.95,457226.1,6930,2025-09-12 21:29:59
2025-09-12 21:30:00,65.95,66.03,66.04,65.94,487552.9000000001,7390,2025-09-12 21:39:59
2025-09-12 21:40:00,66.06,66.11,66.11,66.03,985146.6,14910,2025-09-12 21:49:59
2025-09-12 21:50:00,66.11,66.11,66.12,66.11,292870.0,4430,2025-09-12 21:59:59
2025-09-12 22:00:00,66.13,66.09,66.14,66.09,52223.0,790,2025-09-12 22:09:59
2025-09-12 22:10:00,66.09,66.14,66.14,66.08,724629.5,10960,2025-09-12 22:19:59
2025-09-12 22:20:00,66.13,65.88,66.13,65.86,3278752.0,49700,2025-09-12 22:29:59
2025-09-12 22:30:00,65.88,65.8,65.88,65.8,1355448.4999999995,20590,2025-09-12 22:39:59
2025-09-12 22:40:00,65.85,65.8,65.87,65.8,857622.8,13030,2025-09-12 22:49:59
2025-09-12 22:50:00,65.81,65.81,65.82,65.8,831215.7,12630,2025-09-12 22:59:59
2025-09-12 23:00:00,65.81,65.75,65.81,65.71,2515182.6,38240,2025-09-12 23:09:59
2025-09-12 23:10:00,65.74,65.74,65.79,65.73,995715.6000000001,15140,2025-09-12 23:19:59
2025-09-12 23:20:00,65.75,65.75,65.77,65.73,232727.2,3540,2025-09-12 23:29:59
2025-09-12 23:30:00,65.75,65.81,65.82,65.75,1429985.4,21730,2025-09-12 23:39:59
2025-09-12 23:40:00,65.81,65.74,65.82,65.74,877188.5,13330,2025-09-12 23:49:59
2025-09-13 09:50:00,66.05,66.05,66.05,66.05,6605.0,100,2025-09-13 09:59:59
2025-09-13 11:40:00,65.74,65.88,66.05,65.74,54117.3,820,2025-09-13 11:49:59
2025-09-13 11:50:00,65.8,65.91,65.95,65.8,228557.9,3470,2025-09-13 11:59:59
2025-09-13 12:00:00,65.88,65.88,65.88,65.82,146839.50000000003,2230,2025-09-13 12:09:59
2025-09-13 12:10:00,65.86,65.82,65.92,65.76,467963.89999999997,7110,2025-09-13 12:19:59
2025-09-13 12:20:00,65.76,65.76,65.82,65.76,23021.1,350,2025-09-13 12:29:59
2025-09-13 12:30:00,65.79,65.8,65.85,65.76,364452.50000000006,5540,2025-09-13 12:39:59
2025-09-13 12:40:00,65.78,65.81,65.81,65.77,71033.4,1080,2025-09-13 12:49:59
2025-09-13 12:50:00,65.81,65.8,65.81,65.76,142065.0,2160,2025-09-13 12:59:06
2025-09-13 13:00:00,65.76,65.85,65.85,65.73,442159.89999999997,6720,2025-09-13 13:09:59
2025-09-13 13:10:00,65.83,65.87,65.87,65.83,87592.59999999999,1330,2025-09-13 13:19:59
2025-09-13 13:20:00,65.87,65.88,65.88,65.84,100113.6,1520,2025-09-13 13:29:59
2025-09-13 13:30:00,65.84,65.88,65.88,65.84,29640.400000000005,450,2025-09-13 13:39:59
2025-09-13 13:40:00,65.88,65.87,65.88,65.84,12511.8,190,2025-09-13 13:49:59
2025-09-13 13:50:00,65.87,65.87,65.89,65.77,539525.8999999999,8190,2025-09-13 13:59:59
2025-09-13 14:00:00,65.85,65.83,65.89,65.8,442748.80000000005,6720,2025-09-13 14:09:59
2025-09-13 14:10:00,65.89,65.89,65.89,65.84,14495.0,220,2025-09-13 14:19:59
2025-09-13 14:20:00,65.89,65.9,65.91,65.83,190450.5,2890,2025-09-13 14:29:59
2025-09-13 14:30:00,65.91,65.9,65.91,65.83,109970.0,1670,2025-09-13 14:39:59
2025-09-13 14:40:00,65.85,65.9,65.9,65.82,191548.60000000003,2910,2025-09-13 14:49:59
2025-09-13 14:50:00,65.91,65.86,65.93,65.86,89627.29999999999,1360,2025-09-13 14:59:59
2025-09-13 15:00:00,65.86,65.84,65.87,65.83,5267.6,80,2025-09-13 15:09:59
2025-09-13 15:10:00,65.83,65.82,65.86,65.82,57274.5,870,2025-09-13 15:19:59
2025-09-13 15:20:00,65.86,65.88,65.88,65.81,100714.9,1530,2025-09-13 15:29:59
2025-09-13 15:30:00,65.89,65.9,65.9,65.88,79738.5,1210,2025-09-13 15:39:59
2025-09-13 15:40:00,65.88,65.88,65.88,65.83,22393.600000000002,340,2025-09-13 15:49:59
2025-09-13 15:50:00,65.85,65.85,65.85,65.83,19754.0,300,2025-09-13 15:57:06
2025-09-13 16:00:00,65.85,65.91,65.91,65.82,86933.1,1320,2025-09-13 16:09:59
2025-09-13 16:10:00,65.89,65.89,65.89,65.89,5271.2,80,2025-09-13 16:19:59
2025-09-13 16:20:00,65.85,65.83,65.91,65.8,129671.10000000002,1970,2025-09-13 16:29:59
2025-09-13 16:30:00,65.85,65.78,65.85,65.75,45383.2,690,2025-09-13 16:39:59
2025-09-13 16:40:00,65.78,65.72,65.78,65.72,117671.6,1790,2025-09-13 16:49:59
2025-09-13 16:50:00,65.72,65.72,65.72,65.7,432377.69999999995,6580,2025-09-13 16:59:06
2025-09-13 17:00:00,65.7,65.6,65.71,65.31,4696729.4,71680,2025-09-13 17:09:59
2025-09-13 17:10:00,65.54,65.55,65.59,65.49,220742.59999999998,3370,2025-09-13 17:19:59
2025-09-13 17:20:00,65.55,65.52,65.55,65.49,44555.2,680,2025-09-13 17:29:59
2025-09-13 17:30:00,65.58,65.57,65.6,65.36,1486130.7000000002,22700,2025-09-13 17:39:59
2025-09-13 17:40:00,65.6,65.6,65.67,65.6,59074.3,900,2025-09-13 17:49:59
2025-09-13 17:50:00,65.6,65.6,65.67,65.6,61665.799999999996,940,2025-09-13 17:58:06
2025-09-13 18:00:00,65.67,65.72,65.72,65.67,379762.50000000006,5780,2025-09-13 18:09:59
2025-09-13 18:10:00,65.71,65.65,65.71,65.65,274630.5,4180,2025-09-13 18:19:59
2025-09-13 18:20:00,65.65,65.6,65.65,65.6,86616.5,1320,2025-09-13 18:29:59
2025-09-13 18:30:00,65.61,65.58,65.61,65.55,863497.5,13170,2025-09-13 18:39:59
2025-09-13 18:40:00,65.59,65.69,65.7,65.59,182584.5,2780,2025-09-13 18:49:59
2025-09-13 18:50:00,65.68,65.7,65.71,65.57,154924.90000000002,2360,2025-09-13 18:59:59
2025-09-14 09:50:00,65.7,65.7,65.7,65.7,3285.0,50,2025-09-14 09:59:59
2025-09-14 10:00:00,65.71,65.51,65.8,65.31,215135.5,3280,2025-09-14 10:09:59
2025-09-14 10:10:00,65.65,65.67,65.69,65.53,108930.7,1660,2025-09-14 10:19:59
2025-09-14 10:20:00,65.65,65.68,65.69,65.6,17071.6,260,2025-09-14 10:29:59
2025-09-14 10:30:00,65.58,65.63,65.67,65.54,303002.30000000005,4620,2025-09-14 10:39:59
2025-09-14 10:40:00,65.65,65.76,65.76,65.62,139271.1,2120,2025-09-14 10:49:59
2025-09-14 10:50:00,65.71,65.75,65.76,65.7,101841.39999999998,1550,2025-09-14 10:59:59
2025-09-14 11:00:00,65.75,65.77,65.77,65.74,106517.70000000001,1620,2025-09-14 11:09:59
2025-09-14 11:10:00,65.75,65.75,65.77,65.75,101256.80000000002,1540,2025-09-14 11:19:59
2025-09-14 11:20:00,65.75,65.73,65.75,65.71,19061.7,290,2025-09-14 11:29:59
2025-09-14 11:30:00,65.73,65.71,65.73,65.7,22999.200000000004,350,2025-09-14 11:39:59
2025-09-14 11:40:00,65.75,65.71,65.75,65.71,15118.1,230,2025-09-14 11:49:59
2025-09-14 11:50:00,65.75,65.72,65.75,65.71,50603.4,770,2025-09-14 11:59:59
2025-09-14 12:00:00,65.72,65.69,65.72,65.6,1331840.9,20280,2025-09-14 12:09:59
2025-09-14 12:10:00,65.71,65.6,65.71,65.6,60363.0,920,2025-09-14 12:19:59
2025-09-14 12:20:00,65.69,65.69,65.69,65.56,103770.4,1580,2025-09-14 12:29:59
2025-09-14 12:30:00,65.69,65.65,65.69,65.58,22977.4,350,2025-09-14 12:39:59
2025-09-14 12:40:00,65.65,65.66,65.67,65.6,34798.09999999999,530,2025-09-14 12:49:59
2025-09-14 12:50:00,65.66,65.67,65.67,65.66,193716.2,2950,2025-09-14 12:59:59
2025-09-14 13:00:00,65.67,65.6,65.67,65.6,11812.900000000001,180,2025-09-14 13:09:59
2025-09-14 13:10:00,65.66,65.65,65.66,65.55,62986.6,960,2025-09-14 13:19:59
2025-09-14 13:20:00,65.66,65.67,65.67,65.64,16416.3,250,2025-09-14 13:29:59
2025-09-14 13:30:00,65.66,65.69,65.69,65.61,164819.0,2510,2025-09-14 13:39:59
2025-09-14 13:40:00,65.69,65.65,65.75,65.65,179379.10000000003,2730,2025-09-14 13:49:59
2025-09-14 13:50:00,65.63,65.65,65.74,65.6,100469.2,1530,2025-09-14 13:59:06
2025-09-14 14:00:00,65.65,65.65,65.65,65.59,31494.6,480,2025-09-14 14:09:59
2025-09-14 14:10:00,65.65,65.72,65.72,65.65,62369.399999999994,950,2025-09-14 14:19:59
2025-09-14 14:20:00,65.71,65.7,65.73,65.7,11828.0,180,2025-09-14 14:29:59
2025-09-14 14:30:00,65.71,65.85,65.87,65.65,1697716.1,25790,2025-09-14 14:39:59
2025-09-14 14:40:00,65.87,65.95,65.99,65.85,1436947.4,21790,2025-09-14 14:49:59
2025-09-14 14:50:00,65.98,65.98,65.98,65.98,13196.0,200,2025-09-14 14:51:02
2025-09-14 15:00:00,65.99,66.0,66.0,65.94,371543.5,5630,2025-09-14 15:09:59
2025-09-14 15:10:00,66.0,65.97,66.02,65.96,165007.6,2500,2025-09-14 15:19:59
2025-09-14 15:20:00,66.01,66.12,66.32,66.01,2061796.7000000002,31130,2025-09-14 15:29:59
2025-09-14 15:30:00,66.15,65.99,66.15,65.99,224590.80000000002,3400,2025-09-14 15:39:59
2025-09-14 15:40:00,65.99,66.01,66.06,65.98,184889.40000000002,2800,2025-09-14 15:49:59
2025-09-14 15:50:00,65.97,65.95,66.0,65.95,389900.60000000003,5910,2025-09-14 15:59:02
2025-09-14 16:00:00,66.03,65.98,66.06,65.98,15848.699999999999,240,2025-09-14 16:09:59
2025-09-14 16:10:00,65.99,65.98,65.99,65.97,67963.0,1030,2025-09-14 16:19:59
2025-09-14 16:20:00,65.98,65.98,66.22,65.98,163289.3,2470,2025-09-14 16:29:59
2025-09-14 16:30:00,65.99,66.03,66.03,65.97,35632.2,540,2025-09-14 16:39:59
2025-09-14 16:40:00,65.99,66.0,66.09,65.99,93128.8,1410,2025-09-14 16:49:59
2025-09-14 16:50:00,66.02,65.98,66.07,65.98,52815.299999999996,800,2025-09-14 16:59:59
2025-09-14 17:00:00,65.99,66.08,66.08,65.99,58116.3,880,2025-09-14 17:09:59
2025-09-14 17:10:00,66.03,66.03,66.09,66.03,10566.0,160,2025-09-14 17:19:59
2025-09-14 17:20:00,66.01,66.0,66.01,66.0,10561.5,160,2025-09-14 17:29:59
2025-09-14 17:30:00,66.07,66.02,66.09,66.02,17830.700000000004,270,2025-09-14 17:39:59
2025-09-14 17:40:00,66.02,65.98,66.02,65.98,69296.70000000001,1050,2025-09-14 17:49:59
2025-09-14 17:50:00,65.98,66.0,66.0,65.89,676046.3,10250,2025-09-14 17:59:59
2025-09-14 18:00:00,66.0,66.41,66.59,65.98,10079239.100000001,151890,2025-09-14 18:09:59
2025-09-14 18:10:00,66.37,66.27,66.37,66.27,106132.0,1600,2025-09-14 18:19:59
2025-09-14 18:20:00,66.27,66.17,66.33,66.17,185415.90000000002,2800,2025-09-14 18:29:59
2025-09-14 18:30:00,66.2,66.22,66.39,66.19,89400.5,1350,2025-09-14 18:39:59
2025-09-14 18:40:00,66.22,66.31,66.49,66.16,1205322.4999999998,18180,2025-09-14 18:49:59
2025-09-14 18:50:00,66.45,66.32,66.48,66.29,55070.9,830,2025-09-14 18:58:06
2025-09-15 06:50:00,66.3,66.3,66.3,66.3,147186.0,2220,2025-09-15 06:59:59
2025-09-15 07:00:00,66.3,66.55,66.59,65.94,1922805.6,28930,2025-09-15 07:09:59
2025-09-15 07:10:00,66.55,66.48,66.55,66.48,926203.1999999998,13930,2025-09-15 07:19:59
2025-09-15 07:20:00,66.49,66.38,66.53,66.38,2202545.3,33150,2025-09-15 07:29:59
2025-09-15 07:30:00,66.38,66.22,66.54,66.22,3894965.6,58710,2025-09-15 07:39:59
2025-09-15 07:40:00,66.23,66.21,66.32,66.21,117307.9,1770,2025-09-15 07:49:59
2025-09-15 07:50:00,66.23,66.23,66.27,66.2,955019.2000000001,14420,2025-09-15 07:59:59
2025-09-15 08:00:00,66.24,66.33,66.33,66.22,315446.6,4760,2025-09-15 08:09:59
2025-09-15 08:10:00,66.28,66.23,66.32,66.22,567767.4,8570,2025-09-15 08:19:59
2025-09-15 08:20:00,66.22,66.1,66.23,66.06,1622232.6,24530,2025-09-15 08:29:59
2025-09-15 08:30:00,66.12,66.72,67.1,66.12,24848189.700000003,372850,2025-09-15 08:39:59
2025-09-15 08:40:00,66.71,66.73,66.77,66.67,2292631.0000000005,34350,2025-09-15 08:49:59
2025-09-15 08:50:00,66.67,66.65,66.71,66.59,2288893.5999999996,34350,2025-09-15 08:59:59
2025-09-15 09:00:00,66.61,66.6,66.69,66.53,2785332.5,41820,2025-09-15 09:09:59
2025-09-15 09:10:00,66.6,66.47,66.64,66.47,3723243.2,55910,2025-09-15 09:19:59
2025-09-15 09:20:00,66.52,66.6,66.6,66.47,952903.3000000003,14320,2025-09-15 09:29:59
2025-09-15 09:30:00,66.61,66.75,66.83,66.55,6349715.600000001,95180,2025-09-15 09:39:59
2025-09-15 09:40:00,66.74,66.66,66.75,66.58,8588208.500000002,128830,2025-09-15 09:49:59
2025-09-15 09:50:00,66.67,66.9,67.13,66.66,11174862.399999999,167090,2025-09-15 09:59:59
2025-09-15 10:00:00,66.89,66.62,66.89,66.57,17516045.599999998,262680,2025-09-15 10:09:59
2025-09-15 10:10:00,66.62,66.63,66.75,66.61,2159732.6000000006,32390,2025-09-15 10:19:59
2025-09-15 10:20:00,66.63,66.43,66.66,66.33,9013161.7,135540,2025-09-15 10:29:59
2025-09-15 10:30:00,66.45,66.18,66.48,66.17,2461907.8,37110,2025-09-15 10:39:59
2025-09-15 10:40:00,66.18,66.31,66.35,66.1,4350365.2,65720,2025-09-15 10:49:59
2025-09-15 10:50:00,66.28,66.16,66.31,66.14,1827393.9,27600,2025-09-15 10:59:59
2025-09-15 11:00:00,66.16,66.18,66.21,66.11,2131204.2,32210,2025-09-15 11:09:59
2025-09-15 11:10:00,66.18,65.88,66.18,65.84,3289498.8,49820,2025-09-15 11:19:59
2025-09-15 11:20:00,65.87,65.69,65.87,65.66,3455471.6999999993,52570,2025-09-15 11:29:59
2025-09-15 11:30:00,65.7,65.69,65.87,65.65,4445270.099999999,67600,2025-09-15 11:39:59
2025-09-15 11:40:00,65.69,65.75,65.89,65.66,4016001.0000000005,61050,2025-09-15 11:49:59
2025-09-15 11:50:00,65.77,65.83,65.96,65.77,2191609.4,33260,2025-09-15 11:59:59
2025-09-15 12:00:00,65.83,65.84,65.89,65.68,2320772.1999999993,35280,2025-09-15 12:09:59
2025-09-15 12:10:00,65.84,65.94,65.99,65.79,1906901.9000000001,28930,2025-09-15 12:19:59
2025-09-15 12:20:00,65.98,65.9,65.98,65.89,814557.3000000002,12360,2025-09-15 12:29:59
2025-09-15 12:30:00,65.91,65.79,66.08,65.76,7345301.900000001,111500,2025-09-15 12:39:59
2025-09-15 12:40:00,65.8,65.61,65.8,65.53,8674907.500000004,132140,2025-09-15 12:49:59
2025-09-15 12:50:00,65.58,65.51,65.63,65.5,8311490.499999999,126760,2025-09-15 12:59:59
2025-09-15 13:00:00,65.5,65.75,65.77,65.38,29600960.0,451310,2025-09-15 13:09:59
2025-09-15 13:10:00,65.75,65.74,65.75,65.71,5161938.5,78510,2025-09-15 13:19:59
2025-09-15 13:20:00,65.73,65.25,65.75,65.19,29373902.000000004,449530,2025-09-15 13:29:59
2025-09-15 13:30:00,65.25,65.25,65.34,65.21,16333489.600000001,250300,2025-09-15 13:39:59
2025-09-15 13:40:00,65.26,64.89,65.26,64.72,29650541.1,456330,2025-09-15 13:49:59
2025-09-15 13:50:00,64.87,64.78,64.89,64.72,6800355.899999999,104960,2025-09-15 13:59:59
2025-09-15 14:00:00,64.77,64.78,64.86,64.67,10330757.299999999,159530,2025-09-15 14:09:59
2025-09-15 14:10:00,64.78,64.7,64.78,64.63,8146563.7,125890,2025-09-15 14:19:59
2025-09-15 14:20:00,64.73,64.76,64.83,64.62,10076464.2,155700,2025-09-15 14:29:59
2025-09-15 14:30:00,64.77,64.67,64.81,64.62,8181634.899999999,126480,2025-09-15 14:39:59
2025-09-15 14:40:00,64.68,64.65,64.73,64.6,9471315.799999999,146500,2025-09-15 14:49:59
2025-09-15 14:50:00,64.66,64.53,64.67,64.51,9817780.399999999,152030,2025-09-15 14:59:59
2025-09-15 15:00:00,64.54,64.59,64.75,64.54,13298413.799999997,205790,2025-09-15 15:09:59
2025-09-15 15:10:00,64.6,64.5,64.61,64.47,8269523.299999999,128130,2025-09-15 15:19:59
2025-09-15 15:20:00,64.49,64.41,64.51,64.41,16441969.2,255080,2025-09-15 15:29:59
2025-09-15 15:30:00,64.41,64.49,64.76,64.41,18309460.2,283510,2025-09-15 15:39:59
2025-09-15 15:40:00,64.48,64.41,64.57,64.4,16871504.000000004,261870,2025-09-15 15:49:59
2025-09-15 15:50:00,64.4,64.3,64.45,64.28,11988389.599999998,186360,2025-09-15 15:59:59
2025-09-15 16:00:00,64.3,64.21,64.41,64.21,8100267.199999999,125950,2025-09-15 16:09:59
2025-09-15 16:10:00,64.21,63.66,64.26,63.66,27904138.599999994,436300,2025-09-15 16:19:59
2025-09-15 16:20:00,63.66,63.71,63.8,63.5,21192332.3,332870,2025-09-15 16:29:59
2025-09-15 16:30:00,63.73,63.72,63.81,63.63,23093351.6,362530,2025-09-15 16:39:59
2025-09-15 16:40:00,63.71,63.64,63.75,63.62,10017906.7,157330,2025-09-15 16:49:59
2025-09-15 16:50:00,63.64,63.28,63.66,63.26,25676076.200000003,404460,2025-09-15 16:59:59
2025-09-15 17:00:00,63.28,63.3,63.4,63.25,14553242.599999998,229830,2025-09-15 17:09:59
2025-09-15 17:10:00,63.29,63.2,63.33,63.08,17979075.300000004,284530,2025-09-15 17:19:59
2025-09-15 17:20:00,63.19,63.22,63.3,63.14,12528437.7,198170,2025-09-15 17:29:59
2025-09-15 17:30:00,63.21,63.25,63.38,63.11,19235050.1,304080,2025-09-15 17:39:59
2025-09-15 17:40:00,63.24,63.21,63.34,63.16,14242132.200000005,225190,2025-09-15 17:49:59
2025-09-15 17:50:00,63.2,63.07,63.24,62.92,18720384.5,296740,2025-09-15 17:59:59
2025-09-15 18:00:00,63.06,62.98,63.09,62.9,9179313.1,145720,2025-09-15 18:09:59
2025-09-15 18:10:00,62.97,62.8,63.04,62.72,18818650.6,299340,2025-09-15 18:19:59
2025-09-15 18:20:00,62.78,62.6,62.81,62.57,19144757.299999997,305340,2025-09-15 18:29:59
2025-09-15 18:30:00,62.6,62.9,62.96,62.55,13490799.9,214960,2025-09-15 18:39:59
2025-09-15 18:40:00,62.8,62.8,62.8,62.8,5240032.0,83440,2025-09-15 18:49:59
2025-09-15 19:00:00,62.87,62.92,62.92,62.81,3609198.2,57410,2025-09-15 19:09:59
2025-09-15 19:10:00,62.91,62.96,63.1,62.91,9707847.7,154090,2025-09-15 19:19:59
2025-09-15 19:20:00,62.98,62.86,62.98,62.8,12217090.7,194330,2025-09-15 19:29:59
2025-09-15 19:30:00,62.86,62.85,62.91,62.8,3432913.3,54620,2025-09-15 19:39:59
2025-09-15 19:40:00,62.85,62.99,63.01,62.85,2187173.0000000005,34750,2025-09-15 19:49:59
2025-09-15 19:50:00,62.99,63.05,63.15,62.99,6642243.8,105280,2025-09-15 19:59:59
2025-09-15 20:00:00,63.05,63.08,63.18,63.03,3817690.9000000004,60510,2025-09-15 20:09:59
2025-09-15 20:10:00,63.1,63.09,63.1,63.06,902072.1,14300,2025-09-15 20:19:59
2025-09-15 20:20:00,63.09,63.12,63.16,63.04,3104195.9,49180,2025-09-15 20:29:59
2025-09-15 20:30:00,63.12,63.04,63.12,63.03,748489.3999999999,11870,2025-09-15 20:39:59
2025-09-15 20:40:00,63.03,63.12,63.12,63.03,1605312.5999999999,25450,2025-09-15 20:49:59
2025-09-15 20:50:00,63.12,63.05,63.12,63.04,555132.8,8800,2025-09-15 20:59:59
2025-09-15 21:00:00,63.05,62.98,63.06,62.88,5720623.400000002,90870,2025-09-15 21:09:59
2025-09-15 21:10:00,62.98,62.9,62.98,62.9,1109093.7,17630,2025-09-15 21:19:59
2025-09-15 21:20:00,62.89,63.01,63.05,62.89,2512478.2,39890,2025-09-15 21:29:59
2025-09-15 21:30:00,63.02,63.01,63.05,63.0,306220.39999999997,4860,2025-09-15 21:39:59
2025-09-15 21:40:00,63.0,62.96,63.01,62.93,722581.5999999999,11470,2025-09-15 21:49:59
2025-09-15 21:50:00,62.97,63.06,63.06,62.94,2698083.6999999993,42820,2025-09-15 21:59:59
2025-09-15 22:00:00,63.06,63.1,63.11,63.03,1521809.5,24130,2025-09-15 22:09:59
2025-09-15 22:10:00,63.1,63.05,63.1,63.03,94579.5,1500,2025-09-15 22:19:59
2025-09-15 22:20:00,63.06,63.08,63.1,63.06,479421.1,7600,2025-09-15 22:29:59
2025-09-15 22:30:00,63.1,63.12,63.13,63.08,530142.5,8400,2025-09-15 22:39:59
2025-09-15 22:40:00,63.12,63.13,63.14,63.12,153404.2,2430,2025-09-15 22:49:59
2025-09-15 22:50:00,63.15,63.19,63.24,63.15,1111007.0,17580,2025-09-15 22:59:09
2025-09-15 23:00:00,63.21,63.19,63.21,63.12,1574800.0,24930,2025-09-15 23:09:59
2025-09-15 23:10:00,63.15,63.22,63.22,63.15,1060994.2,16790,2025-09-15 23:19:59
2025-09-15 23:20:00,63.2,63.1,63.24,63.06,2040059.8000000003,32310,2025-09-15 23:29:59
2025-09-15 23:30:00,63.1,63.12,63.17,63.1,749387.7,11870,2025-09-15 23:39:59
2025-09-15 23:40:00,63.11,63.13,63.15,63.04,1195445.1,18950,2025-09-15 23:49:59
2025-09-16 06:50:00,63.13,63.13,63.13,63.13,16413.8,260,2025-09-16 06:59:59
2025-09-16 07:00:00,63.13,63.15,63.22,63.08,1260462.5,19970,2025-09-16 07:09:59
2025-09-16 07:10:00,63.11,63.15,63.15,62.96,1625840.9000000001,25780,2025-09-16 07:19:59
2025-09-16 07:20:00,63.16,63.3,63.31,63.16,1860049.3000000003,29400,2025-09-16 07:29:59
2025-09-16 07:30:00,63.3,63.29,63.31,63.25,805782.3999999999,12730,2025-09-16 07:39:59
2025-09-16 07:40:00,63.29,63.32,63.34,63.29,2481214.9,39190,2025-09-16 07:49:59
2025-09-16 07:50:00,63.33,63.35,63.35,63.31,1141255.3,18020,2025-09-16 07:59:59
2025-09-16 08:00:00,63.34,63.27,63.35,63.25,656250.1000000001,10370,2025-09-16 08:09:59
2025-09-16 08:10:00,63.31,63.38,63.38,63.25,858813.6,13570,2025-09-16 08:19:59
2025-09-16 08:20:00,63.38,63.39,63.39,63.36,363206.60000000003,5730,2025-09-16 08:29:59
2025-09-16 08:30:00,63.4,63.44,63.47,63.31,3737516.8000000007,58950,2025-09-16 08:39:59
2025-09-16 08:40:00,63.44,63.45,63.46,63.43,1430433.4,22550,2025-09-16 08:49:59
2025-09-16 08:50:00,63.45,63.47,63.47,63.42,1381975.8,21780,2025-09-16 08:59:59
2025-09-16 09:00:00,63.47,63.51,63.58,63.46,4408513.800000001,69400,2025-09-16 09:09:59
2025-09-16 09:10:00,63.46,63.42,63.5,63.31,6030299.4,95130,2025-09-16 09:19:59
2025-09-16 09:20:00,63.42,63.43,63.43,63.38,329675.8,5200,2025-09-16 09:29:59
2025-09-16 09:30:00,63.43,63.4,63.43,63.4,336696.1,5310,2025-09-16 09:39:59
2025-09-16 09:40:00,63.4,63.41,63.46,63.4,1004465.2999999999,15840,2025-09-16 09:49:59
2025-09-16 09:50:00,63.41,63.37,63.41,63.35,4468093.699999999,70490,2025-09-16 09:59:59
2025-09-16 10:00:00,63.35,63.25,63.36,63.05,11530045.200000001,182410,2025-09-16 10:09:59
2025-09-16 10:10:00,63.25,63.44,63.5,63.22,10515349.4,165910,2025-09-16 10:19:59
2025-09-16 10:20:00,63.42,63.6,63.65,63.22,33778998.9,532810,2025-09-16 10:29:59
2025-09-16 10:30:00,63.58,63.92,63.93,63.58,10374800.6,162570,2025-09-16 10:39:59
2025-09-16 10:40:00,63.92,64.3,64.42,63.86,22656134.8,353310,2025-09-16 10:49:59
2025-09-16 10:50:00,64.3,64.05,64.3,63.92,15928653.7,248610,2025-09-16 10:59:59
2025-09-16 11:00:00,64.05,64.04,64.09,64.0,1552297.5999999999,24240,2025-09-16 11:09:59
2025-09-16 11:10:00,64.03,64.05,64.18,64.02,2258136.2,35240,2025-09-16 11:19:59
2025-09-16 11:20:00,64.04,64.09,64.1,63.98,2842883.1999999997,44390,2025-09-16 11:29:59
2025-09-16 11:30:00,64.09,63.93,64.13,63.74,14817106.499999998,231790,2025-09-16 11:39:59
2025-09-16 11:40:00,63.93,63.68,63.94,63.58,13771533.799999999,216160,2025-09-16 11:49:59
2025-09-16 11:50:00,63.68,63.53,63.68,63.38,8097897.299999999,127540,2025-09-16 11:59:59
2025-09-16 12:00:00,63.51,63.39,63.58,63.39,1152884.0,18160,2025-09-16 12:09:59
2025-09-16 12:10:00,63.39,63.43,63.43,63.23,4884735.399999999,77140,2025-09-16 12:19:59
2025-09-16 12:20:00,63.42,63.04,63.44,63.02,9358075.4,148130,2025-09-16 12:29:59
2025-09-16 12:30:00,63.07,62.88,63.15,62.85,8943226.7,141960,2025-09-16 12:39:59
2025-09-16 12:40:00,62.88,62.25,62.91,62.2,26573096.200000007,425140,2025-09-16 12:49:59
2025-09-16 12:50:00,62.22,62.33,62.43,62.19,12803019.0,205470,2025-09-16 12:59:59
2025-09-16 13:00:00,62.33,62.2,62.33,61.99,15966164.1,257190,2025-09-16 13:09:59
2025-09-16 13:10:00,62.2,62.18,62.21,62.14,6770786.999999998,108870,2025-09-16 13:19:59
2025-09-16 13:20:00,62.18,62.08,62.2,62.07,4068793.5,65460,2025-09-16 13:29:59
2025-09-16 13:30:00,62.08,62.13,62.14,62.02,7104416.0,114420,2025-09-16 13:39:59
2025-09-16 13:40:00,62.14,62.28,62.29,62.14,6291590.4,101100,2025-09-16 13:49:59
2025-09-16 13:50:00,62.25,62.2,62.29,62.15,4285418.899999999,68860,2025-09-16 13:59:59
2025-09-16 14:00:00,62.22,62.28,62.37,62.2,3781141.7000000007,60730,2025-09-16 14:09:59
2025-09-16 14:10:00,62.29,62.56,62.56,62.28,14202341.7,227350,2025-09-16 14:19:59
2025-09-16 14:20:00,62.55,62.58,62.58,62.45,4470598.5,71500,2025-09-16 14:29:59
2025-09-16 14:30:00,62.58,62.8,62.87,62.58,14699280.099999996,234510,2025-09-16 14:39:59
2025-09-16 14:40:00,62.8,63.03,63.1,62.8,5890491.5,93530,2025-09-16 14:49:59
2025-09-16 14:50:00,63.02,63.22,63.27,62.91,12966116.5,205680,2025-09-16 14:59:59
2025-09-16 15:00:00,63.24,63.13,63.29,63.02,4972075.199999999,78740,2025-09-16 15:09:59
2025-09-16 15:10:00,63.14,63.16,63.22,63.06,5456227.6,86430,2025-09-16 15:19:59
2025-09-16 15:20:00,63.16,63.15,63.2,63.06,1525660.6,24170,2025-09-16 15:29:59
2025-09-16 15:30:00,63.17,63.15,63.23,63.11,1591799.0999999999,25200,2025-09-16 15:39:59
2025-09-16 15:40:00,63.14,63.17,63.23,63.1,2014042.9,31880,2025-09-16 15:49:59
2025-09-16 15:50:00,63.17,63.18,63.26,63.12,2759788.0999999996,43670,2025-09-16 15:59:59
2025-09-16 16:00:00,63.21,63.13,63.23,63.07,1952488.7,30910,2025-09-16 16:09:59
2025-09-16 16:10:00,63.12,62.71,63.14,62.63,18003804.2,286300,2025-09-16 16:19:59
2025-09-16 16:20:00,62.71,62.8,63.14,62.66,6209304.499999999,98740,2025-09-16 16:29:59
2025-09-16 16:30:00,62.8,63.1,63.17,62.79,9482918.200000001,150460,2025-09-16 16:39:59
2025-09-16 16:40:00,63.1,63.05,63.13,62.91,5415750.699999999,85970,2025-09-16 16:49:59
2025-09-16 16:50:00,63.06,63.34,63.51,63.06,14224793.1,224360,2025-09-16 16:59:59
2025-09-16 17:00:00,63.34,63.53,63.78,63.34,16202821.200000003,255020,2025-09-16 17:09:59
2025-09-16 17:10:00,63.51,63.58,63.76,63.5,3748537.5,58910,2025-09-16 17:19:59
2025-09-16 17:20:00,63.57,63.48,63.62,63.42,7122270.8,112140,2025-09-16 17:29:59
2025-09-16 17:30:00,63.44,63.29,63.5,63.26,2645878.8,41740,2025-09-16 17:39:59
2025-09-16 17:40:00,63.28,63.27,63.28,63.16,2594745.2,41030,2025-09-16 17:49:59
2025-09-16 17:50:00,63.27,63.3,63.33,63.18,3537360.5,55900,2025-09-16 17:59:59
2025-09-16 18:00:00,63.3,63.67,63.68,63.16,19149175.2,302200,2025-09-16 18:09:59
2025-09-16 18:10:00,63.68,63.85,63.87,63.59,12133686.1,190310,2025-09-16 18:19:59
2025-09-16 18:20:00,63.8,63.78,63.85,63.77,2236178.9,35050,2025-09-16 18:29:59
2025-09-16 18:30:00,63.79,63.71,63.79,63.69,1891286.9000000001,29680,2025-09-16 18:39:59
2025-09-16 18:40:00,63.68,63.68,63.68,63.68,1614288.0000000002,25350,2025-09-16 18:49:59
2025-09-16 19:00:00,63.71,64.02,64.04,63.68,3574296.9999999995,55930,2025-09-16 19:09:59
2025-09-16 19:10:00,64.03,64.07,64.09,64.01,4050513.5,63230,2025-09-16 19:19:59
2025-09-16 19:20:00,64.07,63.97,64.07,63.92,3867284.9999999995,60440,2025-09-16 19:29:59
2025-09-16 19:30:00,63.97,63.99,64.03,63.96,359016.50000000006,5610,2025-09-16 19:39:59
2025-09-16 19:40:00,63.98,63.97,63.98,63.92,525003.7,8210,2025-09-16 19:49:59
2025-09-16 19:50:00,63.97,63.97,64.04,63.96,1325789.7,20720,2025-09-16 19:59:59
2025-09-16 20:00:00,63.97,63.72,63.97,63.67,8223206.6000000015,129010,2025-09-16 20:09:59
2025-09-16 20:10:00,63.73,63.74,63.74,63.72,144047.59999999998,2260,2025-09-16 20:19:59
2025-09-16 20:20:00,63.72,63.7,63.74,63.66,457984.7,7190,2025-09-16 20:29:59
2025-09-16 20:30:00,63.72,63.73,63.81,63.72,911511.2999999999,14300,2025-09-16 20:39:59
2025-09-16 20:40:00,63.74,63.64,63.75,63.63,343197.8,5390,2025-09-16 20:49:59
2025-09-16 20:50:00,63.68,63.7,63.74,63.65,137588.0,2160,2025-09-16 20:59:59
2025-09-16 21:00:00,63.74,63.74,63.75,63.72,61189.100000000006,960,2025-09-16 21:09:59
2025-09-16 21:10:00,63.72,63.73,63.73,63.68,86001.9,1350,2025-09-16 21:19:59
2025-09-16 21:20:00,63.73,63.74,63.75,63.7,212850.5,3340,2025-09-16 21:29:59
2025-09-16 21:30:00,63.74,63.75,63.75,63.74,531024.5,8330,2025-09-16 21:39:59
2025-09-16 21:40:00,63.76,63.77,63.79,63.73,599391.2999999999,9400,2025-09-16 21:49:59
2025-09-16 21:50:00,63.77,63.77,63.78,63.75,29965.600000000002,470,2025-09-16 21:58:09
2025-09-16 22:00:00,63.75,63.79,63.79,63.73,563121.2999999999,8830,2025-09-16 22:09:59
2025-09-16 22:10:00,63.8,63.72,63.81,63.72,3125648.1,49010,2025-09-16 22:19:59
2025-09-16 22:20:00,63.73,63.73,63.74,63.72,182263.8,2860,2025-09-16 22:29:59
2025-09-16 22:30:00,63.73,63.71,63.74,63.71,249182.50000000003,3910,2025-09-16 22:39:59
2025-09-16 22:40:00,63.7,63.57,63.7,63.57,2022896.0000000002,31790,2025-09-16 22:49:59
2025-09-16 22:50:00,63.57,63.46,63.57,63.46,525367.7,8270,2025-09-16 22:59:59
2025-09-16 23:00:00,63.49,63.45,63.49,63.44,406714.89999999997,6410,2025-09-16 23:09:59
2025-09-16 23:10:00,63.46,63.33,63.47,63.33,1039460.8999999999,16400,2025-09-16 23:19:59
2025-09-16 23:20:00,63.4,63.47,63.54,63.4,1048895.5,16520,2025-09-16 23:29:59
2025-09-16 23:30:00,63.47,63.43,63.54,63.43,1029541.2000000002,16220,2025-09-16 23:39:59
2025-09-16 23:40:00,63.5,63.44,63.53,63.44,707942.1000000001,11150,2025-09-16 23:43:05
2025-09-17 07:00:00,63.33,63.53,63.85,63.33,503141.0000000001,7910,2025-09-17 07:09:59
2025-09-17 07:10:00,63.58,63.6,63.64,63.46,476020.39999999997,7490,2025-09-17 07:19:59
2025-09-17 07:20:00,63.62,63.59,63.62,63.58,87139.0,1370,2025-09-17 07:29:59
2025-09-17 07:30:00,63.62,63.7,63.7,63.62,169405.7,2660,2025-09-17 07:39:59
2025-09-17 07:40:00,63.75,63.88,63.89,63.75,1433143.9000000001,22450,2025-09-17 07:49:59
2025-09-17 07:50:00,63.89,63.92,63.95,63.89,904558.8,14150,2025-09-17 07:59:06
2025-09-17 08:00:00,63.92,63.96,63.98,63.92,343441.5,5370,2025-09-17 08:09:59
2025-09-17 08:10:00,63.97,63.98,63.98,63.89,441292.0,6900,2025-09-17 08:19:59
2025-09-17 08:20:00,63.95,63.98,64.0,63.94,2430817.1999999997,37990,2025-09-17 08:29:59
2025-09-17 08:30:00,63.98,64.02,64.15,63.95,2118829.8,33090,2025-09-17 08:39:59
2025-09-17 08:40:00,64.02,63.99,64.09,63.96,3007213.6,46990,2025-09-17 08:49:59
2025-09-17 08:50:00,64.02,63.94,64.02,63.93,65903.59999999999,1030,2025-09-17 08:58:02
2025-09-17 09:00:00,63.94,63.73,63.94,63.65,3021397.4000000004,47400,2025-09-17 09:09:59
2025-09-17 09:10:00,63.72,63.42,63.73,63.41,3323194.5999999987,52330,2025-09-17 09:19:59
2025-09-17 09:20:00,63.41,63.2,63.45,63.13,7197628.799999983,113760,2025-09-17 09:29:59
2025-09-17 09:30:00,63.23,63.24,63.28,63.21,693721.2999999999,10970,2025-09-17 09:39:59
2025-09-17 09:40:00,63.23,63.32,63.46,63.23,4227858.399999999,66720,2025-09-17 09:49:59
2025-09-17 09:50:00,63.28,63.05,63.29,62.92,2694083.0,42690,2025-09-17 09:59:59
2025-09-17 10:00:00,63.07,63.31,63.35,62.97,4142151.5,65620,2025-09-17 10:09:59
2025-09-17 10:10:00,63.27,63.48,63.49,63.18,5754678.7,90810,2025-09-17 10:19:59
2025-09-17 10:20:00,63.43,63.47,63.5,63.34,4611128.5,72700,2025-09-17 10:29:59
2025-09-17 10:30:00,63.43,63.43,63.44,63.36,713916.1,11260,2025-09-17 10:39:59
2025-09-17 10:40:00,63.38,63.21,63.41,63.2,3338616.0999999996,52770,2025-09-17 10:49:59
2025-09-17 10:50:00,63.2,63.37,63.41,63.2,5636162.7,89060,2025-09-17 10:59:59
2025-09-17 11:00:00,63.33,63.62,63.62,63.33,6978672.0,109880,2025-09-17 11:09:59
2025-09-17 11:10:00,63.62,63.59,63.72,63.5,3117099.0,48990,2025-09-17 11:19:59
2025-09-17 11:20:00,63.61,63.73,63.78,63.56,2414711.5999999996,37920,2025-09-17 11:29:59
2025-09-17 11:30:00,63.74,63.44,63.77,63.42,3357265.5999999996,52810,2025-09-17 11:39:59
2025-09-17 11:40:00,63.44,63.39,63.49,63.38,2546410.3999999994,40150,2025-09-17 11:49:59
2025-09-17 11:50:00,63.4,63.39,63.4,63.31,1190562.2000000002,18790,2025-09-17 11:59:59
2025-09-17 12:00:00,63.39,63.4,63.53,63.37,5842570.400000002,92090,2025-09-17 12:09:59
2025-09-17 12:10:00,63.4,63.22,63.47,63.16,10660190.500000004,168420,2025-09-17 12:19:59
2025-09-17 12:20:00,63.22,63.2,63.29,63.15,1064018.9000000001,16830,2025-09-17 12:29:59
2025-09-17 12:30:00,63.19,63.22,63.26,63.15,1383763.8000000003,21900,2025-09-17 12:39:59
2025-09-17 12:40:00,63.18,63.1,63.21,63.02,3938197.2,62420,2025-09-17 12:49:59
2025-09-17 12:50:00,63.1,63.14,63.2,63.09,1982769.6,31400,2025-09-17 12:59:59
2025-09-17 13:00:00,63.13,63.15,63.17,63.06,1153901.9000000004,18280,2025-09-17 13:09:59
2025-09-17 13:10:00,63.17,63.41,63.42,63.17,1814552.2,28690,2025-09-17 13:19:59
2025-09-17 13:20:00,63.44,63.52,63.52,63.4,1163163.2,18320,2025-09-17 13:29:59
2025-09-17 13:30:00,63.52,63.52,63.53,63.46,708660.4,11160,2025-09-17 13:39:59
2025-09-17 13:40:00,63.53,63.6,63.67,63.53,3257898.7999999993,51230,2025-09-17 13:49:59
2025-09-17 13:50:00,63.61,63.42,63.64,63.42,2899551.2,45650,2025-09-17 13:59:59
2025-09-17 14:00:00,63.4,63.45,63.5,63.38,1561750.5000000002,24610,2025-09-17 14:09:59
2025-09-17 14:10:00,63.46,63.36,63.51,63.36,2105830.9000000004,33180,2025-09-17 14:19:59
2025-09-17 14:20:00,63.36,63.28,63.38,63.28,893061.4,14100,2025-09-17 14:29:59
2025-09-17 14:30:00,63.29,63.34,63.35,63.29,1094519.5999999999,17280,2025-09-17 14:39:59
2025-09-17 14:40:00,63.35,63.45,63.47,63.33,1955023.8,30850,2025-09-17 14:49:59
2025-09-17 14:50:00,63.46,63.35,63.47,63.28,3414483.6000000006,53890,2025-09-17 14:59:59
2025-09-17 15:00:00,63.35,63.41,63.52,63.35,2612861.0999999996,41170,2025-09-17 15:09:59
2025-09-17 15:10:00,63.42,63.47,63.48,63.38,400809.70000000007,6320,2025-09-17 15:19:59
2025-09-17 15:20:00,63.45,63.33,63.5,63.33,653355.4,10300,2025-09-17 15:29:59
2025-09-17 15:30:00,63.33,63.35,63.36,63.23,1324226.6000000003,20930,2025-09-17 15:39:59
2025-09-17 15:40:00,63.32,63.32,63.36,63.3,174785.30000000002,2760,2025-09-17 15:49:59
2025-09-17 15:50:00,63.31,63.33,63.38,63.3,317826.8,5020,2025-09-17 15:59:59
2025-09-17 16:00:00,63.35,63.31,63.39,63.25,902413.1,14250,2025-09-17 16:09:59
2025-09-17 16:10:00,63.31,63.13,63.31,63.05,3750364.200000001,59360,2025-09-17 16:19:59
2025-09-17 16:20:00,63.13,62.79,63.13,62.79,6184563.2,98240,2025-09-17 16:29:59
2025-09-17 16:30:00,62.8,62.75,62.97,62.68,10539797.700000001,167850,2025-09-17 16:39:59
2025-09-17 16:40:00,62.78,62.56,62.78,62.51,8335413.000000002,133120,2025-09-17 16:49:59
2025-09-17 16:50:00,62.62,62.9,62.96,62.62,6255120.9,99590,2025-09-17 16:59:59
2025-09-17 17:00:00,62.9,63.0,63.14,62.86,2280684.3,36190,2025-09-17 17:09:59
2025-09-17 17:10:00,63.0,62.92,63.07,62.87,2713759.7000000007,43120,2025-09-17 17:19:59
2025-09-17 17:20:00,62.93,63.24,63.24,62.82,9891487.9,156770,2025-09-17 17:29:59
2025-09-17 17:30:00,63.23,63.39,63.39,63.19,8777826.8,138620,2025-09-17 17:39:59
2025-09-17 17:40:00,63.4,63.58,63.58,63.31,5883480.399999999,92710,2025-09-17 17:49:59
2025-09-17 17:50:00,63.57,63.74,63.86,63.57,17027522.9,267130,2025-09-17 17:59:59
2025-09-17 18:00:00,63.75,63.58,63.78,63.58,2211493.1999999997,34720,2025-09-17 18:09:59
2025-09-17 18:10:00,63.58,63.54,63.65,63.38,10096584.1,159030,2025-09-17 18:19:59
2025-09-17 18:20:00,63.55,63.62,63.8,63.45,6448425.2,101380,2025-09-17 18:29:59
2025-09-17 18:30:00,63.62,63.76,63.84,63.62,4663708.799999999,73130,2025-09-17 18:39:59
2025-09-17 18:40:00,63.73,63.73,63.73,63.73,367084.8,5760,2025-09-17 18:48:08
2025-09-17 19:00:00,63.79,64.27,64.33,63.73,14936098.299999999,233020,2025-09-17 19:09:59
2025-09-17 19:10:00,64.27,63.95,64.27,63.91,5936081.7,92650,2025-09-17 19:19:59
2025-09-17 19:20:00,63.95,63.9,63.97,63.9,773232.2,12090,2025-09-17 19:29:59
2025-09-17 19:30:00,63.89,63.83,63.91,63.83,1429709.1,22390,2025-09-17 19:39:59
2025-09-17 19:40:00,63.85,63.86,63.88,63.82,621332.7,9730,2025-09-17 19:49:59
2025-09-17 19:50:00,63.87,63.79,63.87,63.79,879280.6000000001,13770,2025-09-17 19:59:59
2025-09-17 20:00:00,63.79,63.87,63.87,63.74,1007702.2,15800,2025-09-17 20:09:59
2025-09-17 20:10:00,63.87,63.86,63.87,63.82,282281.5,4420,2025-09-17 20:19:59
2025-09-17 20:20:00,63.86,63.72,63.87,63.72,2184190.2,34230,2025-09-17 20:29:59
2025-09-17 20:30:00,63.72,63.74,63.86,63.64,3310231.4,51950,2025-09-17 20:39:59
2025-09-17 20:40:00,63.74,63.75,63.75,63.73,2028321.9,31820,2025-09-17 20:49:59
2025-09-17 20:50:00,63.75,63.71,63.75,63.66,666181.6,10460,2025-09-17 20:59:59
2025-09-17 21:00:00,63.7,63.75,63.75,63.7,562672.6,8830,2025-09-17 21:09:59
2025-09-17 21:10:00,63.75,63.73,63.75,63.73,89860.40000000001,1410,2025-09-17 21:19:59
2025-09-17 21:20:00,63.74,63.72,63.74,63.72,193713.4,3040,2025-09-17 21:29:59
2025-09-17 21:30:00,63.73,63.64,63.75,63.55,5592278.6000000015,87870,2025-09-17 21:39:59
2025-09-17 21:40:00,63.68,63.58,63.68,63.58,1191271.6,18730,2025-09-17 21:49:59
2025-09-17 21:50:00,63.55,63.58,63.58,63.55,125202.2,1970,2025-09-17 21:59:59
2025-09-17 22:00:00,63.56,63.48,63.56,63.41,1604352.9999999998,25280,2025-09-17 22:09:59
2025-09-17 22:10:00,63.48,63.49,63.5,63.46,1493387.7,23520,2025-09-17 22:19:59
2025-09-17 22:20:00,63.49,63.5,63.5,63.46,671812.5,10580,2025-09-17 22:29:59
2025-09-17 22:30:00,63.49,63.6,63.6,63.49,4934028.4,77700,2025-09-17 22:39:59
2025-09-17 22:40:00,63.6,63.6,63.62,63.6,52153.4,820,2025-09-17 22:49:59
2025-09-17 22:50:00,63.62,63.64,63.64,63.62,324527.8,5100,2025-09-17 22:58:09
2025-09-17 23:00:00,63.64,63.61,63.66,63.58,255824.4,4020,2025-09-17 23:09:59
2025-09-17 23:10:00,63.61,63.61,63.61,63.55,381628.0,6000,2025-09-17 23:19:59
2025-09-17 23:20:00,63.56,63.61,63.65,63.55,162199.9,2550,2025-09-17 23:29:59
2025-09-17 23:30:00,63.54,63.52,63.61,63.49,585722.6,9220,2025-09-17 23:39:59
2025-09-17 23:40:00,63.58,63.68,63.7,63.51,1015799.4,15970,2025-09-17 23:49:59
2025-09-18 06:50:00,63.68,63.68,63.68,63.68,2547.2,40,2025-09-18 06:59:59
2025-09-18 07:00:00,63.71,63.65,63.72,63.58,1073540.7,16870,2025-09-18 07:09:59
2025-09-18 07:10:00,63.65,63.82,63.82,63.62,1542219.2999999998,24190,2025-09-18 07:19:59
2025-09-18 07:20:00,63.84,63.81,63.84,63.73,130812.49999999999,2050,2025-09-18 07:29:59
2025-09-18 07:30:00,63.73,63.71,63.79,63.71,340916.89999999997,5350,2025-09-18 07:39:59
2025-09-18 07:40:00,63.71,63.73,63.73,63.65,58614.4,920,2025-09-18 07:49:59
2025-09-18 07:50:00,63.67,63.7,63.72,63.66,27376.3,430,2025-09-18 07:59:59
2025-09-18 08:00:00,63.64,63.61,63.69,63.52,1020477.1000000001,16040,2025-09-18 08:09:59
2025-09-18 08:10:00,63.62,63.65,63.65,63.62,13362.3,210,2025-09-18 08:19:59
2025-09-18 08:20:00,63.65,63.65,63.67,63.63,47112.600000000006,740,2025-09-18 08:29:59
2025-09-18 08:30:00,63.63,63.61,63.63,63.53,733896.3,11540,2025-09-18 08:39:59
2025-09-18 08:40:00,63.59,63.52,63.59,63.52,259242.0,4080,2025-09-18 08:49:59
2025-09-18 08:50:00,63.52,63.49,63.52,63.4,1064628.8,16780,2025-09-18 08:59:59
2025-09-18 09:00:00,63.47,63.42,63.52,63.39,2863379.8999999994,45130,2025-09-18 09:09:59
2025-09-18 09:10:00,63.42,63.49,63.49,63.39,432538.6,6820,2025-09-18 09:19:59
2025-09-18 09:20:00,63.47,63.39,63.48,63.39,888194.2,14000,2025-09-18 09:29:59
2025-09-18 09:30:00,63.43,63.47,63.47,63.39,1003893.4999999999,15830,2025-09-18 09:39:59
2025-09-18 09:40:00,63.47,63.51,63.51,63.42,580305.7999999999,9140,2025-09-18 09:49:59
2025-09-18 09:50:00,63.51,63.54,63.54,63.51,1753552.5,27600,2025-09-18 09:59:59
2025-09-18 10:00:00,63.53,63.44,63.54,63.35,2133116.8,33640,2025-09-18 10:09:59
2025-09-18 10:10:00,63.44,63.36,63.45,63.35,1024739.0,16170,2025-09-18 10:19:59
2025-09-18 10:20:00,63.35,63.39,63.44,63.29,2674980.5,42220,2025-09-18 10:29:59
2025-09-18 10:30:00,63.38,63.22,63.4,63.22,2580709.9,40770,2025-09-18 10:39:59
2025-09-18 10:40:00,63.22,63.21,63.28,63.15,3748497.8000000003,59300,2025-09-18 10:49:59
2025-09-18 10:50:00,63.21,62.95,63.21,62.93,7620475.2,120910,2025-09-18 10:59:59
2025-09-18 11:00:00,62.97,63.07,63.09,62.91,1508764.2000000002,23940,2025-09-18 11:09:59
2025-09-18 11:10:00,63.07,63.28,63.28,63.07,5804422.1,91840,2025-09-18 11:19:59
2025-09-18 11:20:00,63.27,63.31,63.36,63.24,2214062.3000000003,34980,2025-09-18 11:29:59
2025-09-18 11:30:00,63.31,63.57,63.66,63.29,12267863.100000001,193200,2025-09-18 11:39:59
2025-09-18 11:40:00,63.56,63.54,63.57,63.54,483587.39999999997,7610,2025-09-18 11:49:59
2025-09-18 11:50:00,63.54,63.45,63.55,63.41,2390558.6,37660,2025-09-18 11:59:59
2025-09-18 12:00:00,63.46,63.52,63.54,63.4,1143514.0,18010,2025-09-18 12:09:59
2025-09-18 12:10:00,63.5,63.63,63.65,63.46,2920095.4,45940,2025-09-18 12:19:59
2025-09-18 12:20:00,63.57,63.15,63.62,63.11,11591577.599999996,182970,2025-09-18 12:29:59
2025-09-18 12:30:00,63.15,62.97,63.15,62.96,7485811.0,118790,2025-09-18 12:39:59
2025-09-18 12:40:00,62.96,62.76,62.96,62.63,13821685.299999999,220140,2025-09-18 12:49:59
2025-09-18 12:50:00,62.76,62.89,62.98,62.73,5265144.5,83750,2025-09-18 12:59:59
2025-09-18 13:00:00,62.89,62.9,63.0,62.89,2136260.3,33950,2025-09-18 13:09:59
2025-09-18 13:10:00,62.9,62.88,62.91,62.88,3120461.0000000005,49620,2025-09-18 13:19:59
2025-09-18 13:20:00,62.88,62.9,62.95,62.88,1806805.5000000007,28730,2025-09-18 13:29:59
2025-09-18 13:30:00,62.93,62.98,63.09,62.92,5807790.400000001,92150,2025-09-18 13:39:59
2025-09-18 13:40:00,63.0,63.21,63.32,62.93,16856154.7,266820,2025-09-18 13:49:59
2025-09-18 13:50:00,63.22,63.1,63.22,63.1,1861020.3,29470,2025-09-18 13:59:59
2025-09-18 14:00:00,63.1,63.06,63.19,63.05,1330835.0999999999,21080,2025-09-18 14:09:59
2025-09-18 14:10:00,63.06,63.12,63.12,63.02,1107281.3,17560,2025-09-18 14:19:59
2025-09-18 14:20:00,63.12,63.17,63.2,63.1,1114857.3000000003,17650,2025-09-18 14:29:59
2025-09-18 14:30:00,63.18,63.18,63.18,63.07,2033041.9,32200,2025-09-18 14:39:59
2025-09-18 14:40:00,63.14,62.93,63.15,62.79,5291131.499999999,84110,2025-09-18 14:49:59
2025-09-18 14:50:00,62.93,62.81,63.0,62.76,5097796.0,81110,2025-09-18 14:59:59
2025-09-18 15:00:00,62.81,62.59,62.81,62.58,19380148.299999993,309160,2025-09-18 15:09:59
2025-09-18 15:10:00,62.59,62.63,62.7,62.55,17315438.600000005,276530,2025-09-18 15:19:59
2025-09-18 15:20:00,62.63,62.72,62.77,62.6,18134935.9,289450,2025-09-18 15:29:59
2025-09-18 15:30:00,62.69,62.74,62.78,62.58,16162832.599999998,257980,2025-09-18 15:39:59
2025-09-18 15:40:00,62.73,62.66,62.74,62.62,15592126.200000001,248830,2025-09-18 15:49:59
2025-09-18 15:50:00,62.68,62.71,62.8,62.63,16278535.099999998,259600,2025-09-18 15:59:59
2025-09-18 16:00:00,62.71,62.82,62.95,62.71,9292284.1,147750,2025-09-18 16:09:59
2025-09-18 16:10:00,62.82,63.01,63.01,62.82,6916815.700000001,109910,2025-09-18 16:19:59
2025-09-18 16:20:00,63.0,62.81,63.0,62.73,13539152.599999998,215360,2025-09-18 16:29:59
2025-09-18 16:30:00,62.81,62.8,62.89,62.76,693593.2999999999,11040,2025-09-18 16:39:59
2025-09-18 16:40:00,62.78,62.82,62.92,62.78,1572754.2,25020,2025-09-18 16:49:59
2025-09-18 16:50:00,62.84,62.74,62.86,62.74,803970.5000000001,12800,2025-09-18 16:59:59
2025-09-18 17:00:00,62.74,62.82,62.84,62.71,1712065.4000000004,27270,2025-09-18 17:09:59
2025-09-18 17:10:00,62.83,62.92,62.95,62.81,3324317.2999999993,52850,2025-09-18 17:19:59
2025-09-18 17:20:00,62.91,62.89,63.13,62.8,4568823.200000001,72570,2025-09-18 17:29:59
2025-09-18 17:30:00,62.91,62.86,62.93,62.8,989935.3999999999,15750,2025-09-18 17:39:59
2025-09-18 17:40:00,62.87,62.83,62.92,62.8,1444220.2,22980,2025-09-18 17:49:59
2025-09-18 17:50:00,62.81,62.76,62.84,62.74,1010332.8,16090,2025-09-18 17:59:59
2025-09-18 18:00:00,62.77,62.8,62.81,62.76,921705.3,14680,2025-09-18 18:09:59
2025-09-18 18:10:00,62.78,62.94,63.03,62.66,9374387.8,149250,2025-09-18 18:19:59
2025-09-18 18:20:00,62.94,63.0,63.12,62.8,6899805.400000001,109600,2025-09-18 18:29:59
2025-09-18 18:30:00,63.01,62.99,63.09,62.88,11496676.500000002,182450,2025-09-18 18:39:59
2025-09-18 18:40:00,62.81,62.81,62.81,62.81,1654415.4,26340,2025-09-18 18:49:59
2025-09-18 19:00:00,62.97,62.87,62.98,62.81,938860.9,14940,2025-09-18 19:09:59
2025-09-18 19:10:00,62.86,62.93,62.93,62.82,1282167.5,20400,2025-09-18 19:19:59
2025-09-18 19:20:00,62.93,62.89,62.94,62.87,1135999.5,18060,2025-09-18 19:29:59
2025-09-18 19:30:00,62.88,62.87,62.88,62.85,82981.59999999999,1320,2025-09-18 19:39:59
2025-09-18 19:40:00,62.87,62.86,62.87,62.86,324400.7,5160,2025-09-18 19:49:59
2025-09-18 19:50:00,62.87,62.84,62.87,62.84,389096.7,6190,2025-09-18 19:59:59
2025-09-18 20:00:00,62.85,62.77,62.85,62.77,651927.2999999999,10380,2025-09-18 20:09:59
2025-09-18 20:10:00,62.74,62.74,62.76,62.74,183201.4,2920,2025-09-18 20:19:59
2025-09-18 20:20:00,62.74,62.71,62.77,62.71,1273283.9000000001,20290,2025-09-18 20:29:59
2025-09-18 20:30:00,62.71,62.65,62.71,62.65,2442177.6,38960,2025-09-18 20:39:59
2025-09-18 20:40:00,62.65,62.63,62.66,62.62,989069.1000000001,15790,2025-09-18 20:49:59
2025-09-18 20:50:00,62.64,62.59,62.64,62.57,2199382.9999999995,35140,2025-09-18 20:59:59
2025-09-18 21:00:00,62.59,62.6,62.6,62.55,2178110.8,34810,2025-09-18 21:09:59
2025-09-18 21:10:00,62.59,62.58,62.63,62.55,3683316.6999999993,58870,2025-09-18 21:19:59
2025-09-18 21:20:00,62.57,62.6,62.63,62.57,488263.00000000006,7800,2025-09-18 21:29:59
2025-09-18 21:30:00,62.62,62.72,63.07,62.6,10903348.000000002,173560,2025-09-18 21:39:59
2025-09-18 21:40:00,62.72,62.79,62.79,62.72,363311.8,5790,2025-09-18 21:49:59
2025-09-18 21:50:00,62.79,62.8,62.82,62.73,154388.8,2460,2025-09-18 21:59:59
2025-09-18 22:00:00,62.8,62.76,62.8,62.73,277983.3,4430,2025-09-18 22:09:59
2025-09-18 22:10:00,62.77,62.76,62.8,62.74,28243.200000000004,450,2025-09-18 22:19:59
2025-09-18 22:20:00,62.78,62.87,62.87,62.77,232369.0,3700,2025-09-18 22:29:59
2025-09-18 22:30:00,62.88,62.92,62.93,62.88,574916.0,9140,2025-09-18 22:39:59
2025-09-18 22:40:00,62.88,62.83,62.88,62.81,641620.3,10210,2025-09-18 22:49:59
2025-09-18 22:50:00,62.83,62.87,62.92,62.81,153422.80000000002,2440,2025-09-18 22:59:59
2025-09-18 23:00:00,62.87,62.7,62.9,62.56,11122647.500000002,177360,2025-09-18 23:09:59
2025-09-18 23:10:00,62.68,62.63,62.68,62.63,110878.4,1770,2025-09-18 23:19:59
2025-09-18 23:20:00,62.62,62.6,62.63,62.6,519743.7,8300,2025-09-18 23:29:59
2025-09-18 23:30:00,62.6,62.62,62.65,62.58,1261209.7000000002,20150,2025-09-18 23:39:59
2025-09-18 23:40:00,62.66,62.57,62.66,62.56,904404.4,14450,2025-09-18 23:49:59
2025-09-19 06:50:00,62.6,62.6,62.6,62.6,11894.0,190,2025-09-19 06:59:59
2025-09-19 07:00:00,62.67,62.51,62.67,62.37,3843441.7,61540,2025-09-19 07:09:59
2025-09-19 07:10:00,62.5,62.48,62.55,62.46,630692.5,10090,2025-09-19 07:19:59
2025-09-19 07:20:00,62.47,62.32,62.47,62.3,2125152.6,34070,2025-09-19 07:29:59
2025-09-19 07:30:00,62.3,62.25,62.3,62.12,3544522.000000001,56980,2025-09-19 07:39:59
2025-09-19 07:40:00,62.24,62.3,62.3,62.22,86532.99999999999,1390,2025-09-19 07:49:59
2025-09-19 07:50:00,62.28,62.29,62.3,62.25,116478.40000000001,1870,2025-09-19 07:59:59
2025-09-19 08:00:00,62.26,62.27,62.28,62.22,246472.9,3960,2025-09-19 08:09:59
2025-09-19 08:10:00,62.3,62.35,62.35,62.3,479415.80000000005,7690,2025-09-19 08:19:59
2025-09-19 08:20:00,62.35,62.35,62.37,62.33,500681.4,8030,2025-09-19 08:29:59
2025-09-19 08:30:00,62.36,62.37,62.37,62.36,263803.6,4230,2025-09-19 08:39:59
2025-09-19 08:40:00,62.37,62.24,62.42,62.24,1925939.2000000002,30890,2025-09-19 08:49:59
2025-09-19 08:50:00,62.24,62.32,62.33,62.24,399992.2,6420,2025-09-19 08:59:02
2025-09-19 09:00:00,62.33,62.5,62.5,62.33,1717209.3,27500,2025-09-19 09:09:59
2025-09-19 09:10:00,62.5,62.4,62.5,62.08,10408222.499999998,167200,2025-09-19 09:19:59
2025-09-19 09:20:00,62.41,62.31,62.42,62.28,1196001.8000000003,19180,2025-09-19 09:29:59
2025-09-19 09:30:00,62.31,62.32,62.35,62.29,800372.7,12840,2025-09-19 09:39:59
2025-09-19 09:40:00,62.33,62.47,62.47,62.32,1998616.9000000001,32050,2025-09-19 09:49:59
2025-09-19 09:50:00,62.48,62.49,62.56,62.34,3839118.2,61450,2025-09-19 09:59:59
2025-09-19 10:00:00,62.49,62.72,62.81,62.49,13209650.599999998,210730,2025-09-19 10:09:59
2025-09-19 10:10:00,62.71,62.65,62.71,62.54,12467905.9,199150,2025-09-19 10:19:59
2025-09-19 10:20:00,62.59,62.69,62.76,62.58,9891345.0,157850,2025-09-19 10:29:59
2025-09-19 10:30:00,62.7,62.65,62.84,62.57,12792510.700000001,203920,2025-09-19 10:39:59
2025-09-19 10:40:00,62.62,62.74,62.74,62.59,2089432.5,33330,2025-09-19 10:49:59
2025-09-19 10:50:00,62.68,62.65,62.72,62.63,1027047.1,16390,2025-09-19 10:59:59
2025-09-19 11:00:00,62.64,62.57,62.64,62.54,991267.9,15830,2025-09-19 11:09:59
2025-09-19 11:10:00,62.55,62.53,62.57,62.45,845130.0000000001,13520,2025-09-19 11:19:59
2025-09-19 11:20:00,62.5,62.51,62.55,62.42,2099629.6999999997,33610,2025-09-19 11:29:59
2025-09-19 11:30:00,62.5,62.38,62.53,62.28,9282267.299999993,148680,2025-09-19 11:39:59
2025-09-19 11:40:00,62.38,62.35,62.42,62.29,610275.2000000001,9790,2025-09-19 11:49:59
2025-09-19 11:50:00,62.36,62.3,62.4,62.29,1686229.0999999999,27050,2025-09-19 11:59:59
2025-09-19 12:00:00,62.3,62.37,62.42,62.29,1278229.9,20500,2025-09-19 12:09:59
2025-09-19 12:10:00,62.38,62.37,62.43,62.3,2807818.9999999995,45020,2025-09-19 12:19:59
2025-09-19 12:20:00,62.37,62.41,62.47,62.31,2306444.9000000004,36970,2025-09-19 12:29:59
2025-09-19 12:30:00,62.39,62.44,62.53,62.3,10916757.699999997,174870,2025-09-19 12:39:59
2025-09-19 12:40:00,62.43,62.44,62.47,62.39,2466748.3999999994,39520,2025-09-19 12:49:59
2025-09-19 12:50:00,62.45,62.58,62.63,62.42,4738688.8,75820,2025-09-19 12:59:59
2025-09-19 13:00:00,62.57,62.6,62.78,62.57,10655724.200000003,170120,2025-09-19 13:09:59
2025-09-19 13:10:00,62.6,62.59,62.65,62.45,13316550.700000003,212830,2025-09-19 13:19:59
2025-09-19 13:20:00,62.6,62.87,62.93,62.58,11148807.599999998,177760,2025-09-19 13:29:59
2025-09-19 13:30:00,62.88,62.58,62.89,62.58,10966666.8,174980,2025-09-19 13:39:59
2025-09-19 13:40:00,62.58,62.48,62.59,62.42,4770814.100000001,76310,2025-09-19 13:49:59
2025-09-19 13:50:00,62.48,62.25,62.48,62.22,9306971.700000001,149270,2025-09-19 13:59:59
2025-09-19 14:00:00,62.28,62.23,62.33,62.21,4495377.2,72220,2025-09-19 14:09:59
2025-09-19 14:10:00,62.24,62.46,62.47,62.2,4686922.999999999,75140,2025-09-19 14:19:59
2025-09-19 14:20:00,62.46,62.37,62.46,62.29,1403662.9999999998,22500,2025-09-19 14:29:59
2025-09-19 14:30:00,62.38,62.39,62.48,62.38,2641737.8,42300,2025-09-19 14:39:59
2025-09-19 14:40:00,62.39,62.57,62.59,62.24,8953042.7,143470,2025-09-19 14:49:59
2025-09-19 14:50:00,62.57,62.73,62.9,62.57,13230527.6,210750,2025-09-19 14:59:59
2025-09-19 15:00:00,62.74,62.62,62.75,62.49,4649041.5,74270,2025-09-19 15:09:59
2025-09-19 15:10:00,62.62,62.65,62.65,62.54,1306274.3,20870,2025-09-19 15:19:59
2025-09-19 15:20:00,62.64,62.63,62.64,62.51,2303322.3,36830,2025-09-19 15:29:59
2025-09-19 15:30:00,62.62,62.56,62.68,62.52,3013755.2,48140,2025-09-19 15:39:59
2025-09-19 15:40:00,62.58,62.6,62.62,62.48,1918279.7000000004,30670,2025-09-19 15:49:59
2025-09-19 15:50:00,62.65,62.64,62.73,62.6,622105.5,9930,2025-09-19 15:59:59
2025-09-19 16:00:00,62.62,62.53,62.62,62.44,1525814.9000000001,24410,2025-09-19 16:09:59
2025-09-19 16:10:00,62.56,62.74,62.83,62.55,6820023.100000001,108660,2025-09-19 16:19:59
2025-09-19 16:20:00,62.78,62.95,62.96,62.76,2159186.2,34350,2025-09-19 16:29:59
2025-09-19 16:30:00,62.95,62.87,63.0,62.86,6389584.600000001,101560,2025-09-19 16:39:59
2025-09-19 16:40:00,62.87,63.22,63.26,62.86,10152677.1,160940,2025-09-19 16:49:59
2025-09-19 16:50:00,63.24,63.32,63.62,63.14,19060637.1,300640,2025-09-19 16:59:59
2025-09-19 17:00:00,63.33,62.94,63.33,62.88,11590300.7,183680,2025-09-19 17:09:59
2025-09-19 17:10:00,62.94,62.9,62.96,62.87,652042.1,10360,2025-09-19 17:19:59
2025-09-19 17:20:00,62.88,62.89,62.98,62.86,1331189.6,21160,2025-09-19 17:29:59
2025-09-19 17:30:00,62.9,62.81,63.04,62.71,5924651.5,94260,2025-09-19 17:39:59
2025-09-19 17:40:00,62.8,62.73,62.82,62.62,3230529.6999999997,51490,2025-09-19 17:49:59
2025-09-19 17:50:00,62.73,62.77,62.77,62.62,1846410.2000000002,29450,2025-09-19 17:59:59
2025-09-19 18:00:00,62.76,63.35,63.41,62.76,10085060.3,159840,2025-09-19 18:09:59
2025-09-19 18:10:00,63.34,63.08,63.34,63.04,6740863.4,106750,2025-09-19 18:19:59
2025-09-19 18:20:00,63.04,63.05,63.09,62.89,7919614.399999999,125680,2025-09-19 18:29:59
2025-09-19 18:30:00,63.06,62.8,63.07,62.78,6729389.199999998,106950,2025-09-19 18:39:59
2025-09-19 18:40:00,62.92,62.92,62.92,62.92,695266.0,11050,2025-09-19 18:49:59
2025-09-19 19:00:00,62.9,62.8,62.92,62.8,1181634.4,18800,2025-09-19 19:09:59
2025-09-19 19:10:00,62.8,62.67,62.8,62.58,9291444.799999999,148250,2025-09-19 19:19:59
2025-09-19 19:20:00,62.6,62.39,62.6,62.32,8332326.8,133480,2025-09-19 19:29:59
2025-09-19 19:30:00,62.38,62.47,62.49,62.33,1862993.7,29860,2025-09-19 19:39:59
2025-09-19 19:40:00,62.47,62.68,62.69,62.42,4767212.6,76150,2025-09-19 19:49:59
2025-09-19 19:50:00,62.68,62.82,62.86,62.68,3560972.9,56750,2025-09-19 19:59:59
2025-09-19 20:00:00,62.79,62.68,62.84,62.56,2185119.0,34860,2025-09-19 20:09:59
2025-09-19 20:10:00,62.66,62.7,62.79,62.62,602042.0,9600,2025-09-19 20:19:59
2025-09-19 20:20:00,62.7,62.51,62.7,62.51,428683.2,6850,2025-09-19 20:29:59
2025-09-19 20:30:00,62.51,62.52,62.62,62.5,506842.19999999995,8100,2025-09-19 20:39:59
2025-09-19 20:40:00,62.53,62.64,62.7,62.53,2155982.7,34430,2025-09-19 20:49:59
2025-09-19 20:50:00,62.57,62.59,62.6,62.53,21902.399999999998,350,2025-09-19 20:59:59
2025-09-19 21:00:00,62.58,62.64,62.64,62.55,607818.6,9710,2025-09-19 21:09:59
2025-09-19 21:10:00,62.65,62.61,62.7,62.61,298336.10000000003,4760,2025-09-19 21:19:59
2025-09-19 21:20:00,62.6,62.65,62.69,62.6,48222.9,770,2025-09-19 21:29:59
2025-09-19 21:30:00,62.69,62.6,62.69,62.56,881916.1000000001,14090,2025-09-19 21:39:59
2025-09-19 21:40:00,62.6,62.56,62.61,62.55,292138.80000000005,4670,2025-09-19 21:49:59
2025-09-19 21:50:00,62.6,62.51,62.63,62.46,941380.9,15050,2025-09-19 21:59:59
2025-09-19 22:00:00,62.48,62.48,62.52,62.48,16870.5,270,2025-09-19 22:09:59
2025-09-19 22:10:00,62.47,62.52,62.55,62.43,2010708.5000000002,32180,2025-09-19 22:19:59
2025-09-19 22:20:00,62.52,62.5,62.52,62.5,163762.2,2620,2025-09-19 22:29:59
2025-09-19 22:30:00,62.53,62.52,62.56,62.51,74404.2,1190,2025-09-19 22:39:59
2025-09-19 22:40:00,62.52,62.57,62.57,62.5,530105.5999999999,8480,2025-09-19 22:49:59
2025-09-19 22:50:00,62.53,62.48,62.53,62.45,2266271.3999999994,36260,2025-09-19 22:59:59
2025-09-19 23:00:00,62.48,62.51,62.53,62.48,15621.4,250,2025-09-19 23:09:59
2025-09-19 23:10:00,62.52,62.44,62.52,62.44,211122.6,3380,2025-09-19 23:19:59
2025-09-19 23:20:00,62.43,62.48,62.48,62.43,924649.3999999999,14810,2025-09-19 23:29:59
2025-09-19 23:30:00,62.48,62.47,62.51,62.45,697272.7,11160,2025-09-19 23:39:59
2025-09-19 23:40:00,62.47,62.55,62.55,62.47,299993.0,4800,2025-09-19 23:49:59
2025-09-22 06:50:00,62.48,62.48,62.48,62.48,65604.0,1050,2025-09-22 06:59:59
2025-09-22 07:00:00,62.48,62.14,62.5,62.14,2895669.0000000005,46520,2025-09-22 07:09:59
2025-09-22 07:10:00,62.15,62.14,62.2,62.06,2456690.8,39540,2025-09-22 07:19:59
2025-09-22 07:20:00,62.14,62.21,62.25,62.12,1733369.5,27870,2025-09-22 07:29:59
2025-09-22 07:30:00,62.21,62.28,62.28,62.21,323070.50000000006,5190,2025-09-22 07:39:59
2025-09-22 07:40:00,62.26,62.19,62.34,62.13,1816717.4999999995,29190,2025-09-22 07:49:59
2025-09-22 07:50:00,62.19,62.11,62.21,62.1,485822.19999999995,7820,2025-09-22 07:59:59
2025-09-22 08:00:00,62.11,62.17,62.24,62.11,1491683.7,24000,2025-09-22 08:09:59
2025-09-22 08:10:00,62.18,62.23,62.23,62.18,48520.7,780,2025-09-22 08:19:59
2025-09-22 08:20:00,62.23,62.14,62.24,62.14,375648.60000000003,6040,2025-09-22 08:29:59
2025-09-22 08:30:00,62.15,62.18,62.2,62.14,350018.2,5630,2025-09-22 08:39:59
2025-09-22 08:40:00,62.18,62.15,62.18,62.04,2537823.3000000003,40870,2025-09-22 08:49:59
2025-09-22 08:50:00,62.15,62.22,62.22,62.14,1594155.0,25630,2025-09-22 08:59:59
2025-09-22 09:00:00,62.22,62.11,62.22,62.11,727436.7999999999,11700,2025-09-22 09:09:59
2025-09-22 09:10:00,62.14,62.04,62.14,62.04,679699.9,10950,2025-09-22 09:19:59
2025-09-22 09:20:00,62.04,61.68,62.04,61.65,20979144.399999987,339160,2025-09-22 09:29:59
2025-09-22 09:30:00,61.72,61.68,61.74,61.63,4260445.899999999,69080,2025-09-22 09:39:59
2025-09-22 09:40:00,61.67,61.76,61.79,61.66,1495940.8,24250,2025-09-22 09:49:59
2025-09-22 09:50:00,61.74,61.64,61.74,61.61,3226548.7,52310,2025-09-22 09:59:59
2025-09-22 10:00:00,61.64,61.82,61.89,61.55,8799786.5,142510,2025-09-22 10:09:59
2025-09-22 10:10:00,61.82,61.79,61.98,61.78,3572859.2,57740,2025-09-22 10:19:59
2025-09-22 10:20:00,61.78,61.84,61.91,61.61,5055156.2,81800,2025-09-22 10:29:59
2025-09-22 10:30:00,61.82,61.76,61.87,61.67,9431501.1,152610,2025-09-22 10:39:59
2025-09-22 10:40:00,61.76,61.77,61.77,61.64,7439978.899999999,120650,2025-09-22 10:49:59
2025-09-22 10:50:00,61.77,61.87,61.92,61.77,4313058.6,69750,2025-09-22 10:59:59
2025-09-22 11:00:00,61.86,61.77,61.9,61.7,2603738.0,42130,2025-09-22 11:09:59
2025-09-22 11:10:00,61.77,61.75,61.8,61.69,2384598.1999999993,38630,2025-09-22 11:19:59
2025-09-22 11:20:00,61.75,61.7,61.78,61.67,1249451.0,20240,2025-09-22 11:29:59
2025-09-22 11:30:00,61.7,61.68,61.71,61.68,127685.70000000001,2070,2025-09-22 11:39:59
2025-09-22 11:40:00,61.69,61.63,61.69,61.58,3021872.899999999,49040,2025-09-22 11:49:59
2025-09-22 11:50:00,61.63,61.62,61.63,61.34,14924972.200000001,242810,2025-09-22 11:59:59
2025-09-22 12:00:00,61.57,61.15,61.62,61.09,12556605.100000001,205150,2025-09-22 12:09:59
2025-09-22 12:10:00,61.16,61.27,61.31,61.11,3690452.3000000007,60300,2025-09-22 12:19:59
2025-09-22 12:20:00,61.25,61.16,61.38,61.16,6417076.0,104760,2025-09-22 12:29:59
2025-09-22 12:30:00,61.16,61.27,61.27,61.1,6332975.999999995,103570,2025-09-22 12:39:59
2025-09-22 12:40:00,61.27,61.04,61.27,61.03,5616669.9,91920,2025-09-22 12:49:59
2025-09-22 12:50:00,61.04,60.89,61.07,60.83,10590600.299999993,173710,2025-09-22 12:59:59
2025-09-22 13:00:00,60.9,60.88,60.96,60.83,4313031.2,70850,2025-09-22 13:09:59
2025-09-22 13:10:00,60.89,60.59,60.95,60.51,36859502.79999999,606800,2025-09-22 13:19:59
2025-09-22 13:20:00,60.59,60.18,60.63,60.1,27737982.9,459470,2025-09-22 13:29:59
2025-09-22 13:30:00,60.2,59.75,60.2,59.33,48235774.10000003,806180,2025-09-22 13:39:59
2025-09-22 13:40:00,59.79,59.87,59.97,59.73,12830481.399999995,214270,2025-09-22 13:49:59
2025-09-22 13:50:00,59.87,59.89,60.12,59.78,12016538.799999999,200380,2025-09-22 13:59:59
2025-09-22 14:00:00,59.89,60.0,60.1,59.85,8459087.200000001,141020,2025-09-22 14:09:59
2025-09-22 14:10:00,60.03,59.95,60.04,59.95,2918598.2,48640,2025-09-22 14:19:59
2025-09-22 14:20:00,59.97,60.16,60.29,59.95,9079808.799999997,151060,2025-09-22 14:29:59
2025-09-22 14:30:00,60.14,60.09,60.18,60.02,4645012.600000004,77280,2025-09-22 14:39:59
2025-09-22 14:40:00,60.09,59.85,60.23,59.85,8744066.7,145750,2025-09-22 14:49:59
2025-09-22 14:50:00,59.85,60.47,60.57,59.85,32005043.499999996,530180,2025-09-22 14:59:59
2025-09-22 15:00:00,60.48,60.35,60.56,60.3,33859621.60000001,560710,2025-09-22 15:09:59
2025-09-22 15:10:00,60.35,60.4,60.4,60.3,5689254.399999999,94300,2025-09-22 15:19:59
2025-09-22 15:20:00,60.4,60.34,60.44,60.3,5456820.600000002,90440,2025-09-22 15:29:59
2025-09-22 15:30:00,60.34,60.0,60.4,60.0,5496620.799999996,91190,2025-09-22 15:39:59
2025-09-22 15:40:00,60.01,60.14,60.16,59.93,3900170.8000000007,64950,2025-09-22 15:49:59
2025-09-22 15:50:00,60.15,60.27,60.55,60.15,50233492.2,831770,2025-09-22 15:59:59
2025-09-22 16:00:00,60.2,60.17,60.25,60.15,1161801.0999999996,19300,2025-09-22 16:09:59
2025-09-22 16:10:00,60.19,60.16,60.21,60.15,1656429.5999999999,27530,2025-09-22 16:19:59
2025-09-22 16:20:00,60.16,60.04,60.2,60.03,13503376.700000005,224570,2025-09-22 16:29:59
2025-09-22 16:30:00,60.06,59.94,60.08,59.76,9973127.000000007,166510,2025-09-22 16:39:59
2025-09-22 16:40:00,59.94,60.11,60.11,59.92,2928199.4000000004,48800,2025-09-22 16:49:59
2025-09-22 16:50:00,60.13,59.92,60.37,59.9,24887909.19999999,414080,2025-09-22 16:59:59
2025-09-22 17:00:00,59.93,59.86,60.05,59.73,14452723.000000002,241150,2025-09-22 17:09:59
2025-09-22 17:10:00,59.89,59.78,60.06,59.78,5676885.700000001,94780,2025-09-22 17:19:59
2025-09-22 17:20:00,59.79,60.09,60.2,59.78,5841481.4,97350,2025-09-22 17:29:59
2025-09-22 17:30:00,60.1,60.2,60.28,59.82,26313213.200000003,437900,2025-09-22 17:39:59
2025-09-22 17:40:00,60.23,60.33,60.39,60.22,9589773.499999993,159000,2025-09-22 17:49:59
2025-09-22 17:50:00,60.34,60.53,60.6,60.33,16060378.7,265570,2025-09-22 17:59:59
2025-09-22 18:00:00,60.53,60.75,60.76,60.53,18147317.4,299360,2025-09-22 18:09:59
2025-09-22 18:10:00,60.75,60.3,60.75,60.21,18297078.599999998,302330,2025-09-22 18:19:59
2025-09-22 18:20:00,60.31,60.15,60.31,60.11,16096939.300000004,267080,2025-09-22 18:29:59
2025-09-22 18:30:00,60.19,60.18,60.3,60.01,15346347.5,255130,2025-09-22 18:39:59
2025-09-22 18:40:00,60.2,60.2,60.2,60.2,545412.0,9060,2025-09-22 18:49:14
2025-09-22 19:00:00,60.2,60.37,60.44,60.2,2542610.6999999993,42140,2025-09-22 19:09:59
2025-09-22 19:10:00,60.33,60.55,60.57,60.33,8900128.5,147140,2025-09-22 19:19:59
2025-09-22 19:20:00,60.54,60.57,60.65,60.52,5660080.7,93440,2025-09-22 19:29:59
2025-09-22 19:30:00,60.58,60.6,60.6,60.51,2399187.6999999997,39620,2025-09-22 19:39:59
2025-09-22 19:40:00,60.6,60.5,60.61,60.44,734984.7999999999,12150,2025-09-22 19:49:59
2025-09-22 19:50:00,60.5,60.67,60.7,60.5,7337046.9,121020,2025-09-22 19:59:59
2025-09-22 20:00:00,60.68,60.62,60.68,60.57,1571896.2999999998,25930,2025-09-22 20:09:59
2025-09-22 20:10:00,60.62,60.46,60.63,60.4,7061615.599999999,116760,2025-09-22 20:19:59
2025-09-22 20:20:00,60.47,60.54,60.55,60.4,3434527.6,56820,2025-09-22 20:29:59
2025-09-22 20:30:00,60.56,60.59,60.59,60.47,1107064.2999999998,18280,2025-09-22 20:39:59
2025-09-22 20:40:00,60.59,60.73,60.73,60.56,4299931.800000001,70900,2025-09-22 20:49:59
2025-09-22 20:50:00,60.73,60.84,61.0,60.72,10290951.6,169000,2025-09-22 20:59:59
2025-09-22 21:00:00,60.84,61.09,61.09,60.84,5405656.100000001,88640,2025-09-22 21:09:59
2025-09-22 21:10:00,61.05,61.01,61.13,60.93,4921408.2,80640,2025-09-22 21:19:59
2025-09-22 21:20:00,61.05,61.05,61.08,61.03,356621.5,5840,2025-09-22 21:29:59
2025-09-22 21:30:00,61.06,60.92,61.06,60.92,1072591.4,17590,2025-09-22 21:39:59
2025-09-22 21:40:00,60.92,60.91,60.96,60.89,799799.2,13130,2025-09-22 21:49:59
2025-09-22 21:50:00,60.93,61.07,61.09,60.9,2376256.8000000003,38970,2025-09-22 21:59:59
2025-09-22 22:00:00,61.07,61.03,61.13,60.97,3250625.8,53220,2025-09-22 22:09:59
2025-09-22 22:10:00,61.03,61.04,61.09,61.01,476638.0,7810,2025-09-22 22:19:59
2025-09-22 22:20:00,61.05,60.99,61.1,60.99,1031718.2999999999,16900,2025-09-22 22:29:59
2025-09-22 22:30:00,60.98,61.13,61.17,60.98,970266.6,15890,2025-09-22 22:39:59
2025-09-22 22:40:00,61.13,61.13,61.16,61.13,364344.10000000003,5960,2025-09-22 22:49:59
2025-09-22 22:50:00,61.16,61.13,61.16,61.13,718290.7,11750,2025-09-22 22:59:59
2025-09-22 23:00:00,61.13,61.16,61.16,61.09,3003082.6999999997,49150,2025-09-22 23:09:59
2025-09-22 23:10:00,61.16,61.17,61.21,61.1,1874686.0999999996,30650,2025-09-22 23:19:59
2025-09-22 23:20:00,61.17,61.31,61.35,61.17,4295344.800000001,70120,2025-09-22 23:29:59
2025-09-22 23:30:00,61.31,61.16,61.31,61.16,2274402.1,37130,2025-09-22 23:39:59
2025-09-22 23:40:00,61.21,61.02,61.26,61.02,2415987.8,39510,2025-09-22 23:49:59
2025-09-23 06:50:00,61.28,61.28,61.28,61.28,14707.2,240,2025-09-23 06:59:59
2025-09-23 07:00:00,61.06,61.06,61.25,61.06,1350344.5,22090,2025-09-23 07:09:59
2025-09-23 07:10:00,61.09,61.12,61.17,61.06,1137555.0999999996,18610,2025-09-23 07:19:59
2025-09-23 07:20:00,61.15,61.16,61.16,61.13,79488.1,1300,2025-09-23 07:29:59
2025-09-23 07:30:00,61.16,61.26,61.26,61.16,924384.5000000002,15110,2025-09-23 07:39:59
2025-09-23 07:40:00,61.24,61.1,61.25,61.08,1733452.5000000002,28330,2025-09-23 07:49:59
2025-09-23 07:50:00,61.1,61.09,61.14,61.03,725680.2,11880,2025-09-23 07:59:59
2025-09-23 08:00:00,61.05,60.9,61.07,60.89,1781868.3,29230,2025-09-23 08:09:59
2025-09-23 08:10:00,60.92,60.9,60.92,60.89,471331.7,7740,2025-09-23 08:19:59
2025-09-23 08:20:00,60.9,60.85,60.9,60.75,1819141.8,29910,2025-09-23 08:29:59
2025-09-23 08:30:00,60.86,60.84,60.88,60.84,253137.7,4160,2025-09-23 08:39:59
2025-09-23 08:40:00,60.87,60.85,60.88,60.85,291509.9,4790,2025-09-23 08:49:59
2025-09-23 08:50:00,60.86,60.43,60.86,60.36,9486651.5,156670,2025-09-23 08:59:59
2025-09-23 09:00:00,60.47,60.66,60.66,60.46,1753468.9,28960,2025-09-23 09:09:59
2025-09-23 09:10:00,60.65,60.59,60.65,60.59,120051.5,1980,2025-09-23 09:19:59
2025-09-23 09:20:00,60.59,60.64,60.64,60.59,2268972.3,37440,2025-09-23 09:29:59
2025-09-23 09:30:00,60.65,60.8,60.89,60.64,2525769.4,41580,2025-09-23 09:39:59
2025-09-23 09:40:00,60.8,60.96,60.96,60.8,287913.2,4730,2025-09-23 09:49:59
2025-09-23 09:50:00,60.96,60.96,61.13,60.93,4704333.4,77060,2025-09-23 09:59:59
2025-09-23 10:00:00,60.95,60.79,60.95,60.67,4870425.100000001,80130,2025-09-23 10:09:59
2025-09-23 10:10:00,60.77,60.85,60.93,60.77,1650512.7,27120,2025-09-23 10:19:59
2025-09-23 10:20:00,60.86,60.95,61.0,60.86,1846768.9000000001,30310,2025-09-23 10:29:59
2025-09-23 10:30:00,60.94,61.43,61.45,60.92,11192037.700000003,182700,2025-09-23 10:39:59
2025-09-23 10:40:00,61.42,61.07,61.44,61.06,10102412.700000001,164780,2025-09-23 10:49:59
2025-09-23 10:50:00,61.06,61.33,61.36,61.01,5384982.9,88110,2025-09-23 10:59:59
2025-09-23 11:00:00,61.34,60.89,61.34,60.85,6925934.0,113440,2025-09-23 11:09:59
2025-09-23 11:10:00,60.87,60.75,60.88,60.75,1338738.7000000002,22010,2025-09-23 11:19:59
2025-09-23 11:20:00,60.77,60.74,60.8,60.72,631284.4000000001,10390,2025-09-23 11:29:59
2025-09-23 11:30:00,60.75,61.02,61.03,60.7,3456008.6,56790,2025-09-23 11:39:59
2025-09-23 11:40:00,61.01,61.0,61.03,60.95,2860651.9,46900,2025-09-23 11:49:59
2025-09-23 11:50:00,61.0,61.33,61.37,60.99,7921082.200000004,129320,2025-09-23 11:59:59
2025-09-23 12:00:00,61.34,61.33,61.38,61.33,3665138.1,59750,2025-09-23 12:09:59
2025-09-23 12:10:00,61.34,61.44,61.49,61.34,4211680.7,68570,2025-09-23 12:19:59
2025-09-23 12:20:00,61.45,61.63,61.67,61.44,9898222.4,160760,2025-09-23 12:29:59
2025-09-23 12:30:00,61.64,61.82,61.84,61.6,18175515.799999993,294670,2025-09-23 12:39:59
2025-09-23 12:40:00,61.81,61.61,62.01,61.54,18987241.200000007,307220,2025-09-23 12:49:59
2025-09-23 12:50:00,61.63,61.53,61.63,61.5,1340357.2999999998,21780,2025-09-23 12:59:59
2025-09-23 13:00:00,61.54,61.42,61.56,61.4,1250709.6,20350,2025-09-23 13:09:59
2025-09-23 13:10:00,61.42,61.41,61.43,61.36,1577460.1,25690,2025-09-23 13:19:59
2025-09-23 13:20:00,61.43,61.25,61.43,61.1,10738529.299999999,175380,2025-09-23 13:29:59
2025-09-23 13:30:00,61.28,61.47,61.47,61.24,4229807.1,68940,2025-09-23 13:39:59
2025-09-23 13:40:00,61.45,61.62,61.62,61.44,1891203.8999999997,30720,2025-09-23 13:49:59
2025-09-23 13:50:00,61.62,61.61,61.7,61.61,202241.7,3280,2025-09-23 13:59:59
2025-09-23 14:00:00,61.61,61.7,61.7,61.6,1793090.9999999995,29090,2025-09-23 14:09:59
2025-09-23 14:10:00,61.7,61.85,61.93,61.7,9092397.499999998,146930,2025-09-23 14:19:59
2025-09-23 14:20:00,61.84,61.72,61.84,61.65,2444658.8,39590,2025-09-23 14:29:59
2025-09-23 14:30:00,61.75,61.6,61.77,61.6,1063145.5,17230,2025-09-23 14:39:59
2025-09-23 14:40:00,61.61,61.68,61.68,61.6,812136.4,13170,2025-09-23 14:49:59
2025-09-23 14:50:00,61.7,61.73,61.77,61.69,1082015.1,17530,2025-09-23 14:59:59
2025-09-23 15:00:00,61.77,61.85,61.88,61.77,1309141.3,21180,2025-09-23 15:09:59
2025-09-23 15:10:00,61.85,61.83,61.89,61.79,846868.2999999999,13690,2025-09-23 15:19:59
2025-09-23 15:20:00,61.84,61.69,61.85,61.6,2639738.3000000003,42800,2025-09-23 15:29:59
2025-09-23 15:30:00,61.7,61.62,61.7,61.53,1660297.2,26950,2025-09-23 15:39:59
2025-09-23 15:40:00,61.62,61.57,61.62,61.56,1744991.8999999997,28330,2025-09-23 15:49:59
2025-09-23 15:50:00,61.58,61.6,61.6,61.54,2802188.1999999997,45500,2025-09-23 15:59:59
2025-09-23 16:00:00,61.6,61.73,61.77,61.6,2126160.9000000004,34490,2025-09-23 16:09:59
2025-09-23 16:10:00,61.74,61.96,61.97,61.74,3156837.2000000007,51040,2025-09-23 16:19:59
2025-09-23 16:20:00,61.96,61.91,62.14,61.89,10621084.9,171230,2025-09-23 16:29:59
2025-09-23 16:30:00,61.9,61.88,61.94,61.77,3744647.0000000005,60550,2025-09-23 16:39:59
2025-09-23 16:40:00,61.9,62.07,62.07,61.85,2998241.8999999994,48390,2025-09-23 16:49:59
2025-09-23 16:50:00,62.07,61.96,62.08,61.93,11880151.0,191620,2025-09-23 16:59:59
2025-09-23 17:00:00,61.94,62.03,62.17,61.9,8844162.7,142490,2025-09-23 17:09:59
2025-09-23 17:10:00,62.03,62.02,62.14,62.0,2343139.5,37760,2025-09-23 17:19:59
2025-09-23 17:20:00,62.02,62.08,62.18,62.02,4582230.600000001,73780,2025-09-23 17:29:59
2025-09-23 17:30:00,62.08,62.0,62.08,61.9,10847993.2,175090,2025-09-23 17:39:59
2025-09-23 17:40:00,61.98,61.97,62.02,61.9,6539431.7,105620,2025-09-23 17:49:59
2025-09-23 17:50:00,61.95,61.99,62.0,61.9,2706277.8000000003,43700,2025-09-23 17:59:59
2025-09-23 18:00:00,61.99,62.19,62.2,61.99,3649979.6999999997,58750,2025-09-23 18:09:59
2025-09-23 18:10:00,62.2,62.06,62.2,62.06,1567308.1,25230,2025-09-23 18:19:59
2025-09-23 18:20:00,62.06,62.12,62.24,62.05,5830343.600000001,93810,2025-09-23 18:29:59
2025-09-23 18:30:00,62.16,62.15,62.18,62.09,7717360.300000001,124130,2025-09-23 18:39:59
2025-09-23 18:40:00,62.2,62.2,62.2,62.2,66554.0,1070,2025-09-23 18:48:08
2025-09-23 19:00:00,62.18,62.14,62.23,62.13,274168.1,4410,2025-09-23 19:09:59
2025-09-23 19:10:00,62.15,61.9,62.15,61.9,3299316.8000000003,53220,2025-09-23 19:19:59
2025-09-23 19:20:00,61.9,61.9,61.96,61.9,5816174.2,93950,2025-09-23 19:29:59
2025-09-23 19:30:00,61.92,61.74,61.96,61.74,4603124.299999999,74420,2025-09-23 19:39:59
2025-09-23 19:40:00,61.74,61.72,61.76,61.61,9386857.100000001,152160,2025-09-23 19:49:59
2025-09-23 19:50:00,61.75,61.66,61.76,61.66,535924.3000000002,8680,2025-09-23 19:59:59
2025-09-23 20:00:00,61.65,61.73,61.73,61.64,702487.9,11390,2025-09-23 20:09:59
2025-09-23 20:10:00,61.77,61.74,61.81,61.74,684002.4,11070,2025-09-23 20:19:59
2025-09-23 20:20:00,61.73,61.75,61.75,61.73,32721.2,530,2025-09-23 20:29:59
2025-09-23 20:30:00,61.75,61.55,61.75,61.5,10095025.0,163890,2025-09-23 20:39:59
2025-09-23 20:40:00,61.58,61.66,61.7,61.58,1168255.2,18950,2025-09-23 20:49:59
2025-09-23 20:50:00,61.69,61.59,61.71,61.59,2939160.6,47700,2025-09-23 20:59:59
2025-09-23 21:00:00,61.59,61.57,61.61,61.55,544336.6000000001,8840,2025-09-23 21:09:59
2025-09-23 21:10:00,61.58,61.57,61.61,61.57,524038.60000000003,8510,2025-09-23 21:19:59
2025-09-23 21:20:00,61.59,61.69,61.79,61.58,3052036.0,49470,2025-09-23 21:29:59
2025-09-23 21:30:00,61.69,61.64,61.74,61.64,116005.6,1880,2025-09-23 21:39:59
2025-09-23 21:40:00,61.64,61.71,61.71,61.63,757195.7999999998,12280,2025-09-23 21:49:59
2025-09-23 21:50:00,61.7,61.49,61.71,61.49,6206395.100000001,100850,2025-09-23 21:59:59
2025-09-23 22:00:00,61.49,60.83,61.49,60.43,41168956.300000004,674690,2025-09-23 22:09:59
2025-09-23 22:10:00,60.84,60.79,60.84,60.3,12960177.3,214100,2025-09-23 22:19:59
2025-09-23 22:20:00,60.79,60.51,60.89,60.51,7835354.900000001,129020,2025-09-23 22:29:59
2025-09-23 22:30:00,60.51,60.45,60.6,60.45,2364976.1,39070,2025-09-23 22:39:59
2025-09-23 22:40:00,60.46,60.5,60.6,60.35,5286399.500000001,87380,2025-09-23 22:49:59
2025-09-23 22:50:00,60.52,60.11,60.54,60.11,4843347.8,80260,2025-09-23 22:59:59
2025-09-23 23:00:00,60.11,60.27,60.27,60.01,4863329.2,80910,2025-09-23 23:09:59
2025-09-23 23:10:00,60.26,60.2,60.44,60.16,3352627.1,55580,2025-09-23 23:19:59
2025-09-23 23:20:00,60.21,60.43,60.43,60.2,1389853.5,23050,2025-09-23 23:29:59
2025-09-23 23:30:00,60.43,60.44,60.54,60.41,3438934.3000000007,56860,2025-09-23 23:39:59
2025-09-23 23:40:00,60.49,60.55,60.55,60.43,4491950.6,74240,2025-09-23 23:49:59
2025-09-24 06:50:00,60.5,60.5,60.5,60.5,63525.0,1050,2025-09-24 06:59:59
2025-09-24 07:00:00,60.5,60.65,60.79,60.01,8823534.9,145480,2025-09-24 07:09:59
2025-09-24 07:10:00,60.65,60.66,60.71,60.56,1204296.6000000003,19860,2025-09-24 07:19:59
2025-09-24 07:20:00,60.66,60.73,60.73,60.6,883477.6,14560,2025-09-24 07:29:59
2025-09-24 07:30:00,60.72,60.95,61.29,60.72,9521983.399999999,156250,2025-09-24 07:39:59
2025-09-24 07:40:00,60.93,60.83,60.94,60.83,138285.89999999997,2270,2025-09-24 07:49:59
2025-09-24 07:50:00,60.82,61.05,61.05,60.82,1254825.8000000003,20590,2025-09-24 07:59:59
2025-09-24 08:00:00,60.99,61.37,61.55,60.9,16912771.000000007,275990,2025-09-24 08:09:59
2025-09-24 08:10:00,61.37,61.13,61.38,61.08,2344982.8,38330,2025-09-24 08:19:59
2025-09-24 08:20:00,61.12,61.06,61.18,61.03,1753777.4,28710,2025-09-24 08:29:59
2025-09-24 08:30:00,61.07,60.92,61.07,60.92,1574414.0,25810,2025-09-24 08:39:59
2025-09-24 08:40:00,60.92,60.83,60.96,60.74,5020086.3,82590,2025-09-24 08:49:59
2025-09-24 08:50:00,60.84,60.95,60.99,60.84,998773.2999999999,16390,2025-09-24 08:59:01
2025-09-24 09:00:00,60.95,60.85,60.97,60.66,5047633.100000001,83010,2025-09-24 09:09:59
2025-09-24 09:10:00,60.8,60.41,60.8,60.38,5090459.7,84030,2025-09-24 09:19:59
2025-09-24 09:20:00,60.4,60.4,60.48,60.13,4223356.199999999,70100,2025-09-24 09:29:59
2025-09-24 09:30:00,60.4,60.39,60.43,60.14,3281214.3,54430,2025-09-24 09:39:59
2025-09-24 09:40:00,60.4,60.48,60.49,60.39,2362647.5999999996,39090,2025-09-24 09:49:59
2025-09-24 09:50:00,60.46,60.42,60.65,60.35,3778962.6999999997,62490,2025-09-24 09:59:59
2025-09-24 10:00:00,60.42,60.18,60.49,59.9,13382420.2,222450,2025-09-24 10:09:59
2025-09-24 10:10:00,60.18,60.37,60.44,60.14,3251578.7,53900,2025-09-24 10:19:59
2025-09-24 10:20:00,60.37,60.46,60.51,60.37,5735196.500000001,94920,2025-09-24 10:29:59
2025-09-24 10:30:00,60.46,60.63,60.69,60.42,2881598.9,47580,2025-09-24 10:39:59
2025-09-24 10:40:00,60.63,60.73,60.77,60.51,8489283.4,139890,2025-09-24 10:49:59
2025-09-24 10:50:00,60.75,61.02,61.07,60.68,5923323.199999997,97320,2025-09-24 10:59:59
2025-09-24 11:00:00,61.01,61.04,61.07,61.0,2747632.4999999995,45030,2025-09-24 11:09:59
2025-09-24 11:10:00,61.07,61.32,61.32,61.0,5848197.9,95670,2025-09-24 11:19:59
2025-09-24 11:20:00,61.32,61.33,61.41,61.18,5687181.399999999,92760,2025-09-24 11:29:59
2025-09-24 11:30:00,61.34,62.01,62.02,61.3,23107849.000000004,374500,2025-09-24 11:39:59
2025-09-24 11:40:00,62.01,62.04,62.2,62.0,26579216.400000002,428460,2025-09-24 11:49:59
2025-09-24 11:50:00,62.05,61.9,62.16,61.86,22286583.8,359490,2025-09-24 11:59:59
2025-09-24 12:00:00,61.9,62.32,62.36,61.9,13852555.7,223090,2025-09-24 12:09:59
2025-09-24 12:10:00,62.3,62.68,62.76,62.16,40893487.70000001,654700,2025-09-24 12:19:59
2025-09-24 12:20:00,62.68,62.17,62.79,62.17,19533663.6,313060,2025-09-24 12:29:59
2025-09-24 12:30:00,62.18,62.1,62.2,62.08,2786798.3999999994,44840,2025-09-24 12:39:59
2025-09-24 12:40:00,62.13,62.09,62.15,62.08,2875640.9,46280,2025-09-24 12:49:59
2025-09-24 12:50:00,62.08,61.92,62.15,61.86,4358949.4,70310,2025-09-24 12:59:59
2025-09-24 13:00:00,61.92,61.9,62.0,61.76,3123390.9999999995,50490,2025-09-24 13:09:59
2025-09-24 13:10:00,61.9,61.92,61.94,61.85,936365.8,15130,2025-09-24 13:19:59
2025-09-24 13:20:00,61.91,61.81,61.91,61.68,10258485.5,165950,2025-09-24 13:29:59
2025-09-24 13:30:00,61.82,61.77,61.83,61.7,2362936.8,38260,2025-09-24 13:39:59
2025-09-24 13:40:00,61.79,61.99,62.01,61.79,1291888.8,20850,2025-09-24 13:49:59
2025-09-24 13:50:00,61.99,61.93,61.99,61.88,3497332.3000000003,56450,2025-09-24 13:59:59
2025-09-24 14:00:00,61.94,61.95,61.96,61.78,1859296.4000000001,30050,2025-09-24 14:09:59
2025-09-24 14:10:00,61.94,62.02,62.15,61.86,5222306.199999999,84230,2025-09-24 14:19:59
2025-09-24 14:20:00,62.03,62.05,62.06,61.91,2149183.0,34670,2025-09-24 14:29:59
2025-09-24 14:30:00,62.06,62.07,62.12,62.02,3557696.1999999997,57300,2025-09-24 14:39:59
2025-09-24 14:40:00,62.1,62.15,62.15,62.07,4810818.6,77420,2025-09-24 14:49:59
2025-09-24 14:50:00,62.15,62.15,62.15,62.1,4071403.0000000005,65510,2025-09-24 14:59:59
2025-09-24 15:00:00,62.15,62.15,62.15,62.14,2684861.8000000003,43200,2025-09-24 15:09:59
2025-09-24 15:10:00,62.15,62.11,62.15,62.09,3724058.3999999994,59930,2025-09-24 15:19:59
2025-09-24 15:20:00,62.11,62.01,62.11,61.96,3572772.9,57590,2025-09-24 15:29:59
2025-09-24 15:30:00,62.01,62.11,62.15,62.01,1650256.5000000002,26560,2025-09-24 15:39:59
2025-09-24 15:40:00,62.07,62.05,62.07,61.89,5425771.899999999,87510,2025-09-24 15:49:59
2025-09-24 15:50:00,62.05,62.02,62.08,61.93,2230331.6999999997,35950,2025-09-24 15:59:59
2025-09-24 16:00:00,62.0,62.1,62.15,61.83,4930853.399999999,79480,2025-09-24 16:09:59
2025-09-24 16:10:00,62.14,62.14,62.15,62.07,2987175.0,48090,2025-09-24 16:19:59
2025-09-24 16:20:00,62.15,62.13,62.15,62.06,949887.7,15290,2025-09-24 16:29:59
2025-09-24 16:30:00,62.13,62.07,62.15,62.06,2413424.8,38860,2025-09-24 16:39:59
2025-09-24 16:40:00,62.06,62.12,62.15,62.05,2273733.5,36600,2025-09-24 16:49:59
2025-09-24 16:50:00,62.14,62.15,62.15,62.12,3989348.8000000003,64190,2025-09-24 16:59:59
2025-09-24 17:00:00,62.15,62.08,62.15,62.08,1191079.3,19170,2025-09-24 17:09:59
2025-09-24 17:10:00,62.09,61.87,62.13,61.87,2772478.2,44740,2025-09-24 17:19:59
2025-09-24 17:20:00,61.87,61.58,61.87,61.58,3466754.3000000003,56160,2025-09-24 17:29:59
2025-09-24 17:30:00,61.63,61.7,61.7,61.55,1202602.2,19510,2025-09-24 17:39:59
2025-09-24 17:40:00,61.7,61.91,61.92,61.66,5298193.7,85800,2025-09-24 17:49:59
2025-09-24 17:50:00,61.94,62.0,62.1,61.93,1491141.7999999998,24050,2025-09-24 17:59:09
2025-09-24 18:00:00,61.95,61.9,62.05,61.89,643840.1,10390,2025-09-24 18:09:59
2025-09-24 18:10:00,61.9,61.9,61.95,61.86,702011.0000000002,11340,2025-09-24 18:19:59
2025-09-24 18:20:00,61.9,61.94,62.0,61.85,1611970.9000000001,26030,2025-09-24 18:29:59
2025-09-24 18:30:00,61.94,61.9,61.98,61.85,17523307.599999998,283080,2025-09-24 18:39:59
2025-09-24 18:40:00,61.83,61.83,61.83,61.83,1217432.7000000002,19690,2025-09-24 18:48:09
2025-09-24 19:00:00,61.87,61.91,61.93,61.85,1617196.1,26140,2025-09-24 19:09:59
2025-09-24 19:10:00,61.91,61.83,61.91,61.82,4021546.4000000004,65020,2025-09-24 19:19:59
2025-09-24 19:20:00,61.83,61.97,61.98,61.83,1301290.2000000002,21030,2025-09-24 19:29:59
2025-09-24 19:30:00,61.96,61.96,62.0,61.95,705335.4,11380,2025-09-24 19:39:59
2025-09-24 19:40:00,61.96,62.0,62.02,61.89,1548526.0999999999,24980,2025-09-24 19:49:59
2025-09-24 19:50:00,62.01,62.12,62.12,62.0,1482308.5999999996,23880,2025-09-24 19:59:59
2025-09-24 20:00:00,62.13,62.15,62.15,62.12,4947518.0,79610,2025-09-24 20:09:59
2025-09-24 20:10:00,62.14,62.13,62.15,62.12,136101.09999999998,2190,2025-09-24 20:19:59
2025-09-24 20:20:00,62.12,62.0,62.13,61.95,2806447.8,45250,2025-09-24 20:29:59
2025-09-24 20:30:00,62.0,62.07,62.13,61.98,896580.7,14450,2025-09-24 20:39:59
2025-09-24 20:40:00,62.08,62.04,62.11,62.04,240832.7,3880,2025-09-24 20:49:59
2025-09-24 20:50:00,62.04,62.1,62.1,62.04,202438.2,3260,2025-09-24 20:59:59
2025-09-24 21:00:00,62.08,62.1,62.1,62.05,58980.100000000006,950,2025-09-24 21:09:59
2025-09-24 21:10:00,62.09,62.08,62.09,62.07,3104.0,50,2025-09-24 21:19:59
2025-09-24 21:20:00,62.08,62.07,62.08,62.07,16138.8,260,2025-09-24 21:29:59
2025-09-24 21:30:00,62.08,62.08,62.11,62.08,532175.9,8570,2025-09-24 21:39:59
2025-09-24 21:40:00,62.12,62.0,62.12,61.48,15615373.600000005,252400,2025-09-24 21:49:59
2025-09-24 21:50:00,62.0,61.59,62.0,61.36,49080313.2,797000,2025-09-24 21:59:59
2025-09-24 22:00:00,61.57,61.58,61.61,61.56,172440.30000000002,2800,2025-09-24 22:09:59
2025-09-24 22:10:00,61.58,61.61,61.61,61.54,487096.2,7910,2025-09-24 22:19:59
2025-09-24 22:20:00,61.61,61.65,61.67,61.61,1529493.0,24810,2025-09-24 22:29:59
2025-09-24 22:30:00,61.62,61.6,61.65,61.6,180529.30000000002,2930,2025-09-24 22:39:59
2025-09-24 22:40:00,61.61,61.61,61.63,61.53,1252003.0,20330,2025-09-24 22:49:59
2025-09-24 22:50:00,61.63,61.66,61.68,61.63,927883.1999999998,15050,2025-09-24 22:59:04
2025-09-24 23:00:00,61.65,61.67,61.69,61.65,260886.5,4230,2025-09-24 23:09:59
2025-09-24 23:10:00,61.67,61.65,61.7,61.6,660325.4,10710,2025-09-24 23:19:59
2025-09-24 23:20:00,61.61,61.61,61.65,61.61,427020.20000000007,6930,2025-09-24 23:29:59
2025-09-24 23:30:00,61.61,61.65,61.65,61.55,1997700.5000000002,32430,2025-09-24 23:39:59
2025-09-24 23:40:00,61.65,61.73,61.9,61.59,4970410.4,80470,2025-09-24 23:49:59
2025-09-25 06:50:00,61.73,61.73,61.73,61.73,3086.5,50,2025-09-25 06:59:59
2025-09-25 07:00:00,62.0,61.92,62.02,61.82,751348.4,12130,2025-09-25 07:09:59
2025-09-25 07:10:00,61.94,62.06,62.06,61.94,231380.0,3730,2025-09-25 07:19:59
2025-09-25 07:20:00,62.08,62.09,62.1,62.07,297362.0999999999,4790,2025-09-25 07:29:59
2025-09-25 07:30:00,62.09,61.93,62.09,61.93,1237120.4999999998,19960,2025-09-25 07:39:59
2025-09-25 07:40:00,61.92,61.92,61.97,61.91,425964.89999999997,6880,2025-09-25 07:49:59
2025-09-25 07:50:00,61.9,61.97,61.97,61.9,179708.8,2900,2025-09-25 07:59:59
2025-09-25 08:00:00,61.93,61.85,61.96,61.85,485857.69999999995,7850,2025-09-25 08:09:59
2025-09-25 08:10:00,61.89,61.86,61.92,61.85,32784.200000000004,530,2025-09-25 08:19:59
2025-09-25 08:20:00,61.86,61.89,61.89,61.85,24741.4,400,2025-09-25 08:29:59
2025-09-25 08:30:00,61.89,61.83,61.89,61.82,128664.5,2080,2025-09-25 08:39:59
2025-09-25 08:40:00,61.87,61.83,61.89,61.83,126148.3,2040,2025-09-25 08:49:59
2025-09-25 08:50:00,61.83,61.83,61.87,61.83,293747.9,4750,2025-09-25 08:59:02
2025-09-25 09:00:00,61.83,61.62,61.85,61.61,1271803.0,20610,2025-09-25 09:09:59
2025-09-25 09:10:00,61.61,61.8,61.8,61.61,1736130.3,28140,2025-09-25 09:19:59
2025-09-25 09:20:00,61.8,61.88,61.9,61.8,492513.20000000007,7960,2025-09-25 09:29:59
2025-09-25 09:30:00,61.88,61.87,61.88,61.77,672974.3999999999,10890,2025-09-25 09:39:59
2025-09-25 09:40:00,61.88,61.88,61.88,61.83,23501.4,380,2025-09-25 09:49:59
2025-09-25 09:50:00,61.89,61.97,61.97,61.89,159121.30000000002,2570,2025-09-25 09:59:59
2025-09-25 10:00:00,61.97,61.85,61.97,61.85,262431.60000000003,4240,2025-09-25 10:09:59
2025-09-25 10:10:00,61.85,61.8,61.91,61.77,891302.6999999998,14420,2025-09-25 10:19:59
2025-09-25 10:20:00,61.85,61.75,61.86,61.74,184795.40000000002,2990,2025-09-25 10:29:59
2025-09-25 10:30:00,61.73,61.55,61.79,61.48,3706298.6,60180,2025-09-25 10:39:59
2025-09-25 10:40:00,61.55,61.57,61.58,61.47,660755.2999999998,10740,2025-09-25 10:49:59
2025-09-25 10:50:00,61.56,61.44,61.56,61.42,1156378.1000000003,18810,2025-09-25 10:59:59
2025-09-25 11:00:00,61.44,61.58,61.61,61.42,8407547.20000008,136670,2025-09-25 11:09:59
2025-09-25 11:10:00,61.58,61.52,61.58,61.38,4053731.999999999,65980,2025-09-25 11:19:59
2025-09-25 11:20:00,61.5,61.45,61.51,61.31,1856272.1999999995,30240,2025-09-25 11:29:59
2025-09-25 11:30:00,61.45,61.77,61.8,61.45,3272061.9000000004,53090,2025-09-25 11:39:59
2025-09-25 11:40:00,61.76,61.76,61.82,61.76,863263.7,13970,2025-09-25 11:49:59
2025-09-25 11:50:00,61.75,61.8,61.82,61.64,884541.7,14330,2025-09-25 11:59:59
2025-09-25 12:00:00,61.76,61.72,61.8,61.72,272312.7,4410,2025-09-25 12:09:59
2025-09-25 12:10:00,61.7,61.69,61.84,61.54,2979539.4000000013,48310,2025-09-25 12:19:59
2025-09-25 12:20:00,61.74,61.92,61.98,61.74,1503662.8,24290,2025-09-25 12:29:59
2025-09-25 12:30:00,61.86,61.84,61.92,61.83,289657.1,4680,2025-09-25 12:39:59
2025-09-25 12:40:00,61.83,61.9,61.9,61.83,231325.7,3740,2025-09-25 12:49:59
2025-09-25 12:50:00,61.91,61.74,61.91,61.49,12679891.200000001,205540,2025-09-25 12:59:59
2025-09-25 13:00:00,61.75,61.76,61.77,61.74,2911553.300000001,47150,2025-09-25 13:09:59
2025-09-25 13:10:00,61.77,61.77,61.78,61.76,822790.4,13320,2025-09-25 13:19:59
2025-09-25 13:20:00,61.78,61.79,61.79,61.77,1087276.2000000002,17600,2025-09-25 13:29:59
2025-09-25 13:30:00,61.78,61.6,61.79,61.56,845361.0,13700,2025-09-25 13:39:59
2025-09-25 13:40:00,61.59,61.71,61.71,61.56,40701.5,660,2025-09-25 13:49:59
2025-09-25 13:50:00,61.71,61.72,61.76,61.7,569601.5,9230,2025-09-25 13:59:59
2025-09-25 14:00:00,61.72,61.7,61.75,61.7,376539.1,6100,2025-09-25 14:09:59
2025-09-25 14:10:00,61.7,61.6,61.75,61.55,37301787.4,605010,2025-09-25 14:19:59
2025-09-25 14:20:00,61.64,61.77,61.78,61.64,1591706.3,25780,2025-09-25 14:29:59
2025-09-25 14:30:00,61.77,61.92,61.93,61.77,18151808.6,293790,2025-09-25 14:39:59
2025-09-25 14:40:00,61.92,62.03,62.03,61.92,1935310.1999999997,31230,2025-09-25 14:49:59
2025-09-25 14:50:00,62.04,62.07,62.07,62.04,1783169.6999999997,28740,2025-09-25 14:59:59
2025-09-25 15:00:00,62.08,62.09,62.1,62.08,2151153.1,34650,2025-09-25 15:09:59
2025-09-25 15:10:00,62.09,61.98,62.09,61.98,317412.30000000005,5120,2025-09-25 15:19:59
2025-09-25 15:20:00,61.93,61.88,61.94,61.86,186902.1,3020,2025-09-25 15:29:59
2025-09-25 15:30:00,61.87,61.83,61.88,61.83,255495.69999999995,4130,2025-09-25 15:39:59
2025-09-25 15:40:00,61.83,61.81,61.87,61.81,541087.3,8750,2025-09-25 15:49:59
2025-09-25 15:50:00,61.81,61.84,61.86,61.78,2238531.8,36220,2025-09-25 15:59:59
2025-09-25 16:00:00,61.87,61.8,61.87,61.8,336961.3,5450,2025-09-25 16:09:59
2025-09-25 16:10:00,61.83,61.91,61.92,61.83,705555.0,11400,2025-09-25 16:19:59
2025-09-25 16:20:00,61.92,61.84,61.92,61.84,211588.99999999997,3420,2025-09-25 16:29:59
2025-09-25 16:30:00,61.88,61.83,61.92,61.83,1019470.2000000001,16480,2025-09-25 16:39:59
2025-09-25 16:40:00,61.83,61.74,61.83,61.67,2288037.0000000005,37030,2025-09-25 16:49:59
2025-09-25 16:50:00,61.72,61.64,61.74,61.61,2331639.4999999995,37820,2025-09-25 16:59:59
2025-09-25 17:00:00,61.64,61.66,61.7,61.63,32090843.6,520530,2025-09-25 17:09:59
2025-09-25 17:10:00,61.68,61.69,61.69,61.63,525422.1,8520,2025-09-25 17:19:59
2025-09-25 17:20:00,61.68,61.73,61.76,61.67,3169448.1,51340,2025-09-25 17:29:59
2025-09-25 17:30:00,61.72,61.82,61.87,61.7,1194051.6,19320,2025-09-25 17:39:59
2025-09-25 17:40:00,61.79,61.8,61.82,61.79,82182.70000000001,1330,2025-09-25 17:49:59
2025-09-25 17:50:00,61.78,61.68,61.87,61.68,573498.0,9280,2025-09-25 17:59:59
2025-09-25 18:00:00,61.69,61.63,61.75,61.63,633332.7999999999,10270,2025-09-25 18:09:59
2025-09-25 18:10:00,61.64,61.55,61.69,61.47,4940588.4,80220,2025-09-25 18:19:59
2025-09-25 18:20:00,61.55,60.92,61.6,60.71,42118408.0,688970,2025-09-25 18:29:59
2025-09-25 18:30:00,60.92,60.89,61.08,60.87,4396575.300000001,72140,2025-09-25 18:39:59
2025-09-25 18:40:00,60.98,60.98,60.98,60.98,1806227.5999999999,29620,2025-09-25 18:47:12
2025-09-25 19:00:00,60.97,60.76,61.11,60.74,3087915.5,50700,2025-09-25 19:09:59
2025-09-25 19:10:00,60.76,60.71,60.85,60.71,1607451.5,26440,2025-09-25 19:19:59
2025-09-25 19:20:00,60.72,60.65,60.72,60.58,2596650.6,42820,2025-09-25 19:29:59
2025-09-25 19:30:00,60.65,60.83,60.83,60.65,1697218.0,27940,2025-09-25 19:39:59
2025-09-25 19:40:00,60.83,60.75,60.83,60.72,649122.3999999999,10680,2025-09-25 19:49:59
2025-09-25 19:50:00,60.75,60.9,60.9,60.73,1662892.8,27350,2025-09-25 19:59:59
2025-09-25 20:00:00,60.87,60.87,60.93,60.8,2327421.600000001,38220,2025-09-25 20:09:59
2025-09-25 20:10:00,60.87,60.86,60.87,60.85,539255.2,8860,2025-09-25 20:19:59
2025-09-25 20:20:00,60.85,60.83,60.85,60.74,274382.5,4510,2025-09-25 20:29:59
2025-09-25 20:30:00,60.75,60.77,60.81,60.74,615090.2,10120,2025-09-25 20:39:59
2025-09-25 20:40:00,60.75,60.75,60.79,60.73,597805.7999999999,9840,2025-09-25 20:49:59
2025-09-25 20:50:00,60.78,60.72,60.78,60.72,230744.19999999998,3800,2025-09-25 20:59:59
2025-09-25 21:00:00,60.72,60.75,60.75,60.63,1118409.4,18430,2025-09-25 21:09:59
2025-09-25 21:10:00,60.75,60.77,60.77,60.74,60148.40000000001,990,2025-09-25 21:19:59
2025-09-25 21:20:00,60.75,60.81,60.82,60.75,851650.0999999999,14010,2025-09-25 21:29:59
2025-09-25 21:30:00,60.78,60.7,60.78,60.63,1589276.5999999999,26190,2025-09-25 21:39:59
2025-09-25 21:40:00,60.71,60.71,60.71,60.7,43097.600000000006,710,2025-09-25 21:49:59
2025-09-25 21:50:00,60.71,60.75,60.76,60.7,728154.2000000001,11990,2025-09-25 21:59:59
2025-09-25 22:00:00,60.75,60.75,60.75,60.72,86264.2,1420,2025-09-25 22:09:59
2025-09-25 22:10:00,60.75,60.8,60.82,60.74,507929.89999999997,8360,2025-09-25 22:19:59
2025-09-25 22:20:00,60.75,60.91,60.91,60.75,2223737.1,36530,2025-09-25 22:29:59
2025-09-25 22:30:00,60.86,60.86,60.91,60.82,728322.0,11970,2025-09-25 22:39:59
2025-09-25 22:40:00,60.86,60.9,60.91,60.86,195433.9,3210,2025-09-25 22:49:59
2025-09-25 22:50:00,60.91,60.91,60.91,60.86,185101.3,3040,2025-09-25 22:59:03
2025-09-25 23:00:00,60.88,60.88,60.91,60.88,85856.6,1410,2025-09-25 23:09:59
2025-09-25 23:10:00,60.89,60.81,60.89,60.81,921447.0,15140,2025-09-25 23:19:59
2025-09-25 23:20:00,60.8,60.8,60.8,60.79,187857.1,3090,2025-09-25 23:29:59
2025-09-25 23:30:00,60.8,60.86,60.86,60.79,900476.0,14800,2025-09-25 23:39:59
2025-09-25 23:40:00,60.86,60.85,60.91,60.81,777898.7999999999,12780,2025-09-25 23:47:08
2025-09-26 06:50:00,60.69,60.69,60.69,60.69,2427.6,40,2025-09-26 06:59:59
2025-09-26 07:00:00,60.69,60.78,60.84,60.68,157373.9,2590,2025-09-26 07:09:59
2025-09-26 07:10:00,60.78,60.78,60.79,60.71,122777.1,2020,2025-09-26 07:19:59
2025-09-26 07:20:00,60.78,60.71,60.78,60.65,157798.09999999998,2600,2025-09-26 07:29:59
2025-09-26 07:30:00,60.63,60.58,60.63,60.57,137531.49999999997,2270,2025-09-26 07:39:59
2025-09-26 07:40:00,60.57,60.0,60.57,59.92,7044940.8999999985,117130,2025-09-26 07:49:59
2025-09-26 07:50:00,60.0,60.2,60.28,59.82,2279352.8000000003,37940,2025-09-26 07:59:59
2025-09-26 08:00:00,60.2,60.4,60.42,60.2,410305.7,6800,2025-09-26 08:09:59
2025-09-26 08:10:00,60.37,60.43,60.43,60.21,1074995.4,17820,2025-09-26 08:19:59
2025-09-26 08:20:00,60.42,60.36,60.45,60.36,473450.6000000001,7840,2025-09-26 08:29:59
2025-09-26 08:30:00,60.34,60.34,60.36,60.26,338944.0,5620,2025-09-26 08:39:59
2025-09-26 08:40:00,60.36,60.37,60.37,60.3,226928.09999999998,3760,2025-09-26 08:49:59
2025-09-26 08:50:00,60.39,60.39,60.39,60.37,152158.7,2520,2025-09-26 08:59:59
2025-09-26 09:00:00,60.39,60.72,60.81,60.39,2855371.900000001,47100,2025-09-26 09:09:59
2025-09-26 09:10:00,60.67,60.72,60.72,60.66,364813.1,6010,2025-09-26 09:19:59
2025-09-26 09:20:00,60.72,60.84,60.91,60.72,1939093.5999999999,31900,2025-09-26 09:29:59
2025-09-26 09:30:00,60.84,60.81,60.84,60.77,485091.6,7980,2025-09-26 09:39:59
2025-09-26 09:40:00,60.81,60.82,60.88,60.78,569868.5,9370,2025-09-26 09:49:59
2025-09-26 09:50:00,60.83,60.89,60.96,60.81,1551217.0000000005,25480,2025-09-26 09:59:59
2025-09-26 10:00:00,60.89,60.82,60.94,60.74,2774662.8000000003,45610,2025-09-26 10:09:59
2025-09-26 10:10:00,60.76,60.47,60.77,60.47,4185112.0000000023,69080,2025-09-26 10:19:59
2025-09-26 10:20:00,60.52,60.66,60.69,60.47,2053013.8,33890,2025-09-26 10:29:59
2025-09-26 10:30:00,60.67,60.59,60.75,60.59,1553257.3,25610,2025-09-26 10:39:59
2025-09-26 10:40:00,60.61,60.7,60.72,60.53,2762317.8000000003,45600,2025-09-26 10:49:59
2025-09-26 10:50:00,60.71,60.48,60.71,60.46,8764613.499999996,144710,2025-09-26 10:59:59
2025-09-26 11:00:00,60.51,60.77,60.83,60.49,2574501.5999999996,42420,2025-09-26 11:09:59
2025-09-26 11:10:00,60.77,61.0,61.0,60.7,13848112.700000003,227520,2025-09-26 11:19:59
2025-09-26 11:20:00,60.99,60.97,61.0,60.97,3129291.4,51320,2025-09-26 11:29:59
2025-09-26 11:30:00,60.97,60.79,60.98,60.75,5759768.600000001,94590,2025-09-26 11:39:59
2025-09-26 11:40:00,60.78,60.99,61.0,60.78,5928198.800000005,97280,2025-09-26 11:49:59
2025-09-26 11:50:00,60.98,60.86,61.0,60.83,1028143.6000000001,16880,2025-09-26 11:59:59
2025-09-26 12:00:00,60.89,60.95,60.95,60.86,352706.4,5790,2025-09-26 12:09:59
2025-09-26 12:10:00,60.97,60.81,61.0,60.7,11952049.7,196210,2025-09-26 12:19:59
2025-09-26 12:20:00,60.8,60.76,60.82,60.75,382895.19999999995,6300,2025-09-26 12:29:59
2025-09-26 12:30:00,60.75,60.86,60.9,60.74,2213661.0999999996,36380,2025-09-26 12:39:59
2025-09-26 12:40:00,60.9,61.3,61.32,60.89,25651478.600000005,419570,2025-09-26 12:49:59
2025-09-26 12:50:00,61.3,61.38,61.91,61.24,20403086.8,331530,2025-09-26 12:59:59
2025-09-26 13:00:00,61.37,61.26,61.43,61.21,2534343.3000000003,41340,2025-09-26 13:09:59
2025-09-26 13:10:00,61.26,61.33,61.43,61.26,2064781.3000000003,33670,2025-09-26 13:19:59
2025-09-26 13:20:00,61.33,61.43,61.57,61.33,5244341.399999999,85240,2025-09-26 13:29:59
2025-09-26 13:30:00,61.45,61.41,61.46,61.38,924310.6999999998,15050,2025-09-26 13:39:59
2025-09-26 13:40:00,61.4,61.13,61.4,61.13,2139959.9,34940,2025-09-26 13:49:59
2025-09-26 13:50:00,61.13,61.24,61.24,61.13,1497567.7000000002,24470,2025-09-26 13:59:59
2025-09-26 14:00:00,61.23,61.16,61.24,61.14,287014.0,4690,2025-09-26 14:09:59
2025-09-26 14:10:00,61.16,60.94,61.22,60.85,7334713.499999999,120180,2025-09-26 14:19:59
2025-09-26 14:20:00,60.97,60.89,61.04,60.89,940970.5,15430,2025-09-26 14:29:59
2025-09-26 14:30:00,60.87,60.86,60.99,60.83,1980056.8000000003,32520,2025-09-26 14:39:59
2025-09-26 14:40:00,60.86,60.99,60.99,60.75,1768630.2,29040,2025-09-26 14:49:59
2025-09-26 14:50:00,60.99,60.98,60.99,60.98,733098.5000000001,12020,2025-09-26 14:59:08
2025-09-26 15:00:00,60.98,60.99,60.99,60.98,952594.1999999998,15620,2025-09-26 15:09:59
2025-09-26 15:10:00,60.99,60.98,60.99,60.93,1363505.9999999998,22360,2025-09-26 15:19:59
2025-09-26 15:20:00,60.98,60.85,60.98,60.8,1461292.0,24000,2025-09-26 15:29:59
2025-09-26 15:30:00,60.89,60.9,60.9,60.88,1093092.7,17950,2025-09-26 15:39:59
2025-09-26 15:40:00,60.9,60.9,60.9,60.83,1319562.6,21670,2025-09-26 15:49:59
2025-09-26 15:50:00,60.9,61.02,61.06,60.89,2646951.1000000006,43440,2025-09-26 15:59:04
2025-09-26 16:00:00,61.0,61.1,61.13,61.0,1937704.7000000002,31720,2025-09-26 16:09:59
2025-09-26 16:10:00,61.11,61.1,61.14,61.03,1384574.5,22660,2025-09-26 16:19:59
2025-09-26 16:20:00,61.11,61.03,61.11,60.98,1129166.4,18510,2025-09-26 16:29:59
2025-09-26 16:30:00,61.04,61.05,61.06,61.0,294152.00000000006,4820,2025-09-26 16:39:59
2025-09-26 16:40:00,61.07,61.06,61.09,61.03,580593.2000000001,9510,2025-09-26 16:49:59
2025-09-26 16:50:00,61.06,60.96,61.06,60.85,1188744.3000000003,19510,2025-09-26 16:59:59
2025-09-26 17:00:00,61.0,60.92,61.0,60.84,855719.3,14050,2025-09-26 17:09:59
2025-09-26 17:10:00,60.92,61.12,61.13,60.84,2664076.2,43700,2025-09-26 17:19:59
2025-09-26 17:20:00,61.14,61.03,61.17,61.01,696300.1000000001,11400,2025-09-26 17:29:59
2025-09-26 17:30:00,61.1,61.28,61.35,61.1,3985066.5,65100,2025-09-26 17:39:59
2025-09-26 17:40:00,61.28,61.34,61.39,61.18,2470983.2999999993,40310,2025-09-26 17:49:59
2025-09-26 17:50:00,61.34,61.64,61.64,61.32,3148324.8000000003,51170,2025-09-26 17:59:59
2025-09-26 18:00:00,61.61,61.51,61.65,61.51,2666905.6,43320,2025-09-26 18:09:59
2025-09-26 18:10:00,61.56,61.53,61.6,61.5,2721584.1999999993,44240,2025-09-26 18:19:59
2025-09-26 18:20:00,61.58,61.5,61.64,61.5,2646035.4000000004,42990,2025-09-26 18:29:59
2025-09-26 18:30:00,61.5,61.69,61.69,61.5,4205320.9,68240,2025-09-26 18:39:59
2025-09-26 18:40:00,61.69,61.69,61.69,61.69,270202.2,4380,2025-09-26 18:49:59
2025-09-26 19:00:00,61.61,61.8,61.85,61.61,5184385.6,83930,2025-09-26 19:09:59
2025-09-26 19:10:00,61.73,61.61,61.77,61.61,902013.2,14630,2025-09-26 19:19:59
2025-09-26 19:20:00,61.65,61.75,61.8,61.64,942496.0,15270,2025-09-26 19:29:59
2025-09-26 19:30:00,61.75,61.54,61.75,61.53,2026082.6999999997,32900,2025-09-26 19:39:59
2025-09-26 19:40:00,61.53,61.56,61.56,61.5,608958.7000000001,9900,2025-09-26 19:49:59
2025-09-26 19:50:00,61.59,61.74,61.81,61.59,2638358.1,42730,2025-09-26 19:59:59
2025-09-26 20:00:00,61.72,61.77,61.8,61.72,459032.30000000005,7430,2025-09-26 20:09:59
2025-09-26 20:10:00,61.81,61.75,61.83,61.73,672094.2,10880,2025-09-26 20:19:59
2025-09-26 20:20:00,61.8,61.75,61.8,61.75,903618.6,14630,2025-09-26 20:29:59
2025-09-26 20:30:00,61.75,61.73,61.75,61.7,27156.499999999996,440,2025-09-26 20:39:59
2025-09-26 20:40:00,61.7,61.66,61.72,61.66,218970.59999999998,3550,2025-09-26 20:49:59
2025-09-26 20:50:00,61.69,61.77,61.78,61.69,453788.99999999994,7350,2025-09-26 20:58:04
2025-09-26 21:00:00,61.76,61.73,61.76,61.73,130254.3,2110,2025-09-26 21:09:59
2025-09-26 21:10:00,61.74,61.8,61.85,61.74,522869.39999999997,8460,2025-09-26 21:19:59
2025-09-26 21:20:00,61.84,61.82,61.91,61.82,1191991.0000000002,19260,2025-09-26 21:29:59
2025-09-26 21:30:00,61.82,61.77,61.84,61.77,358557.89999999997,5800,2025-09-26 21:39:59
2025-09-26 21:40:00,61.74,61.63,61.82,61.61,1706105.0999999999,27650,2025-09-26 21:49:59
2025-09-26 21:50:00,61.62,61.7,61.73,61.62,2096122.1000000003,34000,2025-09-26 21:56:14
2025-09-26 22:00:00,61.66,61.66,61.71,61.61,770618.8,12500,2025-09-26 22:09:59
2025-09-26 22:10:00,61.61,61.69,61.69,61.6,170045.7,2760,2025-09-26 22:19:59
2025-09-26 22:20:00,61.65,61.7,61.7,61.62,35145.8,570,2025-09-26 22:29:59
2025-09-26 22:30:00,61.66,61.69,61.69,61.61,515329.2,8360,2025-09-26 22:39:59
2025-09-26 22:40:00,61.64,61.63,61.69,61.63,209572.0,3400,2025-09-26 22:49:59
2025-09-26 22:50:00,61.65,61.6,61.67,61.6,34522.3,560,2025-09-26 22:59:59
2025-09-26 23:00:00,61.6,61.65,61.65,61.6,2465.5,40,2025-09-26 23:09:59
2025-09-26 23:10:00,61.65,61.59,61.69,61.59,211379.8,3430,2025-09-26 23:19:59
2025-09-26 23:20:00,61.64,61.62,61.64,61.61,69011.4,1120,2025-09-26 23:29:59
2025-09-26 23:30:00,61.62,61.65,61.73,61.61,514468.2,8340,2025-09-26 23:39:59
2025-09-26 23:40:00,61.68,61.82,61.82,61.62,982120.3,15890,2025-09-26 23:49:04
2025-09-27 09:50:00,61.85,61.85,61.85,61.85,3092.5,50,2025-09-27 09:59:59
2025-09-27 10:00:00,61.95,61.86,62.24,61.85,455513.89999999997,7340,2025-09-27 10:09:59
2025-09-27 10:10:00,61.89,61.85,61.92,61.85,137931.8,2230,2025-09-27 10:19:59
2025-09-27 10:20:00,61.86,61.86,61.92,61.86,90934.8,1470,2025-09-27 10:29:59
2025-09-27 10:30:00,61.86,61.89,61.92,61.86,58151.09999999999,940,2025-09-27 10:39:59
2025-09-27 10:40:00,61.89,61.89,61.91,61.89,14854.7,240,2025-09-27 10:49:59
2025-09-27 10:50:00,61.91,61.89,61.91,61.89,1857.1,30,2025-09-27 10:59:01
2025-09-27 11:00:00,61.91,61.91,61.92,61.91,45813.49999999999,740,2025-09-27 11:09:59
2025-09-27 11:10:00,61.92,61.91,61.92,61.91,8048.700000000001,130,2025-09-27 11:19:59
2025-09-27 11:20:00,61.91,61.92,61.92,61.91,201858.7,3260,2025-09-27 11:29:59
2025-09-27 11:30:00,61.91,61.91,61.92,61.91,52008.799999999996,840,2025-09-27 11:39:59
2025-09-27 11:40:00,61.92,61.91,61.92,61.86,128136.1,2070,2025-09-27 11:49:59
2025-09-27 11:50:00,61.91,61.87,61.91,61.85,700223.6,11320,2025-09-27 11:59:59
2025-09-27 12:00:00,61.86,61.9,61.91,61.86,21659.5,350,2025-09-27 12:09:59
2025-09-27 12:20:00,61.87,61.79,61.87,61.76,21023.100000000006,340,2025-09-27 12:29:59
2025-09-27 12:30:00,61.74,61.79,61.79,61.72,14207.599999999999,230,2025-09-27 12:39:59
2025-09-27 12:40:00,61.72,61.79,61.79,61.72,14823.3,240,2025-09-27 12:49:59
2025-09-27 12:50:00,61.73,61.78,61.78,61.73,3088.5,50,2025-09-27 12:55:01
2025-09-27 13:00:00,61.78,61.72,61.78,61.72,2469.3999999999996,40,2025-09-27 13:09:59
2025-09-27 13:10:00,61.78,61.78,61.78,61.72,4322.8,70,2025-09-27 13:19:59
2025-09-27 13:20:00,61.78,61.78,61.78,61.78,6178.0,100,2025-09-27 13:29:59
2025-09-27 13:30:00,61.78,61.78,61.78,61.78,9267.0,150,2025-09-27 13:39:59
2025-09-27 13:40:00,61.78,61.72,61.78,61.72,9260.900000000001,150,2025-09-27 13:49:59
2025-09-27 13:50:00,61.72,61.7,61.72,61.65,36390.0,590,2025-09-27 13:59:59
2025-09-27 14:00:00,61.71,61.72,61.77,61.71,22837.4,370,2025-09-27 14:09:59
2025-09-27 14:10:00,61.74,61.75,61.87,61.74,946881.8999999999,15320,2025-09-27 14:19:59
2025-09-27 14:20:00,61.85,61.85,61.85,61.85,1237.0,20,2025-09-27 14:29:59
2025-09-27 14:30:00,61.76,61.76,61.86,61.76,2472.2999999999997,40,2025-09-27 14:39:59
2025-09-27 14:40:00,61.76,61.88,61.88,61.76,94045.5,1520,2025-09-27 14:49:59
2025-09-27 14:50:00,61.8,61.8,61.8,61.79,5561.9,90,2025-09-27 14:57:01
2025-09-27 15:00:00,61.8,61.8,61.8,61.8,16068.0,260,2025-09-27 15:09:59
2025-09-27 15:10:00,61.74,61.74,61.74,61.7,13582.4,220,2025-09-27 15:19:59
2025-09-27 15:20:00,61.74,61.88,61.88,61.7,30257.699999999997,490,2025-09-27 15:29:59
2025-09-27 15:40:00,61.79,61.79,61.79,61.79,3089.5,50,2025-09-27 15:47:01
2025-09-27 16:00:00,61.79,61.82,61.82,61.74,2470.8999999999996,40,2025-09-27 16:09:59
2025-09-27 16:10:00,61.85,61.75,61.85,61.75,8034.4,130,2025-09-27 16:19:59
2025-09-27 16:20:00,61.83,61.76,61.84,61.76,6797.400000000001,110,2025-09-27 16:29:59
2025-09-27 16:30:00,61.77,61.77,61.77,61.77,3088.5,50,2025-09-27 16:39:59
2025-09-27 16:40:00,61.78,61.78,61.85,61.73,24101.2,390,2025-09-27 16:49:59
2025-09-27 16:50:00,61.78,61.69,61.78,61.69,10491.099999999999,170,2025-09-27 16:59:01
2025-09-27 17:00:00,61.74,61.75,61.75,61.72,1852.1,30,2025-09-27 17:09:59
2025-09-27 17:10:00,61.75,61.72,61.75,61.72,1234.7,20,2025-09-27 17:19:59
2025-09-27 17:20:00,61.72,61.72,61.72,61.72,45055.6,730,2025-09-27 17:29:59
2025-09-27 17:30:00,61.75,61.75,61.85,61.75,64910.90000000001,1050,2025-09-27 17:39:59
2025-09-27 17:40:00,61.75,61.74,61.75,61.72,3087.0000000000005,50,2025-09-27 17:49:59
2025-09-27 17:50:00,61.74,61.71,61.74,61.71,1851.6,30,2025-09-27 17:59:02
2025-09-27 18:00:00,61.74,61.82,61.82,61.74,3706.5,60,2025-09-27 18:09:59
2025-09-27 18:10:00,61.82,61.71,61.83,61.71,53730.200000000004,870,2025-09-27 18:19:59
2025-09-27 18:30:00,61.74,61.84,61.85,61.74,221321.6,3580,2025-09-27 18:39:59
2025-09-27 18:40:00,61.81,61.77,61.85,61.77,30280.9,490,2025-09-27 18:49:59
2025-09-27 18:50:00,61.84,61.87,61.87,61.75,78537.2,1270,2025-09-27 18:59:59
2025-09-28 09:50:00,61.87,61.87,61.87,61.87,1856.1,30,2025-09-28 09:59:59
2025-09-28 10:00:00,61.87,61.86,62.03,61.86,179159.7,2890,2025-09-28 10:09:59
2025-09-28 10:10:00,61.87,61.79,61.87,61.79,14222.9,230,2025-09-28 10:19:59
2025-09-28 10:20:00,61.87,61.81,61.95,61.78,17312.4,280,2025-09-28 10:29:59
2025-09-28 10:30:00,61.84,61.83,61.93,61.74,145832.7,2360,2025-09-28 10:39:59
2025-09-28 10:40:00,61.82,61.76,61.82,61.76,1853.5000000000002,30,2025-09-28 10:49:59
2025-09-28 10:50:00,61.8,61.83,61.83,61.75,12358.5,200,2025-09-28 10:57:01
2025-09-28 11:00:00,61.82,61.83,61.83,61.82,13601.099999999999,220,2025-09-28 11:09:59
2025-09-28 11:10:00,61.83,61.82,61.83,61.77,4326.900000000001,70,2025-09-28 11:19:59
2025-09-28 11:20:00,61.82,61.82,61.82,61.82,13600.400000000001,220,2025-09-28 11:29:59
2025-09-28 11:30:00,61.82,61.75,61.82,61.73,155576.1,2520,2025-09-28 11:39:59
2025-09-28 11:40:00,61.75,61.71,61.77,61.71,199364.19999999998,3230,2025-09-28 11:49:59
2025-09-28 11:50:00,61.72,61.75,61.76,61.71,14196.7,230,2025-09-28 11:59:01
2025-09-28 12:00:00,61.76,61.76,61.76,61.76,2470.4,40,2025-09-28 12:09:59
2025-09-28 12:10:00,61.77,61.77,61.77,61.77,2470.8,40,2025-09-28 12:19:59
2025-09-28 12:20:00,61.76,61.76,61.77,61.76,73494.59999999999,1190,2025-09-28 12:29:59
2025-09-28 12:30:00,61.76,61.76,61.76,61.76,6176.0,100,2025-09-28 12:39:59
2025-09-28 12:40:00,61.76,61.76,61.77,61.76,11734.7,190,2025-09-28 12:49:59
2025-09-28 12:50:00,61.76,61.76,61.77,61.76,38293.2,620,2025-09-28 12:59:59
2025-09-28 13:00:00,61.77,61.77,61.77,61.77,27178.800000000003,440,2025-09-28 13:09:59
2025-09-28 13:10:00,61.77,61.78,61.8,61.76,69796.5,1130,2025-09-28 13:19:59
2025-09-28 13:20:00,61.79,61.8,61.8,61.79,231094.7,3740,2025-09-28 13:29:59
2025-09-28 13:30:00,61.8,61.79,61.8,61.79,12977.8,210,2025-09-28 13:39:59
2025-09-28 13:40:00,61.8,61.78,61.8,61.78,1853.6999999999998,30,2025-09-28 13:49:59
2025-09-28 13:50:00,61.8,61.8,61.8,61.8,9888.0,160,2025-09-28 13:57:02
2025-09-28 14:00:00,61.78,61.8,61.8,61.78,6179.4,100,2025-09-28 14:09:59
2025-09-28 14:10:00,61.78,61.75,61.8,61.75,188374.99999999997,3050,2025-09-28 14:19:59
2025-09-28 14:20:00,61.75,61.75,61.75,61.75,1235.0,20,2025-09-28 14:29:59
2025-09-28 14:30:00,61.73,61.74,61.74,61.71,241905.5,3920,2025-09-28 14:39:59
2025-09-28 14:40:00,61.74,61.74,61.74,61.7,20985.0,340,2025-09-28 14:49:59
2025-09-28 14:50:00,61.74,61.71,61.74,61.67,90068.40000000001,1460,2025-09-28 14:57:01
2025-09-28 15:00:00,61.66,61.56,61.72,61.56,114064.8,1850,2025-09-28 15:09:59
2025-09-28 15:10:00,61.65,61.7,61.71,61.64,86340.3,1400,2025-09-28 15:19:59
2025-09-28 15:20:00,61.64,61.63,61.64,61.63,41908.799999999996,680,2025-09-28 15:29:59
2025-09-28 15:30:00,61.7,61.7,61.7,61.7,617.0,10,2025-09-28 15:39:59
2025-09-28 15:40:00,61.64,61.7,61.7,61.6,54857.1,890,2025-09-28 15:49:59
2025-09-28 15:50:00,61.63,61.68,61.68,61.6,56073.100000000006,910,2025-09-28 15:59:59
2025-09-28 16:00:00,61.67,61.67,61.67,61.67,2466.8,40,2025-09-28 16:09:59
2025-09-28 16:10:00,61.67,61.62,61.67,61.62,6781.700000000001,110,2025-09-28 16:19:59
2025-09-28 16:20:00,61.67,61.67,61.67,61.62,12326.800000000001,200,2025-09-28 16:29:59
2025-09-28 16:30:00,61.67,61.62,61.67,61.62,28347.700000000004,460,2025-09-28 16:39:59
2025-09-28 16:40:00,61.67,61.62,61.67,61.59,86860.79999999997,1410,2025-09-28 16:49:59
2025-09-28 16:50:00,61.62,61.6,61.62,61.59,8007.599999999999,130,2025-09-28 16:59:59
2025-09-28 17:00:00,61.59,61.66,61.66,61.59,78285.8,1270,2025-09-28 17:09:59
2025-09-28 17:10:00,61.7,61.71,61.71,61.7,2468.3,40,2025-09-28 17:19:59
2025-09-28 17:30:00,61.7,61.69,61.7,61.69,1233.9,20,2025-09-28 17:39:59
2025-09-28 17:40:00,61.69,61.7,61.7,61.61,70334.2,1140,2025-09-28 17:49:59
2025-09-28 17:50:00,61.71,61.71,61.71,61.71,123420.0,2000,2025-09-28 17:53:02
2025-09-28 18:00:00,61.7,61.61,61.7,61.61,16641.8,270,2025-09-28 18:09:59
2025-09-28 18:10:00,61.69,61.64,61.74,61.64,229584.5,3720,2025-09-28 18:19:59
2025-09-28 18:20:00,61.63,61.71,61.71,61.63,42539.5,690,2025-09-28 18:29:59
2025-09-28 18:30:00,61.72,61.73,61.75,61.72,93204.90000000001,1510,2025-09-28 18:39:59
2025-09-28 18:40:00,61.72,61.72,61.72,61.72,617.2,10,2025-09-28 18:49:59
2025-09-28 18:50:00,61.72,61.72,61.72,61.72,64806.0,1050,2025-09-28 18:59:59
2025-09-29 06:50:00,61.75,61.75,61.75,61.75,16055.0,260,2025-09-29 06:59:59
2025-09-29 07:00:00,61.81,61.77,62.16,61.71,748925.3999999999,12110,2025-09-29 07:09:59
2025-09-29 07:10:00,61.76,61.76,61.76,61.7,84542.79999999999,1370,2025-09-29 07:19:59
2025-09-29 07:20:00,61.73,61.72,61.73,61.72,4320.9,70,2025-09-29 07:29:59
2025-09-29 07:30:00,61.79,61.71,61.79,61.71,10500.8,170,2025-09-29 07:39:59
2025-09-29 07:40:00,61.72,61.57,61.72,61.57,720993.2,11690,2025-09-29 07:49:59
2025-09-29 07:50:00,61.58,61.64,61.64,61.58,168787.09999999998,2740,2025-09-29 07:59:01
2025-09-29 08:00:00,61.63,61.68,61.68,61.62,23427.399999999998,380,2025-09-29 08:09:59
2025-09-29 08:10:00,61.62,61.68,61.68,61.62,2465.4,40,2025-09-29 08:19:59
2025-09-29 08:20:00,61.66,61.66,61.66,61.66,1849.8000000000002,30,2025-09-29 08:29:59
2025-09-29 08:30:00,61.66,61.66,61.67,61.64,19116.4,310,2025-09-29 08:39:59
2025-09-29 08:40:00,61.67,61.63,61.68,61.63,140529.6,2280,2025-09-29 08:49:59
2025-09-29 08:50:00,61.63,61.35,61.63,61.28,2115361.0,34440,2025-09-29 08:59:02
2025-09-29 09:00:00,61.37,61.3,61.38,61.3,541087.3,8820,2025-09-29 09:09:59
2025-09-29 09:10:00,61.34,61.36,61.44,61.27,2629548.5,42880,2025-09-29 09:19:59
2025-09-29 09:20:00,61.34,61.43,61.43,61.34,44821.0,730,2025-09-29 09:29:59
2025-09-29 09:30:00,61.39,61.43,61.43,61.39,57743.0,940,2025-09-29 09:39:59
2025-09-29 09:40:00,61.43,61.42,61.47,61.42,235863.6,3840,2025-09-29 09:49:59
2025-09-29 09:50:00,61.44,61.3,61.44,61.3,312460.89999999997,5090,2025-09-29 09:59:59
2025-09-29 10:00:00,61.36,61.4,61.43,61.3,1183667.3,19290,2025-09-29 10:09:59
2025-09-29 10:10:00,61.4,61.4,61.44,61.34,4025204.1999999993,65530,2025-09-29 10:19:59
2025-09-29 10:20:00,61.4,61.16,61.43,60.94,6900531.400000002,112860,2025-09-29 10:29:59
2025-09-29 10:30:00,61.19,61.34,61.38,61.19,1373780.9,22410,2025-09-29 10:39:59
2025-09-29 10:40:00,61.31,61.45,61.46,61.31,2584691.4000000004,42080,2025-09-29 10:49:59
2025-09-29 10:50:00,61.47,61.52,61.58,61.36,3562563.6999999997,57950,2025-09-29 10:59:59
2025-09-29 11:00:00,61.56,61.96,61.99,61.56,4050999.4,65490,2025-09-29 11:09:59
2025-09-29 11:10:00,61.96,62.05,62.18,61.79,15856030.800000003,255790,2025-09-29 11:19:59
2025-09-29 11:20:00,62.01,62.05,62.1,61.99,1647569.4,26560,2025-09-29 11:29:59
2025-09-29 11:30:00,62.05,61.88,62.06,61.85,8149888.0,131610,2025-09-29 11:39:59
2025-09-29 11:40:00,61.87,61.82,61.95,61.82,1210966.6,19570,2025-09-29 11:49:59
2025-09-29 11:50:00,61.83,61.8,61.87,61.75,2325912.5999999996,37640,2025-09-29 11:59:59
2025-09-29 12:00:00,61.8,61.95,62.0,61.75,6739911.799999999,108960,2025-09-29 12:09:59
2025-09-29 12:10:00,61.99,61.81,62.0,61.78,4614396.000000001,74550,2025-09-29 12:19:59
2025-09-29 12:20:00,61.79,61.91,62.09,61.77,12468401.799999999,201220,2025-09-29 12:29:59
2025-09-29 12:30:00,61.91,61.55,61.91,61.5,5100917.799999998,82680,2025-09-29 12:39:59
2025-09-29 12:40:00,61.5,61.32,61.57,61.32,5241943.6,85290,2025-09-29 12:49:59
2025-09-29 12:50:00,61.32,61.47,61.47,61.31,9860347.200000003,160570,2025-09-29 12:59:59
2025-09-29 13:00:00,61.53,61.55,61.68,61.51,2537561.8000000003,41200,2025-09-29 13:09:59
2025-09-29 13:10:00,61.55,61.46,61.56,61.43,1884881.7000000002,30660,2025-09-29 13:19:59
2025-09-29 13:20:00,61.46,61.33,61.49,61.3,4192353.5000000014,68270,2025-09-29 13:29:59
2025-09-29 13:30:00,61.31,61.4,61.44,61.22,3479255.8,56720,2025-09-29 13:39:59
2025-09-29 13:40:00,61.37,61.17,61.42,61.17,2595750.9999999995,42370,2025-09-29 13:49:59
2025-09-29 13:50:00,61.17,61.07,61.22,61.04,4584073.700000001,74980,2025-09-29 13:59:59
2025-09-29 14:00:00,61.07,60.99,61.09,60.86,3500244.4000000004,57420,2025-09-29 14:09:59
2025-09-29 14:10:00,60.98,61.05,61.21,60.98,3509078.6999999997,57440,2025-09-29 14:19:59
2025-09-29 14:20:00,61.05,61.34,61.45,61.0,7732383.499999993,126250,2025-09-29 14:29:59
2025-09-29 14:30:00,61.34,61.06,61.42,61.04,2666049.6000000006,43560,2025-09-29 14:39:59
2025-09-29 14:40:00,61.05,61.02,61.11,60.99,2277524.8000000007,37320,2025-09-29 14:49:59
2025-09-29 14:50:00,61.02,60.99,61.11,60.99,1661655.3,27220,2025-09-29 14:59:59
2025-09-29 15:00:00,60.99,60.99,61.09,60.95,3875984.7000000007,63510,2025-09-29 15:09:59
2025-09-29 15:10:00,60.99,60.94,61.05,60.94,4047042.9,66370,2025-09-29 15:19:59
2025-09-29 15:20:00,60.94,60.96,61.11,60.92,2307810.3,37820,2025-09-29 15:29:59
2025-09-29 15:30:00,60.96,60.9,60.98,60.9,2389239.3000000003,39210,2025-09-29 15:39:59
2025-09-29 15:40:00,60.9,60.73,60.97,60.71,9574531.9,157310,2025-09-29 15:49:59
2025-09-29 15:50:00,60.72,60.55,60.8,60.53,3556206.1999999997,58650,2025-09-29 15:59:59
2025-09-29 16:00:00,60.56,60.58,60.71,60.56,3019474.2999999993,49770,2025-09-29 16:09:59
2025-09-29 16:10:00,60.58,60.52,60.61,60.46,5011109.9,82790,2025-09-29 16:19:59
2025-09-29 16:20:00,60.52,60.46,60.55,60.44,3561111.6999999997,58880,2025-09-29 16:29:59
2025-09-29 16:30:00,60.46,60.48,60.54,60.45,1726326.2000000002,28540,2025-09-29 16:39:59
2025-09-29 16:40:00,60.48,60.39,60.5,60.35,7907835.800000002,130870,2025-09-29 16:49:59
2025-09-29 16:50:00,60.41,60.61,60.77,60.39,8306871.999999995,137010,2025-09-29 16:59:59
2025-09-29 17:00:00,60.61,60.46,60.61,60.38,3560932.5000000005,58890,2025-09-29 17:09:59
2025-09-29 17:10:00,60.43,60.4,60.56,60.38,2195797.0999999996,36330,2025-09-29 17:19:59
2025-09-29 17:20:00,60.37,60.36,60.43,60.35,1984762.4999999998,32870,2025-09-29 17:29:59
2025-09-29 17:30:00,60.38,59.9,60.39,59.84,28424101.30000001,472790,2025-09-29 17:39:59
2025-09-29 17:40:00,59.9,59.6,59.94,59.5,30931558.300000004,518360,2025-09-29 17:49:59
2025-09-29 17:50:00,59.6,59.53,59.65,59.47,15109512.4,253730,2025-09-29 17:59:59
2025-09-29 18:00:00,59.52,59.5,59.6,59.41,16564384.799999995,278330,2025-09-29 18:09:59
2025-09-29 18:10:00,59.5,59.14,59.56,58.92,32535754.900000002,549510,2025-09-29 18:19:59
2025-09-29 18:20:00,59.12,59.15,59.24,58.79,29621208.5,501540,2025-09-29 18:29:59
2025-09-29 18:30:00,59.11,58.77,59.13,58.6,19908270.6,337870,2025-09-29 18:39:59
2025-09-29 18:40:00,58.77,58.77,58.77,58.77,320884.2,5460,2025-09-29 18:49:59
2025-09-29 19:00:00,58.75,59.09,59.09,58.62,15705987.800000003,266900,2025-09-29 19:09:59
2025-09-29 19:10:00,59.1,59.2,59.3,58.87,10891813.599999998,184300,2025-09-29 19:19:59
2025-09-29 19:20:00,59.2,59.26,59.31,59.16,5700259.200000001,96210,2025-09-29 19:29:59
2025-09-29 19:30:00,59.26,59.4,59.44,59.26,3866997.5,65160,2025-09-29 19:39:59
2025-09-29 19:40:00,59.4,59.32,59.4,59.21,6308329.800000001,106320,2025-09-29 19:49:59
2025-09-29 19:50:00,59.38,59.27,59.39,59.2,6520911.400000001,110050,2025-09-29 19:59:59
2025-09-29 20:00:00,59.26,59.09,59.26,59.07,12397857.299999999,209710,2025-09-29 20:09:59
2025-09-29 20:10:00,59.09,59.0,59.09,58.93,5459831.1,92500,2025-09-29 20:19:59
2025-09-29 20:20:00,58.99,58.99,59.03,58.98,2031091.7000000002,34410,2025-09-29 20:29:59
2025-09-29 20:30:00,58.98,59.01,59.02,58.93,2144510.1,36360,2025-09-29 20:39:59
2025-09-29 20:40:00,59.01,58.92,59.03,58.89,3696271.700000001,62700,2025-09-29 20:49:59
2025-09-29 20:50:00,58.91,58.68,58.91,58.67,16668412.0,283630,2025-09-29 20:59:59
2025-09-29 21:00:00,58.7,58.72,58.75,58.67,3156306.5999999996,53750,2025-09-29 21:09:59
2025-09-29 21:10:00,58.74,58.61,58.82,58.61,6911763.400000004,117720,2025-09-29 21:19:59
2025-09-29 21:20:00,58.61,58.6,58.61,58.39,9128048.4,156050,2025-09-29 21:29:59
2025-09-29 21:30:00,58.59,58.82,58.82,58.59,3956322.7000000007,67390,2025-09-29 21:39:59
2025-09-29 21:40:00,58.82,58.78,58.85,58.7,1857500.3,31600,2025-09-29 21:49:59
2025-09-29 21:50:00,58.78,58.7,58.84,58.67,1449959.2,24690,2025-09-29 21:59:59
2025-09-29 22:00:00,58.7,58.63,58.7,58.57,1673269.2000000002,28540,2025-09-29 22:09:59
2025-09-29 22:10:00,58.64,58.7,58.7,58.58,581729.8,9920,2025-09-29 22:19:59
2025-09-29 22:20:00,58.69,58.67,58.7,58.61,1363813.1999999997,23240,2025-09-29 22:29:59
2025-09-29 22:30:00,58.69,58.7,58.7,58.66,2203962.5,37550,2025-09-29 22:39:59
2025-09-29 22:40:00,58.7,58.63,58.7,58.63,3318647.8000000003,56540,2025-09-29 22:49:59
2025-09-29 22:50:00,58.66,58.64,58.7,58.55,1189987.6,20300,2025-09-29 22:59:59
2025-09-29 23:00:00,58.64,58.57,58.64,58.55,2054211.4,35040,2025-09-29 23:09:59
2025-09-29 23:10:00,58.57,58.54,58.6,58.5,957937.4,16360,2025-09-29 23:19:59
2025-09-29 23:20:00,58.58,58.48,58.58,58.46,1948545.1,33300,2025-09-29 23:29:59
2025-09-29 23:30:00,58.48,58.44,58.48,58.38,3857716.7999999993,66010,2025-09-29 23:39:59
2025-09-29 23:40:00,58.44,58.45,58.57,58.36,6721368.6,115090,2025-09-29 23:49:59
2025-09-30 06:50:00,58.45,58.45,58.45,58.45,227955.0,3900,2025-09-30 06:59:59
2025-09-30 07:00:00,58.4,58.45,58.55,58.39,4312451.000000001,73770,2025-09-30 07:09:59
2025-09-30 07:10:00,58.45,58.5,58.53,58.45,1306400.0,22330,2025-09-30 07:19:59
2025-09-30 07:20:00,58.5,58.62,58.66,58.48,1918661.5,32750,2025-09-30 07:29:59
2025-09-30 07:30:00,58.63,58.67,58.67,58.62,1790580.3999999997,30540,2025-09-30 07:39:59
2025-09-30 07:40:00,58.67,58.93,58.98,58.67,5784990.800000001,98240,2025-09-30 07:49:59
2025-09-30 07:50:00,58.87,58.79,58.87,58.79,2243675.9999999995,38150,2025-09-30 07:59:59
2025-09-30 08:00:00,58.8,58.8,58.8,58.77,1227093.9,20870,2025-09-30 08:09:59
2025-09-30 08:10:00,58.78,58.8,58.8,58.78,171659.0,2920,2025-09-30 08:19:59
2025-09-30 08:20:00,58.8,58.79,58.8,58.77,85244.8,1450,2025-09-30 08:29:59
2025-09-30 08:30:00,58.8,58.73,58.8,58.72,3468018.6999999997,59010,2025-09-30 08:39:59
2025-09-30 08:40:00,58.74,58.75,58.75,58.71,1670151.9000000001,28430,2025-09-30 08:49:59
2025-09-30 08:50:00,58.75,58.72,58.75,58.72,706140.0,12020,2025-09-30 08:59:59
2025-09-30 09:00:00,58.72,58.56,58.73,58.56,1892748.2,32280,2025-09-30 09:09:59
2025-09-30 09:10:00,58.56,58.54,58.56,58.41,3514519.1000000006,60100,2025-09-30 09:19:59
2025-09-30 09:20:00,58.54,58.68,58.75,58.54,2031449.2999999998,34620,2025-09-30 09:29:59
2025-09-30 09:30:00,58.68,58.68,58.71,58.66,263543.1,4490,2025-09-30 09:39:59
2025-09-30 09:40:00,58.67,58.62,58.71,58.56,1177663.8,20080,2025-09-30 09:49:59
2025-09-30 09:50:00,58.61,58.69,58.75,58.61,2452078.7,41780,2025-09-30 09:59:59
2025-09-30 10:00:00,58.67,58.4,58.67,58.21,15948845.8,272950,2025-09-30 10:09:59
2025-09-30 10:10:00,58.39,58.3,58.39,58.18,9139018.0,156880,2025-09-30 10:19:59
2025-09-30 10:20:00,58.3,58.0,58.3,57.95,6312378.4,108790,2025-09-30 10:29:59
2025-09-30 10:30:00,58.0,58.21,58.27,57.96,3936557.6000000006,67800,2025-09-30 10:39:59
2025-09-30 10:40:00,58.21,58.2,58.32,58.09,5892867.6,101260,2025-09-30 10:49:59
2025-09-30 10:50:00,58.21,58.31,58.45,58.2,3629575.5000000005,62270,2025-09-30 10:59:59
2025-09-30 11:00:00,58.33,58.25,58.33,58.04,3297905.8999999994,56670,2025-09-30 11:09:59
2025-09-30 11:10:00,58.21,58.18,58.22,58.08,3325805.499999998,57170,2025-09-30 11:19:59
2025-09-30 11:20:00,58.17,58.17,58.31,58.13,7339238.300000001,126030,2025-09-30 11:29:59
2025-09-30 11:30:00,58.17,58.09,58.2,58.08,2429295.6999999997,41780,2025-09-30 11:39:59
2025-09-30 11:40:00,58.11,58.22,58.22,58.06,3198544.6,55010,2025-09-30 11:49:59
2025-09-30 11:50:00,58.23,57.92,58.23,57.74,9860954.2,170220,2025-09-30 11:59:59
2025-09-30 12:00:00,57.86,57.9,57.92,57.67,16418315.500000006,284020,2025-09-30 12:09:59
2025-09-30 12:10:00,57.92,57.96,58.05,57.89,2851283.0000000005,49180,2025-09-30 12:19:59
2025-09-30 12:20:00,57.96,57.71,57.97,57.69,3472791.3,60060,2025-09-30 12:29:59
2025-09-30 12:30:00,57.74,57.5,57.75,57.41,8681651.099999998,150630,2025-09-30 12:39:59
2025-09-30 12:40:00,57.5,57.69,57.69,57.42,3238748.200000001,56310,2025-09-30 12:49:59
2025-09-30 12:50:00,57.69,57.68,57.76,57.56,2686550.1,46600,2025-09-30 12:59:59
2025-09-30 13:00:00,57.64,57.56,57.71,57.41,4587959.9,79740,2025-09-30 13:09:59
2025-09-30 13:10:00,57.59,57.68,57.76,57.45,10049025.799999997,174560,2025-09-30 13:19:59
2025-09-30 13:20:00,57.66,57.95,58.01,57.66,7750497.099999999,133970,2025-09-30 13:29:59
2025-09-30 13:30:00,57.92,57.91,57.99,57.87,2173136.7,37510,2025-09-30 13:39:59
2025-09-30 13:40:00,57.94,58.03,58.06,57.88,1533504.9000000001,26440,2025-09-30 13:49:59
2025-09-30 13:50:00,58.04,58.34,58.42,58.04,5342532.0,91810,2025-09-30 13:59:59
2025-09-30 14:00:00,58.34,58.47,58.55,58.23,5098268.200000001,87230,2025-09-30 14:09:59
2025-09-30 14:10:00,58.49,58.63,58.8,58.49,16231326.799999999,276690,2025-09-30 14:19:59
2025-09-30 14:20:00,58.63,58.68,58.74,58.6,6324743.5,107820,2025-09-30 14:29:59
2025-09-30 14:30:00,58.68,58.8,58.8,58.68,4600775.100000001,78260,2025-09-30 14:39:59
2025-09-30 14:40:00,58.78,58.64,58.8,58.61,5564167.5,94770,2025-09-30 14:49:59
2025-09-30 14:50:00,58.64,58.32,58.64,58.32,9424135.300000003,160970,2025-09-30 14:59:59
2025-09-30 15:00:00,58.31,58.14,58.4,58.11,4468740.5,76730,2025-09-30 15:09:59
2025-09-30 15:10:00,58.19,58.31,58.33,58.15,7422157.000000001,127260,2025-09-30 15:19:59
2025-09-30 15:20:00,58.33,58.33,58.33,58.29,6473675.699999999,111000,2025-09-30 15:29:59
2025-09-30 15:30:00,58.33,58.32,58.33,58.3,4888472.7,83820,2025-09-30 15:39:59
2025-09-30 15:40:00,58.33,58.25,58.33,58.19,4474511.4,76740,2025-09-30 15:49:59
2025-09-30 15:50:00,58.26,58.25,58.33,58.18,2335074.6999999997,40100,2025-09-30 15:59:59
2025-09-30 16:00:00,58.3,58.24,58.33,58.2,1746758.8000000003,29960,2025-09-30 16:09:59
2025-09-30 16:10:00,58.25,58.26,58.33,58.13,2189539.4999999995,37600,2025-09-30 16:19:59
2025-09-30 16:20:00,58.26,58.24,58.26,58.11,1786692.2,30720,2025-09-30 16:29:59
2025-09-30 16:30:00,58.24,58.32,58.33,58.22,8045116.799999999,137950,2025-09-30 16:39:59
2025-09-30 16:40:00,58.33,58.32,58.33,58.29,2652148.7,45470,2025-09-30 16:49:59
2025-09-30 16:50:00,58.31,58.32,58.33,58.27,7385634.4,126630,2025-09-30 16:59:59
2025-09-30 17:00:00,58.32,58.29,58.33,58.26,1594417.5,27340,2025-09-30 17:09:59
2025-09-30 17:10:00,58.31,58.23,58.31,58.11,3073824.0,52820,2025-09-30 17:19:59
2025-09-30 17:20:00,58.23,58.28,58.32,58.2,3041784.000000001,52210,2025-09-30 17:29:59
2025-09-30 17:30:00,58.28,58.26,58.52,58.26,5432002.800000001,93020,2025-09-30 17:39:59
2025-09-30 17:40:00,58.28,58.24,58.3,58.11,3747053.1000000006,64360,2025-09-30 17:49:59
2025-09-30 17:50:00,58.25,58.18,58.3,58.09,4960220.600000001,85290,2025-09-30 17:59:59
2025-09-30 18:00:00,58.2,58.29,58.31,57.95,6300848.199999999,108480,2025-09-30 18:09:59
2025-09-30 18:10:00,58.29,58.37,58.44,58.28,9196887.299999999,157630,2025-09-30 18:19:59
2025-09-30 18:20:00,58.37,58.38,58.43,58.35,2818326.4,48270,2025-09-30 18:29:59
2025-09-30 18:30:00,58.37,58.37,58.44,58.31,3653708.4,62580,2025-09-30 18:39:59
2025-09-30 18:40:00,58.37,58.37,58.37,58.37,9339.2,160,2025-09-30 18:47:10
2025-09-30 19:00:00,58.31,58.24,58.33,58.02,1694546.4,29100,2025-09-30 19:09:59
2025-09-30 19:10:00,58.22,58.21,58.3,58.2,445711.3,7650,2025-09-30 19:19:59
2025-09-30 19:20:00,58.24,58.17,58.24,58.15,30841.4,530,2025-09-30 19:29:59
2025-09-30 19:30:00,58.17,58.1,58.17,57.96,4039072.5,69610,2025-09-30 19:39:59
2025-09-30 19:40:00,58.1,58.11,58.12,58.07,72622.80000000002,1250,2025-09-30 19:49:59
2025-09-30 19:50:00,58.08,57.89,58.13,57.84,4310391.799999999,74410,2025-09-30 19:59:59
2025-09-30 20:00:00,57.9,57.82,57.95,57.76,1669987.3999999994,28860,2025-09-30 20:09:59
2025-09-30 20:10:00,57.8,57.83,57.84,57.77,208646.0,3610,2025-09-30 20:19:59
2025-09-30 20:20:00,57.8,57.82,57.83,57.77,615059.1,10640,2025-09-30 20:29:59
2025-09-30 20:30:00,57.83,57.88,57.95,57.81,1165051.7000000002,20130,2025-09-30 20:39:59
2025-09-30 20:40:00,57.88,57.92,57.92,57.88,314925.0,5440,2025-09-30 20:49:59
2025-09-30 20:50:00,57.92,57.85,57.92,57.85,204895.0,3540,2025-09-30 20:59:09
2025-09-30 21:00:00,57.89,57.96,57.96,57.85,1283226.1,22150,2025-09-30 21:09:59
2025-09-30 21:10:00,57.96,58.06,58.06,57.89,744463.3999999999,12840,2025-09-30 21:19:59
2025-09-30 21:20:00,58.04,58.11,58.27,58.04,4774266.6000000015,82060,2025-09-30 21:29:59
2025-09-30 21:30:00,58.11,58.23,58.23,58.1,608801.3999999999,10470,2025-09-30 21:39:59
2025-09-30 21:40:00,58.2,58.2,58.23,58.19,55291.3,950,2025-09-30 21:49:59
2025-09-30 21:50:00,58.2,58.2,58.29,58.2,867964.7,14900,2025-09-30 21:58:10
2025-09-30 22:00:00,58.24,58.25,58.3,58.24,2056751.2,35290,2025-09-30 22:09:59
2025-09-30 22:10:00,58.25,58.26,58.29,58.23,275582.8,4730,2025-09-30 22:19:59
2025-09-30 22:20:00,58.27,58.29,58.3,58.26,5721032.3,98140,2025-09-30 22:29:59
2025-09-30 22:30:00,58.28,58.27,58.3,58.27,40804.8,700,2025-09-30 22:39:59
2025-09-30 22:40:00,58.27,58.28,58.3,58.27,56535.1,970,2025-09-30 22:49:59
2025-09-30 22:50:00,58.3,58.34,58.42,58.3,768186.4000000001,13160,2025-09-30 22:59:09
2025-09-30 23:00:00,58.39,58.29,58.42,58.29,2583055.5999999996,44250,2025-09-30 23:09:59
2025-09-30 23:10:00,58.4,58.4,58.4,58.31,3723250.1,63800,2025-09-30 23:19:59
2025-09-30 23:20:00,58.36,58.33,58.39,58.33,260191.20000000004,4460,2025-09-30 23:29:59
2025-09-30 23:30:00,58.34,58.38,58.39,58.28,2433636.0999999996,41710,2025-09-30 23:39:59
2025-09-30 23:40:00,58.32,58.4,58.41,58.32,464877.3,7960,2025-09-30 23:49:09
2025-10-01 06:50:00,58.42,58.42,58.42,58.42,2921.0,50,2025-10-01 06:59:59
2025-10-01 07:00:00,58.44,58.36,58.44,58.32,347450.3,5950,2025-10-01 07:09:59
2025-10-01 07:10:00,58.35,58.44,58.44,58.35,14602.0,250,2025-10-01 07:19:59
2025-10-01 07:20:00,58.36,58.44,58.44,58.36,12840.8,220,2025-10-01 07:29:59
2025-10-01 07:30:00,58.44,58.44,58.44,58.38,243509.9,4170,2025-10-01 07:39:59
2025-10-01 07:40:00,58.43,58.43,58.45,58.41,1604331.5,27450,2025-10-01 07:49:59
2025-10-01 07:50:00,58.43,58.72,58.91,58.42,5755806.499999999,98050,2025-10-01 07:59:59
2025-10-01 08:00:00,58.77,58.74,58.78,58.63,1080572.6,18400,2025-10-01 08:09:59
2025-10-01 08:10:00,58.74,58.72,58.84,58.71,1460055.7,24830,2025-10-01 08:19:59
2025-10-01 08:20:00,58.72,58.58,58.72,58.58,916141.5999999999,15620,2025-10-01 08:29:59
2025-10-01 08:30:00,58.66,58.68,58.71,58.66,19367.1,330,2025-10-01 08:39:59
2025-10-01 08:40:00,58.68,58.71,58.71,58.67,295836.60000000003,5040,2025-10-01 08:49:59
2025-10-01 08:50:00,58.78,58.8,58.8,58.73,1426691.2999999998,24270,2025-10-01 08:59:59
2025-10-01 09:00:00,58.8,58.82,58.87,58.71,4468839.600000001,76020,2025-10-01 09:09:59
2025-10-01 09:10:00,58.8,58.79,58.82,58.78,810197.3,13780,2025-10-01 09:19:59
2025-10-01 09:20:00,58.81,58.8,58.82,58.78,388067.1,6600,2025-10-01 09:29:59
2025-10-01 09:30:00,58.8,58.79,58.8,58.79,761444.3,12950,2025-10-01 09:39:59
2025-10-01 09:40:00,58.79,58.74,58.79,58.74,329630.9,5610,2025-10-01 09:49:59
2025-10-01 09:50:00,58.71,58.75,58.75,58.57,2578825.1,43970,2025-10-01 09:59:59
2025-10-01 10:00:00,58.73,58.51,58.73,58.5,1015289.8,17330,2025-10-01 10:09:59
2025-10-01 10:10:00,58.52,58.45,58.66,58.45,1660557.4,28350,2025-10-01 10:19:59
2025-10-01 10:20:00,58.44,58.53,58.53,58.34,4483545.7,76770,2025-10-01 10:29:59
2025-10-01 10:30:00,58.53,58.55,58.59,58.42,1456902.6,24900,2025-10-01 10:39:59
2025-10-01 10:40:00,58.55,58.22,58.55,58.13,5042353.3999999985,86540,2025-10-01 10:49:59
2025-10-01 10:50:00,58.25,58.24,58.36,58.14,3336347.8000000007,57270,2025-10-01 10:59:59
2025-10-01 11:00:00,58.21,58.32,58.36,58.2,3129622.1999999997,53750,2025-10-01 11:09:59
2025-10-01 11:10:00,58.32,58.51,58.51,58.27,818450.2,14010,2025-10-01 11:19:59
2025-10-01 11:20:00,58.52,58.51,58.53,58.38,295889.1,5060,2025-10-01 11:29:59
2025-10-01 11:30:00,58.51,58.63,58.76,58.51,3440914.5999999973,58680,2025-10-01 11:39:59
2025-10-01 11:40:00,58.68,58.57,58.69,58.52,722872.2999999999,12340,2025-10-01 11:49:59
2025-10-01 11:50:00,58.57,58.57,58.6,58.37,1939184.9,33160,2025-10-01 11:59:59
2025-10-01 12:00:00,58.57,58.64,58.71,58.57,2428716.7000000034,41410,2025-10-01 12:09:59
2025-10-01 12:10:00,58.65,58.72,58.72,58.54,357516.4,6100,2025-10-01 12:19:59
2025-10-01 12:20:00,58.72,58.78,58.79,58.57,450662.5999999999,7680,2025-10-01 12:29:59
2025-10-01 12:30:00,58.79,58.95,59.09,58.7,19894010.399999995,337570,2025-10-01 12:39:59
2025-10-01 12:40:00,58.95,59.16,59.17,58.91,3106075.9000000004,52620,2025-10-01 12:49:59
2025-10-01 12:50:00,59.15,59.13,59.16,58.95,3595294.3000000003,60890,2025-10-01 12:59:59
2025-10-01 13:00:00,59.15,59.08,59.17,58.98,2175849.4,36820,2025-10-01 13:09:59
2025-10-01 13:10:00,59.06,58.99,59.07,58.95,1344513.5000000002,22790,2025-10-01 13:19:59
2025-10-01 13:20:00,59.0,58.59,59.05,58.45,8952082.400000002,152620,2025-10-01 13:29:59
2025-10-01 13:30:00,58.59,58.24,58.59,58.17,11030567.299999999,189190,2025-10-01 13:39:59
2025-10-01 13:40:00,58.21,58.4,58.43,58.15,6049220.2,103760,2025-10-01 13:49:59
2025-10-01 13:50:00,58.38,58.4,58.43,58.33,387158.8,6630,2025-10-01 13:59:59
2025-10-01 14:00:00,58.43,58.28,58.48,58.18,4883908.1,83760,2025-10-01 14:09:59
2025-10-01 14:10:00,58.28,58.35,58.4,58.2,1244500.2999999998,21340,2025-10-01 14:19:59
2025-10-01 14:20:00,58.33,58.46,58.46,58.31,379456.29999999993,6500,2025-10-01 14:29:59
2025-10-01 14:30:00,58.46,58.36,58.58,58.36,1767926.5,30220,2025-10-01 14:39:59
2025-10-01 14:40:00,58.37,58.39,58.41,58.27,412884.1,7080,2025-10-01 14:49:59
2025-10-01 14:50:00,58.38,58.38,58.41,58.32,326321.1,5590,2025-10-01 14:59:59
2025-10-01 15:00:00,58.35,58.04,58.35,57.95,6440510.300000003,110880,2025-10-01 15:09:59
2025-10-01 15:10:00,58.05,58.0,58.08,57.91,8575774.0,147950,2025-10-01 15:19:59
2025-10-01 15:20:00,58.0,57.93,58.04,57.8,4354016.399999999,75160,2025-10-01 15:29:59
2025-10-01 15:30:00,57.93,58.16,58.19,57.93,2575238.9000000004,44330,2025-10-01 15:39:59
2025-10-01 15:40:00,58.09,58.13,58.15,58.03,1904495.7999999996,32790,2025-10-01 15:49:59
2025-10-01 15:50:00,58.1,58.24,58.29,58.1,1657100.7,28490,2025-10-01 15:59:59
2025-10-01 16:00:00,58.23,58.24,58.26,58.07,1692649.0000000005,29100,2025-10-01 16:09:59
2025-10-01 16:10:00,58.23,58.38,58.4,58.23,1673348.2999999998,28690,2025-10-01 16:19:59
2025-10-01 16:20:00,58.36,58.26,58.36,58.26,988385.9999999998,16950,2025-10-01 16:29:59
2025-10-01 16:30:00,58.28,58.32,58.35,58.26,483902.0,8300,2025-10-01 16:39:59
2025-10-01 16:40:00,58.31,58.41,58.48,58.3,1751022.2999999998,29970,2025-10-01 16:49:59
2025-10-01 16:50:00,58.41,58.34,58.41,58.27,1215413.5,20830,2025-10-01 16:59:59
2025-10-01 17:00:00,58.33,58.13,58.34,58.1,716973.2999999999,12320,2025-10-01 17:09:59
2025-10-01 17:10:00,58.11,58.03,58.11,57.86,2700462.9,46550,2025-10-01 17:19:59
2025-10-01 17:20:00,58.03,57.79,58.08,57.68,3503005.500000001,60530,2025-10-01 17:29:59
2025-10-01 17:30:00,57.79,57.6,57.79,57.54,2834042.1000000006,49130,2025-10-01 17:39:59
2025-10-01 17:40:00,57.6,57.51,57.76,57.47,4251987.699999999,73780,2025-10-01 17:49:59
2025-10-01 17:50:00,57.51,57.39,57.6,57.18,21084402.599999946,367300,2025-10-01 17:59:59
2025-10-01 18:00:00,57.45,57.52,57.66,57.41,3890789.5,67600,2025-10-01 18:09:59
2025-10-01 18:10:00,57.58,57.5,57.66,57.42,2868274.0,49800,2025-10-01 18:19:59
2025-10-01 18:20:00,57.53,57.6,57.65,57.47,2097620.9,36470,2025-10-01 18:29:59
2025-10-01 18:30:00,57.57,57.51,57.61,57.49,1171117.7,20340,2025-10-01 18:39:59
2025-10-01 18:40:00,57.51,57.51,57.51,57.51,229464.90000000002,3990,2025-10-01 18:49:59
2025-10-01 19:00:00,57.61,57.63,57.68,57.5,1971386.8,34230,2025-10-01 19:09:59
2025-10-01 19:10:00,57.63,57.65,57.65,57.56,498847.1,8660,2025-10-01 19:19:59
2025-10-01 19:20:00,57.67,57.79,57.91,57.67,4633929.000000001,80160,2025-10-01 19:29:59
2025-10-01 19:30:00,57.75,57.69,57.75,57.69,538536.8999999999,9330,2025-10-01 19:39:59
2025-10-01 19:40:00,57.69,57.72,57.73,57.66,885342.7000000001,15340,2025-10-01 19:49:59
2025-10-01 19:50:00,57.73,57.74,57.76,57.72,420278.9,7280,2025-10-01 19:59:59
2025-10-01 20:00:00,57.74,57.76,57.76,57.73,513308.60000000003,8890,2025-10-01 20:09:59
2025-10-01 20:10:00,57.74,57.74,57.76,57.74,419229.0,7260,2025-10-01 20:19:59
2025-10-01 20:20:00,57.74,57.69,57.74,57.69,102160.1,1770,2025-10-01 20:29:59
2025-10-01 20:30:00,57.68,57.53,57.68,57.45,7769099.7,134990,2025-10-01 20:39:59
2025-10-01 20:40:00,57.54,57.62,57.69,57.54,2760482.9000000004,47940,2025-10-01 20:49:59
2025-10-01 20:50:00,57.69,57.66,57.74,57.62,350167.4,6070,2025-10-01 20:59:59
2025-10-01 21:00:00,57.71,57.5,57.71,57.42,868462.7999999998,15100,2025-10-01 21:09:59
2025-10-01 21:10:00,57.5,57.49,57.51,57.41,2301418.0999999996,40050,2025-10-01 21:19:59
2025-10-01 21:20:00,57.49,57.56,57.57,57.44,108081.49999999999,1880,2025-10-01 21:29:59
2025-10-01 21:30:00,57.55,57.57,57.61,57.5,1128798.3,19610,2025-10-01 21:39:59
2025-10-01 21:40:00,57.55,57.56,57.61,57.5,1507821.6,26190,2025-10-01 21:49:59
2025-10-01 21:50:00,57.56,57.48,57.58,57.48,1341052.5,23320,2025-10-01 21:59:59
2025-10-01 22:00:00,57.48,57.45,57.53,57.44,337285.0,5870,2025-10-01 22:09:59
2025-10-01 22:10:00,57.42,57.46,57.49,57.41,428633.5,7460,2025-10-01 22:19:59
2025-10-01 22:20:00,57.5,57.54,57.54,57.5,99523.1,1730,2025-10-01 22:29:59
2025-10-01 22:30:00,57.5,57.55,57.55,57.5,276641.5,4810,2025-10-01 22:39:59
2025-10-01 22:40:00,57.57,57.57,57.6,57.55,107671.2,1870,2025-10-01 22:49:59
2025-10-01 22:50:00,57.54,57.55,57.59,57.54,124948.5,2170,2025-10-01 22:59:59
2025-10-01 23:00:00,57.59,57.59,57.59,57.58,76590.9,1330,2025-10-01 23:09:59
2025-10-01 23:10:00,57.6,57.56,57.62,57.56,65657.1,1140,2025-10-01 23:19:59
2025-10-01 23:20:00,57.55,57.47,57.61,57.47,324529.2,5640,2025-10-01 23:29:59
2025-10-01 23:30:00,57.47,57.43,57.51,57.43,883791.4,15380,2025-10-01 23:39:59
2025-10-01 23:40:00,57.43,57.68,57.68,57.43,402580.3,7000,2025-10-01 23:49:59
2025-10-02 06:50:00,57.8,57.8,57.8,57.8,34680.0,600,2025-10-02 06:59:59
2025-10-02 07:00:00,57.71,57.69,58.18,57.65,3620009.3,62570,2025-10-02 07:09:59
2025-10-02 07:10:00,57.64,57.78,57.79,57.64,114242.59999999999,1980,2025-10-02 07:19:59
2025-10-02 07:20:00,57.74,57.57,57.74,57.51,748207.4999999999,12980,2025-10-02 07:29:59
2025-10-02 07:30:00,57.52,57.58,57.58,57.5,132281.50000000003,2300,2025-10-02 07:39:59
2025-10-02 07:40:00,57.52,57.21,57.52,57.2,3865818.3999999994,67390,2025-10-02 07:49:59
2025-10-02 07:50:00,57.2,57.1,57.2,57.0,3451242.9,60460,2025-10-02 07:58:01
2025-10-02 08:00:00,57.09,56.81,57.09,56.73,2891585.8,50820,2025-10-02 08:09:59
2025-10-02 08:10:00,56.79,56.81,56.89,56.79,1258830.3,22140,2025-10-02 08:19:59
2025-10-02 08:20:00,56.81,56.6,56.81,56.52,3117132.1,55040,2025-10-02 08:29:59
2025-10-02 08:30:00,56.61,56.57,56.66,56.52,1374104.5,24280,2025-10-02 08:39:59
2025-10-02 08:40:00,56.59,56.63,56.66,56.56,1329796.2,23490,2025-10-02 08:49:59
2025-10-02 08:50:00,56.64,56.85,56.87,56.64,2330584.7,41050,2025-10-02 08:59:59
2025-10-02 09:00:00,56.86,57.04,57.04,56.81,3480353.6,61140,2025-10-02 09:09:59
2025-10-02 09:10:00,57.02,56.86,57.06,56.85,1688222.0000000005,29640,2025-10-02 09:19:59
2025-10-02 09:20:00,56.86,56.97,56.97,56.64,10943037.700000001,192580,2025-10-02 09:29:59
2025-10-02 09:30:00,56.9,56.8,56.9,56.79,1408518.1000000003,24780,2025-10-02 09:39:59
2025-10-02 09:40:00,56.76,56.76,56.84,56.73,1202082.0000000002,21170,2025-10-02 09:49:59
2025-10-02 09:50:00,56.72,56.84,56.84,56.71,671673.0,11830,2025-10-02 09:59:59
2025-10-02 10:00:00,56.84,56.86,57.1,56.81,4496466.899999999,78910,2025-10-02 10:09:59
2025-10-02 10:10:00,56.86,56.75,56.87,56.6,6721827.300000001,118610,2025-10-02 10:19:59
2025-10-02 10:20:00,56.73,56.77,56.77,56.66,763863.3999999999,13470,2025-10-02 10:29:59
2025-10-02 10:30:00,56.77,57.15,57.2,56.77,5225713.799999999,91700,2025-10-02 10:39:59
2025-10-02 10:40:00,57.16,57.33,57.34,57.07,6440863.199999999,112610,2025-10-02 10:49:59
2025-10-02 10:50:00,57.36,57.34,57.49,57.28,2381052.2,41500,2025-10-02 10:59:59
2025-10-02 11:00:00,57.32,57.54,57.59,57.31,1954129.5000000002,34020,2025-10-02 11:09:59
2025-10-02 11:10:00,57.49,57.24,57.64,57.08,8824657.0,153820,2025-10-02 11:19:59
2025-10-02 11:20:00,57.21,57.0,57.26,56.92,8770916.799999999,153730,2025-10-02 11:29:59
2025-10-02 11:30:00,57.02,56.88,57.02,56.88,1699143.4999999998,29830,2025-10-02 11:39:59
2025-10-02 11:40:00,56.87,56.95,57.15,56.8,5281629.0,92750,2025-10-02 11:49:59
2025-10-02 11:50:00,56.97,56.99,56.99,56.83,686676.0,12070,2025-10-02 11:59:59
2025-10-02 12:00:00,57.03,56.68,57.04,56.6,6189666.0,109140,2025-10-02 12:09:59
2025-10-02 12:10:00,56.69,56.8,56.85,56.56,2585517.8,45610,2025-10-02 12:19:59
2025-10-02 12:20:00,56.76,56.99,56.99,56.74,2884413.7,50740,2025-10-02 12:29:59
2025-10-02 12:30:00,57.0,57.11,57.16,57.0,4892663.3,85690,2025-10-02 12:39:59
2025-10-02 12:40:00,57.11,57.4,57.41,57.11,5919366.9,103480,2025-10-02 12:49:59
2025-10-02 12:50:00,57.36,57.51,57.55,57.32,2634123.3000000003,45850,2025-10-02 12:59:59
2025-10-02 13:00:00,57.51,57.58,57.67,57.41,4021639.2000000007,69880,2025-10-02 13:09:59
2025-10-02 13:10:00,57.58,57.52,57.63,57.38,8420360.7,146550,2025-10-02 13:19:59
2025-10-02 13:20:00,57.48,57.55,57.65,57.48,2300382.4000000004,39940,2025-10-02 13:29:59
2025-10-02 13:30:00,57.55,57.62,57.64,57.52,2440276.4000000004,42380,2025-10-02 13:39:59
2025-10-02 13:40:00,57.63,57.5,57.8,57.45,6047218.9,104870,2025-10-02 13:49:59
2025-10-02 13:50:00,57.5,57.31,57.58,57.31,6174533.3,107500,2025-10-02 13:59:59
2025-10-02 14:00:00,57.32,57.25,57.36,57.1,1796003.6999999997,31380,2025-10-02 14:09:59
2025-10-02 14:10:00,57.24,57.26,57.37,57.12,5215624.5,91110,2025-10-02 14:19:59
2025-10-02 14:20:00,57.28,57.13,57.28,57.1,3574783.3000000003,62520,2025-10-02 14:29:59
2025-10-02 14:30:00,57.15,57.28,57.28,57.1,910075.3999999999,15900,2025-10-02 14:39:59
2025-10-02 14:40:00,57.28,57.52,57.55,57.25,4018061.9999999995,69980,2025-10-02 14:49:59
2025-10-02 14:50:00,57.5,57.57,57.66,57.49,1215633.6,21110,2025-10-02 14:59:59
2025-10-02 15:00:00,57.57,57.54,57.65,57.47,911914.5000000001,15850,2025-10-02 15:09:59
2025-10-02 15:10:00,57.54,57.37,57.54,57.33,1882628.7000000002,32800,2025-10-02 15:19:59
2025-10-02 15:20:00,57.36,57.3,57.47,57.3,4343984.1,75680,2025-10-02 15:29:59
2025-10-02 15:30:00,57.3,57.32,57.39,57.3,1196268.9000000001,20860,2025-10-02 15:39:59
2025-10-02 15:40:00,57.32,57.39,57.4,57.32,765669.1000000002,13350,2025-10-02 15:49:59
2025-10-02 15:50:00,57.38,57.32,57.38,57.18,1156161.7000000002,20180,2025-10-02 15:59:59
2025-10-02 16:00:00,57.3,57.3,57.31,57.23,682181.4,11910,2025-10-02 16:09:59
2025-10-02 16:10:00,57.3,57.32,57.34,57.26,574732.2000000001,10030,2025-10-02 16:19:59
2025-10-02 16:20:00,57.31,57.31,57.35,57.26,1168972.8999999997,20400,2025-10-02 16:29:59
2025-10-02 16:30:00,57.27,57.31,57.39,57.19,3927567.0,68550,2025-10-02 16:39:59
2025-10-02 16:40:00,57.34,57.33,57.38,57.3,510648.1,8910,2025-10-02 16:49:59
2025-10-02 16:50:00,57.32,57.26,57.34,57.21,1354643.2999999998,23650,2025-10-02 16:59:59
2025-10-02 17:00:00,57.27,57.31,57.31,57.22,1147492.6,20040,2025-10-02 17:09:59
2025-10-02 17:10:00,57.3,57.37,57.44,57.22,2391485.5000000005,41740,2025-10-02 17:19:59
2025-10-02 17:20:00,57.37,57.66,57.72,57.31,3288623.9,57150,2025-10-02 17:29:59
2025-10-02 17:30:00,57.66,57.59,57.66,57.48,2705489.1,46980,2025-10-02 17:39:59
2025-10-02 17:40:00,57.55,57.58,57.58,57.49,1803479.9,31340,2025-10-02 17:49:59
2025-10-02 17:50:00,57.58,57.52,57.59,57.48,676628.4999999999,11760,2025-10-02 17:59:59
2025-10-02 18:00:00,57.51,57.48,57.52,57.42,633171.7,11020,2025-10-02 18:09:59
2025-10-02 18:10:00,57.48,57.24,57.51,57.24,851773.5999999999,14850,2025-10-02 18:19:59
2025-10-02 18:20:00,57.24,57.23,57.4,57.23,1193408.1,20820,2025-10-02 18:29:59
2025-10-02 18:30:00,57.23,57.34,57.34,56.95,2976394.0,52100,2025-10-02 18:39:59
2025-10-02 18:40:00,57.37,57.37,57.37,57.37,35569.4,620,2025-10-02 18:49:13
2025-10-02 19:00:00,57.33,57.31,57.37,57.1,1773869.3000000003,30970,2025-10-02 19:09:59
2025-10-02 19:10:00,57.3,57.14,57.3,57.13,436897.49999999994,7640,2025-10-02 19:19:59
2025-10-02 19:20:00,57.17,57.31,57.31,57.16,308539.80000000005,5390,2025-10-02 19:29:59
2025-10-02 19:30:00,57.28,57.33,57.35,57.28,180516.9,3150,2025-10-02 19:39:59
2025-10-02 19:40:00,57.37,57.41,57.41,57.32,267919.60000000003,4670,2025-10-02 19:49:59
2025-10-02 19:50:00,57.4,57.3,57.4,57.28,488461.3,8520,2025-10-02 19:58:09
2025-10-02 20:00:00,57.31,57.17,57.31,57.17,585681.6,10230,2025-10-02 20:09:59
2025-10-02 20:10:00,57.17,57.19,57.2,57.14,518217.5,9060,2025-10-02 20:19:59
2025-10-02 20:20:00,57.19,57.15,57.19,57.15,360109.6,6300,2025-10-02 20:29:59
2025-10-02 20:30:00,57.13,57.15,57.17,57.13,82852.5,1450,2025-10-02 20:39:59
2025-10-02 20:40:00,57.17,57.17,57.17,57.17,40590.7,710,2025-10-02 20:49:59
2025-10-02 20:50:00,57.17,57.17,57.17,57.14,85741.3,1500,2025-10-02 20:59:09
2025-10-02 21:00:00,57.14,57.04,57.17,56.97,1875497.4,32870,2025-10-02 21:09:59
2025-10-02 21:10:00,57.0,56.99,57.06,56.93,2256418.3,39620,2025-10-02 21:19:59
2025-10-02 21:20:00,57.0,56.97,57.0,56.94,48421.2,850,2025-10-02 21:29:59
2025-10-02 21:30:00,56.96,56.96,56.96,56.93,47825.600000000006,840,2025-10-02 21:39:59
2025-10-02 21:40:00,56.96,56.95,56.96,56.93,10818.3,190,2025-10-02 21:49:59
2025-10-02 21:50:00,56.93,56.68,56.93,56.65,9418915.6,166020,2025-10-02 21:59:59
2025-10-02 22:00:00,56.66,56.89,56.89,56.64,2729199.2,48120,2025-10-02 22:09:59
2025-10-02 22:10:00,56.91,56.88,56.93,56.84,197386.0,3470,2025-10-02 22:19:59
2025-10-02 22:20:00,56.9,56.87,56.9,56.87,140506.9,2470,2025-10-02 22:29:59
2025-10-02 22:30:00,56.87,56.83,56.87,56.76,275618.8,4850,2025-10-02 22:39:59
2025-10-02 22:40:00,56.83,57.13,57.13,56.83,2077001.9000000001,36470,2025-10-02 22:49:59
2025-10-02 22:50:00,57.14,57.1,57.14,57.05,509592.9,8930,2025-10-02 22:59:59
2025-10-02 23:00:00,57.13,57.07,57.13,57.07,34821.1,610,2025-10-02 23:09:59
2025-10-02 23:10:00,57.12,57.11,57.12,57.11,65105.5,1140,2025-10-02 23:19:59
2025-10-02 23:20:00,57.11,57.09,57.11,57.07,122176.20000000001,2140,2025-10-02 23:29:59
2025-10-02 23:30:00,57.07,56.96,57.1,56.94,1539650.4,27010,2025-10-02 23:39:59
2025-10-02 23:40:00,56.86,56.93,56.94,56.83,334816.8,5890,2025-10-02 23:49:09
2025-10-03 06:50:00,57.0,57.0,57.0,57.0,570.0,10,2025-10-03 06:59:59
2025-10-03 07:00:00,56.71,56.98,57.03,56.7,355487.4,6250,2025-10-03 07:09:59
2025-10-03 07:10:00,56.98,56.99,57.01,56.88,225621.80000000002,3960,2025-10-03 07:19:59
2025-10-03 07:20:00,57.02,57.04,57.04,56.94,163130.1,2860,2025-10-03 07:29:59
2025-10-03 07:30:00,57.04,57.26,57.28,57.01,795356.2999999999,13920,2025-10-03 07:39:59
2025-10-03 07:40:00,57.29,57.33,57.4,57.29,376173.1,6560,2025-10-03 07:49:59
2025-10-03 07:50:00,57.31,57.83,58.09,57.3,14699810.800000003,254630,2025-10-03 07:59:59
2025-10-03 08:00:00,57.85,57.81,57.86,57.81,419858.8,7260,2025-10-03 08:09:59
2025-10-03 08:10:00,57.81,57.59,57.81,57.58,1379152.4000000001,23910,2025-10-03 08:19:59
2025-10-03 08:20:00,57.59,57.44,57.59,57.44,1537845.2,26740,2025-10-03 08:29:59
2025-10-03 08:30:00,57.49,57.42,57.49,57.42,179804.0,3130,2025-10-03 08:39:59
2025-10-03 08:40:00,57.5,57.52,57.52,57.5,13225.600000000002,230,2025-10-03 08:49:59
2025-10-03 08:50:00,57.5,57.52,57.52,57.5,69022.4,1200,2025-10-03 08:59:59
2025-10-03 09:00:00,57.51,57.54,57.54,57.35,1894467.4999999998,33000,2025-10-03 09:09:59
2025-10-03 09:10:00,57.55,57.55,57.55,57.5,78828.59999999999,1370,2025-10-03 09:19:59
2025-10-03 09:20:00,57.55,57.46,57.62,57.46,828845.3,14400,2025-10-03 09:29:59
2025-10-03 09:30:00,57.47,57.45,57.53,57.41,325745.0,5670,2025-10-03 09:39:59
2025-10-03 09:40:00,57.47,57.49,57.54,57.47,28754.399999999994,500,2025-10-03 09:49:59
2025-10-03 09:50:00,57.53,57.46,57.53,57.41,484403.9000000001,8430,2025-10-03 09:59:59
2025-10-03 10:00:00,57.48,57.73,57.77,57.48,2016789.4,34970,2025-10-03 10:09:59
2025-10-03 10:10:00,57.74,57.65,57.84,57.62,3416872.5999999996,59220,2025-10-03 10:19:59
2025-10-03 10:20:00,57.65,57.65,57.65,57.56,6099367.8,105830,2025-10-03 10:29:59
2025-10-03 10:30:00,57.63,57.62,57.63,57.54,419040.30000000005,7280,2025-10-03 10:39:59
2025-10-03 10:40:00,57.62,57.58,57.65,57.56,492666.19999999995,8550,2025-10-03 10:49:59
2025-10-03 10:50:00,57.58,57.58,57.59,57.53,264842.5,4600,2025-10-03 10:59:59
2025-10-03 11:00:00,57.54,57.65,57.65,57.53,3620401.5999999996,62840,2025-10-03 11:09:59
2025-10-03 11:10:00,57.65,57.64,57.65,57.64,6586837.700000001,114260,2025-10-03 11:19:59
2025-10-03 11:20:00,57.65,57.65,57.65,57.53,973737.8,16910,2025-10-03 11:29:59
2025-10-03 11:30:00,57.65,57.6,57.65,57.58,728710.8,12650,2025-10-03 11:39:59
2025-10-03 11:40:00,57.6,57.5,57.6,57.4,2738688.5,47610,2025-10-03 11:49:59
2025-10-03 11:50:00,57.52,57.47,57.53,57.46,376053.89999999997,6540,2025-10-03 11:59:59
2025-10-03 12:00:00,57.48,57.43,57.5,57.38,1694324.1,29500,2025-10-03 12:09:59
2025-10-03 12:10:00,57.43,57.44,57.48,57.35,482372.5,8400,2025-10-03 12:19:59
2025-10-03 12:20:00,57.45,57.38,57.52,57.38,2263336.7,39400,2025-10-03 12:29:59
2025-10-03 12:30:00,57.38,57.34,57.38,57.25,3335361.1000000006,58190,2025-10-03 12:39:59
2025-10-03 12:40:00,57.35,57.11,57.38,57.08,8271980.5,144660,2025-10-03 12:49:59
2025-10-03 12:50:00,57.08,56.97,57.15,56.91,2390020.2,41880,2025-10-03 12:59:59
2025-10-03 13:00:00,56.97,56.96,56.98,56.82,3472882.6000000006,61020,2025-10-03 13:09:59
2025-10-03 13:10:00,56.96,57.0,57.0,56.9,549566.4,9650,2025-10-03 13:19:59
2025-10-03 13:20:00,57.0,57.05,57.08,56.9,4015126.0999999996,70420,2025-10-03 13:29:59
2025-10-03 13:30:00,57.06,57.09,57.2,57.05,1771159.0999999999,30990,2025-10-03 13:39:59
2025-10-03 13:40:00,57.09,57.1,57.12,57.07,739832.3999999999,12960,2025-10-03 13:49:59
2025-10-03 13:50:00,57.1,57.14,57.16,57.09,1561825.7999999998,27340,2025-10-03 13:59:59
2025-10-03 14:00:00,57.14,56.81,57.14,56.79,3767623.9999999995,66100,2025-10-03 14:09:59
2025-10-03 14:10:00,56.79,56.86,56.95,56.73,5524205.2,97240,2025-10-03 14:19:59
2025-10-03 14:20:00,56.88,56.95,56.96,56.82,1423525.5000000005,25020,2025-10-03 14:29:59
2025-10-03 14:30:00,56.94,56.86,56.95,56.82,413166.5000000001,7260,2025-10-03 14:39:59
2025-10-03 14:40:00,56.86,56.83,56.86,56.8,839857.2000000001,14780,2025-10-03 14:49:59
2025-10-03 14:50:00,56.82,56.72,56.82,56.7,1587112.7,27960,2025-10-03 14:59:59
2025-10-03 15:00:00,56.7,56.75,56.83,56.66,2501975.8,44070,2025-10-03 15:09:59
2025-10-03 15:10:00,56.78,56.71,56.83,56.68,626842.3,11040,2025-10-03 15:19:59
2025-10-03 15:20:00,56.72,56.52,56.81,56.35,15714709.400000002,277980,2025-10-03 15:29:59
2025-10-03 15:30:00,56.55,56.57,56.67,56.52,5190533.299999999,91710,2025-10-03 15:39:59
2025-10-03 15:40:00,56.55,56.54,56.67,56.5,3700570.7,65390,2025-10-03 15:49:59
2025-10-03 15:50:00,56.56,56.69,56.69,56.54,1314941.6,23210,2025-10-03 15:59:59
2025-10-03 16:00:00,56.66,56.64,56.71,56.58,2868507.1,50620,2025-10-03 16:09:59
2025-10-03 16:10:00,56.6,56.46,56.62,56.36,15129544.900000002,267890,2025-10-03 16:19:59
2025-10-03 16:20:00,56.51,56.66,56.66,56.18,8154919.399999999,144390,2025-10-03 16:29:59
2025-10-03 16:30:00,56.65,56.62,56.69,56.39,6055719.2,107040,2025-10-03 16:39:59
2025-10-03 16:40:00,56.61,56.42,56.67,56.42,3973914.1,70300,2025-10-03 16:49:59
2025-10-03 16:50:00,56.48,56.27,56.48,56.18,2810292.7000000007,49920,2025-10-03 16:59:59
2025-10-03 17:00:00,56.31,56.08,56.31,56.06,8271860.8,147240,2025-10-03 17:09:59
2025-10-03 17:10:00,56.1,56.19,56.23,56.07,997686.6,17760,2025-10-03 17:19:59
2025-10-03 17:20:00,56.16,55.89,56.16,55.87,7055239.399999999,125940,2025-10-03 17:29:59
2025-10-03 17:30:00,55.88,55.9,56.02,55.8,7037153.299999999,125860,2025-10-03 17:39:59
2025-10-03 17:40:00,55.9,56.02,56.07,55.9,2064930.5000000005,36870,2025-10-03 17:49:59
2025-10-03 17:50:00,56.02,56.11,56.12,56.0,1263317.2999999998,22530,2025-10-03 17:59:59
2025-10-03 18:00:00,56.11,56.0,56.11,56.0,3028010.4,54030,2025-10-03 18:09:59
2025-10-03 18:10:00,56.0,56.24,56.53,55.93,20455230.700000003,363400,2025-10-03 18:19:59
2025-10-03 18:20:00,56.27,56.37,56.4,56.12,6635485.8,117850,2025-10-03 18:29:59
2025-10-03 18:30:00,56.41,56.32,56.41,56.31,966574.9,17150,2025-10-03 18:39:59
2025-10-03 18:40:00,56.32,56.32,56.32,56.32,1126.4,20,2025-10-03 18:46:14
2025-10-03 19:00:00,56.31,56.2,56.35,56.17,4081519.4,72530,2025-10-03 19:09:59
2025-10-03 19:10:00,56.2,56.14,56.2,56.12,2462276.7,43820,2025-10-03 19:19:59
2025-10-03 19:20:00,56.14,56.04,56.15,55.96,1900579.2999999998,33890,2025-10-03 19:29:59
2025-10-03 19:30:00,56.09,55.95,56.1,55.85,3325748.6,59480,2025-10-03 19:39:59
2025-10-03 19:40:00,55.95,56.0,56.0,55.8,1960305.6999999997,35100,2025-10-03 19:49:59
2025-10-03 19:50:00,56.0,56.0,56.02,55.91,319562.99999999994,5710,2025-10-03 19:59:59
2025-10-03 20:00:00,56.0,56.1,56.15,56.0,514319.1,9170,2025-10-03 20:09:59
2025-10-03 20:10:00,56.14,56.09,56.14,56.09,310356.2,5530,2025-10-03 20:19:59
2025-10-03 20:20:00,56.09,56.11,56.15,56.08,412486.9,7350,2025-10-03 20:29:59
2025-10-03 20:30:00,56.15,56.2,56.2,56.11,695893.5,12390,2025-10-03 20:39:59
2025-10-03 20:40:00,56.2,56.2,56.2,56.18,160126.6,2850,2025-10-03 20:49:59
2025-10-03 20:50:00,56.2,56.2,56.2,56.17,28091.2,500,2025-10-03 20:59:59
2025-10-03 21:00:00,56.19,56.18,56.2,56.18,1954623.7,34780,2025-10-03 21:09:59
2025-10-03 21:10:00,56.18,56.19,56.2,56.18,2247389.2,39990,2025-10-03 21:19:59
2025-10-03 21:20:00,56.2,56.18,56.2,56.18,323049.69999999995,5750,2025-10-03 21:29:59
2025-10-03 21:30:00,56.19,56.18,56.19,56.18,61244.100000000006,1090,2025-10-03 21:39:59
2025-10-03 21:40:00,56.19,56.17,56.19,56.17,153930.7,2740,2025-10-03 21:49:59
2025-10-03 21:50:00,56.19,56.19,56.19,56.17,32023.7,570,2025-10-03 21:58:09
2025-10-03 22:00:00,56.19,56.2,56.2,56.19,296159.2,5270,2025-10-03 22:09:59
2025-10-03 22:10:00,56.17,56.14,56.19,56.13,385788.7000000001,6870,2025-10-03 22:19:59
2025-10-03 22:20:00,56.2,56.18,56.2,56.16,419094.6,7460,2025-10-03 22:29:59
2025-10-03 22:30:00,56.18,56.19,56.2,56.16,96631.4,1720,2025-10-03 22:39:59
2025-10-03 22:40:00,56.2,56.2,56.2,56.2,30910.0,550,2025-10-03 22:49:59
2025-10-03 22:50:00,56.2,56.2,56.2,56.18,613070.2999999999,10910,2025-10-03 22:59:59
2025-10-03 23:00:00,56.2,56.19,56.2,56.19,55068.6,980,2025-10-03 23:09:59
2025-10-03 23:10:00,56.19,56.14,56.2,56.08,1066007.5000000002,19000,2025-10-03 23:19:59
2025-10-03 23:20:00,56.08,56.03,56.12,56.0,1754813.3,31300,2025-10-03 23:29:59
2025-10-03 23:30:00,56.02,56.03,56.09,56.0,958203.3000000002,17100,2025-10-03 23:39:59
2025-10-03 23:40:00,56.08,56.11,56.11,56.0,634202.9999999999,11310,2025-10-03 23:49:59
2025-10-04 09:50:00,56.33,56.33,56.33,56.33,3379.8,60,2025-10-04 09:59:59
2025-10-04 10:00:00,56.38,56.3,56.39,56.11,141421.99999999997,2510,2025-10-04 10:09:59
2025-10-04 10:10:00,56.28,56.01,56.36,56.0,1367970.3000000003,24310,2025-10-04 10:19:59
2025-10-04 10:20:00,56.01,56.0,56.01,56.0,177528.30000000002,3170,2025-10-04 10:29:59
2025-10-04 10:30:00,55.96,55.84,56.03,55.84,1359248.9000000001,24300,2025-10-04 10:39:59
2025-10-04 10:40:00,55.84,55.88,55.9,55.81,1077666.5000000002,19300,2025-10-04 10:49:59
2025-10-04 10:50:00,55.87,55.84,55.89,55.83,127884.0,2290,2025-10-04 10:59:59
2025-10-04 11:00:00,55.87,55.8,55.87,55.8,2070083.6,37090,2025-10-04 11:09:59
2025-10-04 11:10:00,55.8,55.91,55.93,55.8,276515.20000000007,4950,2025-10-04 11:19:59
2025-10-04 11:20:00,55.9,55.98,56.0,55.85,942367.7999999999,16850,2025-10-04 11:29:59
2025-10-04 11:30:00,56.0,55.96,56.0,55.87,165013.19999999998,2950,2025-10-04 11:39:59
2025-10-04 11:40:00,55.96,56.0,56.05,55.96,455455.1,8130,2025-10-04 11:49:59
2025-10-04 11:50:00,56.0,55.9,56.1,55.87,368097.10000000003,6570,2025-10-04 11:59:59
2025-10-04 12:00:00,55.97,55.97,55.97,55.87,330885.9,5920,2025-10-04 12:09:59
2025-10-04 12:10:00,55.96,55.92,55.96,55.9,24612.7,440,2025-10-04 12:19:59
2025-10-04 12:20:00,55.93,55.77,55.93,55.6,3542995.7,63560,2025-10-04 12:29:59
2025-10-04 12:30:00,55.77,55.89,55.89,55.75,605403.2,10840,2025-10-04 12:39:59
2025-10-04 12:40:00,55.89,55.84,55.9,55.66,1793239.4999999998,32140,2025-10-04 12:49:59
2025-10-04 12:50:00,55.79,55.78,55.89,55.63,537444.7999999999,9630,2025-10-04 12:59:59
2025-10-04 13:00:00,55.8,55.8,55.81,55.75,186875.30000000002,3350,2025-10-04 13:09:59
2025-10-04 13:10:00,55.76,55.76,55.79,55.73,124886.8,2240,2025-10-04 13:19:59
2025-10-04 13:20:00,55.73,55.8,55.8,55.73,124398.8,2230,2025-10-04 13:29:59
2025-10-04 13:30:00,55.85,55.65,55.86,55.63,2239385.9,40160,2025-10-04 13:39:59
2025-10-04 13:40:00,55.65,55.75,55.8,55.64,549669.2,9870,2025-10-04 13:49:59
2025-10-04 13:50:00,55.76,55.72,55.85,55.72,562051.9999999999,10080,2025-10-04 13:59:59
2025-10-04 14:00:00,55.72,55.69,55.75,55.69,297454.80000000005,5340,2025-10-04 14:09:59
2025-10-04 14:10:00,55.69,55.75,55.9,55.69,5034843.3,90120,2025-10-04 14:19:59
2025-10-04 14:20:00,55.75,55.75,55.79,55.71,245295.9,4400,2025-10-04 14:29:59
2025-10-04 14:30:00,55.76,55.74,55.79,55.74,836219.5,15000,2025-10-04 14:39:59
2025-10-04 14:40:00,55.74,55.75,55.88,55.73,1260682.0999999999,22610,2025-10-04 14:49:59
2025-10-04 14:50:00,55.78,55.84,55.88,55.78,83168.09999999999,1490,2025-10-04 14:58:06
2025-10-04 15:00:00,55.84,55.92,55.92,55.82,243075.60000000003,4350,2025-10-04 15:09:59
2025-10-04 15:10:00,55.89,55.93,55.96,55.89,108472.2,1940,2025-10-04 15:19:59
2025-10-04 15:20:00,55.9,55.91,55.95,55.88,475348.5,8500,2025-10-04 15:29:59
2025-10-04 15:30:00,55.91,55.94,55.95,55.91,78867.9,1410,2025-10-04 15:39:59
2025-10-04 15:40:00,55.91,55.92,55.95,55.91,67665.20000000001,1210,2025-10-04 15:49:59
2025-10-04 15:50:00,55.92,55.92,55.92,55.88,117374.20000000001,2100,2025-10-04 15:59:59
2025-10-04 16:00:00,55.92,55.93,55.94,55.89,588282.2999999998,10520,2025-10-04 16:09:59
2025-10-04 16:10:00,55.9,55.93,55.93,55.9,38576.399999999994,690,2025-10-04 16:19:59
2025-10-04 16:20:00,55.93,55.92,55.93,55.89,55913.99999999999,1000,2025-10-04 16:29:59
2025-10-04 16:30:00,55.91,55.9,55.94,55.87,1220960.9999999998,21850,2025-10-04 16:39:59
2025-10-04 16:40:00,55.88,55.84,55.9,55.84,2082342.5999999996,37270,2025-10-04 16:49:59
2025-10-04 16:50:00,55.85,55.9,55.94,55.84,335952.0,6010,2025-10-04 16:59:59
2025-10-04 17:00:00,55.9,55.92,55.92,55.88,129123.70000000001,2310,2025-10-04 17:09:59
2025-10-04 17:10:00,55.92,55.91,55.92,55.89,14538.7,260,2025-10-04 17:19:59
2025-10-04 17:20:00,55.92,55.88,55.92,55.83,70937.1,1270,2025-10-04 17:29:59
2025-10-04 17:30:00,55.85,55.86,55.89,55.85,75446.6,1350,2025-10-04 17:39:59
2025-10-04 17:40:00,55.89,55.91,55.93,55.89,74924.7,1340,2025-10-04 17:49:59
2025-10-04 17:50:00,55.91,55.86,55.93,55.82,265308.0,4750,2025-10-04 17:58:02
2025-10-04 18:00:00,55.89,55.9,55.9,55.89,53097.700000000004,950,2025-10-04 18:09:59
2025-10-04 18:10:00,55.9,55.93,55.93,55.87,345465.7,6180,2025-10-04 18:19:59
2025-10-04 18:20:00,55.93,55.89,55.93,55.89,138646.9,2480,2025-10-04 18:29:59
2025-10-04 18:30:00,55.89,55.79,55.9,55.77,450850.2,8080,2025-10-04 18:39:59
2025-10-04 18:40:00,55.77,55.67,55.78,55.67,1185775.6,21280,2025-10-04 18:49:59
2025-10-04 18:50:00,55.74,55.74,55.74,55.69,73529.4,1320,2025-10-04 18:59:59
2025-10-05 09:50:00,55.81,55.81,55.81,55.81,7813.4,140,2025-10-05 09:59:59
2025-10-05 10:00:00,55.85,55.62,55.92,55.62,644463.8,11570,2025-10-05 10:09:59
2025-10-05 10:10:00,55.62,55.61,55.69,55.6,557746.5,10030,2025-10-05 10:19:59
2025-10-05 10:20:00,55.61,55.6,55.68,55.6,182405.30000000002,3280,2025-10-05 10:29:59
2025-10-05 10:30:00,55.6,55.61,55.68,55.6,259876.49999999997,4670,2025-10-05 10:39:59
2025-10-05 10:40:00,55.67,55.67,55.67,55.61,121348.29999999999,2180,2025-10-05 10:49:59
2025-10-05 10:50:00,55.67,55.61,55.67,55.61,40052.1,720,2025-10-05 10:59:59
2025-10-05 11:00:00,55.66,55.61,55.67,55.61,38380.2,690,2025-10-05 11:09:59
2025-10-05 11:10:00,55.66,55.64,55.66,55.64,14469.6,260,2025-10-05 11:19:59
2025-10-05 11:20:00,55.64,55.67,55.67,55.64,43411.299999999996,780,2025-10-05 11:29:59
2025-10-05 11:30:00,55.67,55.73,55.74,55.64,261734.8,4700,2025-10-05 11:39:59
2025-10-05 11:40:00,55.74,55.69,55.74,55.61,206514.69999999995,3710,2025-10-05 11:49:59
2025-10-05 11:50:00,55.69,55.69,55.69,55.65,40091.700000000004,720,2025-10-05 11:59:59
2025-10-05 12:00:00,55.69,55.72,55.72,55.69,43997.9,790,2025-10-05 12:09:59
2025-10-05 12:10:00,55.72,55.77,55.77,55.69,20619.000000000004,370,2025-10-05 12:19:59
2025-10-05 12:20:00,55.78,55.79,55.79,55.77,114907.20000000001,2060,2025-10-05 12:29:59
2025-10-05 12:30:00,55.8,55.81,55.81,55.76,285107.2,5110,2025-10-05 12:39:59
2025-10-05 12:40:00,55.81,55.76,55.81,55.76,114968.1,2060,2025-10-05 12:49:59
2025-10-05 12:50:00,55.76,55.76,55.76,55.76,28995.2,520,2025-10-05 12:59:06
2025-10-05 13:00:00,55.76,55.76,55.76,55.75,70257.5,1260,2025-10-05 13:09:59
2025-10-05 13:10:00,55.76,55.76,55.76,55.71,15607.200000000003,280,2025-10-05 13:19:59
2025-10-05 13:20:00,55.76,55.76,55.76,55.71,2787.5,50,2025-10-05 13:29:59
2025-10-05 13:30:00,55.72,55.76,55.76,55.71,311685.39999999997,5590,2025-10-05 13:39:59
2025-10-05 13:40:00,55.76,55.71,55.76,55.71,16722.9,300,2025-10-05 13:49:59
2025-10-05 13:50:00,55.75,55.74,55.76,55.7,233479.90000000002,4190,2025-10-05 13:59:59
2025-10-05 14:00:00,55.74,55.76,55.76,55.74,193484.40000000002,3470,2025-10-05 14:09:59
2025-10-05 14:10:00,55.75,55.75,55.76,55.75,180661.90000000002,3240,2025-10-05 14:19:59
2025-10-05 14:20:00,55.76,55.91,55.91,55.76,972179.6,17430,2025-10-05 14:29:59
2025-10-05 14:30:00,55.91,55.87,55.96,55.87,187915.8,3360,2025-10-05 14:39:59
2025-10-05 14:40:00,55.95,55.93,55.96,55.75,1116827.4999999998,20000,2025-10-05 14:49:59
2025-10-05 14:50:00,55.87,55.91,56.0,55.81,3572209.6,63890,2025-10-05 14:59:59
2025-10-05 15:00:00,55.92,55.9,55.92,55.9,14534.300000000001,260,2025-10-05 15:09:59
2025-10-05 15:10:00,55.91,55.96,55.96,55.86,493729.1,8830,2025-10-05 15:19:59
2025-10-05 15:20:00,55.92,55.92,55.97,55.92,74969.19999999998,1340,2025-10-05 15:29:59
2025-10-05 15:30:00,55.92,55.97,55.97,55.92,36929.799999999996,660,2025-10-05 15:39:59
2025-10-05 15:40:00,55.92,55.95,55.98,55.92,13989.3,250,2025-10-05 15:49:59
2025-10-05 15:50:00,55.98,55.99,55.99,55.96,406424.4,7260,2025-10-05 15:59:59
2025-10-05 16:00:00,55.99,55.99,55.99,55.99,6718.8,120,2025-10-05 16:09:59
2025-10-05 16:10:00,55.99,55.95,56.05,55.95,1098102.4000000001,19610,2025-10-05 16:19:59
2025-10-05 16:20:00,55.95,55.92,55.99,55.84,666552.9999999999,11930,2025-10-05 16:29:59
2025-10-05 16:30:00,55.94,55.97,55.97,55.91,30207.600000000002,540,2025-10-05 16:39:59
2025-10-05 16:40:00,55.98,55.97,55.98,55.97,15112.400000000001,270,2025-10-05 16:49:59
2025-10-05 16:50:00,55.97,55.98,55.99,55.92,80004.30000000002,1430,2025-10-05 16:59:59
2025-10-05 17:00:00,55.98,56.1,56.1,55.93,822938.4,14680,2025-10-05 17:09:59
2025-10-05 17:10:00,56.09,56.11,56.12,56.07,87518.2,1560,2025-10-05 17:19:59
2025-10-05 17:20:00,56.1,56.1,56.11,56.1,49930.0,890,2025-10-05 17:29:59
2025-10-05 17:30:00,56.11,56.11,56.11,56.1,253013.30000000002,4510,2025-10-05 17:39:59
2025-10-05 17:40:00,56.11,56.1,56.11,56.08,92002.40000000001,1640,2025-10-05 17:49:59
2025-10-05 17:50:00,56.1,56.11,56.11,56.08,69014.8,1230,2025-10-05 17:56:01
2025-10-05 18:00:00,56.08,56.11,56.16,56.05,325718.3,5810,2025-10-05 18:09:59
2025-10-05 18:10:00,56.11,56.12,56.12,56.1,68465.0,1220,2025-10-05 18:19:59
2025-10-05 18:20:00,56.12,56.2,56.23,56.12,378546.7,6740,2025-10-05 18:29:59
2025-10-05 18:30:00,56.2,56.2,56.2,56.15,800278.5,14240,2025-10-05 18:39:59
2025-10-05 18:40:00,56.16,56.2,56.2,56.15,57291.5,1020,2025-10-05 18:49:59
2025-10-05 18:50:00,56.16,56.15,56.28,56.15,715144.8000000002,12730,2025-10-05 18:59:59
2025-10-06 06:50:00,56.22,56.22,56.22,56.22,5622.0,100,2025-10-06 06:59:59
2025-10-06 07:00:00,56.22,56.57,57.2,56.2,7694238.500000001,135550,2025-10-06 07:09:59
2025-10-06 07:10:00,56.58,56.52,56.58,56.52,40161.0,710,2025-10-06 07:19:59
2025-10-06 07:20:00,56.54,56.46,56.54,56.46,668182.3,11820,2025-10-06 07:29:59
2025-10-06 07:30:00,56.52,56.61,56.63,56.52,495385.20000000007,8760,2025-10-06 07:39:59
2025-10-06 07:40:00,56.57,56.62,56.62,56.57,63976.5,1130,2025-10-06 07:49:59
2025-10-06 07:50:00,56.63,56.66,56.73,56.63,452387.9999999999,7980,2025-10-06 07:59:59
2025-10-06 08:00:00,56.66,56.65,56.66,56.6,268431.80000000005,4740,2025-10-06 08:09:59
2025-10-06 08:10:00,56.65,56.73,56.73,56.65,583028.7999999999,10280,2025-10-06 08:19:59
2025-10-06 08:20:00,56.73,56.73,56.74,56.71,576895.9000000001,10170,2025-10-06 08:29:59
2025-10-06 08:30:00,56.73,56.7,56.74,56.66,430999.80000000005,7600,2025-10-06 08:39:59
2025-10-06 08:40:00,56.73,56.59,56.73,56.58,961251.5,16980,2025-10-06 08:49:59
2025-10-06 08:50:00,56.59,56.6,56.64,56.58,375758.8,6640,2025-10-06 08:59:59
2025-10-06 09:00:00,56.6,56.29,56.64,56.24,3397990.2,60190,2025-10-06 09:09:59
2025-10-06 09:10:00,56.28,56.46,56.46,56.28,1165840.5999999999,20680,2025-10-06 09:19:59
2025-10-06 09:20:00,56.47,56.46,56.53,56.46,123123.29999999999,2180,2025-10-06 09:29:59
2025-10-06 09:30:00,56.47,56.47,56.48,56.47,26543.9,470,2025-10-06 09:39:59
2025-10-06 09:40:00,56.48,56.48,56.48,56.39,603916.8,10700,2025-10-06 09:49:59
2025-10-06 09:50:00,56.45,56.41,56.46,56.36,408247.39999999997,7240,2025-10-06 09:59:59
2025-10-06 10:00:00,56.41,56.39,56.5,56.1,5324456.700000001,94660,2025-10-06 10:09:59
2025-10-06 10:10:00,56.38,56.77,56.83,56.38,10346730.799999999,182820,2025-10-06 10:19:59
2025-10-06 10:20:00,56.77,56.85,56.91,56.59,10171189.6,179140,2025-10-06 10:29:59
2025-10-06 10:30:00,56.86,56.97,57.09,56.69,9153164.299999999,160840,2025-10-06 10:39:59
2025-10-06 10:40:00,56.93,56.78,56.98,56.67,4466589.1,78640,2025-10-06 10:49:59
2025-10-06 10:50:00,56.8,56.79,56.98,56.79,2441517.699999999,42940,2025-10-06 10:59:59
2025-10-06 11:00:00,56.8,56.73,56.9,56.73,3144883.8,55360,2025-10-06 11:09:59
2025-10-06 11:10:00,56.74,56.56,56.74,56.52,2255482.0,39830,2025-10-06 11:19:59
2025-10-06 11:20:00,56.57,56.64,56.69,56.57,901888.6000000001,15930,2025-10-06 11:29:59
2025-10-06 11:30:00,56.63,56.54,56.63,56.5,1992023.0,35220,2025-10-06 11:39:59
2025-10-06 11:40:00,56.54,56.53,56.69,56.48,1234589.2000000002,21820,2025-10-06 11:49:59
2025-10-06 11:50:00,56.54,56.69,56.69,56.48,2155092.1999999997,38110,2025-10-06 11:59:59
2025-10-06 12:00:00,56.69,56.98,56.99,56.69,2921696.3999999994,51330,2025-10-06 12:09:59
2025-10-06 12:10:00,56.97,57.14,57.19,56.9,4055901.9,71090,2025-10-06 12:19:59
2025-10-06 12:20:00,57.17,57.68,57.7,57.13,10424832.899999999,181610,2025-10-06 12:29:59
2025-10-06 12:30:00,57.69,57.72,57.97,57.68,7923139.500000003,137090,2025-10-06 12:39:59
2025-10-06 12:40:00,57.79,57.69,57.79,57.6,3407644.3,59080,2025-10-06 12:49:59
2025-10-06 12:50:00,57.67,57.75,57.9,57.63,5215260.200000001,90360,2025-10-06 12:59:59
2025-10-06 13:00:00,57.75,57.69,57.9,57.61,4240551.899999999,73460,2025-10-06 13:09:59
2025-10-06 13:10:00,57.69,57.72,57.92,57.62,7132508.099999999,123430,2025-10-06 13:19:59
2025-10-06 13:20:00,57.73,57.84,57.89,57.64,5824382.1,100860,2025-10-06 13:29:59
2025-10-06 13:30:00,57.85,57.73,57.95,57.73,2944271.0999999996,50910,2025-10-06 13:39:59
2025-10-06 13:40:00,57.76,57.75,57.84,57.73,2700414.1,46760,2025-10-06 13:49:59
2025-10-06 13:50:00,57.75,58.15,58.22,57.73,9742224.899999999,168160,2025-10-06 13:59:59
2025-10-06 14:00:00,58.2,58.07,58.31,58.05,4196602.7,72140,2025-10-06 14:09:59
2025-10-06 14:10:00,58.04,57.77,58.06,57.77,9686866.899999999,167330,2025-10-06 14:19:59
2025-10-06 14:20:00,57.76,57.98,57.98,57.73,4676500.600000001,80940,2025-10-06 14:29:59
2025-10-06 14:30:00,57.98,57.78,57.99,57.78,4486590.5,77510,2025-10-06 14:39:59
2025-10-06 14:40:00,57.79,57.73,57.84,57.73,6185382.299999999,107070,2025-10-06 14:49:59
2025-10-06 14:50:00,57.74,57.57,57.74,57.57,8133077.8,141160,2025-10-06 14:59:59
2025-10-06 15:00:00,57.57,57.62,57.63,57.33,10551314.099999998,183530,2025-10-06 15:09:59
2025-10-06 15:10:00,57.62,57.31,57.65,57.11,13168078.400000004,229770,2025-10-06 15:19:59
2025-10-06 15:20:00,57.33,57.1,57.43,57.09,3589333.7,62690,2025-10-06 15:29:59
2025-10-06 15:30:00,57.12,57.1,57.13,57.0,4553669.6,79840,2025-10-06 15:39:59
2025-10-06 15:40:00,57.13,57.41,57.47,57.03,4336295.1,75720,2025-10-06 15:49:59
2025-10-06 15:50:00,57.38,57.38,57.48,57.26,2650699.8000000007,46190,2025-10-06 15:59:59
2025-10-06 16:00:00,57.38,57.57,57.61,57.32,4466348.8,77780,2025-10-06 16:09:59
2025-10-06 16:10:00,57.56,58.01,58.07,57.56,4835060.7,83620,2025-10-06 16:19:59
2025-10-06 16:20:00,58.01,57.85,58.03,57.74,6159199.6,106310,2025-10-06 16:29:59
2025-10-06 16:30:00,57.88,57.82,58.12,57.81,2772124.7,47800,2025-10-06 16:39:59
2025-10-06 16:40:00,57.85,58.0,58.13,57.83,3736835.3000000003,64460,2025-10-06 16:49:59
2025-10-06 16:50:00,58.01,58.15,58.27,58.0,5048419.800000001,86820,2025-10-06 16:59:59
2025-10-06 17:00:00,58.16,58.27,58.56,58.08,23029555.700000003,394130,2025-10-06 17:09:59
2025-10-06 17:10:00,58.3,58.1,58.44,58.07,10769526.999999996,184790,2025-10-06 17:19:59
2025-10-06 17:20:00,58.14,58.1,58.2,58.0,2232136.8999999994,38410,2025-10-06 17:29:59
2025-10-06 17:30:00,58.17,58.11,58.25,58.06,5186474.000000001,89120,2025-10-06 17:39:59
2025-10-06 17:40:00,58.14,58.11,58.25,58.1,5884183.1000000015,101120,2025-10-06 17:49:59
2025-10-06 17:50:00,58.15,58.13,58.2,58.11,1674697.1,28800,2025-10-06 17:59:59
2025-10-06 18:00:00,58.14,58.28,58.33,58.14,2724704.9,46780,2025-10-06 18:09:59
2025-10-06 18:10:00,58.33,58.77,58.77,58.33,6937074.8,118400,2025-10-06 18:19:59
2025-10-06 18:20:00,58.77,58.7,58.86,58.68,4021657.0,68390,2025-10-06 18:29:59
2025-10-06 18:30:00,58.69,58.81,58.82,58.69,5508386.1,93760,2025-10-06 18:39:59
2025-10-06 18:40:00,58.8,58.8,58.8,58.8,649740.0,11050,2025-10-06 18:49:59
2025-10-06 19:00:00,58.78,58.56,58.79,58.56,1656584.9,28220,2025-10-06 19:09:59
2025-10-06 19:10:00,58.57,58.7,58.71,58.56,805687.4,13740,2025-10-06 19:19:59
2025-10-06 19:20:00,58.69,58.61,58.74,58.57,2455471.1000000006,41880,2025-10-06 19:29:59
2025-10-06 19:30:00,58.61,58.6,58.66,58.59,365223.0,6230,2025-10-06 19:39:59
2025-10-06 19:40:00,58.61,58.76,58.76,58.58,1497414.6,25520,2025-10-06 19:49:59
2025-10-06 19:50:00,58.76,58.83,58.87,58.74,2031942.9,34560,2025-10-06 19:59:59
2025-10-06 20:00:00,58.83,58.85,58.88,58.81,837321.8,14230,2025-10-06 20:09:59
2025-10-06 20:10:00,58.83,58.8,58.9,58.8,1800201.9999999998,30590,2025-10-06 20:19:59
2025-10-06 20:20:00,58.83,58.73,58.84,58.73,709011.8999999999,12060,2025-10-06 20:29:59
2025-10-06 20:30:00,58.73,58.79,58.79,58.73,633142.0,10770,2025-10-06 20:39:59
2025-10-06 20:40:00,58.83,58.7,58.85,58.7,1265886.3,21520,2025-10-06 20:49:59
2025-10-06 20:50:00,58.7,58.7,58.73,58.7,252423.8,4300,2025-10-06 20:59:59
2025-10-06 21:00:00,58.7,58.6,58.73,58.56,2796153.7,47710,2025-10-06 21:09:59
2025-10-06 21:10:00,58.61,58.52,58.62,58.45,2724637.2,46580,2025-10-06 21:19:59
2025-10-06 21:20:00,58.52,58.4,58.52,58.4,247120.2,4230,2025-10-06 21:29:59
2025-10-06 21:30:00,58.4,58.41,58.41,58.37,379619.6,6500,2025-10-06 21:39:59
2025-10-06 21:40:00,58.41,58.45,58.47,58.37,2581635.2,44200,2025-10-06 21:49:59
2025-10-06 21:50:00,58.47,58.49,58.52,58.43,986816.2000000002,16880,2025-10-06 21:59:59
2025-10-06 22:00:00,58.53,58.65,58.65,58.51,898403.5,15340,2025-10-06 22:09:59
2025-10-06 22:10:00,58.65,58.59,58.67,58.59,971720.3999999999,16570,2025-10-06 22:19:59
2025-10-06 22:20:00,58.58,58.6,58.6,58.57,47460.4,810,2025-10-06 22:29:59
2025-10-06 22:30:00,58.6,58.64,58.64,58.57,553997.4,9450,2025-10-06 22:39:59
2025-10-06 22:40:00,58.64,58.52,58.64,58.52,395412.60000000003,6750,2025-10-06 22:49:59
2025-10-06 22:50:00,58.57,58.5,58.62,58.5,1030601.6000000001,17600,2025-10-06 22:59:59
2025-10-06 23:00:00,58.51,58.42,58.51,58.37,3320617.4999999995,56830,2025-10-06 23:09:59
2025-10-06 23:10:00,58.36,58.26,58.36,58.15,5345000.2,91750,2025-10-06 23:19:59
2025-10-06 23:20:00,58.3,58.08,58.3,58.08,5148268.7,88550,2025-10-06 23:29:59
2025-10-06 23:30:00,58.07,58.15,58.15,58.07,804058.5,13840,2025-10-06 23:39:59
2025-10-06 23:40:00,58.17,58.1,58.22,58.0,1449091.6,24940,2025-10-06 23:49:59
2025-10-07 06:50:00,58.1,58.1,58.1,58.1,201607.0,3470,2025-10-07 06:59:59
2025-10-07 07:00:00,58.23,58.25,58.25,58.1,839274.3999999999,14440,2025-10-07 07:09:59
2025-10-07 07:10:00,58.3,58.42,58.51,58.3,1134986.2000000002,19420,2025-10-07 07:19:59
2025-10-07 07:20:00,58.41,58.15,58.41,58.15,299342.4,5140,2025-10-07 07:29:59
2025-10-07 07:30:00,58.15,58.23,58.23,58.15,97710.8,1680,2025-10-07 07:39:59
2025-10-07 07:40:00,58.15,58.17,58.22,58.15,215230.0,3700,2025-10-07 07:49:59
2025-10-07 07:50:00,58.17,58.03,58.17,58.03,491901.3,8460,2025-10-07 07:59:02
2025-10-07 08:00:00,58.04,58.01,58.12,57.98,323138.0,5570,2025-10-07 08:09:59
2025-10-07 08:10:00,58.02,58.22,58.22,57.98,1020248.7,17580,2025-10-07 08:19:59
2025-10-07 08:20:00,58.21,58.42,58.42,58.2,1934727.1999999997,33160,2025-10-07 08:29:59
2025-10-07 08:30:00,58.35,58.44,58.46,58.35,2038676.4999999998,34900,2025-10-07 08:39:59
2025-10-07 08:40:00,58.44,58.43,58.46,58.43,56094.299999999996,960,2025-10-07 08:49:59
2025-10-07 08:50:00,58.48,58.59,58.6,58.48,314278.20000000007,5370,2025-10-07 08:59:59
2025-10-07 09:00:00,58.56,58.16,58.67,58.16,2577606.5999999996,44090,2025-10-07 09:09:59
2025-10-07 09:10:00,58.16,58.27,58.3,58.14,439512.1,7550,2025-10-07 09:19:59
2025-10-07 09:20:00,58.27,58.24,58.28,58.22,596475.6000000001,10240,2025-10-07 09:29:59
2025-10-07 09:30:00,58.24,58.13,58.25,58.12,1057244.7000000002,18170,2025-10-07 09:39:59
2025-10-07 09:40:00,58.14,58.17,58.17,58.03,1724721.2,29700,2025-10-07 09:49:59
2025-10-07 09:50:00,58.17,58.02,58.17,58.0,4275927.4,73670,2025-10-07 09:59:59
2025-10-07 10:00:00,58.01,58.16,58.25,57.81,15525332.100000001,267520,2025-10-07 10:09:59
2025-10-07 10:10:00,58.15,58.19,58.19,58.02,2366323.6,40750,2025-10-07 10:19:59
2025-10-07 10:20:00,58.13,58.1,58.13,57.84,5581750.4,96290,2025-10-07 10:29:59
2025-10-07 10:30:00,58.08,58.47,58.6,57.93,7668601.800000002,131670,2025-10-07 10:39:59
2025-10-07 10:40:00,58.46,59.08,59.2,58.43,26552944.69999999,450900,2025-10-07 10:49:59
2025-10-07 10:50:00,59.07,59.06,59.25,58.99,13976267.9,236610,2025-10-07 10:59:59
2025-10-07 11:00:00,59.06,59.54,59.59,59.06,13699787.9,230830,2025-10-07 11:09:59
2025-10-07 11:10:00,59.56,59.49,59.76,59.42,21421550.9,359450,2025-10-07 11:19:59
2025-10-07 11:20:00,59.45,59.8,59.83,59.33,11096512.9,186200,2025-10-07 11:29:59
2025-10-07 11:30:00,59.79,59.83,59.84,59.65,8689094.700000001,145400,2025-10-07 11:39:59
2025-10-07 11:40:00,59.8,59.67,59.8,59.65,8884862.0,148770,2025-10-07 11:49:59
2025-10-07 11:50:00,59.65,59.6,59.77,59.59,11587775.9,194230,2025-10-07 11:59:59
2025-10-07 12:00:00,59.6,59.71,59.71,59.52,6390395.100000001,107250,2025-10-07 12:09:59
2025-10-07 12:10:00,59.7,59.65,59.7,59.56,4475589.299999999,75060,2025-10-07 12:19:59
2025-10-07 12:20:00,59.62,59.7,59.74,59.59,6097051.800000001,102230,2025-10-07 12:29:59
2025-10-07 12:30:00,59.7,59.83,59.88,59.7,4889714.9,81770,2025-10-07 12:39:59
2025-10-07 12:40:00,59.83,59.74,59.91,59.74,8614812.5,144010,2025-10-07 12:49:59
2025-10-07 12:50:00,59.75,59.74,59.78,59.69,5167350.4,86530,2025-10-07 12:59:59
2025-10-07 13:00:00,59.73,59.2,59.77,59.16,18030539.2,303460,2025-10-07 13:09:59
2025-10-07 13:10:00,59.2,59.26,59.47,59.18,3910205.3000000003,65890,2025-10-07 13:19:59
2025-10-07 13:20:00,59.3,59.28,59.4,59.24,4870388.400000001,82110,2025-10-07 13:29:59
2025-10-07 13:30:00,59.27,59.3,59.3,59.11,7877237.900000001,132980,2025-10-07 13:39:59
2025-10-07 13:40:00,59.28,59.25,59.3,59.2,3983640.3,67210,2025-10-07 13:49:59
2025-10-07 13:50:00,59.21,59.21,59.25,59.2,1806787.7000000002,30500,2025-10-07 13:59:59
2025-10-07 14:00:00,59.24,59.09,59.36,59.07,2680035.0,45260,2025-10-07 14:09:59
2025-10-07 14:10:00,59.09,59.21,59.3,59.08,2323973.4999999995,39260,2025-10-07 14:19:59
2025-10-07 14:20:00,59.21,59.4,59.46,59.18,3593865.6,60560,2025-10-07 14:29:59
2025-10-07 14:30:00,59.39,59.72,59.74,59.38,2487468.9,41790,2025-10-07 14:39:59
2025-10-07 14:40:00,59.7,59.77,59.78,59.6,7529200.0,126060,2025-10-07 14:49:59
2025-10-07 14:50:00,59.76,59.51,59.78,59.28,12187637.2,204740,2025-10-07 14:59:59
2025-10-07 15:00:00,59.5,59.14,59.59,59.12,25763032.500000004,434210,2025-10-07 15:09:59
2025-10-07 15:10:00,59.14,59.46,59.49,59.14,4471820.7,75410,2025-10-07 15:19:59
2025-10-07 15:20:00,59.45,59.47,59.59,59.27,13232386.1,222630,2025-10-07 15:29:59
2025-10-07 15:30:00,59.44,59.55,59.56,59.26,5084614.500000002,85610,2025-10-07 15:39:59
2025-10-07 15:40:00,59.55,59.5,59.6,59.48,6882518.599999999,115540,2025-10-07 15:49:59
2025-10-07 15:50:00,59.5,59.59,59.6,59.42,4659813.399999999,78300,2025-10-07 15:59:59
2025-10-07 16:00:00,59.55,59.47,59.59,59.35,1687500.8,28390,2025-10-07 16:09:59
2025-10-07 16:10:00,59.46,59.38,59.55,59.37,1307750.0999999996,22000,2025-10-07 16:19:59
2025-10-07 16:20:00,59.38,59.24,59.41,59.15,4615797.000000002,77850,2025-10-07 16:29:59
2025-10-07 16:30:00,59.23,59.35,59.39,59.23,656032.7999999999,11060,2025-10-07 16:39:59
2025-10-07 16:40:00,59.36,59.22,59.39,59.13,4550957.8,76870,2025-10-07 16:49:59
2025-10-07 16:50:00,59.22,59.3,59.35,59.16,547197.8,9230,2025-10-07 16:59:59
2025-10-07 17:00:00,59.3,58.93,59.3,58.82,11604386.1,196700,2025-10-07 17:09:59
2025-10-07 17:10:00,58.93,58.93,58.93,58.84,1473943.2000000002,25030,2025-10-07 17:19:59
2025-10-07 17:20:00,58.94,58.89,58.96,58.89,223346.9,3790,2025-10-07 17:29:59
2025-10-07 17:30:00,58.92,58.94,59.0,58.91,609024.3,10330,2025-10-07 17:39:59
2025-10-07 17:40:00,58.96,59.07,59.09,58.94,931144.5,15780,2025-10-07 17:49:59
2025-10-07 17:50:00,59.07,59.14,59.15,59.0,1100165.0000000002,18620,2025-10-07 17:59:04
2025-10-07 18:00:00,59.1,59.02,59.1,58.98,1283272.5999999999,21730,2025-10-07 18:09:59
2025-10-07 18:10:00,59.01,59.11,59.26,59.0,2084318.8,35230,2025-10-07 18:19:59
2025-10-07 18:20:00,59.15,59.32,59.38,59.12,3310396.3000000003,55820,2025-10-07 18:29:59
2025-10-07 18:30:00,59.34,59.12,59.4,59.08,2589550.0,43680,2025-10-07 18:39:59
2025-10-07 18:40:00,59.36,59.36,59.36,59.36,1754681.6,29560,2025-10-07 18:47:04
2025-10-07 19:00:00,59.36,59.07,59.36,58.96,2517641.9,42570,2025-10-07 19:09:59
2025-10-07 19:10:00,59.07,59.1,59.1,59.01,390986.60000000003,6620,2025-10-07 19:19:59
2025-10-07 19:20:00,59.1,59.06,59.1,59.02,207881.8,3520,2025-10-07 19:29:59
2025-10-07 19:30:00,59.04,59.03,59.04,58.96,287948.7,4880,2025-10-07 19:39:59
2025-10-07 19:40:00,59.03,58.93,59.03,58.9,2495672.6000000006,42330,2025-10-07 19:49:59
2025-10-07 19:50:00,58.94,58.94,59.0,58.92,311201.9,5280,2025-10-07 19:59:59
2025-10-07 20:00:00,58.97,58.96,59.04,58.94,1744804.0,29580,2025-10-07 20:09:59
2025-10-07 20:10:00,58.96,58.99,59.07,58.96,1673204.5,28340,2025-10-07 20:19:59
2025-10-07 20:20:00,58.98,58.99,58.99,58.97,119153.8,2020,2025-10-07 20:29:59
2025-10-07 20:30:00,58.97,58.96,58.99,58.95,60146.6,1020,2025-10-07 20:39:59
2025-10-07 20:40:00,58.96,58.98,59.0,58.95,118529.5,2010,2025-10-07 20:49:59
2025-10-07 20:50:00,58.98,59.0,59.0,58.98,35396.1,600,2025-10-07 20:59:59
2025-10-07 21:00:00,59.01,59.0,59.01,59.0,35994.1,610,2025-10-07 21:09:59
2025-10-07 21:10:00,59.01,58.99,59.01,58.98,90859.1,1540,2025-10-07 21:19:59
2025-10-07 21:20:00,58.99,59.0,59.0,58.98,210577.5,3570,2025-10-07 21:29:59
2025-10-07 21:30:00,59.0,59.0,59.01,58.98,40119.5,680,2025-10-07 21:39:59
2025-10-07 21:40:00,58.99,59.07,59.07,58.99,129833.80000000002,2200,2025-10-07 21:49:59
2025-10-07 21:50:00,59.07,59.05,59.11,59.01,162481.5,2750,2025-10-07 21:59:04
2025-10-07 22:00:00,59.08,59.18,59.2,59.04,574655.7,9720,2025-10-07 22:09:59
2025-10-07 22:10:00,59.17,59.26,59.27,59.17,508302.60000000003,8580,2025-10-07 22:19:59
2025-10-07 22:20:00,59.29,59.22,59.29,59.22,219268.59999999998,3700,2025-10-07 22:29:59
2025-10-07 22:30:00,59.22,59.25,59.25,59.22,124389.8,2100,2025-10-07 22:39:59
2025-10-07 22:40:00,59.23,59.3,59.3,59.21,170066.9,2870,2025-10-07 22:49:59
2025-10-07 22:50:00,59.3,59.31,59.31,59.26,217057.9,3660,2025-10-07 22:59:59
2025-10-07 23:00:00,59.32,59.37,59.38,59.32,298608.79999999993,5030,2025-10-07 23:09:59
2025-10-07 23:10:00,59.37,59.44,59.49,59.35,1357252.1000000003,22840,2025-10-07 23:19:59
2025-10-07 23:20:00,59.44,59.47,59.49,59.4,835783.6000000001,14060,2025-10-07 23:29:59
2025-10-07 23:30:00,59.47,59.39,59.48,59.3,3011409.1,50710,2025-10-07 23:39:59
2025-10-07 23:40:00,59.39,59.31,59.4,59.3,380348.10000000003,6410,2025-10-07 23:49:59
2025-10-08 06:50:00,59.51,59.51,59.51,59.51,1785.3000000000002,30,2025-10-08 06:59:59
2025-10-08 07:00:00,59.31,59.5,59.65,59.31,398954.69999999995,6710,2025-10-08 07:09:59
2025-10-08 07:10:00,59.5,59.5,59.5,59.48,31531.7,530,2025-10-08 07:19:59
2025-10-08 07:20:00,59.5,59.5,59.5,59.49,260600.5,4380,2025-10-08 07:29:59
2025-10-08 07:30:00,59.5,59.5,59.5,59.48,14874.5,250,2025-10-08 07:39:59
2025-10-08 07:40:00,59.5,59.55,59.55,59.48,688639.4999999999,11570,2025-10-08 07:49:59
2025-10-08 07:50:00,59.55,59.52,59.55,59.48,229783.30000000002,3860,2025-10-08 07:59:59
2025-10-08 08:00:00,59.5,59.48,59.5,59.48,5354.299999999999,90,2025-10-08 08:09:59
2025-10-08 08:10:00,59.48,59.61,59.64,59.48,1533216.7999999998,25730,2025-10-08 08:19:59
2025-10-08 08:20:00,59.6,59.6,59.64,59.6,147879.5,2480,2025-10-08 08:29:59
2025-10-08 08:30:00,59.6,59.6,59.63,59.54,250911.8,4210,2025-10-08 08:39:59
2025-10-08 08:40:00,59.61,59.67,59.67,59.59,623806.7999999999,10460,2025-10-08 08:49:59
2025-10-08 08:50:00,59.61,59.6,59.61,59.57,239572.6,4020,2025-10-08 08:58:06
2025-10-08 09:00:00,59.57,59.61,59.61,59.55,717245.5,12040,2025-10-08 09:09:59
2025-10-08 09:10:00,59.61,59.51,59.61,59.51,282901.2,4750,2025-10-08 09:19:59
2025-10-08 09:20:00,59.51,59.6,59.6,59.49,889684.2999999999,14950,2025-10-08 09:29:59
2025-10-08 09:30:00,59.58,59.55,59.58,59.55,2642237.1,44350,2025-10-08 09:39:59
2025-10-08 09:40:00,59.55,59.57,59.58,59.55,518238.0000000001,8700,2025-10-08 09:49:59
2025-10-08 09:50:00,59.57,59.57,59.58,59.53,1011367.3,16980,2025-10-08 09:59:59
2025-10-08 10:00:00,59.58,59.43,59.58,59.43,2607890.5,43810,2025-10-08 10:09:59
2025-10-08 10:10:00,59.42,59.12,59.42,59.08,7941370.900000001,134080,2025-10-08 10:19:59
2025-10-08 10:20:00,59.12,59.04,59.14,58.81,8459101.9,143420,2025-10-08 10:29:59
2025-10-08 10:30:00,59.03,58.9,59.03,58.9,1610038.6999999997,27310,2025-10-08 10:39:59
2025-10-08 10:40:00,58.9,59.03,59.05,58.74,6748912.4,114510,2025-10-08 10:49:59
2025-10-08 10:50:00,59.02,58.85,59.04,58.67,3360716.1,57070,2025-10-08 10:59:59
2025-10-08 11:00:00,58.86,59.0,59.0,58.86,4002245.3999999994,67900,2025-10-08 11:09:59
2025-10-08 11:10:00,58.97,59.23,59.31,58.87,11401669.999999998,192880,2025-10-08 11:19:59
2025-10-08 11:20:00,59.21,59.18,59.25,59.0,2673697.1999999993,45220,2025-10-08 11:29:59
2025-10-08 11:30:00,59.15,59.2,59.22,59.04,4514459.0,76340,2025-10-08 11:39:59
2025-10-08 11:40:00,59.18,59.18,59.3,59.14,3350320.8000000003,56570,2025-10-08 11:49:59
2025-10-08 11:50:00,59.22,59.12,59.25,59.08,1569648.2,26540,2025-10-08 11:59:59
2025-10-08 12:00:00,59.13,58.83,59.13,58.77,1977372.0,33560,2025-10-08 12:09:59
2025-10-08 12:10:00,58.8,58.89,58.95,58.8,1674627.8,28430,2025-10-08 12:19:59
2025-10-08 12:20:00,58.9,58.59,58.9,58.46,10076661.000000002,171870,2025-10-08 12:29:59
2025-10-08 12:30:00,58.59,58.3,58.59,58.21,10032069.999999996,171890,2025-10-08 12:39:59
2025-10-08 12:40:00,58.28,58.45,58.46,58.07,8753490.0,150220,2025-10-08 12:49:59
2025-10-08 12:50:00,58.42,58.38,58.57,58.38,2708211.5999999996,46300,2025-10-08 12:59:59
2025-10-08 13:00:00,58.38,58.47,58.48,58.31,2163396.9,37030,2025-10-08 13:09:59
2025-10-08 13:10:00,58.47,57.99,58.49,57.99,23583986.499999993,405340,2025-10-08 13:19:59
2025-10-08 13:20:00,57.98,57.98,58.12,57.91,5370214.000000001,92580,2025-10-08 13:29:59
2025-10-08 13:30:00,57.95,58.03,58.07,57.72,14824992.0,255880,2025-10-08 13:39:59
2025-10-08 13:40:00,58.07,57.45,58.18,57.25,32800700.700000003,567880,2025-10-08 13:49:59
2025-10-08 13:50:00,57.45,56.98,57.45,56.9,21371572.8,373940,2025-10-08 13:59:59
2025-10-08 14:00:00,56.97,56.97,56.98,56.76,11557465.399999999,203060,2025-10-08 14:09:59
2025-10-08 14:10:00,56.98,57.04,57.05,56.97,20211460.099999998,354380,2025-10-08 14:19:59
2025-10-08 14:20:00,57.02,56.98,57.02,56.93,9364050.4,164310,2025-10-08 14:29:59
2025-10-08 14:30:00,56.98,57.0,57.0,56.9,7974645.5,139920,2025-10-08 14:39:59
2025-10-08 14:40:00,57.0,57.0,57.0,56.92,10167476.399999999,178390,2025-10-08 14:49:59
2025-10-08 14:50:00,56.99,56.74,57.0,56.58,12311231.1,216850,2025-10-08 14:59:59
2025-10-08 15:00:00,56.76,56.5,56.76,56.36,20625924.4,364980,2025-10-08 15:09:59
2025-10-08 15:10:00,56.5,56.86,56.97,56.5,25455991.099999994,448770,2025-10-08 15:19:59
2025-10-08 15:20:00,56.86,56.85,56.86,56.72,3008329.6999999997,52970,2025-10-08 15:29:59
2025-10-08 15:30:00,56.85,56.46,56.86,56.46,7889004.899999999,139290,2025-10-08 15:39:59
2025-10-08 15:40:00,56.46,56.55,56.72,56.42,7143127.1000000015,126220,2025-10-08 15:49:59
2025-10-08 15:50:00,56.56,56.34,56.67,56.3,8336575.9,147700,2025-10-08 15:59:59
2025-10-08 16:00:00,56.35,56.54,56.54,56.21,6333259.300000001,112320,2025-10-08 16:09:59
2025-10-08 16:10:00,56.52,56.75,56.77,56.34,9946228.000000004,175650,2025-10-08 16:19:59
2025-10-08 16:20:00,56.73,56.54,56.77,56.45,5546390.0,97880,2025-10-08 16:29:59
2025-10-08 16:30:00,56.53,56.62,56.66,56.46,2411753.1,42630,2025-10-08 16:39:59
2025-10-08 16:40:00,56.63,56.7,56.75,56.51,4187099.8000000007,73950,2025-10-08 16:49:59
2025-10-08 16:50:00,56.72,56.45,56.75,56.32,6454080.7,114040,2025-10-08 16:59:59
2025-10-08 17:00:00,56.46,56.32,56.54,56.24,4650859.199999999,82540,2025-10-08 17:09:59
2025-10-08 17:10:00,56.32,56.48,56.54,56.24,11488289.300000003,203780,2025-10-08 17:19:59
2025-10-08 17:20:00,56.5,56.76,56.77,56.37,8659328.2,153160,2025-10-08 17:29:59
2025-10-08 17:30:00,56.73,56.67,56.79,56.55,7905160.1,139510,2025-10-08 17:39:59
2025-10-08 17:40:00,56.73,56.3,56.74,56.3,5258453.800000002,93140,2025-10-08 17:49:59
2025-10-08 17:50:00,56.31,56.15,56.34,56.1,14228173.999999998,253110,2025-10-08 17:59:59
2025-10-08 18:00:00,56.13,56.53,56.55,56.08,13633689.900000002,241940,2025-10-08 18:09:59
2025-10-08 18:10:00,56.48,56.37,56.51,56.37,4967258.2,88050,2025-10-08 18:19:59
2025-10-08 18:20:00,56.38,56.32,56.45,56.17,7874938.300000001,139840,2025-10-08 18:29:59
2025-10-08 18:30:00,56.32,56.34,56.35,56.11,7554862.1000000015,134290,2025-10-08 18:39:59
2025-10-08 18:40:00,56.2,56.2,56.2,56.2,6406238.0,113990,2025-10-08 18:48:05
2025-10-08 19:00:00,56.2,56.12,56.3,55.84,12229739.199999996,218370,2025-10-08 19:09:59
2025-10-08 19:10:00,56.13,56.2,56.34,56.07,4334698.1,77120,2025-10-08 19:19:59
2025-10-08 19:20:00,56.2,56.24,56.31,56.19,1465767.3000000003,26050,2025-10-08 19:29:59
2025-10-08 19:30:00,56.26,56.36,56.37,56.22,1857846.3,33010,2025-10-08 19:39:59
2025-10-08 19:40:00,56.33,56.33,56.35,56.27,1494307.5999999999,26540,2025-10-08 19:49:59
2025-10-08 19:50:00,56.33,56.4,56.4,56.28,2379748.1,42230,2025-10-08 19:59:59
2025-10-08 20:00:00,56.4,56.67,56.72,56.37,7813861.800000001,138050,2025-10-08 20:09:59
2025-10-08 20:10:00,56.7,56.66,56.96,56.58,8911498.600000001,156910,2025-10-08 20:19:59
2025-10-08 20:20:00,56.63,56.54,56.69,56.53,4626845.8,81740,2025-10-08 20:29:59
2025-10-08 20:30:00,56.58,56.56,56.58,56.44,4701949.8,83240,2025-10-08 20:39:59
2025-10-08 20:40:00,56.56,56.57,56.57,56.43,1600493.6,28320,2025-10-08 20:49:59
2025-10-08 20:50:00,56.56,56.63,56.66,56.54,1411375.8999999997,24940,2025-10-08 20:59:59
2025-10-08 21:00:00,56.6,56.61,56.66,56.54,1821412.5999999996,32190,2025-10-08 21:09:59
2025-10-08 21:10:00,56.64,56.63,56.66,56.61,1251069.1,22090,2025-10-08 21:19:59
2025-10-08 21:20:00,56.63,56.68,56.79,56.63,5884608.600000001,103810,2025-10-08 21:29:59
2025-10-08 21:30:00,56.68,56.74,56.78,56.66,966889.4000000001,17050,2025-10-08 21:39:59
2025-10-08 21:40:00,56.74,56.74,56.77,56.68,1391092.2,24530,2025-10-08 21:49:59
2025-10-08 21:50:00,56.78,56.79,56.8,56.7,1940552.2,34180,2025-10-08 21:59:59
2025-10-08 22:00:00,56.79,56.78,56.79,56.78,1249777.3000000017,22010,2025-10-08 22:09:59
2025-10-08 22:10:00,56.78,56.77,56.78,56.66,1500033.0000000002,26450,2025-10-08 22:19:59
2025-10-08 22:20:00,56.74,56.52,56.77,56.52,2885931.6999999997,50960,2025-10-08 22:29:59
2025-10-08 22:30:00,56.57,56.59,56.65,56.53,695082.0,12280,2025-10-08 22:39:59
2025-10-08 22:40:00,56.59,56.56,56.63,56.55,675982.0000000001,11950,2025-10-08 22:49:59
2025-10-08 22:50:00,56.56,56.65,56.67,56.56,453350.70000000007,8010,2025-10-08 22:59:59
2025-10-08 23:00:00,56.64,56.62,56.65,56.58,615791.6,10880,2025-10-08 23:09:59
2025-10-08 23:10:00,56.58,56.68,56.69,56.58,2351653.3000000003,41520,2025-10-08 23:19:59
2025-10-08 23:20:00,56.64,56.65,56.69,56.63,684934.2,12090,2025-10-08 23:29:59
2025-10-08 23:30:00,56.65,56.71,56.71,56.64,840428.2999999999,14830,2025-10-08 23:39:59
2025-10-08 23:40:00,56.65,56.65,56.71,56.65,916796.3,16180,2025-10-08 23:49:59
2025-10-09 06:50:00,56.76,56.76,56.76,56.76,23271.6,410,2025-10-09 06:59:59
2025-10-09 07:00:00,56.68,56.42,56.76,56.41,1695701.3,29940,2025-10-09 07:09:59
2025-10-09 07:10:00,56.45,56.72,56.76,56.44,1455147.8,25720,2025-10-09 07:19:59
2025-10-09 07:20:00,56.72,56.7,56.72,56.62,192809.40000000002,3400,2025-10-09 07:29:59
2025-10-09 07:30:00,56.7,56.75,56.75,56.7,178731.9,3150,2025-10-09 07:39:59
2025-10-09 07:40:00,56.76,56.75,56.76,56.75,571477.9,10070,2025-10-09 07:49:59
2025-10-09 07:50:00,56.75,56.73,56.76,56.73,1709299.9,30120,2025-10-09 07:59:59
2025-10-09 08:00:00,56.74,56.71,56.8,56.7,865573.0,15250,2025-10-09 08:09:59
2025-10-09 08:10:00,56.71,56.73,56.73,56.61,413028.8,7290,2025-10-09 08:19:59
2025-10-09 08:20:00,56.76,56.77,56.79,56.73,519364.89999999997,9150,2025-10-09 08:29:59
2025-10-09 08:30:00,56.72,56.72,56.77,56.72,194574.7,3430,2025-10-09 08:39:59
2025-10-09 08:40:00,56.72,56.51,56.72,56.38,3209501.6000000006,56750,2025-10-09 08:49:59
2025-10-09 08:50:00,56.47,56.38,56.47,56.32,888375.1,15750,2025-10-09 08:59:59
2025-10-09 09:00:00,56.38,56.17,56.38,56.02,3927642.9000000004,69930,2025-10-09 09:09:59
2025-10-09 09:10:00,56.22,56.03,56.22,55.94,6566849.499999999,117050,2025-10-09 09:19:59
2025-10-09 09:20:00,56.02,56.23,56.28,56.02,494941.5000000001,8820,2025-10-09 09:29:59
2025-10-09 09:30:00,56.2,56.35,56.44,56.17,600560.7000000001,10660,2025-10-09 09:39:59
2025-10-09 09:40:00,56.34,56.21,56.39,56.2,638678.5,11340,2025-10-09 09:49:59
2025-10-09 09:50:00,56.26,56.45,56.56,56.21,1732277.7,30690,2025-10-09 09:59:59
2025-10-09 10:00:00,56.47,56.77,56.9,56.22,18307666.400000006,322680,2025-10-09 10:09:59
2025-10-09 10:10:00,56.74,56.67,56.93,56.56,5940991.800000001,104780,2025-10-09 10:19:59
2025-10-09 10:20:00,56.6,56.59,56.65,56.35,3949964.0999999996,69880,2025-10-09 10:29:59
2025-10-09 10:30:00,56.66,56.44,56.9,56.28,10821412.299999999,191260,2025-10-09 10:39:59
2025-10-09 10:40:00,56.46,56.76,56.8,56.36,3119722.9,55120,2025-10-09 10:49:59
2025-10-09 10:50:00,56.76,56.44,56.83,56.4,5641206.200000001,99640,2025-10-09 10:59:59
2025-10-09 11:00:00,56.44,55.94,56.5,55.9,13514103.599999998,240600,2025-10-09 11:09:59
2025-10-09 11:10:00,55.96,55.4,56.01,55.31,23167874.200000003,416890,2025-10-09 11:19:59
2025-10-09 11:20:00,55.42,54.77,55.44,54.69,37673712.00000001,684910,2025-10-09 11:29:59
2025-10-09 11:30:00,54.72,54.46,54.75,54.28,28290274.3,519690,2025-10-09 11:39:59
2025-10-09 11:40:00,54.46,54.99,55.07,54.41,17149808.900000002,312930,2025-10-09 11:49:59
2025-10-09 11:50:00,54.99,55.47,55.5,54.94,29540391.799999997,534130,2025-10-09 11:59:59
2025-10-09 12:00:00,55.47,55.92,56.0,55.27,37479227.1,673840,2025-10-09 12:09:59
2025-10-09 12:10:00,55.91,56.41,56.44,55.78,25274117.699999996,450480,2025-10-09 12:19:59
2025-10-09 12:20:00,56.41,56.86,56.99,56.3,22110673.6,390330,2025-10-09 12:29:59
2025-10-09 12:30:00,56.86,56.87,56.95,56.63,14382120.100000001,253350,2025-10-09 12:39:59
2025-10-09 12:40:00,56.87,56.94,57.25,56.72,26766150.900000002,469900,2025-10-09 12:49:59
2025-10-09 12:50:00,56.94,57.5,57.57,56.91,12677420.2,221080,2025-10-09 12:59:59
2025-10-09 13:00:00,57.5,57.9,58.03,57.49,21944333.9,379530,2025-10-09 13:09:59
2025-10-09 13:10:00,57.9,57.87,58.0,57.78,15040252.7,259730,2025-10-09 13:19:59
2025-10-09 13:20:00,57.87,57.74,57.97,57.53,10918373.000000004,189020,2025-10-09 13:29:59
2025-10-09 13:30:00,57.71,57.66,57.98,57.64,7460991.699999999,129010,2025-10-09 13:39:59
2025-10-09 13:40:00,57.66,57.39,57.8,57.08,23933759.900000006,416480,2025-10-09 13:49:59
2025-10-09 13:50:00,57.39,57.52,57.7,57.36,8636030.299999999,150140,2025-10-09 13:59:59
2025-10-09 14:00:00,57.52,57.53,57.69,57.44,3313854.3000000003,57600,2025-10-09 14:09:59
2025-10-09 14:10:00,57.53,57.38,57.57,57.17,10065131.1,175460,2025-10-09 14:19:59
2025-10-09 14:20:00,57.38,57.6,57.64,57.34,3089524.4000000004,53730,2025-10-09 14:29:59
2025-10-09 14:30:00,57.6,57.81,57.81,57.6,4506566.2,78090,2025-10-09 14:39:59
2025-10-09 14:40:00,57.81,57.94,57.95,57.77,9914349.1,171330,2025-10-09 14:49:59
2025-10-09 14:50:00,57.94,57.94,57.97,57.77,3830223.3000000026,66190,2025-10-09 14:59:59
2025-10-09 15:00:00,57.94,57.96,58.0,57.93,2781554.7000000007,47990,2025-10-09 15:09:59
2025-10-09 15:10:00,57.96,58.53,58.58,57.95,19417735.299999997,333040,2025-10-09 15:19:59
2025-10-09 15:20:00,58.53,58.73,58.73,58.33,10482991.2,179090,2025-10-09 15:29:59
2025-10-09 15:30:00,58.74,58.66,58.89,58.57,14176253.100000003,241340,2025-10-09 15:39:59
2025-10-09 15:40:00,58.66,58.49,58.71,58.4,9755839.800000003,166590,2025-10-09 15:49:59
2025-10-09 15:50:00,58.49,58.57,58.63,58.38,7358552.7,125840,2025-10-09 15:59:59
2025-10-09 16:00:00,58.57,58.44,58.6,58.43,8494465.900000002,145130,2025-10-09 16:09:59
2025-10-09 16:10:00,58.44,58.86,58.9,58.44,8349763.8999999985,142160,2025-10-09 16:19:59
2025-10-09 16:20:00,58.86,59.34,59.43,58.85,25405616.5,430060,2025-10-09 16:29:59
2025-10-09 16:30:00,59.36,59.36,59.6,59.29,25091720.300000053,422040,2025-10-09 16:39:59
2025-10-09 16:40:00,59.37,59.73,59.73,59.26,24256777.9,407890,2025-10-09 16:49:59
2025-10-09 16:50:00,59.73,59.41,59.77,59.31,14718661.3,246850,2025-10-09 16:59:59
2025-10-09 17:00:00,59.42,59.39,59.54,59.36,7937709.000000001,133560,2025-10-09 17:09:59
2025-10-09 17:10:00,59.39,58.4,59.52,58.18,59121471.90000002,1005170,2025-10-09 17:19:59
2025-10-09 17:20:00,58.4,58.51,58.64,58.32,25243026.300000004,431580,2025-10-09 17:29:59
2025-10-09 17:30:00,58.54,58.3,58.6,58.09,15847871.7,271790,2025-10-09 17:39:59
2025-10-09 17:40:00,58.32,58.25,58.39,58.21,4632986.9,79480,2025-10-09 17:49:59
2025-10-09 17:50:00,58.28,58.51,58.54,58.09,11072748.599999998,190080,2025-10-09 17:59:59
2025-10-09 18:00:00,58.5,58.61,58.63,58.43,7268900.3999999985,124070,2025-10-09 18:09:59
2025-10-09 18:10:00,58.63,58.6,58.76,58.54,3730796.8,63600,2025-10-09 18:19:59
2025-10-09 18:20:00,58.61,58.43,58.61,58.39,6779620.099999999,115950,2025-10-09 18:29:59
2025-10-09 18:30:00,58.43,58.38,58.43,58.16,7289331.499999999,125070,2025-10-09 18:39:59
2025-10-09 18:40:00,58.38,58.38,58.38,58.38,1683679.2,28840,2025-10-09 18:48:15
2025-10-09 19:00:00,58.33,58.2,58.41,58.17,1581976.4,27160,2025-10-09 19:09:59
2025-10-09 19:10:00,58.17,58.21,58.22,58.06,5131840.1,88290,2025-10-09 19:19:59
2025-10-09 19:20:00,58.2,58.39,58.4,58.2,2765480.0,47450,2025-10-09 19:29:59
2025-10-09 19:30:00,58.37,58.19,58.4,58.18,3207994.7,55040,2025-10-09 19:39:59
2025-10-09 19:40:00,58.19,58.24,58.24,58.16,619763.3,10650,2025-10-09 19:49:59
2025-10-09 19:50:00,58.24,58.05,58.3,58.02,2380743.0,40960,2025-10-09 19:59:59
2025-10-09 20:00:00,58.05,58.0,58.07,57.93,3315745.0,57170,2025-10-09 20:09:59
2025-10-09 20:10:00,58.0,58.2,58.26,58.0,5695251.899999999,97860,2025-10-09 20:19:59
2025-10-09 20:20:00,58.18,58.1,58.18,58.07,1055361.0,18160,2025-10-09 20:29:59
2025-10-09 20:30:00,58.16,58.08,58.16,58.04,546721.8999999999,9410,2025-10-09 20:39:59
2025-10-09 20:40:00,58.11,58.15,58.16,58.06,1565295.2,26930,2025-10-09 20:49:59
2025-10-09 20:50:00,58.11,58.33,58.33,58.11,2507636.5999999996,43030,2025-10-09 20:59:59
2025-10-09 21:00:00,58.33,58.25,58.33,58.25,1500197.4,25730,2025-10-09 21:09:59
2025-10-09 21:10:00,58.25,58.23,58.31,58.17,138120.3,2370,2025-10-09 21:19:59
2025-10-09 21:20:00,58.17,58.21,58.23,58.17,268356.3,4610,2025-10-09 21:29:59
2025-10-09 21:30:00,58.2,58.22,58.28,58.19,170604.3,2930,2025-10-09 21:39:59
2025-10-09 21:40:00,58.22,58.32,58.32,58.22,1348783.5999999999,23140,2025-10-09 21:49:59
2025-10-09 21:50:00,58.28,58.38,58.44,58.25,2662143.3,45630,2025-10-09 21:59:59
2025-10-09 22:00:00,58.38,58.33,58.44,58.33,1937261.7,33180,2025-10-09 22:09:59
2025-10-09 22:10:00,58.31,58.35,58.38,58.31,193105.3,3310,2025-10-09 22:19:59
2025-10-09 22:20:00,58.35,58.2,58.35,58.0,9892660.0,170020,2025-10-09 22:29:59
2025-10-09 22:30:00,58.22,57.95,58.25,57.93,2591588.6,44620,2025-10-09 22:39:59
2025-10-09 22:40:00,57.93,58.1,58.1,57.93,2656963.1999999997,45800,2025-10-09 22:49:59
2025-10-09 22:50:00,58.1,58.12,58.16,58.1,634606.6999999998,10920,2025-10-09 22:59:06
2025-10-09 23:00:00,58.15,58.12,58.16,58.04,711543.5999999999,12250,2025-10-09 23:09:59
2025-10-09 23:10:00,58.12,58.2,58.21,58.11,1067891.5999999999,18360,2025-10-09 23:19:59
2025-10-09 23:20:00,58.19,58.11,58.2,58.1,1706585.3999999997,29360,2025-10-09 23:29:59
2025-10-09 23:30:00,58.11,58.11,58.16,58.1,854961.8,14710,2025-10-09 23:39:59
2025-10-09 23:40:00,58.11,58.0,58.15,57.94,3893510.7,67020,2025-10-09 23:49:59
2025-10-10 06:50:00,58.0,58.0,58.0,58.0,6380.0,110,2025-10-10 06:59:59
2025-10-10 07:00:00,58.22,57.88,58.3,57.88,652101.6,11240,2025-10-10 07:09:59
2025-10-10 07:10:00,57.88,57.74,57.88,57.56,2217761.9999999995,38420,2025-10-10 07:19:59
2025-10-10 07:20:00,57.75,57.55,57.75,57.54,3223833.0,55980,2025-10-10 07:29:59
2025-10-10 07:30:00,57.55,57.58,57.65,57.52,2011036.8,34930,2025-10-10 07:39:59
2025-10-10 07:40:00,57.67,57.71,57.72,57.67,313379.2,5430,2025-10-10 07:49:59
2025-10-10 07:50:00,57.71,57.75,57.85,57.71,816399.1,14130,2025-10-10 07:58:01
2025-10-10 08:00:00,57.73,57.65,57.78,57.54,1338928.4999999998,23240,2025-10-10 08:09:59
2025-10-10 08:10:00,57.67,57.52,57.67,57.52,229226.69999999998,3980,2025-10-10 08:19:59
2025-10-10 08:20:00,57.52,57.53,57.6,57.51,1524940.0,26500,2025-10-10 08:29:59
2025-10-10 08:30:00,57.52,57.38,57.52,57.38,2262767.8,39390,2025-10-10 08:39:59
2025-10-10 08:40:00,57.44,57.44,57.44,57.38,129207.6,2250,2025-10-10 08:49:59
2025-10-10 08:50:00,57.44,57.5,57.5,57.43,217124.49999999997,3780,2025-10-10 08:59:59
2025-10-10 09:00:00,57.5,57.93,57.93,57.5,2812644.0,48710,2025-10-10 09:09:59
2025-10-10 09:10:00,57.94,57.82,58.11,57.82,4760545.9,82030,2025-10-10 09:19:59
2025-10-10 09:20:00,57.82,57.89,57.9,57.69,1217925.7999999998,21090,2025-10-10 09:29:59
2025-10-10 09:30:00,57.89,57.96,58.07,57.86,1137802.6,19650,2025-10-10 09:39:59
2025-10-10 09:40:00,57.96,57.99,57.99,57.84,834228.5000000001,14410,2025-10-10 09:49:59
2025-10-10 09:50:00,58.0,58.03,58.1,57.9,1836547.3999999994,31640,2025-10-10 09:59:59
2025-10-10 10:00:00,58.03,57.96,58.04,57.77,3660234.0999999996,63200,2025-10-10 10:09:59
2025-10-10 10:10:00,57.86,57.81,57.88,57.66,2429474.5999999996,42040,2025-10-10 10:19:59
2025-10-10 10:20:00,57.8,57.62,57.8,57.52,4500982.300000001,78150,2025-10-10 10:29:59
2025-10-10 10:30:00,57.62,57.57,57.71,57.43,3032163.6000000006,52700,2025-10-10 10:39:59
2025-10-10 10:40:00,57.58,57.79,57.79,57.52,4629999.599999999,80360,2025-10-10 10:49:59
2025-10-10 10:50:00,57.8,57.56,57.8,57.54,1059199.0000000002,18390,2025-10-10 10:59:59
2025-10-10 11:00:00,57.58,57.57,57.64,57.44,3237265.6999999997,56260,2025-10-10 11:09:59
2025-10-10 11:10:00,57.57,57.44,57.64,57.35,5759942.800000001,100230,2025-10-10 11:19:59
2025-10-10 11:20:00,57.4,57.72,57.91,57.39,10191800.700000003,177270,2025-10-10 11:29:59
2025-10-10 11:30:00,57.74,57.65,57.81,57.64,2397836.5,41540,2025-10-10 11:39:59
2025-10-10 11:40:00,57.68,57.99,58.03,57.68,8307232.4,143360,2025-10-10 11:49:59
2025-10-10 11:50:00,58.02,57.94,58.02,57.86,3354984.0999999996,57900,2025-10-10 11:59:59
2025-10-10 12:00:00,57.96,57.89,58.05,57.78,2387938.9,41220,2025-10-10 12:09:59
2025-10-10 12:10:00,57.9,57.81,57.94,57.75,2313155.6000000006,40000,2025-10-10 12:19:59
2025-10-10 12:20:00,57.8,57.72,57.82,57.63,1503600.3999999997,26050,2025-10-10 12:29:59
2025-10-10 12:30:00,57.68,57.85,57.96,57.63,2318046.9,40070,2025-10-10 12:39:59
2025-10-10 12:40:00,57.84,57.88,57.96,57.77,1578403.5,27280,2025-10-10 12:49:59
2025-10-10 12:50:00,57.85,57.51,57.85,57.46,4495023.600000001,78020,2025-10-10 12:59:59
2025-10-10 13:00:00,57.53,57.65,57.69,57.45,1157614.9,20120,2025-10-10 13:09:59
2025-10-10 13:10:00,57.67,57.52,57.69,57.4,3144431.0,54650,2025-10-10 13:19:59
2025-10-10 13:20:00,57.52,57.32,57.59,57.28,5825554.500000001,101530,2025-10-10 13:29:59
2025-10-10 13:30:00,57.33,57.33,57.34,56.99,8322179.199999999,145580,2025-10-10 13:39:59
2025-10-10 13:40:00,57.32,57.0,57.32,56.91,3519306.1,61610,2025-10-10 13:49:59
2025-10-10 13:50:00,57.0,57.13,57.21,56.8,8330126.000000001,146170,2025-10-10 13:59:59
2025-10-10 14:00:00,57.15,57.05,57.2,57.0,4168655.3999999994,73090,2025-10-10 14:09:59
2025-10-10 14:10:00,57.05,57.2,57.22,57.05,2504797.5,43840,2025-10-10 14:19:59
2025-10-10 14:20:00,57.18,57.12,57.22,57.04,572998.5000000001,10030,2025-10-10 14:29:59
2025-10-10 14:30:00,57.12,57.11,57.22,57.08,239973.89999999997,4200,2025-10-10 14:39:59
2025-10-10 14:40:00,57.11,57.25,57.27,57.11,1027916.0000000002,17960,2025-10-10 14:49:59
2025-10-10 14:50:00,57.26,57.02,57.28,56.97,4250172.699999998,74500,2025-10-10 14:59:59
2025-10-10 15:00:00,57.0,56.97,57.0,56.83,2502815.9,43970,2025-10-10 15:09:59
2025-10-10 15:10:00,56.97,57.1,57.14,56.85,5833075.0,102360,2025-10-10 15:19:59
2025-10-10 15:20:00,57.08,57.29,57.35,56.71,15641948.8,273920,2025-10-10 15:29:59
2025-10-10 15:30:00,57.29,57.39,57.5,57.25,5493770.0,95760,2025-10-10 15:39:59
2025-10-10 15:40:00,57.39,57.19,57.42,57.14,1486841.1999999997,25950,2025-10-10 15:49:59
2025-10-10 15:50:00,57.2,56.96,57.25,56.86,3757231.5999999996,65920,2025-10-10 15:59:59
2025-10-10 16:00:00,56.98,57.17,57.2,56.96,3868083.4000000004,67800,2025-10-10 16:09:59
2025-10-10 16:10:00,57.16,57.06,57.16,56.87,2232043.9,39190,2025-10-10 16:19:59
2025-10-10 16:20:00,57.06,56.68,57.07,56.58,2996097.7,52810,2025-10-10 16:29:59
2025-10-10 16:30:00,56.67,56.49,56.68,56.37,8102590.4,143520,2025-10-10 16:39:59
2025-10-10 16:40:00,56.48,56.61,56.68,56.25,6850617.7,121430,2025-10-10 16:49:59
2025-10-10 16:50:00,56.6,56.86,56.96,56.51,9227097.599999998,162700,2025-10-10 16:59:59
2025-10-10 17:00:00,56.84,56.66,56.85,56.53,6433779.499999998,113640,2025-10-10 17:09:59
2025-10-10 17:10:00,56.66,56.46,56.66,56.4,3353176.8000000003,59350,2025-10-10 17:19:59
2025-10-10 17:20:00,56.46,56.53,56.6,56.38,3258980.1,57660,2025-10-10 17:29:59
2025-10-10 17:30:00,56.49,56.62,56.69,56.49,2365674.9,41800,2025-10-10 17:39:59
2025-10-10 17:40:00,56.66,57.24,57.26,56.59,5320095.0,93380,2025-10-10 17:49:59
2025-10-10 17:50:00,57.21,56.86,57.47,56.72,7670842.3,134130,2025-10-10 17:59:59
2025-10-10 18:00:00,56.84,56.59,57.0,56.57,4468929.3999999985,78730,2025-10-10 18:09:59
2025-10-10 18:10:00,56.6,56.87,56.95,56.5,13824886.899999999,243540,2025-10-10 18:19:59
2025-10-10 18:20:00,56.87,57.08,57.15,56.8,9384201.200000001,164570,2025-10-10 18:29:59
2025-10-10 18:30:00,57.06,57.16,57.17,56.93,1714334.7000000002,30050,2025-10-10 18:39:59
2025-10-10 18:40:00,57.16,57.16,57.16,57.16,111462.00000000001,1950,2025-10-10 18:49:59
2025-10-10 19:00:00,57.13,56.98,57.19,56.92,2552197.4000000004,44700,2025-10-10 19:09:59
2025-10-10 19:10:00,56.94,57.05,57.09,56.91,1659488.6000000003,29110,2025-10-10 19:19:59
2025-10-10 19:20:00,57.05,57.05,57.05,57.04,334308.1,5860,2025-10-10 19:29:59
2025-10-10 19:30:00,57.05,57.1,57.1,56.9,1995204.8000000003,34970,2025-10-10 19:39:59
2025-10-10 19:40:00,57.1,57.02,57.1,57.01,1364170.2000000002,23910,2025-10-10 19:49:59
2025-10-10 19:50:00,57.01,57.01,57.01,57.0,21093.5,370,2025-10-10 19:59:59
2025-10-10 20:00:00,57.01,57.0,57.01,57.0,99750.4,1750,2025-10-10 20:09:59
2025-10-10 20:10:00,56.96,56.9,57.0,56.86,1341987.0000000002,23580,2025-10-10 20:19:59
2025-10-10 20:20:00,56.96,56.94,56.99,56.94,102494.30000000002,1800,2025-10-10 20:29:59
2025-10-10 20:30:00,56.99,57.08,57.08,56.99,637602.4,11180,2025-10-10 20:39:59
2025-10-10 20:40:00,57.07,56.97,57.09,56.97,284722.10000000003,4990,2025-10-10 20:49:59
2025-10-10 20:50:00,57.01,57.07,57.07,57.01,34787.0,610,2025-10-10 20:59:59
2025-10-10 21:00:00,57.06,57.04,57.06,56.96,642195.7999999999,11260,2025-10-10 21:09:59
2025-10-10 21:10:00,57.03,57.04,57.04,57.01,47906.8,840,2025-10-10 21:19:59
2025-10-10 21:20:00,57.04,57.03,57.04,56.9,967844.5,17000,2025-10-10 21:29:59
2025-10-10 21:30:00,56.97,56.96,56.97,56.93,13100.000000000002,230,2025-10-10 21:39:59
2025-10-10 21:40:00,56.96,56.91,56.96,56.9,415505.5,7300,2025-10-10 21:49:59
2025-10-10 21:50:00,56.9,56.9,56.94,56.88,886541.0,15580,2025-10-10 21:59:05
2025-10-10 22:00:00,56.89,56.87,56.93,56.85,1485046.4000000001,26110,2025-10-10 22:09:59
2025-10-10 22:10:00,56.92,56.9,56.93,56.87,96190.6,1690,2025-10-10 22:19:59
2025-10-10 22:20:00,56.9,56.9,56.9,56.85,151879.6,2670,2025-10-10 22:29:59
2025-10-10 22:30:00,56.9,56.85,56.92,56.85,243496.8,4280,2025-10-10 22:39:59
2025-10-10 22:40:00,56.85,56.81,56.85,56.81,283552.6,4990,2025-10-10 22:49:59
2025-10-10 22:50:00,56.81,56.88,56.88,56.78,1027829.0,18090,2025-10-10 22:59:59
2025-10-10 23:00:00,56.83,56.81,56.89,56.79,617562.9000000001,10870,2025-10-10 23:09:59
2025-10-10 23:10:00,56.85,56.91,56.91,56.8,780875.5000000001,13740,2025-10-10 23:19:59
2025-10-10 23:20:00,56.89,56.83,56.89,56.78,2092959.2000000004,36840,2025-10-10 23:29:59
2025-10-10 23:30:00,56.88,56.86,56.92,56.83,961118.6,16900,2025-10-10 23:39:59
2025-10-10 23:40:00,56.86,56.98,56.98,56.86,739613.2000000001,13000,2025-10-10 23:49:59
2025-10-11 09:50:00,56.85,56.85,56.85,56.85,147810.0,2600,2025-10-11 09:59:59
2025-10-11 10:00:00,56.86,56.46,56.86,56.24,1665675.5999999999,29460,2025-10-11 10:09:59
2025-10-11 10:10:00,56.5,56.7,56.7,56.5,179873.3,3180,2025-10-11 10:19:59
2025-10-11 10:20:00,56.7,56.59,56.7,56.55,136429.0,2410,2025-10-11 10:29:59
2025-10-11 10:30:00,56.58,56.69,56.69,56.52,636130.2000000001,11240,2025-10-11 10:39:59
2025-10-11 10:40:00,56.69,56.73,56.73,56.63,11339.6,200,2025-10-11 10:49:59
2025-10-11 10:50:00,56.76,56.74,56.76,56.74,11918.6,210,2025-10-11 10:59:01
2025-10-11 11:00:00,56.76,56.87,56.87,56.76,3544470.6999999997,62400,2025-10-11 11:09:59
2025-10-11 11:10:00,56.81,56.81,56.91,56.81,7389.599999999999,130,2025-10-11 11:19:59
2025-10-11 11:20:00,56.88,56.89,56.89,56.81,7393.4,130,2025-10-11 11:29:59
2025-10-11 11:30:00,56.89,56.89,56.89,56.89,5120.099999999999,90,2025-10-11 11:39:59
2025-10-11 11:40:00,56.83,56.89,56.89,56.81,80190.9,1410,2025-10-11 11:49:59
2025-10-11 11:50:00,56.89,56.88,56.89,56.82,101239.09999999999,1780,2025-10-11 11:59:59
2025-10-11 12:00:00,56.88,56.81,56.88,56.8,60249.9,1060,2025-10-11 12:09:59
2025-10-11 12:10:00,56.88,56.81,56.89,56.81,32967.0,580,2025-10-11 12:19:59
2025-10-11 12:20:00,56.81,56.89,56.89,56.8,68758.79999999999,1210,2025-10-11 12:29:59
2025-10-11 12:30:00,56.89,56.77,56.89,56.77,134147.40000000002,2360,2025-10-11 12:39:59
2025-10-11 12:40:00,56.86,56.88,56.88,56.82,17058.6,300,2025-10-11 12:49:59
2025-10-11 12:50:00,56.87,56.96,56.98,56.87,981708.3,17250,2025-10-11 12:59:59
2025-10-11 13:00:00,56.97,56.97,56.98,56.95,502464.50000000006,8820,2025-10-11 13:09:59
2025-10-11 13:10:00,56.97,56.95,56.97,56.95,52412.0,920,2025-10-11 13:19:59
2025-10-11 13:20:00,56.95,56.97,56.97,56.95,14807.5,260,2025-10-11 13:29:59
2025-10-11 13:30:00,56.95,56.95,56.96,56.95,30753.4,540,2025-10-11 13:39:59
2025-10-11 13:40:00,56.96,56.91,56.97,56.9,577474.0999999999,10140,2025-10-11 13:49:59
2025-10-11 13:50:00,56.95,56.95,56.95,56.92,15945.6,280,2025-10-11 13:59:59
2025-10-11 14:00:00,56.95,56.95,56.95,56.95,105927.0,1860,2025-10-11 14:09:59
2025-10-11 14:10:00,56.94,56.94,56.95,56.91,178251.9,3130,2025-10-11 14:19:59
2025-10-11 14:20:00,56.94,56.96,56.96,56.9,55214.0,970,2025-10-11 14:29:59
2025-10-11 14:30:00,56.96,56.96,56.96,56.95,39302.299999999996,690,2025-10-11 14:39:59
2025-10-11 14:40:00,56.96,56.96,56.96,56.95,7974.299999999999,140,2025-10-11 14:49:59
2025-10-11 14:50:00,56.96,56.87,56.97,56.87,274828.1,4830,2025-10-11 14:59:59
2025-10-11 15:00:00,56.95,56.93,56.96,56.88,62592.5,1100,2025-10-11 15:09:59
2025-10-11 15:10:00,56.93,56.93,56.94,56.88,27894.5,490,2025-10-11 15:19:59
2025-10-11 15:20:00,56.93,56.88,56.96,56.88,79677.29999999999,1400,2025-10-11 15:29:59
2025-10-11 15:30:00,56.89,56.89,56.95,56.89,265109.8,4660,2025-10-11 15:39:59
2025-10-11 15:40:00,56.87,56.89,56.93,56.85,120009.69999999998,2110,2025-10-11 15:49:59
2025-10-11 15:50:00,56.89,56.85,56.89,56.85,209923.3,3690,2025-10-11 15:58:06
2025-10-11 16:00:00,56.85,56.92,56.92,56.85,210978.80000000002,3710,2025-10-11 16:09:59
2025-10-11 16:10:00,56.92,56.85,56.92,56.85,42645.9,750,2025-10-11 16:19:59
2025-10-11 16:20:00,56.85,56.8,56.85,56.76,540071.2,9510,2025-10-11 16:29:59
2025-10-11 16:30:00,56.84,56.83,56.84,56.82,35799.7,630,2025-10-11 16:39:59
2025-10-11 16:40:00,56.85,56.85,56.85,56.85,1137.0,20,2025-10-11 16:49:59
2025-10-11 16:50:00,56.8,56.85,56.85,56.8,33514.4,590,2025-10-11 16:59:59
2025-10-11 17:00:00,56.8,56.85,56.85,56.8,19319.0,340,2025-10-11 17:09:59
2025-10-11 17:10:00,56.84,56.86,56.86,56.8,528037.3,9290,2025-10-11 17:19:59
