time,open,high,low,close,volume
2025-08-20 03:45:00+00:00,316.53,316.53,316.53,316.53,2277
2025-08-20 04:00:00+00:00,316.53,317.4,316.49,317.3,251830
2025-08-20 04:15:00+00:00,317.3,317.31,317.09,317.26,46467
2025-08-20 04:30:00+00:00,317.26,317.27,316.9,316.96,80037
2025-08-20 04:45:00+00:00,316.99,317.0,316.93,316.99,40022
2025-08-20 05:00:00+00:00,317.0,317.28,317.0,317.11,56819
2025-08-20 05:15:00+00:00,317.11,317.28,317.11,317.27,30840
2025-08-20 05:30:00+00:00,317.27,317.51,317.25,317.49,102420
2025-08-20 05:45:00+00:00,317.49,317.49,317.22,317.26,34467
2025-08-20 06:00:00+00:00,317.26,317.26,316.67,317.18,172478
2025-08-20 06:15:00+00:00,317.18,317.49,317.13,317.36,153560
2025-08-20 06:30:00+00:00,317.35,317.43,317.25,317.34,87540
2025-08-20 06:45:00+00:00,317.34,317.51,317.3,317.44,122752
2025-08-20 07:00:00+00:00,317.44,317.44,316.82,316.85,318315
2025-08-20 07:15:00+00:00,316.86,317.01,316.59,316.72,367348
2025-08-20 07:30:00+00:00,316.71,316.96,316.57,316.92,201499
2025-08-20 07:45:00+00:00,316.92,316.95,316.88,316.88,79054
2025-08-20 08:00:00+00:00,316.89,316.89,316.63,316.85,111301
2025-08-20 08:15:00+00:00,316.84,316.92,316.8,316.91,54261
2025-08-20 08:30:00+00:00,316.9,316.91,316.75,316.76,59168
2025-08-20 08:45:00+00:00,316.76,316.86,316.69,316.73,55399
2025-08-20 09:00:00+00:00,316.73,317.25,316.67,316.72,334369
2025-08-20 09:15:00+00:00,316.72,316.84,316.69,316.7,96312
2025-08-20 09:30:00+00:00,316.7,316.7,316.12,316.43,372992
2025-08-20 09:45:00+00:00,316.43,316.49,316.3,316.31,147394
2025-08-20 10:00:00+00:00,316.31,316.54,316.18,316.54,288512
2025-08-20 10:15:00+00:00,316.54,316.64,316.37,316.42,76902
2025-08-20 10:30:00+00:00,316.42,316.42,316.32,316.33,136477
2025-08-20 10:45:00+00:00,316.32,316.37,316.24,316.31,120307
2025-08-20 11:00:00+00:00,316.32,316.38,315.76,315.85,530273
2025-08-20 11:15:00+00:00,315.85,315.88,314.63,314.65,1241752
2025-08-20 11:30:00+00:00,314.65,314.66,313.66,313.97,1982357
2025-08-20 11:45:00+00:00,313.97,314.0,313.81,313.99,894061
2025-08-20 12:00:00+00:00,313.99,314.25,313.86,313.88,1182507
2025-08-20 12:15:00+00:00,313.87,314.0,313.5,313.97,938543
2025-08-20 12:30:00+00:00,313.96,314.17,313.95,314.16,368177
2025-08-20 12:45:00+00:00,314.16,314.5,314.14,314.5,381484
2025-08-20 13:00:00+00:00,314.49,314.58,314.25,314.34,187477
2025-08-20 13:15:00+00:00,314.34,314.34,314.0,314.01,332909
2025-08-20 13:30:00+00:00,314.0,314.01,313.02,313.4,1320065
2025-08-20 13:45:00+00:00,313.4,313.48,313.03,313.31,514117
2025-08-20 14:00:00+00:00,313.28,313.42,313.12,313.42,439883
2025-08-20 14:15:00+00:00,313.41,313.5,313.25,313.46,498765
2025-08-20 14:30:00+00:00,313.46,313.59,313.45,313.51,171089
2025-08-20 14:45:00+00:00,313.51,313.88,313.5,313.83,300966
2025-08-20 15:00:00+00:00,313.83,314.43,313.7,314.42,326901
2025-08-20 15:15:00+00:00,314.41,314.64,314.35,314.38,569680
2025-08-20 15:30:00+00:00,314.39,314.41,314.3,314.34,121993
2025-08-20 15:45:00+00:00,314.66,314.66,314.66,314.66,121988
2025-08-20 16:00:00+00:00,314.59,314.59,314.13,314.37,144253
2025-08-20 16:15:00+00:00,314.36,314.47,314.18,314.44,175134
2025-08-20 16:30:00+00:00,314.44,314.46,313.67,313.8,269693
2025-08-20 16:45:00+00:00,313.82,313.82,313.52,313.75,204986
2025-08-20 17:00:00+00:00,313.75,313.85,313.5,313.6,177801
2025-08-20 17:15:00+00:00,313.6,313.83,313.6,313.71,41342
2025-08-20 17:30:00+00:00,313.73,313.76,313.65,313.67,61810
2025-08-20 17:45:00+00:00,313.7,313.7,313.55,313.62,83497
2025-08-20 18:00:00+00:00,313.63,313.74,313.56,313.74,58505
2025-08-20 18:15:00+00:00,313.73,314.23,313.73,314.08,248842
2025-08-20 18:30:00+00:00,314.08,314.13,313.86,314.02,103532
2025-08-20 18:45:00+00:00,314.02,314.05,314.0,314.04,66517
2025-08-20 19:00:00+00:00,314.05,314.07,314.0,314.06,51520
2025-08-20 19:15:00+00:00,314.06,314.29,314.05,314.29,120539
2025-08-20 19:30:00+00:00,314.29,314.29,314.13,314.17,34239
2025-08-20 19:45:00+00:00,314.17,314.21,314.11,314.12,17320
2025-08-20 20:00:00+00:00,314.12,314.2,314.11,314.12,64420
2025-08-20 20:15:00+00:00,314.12,314.28,314.11,314.27,105571
2025-08-20 20:30:00+00:00,314.27,314.47,314.27,314.31,132147
2025-08-20 20:45:00+00:00,314.31,314.44,314.11,314.17,65496
2025-08-21 03:45:00+00:00,314.17,314.17,314.17,314.17,4456
2025-08-21 04:00:00+00:00,314.17,314.75,314.11,314.17,128399
2025-08-21 04:15:00+00:00,314.14,314.62,314.11,314.6,57087
2025-08-21 04:30:00+00:00,314.62,314.72,314.37,314.69,50139
2025-08-21 04:45:00+00:00,314.69,314.83,314.63,314.8,75493
2025-08-21 05:00:00+00:00,314.8,314.8,314.18,314.18,66049
2025-08-21 05:15:00+00:00,314.18,314.75,314.16,314.74,57691
2025-08-21 05:30:00+00:00,314.74,314.75,314.43,314.49,30273
2025-08-21 05:45:00+00:00,314.49,314.52,313.71,314.1,212234
2025-08-21 06:00:00+00:00,314.09,314.48,314.03,314.12,110381
2025-08-21 06:15:00+00:00,314.13,314.31,314.1,314.28,34893
2025-08-21 06:30:00+00:00,314.28,314.38,314.12,314.12,65576
2025-08-21 06:45:00+00:00,314.13,314.2,313.59,313.62,152056
2025-08-21 07:00:00+00:00,313.62,313.83,313.22,313.59,601149
2025-08-21 07:15:00+00:00,313.59,313.76,313.13,313.26,333265
2025-08-21 07:30:00+00:00,313.26,313.34,312.8,312.86,576747
2025-08-21 07:45:00+00:00,312.84,313.14,312.83,312.91,392445
2025-08-21 08:00:00+00:00,312.93,313.01,312.46,312.75,789910
2025-08-21 08:15:00+00:00,312.75,312.92,312.62,312.79,297190
2025-08-21 08:30:00+00:00,312.79,313.39,312.62,313.35,530059
2025-08-21 08:45:00+00:00,313.35,313.82,313.22,313.42,278929
2025-08-21 09:00:00+00:00,313.43,314.06,312.77,314.06,717660
2025-08-21 09:15:00+00:00,314.06,314.35,313.9,314.0,378575
2025-08-21 09:30:00+00:00,314.01,314.32,313.72,314.3,280747
2025-08-21 09:45:00+00:00,314.31,315.1,314.3,314.89,764045
2025-08-21 10:00:00+00:00,314.89,315.1,314.31,314.67,393735
2025-08-21 10:15:00+00:00,314.66,314.66,313.05,313.55,880275
2025-08-21 10:30:00+00:00,313.56,313.75,313.37,313.63,152564
2025-08-21 10:45:00+00:00,313.64,313.64,313.13,313.52,297790
2025-08-21 11:00:00+00:00,313.53,314.89,313.5,314.65,622796
2025-08-21 11:15:00+00:00,314.66,315.04,314.4,314.7,695208
2025-08-21 11:30:00+00:00,314.7,314.98,314.03,314.29,349182
2025-08-21 11:45:00+00:00,314.29,314.78,314.26,314.57,268242
2025-08-21 12:00:00+00:00,314.57,314.77,314.27,314.42,101360
2025-08-21 12:15:00+00:00,314.42,314.72,314.29,314.3,171732
2025-08-21 12:30:00+00:00,314.31,314.48,314.2,314.42,83651
2025-08-21 12:45:00+00:00,314.42,314.42,314.04,314.23,73854
2025-08-21 13:00:00+00:00,314.22,314.23,313.6,313.6,124187
2025-08-21 13:15:00+00:00,313.61,313.68,313.37,313.6,268002
2025-08-21 13:30:00+00:00,313.6,313.61,312.8,313.09,842048
2025-08-21 13:45:00+00:00,313.09,313.1,311.85,312.03,2063197
2025-08-21 14:00:00+00:00,312.02,312.02,310.0,310.37,5717762
2025-08-21 14:15:00+00:00,310.38,311.14,309.81,310.6,2859086
2025-08-21 14:30:00+00:00,310.59,311.36,310.59,310.85,1126824
2025-08-21 14:45:00+00:00,310.86,311.4,310.65,311.2,785262
2025-08-21 15:00:00+00:00,311.19,311.33,310.68,310.68,509280
2025-08-21 15:15:00+00:00,310.68,310.8,310.01,310.69,1040020
2025-08-21 15:30:00+00:00,310.69,310.78,310.29,310.75,355329
2025-08-21 15:45:00+00:00,311.34,311.34,311.34,311.34,250296
2025-08-21 16:00:00+00:00,310.9,311.1,310.39,310.43,276565
2025-08-21 16:15:00+00:00,310.43,310.8,310.42,310.8,336770
2025-08-21 16:30:00+00:00,310.8,311.09,310.7,311.04,344699
2025-08-21 16:45:00+00:00,311.04,311.25,310.8,310.93,161012
2025-08-21 17:00:00+00:00,310.93,311.16,310.5,310.82,174217
2025-08-21 17:15:00+00:00,310.83,311.0,310.8,310.84,91222
2025-08-21 17:30:00+00:00,310.84,311.15,310.82,311.14,70390
2025-08-21 17:45:00+00:00,311.14,311.17,311.02,311.07,54763
2025-08-21 18:00:00+00:00,311.1,311.1,310.82,310.87,65742
2025-08-21 18:15:00+00:00,310.87,310.97,310.77,310.79,45349
2025-08-21 18:30:00+00:00,310.8,310.8,310.37,310.46,189459
2025-08-21 18:45:00+00:00,310.45,310.59,310.2,310.2,144650
2025-08-21 19:00:00+00:00,310.23,310.24,310.0,310.16,252281
2025-08-21 19:15:00+00:00,310.19,310.26,309.85,309.91,303455
2025-08-21 19:30:00+00:00,309.92,310.02,309.82,309.85,270357
2025-08-21 19:45:00+00:00,309.84,309.85,309.28,309.47,422611
2025-08-21 20:00:00+00:00,309.47,310.0,309.46,309.97,273299
2025-08-21 20:15:00+00:00,309.97,310.0,309.66,309.75,129125
2025-08-21 20:30:00+00:00,309.75,309.99,309.73,309.98,148704
2025-08-21 20:45:00+00:00,309.98,309.99,309.9,309.98,43594
2025-08-22 03:45:00+00:00,310.11,310.11,310.11,310.11,5130
2025-08-22 04:00:00+00:00,310.14,310.83,310.14,310.69,184991
2025-08-22 04:15:00+00:00,310.69,310.77,310.37,310.56,105775
2025-08-22 04:30:00+00:00,310.56,310.57,309.93,309.97,113757
2025-08-22 04:45:00+00:00,309.97,310.0,309.75,309.94,136860
2025-08-22 05:00:00+00:00,309.94,310.52,309.93,310.52,192924
2025-08-22 05:15:00+00:00,310.5,310.76,310.34,310.75,247352
2025-08-22 05:30:00+00:00,310.75,310.84,310.65,310.74,153291
2025-08-22 05:45:00+00:00,310.73,310.77,310.73,310.75,33810
2025-08-22 06:00:00+00:00,310.74,311.18,310.73,311.1,334799
2025-08-22 06:15:00+00:00,311.09,311.8,310.93,311.22,579230
2025-08-22 06:30:00+00:00,311.22,311.35,310.2,310.37,335169
2025-08-22 06:45:00+00:00,310.37,310.8,310.34,310.55,260648
2025-08-22 07:00:00+00:00,310.49,311.34,310.21,310.69,709138
2025-08-22 07:15:00+00:00,310.7,311.31,310.48,311.31,220135
2025-08-22 07:30:00+00:00,311.31,311.31,310.55,310.96,298496
2025-08-22 07:45:00+00:00,310.96,311.06,310.3,310.69,439113
2025-08-22 08:00:00+00:00,310.69,311.46,310.58,311.18,319674
2025-08-22 08:15:00+00:00,311.19,311.41,311.0,311.0,282196
2025-08-22 08:30:00+00:00,311.0,311.33,310.93,311.2,174944
2025-08-22 08:45:00+00:00,311.19,311.38,311.14,311.16,254497
2025-08-22 09:00:00+00:00,311.16,311.3,310.38,310.78,253611
2025-08-22 09:15:00+00:00,310.78,312.07,310.78,311.88,1282061
2025-08-22 09:30:00+00:00,311.86,312.24,311.41,311.77,417336
2025-08-22 09:45:00+00:00,311.77,312.0,311.55,311.71,118189
2025-08-22 10:00:00+00:00,311.7,312.0,311.62,311.73,144092
2025-08-22 10:15:00+00:00,311.73,312.3,311.65,312.3,346950
2025-08-22 10:30:00+00:00,312.3,312.49,311.95,312.12,480838
2025-08-22 10:45:00+00:00,312.14,312.29,311.6,311.79,229025
2025-08-22 11:00:00+00:00,311.8,311.8,311.42,311.48,294193
2025-08-22 11:15:00+00:00,311.47,311.57,311.18,311.22,245881
2025-08-22 11:30:00+00:00,311.22,312.29,311.03,311.91,507356
2025-08-22 11:45:00+00:00,311.9,311.97,311.12,311.38,156325
2025-08-22 12:00:00+00:00,311.38,311.46,310.55,310.59,325242
2025-08-22 12:15:00+00:00,310.58,311.13,310.58,311.09,156443
2025-08-22 12:30:00+00:00,311.1,311.33,311.04,311.16,78658
2025-08-22 12:45:00+00:00,311.16,311.27,310.15,310.33,402569
2025-08-22 13:00:00+00:00,310.32,310.88,310.29,310.74,278335
2025-08-22 13:15:00+00:00,310.74,310.9,310.56,310.63,101480
2025-08-22 13:30:00+00:00,310.64,311.2,310.56,311.15,163902
2025-08-22 13:45:00+00:00,311.15,311.72,311.07,311.46,223166
2025-08-22 14:00:00+00:00,311.46,312.1,311.45,311.6,481632
2025-08-22 14:15:00+00:00,311.6,311.85,311.45,311.52,325807
2025-08-22 14:30:00+00:00,311.51,311.75,311.47,311.66,202019
2025-08-22 14:45:00+00:00,311.66,311.66,311.17,311.21,195822
2025-08-22 15:00:00+00:00,311.21,311.78,311.19,311.32,425167
2025-08-22 15:15:00+00:00,311.33,311.43,311.23,311.39,143195
2025-08-22 15:30:00+00:00,311.39,312.0,311.38,311.86,397103
2025-08-22 15:45:00+00:00,312.0,312.0,312.0,312.0,109491
2025-08-22 16:00:00+00:00,311.86,312.15,311.8,312.09,154617
2025-08-22 16:15:00+00:00,312.06,312.15,311.41,311.42,154387
2025-08-22 16:30:00+00:00,311.4,311.84,311.37,311.79,43390
2025-08-22 16:45:00+00:00,311.8,311.8,311.62,311.7,34380
2025-08-22 17:00:00+00:00,311.7,311.9,311.66,311.89,64447
2025-08-22 17:15:00+00:00,311.89,311.89,311.75,311.78,45204
2025-08-22 17:30:00+00:00,311.78,312.0,311.28,311.66,284695
2025-08-22 17:45:00+00:00,311.66,311.98,311.65,311.81,52742
2025-08-22 18:00:00+00:00,311.8,311.94,311.65,311.79,64017
2025-08-22 18:15:00+00:00,311.79,311.89,311.7,311.72,32929
2025-08-22 18:30:00+00:00,311.71,311.85,311.7,311.84,14992
2025-08-22 18:45:00+00:00,311.84,311.95,311.75,311.91,87642
2025-08-22 19:00:00+00:00,311.86,311.91,311.8,311.81,30928
2025-08-22 19:15:00+00:00,311.81,311.9,311.8,311.85,96992
2025-08-22 19:30:00+00:00,311.86,311.96,311.81,311.92,39419
2025-08-22 19:45:00+00:00,311.92,311.99,311.91,311.97,38966
2025-08-22 20:00:00+00:00,311.97,311.97,311.93,311.96,25054
2025-08-22 20:15:00+00:00,311.95,311.99,311.9,311.99,55243
2025-08-22 20:30:00+00:00,311.99,312.0,311.7,311.92,250379
2025-08-22 20:45:00+00:00,311.93,312.09,311.92,312.05,57568
2025-08-27 03:45:00+00:00,312.0,312.0,312.0,312.0,5680
2025-08-27 04:00:00+00:00,311.99,312.78,311.9,312.1,247003
2025-08-27 04:15:00+00:00,312.1,312.11,312.0,312.01,43359
2025-08-27 04:30:00+00:00,312.0,312.25,311.9,312.21,31419
2025-08-27 04:45:00+00:00,312.19,312.22,312.04,312.19,60816
2025-08-27 05:00:00+00:00,312.15,312.2,311.91,311.92,41820
2025-08-27 05:15:00+00:00,311.92,311.99,311.72,311.9,49938
2025-08-27 05:30:00+00:00,311.9,312.0,311.86,312.0,18043
2025-08-27 05:45:00+00:00,311.93,312.0,311.87,311.88,13297
2025-08-27 06:00:00+00:00,311.88,311.95,311.72,311.79,65263
2025-08-27 06:15:00+00:00,311.79,311.79,311.5,311.53,221214
2025-08-27 06:30:00+00:00,311.51,312.09,311.44,312.09,87077
2025-08-27 06:45:00+00:00,312.08,312.09,311.4,311.4,147804
2025-08-27 07:00:00+00:00,311.4,311.8,311.06,311.73,329652
2025-08-27 07:15:00+00:00,311.73,312.36,311.73,312.21,526321
2025-08-27 07:30:00+00:00,312.21,312.34,311.84,311.9,209960
2025-08-27 07:45:00+00:00,311.91,312.2,311.91,312.2,187459
2025-08-27 08:00:00+00:00,312.2,312.39,312.1,312.28,322349
2025-08-27 08:15:00+00:00,312.28,312.64,312.25,312.64,227035
2025-08-27 08:30:00+00:00,312.64,312.98,312.11,312.2,339449
2025-08-27 08:45:00+00:00,312.19,312.45,311.82,312.37,184108
2025-08-27 09:00:00+00:00,312.37,312.5,312.37,312.46,71955
2025-08-27 09:15:00+00:00,312.47,312.47,312.0,312.11,129557
2025-08-27 09:30:00+00:00,312.11,312.32,312.09,312.18,71643
2025-08-27 09:45:00+00:00,312.15,312.3,312.06,312.11,46540
2025-08-27 10:00:00+00:00,312.12,312.3,312.0,312.09,91898
2025-08-27 10:15:00+00:00,312.09,312.36,312.06,312.14,68953
2025-08-27 10:30:00+00:00,312.11,312.27,312.04,312.15,67267
2025-08-27 10:45:00+00:00,312.15,312.16,311.63,312.08,280185
2025-08-27 11:00:00+00:00,312.07,312.36,311.84,312.34,102503
2025-08-27 11:15:00+00:00,312.34,312.34,311.78,311.81,187030
2025-08-27 11:30:00+00:00,311.81,312.0,311.8,311.99,389585
2025-08-27 11:45:00+00:00,312.0,312.47,311.91,312.03,694616
2025-08-27 12:00:00+00:00,312.03,312.27,311.93,312.19,248294
2025-08-27 12:15:00+00:00,312.18,312.47,312.18,312.33,235732
2025-08-27 12:30:00+00:00,312.33,312.72,312.29,312.56,444540
2025-08-27 12:45:00+00:00,312.56,312.96,312.5,312.9,309197
2025-08-27 13:00:00+00:00,312.9,313.0,312.6,312.93,264306
2025-08-27 13:15:00+00:00,312.93,313.0,312.67,312.92,245419
2025-08-27 13:30:00+00:00,312.91,312.94,312.66,312.9,192194
2025-08-27 13:45:00+00:00,312.91,313.49,312.9,313.32,656083
2025-08-27 14:00:00+00:00,313.31,313.78,313.13,313.14,460796
2025-08-27 14:15:00+00:00,313.16,313.49,312.77,313.24,342761
2025-08-27 14:30:00+00:00,313.25,313.49,313.16,313.47,175459
2025-08-27 14:45:00+00:00,313.47,313.5,313.1,313.19,220137
2025-08-27 15:00:00+00:00,313.19,313.36,312.86,313.11,235049
2025-08-27 15:15:00+00:00,313.1,313.1,312.31,312.87,328970
2025-08-27 15:30:00+00:00,312.86,312.93,312.48,312.71,108272
2025-08-27 15:45:00+00:00,312.99,312.99,312.99,312.99,48176
2025-08-27 16:00:00+00:00,312.62,313.28,312.59,312.8,139990
2025-08-27 16:15:00+00:00,312.79,313.46,312.71,313.46,141806
2025-08-27 16:30:00+00:00,313.42,313.46,312.98,313.04,152514
2025-08-27 16:45:00+00:00,313.06,313.19,313.04,313.19,140981
2025-08-27 17:00:00+00:00,313.19,313.4,313.1,313.4,143981
2025-08-27 17:15:00+00:00,313.39,313.44,313.25,313.42,128655
2025-08-27 17:30:00+00:00,313.42,313.45,313.2,313.32,67873
2025-08-27 17:45:00+00:00,313.32,313.4,313.3,313.34,33092
2025-08-27 18:00:00+00:00,313.34,313.42,313.2,313.42,81256
2025-08-27 18:15:00+00:00,313.42,313.42,313.27,313.31,52740
2025-08-27 18:30:00+00:00,313.3,313.31,313.12,313.19,45313
2025-08-27 18:45:00+00:00,313.2,313.2,313.06,313.12,16580
2025-08-27 19:00:00+00:00,313.13,313.13,312.85,312.91,51380
2025-08-27 19:15:00+00:00,312.91,312.91,312.7,312.75,82632
2025-08-27 19:30:00+00:00,312.74,312.83,312.68,312.78,52006
2025-08-27 19:45:00+00:00,312.77,312.94,312.71,312.91,42112
2025-08-27 20:00:00+00:00,312.91,312.92,312.69,312.73,95764
2025-08-27 20:15:00+00:00,312.73,312.75,312.57,312.69,43313
2025-08-27 20:30:00+00:00,312.69,312.69,312.5,312.61,84311
2025-08-27 20:45:00+00:00,312.61,312.83,312.52,312.78,20349
2025-08-28 03:45:00+00:00,313.03,313.03,313.03,313.03,1982
2025-08-28 04:00:00+00:00,313.03,313.32,312.81,313.11,141994
2025-08-28 04:15:00+00:00,313.01,313.11,312.9,312.91,59643
2025-08-28 04:30:00+00:00,312.91,312.92,312.1,312.64,346717
2025-08-28 04:45:00+00:00,312.63,312.78,312.55,312.69,39145
2025-08-28 05:00:00+00:00,312.69,312.79,312.65,312.7,22929
2025-08-28 05:15:00+00:00,312.7,312.78,312.68,312.72,24710
2025-08-28 05:30:00+00:00,312.72,312.72,312.52,312.52,26303
2025-08-28 05:45:00+00:00,312.59,312.88,312.52,312.88,51331
2025-08-28 06:00:00+00:00,312.88,312.91,312.25,312.39,73670
2025-08-28 06:15:00+00:00,312.38,312.46,312.22,312.39,77627
2025-08-28 06:30:00+00:00,312.39,312.41,312.33,312.41,32777
2025-08-28 06:45:00+00:00,312.41,312.52,312.28,312.43,105962
2025-08-28 07:00:00+00:00,312.42,312.42,311.74,312.02,540164
2025-08-28 07:15:00+00:00,312.02,312.16,311.9,312.0,244695
2025-08-28 07:30:00+00:00,312.0,312.0,311.9,311.91,108223
2025-08-28 07:45:00+00:00,311.92,312.09,311.86,311.87,159302
2025-08-28 08:00:00+00:00,311.86,312.45,311.76,312.31,283317
2025-08-28 08:15:00+00:00,312.31,312.48,312.31,312.36,205211
2025-08-28 08:30:00+00:00,312.36,312.5,312.32,312.46,252836
2025-08-28 08:45:00+00:00,312.46,312.49,312.32,312.33,97543
2025-08-28 09:00:00+00:00,312.33,312.79,312.32,312.76,200768
2025-08-28 09:15:00+00:00,312.76,312.84,312.49,312.6,481923
2025-08-28 09:30:00+00:00,312.6,312.7,312.2,312.65,150136
2025-08-28 09:45:00+00:00,312.65,312.84,312.45,312.55,91699
2025-08-28 10:00:00+00:00,312.55,312.84,312.54,312.72,111028
2025-08-28 10:15:00+00:00,312.72,312.72,312.46,312.53,42579
2025-08-28 10:30:00+00:00,312.53,312.53,312.01,312.2,332125
2025-08-28 10:45:00+00:00,312.2,312.3,311.18,311.65,671840
2025-08-28 11:00:00+00:00,311.65,311.7,311.11,311.54,309069
2025-08-28 11:15:00+00:00,311.54,311.68,311.5,311.59,342020
2025-08-28 11:30:00+00:00,311.6,311.73,311.53,311.61,92931
2025-08-28 11:45:00+00:00,311.62,311.7,311.5,311.52,104529
2025-08-28 12:00:00+00:00,311.52,311.85,311.5,311.74,131362
2025-08-28 12:15:00+00:00,311.75,311.85,311.62,311.63,79934
2025-08-28 12:30:00+00:00,311.62,311.69,311.52,311.6,152042
2025-08-28 12:45:00+00:00,311.58,311.9,311.57,311.85,148907
2025-08-28 13:00:00+00:00,311.85,312.36,311.84,312.08,227698
2025-08-28 13:15:00+00:00,312.08,312.1,311.92,312.04,57099
2025-08-28 13:30:00+00:00,312.05,312.19,311.94,311.99,82018
2025-08-28 13:45:00+00:00,311.99,312.0,311.83,311.86,138768
2025-08-28 14:00:00+00:00,311.86,312.26,311.86,312.22,112086
2025-08-28 14:15:00+00:00,312.23,312.3,312.09,312.28,121764
2025-08-28 14:30:00+00:00,312.28,312.5,312.23,312.37,191323
2025-08-28 14:45:00+00:00,312.37,312.58,312.37,312.46,187629
2025-08-28 15:00:00+00:00,312.46,312.83,312.45,312.82,603184
2025-08-28 15:15:00+00:00,312.83,313.4,312.71,313.39,964072
2025-08-28 15:30:00+00:00,313.38,314.0,313.34,313.95,1227881
2025-08-28 15:45:00+00:00,314.5,314.5,314.5,314.5,389489
2025-08-28 16:00:00+00:00,314.46,314.5,313.78,313.8,617923
2025-08-28 16:15:00+00:00,313.8,313.85,313.63,313.63,201194
2025-08-28 16:30:00+00:00,313.64,313.7,313.29,313.29,175372
2025-08-28 16:45:00+00:00,313.3,314.39,313.03,313.49,1120257
2025-08-28 17:00:00+00:00,313.49,313.62,312.0,312.11,1161315
2025-08-28 17:15:00+00:00,312.1,312.71,311.71,312.59,529863
2025-08-28 17:30:00+00:00,312.53,312.53,310.5,310.68,2287324
2025-08-28 17:45:00+00:00,310.65,311.42,310.5,311.41,875313
2025-08-28 18:00:00+00:00,311.41,311.41,311.1,311.1,194023
2025-08-28 18:15:00+00:00,311.12,311.17,310.7,310.98,420731
2025-08-28 18:30:00+00:00,310.99,311.49,310.87,311.41,312155
2025-08-28 18:45:00+00:00,311.4,311.41,310.99,311.21,107667
2025-08-28 19:00:00+00:00,311.2,311.2,310.7,310.89,322372
2025-08-28 19:15:00+00:00,310.88,310.88,310.7,310.78,129546
2025-08-28 19:30:00+00:00,310.78,310.78,310.12,310.39,494781
2025-08-28 19:45:00+00:00,310.39,310.4,310.22,310.28,130537
2025-08-28 20:00:00+00:00,310.27,310.77,310.23,310.65,248618
2025-08-28 20:15:00+00:00,310.66,310.72,310.42,310.55,52113
2025-08-28 20:30:00+00:00,310.55,310.89,310.53,310.83,212113
2025-08-28 20:45:00+00:00,310.78,311.0,310.76,310.82,74246
2025-08-29 03:45:00+00:00,311.18,311.18,311.18,311.18,3869
2025-08-29 04:00:00+00:00,311.19,311.82,310.89,311.59,422654
2025-08-29 04:15:00+00:00,311.59,311.59,311.27,311.27,64904
2025-08-29 04:30:00+00:00,311.29,311.52,311.0,311.48,72959
2025-08-29 04:45:00+00:00,311.48,311.77,311.46,311.57,59897
2025-08-29 05:00:00+00:00,311.57,311.57,311.46,311.55,51126
2025-08-29 05:15:00+00:00,311.56,311.7,311.48,311.7,29777
2025-08-29 05:30:00+00:00,311.69,311.78,311.69,311.77,45679
2025-08-29 05:45:00+00:00,311.77,311.77,311.51,311.6,27905
2025-08-29 06:00:00+00:00,311.59,311.69,311.23,311.57,115308
2025-08-29 06:15:00+00:00,311.59,311.61,311.25,311.26,74673
2025-08-29 06:30:00+00:00,311.25,311.26,311.07,311.2,47028
2025-08-29 06:45:00+00:00,311.2,311.27,311.1,311.13,96540
2025-08-29 07:00:00+00:00,311.13,311.61,310.55,310.64,537171
2025-08-29 07:15:00+00:00,310.64,310.98,310.2,310.8,633073
2025-08-29 07:30:00+00:00,310.8,310.81,310.31,310.61,592447
2025-08-29 07:45:00+00:00,310.62,311.2,310.6,311.2,532289
2025-08-29 08:00:00+00:00,311.2,311.23,311.02,311.17,161124
2025-08-29 08:15:00+00:00,311.17,311.2,310.71,310.82,153025
2025-08-29 08:30:00+00:00,310.82,311.0,310.76,310.85,65251
2025-08-29 08:45:00+00:00,310.85,311.22,310.71,311.09,194110
2025-08-29 09:00:00+00:00,311.08,311.42,310.78,311.05,483354
2025-08-29 09:15:00+00:00,311.05,311.34,311.05,311.29,65994
2025-08-29 09:30:00+00:00,311.28,311.29,310.6,310.66,240900
2025-08-29 09:45:00+00:00,310.67,310.73,310.6,310.64,153889
2025-08-29 10:00:00+00:00,310.62,311.12,310.41,310.68,610499
2025-08-29 10:15:00+00:00,310.68,310.89,310.36,310.66,416995
2025-08-29 10:30:00+00:00,310.65,310.66,310.21,310.37,327963
2025-08-29 10:45:00+00:00,310.36,310.42,310.12,310.22,272802
2025-08-29 11:00:00+00:00,310.22,310.34,310.12,310.13,134125
2025-08-29 11:15:00+00:00,310.13,310.32,309.62,309.78,756187
2025-08-29 11:30:00+00:00,309.79,309.79,308.95,309.25,1542230
2025-08-29 11:45:00+00:00,309.24,309.84,309.24,309.79,433653
2025-08-29 12:00:00+00:00,309.78,309.8,309.45,309.75,262261
2025-08-29 12:15:00+00:00,309.75,309.89,309.54,309.88,99635
2025-08-29 12:30:00+00:00,309.89,310.0,309.67,310.0,316618
2025-08-29 12:45:00+00:00,309.99,310.0,309.55,309.72,131831
2025-08-29 13:00:00+00:00,309.72,309.72,309.54,309.71,132169
2025-08-29 13:15:00+00:00,309.71,309.72,309.56,309.57,104254
2025-08-29 13:30:00+00:00,309.57,309.72,309.55,309.61,232318
2025-08-29 13:45:00+00:00,309.59,309.72,309.42,309.47,140269
2025-08-29 14:00:00+00:00,309.48,310.41,309.47,310.33,555961
2025-08-29 14:15:00+00:00,310.33,310.84,310.33,310.49,336929
2025-08-29 14:30:00+00:00,310.51,310.69,310.49,310.68,149611
2025-08-29 14:45:00+00:00,310.69,311.28,310.68,311.18,597046
2025-08-29 15:00:00+00:00,311.17,311.35,310.72,311.08,657834
2025-08-29 15:15:00+00:00,311.09,311.12,310.66,310.66,357406
2025-08-29 15:30:00+00:00,310.67,311.0,310.67,310.86,139470
2025-08-29 15:45:00+00:00,310.51,310.51,310.51,310.51,103462
2025-08-29 16:00:00+00:00,310.52,310.83,310.14,310.15,106967
2025-08-29 16:15:00+00:00,310.15,310.27,310.11,310.26,38198
2025-08-29 16:30:00+00:00,310.27,310.49,310.26,310.29,46167
2025-08-29 16:45:00+00:00,310.29,310.4,310.2,310.2,107210
2025-08-29 17:00:00+00:00,310.21,310.37,310.14,310.29,48680
2025-08-29 17:15:00+00:00,310.29,310.49,310.23,310.43,44522
2025-08-29 17:30:00+00:00,310.43,310.5,310.29,310.3,49741
2025-08-29 17:45:00+00:00,310.3,310.3,310.17,310.29,32426
2025-08-29 18:00:00+00:00,310.29,310.3,310.16,310.17,36632
2025-08-29 18:15:00+00:00,310.17,310.36,310.16,310.36,50506
2025-08-29 18:30:00+00:00,310.36,310.39,310.22,310.23,80864
2025-08-29 18:45:00+00:00,310.23,310.3,310.13,310.3,53783
2025-08-29 19:00:00+00:00,310.3,310.34,310.22,310.23,15257
2025-08-29 19:15:00+00:00,310.23,310.24,310.1,310.22,67104
2025-08-29 19:30:00+00:00,310.22,310.29,310.2,310.28,29753
2025-08-29 19:45:00+00:00,310.28,310.35,310.2,310.33,55992
2025-08-29 20:00:00+00:00,310.32,310.35,310.22,310.34,30924
2025-08-29 20:15:00+00:00,310.33,310.38,310.22,310.34,90443
2025-08-29 20:30:00+00:00,310.37,310.4,310.22,310.22,91535
2025-08-29 20:45:00+00:00,310.32,310.34,310.04,310.04,42517
2025-09-03 03:45:00+00:00,308.45,308.45,308.45,308.45,3250
2025-09-03 04:00:00+00:00,308.47,308.71,307.81,307.84,153245
2025-09-03 04:15:00+00:00,307.84,308.17,307.83,308.06,43923
2025-09-03 04:30:00+00:00,308.06,308.11,307.85,307.86,34918
2025-09-03 04:45:00+00:00,307.86,308.13,307.85,308.13,14094
2025-09-03 05:00:00+00:00,308.13,308.5,308.13,308.49,83445
2025-09-03 05:15:00+00:00,308.44,308.5,308.16,308.25,55007
2025-09-03 05:30:00+00:00,308.25,308.35,307.96,308.31,24261
2025-09-03 05:45:00+00:00,308.31,308.46,308.26,308.42,14843
2025-09-03 06:00:00+00:00,308.45,308.5,308.0,308.21,60235
2025-09-03 06:15:00+00:00,308.21,308.35,308.01,308.16,39024
2025-09-03 06:30:00+00:00,308.17,308.31,308.11,308.24,40134
2025-09-03 06:45:00+00:00,308.24,308.86,308.24,308.67,372478
2025-09-03 07:00:00+00:00,308.68,309.3,308.51,308.71,619947
2025-09-03 07:15:00+00:00,308.7,308.71,307.7,307.74,688964
2025-09-03 07:30:00+00:00,307.74,307.85,307.35,307.52,473700
2025-09-03 07:45:00+00:00,307.5,307.98,307.4,307.92,174526
2025-09-03 08:00:00+00:00,307.89,307.92,307.42,307.65,198374
2025-09-03 08:15:00+00:00,307.65,307.65,307.24,307.35,184836
2025-09-03 08:30:00+00:00,307.34,307.62,307.21,307.61,228494
2025-09-03 08:45:00+00:00,307.6,307.97,307.31,307.97,163246
2025-09-03 09:00:00+00:00,307.97,308.04,307.95,308.01,228519
2025-09-03 09:15:00+00:00,308.02,308.25,307.92,308.01,158995
2025-09-03 09:30:00+00:00,308.0,308.07,307.72,307.98,89110
2025-09-03 09:45:00+00:00,307.97,308.08,307.71,307.73,67177
2025-09-03 10:00:00+00:00,307.71,308.25,307.71,308.24,37339
2025-09-03 10:15:00+00:00,308.25,308.5,308.13,308.45,125063
2025-09-03 10:30:00+00:00,308.44,308.78,308.42,308.48,218165
2025-09-03 10:45:00+00:00,308.51,308.6,308.07,308.2,128910
2025-09-03 11:00:00+00:00,308.2,308.2,308.0,308.01,74096
2025-09-03 11:15:00+00:00,308.01,308.2,307.99,308.09,140223
2025-09-03 11:30:00+00:00,308.09,308.21,307.75,308.2,181574
2025-09-03 11:45:00+00:00,308.21,308.29,308.02,308.18,81466
2025-09-03 12:00:00+00:00,308.18,308.32,307.92,307.93,73440
2025-09-03 12:15:00+00:00,307.93,308.13,307.8,307.94,200593
2025-09-03 12:30:00+00:00,307.94,308.0,307.85,307.94,115105
2025-09-03 12:45:00+00:00,307.94,308.16,307.88,308.09,46014
2025-09-03 13:00:00+00:00,308.09,308.12,307.8,307.91,102161
2025-09-03 13:15:00+00:00,307.91,308.42,307.9,308.34,85483
2025-09-03 13:30:00+00:00,308.35,308.7,308.16,308.57,298645
2025-09-03 13:45:00+00:00,308.56,309.08,307.99,308.06,622964
2025-09-03 14:00:00+00:00,308.09,308.39,308.09,308.36,118443
2025-09-03 14:15:00+00:00,308.35,308.61,308.14,308.48,100489
2025-09-03 14:30:00+00:00,308.46,308.69,308.34,308.59,132602
2025-09-03 14:45:00+00:00,308.57,309.0,308.57,308.92,201207
2025-09-03 15:00:00+00:00,308.92,309.54,308.92,309.19,916505
2025-09-03 15:15:00+00:00,309.18,309.28,308.93,309.05,150432
2025-09-03 15:30:00+00:00,309.05,309.1,308.63,308.81,89927
2025-09-03 15:45:00+00:00,308.9,308.9,308.9,308.9,41869
2025-09-03 16:00:00+00:00,308.87,309.34,308.87,309.33,236867
2025-09-03 16:15:00+00:00,309.32,309.56,309.12,309.4,367437
2025-09-03 16:30:00+00:00,309.4,309.55,309.1,309.2,130455
2025-09-03 16:45:00+00:00,309.21,309.31,308.56,308.87,290810
2025-09-03 17:00:00+00:00,308.87,309.34,308.83,309.11,64166
2025-09-03 17:15:00+00:00,309.12,309.22,309.04,309.16,42995
2025-09-03 17:30:00+00:00,309.16,309.4,309.11,309.31,60099
2025-09-03 17:45:00+00:00,309.3,309.31,309.09,309.14,36799
2025-09-03 18:00:00+00:00,309.19,309.3,309.16,309.17,18996
2025-09-03 18:15:00+00:00,309.17,309.17,309.0,309.01,45545
2025-09-03 18:30:00+00:00,309.01,309.3,309.0,309.25,50141
2025-09-03 18:45:00+00:00,309.26,309.49,309.2,309.46,55130
2025-09-03 19:00:00+00:00,309.47,309.65,309.39,309.65,104880
2025-09-03 19:15:00+00:00,309.65,309.68,309.44,309.61,117614
2025-09-03 19:30:00+00:00,309.61,309.62,309.35,309.58,65035
2025-09-03 19:45:00+00:00,309.57,309.65,309.52,309.59,45648
2025-09-03 20:00:00+00:00,309.58,309.59,309.5,309.57,29692
2025-09-03 20:15:00+00:00,309.56,309.58,309.5,309.51,29409
2025-09-03 20:30:00+00:00,309.52,309.57,309.3,309.35,127946
2025-09-03 20:45:00+00:00,309.34,309.55,309.27,309.49,65278
2025-09-04 03:45:00+00:00,309.6,309.6,309.6,309.6,3101
2025-09-04 04:00:00+00:00,309.62,310.29,309.3,310.05,306424
2025-09-04 04:15:00+00:00,310.06,310.06,309.59,309.8,76421
2025-09-04 04:30:00+00:00,309.8,309.91,309.7,309.77,16434
2025-09-04 04:45:00+00:00,309.88,309.95,309.77,309.9,42669
2025-09-04 05:00:00+00:00,309.94,309.98,309.9,309.94,57207
2025-09-04 05:15:00+00:00,309.94,309.94,309.82,309.9,72480
2025-09-04 05:30:00+00:00,309.94,310.1,309.91,310.06,97200
2025-09-04 05:45:00+00:00,310.1,310.2,310.02,310.11,60239
2025-09-04 06:00:00+00:00,310.09,310.11,309.46,309.49,233396
2025-09-04 06:15:00+00:00,309.5,309.98,309.48,309.94,58124
2025-09-04 06:30:00+00:00,309.95,309.95,309.8,309.83,30688
2025-09-04 06:45:00+00:00,309.89,310.11,309.66,310.11,211477
2025-09-04 07:00:00+00:00,310.12,310.75,310.11,310.64,1136885
2025-09-04 07:15:00+00:00,310.64,310.8,310.43,310.49,509901
2025-09-04 07:30:00+00:00,310.47,310.5,310.05,310.32,479870
2025-09-04 07:45:00+00:00,310.33,310.56,310.18,310.3,466197
2025-09-04 08:00:00+00:00,310.3,310.38,309.55,309.63,480453
2025-09-04 08:15:00+00:00,309.63,309.76,309.5,309.64,201182
2025-09-04 08:30:00+00:00,309.64,309.81,309.5,309.59,322866
2025-09-04 08:45:00+00:00,309.58,309.66,309.18,309.34,246484
2025-09-04 09:00:00+00:00,309.36,309.52,309.21,309.36,132604
2025-09-04 09:15:00+00:00,309.37,309.69,309.3,309.38,170748
2025-09-04 09:30:00+00:00,309.39,310.2,309.3,309.92,442892
2025-09-04 09:45:00+00:00,309.92,309.99,309.52,309.8,275371
2025-09-04 10:00:00+00:00,309.82,310.07,309.8,310.04,123435
2025-09-04 10:15:00+00:00,310.04,310.14,309.98,309.98,215664
2025-09-04 10:30:00+00:00,309.99,309.99,309.67,309.76,113597
2025-09-04 10:45:00+00:00,309.76,309.76,309.51,309.61,44269
2025-09-04 11:00:00+00:00,309.61,309.78,309.58,309.67,112837
2025-09-04 11:15:00+00:00,309.67,309.73,309.45,309.49,215979
2025-09-04 11:30:00+00:00,309.5,309.54,309.31,309.54,102829
2025-09-04 11:45:00+00:00,309.53,309.55,309.44,309.49,57223
2025-09-04 12:00:00+00:00,309.5,309.66,309.34,309.6,55265
2025-09-04 12:15:00+00:00,309.61,309.72,308.56,308.84,488981
2025-09-04 12:30:00+00:00,308.81,308.89,308.28,308.8,392310
2025-09-04 12:45:00+00:00,308.8,308.98,308.74,308.95,146046
2025-09-04 13:00:00+00:00,308.94,309.2,308.76,308.95,180365
2025-09-04 13:15:00+00:00,308.95,309.49,308.94,309.22,116528
2025-09-04 13:30:00+00:00,309.2,309.22,309.06,309.19,83563
2025-09-04 13:45:00+00:00,309.19,309.23,309.08,309.2,68731
2025-09-04 14:00:00+00:00,309.19,309.23,308.57,308.86,218082
2025-09-04 14:15:00+00:00,308.85,308.85,307.57,308.1,823822
2025-09-04 14:30:00+00:00,308.11,308.53,307.52,307.6,438291
2025-09-04 14:45:00+00:00,307.6,308.17,307.5,307.9,384392
2025-09-04 15:00:00+00:00,307.9,308.32,307.66,308.26,274457
2025-09-04 15:15:00+00:00,308.3,308.3,307.9,307.99,127597
2025-09-04 15:30:00+00:00,307.98,308.55,307.7,308.05,215874
2025-09-04 15:45:00+00:00,308.05,308.05,308.05,308.05,113378
2025-09-04 16:00:00+00:00,308.0,308.48,307.98,308.41,248775
2025-09-04 16:15:00+00:00,308.4,308.47,308.04,308.23,55415
2025-09-04 16:30:00+00:00,308.23,308.32,308.21,308.27,20271
2025-09-04 16:45:00+00:00,308.27,308.45,308.25,308.3,55613
2025-09-04 17:00:00+00:00,308.31,308.5,308.2,308.49,58153
2025-09-04 17:15:00+00:00,308.49,308.61,308.25,308.27,97008
2025-09-04 17:30:00+00:00,308.27,308.51,308.27,308.41,51131
2025-09-04 17:45:00+00:00,308.42,308.9,308.41,308.76,105671
2025-09-04 18:00:00+00:00,308.76,309.18,308.73,308.85,202318
2025-09-04 18:15:00+00:00,308.83,309.1,308.78,308.9,129375
2025-09-04 18:30:00+00:00,308.9,308.9,308.7,308.7,52247
2025-09-04 18:45:00+00:00,308.71,308.76,308.33,308.55,209606
2025-09-04 19:00:00+00:00,308.55,308.75,308.33,308.37,63247
2025-09-04 19:15:00+00:00,308.37,308.56,308.36,308.55,33108
2025-09-04 19:30:00+00:00,308.55,308.71,308.55,308.67,29478
2025-09-04 19:45:00+00:00,308.67,308.79,308.64,308.65,24114
2025-09-04 20:00:00+00:00,308.66,308.99,308.65,308.91,50369
2025-09-04 20:15:00+00:00,308.92,308.96,308.89,308.89,37668
2025-09-04 20:30:00+00:00,308.9,308.9,308.77,308.77,49312
2025-09-04 20:45:00+00:00,308.76,308.77,308.55,308.74,31130
2025-09-05 03:45:00+00:00,309.1,309.1,309.1,309.1,5208
2025-09-05 04:00:00+00:00,309.1,309.68,308.8,309.35,223055
2025-09-05 04:15:00+00:00,309.35,309.6,309.3,309.58,117250
2025-09-05 04:30:00+00:00,309.58,309.75,309.4,309.7,78564
2025-09-05 04:45:00+00:00,309.7,309.7,309.55,309.56,47392
2025-09-05 05:00:00+00:00,309.55,309.56,309.16,309.4,28492
2025-09-05 05:15:00+00:00,309.4,309.56,309.27,309.39,20778
2025-09-05 05:30:00+00:00,309.39,309.4,309.21,309.4,34255
2025-09-05 05:45:00+00:00,309.39,309.5,309.2,309.49,25900
2025-09-05 06:00:00+00:00,309.49,309.99,309.48,309.86,399322
2025-09-05 06:15:00+00:00,309.86,309.94,309.66,309.77,77413
2025-09-05 06:30:00+00:00,309.77,309.85,309.68,309.78,44234
2025-09-05 06:45:00+00:00,309.78,309.98,309.72,309.94,169617
2025-09-05 07:00:00+00:00,309.93,309.95,309.42,309.75,280461
2025-09-05 07:15:00+00:00,309.75,310.29,309.57,310.26,819381
2025-09-05 07:30:00+00:00,310.25,310.27,309.81,309.82,342226
2025-09-05 07:45:00+00:00,309.83,309.87,309.44,309.54,258281
2025-09-05 08:00:00+00:00,309.53,309.68,309.35,309.46,125397
2025-09-05 08:15:00+00:00,309.46,309.47,309.3,309.4,131101
2025-09-05 08:30:00+00:00,309.4,309.5,309.39,309.5,230915
2025-09-05 08:45:00+00:00,309.49,310.54,309.49,310.48,967788
2025-09-05 09:00:00+00:00,310.49,310.78,310.11,310.19,650468
2025-09-05 09:15:00+00:00,310.21,310.47,310.19,310.37,146382
2025-09-05 09:30:00+00:00,310.36,310.37,309.88,310.35,136693
2025-09-05 09:45:00+00:00,310.35,310.61,310.34,310.43,201498
2025-09-05 10:00:00+00:00,310.43,310.5,310.07,310.17,117199
2025-09-05 10:15:00+00:00,310.17,310.17,309.56,309.73,272293
2025-09-05 10:30:00+00:00,309.72,310.02,309.45,309.74,182561
2025-09-05 10:45:00+00:00,309.74,309.74,309.45,309.74,145430
2025-09-05 11:00:00+00:00,309.73,309.78,309.55,309.57,39693
2025-09-05 11:15:00+00:00,309.58,309.77,309.54,309.6,61193
2025-09-05 11:30:00+00:00,309.6,310.1,309.57,310.03,149229
2025-09-05 11:45:00+00:00,310.02,310.06,309.91,309.94,108701
2025-09-05 12:00:00+00:00,309.94,310.15,309.75,309.76,154209
2025-09-05 12:15:00+00:00,309.76,310.17,309.75,310.09,180393
2025-09-05 12:30:00+00:00,310.09,310.17,310.04,310.05,86970
2025-09-05 12:45:00+00:00,310.05,310.2,310.0,310.19,98263
2025-09-05 13:00:00+00:00,310.18,310.2,310.08,310.14,99898
2025-09-05 13:15:00+00:00,310.14,310.17,310.03,310.05,62482
2025-09-05 13:30:00+00:00,310.05,310.25,310.0,310.25,161600
2025-09-05 13:45:00+00:00,310.25,310.5,310.25,310.5,248055
2025-09-05 14:00:00+00:00,310.5,311.0,310.5,310.86,770309
2025-09-05 14:15:00+00:00,310.86,311.16,310.84,310.89,609313
2025-09-05 14:30:00+00:00,310.89,310.95,310.7,310.78,405717
2025-09-05 14:45:00+00:00,310.77,310.78,310.68,310.73,84712
2025-09-05 15:00:00+00:00,310.77,310.8,310.45,310.79,250057
2025-09-05 15:15:00+00:00,310.78,310.92,310.67,310.84,143619
2025-09-05 15:30:00+00:00,310.83,310.86,310.73,310.82,224321
2025-09-05 15:45:00+00:00,310.78,310.78,310.78,310.78,9495
2025-09-05 16:00:00+00:00,310.78,310.94,310.73,310.77,74678
2025-09-05 16:15:00+00:00,310.78,310.84,310.5,310.55,182406
2025-09-05 16:30:00+00:00,310.54,310.76,310.52,310.75,39859
2025-09-05 16:45:00+00:00,310.76,310.76,310.63,310.73,43407
2025-09-05 17:00:00+00:00,310.73,310.73,310.63,310.68,27594
2025-09-05 17:15:00+00:00,310.68,310.69,310.59,310.63,41724
2025-09-05 17:30:00+00:00,310.63,310.68,310.55,310.56,33658
2025-09-05 17:45:00+00:00,310.56,310.6,310.17,310.18,210277
2025-09-05 18:00:00+00:00,310.18,310.36,310.0,310.32,122067
2025-09-05 18:15:00+00:00,310.33,310.45,310.25,310.25,42381
2025-09-05 18:30:00+00:00,310.26,310.32,310.11,310.2,31298
2025-09-05 18:45:00+00:00,310.23,310.25,310.08,310.14,52784
2025-09-05 19:00:00+00:00,310.1,310.14,310.05,310.1,26873
2025-09-05 19:15:00+00:00,310.1,310.32,310.09,310.17,66870
2025-09-05 19:30:00+00:00,310.17,310.6,310.16,310.58,105016
2025-09-05 19:45:00+00:00,310.58,310.58,310.26,310.33,83094
2025-09-05 20:00:00+00:00,310.34,310.52,310.32,310.51,58262
2025-09-05 20:15:00+00:00,310.51,310.53,310.42,310.44,45489
2025-09-05 20:30:00+00:00,310.43,310.49,310.42,310.45,56915
2025-09-05 20:45:00+00:00,310.46,310.6,310.28,310.5,78118
2025-09-10 03:45:00+00:00,313.65,313.65,313.65,313.65,11754
2025-09-10 04:00:00+00:00,313.63,313.63,312.88,312.9,71652
2025-09-10 04:15:00+00:00,312.88,312.99,312.58,312.6,120521
2025-09-10 04:30:00+00:00,312.6,312.6,311.93,312.06,254663
2025-09-10 04:45:00+00:00,312.09,312.48,312.05,312.41,63730
2025-09-10 05:00:00+00:00,312.41,312.41,312.2,312.35,63075
2025-09-10 05:15:00+00:00,312.34,312.35,312.06,312.23,131777
2025-09-10 05:30:00+00:00,312.23,312.4,312.07,312.38,115986
2025-09-10 05:45:00+00:00,312.37,312.67,312.2,312.38,86607
2025-09-10 06:00:00+00:00,312.38,312.78,311.83,311.88,299889
2025-09-10 06:15:00+00:00,311.9,311.9,311.18,311.77,715396
2025-09-10 06:30:00+00:00,311.77,311.84,311.7,311.82,247248
2025-09-10 06:45:00+00:00,311.81,312.11,311.75,311.75,187424
2025-09-10 07:00:00+00:00,311.75,312.22,311.31,312.0,814084
2025-09-10 07:15:00+00:00,312.0,312.08,311.68,311.82,464942
2025-09-10 07:30:00+00:00,311.82,312.29,311.6,312.29,269154
2025-09-10 07:45:00+00:00,312.29,312.5,312.26,312.27,399530
2025-09-10 08:00:00+00:00,312.27,312.53,312.18,312.5,371114
2025-09-10 08:15:00+00:00,312.49,312.5,312.0,312.02,297579
2025-09-10 08:30:00+00:00,312.02,312.02,311.75,311.97,212580
2025-09-10 08:45:00+00:00,311.96,312.0,311.74,311.75,143461
2025-09-10 09:00:00+00:00,311.74,311.74,311.4,311.57,405966
2025-09-10 09:15:00+00:00,311.57,311.58,311.31,311.33,328651
2025-09-10 09:30:00+00:00,311.33,311.89,311.31,311.69,658566
2025-09-10 09:45:00+00:00,311.7,311.92,311.5,311.74,310708
2025-09-10 10:00:00+00:00,311.76,311.78,311.47,311.51,249467
2025-09-10 10:15:00+00:00,311.52,311.52,311.33,311.35,263609
2025-09-10 10:30:00+00:00,311.35,311.63,311.34,311.53,453851
2025-09-10 10:45:00+00:00,311.53,311.57,310.82,311.03,682821
2025-09-10 11:00:00+00:00,311.03,311.31,310.51,311.06,965843
2025-09-10 11:15:00+00:00,311.06,311.3,310.82,311.06,306774
2025-09-10 11:30:00+00:00,311.06,311.25,310.61,310.91,255828
2025-09-10 11:45:00+00:00,310.91,311.11,310.7,310.77,154822
2025-09-10 12:00:00+00:00,310.76,311.37,310.53,311.24,415493
2025-09-10 12:15:00+00:00,311.24,311.5,311.16,311.45,226491
2025-09-10 12:30:00+00:00,311.44,311.56,311.23,311.23,121165
2025-09-10 12:45:00+00:00,311.27,311.39,311.06,311.26,141649
2025-09-10 13:00:00+00:00,311.27,311.49,311.2,311.24,68051
2025-09-10 13:15:00+00:00,311.24,311.55,311.09,311.3,184227
2025-09-10 13:30:00+00:00,311.3,311.3,311.0,311.07,362758
2025-09-10 13:45:00+00:00,311.08,311.25,310.94,310.95,214635
2025-09-10 14:00:00+00:00,310.94,311.19,310.9,311.12,317822
2025-09-10 14:15:00+00:00,311.11,311.15,310.8,311.0,381859
2025-09-10 14:30:00+00:00,311.0,311.02,310.61,310.63,323113
2025-09-10 14:45:00+00:00,310.61,310.9,310.57,310.86,299876
2025-09-10 15:00:00+00:00,310.88,311.08,310.51,310.53,399758
2025-09-10 15:15:00+00:00,310.52,310.55,309.9,309.92,1116734
2025-09-10 15:30:00+00:00,309.91,310.09,309.76,309.77,520729
2025-09-10 15:45:00+00:00,310.25,310.25,310.25,310.25,114059
2025-09-10 16:00:00+00:00,310.0,310.0,309.0,309.32,996335
2025-09-10 16:15:00+00:00,309.32,309.56,309.21,309.45,302745
2025-09-10 16:30:00+00:00,309.45,309.5,309.11,309.46,311283
2025-09-10 16:45:00+00:00,309.46,309.5,309.26,309.5,250892
2025-09-10 17:00:00+00:00,309.49,309.5,309.27,309.5,247854
2025-09-10 17:15:00+00:00,309.5,309.5,309.25,309.44,123814
2025-09-10 17:30:00+00:00,309.44,309.5,309.42,309.5,166055
2025-09-10 17:45:00+00:00,309.5,309.7,309.49,309.63,266717
2025-09-10 18:00:00+00:00,309.63,309.78,309.52,309.77,69974
2025-09-10 18:15:00+00:00,309.76,309.98,309.62,309.62,147475
2025-09-10 18:30:00+00:00,309.63,309.84,309.53,309.76,89116
2025-09-10 18:45:00+00:00,309.75,309.95,309.54,309.68,99594
2025-09-10 19:00:00+00:00,309.7,309.98,309.67,309.93,95061
2025-09-10 19:15:00+00:00,309.93,309.98,309.54,309.82,125016
2025-09-10 19:30:00+00:00,309.82,309.82,309.54,309.63,79975
2025-09-10 19:45:00+00:00,309.63,309.76,309.58,309.73,53738
2025-09-10 20:00:00+00:00,309.72,309.77,309.72,309.76,46395
2025-09-10 20:15:00+00:00,309.76,309.76,309.63,309.72,59657
2025-09-10 20:30:00+00:00,309.72,309.77,309.55,309.77,128539
2025-09-10 20:45:00+00:00,309.77,309.77,309.7,309.76,44846
2025-09-11 03:45:00+00:00,309.76,309.76,309.76,309.76,1382
2025-09-11 04:00:00+00:00,309.81,310.5,309.76,310.16,179602
2025-09-11 04:15:00+00:00,310.21,310.3,310.15,310.3,44082
2025-09-11 04:30:00+00:00,310.3,310.3,310.24,310.3,56172
2025-09-11 04:45:00+00:00,310.3,310.46,310.21,310.46,65218
2025-09-11 05:00:00+00:00,310.46,310.47,310.4,310.45,64080
2025-09-11 05:15:00+00:00,310.45,310.47,310.38,310.46,26014
2025-09-11 05:30:00+00:00,310.46,310.64,310.4,310.6,114591
2025-09-11 05:45:00+00:00,310.59,310.62,309.71,309.99,174445
2025-09-11 06:00:00+00:00,309.95,310.32,309.89,310.29,114280
2025-09-11 06:15:00+00:00,310.29,310.77,310.25,310.48,230837
2025-09-11 06:30:00+00:00,310.48,310.5,310.29,310.42,69336
2025-09-11 06:45:00+00:00,310.44,310.54,310.2,310.38,118235
2025-09-11 07:00:00+00:00,310.37,310.4,309.9,309.96,278651
2025-09-11 07:15:00+00:00,309.96,309.96,308.75,308.91,1031037
2025-09-11 07:30:00+00:00,308.91,308.93,308.37,308.84,1232054
2025-09-11 07:45:00+00:00,308.84,308.84,307.73,307.78,1266722
2025-09-11 08:00:00+00:00,307.78,308.4,307.72,308.3,1231757
2025-09-11 08:15:00+00:00,308.29,308.49,307.73,307.75,582871
2025-09-11 08:30:00+00:00,307.75,308.25,307.68,308.16,654465
2025-09-11 08:45:00+00:00,308.15,308.46,308.01,308.22,312754
2025-09-11 09:00:00+00:00,308.23,308.28,307.83,307.98,366157
2025-09-11 09:15:00+00:00,307.99,308.28,307.96,308.26,539928
2025-09-11 09:30:00+00:00,308.26,308.28,307.83,307.97,469760
2025-09-11 09:45:00+00:00,307.97,308.0,307.81,307.81,274707
2025-09-11 10:00:00+00:00,307.81,307.82,307.2,307.44,1193081
2025-09-11 10:15:00+00:00,307.41,307.48,307.21,307.37,704101
2025-09-11 10:30:00+00:00,307.36,307.37,307.02,307.13,696211
2025-09-11 10:45:00+00:00,307.13,307.23,307.04,307.2,254975
2025-09-11 11:00:00+00:00,307.2,307.98,307.14,307.58,836901
2025-09-11 11:15:00+00:00,307.58,307.75,306.82,307.09,1732124
2025-09-11 11:30:00+00:00,307.1,307.73,306.85,307.55,966491
2025-09-11 11:45:00+00:00,307.56,307.62,307.08,307.17,725495
2025-09-11 12:00:00+00:00,307.14,307.49,307.07,307.12,354985
2025-09-11 12:15:00+00:00,307.11,307.14,306.81,306.82,460626
2025-09-11 12:30:00+00:00,306.82,306.9,306.51,306.64,610063
2025-09-11 12:45:00+00:00,306.54,306.77,306.02,306.34,1434077
2025-09-11 13:00:00+00:00,306.34,306.5,305.8,306.31,1687491
2025-09-11 13:15:00+00:00,306.32,306.67,306.12,306.6,1029769
2025-09-11 13:30:00+00:00,306.6,306.65,306.21,306.23,463261
2025-09-11 13:45:00+00:00,306.22,306.9,305.87,306.42,1339573
2025-09-11 14:00:00+00:00,306.41,307.3,306.39,307.23,835422
2025-09-11 14:15:00+00:00,307.23,307.5,306.81,307.37,672113
2025-09-11 14:30:00+00:00,307.35,307.77,307.28,307.55,613190
2025-09-11 14:45:00+00:00,307.55,307.77,307.49,307.54,433910
2025-09-11 15:00:00+00:00,307.55,307.58,307.23,307.3,221840
2025-09-11 15:15:00+00:00,307.32,307.41,307.1,307.37,344758
2025-09-11 15:30:00+00:00,307.34,307.68,307.29,307.64,299462
2025-09-11 15:45:00+00:00,307.79,307.79,307.79,307.79,78966
2025-09-11 16:00:00+00:00,307.45,307.8,307.44,307.67,185899
2025-09-11 16:15:00+00:00,307.67,307.83,307.5,307.52,110266
2025-09-11 16:30:00+00:00,307.53,307.58,307.27,307.33,124788
2025-09-11 16:45:00+00:00,307.29,307.39,307.18,307.2,113391
2025-09-11 17:00:00+00:00,307.19,307.43,307.11,307.4,107431
2025-09-11 17:15:00+00:00,307.4,307.4,307.35,307.4,78514
2025-09-11 17:30:00+00:00,307.4,307.44,307.39,307.43,37661
2025-09-11 17:45:00+00:00,307.44,307.55,307.43,307.55,108547
2025-09-11 18:00:00+00:00,307.55,307.55,307.35,307.39,162317
2025-09-11 18:15:00+00:00,307.4,307.59,307.38,307.59,40030
2025-09-11 18:30:00+00:00,307.59,307.74,307.55,307.64,104002
2025-09-11 18:45:00+00:00,307.64,307.73,307.59,307.71,83415
2025-09-11 19:00:00+00:00,307.7,307.71,307.55,307.56,126154
2025-09-11 19:15:00+00:00,307.56,307.56,307.33,307.39,89493
2025-09-11 19:30:00+00:00,307.39,307.42,307.38,307.41,44086
2025-09-11 19:45:00+00:00,307.41,307.44,307.35,307.39,45603
2025-09-11 20:00:00+00:00,307.39,307.45,307.35,307.45,105300
2025-09-11 20:15:00+00:00,307.45,307.49,307.34,307.38,35774
2025-09-11 20:30:00+00:00,307.38,307.4,307.12,307.17,108947
2025-09-11 20:45:00+00:00,307.19,307.24,306.98,307.11,136707
2025-09-12 03:45:00+00:00,307.5,307.5,307.5,307.5,2614
2025-09-12 04:00:00+00:00,307.5,307.76,307.16,307.66,133760
2025-09-12 04:15:00+00:00,307.65,307.97,307.58,307.9,122004
2025-09-12 04:30:00+00:00,307.87,308.2,307.86,308.19,134457
2025-09-12 04:45:00+00:00,308.2,308.2,307.87,307.95,92306
2025-09-12 05:00:00+00:00,307.95,307.95,307.42,307.69,165299
2025-09-12 05:15:00+00:00,307.71,307.75,307.6,307.75,40755
2025-09-12 05:30:00+00:00,307.75,307.75,307.64,307.75,74757
2025-09-12 05:45:00+00:00,307.73,307.99,307.6,307.99,37551
2025-09-12 06:00:00+00:00,307.91,307.98,307.63,307.78,110761
2025-09-12 06:15:00+00:00,307.78,307.86,307.7,307.81,45833
2025-09-12 06:30:00+00:00,307.81,307.9,307.78,307.86,86783
2025-09-12 06:45:00+00:00,307.86,307.98,307.7,307.86,168612
2025-09-12 07:00:00+00:00,307.85,307.87,307.11,307.34,355526
2025-09-12 07:15:00+00:00,307.33,307.45,306.78,307.4,447081
2025-09-12 07:30:00+00:00,307.41,307.97,307.35,307.97,323296
2025-09-12 07:45:00+00:00,307.97,308.05,307.76,307.8,485660
2025-09-12 08:00:00+00:00,307.8,308.61,307.54,308.23,936412
2025-09-12 08:15:00+00:00,308.24,308.47,307.68,307.69,397143
2025-09-12 08:30:00+00:00,307.69,308.46,307.66,308.44,358954
2025-09-12 08:45:00+00:00,308.43,308.72,308.25,308.43,334984
2025-09-12 09:00:00+00:00,308.43,308.61,308.26,308.5,212058
2025-09-12 09:15:00+00:00,308.5,308.63,308.4,308.58,316468
2025-09-12 09:30:00+00:00,308.56,308.58,308.31,308.42,178594
2025-09-12 09:45:00+00:00,308.42,308.55,308.15,308.31,298044
2025-09-12 10:00:00+00:00,308.31,308.49,307.84,307.96,233597
2025-09-12 10:15:00+00:00,307.92,308.58,307.92,308.49,646103
2025-09-12 10:30:00+00:00,308.5,308.5,305.1,306.41,7078609
2025-09-12 10:45:00+00:00,306.41,306.56,305.64,305.9,1690138
2025-09-12 11:00:00+00:00,305.97,306.88,305.89,306.49,1069973
2025-09-12 11:15:00+00:00,306.49,306.87,306.33,306.45,704162
2025-09-12 11:30:00+00:00,306.46,306.77,306.29,306.56,372961
2025-09-12 11:45:00+00:00,306.56,306.7,306.0,306.32,604881
2025-09-12 12:00:00+00:00,306.32,306.48,305.3,305.57,1103056
2025-09-12 12:15:00+00:00,305.57,306.11,305.54,305.75,554001
2025-09-12 12:30:00+00:00,305.75,305.8,303.05,303.15,5534432
2025-09-12 12:45:00+00:00,303.16,304.2,303.1,304.03,1719052
2025-09-12 13:00:00+00:00,304.03,304.28,303.53,304.17,1203095
2025-09-12 13:15:00+00:00,304.17,304.44,303.88,304.4,723923
2025-09-12 13:30:00+00:00,304.4,304.49,303.84,304.34,1071545
2025-09-12 13:45:00+00:00,304.32,304.49,303.84,304.12,680375
2025-09-12 14:00:00+00:00,304.12,304.27,303.84,303.95,466556
2025-09-12 14:15:00+00:00,303.95,304.04,303.44,304.03,661621
2025-09-12 14:30:00+00:00,304.03,304.03,303.55,303.61,442108
2025-09-12 14:45:00+00:00,303.61,303.71,303.08,303.08,735232
2025-09-12 15:00:00+00:00,303.08,303.81,303.05,303.8,459785
2025-09-12 15:15:00+00:00,303.79,303.89,303.51,303.65,324263
2025-09-12 15:30:00+00:00,303.65,303.87,303.53,303.67,195149
2025-09-12 15:45:00+00:00,303.88,303.88,303.88,303.88,306759
2025-09-12 16:00:00+00:00,303.9,303.91,303.54,303.55,183919
2025-09-12 16:15:00+00:00,303.55,303.56,303.0,303.2,873091
2025-09-12 16:30:00+00:00,303.2,303.4,302.53,302.66,845100
2025-09-12 16:45:00+00:00,302.64,303.13,302.62,303.0,359527
2025-09-12 17:00:00+00:00,303.0,303.56,302.95,303.5,312389
2025-09-12 17:15:00+00:00,303.49,303.52,303.32,303.33,160571
2025-09-12 17:30:00+00:00,303.31,303.39,303.0,303.25,248604
2025-09-12 17:45:00+00:00,303.26,303.32,303.19,303.28,48395
2025-09-12 18:00:00+00:00,303.28,303.54,303.24,303.45,363130
2025-09-12 18:15:00+00:00,303.45,303.55,303.33,303.54,129089
2025-09-12 18:30:00+00:00,303.54,303.54,303.45,303.46,91072
2025-09-12 18:45:00+00:00,303.45,303.48,303.36,303.36,56967
2025-09-12 19:00:00+00:00,303.36,303.56,303.2,303.5,440063
2025-09-12 19:15:00+00:00,303.5,303.5,303.31,303.39,133494
2025-09-12 19:30:00+00:00,303.39,303.4,303.25,303.27,67395
2025-09-12 19:45:00+00:00,303.28,303.3,303.2,303.3,94014
2025-09-12 20:00:00+00:00,303.29,303.4,303.28,303.4,86211
2025-09-12 20:15:00+00:00,303.39,303.4,303.29,303.34,103457
2025-09-12 20:30:00+00:00,303.33,303.59,303.33,303.41,153342
2025-09-12 20:45:00+00:00,303.41,303.51,303.19,303.5,124385
2025-09-17 03:45:00+00:00,301.8,301.8,301.8,301.8,6498
2025-09-17 04:00:00+00:00,301.8,302.37,301.75,302.32,104190
2025-09-17 04:15:00+00:00,302.32,302.34,302.0,302.05,38192
2025-09-17 04:30:00+00:00,302.06,302.26,302.05,302.19,23294
2025-09-17 04:45:00+00:00,302.19,302.37,302.15,302.3,45396
2025-09-17 05:00:00+00:00,302.3,302.32,302.16,302.17,27560
2025-09-17 05:15:00+00:00,302.17,302.25,302.06,302.14,23157
2025-09-17 05:30:00+00:00,302.14,302.21,302.04,302.16,20909
2025-09-17 05:45:00+00:00,302.16,302.29,302.02,302.25,21892
2025-09-17 06:00:00+00:00,302.24,302.24,301.64,301.74,148789
2025-09-17 06:15:00+00:00,301.74,301.74,300.77,300.9,535736
2025-09-17 06:30:00+00:00,300.91,301.45,300.86,301.0,195403
2025-09-17 06:45:00+00:00,301.01,301.2,300.8,301.0,158414
2025-09-17 07:00:00+00:00,301.01,301.66,300.73,301.43,427973
2025-09-17 07:15:00+00:00,301.46,301.7,301.33,301.62,292903
2025-09-17 07:30:00+00:00,301.62,301.7,301.03,301.26,382436
2025-09-17 07:45:00+00:00,301.26,301.55,300.85,301.41,643687
2025-09-17 08:00:00+00:00,301.4,301.67,300.88,300.93,292342
2025-09-17 08:15:00+00:00,300.92,300.94,300.32,300.67,816569
2025-09-17 08:30:00+00:00,300.66,300.7,300.2,300.34,522115
2025-09-17 08:45:00+00:00,300.35,300.54,300.1,300.31,498364
2025-09-17 09:00:00+00:00,300.32,300.76,300.3,300.66,296307
2025-09-17 09:15:00+00:00,300.67,300.68,300.34,300.35,221150
2025-09-17 09:30:00+00:00,300.41,300.46,300.25,300.3,144547
2025-09-17 09:45:00+00:00,300.31,300.33,299.8,299.92,1085907
2025-09-17 10:00:00+00:00,299.92,300.96,299.85,300.73,1039698
2025-09-17 10:15:00+00:00,300.73,301.29,300.66,301.25,351462
2025-09-17 10:30:00+00:00,301.27,301.45,301.0,301.42,599703
2025-09-17 10:45:00+00:00,301.41,302.28,301.41,301.52,1325551
2025-09-17 11:00:00+00:00,301.54,302.01,301.52,301.73,317235
2025-09-17 11:15:00+00:00,301.74,301.76,301.32,301.55,223656
2025-09-17 11:30:00+00:00,301.55,301.62,301.16,301.37,464465
2025-09-17 11:45:00+00:00,301.37,301.67,301.36,301.58,178651
2025-09-17 12:00:00+00:00,301.58,301.64,301.49,301.55,108717
2025-09-17 12:15:00+00:00,301.55,301.7,301.4,301.46,347617
2025-09-17 12:30:00+00:00,301.46,301.46,301.15,301.25,124022
2025-09-17 12:45:00+00:00,301.25,301.65,301.15,301.42,253329
2025-09-17 13:00:00+00:00,301.41,301.67,301.28,301.34,184669
2025-09-17 13:15:00+00:00,301.34,301.4,300.62,300.72,480913
2025-09-17 13:30:00+00:00,300.72,303.63,300.61,302.2,3928762
2025-09-17 13:45:00+00:00,302.2,302.93,302.03,302.57,583109
2025-09-17 14:00:00+00:00,302.57,304.46,302.57,303.98,1961127
2025-09-17 14:15:00+00:00,303.95,305.5,303.78,305.11,2142343
2025-09-17 14:30:00+00:00,305.1,305.46,304.73,305.4,1740800
2025-09-17 14:45:00+00:00,305.4,305.92,304.85,305.27,1951103
2025-09-17 15:00:00+00:00,305.29,305.49,304.66,305.04,936175
2025-09-17 15:15:00+00:00,305.04,305.31,304.77,305.08,566529
2025-09-17 15:30:00+00:00,305.08,305.17,304.4,304.48,312359
2025-09-17 15:45:00+00:00,304.3,304.3,304.3,304.3,135023
2025-09-17 16:00:00+00:00,304.2,305.0,304.2,304.6,1738379
2025-09-17 16:15:00+00:00,304.58,304.63,304.2,304.22,240751
2025-09-17 16:30:00+00:00,304.21,304.3,304.1,304.25,73596
2025-09-17 16:45:00+00:00,304.24,304.3,303.95,303.98,163376
2025-09-17 17:00:00+00:00,303.98,304.14,303.75,303.91,130136
2025-09-17 17:15:00+00:00,303.91,304.12,303.85,304.05,83559
2025-09-17 17:30:00+00:00,304.06,304.22,304.05,304.2,47765
2025-09-17 17:45:00+00:00,304.2,304.25,304.18,304.24,46685
2025-09-17 18:00:00+00:00,304.25,304.3,304.04,304.05,129291
2025-09-17 18:15:00+00:00,304.06,304.13,303.88,304.11,76833
2025-09-17 18:30:00+00:00,304.12,304.7,304.02,304.36,507266
2025-09-17 18:45:00+00:00,304.35,304.35,303.96,304.03,161386
2025-09-17 19:00:00+00:00,304.03,304.35,304.03,304.25,177300
2025-09-17 19:15:00+00:00,304.26,304.45,304.16,304.45,82229
2025-09-17 19:30:00+00:00,304.45,304.7,304.33,304.65,155270
2025-09-17 19:45:00+00:00,304.66,304.66,304.45,304.49,39161
2025-09-17 20:00:00+00:00,304.49,304.56,304.35,304.35,79201
2025-09-17 20:15:00+00:00,304.35,304.49,304.21,304.42,109600
2025-09-17 20:30:00+00:00,304.42,304.5,304.35,304.4,86366
2025-09-17 20:45:00+00:00,304.4,304.5,304.35,304.5,62633
2025-09-18 03:45:00+00:00,304.8,304.8,304.8,304.8,2512
2025-09-18 04:00:00+00:00,304.7,305.05,304.08,304.88,180678
2025-09-18 04:15:00+00:00,304.88,304.97,304.71,304.72,40611
2025-09-18 04:30:00+00:00,304.72,304.72,304.17,304.19,62280
2025-09-18 04:45:00+00:00,304.19,304.19,303.82,303.94,144405
2025-09-18 05:00:00+00:00,303.94,304.37,303.8,304.3,64270
2025-09-18 05:15:00+00:00,304.3,304.55,304.3,304.55,22739
2025-09-18 05:30:00+00:00,304.55,304.6,303.95,304.1,70498
2025-09-18 05:45:00+00:00,304.1,304.1,303.85,303.85,88600
2025-09-18 06:00:00+00:00,303.98,304.0,303.38,303.93,222034
2025-09-18 06:15:00+00:00,303.92,304.0,303.32,303.56,299143
2025-09-18 06:30:00+00:00,303.56,303.63,303.25,303.63,125099
2025-09-18 06:45:00+00:00,303.63,303.81,303.57,303.7,95927
2025-09-18 07:00:00+00:00,303.7,303.75,302.87,303.11,433655
2025-09-18 07:15:00+00:00,303.1,303.39,302.89,303.18,775245
2025-09-18 07:30:00+00:00,303.09,303.14,302.66,302.67,430534
2025-09-18 07:45:00+00:00,302.67,302.67,302.29,302.39,695799
2025-09-18 08:00:00+00:00,302.38,302.52,302.22,302.25,324135
2025-09-18 08:15:00+00:00,302.25,302.95,302.12,302.9,589145
2025-09-18 08:30:00+00:00,302.91,302.93,302.64,302.78,349326
2025-09-18 08:45:00+00:00,302.78,303.38,302.78,303.0,576394
2025-09-18 09:00:00+00:00,303.03,303.27,302.82,302.83,227630
2025-09-18 09:15:00+00:00,302.83,302.91,302.25,302.3,383069
2025-09-18 09:30:00+00:00,302.26,302.28,301.53,301.79,1000923
2025-09-18 09:45:00+00:00,301.75,301.89,301.66,301.76,242275
2025-09-18 10:00:00+00:00,301.75,301.77,301.5,301.52,663452
2025-09-18 10:15:00+00:00,301.51,301.79,301.26,301.76,757047
2025-09-18 10:30:00+00:00,301.76,302.3,301.59,301.63,614479
2025-09-18 10:45:00+00:00,301.66,301.77,301.39,301.64,279401
2025-09-18 11:00:00+00:00,301.64,302.0,301.18,301.39,434049
2025-09-18 11:15:00+00:00,301.38,302.08,301.35,301.92,199429
2025-09-18 11:30:00+00:00,301.9,302.08,301.65,301.68,295272
2025-09-18 11:45:00+00:00,301.68,301.75,301.14,301.18,623058
2025-09-18 12:00:00+00:00,301.18,301.45,300.66,301.39,2758585
2025-09-18 12:15:00+00:00,301.35,301.89,301.33,301.62,1864537
2025-09-18 12:30:00+00:00,301.6,301.78,301.37,301.51,1957819
2025-09-18 12:45:00+00:00,301.51,301.58,301.0,301.25,2365939
2025-09-18 13:00:00+00:00,301.25,301.92,301.25,301.61,841069
2025-09-18 13:15:00+00:00,301.61,301.75,301.01,301.65,626955
2025-09-18 13:30:00+00:00,301.67,302.28,301.62,302.12,439577
2025-09-18 13:45:00+00:00,302.11,302.2,301.86,302.04,453732
2025-09-18 14:00:00+00:00,302.04,302.42,302.0,302.37,608620
2025-09-18 14:15:00+00:00,302.38,302.42,301.7,302.12,392631
2025-09-18 14:30:00+00:00,302.13,302.25,301.81,302.16,227428
2025-09-18 14:45:00+00:00,302.15,302.21,302.0,302.04,186813
2025-09-18 15:00:00+00:00,302.04,302.27,302.02,302.04,169059
2025-09-18 15:15:00+00:00,302.04,302.62,302.04,302.62,600147
2025-09-18 15:30:00+00:00,302.62,302.9,302.61,302.75,451448
2025-09-18 15:45:00+00:00,302.86,302.86,302.86,302.86,39102
2025-09-18 16:00:00+00:00,302.75,302.85,302.49,302.75,232235
2025-09-18 16:15:00+00:00,302.74,302.81,302.54,302.61,126129
2025-09-18 16:30:00+00:00,302.6,302.61,302.47,302.6,144735
2025-09-18 16:45:00+00:00,302.6,302.61,302.15,302.21,190301
2025-09-18 17:00:00+00:00,302.2,302.27,302.0,302.14,87769
2025-09-18 17:15:00+00:00,302.14,302.23,301.9,301.9,78285
2025-09-18 17:30:00+00:00,301.9,301.96,301.69,301.92,166880
2025-09-18 17:45:00+00:00,301.91,301.92,301.38,301.51,252635
2025-09-18 18:00:00+00:00,301.52,301.58,301.36,301.51,92073
2025-09-18 18:15:00+00:00,301.5,301.88,301.41,301.88,119701
2025-09-18 18:30:00+00:00,301.88,301.88,301.6,301.8,54755
2025-09-18 18:45:00+00:00,301.8,301.84,301.76,301.8,141642
2025-09-18 19:00:00+00:00,301.8,301.8,301.75,301.76,34135
2025-09-18 19:15:00+00:00,301.76,301.76,301.55,301.57,32296
2025-09-18 19:30:00+00:00,301.55,301.77,301.55,301.65,76521
2025-09-18 19:45:00+00:00,301.65,301.8,301.61,301.74,59737
2025-09-18 20:00:00+00:00,301.8,302.0,301.8,301.93,155381
2025-09-18 20:15:00+00:00,301.93,301.93,301.83,301.91,27971
2025-09-18 20:30:00+00:00,301.91,301.96,301.69,301.78,92601
2025-09-18 20:45:00+00:00,301.77,301.91,301.53,301.68,74373
2025-09-19 03:45:00+00:00,301.6,301.6,301.6,301.6,3011
2025-09-19 04:00:00+00:00,301.6,302.34,301.23,302.3,73502
2025-09-19 04:15:00+00:00,302.3,302.33,301.66,301.66,43963
2025-09-19 04:30:00+00:00,301.66,302.05,301.57,302.0,42329
2025-09-19 04:45:00+00:00,302.0,302.2,302.0,302.03,69438
2025-09-19 05:00:00+00:00,302.02,302.06,301.4,302.03,75486
2025-09-19 05:15:00+00:00,302.06,302.06,301.63,301.68,55195
2025-09-19 05:30:00+00:00,301.69,301.76,301.58,301.58,36936
2025-09-19 05:45:00+00:00,301.63,302.0,301.47,301.54,129399
2025-09-19 06:00:00+00:00,301.65,302.5,301.65,302.45,290690
2025-09-19 06:15:00+00:00,302.45,302.72,302.04,302.14,397330
2025-09-19 06:30:00+00:00,302.15,302.5,302.03,302.5,118300
2025-09-19 06:45:00+00:00,302.49,302.86,302.49,302.81,329403
2025-09-19 07:00:00+00:00,302.8,303.8,302.31,302.4,1383527
2025-09-19 07:15:00+00:00,302.39,302.79,302.13,302.63,312752
2025-09-19 07:30:00+00:00,302.64,302.67,302.22,302.25,118074
2025-09-19 07:45:00+00:00,302.28,302.35,302.0,302.14,118433
2025-09-19 08:00:00+00:00,302.14,302.14,301.0,301.05,731635
2025-09-19 08:15:00+00:00,301.05,301.67,301.03,301.67,843554
2025-09-19 08:30:00+00:00,301.67,301.69,301.1,301.39,281501
2025-09-19 08:45:00+00:00,301.38,301.39,301.11,301.17,218698
2025-09-19 09:00:00+00:00,301.17,301.6,300.91,301.23,951615
2025-09-19 09:15:00+00:00,301.23,301.5,300.92,301.38,346928
2025-09-19 09:30:00+00:00,301.39,301.57,301.21,301.39,403641
2025-09-19 09:45:00+00:00,301.39,301.78,301.25,301.76,673631
2025-09-19 10:00:00+00:00,301.76,302.1,300.85,300.86,979612
2025-09-19 10:15:00+00:00,300.87,301.05,300.31,300.55,1171402
2025-09-19 10:30:00+00:00,300.54,300.55,300.0,300.04,1342627
2025-09-19 10:45:00+00:00,300.07,300.35,300.03,300.11,637467
2025-09-19 11:00:00+00:00,300.11,300.38,299.8,300.37,977231
2025-09-19 11:15:00+00:00,300.37,300.45,300.07,300.08,466708
2025-09-19 11:30:00+00:00,300.09,300.17,300.01,300.07,338340
2025-09-19 11:45:00+00:00,300.07,301.53,300.0,301.39,1062499
2025-09-19 12:00:00+00:00,301.4,301.4,300.22,300.25,511451
2025-09-19 12:15:00+00:00,300.27,300.57,300.14,300.56,478422
2025-09-19 12:30:00+00:00,300.57,300.92,300.18,300.2,429801
2025-09-19 12:45:00+00:00,300.2,300.93,300.17,300.52,268582
2025-09-19 13:00:00+00:00,300.53,300.61,300.37,300.59,222019
2025-09-19 13:15:00+00:00,300.59,301.15,300.58,301.07,438142
2025-09-19 13:30:00+00:00,301.07,301.28,300.8,300.85,223151
2025-09-19 13:45:00+00:00,300.85,300.86,300.15,300.44,585891
2025-09-19 14:00:00+00:00,300.44,300.44,300.05,300.06,461274
2025-09-19 14:15:00+00:00,300.06,300.13,300.04,300.05,395825
2025-09-19 14:30:00+00:00,300.05,300.2,298.63,298.73,2711685
2025-09-19 14:45:00+00:00,298.75,299.17,298.1,298.18,1485835
2025-09-19 15:00:00+00:00,298.18,299.0,297.67,297.68,1713601
2025-09-19 15:15:00+00:00,297.68,297.92,297.0,297.27,2101736
2025-09-19 15:30:00+00:00,297.27,297.55,297.01,297.16,697991
2025-09-19 15:45:00+00:00,297.4,297.4,297.4,297.4,173676
2025-09-19 16:00:00+00:00,297.4,297.63,297.15,297.49,924635
2025-09-19 16:15:00+00:00,297.49,297.6,296.12,296.29,1422395
2025-09-19 16:30:00+00:00,296.28,296.39,295.65,296.33,1232257
2025-09-19 16:45:00+00:00,296.33,296.52,295.86,296.24,693652
2025-09-19 17:00:00+00:00,296.24,296.24,295.77,296.04,496783
2025-09-19 17:15:00+00:00,296.04,296.04,295.01,295.12,1156621
2025-09-19 17:30:00+00:00,295.13,295.8,295.06,295.78,676529
2025-09-19 17:45:00+00:00,295.77,295.82,295.23,295.49,384238
2025-09-19 18:00:00+00:00,295.49,295.8,295.44,295.56,250762
2025-09-19 18:15:00+00:00,295.57,295.64,295.4,295.58,468701
2025-09-19 18:30:00+00:00,295.58,295.6,295.3,295.48,248007
2025-09-19 18:45:00+00:00,295.48,295.61,295.33,295.35,223751
2025-09-19 19:00:00+00:00,295.33,295.45,295.19,295.44,337117
2025-09-19 19:15:00+00:00,295.43,295.68,295.41,295.68,105558
2025-09-19 19:30:00+00:00,295.68,295.83,295.55,295.6,187899
2025-09-19 19:45:00+00:00,295.6,295.87,295.3,295.51,306783
2025-09-19 20:00:00+00:00,295.49,295.66,295.31,295.33,222883
2025-09-19 20:15:00+00:00,295.33,295.36,294.71,294.87,1170160
2025-09-19 20:30:00+00:00,294.8,294.94,294.63,294.65,379493
2025-09-19 20:45:00+00:00,294.63,294.9,294.61,294.84,107627
2025-09-24 03:45:00+00:00,291.8,291.8,291.8,291.8,90816
2025-09-24 04:00:00+00:00,291.8,292.8,291.79,292.41,1102116
2025-09-24 04:15:00+00:00,292.41,293.1,292.23,292.69,343191
2025-09-24 04:30:00+00:00,292.7,293.27,292.69,292.77,393145
2025-09-24 04:45:00+00:00,292.77,292.99,292.32,292.99,245914
2025-09-24 05:00:00+00:00,293.0,293.31,292.48,292.53,828391
2025-09-24 05:15:00+00:00,292.53,292.77,292.45,292.63,165160
2025-09-24 05:30:00+00:00,292.63,292.66,291.81,291.84,451770
2025-09-24 05:45:00+00:00,291.82,292.33,291.82,292.11,264883
2025-09-24 06:00:00+00:00,292.1,292.1,290.71,290.92,2585727
2025-09-24 06:15:00+00:00,290.93,291.18,290.1,290.98,1762751
2025-09-24 06:30:00+00:00,290.99,291.06,290.33,290.5,571575
2025-09-24 06:45:00+00:00,290.51,291.11,290.05,290.27,1178161
2025-09-24 07:00:00+00:00,290.27,290.3,288.4,289.99,4906854
2025-09-24 07:15:00+00:00,289.99,290.7,289.88,290.55,1780201
2025-09-24 07:30:00+00:00,290.55,291.2,290.26,290.99,1598993
2025-09-24 07:45:00+00:00,290.97,291.39,290.59,291.36,830249
2025-09-24 08:00:00+00:00,291.37,291.85,291.3,291.44,767826
2025-09-24 08:15:00+00:00,291.44,292.67,291.43,292.58,1042667
2025-09-24 08:30:00+00:00,292.56,293.38,292.51,292.94,1645241
2025-09-24 08:45:00+00:00,292.97,295.88,292.81,294.01,2600979
2025-09-24 09:00:00+00:00,294.0,294.19,293.56,293.73,726266
2025-09-24 09:15:00+00:00,293.73,294.88,293.27,293.53,1266064
2025-09-24 09:30:00+00:00,293.53,294.12,293.36,294.1,516954
2025-09-24 09:45:00+00:00,294.1,294.3,293.76,294.07,508695
2025-09-24 10:00:00+00:00,294.06,294.29,293.32,293.54,556851
2025-09-24 10:15:00+00:00,293.53,294.02,293.38,293.86,252225
2025-09-24 10:30:00+00:00,293.86,294.29,293.6,294.26,472350
2025-09-24 10:45:00+00:00,294.28,294.29,293.76,293.8,250326
2025-09-24 11:00:00+00:00,293.83,293.85,292.71,293.69,655607
2025-09-24 11:15:00+00:00,293.69,294.24,293.62,293.94,339502
2025-09-24 11:30:00+00:00,293.94,294.5,293.94,294.48,649124
2025-09-24 11:45:00+00:00,294.48,296.08,294.47,295.79,1914375
2025-09-24 12:00:00+00:00,295.79,296.09,295.54,295.84,953679
2025-09-24 12:15:00+00:00,295.84,296.0,295.27,295.51,969780
2025-09-24 12:30:00+00:00,295.5,296.38,295.46,295.98,784207
2025-09-24 12:45:00+00:00,295.98,295.98,295.04,295.36,722549
2025-09-24 13:00:00+00:00,295.39,296.47,294.55,295.97,1667135
2025-09-24 13:15:00+00:00,295.97,296.64,294.42,296.4,1518919
2025-09-24 13:30:00+00:00,296.4,296.55,295.79,296.14,654453
2025-09-24 13:45:00+00:00,296.1,296.24,295.6,296.03,275776
2025-09-24 14:00:00+00:00,296.04,296.25,295.7,295.92,219640
2025-09-24 14:15:00+00:00,295.91,296.02,294.05,294.25,855347
2025-09-24 14:30:00+00:00,294.25,294.74,294.15,294.42,537527
2025-09-24 14:45:00+00:00,294.44,295.57,294.44,295.12,308678
2025-09-24 15:00:00+00:00,295.11,295.74,294.4,294.46,432285
2025-09-24 15:15:00+00:00,294.47,294.56,294.08,294.36,370527
2025-09-24 15:30:00+00:00,294.36,294.36,293.5,293.65,507200
2025-09-24 15:45:00+00:00,293.53,293.53,293.53,293.53,33856
2025-09-24 16:00:00+00:00,293.64,293.99,293.11,293.19,218651
2025-09-24 16:15:00+00:00,293.22,293.36,292.61,293.2,337360
2025-09-24 16:30:00+00:00,293.2,293.76,293.05,293.15,560382
2025-09-24 16:45:00+00:00,293.14,293.73,293.06,293.69,354095
2025-09-24 17:00:00+00:00,293.7,294.39,293.69,294.1,230402
2025-09-24 17:15:00+00:00,294.09,294.38,293.42,293.75,215180
2025-09-24 17:30:00+00:00,293.74,293.84,293.43,293.51,197093
2025-09-24 17:45:00+00:00,293.51,293.64,293.1,293.11,205126
2025-09-24 18:00:00+00:00,293.11,293.37,293.05,293.27,69120
2025-09-24 18:15:00+00:00,293.28,293.32,293.03,293.32,172051
2025-09-24 18:30:00+00:00,293.32,293.32,293.12,293.32,130310
2025-09-24 18:45:00+00:00,293.32,293.32,292.5,292.87,359301
2025-09-24 19:00:00+00:00,292.87,293.16,292.86,292.96,107169
2025-09-24 19:15:00+00:00,292.96,293.12,292.89,293.01,44114
2025-09-24 19:30:00+00:00,293.01,293.15,292.91,293.1,147104
2025-09-24 19:45:00+00:00,293.08,293.14,292.98,293.11,55303
2025-09-24 20:00:00+00:00,293.11,293.38,293.1,293.22,131021
2025-09-24 20:15:00+00:00,293.23,293.36,293.03,293.24,78652
2025-09-24 20:30:00+00:00,293.24,293.3,293.05,293.3,108408
2025-09-24 20:45:00+00:00,293.31,293.43,293.24,293.31,47681
2025-09-25 03:45:00+00:00,293.87,293.87,293.87,293.87,858
2025-09-25 04:00:00+00:00,293.87,294.89,293.53,294.5,380798
2025-09-25 04:15:00+00:00,294.51,294.77,294.25,294.65,207806
2025-09-25 04:30:00+00:00,294.58,294.68,293.71,294.54,275384
2025-09-25 04:45:00+00:00,294.54,294.55,294.09,294.29,37767
2025-09-25 05:00:00+00:00,294.29,294.34,293.94,294.1,109471
2025-09-25 05:15:00+00:00,294.02,294.28,294.0,294.1,36825
2025-09-25 05:30:00+00:00,294.01,294.22,293.87,294.21,46404
2025-09-25 05:45:00+00:00,294.2,294.3,294.0,294.24,108281
2025-09-25 06:00:00+00:00,294.19,294.19,293.13,293.4,443318
2025-09-25 06:15:00+00:00,293.4,294.15,293.35,294.08,150732
2025-09-25 06:30:00+00:00,294.07,294.35,294.0,294.19,151027
2025-09-25 06:45:00+00:00,294.19,294.5,293.88,294.35,202087
2025-09-25 07:00:00+00:00,294.34,294.34,293.42,293.79,344875
2025-09-25 07:15:00+00:00,293.78,293.78,293.19,293.2,357703
2025-09-25 07:30:00+00:00,293.2,293.2,292.09,292.67,920118
2025-09-25 07:45:00+00:00,292.66,292.84,291.92,292.04,596389
2025-09-25 08:00:00+00:00,292.02,292.32,291.5,291.94,854326
2025-09-25 08:15:00+00:00,291.94,292.5,291.88,292.48,709202
2025-09-25 08:30:00+00:00,292.48,293.15,292.35,293.0,718340
2025-09-25 08:45:00+00:00,293.0,293.08,292.52,292.99,284201
2025-09-25 09:00:00+00:00,292.99,292.99,292.16,292.3,228710
2025-09-25 09:15:00+00:00,292.3,293.5,292.26,293.36,551414
2025-09-25 09:30:00+00:00,293.36,293.36,292.9,293.21,190176
2025-09-25 09:45:00+00:00,293.2,293.39,293.0,293.13,226316
2025-09-25 10:00:00+00:00,293.13,293.15,292.64,293.01,147663
2025-09-25 10:15:00+00:00,293.01,293.1,292.29,292.78,299829
2025-09-25 10:30:00+00:00,292.78,293.1,292.5,292.67,280044
2025-09-25 10:45:00+00:00,292.67,293.11,292.59,292.84,224232
2025-09-25 11:00:00+00:00,292.81,293.11,292.78,293.01,153634
2025-09-25 11:15:00+00:00,293.01,293.7,292.86,293.35,523581
2025-09-25 11:30:00+00:00,293.36,293.5,293.16,293.48,100732
2025-09-25 11:45:00+00:00,293.47,293.92,293.47,293.75,318273
2025-09-25 12:00:00+00:00,293.75,293.8,293.45,293.61,207691
2025-09-25 12:15:00+00:00,293.61,293.61,292.8,293.08,238555
2025-09-25 12:30:00+00:00,293.08,293.25,292.78,293.02,166610
2025-09-25 12:45:00+00:00,293.02,293.11,292.78,292.92,228505
2025-09-25 13:00:00+00:00,292.93,293.3,292.8,293.26,199957
2025-09-25 13:15:00+00:00,293.26,293.32,293.02,293.32,74683
2025-09-25 13:30:00+00:00,293.31,293.34,292.78,292.85,177044
2025-09-25 13:45:00+00:00,292.85,293.3,292.56,292.65,207295
2025-09-25 14:00:00+00:00,292.67,293.21,291.99,292.07,576147
2025-09-25 14:15:00+00:00,292.08,292.38,292.08,292.23,200765
2025-09-25 14:30:00+00:00,292.23,292.8,291.99,292.46,489323
2025-09-25 14:45:00+00:00,292.45,292.48,291.97,291.98,314782
2025-09-25 15:00:00+00:00,291.98,292.1,291.18,291.43,859752
2025-09-25 15:15:00+00:00,291.41,291.41,290.5,290.55,1151769
2025-09-25 15:30:00+00:00,290.54,290.74,290.17,290.6,814300
2025-09-25 15:45:00+00:00,290.97,290.97,290.97,290.97,137930
2025-09-25 16:00:00+00:00,290.97,291.02,290.19,290.38,659780
2025-09-25 16:15:00+00:00,290.38,290.66,289.5,289.9,1245498
2025-09-25 16:30:00+00:00,289.89,290.34,289.89,290.26,412390
2025-09-25 16:45:00+00:00,290.32,290.8,289.72,290.8,472607
2025-09-25 17:00:00+00:00,290.79,290.82,290.08,290.26,275223
2025-09-25 17:15:00+00:00,290.26,290.52,289.87,290.1,156039
2025-09-25 17:30:00+00:00,290.09,290.2,290.06,290.16,66227
2025-09-25 17:45:00+00:00,290.15,290.19,289.9,289.9,98216
2025-09-25 18:00:00+00:00,289.91,289.91,289.56,289.72,164756
2025-09-25 18:15:00+00:00,289.72,289.97,289.71,289.89,116551
2025-09-25 18:30:00+00:00,289.89,289.89,289.55,289.7,157281
2025-09-25 18:45:00+00:00,289.7,290.05,289.63,290.03,89753
2025-09-25 19:00:00+00:00,290.02,290.05,290.0,290.05,29256
2025-09-25 19:15:00+00:00,290.04,290.2,290.01,290.2,78461
2025-09-25 19:30:00+00:00,290.2,290.2,289.77,290.0,157426
2025-09-25 19:45:00+00:00,290.0,290.11,289.86,290.0,54425
2025-09-25 20:00:00+00:00,290.01,290.17,289.85,289.86,62918
2025-09-25 20:15:00+00:00,289.85,289.96,289.5,289.63,299026
2025-09-25 20:30:00+00:00,289.64,289.98,289.64,289.83,121234
2025-09-25 20:45:00+00:00,289.87,289.95,289.81,289.9,55333
2025-09-26 03:45:00+00:00,290.2,290.2,290.2,290.2,6709
2025-09-26 04:00:00+00:00,290.2,291.03,289.91,290.88,200152
2025-09-26 04:15:00+00:00,290.95,291.02,290.25,290.3,168083
2025-09-26 04:30:00+00:00,290.37,290.5,289.19,289.34,228122
2025-09-26 04:45:00+00:00,289.35,289.63,289.05,289.31,311476
2025-09-26 05:00:00+00:00,289.31,289.63,289.3,289.5,103066
2025-09-26 05:15:00+00:00,289.5,290.7,289.45,290.33,309276
2025-09-26 05:30:00+00:00,290.26,290.69,290.16,290.25,96594
2025-09-26 05:45:00+00:00,290.25,290.26,289.8,289.94,88546
2025-09-26 06:00:00+00:00,289.95,291.0,289.94,291.0,334467
2025-09-26 06:15:00+00:00,291.0,291.0,290.36,290.63,256870
2025-09-26 06:30:00+00:00,290.69,290.69,290.31,290.44,133516
2025-09-26 06:45:00+00:00,290.43,290.75,290.03,290.11,342974
2025-09-26 07:00:00+00:00,290.11,290.3,289.37,289.57,481370
2025-09-26 07:15:00+00:00,289.57,289.68,288.52,288.91,1751618
2025-09-26 07:30:00+00:00,288.91,289.25,288.64,288.73,719810
2025-09-26 07:45:00+00:00,288.72,289.75,288.58,289.3,682081
2025-09-26 08:00:00+00:00,289.31,290.0,289.3,289.75,474647
2025-09-26 08:15:00+00:00,289.75,289.84,289.18,289.18,400631
2025-09-26 08:30:00+00:00,289.19,289.43,289.01,289.42,207812
2025-09-26 08:45:00+00:00,289.41,289.53,288.7,288.72,391558
2025-09-26 09:00:00+00:00,288.71,289.06,288.65,288.93,196017
2025-09-26 09:15:00+00:00,288.93,289.7,288.92,289.28,443559
2025-09-26 09:30:00+00:00,289.28,290.71,289.19,290.61,405277
2025-09-26 09:45:00+00:00,290.62,290.98,290.37,290.98,739547
2025-09-26 10:00:00+00:00,290.98,291.43,290.55,291.24,529064
2025-09-26 10:15:00+00:00,291.27,291.86,291.07,291.2,639572
2025-09-26 10:30:00+00:00,291.2,291.2,290.6,290.68,335215
2025-09-26 10:45:00+00:00,290.68,291.32,290.57,291.1,356477
2025-09-26 11:00:00+00:00,291.09,291.2,290.66,290.67,87620
2025-09-26 11:15:00+00:00,290.67,290.67,290.05,290.19,366683
2025-09-26 11:30:00+00:00,290.19,290.55,289.5,289.83,516215
2025-09-26 11:45:00+00:00,289.83,290.0,289.6,290.0,132049
2025-09-26 12:00:00+00:00,289.99,290.08,289.66,289.73,107058
2025-09-26 12:15:00+00:00,289.72,289.86,289.17,289.26,348901
2025-09-26 12:30:00+00:00,289.26,289.61,289.07,289.45,227933
2025-09-26 12:45:00+00:00,289.46,290.62,289.03,290.34,375185
2025-09-26 13:00:00+00:00,290.35,291.25,290.13,290.6,418597
2025-09-26 13:15:00+00:00,290.6,290.6,290.28,290.5,148269
2025-09-26 13:30:00+00:00,290.49,290.55,290.35,290.55,69368
2025-09-26 13:45:00+00:00,290.55,290.56,290.1,290.15,313415
2025-09-26 14:00:00+00:00,290.14,290.26,289.6,289.6,434257
2025-09-26 14:15:00+00:00,289.61,290.27,289.3,289.85,403386
2025-09-26 14:30:00+00:00,289.85,290.71,289.84,290.48,431879
2025-09-26 14:45:00+00:00,290.48,291.67,290.33,291.54,1152939
2025-09-26 15:00:00+00:00,291.58,292.47,291.54,291.61,1245916
2025-09-26 15:15:00+00:00,291.6,291.87,291.3,291.38,586768
2025-09-26 15:30:00+00:00,291.38,292.1,291.31,291.92,520388
2025-09-26 15:45:00+00:00,291.98,291.98,291.98,291.98,55928
2025-09-26 16:00:00+00:00,291.92,292.2,291.45,291.87,532360
2025-09-26 16:15:00+00:00,291.87,292.23,291.63,292.2,155404
2025-09-26 16:30:00+00:00,292.2,292.24,291.79,291.8,95917
2025-09-26 16:45:00+00:00,291.85,292.29,291.75,292.04,165458
2025-09-26 17:00:00+00:00,292.04,292.05,291.67,291.72,96082
2025-09-26 17:15:00+00:00,291.71,292.1,291.5,291.88,116625
2025-09-26 17:30:00+00:00,291.88,291.88,291.27,291.27,98766
2025-09-26 17:45:00+00:00,291.28,292.14,291.27,292.11,399857
2025-09-26 18:00:00+00:00,292.11,292.11,291.82,292.08,85517
2025-09-26 18:15:00+00:00,292.08,292.4,292.05,292.31,155885
2025-09-26 18:30:00+00:00,292.31,292.79,292.31,292.73,299277
2025-09-26 18:45:00+00:00,292.72,292.74,291.39,292.07,463270
2025-09-26 19:00:00+00:00,292.05,292.22,291.74,291.75,97654
2025-09-26 19:15:00+00:00,291.75,291.87,291.54,291.82,86877
2025-09-26 19:30:00+00:00,291.81,291.94,291.67,291.86,24561
2025-09-26 19:45:00+00:00,291.86,291.86,291.39,291.49,172095
2025-09-26 20:00:00+00:00,291.48,291.63,291.41,291.53,53273
2025-09-26 20:15:00+00:00,291.53,291.66,291.42,291.63,79087
2025-09-26 20:30:00+00:00,291.63,291.79,291.5,291.51,114994
2025-09-26 20:45:00+00:00,291.52,291.58,291.32,291.33,73495
2025-10-01 03:45:00+00:00,288.88,288.88,288.88,288.88,4617
2025-10-01 04:00:00+00:00,288.82,288.87,288.33,288.64,67206
2025-10-01 04:15:00+00:00,288.64,288.86,288.6,288.79,61911
2025-10-01 04:30:00+00:00,288.8,288.96,288.8,288.9,40640
2025-10-01 04:45:00+00:00,288.9,289.69,288.89,289.69,188714
2025-10-01 05:00:00+00:00,289.69,289.78,289.38,289.41,214227
2025-10-01 05:15:00+00:00,289.42,289.49,289.17,289.2,108128
2025-10-01 05:30:00+00:00,289.2,289.3,289.01,289.3,84976
2025-10-01 05:45:00+00:00,289.3,289.64,289.27,289.27,143779
2025-10-01 06:00:00+00:00,289.28,289.62,288.7,289.58,180801
2025-10-01 06:15:00+00:00,289.59,289.7,289.31,289.4,176470
2025-10-01 06:30:00+00:00,289.4,289.43,289.04,289.08,63087
2025-10-01 06:45:00+00:00,289.08,289.64,289.07,289.59,127960
2025-10-01 07:00:00+00:00,289.59,289.7,288.6,288.8,502178
2025-10-01 07:15:00+00:00,288.79,288.91,288.41,288.75,209192
2025-10-01 07:30:00+00:00,288.75,289.21,288.74,288.93,296061
2025-10-01 07:45:00+00:00,288.92,288.93,288.14,288.16,459429
2025-10-01 08:00:00+00:00,288.15,288.56,287.9,288.56,369203
2025-10-01 08:15:00+00:00,288.56,289.29,288.55,289.28,327559
2025-10-01 08:30:00+00:00,289.29,289.4,288.6,288.94,310303
2025-10-01 08:45:00+00:00,288.94,289.0,288.6,288.8,131891
2025-10-01 09:00:00+00:00,288.8,289.38,288.75,288.96,176363
2025-10-01 09:15:00+00:00,288.96,290.28,288.92,290.28,523790
2025-10-01 09:30:00+00:00,290.28,290.39,289.7,289.85,620815
2025-10-01 09:45:00+00:00,289.82,290.3,289.57,289.77,273421
2025-10-01 10:00:00+00:00,289.77,289.8,289.29,289.48,149689
2025-10-01 10:15:00+00:00,289.48,289.74,288.35,288.61,655214
2025-10-01 10:30:00+00:00,288.6,288.61,287.55,288.25,776088
2025-10-01 10:45:00+00:00,288.25,288.27,287.95,288.07,218264
2025-10-01 11:00:00+00:00,288.08,288.5,288.0,288.24,196826
2025-10-01 11:15:00+00:00,288.24,288.26,287.7,288.14,291924
2025-10-01 11:30:00+00:00,288.16,288.35,287.2,287.2,338636
2025-10-01 11:45:00+00:00,287.2,287.49,287.17,287.23,257817
2025-10-01 12:00:00+00:00,287.23,287.23,286.0,286.45,1868475
2025-10-01 12:15:00+00:00,286.45,286.48,285.31,285.36,1170274
2025-10-01 12:30:00+00:00,285.36,286.49,285.33,286.49,1135037
2025-10-01 12:45:00+00:00,286.48,286.55,286.08,286.25,437083
2025-10-01 13:00:00+00:00,286.27,286.55,285.8,286.44,363563
2025-10-01 13:15:00+00:00,286.43,286.61,286.1,286.22,435345
2025-10-01 13:30:00+00:00,286.22,287.22,286.2,287.15,756218
2025-10-01 13:45:00+00:00,287.15,288.11,287.14,287.48,785876
2025-10-01 14:00:00+00:00,287.44,287.49,286.02,286.07,421663
2025-10-01 14:15:00+00:00,286.1,286.35,285.11,285.45,1064434
2025-10-01 14:30:00+00:00,285.44,286.0,285.19,285.76,740410
2025-10-01 14:45:00+00:00,285.76,286.31,285.31,286.31,404399
2025-10-01 15:00:00+00:00,286.31,287.65,286.26,286.75,891041
2025-10-01 15:15:00+00:00,286.79,287.23,286.36,286.8,704776
2025-10-01 15:30:00+00:00,286.81,286.86,286.19,286.29,126374
2025-10-01 15:45:00+00:00,286.3,286.3,286.3,286.3,21424
2025-10-01 16:00:00+00:00,286.29,286.49,285.82,285.83,342963
2025-10-01 16:15:00+00:00,285.83,286.24,285.82,285.95,269160
2025-10-01 16:30:00+00:00,285.96,286.28,285.86,285.87,146041
2025-10-01 16:45:00+00:00,285.87,285.88,285.63,285.88,243059
2025-10-01 17:00:00+00:00,285.87,285.88,285.8,285.87,125481
2025-10-01 17:15:00+00:00,285.87,285.88,285.58,285.65,102414
2025-10-01 17:30:00+00:00,285.66,285.87,285.57,285.86,200985
2025-10-01 17:45:00+00:00,285.87,286.15,285.8,286.05,155197
2025-10-01 18:00:00+00:00,286.05,286.05,285.55,285.65,142097
2025-10-01 18:15:00+00:00,285.66,286.14,285.56,286.06,185904
2025-10-01 18:30:00+00:00,286.06,286.06,285.78,285.89,64075
2025-10-01 18:45:00+00:00,285.89,285.9,285.75,285.79,114670
2025-10-01 19:00:00+00:00,285.79,286.15,285.7,286.01,179170
2025-10-01 19:15:00+00:00,286.0,286.35,286.0,286.22,122992
2025-10-01 19:30:00+00:00,286.22,286.36,286.15,286.32,87501
2025-10-01 19:45:00+00:00,286.32,286.43,286.21,286.26,48161
2025-10-01 20:00:00+00:00,286.25,286.35,286.2,286.34,204763
2025-10-01 20:15:00+00:00,286.34,286.4,285.98,286.09,159406
2025-10-01 20:30:00+00:00,286.11,286.3,285.96,286.21,96314
2025-10-01 20:45:00+00:00,286.2,286.4,286.12,286.4,33781
2025-10-02 03:45:00+00:00,286.4,286.4,286.4,286.4,7983
2025-10-02 04:00:00+00:00,286.4,287.15,286.07,286.69,82646
2025-10-02 04:15:00+00:00,286.68,286.7,285.7,286.08,77803
2025-10-02 04:30:00+00:00,286.05,286.31,285.76,285.94,91178
2025-10-02 04:45:00+00:00,285.94,285.94,285.3,285.6,198426
2025-10-02 05:00:00+00:00,285.61,285.61,285.01,285.38,294514
2025-10-02 05:15:00+00:00,285.4,285.62,285.14,285.24,188004
2025-10-02 05:30:00+00:00,285.22,286.0,285.22,285.51,248043
2025-10-02 05:45:00+00:00,285.51,285.55,285.28,285.3,441763
2025-10-02 06:00:00+00:00,285.32,285.94,285.05,285.06,739040
2025-10-02 06:15:00+00:00,285.05,285.2,284.52,285.08,824531
2025-10-02 06:30:00+00:00,285.1,285.15,284.12,284.3,543121
2025-10-02 06:45:00+00:00,284.3,284.3,283.36,284.07,1696010
2025-10-02 07:00:00+00:00,284.07,284.49,283.33,283.48,1082521
2025-10-02 07:15:00+00:00,283.5,284.42,283.22,284.42,1622446
2025-10-02 07:30:00+00:00,284.42,285.44,284.41,285.04,1453916
2025-10-02 07:45:00+00:00,285.04,285.11,284.5,284.53,668595
2025-10-02 08:00:00+00:00,284.54,285.34,284.53,285.34,591122
2025-10-02 08:15:00+00:00,285.34,285.34,284.02,284.11,618741
2025-10-02 08:30:00+00:00,284.13,284.17,283.64,283.64,797725
2025-10-02 08:45:00+00:00,283.64,284.06,283.44,283.74,1033857
2025-10-02 09:00:00+00:00,283.74,283.8,282.8,283.08,1545116
2025-10-02 09:15:00+00:00,283.09,283.46,282.84,283.46,531932
2025-10-02 09:30:00+00:00,283.45,283.63,283.19,283.52,366308
2025-10-02 09:45:00+00:00,283.54,284.58,283.54,284.55,808373
2025-10-02 10:00:00+00:00,284.55,284.88,284.5,284.75,550959
2025-10-02 10:15:00+00:00,284.8,284.85,284.27,284.5,370155
2025-10-02 10:30:00+00:00,284.51,285.25,284.15,284.3,592430
2025-10-02 10:45:00+00:00,284.32,284.6,284.14,284.35,197987
2025-10-02 11:00:00+00:00,284.34,284.36,283.93,284.29,191378
2025-10-02 11:15:00+00:00,284.28,284.74,283.93,283.99,266118
2025-10-02 11:30:00+00:00,284.02,284.59,283.97,284.55,147080
2025-10-02 11:45:00+00:00,284.54,285.35,284.44,285.29,558941
2025-10-02 12:00:00+00:00,285.29,285.51,284.8,284.95,467581
2025-10-02 12:15:00+00:00,284.93,285.15,284.76,284.92,172816
2025-10-02 12:30:00+00:00,284.93,285.45,284.93,285.28,206994
2025-10-02 12:45:00+00:00,285.27,285.51,284.61,284.88,243878
2025-10-02 13:00:00+00:00,284.88,285.22,284.52,285.22,157289
2025-10-02 13:15:00+00:00,285.21,285.25,285.0,285.09,135971
2025-10-02 13:30:00+00:00,285.05,285.5,284.7,285.07,381755
2025-10-02 13:45:00+00:00,285.05,285.18,284.6,284.91,231192
2025-10-02 14:00:00+00:00,284.91,285.0,284.76,285.0,227531
2025-10-02 14:15:00+00:00,284.99,286.38,284.99,286.23,1010686
2025-10-02 14:30:00+00:00,286.22,286.42,285.46,285.56,626573
2025-10-02 14:45:00+00:00,285.57,286.44,285.57,286.11,561113
2025-10-02 15:00:00+00:00,286.1,286.38,285.91,286.05,335547
2025-10-02 15:15:00+00:00,286.05,286.21,285.15,285.27,504833
2025-10-02 15:30:00+00:00,285.28,285.37,284.32,285.2,689230
2025-10-02 15:45:00+00:00,285.05,285.05,285.05,285.05,44488
2025-10-02 16:00:00+00:00,285.1,285.54,284.8,284.94,247516
2025-10-02 16:15:00+00:00,284.95,285.22,284.8,284.96,259286
2025-10-02 16:30:00+00:00,284.96,285.6,284.9,285.54,189989
2025-10-02 16:45:00+00:00,285.54,285.6,284.99,285.23,128946
2025-10-02 17:00:00+00:00,285.22,285.29,284.74,285.16,162585
2025-10-02 17:15:00+00:00,285.15,285.44,285.01,285.17,69749
2025-10-02 17:30:00+00:00,285.18,285.39,285.1,285.21,37395
2025-10-02 17:45:00+00:00,285.28,285.35,285.2,285.26,52665
2025-10-02 18:00:00+00:00,285.26,285.26,284.8,285.04,91369
2025-10-02 18:15:00+00:00,285.03,285.03,284.66,284.83,188135
2025-10-02 18:30:00+00:00,284.83,285.04,284.67,284.8,165604
2025-10-02 18:45:00+00:00,284.83,285.0,284.36,284.68,257320
2025-10-02 19:00:00+00:00,284.69,285.25,284.67,285.19,150126
2025-10-02 19:15:00+00:00,285.19,285.3,285.01,285.07,87324
2025-10-02 19:30:00+00:00,285.08,285.31,284.94,285.31,61601
2025-10-02 19:45:00+00:00,285.31,285.75,285.3,285.45,202189
2025-10-02 20:00:00+00:00,285.45,285.68,285.32,285.5,34170
2025-10-02 20:15:00+00:00,285.5,285.5,285.24,285.24,98373
2025-10-02 20:30:00+00:00,285.29,285.3,284.96,285.03,70837
2025-10-02 20:45:00+00:00,285.02,285.35,285.02,285.22,42022
2025-10-03 03:45:00+00:00,285.75,285.75,285.75,285.75,1251
2025-10-03 04:00:00+00:00,285.7,285.77,285.23,285.57,39404
2025-10-03 04:15:00+00:00,285.57,286.0,285.44,285.95,45261
2025-10-03 04:30:00+00:00,285.97,286.15,285.7,286.0,114793
2025-10-03 04:45:00+00:00,286.0,286.09,285.96,285.98,46396
2025-10-03 05:00:00+00:00,285.98,286.0,285.8,285.99,90919
2025-10-03 05:15:00+00:00,285.99,285.99,285.8,285.9,40808
2025-10-03 05:30:00+00:00,285.9,285.96,285.8,285.96,33509
2025-10-03 05:45:00+00:00,285.97,285.98,285.9,285.98,45863
2025-10-03 06:00:00+00:00,285.98,286.14,285.76,286.1,100830
2025-10-03 06:15:00+00:00,286.1,286.2,285.8,285.8,113140
2025-10-03 06:30:00+00:00,285.81,286.3,285.8,286.3,133052
2025-10-03 06:45:00+00:00,286.26,286.69,286.25,286.5,416576
2025-10-03 07:00:00+00:00,286.54,287.32,286.5,286.98,817034
2025-10-03 07:15:00+00:00,286.98,287.02,286.62,286.74,388866
2025-10-03 07:30:00+00:00,286.69,286.95,286.55,286.8,269839
2025-10-03 07:45:00+00:00,286.8,287.15,286.64,286.83,361610
2025-10-03 08:00:00+00:00,286.82,287.12,286.69,287.05,374818
2025-10-03 08:15:00+00:00,287.04,287.11,286.61,286.7,220788
2025-10-03 08:30:00+00:00,286.71,286.73,286.51,286.56,168572
2025-10-03 08:45:00+00:00,286.56,286.64,286.02,286.2,262879
2025-10-03 09:00:00+00:00,286.19,286.28,285.81,285.93,300070
2025-10-03 09:15:00+00:00,285.93,285.93,285.6,285.64,395824
2025-10-03 09:30:00+00:00,285.63,285.63,284.82,284.92,795240
2025-10-03 09:45:00+00:00,284.92,285.06,284.0,284.03,839810
2025-10-03 10:00:00+00:00,284.03,284.35,283.52,284.35,853764
2025-10-03 10:15:00+00:00,284.35,284.56,284.03,284.19,557441
2025-10-03 10:30:00+00:00,284.17,284.45,284.11,284.27,189801
2025-10-03 10:45:00+00:00,284.26,284.45,284.08,284.42,112378
2025-10-03 11:00:00+00:00,284.44,284.44,283.15,283.77,738627
2025-10-03 11:15:00+00:00,283.77,284.19,283.77,283.98,183685
2025-10-03 11:30:00+00:00,283.98,284.33,283.9,284.01,109106
2025-10-03 11:45:00+00:00,284.01,284.03,283.57,283.6,241366
2025-10-03 12:00:00+00:00,283.6,284.48,283.59,284.47,553669
2025-10-03 12:15:00+00:00,284.46,284.6,284.11,284.48,277345
2025-10-03 12:30:00+00:00,284.49,284.55,284.25,284.48,114017
2025-10-03 12:45:00+00:00,284.47,284.71,284.15,284.69,241462
2025-10-03 13:00:00+00:00,284.69,284.69,284.04,284.3,207565
2025-10-03 13:15:00+00:00,284.32,284.5,284.0,284.23,251170
2025-10-03 13:30:00+00:00,284.22,284.5,283.85,284.3,243303
2025-10-03 13:45:00+00:00,284.3,284.5,283.9,284.19,204565
2025-10-03 14:00:00+00:00,284.19,284.22,283.9,284.2,217603
2025-10-03 14:15:00+00:00,284.2,284.48,283.59,283.67,234175
2025-10-03 14:30:00+00:00,283.7,284.36,283.59,284.16,372506
2025-10-03 14:45:00+00:00,284.16,284.22,283.91,284.15,296969
2025-10-03 15:00:00+00:00,284.14,284.19,283.92,284.08,214721
2025-10-03 15:15:00+00:00,284.08,284.25,283.81,284.01,297053
2025-10-03 15:30:00+00:00,284.0,284.15,283.79,284.02,158116
2025-10-03 15:45:00+00:00,283.7,283.7,283.7,283.7,37887
2025-10-03 16:00:00+00:00,283.99,284.06,283.51,283.94,205213
2025-10-03 16:15:00+00:00,283.94,283.94,283.3,283.5,339504
2025-10-03 16:30:00+00:00,283.5,283.5,282.58,282.63,939563
2025-10-03 16:45:00+00:00,282.69,282.97,282.63,282.72,265480
2025-10-03 17:00:00+00:00,282.71,283.1,282.71,283.09,200241
2025-10-03 17:15:00+00:00,283.08,283.21,282.86,282.87,153102
2025-10-03 17:30:00+00:00,282.87,283.21,282.87,283.2,98433
2025-10-03 17:45:00+00:00,283.19,283.2,283.04,283.19,44094
2025-10-03 18:00:00+00:00,283.19,283.38,283.05,283.37,96341
2025-10-03 18:15:00+00:00,283.33,283.49,283.27,283.43,87858
2025-10-03 18:30:00+00:00,283.43,283.44,283.02,283.12,260780
2025-10-03 18:45:00+00:00,283.12,283.14,282.76,282.76,254903
2025-10-03 19:00:00+00:00,282.76,282.83,282.72,282.78,99640
2025-10-03 19:15:00+00:00,282.79,283.09,282.78,283.05,136485
2025-10-03 19:30:00+00:00,283.07,283.09,282.93,283.0,31616
2025-10-03 19:45:00+00:00,283.0,283.5,282.93,283.14,253074
2025-10-03 20:00:00+00:00,283.14,283.15,282.91,282.96,43127
2025-10-03 20:15:00+00:00,282.98,282.98,282.85,282.91,124926
2025-10-03 20:30:00+00:00,282.89,282.96,282.8,282.8,72743
2025-10-03 20:45:00+00:00,282.87,283.0,282.79,282.91,66006
2025-10-08 03:45:00+00:00,293.93,293.93,293.93,293.93,4794
2025-10-08 04:00:00+00:00,293.95,294.4,293.81,294.39,191344
2025-10-08 04:15:00+00:00,294.4,294.83,294.2,294.22,272429
2025-10-08 04:30:00+00:00,294.23,294.56,294.22,294.38,130499
2025-10-08 04:45:00+00:00,294.38,294.5,294.21,294.5,62874
2025-10-08 05:00:00+00:00,294.49,294.5,294.36,294.43,49793
2025-10-08 05:15:00+00:00,294.44,294.45,294.06,294.17,159744
2025-10-08 05:30:00+00:00,294.19,294.27,294.0,294.1,127826
2025-10-08 05:45:00+00:00,294.1,294.2,293.7,294.2,145876
2025-10-08 06:00:00+00:00,294.19,294.23,293.67,294.06,189761
2025-10-08 06:15:00+00:00,294.03,294.08,293.66,293.66,50369
2025-10-08 06:30:00+00:00,293.66,293.78,293.32,293.73,163052
2025-10-08 06:45:00+00:00,293.74,294.08,293.73,294.07,267995
2025-10-08 07:00:00+00:00,294.07,295.0,293.07,293.16,1169315
2025-10-08 07:15:00+00:00,293.16,293.4,292.69,292.69,868797
2025-10-08 07:30:00+00:00,292.69,292.8,292.0,292.26,1108504
2025-10-08 07:45:00+00:00,292.25,292.49,291.22,291.61,1286191
2025-10-08 08:00:00+00:00,291.61,291.63,290.5,291.14,1534768
2025-10-08 08:15:00+00:00,291.15,291.4,290.55,291.0,1073423
2025-10-08 08:30:00+00:00,290.99,291.63,290.92,291.4,587806
2025-10-08 08:45:00+00:00,291.42,291.78,291.09,291.21,987947
2025-10-08 09:00:00+00:00,291.2,291.21,290.5,290.71,579566
2025-10-08 09:15:00+00:00,290.7,290.74,289.8,289.87,1647240
2025-10-08 09:30:00+00:00,289.85,289.87,288.39,288.54,1949705
2025-10-08 09:45:00+00:00,288.56,288.99,288.11,288.57,1893480
2025-10-08 10:00:00+00:00,288.55,288.9,288.13,288.3,962824
2025-10-08 10:15:00+00:00,288.31,288.5,287.21,287.26,2669906
2025-10-08 10:30:00+00:00,287.23,287.55,285.4,286.32,5470224
2025-10-08 10:45:00+00:00,286.32,286.78,285.48,286.2,2331905
2025-10-08 11:00:00+00:00,286.24,286.94,285.65,286.82,1570131
2025-10-08 11:15:00+00:00,286.82,286.98,286.07,286.64,985721
2025-10-08 11:30:00+00:00,286.65,287.61,286.46,286.68,1666243
2025-10-08 11:45:00+00:00,286.69,286.75,285.89,286.03,617011
2025-10-08 12:00:00+00:00,285.99,286.93,285.65,286.75,728014
2025-10-08 12:15:00+00:00,286.74,287.0,286.24,286.67,443276
2025-10-08 12:30:00+00:00,286.67,286.71,285.0,285.82,1380482
2025-10-08 12:45:00+00:00,285.82,286.5,284.64,284.8,1201837
2025-10-08 13:00:00+00:00,284.84,284.99,283.93,284.2,1900652
2025-10-08 13:15:00+00:00,284.21,285.68,284.0,284.76,1616219
2025-10-08 13:30:00+00:00,284.76,285.56,284.6,285.26,854163
2025-10-08 13:45:00+00:00,285.23,285.52,284.0,284.13,1048436
2025-10-08 14:00:00+00:00,284.13,284.72,283.22,283.36,1185013
2025-10-08 14:15:00+00:00,283.34,284.8,283.02,284.64,1091691
2025-10-08 14:30:00+00:00,284.67,284.73,283.41,284.06,578122
2025-10-08 14:45:00+00:00,284.04,284.06,282.28,282.33,1798755
2025-10-08 15:00:00+00:00,282.32,283.51,282.06,282.19,1718369
2025-10-08 15:15:00+00:00,282.18,282.3,279.16,279.59,5845134
2025-10-08 15:30:00+00:00,279.65,280.47,278.0,280.21,3125323
2025-10-08 15:45:00+00:00,280.22,280.22,280.22,280.22,172942
2025-10-08 16:00:00+00:00,280.31,281.55,278.8,281.21,2826222
2025-10-08 16:15:00+00:00,281.21,281.44,280.57,281.05,1825692
2025-10-08 16:30:00+00:00,281.06,281.41,280.7,280.93,1380942
2025-10-08 16:45:00+00:00,280.95,281.39,280.6,281.15,1098883
2025-10-08 17:00:00+00:00,281.16,282.45,281.04,282.38,1499853
2025-10-08 17:15:00+00:00,282.4,282.56,281.86,281.99,1193732
2025-10-08 17:30:00+00:00,281.99,282.03,280.95,281.42,1127175
2025-10-08 17:45:00+00:00,281.41,281.85,281.35,281.57,344221
2025-10-08 18:00:00+00:00,281.57,282.49,281.48,282.43,1104540
2025-10-08 18:15:00+00:00,282.4,283.06,282.11,282.86,999909
2025-10-08 18:30:00+00:00,282.87,282.87,282.34,282.54,564683
2025-10-08 18:45:00+00:00,282.54,282.72,282.36,282.42,319442
2025-10-08 19:00:00+00:00,282.37,282.4,281.62,282.08,969374
2025-10-08 19:15:00+00:00,282.06,282.4,281.43,281.55,398759
2025-10-08 19:30:00+00:00,281.61,282.02,281.56,281.85,472453
2025-10-08 19:45:00+00:00,281.85,282.16,281.72,281.98,245742
2025-10-08 20:00:00+00:00,281.98,282.2,281.75,281.92,339342
2025-10-08 20:15:00+00:00,281.91,282.21,281.8,281.89,222897
2025-10-08 20:30:00+00:00,281.82,282.3,281.21,281.88,662464
2025-10-08 20:45:00+00:00,281.88,282.13,281.56,281.9,160753
2025-10-09 03:45:00+00:00,282.8,282.8,282.8,282.8,40434
2025-10-09 04:00:00+00:00,282.7,282.94,281.0,282.08,641761
2025-10-09 04:15:00+00:00,282.17,282.79,281.74,282.22,354262
2025-10-09 04:30:00+00:00,282.21,282.75,282.2,282.72,102890
2025-10-09 04:45:00+00:00,282.7,283.49,282.53,283.42,291256
2025-10-09 05:00:00+00:00,283.42,283.49,281.97,282.57,286859
2025-10-09 05:15:00+00:00,282.57,283.3,282.56,283.2,391627
2025-10-09 05:30:00+00:00,283.19,283.24,281.82,281.98,590944
2025-10-09 05:45:00+00:00,281.98,282.55,281.82,282.41,211828
2025-10-09 06:00:00+00:00,282.43,282.43,281.04,281.5,993300
2025-10-09 06:15:00+00:00,281.5,282.39,280.53,282.02,1772416
2025-10-09 06:30:00+00:00,282.02,283.44,281.57,281.65,1023410
2025-10-09 06:45:00+00:00,281.63,284.43,281.36,284.27,2677553
2025-10-09 07:00:00+00:00,284.26,286.0,283.59,284.8,4585374
2025-10-09 07:15:00+00:00,284.81,285.48,283.72,284.45,1367438
2025-10-09 07:30:00+00:00,284.44,285.37,284.3,284.81,1655165
2025-10-09 07:45:00+00:00,284.8,285.45,284.04,284.3,1260611
2025-10-09 08:00:00+00:00,284.3,284.63,283.15,283.36,1508516
2025-10-09 08:15:00+00:00,283.33,283.37,280.18,280.25,4130068
2025-10-09 08:30:00+00:00,280.25,280.97,278.75,280.21,5060589
2025-10-09 08:45:00+00:00,280.21,284.98,279.65,284.57,4336649
2025-10-09 09:00:00+00:00,284.59,286.88,283.76,285.62,6066595
2025-10-09 09:15:00+00:00,285.67,289.52,285.64,287.67,5427396
2025-10-09 09:30:00+00:00,287.67,288.47,286.32,286.9,2302814
2025-10-09 09:45:00+00:00,286.9,287.99,286.31,287.3,1694315
2025-10-09 10:00:00+00:00,287.3,289.2,287.3,288.66,3005063
2025-10-09 10:15:00+00:00,288.66,289.2,287.66,287.77,1369714
2025-10-09 10:30:00+00:00,287.8,288.53,286.61,286.73,1275415
2025-10-09 10:45:00+00:00,286.72,287.65,286.7,286.82,660387
2025-10-09 11:00:00+00:00,286.82,287.5,285.0,285.71,1154632
2025-10-09 11:15:00+00:00,285.71,286.84,285.35,286.23,814390
2025-10-09 11:30:00+00:00,286.24,287.3,285.87,287.3,633221
2025-10-09 11:45:00+00:00,287.3,288.2,287.16,287.46,555071
2025-10-09 12:00:00+00:00,287.46,288.99,287.31,288.33,764544
2025-10-09 12:15:00+00:00,288.36,288.91,288.06,288.74,600130
2025-10-09 12:30:00+00:00,288.74,289.16,287.95,288.26,706587
2025-10-09 12:45:00+00:00,288.26,288.27,286.69,287.68,696010
2025-10-09 13:00:00+00:00,287.68,288.09,287.2,288.0,397481
2025-10-09 13:15:00+00:00,287.99,289.14,287.78,289.06,534773
2025-10-09 13:30:00+00:00,289.11,289.46,288.52,289.33,813389
2025-10-09 13:45:00+00:00,289.34,290.4,288.68,289.0,2619824
2025-10-09 14:00:00+00:00,289.0,289.81,288.75,289.41,766627
2025-10-09 14:15:00+00:00,289.43,289.9,288.05,288.74,1197090
2025-10-09 14:30:00+00:00,288.74,288.97,288.19,288.71,505760
2025-10-09 14:45:00+00:00,288.72,289.86,288.26,289.75,816839
2025-10-09 15:00:00+00:00,289.75,290.45,289.74,290.13,1172771
2025-10-09 15:15:00+00:00,290.12,290.12,289.0,289.35,757198
2025-10-09 15:30:00+00:00,289.33,289.43,289.22,289.37,226391
2025-10-09 15:45:00+00:00,289.45,289.45,289.45,289.45,23853
2025-10-09 16:00:00+00:00,289.44,289.8,288.55,288.55,359631
2025-10-09 16:15:00+00:00,288.55,289.38,288.27,289.23,444823
2025-10-09 16:30:00+00:00,289.22,289.23,288.54,288.69,148718
2025-10-09 16:45:00+00:00,288.69,288.89,288.17,288.17,201758
2025-10-09 17:00:00+00:00,288.17,288.75,288.06,288.7,277130
2025-10-09 17:15:00+00:00,288.69,288.74,288.14,288.28,229695
2025-10-09 17:30:00+00:00,288.28,288.3,287.56,287.97,530355
2025-10-09 17:45:00+00:00,287.98,289.19,287.83,288.85,781666
2025-10-09 18:00:00+00:00,288.85,288.99,288.73,288.96,191840
2025-10-09 18:15:00+00:00,288.96,288.96,288.53,288.75,121607
2025-10-09 18:30:00+00:00,288.74,288.95,288.58,288.9,46967
2025-10-09 18:45:00+00:00,288.88,289.47,288.79,289.04,156857
2025-10-09 19:00:00+00:00,289.05,289.48,288.85,289.46,437722
2025-10-09 19:15:00+00:00,289.46,289.94,289.46,289.73,253165
2025-10-09 19:30:00+00:00,289.73,289.99,289.46,289.69,258705
2025-10-09 19:45:00+00:00,289.7,290.0,289.57,290.0,225223
2025-10-09 20:00:00+00:00,290.0,290.0,289.65,289.88,127352
2025-10-09 20:15:00+00:00,289.84,289.99,289.68,289.92,151662
2025-10-09 20:30:00+00:00,289.91,289.91,289.42,289.58,200055
2025-10-09 20:45:00+00:00,289.5,289.59,288.9,289.37,193097
2025-10-10 03:45:00+00:00,289.9,289.9,289.9,289.9,2150
2025-10-10 04:00:00+00:00,289.8,289.9,288.54,289.12,404098
2025-10-10 04:15:00+00:00,289.12,289.45,289.06,289.3,45880
2025-10-10 04:30:00+00:00,289.31,289.95,289.3,289.94,78777
2025-10-10 04:45:00+00:00,289.94,289.94,289.27,289.27,41080
2025-10-10 05:00:00+00:00,289.38,289.38,288.73,288.9,112913
2025-10-10 05:15:00+00:00,288.9,288.9,288.05,288.08,279450
2025-10-10 05:30:00+00:00,288.1,288.28,286.72,287.09,769938
2025-10-10 05:45:00+00:00,287.09,288.09,286.99,288.0,422971
2025-10-10 06:00:00+00:00,288.0,288.77,287.96,288.68,467539
2025-10-10 06:15:00+00:00,288.62,288.68,287.23,288.1,389903
2025-10-10 06:30:00+00:00,288.1,288.7,288.1,288.27,223952
2025-10-10 06:45:00+00:00,288.26,289.5,288.25,289.28,564858
2025-10-10 07:00:00+00:00,289.28,289.3,288.24,288.62,620329
2025-10-10 07:15:00+00:00,288.62,288.63,287.11,287.3,918750
2025-10-10 07:30:00+00:00,287.3,287.9,287.0,287.35,1009549
2025-10-10 07:45:00+00:00,287.35,287.88,287.35,287.52,430639
2025-10-10 08:00:00+00:00,287.52,287.78,286.94,287.2,877354
2025-10-10 08:15:00+00:00,287.2,288.98,286.56,288.67,1252265
2025-10-10 08:30:00+00:00,288.67,289.57,288.32,289.25,870560
2025-10-10 08:45:00+00:00,289.24,289.45,288.57,289.28,542344
2025-10-10 09:00:00+00:00,289.28,289.4,288.2,288.88,822533
2025-10-10 09:15:00+00:00,288.89,288.94,288.12,288.45,159494
2025-10-10 09:30:00+00:00,288.45,289.2,288.18,288.84,309131
2025-10-10 09:45:00+00:00,288.86,288.97,288.12,288.65,221809
2025-10-10 10:00:00+00:00,288.62,289.1,288.01,288.31,382423
2025-10-10 10:15:00+00:00,288.3,288.86,288.06,288.07,278730
2025-10-10 10:30:00+00:00,288.06,288.29,287.15,287.45,1507350
2025-10-10 10:45:00+00:00,287.47,287.57,286.7,287.48,1304233
2025-10-10 11:00:00+00:00,287.48,288.0,286.73,287.53,654671
2025-10-10 11:15:00+00:00,287.58,287.99,287.37,287.43,146632
2025-10-10 11:30:00+00:00,287.49,287.99,287.13,287.71,323164
2025-10-10 11:45:00+00:00,287.78,287.78,287.1,287.28,298073
2025-10-10 12:00:00+00:00,287.22,287.46,286.33,286.58,912769
2025-10-10 12:15:00+00:00,286.63,287.6,286.15,287.25,1087278
2025-10-10 12:30:00+00:00,287.25,287.98,287.03,287.04,427886
2025-10-10 12:45:00+00:00,287.04,287.19,286.5,286.54,255563
2025-10-10 13:00:00+00:00,286.54,286.8,285.69,286.11,858610
2025-10-10 13:15:00+00:00,286.11,286.6,285.0,285.23,912880
2025-10-10 13:30:00+00:00,285.24,285.4,284.5,284.61,1491233
2025-10-10 13:45:00+00:00,284.63,285.85,284.26,285.38,1204696
2025-10-10 14:00:00+00:00,285.37,285.59,284.71,285.09,931268
2025-10-10 14:15:00+00:00,285.09,285.28,284.32,284.84,660817
2025-10-10 14:30:00+00:00,284.82,285.35,284.53,285.27,577916
2025-10-10 14:45:00+00:00,285.27,287.94,285.15,285.58,2630350
2025-10-10 15:00:00+00:00,285.62,286.29,284.1,285.08,1192944
2025-10-10 15:15:00+00:00,285.12,286.05,285.0,285.75,699650
2025-10-10 15:30:00+00:00,285.71,286.28,285.45,285.81,348126
2025-10-10 15:45:00+00:00,285.75,285.75,285.75,285.75,6549
2025-10-10 16:00:00+00:00,285.81,286.21,285.14,285.5,346040
2025-10-10 16:15:00+00:00,285.51,286.0,285.22,286.0,107161
2025-10-10 16:30:00+00:00,286.0,286.44,285.51,286.25,539761
2025-10-10 16:45:00+00:00,286.25,286.43,286.05,286.2,148774
2025-10-10 17:00:00+00:00,286.2,286.2,285.68,285.69,84522
2025-10-10 17:15:00+00:00,285.69,285.97,285.66,285.83,67569
2025-10-10 17:30:00+00:00,285.83,286.13,285.8,285.93,39840
2025-10-10 17:45:00+00:00,285.95,286.18,285.81,286.16,104518
2025-10-10 18:00:00+00:00,286.16,286.4,286.02,286.4,121682
2025-10-10 18:15:00+00:00,286.4,286.55,286.1,286.46,142735
2025-10-10 18:30:00+00:00,286.46,286.47,286.27,286.45,107423
2025-10-10 18:45:00+00:00,286.45,286.45,285.9,285.99,175030
2025-10-10 19:00:00+00:00,285.98,286.22,285.95,286.02,71056
2025-10-10 19:15:00+00:00,286.02,286.03,285.66,285.75,198764
2025-10-10 19:30:00+00:00,285.73,285.75,285.65,285.67,71960
2025-10-10 19:45:00+00:00,285.67,285.77,285.56,285.57,142878
2025-10-10 20:00:00+00:00,285.57,285.57,285.0,285.01,260350
2025-10-10 20:15:00+00:00,285.02,285.46,285.0,285.1,122597
2025-10-10 20:30:00+00:00,285.11,285.67,284.77,285.29,262616
2025-10-10 20:45:00+00:00,285.29,285.7,284.92,285.12,121443
2025-10-15 03:45:00+00:00,283.93,283.93,283.93,283.93,1500
2025-10-15 04:00:00+00:00,283.93,283.98,283.19,283.44,84113
2025-10-15 04:15:00+00:00,283.55,283.55,282.85,283.3,116170
2025-10-15 04:30:00+00:00,283.3,283.63,283.21,283.41,37351
2025-10-15 04:45:00+00:00,283.42,283.42,283.1,283.38,38676
2025-10-15 05:00:00+00:00,283.38,283.45,283.11,283.11,73456
2025-10-15 05:15:00+00:00,283.13,283.38,283.1,283.35,53292
2025-10-15 05:30:00+00:00,283.35,284.0,283.35,283.94,116928
2025-10-15 05:45:00+00:00,283.98,284.1,283.79,284.02,161252
2025-10-15 06:00:00+00:00,284.02,284.02,283.1,283.35,173911
2025-10-15 06:15:00+00:00,283.36,283.83,283.3,283.61,75928
2025-10-15 06:30:00+00:00,283.61,283.78,283.42,283.46,143822
2025-10-15 06:45:00+00:00,283.46,283.73,282.74,283.52,306025
2025-10-15 07:00:00+00:00,283.52,284.0,282.91,283.69,673073
2025-10-15 07:15:00+00:00,283.69,283.87,282.3,282.66,505837
2025-10-15 07:30:00+00:00,282.66,283.51,282.29,282.75,752860
2025-10-15 07:45:00+00:00,282.75,282.8,282.0,282.38,1256576
2025-10-15 08:00:00+00:00,282.38,283.2,282.33,282.94,720883
2025-10-15 08:15:00+00:00,282.93,283.1,282.36,282.7,636435
2025-10-15 08:30:00+00:00,282.69,282.95,282.34,282.4,422430
2025-10-15 08:45:00+00:00,282.39,282.57,282.16,282.49,447802
2025-10-15 09:00:00+00:00,282.48,282.74,282.37,282.66,340013
2025-10-15 09:15:00+00:00,282.67,282.79,282.54,282.55,316434
2025-10-15 09:30:00+00:00,282.58,283.49,282.44,283.29,892063
2025-10-15 09:45:00+00:00,283.3,283.97,282.93,283.0,989802
2025-10-15 10:00:00+00:00,283.0,285.39,282.99,284.43,1862265
2025-10-15 10:15:00+00:00,284.4,284.68,283.5,283.78,835385
2025-10-15 10:30:00+00:00,283.78,283.95,283.35,283.49,240445
2025-10-15 10:45:00+00:00,283.49,283.6,283.12,283.25,460066
2025-10-15 11:00:00+00:00,283.29,283.45,283.0,283.11,502748
2025-10-15 11:15:00+00:00,283.1,283.5,282.86,283.44,286599
2025-10-15 11:30:00+00:00,283.44,284.1,283.4,283.75,426332
2025-10-15 11:45:00+00:00,283.74,284.43,283.31,283.48,482517
2025-10-15 12:00:00+00:00,283.48,284.52,283.48,284.01,653023
2025-10-15 12:15:00+00:00,284.01,284.2,283.41,283.64,459530
2025-10-15 12:30:00+00:00,283.64,284.09,283.4,283.92,225465
2025-10-15 12:45:00+00:00,283.92,285.12,283.77,285.09,819910
2025-10-15 13:00:00+00:00,285.09,285.23,284.23,284.23,711434
2025-10-15 13:15:00+00:00,284.24,284.76,283.6,283.86,313772
2025-10-15 13:30:00+00:00,283.91,284.42,283.83,283.89,316915
2025-10-15 13:45:00+00:00,283.88,284.0,283.41,283.77,331152
2025-10-15 14:00:00+00:00,283.78,284.42,283.77,284.24,136298
2025-10-15 14:15:00+00:00,284.28,284.42,283.25,283.75,301419
2025-10-15 14:30:00+00:00,283.75,283.79,283.24,283.77,309062
2025-10-15 14:45:00+00:00,283.76,283.79,283.44,283.44,103749
2025-10-15 15:00:00+00:00,283.44,284.19,283.29,283.81,220567
2025-10-15 15:15:00+00:00,283.8,283.9,283.55,283.56,257473
2025-10-15 15:30:00+00:00,283.56,283.62,283.4,283.56,319193
2025-10-15 15:45:00+00:00,283.94,283.94,283.94,283.94,82134
2025-10-15 16:00:00+00:00,283.9,283.9,283.38,283.64,129983
2025-10-15 16:15:00+00:00,283.64,284.18,283.62,284.17,111493
2025-10-15 16:30:00+00:00,284.18,284.18,283.84,283.98,143446
2025-10-15 16:45:00+00:00,283.98,283.98,283.52,283.73,70719
2025-10-15 17:00:00+00:00,283.73,283.75,283.27,283.28,70695
2025-10-15 17:15:00+00:00,283.28,283.31,283.0,283.0,430652
2025-10-15 17:30:00+00:00,283.01,283.48,282.92,283.38,203191
2025-10-15 17:45:00+00:00,283.38,283.38,283.17,283.19,24080
2025-10-15 18:00:00+00:00,283.21,283.49,283.09,283.43,307019
2025-10-15 18:15:00+00:00,283.42,283.59,283.35,283.5,42989
2025-10-15 18:30:00+00:00,283.5,283.98,283.43,283.92,179221
2025-10-15 18:45:00+00:00,283.88,283.98,283.65,283.81,119973
2025-10-15 19:00:00+00:00,283.81,283.97,283.7,283.8,49863
2025-10-15 19:15:00+00:00,283.77,283.98,283.77,283.98,34875
2025-10-15 19:30:00+00:00,283.97,284.28,283.94,284.05,108897
2025-10-15 19:45:00+00:00,284.05,284.05,283.88,283.92,17367
2025-10-15 20:00:00+00:00,283.92,283.92,283.5,283.74,74022
2025-10-15 20:15:00+00:00,283.74,284.15,283.65,283.66,84601
2025-10-15 20:30:00+00:00,283.65,283.81,283.41,283.63,124213
2025-10-15 20:45:00+00:00,283.69,284.0,283.4,283.74,91309
2025-10-16 03:45:00+00:00,283.9,283.9,283.9,283.9,10980
2025-10-16 04:00:00+00:00,283.9,283.99,283.67,283.87,30933
2025-10-16 04:15:00+00:00,283.87,283.9,283.74,283.85,9578
2025-10-16 04:30:00+00:00,283.85,283.87,283.66,283.87,17720
2025-10-16 04:45:00+00:00,283.87,284.3,283.87,283.89,100635
2025-10-16 05:00:00+00:00,283.88,283.96,283.44,283.52,56513
2025-10-16 05:15:00+00:00,283.52,283.81,283.4,283.81,92406
2025-10-16 05:30:00+00:00,283.81,284.24,283.73,283.97,43884
2025-10-16 05:45:00+00:00,283.95,284.12,283.77,283.91,60068
2025-10-16 06:00:00+00:00,283.91,283.91,283.17,283.5,140709
2025-10-16 06:15:00+00:00,283.49,283.61,283.06,283.56,155475
2025-10-16 06:30:00+00:00,283.56,283.62,283.02,283.1,149790
2025-10-16 06:45:00+00:00,283.1,283.3,282.82,283.13,219769
2025-10-16 07:00:00+00:00,283.1,283.48,282.51,282.83,509173
2025-10-16 07:15:00+00:00,282.79,283.02,282.4,283.0,485086
2025-10-16 07:30:00+00:00,283.0,283.34,282.6,282.81,202245
2025-10-16 07:45:00+00:00,282.79,283.69,282.79,283.19,388546
2025-10-16 08:00:00+00:00,283.18,284.13,283.05,283.38,529306
2025-10-16 08:15:00+00:00,283.38,283.63,283.01,283.12,231212
2025-10-16 08:30:00+00:00,283.11,283.11,282.77,283.05,251649
2025-10-16 08:45:00+00:00,283.06,283.5,282.9,283.4,324999
2025-10-16 09:00:00+00:00,283.4,283.7,283.4,283.48,219299
2025-10-16 09:15:00+00:00,283.46,284.5,283.4,284.41,500692
2025-10-16 09:30:00+00:00,284.41,284.72,284.14,284.59,667023
2025-10-16 09:45:00+00:00,284.59,284.78,284.2,284.39,411627
2025-10-16 10:00:00+00:00,284.38,284.6,284.15,284.44,367703
2025-10-16 10:15:00+00:00,284.45,284.72,284.06,284.15,465111
2025-10-16 10:30:00+00:00,284.16,284.45,284.16,284.44,132135
2025-10-16 10:45:00+00:00,284.46,284.54,284.16,284.44,106330
2025-10-16 11:00:00+00:00,284.43,284.97,284.35,284.6,470119
2025-10-16 11:15:00+00:00,284.6,284.8,284.5,284.64,176569
2025-10-16 11:30:00+00:00,284.63,285.49,284.63,284.79,942773
2025-10-16 11:45:00+00:00,284.79,285.19,284.51,284.52,539325
2025-10-16 12:00:00+00:00,284.51,285.0,284.51,284.76,297076
2025-10-16 12:15:00+00:00,284.75,286.0,284.75,285.79,855932
2025-10-16 12:30:00+00:00,285.79,285.97,285.45,285.48,739045
2025-10-16 12:45:00+00:00,285.47,286.44,285.35,286.1,835127
2025-10-16 13:00:00+00:00,286.1,286.48,286.0,286.35,904300
2025-10-16 13:15:00+00:00,286.34,286.6,286.27,286.51,778416
2025-10-16 13:30:00+00:00,286.51,286.54,286.1,286.3,487077
2025-10-16 13:45:00+00:00,286.36,286.58,286.25,286.42,491292
2025-10-16 14:00:00+00:00,286.42,290.0,286.25,289.9,4182798
2025-10-16 14:15:00+00:00,289.89,290.0,288.33,289.66,2599160
2025-10-16 14:30:00+00:00,289.65,291.79,289.65,291.57,3295864
2025-10-16 14:45:00+00:00,291.57,292.38,289.94,290.88,3250058
2025-10-16 15:00:00+00:00,290.9,292.39,290.2,291.66,4325259
2025-10-16 15:15:00+00:00,291.66,292.38,291.46,292.3,2337829
2025-10-16 15:30:00+00:00,292.31,293.71,292.31,293.12,2476432
2025-10-16 15:45:00+00:00,293.27,293.27,293.27,293.27,37014
2025-10-16 16:00:00+00:00,293.2,293.2,292.11,292.26,1178762
2025-10-16 16:15:00+00:00,292.21,292.3,289.66,290.3,1740619
2025-10-16 16:30:00+00:00,290.28,290.29,289.75,289.82,230911
