begin,open,close,high,low,value,volume,end
2025-08-20 06:50:00,698.4,698.4,698.4,698.4,255614.4,366,2025-08-20 06:59:59
2025-08-20 07:00:00,698.6,701.2,702.5,698.6,15823972.3,22568,2025-08-20 07:09:59
2025-08-20 07:10:00,701.2,701.6,701.6,700.3,1779047.0999999999,2538,2025-08-20 07:19:59
2025-08-20 07:20:00,701.6,700.8,701.6,700.3,3994325.5,5701,2025-08-20 07:29:59
2025-08-20 07:30:00,700.9,700.5,700.9,700.5,989894.0,1413,2025-08-20 07:39:59
2025-08-20 07:40:00,700.7,700.3,700.7,700.3,897848.6000000002,1282,2025-08-20 07:49:59
2025-08-20 07:50:00,700.3,700.0,700.3,700.0,1155984.9000000001,1651,2025-08-20 07:59:59
2025-08-20 08:00:00,700.1,700.3,700.3,700.0,623822.5999999999,891,2025-08-20 08:09:59
2025-08-20 08:10:00,700.3,699.7,700.3,699.2,2820194.6999999997,4031,2025-08-20 08:19:59
2025-08-20 08:20:00,699.6,699.3,699.7,699.2,400072.2,572,2025-08-20 08:29:59
2025-08-20 08:30:00,699.2,699.2,699.3,699.0,461458.5,660,2025-08-20 08:39:59
2025-08-20 08:40:00,699.2,699.3,699.3,698.6,3716164.6999999997,5317,2025-08-20 08:49:59
2025-08-20 08:50:00,699.3,699.1,699.3,699.0,1078649.2999999998,1543,2025-08-20 08:59:59
2025-08-20 09:00:00,699.1,698.5,699.1,698.0,10103441.999999996,14469,2025-08-20 09:09:59
2025-08-20 09:10:00,698.9,699.5,699.5,698.8,1152852.9999999998,1649,2025-08-20 09:19:59
2025-08-20 09:20:00,699.5,699.6,699.7,699.4,3937153.0000000005,5627,2025-08-20 09:29:59
2025-08-20 09:30:00,699.7,700.7,700.7,699.5,12087271.1,17272,2025-08-20 09:39:59
2025-08-20 09:40:00,700.6,700.8,700.9,700.1,3000094.7,4282,2025-08-20 09:49:59
2025-08-20 09:50:00,700.8,701.1,701.1,700.7,2652490.4999999995,3784,2025-08-20 09:59:59
2025-08-20 10:00:00,701.0,700.2,701.2,699.9,14973094.899999997,21368,2025-08-20 10:09:59
2025-08-20 10:10:00,700.2,700.5,701.9,699.5,20786027.700000003,29668,2025-08-20 10:19:59
2025-08-20 10:20:00,700.6,699.1,700.7,698.6,14321848.900000002,20473,2025-08-20 10:29:59
2025-08-20 10:30:00,699.0,698.1,699.3,697.4,20942374.100000005,30001,2025-08-20 10:39:59
2025-08-20 10:40:00,698.4,699.3,699.5,698.3,2171474.8000000003,3106,2025-08-20 10:49:59
2025-08-20 10:50:00,699.3,698.9,699.8,698.8,3468917.3000000003,4960,2025-08-20 10:59:59
2025-08-20 11:00:00,698.9,698.4,699.0,697.9,10485876.100000009,15015,2025-08-20 11:09:59
2025-08-20 11:10:00,698.7,700.3,701.3,698.5,18513727.1,26442,2025-08-20 11:19:59
2025-08-20 11:20:00,700.3,700.3,700.6,699.6,2173616.6999999997,3104,2025-08-20 11:29:59
2025-08-20 11:30:00,700.2,700.3,701.0,700.0,6921780.499999998,9882,2025-08-20 11:39:59
2025-08-20 11:40:00,700.3,702.5,702.9,700.2,18822443.9,26826,2025-08-20 11:49:59
2025-08-20 11:50:00,702.5,702.3,702.5,701.1,7147316.0,10184,2025-08-20 11:59:59
2025-08-20 12:00:00,702.3,701.8,703.5,701.4,11408373.299999999,16240,2025-08-20 12:09:59
2025-08-20 12:10:00,701.8,701.5,701.9,701.0,9108279.000000002,12988,2025-08-20 12:19:59
2025-08-20 12:20:00,701.3,701.1,701.4,701.0,2956643.5999999996,4217,2025-08-20 12:29:59
2025-08-20 12:30:00,701.1,700.3,701.1,699.6,18532849.6,26470,2025-08-20 12:39:59
2025-08-20 12:40:00,700.3,699.9,700.9,699.7,6893756.2,9847,2025-08-20 12:49:59
2025-08-20 12:50:00,699.8,699.7,699.9,699.5,792024.5000000001,1132,2025-08-20 12:59:59
2025-08-20 13:00:00,699.7,699.5,700.0,699.2,5698246.0,8141,2025-08-20 13:09:59
2025-08-20 13:10:00,699.5,700.0,700.0,699.4,3225799.1999999997,4610,2025-08-20 13:19:59
2025-08-20 13:20:00,700.0,699.5,700.0,699.4,1015710.7999999999,1452,2025-08-20 13:29:59
2025-08-20 13:30:00,699.5,699.8,700.0,699.4,3389344.3999999994,4843,2025-08-20 13:39:59
2025-08-20 13:40:00,699.8,699.2,700.0,698.7,5662534.199999999,8099,2025-08-20 13:49:59
2025-08-20 13:50:00,699.1,699.0,699.6,698.9,14567345.5,20837,2025-08-20 13:59:59
2025-08-20 14:00:00,698.9,699.5,699.9,698.6,11083153.5,15848,2025-08-20 14:09:59
2025-08-20 14:10:00,699.5,699.9,700.0,699.3,5853318.899999999,8363,2025-08-20 14:19:59
2025-08-20 14:20:00,699.7,698.3,700.0,698.2,13208760.6,18897,2025-08-20 14:29:59
2025-08-20 14:30:00,698.2,699.0,699.0,696.5,41278446.8,59165,2025-08-20 14:39:59
2025-08-20 14:40:00,699.1,699.9,699.9,698.3,10915357.4,15608,2025-08-20 14:49:59
2025-08-20 14:50:00,699.9,698.9,700.0,698.8,20482351.700000003,29275,2025-08-20 14:59:59
2025-08-20 15:00:00,698.9,698.2,699.0,698.1,15457248.799999999,22135,2025-08-20 15:09:59
2025-08-20 15:10:00,698.2,695.5,698.4,693.1,74466521.19999999,107062,2025-08-20 15:19:59
2025-08-20 15:20:00,695.4,696.0,696.5,694.6,38389259.79999999,55189,2025-08-20 15:29:59
2025-08-20 15:30:00,696.0,695.7,696.0,695.6,4676012.6,6719,2025-08-20 15:39:59
2025-08-20 15:40:00,695.7,696.0,696.0,695.7,10210067.9,14670,2025-08-20 15:49:59
2025-08-20 15:50:00,696.0,696.0,696.0,695.7,5348960.5,7686,2025-08-20 15:59:59
2025-08-20 16:00:00,696.0,696.0,696.9,695.8,24310991.8,34922,2025-08-20 16:09:59
2025-08-20 16:10:00,696.0,696.9,697.0,695.9,3844775.6000000006,5521,2025-08-20 16:19:59
2025-08-20 16:20:00,697.0,696.4,697.0,695.6,11969940.400000002,17198,2025-08-20 16:29:59
2025-08-20 16:30:00,696.3,692.8,696.3,692.5,60532077.89999999,87239,2025-08-20 16:39:59
2025-08-20 16:40:00,692.9,694.6,694.9,691.5,60130618.09999998,86787,2025-08-20 16:49:59
2025-08-20 16:50:00,694.6,694.3,694.6,692.6,14805657.399999999,21340,2025-08-20 16:59:59
2025-08-20 17:00:00,694.4,693.0,694.8,693.0,13236820.9,19071,2025-08-20 17:09:59
2025-08-20 17:10:00,693.0,695.9,696.0,693.0,13575350.5,19547,2025-08-20 17:19:59
2025-08-20 17:20:00,695.9,695.3,696.7,695.0,16055828.3,23078,2025-08-20 17:29:59
2025-08-20 17:30:00,695.2,696.0,697.0,695.2,7811949.5,11217,2025-08-20 17:39:59
2025-08-20 17:40:00,696.0,696.3,696.9,695.9,4551814.699999999,6537,2025-08-20 17:49:59
2025-08-20 17:50:00,696.3,696.1,696.5,695.8,4591144.399999999,6597,2025-08-20 17:59:59
2025-08-20 18:00:00,696.1,696.7,696.8,695.8,3979654.399999999,5717,2025-08-20 18:09:59
2025-08-20 18:10:00,696.8,697.6,698.3,696.2,18713003.999999993,26836,2025-08-20 18:19:59
2025-08-20 18:20:00,697.6,697.1,697.7,697.0,3199616.9000000004,4589,2025-08-20 18:29:59
2025-08-20 18:30:00,697.0,696.2,697.1,696.1,8300017.1,11917,2025-08-20 18:39:59
2025-08-20 18:40:00,696.9,696.9,696.9,696.9,8735641.500000002,12535,2025-08-20 18:49:59
2025-08-20 19:00:00,696.9,696.0,696.9,695.4,8575286.4,12317,2025-08-20 19:09:59
2025-08-20 19:10:00,695.8,695.2,696.0,694.5,10261066.5,14763,2025-08-20 19:19:59
2025-08-20 19:20:00,695.2,695.6,695.8,694.9,7008216.399999999,10081,2025-08-20 19:29:59
2025-08-20 19:30:00,695.6,695.3,696.1,695.1,1760611.6,2531,2025-08-20 19:39:59
2025-08-20 19:40:00,695.0,693.2,695.2,692.3,22590675.6,32557,2025-08-20 19:49:59
2025-08-20 19:50:00,693.1,693.6,693.6,692.9,2507625.3,3618,2025-08-20 19:59:59
2025-08-20 20:00:00,693.5,693.3,693.9,692.8,3693300.1000000006,5327,2025-08-20 20:09:59
2025-08-20 20:10:00,693.0,693.6,693.8,692.4,4550026.3,6568,2025-08-20 20:19:59
2025-08-20 20:20:00,693.6,693.3,693.6,693.0,1196688.5000000002,1726,2025-08-20 20:29:59
2025-08-20 20:30:00,693.3,693.7,694.3,693.2,4418550.3,6368,2025-08-20 20:39:59
2025-08-20 20:40:00,693.7,694.4,694.4,693.7,3692103.9000000004,5320,2025-08-20 20:49:59
2025-08-20 20:50:00,694.4,694.4,694.8,694.2,746597.4,1075,2025-08-20 20:59:59
2025-08-20 21:00:00,694.4,694.9,695.2,694.4,3466620.6999999997,4989,2025-08-20 21:09:59
2025-08-20 21:10:00,694.9,696.0,696.2,694.8,3042279.4999999995,4374,2025-08-20 21:19:59
2025-08-20 21:20:00,695.9,695.5,696.3,695.4,1925321.9000000004,2767,2025-08-20 21:29:59
2025-08-20 21:30:00,695.5,694.8,695.5,694.7,1664555.9999999998,2395,2025-08-20 21:39:59
2025-08-20 21:40:00,694.8,695.7,695.7,694.7,1662204.6000000003,2392,2025-08-20 21:49:59
2025-08-20 21:50:00,695.4,695.6,695.7,694.9,4321884.799999999,6216,2025-08-20 21:59:59
2025-08-20 22:00:00,695.2,695.0,695.2,694.9,1018996.3,1466,2025-08-20 22:09:59
2025-08-20 22:10:00,694.9,695.0,695.0,694.7,3902247.7,5615,2025-08-20 22:19:59
2025-08-20 22:20:00,695.0,695.0,695.0,694.8,3429644.2,4935,2025-08-20 22:29:59
2025-08-20 22:30:00,695.0,694.9,695.0,694.8,725433.9,1044,2025-08-20 22:39:59
2025-08-20 22:40:00,694.8,694.7,694.9,694.7,617650.3,889,2025-08-20 22:49:59
2025-08-20 22:50:00,694.8,694.9,695.0,694.7,2751936.4,3960,2025-08-20 22:59:59
2025-08-20 23:00:00,694.7,694.8,694.9,694.7,177178.9,255,2025-08-20 23:09:59
2025-08-20 23:10:00,694.9,694.5,694.9,694.3,1089939.5999999999,1569,2025-08-20 23:19:59
2025-08-20 23:20:00,694.3,694.3,694.6,694.1,2636259.3,3797,2025-08-20 23:29:59
2025-08-20 23:30:00,694.3,694.6,694.6,694.2,940031.4,1354,2025-08-20 23:39:59
2025-08-20 23:40:00,694.6,694.3,694.6,693.0,10037182.000000002,14472,2025-08-20 23:49:59
2025-08-21 06:50:00,694.1,694.1,694.1,694.1,365096.60000000003,526,2025-08-21 06:59:59
2025-08-21 07:00:00,694.3,694.5,695.0,694.1,3009620.3,4333,2025-08-21 07:09:59
2025-08-21 07:10:00,694.5,694.2,694.8,694.1,696457.8999999999,1003,2025-08-21 07:19:59
2025-08-21 07:20:00,694.2,694.2,694.2,693.7,657316.6000000001,947,2025-08-21 07:29:59
2025-08-21 07:30:00,694.2,694.2,694.2,694.0,252677.69999999998,364,2025-08-21 07:39:59
2025-08-21 07:40:00,694.1,694.2,694.2,694.0,358854.5,517,2025-08-21 07:49:59
2025-08-21 07:50:00,694.2,694.7,694.8,694.2,685985.3,988,2025-08-21 07:59:59
2025-08-21 08:00:00,694.7,694.1,694.7,694.0,3150474.3000000003,4538,2025-08-21 08:09:59
2025-08-21 08:10:00,694.0,692.9,694.0,692.9,2296257.0,3312,2025-08-21 08:19:59
2025-08-21 08:20:00,692.8,693.3,693.3,692.8,545560.9999999999,787,2025-08-21 08:29:59
2025-08-21 08:30:00,693.3,694.1,694.1,693.2,1409758.5999999999,2033,2025-08-21 08:39:59
2025-08-21 08:40:00,694.1,693.4,694.1,693.4,717884.3,1035,2025-08-21 08:49:59
2025-08-21 08:50:00,693.5,693.1,693.7,693.1,575499.9,830,2025-08-21 08:59:59
2025-08-21 09:00:00,693.2,693.8,694.3,693.2,819486.8999999999,1181,2025-08-21 09:09:59
2025-08-21 09:10:00,693.9,693.1,693.9,692.7,6722333.200000001,9699,2025-08-21 09:19:59
2025-08-21 09:20:00,693.2,693.3,693.5,692.8,2465673.8999999994,3558,2025-08-21 09:29:59
2025-08-21 09:30:00,693.3,693.8,693.8,693.1,1691722.5999999999,2440,2025-08-21 09:39:59
2025-08-21 09:40:00,693.8,692.7,693.8,692.7,7356648.600000001,10613,2025-08-21 09:49:59
2025-08-21 09:50:00,692.7,691.7,692.7,691.6,7364938.200000001,10641,2025-08-21 09:59:59
2025-08-21 10:00:00,691.6,693.0,693.0,690.4,13792648.100000001,19938,2025-08-21 10:09:59
2025-08-21 10:10:00,692.9,691.8,692.9,691.2,6063356.4,8762,2025-08-21 10:19:59
2025-08-21 10:20:00,691.8,691.5,692.0,690.1,22053563.39999998,31913,2025-08-21 10:29:59
2025-08-21 10:30:00,691.5,691.8,692.1,690.7,6256059.6000000015,9050,2025-08-21 10:39:59
2025-08-21 10:40:00,691.7,691.6,691.9,690.5,12180811.499999998,17627,2025-08-21 10:49:59
2025-08-21 10:50:00,691.6,690.5,691.6,690.0,15197817.299999997,22008,2025-08-21 10:59:59
2025-08-21 11:00:00,690.5,689.6,690.5,689.1,14168354.700000001,20542,2025-08-21 11:09:59
2025-08-21 11:10:00,689.6,690.2,690.2,689.1,11217804.999999998,16261,2025-08-21 11:19:59
2025-08-21 11:20:00,690.2,691.4,691.5,690.1,6554504.000000001,9488,2025-08-21 11:29:59
2025-08-21 11:30:00,691.2,691.9,691.9,690.3,9003131.399999999,13024,2025-08-21 11:39:59
2025-08-21 11:40:00,691.9,692.0,692.4,691.2,14678225.600000001,21214,2025-08-21 11:49:59
2025-08-21 11:50:00,691.7,691.5,691.9,691.3,2578454.9000000004,3729,2025-08-21 11:59:59
2025-08-21 12:00:00,691.4,690.8,691.4,690.3,24362354.3,35263,2025-08-21 12:09:59
2025-08-21 12:10:00,690.8,691.5,691.5,690.4,39358399.2999998,56946,2025-08-21 12:19:59
2025-08-21 12:20:00,691.5,690.8,691.5,690.7,12107845.899999999,17514,2025-08-21 12:29:59
2025-08-21 12:30:00,690.8,691.5,691.5,690.4,4693073.399999999,6792,2025-08-21 12:39:59
2025-08-21 12:40:00,691.5,692.4,692.7,691.0,20395806.500000004,29487,2025-08-21 12:49:59
2025-08-21 12:50:00,692.3,694.7,695.4,692.1,28065587.89999999,40428,2025-08-21 12:59:59
2025-08-21 13:00:00,694.6,693.2,695.2,692.9,22391643.5,32247,2025-08-21 13:09:59
2025-08-21 13:10:00,692.9,692.0,693.3,691.9,10631028.5,15353,2025-08-21 13:19:59
2025-08-21 13:20:00,692.0,693.2,693.2,690.6,24166026.1,34930,2025-08-21 13:29:59
2025-08-21 13:30:00,693.2,692.6,693.6,691.9,3457082.0999999996,4988,2025-08-21 13:39:59
2025-08-21 13:40:00,692.6,692.1,693.0,691.4,10960043.599999998,15837,2025-08-21 13:49:59
2025-08-21 13:50:00,691.9,691.3,692.0,690.2,14057154.899999999,20347,2025-08-21 13:59:59
2025-08-21 14:00:00,691.1,693.4,695.0,690.0,37664927.800000004,54355,2025-08-21 14:09:59
2025-08-21 14:10:00,693.4,696.4,697.4,693.3,58757759.99999998,84419,2025-08-21 14:19:59
2025-08-21 14:20:00,696.5,696.3,697.5,696.0,17713719.2,25424,2025-08-21 14:29:59
2025-08-21 14:30:00,696.1,696.5,697.6,696.0,14249321.7,20461,2025-08-21 14:39:59
2025-08-21 14:40:00,696.4,695.9,696.4,694.7,18399074.699999996,26439,2025-08-21 14:49:59
2025-08-21 14:50:00,695.9,697.0,697.4,695.7,4681957.2,6722,2025-08-21 14:59:59
2025-08-21 15:00:00,697.0,696.4,698.0,696.2,8956569.8,12849,2025-08-21 15:09:59
2025-08-21 15:10:00,696.6,692.3,696.6,692.1,66542439.400000006,95827,2025-08-21 15:19:59
2025-08-21 15:20:00,692.4,693.2,693.5,690.7,61261147.60000001,88549,2025-08-21 15:29:59
2025-08-21 15:30:00,692.8,691.8,693.3,691.6,18513371.999999996,26748,2025-08-21 15:39:59
2025-08-21 15:40:00,691.8,690.7,692.6,690.0,21159943.0,30622,2025-08-21 15:49:59
2025-08-21 15:50:00,690.7,690.2,691.6,689.8,19867899.200000003,28768,2025-08-21 15:59:59
2025-08-21 16:00:00,690.2,689.6,690.3,688.4,27024286.400000002,39204,2025-08-21 16:09:59
2025-08-21 16:10:00,689.5,688.3,689.5,688.1,17578884.5,25520,2025-08-21 16:19:59
2025-08-21 16:20:00,688.3,687.9,689.8,687.6,31165919.799999993,45259,2025-08-21 16:29:59
2025-08-21 16:30:00,687.8,686.3,688.3,686.1,27959797.2,40690,2025-08-21 16:39:59
2025-08-21 16:40:00,686.1,685.4,686.6,684.6,50788946.4,74090,2025-08-21 16:49:59
2025-08-21 16:50:00,685.4,684.4,686.0,684.1,31801423.89999999,46431,2025-08-21 16:59:59
2025-08-21 17:00:00,684.3,684.8,685.2,684.1,26276533.599999998,38387,2025-08-21 17:09:59
2025-08-21 17:10:00,684.8,685.5,685.8,684.0,32093779.100000005,46881,2025-08-21 17:19:59
2025-08-21 17:20:00,685.5,684.3,686.0,684.1,22593948.900000002,32967,2025-08-21 17:29:59
2025-08-21 17:30:00,684.3,684.2,684.7,683.9,25364015.6,37072,2025-08-21 17:39:59
2025-08-21 17:40:00,684.0,683.0,684.0,681.3,35847011.2,52515,2025-08-21 17:49:59
2025-08-21 17:50:00,682.9,682.4,683.4,681.5,28084296.000000004,41148,2025-08-21 17:59:59
2025-08-21 18:00:00,682.3,679.4,682.3,679.4,33315820.1,48939,2025-08-21 18:09:59
2025-08-21 18:10:00,679.5,680.5,680.5,678.9,29597639.8,43540,2025-08-21 18:19:59
2025-08-21 18:20:00,679.8,682.0,682.5,679.5,20733337.499999996,30419,2025-08-21 18:29:59
2025-08-21 18:30:00,682.0,681.4,682.0,680.5,20114093.599999998,29525,2025-08-21 18:39:59
2025-08-21 18:40:00,681.7,681.7,681.7,681.7,5846940.900000001,8577,2025-08-21 18:49:59
2025-08-21 19:00:00,681.7,681.1,682.2,681.0,6924597.300000001,10157,2025-08-21 19:09:59
2025-08-21 19:10:00,681.1,680.2,682.0,680.1,14953999.500000002,21961,2025-08-21 19:19:59
2025-08-21 19:20:00,680.2,680.7,681.4,680.1,14401940.9,21160,2025-08-21 19:29:59
2025-08-21 19:30:00,680.9,680.6,681.5,680.1,8935430.100000001,13126,2025-08-21 19:39:59
2025-08-21 19:40:00,680.6,680.1,680.6,680.1,2858454.9,4202,2025-08-21 19:49:59
2025-08-21 19:50:00,680.1,679.6,680.6,678.9,14662089.599999988,21569,2025-08-21 19:59:59
2025-08-21 20:00:00,679.7,679.1,680.9,679.0,10128389.0,14903,2025-08-21 20:09:59
2025-08-21 20:10:00,679.5,681.0,681.0,679.1,709884.8999999999,1044,2025-08-21 20:19:59
2025-08-21 20:20:00,681.0,680.3,681.0,680.1,2083212.2,3061,2025-08-21 20:29:59
2025-08-21 20:30:00,680.5,681.0,681.6,680.3,5397099.6,7922,2025-08-21 20:39:59
2025-08-21 20:40:00,681.0,681.6,681.6,680.7,1767443.7999999998,2595,2025-08-21 20:49:59
2025-08-21 20:50:00,681.6,681.7,682.0,680.9,2249212.0999999996,3301,2025-08-21 20:59:59
2025-08-21 21:00:00,681.6,680.1,681.7,680.0,5011234.6,7363,2025-08-21 21:09:59
2025-08-21 21:10:00,680.3,680.6,680.6,680.0,620528.6,912,2025-08-21 21:19:59
2025-08-21 21:20:00,680.5,680.6,680.7,680.2,619885.2,911,2025-08-21 21:29:59
2025-08-21 21:30:00,680.6,679.9,680.6,679.9,1415323.0999999999,2081,2025-08-21 21:39:59
2025-08-21 21:40:00,680.0,680.4,680.5,679.9,2305303.3,3390,2025-08-21 21:49:59
2025-08-21 21:50:00,680.4,679.6,680.5,679.1,8199790.600000001,12067,2025-08-21 21:59:59
2025-08-21 22:00:00,679.6,679.8,679.8,679.0,3339719.8000000007,4917,2025-08-21 22:09:59
2025-08-21 22:10:00,679.8,679.8,679.8,679.7,547906.0,806,2025-08-21 22:19:59
2025-08-21 22:20:00,679.8,679.4,679.9,679.2,5420346.700000001,7975,2025-08-21 22:29:59
2025-08-21 22:30:00,679.5,679.2,680.1,679.2,16343460.399999999,24044,2025-08-21 22:39:59
2025-08-21 22:40:00,679.3,678.6,679.5,678.6,5322090.199999999,7837,2025-08-21 22:49:59
2025-08-21 22:50:00,678.7,678.3,678.7,677.8,9019845.1,13301,2025-08-21 22:59:59
2025-08-21 23:00:00,678.4,679.5,679.8,678.3,6244888.799999999,9193,2025-08-21 23:09:59
2025-08-21 23:10:00,679.8,680.0,680.2,679.7,2424795.0,3566,2025-08-21 23:19:59
2025-08-21 23:20:00,680.0,680.2,680.2,680.0,810004.4000000003,1191,2025-08-21 23:29:59
2025-08-21 23:30:00,680.3,681.0,681.4,680.3,4017717.6999999997,5900,2025-08-21 23:39:59
2025-08-21 23:40:00,681.4,681.2,681.7,681.0,1733646.7,2544,2025-08-21 23:49:59
2025-08-22 06:50:00,683.0,683.0,683.0,683.0,223341.0,327,2025-08-22 06:59:59
2025-08-22 07:00:00,682.9,681.6,682.9,680.8,5184611.9,7609,2025-08-22 07:09:59
2025-08-22 07:10:00,681.6,681.1,681.6,680.9,726173.1999999998,1066,2025-08-22 07:19:59
2025-08-22 07:20:00,681.2,680.0,681.2,678.8,14072870.500000002,20700,2025-08-22 07:29:59
2025-08-22 07:30:00,680.0,678.9,680.0,678.9,826716.7,1217,2025-08-22 07:39:59
2025-08-22 07:40:00,678.9,678.0,678.9,677.7,6907518.199999999,10185,2025-08-22 07:49:59
2025-08-22 07:50:00,677.8,677.8,678.0,677.5,894457.3,1320,2025-08-22 07:59:59
2025-08-22 08:00:00,677.8,677.6,677.9,677.5,731175.5999999999,1079,2025-08-22 08:09:59
2025-08-22 08:10:00,677.6,678.7,678.7,677.5,4559190.499999999,6725,2025-08-22 08:19:59
2025-08-22 08:20:00,678.6,678.8,678.8,678.6,258590.99999999997,381,2025-08-22 08:29:59
2025-08-22 08:30:00,678.7,680.0,680.0,678.7,4827907.3,7107,2025-08-22 08:39:59
2025-08-22 08:40:00,680.0,680.4,680.4,679.9,1770149.7000000002,2603,2025-08-22 08:49:59
2025-08-22 08:50:00,680.5,680.7,680.7,680.3,719987.7000000001,1058,2025-08-22 08:59:59
2025-08-22 09:00:00,680.7,682.1,682.6,680.6,8258460.699999999,12120,2025-08-22 09:09:59
2025-08-22 09:10:00,682.1,681.9,682.1,681.5,1415938.7,2077,2025-08-22 09:19:59
2025-08-22 09:20:00,681.9,683.3,683.8,681.9,16852315.000000004,24670,2025-08-22 09:29:59
2025-08-22 09:30:00,683.4,682.0,683.4,681.7,6953843.699999999,10191,2025-08-22 09:39:59
2025-08-22 09:40:00,682.0,681.5,682.0,680.7,4444191.7,6522,2025-08-22 09:49:59
2025-08-22 09:50:00,681.5,682.0,683.2,680.7,39337895.900000006,57687,2025-08-22 09:59:59
2025-08-22 10:00:00,682.1,683.3,683.6,680.7,113665242.10000004,166630,2025-08-22 10:09:59
2025-08-22 10:10:00,683.3,683.0,684.9,682.2,35806001.1,52375,2025-08-22 10:19:59
2025-08-22 10:20:00,683.1,683.4,683.5,682.4,8699878.399999999,12736,2025-08-22 10:29:59
2025-08-22 10:30:00,683.4,682.5,683.5,682.1,5184482.6,7593,2025-08-22 10:39:59
2025-08-22 10:40:00,682.6,683.5,683.5,682.1,13810570.1,20228,2025-08-22 10:49:59
2025-08-22 10:50:00,683.5,682.0,683.5,681.8,22715970.50000001,33289,2025-08-22 10:59:59
2025-08-22 11:00:00,681.9,681.8,682.0,681.3,22709187.4,33317,2025-08-22 11:09:59
2025-08-22 11:10:00,681.8,681.4,681.8,681.2,10299829.700000001,15111,2025-08-22 11:19:59
2025-08-22 11:20:00,681.3,679.9,681.8,679.8,24246841.600000005,35602,2025-08-22 11:29:59
2025-08-22 11:30:00,679.9,679.3,680.5,679.3,20128695.499999996,29606,2025-08-22 11:39:59
2025-08-22 11:40:00,679.3,679.0,679.8,678.5,17101780.6,25184,2025-08-22 11:49:59
2025-08-22 11:50:00,678.9,677.2,679.0,676.1,53168257.199999996,78486,2025-08-22 11:59:59
2025-08-22 12:00:00,677.1,677.1,677.6,676.2,21696932.2,32056,2025-08-22 12:09:59
2025-08-22 12:10:00,677.1,677.6,678.0,675.5,31877744.800000004,47085,2025-08-22 12:19:59
2025-08-22 12:20:00,677.6,677.8,678.7,677.6,21329045.199999996,31462,2025-08-22 12:29:59
2025-08-22 12:30:00,678.2,677.9,678.2,677.7,19705803.599999998,29074,2025-08-22 12:39:59
2025-08-22 12:40:00,678.0,677.8,678.0,677.8,26301668.5,38798,2025-08-22 12:49:59
2025-08-22 12:50:00,677.8,677.8,678.0,677.8,8637947.8,12741,2025-08-22 12:59:59
2025-08-22 13:00:00,677.8,677.1,677.8,676.5,6663597.2,9841,2025-08-22 13:09:59
2025-08-22 13:10:00,677.1,675.8,677.4,675.6,26376617.299999997,38996,2025-08-22 13:19:59
2025-08-22 13:20:00,675.7,676.8,677.3,673.9,56009844.5,82972,2025-08-22 13:29:59
2025-08-22 13:30:00,676.9,676.3,677.7,676.1,24369225.8,35998,2025-08-22 13:39:59
2025-08-22 13:40:00,676.3,675.2,676.3,674.5,20309677.999999996,30069,2025-08-22 13:49:59
2025-08-22 13:50:00,675.2,675.4,675.5,674.0,23478006.499999996,34793,2025-08-22 13:59:59
2025-08-22 14:00:00,675.4,674.7,675.6,672.9,53369658.80000002,79198,2025-08-22 14:09:59
2025-08-22 14:10:00,674.7,673.4,674.7,672.2,39016738.39999999,57959,2025-08-22 14:19:59
2025-08-22 14:20:00,673.3,670.5,673.7,670.4,72748611.30000003,108211,2025-08-22 14:29:59
2025-08-22 14:30:00,670.5,674.3,674.4,670.2,127455458.4,189599,2025-08-22 14:39:59
2025-08-22 14:40:00,674.4,671.5,675.0,671.3,57406881.1,85310,2025-08-22 14:49:59
2025-08-22 14:50:00,671.5,669.9,671.9,669.5,41631196.49999999,62103,2025-08-22 14:59:59
2025-08-22 15:00:00,670.0,670.2,670.7,669.0,26297043.599999998,39260,2025-08-22 15:09:59
2025-08-22 15:10:00,670.4,669.7,670.4,668.5,18469060.599999998,27596,2025-08-22 15:19:59
2025-08-22 15:20:00,669.7,668.7,670.0,668.5,8815794.5,13175,2025-08-22 15:29:59
2025-08-22 15:30:00,669.0,669.9,670.0,668.7,22575853.19999999,33720,2025-08-22 15:39:59
2025-08-22 15:40:00,669.8,669.5,670.3,669.5,25006307.700000003,37337,2025-08-22 15:49:59
2025-08-22 15:50:00,669.6,667.3,669.7,667.2,40285286.5,60221,2025-08-22 15:59:59
2025-08-22 16:00:00,667.3,667.9,668.2,667.2,14939778.100000005,22378,2025-08-22 16:09:59
2025-08-22 16:10:00,667.9,668.0,668.5,667.0,19236428.4,28815,2025-08-22 16:19:59
2025-08-22 16:20:00,668.0,667.5,668.5,667.1,12256980.599999998,18356,2025-08-22 16:29:59
2025-08-22 16:30:00,667.4,670.2,670.5,667.1,18457725.9,27594,2025-08-22 16:39:59
2025-08-22 16:40:00,670.1,670.0,671.0,669.5,22570489.3,33680,2025-08-22 16:49:59
2025-08-22 16:50:00,670.0,669.8,670.5,669.6,62584492.50000001,93412,2025-08-22 16:59:59
2025-08-22 17:00:00,669.8,669.9,670.6,669.7,29136170.599999994,43483,2025-08-22 17:09:59
2025-08-22 17:10:00,670.0,669.8,671.9,669.7,61756336.10000001,92061,2025-08-22 17:19:59
2025-08-22 17:20:00,669.8,669.9,670.5,669.2,21171979.9,31608,2025-08-22 17:29:59
2025-08-22 17:30:00,669.9,669.7,670.2,669.6,6465355.200000001,9650,2025-08-22 17:39:59
2025-08-22 17:40:00,669.7,670.2,670.6,669.5,12590133.599999998,18789,2025-08-22 17:49:59
2025-08-22 17:50:00,670.1,670.0,670.2,669.5,15673307.399999999,23399,2025-08-22 17:59:59
2025-08-22 18:00:00,670.1,669.9,671.0,669.5,108667149.8,162149,2025-08-22 18:09:59
2025-08-22 18:10:00,669.9,670.2,670.2,669.5,11713430.299999999,17483,2025-08-22 18:19:59
2025-08-22 18:20:00,670.1,670.0,670.2,669.7,32997643.0,49249,2025-08-22 18:29:59
2025-08-22 18:30:00,670.0,673.0,673.0,670.0,34711403.699999996,51637,2025-08-22 18:39:59
2025-08-22 18:40:00,672.0,672.0,672.0,672.0,1989120.0,2960,2025-08-22 18:49:59
2025-08-22 19:00:00,672.0,673.5,673.8,671.6,11842327.0,17598,2025-08-22 19:09:59
2025-08-22 19:10:00,673.4,675.8,675.8,673.4,27378899.60000001,40569,2025-08-22 19:19:59
2025-08-22 19:20:00,675.8,674.4,676.6,673.8,20701433.899999995,30627,2025-08-22 19:29:59
2025-08-22 19:30:00,674.1,674.2,674.6,674.1,468741.1,695,2025-08-22 19:39:59
2025-08-22 19:40:00,674.2,674.7,675.7,673.8,9201401.599999998,13642,2025-08-22 19:49:59
2025-08-22 19:50:00,674.6,674.8,674.9,674.0,7946712.1,11785,2025-08-22 19:59:59
2025-08-22 20:00:00,674.8,675.7,675.7,674.5,1278405.9000000001,1894,2025-08-22 20:09:59
2025-08-22 20:10:00,675.7,675.0,676.0,674.8,5528828.9,8185,2025-08-22 20:19:59
2025-08-22 20:20:00,675.0,675.8,675.8,674.4,6438852.200000001,9534,2025-08-22 20:29:59
2025-08-22 20:30:00,675.8,673.5,677.3,673.0,22137482.8,32796,2025-08-22 20:39:59
2025-08-22 20:40:00,673.5,673.3,673.5,672.1,4970540.300000002,7390,2025-08-22 20:49:59
2025-08-22 20:50:00,673.3,672.9,673.9,672.8,1435822.3000000003,2132,2025-08-22 20:59:59
2025-08-22 21:00:00,672.8,673.3,673.4,672.1,1606431.7000000002,2388,2025-08-22 21:09:59
2025-08-22 21:10:00,673.4,673.2,673.7,672.9,2252862.3000000003,3345,2025-08-22 21:19:59
2025-08-22 21:20:00,673.3,672.8,673.6,672.5,5868040.8,8717,2025-08-22 21:29:59
2025-08-22 21:30:00,672.8,673.0,673.0,672.8,595526.1000000001,885,2025-08-22 21:39:59
2025-08-22 21:40:00,673.0,673.1,673.1,672.6,621793.9,924,2025-08-22 21:49:59
2025-08-22 21:50:00,673.1,672.4,673.1,672.4,4638407.8,6895,2025-08-22 21:59:59
2025-08-22 22:00:00,672.5,671.7,672.5,671.5,3996085.4000000004,5948,2025-08-22 22:09:59
2025-08-22 22:10:00,671.6,671.9,672.3,671.3,5401391.9,8040,2025-08-22 22:19:59
2025-08-22 22:20:00,672.0,672.3,672.5,671.6,1788956.5999999999,2662,2025-08-22 22:29:59
2025-08-22 22:30:00,672.3,673.9,674.0,672.3,2846585.3,4228,2025-08-22 22:39:59
2025-08-22 22:40:00,673.9,673.6,674.4,673.5,1519018.8999999997,2253,2025-08-22 22:49:59
2025-08-22 22:50:00,673.8,674.4,674.7,673.7,10806015.200000001,16024,2025-08-22 22:59:59
2025-08-22 23:00:00,674.5,674.7,675.0,674.5,1013465.9000000001,1502,2025-08-22 23:09:59
2025-08-22 23:10:00,675.0,675.4,675.4,674.8,2204038.4000000004,3265,2025-08-22 23:19:59
2025-08-22 23:20:00,675.2,675.2,675.2,675.0,1060667.8000000003,1571,2025-08-22 23:29:59
2025-08-22 23:30:00,675.1,675.0,675.6,674.8,2791389.6999999997,4134,2025-08-22 23:39:59
2025-08-22 23:40:00,675.0,675.0,675.1,674.6,2438339.8,3613,2025-08-22 23:49:59
2025-08-23 09:50:00,676.3,676.3,676.3,676.3,88595.3,131,2025-08-23 09:59:59
2025-08-23 10:00:00,676.3,675.3,676.5,674.8,2895521.5000000005,4285,2025-08-23 10:09:59
2025-08-23 10:10:00,676.2,676.0,676.3,675.1,314283.0,465,2025-08-23 10:19:59
2025-08-23 10:20:00,676.0,676.3,676.3,675.4,1045719.4,1547,2025-08-23 10:29:59
2025-08-23 10:30:00,676.3,676.1,676.5,676.1,679538.3,1005,2025-08-23 10:39:59
2025-08-23 10:40:00,676.1,676.3,676.4,676.1,1193565.0000000002,1765,2025-08-23 10:49:59
2025-08-23 10:50:00,676.2,676.4,676.4,676.1,247538.4,366,2025-08-23 10:59:59
2025-08-23 11:00:00,676.4,676.4,676.5,676.1,340896.2,504,2025-08-23 11:09:59
2025-08-23 11:10:00,676.4,676.3,676.5,676.0,651784.1,964,2025-08-23 11:19:59
2025-08-23 11:20:00,676.3,676.1,676.4,676.0,1487366.2000000002,2200,2025-08-23 11:29:59
2025-08-23 11:30:00,676.0,675.6,676.2,675.5,551517.9,816,2025-08-23 11:39:59
2025-08-23 11:40:00,675.5,675.5,675.6,675.5,315461.1,467,2025-08-23 11:49:59
2025-08-23 11:50:00,675.5,675.4,676.2,675.4,740692.5000000001,1096,2025-08-23 11:59:59
2025-08-23 12:00:00,675.7,675.7,676.2,675.0,3831083.8000000007,5670,2025-08-23 12:09:59
2025-08-23 12:10:00,676.1,676.1,676.1,675.7,105459.4,156,2025-08-23 12:19:59
2025-08-23 12:20:00,676.1,675.9,676.1,675.4,270994.8,401,2025-08-23 12:29:59
2025-08-23 12:30:00,675.9,675.9,675.9,675.6,201412.59999999998,298,2025-08-23 12:39:59
2025-08-23 12:40:00,675.9,675.8,675.9,675.5,253396.5,375,2025-08-23 12:49:59
2025-08-23 12:50:00,675.8,675.7,675.8,675.5,51350.8,76,2025-08-23 12:59:59
2025-08-23 13:00:00,675.7,675.6,675.7,675.6,245261.90000000002,363,2025-08-23 13:09:59
2025-08-23 13:10:00,675.7,675.1,675.7,675.1,1118605.1,1656,2025-08-23 13:19:59
2025-08-23 13:20:00,675.3,675.7,675.7,675.0,1230674.5,1823,2025-08-23 13:29:59
2025-08-23 13:30:00,675.3,675.7,675.8,675.2,42569.8,63,2025-08-23 13:39:59
2025-08-23 13:40:00,675.8,675.8,675.9,675.4,20949.9,31,2025-08-23 13:49:59
2025-08-23 13:50:00,675.7,675.9,675.9,675.2,339210.49999999994,502,2025-08-23 13:59:59
2025-08-23 14:00:00,675.9,676.0,676.2,675.9,198737.7,294,2025-08-23 14:09:59
2025-08-23 14:10:00,676.2,676.4,676.4,676.0,106848.7,158,2025-08-23 14:19:59
2025-08-23 14:20:00,676.4,676.0,676.4,676.0,27054.4,40,2025-08-23 14:29:59
2025-08-23 14:30:00,676.4,676.0,676.4,676.0,133921.59999999998,198,2025-08-23 14:39:59
2025-08-23 14:40:00,676.0,676.0,676.0,675.9,71655.8,106,2025-08-23 14:49:59
2025-08-23 14:50:00,676.0,675.9,676.0,675.9,34475.6,51,2025-08-23 14:59:59
2025-08-23 15:00:00,676.0,676.3,676.5,675.9,334801.5,495,2025-08-23 15:09:59
2025-08-23 15:10:00,676.3,676.3,676.5,676.3,40584.899999999994,60,2025-08-23 15:19:59
2025-08-23 15:20:00,676.5,676.3,676.5,676.3,86571.40000000002,128,2025-08-23 15:29:59
2025-08-23 15:30:00,676.3,676.3,676.3,676.2,119027.40000000001,176,2025-08-23 15:39:59
2025-08-23 15:40:00,676.5,676.5,676.5,676.3,8794.3,13,2025-08-23 15:49:59
2025-08-23 15:50:00,676.5,676.5,676.5,676.4,62237.9,92,2025-08-23 15:59:59
2025-08-23 16:00:00,676.5,676.5,676.5,676.4,156259.3,231,2025-08-23 16:09:59
2025-08-23 16:10:00,676.5,676.5,676.5,676.4,260431.0,385,2025-08-23 16:19:59
2025-08-23 16:20:00,676.4,676.4,676.5,676.4,114327.6,169,2025-08-23 16:29:59
2025-08-23 16:30:00,676.5,676.4,676.5,676.4,25705.600000000002,38,2025-08-23 16:39:59
2025-08-23 16:40:00,676.5,676.8,676.8,676.4,216497.3,320,2025-08-23 16:49:59
2025-08-23 16:50:00,676.7,676.7,676.9,676.5,220603.7,326,2025-08-23 16:59:59
2025-08-23 17:00:00,676.7,676.8,676.8,676.7,89333.90000000001,132,2025-08-23 17:09:59
2025-08-23 17:10:00,676.8,676.9,676.9,676.7,130608.30000000002,193,2025-08-23 17:19:59
2025-08-23 17:20:00,676.7,677.2,677.2,676.7,305293.49999999994,451,2025-08-23 17:29:59
2025-08-23 17:30:00,676.8,677.1,677.1,676.3,884308.3999999999,1307,2025-08-23 17:39:59
2025-08-23 17:40:00,676.5,677.1,677.3,676.4,448784.60000000003,663,2025-08-23 17:49:59
2025-08-23 17:50:00,677.0,677.0,677.2,676.9,83958.8,124,2025-08-23 17:59:59
2025-08-23 18:00:00,677.2,677.8,678.3,677.0,3766026.0,5555,2025-08-23 18:09:59
2025-08-23 18:10:00,677.9,678.2,678.3,677.9,488869.4,721,2025-08-23 18:19:59
2025-08-23 18:20:00,678.2,678.0,678.2,677.7,2068473.1,3052,2025-08-23 18:29:59
2025-08-23 18:30:00,678.0,677.9,678.0,677.8,604645.0,892,2025-08-23 18:39:59
2025-08-23 18:40:00,677.8,677.7,678.0,677.7,473859.7,699,2025-08-23 18:49:59
2025-08-23 18:50:00,677.7,677.8,678.0,677.7,237215.9,350,2025-08-23 18:59:59
2025-08-24 09:50:00,677.8,677.8,677.8,677.8,41345.8,61,2025-08-24 09:59:59
2025-08-24 10:00:00,677.9,677.4,678.0,677.0,1308391.7,1931,2025-08-24 10:09:59
2025-08-24 10:10:00,677.0,677.1,677.2,676.9,769070.8,1136,2025-08-24 10:19:59
2025-08-24 10:20:00,677.1,676.7,677.3,676.2,1727110.1999999997,2551,2025-08-24 10:29:59
2025-08-24 10:30:00,676.7,674.1,676.7,673.8,5310622.6,7870,2025-08-24 10:39:59
2025-08-24 10:40:00,674.3,673.6,674.3,673.3,3533622.1,5243,2025-08-24 10:49:59
2025-08-24 10:50:00,673.6,673.7,673.7,673.3,730153.9,1084,2025-08-24 10:59:59
2025-08-24 11:00:00,673.7,673.7,673.8,673.5,359090.99999999994,533,2025-08-24 11:09:59
2025-08-24 11:10:00,673.7,673.8,673.8,673.7,233782.69999999998,347,2025-08-24 11:19:59
2025-08-24 11:20:00,673.7,673.7,673.8,673.7,375966.1,558,2025-08-24 11:29:59
2025-08-24 11:30:00,673.7,673.7,673.8,673.7,501951.70000000007,745,2025-08-24 11:39:59
2025-08-24 11:40:00,673.7,672.9,673.8,672.5,4393908.7,6528,2025-08-24 11:49:59
2025-08-24 11:50:00,672.8,672.5,673.1,672.5,700403.1,1041,2025-08-24 11:59:59
2025-08-24 12:00:00,672.5,672.9,672.9,672.5,721257.8999999999,1072,2025-08-24 12:09:59
2025-08-24 12:10:00,673.0,673.4,673.4,673.0,360830.69999999995,536,2025-08-24 12:19:59
2025-08-24 12:20:00,673.3,673.6,673.6,673.3,869442.7999999999,1291,2025-08-24 12:29:59
2025-08-24 12:30:00,673.7,673.5,673.7,673.3,164998.0,245,2025-08-24 12:39:59
2025-08-24 12:40:00,673.4,673.7,673.7,673.3,96317.5,143,2025-08-24 12:49:59
2025-08-24 12:50:00,673.7,673.1,673.8,673.1,152239.69999999998,226,2025-08-24 12:59:59
2025-08-24 13:00:00,673.2,673.3,673.4,673.1,257817.49999999997,383,2025-08-24 13:09:59
2025-08-24 13:10:00,673.4,673.7,673.7,673.2,87542.00000000001,130,2025-08-24 13:19:59
2025-08-24 13:20:00,673.6,673.7,673.7,673.5,198064.9,294,2025-08-24 13:29:59
2025-08-24 13:30:00,673.5,673.4,673.5,673.3,125250.59999999998,186,2025-08-24 13:39:59
2025-08-24 13:40:00,673.3,674.0,674.0,673.3,1389680.0,2063,2025-08-24 13:49:59
2025-08-24 13:50:00,674.0,673.9,674.0,673.7,64698.700000000004,96,2025-08-24 13:59:01
2025-08-24 14:00:00,673.9,673.7,673.9,673.7,66029.4,98,2025-08-24 14:09:59
2025-08-24 14:10:00,673.9,674.0,674.1,673.9,357931.30000000005,531,2025-08-24 14:19:59
2025-08-24 14:20:00,673.9,674.0,674.1,673.8,197483.0,293,2025-08-24 14:29:59
2025-08-24 14:30:00,673.8,673.9,674.1,673.8,41107.8,61,2025-08-24 14:39:59
2025-08-24 14:40:00,674.1,674.0,674.1,673.9,370051.2,549,2025-08-24 14:49:59
2025-08-24 14:50:00,673.9,673.3,674.1,673.3,822622.5,1221,2025-08-24 14:59:59
2025-08-24 15:00:00,673.3,673.3,673.6,673.1,820631.8000000002,1219,2025-08-24 15:09:59
2025-08-24 15:10:00,673.6,673.6,673.7,673.3,125959.49999999999,187,2025-08-24 15:19:59
2025-08-24 15:20:00,673.3,673.1,673.7,673.1,565019.1,839,2025-08-24 15:29:59
2025-08-24 15:30:00,673.5,673.7,673.7,673.5,142109.90000000002,211,2025-08-24 15:39:59
2025-08-24 15:40:00,673.7,673.7,673.7,673.5,154950.2,230,2025-08-24 15:49:59
2025-08-24 15:50:00,673.5,673.7,673.7,673.5,33009.700000000004,49,2025-08-24 15:59:59
2025-08-24 16:00:00,673.7,673.4,673.7,673.2,1046600.0000000001,1554,2025-08-24 16:09:59
2025-08-24 16:10:00,673.4,673.5,673.5,673.2,1018795.3,1513,2025-08-24 16:19:59
2025-08-24 16:20:00,673.5,673.3,673.6,673.3,191278.5,284,2025-08-24 16:29:59
2025-08-24 16:30:00,673.6,673.6,673.6,673.3,13468.099999999999,20,2025-08-24 16:39:59
2025-08-24 16:40:00,673.6,673.7,674.1,673.4,1255852.3,1864,2025-08-24 16:49:59
2025-08-24 16:50:00,673.4,673.7,674.0,673.4,57951.3,86,2025-08-24 16:59:59
2025-08-24 17:00:00,674.0,673.8,674.0,673.4,251922.7,374,2025-08-24 17:09:59
2025-08-24 17:10:00,673.8,673.3,673.8,673.3,177795.90000000002,264,2025-08-24 17:19:59
2025-08-24 17:20:00,673.7,673.8,673.8,673.7,153613.80000000002,228,2025-08-24 17:29:59
2025-08-24 17:30:00,674.0,674.1,674.1,674.0,330935.29999999993,491,2025-08-24 17:39:59
2025-08-24 17:40:00,674.0,674.0,674.1,674.0,267611.19999999995,397,2025-08-24 17:49:59
2025-08-24 17:50:00,674.1,674.3,674.3,674.1,242717.80000000002,360,2025-08-24 17:59:59
2025-08-24 18:00:00,674.2,674.1,674.3,674.1,132834.80000000002,197,2025-08-24 18:09:59
2025-08-24 18:10:00,674.1,674.1,674.3,674.1,104490.20000000001,155,2025-08-24 18:19:59
2025-08-24 18:20:00,674.2,674.5,674.5,674.1,1369274.0999999999,2031,2025-08-24 18:29:59
2025-08-24 18:30:00,674.2,674.5,674.5,674.2,313564.6,465,2025-08-24 18:39:59
2025-08-24 18:40:00,674.5,674.5,674.5,674.2,599409.9,889,2025-08-24 18:49:59
2025-08-24 18:50:00,674.5,673.9,674.5,673.3,218986.3,325,2025-08-24 18:59:01
2025-08-25 06:50:00,673.8,673.8,673.8,673.8,37732.8,56,2025-08-25 06:59:59
2025-08-25 07:00:00,673.9,670.6,674.0,670.4,4098626.3,6100,2025-08-25 07:09:59
2025-08-25 07:10:00,670.6,671.0,671.5,670.6,1404154.8,2093,2025-08-25 07:19:59
2025-08-25 07:20:00,671.5,671.3,671.5,670.8,984029.8000000002,1466,2025-08-25 07:29:59
2025-08-25 07:30:00,671.0,670.2,671.3,670.2,629620.2999999999,939,2025-08-25 07:39:59
2025-08-25 07:40:00,670.2,670.1,670.4,670.0,905410.8999999999,1351,2025-08-25 07:49:59
2025-08-25 07:50:00,670.4,670.4,670.5,670.1,803739.9,1199,2025-08-25 07:59:59
2025-08-25 08:00:00,670.4,670.7,670.8,670.1,899958.9,1342,2025-08-25 08:09:59
2025-08-25 08:10:00,670.6,670.5,670.7,670.3,177706.5,265,2025-08-25 08:19:59
2025-08-25 08:20:00,670.3,671.3,671.6,670.3,3229038.9000000004,4812,2025-08-25 08:29:59
2025-08-25 08:30:00,671.3,671.1,671.4,671.0,538263.1,802,2025-08-25 08:39:59
2025-08-25 08:40:00,671.1,671.5,671.5,671.1,381269.60000000003,568,2025-08-25 08:49:59
2025-08-25 08:50:00,671.5,671.3,671.5,671.2,344374.0,513,2025-08-25 08:59:59
2025-08-25 09:00:00,671.3,669.4,671.4,668.6,15829078.400000002,23639,2025-08-25 09:09:59
2025-08-25 09:10:00,669.4,668.6,670.1,668.6,5806222.899999999,8672,2025-08-25 09:19:59
2025-08-25 09:20:00,668.8,667.0,668.9,666.4,11765441.000000002,17628,2025-08-25 09:29:59
2025-08-25 09:30:00,667.1,668.2,668.5,665.6,26232683.399999987,39332,2025-08-25 09:39:59
2025-08-25 09:40:00,668.3,668.5,669.1,668.2,2481030.0,3711,2025-08-25 09:49:59
2025-08-25 09:50:00,668.5,667.1,668.9,666.6,4866853.1,7285,2025-08-25 09:59:59
2025-08-25 10:00:00,666.6,669.3,669.4,666.5,11927992.900000002,17852,2025-08-25 10:09:59
2025-08-25 10:10:00,669.3,667.6,669.5,667.4,14463510.800000003,21643,2025-08-25 10:19:59
2025-08-25 10:20:00,667.7,667.8,668.3,666.7,10393382.200000003,15572,2025-08-25 10:29:59
2025-08-25 10:30:00,667.9,668.2,668.6,667.5,5473020.4,8193,2025-08-25 10:39:59
2025-08-25 10:40:00,668.1,668.2,668.3,668.0,469678.6,703,2025-08-25 10:49:59
2025-08-25 10:50:00,668.0,667.4,668.3,667.4,3691627.0,5528,2025-08-25 10:59:59
2025-08-25 11:00:00,667.5,667.1,668.2,667.1,26490628.400000006,39675,2025-08-25 11:09:59
2025-08-25 11:10:00,667.1,666.8,668.4,666.8,11149801.299999999,16704,2025-08-25 11:19:59
2025-08-25 11:20:00,666.8,666.4,666.9,666.0,11241792.900000002,16870,2025-08-25 11:29:59
2025-08-25 11:30:00,666.4,665.1,666.6,665.0,20719625.6,31138,2025-08-25 11:39:59
2025-08-25 11:40:00,665.1,665.5,665.8,664.0,25998922.699999996,39116,2025-08-25 11:49:59
2025-08-25 11:50:00,665.2,666.1,666.5,665.1,3933402.9999999995,5906,2025-08-25 11:59:59
2025-08-25 12:00:00,666.1,666.4,667.3,666.0,6651617.3999999985,9979,2025-08-25 12:09:59
2025-08-25 12:10:00,666.4,666.0,666.7,665.4,10833301.999999998,16269,2025-08-25 12:19:59
2025-08-25 12:20:00,665.8,666.1,666.2,665.3,3619904.799999999,5438,2025-08-25 12:29:59
2025-08-25 12:30:00,666.1,665.2,666.1,663.0,25831344.50000001,38913,2025-08-25 12:39:59
2025-08-25 12:40:00,665.4,666.6,666.6,665.0,14126062.499999998,21202,2025-08-25 12:49:59
2025-08-25 12:50:00,666.6,665.7,666.6,665.6,5945773.0,8926,2025-08-25 12:59:59
2025-08-25 13:00:00,665.7,666.4,666.6,665.1,24022320.000000007,36086,2025-08-25 13:09:59
2025-08-25 13:10:00,666.5,665.1,666.7,665.1,20295458.400000002,30452,2025-08-25 13:19:59
2025-08-25 13:20:00,665.1,665.6,665.7,665.0,2698034.1999999993,4056,2025-08-25 13:29:59
2025-08-25 13:30:00,665.5,665.1,665.6,664.8,2892519.4000000004,4349,2025-08-25 13:39:59
2025-08-25 13:40:00,665.1,664.6,665.1,663.7,8076619.799999999,12155,2025-08-25 13:49:59
2025-08-25 13:50:00,664.7,665.0,665.0,664.4,6749042.200000001,10152,2025-08-25 13:59:59
2025-08-25 14:00:00,665.0,665.8,666.4,664.8,22731444.800000004,34167,2025-08-25 14:09:59
2025-08-25 14:10:00,665.8,666.0,666.3,665.6,832390.1000000001,1250,2025-08-25 14:19:59
2025-08-25 14:20:00,665.9,667.0,667.6,665.0,13831550.100000001,20759,2025-08-25 14:29:59
2025-08-25 14:30:00,666.9,667.3,667.6,666.6,4422360.4,6628,2025-08-25 14:39:59
2025-08-25 14:40:00,667.3,665.0,667.4,665.0,13967685.2,20983,2025-08-25 14:49:59
2025-08-25 14:50:00,665.1,665.8,665.9,665.0,4296943.400000001,6459,2025-08-25 14:59:59
2025-08-25 15:00:00,665.6,666.1,666.3,665.0,6558997.500000002,9858,2025-08-25 15:09:59
2025-08-25 15:10:00,666.1,665.9,666.4,665.6,859960.1000000001,1291,2025-08-25 15:19:59
2025-08-25 15:20:00,665.8,664.2,665.8,664.0,24865199.700000018,37395,2025-08-25 15:29:59
2025-08-25 15:30:00,664.0,663.1,664.5,662.9,13145712.100000003,19811,2025-08-25 15:39:59
2025-08-25 15:40:00,663.0,660.6,663.2,660.2,37274137.000000134,56357,2025-08-25 15:49:59
2025-08-25 15:50:00,660.6,660.9,661.2,660.2,50770105.799998835,76880,2025-08-25 15:59:59
2025-08-25 16:00:00,660.9,659.8,661.1,659.4,31340852.10000019,47477,2025-08-25 16:09:59
2025-08-25 16:10:00,659.8,662.8,662.9,659.1,24913206.399999987,37726,2025-08-25 16:19:59
2025-08-25 16:20:00,662.8,662.6,662.8,661.8,4121998.2999999993,6222,2025-08-25 16:29:59
2025-08-25 16:30:00,662.6,662.5,662.8,662.3,3001159.4,4530,2025-08-25 16:39:59
2025-08-25 16:40:00,662.5,664.8,664.8,662.5,10978991.5,16544,2025-08-25 16:49:59
2025-08-25 16:50:00,664.8,664.4,665.0,664.0,13785356.8,20741,2025-08-25 16:59:59
2025-08-25 17:00:00,664.4,665.5,665.5,664.1,17579008.499999996,26432,2025-08-25 17:09:59
2025-08-25 17:10:00,665.5,666.3,667.0,665.4,40307965.79999998,60533,2025-08-25 17:19:59
2025-08-25 17:20:00,666.0,666.0,666.7,665.9,7025300.2,10546,2025-08-25 17:29:59
2025-08-25 17:30:00,666.0,665.4,666.4,665.1,16370069.300000008,24583,2025-08-25 17:39:59
2025-08-25 17:40:00,665.2,665.3,665.9,664.1,38492693.299999684,57889,2025-08-25 17:49:59
2025-08-25 17:50:00,665.3,664.5,665.4,664.2,3377375.4999999995,5082,2025-08-25 17:59:59
2025-08-25 18:00:00,664.6,666.2,666.2,664.0,33067746.500000104,49718,2025-08-25 18:09:59
2025-08-25 18:10:00,666.1,663.5,666.3,663.2,18727779.099999826,28185,2025-08-25 18:19:59
2025-08-25 18:20:00,663.5,665.4,665.5,662.2,43964743.89999886,66269,2025-08-25 18:29:59
2025-08-25 18:30:00,665.4,664.9,665.6,663.8,12523637.399999999,18840,2025-08-25 18:39:59
2025-08-25 18:40:00,665.5,665.5,665.5,665.5,396638.0,596,2025-08-25 18:49:10
2025-08-25 19:00:00,665.5,666.8,666.8,665.5,8133536.300000003,12205,2025-08-25 19:09:59
2025-08-25 19:10:00,666.8,667.2,667.7,666.7,8964849.300000003,13436,2025-08-25 19:19:59
2025-08-25 19:20:00,667.1,667.2,667.4,666.8,814501.9,1221,2025-08-25 19:29:59
2025-08-25 19:30:00,667.2,667.3,667.3,666.5,4487632.800000002,6730,2025-08-25 19:39:59
2025-08-25 19:40:00,667.1,667.8,667.8,666.8,1919764.9,2877,2025-08-25 19:49:59
2025-08-25 19:50:00,667.8,667.7,667.9,667.5,342553.60000000003,513,2025-08-25 19:59:59
2025-08-25 20:00:00,667.5,667.7,668.0,667.5,4506699.2,6748,2025-08-25 20:09:59
2025-08-25 20:10:00,667.6,667.7,668.0,667.4,3959688.9999999995,5930,2025-08-25 20:19:59
2025-08-25 20:20:00,667.5,667.4,667.7,667.1,706746.2,1059,2025-08-25 20:29:59
2025-08-25 20:30:00,667.5,667.2,667.5,667.1,258218.40000000002,387,2025-08-25 20:39:59
2025-08-25 20:40:00,667.2,667.2,667.3,667.0,1461600.7000000004,2191,2025-08-25 20:49:59
2025-08-25 20:50:00,667.2,668.1,668.2,667.1,4575095.600000001,6850,2025-08-25 20:59:59
2025-08-25 21:00:00,667.9,667.9,668.0,667.8,242448.90000000002,363,2025-08-25 21:09:59
2025-08-25 21:10:00,667.9,667.1,667.9,666.6,3687581.8000000007,5527,2025-08-25 21:19:59
2025-08-25 21:20:00,667.1,667.0,667.1,666.7,508196.8,762,2025-08-25 21:29:59
2025-08-25 21:30:00,666.9,667.4,667.4,666.9,362862.3999999999,544,2025-08-25 21:39:59
2025-08-25 21:40:00,667.3,667.3,667.4,667.2,657970.4,986,2025-08-25 21:49:59
2025-08-25 21:50:00,667.3,667.3,667.3,667.2,86744.4,130,2025-08-25 21:59:59
2025-08-25 22:00:00,667.3,667.3,667.3,667.2,49378.200000000004,74,2025-08-25 22:09:59
2025-08-25 22:10:00,667.3,667.2,667.3,666.9,1710510.5000000002,2564,2025-08-25 22:19:59
2025-08-25 22:20:00,667.2,667.2,667.3,666.7,1759980.8,2639,2025-08-25 22:29:59
2025-08-25 22:30:00,667.1,667.1,667.2,666.9,312225.6,468,2025-08-25 22:39:59
2025-08-25 22:40:00,667.2,666.7,667.2,666.4,3772941.8,5660,2025-08-25 22:49:59
2025-08-25 22:50:00,666.4,666.3,666.7,666.2,3069628.0,4607,2025-08-25 22:59:59
2025-08-25 23:00:00,666.4,666.4,666.4,666.1,379755.30000000005,570,2025-08-25 23:09:59
2025-08-25 23:10:00,666.4,666.5,666.7,666.1,1537221.9000000001,2306,2025-08-25 23:19:59
2025-08-25 23:20:00,666.1,666.3,666.5,666.0,1262299.0,1895,2025-08-25 23:29:59
2025-08-25 23:30:00,666.3,666.0,666.3,665.7,1134660.2,1704,2025-08-25 23:39:59
2025-08-25 23:40:00,666.0,665.5,666.0,665.5,1400492.0,2104,2025-08-25 23:49:59
2025-08-26 06:50:00,665.5,665.5,665.5,665.5,247566.0,372,2025-08-26 06:59:59
2025-08-26 07:00:00,666.0,668.0,668.5,665.5,4495305.999999999,6732,2025-08-26 07:09:59
2025-08-26 07:10:00,668.2,667.9,668.2,667.6,997323.1999999998,1493,2025-08-26 07:19:59
2025-08-26 07:20:00,667.9,668.0,668.0,667.9,911783.9,1365,2025-08-26 07:29:59
2025-08-26 07:30:00,668.0,668.0,668.0,667.9,1098082.2999999998,1644,2025-08-26 07:39:59
2025-08-26 07:40:00,668.0,668.2,668.2,667.9,1669925.5,2500,2025-08-26 07:49:59
2025-08-26 07:50:00,668.2,668.6,668.7,668.0,880740.2000000001,1318,2025-08-26 07:59:59
2025-08-26 08:00:00,668.3,668.5,668.5,668.2,176454.7,264,2025-08-26 08:09:59
2025-08-26 08:10:00,668.2,668.6,668.6,668.2,740521.9,1108,2025-08-26 08:19:59
2025-08-26 08:20:00,668.6,669.7,669.8,668.5,3113962.1999999997,4652,2025-08-26 08:29:59
2025-08-26 08:30:00,669.7,670.0,670.0,669.7,1506012.4,2248,2025-08-26 08:39:59
2025-08-26 08:40:00,669.9,669.5,669.9,669.1,1194703.2000000002,1784,2025-08-26 08:49:59
2025-08-26 08:50:00,669.5,669.3,669.6,668.8,858571.6000000002,1283,2025-08-26 08:59:59
2025-08-26 09:00:00,669.3,668.5,670.0,668.3,5645067.3,8435,2025-08-26 09:09:59
2025-08-26 09:10:00,668.5,669.1,669.4,668.3,984407.5,1472,2025-08-26 09:19:59
2025-08-26 09:20:00,669.1,670.8,670.8,669.1,4611196.200000001,6879,2025-08-26 09:29:59
2025-08-26 09:30:00,670.8,671.3,672.3,670.0,13861697.7,20657,2025-08-26 09:39:59
2025-08-26 09:40:00,671.3,671.1,671.5,670.0,9431328.0,14061,2025-08-26 09:49:59
2025-08-26 09:50:00,671.1,671.4,671.5,670.7,3703900.6000000006,5521,2025-08-26 09:59:59
2025-08-26 10:00:00,671.3,673.8,674.1,671.0,18538013.500000004,27545,2025-08-26 10:09:59
2025-08-26 10:10:00,674.0,673.4,674.0,673.0,6069182.300000001,9011,2025-08-26 10:19:59
2025-08-26 10:20:00,673.4,672.7,674.2,672.4,21915330.8,32542,2025-08-26 10:29:59
2025-08-26 10:30:00,672.7,672.2,673.0,671.8,7145398.699999998,10628,2025-08-26 10:39:59
2025-08-26 10:40:00,672.1,671.5,672.2,671.4,5937167.199999999,8838,2025-08-26 10:49:59
2025-08-26 10:50:00,671.5,669.9,671.6,669.7,22348660.199999996,33343,2025-08-26 10:59:59
2025-08-26 11:00:00,670.0,668.0,670.0,667.9,36077071.99999997,53924,2025-08-26 11:09:59
2025-08-26 11:10:00,667.9,669.0,669.4,667.9,33900899.3,50735,2025-08-26 11:19:59
2025-08-26 11:20:00,669.0,668.9,669.2,668.7,4998890.700000001,7473,2025-08-26 11:29:59
2025-08-26 11:30:00,668.8,669.9,670.0,668.8,11645262.800000003,17389,2025-08-26 11:39:59
2025-08-26 11:40:00,669.9,669.9,669.9,669.3,2616190.7,3907,2025-08-26 11:49:59
2025-08-26 11:50:00,669.9,670.0,670.0,669.4,5832479.1,8707,2025-08-26 11:59:59
2025-08-26 12:00:00,670.0,668.6,670.0,668.5,9652593.700000001,14424,2025-08-26 12:09:59
2025-08-26 12:10:00,668.6,668.7,669.3,668.4,3900986.1,5832,2025-08-26 12:19:59
2025-08-26 12:20:00,668.7,669.2,669.5,668.6,2473376.8000000003,3697,2025-08-26 12:29:59
2025-08-26 12:30:00,669.0,668.8,669.1,668.4,2728295.3,4080,2025-08-26 12:39:59
2025-08-26 12:40:00,668.9,668.4,668.9,668.1,3663287.5,5481,2025-08-26 12:49:59
2025-08-26 12:50:00,668.4,668.7,669.1,668.3,1749345.9,2616,2025-08-26 12:59:59
2025-08-26 13:00:00,668.7,669.5,669.7,668.6,4146699.1999999993,6196,2025-08-26 13:09:59
2025-08-26 13:10:00,669.4,669.0,669.7,668.3,16503691.000000002,24669,2025-08-26 13:19:59
2025-08-26 13:20:00,669.1,667.6,669.6,667.5,32307355.700000003,48332,2025-08-26 13:29:59
2025-08-26 13:30:00,667.5,669.2,669.3,666.3,20784564.400000006,31120,2025-08-26 13:39:59
2025-08-26 13:40:00,669.1,668.0,669.4,667.4,8176038.699999998,12234,2025-08-26 13:49:59
2025-08-26 13:50:00,668.0,667.9,669.0,667.6,9033257.799999999,13518,2025-08-26 13:59:59
2025-08-26 14:00:00,667.7,669.6,669.7,667.2,18188755.199999996,27204,2025-08-26 14:09:59
2025-08-26 14:10:00,669.6,667.8,669.6,667.1,8302110.9,12421,2025-08-26 14:19:59
2025-08-26 14:20:00,667.7,667.5,667.7,666.7,9278434.899999999,13908,2025-08-26 14:29:59
2025-08-26 14:30:00,667.5,667.0,667.6,667.0,6352223.7,9522,2025-08-26 14:39:59
2025-08-26 14:40:00,667.1,667.6,667.6,667.0,5718410.9,8571,2025-08-26 14:49:59
2025-08-26 14:50:00,667.5,666.3,667.5,666.1,7452886.000000001,11176,2025-08-26 14:59:59
2025-08-26 15:00:00,666.3,666.5,666.6,664.6,27038457.099999983,40614,2025-08-26 15:09:59
2025-08-26 15:10:00,666.5,665.4,666.8,665.2,7008238.099999999,10522,2025-08-26 15:19:59
2025-08-26 15:20:00,665.4,665.3,665.5,664.6,10179092.299999999,15306,2025-08-26 15:29:59
2025-08-26 15:30:00,665.3,665.0,665.3,664.7,5447857.700000001,8192,2025-08-26 15:39:59
2025-08-26 15:40:00,665.0,664.7,665.2,664.6,6031876.199999999,9072,2025-08-26 15:49:59
2025-08-26 15:50:00,664.7,665.0,665.0,664.5,7877229.600000001,11848,2025-08-26 15:59:59
2025-08-26 16:00:00,665.0,663.4,665.0,663.0,18791302.599999994,28310,2025-08-26 16:09:59
2025-08-26 16:10:00,663.4,661.8,663.4,661.5,11902474.799999995,17967,2025-08-26 16:19:59
2025-08-26 16:20:00,661.8,661.5,663.0,661.3,21953012.200000007,33150,2025-08-26 16:29:59
2025-08-26 16:30:00,661.5,662.0,662.2,661.2,5040211.999999999,7616,2025-08-26 16:39:59
2025-08-26 16:40:00,662.0,661.4,662.2,661.0,25494441.899999995,38537,2025-08-26 16:49:59
2025-08-26 16:50:00,661.4,660.7,662.0,660.1,17412960.3,26345,2025-08-26 16:59:59
2025-08-26 17:00:00,660.5,660.8,661.0,660.2,7654919.3,11589,2025-08-26 17:09:59
2025-08-26 17:10:00,660.8,661.0,661.2,660.3,5839398.699999999,8841,2025-08-26 17:19:59
2025-08-26 17:20:00,660.9,660.2,661.0,660.1,25043373.200000007,37934,2025-08-26 17:29:59
2025-08-26 17:30:00,660.3,660.6,661.5,659.8,29075933.39999998,44035,2025-08-26 17:39:59
2025-08-26 17:40:00,660.5,660.5,660.5,658.9,11521241.3,17466,2025-08-26 17:49:59
2025-08-26 17:50:00,660.5,659.8,661.3,659.4,13978747.100000001,21160,2025-08-26 17:59:59
2025-08-26 18:00:00,659.8,658.3,660.9,657.4,40197344.00000001,60994,2025-08-26 18:09:59
2025-08-26 18:10:00,658.3,657.5,658.3,656.3,28918015.5,44001,2025-08-26 18:19:59
2025-08-26 18:20:00,657.4,656.3,657.5,656.1,25357097.8,38610,2025-08-26 18:29:59
2025-08-26 18:30:00,656.3,657.6,657.6,656.0,20907003.200000003,31831,2025-08-26 18:39:59
2025-08-26 18:40:00,657.8,657.8,657.8,657.8,157872.0,240,2025-08-26 18:47:09
2025-08-26 19:00:00,657.9,659.0,659.0,657.8,8819163.8,13390,2025-08-26 19:09:59
2025-08-26 19:10:00,659.0,658.9,659.0,658.6,2892650.6000000006,4391,2025-08-26 19:19:59
2025-08-26 19:20:00,658.9,658.7,658.9,658.4,3613170.7,5485,2025-08-26 19:29:59
2025-08-26 19:30:00,658.7,659.0,659.0,658.6,1825835.4999999998,2771,2025-08-26 19:39:59
2025-08-26 19:40:00,659.0,658.5,659.0,658.0,3546922.8,5387,2025-08-26 19:49:59
2025-08-26 19:50:00,658.5,659.8,659.9,658.5,8060990.300000001,12223,2025-08-26 19:59:59
2025-08-26 20:00:00,659.7,659.9,660.0,659.4,2492816.3,3778,2025-08-26 20:09:59
2025-08-26 20:10:00,659.9,660.0,660.0,659.9,1292916.4,1959,2025-08-26 20:19:59
2025-08-26 20:20:00,660.0,660.0,660.0,659.9,419747.60000000003,636,2025-08-26 20:29:59
2025-08-26 20:30:00,660.0,659.7,660.0,659.3,3978787.200000001,6031,2025-08-26 20:39:59
2025-08-26 20:40:00,659.7,659.6,659.7,659.2,1421224.0,2155,2025-08-26 20:49:59
2025-08-26 20:50:00,659.6,659.9,659.9,659.4,1468721.8000000005,2226,2025-08-26 20:59:59
2025-08-26 21:00:00,659.9,660.0,660.0,659.6,4546621.0,6889,2025-08-26 21:09:59
2025-08-26 21:10:00,660.0,659.9,660.0,659.7,511474.29999999993,775,2025-08-26 21:19:59
2025-08-26 21:20:00,659.8,659.5,660.0,659.4,2806600.5,4255,2025-08-26 21:29:59
2025-08-26 21:30:00,659.5,660.8,661.0,659.4,18097477.2,27420,2025-08-26 21:39:59
2025-08-26 21:40:00,660.8,661.0,661.0,660.8,970848.5000000001,1469,2025-08-26 21:49:59
2025-08-26 21:50:00,660.9,661.0,661.0,660.8,1652979.6,2501,2025-08-26 21:59:59
2025-08-26 22:00:00,661.0,659.8,661.0,659.5,4159717.1,6304,2025-08-26 22:09:59
2025-08-26 22:10:00,659.8,660.2,660.3,659.6,273253.7,414,2025-08-26 22:19:59
2025-08-26 22:20:00,660.0,659.7,660.1,659.7,586736.9,889,2025-08-26 22:29:59
2025-08-26 22:30:00,659.8,660.0,660.0,659.6,1143957.5,1734,2025-08-26 22:39:59
2025-08-26 22:40:00,659.9,660.3,660.4,659.5,690989.9,1047,2025-08-26 22:49:59
2025-08-26 22:50:00,660.3,659.5,660.4,659.5,2205836.9000000004,3342,2025-08-26 22:59:59
2025-08-26 23:00:00,659.4,659.6,659.6,659.0,1216151.5999999999,1845,2025-08-26 23:09:59
2025-08-26 23:10:00,659.6,659.3,659.6,659.3,133206.5,202,2025-08-26 23:19:59
2025-08-26 23:20:00,659.3,659.3,659.4,659.1,272956.6,414,2025-08-26 23:29:59
2025-08-26 23:30:00,659.3,658.3,659.4,658.1,10282753.4,15608,2025-08-26 23:39:59
2025-08-26 23:40:00,658.2,660.2,660.7,658.1,6570725.5,9968,2025-08-26 23:49:59
2025-08-27 06:50:00,662.3,662.3,662.3,662.3,561630.3999999999,848,2025-08-27 06:59:59
2025-08-27 07:00:00,661.9,661.3,662.1,660.2,3623070.6999999997,5480,2025-08-27 07:09:59
2025-08-27 07:10:00,661.3,660.5,661.3,660.3,309968.49999999994,469,2025-08-27 07:19:59
2025-08-27 07:20:00,660.5,660.7,661.1,660.5,1017636.6,1540,2025-08-27 07:29:59
2025-08-27 07:30:00,660.6,660.8,660.8,660.3,498655.1,755,2025-08-27 07:39:59
2025-08-27 07:40:00,660.8,660.5,660.9,660.5,821977.7,1244,2025-08-27 07:49:59
2025-08-27 07:50:00,660.4,660.2,660.5,660.0,415870.7,630,2025-08-27 07:59:59
2025-08-27 08:00:00,660.3,660.4,660.6,660.0,573110.2000000001,868,2025-08-27 08:09:59
2025-08-27 08:10:00,660.4,660.3,660.4,660.0,1489739.4,2257,2025-08-27 08:19:59
2025-08-27 08:20:00,660.3,660.3,660.4,660.2,206035.30000000002,312,2025-08-27 08:29:59
2025-08-27 08:30:00,660.4,660.4,660.4,660.3,296518.7,449,2025-08-27 08:39:59
2025-08-27 08:40:00,660.4,660.3,660.4,660.2,250253.30000000002,379,2025-08-27 08:49:59
2025-08-27 08:50:00,660.3,660.1,660.3,660.0,237677.80000000002,360,2025-08-27 08:59:59
2025-08-27 09:00:00,660.0,657.0,660.1,656.7,13545356.3,20596,2025-08-27 09:09:59
2025-08-27 09:10:00,657.0,656.2,657.4,656.2,12217802.099999998,18601,2025-08-27 09:19:59
2025-08-27 09:20:00,656.3,656.0,656.9,655.4,32901822.299999993,50170,2025-08-27 09:29:59
2025-08-27 09:30:00,655.9,656.0,656.0,655.7,4572766.699999999,6971,2025-08-27 09:39:59
2025-08-27 09:40:00,656.0,657.3,657.5,655.9,7745411.8,11793,2025-08-27 09:49:59
2025-08-27 09:50:00,657.4,656.2,657.4,655.8,6173432.700000002,9407,2025-08-27 09:59:59
2025-08-27 10:00:00,656.1,658.1,658.2,655.6,27208783.299999997,41431,2025-08-27 10:09:59
2025-08-27 10:10:00,658.0,658.8,659.0,657.3,50445248.6,76662,2025-08-27 10:19:59
2025-08-27 10:20:00,658.8,662.1,662.3,658.6,44001148.6,66621,2025-08-27 10:29:59
2025-08-27 10:30:00,662.2,658.0,662.2,657.3,73615605.2,111665,2025-08-27 10:39:59
2025-08-27 10:40:00,657.9,658.3,659.0,657.9,24545725.4,37276,2025-08-27 10:49:59
2025-08-27 10:50:00,658.1,657.5,658.2,656.9,33381946.8,50777,2025-08-27 10:59:59
2025-08-27 11:00:00,657.5,657.6,658.4,657.3,45031724.900000006,68455,2025-08-27 11:09:59
2025-08-27 11:10:00,657.5,657.6,657.8,656.9,19228457.400000002,29257,2025-08-27 11:19:59
2025-08-27 11:20:00,657.6,658.4,658.7,657.3,8405090.1,12774,2025-08-27 11:29:59
2025-08-27 11:30:00,658.4,657.9,658.6,657.7,11830898.900000002,17980,2025-08-27 11:39:59
2025-08-27 11:40:00,657.9,657.9,658.6,657.9,9486955.6,14413,2025-08-27 11:49:59
2025-08-27 11:50:00,657.8,657.9,658.0,657.6,4108903.1999999997,6246,2025-08-27 11:59:59
2025-08-27 12:00:00,658.0,657.9,658.0,657.5,17428061.700000003,26490,2025-08-27 12:09:59
2025-08-27 12:10:00,657.9,656.8,657.9,656.6,6450690.299999999,9818,2025-08-27 12:19:59
2025-08-27 12:20:00,656.8,655.9,656.8,655.5,29198646.899999987,44502,2025-08-27 12:29:59
2025-08-27 12:30:00,655.9,655.9,656.8,655.6,11156051.799999999,17002,2025-08-27 12:39:59
2025-08-27 12:40:00,656.0,655.8,656.1,655.0,24330048.299999997,37126,2025-08-27 12:49:59
2025-08-27 12:50:00,655.8,655.6,656.2,655.3,12564524.000000002,19161,2025-08-27 12:59:59
2025-08-27 13:00:00,655.6,654.2,656.2,654.1,37791732.10000001,57690,2025-08-27 13:09:59
2025-08-27 13:10:00,654.3,654.5,655.8,654.1,34328412.300000004,52404,2025-08-27 13:19:59
2025-08-27 13:20:00,654.5,654.7,655.1,654.4,10012131.700000001,15291,2025-08-27 13:29:59
2025-08-27 13:30:00,654.7,653.8,654.8,653.5,21694465.299999993,33163,2025-08-27 13:39:59
2025-08-27 13:40:00,653.7,653.4,654.3,653.0,39914786.10000001,61084,2025-08-27 13:49:59
2025-08-27 13:50:00,653.4,653.9,654.4,653.1,31314479.4,47892,2025-08-27 13:59:59
2025-08-27 14:00:00,654.2,654.7,654.8,654.0,4332255.0,6621,2025-08-27 14:09:59
2025-08-27 14:10:00,654.7,656.5,656.6,654.7,9891071.700000001,15083,2025-08-27 14:19:59
2025-08-27 14:20:00,656.5,653.4,657.3,653.0,123653620.59999976,188704,2025-08-27 14:29:59
2025-08-27 14:30:00,653.4,655.7,657.0,653.0,83071257.30000001,126791,2025-08-27 14:39:59
2025-08-27 14:40:00,655.7,658.0,658.0,655.5,76635649.8,116632,2025-08-27 14:49:59
2025-08-27 14:50:00,658.0,658.3,659.0,658.0,32260013.9,49001,2025-08-27 14:59:59
2025-08-27 15:00:00,658.3,658.9,659.0,658.2,15356706.4,23313,2025-08-27 15:09:59
2025-08-27 15:10:00,658.9,658.4,659.0,657.9,5502953.900000001,8357,2025-08-27 15:19:59
2025-08-27 15:20:00,658.5,658.0,659.0,657.6,23106053.79999999,35076,2025-08-27 15:29:59
2025-08-27 15:30:00,658.0,658.9,659.0,658.0,8680121.1,13176,2025-08-27 15:39:59
2025-08-27 15:40:00,658.9,657.3,658.9,657.2,24556461.600000024,37322,2025-08-27 15:49:59
2025-08-27 15:50:00,657.3,657.2,657.7,656.1,29180457.2,44422,2025-08-27 15:59:59
2025-08-27 16:00:00,657.2,655.7,657.7,655.4,20755437.199999988,31633,2025-08-27 16:09:59
2025-08-27 16:10:00,655.8,653.7,656.0,653.3,53883108.499999985,82333,2025-08-27 16:19:59
2025-08-27 16:20:00,653.6,653.4,654.9,651.7,70072939.49999999,107272,2025-08-27 16:29:59
2025-08-27 16:30:00,653.5,653.3,654.0,653.0,17952485.599999998,27474,2025-08-27 16:39:59
2025-08-27 16:40:00,653.5,654.2,654.3,653.2,15367639.600000001,23506,2025-08-27 16:49:59
2025-08-27 16:50:00,653.9,655.0,655.9,653.1,40626407.9,62091,2025-08-27 16:59:59
2025-08-27 17:00:00,655.1,654.2,655.5,654.1,16893919.60000001,25796,2025-08-27 17:09:59
2025-08-27 17:10:00,654.2,653.4,654.2,653.0,23301291.6,35659,2025-08-27 17:19:59
2025-08-27 17:20:00,653.4,653.5,654.0,653.2,45231815.00000001,69202,2025-08-27 17:29:59
2025-08-27 17:30:00,653.5,654.0,654.0,653.4,13021823.499999994,19916,2025-08-27 17:39:59
2025-08-27 17:40:00,654.0,654.0,654.0,653.6,6436506.5,9842,2025-08-27 17:49:59
2025-08-27 17:50:00,654.0,654.0,654.0,653.5,20228723.300000004,30933,2025-08-27 17:59:59
2025-08-27 18:00:00,654.0,653.8,654.0,653.3,26297324.4,40226,2025-08-27 18:09:59
2025-08-27 18:10:00,653.8,652.6,653.8,652.2,25513819.099999998,39071,2025-08-27 18:19:59
2025-08-27 18:20:00,652.6,653.4,653.4,652.2,14860444.5,22768,2025-08-27 18:29:59
2025-08-27 18:30:00,653.4,653.5,654.0,652.5,28689459.000000004,43924,2025-08-27 18:39:59
2025-08-27 18:40:00,653.9,653.9,653.9,653.9,2097057.2999999998,3207,2025-08-27 18:49:59
2025-08-27 19:00:00,653.9,654.6,655.0,653.8,13161493.5,20118,2025-08-27 19:09:59
2025-08-27 19:10:00,654.6,655.2,655.4,653.5,19603774.9,29943,2025-08-27 19:19:59
2025-08-27 19:20:00,655.2,656.2,656.6,654.5,28259011.800000004,43116,2025-08-27 19:29:59
2025-08-27 19:30:00,656.2,655.4,656.5,655.4,4462983.600000001,6804,2025-08-27 19:39:59
2025-08-27 19:40:00,655.3,656.0,656.2,655.2,4832506.3,7371,2025-08-27 19:49:59
2025-08-27 19:50:00,656.0,655.9,656.5,655.5,10410840.0,15868,2025-08-27 19:59:59
2025-08-27 20:00:00,656.0,655.6,656.1,655.3,1298706.7999999998,1981,2025-08-27 20:09:59
2025-08-27 20:10:00,655.6,656.4,656.5,655.5,4504931.2,6867,2025-08-27 20:19:59
2025-08-27 20:20:00,656.4,657.9,657.9,656.2,13103139.3,19947,2025-08-27 20:29:59
2025-08-27 20:30:00,657.9,657.6,658.0,657.3,7930672.7,12055,2025-08-27 20:39:59
2025-08-27 20:40:00,657.6,657.6,657.8,657.1,3731474.9,5676,2025-08-27 20:49:59
2025-08-27 20:50:00,657.4,657.2,657.6,657.0,1083896.8,1649,2025-08-27 20:59:59
2025-08-27 21:00:00,657.1,657.6,657.6,656.8,4129805.5,6283,2025-08-27 21:09:59
2025-08-27 21:10:00,657.6,657.9,658.0,657.6,13396279.300000003,20364,2025-08-27 21:19:59
2025-08-27 21:20:00,657.9,657.4,657.9,657.2,966388.8000000002,1470,2025-08-27 21:29:59
2025-08-27 21:30:00,657.4,656.9,657.4,656.6,1292686.9999999998,1967,2025-08-27 21:39:59
2025-08-27 21:40:00,656.9,657.5,657.7,656.6,3814831.4999999995,5805,2025-08-27 21:49:59
2025-08-27 21:50:00,657.4,657.6,657.9,657.3,3631244.2,5522,2025-08-27 21:59:59
2025-08-27 22:00:00,657.8,656.8,657.8,656.8,3745741.0000000005,5700,2025-08-27 22:09:59
2025-08-27 22:10:00,656.9,656.5,656.9,656.5,635062.9,967,2025-08-27 22:19:59
2025-08-27 22:20:00,656.4,654.2,656.6,654.0,22503778.0,34355,2025-08-27 22:29:59
2025-08-27 22:30:00,654.3,654.8,654.8,654.3,1658885.5,2534,2025-08-27 22:39:59
2025-08-27 22:40:00,654.8,654.9,655.0,654.2,3828531.3999999994,5848,2025-08-27 22:49:59
2025-08-27 22:50:00,655.0,655.2,655.2,654.7,522627.4,798,2025-08-27 22:59:59
2025-08-27 23:00:00,655.2,655.3,655.5,655.2,929230.4999999998,1418,2025-08-27 23:09:59
2025-08-27 23:10:00,655.3,654.8,655.4,654.8,2323492.7,3547,2025-08-27 23:19:59
2025-08-27 23:20:00,654.8,654.6,655.2,654.6,3489246.4000000004,5329,2025-08-27 23:29:59
2025-08-27 23:30:00,654.8,654.4,654.8,653.8,4389867.699999999,6711,2025-08-27 23:39:59
2025-08-27 23:40:00,654.4,653.7,654.4,653.7,5252438.6000000015,8033,2025-08-27 23:49:59
2025-08-28 06:50:00,653.7,653.7,653.7,653.7,115051.2,176,2025-08-28 06:59:59
2025-08-28 07:00:00,653.7,654.2,654.6,652.0,2888883.5999999996,4420,2025-08-28 07:09:59
2025-08-28 07:10:00,654.1,654.2,654.2,654.1,1035558.4,1583,2025-08-28 07:19:59
2025-08-28 07:20:00,654.2,654.5,654.6,654.1,980925.0,1499,2025-08-28 07:29:59
2025-08-28 07:30:00,654.5,655.4,656.2,654.4,5542154.300000001,8457,2025-08-28 07:39:59
2025-08-28 07:40:00,655.5,655.6,655.8,655.4,838512.4000000001,1279,2025-08-28 07:49:59
2025-08-28 07:50:00,655.6,656.2,656.3,655.1,1937902.5999999999,2955,2025-08-28 07:59:59
2025-08-28 08:00:00,656.2,656.5,656.5,655.8,1207249.9000000001,1840,2025-08-28 08:09:59
2025-08-28 08:10:00,656.4,656.1,656.5,656.0,2775498.0000000005,4229,2025-08-28 08:19:59
2025-08-28 08:20:00,656.1,654.9,656.3,654.8,4438130.7,6770,2025-08-28 08:29:59
2025-08-28 08:30:00,655.0,655.9,655.9,655.0,1260700.0000000002,1923,2025-08-28 08:39:59
2025-08-28 08:40:00,655.9,655.9,655.9,655.4,688529.2,1050,2025-08-28 08:49:59
2025-08-28 08:50:00,655.9,656.4,656.4,655.7,1757225.3,2678,2025-08-28 08:59:59
2025-08-28 09:00:00,656.4,656.1,656.5,655.8,5126458.5,7811,2025-08-28 09:09:59
2025-08-28 09:10:00,656.1,655.5,656.4,655.2,7647828.400000001,11661,2025-08-28 09:19:59
2025-08-28 09:20:00,655.5,655.1,655.7,655.0,4481309.5,6839,2025-08-28 09:29:59
2025-08-28 09:30:00,655.5,655.2,655.7,655.0,1311874.1,2002,2025-08-28 09:39:59
2025-08-28 09:40:00,655.2,654.7,655.2,654.1,7974499.900000001,12179,2025-08-28 09:49:59
2025-08-28 09:50:00,654.5,654.6,655.0,654.2,4434682.0,6773,2025-08-28 09:59:59
2025-08-28 10:00:00,654.4,654.7,654.8,654.1,3960606.8000000003,6052,2025-08-28 10:09:59
2025-08-28 10:10:00,654.7,654.9,654.9,654.2,3904180.9000000004,5964,2025-08-28 10:19:59
2025-08-28 10:20:00,654.9,652.7,654.9,652.7,28254174.199999996,43215,2025-08-28 10:29:59
2025-08-28 10:30:00,652.6,652.3,653.4,652.0,13310455.200000003,20394,2025-08-28 10:39:59
2025-08-28 10:40:00,652.3,652.5,652.8,652.2,5969344.900000013,9149,2025-08-28 10:49:59
2025-08-28 10:50:00,652.7,652.6,652.9,652.2,7034746.6000000015,10779,2025-08-28 10:59:59
2025-08-28 11:00:00,652.7,651.9,652.7,651.5,27072852.600000028,41525,2025-08-28 11:09:59
2025-08-28 11:10:00,652.0,651.3,652.0,651.1,16037835.100000013,24612,2025-08-28 11:19:59
2025-08-28 11:20:00,651.3,650.4,651.3,650.0,39714702.10000002,61043,2025-08-28 11:29:59
2025-08-28 11:30:00,650.4,651.0,651.0,650.0,9822602.999999998,15100,2025-08-28 11:39:59
2025-08-28 11:40:00,651.0,652.6,652.8,650.9,27027185.599999998,41477,2025-08-28 11:49:59
2025-08-28 11:50:00,652.5,652.0,652.6,651.8,9578429.499999994,14688,2025-08-28 11:59:59
2025-08-28 12:00:00,652.0,651.5,652.0,651.3,21450715.7,32916,2025-08-28 12:09:59
2025-08-28 12:10:00,651.5,651.5,651.5,651.4,12685716.5,19472,2025-08-28 12:19:59
2025-08-28 12:20:00,651.5,651.0,651.5,650.8,37283953.599999994,57254,2025-08-28 12:29:59
2025-08-28 12:30:00,651.0,651.0,651.0,650.9,12916248.299999999,19841,2025-08-28 12:39:59
2025-08-28 12:40:00,651.0,652.6,653.0,650.9,47067372.50000007,72187,2025-08-28 12:49:59
2025-08-28 12:50:00,652.7,653.2,653.3,652.6,44362614.79999999,67938,2025-08-28 12:59:59
2025-08-28 13:00:00,653.2,653.4,654.7,652.8,59964826.09999999,91710,2025-08-28 13:09:59
2025-08-28 13:10:00,653.4,653.5,653.5,653.4,4258073.699999999,6516,2025-08-28 13:19:59
2025-08-28 13:20:00,653.5,654.6,655.0,652.7,40238310.00000002,61518,2025-08-28 13:29:59
2025-08-28 13:30:00,654.5,653.7,654.6,653.0,10938685.500000007,16737,2025-08-28 13:39:59
2025-08-28 13:40:00,653.7,654.3,654.5,653.7,2637750.6,4032,2025-08-28 13:49:59
2025-08-28 13:50:00,654.3,653.4,654.3,652.4,5152367.300000004,7890,2025-08-28 13:59:59
2025-08-28 14:00:00,653.4,653.0,653.6,652.1,6576072.5,10071,2025-08-28 14:09:59
2025-08-28 14:10:00,653.0,653.8,653.9,652.6,6914903.399999999,10588,2025-08-28 14:19:59
2025-08-28 14:20:00,653.7,653.5,653.8,652.6,2388660.3,3657,2025-08-28 14:29:59
2025-08-28 14:30:00,653.4,653.6,653.8,652.4,9182452.400000004,14062,2025-08-28 14:39:59
2025-08-28 14:40:00,653.6,654.2,654.5,653.6,2702965.6,4132,2025-08-28 14:49:59
2025-08-28 14:50:00,654.2,653.4,654.2,653.2,1705437.3,2609,2025-08-28 14:59:59
2025-08-28 15:00:00,653.3,653.5,654.0,653.0,5351497.1,8188,2025-08-28 15:09:59
2025-08-28 15:10:00,653.5,653.9,653.9,653.3,8547028.5,13076,2025-08-28 15:19:59
2025-08-28 15:20:00,653.9,653.0,653.9,652.9,7327162.299999997,11216,2025-08-28 15:29:59
2025-08-28 15:30:00,653.0,652.6,653.0,652.3,11804418.799999967,18086,2025-08-28 15:39:59
2025-08-28 15:40:00,652.6,653.4,653.9,652.3,14078423.500000002,21551,2025-08-28 15:49:59
2025-08-28 15:50:00,653.7,652.5,653.8,651.3,35210575.999999985,53967,2025-08-28 15:59:59
2025-08-28 16:00:00,652.5,654.0,654.5,652.4,52029684.70000001,79666,2025-08-28 16:09:59
2025-08-28 16:10:00,653.9,653.9,654.1,653.7,6340071.700000011,9696,2025-08-28 16:19:59
2025-08-28 16:20:00,653.8,654.5,655.0,653.7,9420230.699999997,14390,2025-08-28 16:29:59
2025-08-28 16:30:00,654.5,654.4,654.9,654.3,3565917.000000001,5447,2025-08-28 16:39:59
2025-08-28 16:40:00,654.4,654.0,654.8,653.9,10711157.9,16370,2025-08-28 16:49:59
2025-08-28 16:50:00,654.0,654.3,654.9,653.7,8877144.100000001,13566,2025-08-28 16:59:59
2025-08-28 17:00:00,654.3,655.5,655.6,654.2,8971783.199999997,13696,2025-08-28 17:09:59
2025-08-28 17:10:00,655.5,655.5,655.7,654.7,2582813.4,3941,2025-08-28 17:19:59
2025-08-28 17:20:00,655.5,655.0,655.5,654.5,4351676.5,6644,2025-08-28 17:29:59
2025-08-28 17:30:00,655.0,654.3,655.5,654.0,14544830.6,22213,2025-08-28 17:39:59
2025-08-28 17:40:00,654.1,653.6,654.8,652.6,18255907.2,27924,2025-08-28 17:49:59
2025-08-28 17:50:00,653.6,652.1,653.6,650.0,62350330.6,95702,2025-08-28 17:59:59
2025-08-28 18:00:00,652.1,652.7,653.7,652.1,9695605.399999999,14849,2025-08-28 18:09:59
2025-08-28 18:10:00,652.6,653.8,654.4,652.5,13915062.0,21289,2025-08-28 18:19:59
2025-08-28 18:20:00,653.7,653.8,654.5,653.3,16649466.0,25466,2025-08-28 18:29:59
2025-08-28 18:30:00,653.8,655.0,655.0,653.7,14902919.500000002,22764,2025-08-28 18:39:59
2025-08-28 18:40:00,655.1,655.1,655.1,655.1,5772086.1000000015,8811,2025-08-28 18:49:59
2025-08-28 19:00:00,655.0,654.8,655.5,654.5,4010638.1999999997,6123,2025-08-28 19:09:59
2025-08-28 19:10:00,654.8,654.2,654.8,653.8,3085734.8000000003,4716,2025-08-28 19:19:59
2025-08-28 19:20:00,653.9,654.4,654.4,653.9,729401.4,1115,2025-08-28 19:29:59
2025-08-28 19:30:00,654.4,654.4,654.4,654.2,499284.19999999995,763,2025-08-28 19:39:59
2025-08-28 19:40:00,654.4,654.0,654.4,653.6,3337166.100000001,5103,2025-08-28 19:49:59
2025-08-28 19:50:00,654.0,653.8,654.7,653.7,3346243.9999999995,5116,2025-08-28 19:59:59
2025-08-28 20:00:00,653.7,650.7,653.8,650.4,20540434.500000007,31522,2025-08-28 20:09:59
2025-08-28 20:10:00,650.5,650.4,650.6,648.3,86106849.59999995,132589,2025-08-28 20:19:59
2025-08-28 20:20:00,650.3,651.1,651.2,649.9,8001832.799999999,12303,2025-08-28 20:29:59
2025-08-28 20:30:00,650.9,646.9,650.9,646.8,45174991.49999999,69717,2025-08-28 20:39:59
2025-08-28 20:40:00,647.0,647.3,648.0,644.5,69927280.6,108301,2025-08-28 20:49:59
2025-08-28 20:50:00,647.2,647.8,647.9,646.3,8610898.0,13307,2025-08-28 20:59:59
2025-08-28 21:00:00,647.7,647.7,647.9,646.5,2833951.7999999993,4378,2025-08-28 21:09:59
2025-08-28 21:10:00,647.6,647.4,647.9,646.5,5812971.000000001,8980,2025-08-28 21:19:59
2025-08-28 21:20:00,647.3,647.9,648.0,647.1,3247569.7,5014,2025-08-28 21:29:59
2025-08-28 21:30:00,647.9,648.9,648.9,647.7,5725294.699999999,8832,2025-08-28 21:39:59
2025-08-28 21:40:00,648.9,649.0,649.7,648.7,3816813.8000000003,5880,2025-08-28 21:49:59
2025-08-28 21:50:00,648.7,648.8,649.1,648.0,4126685.7,6364,2025-08-28 21:59:59
2025-08-28 22:00:00,648.7,646.7,648.7,646.5,7467290.8999999985,11537,2025-08-28 22:09:59
2025-08-28 22:10:00,646.7,647.0,647.3,646.7,5738050.7,8869,2025-08-28 22:19:59
2025-08-28 22:20:00,647.0,647.0,647.3,645.7,15700580.3,24286,2025-08-28 22:29:59
2025-08-28 22:30:00,646.9,646.3,646.9,646.2,3151154.6,4874,2025-08-28 22:39:59
2025-08-28 22:40:00,646.3,646.3,646.4,646.1,2423158.8000000003,3749,2025-08-28 22:49:59
2025-08-28 22:50:00,646.3,646.3,646.4,646.1,1255079.7,1942,2025-08-28 22:59:59
2025-08-28 23:00:00,646.3,646.0,646.3,645.8,3899040.8,6036,2025-08-28 23:09:59
2025-08-28 23:10:00,646.0,645.9,646.0,645.8,552215.0,855,2025-08-28 23:19:59
2025-08-28 23:20:00,646.0,645.7,646.0,645.7,2065926.3000000003,3199,2025-08-28 23:29:59
2025-08-28 23:30:00,645.7,646.8,646.8,645.5,5109029.2,7910,2025-08-28 23:39:59
2025-08-28 23:40:00,646.9,647.7,647.8,646.1,2624836.2,4055,2025-08-28 23:49:59
2025-08-29 06:50:00,645.6,645.6,645.6,645.6,1320252.0,2045,2025-08-29 06:59:59
2025-08-29 07:00:00,648.3,647.7,648.5,645.7,3698025.4000000004,5709,2025-08-29 07:09:59
2025-08-29 07:10:00,647.7,647.3,647.8,647.3,437130.5,675,2025-08-29 07:19:59
2025-08-29 07:20:00,647.2,647.8,647.8,647.2,1308896.7999999998,2021,2025-08-29 07:29:59
2025-08-29 07:30:00,647.7,647.7,647.8,647.5,450763.10000000003,696,2025-08-29 07:39:59
2025-08-29 07:40:00,647.7,647.5,647.8,647.5,256489.0,396,2025-08-29 07:49:59
2025-08-29 07:50:00,647.6,648.0,648.0,647.5,1253967.8,1936,2025-08-29 07:59:59
2025-08-29 08:00:00,648.0,648.8,649.0,647.9,536481.5,827,2025-08-29 08:09:59
2025-08-29 08:10:00,648.8,648.7,648.8,648.6,838110.2000000001,1292,2025-08-29 08:19:59
2025-08-29 08:20:00,648.7,649.3,649.3,648.6,808409.2000000001,1246,2025-08-29 08:29:59
2025-08-29 08:30:00,649.3,649.0,649.3,648.6,584650.2000000001,901,2025-08-29 08:39:59
2025-08-29 08:40:00,649.1,649.9,649.9,648.8,1939516.4000000006,2986,2025-08-29 08:49:59
2025-08-29 08:50:00,649.9,650.0,650.2,649.7,2888993.0,4445,2025-08-29 08:59:59
2025-08-29 09:00:00,650.0,652.0,652.0,649.1,5910794.299999999,9084,2025-08-29 09:09:59
2025-08-29 09:10:00,652.0,651.8,652.0,651.5,1549199.0000000002,2377,2025-08-29 09:19:59
2025-08-29 09:20:00,651.8,651.5,651.9,650.8,6005333.5,9218,2025-08-29 09:29:59
2025-08-29 09:30:00,651.3,651.0,651.6,651.0,298971.0,459,2025-08-29 09:39:59
2025-08-29 09:40:00,651.1,651.6,651.6,650.7,1976858.2,3036,2025-08-29 09:49:59
2025-08-29 09:50:00,651.6,650.0,652.4,649.7,18229824.100000005,28005,2025-08-29 09:59:59
2025-08-29 10:00:00,650.0,651.0,651.7,649.4,13687738.7,21036,2025-08-29 10:09:59
2025-08-29 10:10:00,650.8,649.2,650.9,649.2,5826470.300000001,8963,2025-08-29 10:19:59
2025-08-29 10:20:00,649.4,649.4,649.9,648.8,10246208.800000003,15782,2025-08-29 10:29:59
2025-08-29 10:30:00,649.4,649.9,649.9,649.3,2332247.5999999996,3590,2025-08-29 10:39:59
2025-08-29 10:40:00,649.9,649.0,649.9,648.6,11353321.700000003,17488,2025-08-29 10:49:59
2025-08-29 10:50:00,649.0,649.0,649.0,648.6,43260429.400000006,66661,2025-08-29 10:59:59
2025-08-29 11:00:00,648.9,649.2,649.5,648.7,18725551.7,28849,2025-08-29 11:09:59
2025-08-29 11:10:00,649.2,648.9,649.5,648.7,7502101.699999992,11560,2025-08-29 11:19:59
2025-08-29 11:20:00,648.9,648.8,649.2,648.0,19842762.00000002,30605,2025-08-29 11:29:59
2025-08-29 11:30:00,648.7,649.1,649.5,648.6,3023700.1,4657,2025-08-29 11:39:59
2025-08-29 11:40:00,649.1,649.5,649.5,649.0,1187131.0,1828,2025-08-29 11:49:59
2025-08-29 11:50:00,649.4,650.0,650.6,648.7,16796990.599999998,25851,2025-08-29 11:59:59
2025-08-29 12:00:00,650.0,650.1,650.1,648.7,10748090.900000017,16551,2025-08-29 12:09:59
2025-08-29 12:10:00,650.1,648.1,650.1,647.7,16752215.299999936,25834,2025-08-29 12:19:59
2025-08-29 12:20:00,648.3,647.8,648.7,647.3,12909742.000000026,19926,2025-08-29 12:29:59
2025-08-29 12:30:00,647.8,647.5,648.0,647.0,11826509.799999908,18265,2025-08-29 12:39:59
2025-08-29 12:40:00,647.6,646.5,647.6,646.0,23220439.600000024,35912,2025-08-29 12:49:59
2025-08-29 12:50:00,646.5,647.3,647.5,646.3,18970722.499999993,29341,2025-08-29 12:59:59
2025-08-29 13:00:00,647.4,645.3,648.5,645.3,47501569.59999996,73441,2025-08-29 13:09:59
2025-08-29 13:10:00,645.4,645.6,646.9,644.8,46109813.600000024,71455,2025-08-29 13:19:59
2025-08-29 13:20:00,645.6,645.1,646.5,644.8,32914396.700000003,51008,2025-08-29 13:29:59
2025-08-29 13:30:00,645.0,643.5,645.5,643.0,44326866.700000025,68783,2025-08-29 13:39:59
2025-08-29 13:40:00,643.4,643.5,644.5,643.0,17906576.8,27821,2025-08-29 13:49:59
2025-08-29 13:50:00,643.5,643.5,643.7,642.4,19884513.499999993,30927,2025-08-29 13:59:59
2025-08-29 14:00:00,643.5,643.6,644.7,643.0,30528015.800000004,47440,2025-08-29 14:09:59
2025-08-29 14:10:00,643.6,643.0,643.8,642.3,44635732.29999997,69423,2025-08-29 14:19:59
2025-08-29 14:20:00,643.2,644.3,644.8,643.0,4851821.799999997,7535,2025-08-29 14:29:59
2025-08-29 14:30:00,644.3,645.8,646.0,643.5,15950110.000000004,24730,2025-08-29 14:39:59
2025-08-29 14:40:00,645.8,645.2,645.9,644.4,12426764.399999999,19268,2025-08-29 14:49:59
2025-08-29 14:50:00,645.2,645.5,645.7,645.1,3103694.9999999995,4809,2025-08-29 14:59:59
2025-08-29 15:00:00,645.5,645.2,645.9,645.0,2438529.8999999994,3778,2025-08-29 15:09:59
2025-08-29 15:10:00,645.2,646.0,647.0,645.0,18432986.1,28522,2025-08-29 15:19:59
2025-08-29 15:20:00,646.0,646.4,646.9,645.7,7635505.7,11811,2025-08-29 15:29:59
2025-08-29 15:30:00,646.4,646.1,646.5,645.7,6543298.899999997,10123,2025-08-29 15:39:59
2025-08-29 15:40:00,645.9,646.3,646.5,645.9,9287790.6,14368,2025-08-29 15:49:59
2025-08-29 15:50:00,646.3,647.3,647.5,645.8,6143448.5,9496,2025-08-29 15:59:59
2025-08-29 16:00:00,647.3,647.2,647.7,647.0,4460039.700000002,6889,2025-08-29 16:09:59
2025-08-29 16:10:00,647.2,647.0,647.7,647.0,2330656.7,3600,2025-08-29 16:19:59
2025-08-29 16:20:00,647.0,647.2,647.7,646.5,2875532.4000000022,4443,2025-08-29 16:29:59
2025-08-29 16:30:00,647.2,646.8,647.4,646.7,7312196.499999999,11302,2025-08-29 16:39:59
2025-08-29 16:40:00,646.8,648.0,649.1,646.5,46232907.29999999,71368,2025-08-29 16:49:59
2025-08-29 16:50:00,648.0,649.3,649.5,648.0,11348305.399999995,17492,2025-08-29 16:59:59
2025-08-29 17:00:00,649.3,650.3,650.5,649.3,24604038.3,37849,2025-08-29 17:09:59
2025-08-29 17:10:00,650.3,651.1,652.0,649.8,14116316.599999994,21678,2025-08-29 17:19:59
2025-08-29 17:20:00,651.0,651.1,651.5,650.1,16059763.799999997,24676,2025-08-29 17:29:59
2025-08-29 17:30:00,651.1,652.6,653.0,651.0,32063079.29999999,49186,2025-08-29 17:39:59
2025-08-29 17:40:00,652.8,651.5,652.9,651.5,11951730.6,18329,2025-08-29 17:49:59
2025-08-29 17:50:00,651.5,651.2,652.2,650.7,17226476.2,26439,2025-08-29 17:59:59
2025-08-29 18:00:00,651.2,650.7,651.8,650.3,12588570.600000001,19336,2025-08-29 18:09:59
2025-08-29 18:10:00,650.8,649.8,650.8,649.6,6852417.100000001,10541,2025-08-29 18:19:59
2025-08-29 18:20:00,649.9,650.3,650.5,649.3,10883025.599999996,16740,2025-08-29 18:29:59
2025-08-29 18:30:00,650.3,650.9,650.9,650.1,11046659.9,16982,2025-08-29 18:39:59
2025-08-29 18:40:00,649.7,649.7,649.7,649.7,1088897.2000000002,1676,2025-08-29 18:49:59
2025-08-29 19:00:00,650.0,651.4,651.7,650.0,6133437.300000001,9421,2025-08-29 19:09:59
2025-08-29 19:10:00,651.3,650.5,651.4,650.3,966217.0,1485,2025-08-29 19:19:59
2025-08-29 19:20:00,650.6,651.2,651.2,650.5,662583.3,1018,2025-08-29 19:29:59
2025-08-29 19:30:00,651.2,651.6,651.7,650.9,801060.0,1230,2025-08-29 19:39:59
2025-08-29 19:40:00,651.6,651.3,651.6,651.0,1374147.7000000002,2110,2025-08-29 19:49:59
2025-08-29 19:50:00,651.4,650.7,651.9,650.6,1739480.4000000001,2671,2025-08-29 19:59:59
2025-08-29 20:00:00,650.7,651.3,651.3,650.3,2895310.3000000003,4451,2025-08-29 20:09:59
2025-08-29 20:10:00,651.1,651.6,651.8,650.8,778790.0,1196,2025-08-29 20:19:59
2025-08-29 20:20:00,651.6,651.1,651.7,651.0,712469.9,1094,2025-08-29 20:29:59
2025-08-29 20:30:00,651.1,650.7,651.6,650.6,3511058.9,5393,2025-08-29 20:39:59
2025-08-29 20:40:00,650.7,650.7,650.7,650.6,558290.8,858,2025-08-29 20:49:59
2025-08-29 20:50:00,650.7,650.9,650.9,650.5,3541039.4,5442,2025-08-29 20:59:59
2025-08-29 21:00:00,650.9,650.9,650.9,650.8,193956.7,298,2025-08-29 21:09:59
2025-08-29 21:10:00,650.8,649.8,650.8,649.7,3702818.6999999997,5696,2025-08-29 21:19:59
2025-08-29 21:20:00,649.8,650.4,650.4,649.7,1582506.7000000002,2435,2025-08-29 21:29:59
2025-08-29 21:30:00,650.4,649.8,650.4,649.7,882486.3,1358,2025-08-29 21:39:59
2025-08-29 21:40:00,649.8,649.2,649.8,649.1,2880891.9000000004,4436,2025-08-29 21:49:59
2025-08-29 21:50:00,649.2,649.2,649.2,649.1,401851.3,619,2025-08-29 21:59:59
2025-08-29 22:00:00,649.2,649.2,649.2,649.1,300562.39999999997,463,2025-08-29 22:09:59
2025-08-29 22:10:00,649.1,647.8,649.2,647.8,6651041.199999998,10257,2025-08-29 22:19:59
2025-08-29 22:20:00,647.9,649.0,649.2,647.8,4222742.4,6509,2025-08-29 22:29:59
2025-08-29 22:30:00,649.0,649.6,649.6,648.9,1996578.4,3075,2025-08-29 22:39:59
2025-08-29 22:40:00,649.6,649.6,649.6,649.5,83148.6,128,2025-08-29 22:49:59
2025-08-29 22:50:00,649.6,649.8,649.8,649.6,83159.9,128,2025-08-29 22:59:59
2025-08-29 23:00:00,649.6,649.9,650.1,649.6,917041.0999999999,1411,2025-08-29 23:09:59
2025-08-29 23:10:00,649.8,650.3,650.3,649.8,206115.89999999997,317,2025-08-29 23:19:59
2025-08-29 23:20:00,650.2,650.5,650.9,650.2,6456216.600000001,9923,2025-08-29 23:29:59
2025-08-29 23:30:00,650.9,651.2,651.4,650.5,2881550.4,4425,2025-08-29 23:39:59
2025-08-29 23:40:00,651.3,651.3,651.5,651.1,2122581.5,3259,2025-08-29 23:49:59
2025-08-30 09:50:00,653.0,653.0,653.0,653.0,171739.0,263,2025-08-30 09:59:59
2025-08-30 10:00:00,653.0,652.9,653.2,651.6,3248688.3,4976,2025-08-30 10:09:59
2025-08-30 10:10:00,652.9,652.7,653.1,652.7,801254.7,1227,2025-08-30 10:19:59
2025-08-30 10:20:00,652.7,653.5,653.7,652.7,314944.0,482,2025-08-30 10:29:59
2025-08-30 10:30:00,653.2,653.3,654.4,653.1,2166232.9,3312,2025-08-30 10:39:59
2025-08-30 10:40:00,653.8,655.0,655.8,653.4,8968593.399999999,13693,2025-08-30 10:49:59
2025-08-30 10:50:00,654.9,654.9,655.1,654.3,1233295.4999999998,1883,2025-08-30 10:59:59
2025-08-30 11:00:00,654.9,654.8,654.9,654.3,565700.5,864,2025-08-30 11:09:59
2025-08-30 11:10:00,654.8,654.5,654.8,653.9,329121.9,503,2025-08-30 11:19:59
2025-08-30 11:20:00,654.4,654.2,654.5,653.9,57569.7,88,2025-08-30 11:29:59
2025-08-30 11:30:00,654.0,654.2,654.2,654.0,217180.5,332,2025-08-30 11:39:59
2025-08-30 11:40:00,654.1,654.2,654.2,654.0,85038.0,130,2025-08-30 11:49:59
2025-08-30 11:50:00,654.2,653.4,654.2,653.3,1018375.8000000002,1558,2025-08-30 11:59:59
2025-08-30 12:00:00,653.5,653.8,653.9,653.3,372577.10000000003,570,2025-08-30 12:09:59
2025-08-30 12:10:00,653.8,653.4,653.8,653.1,752687.8999999999,1152,2025-08-30 12:19:59
2025-08-30 12:20:00,653.2,653.0,653.3,652.8,1907532.0999999999,2921,2025-08-30 12:29:59
2025-08-30 12:30:00,653.0,653.9,654.4,652.8,6905401.100000001,10559,2025-08-30 12:39:59
2025-08-30 12:40:00,653.8,653.2,653.8,652.9,347021.2,531,2025-08-30 12:49:59
2025-08-30 12:50:00,653.3,653.1,653.3,652.9,244909.8,375,2025-08-30 12:59:59
2025-08-30 13:00:00,653.1,654.0,654.2,653.0,1359338.6,2079,2025-08-30 13:09:59
2025-08-30 13:10:00,654.0,652.9,654.0,652.8,1643124.0999999996,2515,2025-08-30 13:19:59
2025-08-30 13:20:00,652.9,653.6,653.6,652.9,63344.99999999999,97,2025-08-30 13:29:59
2025-08-30 13:30:00,653.2,653.1,653.7,653.1,741040.2999999999,1134,2025-08-30 13:39:59
2025-08-30 13:40:00,653.1,653.0,653.5,652.9,74451.2,114,2025-08-30 13:49:59
2025-08-30 13:50:00,653.4,653.2,653.4,652.9,88822.49999999999,136,2025-08-30 13:59:59
2025-08-30 14:00:00,653.2,653.2,653.2,652.7,1006852.1,1542,2025-08-30 14:09:59
2025-08-30 14:10:00,653.1,652.9,653.1,652.9,277536.3,425,2025-08-30 14:19:59
2025-08-30 14:20:00,652.8,652.8,653.0,652.7,184093.80000000002,282,2025-08-30 14:29:59
2025-08-30 14:30:00,653.0,652.9,653.2,652.7,319281.7,489,2025-08-30 14:39:59
2025-08-30 14:40:00,653.2,652.9,653.2,652.9,37875.6,58,2025-08-30 14:49:59
2025-08-30 14:50:00,653.1,652.6,653.1,652.6,252587.80000000002,387,2025-08-30 14:59:59
2025-08-30 15:00:00,652.6,652.7,652.7,652.5,114210.29999999997,175,2025-08-30 15:09:59
2025-08-30 15:10:00,652.7,653.0,653.1,652.6,86823.1,133,2025-08-30 15:19:59
2025-08-30 15:20:00,653.0,653.1,653.1,652.8,135186.9,207,2025-08-30 15:29:59
2025-08-30 15:30:00,653.1,653.7,653.7,652.6,1577938.5,2415,2025-08-30 15:39:59
2025-08-30 15:40:00,653.3,654.0,654.0,653.2,800137.6000000001,1224,2025-08-30 15:49:59
2025-08-30 15:50:00,653.9,653.5,653.9,653.1,318253.6,487,2025-08-30 15:59:59
2025-08-30 16:00:00,653.8,653.7,653.8,653.4,281730.0,431,2025-08-30 16:09:59
2025-08-30 16:10:00,653.8,653.8,653.8,653.4,437944.1,670,2025-08-30 16:19:59
2025-08-30 16:20:00,653.8,653.8,653.8,653.5,192174.60000000003,294,2025-08-30 16:29:59
2025-08-30 16:30:00,653.8,653.5,653.8,653.3,33323.8,51,2025-08-30 16:39:59
2025-08-30 16:40:00,653.5,653.4,653.9,653.2,352826.1,540,2025-08-30 16:49:59
2025-08-30 16:50:00,653.7,653.4,653.7,653.4,100639.09999999999,154,2025-08-30 16:59:59
2025-08-30 17:00:00,653.7,653.4,653.7,653.4,82333.6,126,2025-08-30 17:09:59
2025-08-30 17:10:00,653.5,653.2,653.5,653.2,47046.49999999999,72,2025-08-30 17:19:59
2025-08-30 17:20:00,653.5,653.6,653.8,653.5,379811.50000000006,581,2025-08-30 17:29:59
2025-08-30 17:30:00,653.7,653.9,653.9,653.7,369420.89999999997,565,2025-08-30 17:39:59
2025-08-30 17:40:00,653.9,654.0,654.0,653.9,284452.8,435,2025-08-30 17:49:59
2025-08-30 17:50:00,654.0,653.9,654.0,653.4,716650.8000000002,1096,2025-08-30 17:59:59
2025-08-30 18:00:00,654.0,653.9,654.0,653.8,128163.0,196,2025-08-30 18:09:59
2025-08-30 18:10:00,653.9,654.0,654.0,653.5,227518.8,348,2025-08-30 18:19:59
2025-08-30 18:20:00,654.0,654.0,654.2,653.8,510823.7,781,2025-08-30 18:29:59
2025-08-30 18:30:00,654.0,654.2,654.2,653.6,94195.8,144,2025-08-30 18:39:59
2025-08-30 18:40:00,654.3,654.4,654.4,653.5,1826228.2000000002,2793,2025-08-30 18:49:59
2025-08-30 18:50:00,654.3,654.4,654.4,653.6,298936.4,457,2025-08-30 18:59:59
2025-08-31 09:50:00,654.5,654.5,654.5,654.5,58250.5,89,2025-08-31 09:59:59
2025-08-31 10:00:00,654.8,656.2,656.6,654.4,4529944.6,6906,2025-08-31 10:09:59
2025-08-31 10:10:00,656.0,655.7,656.2,655.7,387667.30000000005,591,2025-08-31 10:19:59
2025-08-31 10:20:00,655.9,655.8,656.0,655.6,1893088.2999999998,2887,2025-08-31 10:29:59
2025-08-31 10:30:00,655.8,655.8,655.8,655.6,742972.0,1133,2025-08-31 10:39:59
2025-08-31 10:40:00,655.8,656.0,656.0,655.5,1068280.1,1629,2025-08-31 10:49:59
2025-08-31 10:50:00,655.9,656.1,656.2,655.9,473009.4,721,2025-08-31 10:59:59
2025-08-31 11:00:00,656.1,656.6,656.6,656.1,1604437.8,2444,2025-08-31 11:09:59
2025-08-31 11:10:00,656.6,656.9,657.1,656.6,5362686.100000001,8163,2025-08-31 11:19:59
2025-08-31 11:20:00,656.9,657.6,657.6,656.9,1695458.5999999999,2580,2025-08-31 11:29:59
2025-08-31 11:30:00,657.5,657.7,657.7,657.3,700900.2000000002,1066,2025-08-31 11:39:59
2025-08-31 11:40:00,657.6,657.7,657.7,657.4,453715.5,690,2025-08-31 11:49:59
2025-08-31 11:50:00,657.5,657.7,657.8,657.5,1208106.2,1837,2025-08-31 11:59:59
2025-08-31 12:00:00,657.7,657.8,657.8,657.6,751745.3,1143,2025-08-31 12:09:59
2025-08-31 12:10:00,657.7,657.8,657.8,657.7,189438.9,288,2025-08-31 12:19:59
2025-08-31 12:20:00,657.8,657.7,657.8,657.6,652411.3999999999,992,2025-08-31 12:29:59
2025-08-31 12:30:00,657.6,657.7,657.7,657.6,222289.19999999998,338,2025-08-31 12:39:59
2025-08-31 12:40:00,657.7,657.8,657.8,657.6,710994.9000000001,1081,2025-08-31 12:49:59
2025-08-31 12:50:00,657.8,657.6,657.8,657.6,229510.8,349,2025-08-31 12:59:59
2025-08-31 13:00:00,657.7,657.7,657.8,657.6,864870.2999999999,1315,2025-08-31 13:09:59
2025-08-31 13:10:00,657.7,657.7,657.8,657.7,570288.6,867,2025-08-31 13:19:59
2025-08-31 13:20:00,657.8,657.7,657.8,657.7,188109.3,286,2025-08-31 13:29:59
2025-08-31 13:30:00,657.7,657.8,657.8,657.7,70382.19999999998,107,2025-08-31 13:39:59
2025-08-31 13:40:00,657.7,657.8,657.8,657.7,77617.3,118,2025-08-31 13:49:59
2025-08-31 13:50:00,657.8,657.7,657.8,657.7,183504.80000000002,279,2025-08-31 13:59:59
2025-08-31 14:00:00,657.7,657.7,657.7,657.6,618167.0999999999,940,2025-08-31 14:09:59
2025-08-31 14:10:00,657.7,657.7,657.8,657.6,1217407.0,1851,2025-08-31 14:19:59
2025-08-31 14:20:00,657.7,657.5,657.7,657.5,367592.8,559,2025-08-31 14:29:59
2025-08-31 14:30:00,657.5,657.5,657.6,657.4,1091419.2999999998,1660,2025-08-31 14:39:59
2025-08-31 14:40:00,657.5,657.7,657.7,657.4,1501708.9,2284,2025-08-31 14:49:59
2025-08-31 14:50:00,657.7,657.5,657.8,657.5,1260874.9000000001,1917,2025-08-31 14:59:59
2025-08-31 15:00:00,657.7,657.7,657.7,657.6,143374.59999999998,218,2025-08-31 15:09:59
2025-08-31 15:10:00,657.7,657.7,657.7,657.5,351185.2,534,2025-08-31 15:19:59
2025-08-31 15:20:00,657.7,657.6,657.7,657.5,215678.90000000002,328,2025-08-31 15:29:59
2025-08-31 15:30:00,657.5,657.6,657.7,657.5,94704.0,144,2025-08-31 15:39:59
2025-08-31 15:40:00,657.6,657.5,657.7,657.4,731062.9000000001,1112,2025-08-31 15:49:59
2025-08-31 15:50:00,657.5,657.4,657.6,657.4,57862.200000000004,88,2025-08-31 15:59:59
2025-08-31 16:00:00,657.6,657.5,657.6,657.5,57864.79999999999,88,2025-08-31 16:09:59
2025-08-31 16:10:00,657.6,657.5,657.6,657.5,138085.09999999998,210,2025-08-31 16:19:59
2025-08-31 16:20:00,657.5,657.5,657.6,657.4,447751.00000000006,681,2025-08-31 16:29:59
2025-08-31 16:30:00,657.5,657.4,657.5,657.4,51278.50000000001,78,2025-08-31 16:39:59
2025-08-31 16:40:00,657.4,657.3,657.4,657.3,515360.4000000001,784,2025-08-31 16:49:59
2025-08-31 16:50:00,657.4,657.3,657.4,657.3,73621.2,112,2025-08-31 16:59:59
2025-08-31 17:00:00,657.4,657.3,657.4,657.3,143968.5,219,2025-08-31 17:09:59
2025-08-31 17:10:00,657.3,657.4,657.4,657.3,91367.29999999999,139,2025-08-31 17:19:59
2025-08-31 17:20:00,657.4,657.4,657.4,657.3,304359.10000000003,463,2025-08-31 17:29:59
2025-08-31 17:30:00,657.3,657.4,657.4,657.2,612616.9000000001,932,2025-08-31 17:39:59
2025-08-31 17:40:00,657.4,657.1,657.4,657.1,212265.69999999998,323,2025-08-31 17:49:59
2025-08-31 17:50:00,657.4,657.3,657.4,657.2,47986.4,73,2025-08-31 17:59:59
2025-08-31 18:00:00,657.4,657.4,657.4,657.2,83489.3,127,2025-08-31 18:09:59
2025-08-31 18:10:00,657.4,657.4,657.4,657.1,100569.6,153,2025-08-31 18:19:59
2025-08-31 18:20:00,657.4,657.2,657.4,657.1,462065.2000000001,703,2025-08-31 18:29:59
2025-08-31 18:30:00,657.4,657.1,657.4,657.1,210276.2,320,2025-08-31 18:39:59
2025-08-31 18:40:00,657.2,657.3,657.3,657.1,509933.89999999997,776,2025-08-31 18:49:59
2025-08-31 18:50:00,657.2,657.4,657.4,657.1,279974.1,426,2025-08-31 18:59:59
2025-09-01 06:50:00,659.0,659.0,659.0,659.0,1209265.0,1835,2025-09-01 06:59:59
2025-09-01 07:00:00,659.1,658.7,659.5,658.4,7899669.1,11988,2025-09-01 07:09:59
2025-09-01 07:10:00,658.8,659.2,659.2,658.1,2005428.2999999998,3046,2025-09-01 07:19:59
2025-09-01 07:20:00,659.2,659.2,659.2,658.8,547028.7,830,2025-09-01 07:29:59
2025-09-01 07:30:00,659.1,659.0,659.1,658.9,1372791.1,2083,2025-09-01 07:39:59
2025-09-01 07:40:00,659.0,659.0,659.1,658.9,581887.5,883,2025-09-01 07:49:59
2025-09-01 07:50:00,659.1,659.3,659.3,659.0,1863963.5999999996,2828,2025-09-01 07:59:59
2025-09-01 08:00:00,659.3,659.3,659.3,659.1,1232838.4000000004,1870,2025-09-01 08:09:59
2025-09-01 08:10:00,659.2,659.5,659.5,659.2,2054676.5000000002,3116,2025-09-01 08:19:59
2025-09-01 08:20:00,659.5,658.6,659.5,658.4,15370057.100000001,23324,2025-09-01 08:29:59
2025-09-01 08:30:00,658.9,658.5,659.0,658.3,3016964.8,4580,2025-09-01 08:39:59
2025-09-01 08:40:00,658.5,659.0,659.1,657.4,10659036.400000002,16195,2025-09-01 08:49:59
2025-09-01 08:50:00,659.0,658.3,659.0,658.0,2845896.1,4323,2025-09-01 08:59:59
2025-09-01 09:00:00,658.0,658.6,658.8,657.3,10381470.7,15773,2025-09-01 09:09:59
2025-09-01 09:10:00,658.5,659.8,660.0,658.3,27209504.400000002,41258,2025-09-01 09:19:59
2025-09-01 09:20:00,659.9,662.1,662.3,659.8,21367664.3,32320,2025-09-01 09:29:59
2025-09-01 09:30:00,662.1,661.8,662.4,661.2,13187641.299999999,19928,2025-09-01 09:39:59
2025-09-01 09:40:00,661.8,661.2,661.9,661.1,6424553.1,9713,2025-09-01 09:49:59
2025-09-01 09:50:00,661.1,661.3,661.4,661.0,4716171.8,7133,2025-09-01 09:59:59
2025-09-01 10:00:00,661.4,661.1,662.0,661.0,15608038.5,23608,2025-09-01 10:09:59
2025-09-01 10:10:00,661.2,659.5,661.2,659.1,29263410.099999998,44316,2025-09-01 10:19:59
2025-09-01 10:20:00,659.5,658.1,659.5,657.6,43010278.10000002,65329,2025-09-01 10:29:59
2025-09-01 10:30:00,658.3,658.2,658.3,658.0,5519653.200000001,8386,2025-09-01 10:39:59
2025-09-01 10:40:00,658.2,658.0,658.2,657.8,2185974.0,3322,2025-09-01 10:49:59
2025-09-01 10:50:00,658.0,658.3,658.3,657.9,11867329.6,18030,2025-09-01 10:59:59
2025-09-01 11:00:00,658.3,658.6,659.0,658.2,11588810.8,17594,2025-09-01 11:09:59
2025-09-01 11:10:00,658.6,658.7,658.7,658.5,1387771.0,2107,2025-09-01 11:19:59
2025-09-01 11:20:00,658.7,658.6,658.7,658.5,1547004.4000000001,2349,2025-09-01 11:29:59
2025-09-01 11:30:00,658.6,658.2,658.6,657.3,17301682.499999996,26296,2025-09-01 11:39:59
2025-09-01 11:40:00,658.2,659.0,659.0,658.1,4528594.8,6877,2025-09-01 11:49:59
2025-09-01 11:50:00,659.0,659.0,659.2,658.3,8920784.799999999,13539,2025-09-01 11:59:59
2025-09-01 12:00:00,659.2,658.9,659.2,658.9,2033485.4000000001,3085,2025-09-01 12:09:59
2025-09-01 12:10:00,659.0,659.2,659.3,658.7,5381833.9,8165,2025-09-01 12:19:59
2025-09-01 12:20:00,659.2,658.3,659.2,658.0,2204747.0999999996,3349,2025-09-01 12:29:59
2025-09-01 12:30:00,658.4,659.3,659.3,658.2,3496046.5,5305,2025-09-01 12:39:59
2025-09-01 12:40:00,659.3,658.9,659.3,658.6,3513156.8000000003,5332,2025-09-01 12:49:59
2025-09-01 12:50:00,659.2,658.4,659.2,658.4,5749566.0,8728,2025-09-01 12:59:59
2025-09-01 13:00:00,658.5,658.5,659.2,658.2,5684471.300000001,8628,2025-09-01 13:09:59
2025-09-01 13:10:00,658.8,658.1,658.9,657.9,8142435.4,12369,2025-09-01 13:19:59
2025-09-01 13:20:00,658.1,656.1,658.3,656.1,19807723.4,30147,2025-09-01 13:29:59
2025-09-01 13:30:00,656.2,657.2,657.5,656.1,5367848.200000002,8171,2025-09-01 13:39:59
2025-09-01 13:40:00,657.1,655.7,657.3,655.7,11839932.200000001,18041,2025-09-01 13:49:59
2025-09-01 13:50:00,655.7,656.8,657.2,655.7,17549828.799999997,26728,2025-09-01 13:59:59
2025-09-01 14:00:00,656.9,656.5,657.3,656.0,6770115.6,10312,2025-09-01 14:09:59
2025-09-01 14:10:00,656.6,656.4,657.5,655.5,16788337.0,25572,2025-09-01 14:19:59
2025-09-01 14:20:00,656.4,657.7,658.1,656.0,12642776.000000004,19236,2025-09-01 14:29:59
2025-09-01 14:30:00,657.5,657.5,657.8,657.1,2941756.9000000004,4473,2025-09-01 14:39:59
2025-09-01 14:40:00,657.5,657.5,657.6,656.9,6880255.700000001,10469,2025-09-01 14:49:59
2025-09-01 14:50:00,657.5,657.2,658.2,657.0,8505234.9,12937,2025-09-01 14:59:59
2025-09-01 15:00:00,657.2,656.5,657.2,655.9,22054877.7,33605,2025-09-01 15:09:59
2025-09-01 15:10:00,656.5,656.0,656.5,655.5,8653177.9,13193,2025-09-01 15:19:59
2025-09-01 15:20:00,655.8,655.4,656.2,655.0,9876962.000000002,15070,2025-09-01 15:29:59
2025-09-01 15:30:00,655.3,657.3,657.7,655.1,12687882.600000001,19320,2025-09-01 15:39:59
2025-09-01 15:40:00,657.1,657.2,657.9,657.0,3117474.5999999996,4742,2025-09-01 15:49:59
2025-09-01 15:50:00,657.1,655.7,657.3,655.4,15022011.099999929,22901,2025-09-01 15:59:59
2025-09-01 16:00:00,655.7,655.7,656.2,655.2,3589568.199999993,5476,2025-09-01 16:09:59
2025-09-01 16:10:00,655.7,654.8,655.7,654.4,16955859.699999996,25890,2025-09-01 16:19:59
2025-09-01 16:20:00,654.8,655.0,655.4,653.4,19976575.900000002,30532,2025-09-01 16:29:59
2025-09-01 16:30:00,654.9,655.2,655.2,654.1,3745194.000000001,5722,2025-09-01 16:39:59
2025-09-01 16:40:00,655.2,655.5,655.5,655.0,1803865.0,2753,2025-09-01 16:49:59
2025-09-01 16:50:00,655.5,655.0,655.6,654.9,1800624.4,2748,2025-09-01 16:59:59
2025-09-01 17:00:00,655.0,654.5,655.2,654.1,6801151.700000001,10393,2025-09-01 17:09:59
2025-09-01 17:10:00,654.3,654.0,654.9,653.1,9229429.299999999,14113,2025-09-01 17:19:59
2025-09-01 17:20:00,654.0,653.8,654.3,653.2,1187820.1,1817,2025-09-01 17:29:59
2025-09-01 17:30:00,653.8,653.8,654.0,653.2,2689745.0,4115,2025-09-01 17:39:59
2025-09-01 17:40:00,653.6,653.1,653.8,652.5,11684789.500000002,17889,2025-09-01 17:49:59
2025-09-01 17:50:00,653.1,653.0,653.7,652.6,3082965.5,4721,2025-09-01 17:59:59
2025-09-01 18:00:00,652.9,652.0,653.0,652.0,6910773.800000001,10592,2025-09-01 18:09:59
2025-09-01 18:10:00,652.3,652.9,653.2,652.0,12045493.700000001,18465,2025-09-01 18:19:59
2025-09-01 18:20:00,653.0,652.1,653.1,652.0,6674326.5,10230,2025-09-01 18:29:59
2025-09-01 18:30:00,652.0,652.5,652.8,651.4,11088353.7,17005,2025-09-01 18:39:59
2025-09-01 18:40:00,651.0,651.0,651.0,651.0,7799631.0,11981,2025-09-01 18:49:59
2025-09-01 19:00:00,651.3,652.2,652.6,651.3,4612110.6,7073,2025-09-01 19:09:59
2025-09-01 19:10:00,652.0,652.5,652.8,652.0,2149626.7,3295,2025-09-01 19:19:59
2025-09-01 19:20:00,652.5,652.5,653.2,652.4,2319620.7,3554,2025-09-01 19:29:59
2025-09-01 19:30:00,652.4,652.2,653.0,652.1,1688687.2999999998,2588,2025-09-01 19:39:59
2025-09-01 19:40:00,652.2,650.0,652.2,649.6,16207450.300000004,24923,2025-09-01 19:49:59
2025-09-01 19:50:00,650.0,650.3,650.7,649.1,14853457.200000001,22853,2025-09-01 19:59:59
2025-09-01 20:00:00,650.1,650.5,650.6,650.1,2715273.8,4175,2025-09-01 20:09:59
2025-09-01 20:10:00,650.5,651.2,651.3,650.3,2282989.3000000003,3508,2025-09-01 20:19:59
2025-09-01 20:20:00,651.0,651.1,651.2,651.0,223971.7,344,2025-09-01 20:29:59
2025-09-01 20:30:00,651.1,652.6,652.7,651.0,4208137.0,6455,2025-09-01 20:39:59
2025-09-01 20:40:00,652.7,652.9,652.9,652.6,3207466.8,4914,2025-09-01 20:49:59
2025-09-01 20:50:00,652.9,652.8,652.9,652.6,225844.00000000003,346,2025-09-01 20:59:59
2025-09-01 21:00:00,652.8,652.8,652.8,652.6,701696.8999999999,1075,2025-09-01 21:09:59
2025-09-01 21:10:00,652.8,653.0,653.0,652.7,2350532.8000000003,3600,2025-09-01 21:19:59
2025-09-01 21:20:00,653.0,652.7,653.0,652.5,1709102.4,2618,2025-09-01 21:29:59
2025-09-01 21:30:00,652.7,652.2,652.7,652.1,1542639.2999999998,2365,2025-09-01 21:39:59
2025-09-01 21:40:00,652.1,651.1,652.2,650.3,15192495.6,23326,2025-09-01 21:49:59
2025-09-01 21:50:00,651.0,651.2,651.2,650.6,1756915.7,2699,2025-09-01 21:59:59
2025-09-01 22:00:00,651.2,650.6,651.2,650.6,890711.6,1369,2025-09-01 22:09:59
2025-09-01 22:10:00,650.7,651.4,651.5,650.6,1077404.6,1655,2025-09-01 22:19:59
2025-09-01 22:20:00,651.4,651.2,651.9,651.1,5023467.0,7709,2025-09-01 22:29:59
2025-09-01 22:30:00,651.2,651.4,651.4,651.2,679318.0000000001,1043,2025-09-01 22:39:59
2025-09-01 22:40:00,651.3,651.4,651.4,651.3,395379.0,607,2025-09-01 22:49:59
2025-09-01 22:50:00,651.4,651.4,651.4,651.3,186931.80000000002,287,2025-09-01 22:59:59
2025-09-01 23:00:00,651.4,651.3,651.4,651.3,403823.29999999993,620,2025-09-01 23:09:59
2025-09-01 23:10:00,651.4,650.8,651.4,650.7,463594.9999999999,712,2025-09-01 23:19:59
2025-09-01 23:20:00,650.9,650.6,650.9,650.6,144450.4,222,2025-09-01 23:29:59
2025-09-01 23:30:00,650.7,651.2,651.2,650.6,1878891.7999999998,2887,2025-09-01 23:39:59
2025-09-01 23:40:00,651.4,651.0,651.4,650.9,1190115.0,1828,2025-09-01 23:49:59
2025-09-02 06:50:00,651.0,651.0,651.0,651.0,10416.0,16,2025-09-02 06:59:59
2025-09-02 07:00:00,652.0,651.9,652.7,651.0,586304.5,899,2025-09-02 07:09:59
2025-09-02 07:10:00,651.8,652.4,652.4,651.8,401776.0,616,2025-09-02 07:19:59
2025-09-02 07:20:00,652.4,652.2,652.4,651.8,135027.19999999998,207,2025-09-02 07:29:59
2025-09-02 07:30:00,652.2,652.4,652.4,651.8,594508.4,912,2025-09-02 07:39:59
2025-09-02 07:40:00,652.3,652.5,652.8,652.2,1249637.9,1915,2025-09-02 07:49:59
2025-09-02 07:50:00,652.8,649.3,652.8,649.3,7757668.4,11918,2025-09-02 07:59:59
2025-09-02 08:00:00,649.3,648.3,649.6,648.3,3201380.2,4932,2025-09-02 08:09:59
2025-09-02 08:10:00,648.3,647.6,648.3,646.9,5401479.400000001,8342,2025-09-02 08:19:59
2025-09-02 08:20:00,647.8,647.8,648.1,647.8,1496820.9999999998,2310,2025-09-02 08:29:59
2025-09-02 08:30:00,648.0,648.6,648.6,647.3,4358134.3,6726,2025-09-02 08:39:59
2025-09-02 08:40:00,648.2,648.0,648.6,647.9,379238.2,585,2025-09-02 08:49:59
2025-09-02 08:50:00,648.0,648.0,648.0,647.9,1220813.4,1884,2025-09-02 08:59:59
2025-09-02 09:00:00,648.0,646.8,648.0,645.6,17757091.700000003,27463,2025-09-02 09:09:59
2025-09-02 09:10:00,646.7,646.3,646.9,645.8,5173725.700000001,8005,2025-09-02 09:19:59
2025-09-02 09:20:00,646.3,646.5,646.7,646.1,2126835.7,3290,2025-09-02 09:29:59
2025-09-02 09:30:00,646.5,646.6,646.6,646.0,2004907.7,3102,2025-09-02 09:39:59
2025-09-02 09:40:00,646.6,647.1,647.1,646.1,2880785.9,4456,2025-09-02 09:49:59
2025-09-02 09:50:00,647.1,647.7,647.9,646.9,5064392.8,7822,2025-09-02 09:59:59
2025-09-02 10:00:00,647.6,645.9,647.8,645.9,5918080.4,9150,2025-09-02 10:09:59
2025-09-02 10:10:00,646.2,647.3,647.6,646.2,4817927.099999999,7446,2025-09-02 10:19:59
2025-09-02 10:20:00,647.2,646.0,647.6,645.9,20068627.500000007,31044,2025-09-02 10:29:59
2025-09-02 10:30:00,646.0,645.8,646.0,645.4,17804404.3,27566,2025-09-02 10:39:59
2025-09-02 10:40:00,645.8,644.9,646.0,644.0,25377303.199999966,39342,2025-09-02 10:49:59
2025-09-02 10:50:00,644.8,643.0,644.9,642.7,10906957.599999996,16945,2025-09-02 10:59:59
2025-09-02 11:00:00,643.0,643.4,643.5,641.4,16706099.499999998,26006,2025-09-02 11:09:59
2025-09-02 11:10:00,643.4,643.3,644.2,642.7,9847848.100000001,15306,2025-09-02 11:19:59
2025-09-02 11:20:00,643.5,644.9,644.9,643.5,4625572.199999999,7180,2025-09-02 11:29:59
2025-09-02 11:30:00,644.9,645.1,646.0,644.8,6332127.399999999,9811,2025-09-02 11:39:59
2025-09-02 11:40:00,645.1,644.6,645.1,644.1,5166517.600000001,8014,2025-09-02 11:49:59
2025-09-02 11:50:00,644.6,645.9,646.0,644.6,8189345.6,12687,2025-09-02 11:59:59
2025-09-02 12:00:00,646.0,644.8,646.0,643.8,12416823.9,19257,2025-09-02 12:09:59
2025-09-02 12:10:00,644.7,644.2,646.0,644.1,18898917.400000006,29317,2025-09-02 12:19:59
2025-09-02 12:20:00,644.2,643.6,644.2,643.0,7732363.8,12013,2025-09-02 12:29:59
2025-09-02 12:30:00,643.6,644.2,644.2,643.2,14887968.099999998,23122,2025-09-02 12:39:59
2025-09-02 12:40:00,644.2,644.2,644.2,643.6,16476961.100000003,25585,2025-09-02 12:49:59
2025-09-02 12:50:00,644.2,643.5,644.2,643.0,10698028.499999998,16619,2025-09-02 12:59:59
2025-09-02 13:00:00,643.5,644.1,644.1,642.6,11240099.200000001,17467,2025-09-02 13:09:59
2025-09-02 13:10:00,644.1,644.2,644.2,643.1,16345709.599999998,25382,2025-09-02 13:19:59
2025-09-02 13:20:00,644.2,644.2,644.2,643.8,4673349.299999999,7255,2025-09-02 13:29:59
2025-09-02 13:30:00,644.2,645.6,645.6,644.1,12319396.399999999,19109,2025-09-02 13:39:59
2025-09-02 13:40:00,645.6,645.3,646.0,645.0,12662734.200000001,19609,2025-09-02 13:49:59
2025-09-02 13:50:00,645.3,645.7,645.8,644.5,10701788.399999999,16593,2025-09-02 13:59:59
2025-09-02 14:00:00,645.7,645.6,645.7,644.7,12647339.4,19602,2025-09-02 14:09:59
2025-09-02 14:10:00,645.3,644.7,645.6,644.5,5612619.399999999,8700,2025-09-02 14:19:59
2025-09-02 14:20:00,644.8,645.3,645.6,644.7,6991726.2,10837,2025-09-02 14:29:59
2025-09-02 14:30:00,645.4,646.0,646.0,645.0,7861776.100000001,12174,2025-09-02 14:39:59
2025-09-02 14:40:00,645.8,645.9,646.0,645.0,7226701.7,11191,2025-09-02 14:49:59
2025-09-02 14:50:00,645.8,646.0,646.0,645.7,4701483.2,7278,2025-09-02 14:59:59
2025-09-02 15:00:00,646.0,647.7,648.4,644.2,27074305.900000002,41875,2025-09-02 15:09:59
2025-09-02 15:10:00,647.7,647.8,648.9,647.0,20524402.4,31671,2025-09-02 15:19:59
2025-09-02 15:20:00,647.9,646.0,647.9,645.7,17426962.999999996,26943,2025-09-02 15:29:59
2025-09-02 15:30:00,646.0,644.7,646.0,644.5,21841896.599999998,33862,2025-09-02 15:39:59
2025-09-02 15:40:00,644.7,645.0,645.7,644.5,7626285.099999999,11822,2025-09-02 15:49:59
2025-09-02 15:50:00,645.0,644.6,645.5,644.0,15487023.700000001,24030,2025-09-02 15:59:59
2025-09-02 16:00:00,644.6,643.1,644.7,642.2,18947414.299999997,29447,2025-09-02 16:09:59
2025-09-02 16:10:00,643.0,642.0,644.0,641.9,34886251.19999999,54271,2025-09-02 16:19:59
2025-09-02 16:20:00,642.0,642.8,642.9,641.8,24595757.599999998,38309,2025-09-02 16:29:59
2025-09-02 16:30:00,642.8,643.4,643.4,642.0,7872657.600000001,12250,2025-09-02 16:39:59
2025-09-02 16:40:00,643.4,643.5,644.1,642.9,10218614.1,15876,2025-09-02 16:49:59
2025-09-02 16:50:00,643.5,644.1,644.3,643.1,14210370.600000001,22077,2025-09-02 16:59:59
2025-09-02 17:00:00,644.1,644.1,645.7,643.5,32750735.3,50807,2025-09-02 17:09:59
2025-09-02 17:10:00,644.1,645.1,645.1,644.1,4867257.300000001,7550,2025-09-02 17:19:59
2025-09-02 17:20:00,645.1,645.0,645.2,644.6,4606976.5,7143,2025-09-02 17:29:59
2025-09-02 17:30:00,645.2,645.1,645.6,644.8,4839684.5,7501,2025-09-02 17:39:59
2025-09-02 17:40:00,645.2,645.0,645.5,644.5,9198005.0,14258,2025-09-02 17:49:59
2025-09-02 17:50:00,644.9,644.3,645.2,644.0,9810037.899999999,15218,2025-09-02 17:59:59
2025-09-02 18:00:00,644.2,642.7,644.2,642.7,20542105.700000003,31928,2025-09-02 18:09:59
2025-09-02 18:10:00,642.9,642.6,643.1,642.0,11916042.7,18547,2025-09-02 18:19:59
2025-09-02 18:20:00,642.7,642.1,643.4,642.0,21053431.8,32774,2025-09-02 18:29:59
2025-09-02 18:30:00,642.1,641.8,642.2,641.0,18982467.199999996,29589,2025-09-02 18:39:59
2025-09-02 18:40:00,642.1,642.1,642.1,642.1,2120214.2,3302,2025-09-02 18:49:59
2025-09-02 19:00:00,642.0,642.6,642.9,641.5,6006351.100000001,9354,2025-09-02 19:09:59
2025-09-02 19:10:00,642.6,642.0,642.6,641.8,2908666.299999999,4531,2025-09-02 19:19:59
2025-09-02 19:20:00,642.0,641.2,642.0,641.1,5245224.2,8174,2025-09-02 19:29:59
2025-09-02 19:30:00,641.2,641.7,641.7,641.0,3648315.3,5690,2025-09-02 19:39:59
2025-09-02 19:40:00,641.3,641.6,642.2,641.0,5031378.600000001,7843,2025-09-02 19:49:59
2025-09-02 19:50:00,641.6,641.8,642.0,641.0,5808836.500000001,9056,2025-09-02 19:59:59
2025-09-02 20:00:00,641.8,641.5,641.9,641.3,748157.3999999999,1166,2025-09-02 20:09:59
2025-09-02 20:10:00,641.5,641.8,641.9,641.3,625646.2,975,2025-09-02 20:19:59
2025-09-02 20:20:00,641.8,641.6,641.8,641.2,2376818.8,3706,2025-09-02 20:29:59
2025-09-02 20:30:00,641.4,642.0,642.0,641.4,2500538.5,3896,2025-09-02 20:39:59
2025-09-02 20:40:00,642.1,640.5,642.1,640.1,26039892.00000003,40645,2025-09-02 20:49:59
2025-09-02 20:50:00,640.5,641.0,641.4,640.5,1441969.3,2249,2025-09-02 20:59:59
2025-09-02 21:00:00,641.2,642.0,642.0,641.0,562002.3,876,2025-09-02 21:09:59
2025-09-02 21:10:00,642.0,641.1,642.0,641.0,1224766.5999999999,1910,2025-09-02 21:19:59
2025-09-02 21:20:00,641.0,640.6,641.5,640.5,5783676.199999999,9023,2025-09-02 21:29:59
2025-09-02 21:30:00,640.6,641.7,641.7,640.5,1903225.7000000002,2970,2025-09-02 21:39:59
2025-09-02 21:40:00,641.7,644.2,644.5,641.2,6453434.000000002,10032,2025-09-02 21:49:59
2025-09-02 21:50:00,644.5,646.0,646.0,643.3,21038148.199999996,32625,2025-09-02 21:59:59
2025-09-02 22:00:00,645.9,644.9,645.9,644.5,5562999.899999999,8626,2025-09-02 22:09:59
2025-09-02 22:10:00,644.9,645.9,645.9,644.9,1923448.7999999998,2979,2025-09-02 22:19:59
2025-09-02 22:20:00,645.9,646.0,646.0,645.4,4067595.9,6299,2025-09-02 22:29:59
2025-09-02 22:30:00,646.0,645.9,646.0,645.6,1635903.7999999998,2533,2025-09-02 22:39:59
2025-09-02 22:40:00,645.7,645.7,646.0,645.7,1707449.6999999997,2644,2025-09-02 22:49:59
2025-09-02 22:50:00,645.9,645.9,646.0,645.7,289999.9,449,2025-09-02 22:59:59
2025-09-02 23:00:00,645.7,645.8,646.0,645.7,559855.8,867,2025-09-02 23:09:59
2025-09-02 23:10:00,645.8,646.0,646.0,645.7,2622672.7,4060,2025-09-02 23:19:59
2025-09-02 23:20:00,646.0,646.0,646.0,645.9,408913.1,633,2025-09-02 23:29:59
2025-09-02 23:30:00,645.9,646.8,646.8,645.9,4184103.8,6475,2025-09-02 23:39:59
2025-09-02 23:40:00,646.8,647.0,647.0,646.8,3014884.2,4660,2025-09-02 23:49:59
2025-09-03 06:50:00,647.0,647.0,647.0,647.0,9705.0,15,2025-09-03 06:59:59
2025-09-03 07:00:00,647.0,643.3,648.4,643.3,6176278.3,9578,2025-09-03 07:09:59
2025-09-03 07:10:00,643.3,643.6,644.3,643.3,2048031.4,3182,2025-09-03 07:19:59
2025-09-03 07:20:00,643.7,643.9,644.0,643.3,944567.1000000002,1468,2025-09-03 07:29:59
2025-09-03 07:30:00,643.7,644.1,644.2,643.6,797933.4,1239,2025-09-03 07:39:59
2025-09-03 07:40:00,644.0,644.1,644.1,643.8,269797.5,419,2025-09-03 07:49:59
2025-09-03 07:50:00,644.1,643.3,644.2,642.9,2781672.699999999,4323,2025-09-03 07:59:59
2025-09-03 08:00:00,643.7,643.4,643.8,643.4,185322.60000000003,288,2025-09-03 08:09:59
2025-09-03 08:10:00,643.7,644.0,644.0,643.4,310340.3,482,2025-09-03 08:19:59
2025-09-03 08:20:00,644.0,643.7,644.0,643.4,441610.49999999994,686,2025-09-03 08:29:59
2025-09-03 08:30:00,643.7,643.4,643.7,643.4,425974.0,662,2025-09-03 08:39:59
2025-09-03 08:40:00,643.4,643.7,643.7,643.4,39264.4,61,2025-09-03 08:49:59
2025-09-03 08:50:00,643.7,644.0,644.0,643.6,1121673.2,1742,2025-09-03 08:59:59
2025-09-03 09:00:00,644.0,645.5,645.8,644.0,2648923.6999999993,4107,2025-09-03 09:09:59
2025-09-03 09:10:00,645.5,645.5,645.5,645.4,441475.20000000007,684,2025-09-03 09:19:59
2025-09-03 09:20:00,645.5,644.4,645.6,644.2,1847990.2999999998,2866,2025-09-03 09:29:59
2025-09-03 09:30:00,644.6,644.0,644.7,643.8,1348764.3,2094,2025-09-03 09:39:59
2025-09-03 09:40:00,644.0,644.6,644.8,643.8,688186.7000000001,1068,2025-09-03 09:49:59
2025-09-03 09:50:00,644.6,644.8,644.9,643.9,1581295.9000000004,2454,2025-09-03 09:59:59
2025-09-03 10:00:00,644.7,644.9,646.3,644.4,7728300.500000001,11977,2025-09-03 10:09:59
2025-09-03 10:10:00,644.9,642.9,644.9,642.9,11343862.2,17627,2025-09-03 10:19:59
2025-09-03 10:20:00,642.9,640.9,643.1,640.7,23435616.5,36520,2025-09-03 10:29:59
2025-09-03 10:30:00,641.0,641.3,641.4,640.2,20633375.900000002,32199,2025-09-03 10:39:59
2025-09-03 10:40:00,641.2,641.6,641.8,640.6,14974125.3,23350,2025-09-03 10:49:59
2025-09-03 10:50:00,641.7,641.6,642.0,641.5,10041004.1,15647,2025-09-03 10:59:59
2025-09-03 11:00:00,641.5,641.6,641.6,640.6,8133088.8999999985,12687,2025-09-03 11:09:59
2025-09-03 11:10:00,641.6,640.7,641.6,640.3,12814150.2,20002,2025-09-03 11:19:59
2025-09-03 11:20:00,640.6,640.4,640.8,640.0,22329651.799999993,34875,2025-09-03 11:29:59
2025-09-03 11:30:00,640.4,641.9,642.0,640.2,10107391.7,15764,2025-09-03 11:39:59
2025-09-03 11:40:00,641.9,641.5,642.0,641.2,26721244.599999998,41627,2025-09-03 11:49:59
2025-09-03 11:50:00,641.7,643.5,643.5,641.6,16971287.5,26419,2025-09-03 11:59:59
2025-09-03 12:00:00,643.5,644.8,644.8,642.8,11337082.399999999,17613,2025-09-03 12:09:59
2025-09-03 12:10:00,644.8,645.2,645.5,644.0,10582119.400000002,16409,2025-09-03 12:19:59
2025-09-03 12:20:00,645.1,645.1,645.3,644.8,4322137.6,6700,2025-09-03 12:29:59
2025-09-03 12:30:00,645.1,644.8,645.6,644.3,11850062.399999999,18374,2025-09-03 12:39:59
2025-09-03 12:40:00,644.9,645.4,646.0,644.9,9049480.1,14023,2025-09-03 12:49:59
2025-09-03 12:50:00,645.5,644.3,645.6,643.9,7269578.6,11275,2025-09-03 12:59:59
2025-09-03 13:00:00,644.3,645.4,645.8,644.3,8436761.600000003,13076,2025-09-03 13:09:59
2025-09-03 13:10:00,645.4,648.7,649.0,645.1,29860844.8,46119,2025-09-03 13:19:59
2025-09-03 13:20:00,648.8,648.2,648.9,646.9,56661747.40000001,87440,2025-09-03 13:29:59
2025-09-03 13:30:00,648.2,650.0,650.2,647.8,20096455.6,30956,2025-09-03 13:39:59
2025-09-03 13:40:00,650.0,648.5,650.0,647.6,12551117.899999999,19347,2025-09-03 13:49:59
2025-09-03 13:50:00,648.3,649.4,649.5,647.8,5580936.300000001,8604,2025-09-03 13:59:59
2025-09-03 14:00:00,649.3,648.6,649.4,648.0,6713367.2,10346,2025-09-03 14:09:59
2025-09-03 14:10:00,648.6,648.4,649.1,647.8,9069012.100000003,13989,2025-09-03 14:19:59
2025-09-03 14:20:00,648.5,649.1,649.9,647.9,16674491.499999996,25702,2025-09-03 14:29:59
2025-09-03 14:30:00,649.0,649.5,649.7,648.3,3269293.4,5036,2025-09-03 14:39:59
2025-09-03 14:40:00,649.6,650.6,650.7,649.5,15450420.700000001,23761,2025-09-03 14:49:59
2025-09-03 14:50:00,650.6,650.7,650.8,650.2,3921774.099999999,6028,2025-09-03 14:59:59
2025-09-03 15:00:00,650.6,650.5,651.5,650.2,6654258.899999999,10223,2025-09-03 15:09:59
2025-09-03 15:10:00,650.3,651.3,651.3,649.3,15538086.000000002,23907,2025-09-03 15:19:59
2025-09-03 15:20:00,651.3,650.6,651.3,650.2,5211895.3,8009,2025-09-03 15:29:59
2025-09-03 15:30:00,650.5,651.5,651.8,650.0,10318375.999999998,15856,2025-09-03 15:39:59
2025-09-03 15:40:00,651.6,651.8,652.0,650.9,5185641.4,7957,2025-09-03 15:49:59
2025-09-03 15:50:00,651.8,651.9,652.0,651.2,4321224.8,6632,2025-09-03 15:59:59
2025-09-03 16:00:00,651.9,650.9,651.9,650.0,8725759.899999999,13408,2025-09-03 16:09:59
2025-09-03 16:10:00,650.9,651.5,651.5,650.7,2732989.4999999995,4197,2025-09-03 16:19:59
2025-09-03 16:20:00,651.5,653.1,653.3,651.2,9756659.000000002,14963,2025-09-03 16:29:59
2025-09-03 16:30:00,653.1,653.7,653.9,653.0,10785604.1,16506,2025-09-03 16:39:59
2025-09-03 16:40:00,653.8,655.9,657.7,653.4,52731413.19999998,80421,2025-09-03 16:49:59
2025-09-03 16:50:00,655.9,650.9,655.9,650.2,34757440.0,53301,2025-09-03 16:59:59
2025-09-03 17:00:00,651.0,651.6,652.2,650.8,8606309.799999999,13208,2025-09-03 17:09:59
2025-09-03 17:10:00,651.4,651.5,651.9,650.5,6229570.3,9567,2025-09-03 17:19:59
2025-09-03 17:20:00,651.8,651.9,652.2,651.0,5384435.899999999,8264,2025-09-03 17:29:59
2025-09-03 17:30:00,651.8,652.3,652.5,651.1,10026035.200000001,15382,2025-09-03 17:39:59
2025-09-03 17:40:00,652.0,652.6,652.8,651.5,3243585.5999999996,4973,2025-09-03 17:49:59
2025-09-03 17:50:00,652.6,652.6,653.1,652.2,2671891.2,4093,2025-09-03 17:59:59
2025-09-03 18:00:00,652.5,652.9,653.2,651.6,7991973.900000001,12248,2025-09-03 18:09:59
2025-09-03 18:10:00,652.9,652.5,653.1,651.9,2746148.2,4208,2025-09-03 18:19:59
2025-09-03 18:20:00,652.5,651.6,652.9,650.7,9855861.400000002,15126,2025-09-03 18:29:59
2025-09-03 18:30:00,651.6,651.6,651.7,651.0,4830119.100000001,7415,2025-09-03 18:39:59
2025-09-03 18:40:00,653.1,653.1,653.1,653.1,7961942.1,12191,2025-09-03 18:49:59
2025-09-03 19:00:00,653.2,653.7,654.1,653.2,8004867.1000000015,12245,2025-09-03 19:09:59
2025-09-03 19:10:00,653.8,656.6,657.3,653.2,19133363.399999995,29176,2025-09-03 19:19:59
2025-09-03 19:20:00,656.6,654.9,656.6,654.1,12831778.599999998,19590,2025-09-03 19:29:59
2025-09-03 19:30:00,654.9,654.5,655.4,653.9,6260097.699999999,9562,2025-09-03 19:39:59
2025-09-03 19:40:00,654.5,654.2,654.6,654.1,1037202.7,1585,2025-09-03 19:49:59
2025-09-03 19:50:00,654.2,653.5,654.8,652.5,35726336.9,54688,2025-09-03 19:59:59
2025-09-03 20:00:00,653.5,653.4,654.0,652.8,5665415.5,8673,2025-09-03 20:09:59
2025-09-03 20:10:00,653.4,652.7,653.7,652.5,2969255.9999999995,4548,2025-09-03 20:19:59
2025-09-03 20:20:00,652.8,652.8,653.0,652.6,2192773.5,3359,2025-09-03 20:29:59
2025-09-03 20:30:00,652.8,652.7,653.1,652.1,3347562.2,5131,2025-09-03 20:39:59
2025-09-03 20:40:00,652.5,652.7,652.8,652.5,2752232.499999999,4217,2025-09-03 20:49:59
2025-09-03 20:50:00,652.6,652.6,652.8,652.4,586801.9999999999,899,2025-09-03 20:59:59
2025-09-03 21:00:00,652.4,652.8,653.0,652.4,230346.49999999997,353,2025-09-03 21:09:59
2025-09-03 21:10:00,652.6,652.2,652.7,652.0,1007653.7000000002,1545,2025-09-03 21:19:59
2025-09-03 21:20:00,652.1,651.4,652.1,651.3,4492712.7,6896,2025-09-03 21:29:59
2025-09-03 21:30:00,651.5,652.3,652.3,651.1,8828920.200000001,13544,2025-09-03 21:39:59
2025-09-03 21:40:00,652.4,652.5,652.5,652.1,1075046.1,1648,2025-09-03 21:49:59
2025-09-03 21:50:00,652.5,653.1,653.1,652.4,5694154.9,8723,2025-09-03 21:59:59
2025-09-03 22:00:00,653.1,652.8,653.5,652.8,1367645.4,2094,2025-09-03 22:09:59
2025-09-03 22:10:00,652.9,653.9,654.0,652.8,4718376.8999999985,7218,2025-09-03 22:19:59
2025-09-03 22:20:00,654.0,653.9,654.0,653.4,948762.8,1451,2025-09-03 22:29:59
2025-09-03 22:30:00,653.6,653.0,653.6,652.9,779163.8,1193,2025-09-03 22:39:59
2025-09-03 22:40:00,653.0,653.0,653.0,652.9,298415.2,457,2025-09-03 22:49:59
2025-09-03 22:50:00,652.9,654.0,654.0,652.9,1648444.0999999999,2524,2025-09-03 22:59:59
2025-09-03 23:00:00,654.0,654.5,655.0,653.8,4448460.8,6798,2025-09-03 23:09:59
2025-09-03 23:10:00,654.9,654.9,655.2,654.5,2057003.4,3141,2025-09-03 23:19:59
2025-09-03 23:20:00,654.6,654.0,654.9,654.0,1340409.3,2048,2025-09-03 23:29:59
2025-09-03 23:30:00,654.3,654.6,654.6,653.8,1833285.4999999998,2803,2025-09-03 23:39:59
2025-09-03 23:40:00,654.6,653.9,654.9,653.9,3368410.3,5147,2025-09-03 23:49:59
2025-09-04 06:50:00,653.0,653.0,653.0,653.0,12407.0,19,2025-09-04 06:59:59
2025-09-04 07:00:00,653.9,654.3,655.0,653.0,2789080.4,4260,2025-09-04 07:09:59
2025-09-04 07:10:00,654.6,653.8,654.6,653.7,308237.2,471,2025-09-04 07:19:59
2025-09-04 07:20:00,653.6,653.1,653.6,652.8,1308682.9000000004,2004,2025-09-04 07:29:59
2025-09-04 07:30:00,653.5,653.6,653.6,653.1,256843.69999999998,393,2025-09-04 07:39:59
2025-09-04 07:40:00,653.6,653.6,653.6,653.0,209763.6,321,2025-09-04 07:49:59
2025-09-04 07:50:00,653.7,654.0,654.0,653.5,330915.60000000003,506,2025-09-04 07:59:59
2025-09-04 08:00:00,654.0,654.8,655.3,653.8,2129385.7999999993,3254,2025-09-04 08:09:59
2025-09-04 08:10:00,654.4,655.4,657.0,654.4,13494558.0,20566,2025-09-04 08:19:59
2025-09-04 08:20:00,655.4,656.2,656.9,655.0,13017255.8,19835,2025-09-04 08:29:59
2025-09-04 08:30:00,656.2,655.9,656.3,655.5,2265211.6000000006,3453,2025-09-04 08:39:59
2025-09-04 08:40:00,655.9,655.5,655.9,655.2,1293244.7,1973,2025-09-04 08:49:59
2025-09-04 08:50:00,655.5,655.6,655.8,655.1,1261824.6000000003,1925,2025-09-04 08:59:59
2025-09-04 09:00:00,655.5,652.4,655.5,652.2,9340996.7,14303,2025-09-04 09:09:59
2025-09-04 09:10:00,652.3,652.6,653.0,651.8,3911630.2999999993,5996,2025-09-04 09:19:59
2025-09-04 09:20:00,652.5,653.3,653.7,652.4,4739452.8,7261,2025-09-04 09:29:59
2025-09-04 09:30:00,653.3,653.0,653.6,652.7,1379629.0000000002,2112,2025-09-04 09:39:59
2025-09-04 09:40:00,653.0,652.9,653.9,652.7,8109504.5,12414,2025-09-04 09:49:59
2025-09-04 09:50:00,653.0,654.8,654.8,652.9,5357455.0,8194,2025-09-04 09:59:59
2025-09-04 10:00:00,654.8,653.9,655.4,653.7,8197177.5,12526,2025-09-04 10:09:59
2025-09-04 10:10:00,654.0,656.0,656.1,653.8,15841628.7,24180,2025-09-04 10:19:59
2025-09-04 10:20:00,656.0,655.2,656.1,654.7,13386770.899999999,20420,2025-09-04 10:29:59
2025-09-04 10:30:00,655.1,654.8,655.7,654.3,7422112.9,11333,2025-09-04 10:39:59
2025-09-04 10:40:00,654.7,655.6,655.9,654.5,16507985.500000002,25201,2025-09-04 10:49:59
2025-09-04 10:50:00,655.6,655.5,655.6,654.3,3545033.5000000005,5413,2025-09-04 10:59:59
2025-09-04 11:00:00,655.5,653.6,655.9,653.5,8942112.000000004,13654,2025-09-04 11:09:59
2025-09-04 11:10:00,653.5,653.8,653.9,653.0,2501524.6,3828,2025-09-04 11:19:59
2025-09-04 11:20:00,653.7,654.0,654.4,653.4,4374684.1,6689,2025-09-04 11:29:59
2025-09-04 11:30:00,654.0,653.8,654.9,653.7,1322343.4000000004,2021,2025-09-04 11:39:59
2025-09-04 11:40:00,653.8,653.1,654.1,653.0,1811521.6999999997,2772,2025-09-04 11:49:59
2025-09-04 11:50:00,653.1,654.0,654.4,653.1,4710237.300000001,7205,2025-09-04 11:59:59
2025-09-04 12:00:00,654.3,653.8,655.0,653.6,9915902.700000001,15155,2025-09-04 12:09:59
2025-09-04 12:10:00,653.8,654.7,654.8,653.6,3737612.8000000007,5714,2025-09-04 12:19:59
2025-09-04 12:20:00,654.7,654.1,655.2,653.8,3966009.9999999995,6059,2025-09-04 12:29:59
2025-09-04 12:30:00,654.1,655.5,656.8,653.9,21671370.9,33055,2025-09-04 12:39:59
2025-09-04 12:40:00,655.5,655.5,656.3,655.0,9433579.399999999,14387,2025-09-04 12:49:59
2025-09-04 12:50:00,655.2,654.8,655.6,654.6,5852409.4,8932,2025-09-04 12:59:59
2025-09-04 13:00:00,654.8,655.6,655.7,654.7,8597794.200000001,13123,2025-09-04 13:09:59
2025-09-04 13:10:00,655.7,655.2,655.7,655.0,5590692.500000001,8528,2025-09-04 13:19:59
2025-09-04 13:20:00,655.1,655.0,656.1,654.8,8199340.799999999,12511,2025-09-04 13:29:59
2025-09-04 13:30:00,655.0,654.3,655.0,654.0,7835646.699999999,11972,2025-09-04 13:39:59
2025-09-04 13:40:00,654.3,653.7,654.9,653.5,5162457.200000001,7890,2025-09-04 13:49:59
2025-09-04 13:50:00,653.7,653.8,654.7,653.5,4803815.0,7345,2025-09-04 13:59:59
2025-09-04 14:00:00,653.6,653.4,654.0,653.1,6500799.299999999,9946,2025-09-04 14:09:59
2025-09-04 14:10:00,653.7,652.9,653.8,652.8,5525345.100000001,8456,2025-09-04 14:19:59
2025-09-04 14:20:00,653.1,652.7,653.1,652.6,4657165.200000001,7133,2025-09-04 14:29:59
2025-09-04 14:30:00,652.7,652.6,652.8,652.2,8998492.7,13790,2025-09-04 14:39:59
2025-09-04 14:40:00,652.6,652.5,652.6,652.2,3860433.3,5916,2025-09-04 14:49:59
2025-09-04 14:50:00,652.3,652.6,652.6,652.2,4620225.300000001,7081,2025-09-04 14:59:59
2025-09-04 15:00:00,652.5,652.3,652.6,652.0,5742142.999999999,8803,2025-09-04 15:09:59
2025-09-04 15:10:00,652.5,651.5,652.6,651.4,7674241.799999999,11769,2025-09-04 15:19:59
2025-09-04 15:20:00,651.4,650.7,651.4,650.2,13048253.7,20057,2025-09-04 15:29:59
2025-09-04 15:30:00,650.7,650.4,650.9,650.0,12206085.9,18766,2025-09-04 15:39:59
2025-09-04 15:40:00,650.5,651.5,651.5,650.5,10914462.399999999,16762,2025-09-04 15:49:59
2025-09-04 15:50:00,651.3,651.4,651.5,651.0,4440776.000000001,6818,2025-09-04 15:59:59
2025-09-04 16:00:00,651.4,651.4,651.5,651.0,4953657.300000001,7605,2025-09-04 16:09:59
2025-09-04 16:10:00,651.5,651.5,651.5,651.0,22687918.5,34832,2025-09-04 16:19:59
2025-09-04 16:20:00,651.5,652.4,652.5,651.4,16147701.799999999,24770,2025-09-04 16:29:59
2025-09-04 16:30:00,652.3,652.8,652.8,652.1,6728281.199999999,10312,2025-09-04 16:39:59
2025-09-04 16:40:00,652.7,653.0,653.0,652.6,4793273.899999999,7342,2025-09-04 16:49:59
2025-09-04 16:50:00,653.0,654.1,654.2,652.8,15779013.2,24137,2025-09-04 16:59:59
2025-09-04 17:00:00,654.0,652.6,654.4,652.5,9407846.200000001,14398,2025-09-04 17:09:59
2025-09-04 17:10:00,652.6,651.5,653.5,651.3,14350751.399999999,22007,2025-09-04 17:19:59
2025-09-04 17:20:00,651.6,650.7,651.8,649.1,32182510.4,49482,2025-09-04 17:29:59
2025-09-04 17:30:00,650.8,650.9,651.5,650.5,5912206.500000001,9082,2025-09-04 17:39:59
2025-09-04 17:40:00,650.8,649.9,650.8,648.4,18372398.599999998,28295,2025-09-04 17:49:59
2025-09-04 17:50:00,649.8,650.4,650.7,648.9,9452443.200000001,14544,2025-09-04 17:59:59
2025-09-04 18:00:00,650.3,651.1,651.3,649.7,5059240.199999999,7776,2025-09-04 18:09:59
2025-09-04 18:10:00,651.2,651.2,651.6,650.3,10461048.400000002,16071,2025-09-04 18:19:59
2025-09-04 18:20:00,651.3,651.1,651.3,650.2,7170473.900000001,11018,2025-09-04 18:29:59
2025-09-04 18:30:00,651.1,651.7,652.8,651.0,19844707.000000004,30455,2025-09-04 18:39:59
2025-09-04 18:40:00,652.0,652.0,652.0,652.0,330564.0,507,2025-09-04 18:49:59
2025-09-04 19:00:00,652.0,652.1,652.2,651.7,2332846.6,3578,2025-09-04 19:09:59
2025-09-04 19:10:00,652.0,651.0,653.2,651.0,9120471.899999999,13980,2025-09-04 19:19:59
2025-09-04 19:20:00,651.1,651.1,651.3,650.9,2329009.4000000004,3577,2025-09-04 19:29:59
2025-09-04 19:30:00,651.1,651.1,651.3,651.1,694098.2000000001,1066,2025-09-04 19:39:59
2025-09-04 19:40:00,651.2,652.7,652.8,651.1,7514408.899999999,11520,2025-09-04 19:49:59
2025-09-04 19:50:00,653.0,652.6,653.1,652.5,1584362.6,2427,2025-09-04 19:59:59
2025-09-04 20:00:00,652.5,653.6,653.6,652.5,1611272.0999999999,2467,2025-09-04 20:09:59
2025-09-04 20:10:00,653.6,654.4,654.6,653.5,9823496.800000003,15016,2025-09-04 20:19:59
2025-09-04 20:20:00,654.5,653.0,654.5,652.9,2160837.600000001,3304,2025-09-04 20:29:59
2025-09-04 20:30:00,652.9,653.7,654.1,652.9,1828024.0000000002,2797,2025-09-04 20:39:59
2025-09-04 20:40:00,653.7,653.6,653.7,653.5,98685.59999999999,151,2025-09-04 20:49:59
2025-09-04 20:50:00,653.6,655.0,655.5,653.6,6472962.700000001,9886,2025-09-04 20:59:59
2025-09-04 21:00:00,655.0,656.5,656.9,655.0,5716435.299999999,8715,2025-09-04 21:09:59
2025-09-04 21:10:00,656.5,656.6,656.9,656.0,4002163.0999999996,6095,2025-09-04 21:19:59
2025-09-04 21:20:00,656.6,656.1,656.7,656.1,1543866.1000000003,2352,2025-09-04 21:29:59
2025-09-04 21:30:00,656.3,656.0,656.3,655.7,1091707.6,1664,2025-09-04 21:39:59
2025-09-04 21:40:00,655.8,655.5,656.0,655.5,3348038.5,5106,2025-09-04 21:49:59
2025-09-04 21:50:00,655.7,655.7,655.9,655.5,194735.0,297,2025-09-04 21:59:59
2025-09-04 22:00:00,655.7,655.3,655.7,655.3,223536.1,341,2025-09-04 22:09:59
2025-09-04 22:10:00,655.4,655.0,655.4,655.0,573191.5999999999,875,2025-09-04 22:19:59
2025-09-04 22:20:00,655.1,655.5,655.5,654.9,2030134.0999999999,3098,2025-09-04 22:29:59
2025-09-04 22:30:00,655.3,655.3,655.5,655.2,3127335.9,4771,2025-09-04 22:39:59
2025-09-04 22:40:00,655.1,655.0,655.2,655.0,372057.30000000005,568,2025-09-04 22:49:59
2025-09-04 22:50:00,655.0,654.9,655.0,654.8,820008.1000000001,1252,2025-09-04 22:59:59
2025-09-04 23:00:00,654.9,655.2,655.4,654.8,3091185.8999999994,4717,2025-09-04 23:09:59
2025-09-04 23:10:00,655.4,655.4,655.4,655.2,1783924.8000000003,2722,2025-09-04 23:19:59
2025-09-04 23:20:00,655.4,655.3,655.4,655.2,1162678.7000000002,1774,2025-09-04 23:29:59
2025-09-04 23:30:00,655.4,655.4,655.4,654.9,4648905.000000001,7096,2025-09-04 23:39:59
2025-09-04 23:40:00,655.3,655.4,655.4,655.0,1879600.1,2868,2025-09-04 23:49:59
2025-09-05 06:50:00,656.0,656.0,656.0,656.0,15744.0,24,2025-09-05 06:59:59
2025-09-05 07:00:00,656.0,657.1,658.9,656.0,7400833.200000001,11257,2025-09-05 07:09:59
2025-09-05 07:10:00,657.1,657.2,657.5,656.8,5406617.900000002,8229,2025-09-05 07:19:59
2025-09-05 07:20:00,657.1,656.8,657.2,656.8,476978.00000000006,726,2025-09-05 07:29:59
2025-09-05 07:30:00,656.7,657.3,657.3,656.7,2365081.0,3600,2025-09-05 07:39:59
2025-09-05 07:40:00,657.1,657.4,657.5,657.1,1247578.5999999999,1898,2025-09-05 07:49:59
2025-09-05 07:50:00,657.4,657.3,657.4,657.2,1593956.3,2425,2025-09-05 07:59:59
2025-09-05 08:00:00,657.3,656.6,657.5,656.6,6599331.3,10041,2025-09-05 08:09:59
2025-09-05 08:10:00,656.6,656.1,656.6,655.2,8104586.1,12360,2025-09-05 08:19:59
2025-09-05 08:20:00,656.1,656.0,656.1,655.9,24930.5,38,2025-09-05 08:29:59
2025-09-05 08:30:00,655.9,655.6,656.0,655.6,1685674.3000000003,2571,2025-09-05 08:39:59
2025-09-05 08:40:00,655.6,655.8,655.9,655.4,2687850.4000000004,4100,2025-09-05 08:49:59
2025-09-05 08:50:00,655.8,655.9,656.0,655.6,228882.8,349,2025-09-05 08:59:59
2025-09-05 09:00:00,655.9,656.9,657.3,655.9,24308088.7,36988,2025-09-05 09:09:59
2025-09-05 09:10:00,657.0,656.8,657.0,656.7,1638757.7999999998,2495,2025-09-05 09:19:59
2025-09-05 09:20:00,656.8,656.9,656.9,656.7,587216.7,894,2025-09-05 09:29:59
2025-09-05 09:30:00,656.9,657.0,657.0,656.8,540620.6,823,2025-09-05 09:39:59
2025-09-05 09:40:00,656.8,656.9,657.0,656.8,589981.9999999999,898,2025-09-05 09:49:59
2025-09-05 09:50:00,656.9,657.0,657.0,656.8,605666.9999999999,922,2025-09-05 09:59:59
2025-09-05 10:00:00,657.0,656.3,657.0,656.0,5466443.5,8327,2025-09-05 10:09:59
2025-09-05 10:10:00,656.3,657.1,657.1,656.3,2908727.8000000003,4428,2025-09-05 10:19:59
2025-09-05 10:20:00,656.8,659.4,659.7,656.8,33906409.599999994,51488,2025-09-05 10:29:59
2025-09-05 10:30:00,659.4,659.7,659.8,658.5,10073530.7,15283,2025-09-05 10:39:59
2025-09-05 10:40:00,659.7,660.6,660.8,658.7,36730698.50000002,55660,2025-09-05 10:49:59
2025-09-05 10:50:00,660.6,660.1,660.9,660.0,9293108.199999994,14072,2025-09-05 10:59:59
2025-09-05 11:00:00,660.0,659.5,660.1,658.9,11077829.199999997,16790,2025-09-05 11:09:59
2025-09-05 11:10:00,659.4,658.8,659.7,658.3,5144608.8,7809,2025-09-05 11:19:59
2025-09-05 11:20:00,658.7,658.8,659.0,658.5,1842992.7,2798,2025-09-05 11:29:59
2025-09-05 11:30:00,658.6,658.8,659.2,658.6,3042222.3999999994,4617,2025-09-05 11:39:59
2025-09-05 11:40:00,658.8,662.2,662.6,658.6,49785184.40000001,75307,2025-09-05 11:49:59
2025-09-05 11:50:00,662.3,663.5,663.5,661.3,21716053.800000012,32789,2025-09-05 11:59:59
2025-09-05 12:00:00,663.5,663.4,664.7,663.4,27260674.79999999,41053,2025-09-05 12:09:59
2025-09-05 12:10:00,663.4,663.2,663.8,663.0,10774675.600000001,16242,2025-09-05 12:19:59
2025-09-05 12:20:00,663.3,663.7,664.6,663.2,16774686.199999997,25263,2025-09-05 12:29:59
2025-09-05 12:30:00,663.6,662.8,664.1,661.7,24966474.900000025,37691,2025-09-05 12:39:59
2025-09-05 12:40:00,662.8,663.6,663.7,662.5,8459276.6,12758,2025-09-05 12:49:59
2025-09-05 12:50:00,663.6,663.7,664.4,663.1,11223616.100000001,16905,2025-09-05 12:59:59
2025-09-05 13:00:00,663.6,663.4,663.8,663.0,3955391.7000000007,5963,2025-09-05 13:09:59
2025-09-05 13:10:00,663.4,663.0,663.4,663.0,3206801.0,4836,2025-09-05 13:19:59
2025-09-05 13:20:00,663.1,662.9,663.5,662.3,13374357.2,20173,2025-09-05 13:29:59
2025-09-05 13:30:00,662.9,663.8,663.9,662.8,12087219.900000002,18227,2025-09-05 13:39:59
2025-09-05 13:40:00,663.7,662.8,663.7,662.6,8196742.499999999,12362,2025-09-05 13:49:59
2025-09-05 13:50:00,662.8,663.7,663.8,662.7,4180410.2,6304,2025-09-05 13:59:59
2025-09-05 14:00:00,663.7,663.2,663.8,663.1,1255209.4,1892,2025-09-05 14:09:59
2025-09-05 14:10:00,663.2,664.3,664.4,663.1,8963201.799999999,13503,2025-09-05 14:19:59
2025-09-05 14:20:00,664.3,664.4,664.5,664.1,1202362.9,1810,2025-09-05 14:29:59
2025-09-05 14:30:00,664.4,665.0,665.8,664.3,38734009.0,58238,2025-09-05 14:39:59
2025-09-05 14:40:00,665.0,664.8,665.0,664.5,5415297.600000001,8146,2025-09-05 14:49:59
2025-09-05 14:50:00,664.8,664.4,664.8,664.0,15710297.500000002,23654,2025-09-05 14:59:59
2025-09-05 15:00:00,664.4,664.2,664.4,663.9,5896594.0,8877,2025-09-05 15:09:59
2025-09-05 15:10:00,664.2,664.3,664.4,663.3,13476501.499999963,20290,2025-09-05 15:19:59
2025-09-05 15:20:00,664.3,664.4,664.4,663.9,7309120.5,11004,2025-09-05 15:29:59
2025-09-05 15:30:00,664.4,664.4,664.4,664.3,3854737.6000000015,5802,2025-09-05 15:39:59
2025-09-05 15:40:00,664.4,664.0,664.4,662.7,20215594.9,30466,2025-09-05 15:49:59
2025-09-05 15:50:00,664.0,664.0,664.2,663.4,5223509.7,7869,2025-09-05 15:59:59
2025-09-05 16:00:00,663.9,663.0,664.0,662.9,3913463.3,5900,2025-09-05 16:09:59
2025-09-05 16:10:00,663.0,662.6,663.0,662.2,9977988.600000003,15061,2025-09-05 16:19:59
2025-09-05 16:20:00,662.6,663.1,663.3,662.2,7887003.400000001,11899,2025-09-05 16:29:59
2025-09-05 16:30:00,663.1,661.7,664.0,661.7,22697977.900000002,34245,2025-09-05 16:39:59
2025-09-05 16:40:00,661.7,662.8,663.1,661.1,11311166.399999999,17077,2025-09-05 16:49:59
2025-09-05 16:50:00,662.9,663.4,663.4,662.7,6227654.299999999,9393,2025-09-05 16:59:59
2025-09-05 17:00:00,663.4,663.9,663.9,663.0,3615878.0000000005,5450,2025-09-05 17:09:59
2025-09-05 17:10:00,663.9,664.4,664.4,663.6,19157823.20000001,28841,2025-09-05 17:19:59
2025-09-05 17:20:00,664.3,664.3,664.4,663.2,33961611.800000004,51155,2025-09-05 17:29:59
2025-09-05 17:30:00,664.2,664.2,664.4,663.9,11879162.799999999,17882,2025-09-05 17:39:59
2025-09-05 17:40:00,664.2,663.8,664.4,663.6,5593070.0,8423,2025-09-05 17:49:59
2025-09-05 17:50:00,663.9,664.0,664.3,663.7,3707405.2,5583,2025-09-05 17:59:59
2025-09-05 18:00:00,664.0,663.4,664.1,663.1,8845398.8,13331,2025-09-05 18:09:59
2025-09-05 18:10:00,663.4,664.1,664.2,663.3,4457507.0,6716,2025-09-05 18:19:59
2025-09-05 18:20:00,664.2,664.0,664.2,663.9,3575482.2999999993,5384,2025-09-05 18:29:59
2025-09-05 18:30:00,664.0,663.9,664.1,663.4,5071693.199999999,7639,2025-09-05 18:39:59
2025-09-05 18:40:00,663.7,663.7,663.7,663.7,121457.09999999999,183,2025-09-05 18:49:08
2025-09-05 19:00:00,663.9,663.9,664.0,663.2,910756.7999999998,1372,2025-09-05 19:09:59
2025-09-05 19:10:00,663.9,663.8,664.0,663.2,1118911.5,1686,2025-09-05 19:19:59
2025-09-05 19:20:00,663.8,663.1,663.8,663.1,743590.4,1121,2025-09-05 19:29:59
2025-09-05 19:30:00,663.0,663.3,663.5,662.0,13310526.200000001,20091,2025-09-05 19:39:59
2025-09-05 19:40:00,663.3,663.1,663.3,662.8,89525.6,135,2025-09-05 19:49:59
2025-09-05 19:50:00,662.9,662.8,663.1,662.2,677152.6,1022,2025-09-05 19:59:59
2025-09-05 20:00:00,662.6,662.9,663.0,662.6,783383.7000000001,1182,2025-09-05 20:09:59
2025-09-05 20:10:00,662.8,662.8,663.0,662.7,623133.9,940,2025-09-05 20:19:59
2025-09-05 20:20:00,662.8,663.0,663.0,662.7,416310.5,628,2025-09-05 20:29:59
2025-09-05 20:30:00,663.0,662.8,663.0,662.7,1708389.7,2577,2025-09-05 20:39:59
2025-09-05 20:40:00,663.0,662.9,663.1,662.7,1572426.7999999998,2372,2025-09-05 20:49:59
2025-09-05 20:50:00,662.9,662.3,662.9,662.2,1424870.5000000002,2151,2025-09-05 20:59:59
2025-09-05 21:00:00,662.3,662.0,662.3,661.9,1726678.9999999998,2608,2025-09-05 21:09:59
2025-09-05 21:10:00,661.9,661.8,661.9,661.7,1535434.2000000007,2320,2025-09-05 21:19:59
2025-09-05 21:20:00,661.8,662.0,662.0,661.5,1585602.0999999999,2396,2025-09-05 21:29:59
2025-09-05 21:30:00,662.0,662.0,662.0,661.9,534850.8999999999,808,2025-09-05 21:39:59
2025-09-05 21:40:00,662.0,662.1,662.1,661.9,636866.2999999999,962,2025-09-05 21:49:59
2025-09-05 21:50:00,662.1,662.5,662.5,662.1,426563.10000000003,644,2025-09-05 21:59:59
2025-09-05 22:00:00,662.5,662.5,662.5,662.4,774462.0,1169,2025-09-05 22:09:59
2025-09-05 22:10:00,662.6,663.0,663.0,662.5,2728373.9,4116,2025-09-05 22:19:59
2025-09-05 22:20:00,663.0,663.3,663.3,663.0,3820578.5,5761,2025-09-05 22:29:59
2025-09-05 22:30:00,663.2,663.5,663.5,663.2,1482593.2,2235,2025-09-05 22:39:59
2025-09-05 22:40:00,663.6,663.7,664.3,663.6,7603430.899999999,11449,2025-09-05 22:49:59
2025-09-05 22:50:00,663.6,663.4,663.6,663.3,569243.7000000001,858,2025-09-05 22:59:59
2025-09-05 23:00:00,663.4,663.3,663.6,663.3,96848.4,146,2025-09-05 23:09:59
2025-09-05 23:10:00,663.3,663.0,663.4,662.7,1546112.3,2332,2025-09-05 23:19:59
2025-09-05 23:20:00,662.9,662.8,663.2,662.8,1797157.3,2711,2025-09-05 23:29:59
2025-09-05 23:30:00,662.9,663.2,663.4,662.9,1055718.4000000004,1592,2025-09-05 23:39:59
2025-09-05 23:40:00,663.3,664.3,664.3,663.3,5556435.699999999,8371,2025-09-05 23:49:59
2025-09-06 09:50:00,664.3,664.3,664.3,664.3,39857.99999999999,60,2025-09-06 09:59:59
2025-09-06 10:00:00,664.3,662.3,664.9,662.3,2295064.9,3462,2025-09-06 10:09:59
2025-09-06 10:10:00,662.7,663.1,663.4,662.0,1796993.7999999998,2712,2025-09-06 10:19:59
2025-09-06 10:20:00,663.2,663.3,663.3,662.8,45094.3,68,2025-09-06 10:29:59
2025-09-06 10:30:00,663.3,663.2,663.3,662.8,130629.59999999999,197,2025-09-06 10:39:59
2025-09-06 10:40:00,663.0,663.8,663.8,662.9,333066.7,502,2025-09-06 10:49:59
2025-09-06 10:50:00,663.8,663.5,663.8,663.5,270137.6,407,2025-09-06 10:59:59
2025-09-06 11:00:00,663.6,663.6,663.7,663.0,325170.2,490,2025-09-06 11:09:59
2025-09-06 11:10:00,663.1,663.5,663.6,663.1,43787.7,66,2025-09-06 11:19:59
2025-09-06 11:20:00,663.5,663.3,663.6,663.0,106807.00000000001,161,2025-09-06 11:29:59
2025-09-06 11:30:00,663.2,663.0,663.2,662.9,41767.8,63,2025-09-06 11:39:59
2025-09-06 11:40:00,663.0,663.4,663.5,662.9,298417.2,450,2025-09-06 11:49:59
2025-09-06 11:50:00,663.5,663.3,663.6,663.3,182423.4,275,2025-09-06 11:59:59
2025-09-06 12:00:00,663.3,663.3,663.5,663.2,127340.69999999998,192,2025-09-06 12:09:59
2025-09-06 12:10:00,663.3,663.4,663.4,663.1,56374.3,85,2025-09-06 12:19:59
2025-09-06 12:20:00,663.3,663.3,663.4,663.1,96163.40000000001,145,2025-09-06 12:29:59
2025-09-06 12:30:00,663.4,663.3,663.4,663.3,240146.49999999997,362,2025-09-06 12:39:59
2025-09-06 12:40:00,663.3,663.3,663.4,663.3,38473.299999999996,58,2025-09-06 12:49:59
2025-09-06 12:50:00,663.4,663.4,663.4,663.3,116092.5,175,2025-09-06 12:59:59
2025-09-06 13:00:00,663.3,663.2,663.4,663.2,97493.2,147,2025-09-06 13:09:59
2025-09-06 13:10:00,663.1,663.4,663.4,663.1,179070.59999999998,270,2025-09-06 13:19:59
2025-09-06 13:20:00,663.1,663.7,663.8,663.1,662180.7999999999,998,2025-09-06 13:29:59
2025-09-06 13:30:00,663.2,663.2,663.4,663.2,366791.30000000005,553,2025-09-06 13:39:59
2025-09-06 13:40:00,663.4,663.6,663.7,663.4,322525.3,486,2025-09-06 13:49:59
2025-09-06 13:50:00,663.5,663.6,663.6,663.5,65028.8,98,2025-09-06 13:59:59
2025-09-06 14:00:00,663.5,663.6,663.6,663.5,68349.6,103,2025-09-06 14:09:59
2025-09-06 14:10:00,663.6,663.7,663.7,663.5,165233.10000000006,249,2025-09-06 14:19:59
2025-09-06 14:20:00,663.5,663.2,663.6,663.2,156537.2,236,2025-09-06 14:29:59
2025-09-06 14:30:00,663.6,663.6,663.6,663.2,79604.8,120,2025-09-06 14:39:59
2025-09-06 14:40:00,663.6,663.6,663.6,663.3,25874.300000000003,39,2025-09-06 14:49:59
2025-09-06 14:50:00,663.6,663.5,663.7,662.7,1083573.9,1634,2025-09-06 14:59:59
2025-09-06 15:00:00,663.5,663.0,663.5,662.7,199523.6,301,2025-09-06 15:09:59
2025-09-06 15:10:00,663.2,663.2,663.2,663.0,12599.2,19,2025-09-06 15:19:59
2025-09-06 15:20:00,663.2,663.2,663.2,663.0,49737.399999999994,75,2025-09-06 15:29:59
2025-09-06 15:30:00,663.0,663.0,663.1,662.8,37124.100000000006,56,2025-09-06 15:39:59
2025-09-06 15:40:00,662.9,663.1,663.1,662.8,213468.0,322,2025-09-06 15:49:59
2025-09-06 15:50:00,663.1,663.1,663.1,662.8,44416.9,67,2025-09-06 15:59:01
2025-09-06 16:00:00,663.1,663.1,663.2,662.9,153819.10000000003,232,2025-09-06 16:09:59
2025-09-06 16:10:00,663.2,663.2,663.2,663.1,16579.7,25,2025-09-06 16:19:59
2025-09-06 16:20:00,663.1,662.9,663.2,662.8,1478104.8000000003,2230,2025-09-06 16:29:59
2025-09-06 16:30:00,663.1,663.1,663.1,662.8,58337.2,88,2025-09-06 16:39:59
2025-09-06 16:40:00,663.1,662.7,663.1,662.7,385815.9,582,2025-09-06 16:49:59
2025-09-06 16:50:00,663.0,663.1,663.1,662.7,26516.0,40,2025-09-06 16:59:06
2025-09-06 17:00:00,662.7,662.6,663.1,662.6,386990.80000000005,584,2025-09-06 17:09:59
2025-09-06 17:10:00,662.6,663.1,663.1,662.6,47718.600000000006,72,2025-09-06 17:19:59
2025-09-06 17:20:00,663.0,662.7,663.1,662.7,48389.99999999999,73,2025-09-06 17:29:59
2025-09-06 17:30:00,663.0,663.1,663.1,663.0,8619.3,13,2025-09-06 17:39:59
2025-09-06 17:40:00,663.1,663.1,663.1,662.7,90138.00000000001,136,2025-09-06 17:49:59
2025-09-06 17:50:00,662.7,663.1,663.1,662.7,19226.7,29,2025-09-06 17:59:06
2025-09-06 18:00:00,663.1,663.2,663.2,663.1,603426.7000000001,910,2025-09-06 18:09:59
2025-09-06 18:10:00,663.2,663.1,663.2,663.1,159150.5,240,2025-09-06 18:19:59
2025-09-06 18:20:00,663.2,663.1,663.2,663.1,806417.8,1216,2025-09-06 18:29:59
2025-09-06 18:30:00,663.2,663.2,663.2,663.1,519948.2,784,2025-09-06 18:39:59
2025-09-06 18:40:00,663.1,663.1,663.2,663.1,525235.1999999995,792,2025-09-06 18:49:59
2025-09-06 18:50:00,663.2,663.2,663.2,663.1,967605.7000000001,1459,2025-09-06 18:59:59
2025-09-07 09:50:00,663.2,663.2,663.2,663.2,25201.600000000006,38,2025-09-07 09:59:59
2025-09-07 10:00:00,663.2,663.6,664.2,662.5,344257.19999999995,519,2025-09-07 10:09:59
2025-09-07 10:10:00,663.1,663.1,663.7,663.1,41116.99999999999,62,2025-09-07 10:19:59
2025-09-07 10:20:00,663.1,663.2,663.9,663.1,323805.89999999997,488,2025-09-07 10:29:59
2025-09-07 10:30:00,663.8,663.7,663.8,663.1,27203.7,41,2025-09-07 10:39:59
2025-09-07 10:40:00,663.7,663.5,663.7,662.8,57049.3,86,2025-09-07 10:49:59
2025-09-07 10:50:00,663.6,663.8,663.9,662.8,146640.69999999998,221,2025-09-07 10:59:01
2025-09-07 11:00:00,663.6,663.9,663.9,662.7,193011.2,291,2025-09-07 11:09:59
2025-09-07 11:10:00,663.2,662.9,663.2,662.9,59678.59999999999,90,2025-09-07 11:19:59
2025-09-07 11:20:00,662.9,663.1,663.1,662.9,50389.4,76,2025-09-07 11:29:59
2025-09-07 11:30:00,663.1,663.0,663.1,663.0,119350.80000000002,180,2025-09-07 11:39:59
2025-09-07 11:40:00,663.0,663.0,663.1,662.7,114671.8,173,2025-09-07 11:49:59
2025-09-07 11:50:00,662.7,663.0,663.0,662.7,142490.7,215,2025-09-07 11:59:06
2025-09-07 12:00:00,663.0,663.0,663.0,662.6,112667.29999999999,170,2025-09-07 12:09:59
2025-09-07 12:10:00,663.0,662.9,663.0,662.6,119941.90000000001,181,2025-09-07 12:19:59
2025-09-07 12:20:00,662.9,662.8,663.0,662.8,39114.0,59,2025-09-07 12:29:59
2025-09-07 12:30:00,662.8,662.9,663.0,662.7,53024.5,80,2025-09-07 12:39:59
2025-09-07 12:40:00,662.8,662.9,662.9,662.6,178250.99999999997,269,2025-09-07 12:49:59
2025-09-07 12:50:00,662.9,662.9,663.0,662.6,43083.3,65,2025-09-07 12:59:06
2025-09-07 13:00:00,663.0,663.0,663.0,662.9,588741.0,888,2025-09-07 13:09:59
2025-09-07 13:10:00,662.9,663.0,663.0,662.9,144520.4,218,2025-09-07 13:19:59
2025-09-07 13:20:00,663.0,663.1,663.1,663.0,620651.2000000001,936,2025-09-07 13:29:59
2025-09-07 13:30:00,663.1,663.1,663.1,663.0,317624.60000000003,479,2025-09-07 13:39:59
2025-09-07 13:40:00,663.0,663.0,663.1,663.0,2960739.1999999997,4465,2025-09-07 13:49:59
2025-09-07 13:50:00,663.0,664.0,664.0,663.0,815171.8999999999,1228,2025-09-07 13:59:59
2025-09-07 14:00:00,663.6,663.7,664.0,663.6,33183.6,50,2025-09-07 14:09:59
2025-09-07 14:10:00,663.7,664.0,664.0,663.6,148006.0,223,2025-09-07 14:19:59
2025-09-07 14:20:00,663.7,663.9,663.9,663.6,112836.99999999999,170,2025-09-07 14:29:59
2025-09-07 14:30:00,663.9,663.5,663.9,663.3,151284.9,228,2025-09-07 14:39:59
2025-09-07 14:40:00,663.5,662.9,663.5,661.9,6858097.899999999,10351,2025-09-07 14:49:59
2025-09-07 14:50:00,662.9,664.1,664.3,662.5,7309605.2,11015,2025-09-07 14:59:59
2025-09-07 15:00:00,663.9,663.9,664.0,663.9,369129.3,556,2025-09-07 15:09:59
2025-09-07 15:10:00,663.9,663.3,663.9,663.3,32512.799999999996,49,2025-09-07 15:19:59
2025-09-07 15:20:00,663.6,663.7,663.7,663.0,108744.40000000001,164,2025-09-07 15:29:59
2025-09-07 15:30:00,663.7,663.6,663.7,663.2,136042.3,205,2025-09-07 15:39:59
2025-09-07 15:40:00,663.7,663.7,663.7,663.3,370851.8,559,2025-09-07 15:49:59
2025-09-07 15:50:00,663.7,663.7,663.7,663.1,79590.6,120,2025-09-07 15:59:59
2025-09-07 16:00:00,663.7,662.9,663.9,662.5,3924234.999999999,5920,2025-09-07 16:09:59
2025-09-07 16:10:00,662.9,662.8,663.1,662.7,154453.40000000002,233,2025-09-07 16:19:59
2025-09-07 16:20:00,662.9,663.8,664.1,662.9,4468277.8,6732,2025-09-07 16:29:59
2025-09-07 16:30:00,663.7,663.8,663.8,663.7,605377.2,912,2025-09-07 16:39:59
2025-09-07 16:40:00,663.7,663.9,663.9,663.7,568914.3,857,2025-09-07 16:49:59
2025-09-07 16:50:00,663.9,663.9,663.9,663.7,80975.4,122,2025-09-07 16:59:06
2025-09-07 17:00:00,663.8,663.8,663.8,663.7,153326.1,231,2025-09-07 17:09:59
2025-09-07 17:10:00,663.7,663.7,663.8,663.7,62392.899999999994,94,2025-09-07 17:19:59
2025-09-07 17:20:00,663.8,664.2,664.3,663.7,1011390.1000000001,1523,2025-09-07 17:29:59
2025-09-07 17:30:00,664.1,664.2,664.2,664.0,66412.40000000001,100,2025-09-07 17:39:59
2025-09-07 17:40:00,664.2,664.2,664.3,664.2,1362945.7999999996,2052,2025-09-07 17:49:59
2025-09-07 17:50:00,664.3,665.3,665.5,664.2,5201164.3999999985,7822,2025-09-07 17:59:59
2025-09-07 18:00:00,665.0,664.5,665.3,664.4,920818.6,1385,2025-09-07 18:09:59
2025-09-07 18:10:00,664.6,664.4,664.6,664.4,58473.8,88,2025-09-07 18:19:59
2025-09-07 18:20:00,664.5,664.6,664.6,664.4,564198.2,849,2025-09-07 18:29:59
2025-09-07 18:30:00,664.5,664.7,664.7,664.5,864691.6000000001,1301,2025-09-07 18:39:59
2025-09-07 18:40:00,664.7,664.0,664.7,664.0,562474.2,847,2025-09-07 18:49:59
2025-09-07 18:50:00,664.4,664.0,664.7,664.0,336140.39999999997,506,2025-09-07 18:59:59
2025-09-08 06:50:00,663.9,663.9,663.9,663.9,377095.19999999995,568,2025-09-08 06:59:59
2025-09-08 07:00:00,663.9,664.6,666.0,663.9,6396669.200000001,9615,2025-09-08 07:09:59
2025-09-08 07:10:00,664.5,665.0,665.0,664.2,844668.8000000002,1271,2025-09-08 07:19:59
2025-09-08 07:20:00,665.0,664.7,665.0,664.2,2462668.0999999996,3706,2025-09-08 07:29:59
2025-09-08 07:30:00,664.3,664.7,664.7,664.3,174118.19999999998,262,2025-09-08 07:39:59
2025-09-08 07:40:00,664.6,664.3,664.6,664.3,436452.69999999995,657,2025-09-08 07:49:59
2025-09-08 07:50:00,664.2,664.4,664.5,664.2,112947.30000000002,170,2025-09-08 07:59:59
2025-09-08 08:00:00,664.4,664.3,664.5,664.3,401941.8,605,2025-09-08 08:09:59
2025-09-08 08:10:00,664.5,664.3,664.5,664.2,104978.3,158,2025-09-08 08:19:59
2025-09-08 08:20:00,664.3,664.3,664.4,664.2,850348.9,1280,2025-09-08 08:29:59
2025-09-08 08:30:00,664.3,664.1,664.3,663.9,642786.3,968,2025-09-08 08:39:59
2025-09-08 08:40:00,664.1,664.2,664.4,664.1,1226304.0,1846,2025-09-08 08:49:59
2025-09-08 08:50:00,664.3,664.9,664.9,664.3,1182719.6,1780,2025-09-08 08:59:59
2025-09-08 09:00:00,665.0,665.5,665.7,664.9,10992973.8,16520,2025-09-08 09:09:59
2025-09-08 09:10:00,665.5,664.8,665.5,664.7,4297014.7,6461,2025-09-08 09:19:59
2025-09-08 09:20:00,664.8,665.2,665.4,664.4,5431647.6,8169,2025-09-08 09:29:59
2025-09-08 09:30:00,665.1,665.1,665.2,664.8,736231.6000000002,1107,2025-09-08 09:39:59
2025-09-08 09:40:00,665.1,664.4,665.8,664.2,7782253.6,11708,2025-09-08 09:49:59
2025-09-08 09:50:00,664.5,664.3,664.6,664.2,4509910.0,6789,2025-09-08 09:59:59
2025-09-08 10:00:00,664.2,664.1,664.5,664.0,3790189.4999999995,5706,2025-09-08 10:09:59
2025-09-08 10:10:00,664.0,663.0,664.1,662.7,14753689.399999999,22243,2025-09-08 10:19:59
2025-09-08 10:20:00,663.0,662.2,663.4,662.0,27322429.599999998,41217,2025-09-08 10:29:59
2025-09-08 10:30:00,662.2,662.8,663.2,662.0,8729785.9,13173,2025-09-08 10:39:59
2025-09-08 10:40:00,662.7,662.6,662.9,662.2,8828518.0,13324,2025-09-08 10:49:59
2025-09-08 10:50:00,662.7,662.0,662.9,661.9,16297368.899999999,24607,2025-09-08 10:59:59
2025-09-08 11:00:00,662.2,662.0,662.4,661.4,10776902.799999999,16281,2025-09-08 11:09:59
2025-09-08 11:10:00,661.9,661.6,661.9,661.0,22975706.7,34747,2025-09-08 11:19:59
2025-09-08 11:20:00,661.8,662.1,662.2,661.6,2769934.3000000007,4184,2025-09-08 11:29:59
2025-09-08 11:30:00,662.1,662.1,662.2,661.4,8402077.899999999,12695,2025-09-08 11:39:59
2025-09-08 11:40:00,662.0,661.3,662.5,661.1,9540212.700000001,14412,2025-09-08 11:49:59
2025-09-08 11:50:00,661.2,661.3,661.7,661.0,12267914.200000001,18555,2025-09-08 11:59:59
2025-09-08 12:00:00,661.3,661.0,661.5,660.4,16215148.899999997,24536,2025-09-08 12:09:59
2025-09-08 12:10:00,661.0,660.9,661.0,660.2,11823921.200000001,17896,2025-09-08 12:19:59
2025-09-08 12:20:00,660.8,661.0,661.9,660.8,16448587.699999997,24873,2025-09-08 12:29:59
2025-09-08 12:30:00,660.9,660.8,661.3,660.4,9938596.299999999,15038,2025-09-08 12:39:59
2025-09-08 12:40:00,660.7,659.8,660.8,659.5,20962528.399999995,31761,2025-09-08 12:49:59
2025-09-08 12:50:00,659.8,660.3,660.7,659.2,20649245.900000002,31288,2025-09-08 12:59:59
2025-09-08 13:00:00,660.5,659.4,660.7,659.1,16939673.599999998,25677,2025-09-08 13:09:59
2025-09-08 13:10:00,659.4,658.6,659.4,658.1,10792325.700000001,16384,2025-09-08 13:19:59
2025-09-08 13:20:00,658.6,659.7,660.0,658.5,19903668.39999999,30186,2025-09-08 13:29:59
2025-09-08 13:30:00,659.7,659.7,660.3,659.2,5413833.20000004,8203,2025-09-08 13:39:59
2025-09-08 13:40:00,659.7,659.4,659.9,659.1,4846374.200000001,7350,2025-09-08 13:49:59
2025-09-08 13:50:00,659.4,659.3,660.0,659.1,6388765.6,9689,2025-09-08 13:59:59
2025-09-08 14:00:00,659.4,660.4,660.5,659.3,9054050.1,13714,2025-09-08 14:09:59
2025-09-08 14:10:00,660.3,659.5,660.4,658.8,31172309.000000007,47236,2025-09-08 14:19:59
2025-09-08 14:20:00,659.2,659.5,659.6,659.2,4281530.9,6493,2025-09-08 14:29:59
2025-09-08 14:30:00,659.5,660.0,660.5,659.2,20680184.400000002,31349,2025-09-08 14:39:59
2025-09-08 14:40:00,659.9,660.3,660.3,659.5,6428728.000000001,9742,2025-09-08 14:49:59
2025-09-08 14:50:00,660.3,660.1,660.5,659.4,7227786.6,10951,2025-09-08 14:59:59
2025-09-08 15:00:00,659.9,658.7,660.0,658.3,16534373.6,25095,2025-09-08 15:09:59
2025-09-08 15:10:00,658.7,657.7,658.8,657.5,12282714.0,18666,2025-09-08 15:19:59
2025-09-08 15:20:00,657.6,657.5,658.1,657.2,16129964.699999997,24528,2025-09-08 15:29:59
2025-09-08 15:30:00,657.5,657.2,657.5,656.7,15171424.799999999,23088,2025-09-08 15:39:59
2025-09-08 15:40:00,657.2,656.7,657.2,656.0,18851508.700000003,28713,2025-09-08 15:49:59
2025-09-08 15:50:00,656.7,656.5,657.0,656.2,9971407.2,15187,2025-09-08 15:59:59
2025-09-08 16:00:00,656.2,655.9,656.6,655.9,16438315.6,25055,2025-09-08 16:09:59
2025-09-08 16:10:00,656.0,656.0,656.5,655.9,16846642.8,25678,2025-09-08 16:19:59
2025-09-08 16:20:00,656.0,655.9,656.2,655.7,11454702.299999999,17464,2025-09-08 16:29:59
2025-09-08 16:30:00,655.8,655.9,655.9,655.0,13112114.200000001,20008,2025-09-08 16:39:59
2025-09-08 16:40:00,655.8,655.1,655.9,655.1,17426006.6,26589,2025-09-08 16:49:59
2025-09-08 16:50:00,655.2,655.6,655.8,655.1,31134490.499999996,47510,2025-09-08 16:59:59
2025-09-08 17:00:00,655.5,655.4,655.9,655.1,14263457.4,21762,2025-09-08 17:09:59
2025-09-08 17:10:00,655.4,656.1,656.1,655.4,14776536.2,22530,2025-09-08 17:19:59
2025-09-08 17:20:00,656.0,656.8,657.2,656.0,16013023.7,24386,2025-09-08 17:29:59
2025-09-08 17:30:00,656.8,657.4,657.8,656.8,7012159.699999999,10666,2025-09-08 17:39:59
2025-09-08 17:40:00,657.4,657.3,658.0,656.8,8452839.4,12859,2025-09-08 17:49:59
2025-09-08 17:50:00,657.4,656.0,657.4,655.0,39785506.70000002,60651,2025-09-08 17:59:59
2025-09-08 18:00:00,656.0,656.4,656.9,655.9,13437317.700000001,20465,2025-09-08 18:09:59
2025-09-08 18:10:00,656.3,656.1,656.5,655.1,12940007.3,19734,2025-09-08 18:19:59
2025-09-08 18:20:00,656.0,655.7,656.1,655.1,10332238.0,15763,2025-09-08 18:29:59
2025-09-08 18:30:00,655.4,657.4,657.4,655.3,11485603.700000001,17490,2025-09-08 18:39:59
2025-09-08 18:40:00,657.1,657.1,657.1,657.1,111049.9,169,2025-09-08 18:49:59
2025-09-08 19:00:00,657.5,659.0,659.0,657.1,6595972.5,10019,2025-09-08 19:09:59
2025-09-08 19:10:00,659.0,658.4,659.3,658.2,2796112.0999999996,4243,2025-09-08 19:19:59
2025-09-08 19:20:00,658.4,658.6,658.6,658.2,912515.7,1386,2025-09-08 19:29:59
2025-09-08 19:30:00,658.6,658.9,658.9,658.6,1221388.3,1854,2025-09-08 19:39:59
2025-09-08 19:40:00,658.9,658.7,658.9,658.6,803730.4,1220,2025-09-08 19:49:59
2025-09-08 19:50:00,658.7,658.9,658.9,658.7,915849.6000000002,1390,2025-09-08 19:59:59
2025-09-08 20:00:00,658.9,658.7,659.0,658.5,1752091.0999999999,2660,2025-09-08 20:09:59
2025-09-08 20:10:00,658.7,658.5,658.7,658.4,712508.2,1082,2025-09-08 20:19:59
2025-09-08 20:20:00,658.5,658.5,658.6,658.3,331198.6000000001,503,2025-09-08 20:29:59
2025-09-08 20:30:00,658.5,658.2,658.6,658.1,1942054.1000000003,2950,2025-09-08 20:39:59
2025-09-08 20:40:00,658.2,658.7,658.7,658.1,430589.6,654,2025-09-08 20:49:59
2025-09-08 20:50:00,658.5,658.6,658.6,658.5,254211.9,386,2025-09-08 20:59:59
2025-09-08 21:00:00,658.6,658.8,658.8,658.5,974909.2,1480,2025-09-08 21:09:59
2025-09-08 21:10:00,658.8,658.9,658.9,658.6,581069.9,882,2025-09-08 21:19:59
2025-09-08 21:20:00,658.9,658.8,658.9,658.7,854480.8,1297,2025-09-08 21:29:59
2025-09-08 21:30:00,658.8,658.8,658.9,658.7,2628738.5,3990,2025-09-08 21:39:59
2025-09-08 21:40:00,658.8,658.9,659.0,658.6,4436346.0,6734,2025-09-08 21:49:59
2025-09-08 21:50:00,658.8,658.9,658.9,658.8,754423.9,1145,2025-09-08 21:59:59
2025-09-08 22:00:00,658.9,659.1,659.1,658.9,523211.3,794,2025-09-08 22:09:59
2025-09-08 22:10:00,659.0,658.8,659.1,658.7,1591860.8,2416,2025-09-08 22:19:59
2025-09-08 22:20:00,658.8,658.9,659.0,658.7,169318.79999999996,257,2025-09-08 22:29:59
2025-09-08 22:30:00,658.9,659.0,659.1,658.8,548957.5,833,2025-09-08 22:39:59
2025-09-08 22:40:00,659.0,658.9,659.0,658.6,1213379.5,1842,2025-09-08 22:49:59
2025-09-08 22:50:00,658.9,658.7,658.9,658.6,268784.4,408,2025-09-08 22:59:59
2025-09-08 23:00:00,658.6,658.6,658.8,658.6,617856.9,938,2025-09-08 23:09:59
2025-09-08 23:10:00,658.8,659.1,659.2,658.6,832776.7999999999,1264,2025-09-08 23:19:59
2025-09-08 23:20:00,659.1,658.7,659.2,658.6,924273.3,1403,2025-09-08 23:29:59
2025-09-08 23:30:00,658.8,658.8,658.8,658.6,494092.79999999993,750,2025-09-08 23:39:59
2025-09-08 23:40:00,658.7,658.7,658.8,658.6,765431.5,1162,2025-09-08 23:49:59
2025-09-09 06:50:00,658.9,658.9,658.9,658.9,63913.299999999996,97,2025-09-09 06:59:59
2025-09-09 07:00:00,659.0,659.4,659.4,658.9,1629283.3,2472,2025-09-09 07:09:59
2025-09-09 07:10:00,659.4,659.2,659.4,658.8,471895.29999999993,716,2025-09-09 07:19:59
2025-09-09 07:20:00,659.0,659.4,659.6,658.7,1524278.5,2312,2025-09-09 07:29:59
2025-09-09 07:30:00,659.4,659.1,659.4,658.7,1428885.2999999998,2168,2025-09-09 07:39:59
2025-09-09 07:40:00,659.1,658.9,659.1,658.6,1412916.4,2144,2025-09-09 07:49:59
2025-09-09 07:50:00,658.7,658.7,658.9,658.3,1174154.4000000001,1783,2025-09-09 07:59:59
2025-09-09 08:00:00,658.8,658.7,659.1,658.7,388710.7,590,2025-09-09 08:09:59
2025-09-09 08:10:00,658.8,659.4,659.4,658.7,2893751.1,4390,2025-09-09 08:19:59
2025-09-09 08:20:00,659.4,659.4,659.4,659.2,284829.4,432,2025-09-09 08:29:59
2025-09-09 08:30:00,659.4,659.4,659.4,659.3,541329.1,821,2025-09-09 08:39:59
2025-09-09 08:40:00,659.3,659.2,659.4,659.1,2497781.7,3789,2025-09-09 08:49:59
2025-09-09 08:50:00,659.2,659.3,659.3,659.1,1493576.7,2266,2025-09-09 08:59:59
2025-09-09 09:00:00,659.3,659.2,659.3,659.1,769265.3,1167,2025-09-09 09:09:59
2025-09-09 09:10:00,659.1,659.1,659.2,659.0,947087.2,1437,2025-09-09 09:19:59
2025-09-09 09:20:00,659.1,658.9,659.1,658.8,195701.09999999998,297,2025-09-09 09:29:59
2025-09-09 09:30:00,659.0,658.5,659.0,658.3,3061128.7,4648,2025-09-09 09:39:59
2025-09-09 09:40:00,658.5,658.1,658.7,658.1,1064423.0,1617,2025-09-09 09:49:59
2025-09-09 09:50:00,658.1,658.3,658.5,658.0,1388702.3999999997,2110,2025-09-09 09:59:59
2025-09-09 10:00:00,658.4,658.7,659.2,658.2,2467748.4,3746,2025-09-09 10:09:59
2025-09-09 10:10:00,658.5,658.5,658.7,658.4,512961.9,779,2025-09-09 10:19:59
2025-09-09 10:20:00,658.4,658.0,659.0,658.0,4932188.4,7492,2025-09-09 10:29:59
2025-09-09 10:30:00,658.1,658.1,659.0,658.0,8310804.599999997,12623,2025-09-09 10:39:59
2025-09-09 10:40:00,658.1,657.6,658.7,657.5,16100419.100000003,24467,2025-09-09 10:49:59
2025-09-09 10:50:00,657.6,658.5,658.7,657.1,13733008.100000001,20879,2025-09-09 10:59:59
2025-09-09 11:00:00,658.5,657.9,659.0,657.6,11605930.899999999,17632,2025-09-09 11:09:59
2025-09-09 11:10:00,657.9,660.7,661.1,657.5,48266466.0,73176,2025-09-09 11:19:59
2025-09-09 11:20:00,660.8,661.0,661.4,660.1,29277777.1,44304,2025-09-09 11:29:59
2025-09-09 11:30:00,660.9,660.9,661.4,660.5,5546569.2,8391,2025-09-09 11:39:59
2025-09-09 11:40:00,660.8,660.5,660.9,660.2,8457171.100000001,12805,2025-09-09 11:49:59
2025-09-09 11:50:00,660.5,660.9,661.6,660.4,13727925.599999998,20764,2025-09-09 11:59:59
2025-09-09 12:00:00,661.0,661.3,661.4,660.5,3943490.2,5967,2025-09-09 12:09:59
2025-09-09 12:10:00,661.4,660.6,661.4,660.6,3699279.7,5596,2025-09-09 12:19:59
2025-09-09 12:20:00,660.6,660.2,660.7,658.7,19727028.900000002,29900,2025-09-09 12:29:59
2025-09-09 12:30:00,660.1,659.6,660.2,659.1,6397708.900000001,9697,2025-09-09 12:39:59
2025-09-09 12:40:00,659.7,660.4,660.7,658.9,18309706.200000003,27747,2025-09-09 12:49:59
2025-09-09 12:50:00,660.5,660.8,660.8,660.2,3136839.6,4749,2025-09-09 12:59:59
2025-09-09 13:00:00,660.7,660.9,660.9,660.0,3319784.2,5026,2025-09-09 13:09:59
2025-09-09 13:10:00,660.7,660.8,660.9,659.8,6417336.399999999,9718,2025-09-09 13:19:59
2025-09-09 13:20:00,660.7,659.8,660.8,659.7,4428736.5,6708,2025-09-09 13:29:59
2025-09-09 13:30:00,659.8,658.0,660.0,657.2,48812271.300000004,74155,2025-09-09 13:39:59
2025-09-09 13:40:00,658.0,655.8,658.0,655.5,36332239.1,55321,2025-09-09 13:49:59
2025-09-09 13:50:00,655.8,655.8,656.0,655.5,8590092.0,13098,2025-09-09 13:59:59
2025-09-09 14:00:00,655.8,655.9,656.0,655.5,7519952.800000001,11467,2025-09-09 14:09:59
2025-09-09 14:10:00,655.9,656.0,656.0,655.9,6810139.4,10382,2025-09-09 14:19:59
2025-09-09 14:20:00,655.9,656.0,656.0,655.8,5743985.799999999,8757,2025-09-09 14:29:59
2025-09-09 14:30:00,656.0,656.9,657.1,655.7,7133361.7,10869,2025-09-09 14:39:59
2025-09-09 14:40:00,656.8,656.6,656.9,656.1,3524060.9,5368,2025-09-09 14:49:59
2025-09-09 14:50:00,656.7,656.6,657.3,656.2,8717653.7,13272,2025-09-09 14:59:59
2025-09-09 15:00:00,656.6,656.0,657.2,655.9,6971194.100000001,10617,2025-09-09 15:09:59
2025-09-09 15:10:00,656.0,655.6,656.3,655.5,11412308.699999986,17402,2025-09-09 15:19:59
2025-09-09 15:20:00,655.5,654.7,655.6,654.3,25293269.19999999,38625,2025-09-09 15:29:59
2025-09-09 15:30:00,655.2,654.0,655.2,653.3,27906417.999999993,42656,2025-09-09 15:39:59
2025-09-09 15:40:00,654.0,654.1,654.1,653.5,6809437.500000001,10415,2025-09-09 15:49:59
2025-09-09 15:50:00,654.2,653.9,654.3,653.3,11815844.0,18075,2025-09-09 15:59:59
2025-09-09 16:00:00,653.9,653.6,654.4,653.5,7789204.399999999,11912,2025-09-09 16:09:59
2025-09-09 16:10:00,653.6,656.7,658.6,653.4,31392822.300000004,47838,2025-09-09 16:19:59
2025-09-09 16:20:00,656.7,657.2,659.0,656.4,35285244.19999998,53666,2025-09-09 16:29:59
2025-09-09 16:30:00,657.2,657.7,657.7,656.3,7576391.899999999,11534,2025-09-09 16:39:59
2025-09-09 16:40:00,657.5,657.6,657.7,657.0,2966691.9999999995,4513,2025-09-09 16:49:59
2025-09-09 16:50:00,657.4,655.6,657.6,655.3,16645644.6,25362,2025-09-09 16:59:59
2025-09-09 17:00:00,655.6,655.6,656.0,654.4,22132638.499999996,33782,2025-09-09 17:09:59
2025-09-09 17:10:00,655.6,655.0,655.6,654.0,13715061.0,20949,2025-09-09 17:19:59
2025-09-09 17:20:00,655.0,655.8,656.0,654.9,5339065.3,8144,2025-09-09 17:29:59
2025-09-09 17:30:00,655.9,655.9,656.1,655.6,2996976.8,4570,2025-09-09 17:39:59
2025-09-09 17:40:00,655.9,655.8,656.0,655.0,8668137.5,13226,2025-09-09 17:49:59
2025-09-09 17:50:00,655.8,656.1,656.1,655.0,6186152.7,9438,2025-09-09 17:59:59
2025-09-09 18:00:00,656.1,656.9,657.0,655.6,6898776.100000001,10511,2025-09-09 18:09:59
2025-09-09 18:10:00,656.9,656.5,657.3,656.5,5182693.400000001,7890,2025-09-09 18:19:59
2025-09-09 18:20:00,656.5,655.7,656.5,655.6,5657817.800000001,8625,2025-09-09 18:29:59
2025-09-09 18:30:00,655.6,656.3,656.3,655.4,6239015.799999999,9513,2025-09-09 18:39:59
2025-09-09 18:40:00,657.0,657.0,657.0,657.0,266742.0,406,2025-09-09 18:49:59
2025-09-09 19:00:00,657.0,656.2,657.4,655.1,7433272.5,11327,2025-09-09 19:09:59
2025-09-09 19:10:00,656.0,655.8,656.2,655.0,4466716.900000001,6813,2025-09-09 19:19:59
2025-09-09 19:20:00,655.8,656.1,656.3,655.8,1125759.2,1716,2025-09-09 19:29:59
2025-09-09 19:30:00,656.0,656.3,656.4,656.0,1240844.6,1891,2025-09-09 19:39:59
2025-09-09 19:40:00,656.3,656.1,656.4,656.0,269019.39999999997,410,2025-09-09 19:49:59
2025-09-09 19:50:00,656.1,656.2,656.2,656.0,653476.3,996,2025-09-09 19:59:59
2025-09-09 20:00:00,656.2,654.8,656.6,654.0,8853265.300000003,13523,2025-09-09 20:09:59
2025-09-09 20:10:00,654.8,654.8,655.7,654.6,2454672.0,3747,2025-09-09 20:19:59
2025-09-09 20:20:00,655.2,656.7,657.1,655.1,5053838.399999999,7696,2025-09-09 20:29:59
2025-09-09 20:30:00,656.6,656.2,656.7,656.2,821967.7,1252,2025-09-09 20:39:59
2025-09-09 20:40:00,656.3,656.3,656.4,656.2,339952.3,518,2025-09-09 20:49:59
2025-09-09 20:50:00,656.3,656.0,656.3,655.8,236185.5,360,2025-09-09 20:59:59
2025-09-09 21:00:00,656.0,656.0,656.0,655.9,448015.9,683,2025-09-09 21:09:59
2025-09-09 21:10:00,656.0,656.0,656.0,655.4,3714962.3,5665,2025-09-09 21:19:59
2025-09-09 21:20:00,656.1,656.2,656.3,656.0,160111.69999999998,244,2025-09-09 21:29:59
2025-09-09 21:30:00,656.2,657.0,657.2,656.1,5663694.4,8623,2025-09-09 21:39:59
2025-09-09 21:40:00,657.0,656.9,657.0,656.8,401366.5,611,2025-09-09 21:49:59
2025-09-09 21:50:00,656.9,656.9,657.0,656.8,239768.8,365,2025-09-09 21:59:59
2025-09-09 22:00:00,656.9,656.5,657.0,656.5,2382709.1999999997,3628,2025-09-09 22:09:59
2025-09-09 22:10:00,656.5,656.9,656.9,656.5,339558.80000000005,517,2025-09-09 22:19:59
2025-09-09 22:20:00,656.9,657.1,657.1,656.7,563690.7999999999,858,2025-09-09 22:29:59
2025-09-09 22:30:00,657.1,656.9,657.1,656.9,189216.3,288,2025-09-09 22:39:59
2025-09-09 22:40:00,657.0,657.0,657.0,656.9,90005.3,137,2025-09-09 22:49:59
2025-09-09 22:50:00,657.0,656.9,657.1,656.9,137971.8,210,2025-09-09 22:59:59
2025-09-09 23:00:00,657.0,656.9,657.1,656.9,494086.60000000003,752,2025-09-09 23:09:59
2025-09-09 23:10:00,657.1,657.2,657.2,657.1,1266893.6,1928,2025-09-09 23:19:59
2025-09-09 23:20:00,657.2,657.3,657.3,657.2,627658.0,955,2025-09-09 23:29:59
2025-09-09 23:30:00,657.2,657.4,657.5,657.2,3699705.9,5629,2025-09-09 23:39:59
2025-09-09 23:40:00,657.3,657.3,657.5,657.2,2826570.0,4300,2025-09-09 23:49:59
2025-09-10 06:50:00,657.3,657.3,657.3,657.3,11174.1,17,2025-09-10 06:59:59
2025-09-10 07:00:00,657.3,656.5,657.9,656.3,608988.7999999999,927,2025-09-10 07:09:59
2025-09-10 07:10:00,656.7,656.8,656.9,656.4,1065875.2,1623,2025-09-10 07:19:59
2025-09-10 07:20:00,656.9,656.6,657.0,656.5,185217.79999999993,282,2025-09-10 07:29:59
2025-09-10 07:30:00,656.7,656.4,656.8,656.4,326919.2,498,2025-09-10 07:39:59
2025-09-10 07:40:00,656.5,656.2,656.5,656.1,706769.1000000001,1077,2025-09-10 07:49:59
2025-09-10 07:50:00,656.1,656.0,656.2,655.9,702000.7,1070,2025-09-10 07:59:59
2025-09-10 08:00:00,655.9,655.1,655.9,654.8,2903538.4,4432,2025-09-10 08:09:59
2025-09-10 08:10:00,655.1,654.9,655.1,654.9,571158.3,872,2025-09-10 08:19:59
2025-09-10 08:20:00,654.7,653.9,654.7,653.7,4697995.8,7183,2025-09-10 08:29:59
2025-09-10 08:30:00,653.9,654.0,654.0,653.6,2610245.6,3993,2025-09-10 08:39:59
2025-09-10 08:40:00,654.0,654.7,654.7,654.0,1934975.9999999998,2957,2025-09-10 08:49:59
2025-09-10 08:50:00,654.7,654.8,654.8,654.6,1210538.7,1849,2025-09-10 08:59:59
2025-09-10 09:00:00,654.7,655.3,655.4,654.6,5020208.499999999,7665,2025-09-10 09:09:59
2025-09-10 09:10:00,655.3,653.8,655.3,653.7,6221209.4,9507,2025-09-10 09:19:59
2025-09-10 09:20:00,653.7,654.2,654.3,653.7,1214338.5999999999,1857,2025-09-10 09:29:59
2025-09-10 09:30:00,654.2,654.0,654.2,654.0,204088.7,312,2025-09-10 09:39:59
2025-09-10 09:40:00,654.1,654.2,654.3,654.0,1047218.8999999999,1601,2025-09-10 09:49:59
2025-09-10 09:50:00,654.2,654.2,654.5,654.2,408305.0,624,2025-09-10 09:59:59
2025-09-10 10:00:00,654.3,655.8,655.8,653.7,6174217.799999999,9432,2025-09-10 10:09:59
2025-09-10 10:10:00,655.8,656.7,656.8,655.8,6249522.7,9521,2025-09-10 10:19:59
2025-09-10 10:20:00,656.7,657.2,657.4,656.5,8733231.400000002,13295,2025-09-10 10:29:59
2025-09-10 10:30:00,657.1,656.9,657.1,656.6,3539863.5000000023,5389,2025-09-10 10:39:59
2025-09-10 10:40:00,657.0,656.9,657.2,656.8,3467601.9,5278,2025-09-10 10:49:59
2025-09-10 10:50:00,656.9,657.8,657.9,656.8,6303290.499999998,9588,2025-09-10 10:59:59
2025-09-10 11:00:00,657.9,658.8,659.0,657.1,15278792.899999999,23210,2025-09-10 11:09:59
2025-09-10 11:10:00,658.8,659.1,659.5,658.4,11708556.800000004,17764,2025-09-10 11:19:59
2025-09-10 11:20:00,659.1,658.5,659.1,658.2,12595210.400000006,19121,2025-09-10 11:29:59
2025-09-10 11:30:00,658.5,658.3,658.8,657.0,20615159.39999996,31351,2025-09-10 11:39:59
2025-09-10 11:40:00,658.3,658.2,658.8,658.0,7380673.499999999,11207,2025-09-10 11:49:59
2025-09-10 11:50:00,658.2,657.7,658.2,657.3,8311607.6,12637,2025-09-10 11:59:59
2025-09-10 12:00:00,657.7,657.8,658.6,657.5,20726262.9,31505,2025-09-10 12:09:59
2025-09-10 12:10:00,657.7,657.9,658.5,657.2,6602643.499999999,10039,2025-09-10 12:19:59
2025-09-10 12:20:00,657.9,657.9,658.0,657.1,4729964.8,7193,2025-09-10 12:29:59
2025-09-10 12:30:00,657.8,658.7,658.8,657.5,5954590.699999999,9046,2025-09-10 12:39:59
2025-09-10 12:40:00,658.7,659.4,660.0,658.5,27137983.199999988,41168,2025-09-10 12:49:59
2025-09-10 12:50:00,659.3,660.7,661.0,659.3,28746735.4,43532,2025-09-10 12:59:59
2025-09-10 13:00:00,660.7,658.7,660.9,658.1,26893355.199999996,40778,2025-09-10 13:09:59
2025-09-10 13:10:00,658.7,657.9,659.0,657.7,6322313.1,9606,2025-09-10 13:19:59
2025-09-10 13:20:00,657.9,656.9,658.0,656.5,24676415.8,37538,2025-09-10 13:29:59
2025-09-10 13:30:00,656.8,656.8,657.5,656.6,20606710.799999997,31369,2025-09-10 13:39:59
2025-09-10 13:40:00,656.8,656.1,656.8,656.0,17157896.5,26136,2025-09-10 13:49:59
2025-09-10 13:50:00,656.0,655.3,656.1,653.9,56428825.400000006,86199,2025-09-10 13:59:59
2025-09-10 14:00:00,655.3,655.5,655.8,655.0,13212391.8,20164,2025-09-10 14:09:59
2025-09-10 14:10:00,655.5,657.3,657.8,655.5,36413682.300000004,55425,2025-09-10 14:19:59
2025-09-10 14:20:00,657.3,657.8,657.9,657.2,6517862.5,9912,2025-09-10 14:29:59
2025-09-10 14:30:00,657.7,657.8,658.1,657.5,1670773.0999999999,2540,2025-09-10 14:39:59
2025-09-10 14:40:00,657.8,658.8,658.9,657.8,6948109.9,10554,2025-09-10 14:49:59
2025-09-10 14:50:00,658.7,657.0,658.7,656.7,9027356.4,13723,2025-09-10 14:59:59
2025-09-10 15:00:00,656.9,657.7,657.9,656.2,10630142.600000001,16172,2025-09-10 15:09:59
2025-09-10 15:10:00,657.7,658.7,658.9,657.6,16755702.900000002,25459,2025-09-10 15:19:59
2025-09-10 15:20:00,658.4,657.9,658.7,657.7,1016593.7999999998,1545,2025-09-10 15:29:59
2025-09-10 15:30:00,657.8,658.6,659.6,657.8,13286705.3,20162,2025-09-10 15:39:59
2025-09-10 15:40:00,658.5,658.3,658.5,657.2,7151960.8,10871,2025-09-10 15:49:59
2025-09-10 15:50:00,658.3,658.7,658.8,657.5,3421588.4,5199,2025-09-10 15:59:59
2025-09-10 16:00:00,658.8,659.2,659.6,658.2,4119907.6000000006,6250,2025-09-10 16:09:59
2025-09-10 16:10:00,659.1,659.1,659.6,659.0,4264315.9,6468,2025-09-10 16:19:59
2025-09-10 16:20:00,659.1,659.6,660.0,659.1,10227651.799999995,15502,2025-09-10 16:29:59
2025-09-10 16:30:00,659.6,659.9,660.5,659.3,6975987.699999997,10570,2025-09-10 16:39:59
2025-09-10 16:40:00,659.9,660.9,660.9,659.6,4112417.8,6228,2025-09-10 16:49:59
2025-09-10 16:50:00,660.8,659.9,661.1,659.2,11641601.199999996,17631,2025-09-10 16:59:59
2025-09-10 17:00:00,659.9,660.6,660.8,659.7,6213367.0,9411,2025-09-10 17:09:59
2025-09-10 17:10:00,660.6,659.8,660.8,659.7,5814521.8,8804,2025-09-10 17:19:59
2025-09-10 17:20:00,659.8,660.1,660.2,658.9,22191249.799999997,33640,2025-09-10 17:29:59
2025-09-10 17:30:00,660.1,659.2,660.1,658.8,3216500.1999999997,4877,2025-09-10 17:39:59
2025-09-10 17:40:00,659.2,659.1,659.3,658.7,2058669.1,3124,2025-09-10 17:49:59
2025-09-10 17:50:00,659.1,659.8,659.8,658.7,7831648.500000001,11882,2025-09-10 17:59:59
2025-09-10 18:00:00,659.8,658.8,659.8,658.4,2814092.2,4270,2025-09-10 18:09:59
2025-09-10 18:10:00,658.7,658.8,660.2,658.6,9980794.000000002,15131,2025-09-10 18:19:59
2025-09-10 18:20:00,658.5,658.1,659.0,658.0,4806563.300000001,7300,2025-09-10 18:29:59
2025-09-10 18:30:00,658.0,657.2,658.1,656.6,11935556.100000001,18153,2025-09-10 18:39:59
2025-09-10 18:40:00,657.7,657.7,657.7,657.7,5737774.800000001,8724,2025-09-10 18:49:59
2025-09-10 19:00:00,658.8,656.8,659.1,656.6,11189574.799999999,17024,2025-09-10 19:09:59
2025-09-10 19:10:00,656.7,656.6,656.7,655.2,13024479.899999999,19860,2025-09-10 19:19:59
2025-09-10 19:20:00,656.6,655.9,656.6,655.8,1726785.4999999998,2632,2025-09-10 19:29:59
2025-09-10 19:30:00,656.0,655.3,656.0,654.4,11348182.600000001,17319,2025-09-10 19:39:59
2025-09-10 19:40:00,655.3,655.4,655.5,655.2,1451719.0999999999,2215,2025-09-10 19:49:59
2025-09-10 19:50:00,655.4,656.2,656.2,655.3,2890660.5,4409,2025-09-10 19:59:59
2025-09-10 20:00:00,656.1,655.6,656.1,655.5,1420458.2999999998,2166,2025-09-10 20:09:59
2025-09-10 20:10:00,655.6,655.5,655.6,655.4,1937078.1999999997,2955,2025-09-10 20:19:59
2025-09-10 20:20:00,655.5,655.1,655.5,655.0,4649174.400000001,7096,2025-09-10 20:29:59
2025-09-10 20:30:00,655.2,655.9,656.0,655.0,4101765.9000000004,6258,2025-09-10 20:39:59
2025-09-10 20:40:00,655.9,656.1,656.1,655.9,1487308.1,2267,2025-09-10 20:49:59
2025-09-10 20:50:00,656.0,656.4,656.5,656.0,1866985.0999999996,2845,2025-09-10 20:59:59
2025-09-10 21:00:00,656.3,655.7,656.4,655.5,3341638.8000000003,5096,2025-09-10 21:09:59
2025-09-10 21:10:00,655.6,656.0,656.0,655.6,1059013.0,1615,2025-09-10 21:19:59
2025-09-10 21:20:00,656.0,655.4,656.0,655.2,2117719.6999999997,3231,2025-09-10 21:29:59
2025-09-10 21:30:00,655.4,655.4,655.4,654.7,3365689.200000001,5139,2025-09-10 21:39:59
2025-09-10 21:40:00,655.5,655.1,655.5,655.1,665779.2999999998,1016,2025-09-10 21:49:59
2025-09-10 21:50:00,655.0,654.9,655.1,654.3,4096951.6000000006,6259,2025-09-10 21:59:09
2025-09-10 22:00:00,654.9,655.0,655.0,654.5,406035.5,620,2025-09-10 22:09:59
2025-09-10 22:10:00,655.0,655.0,655.1,655.0,311157.00000000006,475,2025-09-10 22:19:59
2025-09-10 22:20:00,655.1,654.3,655.1,654.1,4125990.900000001,6306,2025-09-10 22:29:59
2025-09-10 22:30:00,654.3,654.1,654.3,653.8,5726143.6000000015,8756,2025-09-10 22:39:59
2025-09-10 22:40:00,654.1,654.1,654.4,653.8,2604531.6,3982,2025-09-10 22:49:59
2025-09-10 22:50:00,653.9,654.1,654.1,653.8,2505097.9,3831,2025-09-10 22:59:59
2025-09-10 23:00:00,654.1,654.0,654.1,653.9,85676.9,131,2025-09-10 23:09:59
2025-09-10 23:10:00,654.0,653.9,654.1,653.9,654630.3999999999,1001,2025-09-10 23:19:59
2025-09-10 23:20:00,654.0,653.7,654.0,653.6,2531423.8,3872,2025-09-10 23:29:59
2025-09-10 23:30:00,653.7,652.6,653.7,651.8,22954218.1,35166,2025-09-10 23:39:59
2025-09-10 23:40:00,652.6,650.1,653.0,650.0,34503708.99999999,53011,2025-09-10 23:49:59
2025-09-11 06:50:00,650.1,650.1,650.1,650.1,581189.4,894,2025-09-11 06:59:59
2025-09-11 07:00:00,650.2,653.2,653.7,650.1,3337132.1999999993,5110,2025-09-11 07:09:59
2025-09-11 07:10:00,653.2,652.8,654.2,652.6,2405362.8000000003,3683,2025-09-11 07:19:59
2025-09-11 07:20:00,652.6,653.3,653.3,652.6,1152650.9000000001,1765,2025-09-11 07:29:59
2025-09-11 07:30:00,653.3,653.6,653.8,653.3,433224.1000000001,663,2025-09-11 07:39:59
2025-09-11 07:40:00,653.6,653.7,653.7,653.5,98705.40000000001,151,2025-09-11 07:49:59
2025-09-11 07:50:00,653.7,654.0,654.0,653.6,345219.10000000003,528,2025-09-11 07:59:59
2025-09-11 08:00:00,654.1,654.8,654.8,654.1,1069347.8,1634,2025-09-11 08:09:59
2025-09-11 08:10:00,654.8,654.8,654.9,654.7,1390186.5000000002,2123,2025-09-11 08:19:59
2025-09-11 08:20:00,654.8,654.9,654.9,654.7,161080.4,246,2025-09-11 08:29:59
2025-09-11 08:30:00,654.7,655.0,655.0,654.6,823931.7,1258,2025-09-11 08:39:59
2025-09-11 08:40:00,655.0,655.0,655.0,654.9,299973.0,458,2025-09-11 08:49:59
2025-09-11 08:50:00,655.0,654.9,655.0,654.8,546851.4,835,2025-09-11 08:59:59
2025-09-11 09:00:00,654.8,652.9,654.9,652.9,3795420.0000000005,5803,2025-09-11 09:09:59
2025-09-11 09:10:00,653.0,653.7,653.8,652.9,2092712.9,3203,2025-09-11 09:19:59
2025-09-11 09:20:00,653.7,653.8,654.0,653.7,986707.6000000001,1509,2025-09-11 09:29:59
2025-09-11 09:30:00,653.9,653.7,654.0,653.4,2298004.2000000007,3516,2025-09-11 09:39:59
2025-09-11 09:40:00,653.7,653.5,653.7,653.4,1352862.8,2070,2025-09-11 09:49:59
2025-09-11 09:50:00,653.5,653.4,653.9,653.0,3244294.5,4966,2025-09-11 09:59:59
2025-09-11 10:00:00,653.3,652.8,654.0,651.6,48598416.10000001,74490,2025-09-11 10:09:59
2025-09-11 10:10:00,652.6,652.8,653.4,652.2,5431594.699999999,8323,2025-09-11 10:19:59
2025-09-11 10:20:00,652.9,652.3,653.4,651.9,5897920.800000001,9039,2025-09-11 10:29:59
2025-09-11 10:30:00,652.3,652.5,652.6,651.8,11265210.899999999,17271,2025-09-11 10:39:59
2025-09-11 10:40:00,652.6,652.0,653.0,651.9,10680349.700000001,16366,2025-09-11 10:49:59
2025-09-11 10:50:00,652.0,651.8,652.3,651.6,3537815.2,5426,2025-09-11 10:59:59
2025-09-11 11:00:00,651.7,652.4,652.5,651.6,10882121.700000003,16690,2025-09-11 11:09:59
2025-09-11 11:10:00,652.4,652.5,652.5,651.8,8080080.100000001,12388,2025-09-11 11:19:59
2025-09-11 11:20:00,652.5,653.3,654.0,652.2,21435865.0,32824,2025-09-11 11:29:59
2025-09-11 11:30:00,653.3,654.7,654.7,652.6,15716786.799999999,24033,2025-09-11 11:39:59
2025-09-11 11:40:00,654.7,654.7,655.7,654.2,30374623.799999997,46376,2025-09-11 11:49:59
2025-09-11 11:50:00,654.6,655.6,656.0,654.6,5588040.699999999,8525,2025-09-11 11:59:59
2025-09-11 12:00:00,655.6,655.7,656.6,655.1,11897232.399999999,18141,2025-09-11 12:09:59
2025-09-11 12:10:00,655.7,656.2,656.5,655.3,4605788.3,7021,2025-09-11 12:19:59
2025-09-11 12:20:00,656.2,656.1,656.5,655.8,3579078.2,5454,2025-09-11 12:29:59
2025-09-11 12:30:00,656.1,654.6,656.4,654.4,11889919.499999998,18144,2025-09-11 12:39:59
2025-09-11 12:40:00,654.6,654.8,655.1,654.2,4152324.6999999997,6344,2025-09-11 12:49:59
2025-09-11 12:50:00,654.8,654.0,654.8,653.9,3322247.4999999995,5077,2025-09-11 12:59:59
2025-09-11 13:00:00,654.0,654.0,654.3,653.1,8045062.500000002,12308,2025-09-11 13:09:59
2025-09-11 13:10:00,654.0,654.7,655.0,653.7,8362140.2,12775,2025-09-11 13:19:59
2025-09-11 13:20:00,654.8,656.2,656.2,654.8,14800844.5,22577,2025-09-11 13:29:59
2025-09-11 13:30:00,656.2,655.5,656.3,655.2,5069287.100000001,7731,2025-09-11 13:39:59
2025-09-11 13:40:00,655.3,655.9,655.9,655.3,2983851.7999999993,4550,2025-09-11 13:49:59
2025-09-11 13:50:00,655.6,655.6,656.0,655.5,5012694.2,7643,2025-09-11 13:59:59
2025-09-11 14:00:00,655.6,656.3,656.3,654.9,7166544.6,10928,2025-09-11 14:09:59
2025-09-11 14:10:00,656.3,656.0,656.5,655.7,32367671.70000001,49315,2025-09-11 14:19:59
2025-09-11 14:20:00,656.0,656.4,656.5,655.5,3995952.5999999996,6090,2025-09-11 14:29:59
2025-09-11 14:30:00,656.5,657.6,657.7,656.0,30886872.000000007,47016,2025-09-11 14:39:59
2025-09-11 14:40:00,657.5,657.4,658.3,657.0,7903807.799999999,12013,2025-09-11 14:49:59
2025-09-11 14:50:00,657.4,656.8,657.4,656.5,7365695.9,11211,2025-09-11 14:59:59
2025-09-11 15:00:00,656.8,656.8,657.3,656.4,1726489.8,2629,2025-09-11 15:09:59
2025-09-11 15:10:00,656.7,656.1,657.1,656.0,2767806.1,4215,2025-09-11 15:19:59
2025-09-11 15:20:00,656.1,655.7,656.6,655.6,2092973.8999999997,3190,2025-09-11 15:29:59
2025-09-11 15:30:00,655.6,654.1,655.7,654.1,3522913.3,5379,2025-09-11 15:39:59
2025-09-11 15:40:00,654.5,653.1,655.3,652.5,14631255.199999996,22387,2025-09-11 15:49:59
2025-09-11 15:50:00,653.1,656.5,656.5,652.4,18581815.699999962,28402,2025-09-11 15:59:59
2025-09-11 16:00:00,656.4,655.5,657.1,655.0,13816613.600000001,21054,2025-09-11 16:09:59
2025-09-11 16:10:00,655.4,658.1,658.1,655.2,14386550.600000003,21914,2025-09-11 16:19:59
2025-09-11 16:20:00,658.0,658.0,658.3,657.5,6186419.499999999,9402,2025-09-11 16:29:59
2025-09-11 16:30:00,657.9,659.5,664.7,657.8,101080190.89999999,153078,2025-09-11 16:39:59
2025-09-11 16:40:00,659.4,660.1,660.5,659.1,14120768.2,21402,2025-09-11 16:49:59
2025-09-11 16:50:00,659.9,659.6,660.5,659.4,7905626.699999999,11980,2025-09-11 16:59:59
2025-09-11 17:00:00,659.6,660.2,660.5,659.3,14300695.7,21666,2025-09-11 17:09:59
2025-09-11 17:10:00,660.2,660.3,660.6,660.2,5755663.300000001,8715,2025-09-11 17:19:59
2025-09-11 17:20:00,660.3,660.0,660.3,659.6,11486180.4,17405,2025-09-11 17:29:59
2025-09-11 17:30:00,659.9,660.0,660.2,659.6,5176179.999999998,7843,2025-09-11 17:39:59
2025-09-11 17:40:00,659.9,660.1,660.1,659.5,4121058.2,6245,2025-09-11 17:49:59
2025-09-11 17:50:00,660.0,659.5,660.1,658.8,7012916.399999999,10635,2025-09-11 17:59:59
2025-09-11 18:00:00,659.5,657.3,659.5,652.0,165236881.2,251926,2025-09-11 18:09:59
2025-09-11 18:10:00,657.3,656.9,657.5,656.3,9825729.9,14958,2025-09-11 18:19:59
2025-09-11 18:20:00,656.8,656.8,657.5,656.3,10525050.200000003,16023,2025-09-11 18:29:59
2025-09-11 18:30:00,656.8,657.5,658.0,656.7,15549851.800000003,23658,2025-09-11 18:39:59
2025-09-11 18:40:00,657.5,657.5,657.5,657.5,173580.0,264,2025-09-11 18:49:59
2025-09-11 19:00:00,657.1,657.9,657.9,657.0,2180202.3000000003,3316,2025-09-11 19:09:59
2025-09-11 19:10:00,657.8,658.1,658.3,657.3,1191696.4999999998,1812,2025-09-11 19:19:59
2025-09-11 19:20:00,658.2,658.3,658.3,658.1,433061.4,658,2025-09-11 19:29:59
2025-09-11 19:30:00,658.3,658.1,658.4,658.1,1118437.7,1699,2025-09-11 19:39:59
2025-09-11 19:40:00,658.1,658.4,658.7,658.1,3035873.1999999997,4611,2025-09-11 19:49:59
2025-09-11 19:50:00,658.5,657.7,658.5,657.7,3185782.5,4841,2025-09-11 19:59:59
2025-09-11 20:00:00,657.8,657.0,657.8,656.9,2220837.8000000003,3379,2025-09-11 20:09:59
2025-09-11 20:10:00,657.0,657.5,658.0,657.0,1968204.7000000002,2994,2025-09-11 20:19:59
2025-09-11 20:20:00,657.5,657.3,657.5,657.3,382600.6000000001,582,2025-09-11 20:29:59
2025-09-11 20:30:00,657.3,656.7,657.4,656.6,1679446.5,2557,2025-09-11 20:39:59
2025-09-11 20:40:00,656.6,656.9,656.9,656.5,921263.4000000003,1403,2025-09-11 20:49:59
2025-09-11 20:50:00,656.9,656.8,656.9,656.8,93274.1,142,2025-09-11 20:59:59
2025-09-11 21:00:00,656.9,656.7,656.9,656.6,371021.1,565,2025-09-11 21:09:59
2025-09-11 21:10:00,656.7,656.8,656.8,656.3,1302580.5,1984,2025-09-11 21:19:59
2025-09-11 21:20:00,656.9,657.0,657.2,656.6,267341.7,407,2025-09-11 21:29:59
2025-09-11 21:30:00,657.0,657.1,657.2,656.7,349545.29999999993,532,2025-09-11 21:39:59
2025-09-11 21:40:00,657.1,656.4,657.1,656.2,3119381.9000000004,4752,2025-09-11 21:49:59
2025-09-11 21:50:00,656.4,656.4,656.4,656.3,135217.19999999998,206,2025-09-11 21:59:59
2025-09-11 22:00:00,656.4,656.4,656.4,656.3,180506.39999999997,275,2025-09-11 22:09:59
2025-09-11 22:10:00,656.4,655.8,656.4,655.7,2548622.099999999,3885,2025-09-11 22:19:59
2025-09-11 22:20:00,655.8,655.3,655.8,655.0,1383409.0,2111,2025-09-11 22:29:59
2025-09-11 22:30:00,655.3,655.3,655.4,655.2,410879.6,627,2025-09-11 22:39:59
2025-09-11 22:40:00,655.3,655.3,656.1,655.2,6290600.0,9594,2025-09-11 22:49:59
2025-09-11 22:50:00,655.4,655.2,655.7,655.1,1822269.0999999999,2780,2025-09-11 22:59:59
2025-09-11 23:00:00,655.7,655.2,655.8,655.2,145528.09999999998,222,2025-09-11 23:09:59
2025-09-11 23:10:00,655.6,655.6,655.8,655.2,734857.8,1121,2025-09-11 23:19:59
2025-09-11 23:20:00,655.4,654.9,655.4,654.4,4108443.0999999996,6274,2025-09-11 23:29:59
2025-09-11 23:30:00,654.9,655.0,655.4,654.7,809782.2,1236,2025-09-11 23:39:59
2025-09-11 23:40:00,655.0,655.1,655.2,654.7,1040589.1000000001,1589,2025-09-11 23:49:59
2025-09-12 06:50:00,655.2,655.2,655.2,655.2,8517.6,13,2025-09-12 06:59:59
2025-09-12 07:00:00,656.9,656.3,656.9,655.1,1143760.6,1744,2025-09-12 07:09:59
2025-09-12 07:10:00,656.3,657.5,657.8,656.1,2117231.8000000003,3222,2025-09-12 07:19:59
2025-09-12 07:20:00,657.7,657.3,657.8,656.9,176801.6,269,2025-09-12 07:29:59
2025-09-12 07:30:00,656.9,657.6,657.6,656.9,208332.6,317,2025-09-12 07:39:59
2025-09-12 07:40:00,657.6,657.8,657.8,657.1,928560.5999999999,1412,2025-09-12 07:49:59
2025-09-12 07:50:00,657.8,657.5,657.9,657.3,412307.7,627,2025-09-12 07:59:59
2025-09-12 08:00:00,657.5,657.2,657.6,657.2,1640370.9000000001,2495,2025-09-12 08:09:59
2025-09-12 08:10:00,657.5,657.5,657.5,657.2,162356.7,247,2025-09-12 08:19:59
2025-09-12 08:20:00,657.5,657.4,657.6,657.4,157139.90000000002,239,2025-09-12 08:29:59
2025-09-12 08:30:00,657.6,657.6,657.6,657.4,235412.99999999997,358,2025-09-12 08:39:59
2025-09-12 08:40:00,657.6,657.6,657.6,657.4,124938.6,190,2025-09-12 08:49:59
2025-09-12 08:50:00,657.6,657.6,657.8,657.4,717431.0999999999,1091,2025-09-12 08:59:59
2025-09-12 09:00:00,657.6,655.6,657.6,655.3,10564825.7,16097,2025-09-12 09:09:59
2025-09-12 09:10:00,655.6,655.5,655.7,655.4,2646741.1000000006,4037,2025-09-12 09:19:59
2025-09-12 09:20:00,655.5,656.0,656.1,655.4,2224312.5,3392,2025-09-12 09:29:59
2025-09-12 09:30:00,656.0,656.3,656.3,656.0,971843.6000000001,1481,2025-09-12 09:39:59
2025-09-12 09:40:00,656.3,655.7,656.4,655.6,5716362.8,8716,2025-09-12 09:49:59
2025-09-12 09:50:00,655.7,655.8,655.8,655.5,3445174.7,5254,2025-09-12 09:59:59
2025-09-12 10:00:00,655.8,654.5,656.0,653.9,14153411.700000001,21616,2025-09-12 10:09:59
2025-09-12 10:10:00,654.5,655.0,655.0,653.5,9617612.1,14700,2025-09-12 10:19:59
2025-09-12 10:20:00,654.9,655.6,656.0,654.9,12309576.899999999,18778,2025-09-12 10:29:59
2025-09-12 10:30:00,655.6,656.4,656.7,655.3,15395380.2,23465,2025-09-12 10:39:59
2025-09-12 10:40:00,656.4,656.0,656.7,655.9,7853523.2,11969,2025-09-12 10:49:59
2025-09-12 10:50:00,656.0,656.0,656.6,655.2,22711997.099999998,34632,2025-09-12 10:59:59
2025-09-12 11:00:00,656.0,656.3,657.1,655.2,17966104.5,27362,2025-09-12 11:09:59
2025-09-12 11:10:00,656.1,655.5,656.4,655.2,10447679.5,15932,2025-09-12 11:19:59
2025-09-12 11:20:00,655.3,653.3,655.7,653.3,22602836.099999994,34542,2025-09-12 11:29:59
2025-09-12 11:30:00,653.3,656.0,657.0,653.0,29712612.6,45331,2025-09-12 11:39:59
2025-09-12 11:40:00,656.2,656.9,657.4,656.2,8231689.899999999,12531,2025-09-12 11:49:59
2025-09-12 11:50:00,657.1,657.9,658.8,657.1,17732224.700000003,26953,2025-09-12 11:59:59
2025-09-12 12:00:00,657.9,657.2,658.2,657.2,9523671.199999997,14482,2025-09-12 12:09:59
2025-09-12 12:10:00,657.3,658.7,659.9,656.9,41367052.80000002,62803,2025-09-12 12:19:59
2025-09-12 12:20:00,658.8,659.4,660.0,658.0,29831332.799999993,45253,2025-09-12 12:29:59
2025-09-12 12:30:00,659.2,658.3,659.2,658.3,7463526.2,11331,2025-09-12 12:39:59
2025-09-12 12:40:00,658.5,657.7,658.7,657.4,5555065.100000001,8443,2025-09-12 12:49:59
2025-09-12 12:50:00,657.9,657.7,658.0,657.0,6966778.300000001,10596,2025-09-12 12:59:59
2025-09-12 13:00:00,657.9,657.0,659.3,657.0,10250422.5,15571,2025-09-12 13:09:59
2025-09-12 13:10:00,657.0,657.1,657.5,655.8,10919576.5,16635,2025-09-12 13:19:59
2025-09-12 13:20:00,657.1,656.9,657.7,655.5,11769447.899999999,17930,2025-09-12 13:29:59
2025-09-12 13:30:00,656.8,650.6,656.8,650.0,165293583.9,253660,2025-09-12 13:39:59
2025-09-12 13:40:00,650.6,650.3,651.0,648.3,73680804.5,113376,2025-09-12 13:49:59
2025-09-12 13:50:00,650.5,650.2,650.6,649.1,23081079.2,35515,2025-09-12 13:59:59
2025-09-12 14:00:00,650.3,650.3,651.1,649.5,31054710.999999996,47742,2025-09-12 14:09:59
2025-09-12 14:10:00,650.6,650.0,651.0,650.0,11596874.8,17828,2025-09-12 14:19:59
2025-09-12 14:20:00,650.0,648.9,650.5,648.9,16454083.9,25324,2025-09-12 14:29:59
2025-09-12 14:30:00,648.9,649.3,649.5,648.5,10508894.299999999,16194,2025-09-12 14:39:59
2025-09-12 14:40:00,649.3,649.3,650.0,648.6,18131499.0,27927,2025-09-12 14:49:59
2025-09-12 14:50:00,649.2,649.4,649.6,648.8,9555860.5,14720,2025-09-12 14:59:59
2025-09-12 15:00:00,649.6,649.4,650.0,649.0,6385454.2,9834,2025-09-12 15:09:59
2025-09-12 15:10:00,649.5,648.3,649.6,646.1,48224130.900000006,74488,2025-09-12 15:19:59
2025-09-12 15:20:00,648.2,646.4,648.5,646.0,21460186.9,33153,2025-09-12 15:29:59
2025-09-12 15:30:00,646.2,645.4,647.3,645.0,88289376.19999999,136679,2025-09-12 15:39:59
2025-09-12 15:40:00,645.3,644.9,645.6,643.0,88282758.29999998,137114,2025-09-12 15:49:59
2025-09-12 15:50:00,644.9,644.2,645.7,644.2,32511774.299999997,50418,2025-09-12 15:59:59
2025-09-12 16:00:00,644.2,643.2,644.9,643.0,35660884.0,55405,2025-09-12 16:09:59
2025-09-12 16:10:00,643.3,643.7,644.1,643.1,12967815.3,20150,2025-09-12 16:19:59
2025-09-12 16:20:00,643.8,644.1,644.8,643.3,12134779.3,18841,2025-09-12 16:29:59
2025-09-12 16:30:00,644.1,643.2,644.2,643.0,11771082.799999999,18300,2025-09-12 16:39:59
2025-09-12 16:40:00,643.2,644.1,644.5,643.0,16070934.4,24957,2025-09-12 16:49:59
2025-09-12 16:50:00,644.1,644.3,645.8,644.1,12303715.099999996,19075,2025-09-12 16:59:59
2025-09-12 17:00:00,644.4,644.9,645.5,643.8,18095898.6,28072,2025-09-12 17:09:59
2025-09-12 17:10:00,644.8,644.3,644.9,643.8,14402514.400000002,22357,2025-09-12 17:19:59
2025-09-12 17:20:00,644.3,645.1,645.3,643.8,13418760.000000004,20822,2025-09-12 17:29:59
2025-09-12 17:30:00,645.5,645.4,645.7,644.6,9099944.5,14103,2025-09-12 17:39:59
2025-09-12 17:40:00,645.4,645.1,645.5,643.9,13525714.8,20978,2025-09-12 17:49:59
2025-09-12 17:50:00,645.0,643.9,645.4,643.5,23257295.30000001,36112,2025-09-12 17:59:59
2025-09-12 18:00:00,644.0,645.6,645.7,643.8,17826819.999999985,27651,2025-09-12 18:09:59
2025-09-12 18:10:00,645.6,646.5,646.5,645.0,23586637.500000004,36510,2025-09-12 18:19:59
2025-09-12 18:20:00,646.5,644.5,647.3,643.9,24357898.6,37715,2025-09-12 18:29:59
2025-09-12 18:30:00,644.5,644.0,644.8,643.0,12268430.2,19053,2025-09-12 18:39:59
2025-09-12 18:40:00,643.8,643.8,643.8,643.8,218891.99999999994,340,2025-09-12 18:49:59
2025-09-12 19:00:00,644.0,643.2,644.9,642.1,10911087.6,16968,2025-09-12 19:09:59
2025-09-12 19:10:00,643.2,640.1,643.3,640.0,41529682.60000001,64797,2025-09-12 19:19:59
2025-09-12 19:20:00,640.3,640.8,641.2,640.0,18947576.0,29590,2025-09-12 19:29:59
2025-09-12 19:30:00,640.6,640.3,640.7,640.0,3872796.0999999996,6050,2025-09-12 19:39:59
2025-09-12 19:40:00,640.4,641.3,641.5,640.1,4448617.9,6941,2025-09-12 19:49:59
2025-09-12 19:50:00,641.2,641.7,641.7,640.8,3533747.4999999995,5511,2025-09-12 19:59:59
2025-09-12 20:00:00,641.6,642.1,642.2,641.4,6373405.6,9929,2025-09-12 20:09:59
2025-09-12 20:10:00,642.1,642.0,642.2,641.5,4126197.9999999995,6429,2025-09-12 20:19:59
2025-09-12 20:20:00,641.9,642.3,642.6,641.8,3200194.900000001,4983,2025-09-12 20:29:59
2025-09-12 20:30:00,642.3,640.2,642.5,640.0,17993618.200000003,28079,2025-09-12 20:39:59
2025-09-12 20:40:00,640.3,640.4,640.7,640.1,4350216.3,6793,2025-09-12 20:49:59
2025-09-12 20:50:00,640.3,640.6,640.7,640.0,6826356.6,10663,2025-09-12 20:59:59
2025-09-12 21:00:00,640.6,640.9,641.1,640.2,5143037.699999998,8028,2025-09-12 21:09:59
2025-09-12 21:10:00,640.9,642.0,642.1,640.9,10822102.6,16867,2025-09-12 21:19:59
2025-09-12 21:20:00,642.0,642.2,642.4,641.5,9158592.3,14268,2025-09-12 21:29:59
2025-09-12 21:30:00,642.1,642.7,642.8,642.0,4559989.499999999,7098,2025-09-12 21:39:59
2025-09-12 21:40:00,642.7,642.9,643.0,642.2,3033021.1999999997,4721,2025-09-12 21:49:59
2025-09-12 21:50:00,643.0,643.1,643.2,642.7,5674440.8,8827,2025-09-12 21:59:59
2025-09-12 22:00:00,643.1,642.8,643.1,642.8,672572.6999999998,1046,2025-09-12 22:09:59
2025-09-12 22:10:00,642.9,643.0,643.0,642.8,775297.7,1206,2025-09-12 22:19:59
2025-09-12 22:20:00,643.0,642.8,643.0,642.7,834412.7,1298,2025-09-12 22:29:59
2025-09-12 22:30:00,642.7,642.2,642.8,642.2,3525610.2000000007,5486,2025-09-12 22:39:59
2025-09-12 22:40:00,642.3,641.9,642.3,641.9,2536081.6,3950,2025-09-12 22:49:59
2025-09-12 22:50:00,642.0,642.0,642.0,641.8,3036759.1,4731,2025-09-12 22:59:59
2025-09-12 23:00:00,641.9,643.0,643.1,641.9,3895186.8999999994,6060,2025-09-12 23:09:59
2025-09-12 23:10:00,643.0,643.8,643.8,642.9,2461435.7,3827,2025-09-12 23:19:59
2025-09-12 23:20:00,643.9,644.2,644.2,643.8,745919.0999999999,1158,2025-09-12 23:29:59
2025-09-12 23:30:00,644.2,645.5,645.6,644.2,2930625.599999999,4544,2025-09-12 23:39:59
2025-09-12 23:40:00,645.6,645.5,646.1,644.5,1843433.7000000002,2855,2025-09-12 23:49:59
2025-09-13 09:50:00,645.5,645.5,645.5,645.5,269819.0,418,2025-09-13 09:59:59
2025-09-13 11:40:00,645.5,646.7,646.8,645.5,827589.3000000002,1281,2025-09-13 11:49:59
2025-09-13 11:50:00,646.7,646.2,646.8,645.7,657167.4,1017,2025-09-13 11:59:59
2025-09-13 12:00:00,646.2,646.7,646.8,645.6,1148402.7000000002,1777,2025-09-13 12:09:59
2025-09-13 12:10:00,646.7,646.5,646.7,646.2,885690.7000000001,1370,2025-09-13 12:19:59
2025-09-13 12:20:00,646.4,646.4,646.7,646.4,962035.7,1488,2025-09-13 12:29:59
2025-09-13 12:30:00,646.7,646.6,646.8,646.4,755261.0,1168,2025-09-13 12:39:59
2025-09-13 12:40:00,646.6,644.6,646.6,644.3,1893534.4999999998,2936,2025-09-13 12:49:59
2025-09-13 12:50:00,644.6,643.8,644.6,643.7,1632766.0999999996,2535,2025-09-13 12:59:59
2025-09-13 13:00:00,643.9,644.9,644.9,643.8,701954.1000000001,1089,2025-09-13 13:09:59
2025-09-13 13:10:00,644.9,644.2,645.0,643.7,1632756.6,2534,2025-09-13 13:19:59
2025-09-13 13:20:00,644.2,645.0,645.0,644.1,484009.0,751,2025-09-13 13:29:59
2025-09-13 13:30:00,645.0,644.9,645.0,644.6,167027.19999999998,259,2025-09-13 13:39:59
2025-09-13 13:40:00,644.9,644.9,644.9,644.6,105762.40000000001,164,2025-09-13 13:49:59
2025-09-13 13:50:00,644.9,644.6,644.9,644.3,199818.19999999998,310,2025-09-13 13:59:59
2025-09-13 14:00:00,644.2,644.0,644.6,643.8,859264.0999999999,1334,2025-09-13 14:09:59
2025-09-13 14:10:00,644.1,643.6,644.1,643.6,305243.9,474,2025-09-13 14:19:59
2025-09-13 14:20:00,643.6,644.0,644.0,643.6,372197.6,578,2025-09-13 14:29:59
2025-09-13 14:30:00,644.1,644.3,644.3,644.0,839330.1000000001,1303,2025-09-13 14:39:59
2025-09-13 14:40:00,644.3,644.3,644.3,644.1,476733.7,740,2025-09-13 14:49:59
2025-09-13 14:50:00,644.3,643.4,644.3,643.4,2008076.3000000003,3119,2025-09-13 14:59:59
2025-09-13 15:00:00,643.7,644.0,644.0,643.4,428053.50000000006,665,2025-09-13 15:09:59
2025-09-13 15:10:00,643.6,644.1,644.2,643.6,571781.6,888,2025-09-13 15:19:59
2025-09-13 15:20:00,644.1,644.1,644.1,643.7,54744.4,85,2025-09-13 15:29:59
2025-09-13 15:30:00,644.1,643.9,644.2,643.7,750608.7,1166,2025-09-13 15:39:59
2025-09-13 15:40:00,643.7,643.5,643.9,643.5,81115.40000000001,126,2025-09-13 15:49:59
2025-09-13 15:50:00,643.8,643.9,643.9,643.8,150026.39999999997,233,2025-09-13 15:59:02
2025-09-13 16:00:00,643.9,643.9,643.9,643.8,159684.3,248,2025-09-13 16:09:59
2025-09-13 16:10:00,643.9,643.8,643.9,643.6,360495.10000000003,560,2025-09-13 16:19:59
2025-09-13 16:20:00,643.6,643.5,643.9,643.3,1560969.2000000002,2426,2025-09-13 16:29:59
2025-09-13 16:30:00,643.3,643.4,643.4,643.3,539096.0000000002,838,2025-09-13 16:39:59
2025-09-13 16:40:00,643.3,642.7,643.4,642.4,1353056.1000000003,2105,2025-09-13 16:49:59
2025-09-13 16:50:00,642.5,642.8,642.9,642.5,150410.7,234,2025-09-13 16:59:59
2025-09-13 17:00:00,642.8,641.2,642.8,641.1,1413620.8999999997,2202,2025-09-13 17:09:59
2025-09-13 17:10:00,641.2,641.4,641.8,640.9,1929137.1000000003,3008,2025-09-13 17:19:59
2025-09-13 17:20:00,641.6,641.2,641.8,641.0,1084592.3,1691,2025-09-13 17:29:59
2025-09-13 17:30:00,641.2,641.4,641.5,641.0,178243.9,278,2025-09-13 17:39:59
2025-09-13 17:40:00,641.1,641.5,641.5,641.1,307223.9,479,2025-09-13 17:49:59
2025-09-13 17:50:00,641.8,641.7,641.8,641.2,966777.2999999999,1507,2025-09-13 17:59:59
2025-09-13 18:00:00,641.7,641.7,642.3,641.4,1265509.1,1971,2025-09-13 18:09:59
2025-09-13 18:10:00,641.7,641.8,641.8,641.4,514464.1999999999,802,2025-09-13 18:19:59
2025-09-13 18:20:00,641.8,641.8,642.0,641.4,218179.3,340,2025-09-13 18:29:59
2025-09-13 18:30:00,641.8,641.5,641.8,641.4,385535.60000000003,601,2025-09-13 18:39:59
2025-09-13 18:40:00,641.5,641.5,642.0,641.4,333581.3,520,2025-09-13 18:49:59
2025-09-13 18:50:00,641.5,641.4,642.2,641.4,235519.7,367,2025-09-13 18:59:59
2025-09-14 09:50:00,643.6,643.6,643.6,643.6,19951.600000000002,31,2025-09-14 09:59:59
2025-09-14 10:00:00,643.0,642.0,643.4,641.1,689278.6999999998,1074,2025-09-14 10:09:59
2025-09-14 10:10:00,642.5,642.4,642.7,642.0,268479.0,418,2025-09-14 10:19:59
2025-09-14 10:20:00,642.5,641.6,642.8,641.6,977140.1000000001,1522,2025-09-14 10:29:59
2025-09-14 10:30:00,642.1,640.4,642.1,640.3,5710985.599999998,8913,2025-09-14 10:39:59
2025-09-14 10:40:00,640.5,640.6,640.6,640.4,498335.3000000001,778,2025-09-14 10:49:59
2025-09-14 10:50:00,640.6,640.7,640.9,640.5,242149.40000000005,378,2025-09-14 10:59:59
2025-09-14 11:00:00,640.9,640.9,641.0,640.6,390902.8,610,2025-09-14 11:09:59
2025-09-14 11:10:00,640.9,641.0,641.0,640.7,498677.7,778,2025-09-14 11:19:59
2025-09-14 11:20:00,641.0,640.9,641.0,640.7,265981.3,415,2025-09-14 11:29:59
2025-09-14 11:30:00,640.9,640.4,640.9,640.4,1570590.4,2452,2025-09-14 11:39:59
2025-09-14 11:40:00,640.6,640.5,640.7,640.4,2284331.0,3567,2025-09-14 11:49:59
2025-09-14 11:50:00,640.4,640.5,640.5,640.4,326622.20000000007,510,2025-09-14 11:59:59
2025-09-14 12:00:00,640.5,640.7,640.7,640.4,167811.59999999998,262,2025-09-14 12:09:59
2025-09-14 12:10:00,640.5,640.6,640.8,640.5,322223.0,503,2025-09-14 12:19:59
2025-09-14 12:20:00,640.5,640.6,640.6,640.5,429805.80000000005,671,2025-09-14 12:29:59
2025-09-14 12:30:00,640.6,640.6,640.6,640.5,194079.8,303,2025-09-14 12:39:59
2025-09-14 12:40:00,640.6,640.8,640.8,640.6,285103.29999999993,445,2025-09-14 12:49:59
2025-09-14 12:50:00,640.7,640.9,641.0,640.6,477448.4,745,2025-09-14 12:59:59
2025-09-14 13:00:00,641.0,640.8,641.0,640.7,401107.1,626,2025-09-14 13:09:59
2025-09-14 13:10:00,640.9,640.8,640.9,640.6,807413.5000000002,1260,2025-09-14 13:19:59
2025-09-14 13:20:00,640.8,641.8,641.8,640.6,6964260.199999999,10865,2025-09-14 13:29:59
2025-09-14 13:30:00,641.8,641.4,641.9,641.1,740752.2,1155,2025-09-14 13:39:59
2025-09-14 13:40:00,641.4,641.8,641.8,640.8,663095.2000000001,1034,2025-09-14 13:49:59
2025-09-14 13:50:00,641.9,642.0,642.4,641.6,136743.6,213,2025-09-14 13:59:59
2025-09-14 14:00:00,642.0,642.0,642.1,641.8,68043.8,106,2025-09-14 14:09:59
2025-09-14 14:10:00,642.0,641.6,642.0,641.5,281758.50000000006,439,2025-09-14 14:19:59
2025-09-14 14:20:00,641.7,641.6,641.7,641.5,496651.89999999997,774,2025-09-14 14:29:59
2025-09-14 14:30:00,641.6,641.4,641.6,641.2,615193.5000000001,959,2025-09-14 14:39:59
2025-09-14 14:40:00,641.4,641.6,641.6,641.2,496405.4999999999,774,2025-09-14 14:49:59
2025-09-14 14:50:00,641.6,641.6,641.6,641.4,279734.6,436,2025-09-14 14:59:59
2025-09-14 15:00:00,641.6,641.3,641.7,641.3,692849.1,1080,2025-09-14 15:09:59
2025-09-14 15:10:00,641.4,641.7,641.7,641.3,726367.0,1132,2025-09-14 15:19:59
2025-09-14 15:20:00,641.7,641.9,642.7,641.1,5246436.0,8173,2025-09-14 15:29:59
2025-09-14 15:30:00,641.9,642.0,642.5,641.5,374312.4,583,2025-09-14 15:39:59
2025-09-14 15:40:00,642.3,642.3,642.5,642.1,52673.5,82,2025-09-14 15:49:59
2025-09-14 15:50:00,642.3,641.3,642.3,641.0,1766996.7000000002,2755,2025-09-14 15:59:59
2025-09-14 16:00:00,641.3,641.8,642.0,641.3,96263.9,150,2025-09-14 16:09:59
2025-09-14 16:10:00,641.9,642.2,642.2,641.8,121338.70000000001,189,2025-09-14 16:19:59
2025-09-14 16:20:00,642.2,642.1,642.3,641.9,409741.5,638,2025-09-14 16:29:59
2025-09-14 16:30:00,642.1,641.8,642.1,641.6,392805.39999999997,612,2025-09-14 16:39:59
2025-09-14 16:40:00,641.6,641.4,641.8,641.1,926141.5999999999,1444,2025-09-14 16:49:59
2025-09-14 16:50:00,641.5,641.1,641.5,641.0,374547.9,584,2025-09-14 16:59:06
2025-09-14 17:00:00,641.2,641.6,641.6,641.2,119960.0,187,2025-09-14 17:09:59
2025-09-14 17:10:00,641.6,642.0,642.0,641.3,705948.8,1100,2025-09-14 17:19:59
2025-09-14 17:20:00,642.0,641.6,642.0,641.5,720015.7999999999,1122,2025-09-14 17:29:59
2025-09-14 17:30:00,641.6,641.8,641.9,641.6,203450.69999999998,317,2025-09-14 17:39:59
2025-09-14 17:40:00,641.8,641.9,642.0,641.6,711740.5999999999,1109,2025-09-14 17:49:59
2025-09-14 17:50:00,641.6,642.1,642.1,641.6,1383336.1999999997,2155,2025-09-14 17:59:59
2025-09-14 18:00:00,641.9,642.0,642.2,641.9,208027.1,324,2025-09-14 18:09:59
2025-09-14 18:10:00,642.0,642.1,642.4,642.0,714164.6,1112,2025-09-14 18:19:59
2025-09-14 18:20:00,642.1,642.3,642.3,642.0,73839.3,115,2025-09-14 18:29:59
2025-09-14 18:30:00,642.1,642.1,642.4,641.9,213852.9,333,2025-09-14 18:39:59
2025-09-14 18:40:00,642.0,642.3,642.4,641.7,678680.9,1057,2025-09-14 18:49:59
2025-09-14 18:50:00,642.3,642.8,642.8,641.7,292217.5,455,2025-09-14 18:59:59
2025-09-15 06:50:00,643.0,643.0,643.0,643.0,75874.0,118,2025-09-15 06:59:59
2025-09-15 07:00:00,643.4,642.0,644.2,641.4,8103530.7,12612,2025-09-15 07:09:59
2025-09-15 07:10:00,641.8,640.0,641.8,638.4,21651330.200000007,33840,2025-09-15 07:19:59
2025-09-15 07:20:00,640.0,638.2,640.0,637.0,15907257.5,24920,2025-09-15 07:29:59
2025-09-15 07:30:00,638.1,638.5,639.6,638.0,3908699.7,6120,2025-09-15 07:39:59
2025-09-15 07:40:00,638.2,638.4,638.7,637.9,3335888.1999999997,5227,2025-09-15 07:49:59
2025-09-15 07:50:00,638.1,638.9,639.0,637.0,10081862.2,15810,2025-09-15 07:59:59
2025-09-15 08:00:00,638.9,639.7,640.9,638.6,15959511.999999998,24959,2025-09-15 08:09:59
2025-09-15 08:10:00,639.5,639.6,639.8,639.1,3393297.5,5306,2025-09-15 08:19:59
2025-09-15 08:20:00,639.5,638.6,639.6,638.3,7766254.899999998,12160,2025-09-15 08:29:59
2025-09-15 08:30:00,638.6,639.1,639.5,638.5,4675926.1,7316,2025-09-15 08:39:59
2025-09-15 08:40:00,639.5,639.3,639.5,639.0,1380914.0,2160,2025-09-15 08:49:59
2025-09-15 08:50:00,639.3,638.9,639.4,638.8,2156143.7,3374,2025-09-15 08:59:59
2025-09-15 09:00:00,638.9,638.6,640.2,638.3,38318031.1,59951,2025-09-15 09:09:59
2025-09-15 09:10:00,638.8,638.4,638.8,638.0,7957854.9,12466,2025-09-15 09:19:59
2025-09-15 09:20:00,638.4,638.6,639.1,638.0,9328224.600000001,14611,2025-09-15 09:29:59
2025-09-15 09:30:00,638.8,639.3,639.6,638.5,2681157.8000000003,4194,2025-09-15 09:39:59
2025-09-15 09:40:00,639.3,639.0,639.6,638.6,4044101.6,6327,2025-09-15 09:49:59
2025-09-15 09:50:00,639.0,639.0,639.3,638.7,2988697.1000000006,4677,2025-09-15 09:59:59
2025-09-15 10:00:00,638.9,641.3,641.9,638.8,28274730.799999997,44139,2025-09-15 10:09:59
2025-09-15 10:10:00,641.2,642.4,643.7,641.2,34795662.800000004,54143,2025-09-15 10:19:59
2025-09-15 10:20:00,642.4,642.2,642.5,641.3,17033130.599999998,26544,2025-09-15 10:29:59
2025-09-15 10:30:00,642.2,639.9,642.7,639.6,30523433.599999998,47636,2025-09-15 10:39:59
2025-09-15 10:40:00,639.9,639.9,640.5,639.1,9461054.400000002,14786,2025-09-15 10:49:59
2025-09-15 10:50:00,639.9,639.0,639.9,638.1,28652590.90000001,44848,2025-09-15 10:59:59
2025-09-15 11:00:00,638.9,639.8,639.8,638.4,4924303.399999999,7704,2025-09-15 11:09:59
2025-09-15 11:10:00,639.7,638.3,640.0,637.7,27380492.700000003,42888,2025-09-15 11:19:59
2025-09-15 11:20:00,638.3,638.0,638.8,635.4,83952564.1,131798,2025-09-15 11:29:59
2025-09-15 11:30:00,638.0,638.6,638.7,636.5,7627708.7,11963,2025-09-15 11:39:59
2025-09-15 11:40:00,638.6,639.4,640.0,638.5,18156216.200000003,28390,2025-09-15 11:49:59
2025-09-15 11:50:00,639.5,640.0,640.5,639.4,17576085.800000004,27461,2025-09-15 11:59:59
2025-09-15 12:00:00,640.0,639.6,640.0,638.7,23666870.299999997,37030,2025-09-15 12:09:59
2025-09-15 12:10:00,639.6,641.8,642.9,639.4,26355747.100000005,41079,2025-09-15 12:19:59
2025-09-15 12:20:00,641.8,640.1,641.9,639.6,13700662.299999999,21394,2025-09-15 12:29:59
2025-09-15 12:30:00,640.1,640.5,641.0,639.7,13712770.2,21415,2025-09-15 12:39:59
2025-09-15 12:40:00,640.5,639.9,641.0,639.5,4401425.1,6875,2025-09-15 12:49:59
2025-09-15 12:50:00,639.9,640.8,640.9,639.7,8627185.7,13478,2025-09-15 12:59:59
2025-09-15 13:00:00,640.7,641.6,641.6,640.2,10008298.399999999,15620,2025-09-15 13:09:59
2025-09-15 13:10:00,641.6,641.6,641.8,641.5,9011334.200000001,14044,2025-09-15 13:19:59
2025-09-15 13:20:00,641.6,641.7,641.8,641.1,5173783.4,8066,2025-09-15 13:29:59
2025-09-15 13:30:00,641.8,643.3,644.0,641.7,47966013.699999996,74664,2025-09-15 13:39:59
2025-09-15 13:40:00,643.2,642.1,643.3,641.8,4390455.100000001,6834,2025-09-15 13:49:59
2025-09-15 13:50:00,641.9,641.6,641.9,641.2,4410225.399999999,6875,2025-09-15 13:59:59
2025-09-15 14:00:00,641.4,642.1,642.2,641.0,6331974.5,9868,2025-09-15 14:09:59
2025-09-15 14:10:00,642.1,642.4,642.7,641.9,2699637.2,4204,2025-09-15 14:19:59
2025-09-15 14:20:00,642.4,642.6,642.7,641.7,3551616.3000000007,5530,2025-09-15 14:29:59
2025-09-15 14:30:00,642.6,642.7,642.9,642.3,4690537.499999999,7300,2025-09-15 14:39:59
2025-09-15 14:40:00,642.8,642.0,642.8,641.9,7192009.6,11199,2025-09-15 14:49:59
2025-09-15 14:50:00,642.1,641.5,642.1,640.9,10558228.199999997,16461,2025-09-15 14:59:59
2025-09-15 15:00:00,641.4,642.5,643.4,641.3,13180426.499999998,20514,2025-09-15 15:09:59
2025-09-15 15:10:00,642.7,642.4,643.1,641.6,9217001.7,14353,2025-09-15 15:19:59
2025-09-15 15:20:00,642.2,641.1,642.5,641.0,6752439.3,10519,2025-09-15 15:29:59
2025-09-15 15:30:00,641.1,640.8,641.4,640.3,8526582.700000001,13306,2025-09-15 15:39:59
2025-09-15 15:40:00,640.8,640.7,641.2,640.4,4586997.0,7158,2025-09-15 15:49:59
2025-09-15 15:50:00,640.8,639.9,641.0,638.6,17523777.5,27396,2025-09-15 15:59:59
2025-09-15 16:00:00,639.9,639.8,640.4,639.5,6266992.7,9794,2025-09-15 16:09:59
2025-09-15 16:10:00,639.8,639.2,639.9,639.0,1833974.7,2868,2025-09-15 16:19:59
2025-09-15 16:20:00,639.0,640.6,641.1,638.9,14125348.899999999,22069,2025-09-15 16:29:59
2025-09-15 16:30:00,640.6,640.5,641.4,639.8,11416293.099999998,17831,2025-09-15 16:39:59
2025-09-15 16:40:00,640.4,640.9,641.4,639.9,8992909.399999993,14039,2025-09-15 16:49:59
2025-09-15 16:50:00,640.8,640.4,640.9,639.9,4265113.2,6661,2025-09-15 16:59:59
2025-09-15 17:00:00,640.2,639.4,640.3,639.0,23832703.0,37275,2025-09-15 17:09:59
2025-09-15 17:10:00,639.6,638.9,639.6,638.5,11883296.2,18599,2025-09-15 17:19:59
2025-09-15 17:20:00,638.9,639.6,639.6,638.8,9697356.100000001,15167,2025-09-15 17:29:59
2025-09-15 17:30:00,639.5,642.3,643.5,639.5,39127449.6,60930,2025-09-15 17:39:59
2025-09-15 17:40:00,642.2,642.9,643.5,642.2,23460217.1,36494,2025-09-15 17:49:59
2025-09-15 17:50:00,642.9,642.3,643.1,641.6,7649802.700000001,11906,2025-09-15 17:59:59
2025-09-15 18:00:00,642.1,641.6,642.4,641.0,10503892.1,16375,2025-09-15 18:09:59
2025-09-15 18:10:00,641.5,641.3,641.9,640.3,21123139.0,32951,2025-09-15 18:19:59
2025-09-15 18:20:00,641.3,640.5,641.5,640.4,3535847.9000000004,5517,2025-09-15 18:29:59
2025-09-15 18:30:00,640.4,641.3,641.5,640.4,9397000.599999998,14662,2025-09-15 18:39:59
2025-09-15 18:40:00,641.0,641.0,641.0,641.0,487160.0,760,2025-09-15 18:49:59
2025-09-15 19:00:00,641.3,640.9,641.7,640.5,4613632.4,7199,2025-09-15 19:09:59
2025-09-15 19:10:00,640.8,641.5,641.5,640.8,1572786.1,2453,2025-09-15 19:19:59
2025-09-15 19:20:00,641.5,643.1,643.4,641.1,8140261.7,12667,2025-09-15 19:29:59
2025-09-15 19:30:00,643.0,642.7,643.2,642.2,3880357.8,6038,2025-09-15 19:39:59
2025-09-15 19:40:00,642.5,642.2,642.7,642.1,492709.4999999999,767,2025-09-15 19:49:59
2025-09-15 19:50:00,642.2,642.6,642.6,642.1,750239.6,1168,2025-09-15 19:59:59
2025-09-15 20:00:00,642.5,642.5,642.5,642.2,66174.6,103,2025-09-15 20:09:59
2025-09-15 20:10:00,642.5,642.6,642.6,642.3,968180.2,1507,2025-09-15 20:19:59
2025-09-15 20:20:00,642.6,642.6,642.6,642.4,551308.4,858,2025-09-15 20:29:59
2025-09-15 20:30:00,642.6,642.4,642.7,642.2,1114488.0,1735,2025-09-15 20:39:59
2025-09-15 20:40:00,642.4,642.1,642.6,642.0,3947861.8,6145,2025-09-15 20:49:59
2025-09-15 20:50:00,642.1,641.8,642.1,641.7,2070572.9999999998,3226,2025-09-15 20:59:59
2025-09-15 21:00:00,641.7,640.8,641.8,640.6,5098008.8999999985,7953,2025-09-15 21:09:59
2025-09-15 21:10:00,640.8,640.9,641.1,640.7,1011538.0000000001,1578,2025-09-15 21:19:59
2025-09-15 21:20:00,640.9,641.1,641.2,640.8,440367.2,687,2025-09-15 21:29:59
2025-09-15 21:30:00,641.1,641.4,641.5,641.0,2112096.9,3294,2025-09-15 21:39:59
2025-09-15 21:40:00,641.1,640.3,641.3,640.1,3666162.1,5723,2025-09-15 21:49:59
2025-09-15 21:50:00,640.3,640.9,641.0,640.2,622736.7999999999,972,2025-09-15 21:59:59
2025-09-15 22:00:00,640.8,640.2,640.9,640.2,1623476.2999999998,2535,2025-09-15 22:09:59
2025-09-15 22:10:00,640.5,640.9,640.9,640.3,419653.20000000007,655,2025-09-15 22:19:59
2025-09-15 22:20:00,641.0,641.2,641.2,640.9,889299.7,1387,2025-09-15 22:29:59
2025-09-15 22:30:00,641.1,641.2,641.2,640.8,369220.19999999995,576,2025-09-15 22:39:59
2025-09-15 22:40:00,641.2,641.3,641.3,640.8,312237.8,487,2025-09-15 22:49:59
2025-09-15 22:50:00,641.3,641.0,641.4,641.0,186611.80000000002,291,2025-09-15 22:59:59
2025-09-15 23:00:00,641.0,641.2,641.2,641.0,350038.7,546,2025-09-15 23:09:59
2025-09-15 23:10:00,641.2,641.4,641.4,641.2,892692.6,1392,2025-09-15 23:19:59
2025-09-15 23:20:00,641.4,642.0,642.1,641.4,831647.8999999998,1296,2025-09-15 23:29:59
2025-09-15 23:30:00,642.1,642.0,642.3,642.0,432841.10000000003,674,2025-09-15 23:39:59
2025-09-15 23:40:00,642.3,641.9,642.6,641.6,1883317.4999999998,2933,2025-09-15 23:49:59
2025-09-16 06:50:00,642.8,642.8,642.8,642.8,53995.200000000004,84,2025-09-16 06:59:59
2025-09-16 07:00:00,643.0,642.9,643.5,642.0,1267739.1,1972,2025-09-16 07:09:59
2025-09-16 07:10:00,643.0,642.8,643.3,642.8,888647.7000000001,1382,2025-09-16 07:19:59
2025-09-16 07:20:00,642.8,642.6,642.9,642.6,368300.30000000005,573,2025-09-16 07:29:59
2025-09-16 07:30:00,642.7,642.9,642.9,642.7,833083.1000000002,1296,2025-09-16 07:39:59
2025-09-16 07:40:00,642.9,642.9,642.9,642.8,694331.3,1080,2025-09-16 07:49:59
2025-09-16 07:50:00,642.9,642.8,642.9,642.8,327863.5,510,2025-09-16 07:59:59
2025-09-16 08:00:00,642.8,643.1,643.1,642.8,1449826.6,2255,2025-09-16 08:09:59
2025-09-16 08:10:00,643.1,644.1,644.1,643.0,4049879.8,6291,2025-09-16 08:19:59
2025-09-16 08:20:00,644.2,644.7,644.7,644.1,2929129.9,4545,2025-09-16 08:29:59
2025-09-16 08:30:00,644.7,645.9,646.5,644.6,8658173.5,13411,2025-09-16 08:39:59
2025-09-16 08:40:00,645.9,644.6,646.2,644.5,5187969.2,8035,2025-09-16 08:49:59
2025-09-16 08:50:00,644.5,644.0,644.6,644.0,2456808.0999999996,3814,2025-09-16 08:59:59
2025-09-16 09:00:00,644.0,643.4,644.4,643.3,8835627.7,13721,2025-09-16 09:09:59
2025-09-16 09:10:00,643.3,644.2,644.2,643.2,1426658.4999999998,2217,2025-09-16 09:19:59
2025-09-16 09:20:00,644.2,644.5,644.5,643.5,5139944.6,7981,2025-09-16 09:29:59
2025-09-16 09:30:00,644.5,644.5,644.6,644.1,1109065.9999999998,1721,2025-09-16 09:39:59
2025-09-16 09:40:00,644.2,643.3,644.4,643.1,5119768.2,7957,2025-09-16 09:49:59
2025-09-16 09:50:00,643.2,643.1,643.8,643.0,5445886.5,8467,2025-09-16 09:59:59
2025-09-16 10:00:00,643.1,643.9,643.9,642.2,13503530.799999999,21002,2025-09-16 10:09:59
2025-09-16 10:10:00,643.9,645.5,645.8,643.8,14622947.0,22677,2025-09-16 10:19:59
2025-09-16 10:20:00,645.5,645.9,646.7,645.4,23833904.999999996,36887,2025-09-16 10:29:59
2025-09-16 10:30:00,645.9,645.4,646.3,645.1,13864467.500000002,21471,2025-09-16 10:39:59
2025-09-16 10:40:00,645.4,646.1,646.3,644.5,12553350.800000012,19446,2025-09-16 10:49:59
2025-09-16 10:50:00,646.0,644.7,646.1,644.6,5790472.3,8976,2025-09-16 10:59:59
2025-09-16 11:00:00,644.7,645.5,645.5,644.4,11318107.6,17548,2025-09-16 11:09:59
2025-09-16 11:10:00,645.4,644.8,645.6,644.8,2203895.0,3415,2025-09-16 11:19:59
2025-09-16 11:20:00,644.8,645.4,645.4,644.8,2954401.6,4581,2025-09-16 11:29:59
2025-09-16 11:30:00,645.5,643.3,645.6,641.4,50516371.700000055,78555,2025-09-16 11:39:59
2025-09-16 11:40:00,643.2,644.0,644.5,641.9,24570732.800000004,38222,2025-09-16 11:49:59
2025-09-16 11:50:00,643.8,643.8,644.2,641.9,13807742.899999995,21476,2025-09-16 11:59:59
2025-09-16 12:00:00,643.7,642.9,644.7,642.5,9547455.7,14838,2025-09-16 12:09:59
2025-09-16 12:10:00,642.6,642.5,642.8,640.0,31049128.400000002,48421,2025-09-16 12:19:59
2025-09-16 12:20:00,642.3,641.3,642.6,640.9,8669948.6,13512,2025-09-16 12:29:59
2025-09-16 12:30:00,641.1,639.0,641.5,638.9,20432139.000000007,31923,2025-09-16 12:39:59
2025-09-16 12:40:00,638.9,635.4,639.2,635.0,87660309.9,137690,2025-09-16 12:49:59
2025-09-16 12:50:00,635.4,636.0,637.0,634.9,35810493.99999999,56291,2025-09-16 12:59:59
2025-09-16 13:00:00,635.9,634.4,636.2,632.2,170351835.10000005,268681,2025-09-16 13:09:59
2025-09-16 13:10:00,634.4,633.0,636.0,632.5,84495029.39999995,133170,2025-09-16 13:19:59
2025-09-16 13:20:00,633.1,633.2,634.5,632.5,25348530.400000002,40015,2025-09-16 13:29:59
2025-09-16 13:30:00,633.3,633.4,633.7,632.4,16459080.200000001,26005,2025-09-16 13:39:59
2025-09-16 13:40:00,633.5,634.1,634.5,633.2,6217513.499999999,9809,2025-09-16 13:49:59
2025-09-16 13:50:00,633.9,634.2,634.8,633.9,5425191.5,8554,2025-09-16 13:59:59
2025-09-16 14:00:00,634.4,633.1,635.2,631.9,58306503.199999996,92178,2025-09-16 14:09:59
2025-09-16 14:10:00,633.1,634.7,634.9,632.9,11180007.099999998,17635,2025-09-16 14:19:59
2025-09-16 14:20:00,634.5,632.0,634.8,631.9,52096703.199999966,82382,2025-09-16 14:29:59
2025-09-16 14:30:00,632.0,631.9,633.9,631.0,56145016.400000006,88812,2025-09-16 14:39:59
2025-09-16 14:40:00,631.9,633.8,635.0,631.6,98304145.00000004,155407,2025-09-16 14:49:59
2025-09-16 14:50:00,633.7,631.8,634.9,631.4,101026069.1,159767,2025-09-16 14:59:59
2025-09-16 15:00:00,631.7,631.5,634.7,631.3,178235450.40000004,281883,2025-09-16 15:09:59
2025-09-16 15:10:00,631.5,631.2,631.5,630.8,11288473.5,17884,2025-09-16 15:19:59
2025-09-16 15:20:00,631.2,632.5,632.6,631.0,13832898.8,21904,2025-09-16 15:29:59
2025-09-16 15:30:00,632.6,630.0,632.6,629.6,44179713.199999996,70070,2025-09-16 15:39:59
2025-09-16 15:40:00,630.0,630.7,631.0,629.7,13312259.4,21123,2025-09-16 15:49:59
2025-09-16 15:50:00,630.7,631.6,631.7,630.4,6865632.699999999,10880,2025-09-16 15:59:59
2025-09-16 16:00:00,631.7,631.6,631.7,630.5,8962012.200000001,14199,2025-09-16 16:09:59
2025-09-16 16:10:00,631.6,630.4,631.7,630.3,8596733.600000001,13627,2025-09-16 16:19:59
2025-09-16 16:20:00,630.4,632.7,634.0,630.4,106899656.19999997,169062,2025-09-16 16:29:59
2025-09-16 16:30:00,632.8,634.8,635.0,632.8,7075126.800000001,11155,2025-09-16 16:39:59
2025-09-16 16:40:00,634.8,635.0,635.0,634.2,10809950.5,17029,2025-09-16 16:49:59
2025-09-16 16:50:00,634.9,634.1,635.0,634.1,31597162.2,49774,2025-09-16 16:59:59
2025-09-16 17:00:00,634.0,633.0,635.0,632.7,55844969.59999995,88096,2025-09-16 17:09:59
2025-09-16 17:10:00,633.0,632.8,633.0,632.5,8770259.7,13859,2025-09-16 17:19:59
2025-09-16 17:20:00,632.7,632.1,632.8,632.0,7240729.499999999,11448,2025-09-16 17:29:59
2025-09-16 17:30:00,632.0,632.3,632.6,631.5,10299192.5,16297,2025-09-16 17:39:59
2025-09-16 17:40:00,632.3,633.0,633.0,632.1,19105595.000000004,30188,2025-09-16 17:49:59
2025-09-16 17:50:00,633.0,633.4,633.9,632.2,27750737.000000004,43836,2025-09-16 17:59:59
2025-09-16 18:00:00,633.4,634.9,634.9,633.0,17741263.099999998,27990,2025-09-16 18:09:59
2025-09-16 18:10:00,634.7,632.4,635.0,632.0,56664057.900000006,89499,2025-09-16 18:19:59
2025-09-16 18:20:00,632.4,632.2,632.5,632.0,9788705.700000001,15482,2025-09-16 18:29:59
2025-09-16 18:30:00,632.2,632.4,632.4,631.3,10657647.100000001,16868,2025-09-16 18:39:59
2025-09-16 18:40:00,632.5,632.5,632.5,632.5,485127.5,767,2025-09-16 18:49:59
2025-09-16 19:00:00,632.5,632.2,632.5,632.0,2279655.400000002,3606,2025-09-16 19:09:59
2025-09-16 19:10:00,632.3,632.2,632.3,631.5,2111901.8000000003,3343,2025-09-16 19:19:59
2025-09-16 19:20:00,632.2,632.4,632.5,632.1,1821658.6,2881,2025-09-16 19:29:59
2025-09-16 19:30:00,632.4,632.5,632.5,632.1,2700429.3999999994,4270,2025-09-16 19:39:59
2025-09-16 19:40:00,632.5,632.5,632.5,632.4,4836695.9,7647,2025-09-16 19:49:59
2025-09-16 19:50:00,632.5,632.5,632.5,632.4,2233334.5,3531,2025-09-16 19:59:59
2025-09-16 20:00:00,632.5,632.3,632.5,632.2,1363261.4,2156,2025-09-16 20:09:59
2025-09-16 20:10:00,632.3,632.5,632.5,632.2,1015033.3,1605,2025-09-16 20:19:59
2025-09-16 20:20:00,632.5,632.2,632.5,632.2,430622.10000000003,681,2025-09-16 20:29:59
2025-09-16 20:30:00,632.2,632.2,632.5,632.2,1241274.1999999997,1963,2025-09-16 20:39:59
2025-09-16 20:40:00,632.2,632.2,632.3,631.8,2969161.6999999997,4697,2025-09-16 20:49:59
2025-09-16 20:50:00,632.2,632.5,632.5,632.0,4403995.4,6964,2025-09-16 20:59:59
2025-09-16 21:00:00,632.5,632.5,632.5,632.4,1058794.1,1674,2025-09-16 21:09:59
2025-09-16 21:10:00,632.5,632.5,632.5,632.4,1172012.9,1853,2025-09-16 21:19:59
2025-09-16 21:20:00,632.5,632.4,632.5,632.1,2075334.5999999999,3282,2025-09-16 21:29:59
2025-09-16 21:30:00,632.4,632.5,632.5,632.2,511640.7,809,2025-09-16 21:39:59
2025-09-16 21:40:00,632.5,632.5,632.5,632.4,168237.09999999998,266,2025-09-16 21:49:59
2025-09-16 21:50:00,632.5,632.5,632.5,632.3,334551.4,529,2025-09-16 21:59:59
2025-09-16 22:00:00,632.5,632.5,632.5,632.4,291581.39999999997,461,2025-09-16 22:09:59
2025-09-16 22:10:00,632.4,632.4,632.5,632.4,414886.69999999995,656,2025-09-16 22:19:59
2025-09-16 22:20:00,632.4,632.5,632.5,632.2,2786693.5999999996,4407,2025-09-16 22:29:59
2025-09-16 22:30:00,632.5,632.4,632.5,632.1,1869668.4,2957,2025-09-16 22:39:59
2025-09-16 22:40:00,632.3,632.3,632.4,632.0,2643040.4000000004,4181,2025-09-16 22:49:59
2025-09-16 22:50:00,632.2,631.9,632.3,631.9,1077223.0999999999,1704,2025-09-16 22:59:59
2025-09-16 23:00:00,632.1,632.0,632.2,631.9,788198.2999999999,1247,2025-09-16 23:09:59
2025-09-16 23:10:00,632.0,632.0,632.0,631.9,116281.1,184,2025-09-16 23:19:59
2025-09-16 23:20:00,632.0,631.6,632.0,631.5,2076108.5000000005,3287,2025-09-16 23:29:59
2025-09-16 23:30:00,631.6,631.7,632.0,631.5,2950015.0,4670,2025-09-16 23:39:59
2025-09-16 23:40:00,631.7,631.7,632.5,631.7,3697768.4000000004,5850,2025-09-16 23:49:59
2025-09-17 06:50:00,631.5,631.5,631.5,631.5,68833.5,109,2025-09-17 06:59:59
2025-09-17 07:00:00,631.5,632.6,634.3,631.4,1948787.0,3083,2025-09-17 07:09:59
2025-09-17 07:10:00,632.7,633.3,633.5,632.7,968114.1000000001,1530,2025-09-17 07:19:59
2025-09-17 07:20:00,633.3,631.9,633.3,631.7,2564477.6999999997,4057,2025-09-17 07:29:59
2025-09-17 07:30:00,632.5,632.9,632.9,632.5,863651.6,1365,2025-09-17 07:39:59
2025-09-17 07:40:00,632.7,633.4,633.7,632.7,1202206.5,1898,2025-09-17 07:49:59
2025-09-17 07:50:00,633.5,633.4,633.7,633.4,255999.2,404,2025-09-17 07:59:59
2025-09-17 08:00:00,633.7,633.8,634.0,633.3,1091595.9,1722,2025-09-17 08:09:59
2025-09-17 08:10:00,634.0,633.7,634.0,633.6,443057.20000000007,699,2025-09-17 08:19:59
2025-09-17 08:20:00,633.9,633.5,633.9,633.5,933426.4000000001,1473,2025-09-17 08:29:59
2025-09-17 08:30:00,633.6,633.4,633.7,633.3,485288.3,766,2025-09-17 08:39:59
2025-09-17 08:40:00,633.4,633.7,633.8,633.3,549973.7999999999,868,2025-09-17 08:49:59
2025-09-17 08:50:00,633.7,633.9,633.9,633.4,1229163.0,1940,2025-09-17 08:59:59
2025-09-17 09:00:00,633.9,634.0,634.0,633.3,2045586.0999999999,3228,2025-09-17 09:09:59
2025-09-17 09:10:00,633.9,633.0,633.9,632.6,2858623.0,4515,2025-09-17 09:19:59
2025-09-17 09:20:00,632.7,631.1,632.9,630.7,7354264.699999998,11646,2025-09-17 09:29:59
2025-09-17 09:30:00,631.0,631.9,632.2,630.9,3815560.1000000006,6043,2025-09-17 09:39:59
2025-09-17 09:40:00,631.8,631.0,632.3,630.3,7341672.200000001,11636,2025-09-17 09:49:59
2025-09-17 09:50:00,631.0,629.8,631.2,629.0,17038213.700000003,27052,2025-09-17 09:59:59
2025-09-17 10:00:00,629.7,629.6,629.8,628.1,14205190.0,22585,2025-09-17 10:09:59
2025-09-17 10:10:00,629.6,629.0,629.6,628.3,12156765.300000003,19330,2025-09-17 10:19:59
2025-09-17 10:20:00,629.1,629.5,629.6,628.7,8623388.0,13707,2025-09-17 10:29:59
2025-09-17 10:30:00,629.4,631.9,632.0,629.4,19259769.800000004,30533,2025-09-17 10:39:59
2025-09-17 10:40:00,631.9,631.0,631.9,630.8,3997108.7,6333,2025-09-17 10:49:59
2025-09-17 10:50:00,630.9,630.2,631.7,628.4,87460579.2,138975,2025-09-17 10:59:59
2025-09-17 11:00:00,630.1,630.0,631.1,629.9,8175438.300000001,12966,2025-09-17 11:09:59
2025-09-17 11:10:00,630.0,629.6,630.1,628.7,4225620.400000001,6716,2025-09-17 11:19:59
2025-09-17 11:20:00,629.7,628.8,629.9,628.7,6134849.700000002,9749,2025-09-17 11:29:59
2025-09-17 11:30:00,628.8,628.1,628.9,628.1,11997859.8,19089,2025-09-17 11:39:59
2025-09-17 11:40:00,628.1,628.7,628.7,627.9,10265281.499999998,16342,2025-09-17 11:49:59
2025-09-17 11:50:00,628.7,628.8,628.8,628.1,3718970.8000000003,5918,2025-09-17 11:59:59
2025-09-17 12:00:00,628.8,628.7,629.1,628.3,7151421.899999999,11370,2025-09-17 12:09:59
2025-09-17 12:10:00,628.7,628.8,629.0,628.6,1756902.2999999996,2794,2025-09-17 12:19:59
2025-09-17 12:20:00,628.7,628.3,629.0,628.2,6026116.6,9587,2025-09-17 12:29:59
2025-09-17 12:30:00,628.3,628.0,628.3,627.9,3915640.6999999997,6234,2025-09-17 12:39:59
2025-09-17 12:40:00,628.0,628.2,628.2,627.9,2302925.0000000005,3667,2025-09-17 12:49:59
2025-09-17 12:50:00,628.1,627.0,628.4,626.6,12479697.0,19890,2025-09-17 12:59:59
2025-09-17 13:00:00,627.0,627.6,627.8,626.1,9639575.2,15378,2025-09-17 13:09:59
2025-09-17 13:10:00,627.7,628.3,628.3,627.1,7927479.899999999,12631,2025-09-17 13:19:59
2025-09-17 13:20:00,628.3,629.0,629.0,628.2,14827249.0,23593,2025-09-17 13:29:59
2025-09-17 13:30:00,629.0,628.5,629.0,628.4,1444420.5000000002,2297,2025-09-17 13:39:59
2025-09-17 13:40:00,628.7,629.1,629.1,628.6,16989638.099999994,27007,2025-09-17 13:49:59
2025-09-17 13:50:00,629.0,628.8,629.1,628.6,26760137.2,42543,2025-09-17 13:59:59
2025-09-17 14:00:00,628.9,628.9,628.9,628.5,3212734.6999999997,5110,2025-09-17 14:09:59
2025-09-17 14:10:00,628.9,628.3,628.9,627.9,6170178.200000001,9820,2025-09-17 14:19:59
2025-09-17 14:20:00,628.3,628.3,628.5,627.6,4923532.600000001,7840,2025-09-17 14:29:59
2025-09-17 14:30:00,628.3,628.8,628.9,627.7,8757864.299999999,13939,2025-09-17 14:39:59
2025-09-17 14:40:00,628.8,630.1,630.4,628.3,45547499.00000001,72383,2025-09-17 14:49:59
2025-09-17 14:50:00,630.2,629.6,630.3,628.4,10815803.100000001,17183,2025-09-17 14:59:59
2025-09-17 15:00:00,629.5,628.4,630.7,628.3,26901025.499999993,42730,2025-09-17 15:09:59
2025-09-17 15:10:00,628.3,627.9,628.4,627.7,7244567.9,11536,2025-09-17 15:19:59
2025-09-17 15:20:00,627.9,627.6,628.5,627.6,9916586.6,15790,2025-09-17 15:29:59
2025-09-17 15:30:00,627.8,627.9,628.0,627.2,6219613.499999999,9910,2025-09-17 15:39:59
2025-09-17 15:40:00,627.8,627.5,627.9,627.2,7725443.6,12313,2025-09-17 15:49:59
2025-09-17 15:50:00,627.6,627.6,628.1,627.5,4234593.199999999,6746,2025-09-17 15:59:59
2025-09-17 16:00:00,627.8,627.8,628.2,627.3,6027331.4,9603,2025-09-17 16:09:59
2025-09-17 16:10:00,628.0,627.7,628.0,627.2,9405971.5,14993,2025-09-17 16:19:59
2025-09-17 16:20:00,627.7,627.1,627.7,627.1,5289834.8,8433,2025-09-17 16:29:59
2025-09-17 16:30:00,627.1,627.1,628.6,627.0,18521843.299999993,29490,2025-09-17 16:39:59
2025-09-17 16:40:00,627.3,626.9,627.3,626.4,10500496.8,16749,2025-09-17 16:49:59
2025-09-17 16:50:00,626.9,626.6,627.2,626.4,6301672.9,10055,2025-09-17 16:59:59
2025-09-17 17:00:00,626.5,627.8,627.8,626.5,7576854.600000001,12081,2025-09-17 17:09:59
2025-09-17 17:10:00,627.8,626.7,628.0,626.6,16221475.8,25861,2025-09-17 17:19:59
2025-09-17 17:20:00,626.8,628.7,629.1,626.7,55610111.19999999,88505,2025-09-17 17:29:59
2025-09-17 17:30:00,628.5,627.3,628.9,626.2,19911065.400000002,31746,2025-09-17 17:39:59
2025-09-17 17:40:00,627.7,627.0,627.7,626.1,17779012.799999997,28371,2025-09-17 17:49:59
2025-09-17 17:50:00,627.2,628.4,628.5,627.2,13769736.900000002,21925,2025-09-17 17:59:59
2025-09-17 18:00:00,628.4,628.3,628.8,628.3,2915639.4,4639,2025-09-17 18:09:59
2025-09-17 18:10:00,628.3,628.9,629.1,628.1,6351094.700000001,10102,2025-09-17 18:19:59
2025-09-17 18:20:00,629.1,629.8,630.4,628.9,59374523.1,94365,2025-09-17 18:29:59
2025-09-17 18:30:00,629.9,628.9,630.2,628.5,33167188.299999997,52727,2025-09-17 18:39:59
2025-09-17 18:40:00,628.4,628.4,628.4,628.4,2353357.9999999995,3745,2025-09-17 18:49:59
2025-09-17 19:00:00,628.9,631.0,631.0,628.3,43363403.2,68748,2025-09-17 19:09:59
2025-09-17 19:10:00,631.0,630.3,631.0,630.1,4308211.7,6832,2025-09-17 19:19:59
2025-09-17 19:20:00,630.3,630.6,630.6,630.3,3049980.6,4838,2025-09-17 19:29:59
2025-09-17 19:30:00,630.6,630.2,630.6,630.1,925241.0,1468,2025-09-17 19:39:59
2025-09-17 19:40:00,630.2,630.2,630.2,630.1,436678.89999999997,693,2025-09-17 19:49:59
2025-09-17 19:50:00,630.2,629.5,630.2,629.3,1964736.0000000002,3120,2025-09-17 19:59:59
2025-09-17 20:00:00,629.6,629.9,630.1,629.5,1568518.5,2490,2025-09-17 20:09:59
2025-09-17 20:10:00,630.0,629.8,630.0,629.8,421437.5,669,2025-09-17 20:19:59
2025-09-17 20:20:00,629.9,629.9,630.0,629.6,767020.1000000001,1218,2025-09-17 20:29:59
2025-09-17 20:30:00,630.0,630.4,630.7,629.9,11307458.599999998,17937,2025-09-17 20:39:59
2025-09-17 20:40:00,630.6,630.5,630.6,630.4,80073.4,127,2025-09-17 20:49:59
2025-09-17 20:50:00,630.5,630.3,630.5,629.9,919438.2000000001,1459,2025-09-17 20:59:59
2025-09-17 21:00:00,630.4,630.4,630.6,630.1,755305.1,1198,2025-09-17 21:09:59
2025-09-17 21:10:00,630.5,630.3,630.6,630.3,1138821.9,1806,2025-09-17 21:19:59
2025-09-17 21:20:00,630.5,630.6,630.6,630.3,2340945.3,3713,2025-09-17 21:29:59
2025-09-17 21:30:00,630.6,631.0,631.0,630.4,13098669.4,20769,2025-09-17 21:39:59
2025-09-17 21:40:00,631.0,630.7,631.0,630.7,2659817.6999999993,4216,2025-09-17 21:49:59
2025-09-17 21:50:00,630.8,630.1,630.8,629.8,8950222.6,14205,2025-09-17 21:59:59
2025-09-17 22:00:00,629.9,629.9,629.9,629.8,314281.1,499,2025-09-17 22:09:59
2025-09-17 22:10:00,629.9,629.8,629.9,629.8,227999.0,362,2025-09-17 22:19:59
2025-09-17 22:20:00,629.8,629.2,629.9,629.2,6644822.200000001,10553,2025-09-17 22:29:59
2025-09-17 22:30:00,629.2,629.1,629.3,629.0,582638.4,926,2025-09-17 22:39:59
2025-09-17 22:40:00,629.1,629.2,629.2,629.0,1409831.5000000002,2241,2025-09-17 22:49:59
2025-09-17 22:50:00,629.2,629.3,629.4,629.0,593977.1,944,2025-09-17 22:59:59
2025-09-17 23:00:00,629.3,629.3,629.5,629.1,711856.0000000001,1131,2025-09-17 23:09:59
2025-09-17 23:10:00,629.1,629.2,629.3,628.9,95619.79999999999,152,2025-09-17 23:19:59
2025-09-17 23:20:00,629.2,629.0,629.4,628.9,481277.9,765,2025-09-17 23:29:59
2025-09-17 23:30:00,629.0,629.0,629.3,628.0,4280509.899999999,6810,2025-09-17 23:39:59
2025-09-17 23:40:00,629.0,629.3,629.3,628.0,1467603.9000000001,2335,2025-09-17 23:49:59
2025-09-18 06:50:00,630.5,630.5,630.5,630.5,17654.0,28,2025-09-18 06:59:59
2025-09-18 07:00:00,630.5,629.9,630.5,628.1,1233395.0,1959,2025-09-18 07:09:59
2025-09-18 07:10:00,630.0,630.0,630.0,629.9,157499.1,250,2025-09-18 07:19:59
2025-09-18 07:20:00,630.0,629.5,630.0,629.5,491939.49999999994,781,2025-09-18 07:29:59
2025-09-18 07:30:00,629.3,629.3,629.3,629.2,39645.0,63,2025-09-18 07:39:59
2025-09-18 07:40:00,629.3,629.0,629.3,628.7,845947.0000000001,1345,2025-09-18 07:49:59
2025-09-18 07:50:00,628.7,628.8,629.0,628.7,105637.69999999998,168,2025-09-18 07:59:59
2025-09-18 08:00:00,628.8,628.9,629.0,628.7,643839.3,1024,2025-09-18 08:09:59
2025-09-18 08:10:00,628.9,629.0,629.0,628.8,73585.5,117,2025-09-18 08:19:59
2025-09-18 08:20:00,629.0,628.8,629.0,628.8,1042126.2,1657,2025-09-18 08:29:59
2025-09-18 08:30:00,629.0,629.6,629.9,629.0,1314626.0999999996,2088,2025-09-18 08:39:59
2025-09-18 08:40:00,629.4,629.4,629.5,629.2,195090.09999999998,310,2025-09-18 08:49:59
2025-09-18 08:50:00,629.4,629.3,629.5,629.2,292071.0,464,2025-09-18 08:59:59
2025-09-18 09:00:00,629.3,629.5,629.5,629.0,1072231.3,1704,2025-09-18 09:09:59
2025-09-18 09:10:00,629.5,629.5,629.8,629.3,584204.7,928,2025-09-18 09:19:59
2025-09-18 09:20:00,629.6,629.6,629.6,629.3,349378.2,555,2025-09-18 09:29:59
2025-09-18 09:30:00,629.6,629.8,629.9,628.6,11654771.2,18531,2025-09-18 09:39:59
2025-09-18 09:40:00,629.7,629.8,629.9,628.7,3105903.0999999996,4938,2025-09-18 09:49:59
2025-09-18 09:50:00,629.5,629.2,629.9,629.1,3114788.2,4950,2025-09-18 09:59:59
2025-09-18 10:00:00,629.3,629.1,629.3,627.8,21790694.699999996,34673,2025-09-18 10:09:59
2025-09-18 10:10:00,629.1,629.8,629.9,628.6,11559088.9,18366,2025-09-18 10:19:59
2025-09-18 10:20:00,629.8,631.9,632.5,629.6,39512104.599999994,62615,2025-09-18 10:29:59
2025-09-18 10:30:00,631.8,632.4,632.6,631.5,9576806.899999999,15150,2025-09-18 10:39:59
2025-09-18 10:40:00,632.4,631.7,632.5,631.3,21316403.8,33728,2025-09-18 10:49:59
2025-09-18 10:50:00,631.7,630.9,631.7,630.3,10615172.7,16827,2025-09-18 10:59:59
2025-09-18 11:00:00,630.8,630.9,631.0,630.4,5537255.699999999,8780,2025-09-18 11:09:59
2025-09-18 11:10:00,630.8,631.3,631.9,630.7,9561507.700000001,15143,2025-09-18 11:19:59
2025-09-18 11:20:00,631.2,631.5,631.8,630.9,9138315.999999998,14476,2025-09-18 11:29:59
2025-09-18 11:30:00,631.5,631.7,632.3,631.2,14836980.299999999,23482,2025-09-18 11:39:59
2025-09-18 11:40:00,631.7,631.8,632.1,631.0,10501714.299999999,16629,2025-09-18 11:49:59
2025-09-18 11:50:00,632.1,632.0,632.3,631.5,6320679.600000001,10001,2025-09-18 11:59:59
2025-09-18 12:00:00,632.0,631.8,632.2,631.4,6157039.100000001,9746,2025-09-18 12:09:59
2025-09-18 12:10:00,632.0,631.5,632.1,631.1,4049156.5999999996,6411,2025-09-18 12:19:59
2025-09-18 12:20:00,631.3,630.8,631.5,630.7,8841668.399999999,14012,2025-09-18 12:29:59
2025-09-18 12:30:00,631.0,630.7,631.2,630.1,20031061.6,31770,2025-09-18 12:39:59
2025-09-18 12:40:00,630.7,630.4,630.7,630.2,4351454.9,6902,2025-09-18 12:49:59
2025-09-18 12:50:00,630.2,630.3,630.6,630.0,3776011.7,5991,2025-09-18 12:59:59
2025-09-18 13:00:00,630.1,630.0,630.3,629.6,13086524.7,20775,2025-09-18 13:09:59
2025-09-18 13:10:00,630.0,630.2,630.3,629.5,13898335.5,22067,2025-09-18 13:19:59
2025-09-18 13:20:00,630.1,630.4,630.5,630.0,5206452.600000001,8262,2025-09-18 13:29:59
2025-09-18 13:30:00,630.3,630.4,631.2,630.0,10752306.4,17054,2025-09-18 13:39:59
2025-09-18 13:40:00,630.4,631.2,631.5,630.0,9605046.2,15230,2025-09-18 13:49:59
2025-09-18 13:50:00,631.0,631.0,632.1,630.7,8911613.3,14109,2025-09-18 13:59:59
2025-09-18 14:00:00,630.9,631.6,631.9,630.6,9752343.999999998,15448,2025-09-18 14:09:59
2025-09-18 14:10:00,631.6,631.9,632.1,631.3,5657391.300000001,8956,2025-09-18 14:19:59
2025-09-18 14:20:00,631.9,632.0,632.3,631.6,14968907.799999999,23685,2025-09-18 14:29:59
2025-09-18 14:30:00,632.1,632.1,632.2,631.6,7180399.1000000015,11361,2025-09-18 14:39:59
2025-09-18 14:40:00,632.2,631.8,632.2,630.6,15106650.999999998,23926,2025-09-18 14:49:59
2025-09-18 14:50:00,631.7,630.6,631.8,630.4,40887170.1,64794,2025-09-18 14:59:59
2025-09-18 15:00:00,630.5,629.1,631.0,629.0,171268091.3,271906,2025-09-18 15:09:59
2025-09-18 15:10:00,629.1,626.5,629.3,626.2,200018559.70000002,318726,2025-09-18 15:19:59
2025-09-18 15:20:00,626.5,626.0,627.1,625.3,190476408.49999997,304199,2025-09-18 15:29:59
2025-09-18 15:30:00,625.8,623.6,626.6,622.2,266059181.60000005,426262,2025-09-18 15:39:59
2025-09-18 15:40:00,623.6,623.3,624.7,621.9,275762498.90000004,442470,2025-09-18 15:49:59
2025-09-18 15:50:00,623.3,624.1,625.1,622.2,259046860.09999993,415400,2025-09-18 15:59:59
2025-09-18 16:00:00,624.0,623.6,625.8,623.2,42185309.69999999,67524,2025-09-18 16:09:59
2025-09-18 16:10:00,623.9,621.3,624.3,620.6,134612650.90000007,216338,2025-09-18 16:19:59
2025-09-18 16:20:00,621.4,621.1,621.4,618.1,86795055.09999998,140044,2025-09-18 16:29:59
2025-09-18 16:30:00,621.0,621.9,622.3,620.3,40255438.6,64769,2025-09-18 16:39:59
2025-09-18 16:40:00,622.1,622.1,622.4,621.7,19457969.000000004,31275,2025-09-18 16:49:59
2025-09-18 16:50:00,622.1,621.2,622.1,621.0,18531108.2,29822,2025-09-18 16:59:59
2025-09-18 17:00:00,621.2,622.3,622.3,621.1,10252123.100000001,16485,2025-09-18 17:09:59
2025-09-18 17:10:00,622.3,623.7,624.9,622.3,114689685.50000013,184125,2025-09-18 17:19:59
2025-09-18 17:20:00,623.7,623.9,625.9,622.4,45490369.0,72898,2025-09-18 17:29:59
2025-09-18 17:30:00,623.9,623.1,624.0,621.6,25805133.999999996,41446,2025-09-18 17:39:59
2025-09-18 17:40:00,623.0,622.6,623.9,622.1,25033473.099999998,40200,2025-09-18 17:49:59
2025-09-18 17:50:00,622.5,622.5,623.3,621.6,21317606.099999998,34249,2025-09-18 17:59:59
2025-09-18 18:00:00,622.3,622.4,622.8,621.6,16792870.200000003,26988,2025-09-18 18:09:59
2025-09-18 18:10:00,622.4,624.0,624.2,621.2,28949938.4,46495,2025-09-18 18:19:59
2025-09-18 18:20:00,624.0,621.4,624.0,621.2,40519534.5,65089,2025-09-18 18:29:59
2025-09-18 18:30:00,621.9,623.9,624.0,621.7,22843864.099999998,36656,2025-09-18 18:39:59
2025-09-18 18:40:00,622.2,622.2,622.2,622.2,14950843.800000004,24029,2025-09-18 18:49:59
2025-09-18 19:00:00,622.2,622.3,623.4,622.2,4566724.299999999,7330,2025-09-18 19:09:59
2025-09-18 19:10:00,622.4,623.8,624.1,622.3,4613818.7,7403,2025-09-18 19:19:59
2025-09-18 19:20:00,623.8,623.5,623.8,623.3,7347876.200000001,11785,2025-09-18 19:29:59
2025-09-18 19:30:00,623.5,623.2,623.5,623.1,2983369.1000000006,4786,2025-09-18 19:39:59
2025-09-18 19:40:00,623.2,622.6,623.2,622.5,10439967.899999999,16763,2025-09-18 19:49:59
2025-09-18 19:50:00,622.6,622.6,622.8,622.4,1798648.1999999997,2889,2025-09-18 19:59:59
2025-09-18 20:00:00,622.6,621.7,622.6,621.6,6904556.4,11102,2025-09-18 20:09:59
2025-09-18 20:10:00,621.7,621.7,621.7,621.6,1743861.8000000003,2805,2025-09-18 20:19:59
2025-09-18 20:20:00,621.7,620.8,621.7,620.4,5437462.900000001,8755,2025-09-18 20:29:59
2025-09-18 20:30:00,620.8,620.1,620.8,619.5,21626155.700000007,34875,2025-09-18 20:39:59
2025-09-18 20:40:00,620.1,620.1,620.4,620.0,1283711.6,2070,2025-09-18 20:49:59
2025-09-18 20:50:00,620.0,619.7,620.0,618.7,9320886.2,15047,2025-09-18 20:59:59
2025-09-18 21:00:00,619.7,619.6,619.8,619.5,1186720.9000000001,1915,2025-09-18 21:09:59
2025-09-18 21:10:00,619.5,619.6,619.7,618.8,8088337.699999998,13066,2025-09-18 21:19:59
2025-09-18 21:20:00,619.6,620.6,620.7,619.6,2477306.8,3995,2025-09-18 21:29:59
2025-09-18 21:30:00,620.5,620.0,620.6,619.8,977073.6000000002,1575,2025-09-18 21:39:59
2025-09-18 21:40:00,620.2,620.5,620.7,620.1,1445976.9999999998,2331,2025-09-18 21:49:59
2025-09-18 21:50:00,620.4,621.0,621.2,620.4,3626222.1999999997,5840,2025-09-18 21:59:59
2025-09-18 22:00:00,621.0,621.0,621.1,620.8,1149429.3,1851,2025-09-18 22:09:59
2025-09-18 22:10:00,621.1,621.0,621.2,621.0,340343.1,548,2025-09-18 22:19:59
2025-09-18 22:20:00,621.2,621.1,621.2,621.0,644141.9,1037,2025-09-18 22:29:59
2025-09-18 22:30:00,621.0,621.0,621.1,620.8,457014.39999999997,736,2025-09-18 22:39:59
2025-09-18 22:40:00,621.0,621.0,621.1,620.7,542712.9,874,2025-09-18 22:49:59
2025-09-18 22:50:00,621.0,620.9,621.0,620.8,358882.70000000007,578,2025-09-18 22:59:59
2025-09-18 23:00:00,620.9,621.2,621.2,620.8,361351.10000000003,582,2025-09-18 23:09:59
2025-09-18 23:10:00,621.2,621.0,621.2,621.0,246598.39999999997,397,2025-09-18 23:19:59
2025-09-18 23:20:00,621.0,621.0,621.1,620.9,50926.799999999996,82,2025-09-18 23:29:59
2025-09-18 23:30:00,621.0,620.7,621.0,620.3,7839963.5,12635,2025-09-18 23:39:59
2025-09-18 23:40:00,620.7,620.4,620.8,620.2,915984.5,1476,2025-09-18 23:49:59
2025-09-19 06:50:00,620.4,620.4,620.4,620.4,79411.2,128,2025-09-19 06:59:59
2025-09-19 07:00:00,620.3,620.0,620.4,620.0,1333269.7000000002,2150,2025-09-19 07:09:59
2025-09-19 07:10:00,620.1,620.8,621.5,620.0,4407829.3,7100,2025-09-19 07:19:59
2025-09-19 07:20:00,620.5,619.1,620.9,619.1,1350641.2000000002,2178,2025-09-19 07:29:59
2025-09-19 07:30:00,619.4,619.8,619.8,619.0,356071.1000000001,575,2025-09-19 07:39:59
2025-09-19 07:40:00,619.8,619.9,619.9,619.6,526884.1,850,2025-09-19 07:49:59
2025-09-19 07:50:00,619.9,617.8,620.0,617.5,8962831.599999994,14497,2025-09-19 07:59:59
2025-09-19 08:00:00,617.8,618.5,618.5,617.1,2657936.6,4303,2025-09-19 08:09:59
2025-09-19 08:10:00,618.5,619.5,619.6,618.5,2650858.5,4281,2025-09-19 08:19:59
2025-09-19 08:20:00,619.5,618.1,619.5,617.1,8799157.999999996,14241,2025-09-19 08:29:59
2025-09-19 08:30:00,618.1,617.7,618.1,617.1,4388577.0,7108,2025-09-19 08:39:59
2025-09-19 08:40:00,617.7,617.3,618.1,617.3,692336.2,1121,2025-09-19 08:49:59
2025-09-19 08:50:00,617.2,617.3,617.3,616.8,2991640.5,4848,2025-09-19 08:59:59
2025-09-19 09:00:00,617.3,620.4,620.5,617.3,12268389.8,19805,2025-09-19 09:09:59
2025-09-19 09:10:00,620.4,620.6,620.8,619.6,8240860.7,13285,2025-09-19 09:19:59
2025-09-19 09:20:00,620.4,619.5,620.5,619.3,7189251.1000000015,11593,2025-09-19 09:29:59
2025-09-19 09:30:00,619.3,620.1,620.4,619.3,851577.3000000002,1374,2025-09-19 09:39:59
2025-09-19 09:40:00,620.2,621.4,621.4,619.9,2708501.2999999993,4364,2025-09-19 09:49:59
2025-09-19 09:50:00,621.4,621.1,621.6,621.0,2088215.2000000002,3361,2025-09-19 09:59:59
2025-09-19 10:00:00,621.1,622.2,622.9,621.1,11609949.300000006,18668,2025-09-19 10:09:59
2025-09-19 10:10:00,622.2,621.6,622.2,621.2,3351135.2000000007,5392,2025-09-19 10:19:59
2025-09-19 10:20:00,621.4,623.3,623.5,621.1,12234913.6,19660,2025-09-19 10:29:59
2025-09-19 10:30:00,623.3,622.5,623.3,622.1,5028837.199999998,8077,2025-09-19 10:39:59
2025-09-19 10:40:00,622.6,622.4,622.8,621.6,4870337.199999999,7827,2025-09-19 10:49:59
2025-09-19 10:50:00,622.4,622.4,623.0,622.1,3864239.9,6207,2025-09-19 10:59:59
2025-09-19 11:00:00,622.3,622.7,622.7,621.8,5994784.1000000015,9636,2025-09-19 11:09:59
2025-09-19 11:10:00,622.7,620.1,622.7,620.0,28899492.500000007,46529,2025-09-19 11:19:59
2025-09-19 11:20:00,620.2,620.3,620.4,619.1,16349138.5,26384,2025-09-19 11:29:59
2025-09-19 11:30:00,620.3,619.5,620.3,618.2,12298406.1,19871,2025-09-19 11:39:59
2025-09-19 11:40:00,619.5,618.4,619.8,618.0,7765501.599999966,12550,2025-09-19 11:49:59
2025-09-19 11:50:00,618.4,618.1,619.0,617.6,11205002.3,18125,2025-09-19 11:59:59
2025-09-19 12:00:00,618.1,618.8,619.5,617.1,9640857.700000001,15597,2025-09-19 12:09:59
2025-09-19 12:10:00,618.9,618.8,619.2,617.1,8352117.600000001,13512,2025-09-19 12:19:59
2025-09-19 12:20:00,618.8,618.7,619.6,617.9,14312506.900000002,23139,2025-09-19 12:29:59
2025-09-19 12:30:00,618.7,619.3,620.3,618.6,24461523.800000004,39499,2025-09-19 12:39:59
2025-09-19 12:40:00,619.3,620.0,620.4,618.9,15717685.999999998,25362,2025-09-19 12:49:59
2025-09-19 12:50:00,620.1,622.4,622.4,619.4,28520864.699999996,45928,2025-09-19 12:59:59
2025-09-19 13:00:00,622.3,620.9,623.4,620.4,31595691.0,50806,2025-09-19 13:09:59
2025-09-19 13:10:00,621.0,619.5,622.0,619.2,22403879.600000005,36116,2025-09-19 13:19:59
2025-09-19 13:20:00,619.4,619.8,620.1,618.7,17187705.099999998,27752,2025-09-19 13:29:59
2025-09-19 13:30:00,619.8,618.7,619.8,618.5,21011297.5,33958,2025-09-19 13:39:59
2025-09-19 13:40:00,618.6,618.7,619.1,618.5,11756696.499999998,19002,2025-09-19 13:49:59
2025-09-19 13:50:00,618.7,618.8,619.3,618.5,3688587.6000000006,5961,2025-09-19 13:59:59
2025-09-19 14:00:00,618.8,618.6,620.0,618.5,18285669.5,29537,2025-09-19 14:09:59
2025-09-19 14:10:00,618.6,620.1,620.4,618.5,27868059.499999996,45028,2025-09-19 14:19:59
2025-09-19 14:20:00,620.0,619.4,620.1,619.1,6404892.2,10336,2025-09-19 14:29:59
2025-09-19 14:30:00,619.5,619.0,619.7,618.5,18959489.800000004,30628,2025-09-19 14:39:59
2025-09-19 14:40:00,619.0,621.3,622.0,618.5,19646471.299999997,31657,2025-09-19 14:49:59
2025-09-19 14:50:00,621.3,624.2,624.2,621.2,28077515.900000002,45094,2025-09-19 14:59:59
2025-09-19 15:00:00,624.2,622.9,624.2,621.6,28185802.000000007,45272,2025-09-19 15:09:59
2025-09-19 15:10:00,622.8,622.0,622.9,621.1,15603602.8,25099,2025-09-19 15:19:59
2025-09-19 15:20:00,622.0,622.7,622.8,621.9,5571976.2,8953,2025-09-19 15:29:59
2025-09-19 15:30:00,622.8,622.6,623.5,622.2,17972515.400000002,28853,2025-09-19 15:39:59
2025-09-19 15:40:00,622.6,623.5,623.5,622.4,10726144.600000005,17223,2025-09-19 15:49:59
2025-09-19 15:50:00,623.5,623.0,623.9,622.6,10874602.499999998,17449,2025-09-19 15:59:59
2025-09-19 16:00:00,623.0,622.3,623.2,621.8,12026914.700000001,19322,2025-09-19 16:09:59
2025-09-19 16:10:00,622.3,623.7,623.7,622.3,7302218.800000001,11717,2025-09-19 16:19:59
2025-09-19 16:20:00,623.8,623.5,623.8,623.0,3305735.0000000005,5304,2025-09-19 16:29:59
2025-09-19 16:30:00,623.4,622.8,623.5,622.5,7813230.500000001,12543,2025-09-19 16:39:59
2025-09-19 16:40:00,622.7,622.9,622.9,622.4,6966916.6,11190,2025-09-19 16:49:59
2025-09-19 16:50:00,622.9,622.0,622.9,621.8,6538080.8,10511,2025-09-19 16:59:59
2025-09-19 17:00:00,622.0,621.0,622.1,620.7,10293249.9,16565,2025-09-19 17:09:59
2025-09-19 17:10:00,621.0,621.2,621.8,620.4,7690326.1,12383,2025-09-19 17:19:59
2025-09-19 17:20:00,621.2,621.2,621.5,620.0,11595639.6,18683,2025-09-19 17:29:59
2025-09-19 17:30:00,621.2,621.7,622.5,620.2,13346457.0,21475,2025-09-19 17:39:59
2025-09-19 17:40:00,621.6,621.7,621.9,620.0,16634786.1,26793,2025-09-19 17:49:59
2025-09-19 17:50:00,621.7,619.4,621.9,618.9,33514826.1,54067,2025-09-19 17:59:59
2025-09-19 18:00:00,619.3,620.5,621.7,618.8,20247266.099999998,32638,2025-09-19 18:09:59
2025-09-19 18:10:00,620.3,619.4,620.7,618.7,17959956.700000003,28990,2025-09-19 18:19:59
2025-09-19 18:20:00,619.2,621.5,621.7,619.2,13193684.3,21267,2025-09-19 18:29:59
2025-09-19 18:30:00,621.6,620.8,622.0,620.7,5060970.899999999,8145,2025-09-19 18:39:59
2025-09-19 18:40:00,621.5,621.5,621.5,621.5,3682387.5,5925,2025-09-19 18:49:59
2025-09-19 19:00:00,620.9,619.5,621.5,619.0,12777428.700000005,20610,2025-09-19 19:09:59
2025-09-19 19:10:00,619.5,620.1,620.5,619.3,2621369.6999999997,4228,2025-09-19 19:19:59
2025-09-19 19:20:00,620.0,618.6,620.0,618.3,12716955.5,20546,2025-09-19 19:29:59
2025-09-19 19:30:00,618.6,617.5,619.2,617.2,25500035.4,41255,2025-09-19 19:39:59
2025-09-19 19:40:00,617.5,616.9,618.2,616.5,38399264.2,62222,2025-09-19 19:49:59
2025-09-19 19:50:00,616.9,617.9,618.1,616.5,10810508.100000003,17518,2025-09-19 19:59:59
2025-09-19 20:00:00,617.9,618.1,618.2,616.9,5501708.899999999,8908,2025-09-19 20:09:59
2025-09-19 20:10:00,618.1,618.0,618.2,617.8,1247144.3000000003,2018,2025-09-19 20:19:59
2025-09-19 20:20:00,618.0,616.4,618.0,616.3,3704770.6999999997,6006,2025-09-19 20:29:59
2025-09-19 20:30:00,616.3,616.8,617.1,616.3,6228545.3,10102,2025-09-19 20:39:59
2025-09-19 20:40:00,616.9,617.7,618.0,616.6,3550109.0,5748,2025-09-19 20:49:59
2025-09-19 20:50:00,617.8,617.9,618.0,617.3,3166358.8,5127,2025-09-19 20:59:59
2025-09-19 21:00:00,618.0,617.5,618.0,617.1,3212767.4000000004,5204,2025-09-19 21:09:59
2025-09-19 21:10:00,617.3,616.9,617.7,616.3,4764957.2,7721,2025-09-19 21:19:59
2025-09-19 21:20:00,616.9,617.3,617.6,616.6,976014.9000000001,1582,2025-09-19 21:29:59
2025-09-19 21:30:00,617.3,616.4,617.5,616.2,11191861.3,18142,2025-09-19 21:39:59
2025-09-19 21:40:00,616.4,616.7,617.1,615.8,8855137.8,14369,2025-09-19 21:49:59
2025-09-19 21:50:00,616.7,616.7,617.4,616.7,5447943.499999999,8830,2025-09-19 21:59:59
2025-09-19 22:00:00,616.8,617.3,617.3,616.7,7155681.6,11599,2025-09-19 22:09:59
2025-09-19 22:10:00,617.3,617.2,617.3,617.1,167278.5,271,2025-09-19 22:19:59
2025-09-19 22:20:00,617.2,617.3,617.3,617.2,564165.4,914,2025-09-19 22:29:59
2025-09-19 22:30:00,617.3,617.1,617.7,617.0,3973880.0,6439,2025-09-19 22:39:59
2025-09-19 22:40:00,617.1,617.2,617.3,617.0,176491.2,286,2025-09-19 22:49:59
2025-09-19 22:50:00,617.1,617.0,617.1,616.8,2713056.6000000006,4398,2025-09-19 22:59:59
2025-09-19 23:00:00,617.0,617.1,617.3,617.0,154911.1,251,2025-09-19 23:09:59
2025-09-19 23:10:00,617.1,617.3,617.4,616.8,6726663.3,10902,2025-09-19 23:19:59
2025-09-19 23:20:00,617.3,616.8,617.3,616.7,6303820.300000001,10219,2025-09-19 23:29:59
2025-09-19 23:30:00,616.8,616.4,617.0,616.4,9806627.5,15902,2025-09-19 23:39:59
2025-09-19 23:40:00,616.4,616.5,616.5,615.7,1994870.6,3239,2025-09-19 23:49:59
2025-09-22 06:50:00,616.5,616.5,616.5,616.5,139945.5,227,2025-09-22 06:59:59
2025-09-22 07:00:00,616.6,616.1,619.9,615.8,4353846.499999999,7060,2025-09-22 07:09:59
2025-09-22 07:10:00,616.1,616.2,616.2,614.4,3680974.9000000004,5983,2025-09-22 07:19:59
2025-09-22 07:20:00,616.1,617.3,617.4,616.1,204773.00000000003,332,2025-09-22 07:29:59
2025-09-22 07:30:00,617.3,617.3,617.4,617.0,592620.5000000001,960,2025-09-22 07:39:59
2025-09-22 07:40:00,617.3,617.7,618.2,617.3,1033676.9,1673,2025-09-22 07:49:59
2025-09-22 07:50:00,617.6,618.9,619.0,617.6,863466.6000000002,1396,2025-09-22 07:59:59
2025-09-22 08:00:00,618.8,619.8,620.5,618.7,7475614.5,12066,2025-09-22 08:09:59
2025-09-22 08:10:00,619.9,620.0,620.0,619.7,1495134.4,2412,2025-09-22 08:19:59
2025-09-22 08:20:00,620.0,621.3,622.0,619.4,9586296.999999996,15437,2025-09-22 08:29:59
2025-09-22 08:30:00,621.3,621.1,621.3,620.6,975202.1999999998,1571,2025-09-22 08:39:59
2025-09-22 08:40:00,620.8,621.0,621.3,620.7,1279506.6,2060,2025-09-22 08:49:59
2025-09-22 08:50:00,621.0,620.8,621.2,620.7,958619.4,1544,2025-09-22 08:59:59
2025-09-22 09:00:00,621.0,619.6,621.0,618.7,3987768.1999999997,6433,2025-09-22 09:09:59
2025-09-22 09:10:00,619.6,618.4,619.6,618.4,1004848.3,1623,2025-09-22 09:19:59
2025-09-22 09:20:00,618.9,618.1,619.0,617.5,6532601.899999999,10569,2025-09-22 09:29:59
2025-09-22 09:30:00,618.1,618.9,618.9,617.7,2421835.4000000004,3918,2025-09-22 09:39:59
2025-09-22 09:40:00,618.9,619.0,619.0,618.6,1064429.6,1720,2025-09-22 09:49:59
2025-09-22 09:50:00,618.7,618.2,619.0,618.1,884128.8,1429,2025-09-22 09:59:59
2025-09-22 10:00:00,618.0,620.0,620.7,617.7,5930689.300000001,9569,2025-09-22 10:09:59
2025-09-22 10:10:00,620.0,618.4,620.8,618.0,8097237.699999999,13077,2025-09-22 10:19:59
2025-09-22 10:20:00,618.3,616.5,618.3,615.8,18160845.400000058,29440,2025-09-22 10:29:59
2025-09-22 10:30:00,616.5,615.0,616.6,615.0,10431315.0,16942,2025-09-22 10:39:59
2025-09-22 10:40:00,615.1,614.6,615.1,613.7,20912933.2,34020,2025-09-22 10:49:59
2025-09-22 10:50:00,614.8,615.0,615.3,614.6,8196358.3,13324,2025-09-22 10:59:59
2025-09-22 11:00:00,615.1,613.9,615.3,613.7,7843116.2,12759,2025-09-22 11:09:59
2025-09-22 11:10:00,614.0,612.4,614.1,612.0,18231783.200000003,29752,2025-09-22 11:19:59
2025-09-22 11:20:00,612.5,611.7,612.5,611.2,7023461.5,11477,2025-09-22 11:29:59
2025-09-22 11:30:00,611.8,610.8,611.8,610.6,11799088.500000002,19308,2025-09-22 11:39:59
2025-09-22 11:40:00,610.9,610.9,610.9,610.4,6305247.9,10323,2025-09-22 11:49:59
2025-09-22 11:50:00,610.8,611.7,611.9,610.5,7363399.399999999,12052,2025-09-22 11:59:59
2025-09-22 12:00:00,611.6,610.8,611.6,610.0,11921243.600000003,19520,2025-09-22 12:09:59
2025-09-22 12:10:00,610.7,611.6,612.1,610.7,11896582.3,19454,2025-09-22 12:19:59
2025-09-22 12:20:00,611.7,611.3,611.8,611.3,2599214.5999999996,4250,2025-09-22 12:29:59
2025-09-22 12:30:00,611.3,612.4,612.5,610.5,4679192.5,7656,2025-09-22 12:39:59
2025-09-22 12:40:00,612.5,610.3,612.5,610.3,12310043.2,20150,2025-09-22 12:49:59
2025-09-22 12:50:00,610.4,611.7,611.7,610.0,19669463.2,32207,2025-09-22 12:59:59
2025-09-22 13:00:00,611.7,612.3,613.1,611.1,8045275.500000002,13143,2025-09-22 13:09:59
2025-09-22 13:10:00,612.3,612.1,612.4,611.4,7777432.700000001,12707,2025-09-22 13:19:59
2025-09-22 13:20:00,612.1,612.3,612.3,612.0,10066164.4,16442,2025-09-22 13:29:59
2025-09-22 13:30:00,612.2,612.2,612.3,612.1,7876859.400000001,12866,2025-09-22 13:39:59
2025-09-22 13:40:00,612.3,612.5,612.7,612.1,7692387.100000001,12561,2025-09-22 13:49:59
2025-09-22 13:50:00,612.5,613.1,613.8,612.1,15179093.700000001,24759,2025-09-22 13:59:59
2025-09-22 14:00:00,613.1,613.3,614.3,612.1,11893469.8,19401,2025-09-22 14:09:59
2025-09-22 14:10:00,613.2,613.3,613.4,612.5,2746993.2,4482,2025-09-22 14:19:59
2025-09-22 14:20:00,613.2,613.0,613.9,612.5,7850439.2,12806,2025-09-22 14:29:59
2025-09-22 14:30:00,613.0,612.9,613.2,612.8,6273174.899999999,10235,2025-09-22 14:39:59
2025-09-22 14:40:00,612.8,612.3,613.9,612.1,11950163.9,19497,2025-09-22 14:49:59
2025-09-22 14:50:00,612.4,615.2,618.8,612.3,45996683.50000001,74655,2025-09-22 14:59:59
2025-09-22 15:00:00,615.4,615.2,616.9,614.4,19173527.299999997,31155,2025-09-22 15:09:59
2025-09-22 15:10:00,615.2,614.6,615.4,614.1,8190321.9,13321,2025-09-22 15:19:59
2025-09-22 15:20:00,615.0,613.1,615.4,612.7,10404532.799999999,16958,2025-09-22 15:29:59
2025-09-22 15:30:00,613.1,612.0,613.8,612.0,5272258.700000001,8607,2025-09-22 15:39:59
2025-09-22 15:40:00,612.1,612.8,612.9,612.0,2501964.1,4085,2025-09-22 15:49:59
2025-09-22 15:50:00,612.7,611.4,613.0,611.4,4543979.299999999,7423,2025-09-22 15:59:59
2025-09-22 16:00:00,611.5,611.5,611.6,610.8,3858478.0000000005,6314,2025-09-22 16:09:59
2025-09-22 16:10:00,611.5,610.9,611.8,610.8,1126973.1,1844,2025-09-22 16:19:59
2025-09-22 16:20:00,610.8,611.2,611.2,610.8,3106302.8000000003,5084,2025-09-22 16:29:59
2025-09-22 16:30:00,611.1,610.0,611.6,610.0,23040206.9,37731,2025-09-22 16:39:59
2025-09-22 16:40:00,610.0,609.0,610.4,608.1,22557165.1,37031,2025-09-22 16:49:59
2025-09-22 16:50:00,609.0,607.8,609.2,607.5,12593128.600000007,20700,2025-09-22 16:59:59
2025-09-22 17:00:00,607.8,608.3,608.6,607.6,6384789.000000001,10501,2025-09-22 17:09:59
2025-09-22 17:10:00,608.3,608.2,609.0,608.0,4675185.1,7683,2025-09-22 17:19:59
2025-09-22 17:20:00,608.4,611.3,611.4,608.3,6315922.399999999,10361,2025-09-22 17:29:59
2025-09-22 17:30:00,611.3,612.0,612.4,610.6,11841944.7,19356,2025-09-22 17:39:59
2025-09-22 17:40:00,612.0,614.6,615.6,612.0,13814541.600000001,22498,2025-09-22 17:49:59
2025-09-22 17:50:00,614.6,615.1,616.7,614.4,10648076.100000003,17288,2025-09-22 17:59:59
2025-09-22 18:00:00,615.3,619.8,620.5,615.3,30450980.3,49236,2025-09-22 18:09:59
2025-09-22 18:10:00,619.7,619.9,620.1,619.0,9859816.3,15915,2025-09-22 18:19:59
2025-09-22 18:20:00,620.0,617.4,620.3,617.3,16847237.099999998,27229,2025-09-22 18:29:59
2025-09-22 18:30:00,617.8,617.4,618.2,617.1,12385638.099999998,20052,2025-09-22 18:39:59
2025-09-22 18:40:00,618.5,618.5,618.5,618.5,2655839.0,4294,2025-09-22 18:49:59
2025-09-22 19:00:00,618.7,617.9,618.7,616.8,5399365.699999999,8743,2025-09-22 19:09:59
2025-09-22 19:10:00,617.8,618.6,620.5,617.8,15814339.199999996,25538,2025-09-22 19:19:59
2025-09-22 19:20:00,618.5,618.5,618.8,618.0,1644798.1,2660,2025-09-22 19:29:59
2025-09-22 19:30:00,618.5,619.3,619.3,618.4,1353703.3,2188,2025-09-22 19:39:59
2025-09-22 19:40:00,619.3,619.0,619.5,618.5,922215.2999999999,1490,2025-09-22 19:49:59
2025-09-22 19:50:00,619.1,619.4,619.4,618.8,443868.39999999997,717,2025-09-22 19:59:59
2025-09-22 20:00:00,619.3,619.4,619.7,619.3,723426.4999999999,1168,2025-09-22 20:09:59
2025-09-22 20:10:00,619.4,618.7,619.6,618.6,1392757.4,2249,2025-09-22 20:19:59
2025-09-22 20:20:00,618.7,618.5,618.7,618.0,1339449.3999999997,2166,2025-09-22 20:29:59
2025-09-22 20:30:00,618.5,619.5,619.5,618.4,2431731.5,3930,2025-09-22 20:39:59
2025-09-22 20:40:00,619.4,621.9,621.9,619.4,10691142.5,17215,2025-09-22 20:49:59
2025-09-22 20:50:00,621.8,621.7,624.0,621.7,23979951.8,38487,2025-09-22 20:59:59
2025-09-22 21:00:00,621.9,624.2,625.1,621.8,23152620.400000002,37111,2025-09-22 21:09:59
2025-09-22 21:10:00,624.1,623.8,624.9,623.5,7228709.199999999,11578,2025-09-22 21:19:59
2025-09-22 21:20:00,623.8,623.3,623.9,623.3,1030320.2000000002,1652,2025-09-22 21:29:59
2025-09-22 21:30:00,623.6,623.2,623.6,622.8,4072813.7,6538,2025-09-22 21:39:59
2025-09-22 21:40:00,623.2,623.8,623.8,623.0,2369674.3,3801,2025-09-22 21:49:59
2025-09-22 21:50:00,623.8,623.7,624.0,623.6,1225765.9000000001,1965,2025-09-22 21:59:59
2025-09-22 22:00:00,623.8,623.7,624.0,623.3,1477309.4000000004,2368,2025-09-22 22:09:59
2025-09-22 22:10:00,623.7,623.7,623.7,623.2,1000006.9000000001,1604,2025-09-22 22:19:59
2025-09-22 22:20:00,623.7,623.7,623.7,623.4,316149.0,507,2025-09-22 22:29:59
2025-09-22 22:30:00,623.6,623.5,623.7,623.4,1061271.2,1702,2025-09-22 22:39:59
2025-09-22 22:40:00,623.6,624.0,624.0,623.5,1096380.2,1758,2025-09-22 22:49:59
2025-09-22 22:50:00,624.0,623.7,624.0,623.5,1045864.5000000001,1677,2025-09-22 22:59:59
2025-09-22 23:00:00,623.7,623.1,623.7,622.6,4976077.999999999,7986,2025-09-22 23:09:59
2025-09-22 23:10:00,623.4,623.1,623.4,623.0,2642970.5000000005,4241,2025-09-22 23:19:59
2025-09-22 23:20:00,623.2,623.8,623.9,623.2,1685304.0999999999,2703,2025-09-22 23:29:59
2025-09-22 23:30:00,623.9,623.6,624.0,623.5,1803593.5999999996,2891,2025-09-22 23:39:59
2025-09-22 23:40:00,623.7,623.9,624.4,623.5,1096242.3,1757,2025-09-22 23:49:59
2025-09-23 06:50:00,623.7,623.7,623.7,623.7,77962.5,125,2025-09-23 06:59:59
2025-09-23 07:00:00,623.9,623.5,623.9,621.6,5564705.9,8936,2025-09-23 07:09:59
2025-09-23 07:10:00,623.3,623.9,624.3,623.0,1704134.0999999999,2733,2025-09-23 07:19:59
2025-09-23 07:20:00,623.9,622.7,623.9,622.7,1190199.0999999999,1910,2025-09-23 07:29:59
2025-09-23 07:30:00,622.9,622.8,622.9,622.8,325149.60000000003,522,2025-09-23 07:39:59
2025-09-23 07:40:00,622.9,622.7,622.9,622.5,363046.6,583,2025-09-23 07:49:59
2025-09-23 07:50:00,622.6,620.9,622.7,620.9,8767358.5,14106,2025-09-23 07:59:01
2025-09-23 08:00:00,621.2,621.1,621.2,620.6,338963.9,546,2025-09-23 08:09:59
2025-09-23 08:10:00,620.9,620.5,621.2,620.5,995284.3,1603,2025-09-23 08:19:59
2025-09-23 08:20:00,620.8,620.6,620.8,620.5,205432.30000000002,331,2025-09-23 08:29:59
2025-09-23 08:30:00,620.6,620.6,620.7,620.5,842150.7000000001,1357,2025-09-23 08:39:59
2025-09-23 08:40:00,620.7,620.7,620.7,620.6,794492.7,1280,2025-09-23 08:49:59
2025-09-23 08:50:00,620.7,620.6,620.7,620.5,152059.7,245,2025-09-23 08:59:59
2025-09-23 09:00:00,620.7,621.0,621.2,620.2,2385413.9,3843,2025-09-23 09:09:59
2025-09-23 09:10:00,621.0,620.8,621.2,620.7,470655.20000000007,758,2025-09-23 09:19:59
2025-09-23 09:20:00,620.8,621.5,621.5,620.6,4689649.700000001,7549,2025-09-23 09:29:59
2025-09-23 09:30:00,621.5,622.9,623.6,621.4,5073706.800000001,8149,2025-09-23 09:39:59
2025-09-23 09:40:00,622.9,623.8,623.9,622.6,4407319.499999999,7074,2025-09-23 09:49:59
2025-09-23 09:50:00,623.6,623.2,623.8,622.3,4358334.8,6997,2025-09-23 09:59:59
2025-09-23 10:00:00,622.9,621.0,622.9,620.5,8033704.500000002,12935,2025-09-23 10:09:59
2025-09-23 10:10:00,620.8,621.0,622.3,620.5,9992362.799999999,16080,2025-09-23 10:19:59
2025-09-23 10:20:00,620.9,621.2,622.4,620.7,7622854.499999999,12269,2025-09-23 10:29:59
2025-09-23 10:30:00,621.0,622.1,622.5,620.5,6027262.999999998,9695,2025-09-23 10:39:59
2025-09-23 10:40:00,622.0,619.6,622.0,619.1,11610158.900000002,18719,2025-09-23 10:49:59
2025-09-23 10:50:00,619.5,620.5,621.1,619.1,6529953.899999999,10531,2025-09-23 10:59:59
2025-09-23 11:00:00,620.4,619.5,621.1,619.1,11808654.9,19048,2025-09-23 11:09:59
2025-09-23 11:10:00,619.4,619.2,619.6,619.1,2931363.2000000007,4733,2025-09-23 11:19:59
2025-09-23 11:20:00,619.2,618.7,619.6,618.0,13274890.600000001,21454,2025-09-23 11:29:59
2025-09-23 11:30:00,618.8,620.7,621.1,618.5,9015880.599999998,14541,2025-09-23 11:39:59
2025-09-23 11:40:00,620.7,621.3,621.7,620.3,10820309.600000001,17430,2025-09-23 11:49:59
2025-09-23 11:50:00,621.4,621.1,622.2,621.0,11051256.799999997,17785,2025-09-23 11:59:59
2025-09-23 12:00:00,621.2,622.2,623.0,620.5,24843191.099999998,39937,2025-09-23 12:09:59
2025-09-23 12:10:00,622.1,621.9,622.5,621.3,7491561.700000001,12044,2025-09-23 12:19:59
2025-09-23 12:20:00,622.0,624.5,624.6,621.8,13805710.400000002,22144,2025-09-23 12:29:59
2025-09-23 12:30:00,624.5,624.5,624.9,623.9,17523922.900000006,28053,2025-09-23 12:39:59
2025-09-23 12:40:00,624.5,624.5,624.9,623.2,12448585.200000001,19936,2025-09-23 12:49:59
2025-09-23 12:50:00,624.4,624.5,624.7,624.2,5150836.3,8248,2025-09-23 12:59:59
2025-09-23 13:00:00,624.5,624.0,624.9,623.8,5646308.9,9044,2025-09-23 13:09:59
2025-09-23 13:10:00,624.0,624.3,624.6,623.7,2795971.6000000006,4480,2025-09-23 13:19:59
2025-09-23 13:20:00,624.2,623.4,624.3,623.3,2720395.899999995,4360,2025-09-23 13:29:59
2025-09-23 13:30:00,623.3,623.3,623.4,622.7,6623380.9,10632,2025-09-23 13:39:59
2025-09-23 13:40:00,623.3,623.6,623.9,623.1,1590684.3,2551,2025-09-23 13:49:59
2025-09-23 13:50:00,623.7,624.2,624.6,623.6,1548564.2,2481,2025-09-23 13:59:59
2025-09-23 14:00:00,624.2,624.5,624.5,623.6,5508358.2,8827,2025-09-23 14:09:59
2025-09-23 14:10:00,624.2,625.6,626.0,624.2,29422966.50000001,47046,2025-09-23 14:19:59
2025-09-23 14:20:00,625.6,625.8,625.8,625.4,2426754.9,3879,2025-09-23 14:29:59
2025-09-23 14:30:00,625.8,624.6,625.8,624.5,5692408.9,9103,2025-09-23 14:39:59
2025-09-23 14:40:00,624.5,625.1,625.4,624.1,5564865.9,8909,2025-09-23 14:49:59
2025-09-23 14:50:00,624.8,624.8,625.0,624.4,2380047.0999999996,3810,2025-09-23 14:59:59
2025-09-23 15:00:00,624.8,625.5,625.9,624.7,5052027.600000001,8078,2025-09-23 15:09:59
2025-09-23 15:10:00,625.5,624.2,625.6,624.2,3405219.5,5450,2025-09-23 15:19:59
2025-09-23 15:20:00,624.2,624.0,624.2,622.0,27400625.299999997,43955,2025-09-23 15:29:59
2025-09-23 15:30:00,623.9,623.6,624.0,622.8,5428111.800000001,8709,2025-09-23 15:39:59
2025-09-23 15:40:00,623.6,624.5,624.5,623.5,9914029.5,15889,2025-09-23 15:49:59
2025-09-23 15:50:00,624.6,624.6,624.6,624.2,1701241.5999999999,2724,2025-09-23 15:59:59
2025-09-23 16:00:00,624.6,625.5,625.7,624.5,13057347.2,20900,2025-09-23 16:09:59
2025-09-23 16:10:00,625.5,626.2,626.3,625.4,10380302.100000003,16583,2025-09-23 16:19:59
2025-09-23 16:20:00,626.2,627.1,627.5,626.2,27472130.70000001,43813,2025-09-23 16:29:59
2025-09-23 16:30:00,627.1,626.6,627.4,625.8,7794387.799999999,12440,2025-09-23 16:39:59
2025-09-23 16:40:00,626.3,624.8,626.9,624.6,11543935.499999998,18450,2025-09-23 16:49:59
2025-09-23 16:50:00,624.8,624.5,625.1,624.1,4422496.7,7080,2025-09-23 16:59:59
2025-09-23 17:00:00,624.5,624.2,625.8,624.2,10282025.3,16460,2025-09-23 17:09:59
2025-09-23 17:10:00,624.3,623.7,625.0,623.4,14029710.600000001,22479,2025-09-23 17:19:59
2025-09-23 17:20:00,623.7,623.0,624.1,623.0,11665496.7,18708,2025-09-23 17:29:59
2025-09-23 17:30:00,623.0,622.0,623.0,621.1,18551751.699999996,29822,2025-09-23 17:39:59
2025-09-23 17:40:00,622.1,621.6,622.4,621.1,25381839.299999997,40812,2025-09-23 17:49:59
2025-09-23 17:50:00,621.8,623.0,623.2,621.6,7744900.4,12454,2025-09-23 17:59:59
2025-09-23 18:00:00,623.1,624.1,624.7,623.1,4417998.5,7082,2025-09-23 18:09:59
2025-09-23 18:10:00,624.1,623.5,625.4,623.4,6394239.1,10243,2025-09-23 18:19:59
2025-09-23 18:20:00,623.3,624.5,624.8,623.3,5192485.1,8321,2025-09-23 18:29:59
2025-09-23 18:30:00,624.4,624.0,624.5,623.6,3665531.6,5875,2025-09-23 18:39:59
2025-09-23 18:40:00,624.0,624.0,624.0,624.0,84864.0,136,2025-09-23 18:49:59
2025-09-23 19:00:00,624.0,624.2,624.3,623.3,3175083.7,5090,2025-09-23 19:09:59
2025-09-23 19:10:00,624.1,623.2,624.3,623.2,4937820.9,7913,2025-09-23 19:19:59
2025-09-23 19:20:00,623.2,623.2,623.6,622.6,4775914.7,7666,2025-09-23 19:29:59
2025-09-23 19:30:00,623.0,622.5,623.4,622.4,3366627.0,5405,2025-09-23 19:39:59
2025-09-23 19:40:00,622.5,622.1,622.5,621.1,8001596.6000000015,12873,2025-09-23 19:49:59
2025-09-23 19:50:00,622.1,621.7,622.3,621.7,658078.7000000001,1058,2025-09-23 19:59:59
2025-09-23 20:00:00,621.6,622.3,622.3,621.5,2786835.9,4482,2025-09-23 20:09:59
2025-09-23 20:10:00,622.3,622.3,623.0,622.2,3497034.1,5616,2025-09-23 20:19:59
2025-09-23 20:20:00,622.2,622.5,622.5,622.2,103941.2,167,2025-09-23 20:29:59
2025-09-23 20:30:00,622.5,620.9,622.5,620.1,6467238.8,10418,2025-09-23 20:39:59
2025-09-23 20:40:00,620.9,620.9,620.9,620.8,196194.2,316,2025-09-23 20:49:59
2025-09-23 20:50:00,620.9,619.8,620.9,619.5,4139181.7,6675,2025-09-23 20:59:59
2025-09-23 21:00:00,619.8,619.9,620.0,619.7,815741.1999999998,1316,2025-09-23 21:09:59
2025-09-23 21:10:00,619.9,620.0,620.0,619.8,2639046.5,4257,2025-09-23 21:19:59
2025-09-23 21:20:00,620.0,620.9,620.9,619.9,2961046.5,4773,2025-09-23 21:29:59
2025-09-23 21:30:00,620.9,620.7,620.9,620.6,198021.0,319,2025-09-23 21:39:59
2025-09-23 21:40:00,620.7,620.4,620.7,620.1,509918.19999999995,822,2025-09-23 21:49:59
2025-09-23 21:50:00,620.4,616.8,620.4,615.2,57238964.1,92685,2025-09-23 21:59:59
2025-09-23 22:00:00,616.7,612.8,616.7,607.1,64061557.1,104755,2025-09-23 22:09:59
2025-09-23 22:10:00,612.9,612.0,612.9,610.0,21713135.100000005,35514,2025-09-23 22:19:59
2025-09-23 22:20:00,612.0,612.5,613.4,610.2,7755038.9,12672,2025-09-23 22:29:59
2025-09-23 22:30:00,612.4,610.7,613.4,610.7,12726809.200000001,20778,2025-09-23 22:39:59
2025-09-23 22:40:00,610.7,611.0,611.1,608.8,10374947.399999999,17013,2025-09-23 22:49:59
2025-09-23 22:50:00,611.0,607.1,611.1,607.1,14443115.500000002,23736,2025-09-23 22:59:59
2025-09-23 23:00:00,607.2,608.1,608.4,606.7,19306966.499999996,31780,2025-09-23 23:09:59
2025-09-23 23:10:00,608.2,608.6,609.1,607.9,6554777.100000001,10772,2025-09-23 23:19:59
2025-09-23 23:20:00,608.6,610.3,610.4,608.2,3605542.6,5920,2025-09-23 23:29:59
2025-09-23 23:30:00,610.5,610.8,611.6,610.4,4670179.500000001,7644,2025-09-23 23:39:59
2025-09-23 23:40:00,610.8,610.3,610.8,610.0,3916539.1000000006,6416,2025-09-23 23:49:59
2025-09-24 06:50:00,612.5,612.5,612.5,612.5,35525.0,58,2025-09-24 06:59:59
2025-09-24 07:00:00,611.8,612.4,613.2,611.0,5455769.600000001,8909,2025-09-24 07:09:59
2025-09-24 07:10:00,612.3,612.0,612.3,610.9,2174831.5999999996,3557,2025-09-24 07:19:59
2025-09-24 07:20:00,612.0,612.2,612.3,611.5,145069.49999999997,237,2025-09-24 07:29:59
2025-09-24 07:30:00,612.2,613.2,613.2,611.8,1329983.0000000002,2171,2025-09-24 07:39:59
2025-09-24 07:40:00,613.3,612.5,613.5,612.4,1413601.5,2305,2025-09-24 07:49:59
2025-09-24 07:50:00,612.5,613.5,613.5,612.4,843048.3,1375,2025-09-24 07:59:59
2025-09-24 08:00:00,613.5,613.2,613.5,612.7,580707.2,947,2025-09-24 08:09:59
2025-09-24 08:10:00,613.2,612.7,613.2,612.6,1420994.7,2318,2025-09-24 08:19:59
2025-09-24 08:20:00,612.7,612.6,612.7,612.5,393860.9,643,2025-09-24 08:29:59
2025-09-24 08:30:00,612.6,611.7,612.6,611.6,1399445.5,2286,2025-09-24 08:39:59
2025-09-24 08:40:00,611.7,611.6,611.9,611.5,462434.0,756,2025-09-24 08:49:59
2025-09-24 08:50:00,611.6,612.1,612.6,611.6,1829831.2999999998,2989,2025-09-24 08:59:59
2025-09-24 09:00:00,612.1,609.6,612.2,607.7,14127500.1,23185,2025-09-24 09:09:59
2025-09-24 09:10:00,609.5,607.0,609.7,605.7,18511409.2,30471,2025-09-24 09:19:59
2025-09-24 09:20:00,607.0,609.3,609.3,606.3,9837229.500000002,16193,2025-09-24 09:29:59
2025-09-24 09:30:00,609.3,609.3,609.6,608.2,6046181.9,9929,2025-09-24 09:39:59
2025-09-24 09:40:00,609.1,608.6,609.7,607.4,2036053.2000000002,3345,2025-09-24 09:49:59
2025-09-24 09:50:00,608.6,610.1,610.8,608.5,10243016.6,16800,2025-09-24 09:59:59
2025-09-24 10:00:00,609.8,609.6,610.3,607.6,39238793.800000004,64423,2025-09-24 10:09:59
2025-09-24 10:10:00,609.5,613.4,614.3,608.8,28959896.7,47331,2025-09-24 10:19:59
2025-09-24 10:20:00,613.4,613.9,614.8,612.0,17432367.59999999,28421,2025-09-24 10:29:59
2025-09-24 10:30:00,614.0,614.5,615.5,613.4,17099068.700000018,27824,2025-09-24 10:39:59
2025-09-24 10:40:00,614.5,613.2,615.6,612.8,17791722.900000002,28963,2025-09-24 10:49:59
2025-09-24 10:50:00,613.3,615.1,615.5,612.6,8157963.999999998,13284,2025-09-24 10:59:59
2025-09-24 11:00:00,615.0,613.5,615.4,612.8,11344357.8,18479,2025-09-24 11:09:59
2025-09-24 11:10:00,613.8,616.4,616.6,612.7,17336745.999999996,28188,2025-09-24 11:19:59
2025-09-24 11:20:00,616.3,616.3,617.6,615.0,18531561.5,30072,2025-09-24 11:29:59
2025-09-24 11:30:00,616.2,617.2,617.5,615.8,20490746.9,33235,2025-09-24 11:39:59
2025-09-24 11:40:00,617.3,615.8,617.4,615.0,21036578.9,34149,2025-09-24 11:49:59
2025-09-24 11:50:00,615.8,617.1,617.6,615.2,14358631.8,23295,2025-09-24 11:59:59
2025-09-24 12:00:00,617.3,618.0,618.0,616.5,6760514.799999999,10947,2025-09-24 12:09:59
2025-09-24 12:10:00,618.0,618.1,618.2,616.5,22362657.199999996,36208,2025-09-24 12:19:59
2025-09-24 12:20:00,618.2,615.4,618.8,615.3,16020122.3,25956,2025-09-24 12:29:59
2025-09-24 12:30:00,615.4,616.8,617.3,615.4,5257365.600000001,8532,2025-09-24 12:39:59
2025-09-24 12:40:00,616.8,616.1,617.6,616.1,3607229.1000000006,5850,2025-09-24 12:49:59
2025-09-24 12:50:00,616.3,615.3,616.5,614.7,12213686.3,19841,2025-09-24 12:59:59
2025-09-24 13:00:00,615.3,615.4,615.8,613.9,9099964.1,14804,2025-09-24 13:09:59
2025-09-24 13:10:00,615.2,615.3,615.4,613.9,9857726.8,16034,2025-09-24 13:19:59
2025-09-24 13:20:00,615.3,615.8,616.2,615.1,5679803.800000001,9226,2025-09-24 13:29:59
2025-09-24 13:30:00,615.8,614.4,615.8,613.3,8335270.3,13572,2025-09-24 13:39:59
2025-09-24 13:40:00,614.4,614.9,615.9,614.4,3133796.9,5095,2025-09-24 13:49:59
2025-09-24 13:50:00,614.9,614.4,615.2,614.2,2251850.8000000007,3663,2025-09-24 13:59:59
2025-09-24 14:00:00,614.5,614.6,614.8,612.8,5244805.4,8545,2025-09-24 14:09:59
2025-09-24 14:10:00,614.6,615.6,615.9,614.0,4356521.499999999,7081,2025-09-24 14:19:59
2025-09-24 14:20:00,615.7,615.5,615.9,614.4,2822570.5999999996,4588,2025-09-24 14:29:59
2025-09-24 14:30:00,615.7,616.9,617.0,615.7,18190184.099999998,29512,2025-09-24 14:39:59
2025-09-24 14:40:00,616.9,619.9,620.0,616.6,26009597.099999998,42034,2025-09-24 14:49:59
2025-09-24 14:50:00,619.7,621.8,622.3,619.3,14543797.699999996,23426,2025-09-24 14:59:59
2025-09-24 15:00:00,621.9,623.5,624.0,621.8,12097188.500000002,19423,2025-09-24 15:09:59
2025-09-24 15:10:00,623.6,624.2,625.0,623.3,10259691.799999999,16434,2025-09-24 15:19:59
2025-09-24 15:20:00,624.3,624.0,624.9,623.2,9977406.5,15983,2025-09-24 15:29:59
2025-09-24 15:30:00,624.1,625.6,627.0,624.1,24824305.500000004,39644,2025-09-24 15:39:59
2025-09-24 15:40:00,625.5,625.2,626.4,624.9,9201588.400000002,14706,2025-09-24 15:49:59
2025-09-24 15:50:00,625.5,625.3,625.5,624.6,6281102.5,10048,2025-09-24 15:59:59
2025-09-24 16:00:00,625.3,629.4,631.7,623.9,67404315.7,107242,2025-09-24 16:09:59
2025-09-24 16:10:00,629.5,630.6,631.0,629.5,14180007.0,22496,2025-09-24 16:19:59
2025-09-24 16:20:00,630.8,629.1,631.0,629.0,20768193.500000004,32951,2025-09-24 16:29:59
2025-09-24 16:30:00,629.3,627.5,629.3,627.1,12437759.0,19810,2025-09-24 16:39:59
2025-09-24 16:40:00,627.5,627.1,628.2,626.9,13985443.8,22284,2025-09-24 16:49:59
2025-09-24 16:50:00,627.0,627.0,628.0,626.8,15578347.299999999,24834,2025-09-24 16:59:59
2025-09-24 17:00:00,627.3,626.9,627.7,625.9,11291048.399999999,18012,2025-09-24 17:09:59
2025-09-24 17:10:00,627.1,626.2,627.7,625.8,13249005.700000001,21144,2025-09-24 17:19:59
2025-09-24 17:20:00,625.9,624.7,626.4,624.1,11448928.399999999,18307,2025-09-24 17:29:59
2025-09-24 17:30:00,624.9,625.1,625.2,624.0,4513983.0,7227,2025-09-24 17:39:59
2025-09-24 17:40:00,624.9,624.7,625.1,624.0,7962113.099999999,12751,2025-09-24 17:49:59
2025-09-24 17:50:00,624.7,625.5,626.6,624.4,12089853.899999999,19326,2025-09-24 17:59:59
2025-09-24 18:00:00,625.4,624.9,626.2,624.6,8462807.6,13530,2025-09-24 18:09:59
2025-09-24 18:10:00,624.8,625.6,626.1,624.5,9238757.399999999,14779,2025-09-24 18:19:59
2025-09-24 18:20:00,625.5,626.1,627.7,625.3,18463990.4,29458,2025-09-24 18:29:59
2025-09-24 18:30:00,626.0,624.8,626.0,624.4,14657287.700000001,23453,2025-09-24 18:39:59
2025-09-24 18:40:00,625.2,625.2,625.2,625.2,658335.6,1053,2025-09-24 18:49:59
2025-09-24 19:00:00,625.0,625.3,625.3,624.7,3903550.3999999994,6246,2025-09-24 19:09:59
2025-09-24 19:10:00,625.3,624.4,625.3,624.1,4661918.9,7464,2025-09-24 19:19:59
2025-09-24 19:20:00,624.4,624.5,624.5,624.3,2413988.1,3866,2025-09-24 19:29:59
2025-09-24 19:30:00,624.5,624.6,624.9,624.4,965071.1000000001,1545,2025-09-24 19:39:59
2025-09-24 19:40:00,624.6,625.3,625.3,624.6,7996020.199999999,12792,2025-09-24 19:49:59
2025-09-24 19:50:00,625.3,628.3,628.3,625.2,11820083.100000001,18862,2025-09-24 19:59:59
2025-09-24 20:00:00,628.3,629.0,630.3,628.2,14872810.999999998,23620,2025-09-24 20:09:59
2025-09-24 20:10:00,629.0,629.1,629.1,628.9,795015.9999999999,1264,2025-09-24 20:19:59
2025-09-24 20:20:00,629.0,628.5,629.1,626.7,8087407.2,12879,2025-09-24 20:29:59
2025-09-24 20:30:00,628.2,628.7,629.0,627.6,4275180.2,6807,2025-09-24 20:39:59
2025-09-24 20:40:00,628.7,628.8,628.8,628.3,347556.9,553,2025-09-24 20:49:59
2025-09-24 20:50:00,628.6,628.8,628.9,628.1,1303238.8,2074,2025-09-24 20:59:59
2025-09-24 21:00:00,628.6,629.1,629.1,628.6,798014.5,1269,2025-09-24 21:09:59
2025-09-24 21:10:00,629.0,629.0,629.4,628.7,4358632.5,6929,2025-09-24 21:19:59
2025-09-24 21:20:00,628.8,628.8,629.0,628.3,8734217.6,13897,2025-09-24 21:29:59
2025-09-24 21:30:00,628.8,628.4,628.8,628.3,717178.6000000001,1141,2025-09-24 21:39:59
2025-09-24 21:40:00,628.4,626.8,628.5,626.0,20230040.800000004,32250,2025-09-24 21:49:59
2025-09-24 21:50:00,626.8,626.8,626.9,625.4,11393406.599999998,18205,2025-09-24 21:59:59
2025-09-24 22:00:00,626.8,626.9,626.9,626.5,588451.4,939,2025-09-24 22:09:59
2025-09-24 22:10:00,626.9,626.9,626.9,626.6,1151100.9000000001,1837,2025-09-24 22:19:59
2025-09-24 22:20:00,626.9,627.0,627.2,626.9,1092839.8,1743,2025-09-24 22:29:59
2025-09-24 22:30:00,627.0,627.0,627.0,626.9,644527.4,1028,2025-09-24 22:39:59
2025-09-24 22:40:00,627.0,627.2,627.2,626.9,382537.8,610,2025-09-24 22:49:59
2025-09-24 22:50:00,626.9,627.5,627.5,626.9,658728.7999999999,1050,2025-09-24 22:59:59
2025-09-24 23:00:00,627.3,627.5,627.9,627.2,330724.69999999995,527,2025-09-24 23:09:59
2025-09-24 23:10:00,627.5,626.9,627.5,626.9,479763.30000000005,765,2025-09-24 23:19:59
2025-09-24 23:20:00,626.8,626.8,627.0,626.8,1269372.3000000005,2025,2025-09-24 23:29:59
2025-09-24 23:30:00,626.8,626.7,626.8,626.3,1356999.2999999998,2166,2025-09-24 23:39:59
2025-09-24 23:40:00,626.3,627.2,627.2,626.0,2692109.9,4297,2025-09-24 23:49:59
2025-09-25 06:50:00,625.7,625.7,625.7,625.7,190838.50000000003,305,2025-09-25 06:59:59
2025-09-25 07:00:00,625.7,627.1,628.3,625.7,3625128.1999999997,5780,2025-09-25 07:09:59
2025-09-25 07:10:00,626.7,628.0,628.2,626.7,1359127.4000000001,2165,2025-09-25 07:19:59
2025-09-25 07:20:00,628.0,628.0,628.0,627.7,735897.8999999999,1172,2025-09-25 07:29:59
2025-09-25 07:30:00,627.7,628.3,628.9,627.7,1377785.0000000002,2192,2025-09-25 07:39:59
2025-09-25 07:40:00,628.2,628.9,628.9,628.2,687756.6000000001,1094,2025-09-25 07:49:59
2025-09-25 07:50:00,628.9,628.8,628.9,628.4,425026.10000000003,676,2025-09-25 07:59:59
2025-09-25 08:00:00,628.7,628.4,628.7,628.3,147709.10000000003,235,2025-09-25 08:09:59
2025-09-25 08:10:00,628.4,628.9,628.9,628.4,38350.1,61,2025-09-25 08:19:59
2025-09-25 08:20:00,628.7,628.9,629.0,628.7,379157.80000000005,603,2025-09-25 08:29:59
2025-09-25 08:30:00,628.9,628.3,628.9,627.9,1151519.0,1833,2025-09-25 08:39:59
2025-09-25 08:40:00,628.3,628.3,628.8,628.1,290372.70000000007,462,2025-09-25 08:49:59
2025-09-25 08:50:00,628.3,628.2,628.3,628.0,226134.2,360,2025-09-25 08:59:59
2025-09-25 09:00:00,628.0,626.2,628.0,626.2,4177788.200000001,6665,2025-09-25 09:09:59
2025-09-25 09:10:00,626.2,626.0,626.7,625.8,5149683.3,8226,2025-09-25 09:19:59
2025-09-25 09:20:00,626.2,626.8,627.4,626.2,12420164.200000001,19816,2025-09-25 09:29:59
2025-09-25 09:30:00,626.8,628.8,629.0,626.6,8170141.499999999,13008,2025-09-25 09:39:59
2025-09-25 09:40:00,628.8,628.7,629.0,628.4,5358596.3,8523,2025-09-25 09:49:59
2025-09-25 09:50:00,628.7,629.2,629.8,628.7,3998638.4999999995,6355,2025-09-25 09:59:59
2025-09-25 10:00:00,629.2,628.2,629.5,628.0,6055047.699999999,9632,2025-09-25 10:09:59
2025-09-25 10:10:00,628.2,628.8,629.5,627.2,7566294.500000002,12043,2025-09-25 10:19:59
2025-09-25 10:20:00,628.9,627.1,628.9,627.0,3562710.2999999993,5678,2025-09-25 10:29:59
2025-09-25 10:30:00,627.1,626.0,627.4,624.9,18969079.6,30318,2025-09-25 10:39:59
2025-09-25 10:40:00,626.1,626.3,626.7,625.3,5103928.7,8154,2025-09-25 10:49:59
2025-09-25 10:50:00,626.3,626.2,626.3,624.7,10481006.000000002,16760,2025-09-25 10:59:59
2025-09-25 11:00:00,626.2,625.3,626.4,624.8,6743772.700000001,10778,2025-09-25 11:09:59
2025-09-25 11:10:00,625.4,627.3,627.3,624.8,5911408.7,9444,2025-09-25 11:19:59
2025-09-25 11:20:00,627.3,627.1,627.3,627.0,5688031.4,9070,2025-09-25 11:29:59
2025-09-25 11:30:00,627.0,631.0,631.4,627.0,77733529.19999999,123584,2025-09-25 11:39:59
2025-09-25 11:40:00,631.0,633.5,634.1,630.7,48305287.80000001,76283,2025-09-25 11:49:59
2025-09-25 11:50:00,633.4,632.7,633.5,632.1,10717805.3,16938,2025-09-25 11:59:59
2025-09-25 12:00:00,632.7,630.7,632.8,630.6,13279080.3,21019,2025-09-25 12:09:59
2025-09-25 12:10:00,630.6,631.4,632.2,629.9,18601350.3,29480,2025-09-25 12:19:59
2025-09-25 12:20:00,631.5,632.7,632.9,631.3,16327335.500000002,25809,2025-09-25 12:29:59
2025-09-25 12:30:00,632.6,632.4,632.8,631.6,7938710.000000004,12556,2025-09-25 12:39:59
2025-09-25 12:40:00,632.4,633.7,633.7,632.3,16509147.999999993,26089,2025-09-25 12:49:59
2025-09-25 12:50:00,633.7,634.7,634.8,632.4,18844243.5,29749,2025-09-25 12:59:59
2025-09-25 13:00:00,634.8,634.4,634.9,632.6,16291512.599999996,25706,2025-09-25 13:09:59
2025-09-25 13:10:00,634.3,633.9,635.8,633.7,24306968.2,38279,2025-09-25 13:19:59
2025-09-25 13:20:00,634.1,633.4,634.6,633.1,6308717.3,9955,2025-09-25 13:29:59
2025-09-25 13:30:00,633.3,633.6,634.2,632.0,31206817.700000003,49285,2025-09-25 13:39:59
2025-09-25 13:40:00,633.2,633.7,633.7,632.5,11468595.499999998,18121,2025-09-25 13:49:59
2025-09-25 13:50:00,633.7,633.0,633.9,632.7,6482923.199999998,10237,2025-09-25 13:59:59
2025-09-25 14:00:00,632.9,632.3,633.0,631.8,5500275.999999999,8698,2025-09-25 14:09:59
2025-09-25 14:10:00,632.4,633.8,633.8,632.2,6160741.8,9735,2025-09-25 14:19:59
2025-09-25 14:20:00,633.8,633.0,634.2,632.6,5255580.2,8298,2025-09-25 14:29:59
2025-09-25 14:30:00,632.9,632.8,633.5,632.2,4544793.0,7180,2025-09-25 14:39:59
2025-09-25 14:40:00,632.7,634.0,634.1,632.2,5646572.8,8920,2025-09-25 14:49:59
2025-09-25 14:50:00,634.0,633.9,634.6,633.5,5748175.4,9065,2025-09-25 14:59:59
2025-09-25 15:00:00,633.9,633.7,634.6,633.3,7164764.8999999985,11302,2025-09-25 15:09:59
2025-09-25 15:10:00,633.7,633.5,634.4,633.4,3753351.3000000003,5922,2025-09-25 15:19:59
2025-09-25 15:20:00,633.7,632.8,634.1,631.9,11661496.799999999,18419,2025-09-25 15:29:59
2025-09-25 15:30:00,632.7,631.2,633.1,630.6,22251356.700000007,35224,2025-09-25 15:39:59
2025-09-25 15:40:00,631.2,630.7,632.0,630.5,15229041.600000003,24123,2025-09-25 15:49:59
2025-09-25 15:50:00,630.6,630.6,630.6,629.4,12805400.1,20326,2025-09-25 15:59:59
2025-09-25 16:00:00,630.5,630.2,630.7,629.6,10931628.200000001,17348,2025-09-25 16:09:59
2025-09-25 16:10:00,630.2,631.2,631.6,630.2,28594814.3,45316,2025-09-25 16:19:59
2025-09-25 16:20:00,631.0,630.4,631.2,630.1,9763841.4,15483,2025-09-25 16:29:59
2025-09-25 16:30:00,630.4,628.9,631.3,628.6,13153902.5,20882,2025-09-25 16:39:59
2025-09-25 16:40:00,628.9,629.3,629.3,628.0,9532158.0,15163,2025-09-25 16:49:59
2025-09-25 16:50:00,629.2,628.0,629.4,627.5,8510554.9,13544,2025-09-25 16:59:59
2025-09-25 17:00:00,628.0,629.0,629.5,627.8,7397133.399999999,11769,2025-09-25 17:09:59
2025-09-25 17:10:00,628.8,629.1,629.3,628.2,8418762.6,13392,2025-09-25 17:19:59
2025-09-25 17:20:00,629.1,629.3,629.5,628.7,3141511.4999999995,4994,2025-09-25 17:29:59
2025-09-25 17:30:00,629.2,629.6,630.5,629.0,21197971.499999996,33645,2025-09-25 17:39:59
2025-09-25 17:40:00,629.7,629.6,630.5,629.1,16904477.899999995,26846,2025-09-25 17:49:59
2025-09-25 17:50:00,629.5,628.8,630.3,628.5,18921552.69999998,30043,2025-09-25 17:59:59
2025-09-25 18:00:00,628.6,628.0,629.0,627.1,10680909.499999998,17003,2025-09-25 18:09:59
2025-09-25 18:10:00,627.9,625.7,627.9,625.2,13462167.2,21495,2025-09-25 18:19:59
2025-09-25 18:20:00,625.6,626.1,626.6,625.1,16667547.100000001,26621,2025-09-25 18:29:59
2025-09-25 18:30:00,626.0,626.5,626.9,625.0,10229288.899999999,16345,2025-09-25 18:39:59
2025-09-25 18:40:00,628.3,628.3,628.3,628.3,15462463.000000002,24610,2025-09-25 18:49:03
2025-09-25 19:00:00,626.5,628.6,635.0,626.5,42750100.199999996,67897,2025-09-25 19:09:59
2025-09-25 19:10:00,628.4,628.2,629.2,627.6,7732578.299999999,12310,2025-09-25 19:19:59
2025-09-25 19:20:00,628.1,626.5,628.1,625.0,17255070.700000003,27552,2025-09-25 19:29:59
2025-09-25 19:30:00,626.5,626.8,627.2,626.5,4246149.199999999,6774,2025-09-25 19:39:59
2025-09-25 19:40:00,626.8,626.8,627.1,626.7,5339068.000000001,8516,2025-09-25 19:49:59
2025-09-25 19:50:00,626.8,629.1,629.1,626.1,7590311.299999999,12092,2025-09-25 19:59:59
2025-09-25 20:00:00,629.0,629.0,629.3,628.8,785703.3999999999,1249,2025-09-25 20:09:59
2025-09-25 20:10:00,629.0,628.9,629.0,628.4,485377.2,772,2025-09-25 20:19:59
2025-09-25 20:20:00,628.8,627.7,628.9,627.5,3754282.9,5976,2025-09-25 20:29:59
2025-09-25 20:30:00,627.7,628.4,628.4,627.6,1067611.8000000003,1700,2025-09-25 20:39:59
2025-09-25 20:40:00,628.4,629.0,629.3,628.1,1653751.0,2630,2025-09-25 20:49:59
2025-09-25 20:50:00,629.0,628.2,629.0,628.0,2675596.4999999995,4257,2025-09-25 20:59:59
2025-09-25 21:00:00,628.2,627.5,628.3,627.2,3364130.2,5360,2025-09-25 21:09:59
2025-09-25 21:10:00,627.5,627.7,627.8,627.3,6104968.5,9729,2025-09-25 21:19:59
2025-09-25 21:20:00,627.7,626.3,627.7,626.3,3594451.3000000007,5733,2025-09-25 21:29:59
2025-09-25 21:30:00,626.2,625.5,626.3,625.0,7531811.499999999,12044,2025-09-25 21:39:59
2025-09-25 21:40:00,625.6,625.9,625.9,625.1,4600080.3,7356,2025-09-25 21:49:59
2025-09-25 21:50:00,625.9,626.4,626.5,625.6,1522012.1,2430,2025-09-25 21:59:59
2025-09-25 22:00:00,626.4,625.8,626.4,625.3,1637201.5999999999,2616,2025-09-25 22:09:59
2025-09-25 22:10:00,625.9,626.0,626.1,625.5,318571.19999999995,509,2025-09-25 22:19:59
2025-09-25 22:20:00,625.9,626.5,626.6,625.9,1055432.5,1685,2025-09-25 22:29:59
2025-09-25 22:30:00,626.5,625.0,626.5,625.0,5140321.3,8218,2025-09-25 22:39:59
2025-09-25 22:40:00,625.1,626.1,626.2,625.1,8448037.500000002,13499,2025-09-25 22:49:59
2025-09-25 22:50:00,626.0,626.1,626.3,626.0,365083.5,583,2025-09-25 22:59:59
2025-09-25 23:00:00,626.1,626.7,627.3,626.0,4626246.4,7380,2025-09-25 23:09:59
2025-09-25 23:10:00,626.6,625.3,626.6,625.3,825536.0999999999,1319,2025-09-25 23:19:59
2025-09-25 23:20:00,625.3,625.3,625.3,625.1,1751993.8000000003,2802,2025-09-25 23:29:59
2025-09-25 23:30:00,625.3,626.6,626.8,625.2,1647306.4000000001,2631,2025-09-25 23:39:59
2025-09-25 23:40:00,626.8,627.3,627.5,626.7,3385983.2999999993,5399,2025-09-25 23:49:59
2025-09-26 06:50:00,627.3,627.3,627.3,627.3,116050.50000000001,185,2025-09-26 06:59:59
2025-09-26 07:00:00,627.4,626.5,629.1,625.9,1203956.0999999999,1921,2025-09-26 07:09:59
2025-09-26 07:10:00,626.5,627.0,627.0,626.2,354511.3000000001,566,2025-09-26 07:19:59
2025-09-26 07:20:00,627.0,626.0,627.1,626.0,291231.10000000003,465,2025-09-26 07:29:59
2025-09-26 07:30:00,626.5,626.1,626.5,626.1,405780.99999999994,648,2025-09-26 07:39:59
2025-09-26 07:40:00,626.1,623.5,626.2,622.3,17464430.300000004,27983,2025-09-26 07:49:59
2025-09-26 07:50:00,623.5,622.1,623.5,620.8,10520017.5,16922,2025-09-26 07:59:59
2025-09-26 08:00:00,622.2,621.4,623.2,621.4,7024767.2,11281,2025-09-26 08:09:59
2025-09-26 08:10:00,621.0,622.9,622.9,620.9,1597896.9000000001,2569,2025-09-26 08:19:59
2025-09-26 08:20:00,622.9,623.9,624.0,622.9,2645372.9999999995,4242,2025-09-26 08:29:59
2025-09-26 08:30:00,623.7,624.0,624.0,623.7,403032.5,646,2025-09-26 08:39:59
2025-09-26 08:40:00,624.0,623.4,624.2,623.4,3594107.3999999994,5760,2025-09-26 08:49:59
2025-09-26 08:50:00,623.4,623.4,623.9,622.6,4019206.700000001,6451,2025-09-26 08:59:59
2025-09-26 09:00:00,623.3,626.1,626.9,623.2,11757325.200000001,18785,2025-09-26 09:09:59
2025-09-26 09:10:00,626.2,626.9,627.4,626.2,3456819.5999999996,5514,2025-09-26 09:19:59
2025-09-26 09:20:00,626.9,627.7,627.9,626.7,2012029.0999999999,3207,2025-09-26 09:29:59
2025-09-26 09:30:00,627.7,627.5,628.0,627.2,1123097.7999999998,1789,2025-09-26 09:39:59
2025-09-26 09:40:00,627.5,627.2,627.5,627.0,533118.8,850,2025-09-26 09:49:59
2025-09-26 09:50:00,627.1,626.3,628.5,625.6,8567220.2,13664,2025-09-26 09:59:59
2025-09-26 10:00:00,625.9,626.9,627.2,625.8,3178084.5,5072,2025-09-26 10:09:59
2025-09-26 10:10:00,626.7,623.6,627.0,623.4,22112595.1,35375,2025-09-26 10:19:59
2025-09-26 10:20:00,623.4,625.7,625.9,623.4,5773531.2,9240,2025-09-26 10:29:59
2025-09-26 10:30:00,625.6,624.8,626.7,624.8,9541657.700000001,15249,2025-09-26 10:39:59
2025-09-26 10:40:00,625.1,625.0,625.1,623.6,26356880.700000003,42224,2025-09-26 10:49:59
2025-09-26 10:50:00,625.0,625.5,626.4,624.8,17079644.8,27301,2025-09-26 10:59:59
2025-09-26 11:00:00,625.4,628.6,629.5,625.4,23499044.300000004,37416,2025-09-26 11:09:59
2025-09-26 11:10:00,628.6,629.1,630.0,628.5,10847639.7,17238,2025-09-26 11:19:59
2025-09-26 11:20:00,629.1,629.6,630.2,628.1,32321671.0,51347,2025-09-26 11:29:59
2025-09-26 11:30:00,629.4,629.0,630.0,628.3,12711016.399999999,20202,2025-09-26 11:39:59
2025-09-26 11:40:00,629.1,630.6,630.9,628.9,13601181.199999992,21589,2025-09-26 11:49:59
2025-09-26 11:50:00,630.7,629.2,630.7,629.2,7563702.600000001,12002,2025-09-26 11:59:59
2025-09-26 12:00:00,629.1,630.4,630.5,628.8,7197322.300000001,11434,2025-09-26 12:09:59
2025-09-26 12:10:00,630.4,632.0,632.4,630.1,14602621.399999999,23123,2025-09-26 12:19:59
2025-09-26 12:20:00,632.0,631.5,632.1,631.2,3224100.4,5104,2025-09-26 12:29:59
2025-09-26 12:30:00,631.5,632.0,632.0,631.2,11011052.1,17430,2025-09-26 12:39:59
2025-09-26 12:40:00,632.0,634.9,635.2,631.6,46816444.0,73848,2025-09-26 12:49:59
2025-09-26 12:50:00,635.0,636.9,637.5,634.2,55019235.29999999,86442,2025-09-26 12:59:59
2025-09-26 13:00:00,637.1,636.6,637.2,636.3,16875548.6,26504,2025-09-26 13:09:59
2025-09-26 13:10:00,636.6,636.6,636.7,636.3,14720526.3,23127,2025-09-26 13:19:59
2025-09-26 13:20:00,636.6,637.3,637.7,636.4,23286818.6,36548,2025-09-26 13:29:59
2025-09-26 13:30:00,637.3,636.7,637.3,636.3,10270032.3,16130,2025-09-26 13:39:59
2025-09-26 13:40:00,636.6,636.1,636.8,636.0,6012565.999999999,9450,2025-09-26 13:49:59
2025-09-26 13:50:00,636.1,636.3,636.9,635.4,13137391.2,20651,2025-09-26 13:59:59
2025-09-26 14:00:00,636.3,636.2,636.3,635.2,11888717.899999999,18704,2025-09-26 14:09:59
2025-09-26 14:10:00,636.2,634.5,636.2,633.8,22606927.599999998,35605,2025-09-26 14:19:59
2025-09-26 14:20:00,634.5,634.1,635.0,633.7,14178300.1,22353,2025-09-26 14:29:59
2025-09-26 14:30:00,634.1,633.6,634.1,633.2,12956095.200000003,20440,2025-09-26 14:39:59
2025-09-26 14:40:00,633.5,633.9,633.9,632.7,12629292.000000004,19946,2025-09-26 14:49:59
2025-09-26 14:50:00,633.9,634.5,634.8,633.9,15030658.500000002,23698,2025-09-26 14:59:59
2025-09-26 15:00:00,634.2,633.7,634.7,633.4,5793988.7,9139,2025-09-26 15:09:59
2025-09-26 15:10:00,633.7,632.9,633.8,632.4,7311865.0,11551,2025-09-26 15:19:59
2025-09-26 15:20:00,632.8,631.5,632.8,630.9,21532669.599999998,34093,2025-09-26 15:29:59
2025-09-26 15:30:00,631.5,632.2,633.2,631.4,10816359.1,17101,2025-09-26 15:39:59
2025-09-26 15:40:00,632.2,633.3,633.3,631.2,12467411.3,19721,2025-09-26 15:49:59
2025-09-26 15:50:00,633.4,635.8,637.0,633.4,51949197.59999999,81732,2025-09-26 15:59:59
2025-09-26 16:00:00,635.8,637.0,637.0,635.5,18156105.7,28527,2025-09-26 16:09:59
2025-09-26 16:10:00,637.0,635.9,637.0,635.5,9765049.0,15349,2025-09-26 16:19:59
2025-09-26 16:20:00,636.0,635.1,636.0,635.0,7660618.500000001,12056,2025-09-26 16:29:59
2025-09-26 16:30:00,635.0,635.8,636.1,634.8,9412542.000000002,14813,2025-09-26 16:39:59
2025-09-26 16:40:00,635.9,636.0,636.3,635.5,6944881.7,10922,2025-09-26 16:49:59
2025-09-26 16:50:00,636.0,635.2,636.0,633.8,13315861.4,20970,2025-09-26 16:59:59
2025-09-26 17:00:00,635.2,634.8,635.5,634.0,7664930.499999999,12080,2025-09-26 17:09:59
2025-09-26 17:10:00,634.8,636.2,636.4,632.5,46329682.0,73019,2025-09-26 17:19:59
2025-09-26 17:20:00,636.1,636.4,636.7,635.2,18210609.4,28624,2025-09-26 17:29:59
2025-09-26 17:30:00,636.6,636.7,637.8,636.5,51111200.9,80225,2025-09-26 17:39:59
2025-09-26 17:40:00,636.6,636.0,636.7,635.7,12540582.399999999,19717,2025-09-26 17:49:59
2025-09-26 17:50:00,636.0,640.5,641.0,635.9,103720205.5,162292,2025-09-26 17:59:59
2025-09-26 18:00:00,640.5,639.4,641.8,639.1,25849137.799999997,40376,2025-09-26 18:09:59
2025-09-26 18:10:00,639.3,639.4,639.5,638.2,21085914.500000007,33009,2025-09-26 18:19:59
2025-09-26 18:20:00,639.2,639.9,639.9,638.6,12455338.8,19485,2025-09-26 18:29:59
2025-09-26 18:30:00,639.8,643.6,644.0,639.8,54052540.70000002,84197,2025-09-26 18:39:59
2025-09-26 18:40:00,643.0,643.0,643.0,643.0,2100038.0,3266,2025-09-26 18:49:59
2025-09-26 19:00:00,642.4,643.2,644.0,641.2,30772672.999999996,47849,2025-09-26 19:09:59
2025-09-26 19:10:00,643.2,642.3,643.3,642.0,13950859.4,21710,2025-09-26 19:19:59
2025-09-26 19:20:00,642.3,643.7,643.9,642.1,11582609.2,18005,2025-09-26 19:29:59
2025-09-26 19:30:00,643.8,644.1,644.1,642.5,17911963.6,27825,2025-09-26 19:39:59
2025-09-26 19:40:00,644.1,644.0,644.1,643.6,3241064.6999999997,5033,2025-09-26 19:49:59
2025-09-26 19:50:00,644.1,645.2,645.9,644.0,24790422.2,38421,2025-09-26 19:59:59
2025-09-26 20:00:00,645.0,645.0,645.2,644.4,6519051.4,10111,2025-09-26 20:09:59
2025-09-26 20:10:00,644.9,644.2,645.0,643.7,6767601.8,10505,2025-09-26 20:19:59
2025-09-26 20:20:00,644.2,645.0,645.6,644.2,6221736.5,9645,2025-09-26 20:29:59
2025-09-26 20:30:00,645.0,644.9,645.2,644.6,2847902.4000000004,4417,2025-09-26 20:39:59
2025-09-26 20:40:00,644.9,645.6,645.6,644.4,6486601.0,10060,2025-09-26 20:49:59
2025-09-26 20:50:00,645.6,646.9,647.0,645.5,16346374.699999997,25288,2025-09-26 20:59:59
2025-09-26 21:00:00,646.6,646.2,647.4,646.0,18575478.300000004,28727,2025-09-26 21:09:59
2025-09-26 21:10:00,646.2,647.0,647.7,646.2,17623362.7,27231,2025-09-26 21:19:59
2025-09-26 21:20:00,646.9,647.7,648.0,646.9,23916442.8,36919,2025-09-26 21:29:59
2025-09-26 21:30:00,647.7,647.4,647.8,647.3,2961282.8,4573,2025-09-26 21:39:59
2025-09-26 21:40:00,647.3,644.7,647.9,644.3,28708169.500000004,44453,2025-09-26 21:49:59
2025-09-26 21:50:00,644.7,646.8,646.8,644.4,11672905.0,18081,2025-09-26 21:59:59
2025-09-26 22:00:00,646.8,645.6,647.1,645.5,4479130.5,6930,2025-09-26 22:09:59
2025-09-26 22:10:00,646.1,644.9,646.1,644.5,7216707.200000001,11189,2025-09-26 22:19:59
2025-09-26 22:20:00,644.9,645.7,645.7,644.5,9587345.200000001,14865,2025-09-26 22:29:59
2025-09-26 22:30:00,645.8,644.9,645.9,644.1,12833790.9,19910,2025-09-26 22:39:59
2025-09-26 22:40:00,644.9,644.8,645.1,644.7,1961188.4000000001,3041,2025-09-26 22:49:59
2025-09-26 22:50:00,644.8,645.1,645.1,644.6,1958109.0999999999,3036,2025-09-26 22:59:59
2025-09-26 23:00:00,645.2,644.5,645.3,644.2,9825257.6,15244,2025-09-26 23:09:59
2025-09-26 23:10:00,644.5,644.5,645.0,644.2,6211914.799999999,9637,2025-09-26 23:19:59
2025-09-26 23:20:00,644.6,644.8,645.1,644.4,3861347.1,5989,2025-09-26 23:29:59
2025-09-26 23:30:00,644.8,644.9,645.4,644.6,2143480.6999999997,3324,2025-09-26 23:39:59
2025-09-26 23:40:00,644.9,645.9,645.9,644.8,4013494.3,6220,2025-09-26 23:49:59
2025-09-27 09:50:00,645.9,645.9,645.9,645.9,65881.8,102,2025-09-27 09:59:59
2025-09-27 10:00:00,645.9,646.3,647.4,644.6,853427.0999999999,1321,2025-09-27 10:09:59
2025-09-27 10:10:00,646.3,645.9,646.3,645.5,324171.2,502,2025-09-27 10:19:59
2025-09-27 10:20:00,645.9,645.9,645.9,645.6,27769.399999999998,43,2025-09-27 10:29:59
2025-09-27 10:30:00,645.9,645.6,645.9,645.6,120775.29999999999,187,2025-09-27 10:39:59
2025-09-27 10:40:00,645.5,645.6,645.8,645.5,154951.6,240,2025-09-27 10:49:59
2025-09-27 10:50:00,645.6,645.5,645.7,645.4,273702.7,424,2025-09-27 10:59:59
2025-09-27 11:00:00,645.5,645.1,645.6,644.8,1439386.8,2231,2025-09-27 11:09:59
2025-09-27 11:10:00,645.2,645.0,645.5,645.0,189010.7,293,2025-09-27 11:19:59
2025-09-27 11:20:00,645.6,645.3,645.9,645.1,236320.99999999997,366,2025-09-27 11:29:59
2025-09-27 11:30:00,645.9,645.9,645.9,645.2,216942.59999999998,336,2025-09-27 11:39:59
2025-09-27 11:40:00,645.8,644.4,645.8,644.2,3480657.6,5401,2025-09-27 11:49:59
2025-09-27 11:50:00,644.4,644.5,644.5,644.1,1590432.9,2468,2025-09-27 11:59:59
2025-09-27 12:00:00,644.4,644.4,644.5,644.3,331266.69999999995,514,2025-09-27 12:09:59
2025-09-27 12:10:00,644.5,644.0,644.5,644.0,4479217.6,6955,2025-09-27 12:19:59
2025-09-27 12:20:00,644.3,644.2,644.3,644.0,105009.1,163,2025-09-27 12:29:59
2025-09-27 12:30:00,644.2,644.2,644.3,644.0,2086107.3,3239,2025-09-27 12:39:59
2025-09-27 12:40:00,644.2,643.5,644.3,643.4,2671647.6999999997,4150,2025-09-27 12:49:59
2025-09-27 12:50:00,643.5,643.1,643.5,643.0,2464844.1000000006,3832,2025-09-27 12:59:59
2025-09-27 13:00:00,643.2,643.7,643.7,643.1,131874.4,205,2025-09-27 13:09:59
2025-09-27 13:10:00,643.5,643.2,643.9,643.2,612533.0,952,2025-09-27 13:19:59
2025-09-27 13:20:00,643.3,643.4,643.6,643.2,805303.0,1252,2025-09-27 13:29:59
2025-09-27 13:30:00,643.2,643.4,643.4,643.2,187830.19999999998,292,2025-09-27 13:39:59
2025-09-27 13:40:00,643.4,644.4,644.5,643.3,3380825.1,5249,2025-09-27 13:49:59
2025-09-27 13:50:00,644.3,644.4,644.4,644.0,21901.100000000002,34,2025-09-27 13:59:59
2025-09-27 14:00:00,644.4,643.8,644.6,643.8,1735616.0000000002,2693,2025-09-27 14:09:59
2025-09-27 14:10:00,644.0,644.3,644.3,643.8,27042.999999999993,42,2025-09-27 14:19:59
2025-09-27 14:20:00,643.8,644.6,644.6,643.8,95384.6,148,2025-09-27 14:29:59
2025-09-27 14:30:00,644.4,644.6,644.7,644.4,83790.5,130,2025-09-27 14:39:59
2025-09-27 14:40:00,644.7,644.7,644.8,644.5,205641.80000000002,319,2025-09-27 14:49:59
2025-09-27 14:50:00,644.7,644.6,644.9,644.6,143145.80000000002,222,2025-09-27 14:59:01
2025-09-27 15:00:00,644.8,644.9,644.9,644.6,93501.00000000001,145,2025-09-27 15:09:59
2025-09-27 15:10:00,644.9,644.8,644.9,644.6,116678.70000000001,181,2025-09-27 15:19:59
2025-09-27 15:20:00,644.8,644.8,644.8,644.6,141198.0,219,2025-09-27 15:29:59
2025-09-27 15:30:00,644.6,644.8,644.8,644.6,183730.8,285,2025-09-27 15:39:59
2025-09-27 15:40:00,644.6,644.8,644.8,644.6,34173.200000000004,53,2025-09-27 15:49:59
2025-09-27 15:50:00,644.8,644.8,644.8,644.6,324911.80000000005,504,2025-09-27 15:59:06
2025-09-27 16:00:00,644.7,644.8,644.8,644.7,77373.89999999998,120,2025-09-27 16:09:59
2025-09-27 16:10:00,644.8,644.8,644.8,644.7,90265.40000000001,140,2025-09-27 16:19:59
2025-09-27 16:20:00,644.8,644.8,644.8,644.7,46421.1,72,2025-09-27 16:29:59
2025-09-27 16:30:00,644.8,644.7,644.8,644.7,126377.79999999999,196,2025-09-27 16:39:59
2025-09-27 16:40:00,644.7,644.5,644.7,644.0,1863285.2999999996,2891,2025-09-27 16:49:59
2025-09-27 16:50:00,644.5,644.3,644.5,644.3,66378.19999999998,103,2025-09-27 16:59:59
2025-09-27 17:00:00,644.4,644.4,644.5,644.0,797543.0999999999,1238,2025-09-27 17:09:59
2025-09-27 17:10:00,644.4,644.6,644.6,644.4,233953.0,363,2025-09-27 17:19:59
2025-09-27 17:20:00,644.5,644.7,644.7,644.5,73487.3,114,2025-09-27 17:29:59
2025-09-27 17:30:00,644.7,644.6,644.7,644.6,21274.899999999998,33,2025-09-27 17:39:59
2025-09-27 17:40:00,644.7,644.5,644.7,644.5,112155.3,174,2025-09-27 17:49:59
2025-09-27 17:50:00,644.5,644.8,644.8,644.5,174709.99999999997,271,2025-09-27 17:59:59
2025-09-27 18:00:00,644.5,644.5,644.8,644.3,185017.7,287,2025-09-27 18:09:59
2025-09-27 18:10:00,644.4,644.2,644.5,644.2,38658.00000000001,60,2025-09-27 18:19:59
2025-09-27 18:20:00,644.2,644.4,644.5,644.2,43818.7,68,2025-09-27 18:29:59
2025-09-27 18:30:00,644.5,644.4,644.6,644.1,220969.59999999998,343,2025-09-27 18:39:59
2025-09-27 18:40:00,644.4,644.1,644.7,644.1,211947.8,329,2025-09-27 18:49:59
2025-09-27 18:50:00,644.6,644.0,644.6,644.0,175861.1,273,2025-09-27 18:59:59
2025-09-28 09:50:00,644.5,644.5,644.5,644.5,5800.5,9,2025-09-28 09:59:59
2025-09-28 10:00:00,644.5,644.7,645.6,644.1,254180.9999999999,394,2025-09-28 10:09:59
2025-09-28 10:10:00,644.8,644.7,644.8,644.5,25785.7,40,2025-09-28 10:19:59
2025-09-28 10:20:00,644.8,644.8,644.8,644.6,186302.19999999998,289,2025-09-28 10:29:59
2025-09-28 10:30:00,644.8,644.7,644.8,644.5,171452.80000000002,266,2025-09-28 10:39:59
2025-09-28 10:40:00,644.7,643.8,644.7,642.9,13587389.400000002,21120,2025-09-28 10:49:59
2025-09-28 10:50:00,643.8,644.0,644.0,643.7,245346.40000000002,381,2025-09-28 10:59:59
2025-09-28 11:00:00,644.0,643.0,644.0,642.9,1437178.8,2235,2025-09-28 11:09:59
2025-09-28 11:10:00,643.0,643.0,643.1,642.9,645543.9,1004,2025-09-28 11:19:59
2025-09-28 11:20:00,643.0,642.4,643.0,642.1,2702560.3999999994,4206,2025-09-28 11:29:59
2025-09-28 11:30:00,642.4,642.5,642.7,642.0,506735.3,789,2025-09-28 11:39:59
2025-09-28 11:40:00,642.6,641.2,642.8,641.1,8504697.599999998,13250,2025-09-28 11:49:59
2025-09-28 11:50:00,641.1,638.1,641.2,638.0,23857190.2,37306,2025-09-28 11:59:59
2025-09-28 12:00:00,638.0,635.9,638.1,630.0,41272606.199999996,65072,2025-09-28 12:09:59
2025-09-28 12:10:00,635.9,636.6,639.4,635.6,24931011.5,39119,2025-09-28 12:19:59
2025-09-28 12:20:00,636.7,638.7,639.5,636.7,11439356.600000001,17912,2025-09-28 12:29:59
2025-09-28 12:30:00,638.7,638.6,638.9,638.0,3245595.8,5083,2025-09-28 12:39:59
2025-09-28 12:40:00,638.7,639.5,639.6,638.6,3653994.4000000004,5716,2025-09-28 12:49:59
2025-09-28 12:50:00,639.6,640.0,640.0,639.5,2208565.4,3452,2025-09-28 12:59:59
2025-09-28 13:00:00,640.0,639.2,640.0,639.2,2551462.4,3989,2025-09-28 13:09:59
2025-09-28 13:10:00,639.3,637.8,639.8,637.7,4462899.900000001,6988,2025-09-28 13:19:59
2025-09-28 13:20:00,637.8,638.6,638.6,637.0,5634220.6,8836,2025-09-28 13:29:59
2025-09-28 13:30:00,638.2,638.0,638.5,638.0,564218.9,884,2025-09-28 13:39:59
2025-09-28 13:40:00,638.4,638.5,638.7,638.1,725346.6,1136,2025-09-28 13:49:59
2025-09-28 13:50:00,638.7,639.3,639.7,638.7,2222289.4999999995,3476,2025-09-28 13:59:59
2025-09-28 14:00:00,639.3,639.0,639.4,638.8,1028231.9999999999,1609,2025-09-28 14:09:59
2025-09-28 14:10:00,639.0,638.6,639.1,638.2,984792.3999999999,1542,2025-09-28 14:19:59
2025-09-28 14:20:00,638.6,638.9,639.3,638.4,933604.3999999999,1461,2025-09-28 14:29:59
2025-09-28 14:30:00,638.7,639.4,639.4,638.7,150854.1,236,2025-09-28 14:39:59
2025-09-28 14:40:00,639.0,639.0,639.4,639.0,93953.50000000001,147,2025-09-28 14:49:59
2025-09-28 14:50:00,639.0,639.2,639.3,638.9,435182.80000000005,681,2025-09-28 14:59:59
2025-09-28 15:00:00,639.2,639.9,640.0,639.2,4417552.300000001,6906,2025-09-28 15:09:59
2025-09-28 15:10:00,639.9,639.7,639.9,639.3,285238.1,446,2025-09-28 15:19:59
2025-09-28 15:20:00,639.6,639.7,639.8,639.4,118964.2,186,2025-09-28 15:29:59
2025-09-28 15:30:00,639.7,639.9,640.0,639.2,1511891.8000000003,2363,2025-09-28 15:39:59
2025-09-28 15:40:00,639.9,640.0,640.1,639.6,5080262.7,7937,2025-09-28 15:49:59
2025-09-28 15:50:00,640.1,640.1,640.5,640.1,2482071.4,3877,2025-09-28 15:59:59
2025-09-28 16:00:00,640.4,640.5,640.5,640.1,101173.50000000001,158,2025-09-28 16:09:59
2025-09-28 16:10:00,640.5,640.0,640.5,639.7,591305.3,924,2025-09-28 16:19:59
2025-09-28 16:20:00,640.2,640.4,640.4,640.0,179261.8,280,2025-09-28 16:29:59
2025-09-28 16:30:00,640.3,639.9,640.3,639.5,428620.1,670,2025-09-28 16:39:59
2025-09-28 16:40:00,639.5,639.8,640.0,639.2,3525816.7,5514,2025-09-28 16:49:59
2025-09-28 16:50:00,639.7,639.7,639.9,639.7,116443.3,182,2025-09-28 16:59:59
2025-09-28 17:00:00,639.7,639.9,639.9,639.7,1252087.2,1957,2025-09-28 17:09:59
2025-09-28 17:10:00,639.9,640.1,640.1,639.8,1964868.1,3071,2025-09-28 17:19:59
2025-09-28 17:20:00,640.1,640.0,640.1,639.7,482469.69999999995,754,2025-09-28 17:29:59
2025-09-28 17:30:00,640.0,639.7,640.0,639.7,56941.100000000006,89,2025-09-28 17:39:59
2025-09-28 17:40:00,640.0,639.9,640.0,639.7,204103.5,319,2025-09-28 17:49:59
2025-09-28 17:50:00,639.6,640.0,640.3,639.6,1025892.8,1603,2025-09-28 17:59:59
2025-09-28 18:00:00,640.1,640.1,640.3,639.7,1303021.5,2036,2025-09-28 18:09:59
2025-09-28 18:10:00,640.2,639.5,640.2,639.4,1016236.0000000001,1588,2025-09-28 18:19:59
2025-09-28 18:20:00,639.5,639.9,639.9,639.4,292325.6,457,2025-09-28 18:29:59
2025-09-28 18:30:00,639.9,640.6,640.6,639.5,7009450.6,10947,2025-09-28 18:39:59
2025-09-28 18:40:00,640.3,639.9,640.6,639.5,1681434.4000000001,2626,2025-09-28 18:49:59
2025-09-28 18:50:00,639.9,640.1,640.5,639.7,1740579.5,2718,2025-09-28 18:59:59
2025-09-29 06:50:00,640.0,640.0,640.0,640.0,150400.0,235,2025-09-29 06:59:59
2025-09-29 07:00:00,639.9,639.9,640.1,638.6,3850043.6999999997,6020,2025-09-29 07:09:59
2025-09-29 07:10:00,639.6,640.1,640.1,639.6,541879.7,847,2025-09-29 07:19:59
2025-09-29 07:20:00,639.8,639.2,640.0,639.2,295569.7,462,2025-09-29 07:29:59
2025-09-29 07:30:00,639.2,636.8,639.7,636.8,9922138.400000004,15555,2025-09-29 07:39:59
2025-09-29 07:40:00,636.6,637.6,638.1,635.9,9732358.5,15279,2025-09-29 07:49:59
2025-09-29 07:50:00,638.0,637.5,638.0,637.4,949773.9000000001,1489,2025-09-29 07:59:59
2025-09-29 08:00:00,637.3,637.7,637.7,637.3,305400.9,479,2025-09-29 08:09:59
2025-09-29 08:10:00,637.7,638.0,638.4,637.6,1781905.5999999999,2793,2025-09-29 08:19:59
2025-09-29 08:20:00,638.0,638.2,638.3,637.9,281403.2,441,2025-09-29 08:29:59
2025-09-29 08:30:00,638.2,639.1,639.2,638.0,4509895.2,7061,2025-09-29 08:39:59
2025-09-29 08:40:00,639.1,638.8,639.2,638.8,317586.3,497,2025-09-29 08:49:59
2025-09-29 08:50:00,638.9,638.3,638.9,637.8,6122594.100000001,9591,2025-09-29 08:59:59
2025-09-29 09:00:00,638.4,637.6,638.5,637.0,5402673.7,8474,2025-09-29 09:09:59
2025-09-29 09:10:00,637.6,636.9,637.6,636.5,3350415.9,5261,2025-09-29 09:19:59
2025-09-29 09:20:00,636.8,637.5,637.6,636.8,1357693.9,2131,2025-09-29 09:29:59
2025-09-29 09:30:00,637.5,637.6,638.0,637.5,1655311.2,2596,2025-09-29 09:39:59
2025-09-29 09:40:00,637.6,636.8,637.6,636.6,770316.3,1209,2025-09-29 09:49:59
2025-09-29 09:50:00,636.7,636.8,637.2,636.7,2181621.3000000007,3426,2025-09-29 09:59:59
2025-09-29 10:00:00,636.7,638.3,638.6,635.8,23845244.299999997,37437,2025-09-29 10:09:59
2025-09-29 10:10:00,638.1,637.8,639.3,634.7,84986736.2,133503,2025-09-29 10:19:59
2025-09-29 10:20:00,637.8,640.1,640.2,637.2,40826788.0,63953,2025-09-29 10:29:59
2025-09-29 10:30:00,640.1,641.5,642.0,639.8,35028049.199999996,54640,2025-09-29 10:39:59
2025-09-29 10:40:00,641.5,643.2,643.4,641.4,21506376.9,33484,2025-09-29 10:49:59
2025-09-29 10:50:00,643.2,642.8,643.2,641.9,12730733.299999999,19819,2025-09-29 10:59:59
2025-09-29 11:00:00,642.9,644.7,644.9,642.9,12813167.0,19893,2025-09-29 11:09:59
2025-09-29 11:10:00,644.8,643.9,645.0,643.5,10238566.9,15887,2025-09-29 11:19:59
2025-09-29 11:20:00,644.0,644.1,644.8,643.8,5232390.199999999,8121,2025-09-29 11:29:59
2025-09-29 11:30:00,644.3,644.2,644.9,644.0,6127411.8,9509,2025-09-29 11:39:59
2025-09-29 11:40:00,644.3,644.3,644.3,644.1,1788836.1,2777,2025-09-29 11:49:59
2025-09-29 11:50:00,644.3,644.4,644.4,644.1,4314337.8,6697,2025-09-29 11:59:59
2025-09-29 12:00:00,644.4,646.8,647.5,644.2,30364490.500000004,47029,2025-09-29 12:09:59
2025-09-29 12:10:00,646.9,646.8,647.2,646.1,17707489.700000003,27383,2025-09-29 12:19:59
2025-09-29 12:20:00,646.7,646.4,646.8,646.0,1514463.6000000003,2343,2025-09-29 12:29:59
2025-09-29 12:30:00,646.4,646.0,646.4,645.4,5862324.000000001,9074,2025-09-29 12:39:59
2025-09-29 12:40:00,646.1,646.3,646.9,645.4,22702910.500000004,35118,2025-09-29 12:49:59
2025-09-29 12:50:00,646.2,646.0,646.4,645.7,5407663.499999999,8371,2025-09-29 12:59:59
2025-09-29 13:00:00,645.9,646.6,647.3,645.9,8383471.6000000015,12965,2025-09-29 13:09:59
2025-09-29 13:10:00,646.8,646.0,646.8,645.7,11434178.599999998,17695,2025-09-29 13:19:59
2025-09-29 13:20:00,645.9,644.7,646.3,644.5,5761853.500000002,8925,2025-09-29 13:29:59
2025-09-29 13:30:00,644.8,643.5,645.0,643.3,10855187.100000001,16849,2025-09-29 13:39:59
2025-09-29 13:40:00,643.6,643.2,644.1,642.5,14000181.299999995,21761,2025-09-29 13:49:59
2025-09-29 13:50:00,643.3,643.0,644.0,643.0,8609743.5,13379,2025-09-29 13:59:59
2025-09-29 14:00:00,643.2,642.5,643.5,642.5,10802057.599999998,16800,2025-09-29 14:09:59
2025-09-29 14:10:00,642.7,643.1,643.9,642.5,5450035.699999999,8474,2025-09-29 14:19:59
2025-09-29 14:20:00,643.2,643.0,643.9,642.6,16408709.799999999,25509,2025-09-29 14:29:59
2025-09-29 14:30:00,643.2,642.3,643.4,640.1,25875284.6,40322,2025-09-29 14:39:59
2025-09-29 14:40:00,642.2,641.1,642.4,640.8,6622211.199999998,10325,2025-09-29 14:49:59
2025-09-29 14:50:00,641.3,641.0,641.5,640.5,4450269.3,6944,2025-09-29 14:59:59
2025-09-29 15:00:00,640.8,637.9,641.3,635.0,133483228.00000006,209231,2025-09-29 15:09:59
2025-09-29 15:10:00,637.6,637.3,638.1,637.0,13375866.499999994,20980,2025-09-29 15:19:59
2025-09-29 15:20:00,637.1,637.9,638.3,636.8,6523991.900000001,10230,2025-09-29 15:29:59
2025-09-29 15:30:00,637.8,637.3,638.0,637.0,8550368.8,13411,2025-09-29 15:39:59
2025-09-29 15:40:00,637.3,637.6,638.3,637.0,10029320.8,15728,2025-09-29 15:49:59
2025-09-29 15:50:00,637.3,637.4,638.2,637.2,6859190.100000001,10755,2025-09-29 15:59:59
2025-09-29 16:00:00,637.4,637.8,639.0,636.9,25788850.499999996,40444,2025-09-29 16:09:59
2025-09-29 16:10:00,637.5,634.5,637.8,634.0,54255454.200000025,85352,2025-09-29 16:19:59
2025-09-29 16:20:00,634.5,634.4,635.0,634.0,7944089.300000001,12522,2025-09-29 16:29:59
2025-09-29 16:30:00,634.3,633.7,634.4,632.9,8695413.700000001,13721,2025-09-29 16:39:59
2025-09-29 16:40:00,633.6,631.7,633.7,631.2,22575368.099999998,35724,2025-09-29 16:49:59
2025-09-29 16:50:00,631.5,632.3,633.2,631.4,36438955.399999976,57617,2025-09-29 16:59:59
2025-09-29 17:00:00,632.3,633.1,633.2,631.7,16687196.499999996,26382,2025-09-29 17:09:59
2025-09-29 17:10:00,633.0,633.4,634.0,632.5,8942223.200000001,14122,2025-09-29 17:19:59
2025-09-29 17:20:00,633.4,633.9,634.0,632.5,9488427.0,14985,2025-09-29 17:29:59
2025-09-29 17:30:00,634.0,633.4,634.6,633.4,14310650.8,22573,2025-09-29 17:39:59
2025-09-29 17:40:00,633.4,633.3,634.3,633.0,12868904.4,20308,2025-09-29 17:49:59
2025-09-29 17:50:00,633.6,635.0,635.2,633.6,24183835.299999997,38110,2025-09-29 17:59:59
2025-09-29 18:00:00,635.1,632.4,635.1,632.0,29200161.800000012,46121,2025-09-29 18:09:59
2025-09-29 18:10:00,632.6,632.0,633.4,631.7,27918471.8,44161,2025-09-29 18:19:59
2025-09-29 18:20:00,632.0,632.5,634.0,631.7,35693139.900000006,56431,2025-09-29 18:29:59
2025-09-29 18:30:00,632.5,633.7,635.0,631.7,60499410.10000001,95558,2025-09-29 18:39:59
2025-09-29 18:40:00,633.7,633.7,633.7,633.7,231300.50000000006,365,2025-09-29 18:49:59
2025-09-29 19:00:00,633.6,632.1,635.2,631.8,17091321.900000002,27016,2025-09-29 19:09:59
2025-09-29 19:10:00,632.2,631.0,632.2,630.1,21770021.600000013,34509,2025-09-29 19:19:59
2025-09-29 19:20:00,631.0,632.0,632.5,631.0,7706839.199999998,12197,2025-09-29 19:29:59
2025-09-29 19:30:00,632.1,633.9,634.0,632.0,8804369.0,13907,2025-09-29 19:39:59
2025-09-29 19:40:00,633.9,633.8,633.9,633.6,819428.1000000001,1293,2025-09-29 19:49:59
2025-09-29 19:50:00,633.8,632.7,633.9,632.1,6842347.000000001,10808,2025-09-29 19:59:59
2025-09-29 20:00:00,632.5,632.4,632.7,631.7,3622943.2,5732,2025-09-29 20:09:59
2025-09-29 20:10:00,632.3,633.1,633.1,631.8,1831746.0,2897,2025-09-29 20:19:59
2025-09-29 20:20:00,633.0,636.9,640.4,633.0,62722704.29999999,98399,2025-09-29 20:29:59
2025-09-29 20:30:00,636.9,638.0,638.0,634.9,48191585.6,75675,2025-09-29 20:39:59
2025-09-29 20:40:00,638.0,635.7,638.0,634.9,22442861.799999997,35285,2025-09-29 20:49:59
2025-09-29 20:50:00,635.6,635.7,635.7,635.3,2402094.3,3780,2025-09-29 20:59:59
2025-09-29 21:00:00,635.7,635.0,635.7,634.8,4571907.5,7198,2025-09-29 21:09:59
2025-09-29 21:10:00,634.8,632.8,635.0,631.6,23554945.6,37237,2025-09-29 21:19:59
2025-09-29 21:20:00,632.6,632.6,632.8,630.9,24614625.599999998,38957,2025-09-29 21:29:59
2025-09-29 21:30:00,632.6,632.3,633.0,631.5,4717702.0,7462,2025-09-29 21:39:59
2025-09-29 21:40:00,632.5,631.1,632.6,630.1,27037107.100000005,42842,2025-09-29 21:49:59
2025-09-29 21:50:00,631.1,632.3,632.3,631.0,2153579.3999999994,3410,2025-09-29 21:59:59
2025-09-29 22:00:00,632.3,631.1,632.3,630.4,4453840.6,7055,2025-09-29 22:09:59
2025-09-29 22:10:00,631.1,631.5,631.7,631.1,3295004.0999999996,5217,2025-09-29 22:19:59
2025-09-29 22:20:00,631.5,631.3,631.6,631.0,1414171.7000000002,2240,2025-09-29 22:29:59
2025-09-29 22:30:00,631.2,632.2,632.2,631.1,978090.9000000001,1548,2025-09-29 22:39:59
2025-09-29 22:40:00,632.0,632.1,632.5,631.9,781982.2999999999,1237,2025-09-29 22:49:59
2025-09-29 22:50:00,632.3,631.7,632.5,631.7,2458146.9000000004,3889,2025-09-29 22:59:59
2025-09-29 23:00:00,631.8,631.9,632.3,631.8,301458.7,477,2025-09-29 23:09:59
2025-09-29 23:10:00,631.9,631.7,632.0,631.7,581873.2000000001,921,2025-09-29 23:19:59
2025-09-29 23:20:00,631.9,631.5,632.1,631.2,3376315.7,5346,2025-09-29 23:29:59
2025-09-29 23:30:00,631.5,631.3,631.5,631.0,1532560.9999999995,2428,2025-09-29 23:39:59
2025-09-29 23:40:00,631.4,632.1,632.4,631.1,3064294.4000000004,4849,2025-09-29 23:49:59
2025-09-30 06:50:00,630.6,630.6,630.6,630.6,756720.0,1200,2025-09-30 06:59:59
2025-09-30 07:00:00,632.0,632.7,633.1,630.7,3753074.3,5937,2025-09-30 07:09:59
2025-09-30 07:10:00,632.7,632.8,633.3,632.3,487254.89999999985,770,2025-09-30 07:19:59
2025-09-30 07:20:00,632.9,633.0,633.4,632.9,625510.0,988,2025-09-30 07:29:59
2025-09-30 07:30:00,632.9,634.2,634.6,632.8,8236367.2,12990,2025-09-30 07:39:59
2025-09-30 07:40:00,634.0,635.2,635.2,634.0,1172045.0,1847,2025-09-30 07:49:59
2025-09-30 07:50:00,634.9,635.0,635.8,634.9,3721628.1000000006,5857,2025-09-30 07:59:59
2025-09-30 08:00:00,635.0,635.1,635.1,635.0,123831.4,195,2025-09-30 08:09:59
2025-09-30 08:10:00,635.1,635.5,635.5,635.1,558424.6,879,2025-09-30 08:19:59
2025-09-30 08:20:00,635.5,635.7,635.7,635.4,999108.4,1572,2025-09-30 08:29:59
2025-09-30 08:30:00,635.7,636.3,636.6,635.7,1038177.7,1632,2025-09-30 08:39:59
2025-09-30 08:40:00,636.1,635.4,636.3,635.3,1701533.0999999996,2676,2025-09-30 08:49:59
2025-09-30 08:50:00,635.3,635.0,635.4,634.7,1428110.5,2249,2025-09-30 08:59:59
2025-09-30 09:00:00,634.8,632.7,634.8,632.7,5276837.1,8331,2025-09-30 09:09:59
2025-09-30 09:10:00,632.7,631.4,632.8,630.5,21044665.1,33335,2025-09-30 09:19:59
2025-09-30 09:20:00,631.3,632.1,632.9,631.3,4580542.4,7246,2025-09-30 09:29:59
2025-09-30 09:30:00,632.1,632.1,632.7,632.0,2910032.3,4601,2025-09-30 09:39:59
2025-09-30 09:40:00,632.1,631.0,632.1,630.9,1038149.7,1643,2025-09-30 09:49:59
2025-09-30 09:50:00,631.0,630.9,631.9,630.7,3892280.4000000004,6166,2025-09-30 09:59:59
2025-09-30 10:00:00,630.8,627.9,630.8,627.0,73625107.50000007,117171,2025-09-30 10:09:59
2025-09-30 10:10:00,627.9,629.3,629.3,625.8,22471124.799999993,35785,2025-09-30 10:19:59
2025-09-30 10:20:00,629.1,626.3,629.2,625.0,38451886.8,61368,2025-09-30 10:29:59
2025-09-30 10:30:00,626.2,628.2,628.5,625.6,10955636.899999999,17458,2025-09-30 10:39:59
2025-09-30 10:40:00,628.2,629.1,629.8,627.7,12880624.500000002,20479,2025-09-30 10:49:59
2025-09-30 10:50:00,629.0,629.8,631.3,628.6,13088031.900000002,20766,2025-09-30 10:59:59
2025-09-30 11:00:00,629.7,629.4,630.0,628.2,6775319.5,10767,2025-09-30 11:09:59
2025-09-30 11:10:00,629.4,628.4,630.2,627.4,14215522.099999968,22587,2025-09-30 11:19:59
2025-09-30 11:20:00,628.4,628.8,629.9,628.1,10031125.7,15947,2025-09-30 11:29:59
2025-09-30 11:30:00,628.9,627.6,628.9,627.3,8261964.199999997,13152,2025-09-30 11:39:59
2025-09-30 11:40:00,627.6,628.7,629.1,627.0,33848657.2,53908,2025-09-30 11:49:59
2025-09-30 11:50:00,628.9,627.0,628.9,626.5,19619267.0,31270,2025-09-30 11:59:59
2025-09-30 12:00:00,627.0,626.9,627.6,626.6,10290791.7,16414,2025-09-30 12:09:59
2025-09-30 12:10:00,626.8,629.1,629.8,626.8,15070593.200000001,23978,2025-09-30 12:19:59
2025-09-30 12:20:00,629.0,625.7,629.0,623.4,85590843.29999988,136852,2025-09-30 12:29:59
2025-09-30 12:30:00,625.5,623.3,625.9,623.0,18629330.199999996,29852,2025-09-30 12:39:59
2025-09-30 12:40:00,623.2,625.3,625.4,622.3,50252144.0,80588,2025-09-30 12:49:59
2025-09-30 12:50:00,625.3,626.8,627.5,625.3,30015035.799999997,47914,2025-09-30 12:59:59
2025-09-30 13:00:00,626.8,627.1,627.7,625.1,10476890.6,16731,2025-09-30 13:09:59
2025-09-30 13:10:00,627.0,628.1,629.0,626.1,14234866.700000003,22673,2025-09-30 13:19:59
2025-09-30 13:20:00,628.1,627.0,628.9,627.0,16654648.899999999,26504,2025-09-30 13:29:59
2025-09-30 13:30:00,626.8,626.6,627.4,626.3,11720780.399999999,18700,2025-09-30 13:39:59
2025-09-30 13:40:00,626.5,627.0,627.2,626.3,6918962.000000001,11042,2025-09-30 13:49:59
2025-09-30 13:50:00,627.0,628.7,630.8,627.0,21802130.300000012,34642,2025-09-30 13:59:59
2025-09-30 14:00:00,628.5,628.4,629.8,626.7,28382862.0,45166,2025-09-30 14:09:59
2025-09-30 14:10:00,628.4,630.5,631.2,628.4,13326155.5,21144,2025-09-30 14:19:59
2025-09-30 14:20:00,630.6,631.5,631.9,630.3,9756055.9,15458,2025-09-30 14:29:59
2025-09-30 14:30:00,631.4,632.3,632.4,631.3,9993293.400000002,15816,2025-09-30 14:39:59
2025-09-30 14:40:00,632.3,630.3,632.3,629.7,11719977.899999999,18582,2025-09-30 14:49:59
2025-09-30 14:50:00,630.2,626.6,630.2,626.6,17212977.099999998,27425,2025-09-30 14:59:59
2025-09-30 15:00:00,626.6,625.2,627.2,624.4,22176314.9,35445,2025-09-30 15:09:59
2025-09-30 15:10:00,625.1,626.0,626.2,624.7,16507743.400000006,26374,2025-09-30 15:19:59
2025-09-30 15:20:00,626.1,627.6,627.6,625.4,43641272.900000006,69651,2025-09-30 15:29:59
2025-09-30 15:30:00,627.5,626.9,628.3,626.3,14957317.300000003,23856,2025-09-30 15:39:59
2025-09-30 15:40:00,627.0,626.9,627.7,625.4,5576342.2,8899,2025-09-30 15:49:59
2025-09-30 15:50:00,626.8,625.2,627.0,625.0,22754491.7,36363,2025-09-30 15:59:59
2025-09-30 16:00:00,625.2,625.7,627.1,625.2,18686923.3,29843,2025-09-30 16:09:59
2025-09-30 16:10:00,625.6,624.9,626.2,623.6,11958965.200000001,19148,2025-09-30 16:19:59
2025-09-30 16:20:00,624.7,625.5,625.9,624.4,15064295.4,24103,2025-09-30 16:29:59
2025-09-30 16:30:00,625.3,629.0,629.8,624.9,24681501.199999996,39303,2025-09-30 16:39:59
2025-09-30 16:40:00,628.7,628.7,629.7,628.6,6532134.100000001,10385,2025-09-30 16:49:59
2025-09-30 16:50:00,628.6,630.8,631.2,628.4,16783175.099999998,26632,2025-09-30 16:59:59
2025-09-30 17:00:00,631.0,631.4,631.7,630.8,7619011.199999999,12069,2025-09-30 17:09:59
2025-09-30 17:10:00,631.4,632.1,632.3,630.4,19287743.900000002,30550,2025-09-30 17:19:59
2025-09-30 17:20:00,632.0,631.8,632.2,631.0,14228408.000000004,22526,2025-09-30 17:29:59
2025-09-30 17:30:00,631.8,631.8,633.4,630.8,16535670.9,26164,2025-09-30 17:39:59
2025-09-30 17:40:00,631.7,632.6,632.9,630.9,9930777.099999996,15708,2025-09-30 17:49:59
2025-09-30 17:50:00,632.4,632.3,633.3,631.0,9727080.6,15391,2025-09-30 17:59:59
2025-09-30 18:00:00,632.3,632.4,632.8,631.3,21121695.800000004,33414,2025-09-30 18:09:59
2025-09-30 18:10:00,632.4,634.3,635.0,632.4,18853269.20000001,29753,2025-09-30 18:19:59
2025-09-30 18:20:00,634.2,633.2,635.1,633.2,12083299.5,19044,2025-09-30 18:29:59
2025-09-30 18:30:00,633.4,632.5,634.3,632.4,6048930.2,9550,2025-09-30 18:39:59
2025-09-30 18:40:00,633.2,633.2,633.2,633.2,269743.2,426,2025-09-30 18:49:59
2025-09-30 19:00:00,632.6,632.8,633.5,632.0,3980886.6,6293,2025-09-30 19:09:59
2025-09-30 19:10:00,632.4,633.9,634.2,632.0,6453440.5,10183,2025-09-30 19:19:59
2025-09-30 19:20:00,634.0,633.0,634.1,632.9,4065578.1999999993,6418,2025-09-30 19:29:59
2025-09-30 19:30:00,633.0,633.1,633.5,632.6,1721730.3999999997,2720,2025-09-30 19:39:59
2025-09-30 19:40:00,632.8,632.3,633.0,632.2,942444.4,1490,2025-09-30 19:49:59
2025-09-30 19:50:00,632.4,630.1,632.4,630.0,8117729.800000001,12862,2025-09-30 19:59:59
2025-09-30 20:00:00,630.1,628.4,630.4,627.5,15382580.6,24455,2025-09-30 20:09:59
2025-09-30 20:10:00,628.4,628.9,629.1,628.3,3031189.499999999,4822,2025-09-30 20:19:59
2025-09-30 20:20:00,628.5,628.4,629.2,628.3,2393967.5,3808,2025-09-30 20:29:59
2025-09-30 20:30:00,628.5,629.8,630.0,628.3,9686833.4,15388,2025-09-30 20:39:59
2025-09-30 20:40:00,629.7,629.5,629.8,629.3,3009320.1999999997,4779,2025-09-30 20:49:59
2025-09-30 20:50:00,629.2,629.9,630.0,629.2,1976936.2999999998,3139,2025-09-30 20:59:59
2025-09-30 21:00:00,629.9,629.7,631.0,629.6,10562069.4,16759,2025-09-30 21:09:59
2025-09-30 21:10:00,629.6,630.7,630.8,629.6,959701.3,1522,2025-09-30 21:19:59
2025-09-30 21:20:00,630.7,630.7,630.8,630.2,2591555.6,4110,2025-09-30 21:29:59
2025-09-30 21:30:00,630.4,630.2,630.8,629.9,660560.6,1048,2025-09-30 21:39:59
2025-09-30 21:40:00,630.2,630.5,630.7,630.1,1877157.4,2977,2025-09-30 21:49:59
2025-09-30 21:50:00,630.5,631.4,632.2,630.4,3558142.0,5634,2025-09-30 21:59:59
2025-09-30 22:00:00,631.4,631.2,631.4,631.2,967805.2,1533,2025-09-30 22:09:59
2025-09-30 22:10:00,631.2,631.1,631.3,630.9,666401.2000000001,1056,2025-09-30 22:19:59
2025-09-30 22:20:00,631.1,631.2,631.2,630.8,182990.69999999998,290,2025-09-30 22:29:59
2025-09-30 22:30:00,631.0,630.8,631.0,630.6,278826.9,442,2025-09-30 22:39:59
2025-09-30 22:40:00,631.0,630.9,631.0,630.6,143827.30000000002,228,2025-09-30 22:49:59
2025-09-30 22:50:00,630.8,631.0,631.2,630.8,384897.6,610,2025-09-30 22:59:59
2025-09-30 23:00:00,631.0,631.1,631.1,630.5,343715.3999999999,545,2025-09-30 23:09:59
2025-09-30 23:10:00,630.7,630.8,631.2,630.7,322443.10000000003,511,2025-09-30 23:19:59
2025-09-30 23:20:00,630.8,630.8,630.8,630.6,160190.4,254,2025-09-30 23:29:59
2025-09-30 23:30:00,630.8,629.9,630.8,629.7,4297634.199999999,6821,2025-09-30 23:39:59
2025-09-30 23:40:00,630.1,630.0,630.6,629.6,5460659.1000000015,8666,2025-09-30 23:49:59
2025-10-01 06:50:00,630.1,630.1,630.1,630.1,32765.2,52,2025-10-01 06:59:59
2025-10-01 07:00:00,630.8,630.2,631.7,630.1,448950.1,712,2025-10-01 07:09:59
2025-10-01 07:10:00,630.5,631.5,631.6,630.3,1173530.8000000003,1860,2025-10-01 07:19:59
2025-10-01 07:20:00,631.6,631.2,631.6,630.9,263768.7,418,2025-10-01 07:29:59
2025-10-01 07:30:00,631.1,631.8,631.9,631.1,243865.19999999998,386,2025-10-01 07:39:59
2025-10-01 07:40:00,631.8,633.0,633.1,631.5,2134718.3,3376,2025-10-01 07:49:59
2025-10-01 07:50:00,633.3,633.0,633.3,632.9,697502.2,1102,2025-10-01 07:59:59
2025-10-01 08:00:00,633.0,633.9,633.9,633.0,950871.9,1501,2025-10-01 08:09:59
2025-10-01 08:10:00,633.6,633.4,633.6,633.3,563093.1,889,2025-10-01 08:19:59
2025-10-01 08:20:00,633.3,633.5,633.5,633.3,625115.4,987,2025-10-01 08:29:59
2025-10-01 08:30:00,633.4,633.3,633.5,633.2,689704.2999999999,1089,2025-10-01 08:39:59
2025-10-01 08:40:00,633.3,633.2,633.3,633.0,196294.6,310,2025-10-01 08:49:59
2025-10-01 08:50:00,633.1,632.4,633.1,632.4,1420402.5999999999,2245,2025-10-01 08:59:59
2025-10-01 09:00:00,632.4,631.6,632.4,630.6,5653231.2,8952,2025-10-01 09:09:59
2025-10-01 09:10:00,631.6,633.4,633.8,631.5,3179345.5000000005,5025,2025-10-01 09:19:59
2025-10-01 09:20:00,633.5,632.8,633.7,632.8,3064102.2,4839,2025-10-01 09:29:59
2025-10-01 09:30:00,633.0,632.9,633.4,632.7,659129.7999999999,1041,2025-10-01 09:39:59
2025-10-01 09:40:00,632.9,632.3,632.9,632.2,782407.5,1237,2025-10-01 09:49:59
2025-10-01 09:50:00,632.3,632.1,632.4,631.7,1019970.1,1614,2025-10-01 09:59:59
2025-10-01 10:00:00,632.0,629.6,632.0,628.9,10362025.600000001,16435,2025-10-01 10:09:59
2025-10-01 10:10:00,629.7,629.1,630.4,628.9,5033126.6,7994,2025-10-01 10:19:59
2025-10-01 10:20:00,629.0,628.8,629.9,628.0,15186812.6,24165,2025-10-01 10:29:59
2025-10-01 10:30:00,628.9,628.6,630.0,628.1,18382652.7,29209,2025-10-01 10:39:59
2025-10-01 10:40:00,628.7,626.1,628.7,626.0,9644934.5,15378,2025-10-01 10:49:59
2025-10-01 10:50:00,626.3,625.3,626.7,625.3,13856258.600000001,22137,2025-10-01 10:59:59
2025-10-01 11:00:00,625.3,626.7,627.3,625.0,6732987.900000001,10752,2025-10-01 11:09:59
2025-10-01 11:10:00,626.7,628.0,628.1,626.1,6272403.000000001,9999,2025-10-01 11:19:59
2025-10-01 11:20:00,627.9,628.2,628.7,627.1,6000670.4,9555,2025-10-01 11:29:59
2025-10-01 11:30:00,628.3,626.8,629.0,626.8,21614086.800000004,34407,2025-10-01 11:39:59
2025-10-01 11:40:00,627.0,626.4,627.1,626.0,5438734.900000001,8684,2025-10-01 11:49:59
2025-10-01 11:50:00,626.4,626.3,626.5,625.7,3855298.0999999996,6158,2025-10-01 11:59:59
2025-10-01 12:00:00,626.3,626.5,627.8,626.3,2845065.499999986,4535,2025-10-01 12:09:59
2025-10-01 12:10:00,626.5,627.6,627.6,626.1,1916541.099999994,3056,2025-10-01 12:19:59
2025-10-01 12:20:00,627.6,627.7,628.0,626.4,2310131.6,3681,2025-10-01 12:29:59
2025-10-01 12:30:00,627.8,625.2,628.3,624.0,21089104.7,33689,2025-10-01 12:39:59
2025-10-01 12:40:00,625.1,626.5,626.6,625.1,2569897.7999999993,4105,2025-10-01 12:49:59
2025-10-01 12:50:00,626.6,625.8,626.7,624.6,7726132.1,12348,2025-10-01 12:59:59
2025-10-01 13:00:00,625.7,624.2,625.7,623.2,7402953.0,11861,2025-10-01 13:09:59
2025-10-01 13:10:00,624.2,623.7,624.2,623.4,2615290.9,4192,2025-10-01 13:19:59
2025-10-01 13:20:00,623.8,619.2,623.9,618.6,55502652.19999997,89373,2025-10-01 13:29:59
2025-10-01 13:30:00,619.4,619.6,619.6,617.7,13720274.100000003,22179,2025-10-01 13:39:59
2025-10-01 13:40:00,619.6,619.5,619.8,619.1,4428098.799999999,7148,2025-10-01 13:49:59
2025-10-01 13:50:00,619.5,619.5,620.0,619.2,6375106.299999999,10289,2025-10-01 13:59:59
2025-10-01 14:00:00,619.9,619.5,620.3,619.2,3780909.8000000003,6101,2025-10-01 14:09:59
2025-10-01 14:10:00,619.4,619.0,619.9,618.5,4672852.2,7548,2025-10-01 14:19:59
2025-10-01 14:20:00,619.1,620.3,620.3,618.5,13523535.6,21830,2025-10-01 14:29:59
2025-10-01 14:30:00,620.3,618.3,620.7,617.7,29141441.79999999,47077,2025-10-01 14:39:59
2025-10-01 14:40:00,618.6,618.4,618.9,617.9,7421419.200000001,12001,2025-10-01 14:49:59
2025-10-01 14:50:00,618.4,619.7,620.2,618.4,14646605.300000003,23656,2025-10-01 14:59:59
2025-10-01 15:00:00,619.6,618.7,619.6,618.3,19149816.4,30960,2025-10-01 15:09:59
2025-10-01 15:10:00,618.6,619.0,619.5,618.5,6901544.2,11147,2025-10-01 15:19:59
2025-10-01 15:20:00,619.0,618.6,619.3,618.4,8786489.700000001,14200,2025-10-01 15:29:59
2025-10-01 15:30:00,618.7,619.8,620.4,618.7,12016435.7,19399,2025-10-01 15:39:59
2025-10-01 15:40:00,619.7,619.6,620.4,619.4,7700586.6,12422,2025-10-01 15:49:59
2025-10-01 15:50:00,619.7,620.3,621.0,619.3,10060365.899999999,16221,2025-10-01 15:59:59
2025-10-01 16:00:00,620.3,621.5,621.5,619.1,15223649.199999997,24540,2025-10-01 16:09:59
2025-10-01 16:10:00,621.5,622.2,623.0,620.9,17437653.9,28031,2025-10-01 16:19:59
2025-10-01 16:20:00,621.9,621.0,622.4,620.9,5173196.1,8325,2025-10-01 16:29:59
2025-10-01 16:30:00,621.2,620.6,621.5,620.5,3098747.9999999995,4991,2025-10-01 16:39:59
2025-10-01 16:40:00,620.5,621.1,621.9,620.0,12660954.5,20397,2025-10-01 16:49:59
2025-10-01 16:50:00,621.3,621.8,621.8,620.5,4923058.100000001,7928,2025-10-01 16:59:59
2025-10-01 17:00:00,621.7,620.4,621.7,620.0,13414907.200000003,21622,2025-10-01 17:09:59
2025-10-01 17:10:00,620.2,619.3,620.3,618.7,42094081.79999999,67925,2025-10-01 17:19:59
2025-10-01 17:20:00,619.3,618.4,620.4,618.3,25603874.9,41363,2025-10-01 17:29:59
2025-10-01 17:30:00,618.5,617.8,618.5,617.2,31221512.500000007,50517,2025-10-01 17:39:59
2025-10-01 17:40:00,617.7,617.5,618.5,617.4,9320553.599999998,15082,2025-10-01 17:49:59
2025-10-01 17:50:00,617.4,618.1,618.7,616.7,6299116.8,10196,2025-10-01 17:59:59
2025-10-01 18:00:00,618.2,619.1,621.9,618.1,25384572.3,40940,2025-10-01 18:09:59
2025-10-01 18:10:00,619.1,616.8,619.6,616.1,33233861.400000002,53791,2025-10-01 18:19:59
2025-10-01 18:20:00,616.7,616.1,617.8,615.9,25971874.799999997,42120,2025-10-01 18:29:59
2025-10-01 18:30:00,616.1,615.4,616.1,614.3,21847047.099999998,35503,2025-10-01 18:39:59
2025-10-01 18:40:00,616.8,616.8,616.8,616.8,4375579.199999999,7094,2025-10-01 18:49:59
2025-10-01 19:00:00,616.9,616.4,617.2,615.4,6640752.2,10780,2025-10-01 19:09:59
2025-10-01 19:10:00,616.2,616.6,616.6,615.9,1737141.0,2818,2025-10-01 19:19:59
2025-10-01 19:20:00,616.6,616.6,616.6,615.9,1633984.4999999995,2651,2025-10-01 19:29:59
2025-10-01 19:30:00,616.6,616.2,617.9,616.1,8967562.1,14528,2025-10-01 19:39:59
2025-10-01 19:40:00,616.2,616.2,616.4,615.9,1452075.5999999999,2357,2025-10-01 19:49:59
2025-10-01 19:50:00,616.2,616.8,616.9,616.2,1356805.8,2201,2025-10-01 19:59:59
2025-10-01 20:00:00,616.8,616.6,617.0,616.5,503304.1000000001,816,2025-10-01 20:09:59
2025-10-01 20:10:00,616.6,616.5,616.6,616.5,342825.0,556,2025-10-01 20:19:59
2025-10-01 20:20:00,616.6,615.3,616.8,615.3,2149253.2,3488,2025-10-01 20:29:59
2025-10-01 20:30:00,615.4,615.4,615.8,614.5,4219529.800000001,6860,2025-10-01 20:39:59
2025-10-01 20:40:00,615.6,615.5,616.1,615.3,2357869.0999999996,3830,2025-10-01 20:49:59
2025-10-01 20:50:00,615.8,615.6,615.8,615.1,3681829.5999999996,5982,2025-10-01 20:59:59
2025-10-01 21:00:00,615.6,613.6,615.8,612.8,16540009.500000002,26954,2025-10-01 21:09:59
2025-10-01 21:10:00,613.6,612.3,613.6,611.6,10288456.500000002,16799,2025-10-01 21:19:59
2025-10-01 21:20:00,612.3,613.2,613.3,611.6,7138100.300000002,11659,2025-10-01 21:29:59
2025-10-01 21:30:00,613.2,613.1,613.4,612.6,2228074.5999999996,3634,2025-10-01 21:39:59
2025-10-01 21:40:00,613.1,613.3,613.4,612.6,10613774.700000001,17307,2025-10-01 21:49:59
2025-10-01 21:50:00,613.3,613.8,613.8,612.9,3022198.3,4927,2025-10-01 21:59:59
2025-10-01 22:00:00,613.9,613.7,614.0,613.1,3383029.3999999994,5514,2025-10-01 22:09:59
2025-10-01 22:10:00,613.4,613.9,613.9,613.1,2959197.3000000003,4825,2025-10-01 22:19:59
2025-10-01 22:20:00,614.0,614.5,614.6,613.9,1845635.7000000002,3004,2025-10-01 22:29:59
2025-10-01 22:30:00,614.5,614.7,614.7,614.2,2224044.5999999996,3620,2025-10-01 22:39:59
2025-10-01 22:40:00,614.6,614.8,614.8,614.3,758384.2000000001,1234,2025-10-01 22:49:59
2025-10-01 22:50:00,614.8,614.7,614.8,614.5,417936.4999999999,680,2025-10-01 22:59:59
2025-10-01 23:00:00,614.7,614.8,614.8,614.6,635605.6000000001,1034,2025-10-01 23:09:59
2025-10-01 23:10:00,614.8,614.6,614.9,614.4,1794565.2999999998,2920,2025-10-01 23:19:59
2025-10-01 23:20:00,614.8,614.1,614.9,614.0,2174505.7,3540,2025-10-01 23:29:59
2025-10-01 23:30:00,614.1,614.1,614.8,614.0,2802640.8,4562,2025-10-01 23:39:59
2025-10-01 23:40:00,614.7,614.6,614.8,614.0,1344956.5,2189,2025-10-01 23:49:59
2025-10-02 06:50:00,614.6,614.6,614.6,614.6,44865.799999999996,73,2025-10-02 06:59:59
2025-10-02 07:00:00,615.0,615.0,615.9,614.2,1264510.6,2055,2025-10-02 07:09:59
2025-10-02 07:10:00,615.1,615.9,616.0,615.0,625559.3,1016,2025-10-02 07:19:59
2025-10-02 07:20:00,615.9,615.1,616.0,615.0,1383433.4,2248,2025-10-02 07:29:59
2025-10-02 07:30:00,615.0,614.3,615.0,614.2,767344.7999999998,1248,2025-10-02 07:39:59
2025-10-02 07:40:00,614.3,612.7,614.4,612.7,2860439.400000001,4661,2025-10-02 07:49:59
2025-10-02 07:50:00,612.6,613.4,613.8,611.8,2417975.8000000003,3945,2025-10-02 07:59:59
2025-10-02 08:00:00,612.9,610.6,613.0,610.2,13994228.100000001,22891,2025-10-02 08:09:59
2025-10-02 08:10:00,610.5,610.0,610.7,609.6,13861716.7,22710,2025-10-02 08:19:59
2025-10-02 08:20:00,610.0,609.1,610.0,608.8,2256710.7000000007,3703,2025-10-02 08:29:59
2025-10-02 08:30:00,609.1,608.8,609.2,607.8,9707567.7,15955,2025-10-02 08:39:59
2025-10-02 08:40:00,608.8,609.7,610.0,608.1,4427172.4,7269,2025-10-02 08:49:59
2025-10-02 08:50:00,609.7,609.9,610.0,609.1,4105760.3,6734,2025-10-02 08:59:59
2025-10-02 09:00:00,609.9,610.4,610.4,609.5,11720761.3,19209,2025-10-02 09:09:59
2025-10-02 09:10:00,610.4,609.8,610.7,609.0,9518242.700000001,15613,2025-10-02 09:19:59
2025-10-02 09:20:00,609.8,610.3,610.5,609.5,10499979.9,17212,2025-10-02 09:29:59
2025-10-02 09:30:00,610.1,609.5,610.4,608.9,6138950.8,10076,2025-10-02 09:39:59
2025-10-02 09:40:00,609.4,609.3,609.7,609.2,2247321.0,3687,2025-10-02 09:49:59
2025-10-02 09:50:00,609.4,609.4,609.7,607.0,24943178.9,40999,2025-10-02 09:59:59
2025-10-02 10:00:00,609.2,609.7,610.5,608.9,9102994.200000001,14926,2025-10-02 10:09:59
2025-10-02 10:10:00,609.5,608.4,609.7,606.8,24780166.4,40784,2025-10-02 10:19:59
2025-10-02 10:20:00,608.5,609.6,609.6,608.2,10346440.799999999,17005,2025-10-02 10:29:59
2025-10-02 10:30:00,609.6,612.7,612.8,609.6,20648661.6,33791,2025-10-02 10:39:59
2025-10-02 10:40:00,612.5,612.3,612.6,611.6,7223991.300000001,11801,2025-10-02 10:49:59
2025-10-02 10:50:00,612.3,611.7,612.7,611.4,6176034.100000001,10093,2025-10-02 10:59:59
2025-10-02 11:00:00,611.8,612.9,612.9,611.8,6422732.4,10486,2025-10-02 11:09:59
2025-10-02 11:10:00,612.8,612.0,613.1,611.7,10133164.500000002,16548,2025-10-02 11:19:59
2025-10-02 11:20:00,611.8,610.4,611.8,610.0,10863450.200000003,17775,2025-10-02 11:29:59
2025-10-02 11:30:00,610.4,610.9,611.6,610.3,2556834.2000000007,4186,2025-10-02 11:39:59
2025-10-02 11:40:00,610.9,611.0,612.3,610.3,6017528.500000002,9838,2025-10-02 11:49:59
2025-10-02 11:50:00,611.4,611.7,611.7,610.7,3307630.3,5411,2025-10-02 11:59:59
2025-10-02 12:00:00,611.8,611.3,612.1,610.2,8599359.899999999,14063,2025-10-02 12:09:59
2025-10-02 12:10:00,611.4,608.8,611.5,608.4,39369787.0,64563,2025-10-02 12:19:59
2025-10-02 12:20:00,608.8,608.5,608.9,608.1,15274663.600000001,25104,2025-10-02 12:29:59
2025-10-02 12:30:00,608.5,608.1,608.5,608.0,9778352.200000001,16075,2025-10-02 12:39:59
2025-10-02 12:40:00,608.1,608.2,608.2,607.9,17508066.6,28789,2025-10-02 12:49:59
2025-10-02 12:50:00,608.2,608.2,608.2,607.4,46205485.199999996,75976,2025-10-02 12:59:59
2025-10-02 13:00:00,608.2,607.7,608.8,607.4,42670414.900000006,70165,2025-10-02 13:09:59
2025-10-02 13:10:00,607.6,607.4,608.0,605.7,28063325.699999996,46253,2025-10-02 13:19:59
2025-10-02 13:20:00,607.4,606.7,607.8,606.2,11024157.399999999,18162,2025-10-02 13:29:59
2025-10-02 13:30:00,606.8,607.1,607.3,606.0,8485494.3,13990,2025-10-02 13:39:59
2025-10-02 13:40:00,607.0,603.9,607.8,603.1,37643034.4,62246,2025-10-02 13:49:59
2025-10-02 13:50:00,604.1,603.1,604.5,602.4,13467882.499999996,22319,2025-10-02 13:59:59
2025-10-02 14:00:00,603.2,601.3,603.2,600.0,34628445.80000003,57617,2025-10-02 14:09:59
2025-10-02 14:10:00,601.3,601.6,602.1,600.2,23454942.100000005,39004,2025-10-02 14:19:59
2025-10-02 14:20:00,601.8,600.2,601.8,600.0,11630730.800000003,19366,2025-10-02 14:29:59
2025-10-02 14:30:00,600.2,601.1,601.7,600.0,5525061.0,9197,2025-10-02 14:39:59
2025-10-02 14:40:00,600.9,602.4,602.8,600.8,12082492.899999999,20083,2025-10-02 14:49:59
2025-10-02 14:50:00,602.6,602.9,603.8,602.2,13213973.7,21917,2025-10-02 14:59:59
2025-10-02 15:00:00,602.9,603.4,603.7,602.5,12809489.799999997,21240,2025-10-02 15:09:59
2025-10-02 15:10:00,603.4,604.5,604.6,603.1,14726027.300000004,24392,2025-10-02 15:19:59
2025-10-02 15:20:00,604.5,604.6,605.2,603.8,20954049.6,34658,2025-10-02 15:29:59
2025-10-02 15:30:00,604.5,604.9,605.1,604.0,11342438.6,18765,2025-10-02 15:39:59
2025-10-02 15:40:00,604.9,606.7,607.1,604.7,23628370.300000004,38978,2025-10-02 15:49:59
2025-10-02 15:50:00,606.6,605.3,606.8,605.0,16979700.299999997,28040,2025-10-02 15:59:59
2025-10-02 16:00:00,605.5,605.4,606.2,605.0,12047735.4,19896,2025-10-02 16:09:59
2025-10-02 16:10:00,605.3,603.8,605.4,603.3,12227092.0,20227,2025-10-02 16:19:59
2025-10-02 16:20:00,603.6,601.6,604.2,600.8,21190704.8,35210,2025-10-02 16:29:59
2025-10-02 16:30:00,601.5,601.0,601.8,600.8,11547827.4,19210,2025-10-02 16:39:59
2025-10-02 16:40:00,600.9,601.3,601.8,600.9,8446544.9,14045,2025-10-02 16:49:59
2025-10-02 16:50:00,601.4,601.2,601.4,600.9,8802710.7,14646,2025-10-02 16:59:59
2025-10-02 17:00:00,601.3,601.6,601.6,601.0,1587998.6,2641,2025-10-02 17:09:59
2025-10-02 17:10:00,601.4,602.0,602.6,601.4,3467975.2,5759,2025-10-02 17:19:59
2025-10-02 17:20:00,602.1,604.1,604.8,601.7,10024022.899999999,16612,2025-10-02 17:29:59
2025-10-02 17:30:00,604.4,604.5,604.7,603.6,6049499.100000001,10013,2025-10-02 17:39:59
2025-10-02 17:40:00,604.5,605.2,605.4,604.0,5955180.999999999,9847,2025-10-02 17:49:59
2025-10-02 17:50:00,605.3,604.4,605.8,603.6,4513713.4,7466,2025-10-02 17:59:59
2025-10-02 18:00:00,604.5,604.4,604.7,603.8,2976313.4000000004,4926,2025-10-02 18:09:59
2025-10-02 18:10:00,604.4,603.5,605.0,602.7,6102594.6,10101,2025-10-02 18:19:59
2025-10-02 18:20:00,603.4,603.1,604.7,602.9,10586464.7,17529,2025-10-02 18:29:59
2025-10-02 18:30:00,603.2,603.8,603.9,601.0,17985385.8,29860,2025-10-02 18:39:59
2025-10-02 18:40:00,603.8,603.8,603.8,603.8,58568.6,97,2025-10-02 18:49:59
2025-10-02 19:00:00,603.7,603.5,604.0,601.3,12473066.100000001,20699,2025-10-02 19:09:59
2025-10-02 19:10:00,603.6,602.2,603.7,602.0,4583498.600000001,7607,2025-10-02 19:19:59
2025-10-02 19:20:00,602.2,602.3,602.3,601.8,2657573.200000001,4414,2025-10-02 19:29:59
2025-10-02 19:30:00,602.2,602.9,602.9,602.0,1525217.2,2532,2025-10-02 19:39:59
2025-10-02 19:40:00,602.9,603.2,603.2,602.8,228508.2,379,2025-10-02 19:49:59
2025-10-02 19:50:00,603.2,601.8,603.2,601.7,1665698.3999999997,2766,2025-10-02 19:59:59
2025-10-02 20:00:00,602.1,601.4,602.1,601.0,3731284.500000001,6204,2025-10-02 20:09:59
2025-10-02 20:10:00,601.6,602.3,602.3,601.6,1075525.7999999998,1787,2025-10-02 20:19:59
2025-10-02 20:20:00,602.3,602.5,602.9,602.3,717077.9,1190,2025-10-02 20:29:59
2025-10-02 20:30:00,602.5,602.7,602.7,602.2,1290441.7999999998,2142,2025-10-02 20:39:59
2025-10-02 20:40:00,602.7,602.3,602.7,602.2,625864.5,1039,2025-10-02 20:49:59
2025-10-02 20:50:00,602.3,602.3,602.5,602.2,257836.3,428,2025-10-02 20:59:59
2025-10-02 21:00:00,602.5,601.9,602.8,601.7,3746545.1000000006,6222,2025-10-02 21:09:59
2025-10-02 21:10:00,601.8,601.2,602.1,601.1,5638915.799999999,9376,2025-10-02 21:19:59
2025-10-02 21:20:00,601.4,601.2,601.4,601.0,2742133.6999999997,4562,2025-10-02 21:29:59
2025-10-02 21:30:00,601.3,601.2,601.3,601.0,658914.5000000001,1096,2025-10-02 21:39:59
2025-10-02 21:40:00,601.3,601.3,601.3,601.0,406346.8,676,2025-10-02 21:49:59
2025-10-02 21:50:00,601.2,600.2,601.3,600.0,23081531.200000018,38429,2025-10-02 21:59:59
2025-10-02 22:00:00,600.3,601.3,601.3,600.0,2925048.2,4871,2025-10-02 22:09:59
2025-10-02 22:10:00,601.3,601.3,601.3,600.4,1158313.6999999997,1928,2025-10-02 22:19:59
2025-10-02 22:20:00,601.3,600.5,601.3,600.3,6336858.9,10551,2025-10-02 22:29:59
2025-10-02 22:30:00,600.5,599.6,600.5,599.4,7766006.5,12943,2025-10-02 22:39:59
2025-10-02 22:40:00,599.5,602.6,602.9,599.2,10745430.3,17882,2025-10-02 22:49:59
2025-10-02 22:50:00,602.8,602.2,602.8,600.9,14708115.799999999,24445,2025-10-02 22:59:59
2025-10-02 23:00:00,602.2,601.9,602.7,601.6,2139007.8,3553,2025-10-02 23:09:59
2025-10-02 23:10:00,601.9,600.9,601.9,600.7,7633140.399999999,12696,2025-10-02 23:19:59
2025-10-02 23:20:00,600.9,600.8,601.0,600.5,785856.5000000001,1308,2025-10-02 23:29:59
2025-10-02 23:30:00,600.5,599.6,600.6,598.3,5805620.300000002,9689,2025-10-02 23:39:59
2025-10-02 23:40:00,599.6,600.0,600.0,598.9,2604414.8,4346,2025-10-02 23:49:59
2025-10-03 06:50:00,602.8,602.8,602.8,602.8,20495.199999999997,34,2025-10-03 06:59:59
2025-10-03 07:00:00,602.7,601.2,602.7,600.1,1300807.4,2163,2025-10-03 07:09:59
2025-10-03 07:10:00,601.2,601.2,601.2,601.0,420178.00000000006,699,2025-10-03 07:19:59
2025-10-03 07:20:00,601.4,602.9,602.9,601.4,1387738.0999999999,2304,2025-10-03 07:29:59
2025-10-03 07:30:00,602.9,603.5,603.6,602.9,2190409.6999999997,3631,2025-10-03 07:39:59
2025-10-03 07:40:00,603.6,601.6,603.6,601.6,2472777.1,4103,2025-10-03 07:49:59
2025-10-03 07:50:00,601.6,603.0,603.0,601.5,160769.0,267,2025-10-03 07:59:59
2025-10-03 08:00:00,603.0,602.2,603.0,601.8,2376374.1,3946,2025-10-03 08:09:59
2025-10-03 08:10:00,602.2,602.3,602.3,602.1,1522297.2999999998,2528,2025-10-03 08:19:59
2025-10-03 08:20:00,602.2,602.3,602.3,602.1,201752.4,335,2025-10-03 08:29:59
2025-10-03 08:30:00,602.3,602.3,602.3,602.1,237305.19999999998,394,2025-10-03 08:39:59
2025-10-03 08:40:00,602.1,602.4,602.4,602.1,265037.9,440,2025-10-03 08:49:59
2025-10-03 08:50:00,602.4,602.4,602.4,602.3,134924.40000000002,224,2025-10-03 08:59:59
2025-10-03 09:00:00,602.3,602.1,602.3,601.6,1679108.4,2790,2025-10-03 09:09:59
2025-10-03 09:10:00,602.2,601.6,602.2,601.1,2271236.8,3776,2025-10-03 09:19:59
2025-10-03 09:20:00,601.6,600.1,601.7,600.0,5469070.0,9105,2025-10-03 09:29:59
2025-10-03 09:30:00,600.0,600.4,600.6,599.8,1761180.7000000002,2935,2025-10-03 09:39:59
2025-10-03 09:40:00,600.4,600.9,601.1,600.3,569616.1,948,2025-10-03 09:49:59
2025-10-03 09:50:00,600.9,600.8,601.1,599.9,2859247.9,4762,2025-10-03 09:59:59
2025-10-03 10:00:00,600.6,602.3,603.2,600.4,8796328.900000002,14603,2025-10-03 10:09:59
2025-10-03 10:10:00,602.3,602.5,603.1,602.0,3686055.6999999997,6121,2025-10-03 10:19:59
2025-10-03 10:20:00,602.7,603.2,603.3,601.8,5748149.2,9536,2025-10-03 10:29:59
2025-10-03 10:30:00,603.2,603.1,603.2,602.8,2747856.0,4557,2025-10-03 10:39:59
2025-10-03 10:40:00,603.1,604.5,604.5,603.0,13702081.8,22688,2025-10-03 10:49:59
2025-10-03 10:50:00,604.5,603.6,604.5,603.5,5418086.899999999,8970,2025-10-03 10:59:59
2025-10-03 11:00:00,603.5,605.0,605.0,603.3,8092093.700000001,13391,2025-10-03 11:09:59
2025-10-03 11:10:00,604.9,605.6,605.7,604.8,4927514.8,8141,2025-10-03 11:19:59
2025-10-03 11:20:00,605.5,605.0,605.9,604.2,13397753.699999997,22145,2025-10-03 11:29:59
2025-10-03 11:30:00,605.0,605.2,605.7,604.3,14299375.400000004,23632,2025-10-03 11:39:59
2025-10-03 11:40:00,605.2,604.6,605.3,603.5,3546284.8,5870,2025-10-03 11:49:59
2025-10-03 11:50:00,604.6,604.4,604.7,604.1,1618617.8999999997,2678,2025-10-03 11:59:59
2025-10-03 12:00:00,604.5,604.4,604.8,603.8,5721203.7,9469,2025-10-03 12:09:59
2025-10-03 12:10:00,604.3,603.0,604.5,602.9,6727174.200000001,11147,2025-10-03 12:19:59
2025-10-03 12:20:00,603.0,602.9,603.5,602.8,3576979.9,5931,2025-10-03 12:29:59
2025-10-03 12:30:00,602.9,601.4,603.0,600.9,21401086.89999999,35548,2025-10-03 12:39:59
2025-10-03 12:40:00,601.3,599.0,601.8,599.0,18621249.6,31031,2025-10-03 12:49:59
2025-10-03 12:50:00,599.0,595.3,599.2,594.1,40133448.3,67184,2025-10-03 12:59:59
2025-10-03 13:00:00,595.3,594.7,595.8,594.0,12548474.399999999,21100,2025-10-03 13:09:59
2025-10-03 13:10:00,594.7,595.0,595.2,594.6,6664467.399999999,11200,2025-10-03 13:19:59
2025-10-03 13:20:00,594.8,593.8,595.0,593.0,12351909.300000003,20798,2025-10-03 13:29:59
2025-10-03 13:30:00,593.9,592.6,594.6,592.0,18360114.099999998,30940,2025-10-03 13:39:59
2025-10-03 13:40:00,592.5,593.6,594.2,592.5,6589528.8,11102,2025-10-03 13:49:59
2025-10-03 13:50:00,593.6,595.5,595.7,593.6,9610342.100000003,16159,2025-10-03 13:59:59
2025-10-03 14:00:00,595.5,592.8,595.5,592.1,12537170.1,21127,2025-10-03 14:09:59
2025-10-03 14:10:00,592.8,593.3,594.7,592.3,8167085.700000001,13758,2025-10-03 14:19:59
2025-10-03 14:20:00,593.5,593.8,594.9,593.5,3141516.5999999996,5288,2025-10-03 14:29:59
2025-10-03 14:30:00,593.8,593.6,594.8,593.4,5612612.699999999,9445,2025-10-03 14:39:59
2025-10-03 14:40:00,594.0,593.6,594.1,593.0,9147814.6,15414,2025-10-03 14:49:59
2025-10-03 14:50:00,593.5,592.5,593.5,592.4,5381119.6000000015,9075,2025-10-03 14:59:59
2025-10-03 15:00:00,592.4,593.4,594.3,592.3,14781436.499999998,24911,2025-10-03 15:09:59
2025-10-03 15:10:00,593.4,591.8,594.3,591.8,9327070.0,15730,2025-10-03 15:19:59
2025-10-03 15:20:00,591.9,591.8,593.1,590.6,16172658.100000001,27336,2025-10-03 15:29:59
2025-10-03 15:30:00,591.9,591.1,592.2,590.8,4353321.7,7359,2025-10-03 15:39:59
2025-10-03 15:40:00,591.1,590.1,591.4,590.0,22298562.299999997,37759,2025-10-03 15:49:59
2025-10-03 15:50:00,590.1,591.1,591.3,590.1,12344533.800000004,20885,2025-10-03 15:59:59
2025-10-03 16:00:00,591.0,590.7,591.2,590.1,7070351.000000001,11971,2025-10-03 16:09:59
2025-10-03 16:10:00,590.6,589.3,590.6,588.5,20100578.999999996,34094,2025-10-03 16:19:59
2025-10-03 16:20:00,589.5,589.6,589.7,588.1,12463501.700000005,21152,2025-10-03 16:29:59
2025-10-03 16:30:00,589.6,589.4,589.7,588.1,15056443.600000001,25554,2025-10-03 16:39:59
2025-10-03 16:40:00,589.3,588.5,589.7,588.2,10709340.7,18181,2025-10-03 16:49:59
2025-10-03 16:50:00,588.7,587.1,588.8,586.7,9596108.1,16327,2025-10-03 16:59:59
2025-10-03 17:00:00,587.3,585.8,587.5,584.4,30292674.5,51710,2025-10-03 17:09:59
2025-10-03 17:10:00,585.8,585.9,585.9,585.3,24227565.399999954,41355,2025-10-03 17:19:59
2025-10-03 17:20:00,585.8,584.9,585.9,584.3,38781217.3,66275,2025-10-03 17:29:59
2025-10-03 17:30:00,584.7,584.7,585.5,583.6,14162935.5,24233,2025-10-03 17:39:59
2025-10-03 17:40:00,584.5,585.0,585.7,584.3,10314744.7,17631,2025-10-03 17:49:59
2025-10-03 17:50:00,585.4,584.9,585.5,584.5,4066650.4,6954,2025-10-03 17:59:59
2025-10-03 18:00:00,584.9,584.1,585.0,583.8,7758850.3999999985,13280,2025-10-03 18:09:59
2025-10-03 18:10:00,584.0,583.7,584.4,583.7,3304571.0999999996,5658,2025-10-03 18:19:59
2025-10-03 18:20:00,583.7,583.9,584.1,583.1,4259696.3,7299,2025-10-03 18:29:59
2025-10-03 18:30:00,583.9,582.9,584.0,582.8,5802148.699999999,9949,2025-10-03 18:39:59
2025-10-03 18:40:00,582.8,582.8,582.8,582.8,557739.6000000001,957,2025-10-03 18:48:08
2025-10-03 19:00:00,582.9,582.1,583.6,581.9,12025397.900000004,20647,2025-10-03 19:09:59
2025-10-03 19:10:00,582.1,582.3,582.5,582.0,9221307.799999999,15840,2025-10-03 19:19:59
2025-10-03 19:20:00,582.3,582.5,582.7,582.0,4497178.7,7724,2025-10-03 19:29:59
2025-10-03 19:30:00,582.5,581.2,582.7,581.1,15761646.4,27090,2025-10-03 19:39:59
2025-10-03 19:40:00,581.6,581.5,582.1,581.0,8161215.9,14040,2025-10-03 19:49:59
2025-10-03 19:50:00,581.5,582.5,582.9,581.3,11288477.499999996,19378,2025-10-03 19:59:59
2025-10-03 20:00:00,582.6,583.1,583.5,582.5,12436378.7,21326,2025-10-03 20:09:59
2025-10-03 20:10:00,583.3,583.1,583.5,582.5,4143959.9000000004,7107,2025-10-03 20:19:59
2025-10-03 20:20:00,583.0,582.3,583.1,581.3,10124207.0,17394,2025-10-03 20:29:59
2025-10-03 20:30:00,582.0,583.4,583.5,581.9,3692043.3,6333,2025-10-03 20:39:59
2025-10-03 20:40:00,583.3,583.5,583.5,582.6,3066676.5,5257,2025-10-03 20:49:59
2025-10-03 20:50:00,583.5,583.6,583.6,583.1,1175477.0,2015,2025-10-03 20:59:59
2025-10-03 21:00:00,583.4,583.5,583.6,583.2,1753772.7999999998,3006,2025-10-03 21:09:59
2025-10-03 21:10:00,583.5,583.9,584.4,583.4,4647597.300000001,7959,2025-10-03 21:19:59
2025-10-03 21:20:00,584.0,584.3,584.3,583.6,1217393.1,2085,2025-10-03 21:29:59
2025-10-03 21:30:00,584.3,584.6,584.7,584.0,2325634.0000000005,3979,2025-10-03 21:39:59
2025-10-03 21:40:00,584.6,584.4,584.7,584.0,3780143.9,6468,2025-10-03 21:49:59
2025-10-03 21:50:00,584.4,583.9,584.4,583.5,852525.0,1460,2025-10-03 21:59:59
2025-10-03 22:00:00,583.7,583.9,584.0,583.2,4337472.799999999,7434,2025-10-03 22:09:59
2025-10-03 22:10:00,583.9,583.4,583.9,582.1,6392228.7,10968,2025-10-03 22:19:59
2025-10-03 22:20:00,583.3,583.8,583.8,582.7,1784367.3999999997,3061,2025-10-03 22:29:59
2025-10-03 22:30:00,583.8,583.3,583.8,582.9,531372.8,911,2025-10-03 22:39:59
2025-10-03 22:40:00,583.3,583.5,583.6,582.9,685374.7999999999,1175,2025-10-03 22:49:59
2025-10-03 22:50:00,583.3,583.1,583.7,583.1,1083822.4000000001,1858,2025-10-03 22:59:59
2025-10-03 23:00:00,583.5,583.8,584.0,583.4,2673400.3,4579,2025-10-03 23:09:59
2025-10-03 23:10:00,583.8,583.3,583.8,583.3,950102.8999999997,1628,2025-10-03 23:19:59
2025-10-03 23:20:00,583.5,582.6,583.5,582.0,3003656.0999999996,5156,2025-10-03 23:29:59
2025-10-03 23:30:00,582.4,582.0,582.7,582.0,1815826.9000000001,3119,2025-10-03 23:39:59
2025-10-03 23:40:00,582.0,581.8,582.5,581.8,1319574.9,2267,2025-10-03 23:49:59
2025-10-04 09:50:00,581.8,581.8,581.8,581.8,145449.9999999999,250,2025-10-04 09:59:59
2025-10-04 10:00:00,582.0,581.6,583.8,581.6,4721340.699999998,8098,2025-10-04 10:09:59
2025-10-04 10:10:00,581.6,581.0,581.6,581.0,2070439.2999999998,3563,2025-10-04 10:19:59
2025-10-04 10:20:00,581.0,581.0,581.2,581.0,964516.3,1660,2025-10-04 10:29:59
2025-10-04 10:30:00,581.1,579.0,581.1,578.2,9179289.700000001,15827,2025-10-04 10:39:59
2025-10-04 10:40:00,579.0,573.7,579.0,573.2,25855627.100000016,44921,2025-10-04 10:49:59
2025-10-04 10:50:00,573.9,575.4,576.0,573.9,8074118.499999999,14045,2025-10-04 10:59:59
2025-10-04 11:00:00,575.5,574.7,575.7,574.5,2526648.5,4395,2025-10-04 11:09:59
2025-10-04 11:10:00,574.7,574.6,575.6,574.4,2558718.900000001,4451,2025-10-04 11:19:59
2025-10-04 11:20:00,574.6,575.8,575.9,573.4,7073909.499999997,12316,2025-10-04 11:29:59
2025-10-04 11:30:00,575.8,575.1,575.8,574.7,869942.3999999999,1513,2025-10-04 11:39:59
2025-10-04 11:40:00,575.1,575.0,575.4,574.8,969665.0,1686,2025-10-04 11:49:59
2025-10-04 11:50:00,575.0,574.6,575.4,574.4,1289366.1,2243,2025-10-04 11:59:59
2025-10-04 12:00:00,574.6,574.3,574.8,573.3,3696474.1,6441,2025-10-04 12:09:59
2025-10-04 12:10:00,574.3,574.2,574.5,573.6,1774455.8,3091,2025-10-04 12:19:59
2025-10-04 12:20:00,574.2,573.0,574.6,572.4,7185780.9,12536,2025-10-04 12:29:59
2025-10-04 12:30:00,573.0,573.2,573.8,572.6,1813622.2999999998,3164,2025-10-04 12:39:59
2025-10-04 12:40:00,573.4,573.6,573.6,573.2,688766.3999999999,1201,2025-10-04 12:49:59
2025-10-04 12:50:00,573.6,573.2,574.0,573.0,3230272.4999999995,5632,2025-10-04 12:59:59
2025-10-04 13:00:00,573.3,572.5,573.3,572.4,3790942.3,6620,2025-10-04 13:09:59
2025-10-04 13:10:00,572.8,573.1,573.3,572.6,1957148.0000000002,3416,2025-10-04 13:19:59
2025-10-04 13:20:00,573.2,573.0,573.3,572.6,1000743.9,1747,2025-10-04 13:29:59
2025-10-04 13:30:00,573.1,571.4,573.1,568.2,24329080.899999987,42607,2025-10-04 13:39:59
2025-10-04 13:40:00,571.4,571.1,571.5,571.1,2199085.9000000004,3849,2025-10-04 13:49:59
2025-10-04 13:50:00,571.1,571.5,571.5,571.1,1867720.7,3269,2025-10-04 13:59:59
2025-10-04 14:00:00,571.5,571.1,571.5,570.3,3577937.3,6265,2025-10-04 14:09:59
2025-10-04 14:10:00,570.8,570.9,571.5,570.5,2870821.6999999997,5027,2025-10-04 14:19:59
2025-10-04 14:20:00,571.0,570.8,571.1,570.0,4336812.7,7600,2025-10-04 14:29:59
2025-10-04 14:30:00,570.5,570.8,570.9,569.7,9841190.899999999,17253,2025-10-04 14:39:59
2025-10-04 14:40:00,570.8,570.3,570.9,569.7,3006693.9999999995,5272,2025-10-04 14:49:59
2025-10-04 14:50:00,570.3,570.8,570.9,569.1,2741052.000000001,4809,2025-10-04 14:59:59
2025-10-04 15:00:00,570.7,571.0,571.0,570.5,2770870.6,4853,2025-10-04 15:09:59
2025-10-04 15:10:00,571.0,571.3,571.4,570.6,2818145.8999999994,4936,2025-10-04 15:19:59
2025-10-04 15:20:00,571.3,571.2,571.5,571.1,2443107.5999999996,4276,2025-10-04 15:29:59
2025-10-04 15:30:00,571.2,571.5,571.5,571.1,6077553.3,10635,2025-10-04 15:39:59
2025-10-04 15:40:00,571.5,571.3,571.5,571.1,1288243.8,2255,2025-10-04 15:49:59
2025-10-04 15:50:00,571.3,571.5,571.5,571.2,977065.6,1710,2025-10-04 15:59:59
2025-10-04 16:00:00,571.4,571.3,571.5,571.3,1694970.2999999998,2966,2025-10-04 16:09:59
2025-10-04 16:10:00,571.3,571.4,571.5,571.3,482844.5999999999,845,2025-10-04 16:19:59
2025-10-04 16:20:00,571.4,571.3,571.5,571.0,1507152.3999999997,2639,2025-10-04 16:29:59
2025-10-04 16:30:00,571.0,570.9,571.4,570.5,2633371.8,4613,2025-10-04 16:39:59
2025-10-04 16:40:00,570.8,571.1,571.1,570.8,1181871.8,2070,2025-10-04 16:49:59
2025-10-04 16:50:00,571.1,571.1,571.4,571.0,968219.6,1695,2025-10-04 16:59:59
2025-10-04 17:00:00,571.3,571.4,571.4,570.7,873617.5999999997,1530,2025-10-04 17:09:59
2025-10-04 17:10:00,571.4,571.0,571.4,571.0,758048.9999999999,1327,2025-10-04 17:19:59
2025-10-04 17:20:00,570.9,571.0,571.3,570.7,874253.8000000002,1531,2025-10-04 17:29:59
2025-10-04 17:30:00,571.0,571.4,571.4,570.9,342099.6,599,2025-10-04 17:39:59
2025-10-04 17:40:00,571.4,571.4,571.5,571.3,1690444.3,2958,2025-10-04 17:49:59
2025-10-04 17:50:00,571.4,571.8,572.1,571.4,858930.6000000001,1502,2025-10-04 17:59:59
2025-10-04 18:00:00,571.8,572.0,572.4,571.8,1230130.4,2150,2025-10-04 18:09:59
2025-10-04 18:10:00,572.0,572.9,572.9,571.9,4035777.7,7054,2025-10-04 18:19:59
2025-10-04 18:20:00,572.9,573.3,573.4,572.8,1360129.5000000007,2373,2025-10-04 18:29:59
2025-10-04 18:30:00,573.4,572.4,573.4,572.3,1759264.0,3072,2025-10-04 18:39:59
2025-10-04 18:40:00,572.7,571.5,572.9,571.0,2034523.7999999998,3557,2025-10-04 18:49:59
2025-10-04 18:50:00,572.2,572.8,572.8,571.0,614333.6,1075,2025-10-04 18:59:59
2025-10-05 09:50:00,572.8,572.8,572.8,572.8,139190.40000000002,243,2025-10-05 09:59:59
2025-10-05 10:00:00,573.0,571.2,573.6,570.1,6424543.1000000015,11242,2025-10-05 10:09:59
2025-10-05 10:10:00,571.2,570.4,571.2,570.0,687199.1000000001,1205,2025-10-05 10:19:59
2025-10-05 10:20:00,570.2,571.1,571.8,570.2,574391.7999999999,1006,2025-10-05 10:29:59
2025-10-05 10:30:00,571.7,572.0,572.0,571.7,359743.7,629,2025-10-05 10:39:59
2025-10-05 10:40:00,572.0,571.7,572.3,571.6,343228.1,600,2025-10-05 10:49:59
2025-10-05 10:50:00,571.7,572.4,572.8,571.6,1117464.9000000001,1953,2025-10-05 10:59:59
2025-10-05 11:00:00,572.4,572.0,572.6,571.5,874822.2,1530,2025-10-05 11:09:59
2025-10-05 11:10:00,572.0,572.3,572.3,571.6,356450.3,623,2025-10-05 11:19:59
2025-10-05 11:20:00,572.3,572.0,572.3,571.9,434746.1,760,2025-10-05 11:29:59
2025-10-05 11:30:00,572.0,571.8,572.0,571.8,1259987.6,2203,2025-10-05 11:39:59
2025-10-05 11:40:00,571.8,572.3,572.3,571.8,662524.2000000002,1158,2025-10-05 11:49:59
2025-10-05 11:50:00,572.1,572.3,572.3,572.0,747991.3,1307,2025-10-05 11:59:59
2025-10-05 12:00:00,572.3,572.2,572.3,572.0,358127.0,626,2025-10-05 12:09:59
2025-10-05 12:10:00,572.2,572.4,572.4,572.0,187132.89999999997,327,2025-10-05 12:19:59
2025-10-05 12:20:00,572.3,573.1,573.4,572.3,2099590.0,3664,2025-10-05 12:29:59
2025-10-05 12:30:00,573.1,573.0,573.1,572.9,87093.20000000001,152,2025-10-05 12:39:59
2025-10-05 12:40:00,573.0,572.9,573.0,572.6,316151.80000000005,552,2025-10-05 12:49:59
2025-10-05 12:50:00,572.9,573.0,573.0,572.9,266443.3,465,2025-10-05 12:59:59
2025-10-05 13:00:00,573.0,572.6,573.0,572.4,4240600.399999999,7407,2025-10-05 13:09:59
2025-10-05 13:10:00,572.6,572.6,572.6,572.4,778635.0000000001,1360,2025-10-05 13:19:59
2025-10-05 13:20:00,572.6,572.5,572.6,572.4,687002.9999999999,1200,2025-10-05 13:29:59
2025-10-05 13:30:00,572.5,573.4,573.4,572.4,1718278.2000000016,2999,2025-10-05 13:39:59
2025-10-05 13:40:00,573.4,573.8,573.8,573.1,134206.7,234,2025-10-05 13:49:59
2025-10-05 13:50:00,573.7,573.8,573.8,573.4,144008.19999999998,251,2025-10-05 13:59:59
2025-10-05 14:00:00,573.8,573.8,574.0,573.7,288036.39999999997,502,2025-10-05 14:09:59
2025-10-05 14:10:00,573.8,573.9,573.9,573.5,320211.1,558,2025-10-05 14:19:59
2025-10-05 14:20:00,573.8,573.9,574.0,573.4,619047.2000000001,1079,2025-10-05 14:29:59
2025-10-05 14:30:00,573.9,573.9,574.0,573.8,712273.6999999998,1241,2025-10-05 14:39:59
2025-10-05 14:40:00,573.8,573.9,573.9,573.8,259957.50000000003,453,2025-10-05 14:49:59
2025-10-05 14:50:00,573.9,573.8,573.9,573.6,153792.2,268,2025-10-05 14:59:59
2025-10-05 15:00:00,573.8,573.8,573.8,573.6,169263.1,295,2025-10-05 15:09:59
2025-10-05 15:10:00,573.8,573.3,573.8,573.2,341783.1999999999,596,2025-10-05 15:19:59
2025-10-05 15:20:00,573.3,573.6,573.7,573.3,227163.3,396,2025-10-05 15:29:59
2025-10-05 15:30:00,573.6,573.7,573.7,573.5,80306.70000000001,140,2025-10-05 15:39:59
2025-10-05 15:40:00,573.7,573.7,573.8,573.1,1237740.8000000003,2159,2025-10-05 15:49:59
2025-10-05 15:50:00,573.7,573.7,573.7,573.6,523184.9,912,2025-10-05 15:59:59
2025-10-05 16:00:00,573.7,573.7,573.8,573.6,640275.0,1116,2025-10-05 16:09:59
2025-10-05 16:10:00,573.8,574.0,574.0,573.7,415996.99999999953,725,2025-10-05 16:19:59
2025-10-05 16:20:00,574.0,574.4,574.6,574.0,1232075.8999999994,2146,2025-10-05 16:29:59
2025-10-05 16:30:00,574.4,574.7,574.7,574.2,2445363.9000000004,4256,2025-10-05 16:39:59
2025-10-05 16:40:00,574.7,575.0,575.0,574.5,622024.2000000001,1082,2025-10-05 16:49:59
2025-10-05 16:50:00,575.0,575.0,575.0,574.8,767608.7,1335,2025-10-05 16:59:59
2025-10-05 17:00:00,575.0,575.0,575.0,574.8,901521.6,1568,2025-10-05 17:09:59
2025-10-05 17:10:00,575.0,575.4,575.9,574.9,2135777.8000000003,3712,2025-10-05 17:19:59
2025-10-05 17:20:00,575.6,575.4,575.8,575.0,1867142.4999999998,3245,2025-10-05 17:29:59
2025-10-05 17:30:00,575.3,575.0,575.3,574.9,916838.8999999999,1594,2025-10-05 17:39:59
2025-10-05 17:40:00,575.0,574.8,575.0,574.6,1160940.6999999997,2020,2025-10-05 17:49:59
2025-10-05 17:50:00,574.8,575.3,575.5,574.7,1883188.9000000006,3275,2025-10-05 17:59:59
2025-10-05 18:00:00,575.3,575.7,575.7,575.2,992013.6000000001,1724,2025-10-05 18:09:59
2025-10-05 18:10:00,575.7,576.4,577.1,575.6,2528043.399999999,4387,2025-10-05 18:19:59
2025-10-05 18:20:00,576.8,577.0,577.1,576.8,924809.0,1603,2025-10-05 18:29:59
2025-10-05 18:30:00,577.0,577.8,577.9,576.9,2732709.3,4734,2025-10-05 18:39:59
2025-10-05 18:40:00,577.9,577.8,578.4,577.5,1395588.9,2415,2025-10-05 18:49:59
2025-10-05 18:50:00,577.8,578.4,578.4,577.4,2312905.7,4001,2025-10-05 18:59:59
2025-10-06 06:50:00,581.7,581.7,581.7,581.7,1741028.1,2993,2025-10-06 06:59:59
2025-10-06 07:00:00,581.7,579.4,581.7,577.8,9630894.4,16618,2025-10-06 07:09:59
2025-10-06 07:10:00,579.3,580.3,580.3,579.3,2250269.8999999994,3883,2025-10-06 07:19:59
2025-10-06 07:20:00,580.3,580.6,580.9,580.1,1104484.5999999999,1902,2025-10-06 07:29:59
2025-10-06 07:30:00,580.8,579.6,581.0,579.0,17451820.9,30104,2025-10-06 07:39:59
2025-10-06 07:40:00,579.5,579.8,579.8,579.4,1244920.2,2148,2025-10-06 07:49:59
2025-10-06 07:50:00,579.7,580.4,580.4,579.7,342915.9,591,2025-10-06 07:59:59
2025-10-06 08:00:00,580.4,580.6,581.0,579.8,1758595.9,3029,2025-10-06 08:09:59
2025-10-06 08:10:00,581.0,580.6,581.2,580.4,1351784.0999999999,2327,2025-10-06 08:19:59
2025-10-06 08:20:00,580.7,581.0,581.1,580.7,1461174.9,2515,2025-10-06 08:29:59
2025-10-06 08:30:00,581.0,580.7,581.0,580.7,210285.60000000003,362,2025-10-06 08:39:59
2025-10-06 08:40:00,580.9,579.9,580.9,579.7,3015503.4000000004,5198,2025-10-06 08:49:59
2025-10-06 08:50:00,579.9,580.6,580.7,579.8,786366.5,1355,2025-10-06 08:59:59
2025-10-06 09:00:00,580.7,578.1,580.7,578.0,7555480.400000001,13051,2025-10-06 09:09:59
2025-10-06 09:10:00,578.1,578.2,578.4,577.9,3112517.7,5384,2025-10-06 09:19:59
2025-10-06 09:20:00,578.2,578.2,578.4,577.9,1584355.2,2740,2025-10-06 09:29:59
2025-10-06 09:30:00,578.2,578.2,578.4,578.0,617572.5999999999,1068,2025-10-06 09:39:59
2025-10-06 09:40:00,578.2,578.7,578.7,578.0,1396915.5,2416,2025-10-06 09:49:59
2025-10-06 09:50:00,578.5,578.7,578.8,578.1,2596737.2,4489,2025-10-06 09:59:59
2025-10-06 10:00:00,578.6,578.9,579.4,575.3,29552361.900000002,51217,2025-10-06 10:09:59
2025-10-06 10:10:00,578.7,578.0,579.9,577.8,28947133.1,50051,2025-10-06 10:19:59
2025-10-06 10:20:00,578.0,577.2,578.0,575.7,46412107.89999999,80355,2025-10-06 10:29:59
2025-10-06 10:30:00,577.2,578.9,579.1,576.7,31511968.500000004,54512,2025-10-06 10:39:59
2025-10-06 10:40:00,578.8,575.9,578.9,575.6,26233236.599999983,45469,2025-10-06 10:49:59
2025-10-06 10:50:00,576.0,577.6,578.3,575.9,6896337.800000001,11945,2025-10-06 10:59:59
2025-10-06 11:00:00,577.5,578.1,578.7,577.5,9987131.3,17273,2025-10-06 11:09:59
2025-10-06 11:10:00,578.1,577.1,578.1,576.8,7061911.899999999,12231,2025-10-06 11:19:59
2025-10-06 11:20:00,577.1,578.5,578.6,577.0,5396273.1,9333,2025-10-06 11:29:59
2025-10-06 11:30:00,578.5,578.9,579.1,578.3,8100673.8,13996,2025-10-06 11:39:59
2025-10-06 11:40:00,579.0,578.8,580.0,578.2,13341605.799999999,23044,2025-10-06 11:49:59
2025-10-06 11:50:00,578.9,579.3,579.5,578.3,14173799.2,24485,2025-10-06 11:59:59
2025-10-06 12:00:00,579.4,579.9,581.4,579.0,32596285.499999996,56190,2025-10-06 12:09:59
2025-10-06 12:10:00,579.9,578.9,579.9,578.5,13494370.200000003,23310,2025-10-06 12:19:59
2025-10-06 12:20:00,578.9,579.6,579.6,578.3,15239712.299999997,26333,2025-10-06 12:29:59
2025-10-06 12:30:00,579.6,578.7,579.7,578.1,23052131.900000002,39832,2025-10-06 12:39:59
2025-10-06 12:40:00,578.7,577.3,578.7,576.0,52358886.00000001,90641,2025-10-06 12:49:59
2025-10-06 12:50:00,577.5,579.2,579.6,577.1,33753943.0,58347,2025-10-06 12:59:59
2025-10-06 13:00:00,579.4,579.4,579.7,577.8,18110852.0,31290,2025-10-06 13:09:59
2025-10-06 13:10:00,579.4,579.8,580.8,578.4,27692682.7,47771,2025-10-06 13:19:59
2025-10-06 13:20:00,579.6,577.6,579.9,577.4,25859258.8,44678,2025-10-06 13:29:59
2025-10-06 13:30:00,577.4,577.7,579.2,577.2,14724144.4,25467,2025-10-06 13:39:59
2025-10-06 13:40:00,577.7,576.6,578.3,576.0,20613215.8,35742,2025-10-06 13:49:59
2025-10-06 13:50:00,576.6,576.3,576.8,575.4,18733140.0,32509,2025-10-06 13:59:59
2025-10-06 14:00:00,576.2,575.7,576.9,574.9,15644452.7,27174,2025-10-06 14:09:59
2025-10-06 14:10:00,575.8,573.0,576.4,573.0,21989826.0,38262,2025-10-06 14:19:59
2025-10-06 14:20:00,573.0,572.2,573.8,571.3,29679148.900000002,51861,2025-10-06 14:29:59
2025-10-06 14:30:00,572.3,572.6,572.9,571.8,16360072.2,28587,2025-10-06 14:39:59
2025-10-06 14:40:00,572.6,573.0,574.0,572.2,15968320.399999999,27865,2025-10-06 14:49:59
2025-10-06 14:50:00,573.0,572.8,573.3,571.8,18574213.8,32443,2025-10-06 14:59:59
2025-10-06 15:00:00,572.9,572.5,573.6,571.9,13082109.700000001,22837,2025-10-06 15:09:59
2025-10-06 15:10:00,572.5,573.0,573.2,572.3,21318538.499999993,37231,2025-10-06 15:19:59
2025-10-06 15:20:00,573.0,571.5,573.7,571.5,22088795.7,38568,2025-10-06 15:29:59
2025-10-06 15:30:00,571.6,573.6,573.6,569.7,42832712.7,74952,2025-10-06 15:39:59
2025-10-06 15:40:00,573.2,575.4,576.0,572.8,32341830.29999998,56359,2025-10-06 15:49:59
2025-10-06 15:50:00,575.3,574.7,575.3,573.7,14433016.100000001,25119,2025-10-06 15:59:59
2025-10-06 16:00:00,574.5,575.7,576.2,574.5,16558303.1,28768,2025-10-06 16:09:59
2025-10-06 16:10:00,575.7,577.6,578.3,575.6,22296862.2,38650,2025-10-06 16:19:59
2025-10-06 16:20:00,577.6,576.6,577.6,576.1,16105923.600000001,27919,2025-10-06 16:29:59
2025-10-06 16:30:00,576.7,578.1,579.1,576.7,19998131.200000003,34578,2025-10-06 16:39:59
2025-10-06 16:40:00,578.1,581.2,583.0,578.1,83252006.80000001,143262,2025-10-06 16:49:59
2025-10-06 16:50:00,581.4,586.7,588.3,581.0,143223270.29999998,244841,2025-10-06 16:59:59
2025-10-06 17:00:00,586.8,585.6,588.5,585.5,142594457.5,243018,2025-10-06 17:09:59
2025-10-06 17:10:00,585.7,585.0,587.3,585.0,52675125.999999985,89894,2025-10-06 17:19:59
2025-10-06 17:20:00,584.9,586.6,586.6,583.4,43208531.5,73918,2025-10-06 17:29:59
2025-10-06 17:30:00,586.6,586.1,586.8,584.8,14467967.3,24692,2025-10-06 17:39:59
2025-10-06 17:40:00,586.2,584.9,586.7,584.5,31856562.599999998,54415,2025-10-06 17:49:59
2025-10-06 17:50:00,584.8,584.9,585.6,584.1,20275387.0,34665,2025-10-06 17:59:59
2025-10-06 18:00:00,585.1,585.7,586.5,584.7,8892018.7,15183,2025-10-06 18:09:59
2025-10-06 18:10:00,586.1,587.2,588.3,585.8,47353266.0,80620,2025-10-06 18:19:59
2025-10-06 18:20:00,587.0,586.5,587.5,585.0,21297866.700000003,36341,2025-10-06 18:29:59
2025-10-06 18:30:00,586.2,588.5,590.0,585.8,46853883.300000004,79623,2025-10-06 18:39:59
2025-10-06 18:40:00,589.2,589.2,589.2,589.2,691131.5999999999,1173,2025-10-06 18:49:59
2025-10-06 19:00:00,589.0,586.9,589.3,586.3,11685958.8,19894,2025-10-06 19:09:59
2025-10-06 19:10:00,586.9,587.1,587.8,586.4,3502919.3999999994,5967,2025-10-06 19:19:59
2025-10-06 19:20:00,587.3,585.1,587.5,584.9,20529375.299999997,35031,2025-10-06 19:29:59
2025-10-06 19:30:00,585.5,585.2,585.5,585.0,3158687.8000000003,5398,2025-10-06 19:39:59
2025-10-06 19:40:00,585.2,588.4,588.8,585.1,20018902.0,34131,2025-10-06 19:49:59
2025-10-06 19:50:00,588.5,588.8,589.8,588.3,5249262.600000001,8910,2025-10-06 19:59:59
2025-10-06 20:00:00,589.0,590.0,590.5,589.0,15447302.599999998,26186,2025-10-06 20:09:59
2025-10-06 20:10:00,590.2,590.5,590.7,590.0,3969466.7999999993,6723,2025-10-06 20:19:59
2025-10-06 20:20:00,590.3,591.1,591.3,590.2,9472408.299999997,16029,2025-10-06 20:29:59
2025-10-06 20:30:00,591.1,591.1,591.2,590.5,5179353.399999999,8766,2025-10-06 20:39:59
2025-10-06 20:40:00,591.1,590.0,591.3,589.8,4199286.4,7112,2025-10-06 20:49:59
2025-10-06 20:50:00,589.8,590.0,590.1,589.6,1336836.8,2266,2025-10-06 20:59:59
2025-10-06 21:00:00,590.0,589.8,590.0,589.3,2040765.5000000002,3461,2025-10-06 21:09:59
2025-10-06 21:10:00,589.7,590.1,590.1,589.6,1710980.1,2900,2025-10-06 21:19:59
2025-10-06 21:20:00,590.0,589.5,590.2,589.4,2199474.0999999996,3729,2025-10-06 21:29:59
2025-10-06 21:30:00,589.4,589.6,589.6,588.9,1186478.0,2014,2025-10-06 21:39:59
2025-10-06 21:40:00,589.5,589.7,589.9,589.5,880305.7999999999,1493,2025-10-06 21:49:59
2025-10-06 21:50:00,589.7,590.0,590.2,589.7,453130.0,768,2025-10-06 21:59:59
2025-10-06 22:00:00,590.0,591.3,591.3,589.8,3428955.3999999994,5805,2025-10-06 22:09:59
2025-10-06 22:10:00,591.3,591.0,591.4,590.7,615278.2,1041,2025-10-06 22:19:59
2025-10-06 22:20:00,591.0,591.4,591.4,590.7,1156533.9000000001,1957,2025-10-06 22:29:59
2025-10-06 22:30:00,591.4,591.7,591.8,591.2,1872028.4000000001,3164,2025-10-06 22:39:59
2025-10-06 22:40:00,591.7,591.6,591.9,591.4,1042106.6,1761,2025-10-06 22:49:59
2025-10-06 22:50:00,591.6,592.2,592.4,591.6,2773967.0999999996,4685,2025-10-06 22:59:59
2025-10-06 23:00:00,592.4,592.3,592.6,592.2,1196140.9999999998,2019,2025-10-06 23:09:59
2025-10-06 23:10:00,592.6,592.3,592.6,592.3,911739.3,1539,2025-10-06 23:19:59
2025-10-06 23:20:00,592.5,592.3,592.6,592.2,950090.9,1604,2025-10-06 23:29:59
2025-10-06 23:30:00,592.2,592.8,592.8,592.0,1784615.0,3013,2025-10-06 23:39:59
2025-10-06 23:40:00,592.7,591.9,593.2,590.8,7962998.9,13457,2025-10-06 23:49:59
2025-10-07 06:50:00,592.9,592.9,592.9,592.9,94864.0,160,2025-10-07 06:59:59
2025-10-07 07:00:00,592.9,591.5,592.9,588.7,4036680.7,6847,2025-10-07 07:09:59
2025-10-07 07:10:00,591.5,593.1,593.5,591.5,2200595.1999999997,3712,2025-10-07 07:19:59
2025-10-07 07:20:00,593.1,591.0,593.1,590.9,5623566.899999999,9505,2025-10-07 07:29:59
2025-10-07 07:30:00,590.9,591.2,591.6,590.7,543231.5,919,2025-10-07 07:39:59
2025-10-07 07:40:00,591.1,590.6,591.1,590.6,112851.7,191,2025-10-07 07:49:59
2025-10-07 07:50:00,591.0,589.8,591.0,589.5,3862099.900000001,6545,2025-10-07 07:59:59
2025-10-07 08:00:00,589.9,588.9,590.0,588.6,2548881.5000000005,4327,2025-10-07 08:09:59
2025-10-07 08:10:00,588.9,591.8,591.9,588.9,4097665.8999999994,6945,2025-10-07 08:19:59
2025-10-07 08:20:00,591.9,594.6,594.6,591.9,4030406.7,6792,2025-10-07 08:29:59
2025-10-07 08:30:00,594.7,592.1,594.7,591.6,7697215.199999998,12975,2025-10-07 08:39:59
2025-10-07 08:40:00,592.1,593.3,593.3,592.1,737976.1,1245,2025-10-07 08:49:59
2025-10-07 08:50:00,593.1,593.6,593.6,593.0,2975636.2,5015,2025-10-07 08:59:59
2025-10-07 09:00:00,593.6,587.9,593.6,587.7,12256515.8,20772,2025-10-07 09:09:59
2025-10-07 09:10:00,587.8,589.1,589.2,587.6,8340260.8,14168,2025-10-07 09:19:59
2025-10-07 09:20:00,589.1,588.0,589.2,587.9,6865991.400000001,11671,2025-10-07 09:29:59
2025-10-07 09:30:00,588.0,587.2,588.1,586.2,10549719.600000005,17976,2025-10-07 09:39:59
2025-10-07 09:40:00,587.4,587.8,587.8,586.6,2366713.0000000005,4031,2025-10-07 09:49:59
2025-10-07 09:50:00,587.8,587.7,588.4,587.1,3719974.4,6329,2025-10-07 09:59:59
2025-10-07 10:00:00,587.5,586.7,589.9,586.1,12393470.799999999,21092,2025-10-07 10:09:59
2025-10-07 10:10:00,586.7,587.2,587.3,585.6,10331424.999999998,17615,2025-10-07 10:19:59
2025-10-07 10:20:00,587.0,589.1,589.2,585.4,17019624.9,28978,2025-10-07 10:29:59
2025-10-07 10:30:00,589.2,590.8,591.6,587.2,14362396.599999998,24364,2025-10-07 10:39:59
2025-10-07 10:40:00,590.9,590.8,591.5,589.7,7969156.9,13491,2025-10-07 10:49:59
2025-10-07 10:50:00,590.9,590.4,591.9,589.9,9518376.1,16114,2025-10-07 10:59:59
2025-10-07 11:00:00,590.4,589.3,591.1,588.9,27547237.299999997,46681,2025-10-07 11:09:59
2025-10-07 11:10:00,589.4,589.1,590.0,586.7,21143045.69999999,35943,2025-10-07 11:19:59
2025-10-07 11:20:00,588.9,590.3,590.3,587.9,21887550.100000005,37144,2025-10-07 11:29:59
2025-10-07 11:30:00,590.3,590.6,590.7,588.8,20072562.5,34033,2025-10-07 11:39:59
2025-10-07 11:40:00,590.6,590.4,590.7,590.0,66856155.60000002,113299,2025-10-07 11:49:59
2025-10-07 11:50:00,590.2,590.2,590.9,590.0,16438433.7,27850,2025-10-07 11:59:59
2025-10-07 12:00:00,590.1,590.7,591.2,590.0,12428103.3,21044,2025-10-07 12:09:59
2025-10-07 12:10:00,590.8,592.4,593.9,590.3,67406932.3,113728,2025-10-07 12:19:59
2025-10-07 12:20:00,592.5,591.2,592.6,590.4,22867799.7,38676,2025-10-07 12:29:59
2025-10-07 12:30:00,591.3,590.8,591.5,590.3,8337533.599999998,14114,2025-10-07 12:39:59
2025-10-07 12:40:00,590.8,591.1,591.9,590.4,12348846.3,20893,2025-10-07 12:49:59
2025-10-07 12:50:00,591.1,591.9,592.5,591.0,18222996.2,30793,2025-10-07 12:59:59
2025-10-07 13:00:00,592.0,591.4,594.1,589.3,82577818.39999998,139313,2025-10-07 13:09:59
2025-10-07 13:10:00,591.6,593.3,594.0,591.3,42065325.8,70924,2025-10-07 13:19:59
2025-10-07 13:20:00,593.4,594.9,595.5,593.3,20838395.199999996,35053,2025-10-07 13:29:59
2025-10-07 13:30:00,595.0,594.9,595.0,593.5,8212296.8,13824,2025-10-07 13:39:59
2025-10-07 13:40:00,595.0,595.5,595.7,594.3,10638611.9,17876,2025-10-07 13:49:59
2025-10-07 13:50:00,595.5,595.4,595.7,594.9,9166924.200000001,15399,2025-10-07 13:59:59
2025-10-07 14:00:00,595.4,593.1,595.6,592.6,18624586.700000003,31354,2025-10-07 14:09:59
2025-10-07 14:10:00,593.1,592.7,593.8,592.3,12825846.5,21635,2025-10-07 14:19:59
2025-10-07 14:20:00,592.7,593.9,593.9,592.2,12990387.5,21905,2025-10-07 14:29:59
2025-10-07 14:30:00,593.9,595.5,595.7,593.9,20494852.6,34452,2025-10-07 14:39:59
2025-10-07 14:40:00,595.5,593.8,595.5,593.3,15015191.400000006,25259,2025-10-07 14:49:59
2025-10-07 14:50:00,593.8,592.9,594.2,592.3,15115626.599999998,25491,2025-10-07 14:59:59
2025-10-07 15:00:00,592.9,591.0,593.0,590.7,16065061.099999998,27147,2025-10-07 15:09:59
2025-10-07 15:10:00,590.9,592.2,592.4,590.8,9952199.200000001,16821,2025-10-07 15:19:59
2025-10-07 15:20:00,592.1,591.5,592.3,589.4,22616408.900000006,38299,2025-10-07 15:29:59
2025-10-07 15:30:00,591.5,593.5,593.9,591.2,15948560.4,26901,2025-10-07 15:39:59
2025-10-07 15:40:00,593.5,594.5,594.6,593.2,10921167.900000002,18389,2025-10-07 15:49:59
2025-10-07 15:50:00,594.5,594.7,595.5,593.7,12911807.799999999,21717,2025-10-07 15:59:59
2025-10-07 16:00:00,594.7,594.8,595.0,593.8,6309888.2,10615,2025-10-07 16:09:59
2025-10-07 16:10:00,594.7,593.2,595.3,593.0,11209898.5,18870,2025-10-07 16:19:59
2025-10-07 16:20:00,593.4,592.4,594.0,592.3,17215147.200000003,29018,2025-10-07 16:29:59
2025-10-07 16:30:00,592.4,593.2,593.6,592.4,10052204.200000001,16954,2025-10-07 16:39:59
2025-10-07 16:40:00,593.0,593.6,593.7,592.0,10895420.200000001,18382,2025-10-07 16:49:59
2025-10-07 16:50:00,593.7,594.7,595.0,593.7,14493318.600000001,24380,2025-10-07 16:59:59
2025-10-07 17:00:00,594.7,592.9,594.7,592.1,9339949.1,15750,2025-10-07 17:09:59
2025-10-07 17:10:00,593.0,592.6,593.0,591.8,5697134.7,9620,2025-10-07 17:19:59
2025-10-07 17:20:00,592.6,592.3,593.0,591.8,8000250.399999999,13504,2025-10-07 17:29:59
2025-10-07 17:30:00,592.4,593.4,593.8,592.4,6265576.600000001,10562,2025-10-07 17:39:59
2025-10-07 17:40:00,593.4,594.5,594.5,592.7,12117984.5,20416,2025-10-07 17:49:59
2025-10-07 17:50:00,594.5,594.2,594.7,593.4,11228652.099999998,18904,2025-10-07 17:59:59
2025-10-07 18:00:00,593.9,593.7,594.6,593.1,10895196.0,18344,2025-10-07 18:09:59
2025-10-07 18:10:00,593.7,595.5,595.5,593.4,15189661.399999999,25538,2025-10-07 18:19:59
2025-10-07 18:20:00,595.5,596.1,596.6,595.2,20975885.1,35198,2025-10-07 18:29:59
2025-10-07 18:30:00,596.1,595.5,597.1,595.5,19347565.8,32432,2025-10-07 18:39:59
2025-10-07 18:40:00,597.9,597.9,597.9,597.9,27991286.399999987,46816,2025-10-07 18:49:59
2025-10-07 19:00:00,596.9,597.3,597.7,596.9,11955188.2,20015,2025-10-07 19:09:59
2025-10-07 19:10:00,597.2,598.0,598.1,597.1,5130799.9,8588,2025-10-07 19:19:59
2025-10-07 19:20:00,598.0,597.5,598.2,597.5,3550342.1999999997,5938,2025-10-07 19:29:59
2025-10-07 19:30:00,597.6,598.0,598.0,596.6,6729327.1,11267,2025-10-07 19:39:59
2025-10-07 19:40:00,598.0,596.9,598.0,596.8,8536161.2,14294,2025-10-07 19:49:59
2025-10-07 19:50:00,596.9,596.9,597.2,596.6,2654498.6999999997,4447,2025-10-07 19:59:59
2025-10-07 20:00:00,596.9,597.7,598.0,596.9,1179466.6,1974,2025-10-07 20:09:59
2025-10-07 20:10:00,597.7,597.7,597.8,597.3,1238931.8,2073,2025-10-07 20:19:59
2025-10-07 20:20:00,597.7,597.8,597.8,597.4,1143984.0,1914,2025-10-07 20:29:59
2025-10-07 20:30:00,597.8,598.3,598.7,597.7,5910361.3,9876,2025-10-07 20:39:59
2025-10-07 20:40:00,597.9,598.2,598.3,597.8,831307.0999999999,1390,2025-10-07 20:49:59
2025-10-07 20:50:00,598.2,598.2,598.3,598.0,435423.0,728,2025-10-07 20:59:59
2025-10-07 21:00:00,598.2,598.1,598.2,597.7,749922.3999999999,1254,2025-10-07 21:09:59
2025-10-07 21:10:00,597.8,597.5,598.1,597.4,926494.2,1550,2025-10-07 21:19:59
2025-10-07 21:20:00,597.4,596.9,597.6,596.4,4461301.8,7475,2025-10-07 21:29:59
2025-10-07 21:30:00,597.0,597.0,597.0,596.6,1113618.6,1866,2025-10-07 21:39:59
2025-10-07 21:40:00,597.0,597.0,597.5,596.9,850467.2999999999,1424,2025-10-07 21:49:59
2025-10-07 21:50:00,597.1,597.3,597.5,596.9,460954.50000000006,772,2025-10-07 21:59:59
2025-10-07 22:00:00,597.3,596.9,597.3,596.7,1458709.7,2444,2025-10-07 22:09:59
2025-10-07 22:10:00,596.8,597.3,597.3,596.8,1082101.4999999998,1812,2025-10-07 22:19:59
2025-10-07 22:20:00,597.3,596.6,597.3,596.6,778386.6000000001,1304,2025-10-07 22:29:59
2025-10-07 22:30:00,596.8,596.7,597.0,596.5,1425191.7000000002,2389,2025-10-07 22:39:59
2025-10-07 22:40:00,597.0,597.4,597.4,597.0,391768.60000000003,656,2025-10-07 22:49:59
2025-10-07 22:50:00,597.4,597.9,597.9,597.1,3021578.999999996,5055,2025-10-07 22:59:59
2025-10-07 23:00:00,597.9,597.7,598.4,597.4,3822490.6,6394,2025-10-07 23:09:59
2025-10-07 23:10:00,597.7,598.3,598.3,597.4,1010416.8,1690,2025-10-07 23:19:59
2025-10-07 23:20:00,598.1,597.7,598.3,597.7,2485832.8,4157,2025-10-07 23:29:59
2025-10-07 23:30:00,598.0,597.9,598.3,597.7,2131233.6999999997,3564,2025-10-07 23:39:59
2025-10-07 23:40:00,597.7,598.0,598.0,597.6,1171185.6,1959,2025-10-07 23:49:59
2025-10-08 06:50:00,598.0,598.0,598.0,598.0,161460.0,270,2025-10-08 06:59:59
2025-10-08 07:00:00,597.5,602.3,602.7,596.6,9396432.399999999,15635,2025-10-08 07:09:59
2025-10-08 07:10:00,602.3,599.9,602.5,598.7,13330583.900000002,22206,2025-10-08 07:19:59
2025-10-08 07:20:00,600.0,599.6,600.2,599.2,1394766.0,2326,2025-10-08 07:29:59
2025-10-08 07:30:00,599.2,599.4,599.5,599.1,356600.9,595,2025-10-08 07:39:59
2025-10-08 07:40:00,599.1,599.6,599.6,599.0,1117271.7,1864,2025-10-08 07:49:59
2025-10-08 07:50:00,599.6,599.8,599.8,599.5,448034.1000000001,747,2025-10-08 07:59:59
2025-10-08 08:00:00,599.8,600.0,600.0,599.6,1037788.0,1730,2025-10-08 08:09:59
2025-10-08 08:10:00,600.0,600.0,600.0,599.8,708532.9999999999,1181,2025-10-08 08:19:59
2025-10-08 08:20:00,600.0,600.1,600.1,599.9,788397.0000000001,1314,2025-10-08 08:29:59
2025-10-08 08:30:00,600.1,600.4,600.6,600.0,1844156.0000000005,3072,2025-10-08 08:39:59
2025-10-08 08:40:00,600.5,600.4,600.5,600.0,538997.7,898,2025-10-08 08:49:59
2025-10-08 08:50:00,600.4,600.3,600.4,600.0,162628.69999999998,271,2025-10-08 08:59:59
2025-10-08 09:00:00,600.1,599.4,600.1,598.1,11776948.8,19667,2025-10-08 09:09:59
2025-10-08 09:10:00,599.2,598.5,599.2,598.4,2246703.8,3753,2025-10-08 09:19:59
2025-10-08 09:20:00,598.5,598.5,598.9,598.4,1038791.3999999999,1735,2025-10-08 09:29:59
2025-10-08 09:30:00,598.5,598.7,598.7,598.5,335235.49999999994,560,2025-10-08 09:39:59
2025-10-08 09:40:00,598.7,599.1,599.5,598.6,2104945.3,3515,2025-10-08 09:49:59
2025-10-08 09:50:00,599.1,599.5,599.9,599.0,799705.9,1334,2025-10-08 09:59:59
2025-10-08 10:00:00,599.6,600.5,601.7,599.5,8350009.699999999,13900,2025-10-08 10:09:59
2025-10-08 10:10:00,600.4,597.2,600.4,597.1,22852584.5,38194,2025-10-08 10:19:59
2025-10-08 10:20:00,597.2,596.6,597.2,596.1,9249905.099999998,15503,2025-10-08 10:29:59
2025-10-08 10:30:00,596.6,594.7,596.6,594.3,18692074.300000004,31399,2025-10-08 10:39:59
2025-10-08 10:40:00,594.2,594.7,594.9,593.8,5556361.3,9351,2025-10-08 10:49:59
2025-10-08 10:50:00,594.7,593.8,594.8,592.2,8725245.700000001,14702,2025-10-08 10:59:59
2025-10-08 11:00:00,593.6,593.9,594.2,593.4,5086802.699999999,8567,2025-10-08 11:09:59
2025-10-08 11:10:00,593.8,596.0,596.5,593.1,15361391.200000003,25830,2025-10-08 11:19:59
2025-10-08 11:20:00,596.0,595.0,596.2,594.6,8505487.600000001,14291,2025-10-08 11:29:59
2025-10-08 11:30:00,595.0,596.8,597.0,594.8,11170951.800000003,18738,2025-10-08 11:39:59
2025-10-08 11:40:00,596.8,596.2,597.3,596.0,8253988.899999999,13831,2025-10-08 11:49:59
2025-10-08 11:50:00,596.2,594.7,596.3,594.5,5826892.8,9788,2025-10-08 11:59:59
2025-10-08 12:00:00,594.6,590.1,594.8,590.0,42674734.60000001,72134,2025-10-08 12:09:59
2025-10-08 12:10:00,590.0,590.5,591.0,589.8,26483497.7,44864,2025-10-08 12:19:59
2025-10-08 12:20:00,590.4,589.0,590.5,588.7,17515129.799999997,29691,2025-10-08 12:29:59
2025-10-08 12:30:00,589.0,589.1,589.7,588.0,12546139.699999997,21305,2025-10-08 12:39:59
2025-10-08 12:40:00,589.1,589.2,589.7,586.8,31631631.00000001,53790,2025-10-08 12:49:59
2025-10-08 12:50:00,589.3,588.0,589.6,587.6,12863325.8,21852,2025-10-08 12:59:59
2025-10-08 13:00:00,588.0,586.6,588.5,586.3,22594556.900000006,38456,2025-10-08 13:09:59
2025-10-08 13:10:00,586.9,584.8,587.0,584.7,23222789.900000002,39599,2025-10-08 13:19:59
2025-10-08 13:20:00,584.8,584.2,585.4,584.0,11104712.899999997,18990,2025-10-08 13:29:59
2025-10-08 13:30:00,584.3,583.4,585.7,583.0,33643264.199999996,57559,2025-10-08 13:39:59
2025-10-08 13:40:00,583.4,583.7,584.1,582.1,31521583.8,54067,2025-10-08 13:49:59
2025-10-08 13:50:00,583.6,583.1,584.6,583.1,10684521.499999998,18303,2025-10-08 13:59:59
2025-10-08 14:00:00,583.1,579.9,583.2,579.4,38834951.5,66851,2025-10-08 14:09:59
2025-10-08 14:10:00,579.9,581.2,581.9,579.6,71674497.29999997,123502,2025-10-08 14:19:59
2025-10-08 14:20:00,581.4,581.3,582.4,580.6,15430442.199999997,26527,2025-10-08 14:29:59
2025-10-08 14:30:00,581.2,582.4,582.6,580.8,12552708.399999999,21580,2025-10-08 14:39:59
2025-10-08 14:40:00,582.6,581.9,583.2,581.5,8151459.4,13991,2025-10-08 14:49:59
2025-10-08 14:50:00,582.0,581.7,582.8,581.3,7274733.600000004,12502,2025-10-08 14:59:59
2025-10-08 15:00:00,581.7,581.4,581.9,580.6,8719947.200000003,15001,2025-10-08 15:09:59
2025-10-08 15:10:00,581.5,582.5,582.6,581.2,6701081.200000001,11523,2025-10-08 15:19:59
2025-10-08 15:20:00,582.6,582.5,582.6,581.4,3693608.5999999996,6343,2025-10-08 15:29:59
2025-10-08 15:30:00,582.5,579.5,582.6,579.5,10443305.5,17974,2025-10-08 15:39:59
2025-10-08 15:40:00,579.5,578.9,580.1,577.9,12479443.299999997,21549,2025-10-08 15:49:59
2025-10-08 15:50:00,579.1,576.4,579.4,576.1,12098176.000000006,20951,2025-10-08 15:59:59
2025-10-08 16:00:00,576.3,575.6,576.5,575.1,16290005.200000003,28296,2025-10-08 16:09:59
2025-10-08 16:10:00,575.5,576.9,577.2,575.0,13566608.700000001,23572,2025-10-08 16:19:59
2025-10-08 16:20:00,576.8,575.2,576.9,575.1,10567154.900000004,18354,2025-10-08 16:29:59
2025-10-08 16:30:00,575.2,576.4,576.4,575.1,7733221.900000002,13440,2025-10-08 16:39:59
2025-10-08 16:40:00,576.3,575.8,576.9,575.1,18226777.3,31674,2025-10-08 16:49:59
2025-10-08 16:50:00,575.8,572.9,575.8,571.9,65654044.90000001,114307,2025-10-08 16:59:59
2025-10-08 17:00:00,572.9,572.8,573.9,572.1,27393100.8,47840,2025-10-08 17:09:59
2025-10-08 17:10:00,572.8,573.3,574.4,572.1,25873952.599999998,45151,2025-10-08 17:19:59
2025-10-08 17:20:00,573.4,575.9,575.9,572.4,26116941.700000003,45526,2025-10-08 17:29:59
2025-10-08 17:30:00,575.7,575.0,575.7,574.2,9407043.500000002,16367,2025-10-08 17:39:59
2025-10-08 17:40:00,574.9,573.8,575.3,572.3,25447120.599999994,44352,2025-10-08 17:49:59
2025-10-08 17:50:00,574.0,572.0,574.0,572.0,30928118.8,54025,2025-10-08 17:59:59
2025-10-08 18:00:00,572.0,575.5,577.0,572.0,35463802.9,61785,2025-10-08 18:09:59
2025-10-08 18:10:00,575.3,573.2,575.4,572.9,11939386.1,20802,2025-10-08 18:19:59
2025-10-08 18:20:00,573.0,573.6,573.9,572.3,25611930.000000004,44689,2025-10-08 18:29:59
2025-10-08 18:30:00,573.4,578.2,579.0,573.0,29328520.9,50871,2025-10-08 18:39:59
2025-10-08 18:40:00,578.2,578.2,578.2,578.2,1373224.9999999998,2375,2025-10-08 18:49:59
2025-10-08 19:00:00,578.0,575.2,578.5,572.8,21838447.1,37937,2025-10-08 19:09:59
2025-10-08 19:10:00,575.3,576.6,578.9,574.9,23755157.700000007,41126,2025-10-08 19:19:59
2025-10-08 19:20:00,576.5,577.0,577.4,575.7,4348473.5,7545,2025-10-08 19:29:59
2025-10-08 19:30:00,577.0,575.5,577.0,574.8,12052207.799999999,20940,2025-10-08 19:39:59
2025-10-08 19:40:00,575.2,573.2,575.5,572.0,22222778.399999995,38753,2025-10-08 19:49:59
2025-10-08 19:50:00,573.1,574.0,574.0,572.6,4436652.5,7740,2025-10-08 19:59:59
2025-10-08 20:00:00,574.0,574.5,575.3,573.9,8549828.399999999,14882,2025-10-08 20:09:59
2025-10-08 20:10:00,574.5,574.3,576.2,573.9,10353537.7,18008,2025-10-08 20:19:59
2025-10-08 20:20:00,574.3,573.9,574.6,573.4,11614865.3,20233,2025-10-08 20:29:59
2025-10-08 20:30:00,573.9,573.6,574.4,573.4,4092861.1000000006,7131,2025-10-08 20:39:59
2025-10-08 20:40:00,573.8,573.8,574.0,573.1,4987548.100000001,8699,2025-10-08 20:49:59
2025-10-08 20:50:00,573.7,573.8,574.0,573.4,2253104.1999999997,3928,2025-10-08 20:59:59
2025-10-08 21:00:00,573.8,576.7,577.0,573.3,23195534.299999993,40320,2025-10-08 21:09:59
2025-10-08 21:10:00,576.8,577.0,577.2,576.6,18404895.2,31899,2025-10-08 21:19:59
2025-10-08 21:20:00,577.0,578.0,578.8,577.0,11236483.299999999,19441,2025-10-08 21:29:59
2025-10-08 21:30:00,578.1,578.7,578.8,578.0,10610896.199999997,18342,2025-10-08 21:39:59
2025-10-08 21:40:00,578.7,578.5,578.7,578.0,4154853.8,7186,2025-10-08 21:49:59
2025-10-08 21:50:00,578.3,578.7,578.7,578.1,1803090.3999999997,3117,2025-10-08 21:59:59
2025-10-08 22:00:00,578.7,578.2,578.7,578.0,6227686.699999999,10767,2025-10-08 22:09:59
2025-10-08 22:10:00,578.0,577.8,578.5,577.8,11373857.900000002,19677,2025-10-08 22:19:59
2025-10-08 22:20:00,578.1,576.7,578.1,576.7,2586136.2,4479,2025-10-08 22:29:59
2025-10-08 22:30:00,576.7,577.1,577.3,576.7,1739870.2999999998,3016,2025-10-08 22:39:59
2025-10-08 22:40:00,577.1,576.9,577.1,576.5,5255666.5,9115,2025-10-08 22:49:59
2025-10-08 22:50:00,577.0,577.0,577.2,576.7,1007437.5,1746,2025-10-08 22:59:59
2025-10-08 23:00:00,577.0,577.5,577.5,577.0,589855.6000000001,1022,2025-10-08 23:09:59
2025-10-08 23:10:00,577.4,577.7,578.1,577.2,999379.9,1730,2025-10-08 23:19:59
2025-10-08 23:20:00,578.1,578.0,578.1,577.4,1523147.4000000001,2637,2025-10-08 23:29:59
2025-10-08 23:30:00,577.7,577.8,578.1,577.4,3212694.7000000007,5560,2025-10-08 23:39:59
2025-10-08 23:40:00,577.8,578.0,578.2,577.8,2702007.3999999994,4675,2025-10-08 23:49:59
2025-10-09 06:50:00,579.0,579.0,579.0,579.0,23739.0,41,2025-10-09 06:59:59
2025-10-09 07:00:00,579.0,576.8,579.9,576.1,1704973.4,2947,2025-10-09 07:09:59
2025-10-09 07:10:00,576.8,578.9,579.0,576.8,226553.9,392,2025-10-09 07:19:59
2025-10-09 07:20:00,578.9,578.9,578.9,578.0,289876.7,501,2025-10-09 07:29:59
2025-10-09 07:30:00,578.9,578.9,578.9,578.6,412105.5000000001,712,2025-10-09 07:39:59
2025-10-09 07:40:00,578.9,579.5,579.7,578.8,1411509.0,2436,2025-10-09 07:49:59
2025-10-09 07:50:00,579.7,580.2,580.2,579.5,1556061.0,2683,2025-10-09 07:59:59
2025-10-09 08:00:00,580.2,579.8,580.2,579.8,776117.2,1338,2025-10-09 08:09:59
2025-10-09 08:10:00,579.7,578.8,579.7,577.2,13890934.700000003,24016,2025-10-09 08:19:59
2025-10-09 08:20:00,578.8,579.4,579.4,578.7,974928.1,1684,2025-10-09 08:29:59
2025-10-09 08:30:00,579.4,578.5,579.4,578.3,2502691.7,4324,2025-10-09 08:39:59
2025-10-09 08:40:00,578.4,577.6,578.5,577.6,643437.9,1113,2025-10-09 08:49:59
2025-10-09 08:50:00,577.5,577.7,577.9,577.2,1117095.5999999999,1935,2025-10-09 08:59:59
2025-10-09 09:00:00,577.7,576.6,578.0,575.6,18048316.1,31306,2025-10-09 09:09:59
2025-10-09 09:10:00,576.5,574.8,576.5,574.3,11823580.599999996,20544,2025-10-09 09:19:59
2025-10-09 09:20:00,575.0,576.9,577.5,575.0,5264896.1,9133,2025-10-09 09:29:59
2025-10-09 09:30:00,577.1,577.5,579.1,577.0,2555903.9000000004,4422,2025-10-09 09:39:59
2025-10-09 09:40:00,577.5,575.8,578.0,575.7,5416844.4,9394,2025-10-09 09:49:59
2025-10-09 09:50:00,575.9,576.4,577.5,575.0,11056141.999999996,19175,2025-10-09 09:59:59
2025-10-09 10:00:00,576.2,577.7,579.0,574.4,29827193.599999998,51657,2025-10-09 10:09:59
2025-10-09 10:10:00,577.7,576.1,577.7,575.7,13515641.399999999,23438,2025-10-09 10:19:59
2025-10-09 10:20:00,575.9,576.2,576.6,575.0,10014340.499999998,17397,2025-10-09 10:29:59
2025-10-09 10:30:00,576.1,575.9,577.8,575.6,7209556.9,12497,2025-10-09 10:39:59
2025-10-09 10:40:00,575.9,576.3,577.0,575.2,2802244.1999999997,4864,2025-10-09 10:49:59
2025-10-09 10:50:00,576.3,575.9,576.6,575.2,4998968.800000001,8680,2025-10-09 10:59:59
2025-10-09 11:00:00,575.9,574.0,576.8,573.2,18467931.900000002,32132,2025-10-09 11:09:59
2025-10-09 11:10:00,574.3,574.3,574.9,573.7,8178469.300000001,14237,2025-10-09 11:19:59
2025-10-09 11:20:00,574.2,570.3,574.7,570.1,51362438.099999994,89800,2025-10-09 11:29:59
2025-10-09 11:30:00,570.3,573.3,573.9,568.0,56901352.50000001,99646,2025-10-09 11:39:59
2025-10-09 11:40:00,573.2,575.2,576.5,573.2,63118930.0,109758,2025-10-09 11:49:59
2025-10-09 11:50:00,575.3,575.5,575.6,572.7,17767635.7,30933,2025-10-09 11:59:59
2025-10-09 12:00:00,575.4,579.7,582.0,574.2,40655433.2,70206,2025-10-09 12:09:59
2025-10-09 12:10:00,579.7,585.9,586.3,579.5,71148172.60000002,122134,2025-10-09 12:19:59
2025-10-09 12:20:00,585.9,588.7,592.0,585.6,108730854.99999999,184785,2025-10-09 12:29:59
2025-10-09 12:30:00,588.8,591.7,592.8,587.7,35179021.7,59613,2025-10-09 12:39:59
2025-10-09 12:40:00,591.6,589.4,591.7,587.1,47563227.59999998,80783,2025-10-09 12:49:59
2025-10-09 12:50:00,589.3,592.3,594.2,589.1,38032948.2,64211,2025-10-09 12:59:59
2025-10-09 13:00:00,592.5,595.3,596.8,592.2,61650134.69999998,103762,2025-10-09 13:09:59
2025-10-09 13:10:00,595.3,596.2,598.0,595.3,37071400.3,62130,2025-10-09 13:19:59
2025-10-09 13:20:00,596.2,595.0,597.9,594.9,20958702.0,35139,2025-10-09 13:29:59
2025-10-09 13:30:00,595.0,593.2,595.9,593.1,20394004.1,34278,2025-10-09 13:39:59
2025-10-09 13:40:00,593.3,593.7,595.0,592.3,18740853.8,31555,2025-10-09 13:49:59
2025-10-09 13:50:00,593.8,593.1,594.8,592.6,10727803.2,18070,2025-10-09 13:59:59
2025-10-09 14:00:00,593.0,594.1,594.4,592.6,11369196.8,19152,2025-10-09 14:09:59
2025-10-09 14:10:00,593.7,591.4,593.9,591.3,11922798.8,20122,2025-10-09 14:19:59
2025-10-09 14:20:00,591.4,592.5,593.2,591.2,12153099.7,20523,2025-10-09 14:29:59
2025-10-09 14:30:00,592.5,592.0,594.3,591.9,13418011.899999999,22635,2025-10-09 14:39:59
2025-10-09 14:40:00,592.2,594.3,594.6,592.2,14781688.0,24914,2025-10-09 14:49:59
2025-10-09 14:50:00,594.4,591.8,595.3,591.5,25958625.599999998,43783,2025-10-09 14:59:59
2025-10-09 15:00:00,591.8,590.5,592.5,589.5,34485225.49999997,58350,2025-10-09 15:09:59
2025-10-09 15:10:00,590.3,593.9,594.3,590.3,14551030.299999999,24554,2025-10-09 15:19:59
2025-10-09 15:20:00,594.0,594.6,594.8,593.5,6114799.4,10293,2025-10-09 15:29:59
2025-10-09 15:30:00,594.9,595.5,596.6,594.3,12349174.6,20734,2025-10-09 15:39:59
2025-10-09 15:40:00,595.5,595.8,596.7,595.2,10344258.099999998,17358,2025-10-09 15:49:59
2025-10-09 15:50:00,595.7,595.9,596.0,594.6,10714650.299999997,17996,2025-10-09 15:59:59
2025-10-09 16:00:00,595.9,595.5,597.0,595.2,15375247.099999998,25785,2025-10-09 16:09:59
2025-10-09 16:10:00,595.7,596.9,597.1,595.7,12319773.700000003,20639,2025-10-09 16:19:59
2025-10-09 16:20:00,596.8,598.3,598.3,596.7,25464787.2,42642,2025-10-09 16:29:59
2025-10-09 16:30:00,598.2,598.3,599.0,597.8,11289403.300000003,18860,2025-10-09 16:39:59
2025-10-09 16:40:00,598.4,601.5,601.5,598.0,28514518.500000007,47551,2025-10-09 16:49:59
2025-10-09 16:50:00,601.5,602.4,604.1,600.6,53434020.800000004,88643,2025-10-09 16:59:59
2025-10-09 17:00:00,602.4,604.3,605.0,602.4,39430078.0,65254,2025-10-09 17:09:59
2025-10-09 17:10:00,604.3,604.2,606.0,603.9,29685649.3,49064,2025-10-09 17:19:59
2025-10-09 17:20:00,604.2,604.6,605.5,603.6,21212754.6,35081,2025-10-09 17:29:59
2025-10-09 17:30:00,604.5,605.4,605.9,604.5,19213867.8,31745,2025-10-09 17:39:59
2025-10-09 17:40:00,605.2,604.6,606.0,604.6,17312371.600000005,28592,2025-10-09 17:49:59
2025-10-09 17:50:00,604.5,606.5,607.5,604.4,35324594.6,58298,2025-10-09 17:59:59
2025-10-09 18:00:00,606.5,608.6,609.7,606.3,37426418.2,61535,2025-10-09 18:09:59
2025-10-09 18:10:00,608.6,608.1,609.9,607.5,15334096.299999999,25190,2025-10-09 18:19:59
2025-10-09 18:20:00,608.0,608.8,609.7,607.4,19493383.4,32025,2025-10-09 18:29:59
2025-10-09 18:30:00,608.7,607.8,609.3,607.3,14781785.700000003,24314,2025-10-09 18:39:59
2025-10-09 18:40:00,607.5,607.5,607.5,607.5,181642.5,299,2025-10-09 18:49:59
2025-10-09 19:00:00,607.3,607.1,607.5,605.5,8394321.0,13839,2025-10-09 19:09:59
2025-10-09 19:10:00,607.1,606.6,607.3,606.0,12909775.3,21282,2025-10-09 19:19:59
2025-10-09 19:20:00,606.2,606.9,607.4,606.0,5919751.199999999,9758,2025-10-09 19:29:59
2025-10-09 19:30:00,606.9,605.9,607.2,605.9,5305293.0,8746,2025-10-09 19:39:59
2025-10-09 19:40:00,606.0,607.0,607.0,605.5,7246438.9,11958,2025-10-09 19:49:59
2025-10-09 19:50:00,607.0,605.8,607.0,605.8,3193816.0000000005,5266,2025-10-09 19:59:59
2025-10-09 20:00:00,605.9,607.3,607.3,605.8,6688819.900000001,11030,2025-10-09 20:09:59
2025-10-09 20:10:00,607.0,608.0,608.0,607.0,3487730.6999999997,5739,2025-10-09 20:19:59
2025-10-09 20:20:00,608.0,608.3,608.5,607.1,4128394.8000000007,6791,2025-10-09 20:29:59
2025-10-09 20:30:00,608.3,607.4,608.4,606.9,9713439.799999999,15995,2025-10-09 20:39:59
2025-10-09 20:40:00,607.4,607.3,607.8,607.1,2530074.5,4165,2025-10-09 20:49:59
2025-10-09 20:50:00,607.6,609.0,609.3,607.3,20346597.40000001,33424,2025-10-09 20:59:59
2025-10-09 21:00:00,609.0,608.6,609.4,608.2,3717595.8999999994,6105,2025-10-09 21:09:59
2025-10-09 21:10:00,608.1,607.2,608.6,607.2,10001378.0,16454,2025-10-09 21:19:59
2025-10-09 21:20:00,607.4,607.6,607.8,607.1,1869586.8000000003,3078,2025-10-09 21:29:59
2025-10-09 21:30:00,607.6,607.6,607.6,607.2,3783831.3999999994,6230,2025-10-09 21:39:59
2025-10-09 21:40:00,607.5,608.2,608.2,607.3,2895550.0999999996,4763,2025-10-09 21:49:59
2025-10-09 21:50:00,608.2,608.5,609.4,607.6,7454189.800000002,12245,2025-10-09 21:59:59
2025-10-09 22:00:00,608.9,608.9,609.7,608.5,7936064.600000001,13026,2025-10-09 22:09:59
2025-10-09 22:10:00,608.8,609.5,609.5,608.6,1726185.5,2834,2025-10-09 22:19:59
2025-10-09 22:20:00,609.5,610.1,610.6,609.4,7616550.1000000015,12485,2025-10-09 22:29:59
2025-10-09 22:30:00,610.1,608.9,610.1,608.3,15842621.900000002,26013,2025-10-09 22:39:59
2025-10-09 22:40:00,609.0,609.3,609.5,608.7,1653886.5999999999,2716,2025-10-09 22:49:59
2025-10-09 22:50:00,609.3,609.1,609.6,608.9,2410056.8,3956,2025-10-09 22:59:59
2025-10-09 23:00:00,609.1,609.0,609.1,608.1,1195894.7999999998,1965,2025-10-09 23:09:59
2025-10-09 23:10:00,609.0,608.5,609.0,608.4,1820313.6,2991,2025-10-09 23:19:59
2025-10-09 23:20:00,608.4,608.7,608.8,608.3,2678606.8,4402,2025-10-09 23:29:59
2025-10-09 23:30:00,608.4,607.9,608.8,607.9,2247485.8,3695,2025-10-09 23:39:59
2025-10-09 23:40:00,608.3,607.7,608.4,607.5,1719434.0,2828,2025-10-09 23:49:59
2025-10-10 06:50:00,607.8,607.8,607.8,607.8,15802.800000000001,26,2025-10-10 06:59:59
2025-10-10 07:00:00,608.6,606.7,609.6,604.8,10934370.400000002,18032,2025-10-10 07:09:59
2025-10-10 07:10:00,606.7,605.9,606.7,605.0,7890439.8,13027,2025-10-10 07:19:59
2025-10-10 07:20:00,606.0,605.9,606.5,605.9,1058467.0,1746,2025-10-10 07:29:59
2025-10-10 07:30:00,605.9,606.4,606.4,605.9,1230757.8,2031,2025-10-10 07:39:59
2025-10-10 07:40:00,606.4,606.3,606.4,606.3,132181.9,218,2025-10-10 07:49:59
2025-10-10 07:50:00,606.4,606.4,606.4,606.2,126722.0,209,2025-10-10 07:59:59
2025-10-10 08:00:00,606.1,605.3,606.1,605.2,1589618.2,2625,2025-10-10 08:09:59
2025-10-10 08:10:00,605.6,605.0,605.6,605.0,1823732.9,3014,2025-10-10 08:19:59
2025-10-10 08:20:00,605.0,604.7,605.2,604.6,1404159.4000000004,2321,2025-10-10 08:29:59
2025-10-10 08:30:00,604.6,604.3,604.6,603.9,2661101.3,4405,2025-10-10 08:39:59
2025-10-10 08:40:00,604.2,603.6,604.3,602.5,6637028.1000000015,11002,2025-10-10 08:49:59
2025-10-10 08:50:00,603.6,605.1,605.8,603.6,8861324.3,14651,2025-10-10 08:59:59
2025-10-10 09:00:00,605.4,608.7,609.0,605.4,13990203.200000001,23012,2025-10-10 09:09:59
2025-10-10 09:10:00,608.9,607.7,609.4,607.7,4813038.499999999,7909,2025-10-10 09:19:59
2025-10-10 09:20:00,607.6,609.0,609.0,606.6,5135485.4,8449,2025-10-10 09:29:59
2025-10-10 09:30:00,609.0,610.7,610.9,609.0,11521139.799999999,18877,2025-10-10 09:39:59
2025-10-10 09:40:00,610.7,610.3,610.8,609.2,10364860.799999999,16988,2025-10-10 09:49:59
2025-10-10 09:50:00,610.1,610.6,610.9,609.7,6047585.399999999,9909,2025-10-10 09:59:59
2025-10-10 10:00:00,610.5,607.3,610.6,606.9,14508247.399999999,23860,2025-10-10 10:09:59
2025-10-10 10:10:00,607.0,606.4,607.1,605.2,12941265.0,21344,2025-10-10 10:19:59
2025-10-10 10:20:00,606.2,604.1,606.3,603.5,27131792.5,44896,2025-10-10 10:29:59
2025-10-10 10:30:00,603.9,604.5,604.5,600.8,32080273.6,53229,2025-10-10 10:39:59
2025-10-10 10:40:00,604.3,603.8,604.7,602.0,21055868.900000002,34882,2025-10-10 10:49:59
2025-10-10 10:50:00,603.9,601.8,603.9,601.5,7179911.800000001,11922,2025-10-10 10:59:59
2025-10-10 11:00:00,601.8,603.0,603.3,600.9,8994356.499999998,14942,2025-10-10 11:09:59
2025-10-10 11:10:00,603.1,600.8,603.5,600.4,31971466.799999997,53119,2025-10-10 11:19:59
2025-10-10 11:20:00,600.8,604.3,605.9,600.4,28388501.299999997,47105,2025-10-10 11:29:59
2025-10-10 11:30:00,604.5,603.5,606.0,602.7,14414799.3,23853,2025-10-10 11:39:59
2025-10-10 11:40:00,603.6,604.8,605.2,603.6,7623595.800000001,12606,2025-10-10 11:49:59
2025-10-10 11:50:00,604.7,603.0,604.7,603.0,9062007.6,15005,2025-10-10 11:59:59
2025-10-10 12:00:00,602.9,601.5,603.2,600.0,18096608.800000004,30105,2025-10-10 12:09:59
2025-10-10 12:10:00,601.4,600.9,601.6,600.8,6033067.400000008,10036,2025-10-10 12:19:59
2025-10-10 12:20:00,600.9,597.9,601.2,597.9,33205536.1,55445,2025-10-10 12:29:59
2025-10-10 12:30:00,597.9,596.2,597.9,596.1,25307730.80000001,42396,2025-10-10 12:39:59
2025-10-10 12:40:00,596.2,596.9,597.0,596.0,15523595.500000002,26011,2025-10-10 12:49:59
2025-10-10 12:50:00,596.8,596.4,597.0,595.2,25621233.8,42965,2025-10-10 12:59:59
2025-10-10 13:00:00,596.6,596.8,597.0,596.1,18349653.900000002,30744,2025-10-10 13:09:59
2025-10-10 13:10:00,596.7,595.9,597.0,595.2,13370489.100000001,22438,2025-10-10 13:19:59
2025-10-10 13:20:00,595.7,596.2,596.8,595.6,11247093.800000004,18862,2025-10-10 13:29:59
2025-10-10 13:30:00,596.2,596.5,597.0,593.6,73959605.30000003,124192,2025-10-10 13:39:59
2025-10-10 13:40:00,596.5,592.9,596.5,592.4,19639734.799999997,33062,2025-10-10 13:49:59
2025-10-10 13:50:00,592.9,595.3,595.3,592.4,16940714.19999999,28531,2025-10-10 13:59:59
2025-10-10 14:00:00,595.3,594.0,595.3,592.9,12569221.599999998,21167,2025-10-10 14:09:59
2025-10-10 14:10:00,594.1,595.3,596.0,593.9,11230880.200000001,18867,2025-10-10 14:19:59
2025-10-10 14:20:00,595.5,595.2,595.6,594.1,6185232.399999999,10395,2025-10-10 14:29:59
2025-10-10 14:30:00,595.0,595.5,596.5,595.0,16168487.100000001,27153,2025-10-10 14:39:59
2025-10-10 14:40:00,595.6,596.6,596.8,595.6,6493292.199999999,10892,2025-10-10 14:49:59
2025-10-10 14:50:00,596.4,595.9,596.7,595.0,7195843.400000001,12074,2025-10-10 14:59:59
2025-10-10 15:00:00,595.7,594.7,595.8,594.1,9004290.899999999,15138,2025-10-10 15:09:59
2025-10-10 15:10:00,594.4,595.0,595.3,593.3,10508603.100000003,17693,2025-10-10 15:19:59
2025-10-10 15:20:00,594.7,596.1,596.9,593.4,16045021.100000001,26991,2025-10-10 15:29:59
2025-10-10 15:30:00,596.0,596.6,596.8,595.4,7121003.900000001,11945,2025-10-10 15:39:59
2025-10-10 15:40:00,596.3,595.5,596.7,595.5,13902592.499999993,23321,2025-10-10 15:49:59
2025-10-10 15:50:00,595.6,594.5,595.9,593.6,13580627.9,22841,2025-10-10 15:59:59
2025-10-10 16:00:00,594.6,595.3,595.3,594.0,6248256.0,10506,2025-10-10 16:09:59
2025-10-10 16:10:00,595.2,593.9,595.2,593.5,3930146.2,6618,2025-10-10 16:19:59
2025-10-10 16:20:00,594.0,589.6,594.0,588.5,66878603.4,113290,2025-10-10 16:29:59
2025-10-10 16:30:00,589.6,587.0,589.6,585.9,58374279.9,99381,2025-10-10 16:39:59
2025-10-10 16:40:00,587.0,585.8,588.1,583.5,42273382.40000001,72220,2025-10-10 16:49:59
2025-10-10 16:50:00,585.6,587.7,588.3,584.0,31083928.9,52995,2025-10-10 16:59:59
2025-10-10 17:00:00,587.6,585.8,587.6,585.1,11404873.799999999,19457,2025-10-10 17:09:59
2025-10-10 17:10:00,585.8,583.9,586.2,583.6,19023655.2,32544,2025-10-10 17:19:59
2025-10-10 17:20:00,583.9,584.1,584.8,583.5,10430210.399999999,17850,2025-10-10 17:29:59
2025-10-10 17:30:00,584.2,584.5,586.0,583.5,15663967.000000002,26805,2025-10-10 17:39:59
2025-10-10 17:40:00,584.5,589.3,589.8,584.3,19907963.599999987,33892,2025-10-10 17:49:59
2025-10-10 17:50:00,588.9,587.0,591.3,586.1,38709226.10000001,65639,2025-10-10 17:59:59
2025-10-10 18:00:00,587.3,583.9,588.9,583.9,24287833.400000002,41429,2025-10-10 18:09:59
2025-10-10 18:10:00,584.0,585.2,587.5,581.2,45799243.60000001,78360,2025-10-10 18:19:59
2025-10-10 18:20:00,585.3,585.6,586.9,584.1,35860038.9,61242,2025-10-10 18:29:59
2025-10-10 18:30:00,585.6,585.5,585.9,584.2,14401636.9,24615,2025-10-10 18:39:59
2025-10-10 18:40:00,586.0,586.0,586.0,586.0,644600.0,1100,2025-10-10 18:49:59
2025-10-10 19:00:00,585.8,584.1,586.1,584.0,7489847.499999999,12813,2025-10-10 19:09:59
2025-10-10 19:10:00,584.0,584.4,584.9,584.0,4465263.7,7640,2025-10-10 19:19:59
2025-10-10 19:20:00,584.6,586.2,586.2,584.4,2090489.7999999998,3570,2025-10-10 19:29:59
2025-10-10 19:30:00,586.2,585.9,586.5,584.5,4837644.2,8261,2025-10-10 19:39:59
2025-10-10 19:40:00,586.0,586.2,586.2,585.6,6014923.999999999,10265,2025-10-10 19:49:59
2025-10-10 19:50:00,586.2,586.4,586.5,585.8,1343204.0999999999,2291,2025-10-10 19:59:59
2025-10-10 20:00:00,586.4,585.7,586.4,585.1,4423530.2,7556,2025-10-10 20:09:59
2025-10-10 20:10:00,585.7,585.6,586.0,584.5,3589791.900000001,6135,2025-10-10 20:19:59
2025-10-10 20:20:00,585.7,586.0,586.0,585.4,3008398.1999999997,5136,2025-10-10 20:29:59
2025-10-10 20:30:00,586.0,586.6,586.6,585.9,1597115.7000000002,2725,2025-10-10 20:39:59
2025-10-10 20:40:00,586.5,585.3,586.6,585.3,4793166.7,8178,2025-10-10 20:49:59
2025-10-10 20:50:00,585.3,585.8,585.8,585.2,4357043.4,7442,2025-10-10 20:59:59
2025-10-10 21:00:00,585.8,585.9,585.9,585.3,2740139.0,4680,2025-10-10 21:09:59
2025-10-10 21:10:00,586.0,585.5,586.0,585.1,7389911.199999999,12620,2025-10-10 21:19:59
2025-10-10 21:20:00,585.5,585.5,585.6,584.3,8019515.599999999,13711,2025-10-10 21:29:59
2025-10-10 21:30:00,585.5,585.2,585.5,584.9,710480.4999999999,1214,2025-10-10 21:39:59
2025-10-10 21:40:00,585.2,584.9,585.5,584.8,3354123.0999999996,5731,2025-10-10 21:49:59
2025-10-10 21:50:00,584.9,584.6,585.1,584.2,4016831.5999999996,6872,2025-10-10 21:59:59
2025-10-10 22:00:00,584.7,585.0,585.0,584.3,1433557.0,2452,2025-10-10 22:09:59
2025-10-10 22:10:00,585.0,584.7,585.0,584.4,774295.9,1324,2025-10-10 22:19:59
2025-10-10 22:20:00,584.7,584.5,584.8,584.0,4552538.4,7791,2025-10-10 22:29:59
2025-10-10 22:30:00,584.5,583.7,584.7,583.7,7338827.5,12562,2025-10-10 22:39:59
2025-10-10 22:40:00,584.1,584.1,584.1,583.6,1917725.1,3284,2025-10-10 22:49:59
2025-10-10 22:50:00,584.0,583.0,584.1,582.5,5780384.0,9908,2025-10-10 22:59:59
2025-10-10 23:00:00,582.8,582.6,583.1,582.3,5548792.700000001,9524,2025-10-10 23:09:59
2025-10-10 23:10:00,582.9,583.0,583.0,582.0,2786678.7000000007,4785,2025-10-10 23:19:59
2025-10-10 23:20:00,582.7,581.6,582.7,581.3,4396222.299999999,7556,2025-10-10 23:29:59
2025-10-10 23:30:00,581.3,580.3,581.6,580.3,7614905.499999999,13114,2025-10-10 23:39:59
2025-10-10 23:40:00,580.5,581.9,581.9,580.3,7058574.0,12151,2025-10-10 23:49:59
2025-10-11 09:50:00,581.9,581.9,581.9,581.9,254290.29999999987,437,2025-10-11 09:59:59
2025-10-11 10:00:00,583.0,580.5,583.2,580.2,6542572.599999999,11247,2025-10-11 10:09:59
2025-10-11 10:10:00,580.5,580.7,580.7,578.0,5376003.499999998,9271,2025-10-11 10:19:59
2025-10-11 10:20:00,580.4,581.5,581.7,580.4,849787.3999999999,1462,2025-10-11 10:29:59
2025-10-11 10:30:00,581.4,581.4,581.7,581.0,878499.3000000003,1511,2025-10-11 10:39:59
2025-10-11 10:40:00,581.4,582.0,582.8,581.0,2769455.5000000005,4760,2025-10-11 10:49:59
2025-10-11 10:50:00,582.0,583.2,583.5,582.0,4331585.5,7431,2025-10-11 10:59:59
2025-10-11 11:00:00,583.3,583.5,583.5,583.1,554155.5,950,2025-10-11 11:09:59
2025-10-11 11:10:00,583.5,583.7,584.5,583.4,5114937.999999999,8759,2025-10-11 11:19:59
2025-10-11 11:20:00,583.7,583.7,583.9,583.7,1645765.8000000003,2819,2025-10-11 11:29:59
2025-10-11 11:30:00,583.7,583.9,583.9,583.6,307040.4,526,2025-10-11 11:39:59
2025-10-11 11:40:00,583.9,583.9,583.9,583.7,562249.0,963,2025-10-11 11:49:59
2025-10-11 11:50:00,583.9,583.8,583.9,583.7,186824.8,320,2025-10-11 11:59:59
2025-10-11 12:00:00,583.8,584.4,584.7,583.8,1287657.5000000002,2204,2025-10-11 12:09:59
2025-10-11 12:10:00,584.4,586.1,586.3,584.4,4667737.299999999,7970,2025-10-11 12:19:59
2025-10-11 12:20:00,586.0,585.0,586.1,585.0,2180131.2,3722,2025-10-11 12:29:59
2025-10-11 12:30:00,584.9,584.8,585.3,584.7,1103728.9,1887,2025-10-11 12:39:59
2025-10-11 12:40:00,584.8,584.9,584.9,584.0,3272678.8,5601,2025-10-11 12:49:59
2025-10-11 12:50:00,584.9,584.8,585.7,584.8,846644.7000000001,1447,2025-10-11 12:59:59
2025-10-11 13:00:00,584.8,584.0,584.8,583.6,7725853.600000001,13229,2025-10-11 13:09:59
2025-10-11 13:10:00,584.0,583.9,584.2,583.4,1070837.4000000001,1835,2025-10-11 13:19:59
2025-10-11 13:20:00,583.9,584.5,584.5,583.7,245405.1,420,2025-10-11 13:29:59
2025-10-11 13:30:00,584.5,584.5,584.7,584.3,226204.5,387,2025-10-11 13:39:59
2025-10-11 13:40:00,584.7,584.4,584.7,584.0,344180.2,589,2025-10-11 13:49:59
2025-10-11 13:50:00,584.5,583.4,584.6,583.1,810044.0999999999,1388,2025-10-11 13:59:59
2025-10-11 14:00:00,583.4,583.3,583.6,583.3,124261.29999999997,213,2025-10-11 14:09:59
2025-10-11 14:10:00,583.3,583.3,583.4,583.0,492193.7999999999,844,2025-10-11 14:19:59
2025-10-11 14:20:00,583.3,583.6,583.6,583.2,373987.0,641,2025-10-11 14:29:59
2025-10-11 14:30:00,583.5,583.5,583.7,583.4,623085.4999999999,1068,2025-10-11 14:39:59
2025-10-11 14:40:00,583.5,583.9,583.9,583.4,89880.20000000001,154,2025-10-11 14:49:59
2025-10-11 14:50:00,583.7,583.8,583.9,583.5,317606.7,544,2025-10-11 14:59:02
2025-10-11 15:00:00,584.0,584.1,584.3,583.9,575347.3999999999,985,2025-10-11 15:09:59
2025-10-11 15:10:00,584.2,584.8,584.8,584.1,898204.3,1537,2025-10-11 15:19:59
2025-10-11 15:20:00,584.8,584.9,585.0,584.8,380186.19999999995,650,2025-10-11 15:29:59
2025-10-11 15:30:00,585.0,585.0,585.0,584.9,767472.1000000001,1312,2025-10-11 15:39:59
2025-10-11 15:40:00,585.0,584.8,585.0,584.7,985086.5,1684,2025-10-11 15:49:59
2025-10-11 15:50:00,584.7,584.9,584.9,584.7,204677.7,350,2025-10-11 15:59:59
2025-10-11 16:00:00,584.9,584.7,584.9,584.5,633970.2999999999,1084,2025-10-11 16:09:59
2025-10-11 16:10:00,584.7,584.8,584.8,584.7,118705.7,203,2025-10-11 16:19:59
2025-10-11 16:20:00,584.6,584.7,584.8,584.5,313949.2,537,2025-10-11 16:29:59
2025-10-11 16:30:00,584.7,584.7,584.7,584.6,47359.90000000001,81,2025-10-11 16:39:59
2025-10-11 16:40:00,584.6,584.7,584.7,584.4,453074.4,775,2025-10-11 16:49:59
2025-10-11 16:50:00,584.7,584.7,584.8,584.6,72502.8,124,2025-10-11 16:59:59
2025-10-11 17:00:00,584.7,584.8,584.8,584.7,1325732.5,2267,2025-10-11 17:09:59
2025-10-11 17:10:00,584.7,584.4,584.8,584.1,513637.9,879,2025-10-11 17:19:59
2025-10-11 17:20:00,584.1,584.4,584.5,584.1,147833.2,253,2025-10-11 17:29:59
