begin,open,close,high,low,value,volume,end
2025-08-20 06:50:00,347.5,347.5,347.5,347.5,112590.0,324,2025-08-20 06:59:59
2025-08-20 07:00:00,347.5,347.6,348.4,346.5,4910990.6,14134,2025-08-20 07:09:59
2025-08-20 07:10:00,347.8,348.6,349.0,347.8,6297082.799999999,18065,2025-08-20 07:19:59
2025-08-20 07:20:00,348.5,348.9,348.9,348.0,2127718.6,6105,2025-08-20 07:29:59
2025-08-20 07:30:00,348.9,347.6,348.9,347.6,1516762.0,4355,2025-08-20 07:39:59
2025-08-20 07:40:00,347.6,348.2,348.2,347.5,2607148.8,7496,2025-08-20 07:49:59
2025-08-20 07:50:00,347.9,348.6,348.7,347.6,6578954.9,18902,2025-08-20 07:59:59
2025-08-20 08:00:00,348.3,348.7,349.2,348.3,4047502.8000000003,11600,2025-08-20 08:09:59
2025-08-20 08:10:00,348.7,348.6,348.8,348.2,1449182.0999999999,4158,2025-08-20 08:19:59
2025-08-20 08:20:00,348.6,347.9,348.6,347.8,820325.9,2356,2025-08-20 08:29:59
2025-08-20 08:30:00,347.8,348.8,348.9,347.7,2332473.4999999995,6697,2025-08-20 08:39:59
2025-08-20 08:40:00,348.9,348.8,348.9,348.7,1060719.9,3041,2025-08-20 08:49:59
2025-08-20 08:50:00,348.7,348.7,348.8,348.5,1275396.8,3658,2025-08-20 08:59:59
2025-08-20 09:00:00,348.6,347.4,348.7,347.1,5008518.999999999,14406,2025-08-20 09:09:59
2025-08-20 09:10:00,347.5,348.4,348.5,347.5,4788543.9,13766,2025-08-20 09:19:59
2025-08-20 09:20:00,348.4,348.6,349.0,348.2,7140076.499999998,20478,2025-08-20 09:29:59
2025-08-20 09:30:00,348.5,348.5,348.9,348.4,4217972.700000003,12100,2025-08-20 09:39:59
2025-08-20 09:40:00,348.5,348.6,348.6,348.4,2053273.5999999999,5892,2025-08-20 09:49:59
2025-08-20 09:50:00,348.7,348.7,348.9,348.4,436599.3,1252,2025-08-20 09:59:59
2025-08-20 10:00:00,348.7,347.7,348.8,347.7,5893156.800000001,16930,2025-08-20 10:09:59
2025-08-20 10:10:00,347.9,347.5,348.2,347.2,11396539.6,32784,2025-08-20 10:19:59
2025-08-20 10:20:00,347.4,347.5,347.9,347.2,5783113.899999999,16638,2025-08-20 10:29:59
2025-08-20 10:30:00,347.4,347.0,347.8,346.2,16937177.7,48805,2025-08-20 10:39:59
2025-08-20 10:40:00,347.0,347.5,347.5,346.9,2222135.1,6401,2025-08-20 10:49:59
2025-08-20 10:50:00,347.4,347.2,347.8,347.0,2565128.3,7385,2025-08-20 10:59:59
2025-08-20 11:00:00,347.0,348.3,348.3,347.0,7215452.700000001,20763,2025-08-20 11:09:59
2025-08-20 11:10:00,348.3,348.6,348.9,348.1,12025582.799999999,34501,2025-08-20 11:19:59
2025-08-20 11:20:00,348.7,348.2,348.7,348.2,3464745.5000000005,9945,2025-08-20 11:29:59
2025-08-20 11:30:00,348.2,348.7,348.7,348.2,2671865.7,7667,2025-08-20 11:39:59
2025-08-20 11:40:00,348.5,348.6,348.7,348.3,3564410.4999999995,10231,2025-08-20 11:49:59
2025-08-20 11:50:00,348.5,348.3,348.7,348.2,2525728.0999999996,7250,2025-08-20 11:59:59
2025-08-20 12:00:00,348.5,349.2,349.9,348.2,28167846.399999995,80657,2025-08-20 12:09:59
2025-08-20 12:10:00,349.3,349.1,349.4,348.8,5546603.3,15890,2025-08-20 12:19:59
2025-08-20 12:20:00,349.0,348.9,349.3,348.6,5785395.600000001,16579,2025-08-20 12:29:59
2025-08-20 12:30:00,348.9,348.8,349.0,348.3,5690038.1,16322,2025-08-20 12:39:59
2025-08-20 12:40:00,348.8,349.1,349.5,348.7,6731812.1000000015,19282,2025-08-20 12:49:59
2025-08-20 12:50:00,349.0,348.7,349.1,348.5,3257841.0,9340,2025-08-20 12:59:59
2025-08-20 13:00:00,348.5,348.8,349.0,348.5,6139633.300000001,17608,2025-08-20 13:09:59
2025-08-20 13:10:00,348.8,348.8,349.0,348.5,5509316.600000001,15793,2025-08-20 13:19:59
2025-08-20 13:20:00,348.7,348.6,348.9,348.6,1507569.2000000002,4324,2025-08-20 13:29:59
2025-08-20 13:30:00,348.6,349.0,349.0,348.6,1399127.9,4011,2025-08-20 13:39:59
2025-08-20 13:40:00,348.9,348.5,349.0,348.5,1744391.3,5004,2025-08-20 13:49:59
2025-08-20 13:50:00,348.4,347.9,348.4,347.6,18111135.1,52039,2025-08-20 13:59:59
2025-08-20 14:00:00,347.9,347.7,348.0,347.5,4526251.299999999,13016,2025-08-20 14:09:59
2025-08-20 14:10:00,347.7,347.3,347.9,347.2,7902215.4,22740,2025-08-20 14:19:59
2025-08-20 14:20:00,347.5,346.5,347.6,346.5,19301266.4,55617,2025-08-20 14:29:59
2025-08-20 14:30:00,346.5,346.3,346.8,345.6,30609042.2,88415,2025-08-20 14:39:59
2025-08-20 14:40:00,346.3,346.0,346.3,345.4,13229172.099999996,38262,2025-08-20 14:49:59
2025-08-20 14:50:00,346.0,346.5,346.7,345.8,4162439.3,12018,2025-08-20 14:59:59
2025-08-20 15:00:00,346.4,346.0,346.7,345.7,7570240.199999999,21866,2025-08-20 15:09:59
2025-08-20 15:10:00,345.7,345.3,346.3,345.3,15829286.400000006,45803,2025-08-20 15:19:59
2025-08-20 15:20:00,345.3,346.1,346.2,345.2,8774165.2,25388,2025-08-20 15:29:59
2025-08-20 15:30:00,346.0,346.1,346.5,345.7,5627815.600000001,16257,2025-08-20 15:39:59
2025-08-20 15:40:00,346.1,347.4,348.0,346.1,25378722.099999994,73068,2025-08-20 15:49:59
2025-08-20 15:50:00,347.7,347.6,347.7,347.0,5527509.0,15918,2025-08-20 15:59:59
2025-08-20 16:00:00,347.7,347.1,347.7,346.9,3321711.1,9568,2025-08-20 16:09:59
2025-08-20 16:10:00,347.2,346.9,347.2,346.4,2300164.3,6634,2025-08-20 16:19:59
2025-08-20 16:20:00,346.8,346.7,347.1,346.7,1568828.1999999997,4523,2025-08-20 16:29:59
2025-08-20 16:30:00,346.7,346.0,346.8,345.6,11674646.8,33725,2025-08-20 16:39:59
2025-08-20 16:40:00,346.3,345.7,346.3,345.5,13928827.899999999,40284,2025-08-20 16:49:59
2025-08-20 16:50:00,345.7,345.3,345.8,345.1,10239649.8,29649,2025-08-20 16:59:59
2025-08-20 17:00:00,345.2,343.2,345.4,343.1,54086097.80000001,157191,2025-08-20 17:09:59
2025-08-20 17:10:00,343.2,344.4,344.4,343.1,10701259.799999991,31104,2025-08-20 17:19:59
2025-08-20 17:20:00,344.4,344.0,344.5,343.2,9369516.1,27257,2025-08-20 17:29:59
2025-08-20 17:30:00,343.8,344.1,344.5,343.7,7099982.999999999,20630,2025-08-20 17:39:59
2025-08-20 17:40:00,344.1,344.2,344.4,343.7,4413382.2,12824,2025-08-20 17:49:59
2025-08-20 17:50:00,344.2,344.0,344.4,343.8,2025952.1999999997,5887,2025-08-20 17:59:59
2025-08-20 18:00:00,344.1,344.9,344.9,343.8,7354839.999999999,21347,2025-08-20 18:09:59
2025-08-20 18:10:00,344.7,345.6,346.1,344.7,17718587.1,51271,2025-08-20 18:19:59
2025-08-20 18:20:00,345.7,345.3,346.0,345.1,4165833.7,12053,2025-08-20 18:29:59
2025-08-20 18:30:00,345.3,345.6,346.0,345.3,4448575.1,12874,2025-08-20 18:39:59
2025-08-20 18:40:00,346.2,346.2,346.2,346.2,1259475.6,3638,2025-08-20 18:49:59
2025-08-20 19:00:00,346.0,345.4,346.3,345.4,2976314.2000000007,8610,2025-08-20 19:09:59
2025-08-20 19:10:00,345.5,345.0,345.5,344.7,3971762.2999999993,11513,2025-08-20 19:19:59
2025-08-20 19:20:00,345.0,344.9,345.1,344.4,5015482.899999999,14553,2025-08-20 19:29:59
2025-08-20 19:30:00,344.7,344.8,345.7,344.7,7529957.5,21809,2025-08-20 19:39:59
2025-08-20 19:40:00,344.8,343.7,344.8,343.6,24599617.400000002,71504,2025-08-20 19:49:59
2025-08-20 19:50:00,343.7,344.2,344.2,343.5,8274658.099999999,24067,2025-08-20 19:59:59
2025-08-20 20:00:00,344.3,344.0,344.3,343.5,8043401.600000001,23396,2025-08-20 20:09:59
2025-08-20 20:10:00,343.9,344.4,344.7,343.6,5589979.4,16241,2025-08-20 20:19:59
2025-08-20 20:20:00,344.4,344.7,344.7,344.2,2873423.9999999995,8342,2025-08-20 20:29:59
2025-08-20 20:30:00,344.7,344.6,344.9,344.4,1468763.5000000002,4262,2025-08-20 20:39:59
2025-08-20 20:40:00,344.6,344.8,344.8,344.4,477011.0,1384,2025-08-20 20:49:59
2025-08-20 20:50:00,344.6,344.4,344.8,344.2,1060333.3,3078,2025-08-20 20:59:59
2025-08-20 21:00:00,344.4,343.9,344.4,343.9,3557851.0000000005,10341,2025-08-20 21:09:59
2025-08-20 21:10:00,343.9,344.2,344.2,343.6,4938276.199999999,14360,2025-08-20 21:19:59
2025-08-20 21:20:00,344.0,343.9,344.5,343.9,1794756.4000000004,5214,2025-08-20 21:29:59
2025-08-20 21:30:00,344.0,344.0,344.0,343.9,1015658.9999999999,2953,2025-08-20 21:39:59
2025-08-20 21:40:00,344.0,344.2,344.2,343.9,1052317.0,3059,2025-08-20 21:49:59
2025-08-20 21:50:00,344.2,344.1,344.9,344.0,7116127.999999999,20664,2025-08-20 21:59:59
2025-08-20 22:00:00,344.2,343.9,344.4,343.9,2239046.0,6509,2025-08-20 22:09:59
2025-08-20 22:10:00,343.9,343.6,343.9,343.6,3324166.7999999993,9672,2025-08-20 22:19:59
2025-08-20 22:20:00,343.8,344.1,344.2,343.6,1134077.2,3297,2025-08-20 22:29:59
2025-08-20 22:30:00,343.9,343.8,344.1,343.8,896434.3,2607,2025-08-20 22:39:59
2025-08-20 22:40:00,343.8,344.0,344.0,343.6,1065100.1,3098,2025-08-20 22:49:59
2025-08-20 22:50:00,344.0,343.6,344.0,343.6,1243792.5,3619,2025-08-20 22:59:59
2025-08-20 23:00:00,343.6,343.8,343.8,343.5,1743850.4,5076,2025-08-20 23:09:59
2025-08-20 23:10:00,343.6,343.6,343.8,343.3,2595506.1,7556,2025-08-20 23:19:59
2025-08-20 23:20:00,343.6,343.1,343.6,343.0,4493440.9,13095,2025-08-20 23:29:59
2025-08-20 23:30:00,343.1,343.2,343.4,343.1,1604219.2,4674,2025-08-20 23:39:59
2025-08-20 23:40:00,343.4,343.0,344.3,343.0,8560524.0,24931,2025-08-20 23:49:59
2025-08-21 06:50:00,343.0,343.0,343.0,343.0,310072.0,904,2025-08-21 06:59:59
2025-08-21 07:00:00,343.0,343.8,344.1,343.0,2878824.0999999996,8381,2025-08-21 07:09:59
2025-08-21 07:10:00,343.8,342.3,344.3,342.2,12803643.900000002,37338,2025-08-21 07:19:59
2025-08-21 07:20:00,342.3,343.0,343.0,341.9,4850182.2,14168,2025-08-21 07:29:59
2025-08-21 07:30:00,343.0,343.3,343.7,342.7,1819111.2,5299,2025-08-21 07:39:59
2025-08-21 07:40:00,343.3,343.8,343.8,343.3,458701.69999999995,1335,2025-08-21 07:49:59
2025-08-21 07:50:00,343.6,343.9,343.9,343.6,453133.3,1318,2025-08-21 07:59:59
2025-08-21 08:00:00,343.9,343.3,343.9,343.3,1795267.6,5227,2025-08-21 08:09:59
2025-08-21 08:10:00,343.3,342.8,343.5,342.8,2185946.6000000006,6371,2025-08-21 08:19:59
2025-08-21 08:20:00,342.9,343.4,343.7,342.9,1150029.8000000003,3349,2025-08-21 08:29:59
2025-08-21 08:30:00,343.8,343.6,343.8,343.5,164999.90000000002,480,2025-08-21 08:39:59
2025-08-21 08:40:00,343.6,344.0,344.0,343.5,2687408.5999999996,7813,2025-08-21 08:49:59
2025-08-21 08:50:00,343.9,343.8,344.0,343.5,1355488.2,3942,2025-08-21 08:59:59
2025-08-21 09:00:00,344.0,345.1,345.4,344.0,18619658.500000004,53978,2025-08-21 09:09:59
2025-08-21 09:10:00,345.1,345.0,345.3,344.5,5209377.0,15103,2025-08-21 09:19:59
2025-08-21 09:20:00,345.0,344.8,345.1,344.8,1349794.1,3913,2025-08-21 09:29:59
2025-08-21 09:30:00,344.8,344.6,345.0,344.3,5734341.8,16640,2025-08-21 09:39:59
2025-08-21 09:40:00,344.5,344.7,344.9,344.5,2396627.0000000005,6952,2025-08-21 09:49:59
2025-08-21 09:50:00,344.7,343.9,344.8,343.7,3977421.8000000003,11556,2025-08-21 09:59:59
2025-08-21 10:00:00,343.8,343.9,346.0,343.2,71652295.10000001,207884,2025-08-21 10:09:59
2025-08-21 10:10:00,344.1,343.9,344.1,343.4,6817202.499999999,19833,2025-08-21 10:19:59
2025-08-21 10:20:00,343.9,342.8,343.9,342.5,16545856.100000001,48235,2025-08-21 10:29:59
2025-08-21 10:30:00,342.9,342.7,343.4,342.0,32941974.6,96169,2025-08-21 10:39:59
2025-08-21 10:40:00,342.6,342.0,342.7,340.3,45992298.1,134823,2025-08-21 10:49:59
2025-08-21 10:50:00,342.0,341.1,342.0,340.8,15048875.399999999,44096,2025-08-21 10:59:59
2025-08-21 11:00:00,340.8,339.5,340.9,339.5,32571878.599999998,95744,2025-08-21 11:09:59
2025-08-21 11:10:00,339.6,339.9,340.1,339.0,29615500.299999997,87254,2025-08-21 11:19:59
2025-08-21 11:20:00,339.9,340.0,340.0,339.5,12266344.8,36094,2025-08-21 11:29:59
2025-08-21 11:30:00,340.0,339.9,340.5,339.4,11680139.799999999,34356,2025-08-21 11:39:59
2025-08-21 11:40:00,339.8,340.8,340.8,339.8,7732735.0,22727,2025-08-21 11:49:59
2025-08-21 11:50:00,340.7,340.0,341.6,339.6,38992710.70000001,114428,2025-08-21 11:59:59
2025-08-21 12:00:00,339.9,340.5,340.6,339.4,5450965.300000001,16040,2025-08-21 12:09:59
2025-08-21 12:10:00,340.5,340.9,341.4,340.5,6080165.199999999,17829,2025-08-21 12:19:59
2025-08-21 12:20:00,340.9,340.6,341.0,340.4,3191573.999999998,9368,2025-08-21 12:29:59
2025-08-21 12:30:00,340.4,341.1,341.1,340.2,3061056.8,8981,2025-08-21 12:39:59
2025-08-21 12:40:00,341.1,341.4,341.5,340.9,2655232.1,7782,2025-08-21 12:49:59
2025-08-21 12:50:00,341.5,341.7,342.3,341.3,13356469.1,39074,2025-08-21 12:59:59
2025-08-21 13:00:00,341.8,341.0,341.8,341.0,3595938.3999999994,10537,2025-08-21 13:09:59
2025-08-21 13:10:00,341.1,340.1,341.1,340.1,9737774.299999999,28602,2025-08-21 13:19:59
2025-08-21 13:20:00,340.1,338.8,340.2,338.3,28036342.300000023,82616,2025-08-21 13:29:59
2025-08-21 13:30:00,338.8,338.7,339.5,338.4,21524144.999999996,63519,2025-08-21 13:39:59
2025-08-21 13:40:00,338.6,337.7,339.2,337.2,30850533.69999995,91225,2025-08-21 13:49:59
2025-08-21 13:50:00,337.5,337.6,337.7,336.3,27846074.299999997,82666,2025-08-21 13:59:59
2025-08-21 14:00:00,337.6,338.5,339.1,336.2,40097039.0,118753,2025-08-21 14:09:59
2025-08-21 14:10:00,338.4,339.1,339.8,338.4,20693773.5,60979,2025-08-21 14:19:59
2025-08-21 14:20:00,339.2,339.3,339.8,339.0,8692357.200000001,25613,2025-08-21 14:29:59
2025-08-21 14:30:00,339.3,339.4,340.0,339.0,14752801.200000003,43451,2025-08-21 14:39:59
2025-08-21 14:40:00,339.4,339.1,339.4,338.7,7403477.499999999,21833,2025-08-21 14:49:59
2025-08-21 14:50:00,339.1,339.4,339.6,338.8,3379601.1000000006,9963,2025-08-21 14:59:59
2025-08-21 15:00:00,339.5,339.4,340.0,339.2,8815228.6,25949,2025-08-21 15:09:59
2025-08-21 15:10:00,339.4,339.4,339.8,339.0,2469116.5,7271,2025-08-21 15:19:59
2025-08-21 15:20:00,339.4,339.7,339.7,339.3,3481000.4999999995,10252,2025-08-21 15:29:59
2025-08-21 15:30:00,339.7,339.0,339.7,338.8,1731302.2000000002,5106,2025-08-21 15:39:59
2025-08-21 15:40:00,339.1,338.5,339.5,338.4,3053776.0,9013,2025-08-21 15:49:59
2025-08-21 15:50:00,338.5,338.4,339.2,338.3,4164025.5000000005,12298,2025-08-21 15:59:59
2025-08-21 16:00:00,338.5,338.2,338.5,338.1,4720351.3,13955,2025-08-21 16:09:59
2025-08-21 16:10:00,338.3,338.3,338.3,337.8,14690605.199999997,43462,2025-08-21 16:19:59
2025-08-21 16:20:00,338.3,338.2,338.4,338.1,5362584.9,15850,2025-08-21 16:29:59
2025-08-21 16:30:00,338.2,336.9,338.3,336.7,37671043.09999997,111599,2025-08-21 16:39:59
2025-08-21 16:40:00,336.8,336.1,336.9,335.8,25922517.500000007,77101,2025-08-21 16:49:59
2025-08-21 16:50:00,335.9,336.0,336.3,335.1,25781975.500000045,76804,2025-08-21 16:59:59
2025-08-21 17:00:00,336.0,336.4,336.8,335.2,24654022.5,73328,2025-08-21 17:09:59
2025-08-21 17:10:00,336.4,336.0,336.5,335.2,21170812.299999993,63020,2025-08-21 17:19:59
2025-08-21 17:20:00,336.0,338.2,338.5,335.9,31507973.00000001,93348,2025-08-21 17:29:59
2025-08-21 17:30:00,338.2,338.4,339.0,338.1,16308392.899999999,48178,2025-08-21 17:39:59
2025-08-21 17:40:00,338.5,338.2,338.5,338.0,14579842.299999999,43119,2025-08-21 17:49:59
2025-08-21 17:50:00,338.2,338.1,338.5,338.1,4695279.499999999,13881,2025-08-21 17:59:59
2025-08-21 18:00:00,338.1,336.3,338.2,336.3,30381412.4,89977,2025-08-21 18:09:59
2025-08-21 18:10:00,336.5,335.8,336.9,335.7,13403243.8,39864,2025-08-21 18:19:59
2025-08-21 18:20:00,335.7,337.2,337.2,335.7,8356016.399999999,24826,2025-08-21 18:29:59
2025-08-21 18:30:00,337.2,336.9,337.2,336.7,4258071.5,12635,2025-08-21 18:39:59
2025-08-21 18:40:00,336.9,336.9,336.9,336.9,1813532.7000000002,5383,2025-08-21 18:49:10
2025-08-21 19:00:00,336.7,336.8,337.2,336.7,2519550.7,7479,2025-08-21 19:09:59
2025-08-21 19:10:00,336.8,336.2,337.0,336.0,8735462.7,25961,2025-08-21 19:19:59
2025-08-21 19:20:00,336.0,337.4,337.5,336.0,5471993.7,16237,2025-08-21 19:29:59
2025-08-21 19:30:00,337.3,337.8,338.0,337.3,9718626.3,28772,2025-08-21 19:39:59
2025-08-21 19:40:00,337.8,338.1,338.4,337.8,6395286.1,18916,2025-08-21 19:49:59
2025-08-21 19:50:00,338.0,336.8,338.1,336.7,5148499.9,15258,2025-08-21 19:59:59
2025-08-21 20:00:00,336.9,337.1,338.0,336.9,3339785.3000000003,9893,2025-08-21 20:09:59
2025-08-21 20:10:00,337.1,337.7,338.0,337.1,2111134.5,6257,2025-08-21 20:19:59
2025-08-21 20:20:00,337.7,337.9,338.2,337.6,2359278.7999999993,6980,2025-08-21 20:29:59
2025-08-21 20:30:00,337.9,338.3,338.4,337.9,3402386.7,10062,2025-08-21 20:39:59
2025-08-21 20:40:00,338.1,338.0,338.5,338.0,2594707.3000000003,7671,2025-08-21 20:49:59
2025-08-21 20:50:00,338.0,338.1,338.4,337.9,3987357.199999999,11788,2025-08-21 20:59:59
2025-08-21 21:00:00,338.3,337.2,338.3,337.0,2792433.2000000007,8272,2025-08-21 21:09:59
2025-08-21 21:10:00,337.1,337.5,337.6,337.0,4054156.8000000003,12024,2025-08-21 21:19:59
2025-08-21 21:20:00,337.5,337.2,337.6,337.0,2700720.5,8006,2025-08-21 21:29:59
2025-08-21 21:30:00,337.2,336.5,337.2,336.5,880200.7999999999,2612,2025-08-21 21:39:59
2025-08-21 21:40:00,336.5,336.2,336.8,336.2,11343072.400000002,33724,2025-08-21 21:49:59
2025-08-21 21:50:00,336.2,335.7,336.3,335.7,5887997.0,17524,2025-08-21 21:59:59
2025-08-21 22:00:00,335.9,335.8,336.1,335.7,2375047.5,7070,2025-08-21 22:09:59
2025-08-21 22:10:00,335.8,336.1,336.1,335.6,2135482.4999999995,6359,2025-08-21 22:19:59
2025-08-21 22:20:00,336.1,335.6,336.1,335.6,1090900.3,3250,2025-08-21 22:29:59
2025-08-21 22:30:00,335.6,335.5,335.8,335.5,1232922.0,3674,2025-08-21 22:39:59
2025-08-21 22:40:00,335.5,335.3,335.8,335.3,6808656.700000001,20293,2025-08-21 22:49:59
2025-08-21 22:50:00,335.4,335.3,335.4,335.3,3824168.5999999996,11405,2025-08-21 22:59:59
2025-08-21 23:00:00,335.3,334.8,335.6,334.3,14495819.000000004,43284,2025-08-21 23:09:59
2025-08-21 23:10:00,334.7,335.1,335.4,334.7,3851721.4,11490,2025-08-21 23:19:59
2025-08-21 23:20:00,335.2,335.0,335.3,334.5,5047223.800000001,15079,2025-08-21 23:29:59
2025-08-21 23:30:00,335.0,335.2,335.2,334.7,3525817.1,10524,2025-08-21 23:39:59
2025-08-21 23:40:00,335.2,334.8,335.3,334.8,4025940.8,12017,2025-08-21 23:49:59
2025-08-22 06:50:00,336.0,336.0,336.0,336.0,348432.0,1037,2025-08-22 06:59:59
2025-08-22 07:00:00,336.0,335.8,337.0,334.9,10483362.200000005,31217,2025-08-22 07:09:59
2025-08-22 07:10:00,335.8,335.7,336.0,335.2,2473118.8,7374,2025-08-22 07:19:59
2025-08-22 07:20:00,335.6,335.5,335.9,335.3,3501276.2,10433,2025-08-22 07:29:59
2025-08-22 07:30:00,335.8,335.5,335.8,335.4,810954.7999999999,2417,2025-08-22 07:39:59
2025-08-22 07:40:00,335.5,333.7,335.5,333.1,13372111.8,40030,2025-08-22 07:49:59
2025-08-22 07:50:00,333.2,332.4,333.5,332.0,19855817.300000004,59718,2025-08-22 07:59:59
2025-08-22 08:00:00,332.3,333.3,333.8,332.2,7085644.200000001,21283,2025-08-22 08:09:59
2025-08-22 08:10:00,333.3,334.1,334.1,333.1,5353517.0,16053,2025-08-22 08:19:59
2025-08-22 08:20:00,334.0,334.1,334.2,333.4,5604681.1,16785,2025-08-22 08:29:59
2025-08-22 08:30:00,333.8,334.4,334.4,333.7,2574444.5,7706,2025-08-22 08:39:59
2025-08-22 08:40:00,334.4,333.8,334.4,333.8,2748911.6,8229,2025-08-22 08:49:59
2025-08-22 08:50:00,333.9,333.9,334.1,333.3,2485080.7,7447,2025-08-22 08:59:59
2025-08-22 09:00:00,333.8,335.4,335.8,333.8,9078737.7,27093,2025-08-22 09:09:59
2025-08-22 09:10:00,335.2,335.4,335.4,334.7,3917298.5000000005,11693,2025-08-22 09:19:59
2025-08-22 09:20:00,335.4,334.8,335.6,334.5,4664295.699999999,13923,2025-08-22 09:29:59
2025-08-22 09:30:00,335.0,334.4,335.1,334.2,2072309.3999999997,6193,2025-08-22 09:39:59
2025-08-22 09:40:00,334.4,334.1,334.4,333.4,3934202.5,11786,2025-08-22 09:49:59
2025-08-22 09:50:00,334.1,334.6,334.8,333.9,2616908.8000000003,7826,2025-08-22 09:59:59
2025-08-22 10:00:00,334.2,335.2,335.3,333.9,4797166.099999999,14331,2025-08-22 10:09:59
2025-08-22 10:10:00,335.3,335.4,335.4,334.2,9799466.6,29263,2025-08-22 10:19:59
2025-08-22 10:20:00,335.4,335.7,336.1,335.0,13085382.5,38989,2025-08-22 10:29:59
2025-08-22 10:30:00,335.8,335.0,336.0,335.0,6490870.5,19342,2025-08-22 10:39:59
2025-08-22 10:40:00,334.9,334.6,335.1,334.3,5905751.399999999,17651,2025-08-22 10:49:59
2025-08-22 10:50:00,334.6,334.6,335.0,334.1,2260231.3000000003,6758,2025-08-22 10:59:59
2025-08-22 11:00:00,334.6,335.6,335.6,334.3,4154957.6000000006,12407,2025-08-22 11:09:59
2025-08-22 11:10:00,335.3,335.3,335.6,334.9,1619981.9000000001,4833,2025-08-22 11:19:59
2025-08-22 11:20:00,335.3,334.7,335.8,334.7,10329702.899999999,30811,2025-08-22 11:29:59
2025-08-22 11:30:00,334.7,335.6,335.8,334.7,2769401.2,8256,2025-08-22 11:39:59
2025-08-22 11:40:00,335.7,335.6,335.9,335.2,1584022.0,4719,2025-08-22 11:49:59
2025-08-22 11:50:00,335.8,335.4,335.9,335.3,2191608.6,6528,2025-08-22 11:59:59
2025-08-22 12:00:00,335.5,335.2,335.8,335.1,5252134.1,15659,2025-08-22 12:09:59
2025-08-22 12:10:00,335.3,335.9,336.4,334.2,11576596.2,34517,2025-08-22 12:19:59
2025-08-22 12:20:00,336.0,336.9,337.4,335.8,17459295.5,51837,2025-08-22 12:29:59
2025-08-22 12:30:00,336.9,336.6,337.2,336.6,4698933.1,13950,2025-08-22 12:39:59
2025-08-22 12:40:00,336.7,336.7,337.2,336.5,1816748.9000000004,5393,2025-08-22 12:49:59
2025-08-22 12:50:00,337.0,336.8,337.1,336.7,1821159.0000000002,5405,2025-08-22 12:59:59
2025-08-22 13:00:00,336.9,337.7,338.0,336.7,14233961.200000001,42161,2025-08-22 13:09:59
2025-08-22 13:10:00,337.9,338.2,338.5,337.8,8279299.000000002,24484,2025-08-22 13:19:59
2025-08-22 13:20:00,338.2,338.2,338.2,337.7,8944365.1,26462,2025-08-22 13:29:59
2025-08-22 13:30:00,338.2,337.9,338.2,337.8,4639765.1,13721,2025-08-22 13:39:59
2025-08-22 13:40:00,337.9,338.2,338.2,337.7,3767024.1000000006,11144,2025-08-22 13:49:59
2025-08-22 13:50:00,338.2,338.2,338.2,337.9,11714984.5,34644,2025-08-22 13:59:59
2025-08-22 14:00:00,338.2,339.0,339.0,338.0,14399110.400000004,42527,2025-08-22 14:09:59
2025-08-22 14:10:00,339.0,338.0,339.0,337.6,5880057.1,17397,2025-08-22 14:19:59
2025-08-22 14:20:00,337.9,337.4,338.3,337.4,5597634.1,16568,2025-08-22 14:29:59
2025-08-22 14:30:00,337.4,339.1,339.6,337.4,7116471.499999999,20994,2025-08-22 14:39:59
2025-08-22 14:40:00,339.1,338.8,339.4,338.5,5570643.100000001,16438,2025-08-22 14:49:59
2025-08-22 14:50:00,338.8,337.7,338.9,337.6,7442951.6,22016,2025-08-22 14:59:59
2025-08-22 15:00:00,337.9,337.3,338.2,337.2,7678049.399999999,22746,2025-08-22 15:09:59
2025-08-22 15:10:00,337.3,337.3,337.4,337.1,3813190.6,11309,2025-08-22 15:19:59
2025-08-22 15:20:00,337.3,337.3,337.7,337.1,1929807.6,5718,2025-08-22 15:29:59
2025-08-22 15:30:00,337.6,337.2,337.9,337.1,4533475.800000001,13433,2025-08-22 15:39:59
2025-08-22 15:40:00,337.2,337.6,337.8,337.0,18383576.299999993,54501,2025-08-22 15:49:59
2025-08-22 15:50:00,337.4,336.5,337.6,336.5,5801833.1000000015,17235,2025-08-22 15:59:59
2025-08-22 16:00:00,336.5,336.0,336.6,335.5,12493352.800000006,37186,2025-08-22 16:09:59
2025-08-22 16:10:00,335.9,336.3,336.5,335.6,6018169.7,17909,2025-08-22 16:19:59
2025-08-22 16:20:00,336.1,335.6,336.2,335.5,2179623.8,6493,2025-08-22 16:29:59
2025-08-22 16:30:00,335.6,336.3,336.5,335.6,3535170.1999999997,10519,2025-08-22 16:39:59
2025-08-22 16:40:00,336.3,335.8,336.3,335.8,1394117.0,4148,2025-08-22 16:49:59
2025-08-22 16:50:00,335.8,336.3,337.1,335.8,7658474.699999997,22748,2025-08-22 16:59:59
2025-08-22 17:00:00,336.3,337.5,337.9,336.3,14341014.200000001,42499,2025-08-22 17:09:59
2025-08-22 17:10:00,337.6,337.3,337.9,337.0,2215965.2,6567,2025-08-22 17:19:59
2025-08-22 17:20:00,337.3,337.0,337.3,336.5,2531645.4,7514,2025-08-22 17:29:59
2025-08-22 17:30:00,337.0,337.3,337.5,336.7,1716015.7999999998,5088,2025-08-22 17:39:59
2025-08-22 17:40:00,337.3,337.2,337.5,337.2,1748799.2000000004,5185,2025-08-22 17:49:59
2025-08-22 17:50:00,337.1,336.9,337.2,336.8,2324641.9,6898,2025-08-22 17:59:59
2025-08-22 18:00:00,336.9,337.3,338.3,336.9,9252037.000000002,27402,2025-08-22 18:09:59
2025-08-22 18:10:00,337.2,337.3,337.5,337.1,1661269.7999999998,4927,2025-08-22 18:19:59
2025-08-22 18:20:00,337.5,337.1,337.6,337.1,3760887.4000000004,11149,2025-08-22 18:29:59
2025-08-22 18:30:00,337.1,338.1,338.4,337.0,9692603.2,28692,2025-08-22 18:39:59
2025-08-22 18:40:00,338.4,338.4,338.4,338.4,184766.4,546,2025-08-22 18:48:05
2025-08-22 19:00:00,338.3,338.0,338.3,338.0,913709.8,2702,2025-08-22 19:09:59
2025-08-22 19:10:00,338.0,338.1,338.3,337.9,2269166.0,6711,2025-08-22 19:19:59
2025-08-22 19:20:00,338.1,337.5,338.3,337.5,1916536.4,5667,2025-08-22 19:29:59
2025-08-22 19:30:00,337.6,337.9,338.1,337.5,231677.4,686,2025-08-22 19:39:59
2025-08-22 19:40:00,337.9,337.7,337.9,337.7,847861.0,2510,2025-08-22 19:49:59
2025-08-22 19:50:00,337.7,337.9,337.9,337.7,146637.4,434,2025-08-22 19:59:59
2025-08-22 20:00:00,337.7,337.6,337.9,337.6,701681.7,2078,2025-08-22 20:09:59
2025-08-22 20:10:00,337.6,337.6,337.8,337.6,762365.4,2258,2025-08-22 20:19:59
2025-08-22 20:20:00,337.6,337.9,337.9,337.5,1464580.0000000002,4336,2025-08-22 20:29:59
2025-08-22 20:30:00,337.8,337.3,338.3,337.0,6475711.5,19173,2025-08-22 20:39:59
2025-08-22 20:40:00,337.2,337.3,337.4,337.0,2858476.8000000003,8480,2025-08-22 20:49:59
2025-08-22 20:50:00,337.5,337.2,337.7,337.2,1673385.8,4960,2025-08-22 20:59:59
2025-08-22 21:00:00,337.4,337.2,337.4,337.0,1899218.5000000002,5634,2025-08-22 21:09:59
2025-08-22 21:10:00,337.1,337.2,337.2,337.0,1505446.7999999998,4467,2025-08-22 21:19:59
2025-08-22 21:20:00,337.0,337.0,337.4,337.0,291922.69999999995,866,2025-08-22 21:29:59
2025-08-22 21:30:00,337.1,337.4,337.4,337.0,248167.59999999998,736,2025-08-22 21:39:59
2025-08-22 21:40:00,337.3,337.3,337.3,337.1,570638.9,1692,2025-08-22 21:49:59
2025-08-22 21:50:00,337.2,337.0,337.4,337.0,539724.6,1601,2025-08-22 21:59:59
2025-08-22 22:00:00,337.1,337.0,337.2,336.8,643648.7,1910,2025-08-22 22:09:59
2025-08-22 22:10:00,337.0,336.9,337.1,336.8,266206.9,790,2025-08-22 22:19:59
2025-08-22 22:20:00,336.9,337.4,337.4,336.8,1361852.2,4038,2025-08-22 22:29:59
2025-08-22 22:30:00,337.3,337.9,337.9,337.2,8122264.100000001,24062,2025-08-22 22:39:59
2025-08-22 22:40:00,338.0,338.3,338.4,338.0,7050285.199999999,20844,2025-08-22 22:49:59
2025-08-22 22:50:00,338.2,338.2,338.4,338.2,1405823.8,4156,2025-08-22 22:59:59
2025-08-22 23:00:00,338.1,339.0,339.1,338.1,4860880.6,14352,2025-08-22 23:09:59
2025-08-22 23:10:00,339.0,339.0,339.2,338.8,2651007.8,7821,2025-08-22 23:19:59
2025-08-22 23:20:00,338.8,339.0,339.0,338.2,7477934.399999999,22086,2025-08-22 23:29:59
2025-08-22 23:30:00,338.7,338.9,339.2,338.6,5457250.3999999985,16102,2025-08-22 23:39:59
2025-08-22 23:40:00,338.9,338.4,338.9,338.4,2202293.2,6504,2025-08-22 23:49:59
2025-08-23 09:50:00,338.0,338.0,338.0,338.0,33800.0,100,2025-08-23 09:59:59
2025-08-23 10:00:00,338.1,339.3,339.5,337.4,5468015.3,16121,2025-08-23 10:09:59
2025-08-23 10:10:00,339.3,340.4,340.6,339.2,6629255.2,19497,2025-08-23 10:19:59
2025-08-23 10:20:00,340.1,341.4,342.0,340.1,16180952.1,47392,2025-08-23 10:29:59
2025-08-23 10:30:00,341.5,340.7,341.5,340.4,2515426.5999999996,7382,2025-08-23 10:39:59
2025-08-23 10:40:00,340.6,340.5,340.9,340.3,1033522.1,3034,2025-08-23 10:49:59
2025-08-23 10:50:00,340.5,340.9,340.9,340.4,255958.60000000003,751,2025-08-23 10:59:59
2025-08-23 11:00:00,340.8,340.6,340.9,340.6,300292.79999999993,881,2025-08-23 11:09:59
2025-08-23 11:10:00,340.6,340.2,340.8,340.2,3388828.5,9954,2025-08-23 11:19:59
2025-08-23 11:20:00,340.4,340.5,340.7,340.2,668543.0,1964,2025-08-23 11:29:59
2025-08-23 11:30:00,340.7,340.5,340.7,340.4,852905.4,2505,2025-08-23 11:39:59
2025-08-23 11:40:00,340.4,340.4,340.5,340.4,991595.5,2913,2025-08-23 11:49:59
2025-08-23 11:50:00,340.4,340.3,340.4,340.0,2236874.0,6576,2025-08-23 11:59:59
2025-08-23 12:00:00,340.3,340.1,340.5,340.0,525481.7,1544,2025-08-23 12:09:59
2025-08-23 12:10:00,340.1,340.2,340.4,340.1,95237.49999999999,280,2025-08-23 12:19:59
2025-08-23 12:20:00,340.2,340.3,340.3,340.1,24829.4,73,2025-08-23 12:29:59
2025-08-23 12:30:00,340.3,340.2,340.5,340.2,2279178.6,6694,2025-08-23 12:39:59
2025-08-23 12:40:00,340.2,340.1,340.5,340.1,502588.60000000003,1477,2025-08-23 12:49:59
2025-08-23 12:50:00,340.0,340.0,340.1,339.8,650464.7,1914,2025-08-23 12:59:59
2025-08-23 13:00:00,339.8,340.1,340.5,339.8,1231272.7999999996,3620,2025-08-23 13:09:59
2025-08-23 13:10:00,340.0,340.3,340.9,339.8,2509787.7,7375,2025-08-23 13:19:59
2025-08-23 13:20:00,340.3,340.6,340.9,340.0,1175351.5999999999,3450,2025-08-23 13:29:59
2025-08-23 13:30:00,340.3,340.1,340.7,340.1,267433.6,786,2025-08-23 13:39:59
2025-08-23 13:40:00,340.1,340.3,340.8,340.1,405352.4,1191,2025-08-23 13:49:59
2025-08-23 13:50:00,340.2,340.2,340.7,340.1,82036.0,241,2025-08-23 13:59:59
2025-08-23 14:00:00,340.2,340.4,340.4,340.0,273118.0,803,2025-08-23 14:09:59
2025-08-23 14:10:00,340.1,340.0,340.4,340.0,119711.70000000001,352,2025-08-23 14:19:59
2025-08-23 14:20:00,340.0,340.2,340.2,340.0,23123.5,68,2025-08-23 14:29:59
2025-08-23 14:30:00,340.2,340.4,340.4,340.0,36050.3,106,2025-08-23 14:39:59
2025-08-23 14:40:00,340.4,340.2,340.5,340.1,112628.7,331,2025-08-23 14:49:59
2025-08-23 14:50:00,340.5,340.2,340.5,340.2,65008.8,191,2025-08-23 14:58:06
2025-08-23 15:00:00,340.3,340.5,340.5,340.2,72153.9,212,2025-08-23 15:09:59
2025-08-23 15:10:00,340.6,340.3,340.7,340.3,128656.20000000001,378,2025-08-23 15:19:59
2025-08-23 15:20:00,340.3,340.6,340.6,340.2,397645.8,1168,2025-08-23 15:29:59
2025-08-23 15:30:00,340.6,340.6,340.6,340.3,235648.99999999997,692,2025-08-23 15:39:59
2025-08-23 15:40:00,340.3,340.4,340.6,340.3,251692.19999999998,739,2025-08-23 15:49:59
2025-08-23 15:50:00,340.5,340.4,340.5,340.4,18382.1,54,2025-08-23 15:59:02
2025-08-23 16:00:00,340.5,340.5,340.5,340.3,203577.90000000002,598,2025-08-23 16:09:59
2025-08-23 16:10:00,340.3,340.0,340.5,340.0,778394.0,2288,2025-08-23 16:19:59
2025-08-23 16:20:00,340.0,340.0,340.4,340.0,203717.69999999998,599,2025-08-23 16:29:59
2025-08-23 16:30:00,340.3,339.9,340.3,339.9,1700.7,5,2025-08-23 16:39:59
2025-08-23 16:40:00,340.3,340.1,340.3,340.0,76901.20000000001,226,2025-08-23 16:49:59
2025-08-23 16:50:00,340.1,340.1,340.5,340.0,605346.7,1779,2025-08-23 16:59:59
2025-08-23 17:00:00,340.0,340.4,340.4,340.0,68724.0,202,2025-08-23 17:09:59
2025-08-23 17:10:00,340.4,340.0,340.4,340.0,422005.1,1241,2025-08-23 17:19:59
2025-08-23 17:20:00,339.9,339.8,340.0,339.8,138679.69999999998,408,2025-08-23 17:29:59
2025-08-23 17:30:00,340.0,340.2,340.2,339.9,217656.7,640,2025-08-23 17:39:59
2025-08-23 17:40:00,339.9,340.3,340.3,339.8,225886.0,664,2025-08-23 17:49:59
2025-08-23 17:50:00,340.3,340.3,340.3,340.0,24837.699999999997,73,2025-08-23 17:59:59
2025-08-23 18:00:00,340.0,340.4,340.4,340.0,253869.4,746,2025-08-23 18:09:59
2025-08-23 18:10:00,340.4,340.4,340.4,340.1,56124.9,165,2025-08-23 18:19:59
2025-08-23 18:20:00,340.1,340.0,340.1,340.0,518529.0,1525,2025-08-23 18:29:59
2025-08-23 18:30:00,339.9,340.0,340.0,339.9,127496.7,375,2025-08-23 18:39:59
2025-08-23 18:40:00,340.0,340.0,340.0,339.9,132931.69999999998,391,2025-08-23 18:49:59
2025-08-23 18:50:00,340.0,340.0,340.0,339.9,400178.0,1177,2025-08-23 18:59:59
2025-08-24 09:50:00,340.0,340.0,340.0,340.0,15640.0,46,2025-08-24 09:59:59
2025-08-24 10:00:00,340.5,340.5,341.1,340.1,1251290.7000000002,3672,2025-08-24 10:09:59
2025-08-24 10:10:00,340.5,339.8,340.5,339.7,429200.19999999995,1263,2025-08-24 10:19:59
2025-08-24 10:20:00,339.8,339.8,340.0,339.7,1081738.5,3184,2025-08-24 10:29:59
2025-08-24 10:30:00,339.8,339.0,339.8,338.6,2426536.1,7151,2025-08-24 10:39:59
2025-08-24 10:40:00,339.0,339.2,339.6,339.0,545765.3999999999,1608,2025-08-24 10:49:59
2025-08-24 10:50:00,339.2,339.5,339.7,339.2,50596.2,149,2025-08-24 10:59:59
2025-08-24 11:00:00,339.4,339.2,339.6,339.2,152349.3,449,2025-08-24 11:09:59
2025-08-24 11:10:00,339.2,339.7,339.7,339.2,432188.0,1274,2025-08-24 11:19:59
2025-08-24 11:20:00,339.7,339.9,340.2,339.2,2551746.2,7507,2025-08-24 11:29:59
2025-08-24 11:30:00,340.1,339.8,340.1,339.4,321753.3,947,2025-08-24 11:39:59
2025-08-24 11:40:00,339.8,339.1,339.8,339.1,686156.3,2023,2025-08-24 11:49:59
2025-08-24 11:50:00,339.1,338.8,339.1,338.8,446813.3,1318,2025-08-24 11:59:59
2025-08-24 12:00:00,338.8,339.0,339.1,338.6,787446.8,2325,2025-08-24 12:09:59
2025-08-24 12:10:00,338.8,339.0,339.0,338.8,126435.1,373,2025-08-24 12:19:59
2025-08-24 12:20:00,339.1,338.9,339.2,338.9,43400.2,128,2025-08-24 12:29:59
2025-08-24 12:30:00,338.9,338.8,339.2,338.8,582182.2,1718,2025-08-24 12:39:59
2025-08-24 12:40:00,338.8,339.2,339.3,338.7,464068.5,1369,2025-08-24 12:49:59
2025-08-24 12:50:00,338.9,339.0,339.9,338.8,1167203.3000000003,3438,2025-08-24 12:59:59
2025-08-24 13:00:00,339.0,339.1,339.5,339.0,7123.5,21,2025-08-24 13:09:59
2025-08-24 13:10:00,339.1,339.1,339.4,339.1,135658.3,400,2025-08-24 13:19:59
2025-08-24 13:20:00,339.4,338.9,339.4,338.9,182749.19999999995,539,2025-08-24 13:29:59
2025-08-24 13:30:00,339.3,339.4,339.4,338.9,16952.3,50,2025-08-24 13:39:59
2025-08-24 13:40:00,339.4,339.3,339.4,338.9,482801.7,1423,2025-08-24 13:49:59
2025-08-24 13:50:00,339.3,338.9,339.4,338.9,95645.4,282,2025-08-24 13:56:01
2025-08-24 14:00:00,339.3,339.0,339.4,338.9,69547.1,205,2025-08-24 14:09:59
2025-08-24 14:10:00,339.5,338.8,339.5,338.8,78272.40000000001,231,2025-08-24 14:19:59
2025-08-24 14:20:00,339.0,339.0,339.0,338.8,21010.6,62,2025-08-24 14:29:59
2025-08-24 14:30:00,339.0,338.9,339.6,338.8,242412.0,715,2025-08-24 14:39:59
2025-08-24 14:40:00,339.2,339.2,339.3,338.8,31520.100000000002,93,2025-08-24 14:49:59
2025-08-24 14:50:00,339.3,338.9,339.3,338.9,13220.8,39,2025-08-24 14:59:01
2025-08-24 15:00:00,338.9,339.3,339.3,338.8,76631.2,226,2025-08-24 15:09:59
2025-08-24 15:10:00,339.3,339.0,339.3,338.8,34229.3,101,2025-08-24 15:19:59
2025-08-24 15:20:00,338.8,339.1,339.3,338.8,30160.2,89,2025-08-24 15:29:59
2025-08-24 15:30:00,339.1,338.9,339.1,338.9,212236.9,626,2025-08-24 15:39:59
2025-08-24 15:40:00,338.8,339.0,339.1,338.8,22023.3,65,2025-08-24 15:49:59
2025-08-24 15:50:00,338.8,338.6,339.0,338.6,806994.8,2383,2025-08-24 15:59:59
2025-08-24 16:00:00,339.0,338.9,339.0,338.5,225796.6,667,2025-08-24 16:09:59
2025-08-24 16:10:00,338.6,339.0,339.0,338.6,334886.0,988,2025-08-24 16:19:59
2025-08-24 16:20:00,339.0,339.0,339.1,339.0,8475.4,25,2025-08-24 16:29:59
2025-08-24 16:30:00,339.1,339.0,339.3,339.0,1169194.6,3448,2025-08-24 16:39:59
2025-08-24 16:40:00,338.8,338.8,339.2,338.7,451592.20000000007,1333,2025-08-24 16:49:59
2025-08-24 16:50:00,339.2,339.2,339.3,338.9,157054.8,463,2025-08-24 16:59:59
2025-08-24 17:00:00,339.3,338.8,339.3,338.8,55919.00000000001,165,2025-08-24 17:09:59
2025-08-24 17:10:00,339.3,339.4,339.6,339.1,2079555.9,6125,2025-08-24 17:19:59
2025-08-24 17:20:00,339.1,339.4,339.4,339.1,116700.49999999999,344,2025-08-24 17:29:59
2025-08-24 17:30:00,339.1,339.3,339.3,339.0,30859.8,91,2025-08-24 17:39:59
2025-08-24 17:40:00,339.3,339.0,339.3,339.0,107802.6,318,2025-08-24 17:49:59
2025-08-24 17:50:00,339.0,339.3,339.3,339.0,62063.4,183,2025-08-24 17:59:59
2025-08-24 18:00:00,339.0,339.3,339.3,339.0,64805.3,191,2025-08-24 18:09:59
2025-08-24 18:10:00,339.2,339.0,339.4,338.9,465183.9,1372,2025-08-24 18:19:59
2025-08-24 18:20:00,339.3,339.0,339.3,338.9,65099.899999999994,192,2025-08-24 18:29:59
2025-08-24 18:30:00,339.0,339.1,339.4,339.0,139805.9,412,2025-08-24 18:39:59
2025-08-24 18:40:00,339.4,339.0,339.4,339.0,2294009.0,6765,2025-08-24 18:49:59
2025-08-24 18:50:00,339.0,339.1,339.4,339.0,149979.8,442,2025-08-24 18:59:59
2025-08-25 06:50:00,339.2,339.2,339.2,339.2,6784.0,20,2025-08-25 06:59:59
2025-08-25 07:00:00,339.2,338.8,339.7,338.8,727911.6,2146,2025-08-25 07:09:59
2025-08-25 07:10:00,338.8,339.2,339.3,338.1,2627122.1999999997,7751,2025-08-25 07:19:59
2025-08-25 07:20:00,339.1,338.9,339.1,338.5,737284.2,2177,2025-08-25 07:29:59
2025-08-25 07:30:00,339.0,338.6,339.0,338.5,746466.8,2203,2025-08-25 07:39:59
2025-08-25 07:40:00,338.4,338.5,338.6,337.9,4764441.2,14089,2025-08-25 07:49:59
2025-08-25 07:50:00,338.1,338.2,338.5,338.1,42949.9,127,2025-08-25 07:59:59
2025-08-25 08:00:00,338.1,338.0,338.5,337.9,1974713.3,5838,2025-08-25 08:09:59
2025-08-25 08:10:00,338.4,338.1,338.4,336.9,7894188.699999999,23389,2025-08-25 08:19:59
2025-08-25 08:20:00,338.1,338.5,338.8,338.1,1217603.0999999999,3597,2025-08-25 08:29:59
2025-08-25 08:30:00,338.7,337.8,339.1,337.5,5495287.1,16250,2025-08-25 08:39:59
2025-08-25 08:40:00,337.9,338.3,338.9,337.9,5479111.399999999,16186,2025-08-25 08:49:59
2025-08-25 08:50:00,338.5,338.5,338.9,338.3,1422537.7,4202,2025-08-25 08:59:59
2025-08-25 09:00:00,338.4,337.4,338.7,337.4,5311167.300000001,15716,2025-08-25 09:09:59
2025-08-25 09:10:00,337.5,337.3,337.6,337.0,4167047.4,12358,2025-08-25 09:19:59
2025-08-25 09:20:00,337.3,336.6,337.4,336.6,4732946.400000002,14051,2025-08-25 09:29:59
2025-08-25 09:30:00,336.6,336.6,336.7,335.9,5323128.899999999,15828,2025-08-25 09:39:59
2025-08-25 09:40:00,336.4,336.6,336.9,336.3,3864006.2,11480,2025-08-25 09:49:59
2025-08-25 09:50:00,336.7,336.3,337.3,336.3,3013923.9000000004,8947,2025-08-25 09:59:59
2025-08-25 10:00:00,336.3,337.0,337.4,336.0,8698418.1,25843,2025-08-25 10:09:59
2025-08-25 10:10:00,337.3,336.5,337.4,336.5,3722115.9999999995,11043,2025-08-25 10:19:59
2025-08-25 10:20:00,336.6,336.8,337.0,336.3,4522499.8,13432,2025-08-25 10:29:59
2025-08-25 10:30:00,336.7,336.8,337.4,336.4,6110793.7,18140,2025-08-25 10:39:59
2025-08-25 10:40:00,337.0,336.6,337.2,336.6,1619856.9,4808,2025-08-25 10:49:59
2025-08-25 10:50:00,336.8,336.6,337.3,336.6,1577389.3,4682,2025-08-25 10:59:59
2025-08-25 11:00:00,336.6,335.1,336.7,335.1,11935298.5,35552,2025-08-25 11:09:59
2025-08-25 11:10:00,335.3,334.9,336.5,334.7,10466399.2,31193,2025-08-25 11:19:59
2025-08-25 11:20:00,334.8,335.0,335.0,334.2,9192573.2,27475,2025-08-25 11:29:59
2025-08-25 11:30:00,334.9,334.9,335.0,334.6,7302330.1,21809,2025-08-25 11:39:59
2025-08-25 11:40:00,335.0,334.4,335.0,333.8,10488443.299999997,31389,2025-08-25 11:49:59
2025-08-25 11:50:00,334.6,334.4,335.0,334.4,10925257.399999999,32628,2025-08-25 11:59:59
2025-08-25 12:00:00,334.5,334.5,334.7,334.1,6275398.300000001,18771,2025-08-25 12:09:59
2025-08-25 12:10:00,334.5,334.6,335.0,334.5,5756625.699999998,17195,2025-08-25 12:19:59
2025-08-25 12:20:00,334.6,334.9,334.9,334.6,1489932.4000000006,4451,2025-08-25 12:29:59
2025-08-25 12:30:00,334.8,334.5,334.9,334.2,4461849.799999999,13341,2025-08-25 12:39:59
2025-08-25 12:40:00,334.6,334.1,334.9,334.0,9622382.1,28787,2025-08-25 12:49:59
2025-08-25 12:50:00,334.1,333.5,334.2,333.4,6933968.2,20773,2025-08-25 12:59:59
2025-08-25 13:00:00,333.6,334.4,334.4,333.3,10158789.0,30439,2025-08-25 13:09:59
2025-08-25 13:10:00,334.4,333.5,334.5,333.5,12237645.000000002,36624,2025-08-25 13:19:59
2025-08-25 13:20:00,333.7,333.7,333.9,333.4,4560472.7,13671,2025-08-25 13:29:59
2025-08-25 13:30:00,333.6,333.5,333.6,333.3,2991598.8000000007,8973,2025-08-25 13:39:59
2025-08-25 13:40:00,333.6,334.2,334.2,333.4,6580717.9,19718,2025-08-25 13:49:59
2025-08-25 13:50:00,334.2,334.7,335.0,333.9,16037701.000000004,47927,2025-08-25 13:59:59
2025-08-25 14:00:00,334.7,334.7,334.9,334.5,4484477.300000001,13398,2025-08-25 14:09:59
2025-08-25 14:10:00,334.6,334.6,334.7,334.4,2606913.1,7792,2025-08-25 14:19:59
2025-08-25 14:20:00,334.6,334.7,334.9,334.3,1540228.5999999999,4603,2025-08-25 14:29:59
2025-08-25 14:30:00,334.7,334.5,334.9,334.0,8508381.5,25436,2025-08-25 14:39:59
2025-08-25 14:40:00,334.4,333.0,334.5,333.0,10457943.2,31348,2025-08-25 14:49:59
2025-08-25 14:50:00,333.1,333.2,333.6,332.9,10815962.400000006,32462,2025-08-25 14:59:59
2025-08-25 15:00:00,333.2,333.0,333.2,332.4,8410544.30000003,25273,2025-08-25 15:09:59
2025-08-25 15:10:00,333.0,333.2,333.4,333.0,3229437.5,9691,2025-08-25 15:19:59
2025-08-25 15:20:00,333.1,332.4,333.3,332.2,9875316.1,29671,2025-08-25 15:29:59
2025-08-25 15:30:00,332.4,332.1,332.9,332.0,22756621.69999994,68511,2025-08-25 15:39:59
2025-08-25 15:40:00,332.0,331.9,332.5,331.4,23818282.800000004,71758,2025-08-25 15:49:59
2025-08-25 15:50:00,332.2,332.4,332.8,331.7,9619315.3,28947,2025-08-25 15:59:59
2025-08-25 16:00:00,332.5,332.0,332.7,331.7,9948235.3,29958,2025-08-25 16:09:59
2025-08-25 16:10:00,332.0,333.7,333.7,332.0,8550447.599999998,25656,2025-08-25 16:19:59
2025-08-25 16:20:00,333.6,333.3,333.6,333.1,1004234.8,3013,2025-08-25 16:29:59
2025-08-25 16:30:00,333.3,333.4,333.7,333.3,1029160.9,3086,2025-08-25 16:39:59
2025-08-25 16:40:00,333.6,333.8,334.0,333.4,2839060.5,8507,2025-08-25 16:49:59
2025-08-25 16:50:00,333.8,334.6,334.8,333.8,10107721.499999998,30230,2025-08-25 16:59:59
2025-08-25 17:00:00,334.5,334.8,334.9,334.4,8479209.5,25332,2025-08-25 17:09:59
2025-08-25 17:10:00,334.8,334.0,334.8,333.9,9905979.700000001,29631,2025-08-25 17:19:59
2025-08-25 17:20:00,334.1,333.7,334.4,333.5,8706281.4,26075,2025-08-25 17:29:59
2025-08-25 17:30:00,333.8,333.8,334.6,333.7,6188891.700000001,18520,2025-08-25 17:39:59
2025-08-25 17:40:00,333.8,333.1,334.0,333.1,8760771.6,26286,2025-08-25 17:49:59
2025-08-25 17:50:00,333.1,333.3,333.4,332.7,2216106.6,6654,2025-08-25 17:59:59
2025-08-25 18:00:00,333.3,334.6,335.0,333.3,12120911.700000001,36226,2025-08-25 18:09:59
2025-08-25 18:10:00,334.8,333.7,334.8,333.7,8980504.299999999,26874,2025-08-25 18:19:59
2025-08-25 18:20:00,333.7,332.9,333.8,332.7,5620358.9,16876,2025-08-25 18:29:59
2025-08-25 18:30:00,332.9,332.3,332.9,332.0,9712700.799999999,29218,2025-08-25 18:39:59
2025-08-25 18:40:00,333.2,333.2,333.2,333.2,2261428.4,6787,2025-08-25 18:49:59
2025-08-25 19:00:00,333.3,333.4,333.5,332.9,3369508.7000000007,10109,2025-08-25 19:09:59
2025-08-25 19:10:00,333.4,334.4,334.7,333.4,15168236.5,45419,2025-08-25 19:19:59
2025-08-25 19:20:00,334.4,334.2,334.7,334.2,4729550.500000001,14142,2025-08-25 19:29:59
2025-08-25 19:30:00,334.2,333.8,334.4,333.8,3884994.4000000004,11628,2025-08-25 19:39:59
2025-08-25 19:40:00,333.8,334.4,334.6,333.8,1806882.9,5407,2025-08-25 19:49:59
2025-08-25 19:50:00,334.6,335.3,335.3,334.4,11577743.2,34563,2025-08-25 19:59:59
2025-08-25 20:00:00,335.3,334.4,335.3,334.1,4123417.5,12318,2025-08-25 20:09:59
2025-08-25 20:10:00,334.4,334.5,334.6,334.2,3254143.8,9733,2025-08-25 20:19:59
2025-08-25 20:20:00,334.5,334.3,334.7,334.3,1729494.6,5170,2025-08-25 20:29:59
2025-08-25 20:30:00,334.4,334.7,334.7,334.3,2082481.5,6225,2025-08-25 20:39:59
2025-08-25 20:40:00,334.7,334.6,334.7,334.3,1014299.6000000001,3032,2025-08-25 20:49:59
2025-08-25 20:50:00,334.4,334.6,334.6,334.4,994838.4000000001,2974,2025-08-25 20:59:59
2025-08-25 21:00:00,334.6,334.8,334.8,334.4,3148489.0,9410,2025-08-25 21:09:59
2025-08-25 21:10:00,334.7,334.5,335.0,334.5,4069371.1999999993,12157,2025-08-25 21:19:59
2025-08-25 21:20:00,334.7,334.6,334.8,334.5,470486.8,1406,2025-08-25 21:29:59
2025-08-25 21:30:00,334.7,335.0,335.0,334.6,1318924.2999999998,3938,2025-08-25 21:39:59
2025-08-25 21:40:00,334.9,334.8,335.3,334.8,2189217.199999999,6534,2025-08-25 21:49:59
2025-08-25 21:50:00,334.8,334.9,335.0,334.5,2023002.4000000001,6043,2025-08-25 21:59:59
2025-08-25 22:00:00,335.0,335.0,335.0,334.7,259831.3,776,2025-08-25 22:09:59
2025-08-25 22:10:00,334.9,334.8,335.0,334.6,898070.5,2683,2025-08-25 22:19:59
2025-08-25 22:20:00,334.6,334.8,334.9,334.6,615336.3999999999,1838,2025-08-25 22:29:59
2025-08-25 22:30:00,334.6,334.7,334.9,334.6,397932.2,1189,2025-08-25 22:39:59
2025-08-25 22:40:00,334.7,334.7,334.9,334.6,1077295.7,3218,2025-08-25 22:49:59
2025-08-25 22:50:00,334.6,334.1,334.6,334.1,1209762.9,3619,2025-08-25 22:59:59
2025-08-25 23:00:00,334.3,333.8,334.3,333.8,3115852.6999999997,9332,2025-08-25 23:09:59
2025-08-25 23:10:00,333.9,333.6,334.0,333.4,3274248.5,9813,2025-08-25 23:19:59
2025-08-25 23:20:00,333.5,333.1,333.6,333.0,1991663.4000000004,5976,2025-08-25 23:29:59
2025-08-25 23:30:00,333.1,332.9,333.1,332.8,788261.7,2368,2025-08-25 23:39:59
2025-08-25 23:40:00,332.8,330.8,332.9,330.6,16567481.899999999,49929,2025-08-25 23:49:59
2025-08-26 06:50:00,333.9,333.9,333.9,333.9,400680.00000000006,1200,2025-08-26 06:59:59
2025-08-26 07:00:00,332.5,332.2,333.6,332.2,4207896.4,12639,2025-08-26 07:09:59
2025-08-26 07:10:00,332.2,333.3,333.3,332.2,2329596.7,6998,2025-08-26 07:19:59
2025-08-26 07:20:00,333.3,333.0,333.4,332.6,1414767.0000000002,4249,2025-08-26 07:29:59
2025-08-26 07:30:00,333.0,332.8,333.0,332.4,2062186.7,6199,2025-08-26 07:39:59
2025-08-26 07:40:00,332.7,332.6,332.9,332.3,3067103.8,9222,2025-08-26 07:49:59
2025-08-26 07:50:00,332.5,332.6,332.8,332.4,1216116.0,3656,2025-08-26 07:59:59
2025-08-26 08:00:00,332.6,332.5,332.6,332.2,2273619.0000000005,6840,2025-08-26 08:09:59
2025-08-26 08:10:00,332.5,332.6,332.7,332.3,1655977.5,4980,2025-08-26 08:19:59
2025-08-26 08:20:00,332.6,333.5,333.5,332.4,4446694.7,13350,2025-08-26 08:29:59
2025-08-26 08:30:00,333.5,334.4,334.6,333.4,14474470.700000001,43332,2025-08-26 08:39:59
2025-08-26 08:40:00,334.6,334.4,335.5,334.3,16189548.5,48332,2025-08-26 08:49:59
2025-08-26 08:50:00,334.4,335.0,335.0,334.3,5070245.4,15145,2025-08-26 08:59:59
2025-08-26 09:00:00,334.9,334.6,335.0,334.0,7635314.199999999,22814,2025-08-26 09:09:59
2025-08-26 09:10:00,334.5,334.5,334.8,334.4,8542054.4,25534,2025-08-26 09:19:59
2025-08-26 09:20:00,334.4,336.7,336.8,334.4,20188246.100000005,60074,2025-08-26 09:29:59
2025-08-26 09:30:00,336.7,336.4,336.8,335.6,18066126.3,53713,2025-08-26 09:39:59
2025-08-26 09:40:00,336.4,336.2,336.6,336.0,9135952.100000001,27164,2025-08-26 09:49:59
2025-08-26 09:50:00,336.1,337.8,338.0,336.0,33468891.799999997,99293,2025-08-26 09:59:59
2025-08-26 10:00:00,337.6,337.3,337.8,337.2,16151535.399999999,47858,2025-08-26 10:09:59
2025-08-26 10:10:00,337.4,337.0,337.5,336.3,29971911.299999997,88974,2025-08-26 10:19:59
2025-08-26 10:20:00,337.1,336.6,337.5,336.5,17933646.5,53218,2025-08-26 10:29:59
2025-08-26 10:30:00,336.8,338.1,338.4,336.6,26469932.70000001,78412,2025-08-26 10:39:59
2025-08-26 10:40:00,338.3,337.0,338.3,336.6,24429780.599999994,72414,2025-08-26 10:49:59
2025-08-26 10:50:00,337.0,336.0,337.1,335.8,14110948.400000002,41961,2025-08-26 10:59:59
2025-08-26 11:00:00,336.0,336.5,336.7,335.9,3314456.2,9855,2025-08-26 11:09:59
2025-08-26 11:10:00,336.4,335.6,336.6,335.5,5461043.6,16253,2025-08-26 11:19:59
2025-08-26 11:20:00,335.6,335.2,335.9,335.1,6455362.299999999,19237,2025-08-26 11:29:59
2025-08-26 11:30:00,335.3,335.8,336.0,335.2,6630971.1,19750,2025-08-26 11:39:59
2025-08-26 11:40:00,335.8,335.2,335.8,334.7,9427327.8,28141,2025-08-26 11:49:59
2025-08-26 11:50:00,335.1,335.4,335.5,334.9,2350792.5,7014,2025-08-26 11:59:59
2025-08-26 12:00:00,335.5,335.6,335.6,334.8,9064264.0,27045,2025-08-26 12:09:59
2025-08-26 12:10:00,335.6,335.8,336.0,335.5,12496650.8,37209,2025-08-26 12:19:59
2025-08-26 12:20:00,335.8,336.0,336.0,335.7,2326330.8,6925,2025-08-26 12:29:59
2025-08-26 12:30:00,335.9,335.9,336.0,335.7,654246.7000000001,1948,2025-08-26 12:39:59
2025-08-26 12:40:00,335.9,335.5,336.0,335.3,2869621.5999999996,8550,2025-08-26 12:49:59
2025-08-26 12:50:00,335.4,335.9,336.0,335.3,1380567.9000000001,4110,2025-08-26 12:59:59
2025-08-26 13:00:00,335.9,336.0,336.0,335.7,1007146.4,2998,2025-08-26 13:09:59
2025-08-26 13:10:00,335.9,336.0,336.0,335.9,4356097.8,12966,2025-08-26 13:19:59
2025-08-26 13:20:00,336.0,336.0,336.0,335.9,1502171.0,4471,2025-08-26 13:29:59
2025-08-26 13:30:00,336.0,336.0,336.0,335.5,7033760.5,20940,2025-08-26 13:39:59
2025-08-26 13:40:00,335.9,336.8,337.0,335.9,8720931.6,25903,2025-08-26 13:49:59
2025-08-26 13:50:00,336.8,337.4,337.5,336.6,19101814.1,56647,2025-08-26 13:59:59
2025-08-26 14:00:00,337.4,338.3,338.3,337.3,20296418.599999998,60082,2025-08-26 14:09:59
2025-08-26 14:10:00,338.3,337.8,338.7,337.7,15083906.599999998,44588,2025-08-26 14:19:59
2025-08-26 14:20:00,337.8,337.5,337.8,337.4,3026499.4,8965,2025-08-26 14:29:59
2025-08-26 14:30:00,337.5,337.6,337.6,337.3,2951981.8,8746,2025-08-26 14:39:59
2025-08-26 14:40:00,337.5,337.9,337.9,337.5,1547158.4000000001,4580,2025-08-26 14:49:59
2025-08-26 14:50:00,337.9,337.4,337.9,337.2,5247990.6,15548,2025-08-26 14:59:59
2025-08-26 15:00:00,337.4,337.8,337.8,337.2,11090297.299999997,32864,2025-08-26 15:09:59
2025-08-26 15:10:00,337.8,337.6,337.9,337.3,5246595.8,15542,2025-08-26 15:19:59
2025-08-26 15:20:00,337.6,337.3,337.6,337.2,3469499.1999999993,10287,2025-08-26 15:29:59
2025-08-26 15:30:00,337.2,337.6,337.6,337.2,8594396.7,25478,2025-08-26 15:39:59
2025-08-26 15:40:00,337.6,337.2,338.5,337.1,28128530.999999993,83275,2025-08-26 15:49:59
2025-08-26 15:50:00,337.2,337.7,338.0,337.1,9518022.799999999,28205,2025-08-26 15:59:59
2025-08-26 16:00:00,337.5,337.5,337.7,337.3,6727810.6,19940,2025-08-26 16:09:59
2025-08-26 16:10:00,337.4,336.7,337.4,336.6,10934713.8,32444,2025-08-26 16:19:59
2025-08-26 16:20:00,336.6,336.8,337.0,336.5,9086754.5,26991,2025-08-26 16:29:59
2025-08-26 16:30:00,336.7,336.9,337.0,336.5,5886083.4,17480,2025-08-26 16:39:59
2025-08-26 16:40:00,336.8,337.5,337.7,336.7,13003794.899999999,38543,2025-08-26 16:49:59
2025-08-26 16:50:00,337.7,336.7,337.8,336.5,13575528.199999997,40274,2025-08-26 16:59:59
2025-08-26 17:00:00,336.7,336.9,336.9,336.5,5442102.3,16166,2025-08-26 17:09:59
2025-08-26 17:10:00,336.9,336.6,337.2,336.6,2603262.500000001,7729,2025-08-26 17:19:59
2025-08-26 17:20:00,336.6,335.8,336.7,335.5,20038542.299999997,59623,2025-08-26 17:29:59
2025-08-26 17:30:00,335.8,335.3,336.0,335.1,12398759.600000001,36934,2025-08-26 17:39:59
2025-08-26 17:40:00,335.3,335.0,335.3,334.8,6564429.000000001,19594,2025-08-26 17:49:59
2025-08-26 17:50:00,335.0,334.3,335.1,334.0,15593061.399999997,46614,2025-08-26 17:59:59
2025-08-26 18:00:00,334.3,335.0,335.0,334.2,3907854.0,11680,2025-08-26 18:09:59
2025-08-26 18:10:00,335.0,334.9,335.1,334.8,3032378.7,9053,2025-08-26 18:19:59
2025-08-26 18:20:00,335.1,334.9,335.2,334.8,6046009.5,18047,2025-08-26 18:29:59
2025-08-26 18:30:00,335.0,335.5,335.5,335.0,4300295.7,12824,2025-08-26 18:39:59
2025-08-26 18:40:00,335.5,335.5,335.5,335.5,287188.0,856,2025-08-26 18:49:09
2025-08-26 19:00:00,335.5,335.4,335.6,335.4,1288484.0,3841,2025-08-26 19:09:59
2025-08-26 19:10:00,335.4,335.6,335.8,335.4,1001034.5,2983,2025-08-26 19:19:59
2025-08-26 19:20:00,335.8,335.4,335.8,335.2,1362190.2000000002,4059,2025-08-26 19:29:59
2025-08-26 19:30:00,335.4,335.3,335.6,335.2,1795941.7,5355,2025-08-26 19:39:59
2025-08-26 19:40:00,335.5,335.3,335.5,335.1,3123523.1,9319,2025-08-26 19:49:59
2025-08-26 19:50:00,335.1,335.4,335.5,335.1,196525.4,586,2025-08-26 19:59:59
2025-08-26 20:00:00,335.4,335.3,335.5,335.2,110313.29999999997,329,2025-08-26 20:09:59
2025-08-26 20:10:00,335.3,335.4,335.5,335.2,1234860.9,3683,2025-08-26 20:19:59
2025-08-26 20:20:00,335.4,335.4,335.5,335.3,481046.5,1434,2025-08-26 20:29:59
2025-08-26 20:30:00,335.5,335.8,335.8,335.5,3735723.0,11129,2025-08-26 20:39:59
2025-08-26 20:40:00,335.8,335.8,335.9,335.6,3286336.1,9786,2025-08-26 20:49:59
2025-08-26 20:50:00,335.8,336.1,336.1,335.8,2738834.7,8152,2025-08-26 20:59:59
2025-08-26 21:00:00,336.2,337.1,337.1,336.1,9635552.299999999,28622,2025-08-26 21:09:59
2025-08-26 21:10:00,337.0,337.1,337.3,336.8,3319023.4999999995,9846,2025-08-26 21:19:59
2025-08-26 21:20:00,337.0,337.1,337.1,336.9,1420745.4,4216,2025-08-26 21:29:59
2025-08-26 21:30:00,337.1,337.9,338.3,337.1,16447723.100000001,48696,2025-08-26 21:39:59
2025-08-26 21:40:00,338.0,337.9,338.0,337.6,2010707.4,5954,2025-08-26 21:49:59
2025-08-26 21:50:00,337.7,337.9,337.9,337.6,664998.8,1969,2025-08-26 21:59:59
2025-08-26 22:00:00,337.9,337.9,338.0,337.5,4138071.7999999993,12251,2025-08-26 22:09:59
2025-08-26 22:10:00,337.7,337.8,337.9,337.6,2650775.0999999996,7847,2025-08-26 22:19:59
2025-08-26 22:20:00,337.9,337.4,337.9,337.3,7430882.600000001,22009,2025-08-26 22:29:59
2025-08-26 22:30:00,337.4,337.5,337.6,337.2,994408.4000000001,2947,2025-08-26 22:39:59
2025-08-26 22:40:00,337.3,339.1,339.4,337.3,28579104.500000026,84393,2025-08-26 22:49:59
2025-08-26 22:50:00,339.1,338.9,339.3,338.7,11665699.1,34411,2025-08-26 22:59:59
2025-08-26 23:00:00,339.0,338.2,339.0,338.1,6459426.699999999,19083,2025-08-26 23:09:59
2025-08-26 23:10:00,338.2,338.1,338.3,337.7,12821856.3,37940,2025-08-26 23:19:59
2025-08-26 23:20:00,338.3,339.0,339.1,338.2,4620441.800000001,13640,2025-08-26 23:29:59
2025-08-26 23:30:00,339.0,338.9,339.2,338.9,3309186.3999999994,9763,2025-08-26 23:39:59
2025-08-26 23:40:00,338.9,339.1,339.3,338.9,7855880.3,23162,2025-08-26 23:49:59
2025-08-27 06:50:00,340.0,340.0,340.0,340.0,340340.0,1001,2025-08-27 06:59:59
2025-08-27 07:00:00,340.0,340.4,341.7,339.0,25596336.6,75109,2025-08-27 07:09:59
2025-08-27 07:10:00,340.3,341.1,341.8,340.3,16085130.3,47154,2025-08-27 07:19:59
2025-08-27 07:20:00,341.1,342.4,343.7,340.8,20867140.500000004,60946,2025-08-27 07:29:59
2025-08-27 07:30:00,342.4,341.9,342.4,341.6,5345328.5,15639,2025-08-27 07:39:59
2025-08-27 07:40:00,341.8,341.6,342.0,341.4,4208441.8,12314,2025-08-27 07:49:59
2025-08-27 07:50:00,341.5,341.5,341.8,341.2,3379320.1999999997,9896,2025-08-27 07:59:59
2025-08-27 08:00:00,341.3,341.3,341.8,340.8,7997348.299999999,23430,2025-08-27 08:09:59
2025-08-27 08:10:00,341.0,341.5,341.5,341.0,735041.9,2153,2025-08-27 08:19:59
2025-08-27 08:20:00,341.4,341.4,341.5,341.1,3651860.3,10700,2025-08-27 08:29:59
2025-08-27 08:30:00,341.6,341.3,341.7,341.3,1037021.9,3036,2025-08-27 08:39:59
2025-08-27 08:40:00,341.5,341.4,341.6,341.2,1477241.0,4326,2025-08-27 08:49:59
2025-08-27 08:50:00,341.4,342.0,342.2,341.4,4833119.7,14135,2025-08-27 08:59:59
2025-08-27 09:00:00,341.8,340.8,341.9,340.3,16580785.9,48641,2025-08-27 09:09:59
2025-08-27 09:10:00,340.7,340.0,340.8,340.0,4323290.100000001,12705,2025-08-27 09:19:59
2025-08-27 09:20:00,340.0,340.0,340.1,339.6,7438785.9,21889,2025-08-27 09:29:59
2025-08-27 09:30:00,339.9,341.2,341.3,339.9,13779534.9,40419,2025-08-27 09:39:59
2025-08-27 09:40:00,341.3,340.8,341.5,340.8,7234449.0,21205,2025-08-27 09:49:59
2025-08-27 09:50:00,341.0,340.4,341.0,340.3,3096825.3999999994,9094,2025-08-27 09:59:59
2025-08-27 10:00:00,340.4,341.0,341.1,340.0,8977593.099999998,26366,2025-08-27 10:09:59
2025-08-27 10:10:00,340.8,341.5,341.7,340.7,14822969.100000001,43449,2025-08-27 10:19:59
2025-08-27 10:20:00,341.4,342.4,343.2,341.4,59758616.50000001,174529,2025-08-27 10:29:59
2025-08-27 10:30:00,342.4,344.0,345.5,342.4,100563521.69999997,292169,2025-08-27 10:39:59
2025-08-27 10:40:00,343.9,344.3,344.8,343.5,26346890.800000004,76571,2025-08-27 10:49:59
2025-08-27 10:50:00,344.4,345.3,345.5,344.0,38219219.4,110761,2025-08-27 10:59:59
2025-08-27 11:00:00,345.5,344.8,346.9,344.7,99048540.1,286288,2025-08-27 11:09:59
2025-08-27 11:10:00,344.7,345.0,345.2,344.5,23057543.8,66883,2025-08-27 11:19:59
2025-08-27 11:20:00,344.8,346.2,346.5,344.6,33529697.0,96978,2025-08-27 11:29:59
2025-08-27 11:30:00,346.2,344.6,346.2,344.5,20042976.9,58077,2025-08-27 11:39:59
2025-08-27 11:40:00,344.6,344.6,345.0,344.5,4448495.000000001,12901,2025-08-27 11:49:59
2025-08-27 11:50:00,344.8,345.2,345.7,344.6,21016654.6,60881,2025-08-27 11:59:59
2025-08-27 12:00:00,345.2,345.4,345.5,345.0,4695696.3,13599,2025-08-27 12:09:59
2025-08-27 12:10:00,345.4,345.0,346.0,344.8,24178467.3,69971,2025-08-27 12:19:59
2025-08-27 12:20:00,344.9,345.0,345.2,344.6,7191974.4,20857,2025-08-27 12:29:59
2025-08-27 12:30:00,345.0,345.6,345.9,344.7,15728295.5,45529,2025-08-27 12:39:59
2025-08-27 12:40:00,345.4,345.6,346.0,345.1,15885108.400000002,45946,2025-08-27 12:49:59
2025-08-27 12:50:00,345.6,344.1,345.8,343.8,37206042.0,107962,2025-08-27 12:59:59
2025-08-27 13:00:00,344.1,344.2,344.8,344.1,10144576.799999999,29450,2025-08-27 13:09:59
2025-08-27 13:10:00,344.1,344.3,345.1,344.0,13164260.400000002,38219,2025-08-27 13:19:59
2025-08-27 13:20:00,344.6,344.9,345.0,344.3,5957957.200000001,17282,2025-08-27 13:29:59
2025-08-27 13:30:00,344.9,345.0,345.0,344.7,2242696.4999999995,6502,2025-08-27 13:39:59
2025-08-27 13:40:00,344.9,344.8,345.0,344.7,25635989.3,74315,2025-08-27 13:49:59
2025-08-27 13:50:00,345.0,345.1,345.8,344.9,15062042.400000002,43608,2025-08-27 13:59:59
2025-08-27 14:00:00,345.3,345.2,345.6,344.5,8625668.299999999,25006,2025-08-27 14:09:59
2025-08-27 14:10:00,345.3,345.5,346.5,345.1,54235070.49999999,156855,2025-08-27 14:19:59
2025-08-27 14:20:00,345.5,345.1,345.5,345.0,10278163.899999999,29773,2025-08-27 14:29:59
2025-08-27 14:30:00,345.2,345.7,345.7,345.1,3534436.3999999994,10233,2025-08-27 14:39:59
2025-08-27 14:40:00,345.7,345.7,346.1,345.3,51954365.0,150275,2025-08-27 14:49:59
2025-08-27 14:50:00,345.7,345.8,346.0,345.2,24162952.999999996,69914,2025-08-27 14:59:59
2025-08-27 15:00:00,345.8,345.3,346.2,344.7,26667773.4,77211,2025-08-27 15:09:59
2025-08-27 15:10:00,345.5,345.1,345.8,344.6,17194363.3,49825,2025-08-27 15:19:59
2025-08-27 15:20:00,345.2,344.9,346.0,344.9,31994249.999999978,92610,2025-08-27 15:29:59
2025-08-27 15:30:00,345.0,345.2,345.6,344.9,5056945.399999999,14652,2025-08-27 15:39:59
2025-08-27 15:40:00,345.1,345.0,345.2,344.5,4213677.1,12218,2025-08-27 15:49:59
2025-08-27 15:50:00,345.0,345.5,345.7,344.8,7015913.6,20314,2025-08-27 15:59:59
2025-08-27 16:00:00,345.5,345.1,345.5,344.7,6304770.6,18274,2025-08-27 16:09:59
2025-08-27 16:10:00,345.1,344.8,345.6,344.8,7188202.199999999,20826,2025-08-27 16:19:59
2025-08-27 16:20:00,344.8,345.2,345.3,344.7,3210649.7,9304,2025-08-27 16:29:59
2025-08-27 16:30:00,345.1,344.6,345.2,344.4,8801631.299999999,25539,2025-08-27 16:39:59
2025-08-27 16:40:00,344.6,344.8,345.0,344.4,5165414.399999999,14979,2025-08-27 16:49:59
2025-08-27 16:50:00,344.8,345.3,345.5,344.8,8952295.099999998,25934,2025-08-27 16:59:59
2025-08-27 17:00:00,345.3,345.9,346.2,345.3,18587106.799999997,53744,2025-08-27 17:09:59
2025-08-27 17:10:00,345.9,345.5,346.1,345.4,6861076.5,19845,2025-08-27 17:19:59
2025-08-27 17:20:00,345.6,345.0,345.6,344.5,19986176.200000003,57922,2025-08-27 17:29:59
2025-08-27 17:30:00,344.9,345.1,345.3,344.8,4091875.2,11858,2025-08-27 17:39:59
2025-08-27 17:40:00,345.1,344.6,345.1,344.5,5906704.000000001,17135,2025-08-27 17:49:59
2025-08-27 17:50:00,344.7,344.0,344.8,343.1,31286252.700000014,90947,2025-08-27 17:59:59
2025-08-27 18:00:00,344.0,343.6,344.0,343.4,20440614.899999995,59470,2025-08-27 18:09:59
2025-08-27 18:10:00,343.6,343.2,343.9,343.2,10399832.6,30268,2025-08-27 18:19:59
2025-08-27 18:20:00,343.2,343.8,343.8,343.2,8730304.500000002,25426,2025-08-27 18:29:59
2025-08-27 18:30:00,343.8,344.6,344.7,343.4,19665095.6,57120,2025-08-27 18:39:59
2025-08-27 18:40:00,343.4,343.4,343.4,343.4,4963160.199999996,14453,2025-08-27 18:49:59
2025-08-27 19:00:00,343.7,344.3,344.5,343.7,3614136.9999999995,10498,2025-08-27 19:09:59
2025-08-27 19:10:00,344.3,344.3,344.5,344.0,3541464.3999999994,10291,2025-08-27 19:19:59
2025-08-27 19:20:00,344.3,344.8,344.8,344.0,3425905.8,9948,2025-08-27 19:29:59
2025-08-27 19:30:00,344.9,345.5,345.8,344.8,24345617.499999996,70467,2025-08-27 19:39:59
2025-08-27 19:40:00,345.5,345.5,345.6,345.2,2581323.2999999993,7474,2025-08-27 19:49:59
2025-08-27 19:50:00,345.4,345.4,346.1,345.1,14471954.09999999,41858,2025-08-27 19:59:59
2025-08-27 20:00:00,345.3,344.9,345.5,344.7,11110443.800000016,32204,2025-08-27 20:09:59
2025-08-27 20:10:00,344.9,345.3,345.3,344.8,7237649.799999999,20977,2025-08-27 20:19:59
2025-08-27 20:20:00,345.0,345.4,345.4,344.9,3623413.3,10497,2025-08-27 20:29:59
2025-08-27 20:30:00,345.4,344.8,345.5,344.8,4179222.599999999,12104,2025-08-27 20:39:59
2025-08-27 20:40:00,345.0,344.6,345.0,344.5,4847569.499999999,14064,2025-08-27 20:49:59
2025-08-27 20:50:00,344.7,344.6,344.8,344.5,686251.5,1991,2025-08-27 20:59:59
2025-08-27 21:00:00,344.5,345.1,345.1,344.5,1573266.1000000003,4563,2025-08-27 21:09:59
2025-08-27 21:10:00,345.1,345.2,345.5,345.1,2155360.0,6242,2025-08-27 21:19:59
2025-08-27 21:20:00,345.2,345.2,345.3,345.1,1843380.4,5340,2025-08-27 21:29:59
2025-08-27 21:30:00,345.3,345.1,345.3,344.7,7339339.899999999,21271,2025-08-27 21:39:59
2025-08-27 21:40:00,345.1,345.4,345.4,344.8,3743909.7999999993,10845,2025-08-27 21:49:59
2025-08-27 21:50:00,345.2,345.3,345.5,345.2,2509390.5,7266,2025-08-27 21:59:59
2025-08-27 22:00:00,345.3,345.2,345.5,345.2,1176374.1,3406,2025-08-27 22:09:59
2025-08-27 22:10:00,345.4,345.2,345.4,345.0,3629367.6,10513,2025-08-27 22:19:59
2025-08-27 22:20:00,345.2,345.1,345.3,345.1,1882893.0,5455,2025-08-27 22:29:59
2025-08-27 22:30:00,345.3,344.8,345.3,344.8,1942495.1,5631,2025-08-27 22:39:59
2025-08-27 22:40:00,344.9,344.8,345.1,344.7,6273204.700000001,18191,2025-08-27 22:49:59
2025-08-27 22:50:00,344.8,344.8,345.1,344.7,4897438.100000001,14201,2025-08-27 22:59:59
2025-08-27 23:00:00,345.0,345.1,345.1,344.9,2144979.5999999996,6218,2025-08-27 23:09:59
2025-08-27 23:10:00,345.1,344.7,345.1,344.5,10280565.3,29816,2025-08-27 23:19:59
2025-08-27 23:20:00,344.5,344.9,345.0,344.5,5647894.1,16387,2025-08-27 23:29:59
2025-08-27 23:30:00,344.9,345.2,345.2,344.9,4305460.9,12477,2025-08-27 23:39:59
2025-08-27 23:40:00,345.2,345.8,346.1,345.0,18964162.80000001,54861,2025-08-27 23:49:59
2025-08-28 06:50:00,345.7,345.7,345.7,345.7,702462.4,2032,2025-08-28 06:59:59
2025-08-28 07:00:00,345.7,345.5,346.7,345.1,3768482.2,10894,2025-08-28 07:09:59
2025-08-28 07:10:00,345.4,346.1,346.2,345.1,4817952.600000003,13932,2025-08-28 07:19:59
2025-08-28 07:20:00,346.2,345.2,346.2,345.2,7529786.200000001,21787,2025-08-28 07:29:59
2025-08-28 07:30:00,345.3,346.1,346.4,345.3,10025535.1,28967,2025-08-28 07:39:59
2025-08-28 07:40:00,346.2,346.1,346.3,346.1,2992648.9000000004,8646,2025-08-28 07:49:59
2025-08-28 07:50:00,346.1,345.9,346.2,345.6,1538642.5,4448,2025-08-28 07:59:59
2025-08-28 08:00:00,345.9,345.6,346.0,345.5,1490078.4000000001,4311,2025-08-28 08:09:59
2025-08-28 08:10:00,345.7,345.6,345.9,345.6,1344368.7999999998,3889,2025-08-28 08:19:59
2025-08-28 08:20:00,345.6,345.6,345.7,345.6,704444.5,2038,2025-08-28 08:29:59
2025-08-28 08:30:00,345.7,345.9,346.0,345.6,889315.2000000001,2572,2025-08-28 08:39:59
2025-08-28 08:40:00,345.7,345.6,345.9,345.5,489044.10000000003,1415,2025-08-28 08:49:59
2025-08-28 08:50:00,345.5,345.8,345.8,345.5,497041.5999999999,1438,2025-08-28 08:59:59
2025-08-28 09:00:00,345.8,345.8,346.0,345.7,951521.4,2751,2025-08-28 09:09:59
2025-08-28 09:10:00,345.7,345.1,345.8,345.0,4131889.0000000005,11963,2025-08-28 09:19:59
2025-08-28 09:20:00,345.1,345.2,345.3,345.0,3390922.400000001,9827,2025-08-28 09:29:59
2025-08-28 09:30:00,345.0,345.0,345.3,345.0,1500385.8,4347,2025-08-28 09:39:59
2025-08-28 09:40:00,345.0,345.6,345.6,345.0,1760879.2,5099,2025-08-28 09:49:59
2025-08-28 09:50:00,345.4,345.0,345.6,344.7,5113604.099999989,14817,2025-08-28 09:59:59
2025-08-28 10:00:00,344.8,344.3,344.9,343.7,11495927.399999991,33391,2025-08-28 10:09:59
2025-08-28 10:10:00,344.3,344.1,344.4,343.7,3810370.6999999997,11078,2025-08-28 10:19:59
2025-08-28 10:20:00,344.1,343.8,344.3,343.7,2600097.7,7559,2025-08-28 10:29:59
2025-08-28 10:30:00,343.8,343.8,343.8,343.4,13229879.9,38498,2025-08-28 10:39:59
2025-08-28 10:40:00,343.6,344.1,344.3,343.6,6897374.000000002,20047,2025-08-28 10:49:59
2025-08-28 10:50:00,344.3,343.7,344.3,343.6,8928159.9,25967,2025-08-28 10:59:59
2025-08-28 11:00:00,343.7,344.2,344.7,343.6,8589613.3,24948,2025-08-28 11:09:59
2025-08-28 11:10:00,344.3,344.2,344.7,343.9,16358743.900000004,47525,2025-08-28 11:19:59
2025-08-28 11:20:00,344.3,344.2,344.3,344.0,1483031.2,4309,2025-08-28 11:29:59
2025-08-28 11:30:00,344.2,343.9,344.2,343.6,5423560.8,15776,2025-08-28 11:39:59
2025-08-28 11:40:00,343.9,344.8,345.0,343.9,18075459.700000014,52444,2025-08-28 11:49:59
2025-08-28 11:50:00,345.0,344.2,345.0,344.0,4810001.1,13968,2025-08-28 11:59:59
2025-08-28 12:00:00,344.3,344.1,344.3,343.9,3623076.0,10529,2025-08-28 12:09:59
2025-08-28 12:10:00,344.2,344.4,344.7,344.0,3866991.5,11229,2025-08-28 12:19:59
2025-08-28 12:20:00,344.4,344.3,344.6,344.0,3479986.5999999996,10108,2025-08-28 12:29:59
2025-08-28 12:30:00,344.2,343.9,344.4,343.8,3600468.900000001,10464,2025-08-28 12:39:59
2025-08-28 12:40:00,343.9,344.1,344.7,343.8,7188869.6,20877,2025-08-28 12:49:59
2025-08-28 12:50:00,344.0,343.8,344.2,343.6,6954602.7,20226,2025-08-28 12:59:59
2025-08-28 13:00:00,343.8,344.1,344.2,343.7,2023074.0000000002,5881,2025-08-28 13:09:59
2025-08-28 13:10:00,344.2,344.0,344.6,343.9,7261128.7,21094,2025-08-28 13:19:59
2025-08-28 13:20:00,344.0,343.0,344.3,342.7,33746868.10000001,98319,2025-08-28 13:29:59
2025-08-28 13:30:00,342.9,342.2,343.0,341.6,53405295.5,156046,2025-08-28 13:39:59
2025-08-28 13:40:00,342.1,342.5,342.5,342.0,3073106.7,8980,2025-08-28 13:49:59
2025-08-28 13:50:00,342.4,341.9,342.5,341.5,30443835.1,89031,2025-08-28 13:59:59
2025-08-28 14:00:00,342.1,342.0,342.2,341.2,28069763.800000004,82174,2025-08-28 14:09:59
2025-08-28 14:10:00,342.0,342.5,342.5,341.8,2190272.9,6399,2025-08-28 14:19:59
2025-08-28 14:20:00,342.5,342.7,342.7,342.3,2601492.7,7597,2025-08-28 14:29:59
2025-08-28 14:30:00,342.7,342.7,343.0,342.4,3489615.5000000005,10182,2025-08-28 14:39:59
2025-08-28 14:40:00,342.8,342.5,343.2,342.5,4716740.899999999,13752,2025-08-28 14:49:59
2025-08-28 14:50:00,342.5,342.2,342.5,342.1,3044536.2,8895,2025-08-28 14:59:59
2025-08-28 15:00:00,342.1,342.6,342.6,342.1,1378499.6,4027,2025-08-28 15:09:59
2025-08-28 15:10:00,342.5,343.3,343.3,342.5,3410218.9999999995,9940,2025-08-28 15:19:59
2025-08-28 15:20:00,343.2,342.4,343.2,342.4,4499964.1,13123,2025-08-28 15:29:59
2025-08-28 15:30:00,342.4,341.8,342.7,341.8,5993824.599999998,17516,2025-08-28 15:39:59
2025-08-28 15:40:00,341.9,342.6,342.7,341.7,6099790.900000001,17837,2025-08-28 15:49:59
2025-08-28 15:50:00,342.6,342.3,342.7,342.0,2696050.400000001,7874,2025-08-28 15:59:59
2025-08-28 16:00:00,342.5,342.9,343.3,342.2,6742588.899999999,19657,2025-08-28 16:09:59
2025-08-28 16:10:00,342.9,343.0,343.1,342.5,6426341.4,18742,2025-08-28 16:19:59
2025-08-28 16:20:00,343.0,342.9,343.0,342.4,6380476.300000003,18620,2025-08-28 16:29:59
2025-08-28 16:30:00,342.9,341.2,342.9,341.2,13642456.599999998,39893,2025-08-28 16:39:59
2025-08-28 16:40:00,341.3,342.0,342.3,341.2,6622846.299999999,19376,2025-08-28 16:49:59
2025-08-28 16:50:00,342.0,341.5,342.1,341.3,6768705.899999999,19801,2025-08-28 16:59:59
2025-08-28 17:00:00,341.6,342.2,342.2,341.4,3575168.4000000004,10463,2025-08-28 17:09:59
2025-08-28 17:10:00,342.2,342.2,342.3,341.9,1600681.7,4679,2025-08-28 17:19:59
2025-08-28 17:20:00,342.0,342.1,342.3,342.0,490502.19999999995,1434,2025-08-28 17:29:59
2025-08-28 17:30:00,342.1,342.2,342.4,341.9,1102911.4,3224,2025-08-28 17:39:59
2025-08-28 17:40:00,342.2,342.1,342.2,341.9,1139182.7000000002,3330,2025-08-28 17:49:59
2025-08-28 17:50:00,342.0,341.9,342.1,341.8,4028842.4999999995,11784,2025-08-28 17:59:59
2025-08-28 18:00:00,341.8,342.2,342.7,341.8,4433928.6,12956,2025-08-28 18:09:59
2025-08-28 18:10:00,342.5,342.2,342.8,342.2,3334388.3000000003,9738,2025-08-28 18:19:59
2025-08-28 18:20:00,342.4,342.0,342.5,341.9,3473492.6999999997,10153,2025-08-28 18:29:59
2025-08-28 18:30:00,342.0,342.0,342.3,342.0,2575534.7,7530,2025-08-28 18:39:59
2025-08-28 18:40:00,342.1,342.1,342.1,342.1,88603.9,259,2025-08-28 18:49:59
2025-08-28 19:00:00,342.3,342.0,342.5,342.0,707771.7,2069,2025-08-28 19:09:59
2025-08-28 19:10:00,341.9,342.1,342.1,341.9,378973.5,1108,2025-08-28 19:19:59
2025-08-28 19:20:00,342.1,342.2,342.2,341.8,1085711.2,3175,2025-08-28 19:29:59
2025-08-28 19:30:00,342.2,342.2,342.3,341.9,330903.7,967,2025-08-28 19:39:59
2025-08-28 19:40:00,342.1,342.1,342.3,341.9,1517922.8000000003,4437,2025-08-28 19:49:59
2025-08-28 19:50:00,342.1,342.0,342.4,341.9,913632.2999999999,2670,2025-08-28 19:59:59
2025-08-28 20:00:00,342.1,341.0,342.2,340.5,15093655.499999996,44243,2025-08-28 20:09:59
2025-08-28 20:10:00,341.0,340.0,341.0,339.0,50498272.099999994,148541,2025-08-28 20:19:59
2025-08-28 20:20:00,340.0,340.4,340.6,339.6,15084065.9,44354,2025-08-28 20:29:59
2025-08-28 20:30:00,340.3,338.5,340.4,338.1,34699645.6,102447,2025-08-28 20:39:59
2025-08-28 20:40:00,338.4,338.7,339.1,338.0,36039550.5,106522,2025-08-28 20:49:59
2025-08-28 20:50:00,338.6,339.1,339.1,338.5,11665840.0,34427,2025-08-28 20:59:59
2025-08-28 21:00:00,339.2,340.0,340.1,338.5,15200163.999999998,44755,2025-08-28 21:09:59
2025-08-28 21:10:00,340.0,339.3,340.1,339.0,4643446.3,13679,2025-08-28 21:19:59
2025-08-28 21:20:00,339.4,340.0,340.1,339.1,4998374.9,14711,2025-08-28 21:29:59
2025-08-28 21:30:00,340.1,340.3,340.6,339.8,6739145.6000000015,19810,2025-08-28 21:39:59
2025-08-28 21:40:00,340.3,340.3,340.9,340.1,6986946.800000001,20515,2025-08-28 21:49:59
2025-08-28 21:50:00,340.3,340.6,340.9,340.3,2213414.6999999997,6499,2025-08-28 21:59:59
2025-08-28 22:00:00,340.4,340.0,340.4,339.8,3322966.3000000003,9772,2025-08-28 22:09:59
2025-08-28 22:10:00,340.0,339.5,340.0,339.5,5879269.0,17311,2025-08-28 22:19:59
2025-08-28 22:20:00,339.6,339.7,340.0,339.6,1221037.3000000003,3594,2025-08-28 22:29:59
2025-08-28 22:30:00,339.8,339.1,339.9,338.8,5998707.3,17672,2025-08-28 22:39:59
2025-08-28 22:40:00,339.1,339.2,340.1,339.0,6076697.799999999,17892,2025-08-28 22:49:59
2025-08-28 22:50:00,339.2,339.0,339.4,339.0,3621485.2,10679,2025-08-28 22:59:59
2025-08-28 23:00:00,338.9,339.1,339.3,338.1,10169943.200000001,30028,2025-08-28 23:09:59
2025-08-28 23:10:00,339.1,339.0,339.3,338.9,1810805.3,5341,2025-08-28 23:19:59
2025-08-28 23:20:00,339.0,339.1,339.3,338.8,2965432.5,8747,2025-08-28 23:29:59
2025-08-28 23:30:00,339.2,339.4,339.8,339.2,2196494.3,6470,2025-08-28 23:39:59
2025-08-28 23:40:00,339.6,339.9,340.6,339.6,6568387.699999999,19313,2025-08-28 23:49:59
2025-08-29 06:50:00,340.1,340.1,340.1,340.1,7822.3,23,2025-08-29 06:59:59
2025-08-29 07:00:00,341.0,340.9,342.1,340.2,9044665.0,26512,2025-08-29 07:09:59
2025-08-29 07:10:00,340.7,340.8,341.3,340.3,5022765.499999999,14733,2025-08-29 07:19:59
2025-08-29 07:20:00,340.7,340.8,341.3,340.6,3409107.6999999997,9997,2025-08-29 07:29:59
2025-08-29 07:30:00,340.8,340.6,341.0,340.5,1101833.3,3233,2025-08-29 07:39:59
2025-08-29 07:40:00,340.7,341.0,341.0,340.7,529204.3,1552,2025-08-29 07:49:59
2025-08-29 07:50:00,341.1,341.0,341.3,341.0,1055170.2999999998,3093,2025-08-29 07:59:59
2025-08-29 08:00:00,341.0,341.3,341.4,340.7,1791511.6999999997,5251,2025-08-29 08:09:59
2025-08-29 08:10:00,341.2,340.9,341.2,340.9,1131159.4,3317,2025-08-29 08:19:59
2025-08-29 08:20:00,340.9,340.8,341.0,340.8,443075.8,1300,2025-08-29 08:29:59
2025-08-29 08:30:00,341.0,341.0,341.0,340.7,439386.69999999995,1289,2025-08-29 08:39:59
2025-08-29 08:40:00,340.7,340.8,341.0,340.6,2454293.999999999,7203,2025-08-29 08:49:59
2025-08-29 08:50:00,341.0,341.0,341.0,340.6,481862.60000000003,1414,2025-08-29 08:59:02
2025-08-29 09:00:00,340.7,341.2,341.2,340.7,2011999.9000000001,5900,2025-08-29 09:09:59
2025-08-29 09:10:00,341.2,341.1,341.2,341.0,1805541.8000000003,5294,2025-08-29 09:19:59
2025-08-29 09:20:00,341.0,341.0,341.1,340.8,2313446.0,6785,2025-08-29 09:29:59
2025-08-29 09:30:00,341.0,341.1,341.2,340.9,3309910.6,9703,2025-08-29 09:39:59
2025-08-29 09:40:00,341.1,340.8,341.1,340.6,2251999.5000000005,6607,2025-08-29 09:49:59
2025-08-29 09:50:00,340.8,340.2,340.8,339.6,5858115.299999999,17224,2025-08-29 09:59:59
2025-08-29 10:00:00,340.2,340.2,340.8,339.4,10356659.9,30469,2025-08-29 10:09:59
2025-08-29 10:10:00,340.0,339.5,340.0,339.5,4098073.2999999993,12067,2025-08-29 10:19:59
2025-08-29 10:20:00,339.7,339.9,340.1,339.2,2841207.5,8368,2025-08-29 10:29:59
2025-08-29 10:30:00,340.0,340.6,340.6,339.5,6955333.5,20442,2025-08-29 10:39:59
2025-08-29 10:40:00,340.5,340.2,340.7,340.0,3024883.4999999995,8890,2025-08-29 10:49:59
2025-08-29 10:50:00,340.3,340.5,340.8,340.2,3194709.7000000007,9384,2025-08-29 10:59:59
2025-08-29 11:00:00,340.5,341.7,341.8,340.5,12114786.8,35489,2025-08-29 11:09:59
2025-08-29 11:10:00,341.6,341.0,341.7,341.0,9720185.1,28460,2025-08-29 11:19:59
2025-08-29 11:20:00,341.0,340.8,341.2,340.8,2621507.1,7689,2025-08-29 11:29:59
2025-08-29 11:30:00,340.8,340.8,341.4,340.8,2113101.6,6196,2025-08-29 11:39:59
2025-08-29 11:40:00,340.8,341.0,341.1,340.7,4312515.4,12649,2025-08-29 11:49:59
2025-08-29 11:50:00,341.0,341.4,341.6,340.3,3835598.6000000006,11249,2025-08-29 11:59:59
2025-08-29 12:00:00,341.4,341.0,341.5,340.6,5181626.3,15199,2025-08-29 12:09:59
2025-08-29 12:10:00,340.9,339.9,341.0,339.6,11238924.000000002,33058,2025-08-29 12:19:59
2025-08-29 12:20:00,339.6,339.3,339.9,339.1,10965108.699999997,32300,2025-08-29 12:29:59
2025-08-29 12:30:00,339.3,338.8,339.4,338.2,13626547.800000003,40212,2025-08-29 12:39:59
2025-08-29 12:40:00,338.8,337.1,338.8,333.9,42644121.30000002,126720,2025-08-29 12:49:59
2025-08-29 12:50:00,337.1,337.1,337.4,336.7,8028420.9,23823,2025-08-29 12:59:59
2025-08-29 13:00:00,337.1,335.8,337.4,335.2,30339576.600000024,90200,2025-08-29 13:09:59
2025-08-29 13:10:00,335.8,336.7,337.4,335.5,26026353.1,77318,2025-08-29 13:19:59
2025-08-29 13:20:00,336.7,336.7,337.1,336.5,11394067.5,33825,2025-08-29 13:29:59
2025-08-29 13:30:00,336.5,335.5,336.6,335.3,19438000.0,57880,2025-08-29 13:39:59
2025-08-29 13:40:00,335.6,336.6,336.7,335.6,6648566.500000002,19769,2025-08-29 13:49:59
2025-08-29 13:50:00,336.5,336.2,336.8,336.2,6394371.500000004,19005,2025-08-29 13:59:59
2025-08-29 14:00:00,336.2,336.4,336.8,336.1,1260226.3,3746,2025-08-29 14:09:59
2025-08-29 14:10:00,336.3,336.4,336.5,336.1,3674959.4999999995,10927,2025-08-29 14:19:59
2025-08-29 14:20:00,336.3,336.8,337.0,336.3,2230476.9000000004,6627,2025-08-29 14:29:59
2025-08-29 14:30:00,336.7,336.8,336.8,336.0,9706002.6,28855,2025-08-29 14:39:59
2025-08-29 14:40:00,336.7,336.9,336.9,336.4,2574420.1,7645,2025-08-29 14:49:59
2025-08-29 14:50:00,336.9,336.7,337.0,336.6,1308126.2000000002,3883,2025-08-29 14:59:59
2025-08-29 15:00:00,336.9,336.7,336.9,336.1,6490241.999999999,19282,2025-08-29 15:09:59
2025-08-29 15:10:00,336.4,336.0,336.8,336.0,4376119.3,13009,2025-08-29 15:19:59
2025-08-29 15:20:00,336.0,336.4,336.6,336.0,979133.0000000002,2911,2025-08-29 15:29:59
2025-08-29 15:30:00,336.6,337.0,337.0,336.5,3146766.1,9342,2025-08-29 15:39:59
2025-08-29 15:40:00,336.9,337.9,338.4,336.8,7883343.0,23338,2025-08-29 15:49:59
2025-08-29 15:50:00,338.0,338.7,339.2,337.8,11330551.5,33459,2025-08-29 15:59:59
2025-08-29 16:00:00,338.6,339.4,339.5,338.5,8472206.1,24973,2025-08-29 16:09:59
2025-08-29 16:10:00,339.4,338.8,339.6,338.8,6440294.100000001,18989,2025-08-29 16:19:59
2025-08-29 16:20:00,338.8,339.0,339.1,338.6,1111608.9,3280,2025-08-29 16:29:59
2025-08-29 16:30:00,339.0,338.8,339.1,338.7,717325.7,2117,2025-08-29 16:39:59
2025-08-29 16:40:00,338.8,338.7,338.9,338.4,6552990.7,19352,2025-08-29 16:49:59
2025-08-29 16:50:00,338.5,338.4,338.7,338.0,5737506.199999999,16964,2025-08-29 16:59:59
2025-08-29 17:00:00,338.4,340.0,340.1,338.4,13975996.400000002,41171,2025-08-29 17:09:59
2025-08-29 17:10:00,340.1,339.6,340.6,339.4,14330641.400000002,42149,2025-08-29 17:19:59
2025-08-29 17:20:00,339.5,339.4,339.6,339.1,3440795.1,10143,2025-08-29 17:29:59
2025-08-29 17:30:00,339.3,338.7,339.4,338.5,5316331.9,15682,2025-08-29 17:39:59
2025-08-29 17:40:00,338.7,338.9,339.0,338.7,2017535.0999999999,5954,2025-08-29 17:49:59
2025-08-29 17:50:00,338.9,338.6,339.0,338.4,4353407.000000002,12856,2025-08-29 17:59:59
2025-08-29 18:00:00,338.6,337.8,338.9,337.8,3049467.8000000003,9018,2025-08-29 18:09:59
2025-08-29 18:10:00,337.8,337.5,337.9,336.9,10204458.599999998,30258,2025-08-29 18:19:59
2025-08-29 18:20:00,337.3,337.3,337.6,337.3,3001442.5,8895,2025-08-29 18:29:59
2025-08-29 18:30:00,337.4,337.8,338.3,337.0,9030639.7,26740,2025-08-29 18:39:59
2025-08-29 18:40:00,337.5,337.5,337.5,337.5,50287.5,149,2025-08-29 18:48:10
2025-08-29 19:00:00,337.6,338.0,338.1,337.6,2467720.0999999996,7303,2025-08-29 19:09:59
2025-08-29 19:10:00,338.0,338.0,338.1,337.8,3946776.6999999997,11678,2025-08-29 19:19:59
2025-08-29 19:20:00,337.8,338.1,338.3,337.8,288070.7,852,2025-08-29 19:29:59
2025-08-29 19:30:00,338.2,338.0,338.3,337.6,1617754.6999999997,4788,2025-08-29 19:39:59
2025-08-29 19:40:00,338.0,337.5,338.0,337.5,801659.3,2374,2025-08-29 19:49:59
2025-08-29 19:50:00,337.7,337.2,337.9,337.2,1517143.2,4497,2025-08-29 19:59:59
2025-08-29 20:00:00,337.2,337.3,337.3,337.0,780435.5,2315,2025-08-29 20:09:59
2025-08-29 20:10:00,337.2,337.5,337.5,337.0,1140486.9,3383,2025-08-29 20:19:59
2025-08-29 20:20:00,337.5,337.3,337.5,337.3,150165.6,445,2025-08-29 20:29:59
2025-08-29 20:30:00,337.3,337.5,337.7,337.2,1184026.9000000001,3508,2025-08-29 20:39:59
2025-08-29 20:40:00,337.5,337.5,337.6,337.4,884901.1,2622,2025-08-29 20:49:59
2025-08-29 20:50:00,337.4,337.6,337.6,337.4,258249.90000000002,765,2025-08-29 20:59:59
2025-08-29 21:00:00,337.6,337.5,337.7,337.5,614174.0,1819,2025-08-29 21:09:59
2025-08-29 21:10:00,337.5,337.4,337.6,337.2,588809.5,1745,2025-08-29 21:19:59
2025-08-29 21:20:00,337.3,337.4,337.4,337.2,780605.3999999999,2314,2025-08-29 21:29:59
2025-08-29 21:30:00,337.3,337.3,337.4,337.1,410866.1,1218,2025-08-29 21:39:59
2025-08-29 21:40:00,337.3,337.3,337.3,337.1,528284.5,1567,2025-08-29 21:49:59
2025-08-29 21:50:00,337.3,337.4,337.4,337.2,1309269.2,3882,2025-08-29 21:59:59
2025-08-29 22:00:00,337.2,337.0,337.4,337.0,1340382.9,3977,2025-08-29 22:09:59
2025-08-29 22:10:00,337.0,336.5,337.1,336.5,1717983.0999999994,5102,2025-08-29 22:19:59
2025-08-29 22:20:00,336.5,337.0,337.1,336.4,6299894.5,18711,2025-08-29 22:29:59
2025-08-29 22:30:00,337.0,337.1,337.1,336.4,5377787.8,15970,2025-08-29 22:39:59
2025-08-29 22:40:00,337.0,337.3,337.4,337.0,2904222.3000000003,8612,2025-08-29 22:49:59
2025-08-29 22:50:00,337.0,337.3,337.3,337.0,266630.39999999997,791,2025-08-29 22:59:59
2025-08-29 23:00:00,337.1,337.8,337.8,337.1,3209184.0999999996,9509,2025-08-29 23:09:59
2025-08-29 23:10:00,337.7,337.8,338.3,337.5,4559352.5,13491,2025-08-29 23:19:59
2025-08-29 23:20:00,337.8,337.7,338.0,337.7,662102.8999999999,1960,2025-08-29 23:29:59
2025-08-29 23:30:00,337.9,337.7,337.9,337.7,1271366.2,3764,2025-08-29 23:39:59
2025-08-29 23:40:00,337.7,337.5,337.9,337.4,3592624.0000000005,10639,2025-08-29 23:49:59
2025-08-30 09:50:00,336.9,336.9,336.9,336.9,681885.6000000001,2024,2025-08-30 09:59:59
2025-08-30 10:00:00,336.5,338.6,340.7,336.4,15563042.299999997,45893,2025-08-30 10:09:59
2025-08-30 10:10:00,338.8,339.0,339.0,338.6,2915371.9,8606,2025-08-30 10:19:59
2025-08-30 10:20:00,338.9,338.7,338.9,338.5,272314.30000000005,804,2025-08-30 10:29:59
2025-08-30 10:30:00,338.7,338.8,339.0,338.6,825331.3,2436,2025-08-30 10:39:59
2025-08-30 10:40:00,338.6,338.8,338.8,338.5,518584.2,1531,2025-08-30 10:49:59
2025-08-30 10:50:00,338.8,338.7,338.8,338.6,596492.7,1761,2025-08-30 10:59:59
2025-08-30 11:00:00,338.8,338.8,338.8,338.4,148347.40000000002,438,2025-08-30 11:09:59
2025-08-30 11:10:00,338.8,338.6,338.8,338.5,83964.6,248,2025-08-30 11:19:59
2025-08-30 11:20:00,338.5,338.6,338.8,338.3,1455552.0999999999,4297,2025-08-30 11:29:59
2025-08-30 11:30:00,338.6,338.7,338.8,338.6,38957.3,115,2025-08-30 11:39:59
2025-08-30 11:40:00,338.7,338.7,338.8,338.6,145946.4,431,2025-08-30 11:49:59
2025-08-30 11:50:00,338.7,338.6,338.7,338.4,421928.69999999995,1246,2025-08-30 11:59:59
2025-08-30 12:00:00,338.4,338.4,338.6,338.4,7784.0,23,2025-08-30 12:09:59
2025-08-30 12:10:00,338.3,338.2,338.6,338.2,917317.8,2712,2025-08-30 12:19:59
2025-08-30 12:20:00,338.2,338.0,338.2,337.8,1293745.7,3828,2025-08-30 12:29:59
2025-08-30 12:30:00,337.9,338.0,338.0,337.5,3625553.1999999997,10739,2025-08-30 12:39:59
2025-08-30 12:40:00,338.0,338.0,338.0,337.6,198248.19999999998,587,2025-08-30 12:49:59
2025-08-30 12:50:00,338.0,337.8,338.1,337.7,79427.69999999998,235,2025-08-30 12:59:59
2025-08-30 13:00:00,338.0,338.0,338.0,337.7,397576.7,1177,2025-08-30 13:09:59
2025-08-30 13:10:00,338.0,338.0,338.0,337.7,31760.3,94,2025-08-30 13:19:59
2025-08-30 13:20:00,338.0,337.7,338.0,337.6,211065.10000000003,625,2025-08-30 13:29:59
2025-08-30 13:30:00,338.0,337.8,338.5,337.7,1725189.7,5100,2025-08-30 13:39:59
2025-08-30 13:40:00,337.9,337.7,338.1,337.7,236453.4,700,2025-08-30 13:49:59
2025-08-30 13:50:00,338.0,338.0,338.3,337.7,424524.4999999999,1256,2025-08-30 13:59:06
2025-08-30 14:00:00,338.0,338.4,338.5,338.0,1118725.7999999998,3307,2025-08-30 14:09:59
2025-08-30 14:10:00,338.1,338.3,338.4,338.1,111917.50000000001,331,2025-08-30 14:19:59
2025-08-30 14:20:00,338.0,338.3,338.3,338.0,109249.90000000001,323,2025-08-30 14:29:59
2025-08-30 14:30:00,338.3,338.3,338.4,338.0,132230.8,391,2025-08-30 14:39:59
2025-08-30 14:40:00,338.4,338.3,338.4,338.1,50740.700000000004,150,2025-08-30 14:49:59
2025-08-30 14:50:00,338.1,338.1,338.4,338.1,206652.0,611,2025-08-30 14:59:59
2025-08-30 15:00:00,338.4,338.3,338.4,338.0,12511.199999999999,37,2025-08-30 15:09:59
2025-08-30 15:10:00,338.0,337.9,338.3,337.9,53420.700000000004,158,2025-08-30 15:19:59
2025-08-30 15:20:00,337.9,337.8,338.2,337.5,3517564.8000000003,10418,2025-08-30 15:29:59
2025-08-30 15:30:00,337.7,337.6,337.9,337.5,907043.5,2687,2025-08-30 15:39:59
2025-08-30 15:40:00,337.6,337.7,338.0,337.6,92209.7,273,2025-08-30 15:49:59
2025-08-30 15:50:00,338.0,337.7,338.0,337.7,348278.1,1031,2025-08-30 15:59:59
2025-08-30 16:00:00,337.7,337.6,337.9,337.6,668897.3,1981,2025-08-30 16:09:59
2025-08-30 16:10:00,337.6,337.6,337.6,337.5,216400.40000000002,641,2025-08-30 16:19:59
2025-08-30 16:20:00,337.6,337.6,337.6,337.5,25319.800000000003,75,2025-08-30 16:29:59
2025-08-30 16:30:00,337.6,337.6,338.0,337.6,195190.1,578,2025-08-30 16:39:59
2025-08-30 16:40:00,337.9,338.0,338.0,337.6,424775.69999999995,1258,2025-08-30 16:49:59
2025-08-30 16:50:00,337.8,338.2,338.2,337.8,96676.20000000001,286,2025-08-30 16:59:59
2025-08-30 17:00:00,338.1,338.0,338.3,338.0,309957.4,917,2025-08-30 17:09:59
2025-08-30 17:10:00,338.2,338.2,338.3,338.0,929588.6,2749,2025-08-30 17:19:59
2025-08-30 17:20:00,338.1,338.0,338.2,338.0,409756.80000000005,1212,2025-08-30 17:29:59
2025-08-30 17:30:00,338.2,338.2,338.3,338.2,119723.90000000001,354,2025-08-30 17:39:59
2025-08-30 17:40:00,338.3,338.1,338.3,338.1,248572.1,735,2025-08-30 17:49:59
2025-08-30 17:50:00,338.1,338.1,338.1,338.0,113923.2,337,2025-08-30 17:59:07
2025-08-30 18:00:00,338.1,338.0,338.1,338.0,174118.4,515,2025-08-30 18:09:59
2025-08-30 18:10:00,338.1,338.1,338.1,338.0,636913.8999999999,1884,2025-08-30 18:19:59
2025-08-30 18:20:00,338.2,338.0,338.2,338.0,105128.5,311,2025-08-30 18:29:59
2025-08-30 18:30:00,338.0,338.0,338.1,338.0,500920.29999999993,1482,2025-08-30 18:39:59
2025-08-30 18:40:00,338.0,338.6,338.6,338.0,5022976.1,14859,2025-08-30 18:49:59
2025-08-30 18:50:00,338.6,338.2,338.7,337.3,5185759.799999999,15350,2025-08-30 18:58:07
2025-08-31 09:50:00,338.0,338.0,338.0,338.0,35152.0,104,2025-08-31 09:59:59
2025-08-31 10:00:00,338.0,338.9,338.9,337.5,883690.6000000001,2609,2025-08-31 10:09:59
2025-08-31 10:10:00,339.0,338.6,339.2,338.3,292523.50000000006,863,2025-08-31 10:19:59
2025-08-31 10:20:00,338.6,338.7,339.5,338.6,1166486.5999999999,3438,2025-08-31 10:29:59
2025-08-31 10:30:00,339.3,338.8,339.5,338.6,260480.50000000003,768,2025-08-31 10:39:59
2025-08-31 10:40:00,338.8,339.1,339.2,338.8,777682.1,2293,2025-08-31 10:49:59
2025-08-31 10:50:00,338.9,338.9,339.2,338.8,232821.4,687,2025-08-31 10:59:59
2025-08-31 11:00:00,339.0,339.1,339.2,338.9,102432.19999999998,302,2025-08-31 11:09:59
2025-08-31 11:10:00,339.1,339.3,339.3,339.1,44089.9,130,2025-08-31 11:19:59
2025-08-31 11:20:00,339.3,339.1,339.3,339.1,54615.99999999999,161,2025-08-31 11:29:59
2025-08-31 11:30:00,339.3,339.5,339.5,339.1,1822979.7999999998,5372,2025-08-31 11:39:59
2025-08-31 11:40:00,339.5,339.0,339.5,339.0,1666657.0000000002,4914,2025-08-31 11:49:59
2025-08-31 11:50:00,339.0,339.1,339.1,338.8,131840.39999999997,389,2025-08-31 11:59:59
2025-08-31 12:00:00,339.0,338.8,339.1,338.1,1788713.0000000007,5285,2025-08-31 12:09:59
2025-08-31 12:10:00,338.4,338.1,338.7,337.5,5444634.300000001,16115,2025-08-31 12:19:59
2025-08-31 12:20:00,338.3,338.5,338.5,338.2,158026.6,467,2025-08-31 12:29:59
2025-08-31 12:30:00,338.2,338.1,338.6,338.1,305757.9,904,2025-08-31 12:39:59
2025-08-31 12:40:00,338.4,338.5,338.5,338.1,123085.49999999999,364,2025-08-31 12:49:59
2025-08-31 12:50:00,338.5,338.1,338.5,338.1,73052.69999999998,216,2025-08-31 12:59:59
2025-08-31 13:00:00,338.1,338.1,338.4,338.1,185283.3,548,2025-08-31 13:09:59
2025-08-31 13:10:00,338.1,338.1,338.4,338.1,20634.3,61,2025-08-31 13:19:59
2025-08-31 13:20:00,338.4,338.6,338.7,338.0,273166.10000000003,807,2025-08-31 13:29:59
2025-08-31 13:30:00,338.6,338.3,338.7,338.3,328854.3,971,2025-08-31 13:39:59
2025-08-31 13:40:00,338.4,338.6,338.6,338.3,118131.3,349,2025-08-31 13:49:59
2025-08-31 13:50:00,338.4,338.1,338.5,338.1,195905.2,579,2025-08-31 13:58:01
2025-08-31 14:00:00,338.1,338.6,338.6,338.1,395032.9,1167,2025-08-31 14:09:59
2025-08-31 14:10:00,338.5,338.5,338.5,338.2,53821.2,159,2025-08-31 14:19:59
2025-08-31 14:20:00,338.1,338.6,338.6,338.1,189897.09999999998,561,2025-08-31 14:29:59
2025-08-31 14:30:00,338.6,338.5,338.6,338.5,155411.2,459,2025-08-31 14:39:59
2025-08-31 14:40:00,338.5,338.7,338.7,338.5,12186.300000000001,36,2025-08-31 14:49:59
2025-08-31 14:50:00,338.5,338.5,338.6,338.5,157402.7,465,2025-08-31 14:59:06
2025-08-31 15:00:00,338.6,338.5,338.6,338.5,126296.7,373,2025-08-31 15:09:59
2025-08-31 15:10:00,338.6,338.6,338.6,338.5,15236.700000000003,45,2025-08-31 15:19:59
2025-08-31 15:20:00,338.5,338.1,338.6,338.1,40590.899999999994,120,2025-08-31 15:29:59
2025-08-31 15:30:00,338.2,338.1,338.2,338.1,430442.70000000007,1273,2025-08-31 15:39:59
2025-08-31 15:40:00,338.1,338.1,338.1,338.1,34148.1,101,2025-08-31 15:49:59
2025-08-31 15:50:00,338.2,338.1,338.2,338.1,89940.4,266,2025-08-31 15:59:59
2025-08-31 16:00:00,338.1,338.1,338.1,338.1,81482.09999999999,241,2025-08-31 16:09:59
2025-08-31 16:10:00,338.1,338.1,338.2,338.1,282991.9,837,2025-08-31 16:19:59
2025-08-31 16:20:00,338.1,337.8,338.2,337.8,2630022.6999999993,7783,2025-08-31 16:29:59
2025-08-31 16:30:00,337.8,338.0,338.2,337.8,35171.0,104,2025-08-31 16:39:59
2025-08-31 16:40:00,338.0,338.0,338.2,338.0,20967.0,62,2025-08-31 16:49:59
2025-08-31 16:50:00,337.9,338.3,338.3,337.9,156890.5,464,2025-08-31 16:58:01
2025-08-31 17:00:00,338.3,338.1,338.4,338.0,35862.3,106,2025-08-31 17:09:59
2025-08-31 17:10:00,338.0,338.4,338.5,337.9,2045699.7,6048,2025-08-31 17:19:59
2025-08-31 17:20:00,338.5,338.6,338.6,338.4,31474.5,93,2025-08-31 17:29:59
2025-08-31 17:30:00,338.5,338.6,338.6,338.4,159430.5,471,2025-08-31 17:39:59
2025-08-31 17:40:00,338.5,338.4,338.6,338.4,49420.0,146,2025-08-31 17:49:59
2025-08-31 17:50:00,338.6,338.4,338.6,338.4,107648.2,318,2025-08-31 17:59:59
2025-08-31 18:00:00,338.6,338.6,338.6,338.4,178779.6,528,2025-08-31 18:09:59
2025-08-31 18:10:00,338.6,338.5,338.6,338.1,639783.4,1890,2025-08-31 18:19:59
2025-08-31 18:20:00,338.2,338.1,338.5,338.0,407147.4999999999,1204,2025-08-31 18:29:59
2025-08-31 18:30:00,338.5,338.5,338.5,338.1,25028.399999999998,74,2025-08-31 18:39:59
2025-08-31 18:40:00,338.5,338.5,338.5,338.1,286929.60000000003,848,2025-08-31 18:49:59
2025-08-31 18:50:00,338.5,338.5,338.5,338.1,756582.3,2237,2025-08-31 18:59:59
2025-09-01 06:50:00,338.8,338.8,338.8,338.8,40317.2,119,2025-09-01 06:59:59
2025-09-01 07:00:00,339.3,339.5,339.9,338.4,2386734.1,7029,2025-09-01 07:09:59
2025-09-01 07:10:00,339.5,339.1,339.5,339.1,1121327.6,3306,2025-09-01 07:19:59
2025-09-01 07:20:00,339.2,339.2,339.2,339.1,592507.3999999999,1747,2025-09-01 07:29:59
2025-09-01 07:30:00,339.2,338.8,339.2,338.8,1454551.6,4290,2025-09-01 07:39:59
2025-09-01 07:40:00,339.0,339.0,339.0,338.6,2715968.1,8015,2025-09-01 07:49:59
2025-09-01 07:50:00,339.1,339.5,339.7,339.1,3115821.0,9181,2025-09-01 07:59:59
2025-09-01 08:00:00,339.5,339.5,339.6,338.9,2898902.6,8548,2025-09-01 08:09:59
2025-09-01 08:10:00,339.2,339.2,339.5,337.5,13223315.599999998,39081,2025-09-01 08:19:59
2025-09-01 08:20:00,338.9,338.8,339.2,338.4,1136633.7000000002,3354,2025-09-01 08:29:59
2025-09-01 08:30:00,338.5,337.7,338.6,337.4,4095024.7000000007,12119,2025-09-01 08:39:59
2025-09-01 08:40:00,337.5,338.5,338.5,337.5,2338203.3,6916,2025-09-01 08:49:59
2025-09-01 08:50:00,338.2,338.2,338.6,338.1,1990812.6999999997,5885,2025-09-01 08:59:59
2025-09-01 09:00:00,338.1,338.2,338.3,337.6,3094060.1,9154,2025-09-01 09:09:59
2025-09-01 09:10:00,338.1,339.6,340.7,338.1,34352388.10000002,101103,2025-09-01 09:19:59
2025-09-01 09:20:00,339.6,339.9,340.3,339.2,10647319.700000001,31340,2025-09-01 09:29:59
2025-09-01 09:30:00,339.9,340.3,340.3,339.6,7701078.600000001,22651,2025-09-01 09:39:59
2025-09-01 09:40:00,340.4,341.9,342.7,340.0,41142044.400000036,120469,2025-09-01 09:49:59
2025-09-01 09:50:00,341.9,342.0,342.2,341.5,9680262.7,28314,2025-09-01 09:59:59
2025-09-01 10:00:00,342.0,343.1,343.6,341.9,39747024.3,115942,2025-09-01 10:09:59
2025-09-01 10:10:00,343.0,342.1,343.4,342.1,15812577.500000002,46155,2025-09-01 10:19:59
2025-09-01 10:20:00,342.3,342.5,343.0,342.2,17682957.6,51590,2025-09-01 10:29:59
2025-09-01 10:30:00,342.5,342.1,343.0,342.1,18819701.900000002,54931,2025-09-01 10:39:59
2025-09-01 10:40:00,342.2,341.9,342.2,341.5,17371703.200000003,50836,2025-09-01 10:49:59
2025-09-01 10:50:00,341.9,341.4,342.2,341.3,11037883.1,32307,2025-09-01 10:59:59
2025-09-01 11:00:00,341.5,340.8,341.5,340.7,14979367.500000002,43930,2025-09-01 11:09:59
2025-09-01 11:10:00,340.9,341.0,341.0,340.6,6599247.6,19360,2025-09-01 11:19:59
2025-09-01 11:20:00,341.0,340.5,341.0,340.4,6815342.1,19996,2025-09-01 11:29:59
2025-09-01 11:30:00,340.6,340.9,341.0,340.5,3574787.8000000003,10490,2025-09-01 11:39:59
2025-09-01 11:40:00,340.8,341.0,341.0,340.6,1900992.8,5576,2025-09-01 11:49:59
2025-09-01 11:50:00,341.0,341.2,341.3,340.8,9024607.099999994,26461,2025-09-01 11:59:59
2025-09-01 12:00:00,341.2,341.1,341.5,341.0,6130869.499999999,17964,2025-09-01 12:09:59
2025-09-01 12:10:00,341.0,341.4,341.5,341.0,3590411.3,10521,2025-09-01 12:19:59
2025-09-01 12:20:00,341.3,340.5,341.5,340.2,9194527.099999998,26990,2025-09-01 12:29:59
2025-09-01 12:30:00,340.5,340.3,340.9,340.1,6902836.800000001,20270,2025-09-01 12:39:59
2025-09-01 12:40:00,340.4,340.6,340.7,340.0,7169898.6000000015,21067,2025-09-01 12:49:59
2025-09-01 12:50:00,340.6,340.0,340.6,340.0,3507715.999999999,10310,2025-09-01 12:59:59
2025-09-01 13:00:00,340.1,339.6,340.6,339.5,12139627.700000003,35700,2025-09-01 13:09:59
2025-09-01 13:10:00,339.6,339.0,339.8,338.7,30501143.7,89918,2025-09-01 13:19:59
2025-09-01 13:20:00,339.0,338.3,339.3,338.2,9119983.8,26933,2025-09-01 13:29:59
2025-09-01 13:30:00,338.3,339.1,339.6,338.2,12020503.1,35448,2025-09-01 13:39:59
2025-09-01 13:40:00,339.2,339.2,339.6,339.1,3150001.8,9282,2025-09-01 13:49:59
2025-09-01 13:50:00,339.2,339.7,339.8,339.1,6356023.900000001,18726,2025-09-01 13:59:59
2025-09-01 14:00:00,339.7,339.7,339.8,339.3,1401557.4,4129,2025-09-01 14:09:59
2025-09-01 14:10:00,339.6,339.7,339.8,339.4,614145.0,1808,2025-09-01 14:19:59
2025-09-01 14:20:00,339.7,339.4,339.7,339.4,1605218.5999999999,4727,2025-09-01 14:29:59
2025-09-01 14:30:00,339.4,339.5,339.6,339.3,2381193.5999999996,7016,2025-09-01 14:39:59
2025-09-01 14:40:00,339.5,339.0,339.5,339.0,7858676.199999999,23176,2025-09-01 14:49:59
2025-09-01 14:50:00,339.1,338.9,339.2,338.8,2580607.5999999996,7615,2025-09-01 14:59:59
2025-09-01 15:00:00,338.9,339.2,339.3,338.5,4953784.1,14618,2025-09-01 15:09:59
2025-09-01 15:10:00,339.2,339.4,339.5,339.1,3021132.4,8903,2025-09-01 15:19:59
2025-09-01 15:20:00,339.5,338.7,339.8,338.7,8604168.700000001,25354,2025-09-01 15:29:59
2025-09-01 15:30:00,338.7,339.4,339.6,338.3,5960919.1,17594,2025-09-01 15:39:59
2025-09-01 15:40:00,339.4,339.5,339.7,339.2,3712767.799999981,10939,2025-09-01 15:49:59
2025-09-01 15:50:00,339.2,339.3,339.5,339.0,1227959.8000000003,3621,2025-09-01 15:59:59
2025-09-01 16:00:00,339.2,338.7,339.3,338.2,5517272.200000001,16290,2025-09-01 16:09:59
2025-09-01 16:10:00,338.8,338.1,338.8,338.1,1811380.6,5354,2025-09-01 16:19:59
2025-09-01 16:20:00,338.2,338.2,338.4,337.9,7533897.5,22282,2025-09-01 16:29:59
2025-09-01 16:30:00,338.2,338.4,338.6,338.1,2334603.3000000003,6900,2025-09-01 16:39:59
2025-09-01 16:40:00,338.4,338.5,338.7,338.3,1030151.5000000001,3043,2025-09-01 16:49:59
2025-09-01 16:50:00,338.4,338.1,338.7,337.9,3672894.0999999996,10864,2025-09-01 16:59:59
2025-09-01 17:00:00,338.1,337.6,338.1,337.5,4161526.3000000007,12322,2025-09-01 17:09:59
2025-09-01 17:10:00,337.8,336.3,337.8,335.3,47732596.20000001,141918,2025-09-01 17:19:59
2025-09-01 17:20:00,336.5,334.8,336.6,334.2,65979957.1,196978,2025-09-01 17:29:59
2025-09-01 17:30:00,334.7,335.5,336.0,334.5,23921961.2,71292,2025-09-01 17:39:59
2025-09-01 17:40:00,335.4,334.5,335.5,334.5,10412406.200000001,31090,2025-09-01 17:49:59
2025-09-01 17:50:00,334.5,335.1,335.4,334.4,16538240.299999993,49391,2025-09-01 17:59:59
2025-09-01 18:00:00,335.1,332.4,335.1,331.6,85104070.3,255580,2025-09-01 18:09:59
2025-09-01 18:10:00,332.4,333.8,333.9,332.0,33361909.099999998,100129,2025-09-01 18:19:59
2025-09-01 18:20:00,333.7,333.9,334.0,333.3,7929701.899999999,23769,2025-09-01 18:29:59
2025-09-01 18:30:00,333.7,333.0,334.0,332.5,24816757.7,74506,2025-09-01 18:39:59
2025-09-01 18:40:00,333.2,333.2,333.2,333.2,1755963.9999999998,5270,2025-09-01 18:49:59
2025-09-01 19:00:00,333.2,333.4,333.4,332.9,3864525.7,11597,2025-09-01 19:09:59
2025-09-01 19:10:00,333.3,334.1,334.2,333.2,5803991.800000001,17388,2025-09-01 19:19:59
2025-09-01 19:20:00,334.4,334.0,334.4,333.5,3922638.5000000005,11742,2025-09-01 19:29:59
2025-09-01 19:30:00,333.9,333.3,334.1,333.1,9797613.3,29378,2025-09-01 19:39:59
2025-09-01 19:40:00,333.1,332.4,333.4,332.1,13865416.8,41700,2025-09-01 19:49:59
2025-09-01 19:50:00,332.4,332.7,332.8,332.1,5799667.600000001,17451,2025-09-01 19:59:59
2025-09-01 20:00:00,332.8,332.7,332.8,332.1,3094734.3,9309,2025-09-01 20:09:59
2025-09-01 20:10:00,332.7,332.8,333.0,332.7,1837179.2999999998,5519,2025-09-01 20:19:59
2025-09-01 20:20:00,333.0,333.0,333.1,332.8,1151414.0,3458,2025-09-01 20:29:59
2025-09-01 20:30:00,333.0,333.6,333.6,333.0,2559168.5000000005,7677,2025-09-01 20:39:59
2025-09-01 20:40:00,333.5,333.7,333.7,333.5,4997087.0,14978,2025-09-01 20:49:59
2025-09-01 20:50:00,333.7,333.6,333.7,333.4,1507391.5999999999,4519,2025-09-01 20:59:59
2025-09-01 21:00:00,333.6,334.3,334.4,333.5,9957783.4,29801,2025-09-01 21:09:59
2025-09-01 21:10:00,334.3,334.3,334.3,334.1,939896.3999999999,2812,2025-09-01 21:19:59
2025-09-01 21:20:00,334.2,333.9,334.4,333.7,5804864.7,17379,2025-09-01 21:29:59
2025-09-01 21:30:00,333.9,333.9,334.0,333.5,733408.2,2198,2025-09-01 21:39:59
2025-09-01 21:40:00,333.9,333.3,333.9,333.1,2636369.2,7912,2025-09-01 21:49:59
2025-09-01 21:50:00,333.1,333.4,333.4,333.1,489260.1,1468,2025-09-01 21:59:59
2025-09-01 22:00:00,333.4,333.3,333.4,333.1,847877.5,2544,2025-09-01 22:09:59
2025-09-01 22:10:00,333.4,333.7,333.9,333.3,2939264.0,8810,2025-09-01 22:19:59
2025-09-01 22:20:00,333.8,333.7,334.1,333.7,2033478.5,6089,2025-09-01 22:29:59
2025-09-01 22:30:00,333.9,333.4,333.9,333.3,4391741.899999999,13166,2025-09-01 22:39:59
2025-09-01 22:40:00,333.6,333.5,333.6,333.3,568496.8,1705,2025-09-01 22:49:59
2025-09-01 22:50:00,333.3,333.3,333.6,333.3,1100869.4000000001,3302,2025-09-01 22:59:59
2025-09-01 23:00:00,333.3,333.3,333.5,333.2,780061.7,2341,2025-09-01 23:09:59
2025-09-01 23:10:00,333.3,333.4,333.4,333.1,461226.2000000001,1384,2025-09-01 23:19:59
2025-09-01 23:20:00,333.4,333.4,333.5,333.2,806069.1,2418,2025-09-01 23:29:59
2025-09-01 23:30:00,333.3,333.2,333.5,333.1,1128125.4,3384,2025-09-01 23:39:59
2025-09-01 23:40:00,333.2,333.1,333.4,332.9,9771146.9,29336,2025-09-01 23:49:59
2025-09-02 06:50:00,334.0,334.0,334.0,334.0,1002.0,3,2025-09-02 06:59:59
2025-09-02 07:00:00,334.0,333.1,334.0,331.8,5372643.5,16136,2025-09-02 07:09:59
2025-09-02 07:10:00,333.4,333.4,333.4,333.0,2714952.3,8148,2025-09-02 07:19:59
2025-09-02 07:20:00,333.4,332.7,333.4,332.6,778392.6,2338,2025-09-02 07:29:59
2025-09-02 07:30:00,332.9,332.8,333.1,332.7,1112296.1,3341,2025-09-02 07:39:59
2025-09-02 07:40:00,332.8,333.0,333.0,332.4,2411367.8000000003,7245,2025-09-02 07:49:59
2025-09-02 07:50:00,332.8,332.3,332.9,332.1,4088007.1000000006,12298,2025-09-02 07:59:59
2025-09-02 08:00:00,332.3,332.1,332.6,332.0,1657871.8000000003,4989,2025-09-02 08:09:59
2025-09-02 08:10:00,332.0,329.8,332.1,328.4,47850641.19999997,144993,2025-09-02 08:19:59
2025-09-02 08:20:00,329.6,329.3,330.3,328.9,14196258.0,43077,2025-09-02 08:29:59
2025-09-02 08:30:00,329.3,330.9,330.9,329.3,10915623.399999999,33041,2025-09-02 08:39:59
2025-09-02 08:40:00,330.9,329.8,330.9,329.2,8779707.6,26600,2025-09-02 08:49:59
2025-09-02 08:50:00,329.3,329.9,330.8,329.3,11796116.700000003,35722,2025-09-02 08:59:59
2025-09-02 09:00:00,329.9,329.3,330.1,328.4,18755811.0,56992,2025-09-02 09:09:59
2025-09-02 09:10:00,329.2,329.4,329.5,329.1,3804223.000000001,11553,2025-09-02 09:19:59
2025-09-02 09:20:00,329.4,329.3,329.7,329.0,15319337.499999998,46515,2025-09-02 09:29:59
2025-09-02 09:30:00,329.3,329.3,329.6,329.0,6865976.9,20856,2025-09-02 09:39:59
2025-09-02 09:40:00,329.3,329.2,329.4,329.0,3441613.4000000004,10457,2025-09-02 09:49:59
2025-09-02 09:50:00,329.1,328.6,329.1,328.2,15299372.5,46570,2025-09-02 09:59:59
2025-09-02 10:00:00,328.6,327.5,328.7,326.9,41845017.599999994,127685,2025-09-02 10:09:59
2025-09-02 10:10:00,327.4,328.9,329.3,327.1,23280040.999999996,70925,2025-09-02 10:19:59
2025-09-02 10:20:00,328.8,329.1,329.1,328.3,6693821.199999999,20361,2025-09-02 10:29:59
2025-09-02 10:30:00,329.1,329.7,330.0,328.8,6154975.3999999985,18679,2025-09-02 10:39:59
2025-09-02 10:40:00,329.6,329.4,329.6,328.9,4914336.499999999,14922,2025-09-02 10:49:59
2025-09-02 10:50:00,329.3,328.6,329.5,328.3,4597127.6,13987,2025-09-02 10:59:59
2025-09-02 11:00:00,328.6,328.3,328.7,327.8,18812188.3,57328,2025-09-02 11:09:59
2025-09-02 11:10:00,328.3,328.2,328.5,327.7,5193234.700000001,15828,2025-09-02 11:19:59
2025-09-02 11:20:00,328.0,328.7,328.7,327.8,10069571.499999998,30661,2025-09-02 11:29:59
2025-09-02 11:30:00,328.7,328.9,329.3,328.4,8179115.6,24872,2025-09-02 11:39:59
2025-09-02 11:40:00,328.9,328.4,328.9,328.2,10056737.299999999,30623,2025-09-02 11:49:59
2025-09-02 11:50:00,328.4,329.3,329.5,328.4,9216929.299999999,28010,2025-09-02 11:59:59
2025-09-02 12:00:00,329.3,328.4,329.3,328.4,4686854.4,14256,2025-09-02 12:09:59
2025-09-02 12:10:00,328.6,329.0,329.1,328.5,1937413.0999999999,5890,2025-09-02 12:19:59
2025-09-02 12:20:00,328.8,328.5,329.0,328.3,4832153.6,14712,2025-09-02 12:29:59
2025-09-02 12:30:00,328.6,328.2,328.6,327.9,20078158.9,61181,2025-09-02 12:39:59
2025-09-02 12:40:00,328.4,328.7,329.0,328.3,17301594.799999997,52638,2025-09-02 12:49:59
2025-09-02 12:50:00,328.7,328.4,328.8,328.3,1653991.7,5033,2025-09-02 12:59:59
2025-09-02 13:00:00,328.4,327.8,328.4,327.5,11057152.899999999,33729,2025-09-02 13:09:59
2025-09-02 13:10:00,327.8,328.8,329.1,327.5,29497080.7,89845,2025-09-02 13:19:59
2025-09-02 13:20:00,328.8,329.2,329.7,328.8,14577723.399999999,44292,2025-09-02 13:29:59
2025-09-02 13:30:00,329.0,329.2,329.5,329.0,2157527.4,6553,2025-09-02 13:39:59
2025-09-02 13:40:00,329.1,328.7,329.4,328.7,8899487.099999998,27046,2025-09-02 13:49:59
2025-09-02 13:50:00,329.0,330.3,330.5,328.2,64682484.00000001,196237,2025-09-02 13:59:59
2025-09-02 14:00:00,330.5,330.3,331.1,330.2,21424666.900000006,64789,2025-09-02 14:09:59
2025-09-02 14:10:00,330.3,330.0,330.4,329.7,5986162.4,18133,2025-09-02 14:19:59
2025-09-02 14:20:00,329.9,330.1,330.1,329.6,3944686.6999999997,11955,2025-09-02 14:29:59
2025-09-02 14:30:00,330.0,330.1,330.5,330.0,5758322.4,17444,2025-09-02 14:39:59
2025-09-02 14:40:00,330.2,330.0,330.4,329.8,1053640.699999999,3192,2025-09-02 14:49:59
2025-09-02 14:50:00,330.0,330.8,330.8,330.0,7156033.000000001,21657,2025-09-02 14:59:59
2025-09-02 15:00:00,330.7,331.2,331.7,329.7,17437837.999999996,52690,2025-09-02 15:09:59
2025-09-02 15:10:00,331.2,329.7,331.3,329.6,21046227.199999996,63737,2025-09-02 15:19:59
2025-09-02 15:20:00,329.8,329.3,329.8,329.1,6352082.599999996,19281,2025-09-02 15:29:59
2025-09-02 15:30:00,329.4,328.7,329.4,328.2,16072721.1,48890,2025-09-02 15:39:59
2025-09-02 15:40:00,328.7,327.9,328.9,327.7,10625417.100000001,32369,2025-09-02 15:49:59
2025-09-02 15:50:00,327.9,326.7,328.5,326.2,36485797.89999998,111476,2025-09-02 15:59:59
2025-09-02 16:00:00,326.8,326.4,327.2,326.1,8378420.000000004,25638,2025-09-02 16:09:59
2025-09-02 16:10:00,326.2,326.8,327.3,325.2,42479070.30000002,130239,2025-09-02 16:19:59
2025-09-02 16:20:00,326.8,327.1,327.3,326.4,4142841.8000000007,12674,2025-09-02 16:29:59
2025-09-02 16:30:00,327.1,327.5,327.6,326.6,14270967.100000001,43625,2025-09-02 16:39:59
2025-09-02 16:40:00,327.2,327.2,327.6,326.9,5450760.3,16647,2025-09-02 16:49:59
2025-09-02 16:50:00,327.2,326.9,327.4,326.5,8249927.9,25235,2025-09-02 16:59:59
2025-09-02 17:00:00,327.0,327.6,328.4,326.8,36353240.10000001,111006,2025-09-02 17:09:59
2025-09-02 17:10:00,327.4,328.4,328.5,327.4,8547645.2,26053,2025-09-02 17:19:59
2025-09-02 17:20:00,328.5,327.6,328.7,327.5,10718386.100000001,32663,2025-09-02 17:29:59
2025-09-02 17:30:00,327.6,327.7,328.1,327.6,6053147.099999999,18459,2025-09-02 17:39:59
2025-09-02 17:40:00,327.9,327.6,327.9,327.5,1989202.5999999999,6071,2025-09-02 17:49:59
2025-09-02 17:50:00,327.6,327.1,327.8,327.0,8257279.100000001,25222,2025-09-02 17:59:59
2025-09-02 18:00:00,327.3,325.4,327.4,325.4,16177200.000000006,49605,2025-09-02 18:09:59
2025-09-02 18:10:00,325.5,324.9,325.7,324.5,37986090.899999976,116931,2025-09-02 18:19:59
2025-09-02 18:20:00,324.8,324.8,324.9,324.5,22900085.7,70508,2025-09-02 18:29:59
2025-09-02 18:30:00,324.6,324.7,324.8,324.4,10711201.899999999,32992,2025-09-02 18:39:59
2025-09-02 18:40:00,324.5,324.5,324.5,324.5,292374.5,901,2025-09-02 18:49:59
2025-09-02 19:00:00,324.5,325.0,325.0,324.5,2912801.3000000007,8969,2025-09-02 19:09:59
2025-09-02 19:10:00,324.9,325.0,325.6,324.6,13260410.0,40795,2025-09-02 19:19:59
2025-09-02 19:20:00,325.0,324.9,325.2,324.8,3158396.3000000003,9720,2025-09-02 19:29:59
2025-09-02 19:30:00,324.9,325.5,325.5,324.8,2517762.1999999997,7743,2025-09-02 19:39:59
2025-09-02 19:40:00,325.4,325.2,325.8,325.0,2123248.8,6526,2025-09-02 19:49:59
2025-09-02 19:50:00,325.1,325.0,325.5,324.7,2264382.5999999996,6966,2025-09-02 19:59:59
2025-09-02 20:00:00,325.1,324.8,325.2,324.4,7469623.800000001,23004,2025-09-02 20:09:59
2025-09-02 20:10:00,324.6,325.5,325.5,324.6,2106469.5999999996,6479,2025-09-02 20:19:59
2025-09-02 20:20:00,325.4,325.3,325.9,324.9,5317468.6,16332,2025-09-02 20:29:59
2025-09-02 20:30:00,325.3,325.3,325.3,325.2,385414.5,1185,2025-09-02 20:39:59
2025-09-02 20:40:00,325.2,324.3,325.3,323.7,25994438.299999997,80164,2025-09-02 20:49:59
2025-09-02 20:50:00,324.3,324.7,324.9,324.3,1676915.1000000003,5165,2025-09-02 20:59:59
2025-09-02 21:00:00,324.9,325.3,325.3,324.8,1858950.9,5719,2025-09-02 21:09:59
2025-09-02 21:10:00,325.3,324.7,325.3,324.5,3524488.1000000006,10853,2025-09-02 21:19:59
2025-09-02 21:20:00,324.8,324.6,325.0,324.2,3387513.8000000003,10438,2025-09-02 21:29:59
2025-09-02 21:30:00,324.6,324.6,324.7,324.2,5871995.6,18096,2025-09-02 21:39:59
2025-09-02 21:40:00,324.6,326.1,326.1,324.3,12806437.299999999,39393,2025-09-02 21:49:59
2025-09-02 21:50:00,326.1,326.7,326.8,325.7,18127240.0,55556,2025-09-02 21:59:59
2025-09-02 22:00:00,326.6,326.6,326.6,326.0,4366555.2,13381,2025-09-02 22:09:59
2025-09-02 22:10:00,326.7,328.0,328.1,326.6,17705152.0,54044,2025-09-02 22:19:59
2025-09-02 22:20:00,328.0,328.4,328.5,327.7,6573752.399999999,20034,2025-09-02 22:29:59
2025-09-02 22:30:00,328.5,327.8,328.6,327.8,3731600.7,11370,2025-09-02 22:39:59
2025-09-02 22:40:00,327.8,328.0,328.2,327.7,2099713.5,6403,2025-09-02 22:49:59
2025-09-02 22:50:00,328.0,328.1,328.4,328.0,1535959.0,4679,2025-09-02 22:59:59
2025-09-02 23:00:00,328.3,328.2,328.4,328.2,967749.0000000001,2948,2025-09-02 23:09:59
2025-09-02 23:10:00,328.3,328.4,328.7,328.3,1200226.0,3654,2025-09-02 23:19:59
2025-09-02 23:20:00,328.6,328.9,330.0,328.2,14242163.300000004,43271,2025-09-02 23:29:59
2025-09-02 23:30:00,328.8,328.9,329.0,328.4,2115445.8,6437,2025-09-02 23:39:59
2025-09-02 23:40:00,328.9,329.3,329.6,328.8,1281114.7999999998,3891,2025-09-02 23:49:59
2025-09-03 06:50:00,329.3,329.3,329.3,329.3,100436.5,305,2025-09-03 06:59:59
2025-09-03 07:00:00,329.3,327.7,329.3,327.7,6548036.500000002,19942,2025-09-03 07:09:59
2025-09-03 07:10:00,327.7,328.6,328.6,327.7,1664917.6,5069,2025-09-03 07:19:59
2025-09-03 07:20:00,328.8,328.3,328.9,327.8,1875210.6,5710,2025-09-03 07:29:59
2025-09-03 07:30:00,328.3,327.7,328.3,327.7,3806366.1999999993,11613,2025-09-03 07:39:59
2025-09-03 07:40:00,327.7,328.2,328.2,327.6,961347.3,2934,2025-09-03 07:49:59
2025-09-03 07:50:00,328.2,328.0,328.6,327.9,1415650.4000000001,4313,2025-09-03 07:59:59
2025-09-03 08:00:00,328.3,328.7,328.7,328.1,734045.4999999999,2236,2025-09-03 08:09:59
2025-09-03 08:10:00,328.7,328.7,328.8,328.3,1189081.4,3618,2025-09-03 08:19:59
2025-09-03 08:20:00,328.6,328.3,328.7,328.3,358586.39999999997,1092,2025-09-03 08:29:59
2025-09-03 08:30:00,328.3,328.3,328.3,328.0,2411584.1999999997,7346,2025-09-03 08:39:59
2025-09-03 08:40:00,328.1,328.5,328.8,328.1,815622.5,2482,2025-09-03 08:49:59
2025-09-03 08:50:00,328.6,329.0,329.3,328.1,2427257.0,7385,2025-09-03 08:59:59
2025-09-03 09:00:00,329.0,328.5,329.4,328.4,1953180.0000000002,5939,2025-09-03 09:09:59
2025-09-03 09:10:00,328.3,328.5,328.6,328.1,779956.3999999999,2376,2025-09-03 09:19:59
2025-09-03 09:20:00,328.5,328.0,328.8,328.0,1629538.6,4963,2025-09-03 09:29:59
2025-09-03 09:30:00,328.0,327.6,328.1,327.6,2467042.7,7527,2025-09-03 09:39:59
2025-09-03 09:40:00,327.5,328.2,328.3,327.4,2101632.0000000005,6414,2025-09-03 09:49:59
2025-09-03 09:50:00,328.1,329.0,329.0,328.0,3198304.4999999995,9734,2025-09-03 09:59:59
2025-09-03 10:00:00,328.8,328.3,329.4,328.1,5222590.300000001,15890,2025-09-03 10:09:59
2025-09-03 10:10:00,328.4,327.7,328.5,327.7,2901590.4,8846,2025-09-03 10:19:59
2025-09-03 10:20:00,327.7,326.4,327.8,325.9,16500183.700000003,50518,2025-09-03 10:29:59
2025-09-03 10:30:00,326.5,325.5,326.6,324.8,29010048.2,89145,2025-09-03 10:39:59
2025-09-03 10:40:00,325.5,326.6,326.8,325.3,17295712.500000004,53055,2025-09-03 10:49:59
2025-09-03 10:50:00,326.6,326.5,327.2,326.4,11675388.5,35725,2025-09-03 10:59:59
2025-09-03 11:00:00,326.4,326.5,326.5,325.9,8872602.7,27201,2025-09-03 11:09:59
2025-09-03 11:10:00,326.2,325.7,326.2,324.9,17423711.30000001,53524,2025-09-03 11:19:59
2025-09-03 11:20:00,325.7,325.6,325.9,325.1,12302455.5,37797,2025-09-03 11:29:59
2025-09-03 11:30:00,325.6,326.7,326.9,325.2,16804800.89999999,51510,2025-09-03 11:39:59
2025-09-03 11:40:00,326.7,326.2,326.9,326.1,2464910.4000000013,7551,2025-09-03 11:49:59
2025-09-03 11:50:00,326.2,328.3,328.9,326.0,34939815.0,106550,2025-09-03 11:59:59
2025-09-03 12:00:00,328.3,328.8,329.8,328.3,29022432.399999995,88205,2025-09-03 12:09:59
2025-09-03 12:10:00,328.9,330.1,330.8,328.8,28094242.40000001,85179,2025-09-03 12:19:59
2025-09-03 12:20:00,330.1,330.7,331.7,330.0,37315703.000000015,112757,2025-09-03 12:29:59
2025-09-03 12:30:00,330.6,330.7,331.5,330.1,23786294.399999995,71910,2025-09-03 12:39:59
2025-09-03 12:40:00,330.7,330.4,330.8,330.4,2315504.5999999996,7003,2025-09-03 12:49:59
2025-09-03 12:50:00,330.3,329.8,330.3,329.7,7984124.1,24200,2025-09-03 12:59:59
2025-09-03 13:00:00,329.8,329.5,330.2,329.5,1690351.9,5125,2025-09-03 13:09:59
2025-09-03 13:10:00,329.6,331.0,331.5,329.6,8513801.400000012,25735,2025-09-03 13:19:59
2025-09-03 13:20:00,331.0,331.0,331.2,330.1,5804614.6,17564,2025-09-03 13:29:59
2025-09-03 13:30:00,331.0,331.6,332.2,330.8,20079345.599999994,60509,2025-09-03 13:39:59
2025-09-03 13:40:00,331.7,330.6,331.7,330.6,11408736.500000004,34461,2025-09-03 13:49:59
2025-09-03 13:50:00,330.7,330.6,330.9,330.5,2042896.3000000003,6177,2025-09-03 13:59:59
2025-09-03 14:00:00,330.6,331.0,331.8,330.6,8317040.399999997,25120,2025-09-03 14:09:59
2025-09-03 14:10:00,330.8,330.7,331.4,330.5,8249584.2,24934,2025-09-03 14:19:59
2025-09-03 14:20:00,330.7,330.1,331.1,330.0,9345422.200000001,28262,2025-09-03 14:29:59
2025-09-03 14:30:00,330.1,330.5,330.5,330.0,2709461.2999999993,8208,2025-09-03 14:39:59
2025-09-03 14:40:00,330.4,330.3,330.9,330.3,1831136.5,5536,2025-09-03 14:49:59
2025-09-03 14:50:00,330.5,330.7,330.8,330.3,1960002.7999999998,5929,2025-09-03 14:59:59
2025-09-03 15:00:00,330.7,330.0,331.1,330.0,9268931.6,28049,2025-09-03 15:09:59
2025-09-03 15:10:00,330.0,332.4,333.0,329.4,75543681.0999999,227794,2025-09-03 15:19:59
2025-09-03 15:20:00,332.3,331.7,332.8,331.6,9951060.3,29943,2025-09-03 15:29:59
2025-09-03 15:30:00,331.8,333.2,333.2,331.4,24254579.80000001,72887,2025-09-03 15:39:59
2025-09-03 15:40:00,333.1,332.8,333.2,332.7,9260350.200000001,27815,2025-09-03 15:49:59
2025-09-03 15:50:00,332.8,333.5,333.6,332.3,14789560.8,44385,2025-09-03 15:59:59
2025-09-03 16:00:00,333.4,333.0,333.5,332.6,9234770.399999999,27715,2025-09-03 16:09:59
2025-09-03 16:10:00,333.0,333.0,333.4,332.9,6669180.100000001,20018,2025-09-03 16:19:59
2025-09-03 16:20:00,333.2,334.2,334.6,332.8,19589621.2,58706,2025-09-03 16:29:59
2025-09-03 16:30:00,334.1,334.0,334.5,333.8,7783688.900000003,23295,2025-09-03 16:39:59
2025-09-03 16:40:00,334.0,334.4,334.8,333.7,19641203.799999997,58759,2025-09-03 16:49:59
2025-09-03 16:50:00,334.4,332.1,334.5,332.0,28669499.099999998,86130,2025-09-03 16:59:59
2025-09-03 17:00:00,332.3,331.8,333.0,331.6,20561571.1,61883,2025-09-03 17:09:59
2025-09-03 17:10:00,331.8,331.7,332.0,331.4,4955910.5,14938,2025-09-03 17:19:59
2025-09-03 17:20:00,331.8,331.9,332.0,331.6,807464.0,2434,2025-09-03 17:29:59
2025-09-03 17:30:00,331.9,331.6,332.0,331.6,4069235.6000000006,12259,2025-09-03 17:39:59
2025-09-03 17:40:00,331.7,332.0,332.0,331.6,3280765.4,9885,2025-09-03 17:49:59
2025-09-03 17:50:00,332.0,332.7,332.8,331.9,4324883.799999999,13009,2025-09-03 17:59:59
2025-09-03 18:00:00,332.7,332.9,333.5,332.6,8165617.9,24521,2025-09-03 18:09:59
2025-09-03 18:10:00,333.0,332.9,333.1,332.5,3577778.7000000007,10748,2025-09-03 18:19:59
2025-09-03 18:20:00,332.9,332.3,333.2,332.3,7697586.6,23138,2025-09-03 18:29:59
2025-09-03 18:30:00,332.5,332.6,333.1,332.3,7586512.300000001,22801,2025-09-03 18:39:59
2025-09-03 18:40:00,332.8,332.8,332.8,332.8,209996.8,631,2025-09-03 18:48:14
2025-09-03 19:00:00,333.7,333.1,333.7,332.9,7186097.3,21561,2025-09-03 19:09:59
2025-09-03 19:10:00,333.1,333.0,333.1,332.6,8652444.299999999,25983,2025-09-03 19:19:59
2025-09-03 19:20:00,333.2,333.3,333.9,332.5,16012128.2,48050,2025-09-03 19:29:59
2025-09-03 19:30:00,333.3,333.2,333.5,332.9,3214928.8000000007,9648,2025-09-03 19:39:59
2025-09-03 19:40:00,333.1,332.9,333.4,332.9,3128105.1,9392,2025-09-03 19:49:59
2025-09-03 19:50:00,333.0,332.7,333.2,331.8,10224402.4,30751,2025-09-03 19:59:59
2025-09-03 20:00:00,332.8,333.2,333.3,332.6,1536735.0,4614,2025-09-03 20:09:59
2025-09-03 20:10:00,333.2,333.1,333.3,333.1,2335236.0999999996,7008,2025-09-03 20:19:59
2025-09-03 20:20:00,333.2,333.0,333.2,333.0,2667502.2,8007,2025-09-03 20:29:59
2025-09-03 20:30:00,333.1,333.1,333.2,332.8,1819281.0,5463,2025-09-03 20:39:59
2025-09-03 20:40:00,333.2,332.8,333.2,332.6,1254384.5999999999,3770,2025-09-03 20:49:59
2025-09-03 20:50:00,332.8,332.9,333.0,332.7,685150.7,2059,2025-09-03 20:59:59
2025-09-03 21:00:00,332.9,333.3,333.3,332.8,1707333.7999999998,5125,2025-09-03 21:09:59
2025-09-03 21:10:00,333.3,333.0,333.3,332.9,3135061.7,9410,2025-09-03 21:19:59
2025-09-03 21:20:00,333.0,332.5,333.0,332.1,4051142.9,12181,2025-09-03 21:29:59
2025-09-03 21:30:00,332.7,332.9,332.9,332.1,3953396.3000000003,11892,2025-09-03 21:39:59
2025-09-03 21:40:00,332.9,333.3,333.3,332.9,4659979.3,13986,2025-09-03 21:49:59
2025-09-03 21:50:00,333.2,334.1,334.1,333.2,15398029.3,46129,2025-09-03 21:59:59
2025-09-03 22:00:00,334.0,334.9,335.0,334.0,15943351.200000001,47636,2025-09-03 22:09:59
2025-09-03 22:10:00,335.0,335.5,336.4,334.9,28941729.499999996,86182,2025-09-03 22:19:59
2025-09-03 22:20:00,335.5,335.8,336.4,335.5,9531225.1,28368,2025-09-03 22:29:59
2025-09-03 22:30:00,335.9,335.3,336.0,335.3,4121216.400000001,12279,2025-09-03 22:39:59
2025-09-03 22:40:00,335.4,335.1,335.5,335.1,4539348.1,13534,2025-09-03 22:49:59
2025-09-03 22:50:00,335.1,335.4,335.5,335.1,2096913.2999999996,6256,2025-09-03 22:59:59
2025-09-03 23:00:00,335.4,335.3,335.5,335.3,1935547.4,5771,2025-09-03 23:09:59
2025-09-03 23:10:00,335.2,335.0,335.3,334.7,4769788.599999999,14240,2025-09-03 23:19:59
2025-09-03 23:20:00,334.9,334.9,335.1,334.7,2943577.3000000003,8788,2025-09-03 23:29:59
2025-09-03 23:30:00,334.9,335.4,335.4,334.9,4038982.1999999993,12046,2025-09-03 23:39:59
2025-09-03 23:40:00,335.4,335.3,335.4,335.0,3524329.8,10512,2025-09-03 23:49:59
2025-09-04 06:50:00,335.5,335.5,335.5,335.5,50325.0,150,2025-09-04 06:59:59
2025-09-04 07:00:00,335.5,335.5,336.4,335.4,2409364.0000000005,7179,2025-09-04 07:09:59
2025-09-04 07:10:00,335.7,335.7,335.7,335.4,1255002.2999999998,3740,2025-09-04 07:19:59
2025-09-04 07:20:00,335.5,334.3,335.7,333.7,8025595.100000001,23993,2025-09-04 07:29:59
2025-09-04 07:30:00,334.1,334.0,334.8,333.9,3843345.3999999994,11499,2025-09-04 07:39:59
2025-09-04 07:40:00,333.8,334.0,334.0,333.6,917601.1000000001,2748,2025-09-04 07:49:59
2025-09-04 07:50:00,334.0,335.4,335.7,333.9,10665462.4,31808,2025-09-04 07:59:59
2025-09-04 08:00:00,335.1,336.3,336.7,335.1,11031188.399999999,32831,2025-09-04 08:09:59
2025-09-04 08:10:00,336.3,335.9,336.4,335.7,3401187.9000000004,10117,2025-09-04 08:19:59
2025-09-04 08:20:00,336.0,336.5,336.5,335.7,2727103.0000000005,8114,2025-09-04 08:29:59
2025-09-04 08:30:00,336.5,336.7,336.8,336.2,1693851.2,5034,2025-09-04 08:39:59
2025-09-04 08:40:00,336.5,335.8,336.6,335.7,5720884.599999999,17017,2025-09-04 08:49:59
2025-09-04 08:50:00,335.7,335.7,335.8,335.0,2826874.5,8430,2025-09-04 08:59:59
2025-09-04 09:00:00,335.7,335.1,335.8,335.0,1717516.0999999996,5124,2025-09-04 09:09:59
2025-09-04 09:10:00,335.1,334.2,335.2,333.3,27756444.5,83096,2025-09-04 09:19:59
2025-09-04 09:20:00,334.3,334.7,334.7,334.2,1418082.3,4240,2025-09-04 09:29:59
2025-09-04 09:30:00,334.8,333.8,335.8,333.3,34796256.89999999,103958,2025-09-04 09:39:59
2025-09-04 09:40:00,333.8,334.5,334.7,333.8,4807001.899999999,14379,2025-09-04 09:49:59
2025-09-04 09:50:00,334.3,334.8,334.8,333.7,9056272.4,27107,2025-09-04 09:59:59
2025-09-04 10:00:00,334.6,334.5,335.4,334.2,7831323.699999999,23384,2025-09-04 10:09:59
2025-09-04 10:10:00,334.4,334.9,335.3,334.4,5148344.600000001,15377,2025-09-04 10:19:59
2025-09-04 10:20:00,334.8,334.6,335.0,334.2,8313642.6,24835,2025-09-04 10:29:59
2025-09-04 10:30:00,334.6,335.5,335.6,334.4,12813379.399999993,38245,2025-09-04 10:39:59
2025-09-04 10:40:00,335.5,336.1,336.3,335.3,13233088.999999998,39393,2025-09-04 10:49:59
2025-09-04 10:50:00,336.1,335.5,336.1,335.3,4713738.9,14048,2025-09-04 10:59:59
2025-09-04 11:00:00,335.6,334.3,335.6,334.3,5842184.5,17438,2025-09-04 11:09:59
2025-09-04 11:10:00,334.3,334.0,334.6,333.9,5671522.5,16974,2025-09-04 11:19:59
2025-09-04 11:20:00,334.2,334.0,334.2,333.7,5299489.2,15873,2025-09-04 11:29:59
2025-09-04 11:30:00,333.9,333.9,334.2,333.6,3588104.3999999994,10747,2025-09-04 11:39:59
2025-09-04 11:40:00,333.7,333.7,334.2,333.5,4883149.299999999,14634,2025-09-04 11:49:59
2025-09-04 11:50:00,333.5,333.5,333.7,333.4,2535901.5,7604,2025-09-04 11:59:59
2025-09-04 12:00:00,333.7,333.6,334.2,333.1,5765220.6,17283,2025-09-04 12:09:59
2025-09-04 12:10:00,333.6,333.8,334.1,333.5,7313010.799999999,21907,2025-09-04 12:19:59
2025-09-04 12:20:00,333.8,333.0,334.1,332.8,10364953.4,31089,2025-09-04 12:29:59
2025-09-04 12:30:00,332.9,333.4,334.1,332.9,10038001.5,30091,2025-09-04 12:39:59
2025-09-04 12:40:00,333.6,333.8,334.1,333.4,4931090.499999999,14773,2025-09-04 12:49:59
2025-09-04 12:50:00,333.8,333.5,334.9,333.5,25297872.2,75702,2025-09-04 12:59:59
2025-09-04 13:00:00,333.5,334.2,334.4,333.2,7378777.499999999,22109,2025-09-04 13:09:59
2025-09-04 13:10:00,334.1,334.1,334.4,334.0,812638.1,2432,2025-09-04 13:19:59
2025-09-04 13:20:00,334.1,335.1,335.3,333.9,11227941.200000001,33549,2025-09-04 13:29:59
2025-09-04 13:30:00,335.0,334.5,335.1,334.3,6500425.6,19423,2025-09-04 13:39:59
2025-09-04 13:40:00,334.5,333.6,334.6,333.6,7250915.2,21708,2025-09-04 13:49:59
2025-09-04 13:50:00,333.9,334.0,334.5,333.6,5081487.6,15209,2025-09-04 13:59:59
2025-09-04 14:00:00,334.2,333.9,334.5,333.8,3238601.8999999994,9685,2025-09-04 14:09:59
2025-09-04 14:10:00,333.9,333.1,334.1,333.0,6906723.699999999,20712,2025-09-04 14:19:59
2025-09-04 14:20:00,333.0,332.9,333.1,332.5,9255985.799999999,27817,2025-09-04 14:29:59
2025-09-04 14:30:00,332.9,332.7,332.9,332.4,3510200.0,10553,2025-09-04 14:39:59
2025-09-04 14:40:00,332.6,333.0,333.1,332.6,2697055.5999999996,8101,2025-09-04 14:49:59
2025-09-04 14:50:00,333.0,332.8,333.0,332.8,1034860.8000000003,3109,2025-09-04 14:59:59
2025-09-04 15:00:00,332.8,332.9,333.1,332.6,2943363.5,8841,2025-09-04 15:09:59
2025-09-04 15:10:00,333.1,332.5,333.2,332.5,3824160.0999999996,11487,2025-09-04 15:19:59
2025-09-04 15:20:00,332.5,332.3,332.6,332.0,11981347.700000001,36057,2025-09-04 15:29:59
2025-09-04 15:30:00,332.3,331.9,332.3,331.5,8335936.100000001,25124,2025-09-04 15:39:59
2025-09-04 15:40:00,331.9,332.2,332.2,331.8,4047859.8,12195,2025-09-04 15:49:59
2025-09-04 15:50:00,332.0,330.9,332.0,330.9,27390695.4,82658,2025-09-04 15:59:59
2025-09-04 16:00:00,330.9,331.6,331.8,330.5,12726598.300000003,38452,2025-09-04 16:09:59
2025-09-04 16:10:00,331.6,332.3,332.3,331.5,4880875.3,14703,2025-09-04 16:19:59
2025-09-04 16:20:00,332.1,331.8,332.2,331.6,2490263.8000000003,7503,2025-09-04 16:29:59
2025-09-04 16:30:00,331.8,332.6,332.6,331.7,4337811.800000001,13057,2025-09-04 16:39:59
2025-09-04 16:40:00,332.6,332.1,332.6,332.1,5268083.2,15854,2025-09-04 16:49:59
2025-09-04 16:50:00,332.3,331.8,332.3,331.8,3120361.8,9398,2025-09-04 16:59:59
2025-09-04 17:00:00,331.8,330.9,332.1,330.6,6677794.4,20157,2025-09-04 17:09:59
2025-09-04 17:10:00,330.7,330.3,331.0,330.1,10919757.400000002,33042,2025-09-04 17:19:59
2025-09-04 17:20:00,330.4,330.5,330.5,330.2,8512176.4,25768,2025-09-04 17:29:59
2025-09-04 17:30:00,330.6,330.6,331.0,330.5,7225374.1,21845,2025-09-04 17:39:59
2025-09-04 17:40:00,330.7,328.9,330.8,328.2,54307674.30000001,164941,2025-09-04 17:49:59
2025-09-04 17:50:00,328.9,329.6,329.9,328.4,38099780.30000001,115773,2025-09-04 17:59:59
2025-09-04 18:00:00,329.4,329.9,330.1,328.7,11707288.7,35529,2025-09-04 18:09:59
2025-09-04 18:10:00,330.0,329.8,330.1,329.5,5848603.5,17732,2025-09-04 18:19:59
2025-09-04 18:20:00,329.7,329.3,330.1,329.0,23325444.500000004,70797,2025-09-04 18:29:59
2025-09-04 18:30:00,329.3,328.6,329.3,328.0,25465543.69999999,77557,2025-09-04 18:39:59
2025-09-04 18:40:00,328.6,328.6,328.6,328.6,786339.8,2393,2025-09-04 18:49:59
2025-09-04 19:00:00,328.7,328.9,329.0,328.7,2233520.9,6792,2025-09-04 19:09:59
2025-09-04 19:10:00,328.9,328.3,329.3,328.2,8981279.400000002,27306,2025-09-04 19:19:59
2025-09-04 19:20:00,328.3,328.3,328.4,327.7,11338717.899999997,34567,2025-09-04 19:29:59
2025-09-04 19:30:00,328.3,328.2,328.4,328.2,1075555.5,3276,2025-09-04 19:39:59
2025-09-04 19:40:00,328.2,328.8,328.9,328.2,3146400.3000000003,9577,2025-09-04 19:49:59
2025-09-04 19:50:00,328.9,328.3,329.1,328.2,2780116.1,8454,2025-09-04 19:59:59
2025-09-04 20:00:00,328.2,329.1,329.1,328.1,2859658.6999999997,8707,2025-09-04 20:09:59
2025-09-04 20:10:00,329.1,329.2,329.5,328.9,4012879.8000000003,12188,2025-09-04 20:19:59
2025-09-04 20:20:00,329.2,329.6,330.0,329.1,12520297.8,37969,2025-09-04 20:29:59
2025-09-04 20:30:00,329.7,329.9,330.2,329.7,3493583.3000000007,10589,2025-09-04 20:39:59
2025-09-04 20:40:00,329.9,330.2,330.2,329.9,2058164.0000000002,6235,2025-09-04 20:49:59
2025-09-04 20:50:00,330.2,330.5,331.0,330.2,12744679.7,38544,2025-09-04 20:59:59
2025-09-04 21:00:00,330.4,331.6,331.8,330.4,19956093.699999996,60281,2025-09-04 21:09:59
2025-09-04 21:10:00,331.6,331.2,331.6,331.1,5008937.7,15116,2025-09-04 21:19:59
2025-09-04 21:20:00,331.2,330.8,331.3,330.7,5621546.3,16989,2025-09-04 21:29:59
2025-09-04 21:30:00,330.7,330.4,330.8,330.3,6540081.2,19788,2025-09-04 21:39:59
2025-09-04 21:40:00,330.4,330.6,330.7,330.3,2501878.6999999997,7569,2025-09-04 21:49:59
2025-09-04 21:50:00,330.6,330.5,330.8,330.5,2272817.8000000003,6873,2025-09-04 21:59:59
2025-09-04 22:00:00,330.6,330.3,330.6,330.3,4534816.8,13724,2025-09-04 22:09:59
2025-09-04 22:10:00,330.3,330.4,330.4,329.9,3523399.5999999996,10673,2025-09-04 22:19:59
2025-09-04 22:20:00,330.4,330.2,330.4,330.0,2447996.5,7416,2025-09-04 22:29:59
2025-09-04 22:30:00,330.2,330.1,330.4,330.0,3102582.3999999994,9394,2025-09-04 22:39:59
2025-09-04 22:40:00,330.1,330.2,330.2,329.8,1034916.5,3136,2025-09-04 22:49:59
2025-09-04 22:50:00,330.2,331.6,331.7,330.1,22773807.5,68781,2025-09-04 22:59:59
2025-09-04 23:00:00,331.6,331.3,331.7,330.7,7248243.399999999,21889,2025-09-04 23:09:59
2025-09-04 23:10:00,331.3,331.4,331.4,331.2,238530.1,720,2025-09-04 23:19:59
2025-09-04 23:20:00,331.4,331.6,331.7,331.3,1775322.4000000001,5355,2025-09-04 23:29:59
2025-09-04 23:30:00,331.7,331.2,331.7,330.7,2031877.0999999999,6135,2025-09-04 23:39:59
2025-09-04 23:40:00,331.2,331.1,331.5,331.0,1508345.3000000003,4553,2025-09-04 23:49:59
2025-09-05 06:50:00,332.0,332.0,332.0,332.0,3320.0,10,2025-09-05 06:59:59
2025-09-05 07:00:00,331.1,331.0,332.0,330.1,10221124.700000003,30894,2025-09-05 07:09:59
2025-09-05 07:10:00,330.8,330.5,331.0,330.4,1690763.3,5114,2025-09-05 07:19:59
2025-09-05 07:20:00,330.8,330.9,331.0,330.4,1645079.2999999998,4975,2025-09-05 07:29:59
2025-09-05 07:30:00,331.0,330.9,331.1,330.5,757810.7999999999,2291,2025-09-05 07:39:59
2025-09-05 07:40:00,331.0,330.8,331.1,330.8,608656.1,1839,2025-09-05 07:49:59
2025-09-05 07:50:00,330.9,329.8,330.9,329.0,9231978.499999998,28001,2025-09-05 07:59:59
2025-09-05 08:00:00,329.4,328.3,329.8,327.8,28356549.200000003,86287,2025-09-05 08:09:59
2025-09-05 08:10:00,328.4,329.6,330.0,328.4,11717415.5,35582,2025-09-05 08:19:59
2025-09-05 08:20:00,329.5,329.1,329.8,329.1,3061874.1,9294,2025-09-05 08:29:59
2025-09-05 08:30:00,329.1,329.2,329.2,328.7,1212554.2000000002,3686,2025-09-05 08:39:59
2025-09-05 08:40:00,329.2,329.5,329.7,329.0,2157306.5999999996,6548,2025-09-05 08:49:59
2025-09-05 08:50:00,329.5,329.6,329.6,329.5,551592.0,1674,2025-09-05 08:59:06
2025-09-05 09:00:00,329.6,330.4,330.9,329.6,5518484.9,16705,2025-09-05 09:09:59
2025-09-05 09:10:00,330.3,330.4,330.6,330.2,1656477.5999999999,5013,2025-09-05 09:19:59
2025-09-05 09:20:00,330.5,329.6,330.6,329.6,7582330.800000001,22970,2025-09-05 09:29:59
2025-09-05 09:30:00,329.8,329.7,330.0,329.6,1526846.2,4631,2025-09-05 09:39:59
2025-09-05 09:40:00,329.6,329.8,330.1,329.6,1957201.4000000001,5934,2025-09-05 09:49:59
2025-09-05 09:50:00,329.8,330.0,330.1,329.8,1232878.6,3737,2025-09-05 09:59:59
2025-09-05 10:00:00,329.9,328.9,330.0,328.7,10553764.5,32070,2025-09-05 10:09:59
2025-09-05 10:10:00,329.1,329.3,329.6,328.9,1650300.5000000002,5012,2025-09-05 10:19:59
2025-09-05 10:20:00,329.3,329.2,329.9,329.1,3991872.7000000016,12118,2025-09-05 10:29:59
2025-09-05 10:30:00,329.3,329.1,329.4,328.7,2618461.0000000005,7961,2025-09-05 10:39:59
2025-09-05 10:40:00,329.0,328.4,329.0,328.4,8953855.5,27248,2025-09-05 10:49:59
2025-09-05 10:50:00,328.4,327.3,328.9,327.3,24518675.2,74749,2025-09-05 10:59:59
2025-09-05 11:00:00,327.3,328.2,328.5,327.2,11036019.1,33655,2025-09-05 11:09:59
2025-09-05 11:10:00,328.2,328.3,328.9,328.1,9214960.099999998,28051,2025-09-05 11:19:59
2025-09-05 11:20:00,328.1,328.4,328.4,328.1,1012795.1999999998,3086,2025-09-05 11:29:59
2025-09-05 11:30:00,328.4,329.2,329.4,328.2,8335214.600000001,25345,2025-09-05 11:39:59
2025-09-05 11:40:00,329.3,330.6,331.0,329.3,14465887.4,43803,2025-09-05 11:49:59
2025-09-05 11:50:00,330.6,330.9,331.1,330.4,11759766.599999998,35559,2025-09-05 11:59:59
2025-09-05 12:00:00,331.0,330.3,332.0,330.3,30443478.30000004,91833,2025-09-05 12:09:59
2025-09-05 12:10:00,330.6,330.8,330.9,330.1,8860677.4,26817,2025-09-05 12:19:59
2025-09-05 12:20:00,330.7,330.6,330.8,330.4,1329739.9,4021,2025-09-05 12:29:59
2025-09-05 12:30:00,330.6,330.0,330.6,329.7,15931041.499999998,48276,2025-09-05 12:39:59
2025-09-05 12:40:00,330.0,330.2,330.4,329.9,1386811.6,4201,2025-09-05 12:49:59
2025-09-05 12:50:00,330.2,329.7,330.5,329.7,3570681.5,10816,2025-09-05 12:59:59
2025-09-05 13:00:00,329.9,330.0,330.1,329.6,1709752.5999999999,5184,2025-09-05 13:09:59
2025-09-05 13:10:00,329.9,329.5,330.1,329.5,6031216.099999998,18288,2025-09-05 13:19:59
2025-09-05 13:20:00,329.6,329.4,330.0,329.3,3296545.5000000005,10004,2025-09-05 13:29:59
2025-09-05 13:30:00,329.6,330.1,330.2,329.6,1698483.8,5147,2025-09-05 13:39:59
2025-09-05 13:40:00,330.0,329.7,330.1,329.7,4801810.9,14556,2025-09-05 13:49:59
2025-09-05 13:50:00,330.0,330.0,330.0,329.6,3826671.4000000004,11606,2025-09-05 13:59:59
2025-09-05 14:00:00,329.7,329.6,329.9,329.5,2923904.4,8871,2025-09-05 14:09:59
2025-09-05 14:10:00,329.7,330.3,330.3,329.6,4344152.4,13164,2025-09-05 14:19:59
2025-09-05 14:20:00,330.3,330.9,331.0,330.0,9107873.200000001,27545,2025-09-05 14:29:59
2025-09-05 14:30:00,330.8,331.2,331.3,330.7,5324248.5,16080,2025-09-05 14:39:59
2025-09-05 14:40:00,331.2,331.1,331.5,331.1,5481122.1,16545,2025-09-05 14:49:59
2025-09-05 14:50:00,331.2,330.6,331.2,330.4,12131926.400000002,36683,2025-09-05 14:59:59
2025-09-05 15:00:00,330.6,330.4,330.7,329.1,29259003.700000003,88715,2025-09-05 15:09:59
2025-09-05 15:10:00,330.3,330.8,330.8,330.2,5007076.700000001,15148,2025-09-05 15:19:59
2025-09-05 15:20:00,330.8,330.9,331.0,330.6,4349252.0,13145,2025-09-05 15:29:59
2025-09-05 15:30:00,331.0,331.0,331.3,330.8,3986459.4,12042,2025-09-05 15:39:59
2025-09-05 15:40:00,331.0,330.2,331.0,329.9,8778130.100000003,26571,2025-09-05 15:49:59
2025-09-05 15:50:00,330.2,329.5,330.5,329.2,8129805.9,24657,2025-09-05 15:59:59
2025-09-05 16:00:00,329.7,329.1,329.8,328.9,10653325.799999999,32353,2025-09-05 16:09:59
2025-09-05 16:10:00,329.1,329.0,329.2,328.6,10420127.2,31689,2025-09-05 16:19:59
2025-09-05 16:20:00,329.0,328.7,329.2,328.6,8454450.799999999,25707,2025-09-05 16:29:59
2025-09-05 16:30:00,328.7,328.6,329.1,328.5,4498856.300000001,13688,2025-09-05 16:39:59
2025-09-05 16:40:00,328.7,328.9,329.5,328.6,6559227.400000001,19924,2025-09-05 16:49:59
2025-09-05 16:50:00,329.2,329.4,329.5,329.1,4474614.899999999,13585,2025-09-05 16:59:59
2025-09-05 17:00:00,329.4,329.7,329.9,329.2,4663081.100000001,14150,2025-09-05 17:09:59
2025-09-05 17:10:00,329.7,329.9,330.4,329.6,11003957.0,33357,2025-09-05 17:19:59
2025-09-05 17:20:00,330.0,329.9,330.1,329.6,5588473.0,16944,2025-09-05 17:29:59
2025-09-05 17:30:00,329.9,330.1,330.1,329.8,3413902.5,10348,2025-09-05 17:39:59
2025-09-05 17:40:00,330.0,330.3,330.5,330.0,3269690.2,9900,2025-09-05 17:49:59
2025-09-05 17:50:00,330.3,330.1,330.3,329.9,3245134.7999999993,9833,2025-09-05 17:59:59
2025-09-05 18:00:00,330.0,331.0,331.5,329.4,64161919.89999999,193837,2025-09-05 18:09:59
2025-09-05 18:10:00,330.9,331.2,331.4,330.8,4061010.1000000006,12266,2025-09-05 18:19:59
2025-09-05 18:20:00,331.2,330.5,331.2,330.4,7928279.300000002,23968,2025-09-05 18:29:59
2025-09-05 18:30:00,330.7,330.0,330.7,330.0,2178701.9,6599,2025-09-05 18:39:59
2025-09-05 18:40:00,330.4,330.4,330.4,330.4,113988.0,345,2025-09-05 18:49:08
2025-09-05 19:00:00,330.1,330.6,330.6,330.1,2803306.1,8484,2025-09-05 19:09:59
2025-09-05 19:10:00,330.6,330.5,330.6,330.4,2146479.8,6495,2025-09-05 19:19:59
2025-09-05 19:20:00,330.6,329.7,330.6,329.5,8196642.4,24855,2025-09-05 19:29:59
2025-09-05 19:30:00,329.7,330.1,330.2,329.7,2171354.8000000007,6582,2025-09-05 19:39:59
2025-09-05 19:40:00,330.1,330.1,330.6,330.1,2948958.100000001,8927,2025-09-05 19:49:59
2025-09-05 19:50:00,330.1,330.0,330.2,330.0,876719.8999999999,2656,2025-09-05 19:59:59
2025-09-05 20:00:00,330.0,330.1,330.2,330.0,262162.5,794,2025-09-05 20:09:59
2025-09-05 20:10:00,330.1,330.3,330.3,330.1,287984.3000000001,872,2025-09-05 20:19:59
2025-09-05 20:20:00,330.3,330.4,330.6,330.2,4727367.9,14307,2025-09-05 20:29:59
2025-09-05 20:30:00,330.4,330.3,330.6,330.1,1291378.8000000003,3909,2025-09-05 20:39:59
2025-09-05 20:40:00,330.3,330.4,330.5,330.2,2256446.6,6830,2025-09-05 20:49:59
2025-09-05 20:50:00,330.3,329.8,330.3,329.6,5535219.199999999,16772,2025-09-05 20:59:59
2025-09-05 21:00:00,329.8,329.6,329.8,329.5,1070301.5999999999,3247,2025-09-05 21:09:59
2025-09-05 21:10:00,329.5,330.0,330.1,329.3,7357430.3,22320,2025-09-05 21:19:59
2025-09-05 21:20:00,329.8,329.8,330.1,329.6,1178071.0,3572,2025-09-05 21:29:59
2025-09-05 21:30:00,329.6,329.6,329.8,329.6,1602681.7999999998,4862,2025-09-05 21:39:59
2025-09-05 21:40:00,329.8,329.8,329.8,329.6,1240862.0000000002,3763,2025-09-05 21:49:59
2025-09-05 21:50:00,329.8,330.0,330.0,329.6,934187.0000000001,2832,2025-09-05 21:59:59
2025-09-05 22:00:00,330.0,329.7,330.0,329.5,2706398.3,8211,2025-09-05 22:09:59
2025-09-05 22:10:00,329.7,330.0,330.0,329.7,1542223.1,4675,2025-09-05 22:19:59
2025-09-05 22:20:00,329.9,330.2,330.5,329.9,3618665.5,10956,2025-09-05 22:29:59
2025-09-05 22:30:00,330.0,330.0,330.1,330.0,802596.7999999999,2432,2025-09-05 22:39:59
2025-09-05 22:40:00,330.0,330.4,330.4,330.0,800886.7000000001,2426,2025-09-05 22:49:59
2025-09-05 22:50:00,330.4,330.4,330.5,330.3,696691.9000000001,2109,2025-09-05 22:59:59
2025-09-05 23:00:00,330.3,330.4,330.4,330.1,960068.2999999999,2907,2025-09-05 23:09:59
2025-09-05 23:10:00,330.4,330.1,330.4,330.1,959250.6999999986,2905,2025-09-05 23:19:59
2025-09-05 23:20:00,330.1,329.8,330.2,329.8,2254443.5999999996,6831,2025-09-05 23:29:59
2025-09-05 23:30:00,329.8,330.1,330.4,329.8,8581081.999999998,25981,2025-09-05 23:39:59
2025-09-05 23:40:00,330.3,329.7,330.4,329.6,4236163.5,12830,2025-09-05 23:49:59
2025-09-06 09:50:00,330.0,330.0,330.0,330.0,5940.0,18,2025-09-06 09:59:59
2025-09-06 10:00:00,330.7,330.0,331.8,328.6,7186170.200000002,21823,2025-09-06 10:09:59
2025-09-06 10:10:00,330.0,329.9,330.2,329.4,4171519.999999999,12641,2025-09-06 10:19:59
2025-09-06 10:20:00,329.4,329.6,329.9,329.2,379080.3999999999,1151,2025-09-06 10:29:59
2025-09-06 10:30:00,329.6,329.7,329.7,329.2,105412.6,320,2025-09-06 10:39:59
2025-09-06 10:40:00,329.7,329.7,329.8,329.0,963561.7,2925,2025-09-06 10:49:59
2025-09-06 10:50:00,329.7,329.8,329.8,329.1,443454.70000000007,1347,2025-09-06 10:59:59
2025-09-06 11:00:00,329.8,329.6,329.9,329.4,168809.49999999997,512,2025-09-06 11:09:59
2025-09-06 11:10:00,329.6,329.8,329.9,329.4,38551.7,117,2025-09-06 11:19:59
2025-09-06 11:20:00,329.8,329.0,329.8,328.9,1813157.0000000002,5509,2025-09-06 11:29:59
2025-09-06 11:30:00,329.3,329.3,329.6,329.0,178393.5,542,2025-09-06 11:39:59
2025-09-06 11:40:00,329.3,329.6,329.7,329.0,19099.999999999996,58,2025-09-06 11:49:59
2025-09-06 11:50:00,329.3,329.5,329.7,329.0,274153.5,832,2025-09-06 11:59:59
2025-09-06 12:00:00,329.5,329.4,329.7,329.1,448539.80000000005,1361,2025-09-06 12:09:59
2025-09-06 12:10:00,329.6,329.7,329.7,329.3,346127.8,1051,2025-09-06 12:19:59
2025-09-06 12:20:00,329.4,329.4,329.8,329.3,234051.69999999998,710,2025-09-06 12:29:59
2025-09-06 12:30:00,329.4,329.8,329.8,329.4,11202.099999999999,34,2025-09-06 12:39:59
2025-09-06 12:40:00,329.8,329.6,329.8,329.4,70560.70000000001,214,2025-09-06 12:49:59
2025-09-06 12:50:00,329.6,329.3,329.8,329.3,503862.0,1529,2025-09-06 12:59:59
2025-09-06 13:00:00,329.8,329.9,329.9,329.3,1071975.4,3250,2025-09-06 13:09:59
2025-09-06 13:10:00,329.9,329.3,329.9,329.3,870137.5999999999,2638,2025-09-06 13:19:59
2025-09-06 13:20:00,329.3,329.4,329.8,329.3,254906.2,774,2025-09-06 13:29:59
2025-09-06 13:30:00,329.6,329.7,329.7,329.2,387365.1999999999,1176,2025-09-06 13:39:59
2025-09-06 13:40:00,329.7,329.7,329.7,329.4,8570.1,26,2025-09-06 13:49:59
2025-09-06 13:50:00,329.8,329.6,329.8,329.6,105862.40000000001,321,2025-09-06 13:59:59
2025-09-06 14:00:00,329.8,329.6,329.8,329.6,21098.2,64,2025-09-06 14:09:59
2025-09-06 14:10:00,329.8,329.8,329.8,329.6,5933.4,18,2025-09-06 14:19:59
2025-09-06 14:20:00,329.6,329.8,329.8,329.6,40873.6,124,2025-09-06 14:29:59
2025-09-06 14:30:00,329.8,329.8,329.8,329.6,61671.8,187,2025-09-06 14:39:59
2025-09-06 14:40:00,329.6,329.8,329.8,329.5,42189.2,128,2025-09-06 14:49:59
2025-09-06 14:50:00,329.8,329.3,329.8,329.3,159421.80000000002,484,2025-09-06 14:59:59
2025-09-06 15:00:00,329.4,329.3,329.8,329.3,152996.59999999998,464,2025-09-06 15:09:59
2025-09-06 15:10:00,329.4,329.7,329.9,329.4,176741.2,536,2025-09-06 15:19:59
2025-09-06 15:20:00,329.5,329.4,329.8,329.4,24055.399999999998,73,2025-09-06 15:29:59
2025-09-06 15:30:00,329.6,329.3,329.8,329.3,95230.90000000001,289,2025-09-06 15:39:59
2025-09-06 15:40:00,329.6,329.6,329.6,329.3,379436.60000000003,1152,2025-09-06 15:49:59
2025-09-06 15:50:00,329.6,329.5,329.7,329.3,14827.3,45,2025-09-06 15:57:06
2025-09-06 16:00:00,329.6,329.4,329.6,328.9,3393771.699999997,10310,2025-09-06 16:09:59
2025-09-06 16:10:00,329.5,329.5,329.6,329.5,8567.5,26,2025-09-06 16:19:59
2025-09-06 16:20:00,329.4,329.6,329.6,329.4,11203.6,34,2025-09-06 16:29:59
2025-09-06 16:30:00,329.4,329.3,329.7,329.3,42157.299999999996,128,2025-09-06 16:39:59
2025-09-06 16:40:00,329.3,329.6,329.6,329.3,37236.7,113,2025-09-06 16:49:59
2025-09-06 16:50:00,329.6,329.7,329.8,329.4,235455.99999999997,714,2025-09-06 16:59:06
2025-09-06 17:00:00,329.7,329.4,330.1,329.4,1775892.4,5383,2025-09-06 17:09:59
2025-09-06 17:10:00,329.5,329.7,329.9,329.4,39865.200000000004,121,2025-09-06 17:19:59
2025-09-06 17:20:00,329.5,329.8,330.2,329.4,547225.6000000001,1659,2025-09-06 17:29:59
2025-09-06 17:30:00,329.8,329.7,329.8,329.5,106148.09999999998,322,2025-09-06 17:39:59
2025-09-06 17:40:00,329.6,329.7,329.7,329.5,191770.9,582,2025-09-06 17:49:59
2025-09-06 17:50:00,329.8,329.4,329.8,329.3,363012.0,1102,2025-09-06 17:59:06
2025-09-06 18:00:00,329.5,329.4,329.5,329.3,44460.5,135,2025-09-06 18:09:59
2025-09-06 18:10:00,329.4,329.5,329.5,329.3,82659.4,251,2025-09-06 18:19:59
2025-09-06 18:20:00,329.5,329.3,329.5,329.3,57303.200000000004,174,2025-09-06 18:29:59
2025-09-06 18:30:00,329.3,329.5,329.5,329.2,249999.40000000002,759,2025-09-06 18:39:59
2025-09-06 18:40:00,329.5,328.9,329.5,328.8,2540504.4,7722,2025-09-06 18:49:59
2025-09-06 18:50:00,328.9,329.0,329.4,328.8,372424.89999999997,1132,2025-09-06 18:59:59
2025-09-07 09:50:00,329.4,329.4,329.4,329.4,64233.000000000015,195,2025-09-07 09:59:59
2025-09-07 10:00:00,329.4,330.7,330.9,329.3,2537423.900000001,7677,2025-09-07 10:09:59
2025-09-07 10:10:00,330.8,330.7,330.8,330.2,136156.00000000003,412,2025-09-07 10:19:59
2025-09-07 10:20:00,330.7,330.3,330.7,330.0,755544.1000000001,2289,2025-09-07 10:29:59
2025-09-07 10:30:00,329.9,330.2,330.4,329.9,147987.4,448,2025-09-07 10:39:59
2025-09-07 10:40:00,330.2,330.1,330.4,330.1,127129.40000000001,385,2025-09-07 10:49:59
2025-09-07 10:50:00,330.0,330.6,330.6,329.9,165194.90000000002,500,2025-09-07 10:59:59
2025-09-07 11:00:00,330.6,330.4,330.6,330.1,62769.0,190,2025-09-07 11:09:59
2025-09-07 11:10:00,330.3,330.1,330.4,330.1,40961.9,124,2025-09-07 11:19:59
2025-09-07 11:20:00,330.5,330.3,330.8,330.2,734006.8999999999,2220,2025-09-07 11:29:59
2025-09-07 11:30:00,330.4,330.5,330.8,330.3,428004.7,1294,2025-09-07 11:39:59
2025-09-07 11:40:00,330.8,330.5,331.0,330.5,2130657.3999999994,6440,2025-09-07 11:49:59
2025-09-07 11:50:00,330.9,331.0,331.0,330.5,2177118.7,6579,2025-09-07 11:59:59
2025-09-07 12:00:00,330.9,331.1,331.1,330.8,316159.5,955,2025-09-07 12:09:59
2025-09-07 12:10:00,331.1,331.3,331.7,331.0,1817467.2999999998,5483,2025-09-07 12:19:59
2025-09-07 12:20:00,331.1,331.5,331.6,331.1,283118.5,854,2025-09-07 12:29:59
2025-09-07 12:30:00,331.5,331.4,331.6,331.1,275240.9000000001,831,2025-09-07 12:39:59
2025-09-07 12:40:00,331.1,331.4,331.4,330.9,501132.29999999993,1514,2025-09-07 12:49:59
2025-09-07 12:50:00,331.1,331.3,331.6,331.1,200182.39999999997,604,2025-09-07 12:59:59
2025-09-07 13:00:00,331.3,331.6,331.6,331.3,42764.5,129,2025-09-07 13:09:59
2025-09-07 13:10:00,331.6,331.1,331.6,331.1,692104.0,2089,2025-09-07 13:19:59
2025-09-07 13:20:00,331.2,331.4,331.4,331.1,100744.69999999998,304,2025-09-07 13:29:59
2025-09-07 13:30:00,331.4,331.9,331.9,331.2,744593.7,2245,2025-09-07 13:39:59
2025-09-07 13:40:00,331.7,331.4,332.0,331.3,850418.7,2562,2025-09-07 13:49:59
2025-09-07 13:50:00,331.4,331.5,331.8,331.2,346633.2,1046,2025-09-07 13:59:59
2025-09-07 14:00:00,331.5,331.3,331.5,331.2,52342.5,158,2025-09-07 14:09:59
2025-09-07 14:10:00,331.2,331.2,331.5,331.2,299879.60000000003,905,2025-09-07 14:19:59
2025-09-07 14:20:00,331.2,331.3,331.5,331.1,615345.5,1858,2025-09-07 14:29:59
2025-09-07 14:30:00,331.1,331.0,331.3,331.0,22516.4,68,2025-09-07 14:39:59
2025-09-07 14:40:00,331.0,331.3,331.3,330.9,99300.5,300,2025-09-07 14:49:59
2025-09-07 14:50:00,331.3,331.0,331.3,330.9,12580.9,38,2025-09-07 14:59:59
2025-09-07 15:00:00,331.3,331.0,331.3,331.0,66203.9,200,2025-09-07 15:09:59
2025-09-07 15:10:00,331.0,330.9,331.3,330.9,101984.8,308,2025-09-07 15:19:59
2025-09-07 15:20:00,330.9,331.2,331.3,330.9,18204.9,55,2025-09-07 15:29:59
2025-09-07 15:30:00,331.2,331.3,331.4,331.0,45717.09999999999,138,2025-09-07 15:39:59
2025-09-07 15:40:00,331.3,331.4,331.4,331.0,217542.6,657,2025-09-07 15:49:59
2025-09-07 15:50:00,331.4,331.0,331.4,331.0,18222.8,55,2025-09-07 15:59:59
2025-09-07 16:00:00,331.0,330.8,331.4,330.7,1176270.1,3555,2025-09-07 16:09:59
2025-09-07 16:10:00,330.8,330.6,330.8,330.6,225904.39999999997,683,2025-09-07 16:19:59
2025-09-07 16:20:00,330.6,330.8,330.8,330.5,600383.0,1816,2025-09-07 16:29:59
2025-09-07 16:30:00,330.8,331.0,331.0,330.5,133032.8,402,2025-09-07 16:39:59
2025-09-07 16:40:00,331.0,330.7,331.0,330.7,22170.3,67,2025-09-07 16:49:59
2025-09-07 16:50:00,330.7,331.0,331.0,330.7,135606.9,410,2025-09-07 16:59:59
2025-09-07 17:00:00,330.7,331.0,331.1,330.7,124769.0,377,2025-09-07 17:09:59
2025-09-07 17:10:00,331.0,331.2,331.2,331.0,112914.4,341,2025-09-07 17:19:59
2025-09-07 17:20:00,331.2,331.0,331.2,331.0,43042.799999999996,130,2025-09-07 17:29:59
2025-09-07 17:30:00,331.2,330.8,331.2,330.1,3986630.8000000007,12063,2025-09-07 17:39:59
2025-09-07 17:40:00,330.8,330.7,330.9,330.5,169037.80000000005,511,2025-09-07 17:49:59
2025-09-07 17:50:00,330.6,330.9,331.4,330.4,1663198.8,5026,2025-09-07 17:59:59
2025-09-07 18:00:00,330.5,331.0,331.0,330.5,63533.3,192,2025-09-07 18:09:59
2025-09-07 18:10:00,331.1,330.8,331.2,330.8,111889.8,338,2025-09-07 18:19:59
2025-09-07 18:20:00,331.0,331.5,331.5,330.7,1102099.8,3326,2025-09-07 18:29:59
2025-09-07 18:30:00,331.3,330.9,331.5,330.9,329012.0,993,2025-09-07 18:39:59
2025-09-07 18:40:00,330.9,330.9,331.4,330.9,272925.1,824,2025-09-07 18:49:59
2025-09-07 18:50:00,331.3,331.1,331.6,331.1,997393.4,3009,2025-09-07 18:59:59
2025-09-08 06:50:00,331.0,331.0,331.0,331.0,635189.0,1919,2025-09-08 06:59:59
2025-09-08 07:00:00,330.8,330.8,331.0,330.4,2797134.0000000005,8455,2025-09-08 07:09:59
2025-09-08 07:10:00,330.9,330.8,330.9,330.4,376165.19999999995,1137,2025-09-08 07:19:59
2025-09-08 07:20:00,330.8,330.3,331.0,329.9,10165661.099999998,30745,2025-09-08 07:29:59
2025-09-08 07:30:00,330.1,330.0,330.6,330.0,2184828.5,6616,2025-09-08 07:39:59
2025-09-08 07:40:00,329.9,330.8,330.9,329.5,2932343.0000000005,8883,2025-09-08 07:49:59
2025-09-08 07:50:00,330.7,330.8,330.9,330.4,527056.2000000001,1594,2025-09-08 07:59:59
2025-09-08 08:00:00,330.8,330.6,330.8,330.2,2202406.2,6665,2025-09-08 08:09:59
2025-09-08 08:10:00,330.7,330.4,330.8,330.4,408788.7,1236,2025-09-08 08:19:59
2025-09-08 08:20:00,330.7,330.1,330.7,330.1,2715401.8,8221,2025-09-08 08:29:59
2025-09-08 08:30:00,330.3,330.3,330.9,330.3,1275312.4999999998,3858,2025-09-08 08:39:59
2025-09-08 08:40:00,330.3,330.3,330.5,330.2,5783874.5,17513,2025-09-08 08:49:59
2025-09-08 08:50:00,330.4,331.3,331.8,330.4,6505793.2,19650,2025-09-08 08:59:59
2025-09-08 09:00:00,331.3,333.0,333.3,331.3,29605664.700000033,88973,2025-09-08 09:09:59
2025-09-08 09:10:00,333.2,333.0,333.6,332.8,11238933.800000003,33719,2025-09-08 09:19:59
2025-09-08 09:20:00,332.8,333.5,333.7,332.8,6478556.600000001,19437,2025-09-08 09:29:59
2025-09-08 09:30:00,333.6,333.0,333.7,332.7,9040367.3,27143,2025-09-08 09:39:59
2025-09-08 09:40:00,333.1,333.6,333.7,333.0,5349060.4,16040,2025-09-08 09:49:59
2025-09-08 09:50:00,333.6,331.9,333.6,331.6,23016394.299999997,69240,2025-09-08 09:59:59
2025-09-08 10:00:00,331.9,332.4,332.8,331.9,10436004.700000001,31399,2025-09-08 10:09:59
2025-09-08 10:10:00,332.4,332.8,332.9,332.2,4777871.5,14368,2025-09-08 10:19:59
2025-09-08 10:20:00,332.7,332.2,332.9,332.1,11464959.1,34474,2025-09-08 10:29:59
2025-09-08 10:30:00,332.1,332.3,332.5,332.1,3449871.8000000003,10383,2025-09-08 10:39:59
2025-09-08 10:40:00,332.5,332.8,333.7,332.3,19488806.2,58480,2025-09-08 10:49:59
2025-09-08 10:50:00,332.7,332.3,333.0,332.3,4864975.199999999,14623,2025-09-08 10:59:59
2025-09-08 11:00:00,332.4,332.1,332.6,331.8,8782706.300000006,26447,2025-09-08 11:09:59
2025-09-08 11:10:00,331.9,332.0,332.1,331.8,1666968.2000000002,5022,2025-09-08 11:19:59
2025-09-08 11:20:00,331.9,332.3,332.3,331.8,2646863.1999999997,7969,2025-09-08 11:29:59
2025-09-08 11:30:00,332.3,332.3,332.4,332.1,3110954.7,9363,2025-09-08 11:39:59
2025-09-08 11:40:00,332.3,331.7,332.5,331.7,5907684.5,17785,2025-09-08 11:49:59
2025-09-08 11:50:00,331.8,332.4,332.4,331.8,5080596.099999999,15298,2025-09-08 11:59:59
2025-09-08 12:00:00,332.4,332.5,332.8,332.2,5362923.100000001,16127,2025-09-08 12:09:59
2025-09-08 12:10:00,332.5,332.5,332.9,332.2,10757863.500000019,32374,2025-09-08 12:19:59
2025-09-08 12:20:00,332.5,332.1,332.6,332.0,10373276.499999996,31224,2025-09-08 12:29:59
2025-09-08 12:30:00,332.1,332.1,332.2,331.9,2485404.2,7484,2025-09-08 12:39:59
2025-09-08 12:40:00,332.1,332.1,332.3,332.1,1417767.7999999996,4269,2025-09-08 12:49:59
2025-09-08 12:50:00,332.1,332.4,332.5,332.1,641158.7,1929,2025-09-08 12:59:59
2025-09-08 13:00:00,332.4,332.4,332.9,332.2,10155597.5,30533,2025-09-08 13:09:59
2025-09-08 13:10:00,332.4,331.9,332.7,331.9,4304246.5,12954,2025-09-08 13:19:59
2025-09-08 13:20:00,332.1,331.7,332.1,331.2,12608494.500000006,38018,2025-09-08 13:29:59
2025-09-08 13:30:00,331.7,331.9,332.2,331.5,3116228.5999999964,9389,2025-09-08 13:39:59
2025-09-08 13:40:00,331.9,332.1,332.1,331.7,2703220.4000000004,8142,2025-09-08 13:49:59
2025-09-08 13:50:00,332.1,332.0,332.2,331.9,1818046.6,5476,2025-09-08 13:59:59
2025-09-08 14:00:00,332.0,332.2,332.3,332.0,640470.4,1928,2025-09-08 14:09:59
2025-09-08 14:10:00,332.2,332.5,332.6,331.9,4792901.8,14421,2025-09-08 14:19:59
2025-09-08 14:20:00,332.5,332.4,332.6,332.3,1071957.4,3225,2025-09-08 14:29:59
2025-09-08 14:30:00,332.5,332.9,333.0,332.5,8129971.600000001,24422,2025-09-08 14:39:59
2025-09-08 14:40:00,332.9,333.9,334.0,332.9,14507412.899999999,43491,2025-09-08 14:49:59
2025-09-08 14:50:00,333.9,334.4,335.0,333.8,32041716.599999998,95784,2025-09-08 14:59:59
2025-09-08 15:00:00,334.5,334.1,334.5,333.7,7343471.4,21986,2025-09-08 15:09:59
2025-09-08 15:10:00,334.1,333.5,334.1,333.2,9022209.8,27044,2025-09-08 15:19:59
2025-09-08 15:20:00,333.4,334.2,334.8,333.3,17636988.69999997,52794,2025-09-08 15:29:59
2025-09-08 15:30:00,334.2,334.6,334.9,334.1,7129511.8999999985,21314,2025-09-08 15:39:59
2025-09-08 15:40:00,334.6,334.3,334.9,334.0,5504015.100000001,16452,2025-09-08 15:49:59
2025-09-08 15:50:00,334.1,334.2,334.2,333.7,8030544.000000001,24047,2025-09-08 15:59:59
2025-09-08 16:00:00,334.0,333.9,334.2,333.8,2499750.1999999993,7486,2025-09-08 16:09:59
2025-09-08 16:10:00,333.9,333.6,333.9,333.6,6021478.699999999,18043,2025-09-08 16:19:59
2025-09-08 16:20:00,333.6,333.8,333.8,333.6,1371982.8999999997,4111,2025-09-08 16:29:59
2025-09-08 16:30:00,333.7,333.8,334.1,333.6,3469623.8,10392,2025-09-08 16:39:59
2025-09-08 16:40:00,333.8,334.2,334.5,333.7,8205323.6,24553,2025-09-08 16:49:59
2025-09-08 16:50:00,334.4,334.1,334.5,334.1,1576594.0,4716,2025-09-08 16:59:59
2025-09-08 17:00:00,334.1,334.1,334.5,333.9,4103637.5999999996,12280,2025-09-08 17:09:59
2025-09-08 17:10:00,334.1,334.3,334.4,334.0,1275407.2,3815,2025-09-08 17:19:59
2025-09-08 17:20:00,334.3,335.1,335.2,334.1,13636105.100000001,40734,2025-09-08 17:29:59
2025-09-08 17:30:00,335.0,334.8,335.2,334.7,1557049.0,4648,2025-09-08 17:39:59
2025-09-08 17:40:00,334.7,334.9,334.9,334.7,4030029.500000001,12040,2025-09-08 17:49:59
2025-09-08 17:50:00,334.9,335.5,335.5,334.8,9029364.699999996,26936,2025-09-08 17:59:59
2025-09-08 18:00:00,335.4,335.2,335.7,335.0,10440181.299999999,31131,2025-09-08 18:09:59
2025-09-08 18:10:00,335.1,335.3,335.3,335.1,2516333.8,7507,2025-09-08 18:19:59
2025-09-08 18:20:00,335.1,335.3,335.3,334.8,7747329.200000006,23122,2025-09-08 18:29:59
2025-09-08 18:30:00,335.2,335.2,335.4,335.1,2874022.9000000004,8573,2025-09-08 18:39:59
2025-09-08 18:40:00,335.2,335.2,335.2,335.2,304696.8,909,2025-09-08 18:49:59
2025-09-08 19:00:00,335.1,335.4,335.6,335.1,1972991.7000000002,5881,2025-09-08 19:09:59
2025-09-08 19:10:00,335.4,335.1,335.5,335.0,8446654.500000002,25195,2025-09-08 19:19:59
2025-09-08 19:20:00,335.0,335.2,335.3,335.0,1639156.7999999998,4890,2025-09-08 19:29:59
2025-09-08 19:30:00,335.2,335.1,335.3,335.1,971989.3,2900,2025-09-08 19:39:59
2025-09-08 19:40:00,335.1,334.8,335.1,334.6,5120255.500000001,15290,2025-09-08 19:49:59
2025-09-08 19:50:00,334.8,335.0,335.1,334.8,2211060.7,6601,2025-09-08 19:59:59
2025-09-08 20:00:00,335.0,334.7,335.0,334.7,910259.5999999999,2719,2025-09-08 20:09:59
2025-09-08 20:10:00,334.7,334.5,334.7,334.4,4331472.0,12946,2025-09-08 20:19:59
2025-09-08 20:20:00,334.6,334.5,334.7,334.5,658552.2,1968,2025-09-08 20:29:59
2025-09-08 20:30:00,334.5,334.4,334.7,334.3,1718751.6,5139,2025-09-08 20:39:59
2025-09-08 20:40:00,334.4,334.5,334.6,334.2,793666.8999999999,2373,2025-09-08 20:49:59
2025-09-08 20:50:00,334.5,334.3,334.6,334.2,666851.0000000001,1994,2025-09-08 20:59:59
2025-09-08 21:00:00,334.2,334.3,334.3,334.2,371965.5,1113,2025-09-08 21:09:59
2025-09-08 21:10:00,334.2,334.3,334.3,334.0,1592119.6999999997,4765,2025-09-08 21:19:59
2025-09-08 21:20:00,334.2,334.2,334.3,334.1,1686944.0,5047,2025-09-08 21:29:59
2025-09-08 21:30:00,334.3,334.1,334.3,334.1,848869.8999999999,2540,2025-09-08 21:39:59
2025-09-08 21:40:00,334.1,334.1,334.2,333.8,2574824.8,7711,2025-09-08 21:49:59
2025-09-08 21:50:00,334.0,334.1,334.2,334.0,935471.5000000001,2800,2025-09-08 21:59:59
2025-09-08 22:00:00,334.2,334.1,334.2,334.1,231263.80000000008,692,2025-09-08 22:09:59
2025-09-08 22:10:00,334.1,334.2,334.2,334.1,200815.59999999998,601,2025-09-08 22:19:59
2025-09-08 22:20:00,334.2,333.8,334.2,333.8,837577.8,2508,2025-09-08 22:29:59
2025-09-08 22:30:00,334.0,333.8,334.1,333.8,787459.5000000001,2358,2025-09-08 22:39:59
2025-09-08 22:40:00,333.8,334.1,334.1,333.8,1923420.9,5759,2025-09-08 22:49:59
2025-09-08 22:50:00,334.1,334.1,334.2,333.9,2444544.6,7317,2025-09-08 22:59:14
2025-09-08 23:00:00,334.1,333.9,334.1,333.9,217823.40000000002,652,2025-09-08 23:09:59
2025-09-08 23:10:00,333.9,334.2,334.3,333.9,4981247.499999999,14904,2025-09-08 23:19:59
2025-09-08 23:20:00,334.2,334.5,334.5,334.2,1254694.9,3752,2025-09-08 23:29:59
2025-09-08 23:30:00,334.3,334.4,334.5,334.1,1152175.0000000002,3447,2025-09-08 23:39:59
2025-09-08 23:40:00,334.4,333.3,334.5,333.2,6985334.2,20940,2025-09-08 23:49:59
2025-09-09 06:50:00,334.3,334.3,334.3,334.3,2674.4,8,2025-09-09 06:59:59
2025-09-09 07:00:00,334.3,335.6,335.6,333.9,6857707.4,20476,2025-09-09 07:09:59
2025-09-09 07:10:00,335.5,335.2,335.6,335.0,5919914.4,17655,2025-09-09 07:19:59
2025-09-09 07:20:00,335.0,334.9,335.2,334.8,2557771.4999999995,7635,2025-09-09 07:29:59
2025-09-09 07:30:00,335.0,334.7,335.0,334.6,312696.6,934,2025-09-09 07:39:59
2025-09-09 07:40:00,334.7,334.0,334.8,334.0,3838169.8000000003,11481,2025-09-09 07:49:59
2025-09-09 07:50:00,334.2,334.5,334.7,334.0,2081549.4,6226,2025-09-09 07:59:59
2025-09-09 08:00:00,334.5,334.4,334.6,334.2,544114.0,1627,2025-09-09 08:09:59
2025-09-09 08:10:00,334.2,334.2,334.5,334.2,385796.80000000005,1154,2025-09-09 08:19:59
2025-09-09 08:20:00,334.5,334.5,334.5,334.2,105969.9,317,2025-09-09 08:29:59
2025-09-09 08:30:00,334.5,334.2,334.5,334.1,323864.0,969,2025-09-09 08:39:59
2025-09-09 08:40:00,334.2,334.2,334.6,334.1,1083041.9999999998,3239,2025-09-09 08:49:59
2025-09-09 08:50:00,334.3,334.6,334.6,334.3,275238.39999999997,823,2025-09-09 08:59:59
2025-09-09 09:00:00,334.6,334.4,334.6,334.1,6570967.200000001,19657,2025-09-09 09:09:59
2025-09-09 09:10:00,334.4,335.1,335.2,334.4,6856892.0,20471,2025-09-09 09:19:59
2025-09-09 09:20:00,335.0,334.9,335.3,334.8,2379816.2000000007,7102,2025-09-09 09:29:59
2025-09-09 09:30:00,334.9,334.7,334.9,334.3,2297005.0999999996,6866,2025-09-09 09:39:59
2025-09-09 09:40:00,334.7,334.2,334.9,334.0,9076528.3,27152,2025-09-09 09:49:59
2025-09-09 09:50:00,334.1,334.3,334.3,334.1,3212854.1999999997,9615,2025-09-09 09:59:59
2025-09-09 10:00:00,334.3,334.1,334.8,334.0,5394088.600000001,16132,2025-09-09 10:09:59
2025-09-09 10:10:00,334.1,333.8,334.3,333.8,14387544.0,43086,2025-09-09 10:19:59
2025-09-09 10:20:00,333.8,333.8,334.1,333.4,9540420.4,28589,2025-09-09 10:29:59
2025-09-09 10:30:00,333.7,334.6,334.9,333.7,11244408.5,33616,2025-09-09 10:39:59
2025-09-09 10:40:00,334.7,335.0,335.4,334.6,15462519.6,46158,2025-09-09 10:49:59
2025-09-09 10:50:00,335.0,335.0,335.2,334.9,7439086.699999999,22205,2025-09-09 10:59:59
2025-09-09 11:00:00,335.0,335.9,337.0,335.0,47259927.500000104,140572,2025-09-09 11:09:59
2025-09-09 11:10:00,335.8,335.6,336.0,335.6,6816878.5,20298,2025-09-09 11:19:59
2025-09-09 11:20:00,335.7,334.9,335.7,334.4,18935039.3,56545,2025-09-09 11:29:59
2025-09-09 11:30:00,335.0,335.0,335.3,334.8,5991630.600000001,17879,2025-09-09 11:39:59
2025-09-09 11:40:00,335.0,334.6,335.0,334.4,5426969.9,16216,2025-09-09 11:49:59
2025-09-09 11:50:00,334.7,334.5,334.8,334.5,1996965.5999999999,5969,2025-09-09 11:59:59
2025-09-09 12:00:00,334.5,334.2,334.5,334.1,2974069.1999999997,8898,2025-09-09 12:09:59
2025-09-09 12:10:00,334.4,334.1,334.4,334.1,950639.1,2844,2025-09-09 12:19:59
2025-09-09 12:20:00,334.2,334.4,334.4,334.1,1575908.0,4715,2025-09-09 12:29:59
2025-09-09 12:30:00,334.3,334.1,334.5,334.1,3307778.3999999994,9895,2025-09-09 12:39:59
2025-09-09 12:40:00,334.1,333.4,334.3,333.1,13030170.800000004,39063,2025-09-09 12:49:59
2025-09-09 12:50:00,333.3,334.3,334.3,333.3,6973984.600000001,20887,2025-09-09 12:59:59
2025-09-09 13:00:00,334.0,334.3,334.3,334.0,1546674.4999999998,4628,2025-09-09 13:09:59
2025-09-09 13:10:00,334.2,334.2,334.3,333.8,1628148.8000000003,4874,2025-09-09 13:19:59
2025-09-09 13:20:00,334.1,333.3,334.2,333.2,4686284.5,14050,2025-09-09 13:29:59
2025-09-09 13:30:00,333.3,333.2,333.5,333.0,3720016.8,11164,2025-09-09 13:39:59
2025-09-09 13:40:00,333.4,333.1,333.5,333.0,2392289.5,7180,2025-09-09 13:49:59
2025-09-09 13:50:00,333.0,332.9,333.1,332.6,9454596.4,28407,2025-09-09 13:59:59
2025-09-09 14:00:00,332.9,332.4,333.3,332.2,8631157.299999997,25960,2025-09-09 14:09:59
2025-09-09 14:10:00,332.3,332.3,332.9,332.2,16203265.3,48733,2025-09-09 14:19:59
2025-09-09 14:20:00,332.4,332.0,332.7,332.0,12585553.099999998,37873,2025-09-09 14:29:59
2025-09-09 14:30:00,332.0,331.7,332.3,331.2,19246945.699999996,58031,2025-09-09 14:39:59
2025-09-09 14:40:00,331.6,331.7,332.1,331.5,20587125.1,62058,2025-09-09 14:49:59
2025-09-09 14:50:00,331.8,331.5,332.0,331.5,14442224.899999999,43537,2025-09-09 14:59:59
2025-09-09 15:00:00,331.6,331.9,332.4,331.5,8239249.699999999,24816,2025-09-09 15:09:59
2025-09-09 15:10:00,331.9,332.3,333.3,331.8,21079162.399999995,63394,2025-09-09 15:19:59
2025-09-09 15:20:00,332.4,331.8,332.4,331.5,16817659.2,50662,2025-09-09 15:29:59
2025-09-09 15:30:00,331.6,331.0,331.7,330.5,24489210.799999997,73994,2025-09-09 15:39:59
2025-09-09 15:40:00,331.2,330.2,331.2,330.1,13532077.600000001,40931,2025-09-09 15:49:59
2025-09-09 15:50:00,330.1,329.6,330.2,329.6,18170530.500000004,55082,2025-09-09 15:59:59
2025-09-09 16:00:00,329.8,329.2,330.2,329.2,27363116.900000006,83046,2025-09-09 16:09:59
2025-09-09 16:10:00,329.3,330.7,331.0,329.0,26163242.800000004,79322,2025-09-09 16:19:59
2025-09-09 16:20:00,330.6,330.5,331.4,330.3,24508302.90000002,74093,2025-09-09 16:29:59
2025-09-09 16:30:00,330.6,329.8,330.7,329.7,12590844.899999999,38157,2025-09-09 16:39:59
2025-09-09 16:40:00,330.0,329.4,330.0,329.2,9263247.399999999,28110,2025-09-09 16:49:59
2025-09-09 16:50:00,329.2,327.9,329.4,327.5,56223340.3,171312,2025-09-09 16:59:59
2025-09-09 17:00:00,328.1,328.4,329.2,327.7,26581764.5,80888,2025-09-09 17:09:59
2025-09-09 17:10:00,328.4,328.7,328.7,328.3,31039763.9,94492,2025-09-09 17:19:59
2025-09-09 17:20:00,328.7,329.7,329.8,328.6,13578768.0,41233,2025-09-09 17:29:59
2025-09-09 17:30:00,329.7,330.3,330.4,329.5,12557272.300000003,38060,2025-09-09 17:39:59
2025-09-09 17:40:00,330.3,329.6,330.3,329.5,7423046.600000003,22501,2025-09-09 17:49:59
2025-09-09 17:50:00,329.6,329.6,329.8,329.3,8730822.4,26491,2025-09-09 17:59:59
2025-09-09 18:00:00,329.6,330.0,330.1,329.4,14713279.600000009,44601,2025-09-09 18:09:59
2025-09-09 18:10:00,330.1,330.1,330.2,330.0,5092151.2,15427,2025-09-09 18:19:59
2025-09-09 18:20:00,330.1,330.2,330.2,330.0,4738462.100000001,14354,2025-09-09 18:29:59
2025-09-09 18:30:00,330.1,330.0,330.3,329.9,13269249.1,40201,2025-09-09 18:39:59
2025-09-09 18:40:00,330.2,330.2,330.2,330.2,205384.4,622,2025-09-09 18:49:08
2025-09-09 19:00:00,330.2,330.2,330.3,329.8,3803958.7000000007,11527,2025-09-09 19:09:59
2025-09-09 19:10:00,330.0,330.1,330.2,329.7,9500152.0,28792,2025-09-09 19:19:59
2025-09-09 19:20:00,330.1,330.2,330.2,330.0,3247927.0000000005,9839,2025-09-09 19:29:59
2025-09-09 19:30:00,330.1,330.0,330.2,330.0,2563993.5,7766,2025-09-09 19:39:59
2025-09-09 19:40:00,330.2,330.1,330.2,330.0,1993903.5999999999,6040,2025-09-09 19:49:59
2025-09-09 19:50:00,330.1,330.1,330.1,330.0,452836.60000000003,1372,2025-09-09 19:59:59
2025-09-09 20:00:00,330.0,330.1,330.2,329.0,17399777.300000004,52793,2025-09-09 20:09:59
2025-09-09 20:10:00,330.2,330.1,330.2,330.1,2386884.0,7230,2025-09-09 20:19:59
2025-09-09 20:20:00,330.2,330.0,330.2,329.8,11433911.1,34649,2025-09-09 20:29:59
2025-09-09 20:30:00,330.0,329.9,330.1,329.9,2721002.9,8246,2025-09-09 20:39:59
2025-09-09 20:40:00,330.1,329.8,330.2,329.3,6393364.199999999,19391,2025-09-09 20:49:59
2025-09-09 20:50:00,329.8,329.6,329.9,329.5,3521733.0,10681,2025-09-09 20:59:59
2025-09-09 21:00:00,329.6,330.0,330.0,329.5,6380163.500000001,19350,2025-09-09 21:09:59
2025-09-09 21:10:00,329.8,330.2,330.2,329.7,5162335.3999999985,15646,2025-09-09 21:19:59
2025-09-09 21:20:00,330.0,330.0,330.1,329.8,1543189.4,4677,2025-09-09 21:29:59
2025-09-09 21:30:00,330.1,330.0,330.1,329.8,642394.6,1947,2025-09-09 21:39:59
2025-09-09 21:40:00,330.0,329.9,330.0,329.8,1115558.0,3381,2025-09-09 21:49:59
2025-09-09 21:50:00,329.9,330.3,330.3,329.8,5863741.499999999,17768,2025-09-09 21:59:59
2025-09-09 22:00:00,330.2,330.8,331.2,330.2,11702347.800000003,35387,2025-09-09 22:09:59
2025-09-09 22:10:00,330.7,330.6,330.9,330.6,838327.2999999999,2535,2025-09-09 22:19:59
2025-09-09 22:20:00,330.6,330.7,330.8,330.6,875769.6,2648,2025-09-09 22:29:59
2025-09-09 22:30:00,330.7,330.7,330.7,330.6,488025.89999999997,1476,2025-09-09 22:39:59
2025-09-09 22:40:00,330.7,330.7,330.7,330.5,1397951.0999999999,4229,2025-09-09 22:49:59
2025-09-09 22:50:00,330.6,330.8,331.0,330.5,4911769.8,14848,2025-09-09 22:59:59
2025-09-09 23:00:00,331.0,331.0,331.0,330.8,729242.3999999999,2204,2025-09-09 23:09:59
2025-09-09 23:10:00,330.9,330.8,331.0,330.8,283531.6,857,2025-09-09 23:19:59
2025-09-09 23:20:00,330.8,330.7,330.9,330.6,3753886.0,11350,2025-09-09 23:29:59
2025-09-09 23:30:00,330.8,330.7,331.0,330.7,2598901.9999999995,7854,2025-09-09 23:39:59
2025-09-09 23:40:00,330.9,330.8,331.0,330.6,3069399.9,9276,2025-09-09 23:49:59
2025-09-10 06:50:00,330.8,330.8,330.8,330.8,2977.2,9,2025-09-10 06:59:59
2025-09-10 07:00:00,330.8,330.7,330.8,329.6,2440367.5000000005,7387,2025-09-10 07:09:59
2025-09-10 07:10:00,330.7,330.2,331.0,330.2,2926837.8,8852,2025-09-10 07:19:59
2025-09-10 07:20:00,330.7,330.0,330.8,330.0,2150011.0,6512,2025-09-10 07:29:59
2025-09-10 07:30:00,330.1,330.3,330.5,330.0,1230058.5000000002,3726,2025-09-10 07:39:59
2025-09-10 07:40:00,330.1,329.5,330.3,328.9,8015603.9,24351,2025-09-10 07:49:59
2025-09-10 07:50:00,329.5,329.3,330.0,329.0,7439934.2,22585,2025-09-10 07:59:59
2025-09-10 08:00:00,329.4,329.4,329.4,328.7,1572215.8000000003,4779,2025-09-10 08:09:59
2025-09-10 08:10:00,329.4,329.4,329.7,329.2,3684541.7,11186,2025-09-10 08:19:59
2025-09-10 08:20:00,329.3,329.3,329.6,329.2,12456620.1,37834,2025-09-10 08:29:59
2025-09-10 08:30:00,329.3,329.2,329.6,328.1,13047678.500000002,39667,2025-09-10 08:39:59
2025-09-10 08:40:00,329.2,328.5,329.4,328.1,4978472.4,15152,2025-09-10 08:49:59
2025-09-10 08:50:00,328.6,328.5,329.0,328.5,2250728.6000000006,6847,2025-09-10 08:59:59
2025-09-10 09:00:00,328.8,329.4,329.9,328.8,4753240.800000001,14425,2025-09-10 09:09:59
2025-09-10 09:10:00,329.4,327.9,329.5,327.1,21550445.3,65740,2025-09-10 09:19:59
2025-09-10 09:20:00,327.9,328.3,328.3,327.7,6886393.3,20996,2025-09-10 09:29:59
2025-09-10 09:30:00,328.3,328.1,328.4,328.0,3209625.3999999994,9779,2025-09-10 09:39:59
2025-09-10 09:40:00,328.2,328.2,328.5,328.0,3914814.0,11928,2025-09-10 09:49:59
2025-09-10 09:50:00,328.2,326.4,328.2,326.2,17977588.800000012,54992,2025-09-10 09:59:59
2025-09-10 10:00:00,326.5,328.2,328.3,326.5,23496348.000000004,71771,2025-09-10 10:09:59
2025-09-10 10:10:00,328.1,327.7,328.2,327.6,2791796.2,8515,2025-09-10 10:19:59
2025-09-10 10:20:00,327.9,327.4,328.0,327.3,5667213.699999998,17292,2025-09-10 10:29:59
2025-09-10 10:30:00,327.5,327.7,327.7,326.6,6597732.800000001,20176,2025-09-10 10:39:59
2025-09-10 10:40:00,327.6,328.1,328.1,327.5,10144368.5,30943,2025-09-10 10:49:59
2025-09-10 10:50:00,328.1,328.0,328.1,327.7,4827573.100000001,14724,2025-09-10 10:59:59
2025-09-10 11:00:00,328.0,328.0,328.0,327.5,3013546.1999999997,9197,2025-09-10 11:09:59
2025-09-10 11:10:00,327.8,328.6,329.0,327.8,23653977.799999993,72018,2025-09-10 11:19:59
2025-09-10 11:20:00,328.6,328.5,329.2,328.5,14965843.4,45510,2025-09-10 11:29:59
2025-09-10 11:30:00,328.6,328.7,329.4,328.6,6945790.199999999,21104,2025-09-10 11:39:59
2025-09-10 11:40:00,328.7,328.7,328.9,328.5,5762971.500000001,17538,2025-09-10 11:49:59
2025-09-10 11:50:00,328.6,328.5,329.3,328.5,8536962.200000001,25950,2025-09-10 11:59:59
2025-09-10 12:00:00,328.5,328.8,328.9,328.5,1523159.7999999998,4634,2025-09-10 12:09:59
2025-09-10 12:10:00,328.9,328.6,329.3,328.6,4591767.699999998,13959,2025-09-10 12:19:59
2025-09-10 12:20:00,328.8,326.9,328.8,324.7,124702571.49999984,382104,2025-09-10 12:29:59
2025-09-10 12:30:00,326.9,326.8,327.3,326.6,10100236.5,30892,2025-09-10 12:39:59
2025-09-10 12:40:00,326.8,326.7,327.4,326.3,16060722.699999964,49140,2025-09-10 12:49:59
2025-09-10 12:50:00,326.9,327.2,327.3,326.8,7748203.3,23682,2025-09-10 12:59:59
2025-09-10 13:00:00,327.0,326.9,327.1,326.9,1904904.4000000001,5825,2025-09-10 13:09:59
2025-09-10 13:10:00,327.0,326.5,327.0,326.5,4325814.199999998,13243,2025-09-10 13:19:59
2025-09-10 13:20:00,326.6,326.9,327.0,326.6,3245021.0999999978,9931,2025-09-10 13:29:59
2025-09-10 13:30:00,326.9,327.1,327.3,326.7,2324327.5,7107,2025-09-10 13:39:59
2025-09-10 13:40:00,327.3,326.8,327.3,326.7,1603063.7,4904,2025-09-10 13:49:59
2025-09-10 13:50:00,326.8,328.5,329.9,326.6,92167161.40000007,280503,2025-09-10 13:59:59
2025-09-10 14:00:00,328.5,328.3,328.5,327.8,4922575.300000001,14999,2025-09-10 14:09:59
2025-09-10 14:10:00,328.3,329.6,329.8,328.3,9531004.799999999,28935,2025-09-10 14:19:59
2025-09-10 14:20:00,329.5,329.2,329.6,328.9,7577015.800000002,23020,2025-09-10 14:29:59
2025-09-10 14:30:00,329.1,329.5,330.9,329.0,37271070.5,112940,2025-09-10 14:39:59
2025-09-10 14:40:00,329.6,329.4,329.8,329.2,7056352.3,21417,2025-09-10 14:49:59
2025-09-10 14:50:00,329.4,328.3,329.4,328.1,8488351.600000001,25817,2025-09-10 14:59:59
2025-09-10 15:00:00,328.2,328.2,328.3,327.7,6026746.3,18373,2025-09-10 15:09:59
2025-09-10 15:10:00,328.3,328.8,329.2,328.3,7460197.8999999985,22697,2025-09-10 15:19:59
2025-09-10 15:20:00,328.8,328.6,328.9,328.5,120289.40000000001,366,2025-09-10 15:29:59
2025-09-10 15:30:00,328.7,328.5,328.9,328.1,3283905.2,9994,2025-09-10 15:39:59
2025-09-10 15:40:00,328.3,328.0,328.3,327.8,3057741.2,9325,2025-09-10 15:49:59
2025-09-10 15:50:00,328.0,327.7,328.0,327.0,14924002.500000002,45585,2025-09-10 15:59:59
2025-09-10 16:00:00,327.7,327.6,328.2,327.1,7524701.699999999,22971,2025-09-10 16:09:59
2025-09-10 16:10:00,327.6,327.6,327.7,327.4,1544455.3000000003,4715,2025-09-10 16:19:59
2025-09-10 16:20:00,327.4,328.2,328.2,327.4,3857313.6999999997,11764,2025-09-10 16:29:59
2025-09-10 16:30:00,328.2,328.2,328.5,327.9,1459823.3,4448,2025-09-10 16:39:59
2025-09-10 16:40:00,328.2,328.3,328.3,328.0,4224752.699999999,12875,2025-09-10 16:49:59
2025-09-10 16:50:00,328.3,327.9,328.4,327.8,7279493.3,22188,2025-09-10 16:59:59
2025-09-10 17:00:00,327.9,328.7,328.7,327.8,9295102.200000003,28317,2025-09-10 17:09:59
2025-09-10 17:10:00,328.7,328.7,328.7,328.5,1180310.5999999996,3591,2025-09-10 17:19:59
2025-09-10 17:20:00,328.7,329.0,329.0,328.5,3896235.7,11849,2025-09-10 17:29:59
2025-09-10 17:30:00,329.0,328.6,329.0,328.4,2343672.1,7129,2025-09-10 17:39:59
2025-09-10 17:40:00,328.6,328.4,328.6,328.3,331067.19999999984,1008,2025-09-10 17:49:59
2025-09-10 17:50:00,328.5,328.7,328.8,328.3,1093820.6000000003,3329,2025-09-10 17:59:59
2025-09-10 18:00:00,328.7,328.8,329.0,328.6,2788524.6000000006,8479,2025-09-10 18:09:59
2025-09-10 18:10:00,328.8,328.4,329.0,328.3,4694213.2,14282,2025-09-10 18:19:59
2025-09-10 18:20:00,328.6,327.7,328.6,327.7,4639439.0,14140,2025-09-10 18:29:59
2025-09-10 18:30:00,327.8,327.2,328.1,327.1,12443894.1,37986,2025-09-10 18:39:59
2025-09-10 18:40:00,327.4,327.4,327.4,327.4,936036.6000000002,2859,2025-09-10 18:49:08
2025-09-10 19:00:00,327.4,326.2,327.6,326.0,13837706.39999998,42380,2025-09-10 19:09:59
2025-09-10 19:10:00,326.1,327.1,327.3,325.8,15710363.900000002,48137,2025-09-10 19:19:59
2025-09-10 19:20:00,327.0,326.8,327.2,326.4,6957105.5,21298,2025-09-10 19:29:59
2025-09-10 19:30:00,326.8,326.2,326.8,325.9,3546930.6,10872,2025-09-10 19:39:59
2025-09-10 19:40:00,326.3,327.0,327.0,326.3,5737280.4,17557,2025-09-10 19:49:59
2025-09-10 19:50:00,327.0,327.5,327.6,326.9,4145883.4999999995,12671,2025-09-10 19:59:59
2025-09-10 20:00:00,327.3,326.8,327.5,326.7,747995.4000000003,2287,2025-09-10 20:09:59
2025-09-10 20:10:00,326.7,326.7,327.0,326.6,1587781.1,4860,2025-09-10 20:19:59
2025-09-10 20:20:00,326.7,325.9,326.7,325.6,10986428.100000001,33699,2025-09-10 20:29:59
2025-09-10 20:30:00,326.0,326.2,326.2,326.0,4577060.7,14036,2025-09-10 20:39:59
2025-09-10 20:40:00,326.2,326.6,326.6,326.1,1796751.0,5505,2025-09-10 20:49:59
2025-09-10 20:50:00,326.7,326.8,326.8,326.5,1010326.2,3092,2025-09-10 20:59:59
2025-09-10 21:00:00,326.7,326.4,326.8,326.4,1355021.7999999998,4148,2025-09-10 21:09:59
2025-09-10 21:10:00,326.4,326.7,326.7,326.3,2207274.0000000005,6761,2025-09-10 21:19:59
2025-09-10 21:20:00,326.7,326.4,326.7,326.1,1410899.5999999999,4323,2025-09-10 21:29:59
2025-09-10 21:30:00,326.2,326.4,326.4,326.1,1368594.4000000004,4196,2025-09-10 21:39:59
2025-09-10 21:40:00,326.3,326.6,326.8,326.3,2691819.3000000007,8243,2025-09-10 21:49:59
2025-09-10 21:50:00,326.6,326.2,326.7,326.1,4407706.000000001,13509,2025-09-10 21:59:59
2025-09-10 22:00:00,326.2,326.2,326.5,326.0,4323697.600000001,13257,2025-09-10 22:09:59
2025-09-10 22:10:00,326.2,325.9,326.3,325.8,6567598.700000001,20145,2025-09-10 22:19:59
2025-09-10 22:20:00,325.9,325.6,325.9,325.4,3369263.399999996,10348,2025-09-10 22:29:59
2025-09-10 22:30:00,325.7,325.4,325.7,325.2,5058522.1,15546,2025-09-10 22:39:59
2025-09-10 22:40:00,325.4,325.4,325.4,325.1,2506756.7,7708,2025-09-10 22:49:59
2025-09-10 22:50:00,325.4,325.3,325.4,325.1,5606187.0,17238,2025-09-10 22:59:59
2025-09-10 23:00:00,325.4,325.1,325.4,325.0,2162294.8000000003,6651,2025-09-10 23:09:59
2025-09-10 23:10:00,325.2,325.4,325.4,325.1,687096.5,2112,2025-09-10 23:19:59
2025-09-10 23:20:00,325.4,325.1,325.4,325.0,2301018.9000000004,7078,2025-09-10 23:29:59
2025-09-10 23:30:00,325.1,325.2,325.3,325.0,1352532.2,4160,2025-09-10 23:39:59
2025-09-10 23:40:00,325.2,325.6,326.4,325.0,8807693.899999993,27031,2025-09-10 23:49:59
2025-09-11 06:50:00,325.0,325.0,325.0,325.0,715000.0,2200,2025-09-11 06:59:59
2025-09-11 07:00:00,325.6,326.0,326.3,325.2,4051533.5999999996,12440,2025-09-11 07:09:59
2025-09-11 07:10:00,326.0,325.4,326.0,324.7,7672639.600000002,23595,2025-09-11 07:19:59
2025-09-11 07:20:00,325.1,324.7,325.4,324.5,6504637.4,20034,2025-09-11 07:29:59
2025-09-11 07:30:00,324.7,324.6,324.8,324.5,14341434.8,44192,2025-09-11 07:39:59
2025-09-11 07:40:00,324.5,324.9,324.9,324.5,9796968.100000001,30183,2025-09-11 07:49:59
2025-09-11 07:50:00,324.7,325.7,325.7,324.6,3405536.0000000005,10470,2025-09-11 07:59:59
2025-09-11 08:00:00,325.7,325.6,325.9,325.4,3577350.1,10986,2025-09-11 08:09:59
2025-09-11 08:10:00,325.7,325.0,325.7,324.5,13045616.6,40164,2025-09-11 08:19:59
2025-09-11 08:20:00,325.3,324.9,325.4,324.8,1862540.3000000003,5731,2025-09-11 08:29:59
2025-09-11 08:30:00,324.9,327.2,327.9,324.6,24035573.799999997,73614,2025-09-11 08:39:59
2025-09-11 08:40:00,327.2,325.7,327.3,325.4,10986815.999999998,33660,2025-09-11 08:49:59
2025-09-11 08:50:00,325.7,326.4,326.5,325.7,3317686.1,10172,2025-09-11 08:59:59
2025-09-11 09:00:00,326.0,325.9,326.2,325.4,2745150.8,8429,2025-09-11 09:09:59
2025-09-11 09:10:00,325.7,326.2,326.2,325.5,3078423.8999999994,9450,2025-09-11 09:19:59
2025-09-11 09:20:00,326.2,326.6,327.2,326.2,11172015.6,34180,2025-09-11 09:29:59
2025-09-11 09:30:00,326.8,326.1,326.8,326.1,4121429.0999999996,12626,2025-09-11 09:39:59
2025-09-11 09:40:00,326.1,326.3,326.4,326.1,1157473.4,3547,2025-09-11 09:49:59
2025-09-11 09:50:00,326.3,326.3,326.4,326.1,1490218.5999999999,4568,2025-09-11 09:59:59
2025-09-11 10:00:00,326.2,325.3,326.3,325.2,6437717.899999999,19764,2025-09-11 10:09:59
2025-09-11 10:10:00,325.3,324.3,325.3,323.7,36557367.90000001,112706,2025-09-11 10:19:59
2025-09-11 10:20:00,324.3,323.0,324.4,322.2,47694007.199999996,147584,2025-09-11 10:29:59
2025-09-11 10:30:00,323.0,322.5,323.1,322.1,27757321.700000003,86019,2025-09-11 10:39:59
2025-09-11 10:40:00,322.7,321.9,322.7,321.3,52070545.89999999,161706,2025-09-11 10:49:59
2025-09-11 10:50:00,321.9,322.6,322.8,321.8,33657778.1,104412,2025-09-11 10:59:59
2025-09-11 11:00:00,322.7,322.8,323.2,322.5,14880026.300000003,46088,2025-09-11 11:09:59
2025-09-11 11:10:00,322.8,323.2,323.3,322.5,22236212.9,68844,2025-09-11 11:19:59
2025-09-11 11:20:00,323.2,323.6,324.2,322.8,33954834.500000015,104977,2025-09-11 11:29:59
2025-09-11 11:30:00,323.7,324.2,324.2,323.5,24866114.8,76757,2025-09-11 11:39:59
2025-09-11 11:40:00,324.2,323.8,324.5,323.7,14374591.7,44347,2025-09-11 11:49:59
2025-09-11 11:50:00,323.8,323.7,324.0,323.3,9526903.099999998,29436,2025-09-11 11:59:59
2025-09-11 12:00:00,323.7,323.0,323.7,322.9,11448246.4,35416,2025-09-11 12:09:59
2025-09-11 12:10:00,323.2,323.6,323.8,322.9,35237733.60000002,109008,2025-09-11 12:19:59
2025-09-11 12:20:00,323.8,323.8,324.0,323.6,7443936.4,22981,2025-09-11 12:29:59
2025-09-11 12:30:00,323.9,323.2,323.9,323.2,7072780.000000001,21861,2025-09-11 12:39:59
2025-09-11 12:40:00,323.4,324.0,324.0,323.1,11337162.100000001,35052,2025-09-11 12:49:59
2025-09-11 12:50:00,324.0,323.2,324.0,323.1,6654426.300000001,20573,2025-09-11 12:59:59
2025-09-11 13:00:00,323.4,323.3,323.5,323.0,6900545.599999999,21345,2025-09-11 13:09:59
2025-09-11 13:10:00,323.2,323.4,323.4,323.2,1472027.7000000002,4553,2025-09-11 13:19:59
2025-09-11 13:20:00,323.3,324.0,324.0,323.2,24176457.0,74753,2025-09-11 13:29:59
2025-09-11 13:30:00,324.0,323.4,324.0,323.3,1174785.7,3629,2025-09-11 13:39:59
2025-09-11 13:40:00,323.5,323.4,323.8,323.1,4058160.4,12547,2025-09-11 13:49:59
2025-09-11 13:50:00,323.5,324.3,324.4,323.4,4516648.699999999,13935,2025-09-11 13:59:59
2025-09-11 14:00:00,324.2,324.5,324.5,324.1,9229185.0,28446,2025-09-11 14:09:59
2025-09-11 14:10:00,324.5,324.2,324.5,324.1,13542767.5,41753,2025-09-11 14:19:59
2025-09-11 14:20:00,324.1,324.4,324.4,323.7,9660880.199999997,29795,2025-09-11 14:29:59
2025-09-11 14:30:00,324.4,324.4,324.4,324.2,6352488.800000001,19584,2025-09-11 14:39:59
2025-09-11 14:40:00,324.4,324.5,324.5,324.3,13693251.2,42200,2025-09-11 14:49:59
2025-09-11 14:50:00,324.4,324.0,324.5,323.9,3478479.1,10726,2025-09-11 14:59:59
2025-09-11 15:00:00,324.2,324.5,324.5,323.9,4752000.100000001,14657,2025-09-11 15:09:59
2025-09-11 15:10:00,324.5,323.8,324.5,323.5,10007261.0,30884,2025-09-11 15:19:59
2025-09-11 15:20:00,323.9,324.0,324.2,323.7,2755655.5,8506,2025-09-11 15:29:59
2025-09-11 15:30:00,324.0,324.5,324.5,323.8,2143433.2,6611,2025-09-11 15:39:59
2025-09-11 15:40:00,324.4,323.9,324.5,323.5,2437536.3000000007,7526,2025-09-11 15:49:59
2025-09-11 15:50:00,323.9,324.7,325.3,323.6,28491218.799999993,87790,2025-09-11 15:59:59
2025-09-11 16:00:00,324.7,325.2,325.3,324.2,18420118.399999995,56676,2025-09-11 16:09:59
2025-09-11 16:10:00,325.2,325.3,325.7,324.9,17679886.6,54336,2025-09-11 16:19:59
2025-09-11 16:20:00,325.3,325.4,325.6,325.1,5216005.1,16032,2025-09-11 16:29:59
2025-09-11 16:30:00,325.4,325.3,326.4,325.3,14376825.100000005,44097,2025-09-11 16:39:59
2025-09-11 16:40:00,325.4,326.2,326.2,325.3,4811707.8,14768,2025-09-11 16:49:59
2025-09-11 16:50:00,326.3,326.1,326.4,326.0,5813723.5,17819,2025-09-11 16:59:59
2025-09-11 17:00:00,326.2,326.7,326.7,326.1,9607879.199999997,29428,2025-09-11 17:09:59
2025-09-11 17:10:00,326.7,326.8,327.3,326.6,19492746.7,59605,2025-09-11 17:19:59
2025-09-11 17:20:00,326.9,327.0,327.0,326.5,4142092.3,12675,2025-09-11 17:29:59
2025-09-11 17:30:00,327.0,327.6,327.9,327.0,32980674.800000004,100729,2025-09-11 17:39:59
2025-09-11 17:40:00,327.8,327.9,328.7,327.8,20485636.499999996,62424,2025-09-11 17:49:59
2025-09-11 17:50:00,327.9,327.7,328.1,327.5,11574457.000000015,35320,2025-09-11 17:59:59
2025-09-11 18:00:00,327.7,327.4,327.8,327.2,8110719.6,24766,2025-09-11 18:09:59
2025-09-11 18:10:00,327.4,327.3,327.5,326.8,7413756.899999999,22666,2025-09-11 18:19:59
2025-09-11 18:20:00,327.4,327.2,327.6,327.1,1949564.1,5955,2025-09-11 18:29:59
2025-09-11 18:30:00,327.4,327.1,327.4,326.9,5288008.4,16164,2025-09-11 18:39:59
2025-09-11 18:40:00,326.9,326.9,326.9,326.9,294863.8,902,2025-09-11 18:49:09
2025-09-11 19:00:00,327.4,326.9,327.4,326.9,1680780.1,5139,2025-09-11 19:09:59
2025-09-11 19:10:00,327.0,327.4,327.5,326.9,3159903.8000000003,9660,2025-09-11 19:19:59
2025-09-11 19:20:00,327.4,327.2,327.4,327.2,479553.4,1465,2025-09-11 19:29:59
2025-09-11 19:30:00,327.3,327.1,327.3,327.0,1917604.0000000002,5862,2025-09-11 19:39:59
2025-09-11 19:40:00,327.1,327.0,327.1,327.0,431683.69999999995,1320,2025-09-11 19:49:59
2025-09-11 19:50:00,327.0,326.9,327.2,326.9,3751815.9999999995,11472,2025-09-11 19:59:59
2025-09-11 20:00:00,326.9,326.3,327.0,326.0,10077878.300000003,30883,2025-09-11 20:09:59
2025-09-11 20:10:00,326.5,327.1,327.3,326.5,4880976.000000001,14927,2025-09-11 20:19:59
2025-09-11 20:20:00,327.2,326.7,327.2,326.5,1989575.6999999988,6087,2025-09-11 20:29:59
2025-09-11 20:30:00,326.7,326.8,326.9,326.5,375070.8,1148,2025-09-11 20:39:59
2025-09-11 20:40:00,326.7,327.3,327.3,326.7,2598249.4000000004,7943,2025-09-11 20:49:59
2025-09-11 20:50:00,327.3,327.3,327.4,327.3,1819487.9,5559,2025-09-11 20:59:59
2025-09-11 21:00:00,327.4,326.9,327.5,326.9,3976185.0999999996,12152,2025-09-11 21:09:59
2025-09-11 21:10:00,326.9,327.0,327.1,326.6,2201413.2,6736,2025-09-11 21:19:59
2025-09-11 21:20:00,327.2,327.4,327.4,327.0,245830.7,751,2025-09-11 21:29:59
2025-09-11 21:30:00,327.4,327.3,327.4,327.1,1752066.8,5354,2025-09-11 21:39:59
2025-09-11 21:40:00,327.3,327.2,327.3,327.0,1370893.7999999998,4190,2025-09-11 21:49:59
2025-09-11 21:50:00,327.0,327.0,327.2,326.9,898778.0,2748,2025-09-11 21:59:59
2025-09-11 22:00:00,326.8,326.4,327.0,326.4,2239473.3000000003,6858,2025-09-11 22:09:59
2025-09-11 22:10:00,326.4,326.2,326.6,326.1,5542074.800000001,16987,2025-09-11 22:19:59
2025-09-11 22:20:00,326.1,326.1,326.4,326.0,3448032.4,10574,2025-09-11 22:29:59
2025-09-11 22:30:00,326.0,325.9,326.2,325.9,2395159.3,7347,2025-09-11 22:39:59
2025-09-11 22:40:00,326.0,326.6,326.6,325.8,4259440.600000001,13052,2025-09-11 22:49:59
2025-09-11 22:50:00,326.6,326.6,326.8,326.5,2317605.5999999996,7094,2025-09-11 22:59:59
2025-09-11 23:00:00,326.7,326.7,326.7,326.5,166935.7,511,2025-09-11 23:09:59
2025-09-11 23:10:00,326.6,326.7,326.7,326.5,661772.3999999999,2026,2025-09-11 23:19:59
2025-09-11 23:20:00,326.7,326.4,326.7,326.3,480740.40000000014,1472,2025-09-11 23:29:59
2025-09-11 23:30:00,326.3,326.3,326.5,326.3,752173.8999999999,2305,2025-09-11 23:39:59
2025-09-11 23:40:00,326.5,326.3,326.6,325.9,2024761.0999999999,6207,2025-09-11 23:49:59
2025-09-12 06:50:00,326.4,326.4,326.4,326.4,18604.8,57,2025-09-12 06:59:59
2025-09-12 07:00:00,326.4,325.9,327.4,324.8,11528352.2,35365,2025-09-12 07:09:59
2025-09-12 07:10:00,326.0,326.1,326.3,325.7,138532.59999999995,425,2025-09-12 07:19:59
2025-09-12 07:20:00,326.1,326.2,326.3,325.6,2258998.0,6930,2025-09-12 07:29:59
2025-09-12 07:30:00,326.1,326.1,326.1,325.7,596249.0,1830,2025-09-12 07:39:59
2025-09-12 07:40:00,326.0,326.2,326.2,326.0,977617.7,2997,2025-09-12 07:49:59
2025-09-12 07:50:00,326.0,326.0,326.3,325.9,813149.5000000001,2493,2025-09-12 07:59:59
2025-09-12 08:00:00,325.9,325.8,326.0,325.8,640113.7,1964,2025-09-12 08:09:59
2025-09-12 08:10:00,326.0,325.7,326.0,325.6,948897.7000000001,2913,2025-09-12 08:19:59
2025-09-12 08:20:00,325.7,325.8,325.9,325.6,330941.5,1016,2025-09-12 08:29:59
2025-09-12 08:30:00,325.8,325.9,325.9,325.5,284988.9,875,2025-09-12 08:39:59
2025-09-12 08:40:00,325.5,325.4,325.9,325.4,765796.7,2352,2025-09-12 08:49:59
2025-09-12 08:50:00,325.7,325.7,325.7,325.4,252999.0,777,2025-09-12 08:59:59
2025-09-12 09:00:00,325.7,325.8,325.9,325.4,679013.7999999999,2085,2025-09-12 09:09:59
2025-09-12 09:10:00,325.8,325.3,325.8,325.3,1090371.9,3349,2025-09-12 09:19:59
2025-09-12 09:20:00,325.3,325.5,325.7,325.1,1539573.0999999999,4733,2025-09-12 09:29:59
2025-09-12 09:30:00,325.7,325.6,325.7,325.6,171303.5,526,2025-09-12 09:39:59
2025-09-12 09:40:00,325.6,325.0,325.7,324.8,2233735.2,6871,2025-09-12 09:49:59
2025-09-12 09:50:00,324.9,325.7,325.7,324.8,4754078.600000001,14614,2025-09-12 09:59:59
2025-09-12 10:00:00,325.6,324.0,325.7,323.8,28598580.2,88170,2025-09-12 10:09:59
2025-09-12 10:10:00,324.3,323.7,324.7,323.0,12618184.2,38972,2025-09-12 10:19:59
2025-09-12 10:20:00,323.7,324.0,324.1,323.6,3352773.6999999997,10352,2025-09-12 10:29:59
2025-09-12 10:30:00,323.9,323.9,324.3,323.2,10544615.200000001,32572,2025-09-12 10:39:59
2025-09-12 10:40:00,323.8,324.4,325.0,323.8,14611668.6,45008,2025-09-12 10:49:59
2025-09-12 10:50:00,324.4,324.5,324.6,324.2,2668325.8,8224,2025-09-12 10:59:59
2025-09-12 11:00:00,324.5,324.6,324.6,324.1,12456040.8,38386,2025-09-12 11:09:59
2025-09-12 11:10:00,324.6,324.3,324.7,324.1,3189760.6999999997,9831,2025-09-12 11:19:59
2025-09-12 11:20:00,324.3,323.4,324.7,323.4,1906538.1,5882,2025-09-12 11:29:59
2025-09-12 11:30:00,323.4,324.4,324.7,323.4,6275178.399999999,19377,2025-09-12 11:39:59
2025-09-12 11:40:00,324.5,324.1,324.6,323.9,3843970.9000000237,11855,2025-09-12 11:49:59
2025-09-12 11:50:00,324.1,323.7,324.3,323.6,402852.89999999997,1244,2025-09-12 11:59:59
2025-09-12 12:00:00,323.8,323.8,324.0,323.7,3839552.8,11857,2025-09-12 12:09:59
2025-09-12 12:10:00,323.8,324.1,324.2,323.7,2478905.6,7651,2025-09-12 12:19:59
2025-09-12 12:20:00,324.2,324.3,324.4,324.0,2516931.3,7762,2025-09-12 12:29:59
2025-09-12 12:30:00,324.2,324.0,324.2,323.9,2268632.5999999996,7000,2025-09-12 12:39:59
2025-09-12 12:40:00,324.0,324.0,324.3,323.8,632772.2999999999,1953,2025-09-12 12:49:59
2025-09-12 12:50:00,324.2,324.3,324.4,323.8,843060.7,2601,2025-09-12 12:59:59
2025-09-12 13:00:00,324.1,325.8,326.5,324.1,34412213.59999999,105684,2025-09-12 13:09:59
2025-09-12 13:10:00,325.7,325.9,326.0,325.2,5857903.999999999,17998,2025-09-12 13:19:59
2025-09-12 13:20:00,325.9,324.5,326.0,323.6,22908190.799999997,70610,2025-09-12 13:29:59
2025-09-12 13:30:00,324.1,327.3,327.4,322.6,121596020.30000001,374898,2025-09-12 13:39:59
2025-09-12 13:40:00,327.2,327.3,329.5,326.1,123835560.30000003,377804,2025-09-12 13:49:59
2025-09-12 13:50:00,327.3,327.3,328.0,326.5,35084389.39999999,107242,2025-09-12 13:59:59
2025-09-12 14:00:00,327.2,329.3,331.5,327.2,134431132.50000057,407784,2025-09-12 14:09:59
2025-09-12 14:10:00,329.2,328.2,330.1,327.8,51290044.5,155950,2025-09-12 14:19:59
2025-09-12 14:20:00,328.0,327.0,328.5,326.5,30373105.000000004,92752,2025-09-12 14:29:59
2025-09-12 14:30:00,327.0,327.0,327.3,326.5,20864406.499999996,63834,2025-09-12 14:39:59
2025-09-12 14:40:00,326.9,327.3,327.5,326.5,25718593.200000003,78724,2025-09-12 14:49:59
2025-09-12 14:50:00,327.4,327.2,328.0,326.8,19079515.799999997,58269,2025-09-12 14:59:59
2025-09-12 15:00:00,327.3,327.2,327.3,326.0,33090975.499999955,101337,2025-09-12 15:09:59
2025-09-12 15:10:00,327.1,324.9,327.1,324.2,85613000.9,263368,2025-09-12 15:19:59
2025-09-12 15:20:00,324.9,324.5,325.5,324.3,30910613.100000005,95130,2025-09-12 15:29:59
2025-09-12 15:30:00,324.5,323.4,325.0,323.3,46639851.10000006,143942,2025-09-12 15:39:59
2025-09-12 15:40:00,323.5,323.2,323.5,322.1,81913839.60000004,253893,2025-09-12 15:49:59
2025-09-12 15:50:00,323.2,323.3,323.4,322.8,17566470.499999996,54369,2025-09-12 15:59:59
2025-09-12 16:00:00,323.1,323.5,324.0,323.0,33178129.799999997,102628,2025-09-12 16:09:59
2025-09-12 16:10:00,323.5,324.7,324.9,323.5,33505732.3,103242,2025-09-12 16:19:59
2025-09-12 16:20:00,324.6,323.9,324.9,323.7,21399164.6,65932,2025-09-12 16:29:59
2025-09-12 16:30:00,323.9,323.6,324.4,323.0,24218737.299999997,74859,2025-09-12 16:39:59
2025-09-12 16:40:00,323.6,323.4,324.2,323.0,32648360.300000004,100960,2025-09-12 16:49:59
2025-09-12 16:50:00,323.3,324.1,324.7,323.1,19535386.200000003,60265,2025-09-12 16:59:59
2025-09-12 17:00:00,323.8,324.7,324.9,323.8,13349685.400000013,41136,2025-09-12 17:09:59
2025-09-12 17:10:00,324.5,324.8,324.9,324.4,8450373.7,26019,2025-09-12 17:19:59
2025-09-12 17:20:00,324.8,324.3,324.9,324.3,13506884.8,41591,2025-09-12 17:29:59
2025-09-12 17:30:00,324.3,322.6,324.3,322.3,22441800.899999995,69433,2025-09-12 17:39:59
2025-09-12 17:40:00,322.5,322.6,322.8,322.3,4194077.7000000007,13004,2025-09-12 17:49:59
2025-09-12 17:50:00,322.6,320.9,322.8,320.7,42284888.000000015,131370,2025-09-12 17:59:59
2025-09-12 18:00:00,320.9,322.1,322.2,320.7,19742046.2,61451,2025-09-12 18:09:59
2025-09-12 18:10:00,322.0,320.8,322.1,320.8,11660696.5,36285,2025-09-12 18:19:59
2025-09-12 18:20:00,321.0,321.2,321.4,320.8,4928886.9,15352,2025-09-12 18:29:59
2025-09-12 18:30:00,321.2,321.1,321.4,321.0,4814422.7,14992,2025-09-12 18:39:59
2025-09-12 18:40:00,321.5,321.5,321.5,321.5,456530.0,1420,2025-09-12 18:48:09
2025-09-12 19:00:00,321.5,322.0,322.0,321.2,7571964.4,23547,2025-09-12 19:09:59
2025-09-12 19:10:00,321.8,320.2,322.1,319.8,36969829.19999998,115363,2025-09-12 19:19:59
2025-09-12 19:20:00,320.3,319.5,320.4,319.1,30674913.699999996,95928,2025-09-12 19:29:59
2025-09-12 19:30:00,319.6,319.6,319.9,319.2,12058916.099999998,37739,2025-09-12 19:39:59
2025-09-12 19:40:00,319.5,319.2,319.6,318.0,34761119.19999999,109022,2025-09-12 19:49:59
2025-09-12 19:50:00,319.3,317.6,319.3,317.1,34686800.89999994,109140,2025-09-12 19:59:59
2025-09-12 20:00:00,317.6,317.8,317.9,317.1,15699515.5,49452,2025-09-12 20:09:59
2025-09-12 20:10:00,317.8,317.3,317.9,317.3,8258135.6000000015,26010,2025-09-12 20:19:59
2025-09-12 20:20:00,317.3,317.7,317.8,317.3,5558381.6,17506,2025-09-12 20:29:59
2025-09-12 20:30:00,317.6,316.7,317.7,316.6,12584528.200000005,39701,2025-09-12 20:39:59
2025-09-12 20:40:00,316.8,317.5,317.5,316.7,8169177.8,25757,2025-09-12 20:49:59
2025-09-12 20:50:00,317.5,317.6,317.7,317.3,3409443.5000000005,10741,2025-09-12 20:59:59
2025-09-12 21:00:00,317.6,317.8,317.8,317.4,2287151.2,7202,2025-09-12 21:09:59
2025-09-12 21:10:00,317.8,318.6,318.6,317.5,25858467.799999997,81286,2025-09-12 21:19:59
2025-09-12 21:20:00,318.6,318.6,318.8,318.2,3708896.3,11643,2025-09-12 21:29:59
2025-09-12 21:30:00,318.7,318.5,318.7,318.2,5621158.9,17653,2025-09-12 21:39:59
2025-09-12 21:40:00,318.5,318.1,318.7,318.0,2655404.0999999996,8341,2025-09-12 21:49:59
2025-09-12 21:50:00,318.3,318.1,318.4,318.1,1932058.9000000001,6071,2025-09-12 21:59:59
2025-09-12 22:00:00,318.3,318.3,318.4,318.1,522277.1,1641,2025-09-12 22:09:59
2025-09-12 22:10:00,318.3,318.3,318.3,318.0,2003753.5000000002,6298,2025-09-12 22:19:59
2025-09-12 22:20:00,318.0,317.5,318.2,317.2,6683121.8999999985,21037,2025-09-12 22:29:59
2025-09-12 22:30:00,317.3,316.8,317.3,316.6,4210188.8,13288,2025-09-12 22:39:59
2025-09-12 22:40:00,316.8,316.2,316.8,316.1,7637749.400000001,24145,2025-09-12 22:49:59
2025-09-12 22:50:00,316.1,315.7,316.3,315.5,14443310.799999999,45723,2025-09-12 22:59:59
2025-09-12 23:00:00,315.8,315.9,316.1,315.6,4211231.600000001,13334,2025-09-12 23:09:59
2025-09-12 23:10:00,315.7,315.7,315.8,315.6,2389326.3000000007,7569,2025-09-12 23:19:59
2025-09-12 23:20:00,315.7,315.7,315.8,315.1,7364034.500000001,23346,2025-09-12 23:29:59
2025-09-12 23:30:00,315.8,316.4,316.5,315.5,10427461.2,32989,2025-09-12 23:39:59
2025-09-12 23:40:00,316.2,317.8,317.8,316.1,13696857.799999997,43203,2025-09-12 23:49:59
2025-09-13 09:50:00,318.2,318.2,318.2,318.2,85277.59999999999,268,2025-09-13 09:59:59
2025-09-13 11:40:00,318.0,316.5,318.2,314.9,7286909.7,23009,2025-09-13 11:49:59
2025-09-13 11:50:00,317.0,316.3,317.0,315.1,6155474.5,19498,2025-09-13 11:59:59
2025-09-13 12:00:00,316.4,316.4,316.5,315.8,1365535.5999999996,4320,2025-09-13 12:09:59
2025-09-13 12:10:00,316.4,316.1,316.5,316.1,552431.7000000001,1746,2025-09-13 12:19:59
2025-09-13 12:20:00,316.1,316.2,316.4,316.0,1916629.0,6062,2025-09-13 12:29:59
2025-09-13 12:30:00,316.2,316.2,316.3,316.0,548052.0,1733,2025-09-13 12:39:59
2025-09-13 12:40:00,316.3,316.2,316.3,316.0,538504.8999999999,1703,2025-09-13 12:49:59
2025-09-13 12:50:00,316.1,316.2,316.3,316.0,148902.69999999998,471,2025-09-13 12:59:59
2025-09-13 13:00:00,316.2,316.6,316.6,316.1,2033616.6,6429,2025-09-13 13:09:59
2025-09-13 13:10:00,316.7,317.0,317.0,316.4,1887037.2999999998,5959,2025-09-13 13:19:59
2025-09-13 13:20:00,316.9,316.5,316.9,316.4,203896.19999999998,644,2025-09-13 13:29:59
2025-09-13 13:30:00,316.7,316.6,316.8,316.2,498674.39999999997,1576,2025-09-13 13:39:59
2025-09-13 13:40:00,316.3,316.3,316.7,316.0,731312.2999999999,2313,2025-09-13 13:49:59
2025-09-13 13:50:00,316.3,315.6,316.6,315.6,1429828.1,4524,2025-09-13 13:59:59
2025-09-13 14:00:00,315.8,316.5,316.9,315.7,3635201.4,11487,2025-09-13 14:09:59
2025-09-13 14:10:00,316.5,316.7,316.7,316.5,1948455.4000000001,6156,2025-09-13 14:19:59
2025-09-13 14:20:00,316.5,316.2,316.7,316.2,552589.2,1746,2025-09-13 14:29:59
2025-09-13 14:30:00,316.5,316.3,316.5,316.0,302351.10000000003,956,2025-09-13 14:39:59
2025-09-13 14:40:00,316.0,316.1,316.3,315.9,2002145.5,6334,2025-09-13 14:49:59
2025-09-13 14:50:00,316.1,316.2,316.2,316.1,89793.39999999998,284,2025-09-13 14:59:06
2025-09-13 15:00:00,316.2,316.0,316.2,315.6,2686459.4,8503,2025-09-13 15:09:59
2025-09-13 15:10:00,316.0,316.0,316.1,315.8,146918.0,465,2025-09-13 15:19:59
2025-09-13 15:20:00,315.7,316.1,316.1,315.7,206031.30000000002,652,2025-09-13 15:29:59
2025-09-13 15:30:00,316.2,316.3,316.3,316.0,558700.2000000001,1767,2025-09-13 15:39:59
2025-09-13 15:40:00,316.3,316.7,317.0,316.3,3656946.1000000006,11551,2025-09-13 15:49:59
2025-09-13 15:50:00,317.0,316.8,317.5,316.7,5153573.300000001,16245,2025-09-13 15:58:07
2025-09-13 16:00:00,316.9,316.9,316.9,316.7,18059.6,57,2025-09-13 16:09:59
2025-09-13 16:10:00,316.7,316.8,317.1,316.6,422795.9,1334,2025-09-13 16:19:59
2025-09-13 16:20:00,317.0,317.1,317.1,316.8,210495.4,664,2025-09-13 16:29:59
2025-09-13 16:30:00,317.1,317.1,317.1,316.9,162632.90000000002,513,2025-09-13 16:39:59
2025-09-13 16:40:00,317.1,317.0,317.1,316.8,103648.5,327,2025-09-13 16:49:59
2025-09-13 16:50:00,316.8,316.5,317.0,316.5,186850.5,590,2025-09-13 16:59:59
2025-09-13 17:00:00,316.4,315.4,316.5,315.1,6038444.4,19131,2025-09-13 17:09:59
2025-09-13 17:10:00,315.3,315.4,315.8,315.2,794424.4,2518,2025-09-13 17:19:59
2025-09-13 17:20:00,315.5,315.6,316.2,315.4,1403033.4999999998,4440,2025-09-13 17:29:59
2025-09-13 17:30:00,315.4,315.2,315.9,315.2,1369664.5000000002,4342,2025-09-13 17:39:59
2025-09-13 17:40:00,315.3,315.4,315.7,315.1,3502162.3999999994,11110,2025-09-13 17:49:59
2025-09-13 17:50:00,315.4,315.9,316.1,315.4,2794170.3,8849,2025-09-13 17:59:59
2025-09-13 18:00:00,315.6,316.1,316.1,315.6,906968.0,2873,2025-09-13 18:09:59
2025-09-13 18:10:00,316.1,315.3,316.1,315.0,4461363.600000001,14156,2025-09-13 18:19:59
2025-09-13 18:20:00,315.5,315.1,315.7,315.0,1761250.3,5587,2025-09-13 18:29:59
2025-09-13 18:30:00,315.4,315.1,315.5,315.0,2183471.1999999997,6930,2025-09-13 18:39:59
2025-09-13 18:40:00,315.1,314.8,315.4,314.5,2039175.7,6477,2025-09-13 18:49:59
2025-09-13 18:50:00,314.8,314.7,315.2,314.7,166538.5,529,2025-09-13 18:59:59
2025-09-14 09:50:00,314.0,314.0,314.0,314.0,69708.0,222,2025-09-14 09:59:59
2025-09-14 10:00:00,314.6,313.6,314.7,312.8,7617612.4,24319,2025-09-14 10:09:59
2025-09-14 10:10:00,313.7,313.1,313.7,312.5,3151512.9999999995,10066,2025-09-14 10:19:59
2025-09-14 10:20:00,313.2,313.4,313.8,313.0,1289593.1999999997,4115,2025-09-14 10:29:59
2025-09-14 10:30:00,313.4,313.8,313.8,313.0,1057669.5999999999,3374,2025-09-14 10:39:59
2025-09-14 10:40:00,313.6,313.9,313.9,313.5,465133.19999999995,1482,2025-09-14 10:49:59
2025-09-14 10:50:00,313.7,314.0,314.1,313.6,426009.30000000005,1357,2025-09-14 10:59:59
2025-09-14 11:00:00,314.0,314.0,314.0,313.6,317964.0,1013,2025-09-14 11:09:59
2025-09-14 11:10:00,314.0,313.6,314.0,313.6,323658.1,1032,2025-09-14 11:19:59
2025-09-14 11:20:00,313.6,313.9,314.0,313.2,1191732.1,3799,2025-09-14 11:29:59
2025-09-14 11:30:00,313.6,313.9,314.0,313.5,336807.69999999995,1073,2025-09-14 11:39:59
2025-09-14 11:40:00,313.8,313.8,313.9,313.3,370920.8,1182,2025-09-14 11:49:59
2025-09-14 11:50:00,313.5,313.8,313.9,313.4,1412600.7,4502,2025-09-14 11:59:59
2025-09-14 12:00:00,313.8,313.5,314.0,313.4,2570570.8000000003,8191,2025-09-14 12:09:59
2025-09-14 12:10:00,313.9,313.9,314.0,313.5,283518.4,903,2025-09-14 12:19:59
2025-09-14 12:20:00,313.9,313.4,313.9,313.4,199806.90000000002,637,2025-09-14 12:29:59
2025-09-14 12:30:00,313.4,313.6,313.8,313.4,85316.3,272,2025-09-14 12:39:59
2025-09-14 12:40:00,313.6,313.6,313.7,313.6,19130.799999999996,61,2025-09-14 12:49:59
2025-09-14 12:50:00,313.7,313.5,313.7,313.4,163926.5,523,2025-09-14 12:58:02
2025-09-14 13:00:00,313.5,313.9,313.9,313.5,456816.1,1456,2025-09-14 13:09:59
2025-09-14 13:10:00,313.9,313.9,314.0,313.6,182927.90000000005,583,2025-09-14 13:19:59
2025-09-14 13:20:00,313.7,314.2,314.2,313.1,2782890.8999999994,8873,2025-09-14 13:29:59
2025-09-14 13:30:00,314.2,314.5,314.6,314.0,1594005.5000000002,5072,2025-09-14 13:39:59
2025-09-14 13:40:00,314.6,315.5,315.5,314.6,5405811.999999999,17159,2025-09-14 13:49:59
2025-09-14 13:50:00,315.5,314.5,315.5,314.1,11630497.899999999,36952,2025-09-14 13:59:59
2025-09-14 14:00:00,314.5,314.2,314.6,314.2,1124137.9000000001,3576,2025-09-14 14:09:59
2025-09-14 14:10:00,314.2,314.4,314.8,314.2,1959502.2999999998,6234,2025-09-14 14:19:59
2025-09-14 14:20:00,314.4,314.8,315.0,314.2,904646.8999999999,2873,2025-09-14 14:29:59
2025-09-14 14:30:00,314.7,315.1,315.1,314.6,476781.89999999997,1514,2025-09-14 14:39:59
2025-09-14 14:40:00,315.1,315.2,315.4,315.1,1044997.9999999997,3315,2025-09-14 14:49:59
2025-09-14 14:50:00,315.4,315.4,315.5,315.0,1100568.9000000001,3491,2025-09-14 14:59:59
2025-09-14 15:00:00,315.3,315.2,315.5,315.0,2189793.4,6948,2025-09-14 15:09:59
2025-09-14 15:10:00,315.0,315.8,315.8,315.0,1164292.3,3690,2025-09-14 15:19:59
2025-09-14 15:20:00,315.9,315.9,317.5,315.7,12206849.000000002,38549,2025-09-14 15:29:59
2025-09-14 15:30:00,315.9,316.4,316.4,315.9,286273.8,905,2025-09-14 15:39:59
2025-09-14 15:40:00,316.4,316.5,317.0,316.1,1522960.2,4811,2025-09-14 15:49:59
2025-09-14 15:50:00,316.8,316.6,317.5,316.5,1929068.4000000001,6082,2025-09-14 15:59:59
2025-09-14 16:00:00,316.6,316.5,316.8,316.5,400317.5,1264,2025-09-14 16:09:59
2025-09-14 16:10:00,316.7,316.7,317.4,316.5,1855644.6999999997,5856,2025-09-14 16:19:59
2025-09-14 16:20:00,316.8,316.9,317.2,316.7,359074.99999999994,1133,2025-09-14 16:29:59
2025-09-14 16:30:00,316.7,316.8,317.4,316.7,634831.0999999999,2002,2025-09-14 16:39:59
2025-09-14 16:40:00,316.8,316.4,317.1,315.9,2532184.1999999997,8006,2025-09-14 16:49:59
2025-09-14 16:50:00,316.5,315.4,316.5,315.3,4400631.2,13941,2025-09-14 16:59:59
2025-09-14 17:00:00,315.4,315.9,316.2,315.4,159167.7,504,2025-09-14 17:09:59
2025-09-14 17:10:00,315.9,316.2,316.3,315.7,658161.8,2082,2025-09-14 17:19:59
2025-09-14 17:20:00,316.2,316.9,317.1,316.0,2074880.9999999995,6551,2025-09-14 17:29:59
2025-09-14 17:30:00,316.9,316.5,317.7,316.3,2306125.9,7272,2025-09-14 17:39:59
2025-09-14 17:40:00,316.3,316.6,316.6,316.3,334680.19999999995,1058,2025-09-14 17:49:59
2025-09-14 17:50:00,316.6,316.6,316.7,316.2,272154.8,860,2025-09-14 17:59:59
2025-09-14 18:00:00,316.6,316.5,317.6,316.1,2241972.3000000003,7070,2025-09-14 18:09:59
2025-09-14 18:10:00,316.2,316.6,316.6,316.2,325494.20000000007,1029,2025-09-14 18:19:59
2025-09-14 18:20:00,316.6,316.8,317.7,316.3,4402110.4,13878,2025-09-14 18:29:59
2025-09-14 18:30:00,317.3,316.9,317.4,316.4,3834559.9999999995,12102,2025-09-14 18:39:59
2025-09-14 18:40:00,316.7,316.9,317.1,316.3,664046.2,2098,2025-09-14 18:49:59
2025-09-14 18:50:00,316.9,317.4,317.8,316.5,4970282.5,15665,2025-09-14 18:59:59
2025-09-15 06:50:00,317.4,317.4,317.4,317.4,8887.199999999999,28,2025-09-15 06:59:59
2025-09-15 07:00:00,317.8,316.8,318.3,316.6,6000554.7,18910,2025-09-15 07:09:59
2025-09-15 07:10:00,316.8,316.7,317.0,315.8,3352727.8,10597,2025-09-15 07:19:59
2025-09-15 07:20:00,316.7,316.5,316.9,316.0,2879996.1999999997,9098,2025-09-15 07:29:59
2025-09-15 07:30:00,316.5,316.5,317.0,316.4,690104.7999999999,2180,2025-09-15 07:39:59
2025-09-15 07:40:00,316.5,315.6,316.5,315.6,2485141.7,7869,2025-09-15 07:49:59
2025-09-15 07:50:00,316.0,316.0,316.1,315.6,613829.4,1944,2025-09-15 07:59:59
2025-09-15 08:00:00,316.0,316.1,316.1,315.6,2587022.5,8191,2025-09-15 08:09:59
2025-09-15 08:10:00,316.1,316.1,316.2,315.8,1291721.5,4088,2025-09-15 08:19:59
2025-09-15 08:20:00,316.1,315.8,316.1,315.2,6811118.000000001,21578,2025-09-15 08:29:59
2025-09-15 08:30:00,316.1,315.9,316.3,315.9,316167.1,1000,2025-09-15 08:39:59
2025-09-15 08:40:00,316.1,315.0,316.1,314.8,8404774.200000001,26670,2025-09-15 08:49:59
2025-09-15 08:50:00,315.1,314.9,315.4,314.4,2528108.1,8031,2025-09-15 08:59:59
2025-09-15 09:00:00,314.9,314.6,315.5,314.5,7586701.600000001,24088,2025-09-15 09:09:59
2025-09-15 09:10:00,314.6,314.5,314.7,314.5,1980957.3,6297,2025-09-15 09:19:59
2025-09-15 09:20:00,314.7,314.6,314.9,314.5,2948898.6999999997,9372,2025-09-15 09:29:59
2025-09-15 09:30:00,314.5,315.1,315.1,314.5,788803.3000000002,2505,2025-09-15 09:39:59
2025-09-15 09:40:00,315.1,314.8,315.1,314.7,804655.7999999999,2556,2025-09-15 09:49:59
2025-09-15 09:50:00,314.8,314.4,314.9,314.4,4002886.3000000017,12725,2025-09-15 09:59:59
2025-09-15 10:00:00,314.5,314.9,315.3,314.2,4225154.5,13423,2025-09-15 10:09:59
2025-09-15 10:10:00,314.8,315.7,315.9,314.8,14165799.200000001,44892,2025-09-15 10:19:59
2025-09-15 10:20:00,315.7,316.1,316.3,315.5,6109028.7,19336,2025-09-15 10:29:59
2025-09-15 10:30:00,316.1,316.1,317.2,316.0,10421091.100000013,32903,2025-09-15 10:39:59
2025-09-15 10:40:00,316.1,316.1,316.4,315.9,1452473.0999999999,4595,2025-09-15 10:49:59
2025-09-15 10:50:00,316.0,315.7,316.2,315.3,6135767.9,19435,2025-09-15 10:59:59
2025-09-15 11:00:00,315.8,315.8,315.9,315.5,3684705.6000000006,11672,2025-09-15 11:09:59
2025-09-15 11:10:00,315.8,314.8,315.8,314.7,5537050.2,17558,2025-09-15 11:19:59
2025-09-15 11:20:00,314.8,314.6,314.9,314.1,8529431.600000001,27124,2025-09-15 11:29:59
2025-09-15 11:30:00,314.4,313.7,314.6,313.1,29285442.799999956,93384,2025-09-15 11:39:59
2025-09-15 11:40:00,313.7,313.0,313.7,313.0,13255534.199999997,42310,2025-09-15 11:49:59
2025-09-15 11:50:00,313.2,314.1,314.5,312.9,17216805.100000013,54871,2025-09-15 11:59:59
2025-09-15 12:00:00,313.9,312.9,314.1,312.9,25962330.700000003,82809,2025-09-15 12:09:59
2025-09-15 12:10:00,313.0,312.8,313.0,312.7,24312021.600000013,77686,2025-09-15 12:19:59
2025-09-15 12:20:00,312.8,313.5,313.8,312.6,29639680.999999996,94636,2025-09-15 12:29:59
2025-09-15 12:30:00,313.6,313.0,313.6,312.7,14955820.7,47767,2025-09-15 12:39:59
2025-09-15 12:40:00,312.8,312.4,313.0,312.3,19780625.800000004,63292,2025-09-15 12:49:59
2025-09-15 12:50:00,312.5,312.2,312.5,311.3,36332085.3,116452,2025-09-15 12:59:59
2025-09-15 13:00:00,312.2,313.0,313.0,311.6,18214918.700000003,58357,2025-09-15 13:09:59
2025-09-15 13:10:00,313.0,312.6,313.0,312.5,13537048.9,43256,2025-09-15 13:19:59
2025-09-15 13:20:00,312.6,312.9,313.0,312.6,5854314.7,18707,2025-09-15 13:29:59
2025-09-15 13:30:00,312.9,313.0,313.0,312.7,5731158.8,18312,2025-09-15 13:39:59
2025-09-15 13:40:00,313.0,312.7,313.0,312.5,7076605.7,22617,2025-09-15 13:49:59
2025-09-15 13:50:00,312.5,312.7,312.9,312.3,3470210.2,11100,2025-09-15 13:59:59
2025-09-15 14:00:00,312.5,312.8,312.9,312.3,2997372.2000000007,9587,2025-09-15 14:09:59
2025-09-15 14:10:00,312.8,313.5,314.4,312.7,18501883.199999996,58985,2025-09-15 14:19:59
2025-09-15 14:20:00,313.5,313.5,313.6,310.9,46590937.79999999,149173,2025-09-15 14:29:59
2025-09-15 14:30:00,313.5,313.8,314.3,313.4,9930303.399999997,31628,2025-09-15 14:39:59
2025-09-15 14:40:00,313.8,315.0,315.5,313.7,20410680.9,64836,2025-09-15 14:49:59
2025-09-15 14:50:00,315.0,314.4,315.0,314.0,6944791.300000001,22084,2025-09-15 14:59:59
2025-09-15 15:00:00,314.2,315.1,315.4,314.1,9603352.7,30489,2025-09-15 15:09:59
2025-09-15 15:10:00,315.0,315.1,315.2,314.7,3392730.4999999995,10772,2025-09-15 15:19:59
2025-09-15 15:20:00,315.1,315.8,316.3,314.8,16775221.100000003,53124,2025-09-15 15:29:59
2025-09-15 15:30:00,315.8,315.7,315.9,315.2,3261667.9000000004,10336,2025-09-15 15:39:59
2025-09-15 15:40:00,315.6,315.2,315.7,314.8,7391979.699999999,23456,2025-09-15 15:49:59
2025-09-15 15:50:00,315.1,314.5,315.3,314.4,9103011.7,28925,2025-09-15 15:59:59
2025-09-15 16:00:00,314.7,314.6,315.1,314.4,1708873.3999999997,5428,2025-09-15 16:09:59
2025-09-15 16:10:00,314.6,314.6,315.0,314.2,3606234.2,11467,2025-09-15 16:19:59
2025-09-15 16:20:00,314.5,314.6,315.0,314.3,2833376.4000000004,9007,2025-09-15 16:29:59
2025-09-15 16:30:00,314.8,314.1,315.0,313.5,5491393.5,17494,2025-09-15 16:39:59
2025-09-15 16:40:00,314.2,314.2,314.3,313.6,1958162.1000000003,6235,2025-09-15 16:49:59
2025-09-15 16:50:00,314.1,313.9,314.2,313.0,14604818.0,46577,2025-09-15 16:59:59
2025-09-15 17:00:00,313.7,313.8,313.9,313.1,28813526.999999993,91920,2025-09-15 17:09:59
2025-09-15 17:10:00,313.8,312.6,313.9,312.6,7258905.9,23191,2025-09-15 17:19:59
2025-09-15 17:20:00,312.8,313.3,313.7,312.6,2786950.8000000003,8898,2025-09-15 17:29:59
2025-09-15 17:30:00,313.4,314.1,314.6,313.4,5562893.900000001,17719,2025-09-15 17:39:59
2025-09-15 17:40:00,314.2,314.9,315.1,314.0,4290799.100000001,13637,2025-09-15 17:49:59
2025-09-15 17:50:00,314.9,314.0,315.0,313.9,4352172.0,13848,2025-09-15 17:59:59
2025-09-15 18:00:00,313.9,314.2,314.2,313.8,14637021.599999996,46590,2025-09-15 18:09:59
2025-09-15 18:10:00,313.9,313.6,314.1,313.0,7010473.899999991,22367,2025-09-15 18:19:59
2025-09-15 18:20:00,313.5,313.3,313.8,313.2,3006968.8,9588,2025-09-15 18:29:59
2025-09-15 18:30:00,313.4,312.9,313.7,312.9,5911327.5,18873,2025-09-15 18:39:59
2025-09-15 18:40:00,313.0,313.0,313.0,313.0,2192565.0,7005,2025-09-15 18:49:59
2025-09-15 19:00:00,313.0,313.1,313.1,312.9,1212312.5,3873,2025-09-15 19:09:59
2025-09-15 19:10:00,313.1,313.1,313.2,313.0,2358885.0,7534,2025-09-15 19:19:59
2025-09-15 19:20:00,313.0,313.9,313.9,313.0,4110629.2999999984,13115,2025-09-15 19:29:59
2025-09-15 19:30:00,313.9,312.7,313.9,312.6,11547836.8,36898,2025-09-15 19:39:59
2025-09-15 19:40:00,312.7,312.0,312.8,311.5,21085381.899999995,67563,2025-09-15 19:49:59
2025-09-15 19:50:00,311.9,312.2,312.3,311.7,13452957.700000001,43125,2025-09-15 19:59:59
2025-09-15 20:00:00,312.2,312.1,312.2,312.0,770868.1,2470,2025-09-15 20:09:59
2025-09-15 20:10:00,312.1,312.0,312.2,311.9,4900165.2,15703,2025-09-15 20:19:59
2025-09-15 20:20:00,312.0,312.2,312.2,311.9,1916199.1,6139,2025-09-15 20:29:59
2025-09-15 20:30:00,312.2,312.0,312.2,311.9,2376140.2,7616,2025-09-15 20:39:59
2025-09-15 20:40:00,311.9,311.5,312.0,311.3,4109035.7,13187,2025-09-15 20:49:59
2025-09-15 20:50:00,311.3,311.1,311.3,310.9,10196676.2,32776,2025-09-15 20:59:59
2025-09-15 21:00:00,311.0,309.8,311.1,309.3,25493441.69999999,82231,2025-09-15 21:09:59
2025-09-15 21:10:00,309.8,309.6,309.8,309.5,2674512.3,8637,2025-09-15 21:19:59
2025-09-15 21:20:00,309.6,309.7,310.0,309.6,5153880.8,16635,2025-09-15 21:29:59
2025-09-15 21:30:00,309.7,309.6,309.8,309.4,2023409.7000000002,6537,2025-09-15 21:39:59
2025-09-15 21:40:00,309.6,308.6,309.6,308.0,17918270.899999995,58061,2025-09-15 21:49:59
2025-09-15 21:50:00,308.5,308.7,308.8,308.5,2989358.2,9684,2025-09-15 21:59:59
2025-09-15 22:00:00,308.7,308.6,308.8,308.4,2342938.3999999994,7592,2025-09-15 22:09:59
2025-09-15 22:10:00,308.6,308.6,308.8,308.4,3045694.2,9869,2025-09-15 22:19:59
2025-09-15 22:20:00,308.6,308.6,308.8,308.0,10815766.599999996,35085,2025-09-15 22:29:59
2025-09-15 22:30:00,308.6,308.5,308.6,308.0,6922579.1,22462,2025-09-15 22:39:59
2025-09-15 22:40:00,308.5,309.1,309.2,308.5,5685915.300000001,18410,2025-09-15 22:49:59
2025-09-15 22:50:00,309.2,309.4,309.6,309.2,6625375.600000001,21410,2025-09-15 22:59:59
2025-09-15 23:00:00,309.3,309.6,309.6,309.2,3614990.2,11683,2025-09-15 23:09:59
2025-09-15 23:10:00,309.7,310.0,310.5,309.6,6448914.199999999,20797,2025-09-15 23:19:59
2025-09-15 23:20:00,310.0,309.7,310.0,309.7,819351.3,2645,2025-09-15 23:29:59
2025-09-15 23:30:00,309.8,309.7,310.0,309.6,1023951.8000000002,3305,2025-09-15 23:39:59
2025-09-15 23:40:00,309.7,309.7,309.8,309.2,2134954.9,6898,2025-09-15 23:49:59
2025-09-16 06:50:00,310.1,310.1,310.1,310.1,10853.5,35,2025-09-16 06:59:59
2025-09-16 07:00:00,309.7,309.3,310.1,307.2,17732609.000000004,57496,2025-09-16 07:09:59
2025-09-16 07:10:00,309.3,310.5,310.6,309.3,7141633.099999998,23057,2025-09-16 07:19:59
2025-09-16 07:20:00,310.5,310.5,310.9,310.3,3445100.2,11089,2025-09-16 07:29:59
2025-09-16 07:30:00,310.5,310.4,310.5,310.2,947843.1000000001,3055,2025-09-16 07:39:59
2025-09-16 07:40:00,310.4,310.6,310.7,310.4,1308746.4,4215,2025-09-16 07:49:59
2025-09-16 07:50:00,310.6,310.6,310.6,310.3,1639819.8999999994,5283,2025-09-16 07:59:59
2025-09-16 08:00:00,310.6,310.8,310.9,310.4,896704.2000000001,2886,2025-09-16 08:09:59
2025-09-16 08:10:00,310.8,311.1,311.4,310.4,2055121.9,6609,2025-09-16 08:19:59
2025-09-16 08:20:00,311.1,311.3,311.7,311.1,3800834.7,12205,2025-09-16 08:29:59
2025-09-16 08:30:00,311.3,312.2,312.4,311.3,6463895.5,20713,2025-09-16 08:39:59
2025-09-16 08:40:00,312.3,311.6,312.8,311.5,9383729.299999999,30053,2025-09-16 08:49:59
2025-09-16 08:50:00,311.8,312.1,312.3,311.1,6924947.600000001,22217,2025-09-16 08:59:59
2025-09-16 09:00:00,311.8,312.1,312.4,311.5,11610895.399999999,37221,2025-09-16 09:09:59
2025-09-16 09:10:00,312.1,312.3,312.3,311.7,6804689.1,21813,2025-09-16 09:19:59
2025-09-16 09:20:00,312.3,312.8,313.2,312.3,11463463.700000003,36640,2025-09-16 09:29:59
2025-09-16 09:30:00,312.9,312.8,313.2,312.5,4106267.0,13128,2025-09-16 09:39:59
2025-09-16 09:40:00,312.8,312.3,312.8,312.1,5337440.999999999,17084,2025-09-16 09:49:59
2025-09-16 09:50:00,312.5,312.5,312.7,312.1,6135809.300000001,19646,2025-09-16 09:59:59
2025-09-16 10:00:00,312.5,313.1,313.2,311.8,13958939.700000001,44704,2025-09-16 10:09:59
2025-09-16 10:10:00,313.1,313.4,313.5,313.1,19690771.799999997,62834,2025-09-16 10:19:59
2025-09-16 10:20:00,313.4,314.4,314.7,313.3,37189161.59999998,118493,2025-09-16 10:29:59
2025-09-16 10:30:00,314.2,315.0,315.0,313.9,18977283.000000004,60339,2025-09-16 10:39:59
2025-09-16 10:40:00,314.8,315.8,315.8,314.3,27524840.600000005,87335,2025-09-16 10:49:59
2025-09-16 10:50:00,315.8,315.0,315.8,314.8,12301103.600000001,39029,2025-09-16 10:59:59
2025-09-16 11:00:00,315.1,315.2,315.4,315.0,6836062.6,21690,2025-09-16 11:09:59
2025-09-16 11:10:00,315.3,314.9,315.4,314.8,6824037.899999999,21657,2025-09-16 11:19:59
2025-09-16 11:20:00,315.0,315.2,315.3,314.8,10066130.6,31948,2025-09-16 11:29:59
2025-09-16 11:30:00,315.2,315.1,315.3,314.1,33781087.0,107288,2025-09-16 11:39:59
2025-09-16 11:40:00,314.9,314.8,315.2,314.5,14500391.700000001,46058,2025-09-16 11:49:59
2025-09-16 11:50:00,314.7,314.0,314.7,313.3,15021569.099999998,47853,2025-09-16 11:59:59
2025-09-16 12:00:00,314.0,312.8,314.3,312.8,8476103.5,27036,2025-09-16 12:09:59
2025-09-16 12:10:00,312.8,313.4,313.4,312.2,10504031.000000002,33587,2025-09-16 12:19:59
2025-09-16 12:20:00,313.3,312.7,313.8,312.6,8018472.300000002,25596,2025-09-16 12:29:59
2025-09-16 12:30:00,312.8,312.0,312.8,312.0,9348886.900000002,29925,2025-09-16 12:39:59
2025-09-16 12:40:00,312.0,310.7,312.3,310.2,34892374.0,112182,2025-09-16 12:49:59
2025-09-16 12:50:00,310.6,311.1,311.5,310.5,17586111.700000003,56530,2025-09-16 12:59:59
2025-09-16 13:00:00,311.1,310.8,311.1,309.5,23121625.1,74479,2025-09-16 13:09:59
2025-09-16 13:10:00,310.8,310.3,311.0,309.9,16715516.700000001,53849,2025-09-16 13:19:59
2025-09-16 13:20:00,310.4,310.0,311.1,310.0,26254919.8,84511,2025-09-16 13:29:59
2025-09-16 13:30:00,310.1,310.7,310.8,310.0,6796829.8,21901,2025-09-16 13:39:59
2025-09-16 13:40:00,310.7,311.2,311.5,310.7,4196229.999999999,13486,2025-09-16 13:49:59
2025-09-16 13:50:00,311.2,311.5,311.6,310.9,4536056.5,14574,2025-09-16 13:59:59
2025-09-16 14:00:00,311.2,311.6,312.3,311.2,7751343.699999999,24854,2025-09-16 14:09:59
2025-09-16 14:10:00,311.5,311.8,312.1,311.5,4463928.2,14320,2025-09-16 14:19:59
2025-09-16 14:20:00,311.8,310.9,311.8,310.7,6982061.6,22446,2025-09-16 14:29:59
2025-09-16 14:30:00,311.0,311.7,311.8,311.0,2405745.0,7725,2025-09-16 14:39:59
2025-09-16 14:40:00,311.9,312.1,312.4,311.7,4674459.499999999,14972,2025-09-16 14:49:59
2025-09-16 14:50:00,312.1,312.1,312.3,312.0,2258382.0,7237,2025-09-16 14:59:59
2025-09-16 15:00:00,312.1,311.5,312.4,311.4,4689365.7,15028,2025-09-16 15:09:59
2025-09-16 15:10:00,311.5,311.2,311.6,311.0,6568690.4,21101,2025-09-16 15:19:59
2025-09-16 15:20:00,311.2,310.9,311.3,310.3,4987124.800000001,16046,2025-09-16 15:29:59
2025-09-16 15:30:00,310.6,310.3,310.6,310.1,2821289.5,9094,2025-09-16 15:39:59
2025-09-16 15:40:00,310.4,310.2,310.4,310.0,7843543.699999998,25286,2025-09-16 15:49:59
2025-09-16 15:50:00,310.1,311.0,311.1,310.1,4262937.9,13720,2025-09-16 15:59:59
2025-09-16 16:00:00,310.9,310.6,311.3,310.2,6783112.499999998,21826,2025-09-16 16:09:59
2025-09-16 16:10:00,310.6,310.1,310.9,310.0,11614934.799999999,37442,2025-09-16 16:19:59
2025-09-16 16:20:00,310.2,310.4,311.6,309.7,10691998.500000002,34403,2025-09-16 16:29:59
2025-09-16 16:30:00,310.4,311.7,312.0,310.3,6364543.500000001,20434,2025-09-16 16:39:59
2025-09-16 16:40:00,311.9,311.9,312.0,311.3,2593687.4000000004,8321,2025-09-16 16:49:59
2025-09-16 16:50:00,311.7,312.5,313.5,311.7,17639203.7,56370,2025-09-16 16:59:59
2025-09-16 17:00:00,312.6,313.7,314.0,312.5,8794721.5,28048,2025-09-16 17:09:59
2025-09-16 17:10:00,313.7,313.5,314.5,313.0,46261502.8,147460,2025-09-16 17:19:59
2025-09-16 17:20:00,313.6,312.9,313.9,312.5,14709115.700000003,46963,2025-09-16 17:29:59
2025-09-16 17:30:00,312.9,312.7,313.1,312.5,5029137.800000001,16075,2025-09-16 17:39:59
2025-09-16 17:40:00,312.6,313.5,313.7,312.6,4741470.0,15135,2025-09-16 17:49:59
2025-09-16 17:50:00,313.7,313.5,313.9,313.2,3652537.0,11648,2025-09-16 17:59:59
2025-09-16 18:00:00,313.6,313.8,314.3,313.0,5279594.6,16835,2025-09-16 18:09:59
2025-09-16 18:10:00,314.0,313.8,314.1,313.3,3962355.7,12628,2025-09-16 18:19:59
2025-09-16 18:20:00,313.9,313.8,314.1,313.7,1845556.9000000001,5879,2025-09-16 18:29:59
2025-09-16 18:30:00,313.8,313.4,313.8,312.8,6732093.399999999,21500,2025-09-16 18:39:59
2025-09-16 18:40:00,313.4,313.4,313.4,313.4,75529.40000000001,241,2025-09-16 18:49:14
2025-09-16 19:00:00,313.4,313.6,313.6,313.1,2906825.8000000003,9277,2025-09-16 19:09:59
2025-09-16 19:10:00,313.5,313.3,313.6,313.2,812191.3000000002,2592,2025-09-16 19:19:59
2025-09-16 19:20:00,313.3,312.9,313.4,312.4,9219541.600000001,29484,2025-09-16 19:29:59
2025-09-16 19:30:00,312.9,313.0,313.2,312.8,895160.9999999999,2860,2025-09-16 19:39:59
2025-09-16 19:40:00,313.1,313.6,313.8,313.1,4316229.1,13763,2025-09-16 19:49:59
2025-09-16 19:50:00,313.5,313.5,313.7,313.4,1589211.7999999998,5068,2025-09-16 19:59:59
2025-09-16 20:00:00,313.3,313.0,313.4,312.9,522091.10000000003,1667,2025-09-16 20:09:59
2025-09-16 20:10:00,312.9,313.3,313.3,312.9,1465704.0,4681,2025-09-16 20:19:59
2025-09-16 20:20:00,313.3,312.7,313.3,312.5,3248576.1,10387,2025-09-16 20:29:59
2025-09-16 20:30:00,312.6,312.4,312.8,312.3,2077295.3000000003,6647,2025-09-16 20:39:59
2025-09-16 20:40:00,312.4,311.8,312.4,311.6,5038180.899999999,16155,2025-09-16 20:49:59
2025-09-16 20:50:00,311.8,312.1,312.2,311.6,1890099.2,6061,2025-09-16 20:59:59
2025-09-16 21:00:00,312.2,312.0,312.2,312.0,693994.4,2224,2025-09-16 21:09:59
2025-09-16 21:10:00,311.9,311.7,311.9,311.7,1017208.5,3263,2025-09-16 21:19:59
2025-09-16 21:20:00,311.7,310.9,311.7,310.5,19535549.5,62824,2025-09-16 21:29:59
2025-09-16 21:30:00,310.7,310.7,310.8,310.6,621424.7000000001,2000,2025-09-16 21:39:59
2025-09-16 21:40:00,310.8,310.8,310.8,310.6,1197191.0000000002,3853,2025-09-16 21:49:59
2025-09-16 21:50:00,310.7,310.7,310.8,310.6,700929.6,2256,2025-09-16 21:59:09
2025-09-16 22:00:00,310.7,310.5,310.8,310.3,4370818.899999999,14080,2025-09-16 22:09:59
2025-09-16 22:10:00,310.4,310.4,310.6,310.3,1720364.9,5541,2025-09-16 22:19:59
2025-09-16 22:20:00,310.4,310.0,310.4,310.0,4322451.0,13938,2025-09-16 22:29:59
2025-09-16 22:30:00,310.2,310.3,310.3,310.1,642120.9999999999,2070,2025-09-16 22:39:59
2025-09-16 22:40:00,310.3,310.2,310.3,310.1,844423.1,2722,2025-09-16 22:49:59
2025-09-16 22:50:00,310.2,310.2,310.3,310.1,665852.3999999998,2147,2025-09-16 22:59:59
2025-09-16 23:00:00,310.1,310.0,310.2,309.6,5534715.2,17860,2025-09-16 23:09:59
2025-09-16 23:10:00,309.8,309.5,309.8,309.5,4824057.9,15584,2025-09-16 23:19:59
2025-09-16 23:20:00,309.5,309.7,309.8,309.5,3405423.7,11000,2025-09-16 23:29:59
2025-09-16 23:30:00,309.7,309.9,310.0,309.7,1513661.8,4885,2025-09-16 23:39:59
2025-09-16 23:40:00,310.0,310.7,311.0,309.9,7015143.400000002,22607,2025-09-16 23:49:59
2025-09-17 06:50:00,310.7,310.7,310.7,310.7,1553.5,5,2025-09-17 06:59:59
2025-09-17 07:00:00,310.7,311.2,311.9,310.7,4302066.9,13825,2025-09-17 07:09:59
2025-09-17 07:10:00,311.4,311.5,311.5,311.1,864799.6,2777,2025-09-17 07:19:59
2025-09-17 07:20:00,311.4,311.3,311.4,311.0,1426100.5999999999,4583,2025-09-17 07:29:59
2025-09-17 07:30:00,311.3,311.4,311.4,311.0,696008.5,2237,2025-09-17 07:39:59
2025-09-17 07:40:00,311.5,311.3,311.5,311.1,1244940.3,3999,2025-09-17 07:49:59
2025-09-17 07:50:00,311.5,311.5,311.7,311.2,314649.70000000007,1010,2025-09-17 07:59:59
2025-09-17 08:00:00,311.5,311.5,311.8,311.5,619878.4,1989,2025-09-17 08:09:59
2025-09-17 08:10:00,311.5,310.9,311.8,310.2,10128616.799999997,32603,2025-09-17 08:19:59
2025-09-17 08:20:00,310.9,311.6,311.6,310.8,1362439.6,4375,2025-09-17 08:29:59
2025-09-17 08:30:00,311.5,311.6,311.7,311.2,1974351.2000000002,6337,2025-09-17 08:39:59
2025-09-17 08:40:00,311.5,311.2,311.6,311.0,3248434.1,10438,2025-09-17 08:49:59
2025-09-17 08:50:00,311.2,311.2,311.2,310.9,616311.9999999999,1981,2025-09-17 08:59:59
2025-09-17 09:00:00,311.2,310.8,311.2,310.7,2472985.8000000003,7955,2025-09-17 09:09:59
2025-09-17 09:10:00,310.8,310.4,310.8,310.2,3896507.2999999993,12548,2025-09-17 09:19:59
2025-09-17 09:20:00,310.2,309.1,310.2,308.5,23476315.399999995,75893,2025-09-17 09:29:59
2025-09-17 09:30:00,309.1,309.4,309.4,308.4,12037537.800000003,38967,2025-09-17 09:39:59
2025-09-17 09:40:00,309.2,309.2,309.6,309.0,4026311.1,13020,2025-09-17 09:49:59
2025-09-17 09:50:00,309.2,307.4,309.3,306.6,51418527.70000001,167130,2025-09-17 09:59:59
2025-09-17 10:00:00,307.7,308.7,308.7,306.8,18107672.1,58837,2025-09-17 10:09:59
2025-09-17 10:10:00,308.6,308.1,308.8,307.2,19089324.6,61994,2025-09-17 10:19:59
2025-09-17 10:20:00,308.2,308.3,308.7,307.7,7509234.1,24354,2025-09-17 10:29:59
2025-09-17 10:30:00,308.2,307.7,308.4,307.1,24241566.999999996,78820,2025-09-17 10:39:59
2025-09-17 10:40:00,307.6,305.6,307.8,304.9,51617217.80000002,168700,2025-09-17 10:49:59
2025-09-17 10:50:00,305.6,305.5,305.9,305.2,15531613.399999999,50827,2025-09-17 10:59:59
2025-09-17 11:00:00,305.4,305.9,306.0,305.3,14813738.800000004,48446,2025-09-17 11:09:59
2025-09-17 11:10:00,305.7,306.3,308.5,305.7,54593302.69999999,178113,2025-09-17 11:19:59
2025-09-17 11:20:00,306.5,307.0,307.2,306.4,8130223.800000001,26492,2025-09-17 11:29:59
2025-09-17 11:30:00,307.0,305.0,307.2,304.8,35518016.799999975,116155,2025-09-17 11:39:59
2025-09-17 11:40:00,305.0,306.2,306.5,304.9,30877979.90000001,100937,2025-09-17 11:49:59
2025-09-17 11:50:00,306.2,306.0,306.4,305.7,15269513.3,49888,2025-09-17 11:59:59
2025-09-17 12:00:00,305.9,306.0,306.7,305.8,19548751.7,63834,2025-09-17 12:09:59
2025-09-17 12:10:00,305.8,306.1,306.1,305.8,15232948.600000024,49787,2025-09-17 12:19:59
2025-09-17 12:20:00,306.0,305.9,306.4,305.6,19410348.599999994,63431,2025-09-17 12:29:59
2025-09-17 12:30:00,305.9,305.9,306.2,305.7,19359769.700000003,63277,2025-09-17 12:39:59
2025-09-17 12:40:00,305.9,306.0,306.2,305.7,26722566.500000007,87338,2025-09-17 12:49:59
2025-09-17 12:50:00,306.2,306.0,306.2,305.8,21844866.1,71396,2025-09-17 12:59:59
2025-09-17 13:00:00,305.9,306.2,306.6,305.9,15947632.499999998,52093,2025-09-17 13:09:59
2025-09-17 13:10:00,306.2,308.1,308.7,306.2,43352452.6,140922,2025-09-17 13:19:59
2025-09-17 13:20:00,308.1,308.2,308.5,308.0,11938298.8,38727,2025-09-17 13:29:59
2025-09-17 13:30:00,308.3,307.6,308.4,306.8,26699938.599999998,86823,2025-09-17 13:39:59
2025-09-17 13:40:00,307.6,309.1,309.3,307.6,21874284.799999997,70852,2025-09-17 13:49:59
2025-09-17 13:50:00,309.1,308.8,309.1,308.4,9683551.1,31367,2025-09-17 13:59:59
2025-09-17 14:00:00,308.8,308.3,308.9,308.2,2636238.9,8548,2025-09-17 14:09:59
2025-09-17 14:10:00,308.3,307.8,308.7,307.6,9462467.3,30715,2025-09-17 14:19:59
2025-09-17 14:20:00,307.8,307.6,308.0,307.4,2905806.3,9442,2025-09-17 14:29:59
2025-09-17 14:30:00,307.5,308.0,308.0,307.5,3091600.2,10048,2025-09-17 14:39:59
2025-09-17 14:40:00,308.0,307.1,308.0,306.5,18257513.799999997,59462,2025-09-17 14:49:59
2025-09-17 14:50:00,307.1,307.4,307.4,306.9,4141919.5000000005,13490,2025-09-17 14:59:59
2025-09-17 15:00:00,307.4,307.0,307.4,306.9,3524636.400000001,11475,2025-09-17 15:09:59
2025-09-17 15:10:00,307.0,306.9,307.4,306.6,11762206.100000001,38318,2025-09-17 15:19:59
2025-09-17 15:20:00,307.1,306.8,307.4,306.8,3074550.9,10008,2025-09-17 15:29:59
2025-09-17 15:30:00,306.8,307.6,307.6,306.1,13566584.6,44212,2025-09-17 15:39:59
2025-09-17 15:40:00,307.4,307.1,307.5,306.6,7070478.800000001,23034,2025-09-17 15:49:59
2025-09-17 15:50:00,307.2,307.8,307.9,307.0,5022510.299999999,16327,2025-09-17 15:59:59
2025-09-17 16:00:00,307.8,307.8,307.9,307.1,7080077.300000001,23016,2025-09-17 16:09:59
2025-09-17 16:10:00,307.7,307.0,307.7,306.2,15872142.600000001,51748,2025-09-17 16:19:59
2025-09-17 16:20:00,307.1,306.2,307.1,306.1,2774517.1,9054,2025-09-17 16:29:59
2025-09-17 16:30:00,306.2,307.0,308.0,306.1,9105451.9,29644,2025-09-17 16:39:59
2025-09-17 16:40:00,307.2,306.9,307.4,306.9,1736356.1,5654,2025-09-17 16:49:59
2025-09-17 16:50:00,307.0,307.2,307.4,306.6,4888706.5,15926,2025-09-17 16:59:59
2025-09-17 17:00:00,307.1,308.3,308.4,307.0,10373238.7,33707,2025-09-17 17:09:59
2025-09-17 17:10:00,308.4,307.9,309.0,306.8,30863836.30000002,100136,2025-09-17 17:19:59
2025-09-17 17:20:00,307.9,309.2,309.8,307.9,29558139.30000002,95694,2025-09-17 17:29:59
2025-09-17 17:30:00,309.2,309.4,309.5,308.7,16485582.599999998,53329,2025-09-17 17:39:59
2025-09-17 17:40:00,309.4,310.3,310.7,309.4,28105760.299999997,90639,2025-09-17 17:49:59
2025-09-17 17:50:00,310.3,310.5,310.5,309.8,20072887.1,64738,2025-09-17 17:59:59
2025-09-17 18:00:00,310.4,309.0,310.5,308.7,24417576.900000002,78890,2025-09-17 18:09:59
2025-09-17 18:10:00,309.0,308.6,309.0,307.7,14780937.3,47938,2025-09-17 18:19:59
2025-09-17 18:20:00,308.6,308.0,308.6,307.3,20942421.1,68025,2025-09-17 18:29:59
2025-09-17 18:30:00,308.0,307.7,308.3,307.7,18752067.900000002,60923,2025-09-17 18:39:59
2025-09-17 18:40:00,306.5,306.5,306.5,306.5,31734397.0,103538,2025-09-17 18:49:59
2025-09-17 19:00:00,307.0,307.9,308.0,306.9,16685926.000000004,54279,2025-09-17 19:09:59
2025-09-17 19:10:00,307.9,307.2,307.9,306.7,17858809.799999997,58133,2025-09-17 19:19:59
2025-09-17 19:20:00,307.2,306.5,307.2,306.4,5810057.6,18940,2025-09-17 19:29:59
2025-09-17 19:30:00,306.5,307.0,307.1,306.4,4176410.0000000005,13618,2025-09-17 19:39:59
2025-09-17 19:40:00,307.0,307.2,307.3,307.0,6186152.5,20135,2025-09-17 19:49:59
2025-09-17 19:50:00,307.3,306.7,307.5,306.5,7511866.2,24465,2025-09-17 19:59:59
2025-09-17 20:00:00,306.7,306.5,306.9,306.1,6673594.9,21774,2025-09-17 20:09:59
2025-09-17 20:10:00,306.5,306.7,306.8,306.1,5533772.800000002,18057,2025-09-17 20:19:59
2025-09-17 20:20:00,306.7,306.7,306.8,306.5,1507250.0,4916,2025-09-17 20:29:59
2025-09-17 20:30:00,306.7,307.0,307.0,306.7,1773200.6,5777,2025-09-17 20:39:59
2025-09-17 20:40:00,306.9,307.3,307.5,306.9,3079109.2,10020,2025-09-17 20:49:59
2025-09-17 20:50:00,307.3,307.0,307.3,306.8,1141104.1999999997,3718,2025-09-17 20:59:59
2025-09-17 21:00:00,306.9,307.0,307.2,306.9,1361242.5000000002,4432,2025-09-17 21:09:59
2025-09-17 21:10:00,307.2,306.7,307.2,306.5,1633692.5000000002,5324,2025-09-17 21:19:59
2025-09-17 21:20:00,306.5,306.8,306.9,306.5,658131.5000000001,2146,2025-09-17 21:29:59
2025-09-17 21:30:00,306.8,307.5,307.8,306.7,4990659.800000001,16241,2025-09-17 21:39:59
2025-09-17 21:40:00,307.6,307.1,307.7,307.1,2227249.3,7242,2025-09-17 21:49:59
2025-09-17 21:50:00,307.3,307.1,307.3,307.0,1100490.5,3583,2025-09-17 21:59:59
2025-09-17 22:00:00,307.1,307.1,307.1,306.8,2153171.0,7015,2025-09-17 22:09:59
2025-09-17 22:10:00,307.1,307.2,307.3,307.0,439525.19999999995,1431,2025-09-17 22:19:59
2025-09-17 22:20:00,307.3,307.5,308.0,307.3,10237026.1,33266,2025-09-17 22:29:59
2025-09-17 22:30:00,307.5,307.5,307.5,307.3,118055.7,384,2025-09-17 22:39:59
2025-09-17 22:40:00,307.5,307.1,307.5,307.1,997915.4,3248,2025-09-17 22:49:59
2025-09-17 22:50:00,307.1,307.7,307.8,307.0,2996276.0,9746,2025-09-17 22:59:59
2025-09-17 23:00:00,307.8,307.3,307.9,307.1,1895218.0999999999,6165,2025-09-17 23:09:59
2025-09-17 23:10:00,307.1,307.2,307.3,306.8,2203213.6999999997,7177,2025-09-17 23:19:59
2025-09-17 23:20:00,307.1,307.1,307.3,306.8,395187.1,1287,2025-09-17 23:29:59
2025-09-17 23:30:00,307.1,306.9,307.1,306.5,3659456.2,11930,2025-09-17 23:39:59
2025-09-17 23:40:00,306.9,306.8,306.9,306.1,5155381.000000001,16829,2025-09-17 23:49:59
2025-09-18 06:50:00,306.2,306.2,306.2,306.2,928398.4,3032,2025-09-18 06:59:59
2025-09-18 07:00:00,306.3,306.7,306.8,306.3,3014614.4999999995,9829,2025-09-18 07:09:59
2025-09-18 07:10:00,306.7,306.8,306.8,306.5,1262173.9000000001,4115,2025-09-18 07:19:59
2025-09-18 07:20:00,306.8,306.4,306.8,306.4,2203510.8,7188,2025-09-18 07:29:59
2025-09-18 07:30:00,306.5,305.9,306.5,305.8,5681408.999999995,18569,2025-09-18 07:39:59
2025-09-18 07:40:00,305.8,305.7,305.9,305.2,5133502.999999998,16800,2025-09-18 07:49:59
2025-09-18 07:50:00,305.7,305.8,305.8,305.4,432872.4,1416,2025-09-18 07:59:59
2025-09-18 08:00:00,305.8,305.7,305.9,305.2,8500946.0,27839,2025-09-18 08:09:59
2025-09-18 08:10:00,305.7,306.4,306.5,305.6,5760797.8,18814,2025-09-18 08:19:59
2025-09-18 08:20:00,306.5,306.8,307.0,306.3,3685862.6000000006,12018,2025-09-18 08:29:59
2025-09-18 08:30:00,306.8,306.8,307.0,306.8,412564.0,1344,2025-09-18 08:39:59
2025-09-18 08:40:00,306.9,306.8,307.0,306.7,1300543.5,4238,2025-09-18 08:49:59
2025-09-18 08:50:00,306.9,306.8,306.9,306.7,3615088.8,11787,2025-09-18 08:59:59
2025-09-18 09:00:00,306.8,306.6,306.9,306.4,2303961.2,7513,2025-09-18 09:09:59
2025-09-18 09:10:00,306.5,306.9,306.9,306.4,378942.8,1235,2025-09-18 09:19:59
2025-09-18 09:20:00,306.8,307.0,307.0,306.5,5610561.300000001,18284,2025-09-18 09:29:59
2025-09-18 09:30:00,307.0,306.9,307.0,306.6,1692877.3000000003,5518,2025-09-18 09:39:59
2025-09-18 09:40:00,306.9,307.0,307.0,306.5,987924.1000000001,3221,2025-09-18 09:49:59
2025-09-18 09:50:00,307.0,306.8,307.2,306.7,4043521.7,13173,2025-09-18 09:59:59
2025-09-18 10:00:00,306.9,306.6,307.0,306.1,4373921.9,14272,2025-09-18 10:09:59
2025-09-18 10:10:00,306.6,307.0,307.0,306.3,9451924.700000001,30818,2025-09-18 10:19:59
2025-09-18 10:20:00,306.9,308.8,309.5,306.8,40791586.199999996,132164,2025-09-18 10:29:59
2025-09-18 10:30:00,308.8,310.2,310.4,308.6,50586910.6,163270,2025-09-18 10:39:59
2025-09-18 10:40:00,310.2,309.9,310.5,309.5,29051079.700000003,93720,2025-09-18 10:49:59
2025-09-18 10:50:00,309.9,309.0,310.1,308.7,34769201.79999999,112425,2025-09-18 10:59:59
2025-09-18 11:00:00,308.9,309.3,309.6,308.8,7274660.600000001,23528,2025-09-18 11:09:59
2025-09-18 11:10:00,309.3,309.0,309.7,308.9,7609703.800000001,24609,2025-09-18 11:19:59
2025-09-18 11:20:00,309.0,309.8,309.9,308.9,7634724.799999999,24657,2025-09-18 11:29:59
2025-09-18 11:30:00,309.7,308.9,309.7,308.8,9115782.499999998,29479,2025-09-18 11:39:59
2025-09-18 11:40:00,308.9,308.7,309.0,308.1,12288000.7,39838,2025-09-18 11:49:59
2025-09-18 11:50:00,308.7,308.8,309.4,308.6,6110981.3,19776,2025-09-18 11:59:59
2025-09-18 12:00:00,308.7,309.9,310.0,308.4,18163603.400000002,58718,2025-09-18 12:09:59
2025-09-18 12:10:00,309.9,309.8,310.6,309.5,15875154.6,51175,2025-09-18 12:19:59
2025-09-18 12:20:00,309.7,309.5,310.2,309.5,12472622.099999998,40261,2025-09-18 12:29:59
2025-09-18 12:30:00,309.5,308.2,309.5,307.7,29221110.700000014,94677,2025-09-18 12:39:59
2025-09-18 12:40:00,308.3,308.1,308.6,308.1,4230672.1,13723,2025-09-18 12:49:59
2025-09-18 12:50:00,308.2,308.1,308.5,308.1,2441649.5999999996,7920,2025-09-18 12:59:59
2025-09-18 13:00:00,308.1,307.4,308.2,307.0,11399492.800000025,37072,2025-09-18 13:09:59
2025-09-18 13:10:00,307.4,307.3,307.7,307.2,4237607.199999999,13782,2025-09-18 13:19:59
2025-09-18 13:20:00,307.3,307.8,307.8,307.1,6804723.899999999,22134,2025-09-18 13:29:59
2025-09-18 13:30:00,307.8,308.4,308.8,307.8,8886050.600000001,28811,2025-09-18 13:39:59
2025-09-18 13:40:00,308.4,308.0,308.4,307.5,6250073.6,20299,2025-09-18 13:49:59
2025-09-18 13:50:00,307.8,307.8,308.2,307.6,4600293.9,14939,2025-09-18 13:59:59
2025-09-18 14:00:00,307.7,307.5,308.1,307.4,2937838.0,9549,2025-09-18 14:09:59
2025-09-18 14:10:00,307.4,308.3,308.5,307.4,7968851.8,25879,2025-09-18 14:19:59
2025-09-18 14:20:00,308.4,309.4,309.4,308.2,10021930.7,32429,2025-09-18 14:29:59
2025-09-18 14:30:00,309.2,309.2,309.4,309.0,5925843.900000001,19166,2025-09-18 14:39:59
2025-09-18 14:40:00,309.2,307.6,309.2,306.4,40122772.80000003,130465,2025-09-18 14:49:59
2025-09-18 14:50:00,307.6,307.1,308.0,307.0,8928021.5,29038,2025-09-18 14:59:59
2025-09-18 15:00:00,307.0,305.9,307.1,305.6,44581106.90000002,145625,2025-09-18 15:09:59
2025-09-18 15:10:00,305.9,306.8,307.0,305.8,16951327.200000007,55333,2025-09-18 15:19:59
2025-09-18 15:20:00,306.6,306.8,306.9,306.2,10645457.400000002,34721,2025-09-18 15:29:59
2025-09-18 15:30:00,306.7,306.2,307.3,305.9,22710728.299999993,74099,2025-09-18 15:39:59
2025-09-18 15:40:00,306.1,305.9,306.5,305.8,12736536.2,41618,2025-09-18 15:49:59
2025-09-18 15:50:00,305.9,307.1,307.2,305.7,17405853.099999998,56793,2025-09-18 15:59:59
2025-09-18 16:00:00,307.1,306.7,307.6,306.5,15565941.100000005,50665,2025-09-18 16:09:59
2025-09-18 16:10:00,306.7,307.4,307.8,306.7,6424714.9,20906,2025-09-18 16:19:59
2025-09-18 16:20:00,307.3,307.0,307.3,306.0,7578530.399999999,24718,2025-09-18 16:29:59
2025-09-18 16:30:00,307.0,307.0,307.6,306.9,5109093.8,16620,2025-09-18 16:39:59
2025-09-18 16:40:00,307.1,307.2,307.5,306.9,1959237.1999999997,6377,2025-09-18 16:49:59
2025-09-18 16:50:00,307.3,307.3,307.8,307.3,5495397.4,17868,2025-09-18 16:59:59
2025-09-18 17:00:00,307.4,307.9,308.0,307.3,5129921.7,16674,2025-09-18 17:09:59
2025-09-18 17:10:00,307.9,307.9,308.4,307.8,7954375.299999999,25812,2025-09-18 17:19:59
2025-09-18 17:20:00,307.8,307.3,308.8,306.8,16444767.2,53504,2025-09-18 17:29:59
2025-09-18 17:30:00,307.3,307.4,307.6,307.0,1928152.9000000004,6274,2025-09-18 17:39:59
2025-09-18 17:40:00,307.5,307.5,307.7,307.1,755706.8999999999,2459,2025-09-18 17:49:59
2025-09-18 17:50:00,307.2,307.3,307.6,307.0,2583740.9999999995,8408,2025-09-18 17:59:59
2025-09-18 18:00:00,307.4,307.4,307.5,307.1,1525525.4,4965,2025-09-18 18:09:59
2025-09-18 18:10:00,307.2,308.0,308.0,307.1,2488338.9000000004,8091,2025-09-18 18:19:59
2025-09-18 18:20:00,308.0,307.5,308.0,307.2,3217192.8999999994,10458,2025-09-18 18:29:59
2025-09-18 18:30:00,307.5,307.5,308.3,307.3,9228774.000000002,29984,2025-09-18 18:39:59
2025-09-18 18:40:00,306.7,306.7,306.7,306.7,1444863.6999999997,4711,2025-09-18 18:49:59
2025-09-18 19:00:00,306.7,307.3,307.4,306.7,3272159.6999999997,10654,2025-09-18 19:09:59
2025-09-18 19:10:00,307.1,307.0,307.2,306.9,2361533.6000000006,7691,2025-09-18 19:19:59
2025-09-18 19:20:00,307.1,306.2,307.2,306.1,9259951.700000001,30220,2025-09-18 19:29:59
2025-09-18 19:30:00,306.3,306.5,306.6,306.3,5612317.699999999,18317,2025-09-18 19:39:59
2025-09-18 19:40:00,306.4,306.1,306.5,306.1,5027571.7,16414,2025-09-18 19:49:59
2025-09-18 19:50:00,306.2,306.1,306.2,306.1,740838.2999999999,2420,2025-09-18 19:59:59
2025-09-18 20:00:00,306.2,306.1,306.3,306.1,1159294.6,3787,2025-09-18 20:09:59
2025-09-18 20:10:00,306.2,306.2,306.3,306.1,1615635.9999999998,5277,2025-09-18 20:19:59
2025-09-18 20:20:00,306.2,305.4,306.3,305.4,7486488.199999999,24476,2025-09-18 20:29:59
2025-09-18 20:30:00,305.4,305.0,305.5,304.0,33413923.70000001,109711,2025-09-18 20:39:59
2025-09-18 20:40:00,305.0,304.7,305.1,304.7,6976831.5,22881,2025-09-18 20:49:59
2025-09-18 20:50:00,304.6,303.7,304.6,303.2,19384538.8,63816,2025-09-18 20:59:59
2025-09-18 21:00:00,303.6,303.2,303.9,303.2,21666645.800000012,71364,2025-09-18 21:09:59
2025-09-18 21:10:00,303.1,304.2,304.3,303.1,13732409.700000001,45221,2025-09-18 21:19:59
2025-09-18 21:20:00,304.3,304.6,304.6,304.1,1035418.1999999998,3402,2025-09-18 21:29:59
2025-09-18 21:30:00,304.4,304.0,304.8,303.8,4237220.899999999,13925,2025-09-18 21:39:59
2025-09-18 21:40:00,304.0,304.6,304.7,304.0,3613139.9000000004,11870,2025-09-18 21:49:59
2025-09-18 21:50:00,304.5,304.6,304.7,304.4,4257509.9,13978,2025-09-18 21:59:59
2025-09-18 22:00:00,304.4,304.2,304.5,304.0,1377163.6000000003,4528,2025-09-18 22:09:59
2025-09-18 22:10:00,304.1,303.8,304.2,303.8,3335293.8999999994,10973,2025-09-18 22:19:59
2025-09-18 22:20:00,303.8,304.0,304.0,303.8,567452.1,1867,2025-09-18 22:29:59
2025-09-18 22:30:00,303.8,304.3,304.4,303.8,4214002.0,13856,2025-09-18 22:39:59
2025-09-18 22:40:00,304.3,303.6,304.3,303.5,3680975.2,12122,2025-09-18 22:49:59
2025-09-18 22:50:00,303.8,303.4,303.9,303.4,3117025.2,10267,2025-09-18 22:59:59
2025-09-18 23:00:00,303.5,304.2,304.3,303.5,7363916.7,24244,2025-09-18 23:09:59
2025-09-18 23:10:00,304.2,303.9,304.2,303.7,826505.3,2719,2025-09-18 23:19:59
2025-09-18 23:20:00,303.7,303.0,303.7,302.8,7889340.799999999,26023,2025-09-18 23:29:59
2025-09-18 23:30:00,302.9,303.4,303.5,302.9,3374229.4999999995,11125,2025-09-18 23:39:59
2025-09-18 23:40:00,303.4,303.4,303.8,303.0,7127390.899999999,23495,2025-09-18 23:49:59
2025-09-19 06:50:00,303.0,303.0,303.0,303.0,317847.0,1049,2025-09-19 06:59:59
2025-09-19 07:00:00,303.0,304.5,304.7,302.9,8131909.4,26752,2025-09-19 07:09:59
2025-09-19 07:10:00,304.4,303.6,304.8,303.5,4870075.199999999,16007,2025-09-19 07:19:59
2025-09-19 07:20:00,303.4,303.3,303.7,303.3,1127499.6,3714,2025-09-19 07:29:59
2025-09-19 07:30:00,303.3,303.7,303.7,303.2,3040231.6999999997,10022,2025-09-19 07:39:59
2025-09-19 07:40:00,303.7,304.0,304.1,303.4,10438553.500000002,34362,2025-09-19 07:49:59
2025-09-19 07:50:00,303.7,303.9,304.2,303.7,792094.0,2606,2025-09-19 07:59:59
2025-09-19 08:00:00,303.7,302.8,303.8,302.0,12497570.4,41313,2025-09-19 08:09:59
2025-09-19 08:10:00,302.8,302.0,303.3,302.0,5921230.3,19578,2025-09-19 08:19:59
2025-09-19 08:20:00,302.2,301.3,302.2,300.8,24504342.300000004,81333,2025-09-19 08:29:59
2025-09-19 08:30:00,301.1,301.9,301.9,301.1,4412512.6,14631,2025-09-19 08:39:59
2025-09-19 08:40:00,302.0,301.6,302.1,301.3,3824113.6,12677,2025-09-19 08:49:59
2025-09-19 08:50:00,301.4,302.2,302.6,301.4,4893346.3,16196,2025-09-19 08:59:59
2025-09-19 09:00:00,302.2,303.3,303.7,302.2,8735103.3,28814,2025-09-19 09:09:59
2025-09-19 09:10:00,303.2,303.8,304.0,303.1,3398040.6,11192,2025-09-19 09:19:59
2025-09-19 09:20:00,303.7,302.3,304.0,302.3,12373719.700000001,40825,2025-09-19 09:29:59
2025-09-19 09:30:00,302.2,302.5,302.7,302.1,4703955.500000001,15556,2025-09-19 09:39:59
2025-09-19 09:40:00,302.6,303.0,303.4,302.3,10317714.399999999,34068,2025-09-19 09:49:59
2025-09-19 09:50:00,302.9,303.7,303.8,302.8,5319406.6,17531,2025-09-19 09:59:59
2025-09-19 10:00:00,303.8,303.4,304.2,303.3,9702499.100000001,31937,2025-09-19 10:09:59
2025-09-19 10:10:00,303.5,302.9,303.5,302.5,13923570.7,45946,2025-09-19 10:19:59
2025-09-19 10:20:00,303.1,304.7,305.1,302.8,17469588.5,57390,2025-09-19 10:29:59
2025-09-19 10:30:00,304.6,303.8,304.6,303.8,5283734.6,17371,2025-09-19 10:39:59
2025-09-19 10:40:00,303.8,304.0,304.1,303.6,2945712.5000000005,9697,2025-09-19 10:49:59
2025-09-19 10:50:00,304.0,303.7,304.1,303.6,3342337.9000000004,11003,2025-09-19 10:59:59
2025-09-19 11:00:00,303.6,302.9,303.6,302.5,9098149.3,30036,2025-09-19 11:09:59
2025-09-19 11:10:00,302.8,302.5,302.9,301.9,7341691.700000001,24281,2025-09-19 11:19:59
2025-09-19 11:20:00,302.4,302.2,302.7,301.6,13925390.199999996,46127,2025-09-19 11:29:59
2025-09-19 11:30:00,302.2,302.1,302.4,301.6,14517313.399999997,48067,2025-09-19 11:39:59
2025-09-19 11:40:00,302.1,301.8,302.4,301.7,8772607.2,29038,2025-09-19 11:49:59
2025-09-19 11:50:00,301.8,301.4,302.3,301.3,13771954.400000002,45646,2025-09-19 11:59:59
2025-09-19 12:00:00,301.4,303.0,303.2,301.3,26587670.1,87925,2025-09-19 12:09:59
2025-09-19 12:10:00,303.0,302.9,303.2,302.0,8150110.399999999,26921,2025-09-19 12:19:59
2025-09-19 12:20:00,303.0,303.4,303.5,302.7,8194076.600000001,27035,2025-09-19 12:29:59
2025-09-19 12:30:00,303.5,303.0,303.8,302.9,3280469.1999999997,10811,2025-09-19 12:39:59
2025-09-19 12:40:00,303.0,303.0,303.1,302.5,5558126.700000001,18358,2025-09-19 12:49:59
2025-09-19 12:50:00,303.0,303.5,303.6,302.7,3924691.0,12945,2025-09-19 12:59:59
2025-09-19 13:00:00,303.6,303.0,303.9,303.0,4183322.1000000006,13785,2025-09-19 13:09:59
2025-09-19 13:10:00,303.0,301.9,303.0,301.5,8870515.2,29359,2025-09-19 13:19:59
2025-09-19 13:20:00,302.0,301.8,302.0,301.5,3151979.4000000004,10443,2025-09-19 13:29:59
2025-09-19 13:30:00,301.8,301.2,301.8,301.2,10130873.2,33621,2025-09-19 13:39:59
2025-09-19 13:40:00,301.3,300.9,301.4,300.3,15900465.500000004,52881,2025-09-19 13:49:59
2025-09-19 13:50:00,301.0,300.3,301.1,300.1,18384776.6,61166,2025-09-19 13:59:59
2025-09-19 14:00:00,300.3,301.3,302.2,300.3,15519265.999999998,51502,2025-09-19 14:09:59
2025-09-19 14:10:00,301.2,301.8,301.9,300.9,13655956.300000004,45324,2025-09-19 14:19:59
2025-09-19 14:20:00,301.7,301.8,301.8,301.1,6432897.000000001,21331,2025-09-19 14:29:59
2025-09-19 14:30:00,301.7,301.2,302.0,301.2,5899237.800000001,19565,2025-09-19 14:39:59
2025-09-19 14:40:00,301.4,302.0,302.5,300.5,9072919.000000002,30093,2025-09-19 14:49:59
2025-09-19 14:50:00,302.1,303.5,303.6,301.9,8418452.0,27786,2025-09-19 14:59:59
2025-09-19 15:00:00,303.5,302.8,303.6,302.7,5895586.9,19454,2025-09-19 15:09:59
2025-09-19 15:10:00,302.8,302.8,302.8,301.8,7660029.2,25332,2025-09-19 15:19:59
2025-09-19 15:20:00,302.8,304.2,304.2,302.1,22642570.199999996,74650,2025-09-19 15:29:59
2025-09-19 15:30:00,304.0,303.4,304.3,303.2,15945774.8,52457,2025-09-19 15:39:59
2025-09-19 15:40:00,303.4,303.8,303.9,303.3,3708461.8000000003,12217,2025-09-19 15:49:59
2025-09-19 15:50:00,303.9,304.1,304.9,303.6,25894585.000000007,85150,2025-09-19 15:59:59
2025-09-19 16:00:00,304.2,304.0,304.7,303.8,9368600.2,30789,2025-09-19 16:09:59
2025-09-19 16:10:00,303.9,304.6,304.8,303.5,11797890.500000002,38803,2025-09-19 16:19:59
2025-09-19 16:20:00,304.6,305.5,305.5,304.2,17215002.5,56484,2025-09-19 16:29:59
2025-09-19 16:30:00,305.5,304.5,305.5,304.5,10359424.000000002,33959,2025-09-19 16:39:59
2025-09-19 16:40:00,304.6,306.0,306.2,304.2,24038180.999999996,78730,2025-09-19 16:49:59
2025-09-19 16:50:00,305.9,305.4,306.0,304.5,22165723.8,72615,2025-09-19 16:59:59
2025-09-19 17:00:00,305.2,304.7,305.3,304.5,8796237.4,28863,2025-09-19 17:09:59
2025-09-19 17:10:00,304.8,304.6,305.2,304.2,21452198.6,70372,2025-09-19 17:19:59
2025-09-19 17:20:00,304.6,304.6,304.8,304.4,4316892.6,14177,2025-09-19 17:29:59
2025-09-19 17:30:00,304.6,304.4,304.9,303.9,16692673.400000002,54859,2025-09-19 17:39:59
2025-09-19 17:40:00,304.5,304.3,304.5,303.5,19206435.499999996,63189,2025-09-19 17:49:59
2025-09-19 17:50:00,304.3,303.3,304.4,302.9,20133041.7,66294,2025-09-19 17:59:59
2025-09-19 18:00:00,303.3,303.6,304.1,303.0,6227929.199999999,20515,2025-09-19 18:09:59
2025-09-19 18:10:00,303.7,302.8,303.8,302.5,6923860.0,22852,2025-09-19 18:19:59
2025-09-19 18:20:00,302.6,303.4,303.5,302.3,16685937.100000001,55128,2025-09-19 18:29:59
2025-09-19 18:30:00,303.4,302.7,303.8,302.4,7953629.9,26239,2025-09-19 18:39:59
2025-09-19 18:40:00,302.7,302.7,302.7,302.7,710436.8999999999,2347,2025-09-19 18:49:10
2025-09-19 19:00:00,302.9,302.5,303.2,302.5,3733516.4999999995,12334,2025-09-19 19:09:59
2025-09-19 19:10:00,302.6,303.2,303.4,302.5,4817733.5,15891,2025-09-19 19:19:59
2025-09-19 19:20:00,303.2,302.4,303.2,302.1,7714212.1,25500,2025-09-19 19:29:59
2025-09-19 19:30:00,302.4,301.7,302.4,301.1,20868506.3,69127,2025-09-19 19:39:59
2025-09-19 19:40:00,301.7,301.5,301.9,301.5,1355447.4,4492,2025-09-19 19:49:59
2025-09-19 19:50:00,301.6,302.1,302.2,301.5,2243044.0000000005,7427,2025-09-19 19:59:59
2025-09-19 20:00:00,302.1,302.6,302.7,301.6,4666736.4,15440,2025-09-19 20:09:59
2025-09-19 20:10:00,302.6,302.5,302.8,302.3,2943680.4999999995,9728,2025-09-19 20:19:59
2025-09-19 20:20:00,302.5,301.9,302.5,301.6,982940.2,3257,2025-09-19 20:29:59
2025-09-19 20:30:00,302.0,302.4,302.4,301.9,1623757.2,5373,2025-09-19 20:39:59
2025-09-19 20:40:00,302.3,303.2,303.7,302.3,4026602.9,13275,2025-09-19 20:49:59
2025-09-19 20:50:00,303.2,303.4,303.5,303.0,2073238.1999999997,6836,2025-09-19 20:59:59
2025-09-19 21:00:00,303.5,303.6,303.7,303.4,3101423.3000000003,10216,2025-09-19 21:09:59
2025-09-19 21:10:00,303.7,303.3,303.7,303.1,2849147.3000000003,9392,2025-09-19 21:19:59
2025-09-19 21:20:00,303.3,303.4,303.4,302.9,2126509.0000000005,7018,2025-09-19 21:29:59
2025-09-19 21:30:00,303.3,302.5,303.5,302.4,4642692.1,15314,2025-09-19 21:39:59
2025-09-19 21:40:00,302.4,302.8,302.8,302.3,1384510.6,4577,2025-09-19 21:49:59
2025-09-19 21:50:00,302.8,302.5,302.8,302.5,475695.29999999993,1572,2025-09-19 21:59:59
2025-09-19 22:00:00,302.4,302.6,302.7,302.2,1271717.1000000003,4205,2025-09-19 22:09:59
2025-09-19 22:10:00,302.5,302.4,302.9,302.3,7036135.700000001,23256,2025-09-19 22:19:59
2025-09-19 22:20:00,302.4,302.8,303.0,302.4,3174769.4000000004,10485,2025-09-19 22:29:59
2025-09-19 22:30:00,302.8,302.4,303.0,302.4,1284385.0,4242,2025-09-19 22:39:59
2025-09-19 22:40:00,302.4,302.1,302.5,302.1,2013266.4,6660,2025-09-19 22:49:59
2025-09-19 22:50:00,302.2,301.8,302.2,301.8,1006643.1000000002,3334,2025-09-19 22:59:59
2025-09-19 23:00:00,302.0,302.3,302.3,301.9,376276.7,1246,2025-09-19 23:09:59
2025-09-19 23:10:00,302.1,302.0,302.3,301.8,2419796.1999999997,8009,2025-09-19 23:19:59
2025-09-19 23:20:00,301.8,301.5,301.8,300.7,35132203.9,116678,2025-09-19 23:29:59
2025-09-19 23:30:00,301.5,302.9,303.9,301.5,14872289.3,49102,2025-09-19 23:39:59
2025-09-19 23:40:00,303.0,303.8,304.3,302.7,13955756.0,45965,2025-09-19 23:49:59
2025-09-22 06:50:00,302.2,302.2,302.2,302.2,2111773.5999999996,6988,2025-09-22 06:59:59
2025-09-22 07:00:00,302.2,300.1,302.5,299.0,33047897.39999998,110055,2025-09-22 07:09:59
2025-09-22 07:10:00,300.0,302.0,302.4,300.0,12641647.599999998,42007,2025-09-22 07:19:59
2025-09-22 07:20:00,301.8,302.0,302.2,301.6,2039247.0999999996,6756,2025-09-22 07:29:59
2025-09-22 07:30:00,302.0,302.0,302.2,301.6,3267133.5,10822,2025-09-22 07:39:59
2025-09-22 07:40:00,302.2,301.4,302.4,301.2,4162564.0,13790,2025-09-22 07:49:59
2025-09-22 07:50:00,301.4,301.5,301.8,301.3,963186.7000000001,3195,2025-09-22 07:59:59
2025-09-22 08:00:00,301.5,301.7,301.8,301.4,1478285.2,4902,2025-09-22 08:09:59
2025-09-22 08:10:00,301.7,302.0,302.3,301.7,1151366.0,3814,2025-09-22 08:19:59
2025-09-22 08:20:00,302.3,302.1,302.3,301.6,2121858.5,7027,2025-09-22 08:29:59
2025-09-22 08:30:00,302.1,301.8,302.3,301.7,4071264.7999999993,13481,2025-09-22 08:39:59
2025-09-22 08:40:00,301.8,301.8,302.1,301.6,321513.3,1065,2025-09-22 08:49:59
2025-09-22 08:50:00,302.0,302.2,302.4,301.9,2359266.1000000006,7807,2025-09-22 08:59:59
2025-09-22 09:00:00,302.4,302.0,302.4,301.4,5049120.5,16726,2025-09-22 09:09:59
2025-09-22 09:10:00,302.2,301.9,302.2,301.8,991572.8,3284,2025-09-22 09:19:59
2025-09-22 09:20:00,301.8,301.0,301.8,301.0,4304328.100000001,14287,2025-09-22 09:29:59
2025-09-22 09:30:00,301.0,301.9,302.1,300.9,6044919.3,20047,2025-09-22 09:39:59
2025-09-22 09:40:00,302.0,302.1,302.1,301.7,899880.3000000002,2981,2025-09-22 09:49:59
2025-09-22 09:50:00,302.1,301.8,302.4,301.7,3256071.4000000004,10784,2025-09-22 09:59:59
2025-09-22 10:00:00,301.8,302.6,303.4,301.6,15155569.199999997,50058,2025-09-22 10:09:59
2025-09-22 10:10:00,302.6,302.0,303.3,301.9,11379197.100000001,37591,2025-09-22 10:19:59
2025-09-22 10:20:00,302.1,301.6,302.3,301.4,8341377.2,27638,2025-09-22 10:29:59
2025-09-22 10:30:00,301.7,301.4,301.8,301.1,11554391.899999999,38336,2025-09-22 10:39:59
2025-09-22 10:40:00,301.2,302.5,302.5,301.1,6944092.4,23005,2025-09-22 10:49:59
2025-09-22 10:50:00,302.5,303.1,303.5,302.4,12269451.7,40483,2025-09-22 10:59:59
2025-09-22 11:00:00,303.2,303.1,303.5,303.0,6314277.799999999,20828,2025-09-22 11:09:59
2025-09-22 11:10:00,303.0,303.2,303.9,303.0,6723504.499999999,22156,2025-09-22 11:19:59
2025-09-22 11:20:00,303.1,302.5,303.2,302.5,4056878.8000000003,13397,2025-09-22 11:29:59
2025-09-22 11:30:00,302.6,302.4,302.9,302.2,5043025.4,16675,2025-09-22 11:39:59
2025-09-22 11:40:00,302.6,302.1,302.6,301.7,12173031.1,40305,2025-09-22 11:49:59
2025-09-22 11:50:00,302.1,302.8,302.8,302.0,4125665.4999999995,13650,2025-09-22 11:59:59
2025-09-22 12:00:00,302.7,300.8,303.0,300.4,35625553.59999998,118235,2025-09-22 12:09:59
2025-09-22 12:10:00,300.9,301.0,301.3,300.5,14133431.300000003,46980,2025-09-22 12:19:59
2025-09-22 12:20:00,300.8,300.8,301.0,300.3,13588758.200000001,45222,2025-09-22 12:29:59
2025-09-22 12:30:00,300.8,301.3,301.4,299.0,56202448.79999995,187301,2025-09-22 12:39:59
2025-09-22 12:40:00,301.3,300.5,301.4,299.4,18872902.600000005,62883,2025-09-22 12:49:59
2025-09-22 12:50:00,300.4,300.2,300.6,300.0,13282249.499999998,44253,2025-09-22 12:59:59
2025-09-22 13:00:00,300.3,300.2,300.8,300.2,8286905.499999999,27578,2025-09-22 13:09:59
2025-09-22 13:10:00,300.3,300.6,300.9,300.0,10577629.099999998,35209,2025-09-22 13:19:59
2025-09-22 13:20:00,300.6,300.6,301.2,300.1,5689039.100000001,18917,2025-09-22 13:29:59
2025-09-22 13:30:00,300.6,300.5,300.7,299.3,25522147.199999984,85091,2025-09-22 13:39:59
2025-09-22 13:40:00,300.4,301.0,301.3,300.4,5793236.5,19253,2025-09-22 13:49:59
2025-09-22 13:50:00,300.9,301.3,301.3,300.7,3631819.4,12063,2025-09-22 13:59:59
2025-09-22 14:00:00,301.0,301.3,301.5,300.7,2597713.6,8625,2025-09-22 14:09:59
2025-09-22 14:10:00,301.3,301.5,301.5,300.8,3054454.7,10139,2025-09-22 14:19:59
2025-09-22 14:20:00,301.5,301.6,302.0,301.0,9865244.799999999,32697,2025-09-22 14:29:59
2025-09-22 14:30:00,301.4,300.7,301.5,300.6,8244160.500000002,27389,2025-09-22 14:39:59
2025-09-22 14:40:00,300.9,300.4,301.3,300.1,7080494.199999997,23557,2025-09-22 14:49:59
2025-09-22 14:50:00,300.3,301.4,302.9,300.2,35427431.099999994,117279,2025-09-22 14:59:59
2025-09-22 15:00:00,301.4,301.9,302.2,301.4,11519439.499999998,38155,2025-09-22 15:09:59
2025-09-22 15:10:00,301.8,301.8,302.2,301.1,9926902.0,32917,2025-09-22 15:19:59
2025-09-22 15:20:00,301.7,301.0,301.8,300.8,7048911.799999998,23389,2025-09-22 15:29:59
2025-09-22 15:30:00,301.0,301.1,301.7,300.8,1431648.1,4752,2025-09-22 15:39:59
2025-09-22 15:40:00,300.9,301.4,301.4,300.8,932886.6,3099,2025-09-22 15:49:59
2025-09-22 15:50:00,301.3,299.6,301.4,299.3,25488389.5,84937,2025-09-22 15:59:59
2025-09-22 16:00:00,299.7,300.5,300.5,299.1,34963356.20000002,116611,2025-09-22 16:09:59
2025-09-22 16:10:00,300.3,300.2,300.6,300.0,5076452.599999997,16909,2025-09-22 16:19:59
2025-09-22 16:20:00,300.1,300.1,300.3,299.5,8946852.3,29835,2025-09-22 16:29:59
2025-09-22 16:30:00,299.9,295.8,300.0,295.7,66335268.39999999,222862,2025-09-22 16:39:59
2025-09-22 16:40:00,295.9,294.1,296.0,291.9,151497380.39999995,514988,2025-09-22 16:49:59
2025-09-22 16:50:00,294.2,291.7,294.6,290.0,114616591.69999999,392466,2025-09-22 16:59:59
2025-09-22 17:00:00,291.9,292.0,292.4,291.1,40936183.499999985,140356,2025-09-22 17:09:59
2025-09-22 17:10:00,291.8,292.7,292.9,291.7,33825296.69999999,115704,2025-09-22 17:19:59
2025-09-22 17:20:00,292.5,294.0,294.2,291.9,35667902.199999996,121682,2025-09-22 17:29:59
2025-09-22 17:30:00,294.0,295.6,297.0,294.0,74881258.89999929,253364,2025-09-22 17:39:59
2025-09-22 17:40:00,295.8,296.4,296.5,295.7,25572174.5,86345,2025-09-22 17:49:59
2025-09-22 17:50:00,296.3,297.2,298.0,295.8,42774402.79999998,144083,2025-09-22 17:59:59
2025-09-22 18:00:00,297.2,298.0,298.3,296.7,24451829.900000002,82209,2025-09-22 18:09:59
2025-09-22 18:10:00,297.9,297.7,298.3,297.1,14361413.399999999,48209,2025-09-22 18:19:59
2025-09-22 18:20:00,297.7,297.0,297.8,297.0,11827392.099999998,39756,2025-09-22 18:29:59
2025-09-22 18:30:00,297.0,297.7,297.8,296.9,6201116.5,20856,2025-09-22 18:39:59
2025-09-22 18:40:00,298.0,298.0,298.0,298.0,601364.0,2018,2025-09-22 18:49:59
2025-09-22 19:00:00,297.8,297.8,298.1,297.5,1491761.0,5009,2025-09-22 19:09:59
2025-09-22 19:10:00,297.8,298.1,298.2,297.8,4081825.2999999993,13693,2025-09-22 19:19:59
2025-09-22 19:20:00,298.1,297.7,298.1,297.3,4560127.700000002,15322,2025-09-22 19:29:59
2025-09-22 19:30:00,297.7,297.9,297.9,297.6,2993175.7,10052,2025-09-22 19:39:59
2025-09-22 19:40:00,298.0,297.8,298.3,297.8,5702992.8,19132,2025-09-22 19:49:59
2025-09-22 19:50:00,298.0,298.1,298.2,297.8,3715559.1999999993,12467,2025-09-22 19:59:59
2025-09-22 20:00:00,298.1,298.4,298.9,298.1,7079132.499999998,23705,2025-09-22 20:09:59
2025-09-22 20:10:00,298.4,297.3,298.6,297.3,4987202.100000001,16743,2025-09-22 20:19:59
2025-09-22 20:20:00,297.4,297.0,297.4,296.4,11308187.200000001,38098,2025-09-22 20:29:59
2025-09-22 20:30:00,296.9,296.8,297.2,296.2,8076359.500000001,27237,2025-09-22 20:39:59
2025-09-22 20:40:00,296.9,297.8,298.0,296.7,3148333.0999999996,10592,2025-09-22 20:49:59
2025-09-22 20:50:00,297.8,298.1,298.4,297.8,2413842.4,8098,2025-09-22 20:59:59
2025-09-22 21:00:00,298.1,297.6,298.1,296.7,15075481.500000002,50699,2025-09-22 21:09:59
2025-09-22 21:10:00,297.6,297.4,297.8,297.3,2086437.2,7013,2025-09-22 21:19:59
2025-09-22 21:20:00,297.4,297.0,297.8,297.0,2801497.0,9415,2025-09-22 21:29:59
2025-09-22 21:30:00,297.0,297.1,297.1,296.8,1429456.9000000001,4815,2025-09-22 21:39:59
2025-09-22 21:40:00,296.9,297.5,297.5,296.9,2479231.9,8345,2025-09-22 21:49:59
2025-09-22 21:50:00,297.5,297.6,297.7,297.3,2325839.1999999997,7815,2025-09-22 21:59:59
2025-09-22 22:00:00,297.4,297.2,297.6,297.0,608305.5000000001,2046,2025-09-22 22:09:59
2025-09-22 22:10:00,297.2,297.2,297.4,297.0,534829.3,1800,2025-09-22 22:19:59
2025-09-22 22:20:00,297.2,297.3,297.3,297.1,282649.5,951,2025-09-22 22:29:59
2025-09-22 22:30:00,297.3,297.2,297.4,297.1,1431260.7000000002,4816,2025-09-22 22:39:59
2025-09-22 22:40:00,297.2,297.2,297.2,297.1,331598.50000000006,1116,2025-09-22 22:49:59
2025-09-22 22:50:00,297.2,297.2,297.3,297.0,959932.7000000001,3231,2025-09-22 22:59:59
2025-09-22 23:00:00,297.2,296.3,297.2,296.3,5700762.5,19203,2025-09-22 23:09:59
2025-09-22 23:10:00,296.3,296.7,296.7,296.2,3065042.9999999995,10340,2025-09-22 23:19:59
2025-09-22 23:20:00,296.7,296.8,297.0,296.5,2386271.8,8043,2025-09-22 23:29:59
2025-09-22 23:30:00,296.6,296.4,296.9,296.2,2392622.6,8067,2025-09-22 23:39:59
2025-09-22 23:40:00,296.4,296.3,296.5,296.0,5966069.400000001,20144,2025-09-22 23:49:59
2025-09-23 06:50:00,298.0,298.0,298.0,298.0,239294.0,803,2025-09-23 06:59:59
2025-09-23 07:00:00,297.8,297.5,298.4,296.4,6719505.800000001,22568,2025-09-23 07:09:59
2025-09-23 07:10:00,297.4,298.0,298.2,297.3,3202684.8999999994,10756,2025-09-23 07:19:59
2025-09-23 07:20:00,298.2,298.0,298.2,297.5,1141289.6,3832,2025-09-23 07:29:59
2025-09-23 07:30:00,298.0,298.1,299.1,297.9,4472145.3999999985,14976,2025-09-23 07:39:59
2025-09-23 07:40:00,298.3,297.5,298.3,297.0,3434799.6,11542,2025-09-23 07:49:59
2025-09-23 07:50:00,297.2,297.2,297.5,297.0,163735.89999999997,551,2025-09-23 07:59:59
2025-09-23 08:00:00,297.0,297.4,297.4,296.8,456546.50000000006,1537,2025-09-23 08:09:59
2025-09-23 08:10:00,297.4,297.6,297.6,297.1,579137.1,1948,2025-09-23 08:19:59
2025-09-23 08:20:00,297.2,297.0,297.2,296.8,1086121.4000000001,3658,2025-09-23 08:29:59
2025-09-23 08:30:00,296.8,297.3,297.4,296.8,512211.1,1725,2025-09-23 08:39:59
2025-09-23 08:40:00,297.3,297.0,297.3,297.0,740939.7000000001,2493,2025-09-23 08:49:59
2025-09-23 08:50:00,297.0,296.8,297.3,296.8,517092.70000000007,1741,2025-09-23 08:59:59
2025-09-23 09:00:00,296.9,296.9,297.2,296.7,2243931.9999999995,7557,2025-09-23 09:09:59
2025-09-23 09:10:00,296.8,296.8,297.0,296.7,496204.1,1672,2025-09-23 09:19:59
2025-09-23 09:20:00,296.7,296.8,297.0,296.4,649190.9000000001,2189,2025-09-23 09:29:59
2025-09-23 09:30:00,297.0,297.9,298.3,296.7,8935921.399999999,29997,2025-09-23 09:39:59
2025-09-23 09:40:00,297.9,298.8,299.1,297.9,3276487.2,10973,2025-09-23 09:49:59
2025-09-23 09:50:00,298.7,298.3,298.7,298.1,3762658.8,12612,2025-09-23 09:59:59
2025-09-23 10:00:00,298.3,296.5,298.6,296.0,15200223.200000001,51194,2025-09-23 10:09:59
2025-09-23 10:10:00,296.5,296.8,297.5,296.4,10403453.399999997,35043,2025-09-23 10:19:59
2025-09-23 10:20:00,296.8,296.7,297.6,296.6,4890406.6,16472,2025-09-23 10:29:59
2025-09-23 10:30:00,296.6,297.1,297.6,296.3,7667079.300000001,25816,2025-09-23 10:39:59
2025-09-23 10:40:00,297.0,295.4,297.0,295.1,15054198.8,50882,2025-09-23 10:49:59
2025-09-23 10:50:00,295.4,295.8,295.9,295.2,5772246.3,19532,2025-09-23 10:59:59
2025-09-23 11:00:00,295.8,294.4,295.8,294.3,16160312.400000004,54804,2025-09-23 11:09:59
2025-09-23 11:10:00,294.4,293.9,295.0,292.8,45869375.4,156073,2025-09-23 11:19:59
2025-09-23 11:20:00,293.9,294.7,294.9,293.8,8101587.100000001,27518,2025-09-23 11:29:59
2025-09-23 11:30:00,294.7,295.1,295.1,293.6,43654213.3,148300,2025-09-23 11:39:59
2025-09-23 11:40:00,295.1,295.5,295.6,294.7,8302263.000000002,28130,2025-09-23 11:49:59
2025-09-23 11:50:00,295.5,296.0,296.2,295.4,24530313.3,82889,2025-09-23 11:59:59
2025-09-23 12:00:00,296.1,297.2,297.2,296.0,10356013.600000001,34919,2025-09-23 12:09:59
2025-09-23 12:10:00,297.2,297.0,297.4,296.7,5546261.699999999,18672,2025-09-23 12:19:59
2025-09-23 12:20:00,297.1,298.2,298.3,297.0,10833142.499999998,36398,2025-09-23 12:29:59
2025-09-23 12:30:00,298.3,298.6,300.0,297.6,68508834.00000012,229091,2025-09-23 12:39:59
2025-09-23 12:40:00,298.6,298.3,299.0,298.2,14137453.899999997,47344,2025-09-23 12:49:59
2025-09-23 12:50:00,298.3,298.3,298.7,298.3,3769628.200000001,12630,2025-09-23 12:59:59
2025-09-23 13:00:00,298.3,298.2,298.8,297.9,5651671.2,18947,2025-09-23 13:09:59
2025-09-23 13:10:00,298.1,298.7,298.8,298.0,5333180.899999998,17864,2025-09-23 13:19:59
2025-09-23 13:20:00,298.7,298.2,298.8,297.9,13007314.200000001,43592,2025-09-23 13:29:59
2025-09-23 13:30:00,298.2,298.0,298.4,297.9,5754342.400000001,19305,2025-09-23 13:39:59
2025-09-23 13:40:00,298.1,298.2,298.5,298.0,3056230.6999999997,10250,2025-09-23 13:49:59
2025-09-23 13:50:00,298.2,299.1,299.3,298.2,10408011.0,34814,2025-09-23 13:59:59
2025-09-23 14:00:00,299.1,298.9,299.2,298.6,7661077.199999997,25622,2025-09-23 14:09:59
2025-09-23 14:10:00,298.9,299.0,299.5,298.8,11738480.099999996,39240,2025-09-23 14:19:59
2025-09-23 14:20:00,299.0,299.8,299.9,299.0,5580032.699999999,18636,2025-09-23 14:29:59
2025-09-23 14:30:00,299.8,300.0,300.9,299.8,27773534.199999988,92461,2025-09-23 14:39:59
2025-09-23 14:40:00,300.1,300.7,300.7,300.0,10852154.700000001,36131,2025-09-23 14:49:59
2025-09-23 14:50:00,300.6,300.5,300.8,300.4,6017367.1,20020,2025-09-23 14:59:59
2025-09-23 15:00:00,300.6,300.7,302.0,300.6,31015003.9,102949,2025-09-23 15:09:59
2025-09-23 15:10:00,300.9,300.3,301.1,300.2,5031012.200000002,16739,2025-09-23 15:19:59
2025-09-23 15:20:00,300.2,299.9,300.3,299.2,17725210.3,59152,2025-09-23 15:29:59
2025-09-23 15:30:00,299.9,299.8,300.2,299.3,15731319.299999993,52503,2025-09-23 15:39:59
2025-09-23 15:40:00,299.8,299.7,300.1,299.5,6279102.600000001,20946,2025-09-23 15:49:59
2025-09-23 15:50:00,299.8,299.9,299.9,299.5,6955356.000000001,23209,2025-09-23 15:59:59
2025-09-23 16:00:00,299.8,300.9,301.7,299.8,21686820.200000003,72051,2025-09-23 16:09:59
2025-09-23 16:10:00,300.9,301.1,301.1,300.1,15202038.800000003,50569,2025-09-23 16:19:59
2025-09-23 16:20:00,301.0,302.2,302.6,301.0,21451755.7,71014,2025-09-23 16:29:59
2025-09-23 16:30:00,302.2,302.2,302.4,301.4,19407235.700000003,64271,2025-09-23 16:39:59
2025-09-23 16:40:00,302.1,302.0,302.2,301.5,6558928.299999999,21730,2025-09-23 16:49:59
2025-09-23 16:50:00,301.9,301.9,302.0,301.6,5961858.6,19754,2025-09-23 16:59:59
2025-09-23 17:00:00,302.0,302.3,303.5,301.8,19826787.0,65493,2025-09-23 17:09:59
2025-09-23 17:10:00,302.3,301.7,303.0,301.5,14572247.899999999,48222,2025-09-23 17:19:59
2025-09-23 17:20:00,301.6,302.0,302.4,301.5,10407410.200000001,34466,2025-09-23 17:29:59
2025-09-23 17:30:00,302.0,302.1,302.1,300.4,18598340.10000001,61720,2025-09-23 17:39:59
2025-09-23 17:40:00,301.9,302.1,302.1,301.3,5677168.0,18813,2025-09-23 17:49:59
2025-09-23 17:50:00,302.1,302.4,302.5,302.1,2196576.1,7265,2025-09-23 17:59:59
2025-09-23 18:00:00,302.4,302.9,304.1,302.4,39978169.59999999,131731,2025-09-23 18:09:59
2025-09-23 18:10:00,303.0,302.7,303.4,302.3,25081388.2,82819,2025-09-23 18:19:59
2025-09-23 18:20:00,302.8,303.0,303.0,302.6,7351840.399999999,24273,2025-09-23 18:29:59
2025-09-23 18:30:00,303.0,302.3,303.0,302.1,13973879.400000017,46213,2025-09-23 18:39:59
2025-09-23 18:40:00,301.8,301.8,301.8,301.8,7576990.799999999,25106,2025-09-23 18:48:08
2025-09-23 19:00:00,302.1,302.2,302.3,301.8,4489647.9,14858,2025-09-23 19:09:59
2025-09-23 19:10:00,302.0,301.5,302.2,301.2,24759581.700000003,82024,2025-09-23 19:19:59
2025-09-23 19:20:00,301.4,301.5,301.7,301.1,9223873.099999998,30605,2025-09-23 19:29:59
2025-09-23 19:30:00,301.4,301.7,302.0,301.4,4689687.800000001,15541,2025-09-23 19:39:59
2025-09-23 19:40:00,301.6,301.7,301.7,300.5,14106695.7,46861,2025-09-23 19:49:59
2025-09-23 19:50:00,301.7,301.9,302.0,301.7,13282408.199999997,43996,2025-09-23 19:59:59
2025-09-23 20:00:00,301.9,302.9,303.8,301.8,19350886.099999998,63853,2025-09-23 20:09:59
2025-09-23 20:10:00,303.0,302.4,303.0,302.4,6256080.599999999,20661,2025-09-23 20:19:59
2025-09-23 20:20:00,302.5,302.5,302.5,302.3,2043639.5999999999,6759,2025-09-23 20:29:59
2025-09-23 20:30:00,302.4,302.3,302.6,301.2,22985044.099999998,76122,2025-09-23 20:39:59
2025-09-23 20:40:00,302.2,302.1,302.3,301.2,9599470.0,31816,2025-09-23 20:49:59
2025-09-23 20:50:00,302.0,301.1,302.0,300.9,5736201.299999999,19021,2025-09-23 20:59:59
2025-09-23 21:00:00,300.9,301.9,302.1,300.2,21567043.800000004,71586,2025-09-23 21:09:59
2025-09-23 21:10:00,301.9,302.3,302.3,301.8,4037459.3999999994,13365,2025-09-23 21:19:59
2025-09-23 21:20:00,302.1,302.5,302.9,302.1,5802888.6,19177,2025-09-23 21:29:59
2025-09-23 21:30:00,302.6,302.1,302.6,301.9,1270208.8000000003,4205,2025-09-23 21:39:59
2025-09-23 21:40:00,302.1,302.2,302.3,301.9,1240412.1,4107,2025-09-23 21:49:59
2025-09-23 21:50:00,302.2,299.9,302.2,299.8,27591385.400000006,91636,2025-09-23 21:59:59
2025-09-23 22:00:00,299.8,298.5,299.9,296.1,86950507.70000005,291354,2025-09-23 22:09:59
2025-09-23 22:10:00,298.5,297.2,298.9,295.0,80526482.19999999,271388,2025-09-23 22:19:59
2025-09-23 22:20:00,297.1,297.1,299.5,295.8,36041678.7,121172,2025-09-23 22:29:59
2025-09-23 22:30:00,297.1,296.0,297.3,295.9,16312914.0,54995,2025-09-23 22:39:59
2025-09-23 22:40:00,296.0,296.1,296.4,294.0,48538971.699999996,164479,2025-09-23 22:49:59
2025-09-23 22:50:00,296.1,293.3,296.3,293.0,42528393.900000006,144512,2025-09-23 22:59:59
2025-09-23 23:00:00,293.2,292.9,294.1,291.0,50007586.19999998,171036,2025-09-23 23:09:59
2025-09-23 23:10:00,292.8,291.9,292.9,290.3,27172623.899999995,93151,2025-09-23 23:19:59
2025-09-23 23:20:00,291.8,292.5,292.7,291.5,14555263.700000001,49826,2025-09-23 23:29:59
2025-09-23 23:30:00,292.7,293.3,293.9,292.4,13621856.8,46454,2025-09-23 23:39:59
2025-09-23 23:40:00,293.3,293.2,294.1,292.4,19237294.7,65616,2025-09-23 23:49:59
2025-09-24 06:50:00,293.5,293.5,293.5,293.5,690312.0,2352,2025-09-24 06:59:59
2025-09-24 07:00:00,293.6,293.2,294.4,292.2,14217418.4,48478,2025-09-24 07:09:59
2025-09-24 07:10:00,293.1,293.9,294.2,292.5,7402924.899999999,25246,2025-09-24 07:19:59
2025-09-24 07:20:00,293.8,294.0,294.3,293.5,3114136.4,10592,2025-09-24 07:29:59
2025-09-24 07:30:00,294.1,294.5,294.5,293.8,2295136.4,7798,2025-09-24 07:39:59
2025-09-24 07:40:00,294.5,293.6,294.5,293.6,5746867.9,19548,2025-09-24 07:49:59
2025-09-24 07:50:00,293.6,293.9,294.1,293.4,4753992.0,16188,2025-09-24 07:59:59
2025-09-24 08:00:00,293.6,293.5,294.0,293.4,1801589.0,6137,2025-09-24 08:09:59
2025-09-24 08:10:00,293.8,292.3,293.8,292.0,7031263.0,24009,2025-09-24 08:19:59
2025-09-24 08:20:00,292.3,292.9,293.0,292.2,927607.4,3170,2025-09-24 08:29:59
2025-09-24 08:30:00,292.9,292.5,293.3,292.2,4070580.6,13897,2025-09-24 08:39:59
2025-09-24 08:40:00,292.3,293.0,293.0,292.2,3791316.4,12959,2025-09-24 08:49:59
2025-09-24 08:50:00,292.8,293.0,293.1,292.7,3367038.4,11496,2025-09-24 08:59:59
2025-09-24 09:00:00,293.0,291.4,293.1,290.5,21120681.700000003,72458,2025-09-24 09:09:59
2025-09-24 09:10:00,291.5,289.6,291.5,289.4,16408639.900000004,56550,2025-09-24 09:19:59
2025-09-24 09:20:00,289.7,290.2,290.8,289.1,20812211.999999996,71736,2025-09-24 09:29:59
2025-09-24 09:30:00,290.2,290.7,291.3,290.2,12656449.000000002,43567,2025-09-24 09:39:59
2025-09-24 09:40:00,290.7,290.2,290.7,289.5,6050638.699999994,20860,2025-09-24 09:49:59
2025-09-24 09:50:00,290.2,290.4,290.7,290.1,3691971.9999999995,12707,2025-09-24 09:59:59
2025-09-24 10:00:00,290.4,288.8,290.5,288.6,33621124.2,116203,2025-09-24 10:09:59
2025-09-24 10:10:00,288.8,290.8,291.0,288.5,28844288.799999997,99548,2025-09-24 10:19:59
2025-09-24 10:20:00,290.9,291.0,291.3,290.4,13404717.999999996,46070,2025-09-24 10:29:59
2025-09-24 10:30:00,291.1,291.6,291.7,290.7,12974207.800000003,44550,2025-09-24 10:39:59
2025-09-24 10:40:00,291.4,291.3,292.5,291.3,11665600.999999998,39966,2025-09-24 10:49:59
2025-09-24 10:50:00,291.3,292.6,292.8,291.3,4249338.3,14551,2025-09-24 10:59:59
2025-09-24 11:00:00,292.4,293.0,293.2,291.8,15890948.3,54316,2025-09-24 11:09:59
2025-09-24 11:10:00,293.2,294.2,294.2,293.0,13306707.600000001,45335,2025-09-24 11:19:59
2025-09-24 11:20:00,294.2,295.2,295.5,293.8,26799229.099999998,90933,2025-09-24 11:29:59
2025-09-24 11:30:00,295.1,295.5,295.5,295.0,12198521.7,41320,2025-09-24 11:39:59
2025-09-24 11:40:00,295.4,295.1,295.4,295.0,10628830.400000002,36017,2025-09-24 11:49:59
2025-09-24 11:50:00,295.2,296.0,296.0,294.0,21227596.799999997,71989,2025-09-24 11:59:59
2025-09-24 12:00:00,296.0,295.5,296.0,295.2,7874954.2,26650,2025-09-24 12:09:59
2025-09-24 12:10:00,295.4,295.2,295.5,294.5,15638229.000000002,53045,2025-09-24 12:19:59
2025-09-24 12:20:00,295.3,295.6,296.5,295.3,32075599.800000004,108414,2025-09-24 12:29:59
2025-09-24 12:30:00,295.6,296.5,296.7,295.5,7172558.3,24219,2025-09-24 12:39:59
2025-09-24 12:40:00,296.5,297.0,297.2,296.3,16303739.299999999,54923,2025-09-24 12:49:59
2025-09-24 12:50:00,297.0,297.1,297.2,296.5,18448585.400000002,62129,2025-09-24 12:59:59
2025-09-24 13:00:00,297.1,297.0,297.1,296.2,11538646.700000001,38890,2025-09-24 13:09:59
2025-09-24 13:10:00,297.0,296.9,297.1,296.6,4158626.900000001,14012,2025-09-24 13:19:59
2025-09-24 13:20:00,296.9,297.0,297.2,296.6,2026117.799999999,6825,2025-09-24 13:29:59
2025-09-24 13:30:00,297.0,296.3,297.0,295.7,11124559.700000001,37579,2025-09-24 13:39:59
2025-09-24 13:40:00,296.3,296.7,297.1,296.2,1905653.2000000002,6419,2025-09-24 13:49:59
2025-09-24 13:50:00,296.5,296.4,296.7,296.2,2276140.5999999996,7678,2025-09-24 13:59:59
2025-09-24 14:00:00,296.4,296.7,296.7,295.5,7976126.400000002,26935,2025-09-24 14:09:59
2025-09-24 14:10:00,296.7,297.0,297.1,296.4,25091003.999999985,84489,2025-09-24 14:19:59
2025-09-24 14:20:00,297.0,296.6,297.0,294.9,20577600.700000003,69571,2025-09-24 14:29:59
2025-09-24 14:30:00,296.6,295.8,296.8,295.8,3336894.8,11262,2025-09-24 14:39:59
2025-09-24 14:40:00,295.9,296.7,296.7,295.9,3215627.1999999997,10845,2025-09-24 14:49:59
2025-09-24 14:50:00,296.7,296.6,296.7,296.4,5613352.399999999,18923,2025-09-24 14:59:59
2025-09-24 15:00:00,296.7,296.4,296.7,296.3,4234585.7,14278,2025-09-24 15:09:59
2025-09-24 15:10:00,296.5,296.6,296.7,296.3,4625271.1,15595,2025-09-24 15:19:59
2025-09-24 15:20:00,296.5,295.7,296.5,295.4,5762809.6,19467,2025-09-24 15:29:59
2025-09-24 15:30:00,295.6,296.0,296.8,295.6,4549608.0,15352,2025-09-24 15:39:59
2025-09-24 15:40:00,296.2,297.2,297.2,295.8,20535534.099999998,69194,2025-09-24 15:49:59
2025-09-24 15:50:00,297.2,296.6,297.5,296.3,6998004.600000001,23578,2025-09-24 15:59:59
2025-09-24 16:00:00,296.5,297.3,298.5,296.0,26278052.9,88351,2025-09-24 16:09:59
2025-09-24 16:10:00,297.3,298.1,298.2,297.3,6678644.199999999,22418,2025-09-24 16:19:59
2025-09-24 16:20:00,298.2,298.3,298.7,298.0,5489000.300000001,18393,2025-09-24 16:29:59
2025-09-24 16:30:00,298.3,297.4,298.3,297.4,3758703.7,12620,2025-09-24 16:39:59
2025-09-24 16:40:00,297.5,297.3,298.1,297.1,3260170.5000000005,10959,2025-09-24 16:49:59
2025-09-24 16:50:00,297.3,297.7,298.2,297.3,4524332.600000001,15185,2025-09-24 16:59:59
2025-09-24 17:00:00,298.1,297.2,298.1,296.9,5682165.400000002,19109,2025-09-24 17:09:59
2025-09-24 17:10:00,297.4,296.8,297.5,296.3,10111992.6,34058,2025-09-24 17:19:59
2025-09-24 17:20:00,296.7,295.2,296.7,295.1,15315396.6,51795,2025-09-24 17:29:59
2025-09-24 17:30:00,295.2,295.8,296.0,295.2,10846473.8,36696,2025-09-24 17:39:59
2025-09-24 17:40:00,295.7,296.4,296.6,295.3,11795317.000000004,39833,2025-09-24 17:49:59
2025-09-24 17:50:00,296.5,296.5,297.2,296.4,7290764.300000001,24562,2025-09-24 17:59:59
2025-09-24 18:00:00,296.4,296.2,296.8,296.2,4092363.6,13808,2025-09-24 18:09:59
2025-09-24 18:10:00,296.3,296.2,296.6,296.1,1106585.7,3734,2025-09-24 18:19:59
2025-09-24 18:20:00,296.3,296.5,296.6,296.2,1231366.6,4153,2025-09-24 18:29:59
2025-09-24 18:30:00,296.5,296.0,296.6,295.7,6341321.200000001,21418,2025-09-24 18:39:59
2025-09-24 18:40:00,295.8,295.8,295.8,295.8,913134.6,3087,2025-09-24 18:49:59
2025-09-24 19:00:00,296.1,296.1,296.4,295.9,1299705.7000000002,4391,2025-09-24 19:09:59
2025-09-24 19:10:00,296.0,295.9,296.2,295.8,2044361.3,6911,2025-09-24 19:19:59
2025-09-24 19:20:00,295.8,295.7,295.8,295.0,6073891.699999999,20569,2025-09-24 19:29:59
2025-09-24 19:30:00,295.8,295.5,296.1,295.3,714244.0,2417,2025-09-24 19:39:59
2025-09-24 19:40:00,295.5,295.8,295.8,295.4,326088.2,1103,2025-09-24 19:49:59
2025-09-24 19:50:00,295.8,296.4,296.8,295.8,2816478.9000000004,9506,2025-09-24 19:59:59
2025-09-24 20:00:00,296.6,296.4,296.8,296.4,1710516.1,5767,2025-09-24 20:09:59
2025-09-24 20:10:00,296.4,296.3,296.5,296.0,1922854.7,6492,2025-09-24 20:19:59
2025-09-24 20:20:00,296.3,295.8,296.4,295.3,2025800.2000000004,6853,2025-09-24 20:29:59
2025-09-24 20:30:00,295.5,296.2,296.3,295.3,1196259.5,4043,2025-09-24 20:39:59
2025-09-24 20:40:00,296.3,295.9,296.3,295.7,578324.3,1953,2025-09-24 20:49:59
2025-09-24 20:50:00,295.9,295.6,296.0,295.6,343514.50000000006,1161,2025-09-24 20:59:59
2025-09-24 21:00:00,295.5,295.9,295.9,295.4,358506.9,1213,2025-09-24 21:09:59
2025-09-24 21:10:00,295.8,296.3,296.3,295.6,1857268.2999999993,6273,2025-09-24 21:19:59
2025-09-24 21:20:00,296.3,296.7,296.7,295.9,6358612.400000001,21447,2025-09-24 21:29:59
2025-09-24 21:30:00,296.7,296.5,296.7,296.4,817050.4999999999,2755,2025-09-24 21:39:59
2025-09-24 21:40:00,296.5,296.0,296.7,296.0,1063933.7,3590,2025-09-24 21:49:59
2025-09-24 21:50:00,296.1,296.1,296.3,295.9,725703.0,2450,2025-09-24 21:59:59
2025-09-24 22:00:00,296.4,296.8,296.8,296.2,1097211.5,3698,2025-09-24 22:09:59
2025-09-24 22:10:00,296.8,296.7,296.8,296.5,1252664.1,4221,2025-09-24 22:19:59
2025-09-24 22:20:00,296.8,297.0,297.0,296.8,1840383.0,6199,2025-09-24 22:29:59
2025-09-24 22:30:00,296.9,296.7,297.0,296.7,201599.30000000005,679,2025-09-24 22:39:59
2025-09-24 22:40:00,296.9,296.9,297.0,296.8,186713.90000000002,629,2025-09-24 22:49:59
2025-09-24 22:50:00,296.9,296.7,296.9,296.7,1220849.4,4114,2025-09-24 22:59:59
2025-09-24 23:00:00,296.9,296.7,296.9,296.5,792280.8,2670,2025-09-24 23:09:59
2025-09-24 23:10:00,296.5,296.8,296.9,296.5,1548770.2,5218,2025-09-24 23:19:59
2025-09-24 23:20:00,296.8,297.0,297.1,296.7,2817358.6999999997,9487,2025-09-24 23:29:59
2025-09-24 23:30:00,297.0,297.4,297.7,297.0,3003564.6,10102,2025-09-24 23:39:59
2025-09-24 23:40:00,297.3,297.0,297.7,296.6,1270005.6,4272,2025-09-24 23:49:59
2025-09-25 06:50:00,297.4,297.4,297.4,297.4,2081.8,7,2025-09-25 06:59:59
2025-09-25 07:00:00,297.8,297.1,298.7,297.0,1872394.2000000002,6294,2025-09-25 07:09:59
2025-09-25 07:10:00,297.1,297.7,297.7,297.1,724666.6000000001,2437,2025-09-25 07:19:59
2025-09-25 07:20:00,297.7,297.8,297.8,297.3,718242.7,2413,2025-09-25 07:29:59
2025-09-25 07:30:00,297.8,297.7,297.8,297.3,297239.2,999,2025-09-25 07:39:59
2025-09-25 07:40:00,297.7,297.8,298.0,297.5,2633213.4,8837,2025-09-25 07:49:59
2025-09-25 07:50:00,298.0,298.6,298.6,297.8,13077497.299999999,43879,2025-09-25 07:59:59
2025-09-25 08:00:00,298.6,298.2,298.8,297.9,6651924.5,22290,2025-09-25 08:09:59
2025-09-25 08:10:00,298.2,298.1,298.2,297.9,1109896.7999999998,3723,2025-09-25 08:19:59
2025-09-25 08:20:00,298.1,298.0,298.2,297.9,2072691.4,6955,2025-09-25 08:29:59
2025-09-25 08:30:00,298.0,298.1,298.1,297.7,3436760.0999999996,11536,2025-09-25 08:39:59
2025-09-25 08:40:00,298.1,297.6,298.1,297.6,826749.3,2777,2025-09-25 08:49:59
2025-09-25 08:50:00,297.6,297.9,298.4,297.5,1785750.2999999998,5992,2025-09-25 08:58:02
2025-09-25 09:00:00,298.0,297.4,298.0,297.4,4875105.1000000015,16379,2025-09-25 09:09:59
2025-09-25 09:10:00,297.4,297.3,297.6,297.0,5480464.7,18441,2025-09-25 09:19:59
2025-09-25 09:20:00,297.3,297.9,297.9,297.2,1161409.4000000001,3902,2025-09-25 09:29:59
2025-09-25 09:30:00,298.0,298.0,298.0,297.7,1117096.1000000003,3749,2025-09-25 09:39:59
2025-09-25 09:40:00,298.0,297.9,298.0,297.6,644640.2000000001,2164,2025-09-25 09:49:59
2025-09-25 09:50:00,298.0,298.0,298.0,297.8,569138.1,1910,2025-09-25 09:59:59
2025-09-25 10:00:00,298.0,298.1,298.6,297.9,10122180.100000001,33947,2025-09-25 10:09:59
2025-09-25 10:10:00,298.2,299.2,299.3,297.9,13513366.1,45233,2025-09-25 10:19:59
2025-09-25 10:20:00,299.2,298.1,299.3,298.1,9792992.799999999,32781,2025-09-25 10:29:59
2025-09-25 10:30:00,298.1,297.2,298.4,296.5,24117521.800000004,81133,2025-09-25 10:39:59
2025-09-25 10:40:00,297.0,297.2,297.6,297.0,1897134.5999999996,6381,2025-09-25 10:49:59
2025-09-25 10:50:00,297.2,297.0,297.3,296.6,6378459.799999999,21479,2025-09-25 10:59:59
2025-09-25 11:00:00,296.9,296.7,297.0,296.5,2779309.9000000004,9365,2025-09-25 11:09:59
2025-09-25 11:10:00,296.7,297.0,297.0,296.5,3825291.2999999993,12895,2025-09-25 11:19:59
2025-09-25 11:20:00,297.0,297.1,297.2,296.9,3742890.2,12599,2025-09-25 11:29:59
2025-09-25 11:30:00,297.1,298.7,298.8,297.1,6822999.100000001,22895,2025-09-25 11:39:59
2025-09-25 11:40:00,298.6,297.9,298.7,297.7,4955930.0,16622,2025-09-25 11:49:59
2025-09-25 11:50:00,298.3,297.9,298.3,297.7,881191.5,2957,2025-09-25 11:59:59
2025-09-25 12:00:00,298.1,297.6,298.2,297.4,159944.19999999998,537,2025-09-25 12:09:59
2025-09-25 12:10:00,297.4,297.6,297.9,297.0,3808447.6999999965,12807,2025-09-25 12:19:59
2025-09-25 12:20:00,297.5,298.9,299.0,297.5,10317967.5,34559,2025-09-25 12:29:59
2025-09-25 12:30:00,299.0,298.3,299.0,298.2,6521705.699999999,21842,2025-09-25 12:39:59
2025-09-25 12:40:00,298.2,298.8,299.0,298.1,8086763.899999999,27078,2025-09-25 12:49:59
2025-09-25 12:50:00,298.9,298.5,298.9,298.3,4881714.699999999,16352,2025-09-25 12:59:59
2025-09-25 13:00:00,298.6,298.2,298.8,298.0,657087.0999999999,2202,2025-09-25 13:09:59
2025-09-25 13:10:00,298.5,297.8,298.5,297.8,679738.7,2280,2025-09-25 13:19:59
2025-09-25 13:20:00,297.8,298.1,298.3,297.8,2102665.0,7056,2025-09-25 13:29:59
2025-09-25 13:30:00,298.0,297.8,298.4,297.8,2809369.8,9423,2025-09-25 13:39:59
2025-09-25 13:40:00,297.9,298.4,298.4,297.8,999496.3,3352,2025-09-25 13:49:59
2025-09-25 13:50:00,298.4,297.9,298.4,297.9,1516070.4,5084,2025-09-25 13:59:59
2025-09-25 14:00:00,297.9,297.8,298.0,297.7,1287130.5,4322,2025-09-25 14:09:59
2025-09-25 14:10:00,297.8,298.8,298.8,297.8,3725320.1,12486,2025-09-25 14:19:59
2025-09-25 14:20:00,298.8,299.0,299.7,298.7,13296868.300000003,44441,2025-09-25 14:29:59
2025-09-25 14:30:00,299.1,299.1,299.5,299.0,4103203.6,13715,2025-09-25 14:39:59
2025-09-25 14:40:00,299.0,299.3,299.5,298.6,13072856.799999999,43722,2025-09-25 14:49:59
2025-09-25 14:50:00,299.3,299.0,299.5,299.0,2407036.4,8041,2025-09-25 14:59:59
2025-09-25 15:00:00,299.0,298.6,299.4,298.5,3050392.8000000003,10202,2025-09-25 15:09:59
2025-09-25 15:10:00,298.7,298.6,298.8,298.5,1342974.4000000001,4497,2025-09-25 15:19:59
2025-09-25 15:20:00,298.6,298.1,298.8,298.0,7864244.199999999,26373,2025-09-25 15:29:59
2025-09-25 15:30:00,298.2,298.1,298.3,298.1,734727.2,2464,2025-09-25 15:39:59
2025-09-25 15:40:00,298.2,297.2,298.2,296.9,12939119.000000004,43495,2025-09-25 15:49:59
2025-09-25 15:50:00,297.2,296.6,297.2,296.3,10934469.2,36868,2025-09-25 15:59:59
2025-09-25 16:00:00,296.6,297.0,297.1,296.5,7877786.499999999,26533,2025-09-25 16:09:59
2025-09-25 16:10:00,296.8,297.1,297.2,296.8,745130.9999999998,2508,2025-09-25 16:19:59
2025-09-25 16:20:00,297.1,296.9,297.1,296.8,821262.7000000002,2767,2025-09-25 16:29:59
2025-09-25 16:30:00,296.9,296.1,297.1,296.0,9249967.9,31187,2025-09-25 16:39:59
2025-09-25 16:40:00,296.3,296.9,297.0,296.1,5057258.800000001,17055,2025-09-25 16:49:59
2025-09-25 16:50:00,296.8,296.7,296.8,296.3,2207185.0,7444,2025-09-25 16:59:59
2025-09-25 17:00:00,296.7,297.0,297.2,296.6,3422067.3999999994,11522,2025-09-25 17:09:59
2025-09-25 17:10:00,296.9,297.2,297.2,296.7,1380792.2,4650,2025-09-25 17:19:59
2025-09-25 17:20:00,297.2,297.1,297.2,297.0,1522242.9,5122,2025-09-25 17:29:59
2025-09-25 17:30:00,297.2,297.0,297.2,296.8,1541748.4000000001,5192,2025-09-25 17:39:59
2025-09-25 17:40:00,296.9,296.9,297.0,296.8,852804.2999999999,2872,2025-09-25 17:49:59
2025-09-25 17:50:00,296.8,296.6,296.9,296.5,1967714.7,6633,2025-09-25 17:59:59
2025-09-25 18:00:00,296.7,295.7,296.7,295.5,9181792.199999997,31016,2025-09-25 18:09:59
2025-09-25 18:10:00,295.7,294.8,296.1,294.4,14772267.899999999,50053,2025-09-25 18:19:59
2025-09-25 18:20:00,294.9,294.9,295.3,294.8,9550869.7,32374,2025-09-25 18:29:59
2025-09-25 18:30:00,294.9,294.8,295.1,294.0,10779999.1,36592,2025-09-25 18:39:59
2025-09-25 18:40:00,294.0,294.0,294.0,294.0,6690558.0,22757,2025-09-25 18:49:59
2025-09-25 19:00:00,294.1,294.3,294.6,293.6,21928179.0,74640,2025-09-25 19:09:59
2025-09-25 19:10:00,294.2,293.8,294.4,293.7,4697285.2,15981,2025-09-25 19:19:59
2025-09-25 19:20:00,293.8,293.1,293.8,292.7,7487224.099999999,25548,2025-09-25 19:29:59
2025-09-25 19:30:00,293.0,293.4,293.6,293.0,1947072.5,6638,2025-09-25 19:39:59
2025-09-25 19:40:00,293.2,293.0,293.5,293.0,3504890.3,11953,2025-09-25 19:49:59
2025-09-25 19:50:00,293.0,293.7,293.7,292.2,6785731.9,23177,2025-09-25 19:59:59
2025-09-25 20:00:00,293.7,293.2,293.8,293.2,2887164.700000001,9834,2025-09-25 20:09:59
2025-09-25 20:10:00,293.1,293.6,293.6,293.1,2597892.0,8854,2025-09-25 20:19:59
2025-09-25 20:20:00,293.4,293.0,293.7,292.7,8050187.100000001,27449,2025-09-25 20:29:59
2025-09-25 20:30:00,293.0,293.3,293.4,293.0,1014261.7,3460,2025-09-25 20:39:59
2025-09-25 20:40:00,293.5,293.4,293.8,293.3,1779487.5000000002,6061,2025-09-25 20:49:59
2025-09-25 20:50:00,293.4,293.0,293.4,293.0,1918158.1,6542,2025-09-25 20:59:59
2025-09-25 21:00:00,293.1,293.0,293.1,292.5,3075753.4,10505,2025-09-25 21:09:59
2025-09-25 21:10:00,293.1,293.3,293.4,292.8,1085015.1,3702,2025-09-25 21:19:59
2025-09-25 21:20:00,293.1,293.0,293.3,293.0,1683384.0,5743,2025-09-25 21:29:59
2025-09-25 21:30:00,292.9,292.6,292.9,292.2,2860703.9,9780,2025-09-25 21:39:59
2025-09-25 21:40:00,292.6,292.5,292.7,292.3,2339676.0,8001,2025-09-25 21:49:59
2025-09-25 21:50:00,292.6,292.7,293.0,292.5,1212819.7999999998,4144,2025-09-25 21:59:59
2025-09-25 22:00:00,292.7,292.7,292.8,292.5,713119.6,2437,2025-09-25 22:09:59
2025-09-25 22:10:00,292.8,293.0,293.0,292.6,2147459.2,7336,2025-09-25 22:19:59
2025-09-25 22:20:00,292.9,293.5,293.5,292.9,6824103.800000002,23259,2025-09-25 22:29:59
2025-09-25 22:30:00,293.5,293.3,293.5,293.3,3310561.5,11283,2025-09-25 22:39:59
2025-09-25 22:40:00,293.2,293.4,293.5,293.0,1117370.5,3810,2025-09-25 22:49:59
2025-09-25 22:50:00,293.2,293.5,293.7,293.2,1771109.5,6033,2025-09-25 22:59:04
2025-09-25 23:00:00,293.5,293.8,293.8,293.5,441790.30000000005,1504,2025-09-25 23:09:59
2025-09-25 23:10:00,293.8,292.9,293.8,292.8,1912777.1,6525,2025-09-25 23:19:59
2025-09-25 23:20:00,293.0,293.4,293.4,292.8,1694663.0999999999,5784,2025-09-25 23:29:59
2025-09-25 23:30:00,293.4,294.4,294.4,293.4,4968732.3999999985,16912,2025-09-25 23:39:59
2025-09-25 23:40:00,294.3,294.4,295.2,294.3,4813861.200000001,16324,2025-09-25 23:49:59
2025-09-26 06:50:00,294.4,294.4,294.4,294.4,588.8,2,2025-09-26 06:59:59
2025-09-26 07:00:00,294.8,293.7,295.1,293.5,865011.6,2943,2025-09-26 07:09:59
2025-09-26 07:10:00,294.0,294.0,294.0,293.6,1470575.5,5007,2025-09-26 07:19:59
2025-09-26 07:20:00,294.0,292.8,294.0,292.6,6640200.600000001,22659,2025-09-26 07:29:59
2025-09-26 07:30:00,292.8,291.7,292.8,291.7,5283457.200000001,18077,2025-09-26 07:39:59
2025-09-26 07:40:00,291.6,291.4,292.7,291.4,4809743.1,16479,2025-09-26 07:49:59
2025-09-26 07:50:00,291.8,290.9,291.8,290.4,15203475.600000001,52288,2025-09-26 07:59:59
2025-09-26 08:00:00,290.8,291.4,291.8,290.7,2767141.0,9496,2025-09-26 08:09:59
2025-09-26 08:10:00,291.4,292.1,292.1,291.1,2332517.3000000003,7995,2025-09-26 08:19:59
2025-09-26 08:20:00,292.1,293.4,294.5,291.9,9019673.899999999,30755,2025-09-26 08:29:59
2025-09-26 08:30:00,293.4,293.1,293.4,293.0,163627.7,558,2025-09-26 08:39:59
2025-09-26 08:40:00,293.1,293.9,294.2,293.0,7269221.200000001,24771,2025-09-26 08:49:59
2025-09-26 08:50:00,293.5,293.4,293.9,293.4,797640.0,2716,2025-09-26 08:59:59
2025-09-26 09:00:00,293.8,294.0,294.0,293.7,1931076.3,6572,2025-09-26 09:09:59
2025-09-26 09:10:00,293.9,293.9,294.5,293.8,3243091.5999999996,11030,2025-09-26 09:19:59
2025-09-26 09:20:00,293.9,294.2,294.2,293.9,775515.6,2637,2025-09-26 09:29:59
2025-09-26 09:30:00,294.1,294.3,294.3,294.1,628549.6000000001,2137,2025-09-26 09:39:59
2025-09-26 09:40:00,294.3,294.2,294.5,294.1,936535.3999999999,3182,2025-09-26 09:49:59
2025-09-26 09:50:00,294.3,293.7,294.7,293.5,8257007.6,28078,2025-09-26 09:59:59
2025-09-26 10:00:00,293.5,293.6,294.1,293.4,3670624.8000000003,12489,2025-09-26 10:09:59
2025-09-26 10:10:00,293.5,292.5,293.7,292.5,20559380.099999994,70105,2025-09-26 10:19:59
2025-09-26 10:20:00,292.5,293.1,293.2,291.9,11403089.800000003,39022,2025-09-26 10:29:59
2025-09-26 10:30:00,293.2,292.5,293.3,292.5,1263091.5,4311,2025-09-26 10:39:59
2025-09-26 10:40:00,292.5,292.0,292.8,291.6,13377249.899999999,45782,2025-09-26 10:49:59
2025-09-26 10:50:00,292.0,292.1,292.8,291.9,5613408.400000001,19203,2025-09-26 10:59:59
2025-09-26 11:00:00,292.1,292.5,293.3,292.1,3849065.599999999,13137,2025-09-26 11:09:59
2025-09-26 11:10:00,292.6,293.0,294.0,292.5,29333572.799999997,99909,2025-09-26 11:19:59
2025-09-26 11:20:00,293.2,292.5,293.3,292.1,14603929.000000002,49897,2025-09-26 11:29:59
2025-09-26 11:30:00,292.7,292.8,293.1,292.4,7221428.600000007,24668,2025-09-26 11:39:59
2025-09-26 11:40:00,293.0,293.2,293.3,292.5,6384892.2,21800,2025-09-26 11:49:59
2025-09-26 11:50:00,293.2,292.4,293.2,292.4,16234199.5,55483,2025-09-26 11:59:59
2025-09-26 12:00:00,292.5,292.5,292.8,292.4,18445204.7,63065,2025-09-26 12:09:59
2025-09-26 12:10:00,292.6,293.7,293.8,292.6,8595925.3,29319,2025-09-26 12:19:59
2025-09-26 12:20:00,293.7,293.3,293.8,293.3,3917711.100000002,13342,2025-09-26 12:29:59
2025-09-26 12:30:00,293.3,294.0,294.0,293.0,13870309.299999999,47299,2025-09-26 12:39:59
2025-09-26 12:40:00,293.9,294.6,294.7,293.7,6474702.2,21997,2025-09-26 12:49:59
2025-09-26 12:50:00,294.6,295.0,295.0,294.5,12016040.499999996,40745,2025-09-26 12:59:59
2025-09-26 13:00:00,295.0,294.6,295.0,294.5,9001047.6,30536,2025-09-26 13:09:59
2025-09-26 13:10:00,294.5,295.0,295.0,294.5,7865846.600000001,26672,2025-09-26 13:19:59
2025-09-26 13:20:00,295.0,295.5,296.2,294.9,15883045.8,53745,2025-09-26 13:29:59
2025-09-26 13:30:00,295.5,295.2,295.5,294.8,6283073.899999999,21294,2025-09-26 13:39:59
2025-09-26 13:40:00,295.2,294.8,295.3,294.7,5753242.2,19510,2025-09-26 13:49:59
2025-09-26 13:50:00,294.9,294.9,295.1,294.7,16489735.8,55906,2025-09-26 13:59:59
2025-09-26 14:00:00,294.9,294.9,295.1,294.8,1963148.4000000001,6657,2025-09-26 14:09:59
2025-09-26 14:10:00,295.0,294.3,295.1,293.9,19290701.89999999,65447,2025-09-26 14:19:59
2025-09-26 14:20:00,294.3,294.6,295.0,294.3,3419600.0,11608,2025-09-26 14:29:59
2025-09-26 14:30:00,294.6,294.6,295.1,294.5,3203307.5,10867,2025-09-26 14:39:59
2025-09-26 14:40:00,294.6,294.8,294.8,294.5,3090628.3,10491,2025-09-26 14:49:59
2025-09-26 14:50:00,294.8,295.1,295.2,294.8,2493975.6999999993,8454,2025-09-26 14:59:59
2025-09-26 15:00:00,295.1,294.5,295.2,294.5,2640802.9999999995,8953,2025-09-26 15:09:59
2025-09-26 15:10:00,294.6,294.6,294.8,294.5,375203.1,1274,2025-09-26 15:19:59
2025-09-26 15:20:00,294.6,294.6,294.7,294.5,4806325.6,16319,2025-09-26 15:29:59
2025-09-26 15:30:00,294.6,294.8,295.0,294.5,2320230.9999999995,7874,2025-09-26 15:39:59
2025-09-26 15:40:00,294.8,294.0,294.8,293.7,23664971.899999972,80470,2025-09-26 15:49:59
2025-09-26 15:50:00,294.0,293.8,294.3,293.8,9178639.999999998,31217,2025-09-26 15:59:59
2025-09-26 16:00:00,293.8,293.7,294.1,293.6,4292234.0,14603,2025-09-26 16:09:59
2025-09-26 16:10:00,293.7,293.4,293.9,293.2,5591197.400000002,19046,2025-09-26 16:19:59
2025-09-26 16:20:00,293.4,293.2,293.4,293.1,1466030.2,5000,2025-09-26 16:29:59
2025-09-26 16:30:00,293.2,293.0,293.2,292.9,2710222.5999999978,9247,2025-09-26 16:39:59
2025-09-26 16:40:00,292.9,293.2,293.6,292.9,7971700.899999999,27178,2025-09-26 16:49:59
2025-09-26 16:50:00,293.1,292.7,293.2,292.5,8102830.300000003,27666,2025-09-26 16:59:59
2025-09-26 17:00:00,292.7,292.4,292.7,292.4,2673051.4000000004,9137,2025-09-26 17:09:59
2025-09-26 17:10:00,292.5,293.2,293.3,292.4,12269931.299999997,41940,2025-09-26 17:19:59
2025-09-26 17:20:00,293.3,292.6,293.3,292.4,3428388.6,11715,2025-09-26 17:29:59
2025-09-26 17:30:00,292.7,293.8,294.0,292.7,4537292.399999999,15471,2025-09-26 17:39:59
2025-09-26 17:40:00,293.6,293.6,293.8,293.5,1207767.4999999998,4112,2025-09-26 17:49:59
2025-09-26 17:50:00,293.6,294.0,294.2,293.5,14589540.599999998,49620,2025-09-26 17:59:59
2025-09-26 18:00:00,294.0,293.0,294.3,292.9,10993649.5,37422,2025-09-26 18:09:59
2025-09-26 18:10:00,293.1,293.2,293.3,292.5,4727369.299999999,16144,2025-09-26 18:19:59
2025-09-26 18:20:00,293.2,295.1,295.3,293.1,30377888.300000004,103233,2025-09-26 18:29:59
2025-09-26 18:30:00,295.1,296.1,296.1,295.0,14919686.500000002,50487,2025-09-26 18:39:59
2025-09-26 18:40:00,296.1,296.1,296.1,296.1,2588210.1,8741,2025-09-26 18:49:59
2025-09-26 19:00:00,296.2,296.7,296.9,295.2,5549563.4,18730,2025-09-26 19:09:59
2025-09-26 19:10:00,296.6,296.6,296.9,296.3,5244663.8,17683,2025-09-26 19:19:59
2025-09-26 19:20:00,296.6,298.0,298.0,296.5,14777203.799999997,49704,2025-09-26 19:29:59
2025-09-26 19:30:00,298.0,297.5,298.2,297.0,7090427.300000001,23806,2025-09-26 19:39:59
2025-09-26 19:40:00,297.5,296.8,297.5,296.7,7389221.1,24879,2025-09-26 19:49:59
2025-09-26 19:50:00,296.8,297.7,298.1,296.7,4128776.6999999993,13870,2025-09-26 19:59:59
2025-09-26 20:00:00,297.6,297.7,297.9,297.6,499839.8,1679,2025-09-26 20:09:59
2025-09-26 20:10:00,297.7,297.5,297.8,297.5,1200951.0,4035,2025-09-26 20:19:59
2025-09-26 20:20:00,297.6,298.5,298.9,297.5,12762682.000000004,42739,2025-09-26 20:29:59
2025-09-26 20:30:00,298.5,298.2,298.7,297.9,4450922.100000001,14930,2025-09-26 20:39:59
2025-09-26 20:40:00,298.3,298.7,298.7,298.2,2058423.7,6896,2025-09-26 20:49:59
2025-09-26 20:50:00,298.7,298.7,298.9,298.7,1665946.9000000001,5574,2025-09-26 20:59:59
2025-09-26 21:00:00,298.7,298.3,298.8,298.0,4469856.0,14982,2025-09-26 21:09:59
2025-09-26 21:10:00,298.3,298.8,298.8,298.2,1390567.0000000002,4657,2025-09-26 21:19:59
2025-09-26 21:20:00,298.6,298.6,298.9,298.6,1751389.4,5862,2025-09-26 21:29:59
2025-09-26 21:30:00,298.8,298.5,298.8,298.3,1523587.2,5104,2025-09-26 21:39:59
2025-09-26 21:40:00,298.4,296.9,298.5,296.8,5505326.399999999,18513,2025-09-26 21:49:59
2025-09-26 21:50:00,296.9,297.9,298.3,296.9,2789030.4,9363,2025-09-26 21:59:59
2025-09-26 22:00:00,297.9,297.4,298.0,297.2,2603771.5,8752,2025-09-26 22:09:59
2025-09-26 22:10:00,297.3,296.9,297.5,296.4,7713283.800000003,25988,2025-09-26 22:19:59
2025-09-26 22:20:00,297.1,297.1,297.2,296.6,2872521.0999999996,9676,2025-09-26 22:29:59
2025-09-26 22:30:00,297.0,297.0,297.1,296.8,655330.4999999999,2207,2025-09-26 22:39:59
2025-09-26 22:40:00,297.1,296.8,297.2,296.6,1439891.0999999996,4849,2025-09-26 22:49:59
2025-09-26 22:50:00,296.6,296.6,296.8,296.5,132880.1,448,2025-09-26 22:59:59
2025-09-26 23:00:00,296.5,296.5,296.8,296.5,689295.3999999999,2324,2025-09-26 23:09:59
2025-09-26 23:10:00,296.6,296.7,297.0,296.6,1826210.0999999999,6154,2025-09-26 23:19:59
2025-09-26 23:20:00,296.6,296.8,296.9,296.5,1818076.7999999998,6130,2025-09-26 23:29:59
2025-09-26 23:30:00,296.8,297.2,297.2,296.5,2560057.6999999997,8621,2025-09-26 23:39:59
2025-09-26 23:40:00,297.2,297.2,297.7,296.8,7851064.1,26410,2025-09-26 23:49:59
2025-09-27 09:50:00,297.1,297.1,297.1,297.1,891.3000000000001,3,2025-09-27 09:59:59
2025-09-27 10:00:00,296.6,297.1,297.4,296.2,777187.8999999999,2621,2025-09-27 10:09:59
2025-09-27 10:10:00,297.1,297.5,297.8,297.0,722711.1,2431,2025-09-27 10:19:59
2025-09-27 10:20:00,297.0,296.9,297.2,296.9,54334.8,183,2025-09-27 10:29:59
2025-09-27 10:30:00,296.9,297.6,297.9,296.9,1100383.2,3701,2025-09-27 10:39:59
2025-09-27 10:40:00,297.5,297.1,297.6,296.6,181340.90000000005,611,2025-09-27 10:49:59
2025-09-27 10:50:00,296.7,297.6,297.6,296.5,91759.0,309,2025-09-27 10:59:59
2025-09-27 11:00:00,297.0,297.4,297.5,296.8,217946.6,733,2025-09-27 11:09:59
2025-09-27 11:10:00,297.4,297.7,297.7,297.0,72917.2,245,2025-09-27 11:19:59
2025-09-27 11:20:00,297.2,297.3,297.9,297.2,1097906.2999999996,3687,2025-09-27 11:29:59
2025-09-27 11:30:00,297.3,296.9,297.3,296.9,523756.30000000005,1763,2025-09-27 11:39:59
2025-09-27 11:40:00,296.9,297.0,297.0,296.9,93826.8,316,2025-09-27 11:49:59
2025-09-27 11:50:00,296.9,297.0,297.0,296.9,570532.1000000001,1921,2025-09-27 11:59:02
2025-09-27 12:00:00,296.9,297.5,297.5,296.9,456055.3,1536,2025-09-27 12:09:59
2025-09-27 12:10:00,297.5,297.7,297.7,297.0,73509.6,247,2025-09-27 12:19:59
2025-09-27 12:20:00,297.7,297.2,297.7,297.2,42540.0,143,2025-09-27 12:29:59
2025-09-27 12:30:00,297.7,297.7,297.7,297.3,35719.9,120,2025-09-27 12:39:59
2025-09-27 12:40:00,297.4,297.7,297.7,297.3,17852.0,60,2025-09-27 12:49:59
2025-09-27 12:50:00,297.7,297.8,297.8,297.5,229869.19999999995,772,2025-09-27 12:59:01
2025-09-27 13:00:00,297.5,297.6,297.8,297.3,313404.6,1054,2025-09-27 13:09:59
2025-09-27 13:10:00,297.4,297.7,297.7,297.3,521323.60000000003,1752,2025-09-27 13:19:59
2025-09-27 13:20:00,297.5,297.2,297.7,297.2,156718.19999999998,527,2025-09-27 13:29:59
2025-09-27 13:30:00,297.3,297.6,297.7,297.2,46419.9,156,2025-09-27 13:39:59
2025-09-27 13:40:00,297.6,297.4,297.7,297.4,203556.49999999997,684,2025-09-27 13:49:59
2025-09-27 13:50:00,297.4,297.6,297.7,297.3,378199.60000000003,1271,2025-09-27 13:59:59
2025-09-27 14:00:00,297.7,297.8,297.8,297.6,430459.39999999997,1446,2025-09-27 14:09:59
2025-09-27 14:10:00,297.4,297.4,297.8,297.4,1094098.4000000001,3674,2025-09-27 14:19:59
2025-09-27 14:20:00,297.6,297.4,297.7,297.4,32733.800000000003,110,2025-09-27 14:29:59
2025-09-27 14:30:00,297.4,297.4,297.7,297.4,126726.3,426,2025-09-27 14:39:59
2025-09-27 14:40:00,297.5,297.7,297.7,297.4,38992.0,131,2025-09-27 14:49:59
2025-09-27 14:50:00,297.7,297.5,297.7,297.3,75274.20000000001,253,2025-09-27 14:59:59
2025-09-27 15:00:00,297.6,297.7,297.7,297.4,33912.899999999994,114,2025-09-27 15:09:59
2025-09-27 15:10:00,297.7,297.6,297.7,297.4,6845.7,23,2025-09-27 15:19:59
2025-09-27 15:20:00,297.6,297.4,297.9,297.3,1476295.5999999999,4959,2025-09-27 15:29:59
2025-09-27 15:30:00,297.4,297.5,297.5,297.3,203126.19999999998,683,2025-09-27 15:39:59
2025-09-27 15:40:00,297.4,297.6,297.9,297.3,842363.5000000001,2828,2025-09-27 15:49:59
2025-09-27 15:50:00,297.7,297.9,297.9,297.7,226395.69999999998,760,2025-09-27 15:58:06
2025-09-27 16:00:00,297.9,297.8,297.9,297.8,28297.9,95,2025-09-27 16:09:59
2025-09-27 16:10:00,297.8,297.6,297.9,297.6,775714.7000000001,2604,2025-09-27 16:19:59
2025-09-27 16:20:00,297.8,297.8,298.1,297.5,3337557.3,11201,2025-09-27 16:29:59
2025-09-27 16:30:00,297.8,297.5,297.8,297.5,8334.4,28,2025-09-27 16:39:59
2025-09-27 16:40:00,297.8,297.9,298.0,297.6,18467.8,62,2025-09-27 16:49:59
2025-09-27 16:50:00,297.7,298.0,298.0,297.6,18761.0,63,2025-09-27 16:58:07
2025-09-27 17:00:00,298.0,297.8,298.0,297.7,18459.1,62,2025-09-27 17:09:59
2025-09-27 17:10:00,297.7,297.6,297.7,297.6,38692.8,130,2025-09-27 17:19:59
2025-09-27 17:20:00,297.6,297.9,297.9,297.6,242600.6,815,2025-09-27 17:29:59
2025-09-27 17:30:00,297.7,297.9,297.9,297.4,697990.4000000003,2346,2025-09-27 17:39:59
2025-09-27 17:40:00,297.9,297.6,298.0,297.6,1476829.5999999999,4957,2025-09-27 17:49:59
2025-09-27 17:50:00,297.8,297.8,297.8,297.6,18462.6,62,2025-09-27 17:59:59
2025-09-27 18:00:00,297.7,297.7,297.8,297.7,8039.099999999999,27,2025-09-27 18:09:59
2025-09-27 18:10:00,297.8,297.7,297.8,297.6,3274.7,11,2025-09-27 18:19:59
2025-09-27 18:20:00,297.6,297.2,297.6,296.8,4529639.1,15253,2025-09-27 18:29:59
2025-09-27 18:30:00,297.2,297.4,297.4,296.8,99598.3,335,2025-09-27 18:39:59
2025-09-27 18:40:00,297.0,297.0,297.4,297.0,151490.8,510,2025-09-27 18:49:59
2025-09-27 18:50:00,297.0,297.1,297.4,296.6,1632972.6999999997,5503,2025-09-27 18:59:59
2025-09-28 09:50:00,298.2,298.2,298.2,298.2,33696.6,113,2025-09-28 09:59:59
2025-09-28 10:00:00,298.4,296.9,298.8,296.6,315613.4,1062,2025-09-28 10:09:59
2025-09-28 10:10:00,296.9,296.4,296.9,296.3,985113.6,3323,2025-09-28 10:19:59
2025-09-28 10:20:00,296.4,296.4,296.6,296.3,2501723.0999999996,8439,2025-09-28 10:29:59
2025-09-28 10:30:00,296.3,295.5,296.4,295.5,3874988.699999999,13098,2025-09-28 10:39:59
2025-09-28 10:40:00,295.6,295.7,295.7,294.9,5283337.7,17899,2025-09-28 10:49:59
2025-09-28 10:50:00,295.7,296.3,296.3,295.7,1416678.6,4785,2025-09-28 10:59:59
2025-09-28 11:00:00,296.2,296.4,296.4,296.2,523667.80000000005,1767,2025-09-28 11:09:59
2025-09-28 11:10:00,296.4,295.5,296.4,295.4,1932967.8,6537,2025-09-28 11:19:59
2025-09-28 11:20:00,295.5,295.5,295.5,295.1,2775853.0,9397,2025-09-28 11:29:59
2025-09-28 11:30:00,295.5,295.4,295.5,295.0,981480.0999999996,3325,2025-09-28 11:39:59
2025-09-28 11:40:00,295.5,295.4,295.5,295.2,37522.7,127,2025-09-28 11:49:59
2025-09-28 11:50:00,295.4,295.4,295.5,295.2,99788.5,338,2025-09-28 11:59:59
2025-09-28 12:00:00,295.4,295.4,295.4,295.0,509483.1999999999,1726,2025-09-28 12:09:59
2025-09-28 12:10:00,295.3,295.3,295.4,295.0,308587.30000000005,1046,2025-09-28 12:19:59
2025-09-28 12:20:00,295.2,295.0,295.4,295.0,319212.0,1082,2025-09-28 12:29:59
2025-09-28 12:30:00,295.0,295.4,295.4,295.0,13287.600000000002,45,2025-09-28 12:39:59
2025-09-28 12:40:00,295.4,295.3,295.4,294.9,525788.5,1782,2025-09-28 12:49:59
2025-09-28 12:50:00,295.0,295.0,295.3,294.8,378639.00000000006,1283,2025-09-28 12:59:01
2025-09-28 13:00:00,295.0,295.0,295.0,294.8,573706.5,1945,2025-09-28 13:09:59
2025-09-28 13:10:00,294.8,295.0,295.0,294.8,211508.8,717,2025-09-28 13:19:59
2025-09-28 13:20:00,294.9,295.0,295.0,294.8,504671.2,1711,2025-09-28 13:29:59
2025-09-28 13:30:00,295.0,295.3,295.3,295.0,156674.6,531,2025-09-28 13:39:59
2025-09-28 13:40:00,295.3,295.2,295.4,295.2,26280.200000000004,89,2025-09-28 13:49:59
2025-09-28 13:50:00,295.2,295.3,295.4,295.1,296971.30000000005,1006,2025-09-28 13:59:01
2025-09-28 14:00:00,295.2,295.3,295.3,295.2,2952.2000000000003,10,2025-09-28 14:09:59
2025-09-28 14:10:00,295.2,295.1,295.4,295.1,1189689.2,4031,2025-09-28 14:19:59
2025-09-28 14:20:00,295.1,295.3,295.3,295.1,14762.599999999999,50,2025-09-28 14:29:59
2025-09-28 14:30:00,295.2,295.2,295.3,295.2,366641.7,1242,2025-09-28 14:39:59
2025-09-28 14:40:00,295.3,295.3,295.3,295.1,127824.60000000002,433,2025-09-28 14:49:59
2025-09-28 14:50:00,295.3,295.1,295.3,295.1,65243.299999999996,221,2025-09-28 14:59:02
2025-09-28 15:00:00,295.1,295.2,295.3,295.1,110074.2,373,2025-09-28 15:09:59
2025-09-28 15:10:00,295.2,295.2,295.2,295.1,234978.59999999998,796,2025-09-28 15:19:59
2025-09-28 15:20:00,295.2,295.2,295.3,295.2,263948.4,894,2025-09-28 15:29:59
2025-09-28 15:30:00,295.3,295.5,295.7,295.3,2606433.8000000003,8821,2025-09-28 15:39:59
2025-09-28 15:40:00,295.3,295.3,295.5,295.3,82138.2,278,2025-09-28 15:49:59
2025-09-28 15:50:00,295.3,295.3,295.5,295.2,292401.7,990,2025-09-28 15:59:02
2025-09-28 16:00:00,295.5,295.4,295.5,295.3,7090.1,24,2025-09-28 16:09:59
2025-09-28 16:10:00,295.4,295.4,295.5,295.3,623944.7000000001,2112,2025-09-28 16:19:59
2025-09-28 16:20:00,295.4,295.5,295.8,295.3,656369.8999999999,2220,2025-09-28 16:29:59
2025-09-28 16:30:00,295.6,295.6,295.6,295.4,10639.6,36,2025-09-28 16:39:59
2025-09-28 16:40:00,295.6,295.4,295.7,295.4,89522.2,303,2025-09-28 16:49:59
2025-09-28 16:50:00,295.6,295.3,295.6,295.3,36337.5,123,2025-09-28 16:59:59
2025-09-28 17:00:00,295.4,295.8,295.8,295.3,316659.0,1071,2025-09-28 17:09:59
2025-09-28 17:10:00,295.8,295.8,295.9,295.8,894205.9000000003,3023,2025-09-28 17:19:59
2025-09-28 17:20:00,295.8,295.9,295.9,295.8,77803.1,263,2025-09-28 17:29:59
2025-09-28 17:30:00,295.9,295.9,296.0,295.9,173111.39999999997,585,2025-09-28 17:39:59
2025-09-28 17:40:00,295.8,295.8,296.0,295.8,643385.3,2175,2025-09-28 17:49:59
2025-09-28 17:50:00,295.8,295.8,295.8,295.5,196539.19999999998,665,2025-09-28 17:59:59
2025-09-28 18:00:00,295.5,295.5,295.6,295.5,84221.7,285,2025-09-28 18:09:59
2025-09-28 18:10:00,295.4,295.4,295.4,295.3,68235.6,231,2025-09-28 18:19:59
2025-09-28 18:20:00,295.3,295.1,295.3,294.9,894393.0999999997,3031,2025-09-28 18:29:59
2025-09-28 18:30:00,295.3,295.0,295.4,295.0,219010.40000000002,742,2025-09-28 18:39:59
2025-09-28 18:40:00,295.1,294.5,295.3,294.3,2203140.6000000006,7474,2025-09-28 18:49:59
2025-09-28 18:50:00,294.7,294.9,295.0,294.3,2376811.9,8069,2025-09-28 18:59:59
2025-09-29 06:50:00,295.0,295.0,295.0,295.0,369635.0,1253,2025-09-29 06:59:59
2025-09-29 07:00:00,295.3,295.5,295.9,294.9,5135176.399999999,17378,2025-09-29 07:09:59
2025-09-29 07:10:00,295.6,295.5,295.8,295.5,353830.4,1197,2025-09-29 07:19:59
2025-09-29 07:20:00,295.5,295.8,295.9,295.5,3302204.3,11168,2025-09-29 07:29:59
2025-09-29 07:30:00,295.8,295.7,295.9,295.5,1368448.5000000002,4627,2025-09-29 07:39:59
2025-09-29 07:40:00,295.5,295.6,295.7,295.5,2631151.3,8904,2025-09-29 07:49:59
2025-09-29 07:50:00,295.7,295.8,295.9,295.5,1988781.9000000001,6726,2025-09-29 07:59:01
2025-09-29 08:00:00,295.5,296.2,296.2,295.5,1429126.7000000002,4829,2025-09-29 08:09:59
2025-09-29 08:10:00,296.2,295.8,296.2,295.8,611814.7,2067,2025-09-29 08:19:59
2025-09-29 08:20:00,296.1,296.2,296.2,295.8,194424.59999999998,657,2025-09-29 08:29:59
2025-09-29 08:30:00,296.2,296.0,296.2,296.0,96259.1,325,2025-09-29 08:39:59
2025-09-29 08:40:00,296.0,296.0,296.2,296.0,1412674.5,4770,2025-09-29 08:49:59
2025-09-29 08:50:00,296.2,295.8,296.2,295.5,824390.9000000001,2789,2025-09-29 08:59:59
2025-09-29 09:00:00,295.8,295.1,295.8,294.7,3125480.7,10589,2025-09-29 09:09:59
2025-09-29 09:10:00,295.2,294.8,295.2,294.5,1200634.0999999999,4073,2025-09-29 09:19:59
2025-09-29 09:20:00,294.6,294.8,295.1,294.5,2552804.8000000003,8659,2025-09-29 09:29:59
2025-09-29 09:30:00,294.8,294.5,295.0,294.5,955734.0,3242,2025-09-29 09:39:59
2025-09-29 09:40:00,294.5,294.4,294.6,294.2,5721621.1000000015,19444,2025-09-29 09:49:59
2025-09-29 09:50:00,294.4,294.5,294.6,294.4,3166767.8,10753,2025-09-29 09:59:59
2025-09-29 10:00:00,294.4,295.1,295.2,294.4,6044810.6,20510,2025-09-29 10:09:59
2025-09-29 10:10:00,294.8,294.7,295.1,294.7,1939660.5000000002,6577,2025-09-29 10:19:59
2025-09-29 10:20:00,294.7,295.0,295.0,294.4,1992373.5999999996,6759,2025-09-29 10:29:59
2025-09-29 10:30:00,295.1,295.9,296.1,295.1,6899116.000000001,23339,2025-09-29 10:39:59
2025-09-29 10:40:00,295.9,296.3,296.8,295.9,7872041.6,26564,2025-09-29 10:49:59
2025-09-29 10:50:00,296.4,296.5,296.7,296.2,2332696.2,7870,2025-09-29 10:59:59
2025-09-29 11:00:00,296.6,297.1,297.2,296.6,5520055.800000001,18590,2025-09-29 11:09:59
2025-09-29 11:10:00,297.1,296.8,297.2,296.7,1297505.4,4369,2025-09-29 11:19:59
2025-09-29 11:20:00,296.7,297.4,297.4,296.7,5159279.2,17365,2025-09-29 11:29:59
2025-09-29 11:30:00,297.4,297.4,297.5,297.1,2769142.6,9311,2025-09-29 11:39:59
2025-09-29 11:40:00,297.3,296.6,297.4,296.6,3365538.1999999997,11335,2025-09-29 11:49:59
2025-09-29 11:50:00,296.6,296.3,296.8,296.1,9499410.799999999,32043,2025-09-29 11:59:59
2025-09-29 12:00:00,296.3,297.1,297.3,296.0,4465669.0,15062,2025-09-29 12:09:59
2025-09-29 12:10:00,297.3,297.7,298.0,296.9,9670961.9,32499,2025-09-29 12:19:59
2025-09-29 12:20:00,297.6,297.3,297.6,297.2,633700.7,2131,2025-09-29 12:29:59
2025-09-29 12:30:00,297.3,297.2,297.3,297.1,935814.5,3149,2025-09-29 12:39:59
2025-09-29 12:40:00,297.2,296.8,297.2,296.6,4036158.1,13595,2025-09-29 12:49:59
2025-09-29 12:50:00,296.9,296.9,296.9,296.6,3473166.5999999996,11706,2025-09-29 12:59:59
2025-09-29 13:00:00,296.9,296.5,297.0,296.5,13548866.299999999,45676,2025-09-29 13:09:59
2025-09-29 13:10:00,296.5,296.6,296.6,296.2,4177713.4000000004,14092,2025-09-29 13:19:59
2025-09-29 13:20:00,296.6,296.3,296.9,296.2,1963130.5,6621,2025-09-29 13:29:59
2025-09-29 13:30:00,296.3,296.1,296.4,296.1,871285.4,2941,2025-09-29 13:39:59
2025-09-29 13:40:00,296.2,296.0,296.4,295.5,6008605.5,20320,2025-09-29 13:49:59
2025-09-29 13:50:00,296.0,295.9,296.0,295.5,2622766.8,8866,2025-09-29 13:59:59
2025-09-29 14:00:00,295.9,295.9,296.1,295.6,1551234.4000000001,5246,2025-09-29 14:09:59
2025-09-29 14:10:00,295.8,296.2,296.4,295.8,1952590.7000000007,6593,2025-09-29 14:19:59
2025-09-29 14:20:00,296.1,296.0,296.1,295.7,1310356.9,4428,2025-09-29 14:29:59
2025-09-29 14:30:00,296.1,295.7,296.1,295.5,3674617.0999999987,12427,2025-09-29 14:39:59
2025-09-29 14:40:00,295.8,295.8,295.8,295.6,560756.1000000001,1896,2025-09-29 14:49:59
2025-09-29 14:50:00,295.6,295.6,295.8,295.6,1952176.2,6601,2025-09-29 14:59:59
2025-09-29 15:00:00,295.7,294.5,295.9,294.2,17005307.199999996,57695,2025-09-29 15:09:59
2025-09-29 15:10:00,294.7,294.7,294.7,294.5,2136239.0999999996,7250,2025-09-29 15:19:59
2025-09-29 15:20:00,294.7,294.9,295.0,294.5,2110071.6,7158,2025-09-29 15:29:59
2025-09-29 15:30:00,294.9,294.7,294.9,294.3,6677421.0,22673,2025-09-29 15:39:59
2025-09-29 15:40:00,294.6,294.5,294.8,294.3,3607835.2,12253,2025-09-29 15:49:59
2025-09-29 15:50:00,294.5,294.3,294.6,294.2,5343651.6000000015,18159,2025-09-29 15:59:59
2025-09-29 16:00:00,294.3,294.6,295.0,294.0,23770894.900000002,80725,2025-09-29 16:09:59
2025-09-29 16:10:00,294.6,294.7,294.9,294.3,9589155.9,32545,2025-09-29 16:19:59
2025-09-29 16:20:00,294.7,294.7,294.8,294.2,3315905.4000000004,11261,2025-09-29 16:29:59
2025-09-29 16:30:00,294.7,294.4,294.8,294.4,1029261.8,3493,2025-09-29 16:39:59
2025-09-29 16:40:00,294.4,291.9,294.5,291.5,45838680.30000003,156624,2025-09-29 16:49:59
2025-09-29 16:50:00,291.9,289.1,292.0,288.4,65686535.700000025,226526,2025-09-29 16:59:59
2025-09-29 17:00:00,289.1,286.5,289.3,285.7,95479455.70000012,332321,2025-09-29 17:09:59
2025-09-29 17:10:00,286.5,286.6,287.3,286.2,47829173.399999976,166833,2025-09-29 17:19:59
2025-09-29 17:20:00,286.4,287.1,287.1,286.1,32562421.000000007,113559,2025-09-29 17:29:59
2025-09-29 17:30:00,287.1,286.4,287.2,286.2,18682066.099999998,65187,2025-09-29 17:39:59
2025-09-29 17:40:00,286.4,285.6,286.9,285.5,22784142.800000004,79593,2025-09-29 17:49:59
2025-09-29 17:50:00,285.6,286.1,286.7,285.6,27030681.200000003,94397,2025-09-29 17:59:59
2025-09-29 18:00:00,286.2,285.9,286.2,285.0,47907055.50000001,167737,2025-09-29 18:09:59
2025-09-29 18:10:00,285.9,284.2,286.0,284.1,44641796.69999999,156572,2025-09-29 18:19:59
2025-09-29 18:20:00,284.3,284.4,284.6,282.5,53930604.60000001,190252,2025-09-29 18:29:59
2025-09-29 18:30:00,284.4,283.2,284.5,282.1,31841174.9,112472,2025-09-29 18:39:59
2025-09-29 18:40:00,283.1,283.1,283.1,283.1,4369931.6,15436,2025-09-29 18:49:59
2025-09-29 19:00:00,283.2,284.8,285.0,283.2,26933790.89999999,94749,2025-09-29 19:09:59
2025-09-29 19:10:00,284.9,283.9,284.9,283.2,15976973.100000001,56308,2025-09-29 19:19:59
2025-09-29 19:20:00,283.9,284.7,285.0,283.9,15835666.8,55632,2025-09-29 19:29:59
2025-09-29 19:30:00,284.7,285.0,285.0,284.3,11413280.6,40081,2025-09-29 19:39:59
2025-09-29 19:40:00,285.0,284.9,285.0,284.8,2630776.4,9232,2025-09-29 19:49:59
2025-09-29 19:50:00,284.8,284.4,285.0,283.7,6142647.999999999,21619,2025-09-29 19:59:59
2025-09-29 20:00:00,284.1,283.3,284.1,282.8,19165492.599999994,67637,2025-09-29 20:09:59
2025-09-29 20:10:00,283.2,283.6,283.7,283.1,8930413.500000002,31531,2025-09-29 20:19:59
2025-09-29 20:20:00,283.6,284.1,284.3,283.6,6691118.6,23558,2025-09-29 20:29:59
2025-09-29 20:30:00,284.1,284.0,284.3,283.7,4340334.1,15284,2025-09-29 20:39:59
2025-09-29 20:40:00,284.0,283.6,284.3,283.6,8071194.199999996,28434,2025-09-29 20:49:59
2025-09-29 20:50:00,283.5,283.8,284.0,283.3,2707149.2,9548,2025-09-29 20:59:59
2025-09-29 21:00:00,283.8,283.4,283.8,283.2,3376139.3999999994,11909,2025-09-29 21:09:59
2025-09-29 21:10:00,283.4,281.0,283.4,280.1,62794789.69999999,222963,2025-09-29 21:19:59
2025-09-29 21:20:00,281.1,281.8,281.8,280.6,32625095.400000002,116012,2025-09-29 21:29:59
2025-09-29 21:30:00,281.7,281.2,281.8,280.6,8343343.500000001,29678,2025-09-29 21:39:59
2025-09-29 21:40:00,281.2,280.1,281.2,279.9,21527410.299999993,76747,2025-09-29 21:49:59
2025-09-29 21:50:00,280.3,280.3,280.6,278.7,66778002.60000004,238920,2025-09-29 21:59:59
2025-09-29 22:00:00,280.3,279.5,280.3,278.7,27439221.999999978,98252,2025-09-29 22:09:59
2025-09-29 22:10:00,279.6,279.7,279.9,279.0,13160142.100000003,47087,2025-09-29 22:19:59
2025-09-29 22:20:00,279.8,279.6,280.1,279.1,11390546.200000003,40717,2025-09-29 22:29:59
2025-09-29 22:30:00,279.6,280.3,280.3,279.5,2267899.6,8101,2025-09-29 22:39:59
2025-09-29 22:40:00,280.3,280.6,280.8,280.1,8459717.5,30164,2025-09-29 22:49:59
2025-09-29 22:50:00,280.5,280.6,281.3,280.2,23594989.5,84039,2025-09-29 22:59:59
2025-09-29 23:00:00,280.7,281.3,282.1,280.7,20866953.500000004,74148,2025-09-29 23:09:59
2025-09-29 23:10:00,281.3,281.3,281.8,280.9,6119342.000000001,21758,2025-09-29 23:19:59
2025-09-29 23:20:00,281.3,281.8,283.0,281.2,16879022.6,59805,2025-09-29 23:29:59
2025-09-29 23:30:00,281.7,281.8,282.1,281.5,2626998.3000000003,9323,2025-09-29 23:39:59
2025-09-29 23:40:00,281.8,282.3,282.8,281.1,8869112.799999999,31474,2025-09-29 23:49:59
2025-09-30 06:50:00,283.7,283.7,283.7,283.7,1196362.9000000001,4217,2025-09-30 06:59:59
2025-09-30 07:00:00,283.6,282.7,283.6,281.7,4804815.3,17001,2025-09-30 07:09:59
2025-09-30 07:10:00,282.7,282.2,282.9,281.8,4176546.8999999994,14794,2025-09-30 07:19:59
2025-09-30 07:20:00,282.5,281.9,282.5,281.9,1125417.5999999999,3986,2025-09-30 07:29:59
2025-09-30 07:30:00,282.2,282.1,282.3,281.7,1704480.4,6043,2025-09-30 07:39:59
2025-09-30 07:40:00,281.9,281.7,282.2,281.7,1784952.6999999997,6332,2025-09-30 07:49:59
2025-09-30 07:50:00,281.8,282.0,282.0,281.6,354757.70000000007,1259,2025-09-30 07:59:59
2025-09-30 08:00:00,282.0,282.0,282.2,281.9,2278017.5,8074,2025-09-30 08:09:59
2025-09-30 08:10:00,282.2,282.2,282.2,282.0,294470.69999999995,1044,2025-09-30 08:19:59
2025-09-30 08:20:00,282.0,282.0,282.2,282.0,613297.2000000001,2174,2025-09-30 08:29:59
2025-09-30 08:30:00,282.0,280.8,282.2,279.5,23138263.199999984,82395,2025-09-30 08:39:59
2025-09-30 08:40:00,281.1,281.0,281.1,280.1,4951593.100000001,17645,2025-09-30 08:49:59
2025-09-30 08:50:00,281.0,281.8,282.0,280.6,6712515.5,23854,2025-09-30 08:59:59
2025-09-30 09:00:00,281.8,280.8,282.0,280.6,9621987.8,34222,2025-09-30 09:09:59
2025-09-30 09:10:00,281.0,280.6,281.0,280.0,8826335.5,31478,2025-09-30 09:19:59
2025-09-30 09:20:00,280.8,281.3,281.5,280.6,7613520.300000002,27070,2025-09-30 09:29:59
2025-09-30 09:30:00,281.3,281.3,281.6,281.2,5668676.300000001,20142,2025-09-30 09:39:59
2025-09-30 09:40:00,281.3,280.3,281.3,279.8,10200478.0,36384,2025-09-30 09:49:59
2025-09-30 09:50:00,280.3,280.3,280.9,279.8,4344259.8,15483,2025-09-30 09:59:59
2025-09-30 10:00:00,280.3,279.7,280.8,278.9,32227882.000000004,115220,2025-09-30 10:09:59
2025-09-30 10:10:00,279.6,280.6,280.8,278.5,35640023.29999999,127472,2025-09-30 10:19:59
2025-09-30 10:20:00,280.8,279.8,280.8,279.1,15200517.899999995,54323,2025-09-30 10:29:59
2025-09-30 10:30:00,279.8,280.6,281.3,279.5,16557384.800000004,59021,2025-09-30 10:39:59
2025-09-30 10:40:00,280.6,281.7,282.4,280.5,23656734.399999995,83948,2025-09-30 10:49:59
2025-09-30 10:50:00,281.5,282.4,283.0,281.5,13687487.5,48469,2025-09-30 10:59:59
2025-09-30 11:00:00,282.5,282.0,282.6,281.5,12010274.0,42597,2025-09-30 11:09:59
2025-09-30 11:10:00,282.1,282.5,282.9,281.1,12153742.500000002,43039,2025-09-30 11:19:59
2025-09-30 11:20:00,282.2,282.1,282.6,281.9,6893360.399999998,24418,2025-09-30 11:29:59
2025-09-30 11:30:00,282.0,281.0,282.0,280.8,5501363.5,19561,2025-09-30 11:39:59
2025-09-30 11:40:00,281.1,281.4,281.5,280.5,9665485.8,34390,2025-09-30 11:49:59
2025-09-30 11:50:00,281.4,280.4,281.4,279.8,12227530.299999995,43601,2025-09-30 11:59:59
2025-09-30 12:00:00,280.4,279.6,280.5,279.5,4255581.2,15201,2025-09-30 12:09:59
2025-09-30 12:10:00,279.6,279.8,280.0,279.5,9669664.2,34553,2025-09-30 12:19:59
2025-09-30 12:20:00,279.9,279.4,280.0,279.1,19181993.900000002,68652,2025-09-30 12:29:59
2025-09-30 12:30:00,279.4,278.6,279.7,278.5,23589520.19999999,84618,2025-09-30 12:39:59
2025-09-30 12:40:00,278.6,277.6,278.6,276.8,41783715.400000006,150423,2025-09-30 12:49:59
2025-09-30 12:50:00,277.6,277.2,277.6,276.0,19870917.400000002,71831,2025-09-30 12:59:59
2025-09-30 13:00:00,277.2,274.8,277.6,274.6,51553582.69999999,186920,2025-09-30 13:09:59
2025-09-30 13:10:00,274.8,275.0,275.0,272.8,38586963.2,140752,2025-09-30 13:19:59
2025-09-30 13:20:00,275.0,273.2,275.0,272.1,60012677.999999955,219505,2025-09-30 13:29:59
2025-09-30 13:30:00,273.1,273.1,273.5,271.3,52539582.0,192786,2025-09-30 13:39:59
2025-09-30 13:40:00,273.1,273.5,273.5,273.0,18844236.700000007,68929,2025-09-30 13:49:59
2025-09-30 13:50:00,273.5,275.5,275.6,273.2,35274911.39999999,128566,2025-09-30 13:59:59
2025-09-30 14:00:00,275.5,275.8,275.9,274.4,22106052.500000007,80275,2025-09-30 14:09:59
2025-09-30 14:10:00,275.7,275.2,276.0,275.0,12237796.0,44389,2025-09-30 14:19:59
2025-09-30 14:20:00,275.3,275.1,275.7,274.6,15261715.399999999,55465,2025-09-30 14:29:59
2025-09-30 14:30:00,275.1,276.7,276.7,275.0,10541997.0,38194,2025-09-30 14:39:59
2025-09-30 14:40:00,276.7,276.5,276.7,275.5,10669762.899999999,38649,2025-09-30 14:49:59
2025-09-30 14:50:00,276.4,275.6,277.1,275.5,33018647.799999997,119508,2025-09-30 14:59:59
2025-09-30 15:00:00,275.6,275.0,275.8,274.7,5778815.3,21000,2025-09-30 15:09:59
2025-09-30 15:10:00,274.9,276.3,277.1,274.7,23999049.5,86908,2025-09-30 15:19:59
2025-09-30 15:20:00,276.3,277.1,277.1,276.1,8120475.300000001,29343,2025-09-30 15:29:59
2025-09-30 15:30:00,277.0,276.9,277.1,276.2,11080735.0,40052,2025-09-30 15:39:59
2025-09-30 15:40:00,276.7,276.7,277.0,276.0,6910723.7,24975,2025-09-30 15:49:59
2025-09-30 15:50:00,276.7,276.2,276.7,275.7,7607153.400000001,27545,2025-09-30 15:59:59
2025-09-30 16:00:00,276.3,275.8,276.3,275.5,7948420.100000001,28784,2025-09-30 16:09:59
2025-09-30 16:10:00,275.6,275.3,276.3,275.1,6909695.300000003,25056,2025-09-30 16:19:59
2025-09-30 16:20:00,275.3,275.7,275.7,275.0,6393246.0,23219,2025-09-30 16:29:59
2025-09-30 16:30:00,275.5,277.0,277.5,275.3,17150442.6,61935,2025-09-30 16:39:59
2025-09-30 16:40:00,277.1,276.6,277.1,276.2,12244469.5,44268,2025-09-30 16:49:59
2025-09-30 16:50:00,276.6,277.9,278.0,276.3,21047756.3,75898,2025-09-30 16:59:59
2025-09-30 17:00:00,277.8,277.8,278.7,277.2,28393078.200000003,102132,2025-09-30 17:09:59
2025-09-30 17:10:00,277.9,276.7,277.9,276.4,8338553.3999999985,30111,2025-09-30 17:19:59
2025-09-30 17:20:00,276.9,276.1,277.1,276.1,9124375.2,32998,2025-09-30 17:29:59
2025-09-30 17:30:00,276.4,275.7,276.8,275.3,13435757.500000002,48721,2025-09-30 17:39:59
2025-09-30 17:40:00,275.6,275.8,276.2,275.0,6332550.0,22977,2025-09-30 17:49:59
2025-09-30 17:50:00,275.9,276.4,276.4,275.4,4009750.000000002,14528,2025-09-30 17:59:59
2025-09-30 18:00:00,276.4,277.3,277.3,275.6,17241827.799999997,62354,2025-09-30 18:09:59
2025-09-30 18:10:00,277.3,278.0,278.0,277.0,16005968.3,57688,2025-09-30 18:19:59
2025-09-30 18:20:00,278.0,277.4,278.0,277.3,3007274.6999999997,10826,2025-09-30 18:29:59
2025-09-30 18:30:00,277.4,277.3,277.6,277.0,1990844.3000000003,7177,2025-09-30 18:39:59
2025-09-30 18:40:00,277.0,277.0,277.0,277.0,473947.0,1711,2025-09-30 18:49:09
2025-09-30 19:00:00,277.0,277.8,278.1,276.7,7575406.1,27284,2025-09-30 19:09:59
2025-09-30 19:10:00,277.8,278.4,279.0,277.8,13330299.6,47870,2025-09-30 19:19:59
2025-09-30 19:20:00,278.4,278.7,278.9,278.1,8381188.599999999,30096,2025-09-30 19:29:59
2025-09-30 19:30:00,278.5,278.4,278.7,278.0,6511370.0,23407,2025-09-30 19:39:59
2025-09-30 19:40:00,278.2,277.5,278.4,277.5,7114083.9,25606,2025-09-30 19:49:59
2025-09-30 19:50:00,277.6,276.6,277.7,276.5,8373472.600000001,30221,2025-09-30 19:59:59
2025-09-30 20:00:00,276.5,275.8,276.5,275.6,11159034.700000001,40444,2025-09-30 20:09:59
2025-09-30 20:10:00,275.7,275.9,276.2,275.6,3438603.299999998,12463,2025-09-30 20:19:59
2025-09-30 20:20:00,276.0,275.7,276.0,275.6,2826507.099999999,10247,2025-09-30 20:29:59
2025-09-30 20:30:00,275.6,275.9,275.9,275.4,6532220.3,23700,2025-09-30 20:39:59
2025-09-30 20:40:00,275.9,276.0,276.3,275.6,5964424.4,21616,2025-09-30 20:49:59
2025-09-30 20:50:00,275.9,276.1,276.1,275.6,800259.6999999996,2902,2025-09-30 20:59:59
2025-09-30 21:00:00,275.9,276.3,276.3,275.9,1720849.3,6230,2025-09-30 21:09:59
2025-09-30 21:10:00,276.2,276.6,276.9,276.0,3069119.2,11097,2025-09-30 21:19:59
2025-09-30 21:20:00,276.6,276.8,276.8,276.3,802898.7000000001,2903,2025-09-30 21:29:59
2025-09-30 21:30:00,276.7,276.4,276.8,276.2,2443099.2,8835,2025-09-30 21:39:59
2025-09-30 21:40:00,276.2,276.4,276.5,276.1,2387661.2,8642,2025-09-30 21:49:59
2025-09-30 21:50:00,276.2,276.7,277.0,276.2,2374885.1000000006,8585,2025-09-30 21:59:59
2025-09-30 22:00:00,276.8,277.0,277.1,276.8,962735.7,3476,2025-09-30 22:09:59
2025-09-30 22:10:00,277.0,276.7,277.2,276.6,3744303.0,13520,2025-09-30 22:19:59
2025-09-30 22:20:00,276.7,276.8,276.9,276.6,326568.1,1180,2025-09-30 22:29:59
2025-09-30 22:30:00,276.6,276.8,276.8,276.5,2214878.1999999997,8007,2025-09-30 22:39:59
2025-09-30 22:40:00,276.8,276.9,276.9,276.4,2281966.0,8247,2025-09-30 22:49:59
2025-09-30 22:50:00,276.9,277.0,277.2,276.7,2929640.8000000003,10579,2025-09-30 22:59:59
2025-09-30 23:00:00,277.0,277.1,277.1,276.6,202244.59999999998,730,2025-09-30 23:09:59
2025-09-30 23:10:00,277.1,277.1,277.3,277.0,2087964.1,7534,2025-09-30 23:19:59
2025-09-30 23:20:00,277.1,277.2,277.4,277.0,1833706.3,6617,2025-09-30 23:29:59
2025-09-30 23:30:00,277.1,277.0,277.2,276.9,977508.2,3528,2025-09-30 23:39:59
2025-09-30 23:40:00,277.0,277.6,277.7,276.9,6311804.999999999,22759,2025-09-30 23:49:59
2025-10-01 06:50:00,278.2,278.2,278.2,278.2,47015.8,169,2025-10-01 06:59:59
2025-10-01 07:00:00,278.3,277.6,278.9,277.2,4773370.4,17169,2025-10-01 07:09:59
2025-10-01 07:10:00,277.2,277.0,277.6,277.0,4484305.2,16180,2025-10-01 07:19:59
2025-10-01 07:20:00,277.0,277.2,277.3,276.6,861537.3999999999,3112,2025-10-01 07:29:59
2025-10-01 07:30:00,277.3,277.5,277.5,276.8,1886053.2000000002,6808,2025-10-01 07:39:59
2025-10-01 07:40:00,277.4,276.9,277.5,276.9,1962398.7,7080,2025-10-01 07:49:59
2025-10-01 07:50:00,277.0,277.0,277.0,276.1,7322630.200000002,26469,2025-10-01 07:59:59
2025-10-01 08:00:00,277.0,276.9,277.0,276.7,1296365.8,4681,2025-10-01 08:09:59
2025-10-01 08:10:00,276.9,277.0,277.2,276.9,780537.3,2818,2025-10-01 08:19:59
2025-10-01 08:20:00,277.1,277.2,277.2,277.0,1051913.7,3797,2025-10-01 08:29:59
2025-10-01 08:30:00,277.0,276.7,277.2,276.7,1138619.7000000002,4112,2025-10-01 08:39:59
2025-10-01 08:40:00,276.8,276.8,276.8,276.4,1014436.6000000001,3669,2025-10-01 08:49:59
2025-10-01 08:50:00,276.8,276.8,277.2,276.7,859888.1,3104,2025-10-01 08:59:59
2025-10-01 09:00:00,277.0,276.5,277.0,276.5,1901503.7999999998,6874,2025-10-01 09:09:59
2025-10-01 09:10:00,276.6,277.9,278.1,276.5,7792147.5,28082,2025-10-01 09:19:59
2025-10-01 09:20:00,278.0,278.1,278.2,277.7,5078247.8,18269,2025-10-01 09:29:59
2025-10-01 09:30:00,278.0,277.7,278.1,277.7,1979662.1,7124,2025-10-01 09:39:59
2025-10-01 09:40:00,277.8,277.5,277.9,277.5,2973223.1999999997,10710,2025-10-01 09:49:59
2025-10-01 09:50:00,277.6,277.7,277.9,277.6,934571.1000000001,3366,2025-10-01 09:59:59
2025-10-01 10:00:00,277.7,276.7,277.8,276.7,9505426.899999999,34298,2025-10-01 10:09:59
2025-10-01 10:10:00,276.7,276.4,277.5,276.4,13714879.200000001,49550,2025-10-01 10:19:59
2025-10-01 10:20:00,276.5,277.2,277.3,276.2,7385684.699999999,26696,2025-10-01 10:29:59
2025-10-01 10:30:00,277.2,276.2,277.6,275.7,13383385.100000003,48392,2025-10-01 10:39:59
2025-10-01 10:40:00,276.3,275.2,276.4,275.1,6576805.599999999,23868,2025-10-01 10:49:59
2025-10-01 10:50:00,275.3,274.6,275.7,274.5,14397371.7,52353,2025-10-01 10:59:59
2025-10-01 11:00:00,274.6,275.1,275.3,274.6,10143155.500000002,36892,2025-10-01 11:09:59
2025-10-01 11:10:00,275.1,275.8,275.9,274.9,3263192.9,11842,2025-10-01 11:19:59
2025-10-01 11:20:00,275.8,275.5,275.8,274.9,3676369.4999999995,13355,2025-10-01 11:29:59
2025-10-01 11:30:00,275.5,275.1,275.8,275.1,4318610.9,15679,2025-10-01 11:39:59
2025-10-01 11:40:00,275.2,274.9,275.3,274.8,4091541.2000000007,14882,2025-10-01 11:49:59
2025-10-01 11:50:00,275.0,275.0,275.0,274.3,11198507.6,40777,2025-10-01 11:59:59
2025-10-01 12:00:00,275.0,275.3,275.9,274.9,7141307.800000007,25919,2025-10-01 12:09:59
2025-10-01 12:10:00,275.2,275.6,275.8,274.7,5842817.999999998,21235,2025-10-01 12:19:59
2025-10-01 12:20:00,275.6,275.7,275.8,274.9,4119629.0,14958,2025-10-01 12:29:59
2025-10-01 12:30:00,275.8,275.2,275.9,274.5,4941507.399999999,17960,2025-10-01 12:39:59
2025-10-01 12:40:00,275.0,275.4,275.5,274.6,8232319.400000001,29952,2025-10-01 12:49:59
2025-10-01 12:50:00,275.3,275.0,275.4,274.4,10126011.999999998,36829,2025-10-01 12:59:59
2025-10-01 13:00:00,275.0,274.4,275.0,274.0,8035952.300000001,29293,2025-10-01 13:09:59
2025-10-01 13:10:00,274.4,274.2,274.5,273.4,13961395.3,50987,2025-10-01 13:19:59
2025-10-01 13:20:00,274.1,273.4,274.4,273.0,9863947.999999998,36061,2025-10-01 13:29:59
2025-10-01 13:30:00,273.4,273.9,274.2,273.1,10674610.8,38995,2025-10-01 13:39:59
2025-10-01 13:40:00,273.9,274.1,274.2,273.7,4706739.0,17181,2025-10-01 13:49:59
2025-10-01 13:50:00,274.1,274.2,274.4,273.8,8861144.999999998,32325,2025-10-01 13:59:59
2025-10-01 14:00:00,274.1,273.8,274.2,273.5,8847641.600000001,32318,2025-10-01 14:09:59
2025-10-01 14:10:00,273.9,274.0,274.5,273.6,15805010.699999997,57665,2025-10-01 14:19:59
2025-10-01 14:20:00,274.1,274.6,274.8,273.9,5846851.2,21308,2025-10-01 14:29:59
2025-10-01 14:30:00,274.7,274.3,274.9,274.3,6307941.400000001,22965,2025-10-01 14:39:59
2025-10-01 14:40:00,274.2,274.4,274.5,273.7,5384108.3,19637,2025-10-01 14:49:59
2025-10-01 14:50:00,274.5,273.8,274.5,273.6,5946843.799999999,21708,2025-10-01 14:59:59
2025-10-01 15:00:00,273.8,272.4,273.8,272.0,23794978.6,87258,2025-10-01 15:09:59
2025-10-01 15:10:00,272.5,273.1,273.3,272.5,22172821.6,81232,2025-10-01 15:19:59
2025-10-01 15:20:00,273.1,271.4,273.2,270.8,37014169.10000001,136229,2025-10-01 15:29:59
2025-10-01 15:30:00,271.5,272.8,273.1,271.5,12778509.1,46881,2025-10-01 15:39:59
2025-10-01 15:40:00,272.9,272.5,273.1,272.2,12225779.9,44860,2025-10-01 15:49:59
2025-10-01 15:50:00,272.6,273.0,273.6,272.4,13990574.000000002,51249,2025-10-01 15:59:59
2025-10-01 16:00:00,273.0,273.1,273.2,272.1,8684933.6,31847,2025-10-01 16:09:59
2025-10-01 16:10:00,273.1,273.5,273.7,272.6,7451030.000000003,27269,2025-10-01 16:19:59
2025-10-01 16:20:00,273.2,272.9,273.5,272.8,4563073.399999999,16713,2025-10-01 16:29:59
2025-10-01 16:30:00,272.8,272.8,273.1,272.3,9957581.699999997,36532,2025-10-01 16:39:59
2025-10-01 16:40:00,272.8,273.3,273.7,272.5,4821632.3,17650,2025-10-01 16:49:59
2025-10-01 16:50:00,273.3,273.3,273.6,272.8,9622089.200000001,35225,2025-10-01 16:59:59
2025-10-01 17:00:00,273.3,272.3,273.5,272.2,6884765.199999999,25251,2025-10-01 17:09:59
2025-10-01 17:10:00,272.2,271.8,272.4,271.4,6042686.3999999985,22240,2025-10-01 17:19:59
2025-10-01 17:20:00,271.6,270.3,272.0,269.9,27649540.099999998,102199,2025-10-01 17:29:59
2025-10-01 17:30:00,270.2,270.6,271.3,269.6,21442141.30000001,79263,2025-10-01 17:39:59
2025-10-01 17:40:00,270.6,270.1,271.0,270.1,6211547.600000004,22963,2025-10-01 17:49:59
2025-10-01 17:50:00,270.1,270.4,270.6,269.1,19200719.900000006,71157,2025-10-01 17:59:59
2025-10-01 18:00:00,270.4,270.4,271.5,270.3,10895472.199999996,40241,2025-10-01 18:09:59
2025-10-01 18:10:00,270.5,270.1,270.8,270.0,4745490.1000000015,17551,2025-10-01 18:19:59
2025-10-01 18:20:00,270.3,270.4,270.8,270.1,2117274.4,7830,2025-10-01 18:29:59
2025-10-01 18:30:00,270.3,270.1,270.6,270.1,2707446.9,10021,2025-10-01 18:39:59
2025-10-01 18:40:00,270.2,270.2,270.2,270.2,684957.0,2535,2025-10-01 18:49:08
2025-10-01 19:00:00,270.3,270.4,270.5,269.9,3037347.9,11237,2025-10-01 19:09:59
2025-10-01 19:10:00,270.3,270.7,270.7,270.2,1864953.0999999999,6894,2025-10-01 19:19:59
2025-10-01 19:20:00,270.7,270.4,270.7,270.1,1245976.1,4608,2025-10-01 19:29:59
2025-10-01 19:30:00,270.6,270.1,270.6,270.0,1261558.1,4669,2025-10-01 19:39:59
2025-10-01 19:40:00,270.0,269.9,270.0,269.5,9079463.699999997,33658,2025-10-01 19:49:59
2025-10-01 19:50:00,269.8,270.0,270.1,269.6,4192902.4,15535,2025-10-01 19:59:59
2025-10-01 20:00:00,270.0,269.8,270.0,269.6,3022266.7,11202,2025-10-01 20:09:59
2025-10-01 20:10:00,269.7,269.8,269.9,269.5,1191917.3,4420,2025-10-01 20:19:59
2025-10-01 20:20:00,269.8,269.7,269.9,269.6,1813794.4,6724,2025-10-01 20:29:59
2025-10-01 20:30:00,269.8,269.9,270.1,269.7,4800527.1,17792,2025-10-01 20:39:59
2025-10-01 20:40:00,269.9,270.3,270.3,269.8,857164.4,3174,2025-10-01 20:49:59
2025-10-01 20:50:00,270.2,270.5,270.5,270.1,679600.2000000001,2514,2025-10-01 20:59:59
2025-10-01 21:00:00,270.4,270.2,270.5,270.0,1809202.3,6696,2025-10-01 21:09:59
2025-10-01 21:10:00,270.1,269.3,270.2,267.5,23407596.199999996,87079,2025-10-01 21:19:59
2025-10-01 21:20:00,269.2,269.9,270.0,269.0,6696222.500000001,24859,2025-10-01 21:29:59
2025-10-01 21:30:00,269.7,269.5,269.8,269.5,2974362.8,11028,2025-10-01 21:39:59
2025-10-01 21:40:00,269.5,269.7,269.9,269.3,2899525.1999999997,10750,2025-10-01 21:49:59
2025-10-01 21:50:00,269.7,269.6,269.8,269.3,2247739.4,8341,2025-10-01 21:59:59
2025-10-01 22:00:00,269.6,269.8,270.1,269.4,8402391.900000002,31134,2025-10-01 22:09:59
2025-10-01 22:10:00,270.1,270.5,270.5,269.8,3076989.7,11386,2025-10-01 22:19:59
2025-10-01 22:20:00,270.5,270.7,270.9,270.5,5222648.699999999,19293,2025-10-01 22:29:59
2025-10-01 22:30:00,270.7,270.5,270.7,270.3,549747.6,2033,2025-10-01 22:39:59
2025-10-01 22:40:00,270.5,270.9,271.1,270.4,9990330.5,36877,2025-10-01 22:49:59
2025-10-01 22:50:00,271.0,271.3,272.0,271.0,12234320.3,45058,2025-10-01 22:59:59
2025-10-01 23:00:00,271.5,272.2,272.2,271.2,8841265.5,32534,2025-10-01 23:09:59
2025-10-01 23:10:00,272.2,271.5,272.3,271.4,4623623.2,17021,2025-10-01 23:19:59
2025-10-01 23:20:00,271.7,271.9,272.3,271.4,7943475.700000001,29209,2025-10-01 23:29:59
2025-10-01 23:30:00,272.1,271.7,272.2,271.7,1441832.2,5302,2025-10-01 23:39:59
2025-10-01 23:40:00,271.7,271.3,272.0,271.0,4785631.699999999,17629,2025-10-01 23:49:59
2025-10-02 06:50:00,271.3,271.3,271.3,271.3,8952.9,33,2025-10-02 06:59:59
2025-10-02 07:00:00,271.3,270.9,272.1,270.4,3775536.2000000007,13917,2025-10-02 07:09:59
2025-10-02 07:10:00,271.1,270.9,271.4,270.3,3416341.6999999997,12621,2025-10-02 07:19:59
2025-10-02 07:20:00,270.6,270.0,270.8,269.8,1020366.1999999997,3777,2025-10-02 07:29:59
2025-10-02 07:30:00,270.4,270.6,270.6,270.0,979435.8999999999,3622,2025-10-02 07:39:59
2025-10-02 07:40:00,270.2,268.2,270.6,268.1,11416865.5,42413,2025-10-02 07:49:59
2025-10-02 07:50:00,268.2,268.6,269.0,268.1,2494869.0000000005,9289,2025-10-02 07:59:59
2025-10-02 08:00:00,268.4,267.6,268.4,267.1,14606247.1,54557,2025-10-02 08:09:59
2025-10-02 08:10:00,267.4,268.2,268.5,267.4,4471271.1,16669,2025-10-02 08:19:59
2025-10-02 08:20:00,268.2,266.2,268.2,265.6,20374859.399999995,76429,2025-10-02 08:29:59
2025-10-02 08:30:00,266.0,265.8,266.7,265.4,10980019.799999997,41293,2025-10-02 08:39:59
2025-10-02 08:40:00,265.8,266.3,266.5,265.3,5076517.6,19095,2025-10-02 08:49:59
2025-10-02 08:50:00,266.3,266.9,267.0,266.3,4140962.5,15529,2025-10-02 08:59:59
2025-10-02 09:00:00,266.9,268.1,268.2,266.5,12137879.299999997,45325,2025-10-02 09:09:59
2025-10-02 09:10:00,268.0,267.5,268.0,267.0,5953547.8,22266,2025-10-02 09:19:59
2025-10-02 09:20:00,267.5,267.2,267.6,267.1,1668259.3000000003,6242,2025-10-02 09:29:59
2025-10-02 09:30:00,267.2,267.2,267.3,267.0,2603739.4000000004,9749,2025-10-02 09:39:59
2025-10-02 09:40:00,267.2,266.9,267.4,266.6,3868510.0999999996,14481,2025-10-02 09:49:59
2025-10-02 09:50:00,267.0,267.0,267.2,266.6,2567158.3000000003,9618,2025-10-02 09:59:59
2025-10-02 10:00:00,266.9,267.3,268.3,266.7,13945245.199999997,52081,2025-10-02 10:09:59
2025-10-02 10:10:00,267.2,267.5,267.6,266.3,8406614.3,31496,2025-10-02 10:19:59
2025-10-02 10:20:00,267.5,268.0,268.3,267.1,5393992.8,20147,2025-10-02 10:29:59
2025-10-02 10:30:00,268.1,268.8,269.0,268.1,15661585.19999997,58294,2025-10-02 10:39:59
2025-10-02 10:40:00,268.8,269.0,270.0,268.5,21563409.600000005,80085,2025-10-02 10:49:59
2025-10-02 10:50:00,269.0,269.0,269.5,268.7,5751139.499999999,21368,2025-10-02 10:59:59
2025-10-02 11:00:00,269.1,269.9,270.0,268.8,5569300.300000001,20656,2025-10-02 11:09:59
2025-10-02 11:10:00,269.8,269.8,270.0,269.1,5926064.899999998,21969,2025-10-02 11:19:59
2025-10-02 11:20:00,269.5,270.1,270.5,269.1,15207132.899999999,56345,2025-10-02 11:29:59
2025-10-02 11:30:00,270.1,270.0,270.5,269.6,16152167.799999995,59805,2025-10-02 11:39:59
2025-10-02 11:40:00,270.1,271.7,271.8,269.8,19329182.1,71368,2025-10-02 11:49:59
2025-10-02 11:50:00,271.5,271.8,272.6,271.5,19792888.4,72769,2025-10-02 11:59:59
2025-10-02 12:00:00,271.8,273.5,273.6,271.3,34357271.1,126014,2025-10-02 12:09:59
2025-10-02 12:10:00,273.5,273.2,274.8,272.8,48575080.29999999,177418,2025-10-02 12:19:59
2025-10-02 12:20:00,273.1,273.6,274.2,272.7,23677877.500000004,86607,2025-10-02 12:29:59
2025-10-02 12:30:00,273.5,274.3,274.4,273.0,24461078.7,89321,2025-10-02 12:39:59
2025-10-02 12:40:00,274.2,276.5,277.0,274.0,44319882.3,160839,2025-10-02 12:49:59
2025-10-02 12:50:00,276.5,275.5,277.8,275.2,39746998.89999999,143783,2025-10-02 12:59:59
2025-10-02 13:00:00,275.5,276.2,276.8,275.1,20159626.900000002,73068,2025-10-02 13:09:59
2025-10-02 13:10:00,276.2,277.1,277.1,276.0,40938636.400000006,148040,2025-10-02 13:19:59
2025-10-02 13:20:00,277.1,276.2,277.1,275.7,16273463.700000003,58922,2025-10-02 13:29:59
2025-10-02 13:30:00,276.1,276.9,277.1,276.0,11836919.900000002,42797,2025-10-02 13:39:59
2025-10-02 13:40:00,276.9,275.1,277.0,274.7,25263054.7,91662,2025-10-02 13:49:59
2025-10-02 13:50:00,275.0,275.1,275.4,274.3,16308124.7,59323,2025-10-02 13:59:59
2025-10-02 14:00:00,275.2,273.8,275.7,273.5,37486064.099999994,136515,2025-10-02 14:09:59
2025-10-02 14:10:00,273.7,274.8,274.8,273.1,13274432.1,48460,2025-10-02 14:19:59
2025-10-02 14:20:00,274.8,275.0,275.1,274.2,14642477.999999998,53276,2025-10-02 14:29:59
2025-10-02 14:30:00,275.1,276.4,276.7,275.0,16054848.6,58191,2025-10-02 14:39:59
2025-10-02 14:40:00,276.3,276.2,276.5,275.7,4734817.8,17149,2025-10-02 14:49:59
2025-10-02 14:50:00,276.2,276.8,276.8,275.5,9011033.700000001,32642,2025-10-02 14:59:59
2025-10-02 15:00:00,276.8,276.4,277.5,276.1,14045259.7,50750,2025-10-02 15:09:59
2025-10-02 15:10:00,276.5,276.2,276.5,275.7,11908106.6,43145,2025-10-02 15:19:59
2025-10-02 15:20:00,276.3,277.2,277.2,275.9,6404545.5,23149,2025-10-02 15:29:59
2025-10-02 15:30:00,277.2,278.1,279.0,276.8,39494707.499999985,142021,2025-10-02 15:39:59
2025-10-02 15:40:00,278.0,279.1,279.3,277.8,17835671.5,64060,2025-10-02 15:49:59
2025-10-02 15:50:00,279.1,279.1,279.3,278.1,41559328.39999999,149106,2025-10-02 15:59:59
2025-10-02 16:00:00,279.2,279.6,280.7,278.6,59304408.199999996,211998,2025-10-02 16:09:59
2025-10-02 16:10:00,279.6,279.4,279.6,278.4,29002550.7,103939,2025-10-02 16:19:59
2025-10-02 16:20:00,279.4,279.0,279.6,278.8,11646939.1,41730,2025-10-02 16:29:59
2025-10-02 16:30:00,279.0,280.5,280.8,278.2,39745123.20000002,142089,2025-10-02 16:39:59
2025-10-02 16:40:00,280.6,280.1,281.1,279.8,19244037.6,68604,2025-10-02 16:49:59
2025-10-02 16:50:00,280.1,279.5,280.3,278.9,19670506.0,70405,2025-10-02 16:59:59
2025-10-02 17:00:00,279.5,279.8,280.0,279.0,16677271.699999996,59677,2025-10-02 17:09:59
2025-10-02 17:10:00,279.8,280.5,280.7,279.6,21897561.499999993,78180,2025-10-02 17:19:59
2025-10-02 17:20:00,280.5,281.0,281.0,280.0,25211441.7,89752,2025-10-02 17:29:59
2025-10-02 17:30:00,281.0,280.8,281.9,280.4,36855237.300000034,131016,2025-10-02 17:39:59
2025-10-02 17:40:00,280.8,281.8,282.0,280.7,12250968.299999997,43495,2025-10-02 17:49:59
2025-10-02 17:50:00,281.9,281.5,282.4,281.2,21761907.699999988,77218,2025-10-02 17:59:59
2025-10-02 18:00:00,281.3,280.8,281.7,280.3,15783600.899999999,56203,2025-10-02 18:09:59
2025-10-02 18:10:00,280.9,279.8,281.6,279.5,16213446.999999996,57816,2025-10-02 18:19:59
2025-10-02 18:20:00,279.9,279.1,280.4,278.5,29319060.7,104923,2025-10-02 18:29:59
2025-10-02 18:30:00,279.3,278.4,279.5,276.7,56627225.39999999,203841,2025-10-02 18:39:59
2025-10-02 18:40:00,278.0,278.0,278.0,278.0,1890956.0,6802,2025-10-02 18:48:13
2025-10-02 19:00:00,278.3,277.7,278.4,276.3,14535796.999999998,52439,2025-10-02 19:09:59
2025-10-02 19:10:00,277.7,276.9,278.4,276.6,14630870.899999997,52732,2025-10-02 19:19:59
2025-10-02 19:20:00,276.9,276.8,277.1,276.5,3446511.7,12453,2025-10-02 19:29:59
2025-10-02 19:30:00,276.8,276.5,277.2,276.3,8074326.199999999,29171,2025-10-02 19:39:59
2025-10-02 19:40:00,276.4,277.1,277.2,276.3,6612163.9,23883,2025-10-02 19:49:59
2025-10-02 19:50:00,277.1,275.9,277.5,275.9,18963036.700000003,68572,2025-10-02 19:59:59
2025-10-02 20:00:00,276.0,274.6,276.1,274.2,20914478.300000004,76053,2025-10-02 20:09:59
2025-10-02 20:10:00,274.6,275.5,275.7,274.4,10371394.600000001,37681,2025-10-02 20:19:59
2025-10-02 20:20:00,275.5,275.4,276.7,275.2,18919429.29999999,68556,2025-10-02 20:29:59
2025-10-02 20:30:00,275.4,276.6,276.7,275.3,10196730.3,36916,2025-10-02 20:39:59
2025-10-02 20:40:00,276.7,276.8,276.9,276.2,7147380.2,25854,2025-10-02 20:49:59
2025-10-02 20:50:00,276.8,276.7,277.3,276.7,6247276.6,22557,2025-10-02 20:59:59
2025-10-02 21:00:00,276.8,275.4,276.9,275.1,9931618.100000001,35999,2025-10-02 21:09:59
2025-10-02 21:10:00,275.3,274.4,275.7,274.4,12303644.799999999,44756,2025-10-02 21:19:59
2025-10-02 21:20:00,274.4,275.2,276.8,274.3,14960767.400000002,54335,2025-10-02 21:29:59
2025-10-02 21:30:00,275.2,275.2,275.6,274.9,4862389.900000001,17665,2025-10-02 21:39:59
2025-10-02 21:40:00,275.5,275.3,275.5,275.1,2204123.1,8006,2025-10-02 21:49:59
2025-10-02 21:50:00,275.3,275.5,275.9,274.7,10821548.4,39318,2025-10-02 21:59:59
2025-10-02 22:00:00,275.4,276.3,276.3,275.4,2916301.3,10565,2025-10-02 22:09:59
2025-10-02 22:10:00,276.3,277.4,277.8,275.7,19516245.700000003,70496,2025-10-02 22:19:59
2025-10-02 22:20:00,277.4,276.8,277.8,276.7,6085803.5,21955,2025-10-02 22:29:59
2025-10-02 22:30:00,276.9,276.6,277.3,276.4,5702424.100000001,20594,2025-10-02 22:39:59
2025-10-02 22:40:00,276.8,278.4,278.4,276.6,13892861.499999998,50007,2025-10-02 22:49:59
2025-10-02 22:50:00,278.4,278.3,278.8,278.1,8778189.8,31522,2025-10-02 22:59:59
2025-10-02 23:00:00,278.6,278.5,278.9,278.3,6472295.6,23229,2025-10-02 23:09:59
2025-10-02 23:10:00,278.5,277.9,278.6,277.9,3418786.5000000005,12288,2025-10-02 23:19:59
2025-10-02 23:20:00,277.9,277.8,278.1,277.6,5186322.900000001,18667,2025-10-02 23:29:59
2025-10-02 23:30:00,278.1,278.1,278.3,277.9,2394699.1999999993,8610,2025-10-02 23:39:59
2025-10-02 23:40:00,277.9,278.8,278.8,277.7,9641166.000000002,34618,2025-10-02 23:49:59
2025-10-03 06:50:00,279.7,279.7,279.7,279.7,131459.0,470,2025-10-03 06:59:59
2025-10-03 07:00:00,279.7,280.1,281.9,279.3,15509399.5,55306,2025-10-03 07:09:59
2025-10-03 07:10:00,280.0,278.7,280.1,278.2,18121819.900000006,64960,2025-10-03 07:19:59
2025-10-03 07:20:00,278.7,278.4,279.3,278.3,4722051.299999999,16947,2025-10-03 07:29:59
2025-10-03 07:30:00,278.4,277.6,278.4,277.6,3667736.9999999995,13197,2025-10-03 07:39:59
2025-10-03 07:40:00,277.6,277.6,278.4,277.2,5177158.399999999,18636,2025-10-03 07:49:59
2025-10-03 07:50:00,277.6,277.5,277.6,277.0,4919640.5,17746,2025-10-03 07:59:59
2025-10-03 08:00:00,277.5,277.6,278.0,277.2,1461254.5999999999,5264,2025-10-03 08:09:59
2025-10-03 08:10:00,277.9,278.5,278.7,277.6,5324232.899999999,19141,2025-10-03 08:19:59
2025-10-03 08:20:00,278.4,278.3,278.5,278.1,349733.3,1256,2025-10-03 08:29:59
2025-10-03 08:30:00,278.5,278.4,278.6,278.3,822515.4,2954,2025-10-03 08:39:59
2025-10-03 08:40:00,278.4,278.6,279.0,278.2,7314841.199999998,26244,2025-10-03 08:49:59
2025-10-03 08:50:00,278.2,278.1,278.5,278.1,1198511.1,4306,2025-10-03 08:59:59
2025-10-03 09:00:00,278.4,278.5,278.8,278.2,3830265.0999999996,13752,2025-10-03 09:09:59
2025-10-03 09:10:00,278.7,278.5,278.9,278.4,2997850.7,10753,2025-10-03 09:19:59
2025-10-03 09:20:00,278.5,278.1,278.8,278.1,1986030.7000000002,7133,2025-10-03 09:29:59
2025-10-03 09:30:00,278.1,278.2,278.6,278.1,1150571.0,4135,2025-10-03 09:39:59
2025-10-03 09:40:00,278.3,278.7,278.7,278.1,2831554.4,10174,2025-10-03 09:49:59
2025-10-03 09:50:00,278.6,277.5,278.6,277.3,7041255.199999999,25347,2025-10-03 09:59:59
2025-10-03 10:00:00,277.5,280.1,281.1,277.4,47338824.800000004,169263,2025-10-03 10:09:59
2025-10-03 10:10:00,280.1,280.2,280.9,279.3,15357978.299999991,54814,2025-10-03 10:19:59
2025-10-03 10:20:00,280.3,280.0,280.6,279.9,6643065.099999999,23704,2025-10-03 10:29:59
2025-10-03 10:30:00,279.9,279.7,280.0,279.3,7789851.4,27862,2025-10-03 10:39:59
2025-10-03 10:40:00,279.6,281.0,281.2,279.6,22886600.499999985,81613,2025-10-03 10:49:59
2025-10-03 10:50:00,281.2,280.0,281.2,279.9,14041247.1,50042,2025-10-03 10:59:59
2025-10-03 11:00:00,280.0,280.5,280.6,279.5,3970873.5999999996,14179,2025-10-03 11:09:59
2025-10-03 11:10:00,280.5,279.8,280.6,279.5,7017767.1,25059,2025-10-03 11:19:59
2025-10-03 11:20:00,279.8,278.5,279.9,277.8,23092901.499999996,82912,2025-10-03 11:29:59
2025-10-03 11:30:00,278.6,278.7,279.1,278.1,11222658.3,40284,2025-10-03 11:39:59
2025-10-03 11:40:00,278.6,277.2,278.6,276.3,31200728.1,112444,2025-10-03 11:49:59
2025-10-03 11:50:00,277.2,277.0,277.5,276.7,7020563.0,25335,2025-10-03 11:59:59
2025-10-03 12:00:00,277.0,277.0,277.5,276.7,4516784.2,16304,2025-10-03 12:09:59
2025-10-03 12:10:00,277.1,277.8,277.8,276.7,8062511.000000002,29088,2025-10-03 12:19:59
2025-10-03 12:20:00,277.8,277.0,277.8,277.0,3898446.8000000003,14053,2025-10-03 12:29:59
2025-10-03 12:30:00,277.0,275.9,277.2,275.8,12008059.100000001,43441,2025-10-03 12:39:59
2025-10-03 12:40:00,275.9,275.3,276.2,275.0,25022225.6,90812,2025-10-03 12:49:59
2025-10-03 12:50:00,275.3,274.9,275.5,274.9,21032723.800000004,76433,2025-10-03 12:59:59
2025-10-03 13:00:00,274.9,275.6,275.6,274.8,13154366.399999999,47819,2025-10-03 13:09:59
2025-10-03 13:10:00,275.6,276.0,276.2,275.4,13637081.399999999,49434,2025-10-03 13:19:59
2025-10-03 13:20:00,276.0,274.8,276.0,274.5,8537995.9,31049,2025-10-03 13:29:59
2025-10-03 13:30:00,274.8,274.9,275.4,274.7,5695697.4,20708,2025-10-03 13:39:59
2025-10-03 13:40:00,275.0,273.4,275.4,272.8,37669332.7,137605,2025-10-03 13:49:59
2025-10-03 13:50:00,273.4,272.5,273.5,271.7,58717554.999999985,215645,2025-10-03 13:59:59
2025-10-03 14:00:00,272.5,270.7,272.8,270.7,44127767.0,162341,2025-10-03 14:09:59
2025-10-03 14:10:00,270.9,271.8,272.3,270.4,17488954.2,64431,2025-10-03 14:19:59
2025-10-03 14:20:00,271.8,271.9,272.3,270.2,19451621.299999997,71702,2025-10-03 14:29:59
2025-10-03 14:30:00,272.0,271.7,272.6,271.3,6892470.499999999,25343,2025-10-03 14:39:59
2025-10-03 14:40:00,271.8,272.3,272.5,271.8,8194923.1,30121,2025-10-03 14:49:59
2025-10-03 14:50:00,272.2,271.5,272.5,271.2,9544669.5,35109,2025-10-03 14:59:59
2025-10-03 15:00:00,271.5,271.8,272.6,271.5,20537903.5,75491,2025-10-03 15:09:59
2025-10-03 15:10:00,271.7,269.0,271.7,268.8,50359986.8,186442,2025-10-03 15:19:59
2025-10-03 15:20:00,268.9,269.1,269.8,268.7,23219042.1,86269,2025-10-03 15:29:59
2025-10-03 15:30:00,269.1,269.9,269.9,268.1,22810537.099999998,84832,2025-10-03 15:39:59
2025-10-03 15:40:00,269.9,269.6,270.7,269.5,24199903.0,89563,2025-10-03 15:49:59
2025-10-03 15:50:00,269.7,269.8,270.4,269.1,11430761.400000004,42362,2025-10-03 15:59:59
2025-10-03 16:00:00,269.8,268.0,272.6,267.9,78828911.19999999,292056,2025-10-03 16:09:59
2025-10-03 16:10:00,268.0,268.5,268.8,266.8,35580083.1,132978,2025-10-03 16:19:59
2025-10-03 16:20:00,268.4,268.6,269.1,267.6,18906852.899999995,70465,2025-10-03 16:29:59
2025-10-03 16:30:00,268.5,268.1,269.0,267.2,17488593.3,65256,2025-10-03 16:39:59
2025-10-03 16:40:00,268.1,268.7,269.4,267.6,15202695.600000001,56613,2025-10-03 16:49:59
2025-10-03 16:50:00,268.7,269.2,269.5,268.6,14888070.900000002,55326,2025-10-03 16:59:59
2025-10-03 17:00:00,269.3,269.1,269.4,269.0,4564788.6,16963,2025-10-03 17:09:59
2025-10-03 17:10:00,269.2,267.7,269.6,267.6,23347991.999999993,86936,2025-10-03 17:19:59
2025-10-03 17:20:00,267.7,267.1,268.1,266.6,24693128.60000001,92392,2025-10-03 17:29:59
2025-10-03 17:30:00,267.0,266.9,267.3,266.1,21104069.400000002,79143,2025-10-03 17:39:59
2025-10-03 17:40:00,266.9,266.7,267.6,266.4,9688159.8,36257,2025-10-03 17:49:59
2025-10-03 17:50:00,266.6,267.9,268.2,266.6,34527823.400000006,128991,2025-10-03 17:59:59
2025-10-03 18:00:00,268.0,268.1,268.3,267.8,10948387.799999999,40837,2025-10-03 18:09:59
2025-10-03 18:10:00,268.0,268.5,268.5,268.0,3540006.0999999996,13193,2025-10-03 18:19:59
2025-10-03 18:20:00,268.2,268.1,268.5,267.9,4268639.0,15910,2025-10-03 18:29:59
2025-10-03 18:30:00,268.1,268.5,268.6,268.0,3888846.0999999996,14492,2025-10-03 18:39:59
2025-10-03 18:40:00,268.5,268.5,268.5,268.5,716895.0,2670,2025-10-03 18:49:59
2025-10-03 19:00:00,268.3,267.5,268.5,267.4,2782557.0,10390,2025-10-03 19:09:59
2025-10-03 19:10:00,267.4,266.9,268.2,266.8,9816910.9,36708,2025-10-03 19:19:59
2025-10-03 19:20:00,267.1,266.7,267.1,266.2,9540052.299999999,35789,2025-10-03 19:29:59
2025-10-03 19:30:00,266.7,266.2,267.2,266.0,10137226.7,38040,2025-10-03 19:39:59
2025-10-03 19:40:00,266.2,266.5,266.6,266.0,7362848.300000001,27656,2025-10-03 19:49:59
2025-10-03 19:50:00,266.5,266.5,266.8,266.2,5158952.199999999,19357,2025-10-03 19:59:59
2025-10-03 20:00:00,266.5,267.4,267.8,266.3,6967712.6,26058,2025-10-03 20:09:59
2025-10-03 20:10:00,267.4,267.7,268.4,267.1,8895688.1,33219,2025-10-03 20:19:59
2025-10-03 20:20:00,267.7,267.9,267.9,267.5,1109472.3,4145,2025-10-03 20:29:59
2025-10-03 20:30:00,267.7,267.9,268.3,267.7,699042.5,2608,2025-10-03 20:39:59
2025-10-03 20:40:00,268.0,268.1,268.2,267.8,999320.3999999998,3729,2025-10-03 20:49:59
2025-10-03 20:50:00,267.9,267.9,268.0,267.6,2463270.3000000003,9199,2025-10-03 20:59:59
2025-10-03 21:00:00,267.7,268.0,268.0,267.6,2879595.3,10754,2025-10-03 21:09:59
2025-10-03 21:10:00,267.8,269.3,269.7,267.4,26030414.699999996,96873,2025-10-03 21:19:59
2025-10-03 21:20:00,269.0,268.5,269.2,268.5,1562654.2,5813,2025-10-03 21:29:59
2025-10-03 21:30:00,268.6,268.8,268.9,268.5,4383633.300000001,16305,2025-10-03 21:39:59
2025-10-03 21:40:00,268.9,268.3,268.9,267.8,6602492.399999999,24594,2025-10-03 21:49:59
2025-10-03 21:50:00,268.0,268.2,268.3,267.9,1091546.8,4071,2025-10-03 21:59:59
2025-10-03 22:00:00,268.2,268.2,268.2,267.6,4833132.699999998,18039,2025-10-03 22:09:59
2025-10-03 22:10:00,268.2,267.9,268.2,267.1,8250486.6,30841,2025-10-03 22:19:59
2025-10-03 22:20:00,267.7,268.3,268.3,267.5,839053.6000000001,3130,2025-10-03 22:29:59
2025-10-03 22:30:00,268.3,268.6,268.8,268.0,4956302.399999999,18463,2025-10-03 22:39:59
2025-10-03 22:40:00,268.6,268.2,268.7,268.2,876892.6000000001,3266,2025-10-03 22:49:59
2025-10-03 22:50:00,268.2,268.3,268.4,267.9,3000153.3999999994,11193,2025-10-03 22:59:59
2025-10-03 23:00:00,268.1,268.0,268.3,267.9,810497.5,3024,2025-10-03 23:09:59
2025-10-03 23:10:00,268.1,266.5,268.1,266.5,16011404.6,59966,2025-10-03 23:19:59
2025-10-03 23:20:00,266.6,266.7,266.9,266.3,4555371.800000001,17090,2025-10-03 23:29:59
2025-10-03 23:30:00,266.7,265.9,266.7,265.9,8703502.4,32703,2025-10-03 23:39:59
2025-10-03 23:40:00,265.9,265.9,268.1,265.5,11719630.700000001,44054,2025-10-03 23:49:59
2025-10-04 09:50:00,265.6,265.6,265.6,265.6,552182.4,2079,2025-10-04 09:59:59
2025-10-04 10:00:00,265.8,266.0,266.7,265.6,3020361.1999999997,11358,2025-10-04 10:09:59
2025-10-04 10:10:00,265.7,265.6,266.7,265.5,7581964.099999999,28505,2025-10-04 10:19:59
2025-10-04 10:20:00,265.8,263.2,266.2,262.5,26701679.1,101181,2025-10-04 10:29:59
2025-10-04 10:30:00,263.4,263.0,264.0,262.8,7628527.2,28981,2025-10-04 10:39:59
2025-10-04 10:40:00,263.2,262.4,263.2,262.0,7362674.1,28038,2025-10-04 10:49:59
2025-10-04 10:50:00,262.4,261.9,262.7,261.6,6286039.3,24000,2025-10-04 10:59:59
2025-10-04 11:00:00,261.9,261.8,262.2,261.5,3448458.0,13169,2025-10-04 11:09:59
2025-10-04 11:10:00,261.8,261.5,262.1,261.3,2693656.6000000006,10289,2025-10-04 11:19:59
2025-10-04 11:20:00,261.4,261.0,261.6,260.3,8905748.899999999,34139,2025-10-04 11:29:59
2025-10-04 11:30:00,261.0,259.5,261.0,258.3,16071783.000000007,61960,2025-10-04 11:39:59
2025-10-04 11:40:00,259.6,259.8,260.3,259.3,4716741.7,18155,2025-10-04 11:49:59
2025-10-04 11:50:00,259.6,260.3,260.8,259.6,3852980.5,14801,2025-10-04 11:59:59
2025-10-04 12:00:00,260.3,260.0,260.4,260.0,3793420.8,14578,2025-10-04 12:09:59
2025-10-04 12:10:00,260.1,260.7,261.1,260.0,3297285.1,12646,2025-10-04 12:19:59
2025-10-04 12:20:00,260.6,260.7,260.7,260.1,1859755.4999999998,7142,2025-10-04 12:29:59
2025-10-04 12:30:00,260.7,260.6,260.9,260.4,2769319.3999999994,10626,2025-10-04 12:39:59
2025-10-04 12:40:00,260.6,260.9,261.2,260.5,890151.9000000001,3411,2025-10-04 12:49:59
2025-10-04 12:50:00,260.9,260.5,260.9,260.5,1254409.5,4813,2025-10-04 12:59:59
2025-10-04 13:00:00,260.4,260.5,260.6,260.3,1182583.2,4541,2025-10-04 13:09:59
2025-10-04 13:10:00,260.4,260.6,260.6,260.4,637210.2,2446,2025-10-04 13:19:59
2025-10-04 13:20:00,260.5,260.7,260.7,260.3,1712789.2,6577,2025-10-04 13:29:59
2025-10-04 13:30:00,260.6,260.1,260.7,260.0,5600645.200000001,21523,2025-10-04 13:39:59
2025-10-04 13:40:00,260.0,259.8,260.2,259.6,5445079.100000001,20950,2025-10-04 13:49:59
2025-10-04 13:50:00,259.9,260.2,260.2,259.5,2845881.4,10956,2025-10-04 13:59:02
2025-10-04 14:00:00,260.0,259.5,260.2,259.5,930243.3,3581,2025-10-04 14:09:59
2025-10-04 14:10:00,259.8,260.1,260.1,259.5,4592987.300000001,17675,2025-10-04 14:19:59
2025-10-04 14:20:00,260.1,259.9,260.2,259.7,705765.5999999999,2715,2025-10-04 14:29:59
2025-10-04 14:30:00,260.0,260.0,260.2,259.6,1590406.2999999998,6119,2025-10-04 14:39:59
2025-10-04 14:40:00,260.0,259.9,260.0,259.6,642396.1,2473,2025-10-04 14:49:59
2025-10-04 14:50:00,259.8,260.3,260.4,259.1,5024376.899999999,19365,2025-10-04 14:59:59
2025-10-04 15:00:00,260.1,260.0,261.1,260.0,5355207.600000001,20555,2025-10-04 15:09:59
2025-10-04 15:10:00,260.0,259.5,260.1,258.3,17683363.20000001,68300,2025-10-04 15:19:59
2025-10-04 15:20:00,259.6,258.6,260.1,258.6,8741763.0,33717,2025-10-04 15:29:59
2025-10-04 15:30:00,258.8,259.4,259.5,258.7,910648.3,3514,2025-10-04 15:39:59
2025-10-04 15:40:00,259.4,259.0,259.5,258.8,2006538.2999999998,7741,2025-10-04 15:49:59
2025-10-04 15:50:00,259.0,259.3,259.6,258.9,2508998.7,9678,2025-10-04 15:59:59
2025-10-04 16:00:00,259.3,259.5,259.5,259.3,264913.30000000005,1021,2025-10-04 16:09:59
2025-10-04 16:10:00,259.6,259.4,259.6,259.2,1657771.1999999997,6390,2025-10-04 16:19:59
2025-10-04 16:20:00,259.6,259.5,259.7,259.2,1454637.3999999997,5604,2025-10-04 16:29:59
2025-10-04 16:30:00,259.6,259.7,259.7,259.3,769407.1,2965,2025-10-04 16:39:59
2025-10-04 16:40:00,259.5,259.6,259.7,259.4,557293.0,2147,2025-10-04 16:49:59
2025-10-04 16:50:00,259.4,259.5,259.8,259.4,467340.8,1800,2025-10-04 16:59:59
2025-10-04 17:00:00,259.5,259.5,259.8,259.5,280981.0,1082,2025-10-04 17:09:59
2025-10-04 17:10:00,259.5,259.8,259.9,259.5,260273.90000000002,1002,2025-10-04 17:19:59
2025-10-04 17:20:00,259.8,259.2,259.8,259.2,2382830.0,9191,2025-10-04 17:29:59
2025-10-04 17:30:00,259.2,259.3,259.5,259.0,1774922.0999999999,6849,2025-10-04 17:39:59
2025-10-04 17:40:00,259.2,259.3,259.5,259.1,198356.80000000002,765,2025-10-04 17:49:59
2025-10-04 17:50:00,259.5,260.0,260.0,259.3,2106760.5000000005,8111,2025-10-04 17:59:59
2025-10-04 18:00:00,259.8,260.2,260.9,259.7,5079417.3,19497,2025-10-04 18:09:59
2025-10-04 18:10:00,260.5,260.6,260.7,260.1,708123.3999999999,2719,2025-10-04 18:19:59
2025-10-04 18:20:00,260.5,261.2,261.2,260.4,4584211.2,17574,2025-10-04 18:29:59
2025-10-04 18:30:00,261.1,260.8,261.1,260.2,2353446.5000000005,9030,2025-10-04 18:39:59
2025-10-04 18:40:00,260.9,260.6,260.9,260.1,1327219.9,5096,2025-10-04 18:49:59
2025-10-04 18:50:00,260.6,260.8,260.9,260.2,688474.0,2643,2025-10-04 18:59:59
2025-10-05 09:50:00,260.8,260.8,260.8,260.8,12779.199999999999,49,2025-10-05 09:59:59
2025-10-05 10:00:00,260.8,259.7,260.9,258.8,4843828.8,18664,2025-10-05 10:09:59
2025-10-05 10:10:00,259.8,259.9,260.1,259.4,3758531.2,14462,2025-10-05 10:19:59
2025-10-05 10:20:00,259.7,260.0,260.3,259.7,314280.3,1208,2025-10-05 10:29:59
2025-10-05 10:30:00,260.0,260.0,260.2,259.4,2167418.5,8341,2025-10-05 10:39:59
2025-10-05 10:40:00,260.1,260.5,260.6,260.0,1934329.2000000002,7431,2025-10-05 10:49:59
2025-10-05 10:50:00,260.6,260.3,261.0,260.3,3918388.3000000003,15023,2025-10-05 10:59:59
2025-10-05 11:00:00,260.8,260.5,260.8,260.1,107800.79999999999,414,2025-10-05 11:09:59
2025-10-05 11:10:00,260.7,260.5,260.8,260.2,222622.0,855,2025-10-05 11:19:59
2025-10-05 11:20:00,260.5,260.6,260.6,260.2,253490.89999999997,974,2025-10-05 11:29:59
2025-10-05 11:30:00,260.6,260.5,260.6,260.3,127151.7,488,2025-10-05 11:39:59
2025-10-05 11:40:00,260.6,260.5,260.6,260.3,124266.29999999999,477,2025-10-05 11:49:59
2025-10-05 11:50:00,260.5,260.5,260.6,260.2,1858186.4,7132,2025-10-05 11:59:59
2025-10-05 12:00:00,260.6,261.5,261.7,260.6,3888132.5999999996,14882,2025-10-05 12:09:59
2025-10-05 12:10:00,261.6,261.8,261.8,261.3,1668989.4000000001,6377,2025-10-05 12:19:59
2025-10-05 12:20:00,261.5,261.5,261.7,261.3,487720.5,1865,2025-10-05 12:29:59
2025-10-05 12:30:00,261.3,261.4,261.5,261.1,1055329.9000000001,4040,2025-10-05 12:39:59
2025-10-05 12:40:00,261.4,261.4,261.5,261.3,305317.0,1168,2025-10-05 12:49:59
2025-10-05 12:50:00,261.3,261.8,261.8,261.3,372436.80000000005,1423,2025-10-05 12:59:59
2025-10-05 13:00:00,261.8,261.7,261.8,261.4,928458.9999999999,3549,2025-10-05 13:09:59
2025-10-05 13:10:00,261.6,261.8,261.8,261.6,285758.10000000003,1092,2025-10-05 13:19:59
2025-10-05 13:20:00,261.8,261.5,261.8,261.5,731871.9999999999,2796,2025-10-05 13:29:59
2025-10-05 13:30:00,261.7,262.1,262.3,261.5,1987134.0000000002,7588,2025-10-05 13:39:59
2025-10-05 13:40:00,262.0,262.5,262.5,261.9,1079452.1,4116,2025-10-05 13:49:59
2025-10-05 13:50:00,262.5,262.7,262.8,262.4,1339787.8000000003,5102,2025-10-05 13:59:59
2025-10-05 14:00:00,262.7,263.2,263.4,262.5,3118758.399999999,11853,2025-10-05 14:09:59
2025-10-05 14:10:00,263.2,263.5,264.1,263.0,5544704.1,21028,2025-10-05 14:19:59
2025-10-05 14:20:00,263.7,263.6,264.0,263.6,3181749.2,12062,2025-10-05 14:29:59
2025-10-05 14:30:00,263.7,264.0,264.1,263.6,4241689.899999999,16073,2025-10-05 14:39:59
2025-10-05 14:40:00,264.0,263.6,264.0,263.3,2032964.6,7712,2025-10-05 14:49:59
2025-10-05 14:50:00,263.4,263.3,263.4,263.2,273596.1,1039,2025-10-05 14:59:59
2025-10-05 15:00:00,263.2,263.1,263.4,263.1,731448.4,2779,2025-10-05 15:09:59
2025-10-05 15:10:00,263.1,262.9,263.2,262.7,974938.9,3708,2025-10-05 15:19:59
2025-10-05 15:20:00,262.9,263.2,263.2,262.7,505162.20000000007,1921,2025-10-05 15:29:59
2025-10-05 15:30:00,263.2,263.3,263.4,263.1,794109.8,3016,2025-10-05 15:39:59
2025-10-05 15:40:00,263.3,263.2,263.4,263.2,179307.3,681,2025-10-05 15:49:59
2025-10-05 15:50:00,263.4,263.3,263.4,263.1,58726.3,223,2025-10-05 15:59:06
2025-10-05 16:00:00,263.2,263.3,263.5,263.2,126683.70000000001,481,2025-10-05 16:09:59
2025-10-05 16:10:00,263.5,263.5,263.5,263.2,173020.6,657,2025-10-05 16:19:59
2025-10-05 16:20:00,263.2,263.5,263.5,263.2,53181.700000000004,202,2025-10-05 16:29:59
2025-10-05 16:30:00,263.5,263.3,263.5,263.3,107242.0,407,2025-10-05 16:39:59
2025-10-05 16:40:00,263.2,263.3,263.5,263.2,186678.8,709,2025-10-05 16:49:59
2025-10-05 16:50:00,263.2,263.2,263.3,263.0,416410.3,1582,2025-10-05 16:59:59
2025-10-05 17:00:00,263.1,263.1,263.2,263.1,165252.90000000002,628,2025-10-05 17:09:59
2025-10-05 17:10:00,263.1,263.4,263.4,263.1,274591.79999999993,1043,2025-10-05 17:19:59
2025-10-05 17:20:00,263.4,263.4,263.4,262.9,1345697.2,5114,2025-10-05 17:29:59
2025-10-05 17:30:00,263.4,263.0,263.4,262.8,852737.1000000001,3242,2025-10-05 17:39:59
2025-10-05 17:40:00,262.8,262.7,263.0,262.5,2399624.3000000003,9138,2025-10-05 17:49:59
2025-10-05 17:50:00,263.0,262.9,263.0,262.7,102201.8,389,2025-10-05 17:59:59
2025-10-05 18:00:00,262.8,262.9,262.9,262.5,614592.6000000001,2339,2025-10-05 18:09:59
2025-10-05 18:10:00,262.9,262.8,263.3,262.7,1611624.5999999999,6128,2025-10-05 18:19:59
2025-10-05 18:20:00,263.0,263.0,263.0,262.8,306096.1,1164,2025-10-05 18:29:59
2025-10-05 18:30:00,263.0,263.0,263.0,262.6,4197115.9,15963,2025-10-05 18:39:59
2025-10-05 18:40:00,263.0,263.3,263.4,262.6,1777178.7,6757,2025-10-05 18:49:59
2025-10-05 18:50:00,263.4,264.2,264.3,263.4,4185890.7999999993,15854,2025-10-05 18:59:59
2025-10-06 06:50:00,265.0,265.0,265.0,265.0,107855.0,407,2025-10-06 06:59:59
2025-10-06 07:00:00,265.1,264.0,266.0,263.7,9144058.1,34532,2025-10-06 07:09:59
2025-10-06 07:10:00,263.8,264.7,264.7,263.5,4020506.8000000003,15228,2025-10-06 07:19:59
2025-10-06 07:20:00,264.7,264.6,265.0,264.2,1860641.5000000002,7031,2025-10-06 07:29:59
2025-10-06 07:30:00,264.6,264.3,264.6,264.3,272549.9,1031,2025-10-06 07:39:59
2025-10-06 07:40:00,264.3,264.6,264.6,264.2,627472.5,2374,2025-10-06 07:49:59
2025-10-06 07:50:00,264.6,264.6,264.6,264.5,174632.20000000004,660,2025-10-06 07:59:59
2025-10-06 08:00:00,264.6,264.8,264.8,264.4,1009642.1,3816,2025-10-06 08:09:59
2025-10-06 08:10:00,264.6,265.2,265.2,264.6,1363692.8999999997,5146,2025-10-06 08:19:59
2025-10-06 08:20:00,265.0,265.6,266.1,265.0,8120625.8999999985,30560,2025-10-06 08:29:59
2025-10-06 08:30:00,265.6,265.6,265.6,265.2,867035.2,3267,2025-10-06 08:39:59
2025-10-06 08:40:00,265.4,265.0,265.4,264.7,2417724.8000000003,9124,2025-10-06 08:49:59
2025-10-06 08:50:00,265.0,265.0,265.0,264.8,450836.5,1702,2025-10-06 08:59:59
2025-10-06 09:00:00,265.0,263.6,265.0,263.5,7754898.999999999,29378,2025-10-06 09:09:59
2025-10-06 09:10:00,263.5,264.4,264.4,263.5,3116170.9,11806,2025-10-06 09:19:59
2025-10-06 09:20:00,264.5,264.9,264.9,264.5,4304481.899999999,16267,2025-10-06 09:29:59
2025-10-06 09:30:00,264.8,264.7,264.8,264.6,1848198.2999999998,6983,2025-10-06 09:39:59
2025-10-06 09:40:00,264.9,264.9,265.0,264.6,1321919.9,4993,2025-10-06 09:49:59
2025-10-06 09:50:00,264.9,265.8,266.4,264.9,8067146.5,30343,2025-10-06 09:59:59
2025-10-06 10:00:00,265.7,265.0,267.0,264.6,44991469.1,169395,2025-10-06 10:09:59
2025-10-06 10:10:00,265.0,266.6,267.3,264.9,28218874.700000007,106066,2025-10-06 10:19:59
2025-10-06 10:20:00,266.7,266.8,267.8,266.1,17264813.900000002,64622,2025-10-06 10:29:59
2025-10-06 10:30:00,266.6,267.3,267.4,265.9,18247939.6,68396,2025-10-06 10:39:59
2025-10-06 10:40:00,267.2,265.7,267.2,265.5,41318258.19999998,155381,2025-10-06 10:49:59
2025-10-06 10:50:00,265.6,264.1,266.0,263.7,47091226.5,177801,2025-10-06 10:59:59
2025-10-06 11:00:00,264.3,264.8,265.4,263.8,31261568.899999995,118192,2025-10-06 11:09:59
2025-10-06 11:10:00,264.8,264.4,265.2,264.3,17561861.700000003,66327,2025-10-06 11:19:59
2025-10-06 11:20:00,264.6,264.0,264.9,263.8,16755644.200000003,63419,2025-10-06 11:29:59
2025-10-06 11:30:00,263.8,262.8,264.4,262.4,39073857.099999994,148377,2025-10-06 11:39:59
2025-10-06 11:40:00,262.8,263.5,264.1,262.6,10124319.8,38419,2025-10-06 11:49:59
2025-10-06 11:50:00,263.5,264.6,264.6,263.4,15920781.700000001,60295,2025-10-06 11:59:59
2025-10-06 12:00:00,264.6,265.6,266.1,264.6,24634389.999999996,92780,2025-10-06 12:09:59
2025-10-06 12:10:00,265.6,265.2,265.7,265.2,5875151.6,22134,2025-10-06 12:19:59
2025-10-06 12:20:00,265.2,266.0,266.0,265.2,5340045.5,20099,2025-10-06 12:29:59
2025-10-06 12:30:00,266.0,266.6,267.5,266.0,34420320.50000001,128965,2025-10-06 12:39:59
2025-10-06 12:40:00,266.6,267.0,267.2,266.2,15755231.999999998,59064,2025-10-06 12:49:59
2025-10-06 12:50:00,267.0,268.2,268.6,267.0,34672094.8,129352,2025-10-06 12:59:59
2025-10-06 13:00:00,268.2,269.0,269.0,267.5,22931511.4,85462,2025-10-06 13:09:59
2025-10-06 13:10:00,269.0,268.7,269.6,268.1,43042271.7,160043,2025-10-06 13:19:59
2025-10-06 13:20:00,268.7,268.0,269.1,267.7,10529746.299999999,39254,2025-10-06 13:29:59
2025-10-06 13:30:00,268.0,268.6,269.2,268.0,9564486.6,35605,2025-10-06 13:39:59
2025-10-06 13:40:00,268.6,268.4,269.0,268.0,9392634.8,35007,2025-10-06 13:49:59
2025-10-06 13:50:00,268.4,267.6,268.4,267.1,14510141.4,54239,2025-10-06 13:59:59
2025-10-06 14:00:00,267.6,267.7,268.0,267.3,4627696.9,17286,2025-10-06 14:09:59
2025-10-06 14:10:00,267.6,267.0,267.9,266.6,12233829.2,45791,2025-10-06 14:19:59
2025-10-06 14:20:00,267.0,266.9,267.3,266.2,10118689.0,37938,2025-10-06 14:29:59
2025-10-06 14:30:00,266.9,266.7,267.3,266.7,5508409.0,20634,2025-10-06 14:39:59
2025-10-06 14:40:00,266.8,267.0,267.4,266.8,2808161.8,10510,2025-10-06 14:49:59
2025-10-06 14:50:00,267.0,265.6,267.0,265.6,10834712.300000003,40721,2025-10-06 14:59:59
2025-10-06 15:00:00,265.6,264.7,265.9,263.7,32955955.999999974,124373,2025-10-06 15:09:59
2025-10-06 15:10:00,264.7,264.2,264.8,263.3,20140370.000000004,76302,2025-10-06 15:19:59
2025-10-06 15:20:00,264.2,264.0,265.0,263.7,11413595.900000002,43185,2025-10-06 15:29:59
2025-10-06 15:30:00,264.0,264.9,265.0,263.7,15158813.400000002,57384,2025-10-06 15:39:59
2025-10-06 15:40:00,264.9,265.6,266.1,264.2,7729300.199999999,29143,2025-10-06 15:49:59
2025-10-06 15:50:00,265.5,263.2,265.6,262.6,49465755.3,187447,2025-10-06 15:59:59
2025-10-06 16:00:00,263.1,264.0,265.0,263.1,35080426.1,132827,2025-10-06 16:09:59
2025-10-06 16:10:00,264.0,264.9,266.0,264.0,54334024.8,204887,2025-10-06 16:19:59
2025-10-06 16:20:00,265.0,261.6,265.0,260.1,128845459.79999995,491353,2025-10-06 16:29:59
2025-10-06 16:30:00,261.7,262.4,262.6,261.6,25881968.199999984,98712,2025-10-06 16:39:59
2025-10-06 16:40:00,262.4,263.9,264.6,262.3,34323098.7,130255,2025-10-06 16:49:59
2025-10-06 16:50:00,263.8,264.7,264.7,263.8,11037226.700000001,41750,2025-10-06 16:59:59
2025-10-06 17:00:00,264.7,263.5,264.8,263.2,18185814.0,68895,2025-10-06 17:09:59
2025-10-06 17:10:00,263.5,264.3,264.9,263.5,12561481.2,47493,2025-10-06 17:19:59
2025-10-06 17:20:00,264.4,264.6,264.6,263.2,7944766.499999999,30098,2025-10-06 17:29:59
2025-10-06 17:30:00,264.6,263.7,264.9,263.2,21334849.8,80777,2025-10-06 17:39:59
2025-10-06 17:40:00,263.7,263.2,264.0,262.5,14020796.700000003,53311,2025-10-06 17:49:59
2025-10-06 17:50:00,263.2,263.1,263.3,262.6,5896130.800000001,22423,2025-10-06 17:59:59
2025-10-06 18:00:00,263.0,263.6,263.9,262.9,6134684.400000001,23266,2025-10-06 18:09:59
2025-10-06 18:10:00,263.7,264.1,264.4,263.4,5184118.600000001,19630,2025-10-06 18:19:59
2025-10-06 18:20:00,264.3,263.5,264.3,263.5,8102520.000000001,30709,2025-10-06 18:29:59
2025-10-06 18:30:00,263.7,263.9,264.8,263.2,25063557.2,94942,2025-10-06 18:39:59
2025-10-06 18:40:00,263.9,263.9,263.9,263.9,103712.7,393,2025-10-06 18:48:05
2025-10-06 19:00:00,263.8,263.6,264.4,263.3,7828105.8,29661,2025-10-06 19:09:59
2025-10-06 19:10:00,263.6,264.4,264.7,263.5,5172341.5,19586,2025-10-06 19:19:59
2025-10-06 19:20:00,264.4,264.6,265.1,264.4,9923120.1,37474,2025-10-06 19:29:59
2025-10-06 19:30:00,264.6,264.8,265.0,264.4,1733058.7000000007,6546,2025-10-06 19:39:59
2025-10-06 19:40:00,264.8,266.1,266.1,264.6,19680779.8,74142,2025-10-06 19:49:59
2025-10-06 19:50:00,266.1,267.4,268.0,265.8,42347227.39999996,158681,2025-10-06 19:59:59
2025-10-06 20:00:00,267.2,267.0,267.4,266.8,3174348.2,11885,2025-10-06 20:09:59
2025-10-06 20:10:00,266.9,266.6,267.0,266.5,5895260.6,22104,2025-10-06 20:19:59
2025-10-06 20:20:00,266.6,266.4,267.4,266.3,12844318.799999999,48154,2025-10-06 20:29:59
2025-10-06 20:30:00,266.5,266.5,266.6,266.2,7959948.9,29883,2025-10-06 20:39:59
2025-10-06 20:40:00,266.5,265.8,266.7,265.5,6598867.699999998,24830,2025-10-06 20:49:59
2025-10-06 20:50:00,265.7,266.7,267.2,265.7,11951714.8,44833,2025-10-06 20:59:59
2025-10-06 21:00:00,266.6,266.6,266.6,266.2,2904156.7,10898,2025-10-06 21:09:59
2025-10-06 21:10:00,266.6,266.8,267.0,266.5,1752815.2999999998,6569,2025-10-06 21:19:59
2025-10-06 21:20:00,266.8,266.3,266.8,266.1,1464066.7000000002,5494,2025-10-06 21:29:59
2025-10-06 21:30:00,266.4,266.7,266.7,266.3,374645.1,1406,2025-10-06 21:39:59
2025-10-06 21:40:00,266.5,266.7,266.8,266.5,1741940.0,6534,2025-10-06 21:49:59
2025-10-06 21:50:00,266.8,267.5,267.5,266.6,4806421.4,17986,2025-10-06 21:59:59
2025-10-06 22:00:00,267.4,267.2,267.4,267.0,2170472.3000000003,8122,2025-10-06 22:09:59
2025-10-06 22:10:00,267.4,267.5,267.5,267.2,2888610.8,10803,2025-10-06 22:19:59
2025-10-06 22:20:00,267.4,267.5,267.5,267.2,620369.5,2320,2025-10-06 22:29:59
2025-10-06 22:30:00,267.5,267.9,268.2,267.5,6616600.7,24707,2025-10-06 22:39:59
2025-10-06 22:40:00,267.9,267.5,268.1,267.5,1807537.7000000002,6751,2025-10-06 22:49:59
2025-10-06 22:50:00,267.7,267.2,267.7,267.1,5558400.8,20789,2025-10-06 22:59:59
2025-10-06 23:00:00,267.4,267.5,267.6,267.2,1788109.0,6687,2025-10-06 23:09:59
2025-10-06 23:10:00,267.5,267.3,267.7,267.0,7000155.500000001,26191,2025-10-06 23:19:59
2025-10-06 23:20:00,267.3,267.4,267.6,267.0,2066948.6,7730,2025-10-06 23:29:59
2025-10-06 23:30:00,267.4,266.6,267.4,266.3,6593599.1,24726,2025-10-06 23:39:59
2025-10-06 23:40:00,266.6,265.4,266.6,265.0,9347775.399999999,35165,2025-10-06 23:49:59
2025-10-07 06:50:00,264.0,264.0,264.0,264.0,343200.0,1300,2025-10-07 06:59:59
2025-10-07 07:00:00,264.0,265.1,265.2,263.4,11156007.700000001,42170,2025-10-07 07:09:59
2025-10-07 07:10:00,265.3,266.8,266.9,265.3,7355544.700000001,27603,2025-10-07 07:19:59
2025-10-07 07:20:00,266.4,265.2,266.4,264.5,5837258.800000001,22022,2025-10-07 07:29:59
2025-10-07 07:30:00,264.8,264.2,265.0,263.9,3993446.8999999994,15106,2025-10-07 07:39:59
2025-10-07 07:40:00,263.9,264.9,264.9,263.9,5910132.600000001,22347,2025-10-07 07:49:59
2025-10-07 07:50:00,264.9,264.7,264.9,264.3,521594.8,1970,2025-10-07 07:59:59
2025-10-07 08:00:00,264.4,265.9,266.8,264.4,10477700.599999998,39460,2025-10-07 08:09:59
2025-10-07 08:10:00,265.9,266.4,266.8,265.6,4457240.5,16734,2025-10-07 08:19:59
2025-10-07 08:20:00,266.6,267.4,267.4,266.5,8209014.9,30758,2025-10-07 08:29:59
2025-10-07 08:30:00,267.1,266.7,267.4,266.4,3007903.5,11267,2025-10-07 08:39:59
2025-10-07 08:40:00,266.4,266.9,267.2,265.7,12301950.500000002,46145,2025-10-07 08:49:59
2025-10-07 08:50:00,266.9,267.1,267.5,266.7,12794287.7,47900,2025-10-07 08:59:59
2025-10-07 09:00:00,267.0,265.1,267.0,265.0,15773318.1,59354,2025-10-07 09:09:59
2025-10-07 09:10:00,265.1,266.1,266.3,265.1,4111303.1,15475,2025-10-07 09:19:59
2025-10-07 09:20:00,266.2,266.0,266.4,265.8,3408855.1999999997,12809,2025-10-07 09:29:59
2025-10-07 09:30:00,266.0,265.8,266.1,265.0,11904824.400000002,44808,2025-10-07 09:39:59
2025-10-07 09:40:00,265.8,265.5,265.8,265.3,3585003.5999999996,13507,2025-10-07 09:49:59
2025-10-07 09:50:00,265.5,266.1,266.1,265.5,3500237.1,13168,2025-10-07 09:59:59
2025-10-07 10:00:00,266.1,265.5,266.8,264.3,19708317.700000007,74284,2025-10-07 10:09:59
2025-10-07 10:10:00,265.5,265.7,265.9,264.6,8440339.5,31830,2025-10-07 10:19:59
2025-10-07 10:20:00,265.5,265.8,266.0,263.8,35242772.900000006,133123,2025-10-07 10:29:59
2025-10-07 10:30:00,266.0,267.1,267.5,265.1,17098045.9,64087,2025-10-07 10:39:59
2025-10-07 10:40:00,267.1,269.5,269.5,267.0,59371965.20000002,221247,2025-10-07 10:49:59
2025-10-07 10:50:00,269.5,268.1,269.5,267.7,33490588.099999998,124666,2025-10-07 10:59:59
2025-10-07 11:00:00,268.0,268.3,269.2,267.6,26641307.200000003,99224,2025-10-07 11:09:59
2025-10-07 11:10:00,268.2,270.3,270.6,268.2,37085707.5,137611,2025-10-07 11:19:59
2025-10-07 11:20:00,270.3,271.5,271.8,269.6,56543546.4,209023,2025-10-07 11:29:59
2025-10-07 11:30:00,271.5,270.9,272.2,270.9,27606610.299999993,101691,2025-10-07 11:39:59
2025-10-07 11:40:00,270.9,269.5,270.9,268.2,31164348.50000001,115520,2025-10-07 11:49:59
2025-10-07 11:50:00,269.6,269.6,270.0,269.4,3977705.4,14747,2025-10-07 11:59:59
2025-10-07 12:00:00,269.7,269.7,270.0,269.0,9982078.300000003,37033,2025-10-07 12:09:59
2025-10-07 12:10:00,269.8,269.7,270.2,269.1,6321049.9,23431,2025-10-07 12:19:59
2025-10-07 12:20:00,269.7,268.3,270.0,268.2,13302226.7,49477,2025-10-07 12:29:59
2025-10-07 12:30:00,268.3,268.3,268.6,267.7,16782499.69999999,62596,2025-10-07 12:39:59
2025-10-07 12:40:00,268.3,267.9,268.6,267.6,11216018.699999992,41844,2025-10-07 12:49:59
2025-10-07 12:50:00,268.0,268.7,269.2,267.8,8817778.9,32836,2025-10-07 12:59:59
2025-10-07 13:00:00,268.7,267.4,268.7,267.3,11602766.499999998,43341,2025-10-07 13:09:59
2025-10-07 13:10:00,267.4,268.3,268.6,267.4,9803599.999999998,36567,2025-10-07 13:19:59
2025-10-07 13:20:00,268.2,268.5,268.8,268.2,2866619.4,10676,2025-10-07 13:29:59
2025-10-07 13:30:00,268.6,268.3,268.7,267.8,2373689.9999999995,8842,2025-10-07 13:39:59
2025-10-07 13:40:00,268.5,268.6,268.8,268.2,2071917.1,7717,2025-10-07 13:49:59
2025-10-07 13:50:00,268.6,270.2,270.4,268.6,20537156.099999998,76152,2025-10-07 13:59:59
2025-10-07 14:00:00,270.3,269.5,270.3,269.3,10115092.8,37524,2025-10-07 14:09:59
2025-10-07 14:10:00,269.3,269.4,269.7,268.9,6685483.0,24833,2025-10-07 14:19:59
2025-10-07 14:20:00,269.5,269.8,270.1,269.0,8579916.8,31817,2025-10-07 14:29:59
2025-10-07 14:30:00,269.9,269.3,270.2,269.3,8254366.299999995,30596,2025-10-07 14:39:59
2025-10-07 14:40:00,269.3,268.7,269.3,268.2,4519166.9,16816,2025-10-07 14:49:59
2025-10-07 14:50:00,268.6,268.5,268.7,267.7,4455787.9,16621,2025-10-07 14:59:59
2025-10-07 15:00:00,268.4,267.1,268.4,267.0,11707903.1,43754,2025-10-07 15:09:59
2025-10-07 15:10:00,267.1,268.2,268.5,267.0,6098269.9,22764,2025-10-07 15:19:59
2025-10-07 15:20:00,268.3,268.2,268.3,267.1,4654170.0,17385,2025-10-07 15:29:59
2025-10-07 15:30:00,268.2,269.2,269.5,267.9,7349923.599999999,27324,2025-10-07 15:39:59
2025-10-07 15:40:00,269.3,269.9,270.6,269.1,11182964.899999999,41420,2025-10-07 15:49:59
2025-10-07 15:50:00,269.8,269.6,270.2,269.2,8585181.4,31838,2025-10-07 15:59:59
2025-10-07 16:00:00,269.5,269.9,269.9,269.2,3261639.4,12097,2025-10-07 16:09:59
2025-10-07 16:10:00,269.9,269.5,270.4,269.3,7570060.399999999,28040,2025-10-07 16:19:59
2025-10-07 16:20:00,269.4,269.1,270.2,268.9,4124905.4999999995,15303,2025-10-07 16:29:59
2025-10-07 16:30:00,269.0,269.9,270.4,269.0,8280015.500000002,30691,2025-10-07 16:39:59
2025-10-07 16:40:00,269.9,271.1,271.1,269.3,11082468.4,40982,2025-10-07 16:49:59
2025-10-07 16:50:00,271.1,272.0,272.1,270.5,23984583.700000003,88403,2025-10-07 16:59:59
2025-10-07 17:00:00,271.7,272.7,273.7,270.9,54399593.89999999,199689,2025-10-07 17:09:59
2025-10-07 17:10:00,272.8,272.6,272.9,272.0,15322293.299999997,56271,2025-10-07 17:19:59
2025-10-07 17:20:00,272.6,272.0,272.7,271.9,8792863.5,32296,2025-10-07 17:29:59
2025-10-07 17:30:00,272.1,272.0,272.5,271.6,9735397.200000001,35786,2025-10-07 17:39:59
2025-10-07 17:40:00,272.0,272.5,272.5,271.8,9016009.3,33114,2025-10-07 17:49:59
2025-10-07 17:50:00,272.5,272.5,272.8,272.4,5814959.8,21333,2025-10-07 17:59:59
2025-10-07 18:00:00,272.5,272.4,272.7,272.3,7994830.4,29348,2025-10-07 18:09:59
2025-10-07 18:10:00,272.4,273.6,273.7,272.3,10789102.1,39488,2025-10-07 18:19:59
2025-10-07 18:20:00,273.6,274.2,274.3,273.4,24842193.300000004,90683,2025-10-07 18:29:59
2025-10-07 18:30:00,274.2,273.7,274.3,273.0,24877940.4,90877,2025-10-07 18:39:59
2025-10-07 18:40:00,274.3,274.3,274.3,274.3,10070101.600000001,36712,2025-10-07 18:49:14
2025-10-07 19:00:00,273.8,272.8,274.2,272.8,7347463.8,26878,2025-10-07 19:09:59
2025-10-07 19:10:00,272.8,272.9,273.1,272.4,9387550.8,34417,2025-10-07 19:19:59
2025-10-07 19:20:00,273.0,272.5,273.3,272.1,11100444.4,40732,2025-10-07 19:29:59
2025-10-07 19:30:00,272.6,272.3,272.6,271.8,5240609.3,19252,2025-10-07 19:39:59
2025-10-07 19:40:00,272.4,272.5,272.6,272.2,3143436.9000000004,11539,2025-10-07 19:49:59
2025-10-07 19:50:00,272.5,272.5,272.6,272.3,4128763.0999999996,15150,2025-10-07 19:59:59
2025-10-07 20:00:00,272.5,272.4,272.6,272.3,1698922.7,6234,2025-10-07 20:09:59
2025-10-07 20:10:00,272.4,272.4,272.6,272.3,3473594.8000000003,12745,2025-10-07 20:19:59
2025-10-07 20:20:00,272.4,272.6,272.6,272.3,1533383.0,5628,2025-10-07 20:29:59
2025-10-07 20:30:00,272.6,272.5,272.6,272.4,1722986.0,6321,2025-10-07 20:39:59
2025-10-07 20:40:00,272.4,272.4,272.6,272.3,1037643.7,3809,2025-10-07 20:49:59
2025-10-07 20:50:00,272.6,272.5,272.6,272.3,430646.7,1581,2025-10-07 20:59:59
2025-10-07 21:00:00,272.4,272.6,272.6,272.3,1177767.5000000002,4321,2025-10-07 21:09:59
2025-10-07 21:10:00,272.6,272.5,272.6,272.5,323780.1,1188,2025-10-07 21:19:59
2025-10-07 21:20:00,272.6,272.4,272.6,272.4,2854443.3000000003,10476,2025-10-07 21:29:59
2025-10-07 21:30:00,272.5,272.9,272.9,272.4,8345713.000000001,30618,2025-10-07 21:39:59
2025-10-07 21:40:00,272.7,272.6,272.8,272.5,715884.8000000003,2626,2025-10-07 21:49:59
2025-10-07 21:50:00,272.6,272.7,272.9,272.6,1507221.6999999997,5525,2025-10-07 21:59:59
2025-10-07 22:00:00,272.7,273.1,273.1,272.5,1441265.2000000002,5284,2025-10-07 22:09:59
2025-10-07 22:10:00,272.8,272.7,273.0,272.5,3462214.7,12700,2025-10-07 22:19:59
2025-10-07 22:20:00,272.9,272.6,272.9,272.6,1059509.9,3885,2025-10-07 22:29:59
2025-10-07 22:30:00,272.5,272.6,272.7,272.4,611340.3,2243,2025-10-07 22:39:59
2025-10-07 22:40:00,272.5,273.0,273.0,272.4,2605565.0,9553,2025-10-07 22:49:59
2025-10-07 22:50:00,273.0,272.8,273.0,272.8,1087483.5,3984,2025-10-07 22:59:59
2025-10-07 23:00:00,272.8,272.5,272.9,272.4,2935255.3,10767,2025-10-07 23:09:59
2025-10-07 23:10:00,272.7,272.7,272.7,272.4,1243165.0,4562,2025-10-07 23:19:59
2025-10-07 23:20:00,272.6,272.6,272.7,272.5,2159576.6,7924,2025-10-07 23:29:59
2025-10-07 23:30:00,272.6,272.8,272.8,272.5,2163817.7,7937,2025-10-07 23:39:59
2025-10-07 23:40:00,272.9,273.6,273.6,272.7,4247339.500000001,15552,2025-10-07 23:49:59
2025-10-08 06:50:00,274.1,274.1,274.1,274.1,49337.99999999999,180,2025-10-08 06:59:59
2025-10-08 07:00:00,274.0,273.5,274.1,272.8,4557619.9,16661,2025-10-08 07:09:59
2025-10-08 07:10:00,273.6,273.6,274.0,273.0,4178579.8999999994,15275,2025-10-08 07:19:59
2025-10-08 07:20:00,273.9,273.4,273.9,273.2,1355479.2000000002,4953,2025-10-08 07:29:59
2025-10-08 07:30:00,273.4,273.1,273.4,273.1,567919.9,2079,2025-10-08 07:39:59
2025-10-08 07:40:00,273.1,272.6,273.1,272.3,1995624.1,7319,2025-10-08 07:49:59
2025-10-08 07:50:00,272.9,273.4,273.4,272.5,1398192.6999999997,5119,2025-10-08 07:59:59
2025-10-08 08:00:00,273.3,273.4,273.5,273.3,2904571.7,10625,2025-10-08 08:09:59
2025-10-08 08:10:00,273.4,273.4,273.4,273.1,731042.6000000001,2675,2025-10-08 08:19:59
2025-10-08 08:20:00,273.1,273.2,273.6,273.1,727556.3000000002,2661,2025-10-08 08:29:59
2025-10-08 08:30:00,273.3,273.4,273.8,273.1,2156309.0999999996,7886,2025-10-08 08:39:59
2025-10-08 08:40:00,273.6,273.3,273.6,273.3,934826.3,3420,2025-10-08 08:49:59
2025-10-08 08:50:00,273.4,273.2,273.4,273.1,3368159.9000000004,12329,2025-10-08 08:59:59
2025-10-08 09:00:00,273.1,273.4,273.5,272.3,10056952.9,36859,2025-10-08 09:09:59
2025-10-08 09:10:00,273.4,272.8,273.5,272.6,1963841.2000000002,7193,2025-10-08 09:19:59
2025-10-08 09:20:00,272.8,272.6,273.1,272.6,1111437.2000000002,4075,2025-10-08 09:29:59
2025-10-08 09:30:00,272.6,272.5,272.7,272.4,1296102.3,4755,2025-10-08 09:39:59
2025-10-08 09:40:00,272.5,272.7,272.9,272.2,3587686.8,13169,2025-10-08 09:49:59
2025-10-08 09:50:00,272.8,273.0,273.1,272.6,794796.7000000001,2914,2025-10-08 09:59:59
2025-10-08 10:00:00,273.0,272.4,274.4,272.2,13003203.7,47585,2025-10-08 10:09:59
2025-10-08 10:10:00,272.5,271.3,272.5,270.6,28136009.2,103660,2025-10-08 10:19:59
2025-10-08 10:20:00,271.1,271.3,271.9,270.6,12495821.6,46089,2025-10-08 10:29:59
2025-10-08 10:30:00,271.2,270.0,271.2,269.9,19687104.599999994,72791,2025-10-08 10:39:59
2025-10-08 10:40:00,270.0,270.5,270.6,269.7,13752013.8,50905,2025-10-08 10:49:59
2025-10-08 10:50:00,270.6,270.2,270.8,269.0,21593825.900000002,80029,2025-10-08 10:59:59
2025-10-08 11:00:00,270.2,269.6,270.2,269.2,8787624.0,32575,2025-10-08 11:09:59
2025-10-08 11:10:00,269.6,269.8,270.9,269.1,16002261.200000001,59248,2025-10-08 11:19:59
2025-10-08 11:20:00,269.8,269.3,270.0,268.9,12169729.200000001,45192,2025-10-08 11:29:59
2025-10-08 11:30:00,269.2,269.6,269.9,269.2,3071759.8000000003,11397,2025-10-08 11:39:59
2025-10-08 11:40:00,269.6,269.4,270.0,269.3,4792534.5,17759,2025-10-08 11:49:59
2025-10-08 11:50:00,269.5,269.1,269.6,269.1,3574885.1,13277,2025-10-08 11:59:59
2025-10-08 12:00:00,269.1,266.9,269.1,266.6,41766347.2,156095,2025-10-08 12:09:59
2025-10-08 12:10:00,266.8,267.3,267.9,266.8,9709632.2,36302,2025-10-08 12:19:59
2025-10-08 12:20:00,267.5,266.9,267.5,266.1,31327967.399999995,117492,2025-10-08 12:29:59
2025-10-08 12:30:00,266.9,267.1,267.4,266.3,10203272.1,38229,2025-10-08 12:39:59
2025-10-08 12:40:00,267.1,266.4,267.2,265.3,28549564.3,107273,2025-10-08 12:49:59
2025-10-08 12:50:00,266.5,267.0,267.4,266.1,9779139.3,36638,2025-10-08 12:59:59
2025-10-08 13:00:00,266.9,267.0,267.5,265.7,24101612.800000004,90348,2025-10-08 13:09:59
2025-10-08 13:10:00,267.1,265.7,267.1,265.6,18126291.700000003,67994,2025-10-08 13:19:59
2025-10-08 13:20:00,265.6,265.8,266.4,265.5,8453761.299999999,31791,2025-10-08 13:29:59
2025-10-08 13:30:00,265.8,266.8,267.1,265.8,11571926.799999999,43408,2025-10-08 13:39:59
2025-10-08 13:40:00,266.8,267.2,267.5,265.8,20099922.099999998,75355,2025-10-08 13:49:59
2025-10-08 13:50:00,267.2,267.8,268.2,267.2,22970702.5,85815,2025-10-08 13:59:59
2025-10-08 14:00:00,267.8,267.9,268.1,267.1,15139654.299999999,56562,2025-10-08 14:09:59
2025-10-08 14:10:00,268.0,267.6,268.7,267.5,16041064.700000003,59790,2025-10-08 14:19:59
2025-10-08 14:20:00,267.5,268.0,268.5,267.5,7331824.6,27356,2025-10-08 14:29:59
2025-10-08 14:30:00,267.8,268.5,268.5,267.8,877627.6,3271,2025-10-08 14:39:59
2025-10-08 14:40:00,268.5,268.1,268.7,268.0,3226964.6999999997,12019,2025-10-08 14:49:59
2025-10-08 14:50:00,268.1,268.0,268.5,267.9,3128578.3,11668,2025-10-08 14:59:59
2025-10-08 15:00:00,267.9,267.0,267.9,266.3,20795458.5,77952,2025-10-08 15:09:59
2025-10-08 15:10:00,267.0,268.1,268.2,266.8,3816456.3000000007,14262,2025-10-08 15:19:59
2025-10-08 15:20:00,268.3,267.8,268.3,267.7,2033131.3,7591,2025-10-08 15:29:59
2025-10-08 15:30:00,267.7,266.3,268.1,266.2,7298430.300000001,27295,2025-10-08 15:39:59
2025-10-08 15:40:00,266.2,267.1,267.5,266.2,3737869.6,14016,2025-10-08 15:49:59
2025-10-08 15:50:00,267.0,265.8,267.4,265.8,5032015.8,18900,2025-10-08 15:59:59
2025-10-08 16:00:00,265.8,265.5,265.9,264.6,21105114.499999996,79585,2025-10-08 16:09:59
2025-10-08 16:10:00,265.6,266.5,266.5,265.2,10366580.999999998,38989,2025-10-08 16:19:59
2025-10-08 16:20:00,266.4,265.9,266.5,265.3,7549997.2,28380,2025-10-08 16:29:59
2025-10-08 16:30:00,265.7,266.8,266.9,265.1,8511811.3,32007,2025-10-08 16:39:59
2025-10-08 16:40:00,266.8,266.5,266.9,265.8,4276799.800000001,16051,2025-10-08 16:49:59
2025-10-08 16:50:00,266.5,265.3,267.0,264.9,14223693.000000004,53545,2025-10-08 16:59:59
2025-10-08 17:00:00,265.3,264.4,265.6,263.4,37239416.300000004,140830,2025-10-08 17:09:59
2025-10-08 17:10:00,264.4,264.3,265.0,264.1,7608888.000000002,28752,2025-10-08 17:19:59
2025-10-08 17:20:00,264.5,264.6,264.6,263.1,13122161.7,49761,2025-10-08 17:29:59
2025-10-08 17:30:00,264.4,263.4,264.4,263.4,5016125.699999999,19015,2025-10-08 17:39:59
2025-10-08 17:40:00,263.5,263.2,263.5,263.1,11158258.899999999,42378,2025-10-08 17:49:59
2025-10-08 17:50:00,263.1,263.0,263.2,262.9,13292313.200000001,50538,2025-10-08 17:59:59
2025-10-08 18:00:00,262.9,264.4,265.0,262.9,13863252.000000002,52549,2025-10-08 18:09:59
2025-10-08 18:10:00,264.3,264.0,264.5,263.3,9100149.9,34490,2025-10-08 18:19:59
2025-10-08 18:20:00,263.9,259.6,264.0,258.9,104946201.00000016,402481,2025-10-08 18:29:59
2025-10-08 18:30:00,259.6,260.8,261.4,259.5,39414315.599999994,151278,2025-10-08 18:39:59
2025-10-08 18:40:00,260.0,260.0,260.0,260.0,24509160.0,94266,2025-10-08 18:49:59
2025-10-08 19:00:00,259.9,258.3,260.0,255.7,74280462.30000012,288450,2025-10-08 19:09:59
2025-10-08 19:10:00,258.7,257.6,259.3,257.0,18626685.099999998,72171,2025-10-08 19:19:59
2025-10-08 19:20:00,257.6,256.8,257.7,255.5,29888138.4,116557,2025-10-08 19:29:59
2025-10-08 19:30:00,257.0,257.2,257.6,256.3,15217913.499999998,59211,2025-10-08 19:39:59
2025-10-08 19:40:00,257.0,257.5,257.5,256.4,6285179.000000001,24482,2025-10-08 19:49:59
2025-10-08 19:50:00,257.5,258.1,258.1,257.2,5574601.0,21634,2025-10-08 19:59:59
2025-10-08 20:00:00,258.0,258.5,258.9,257.9,12888583.500000004,49873,2025-10-08 20:09:59
2025-10-08 20:10:00,258.3,258.4,259.0,258.0,11623403.299999999,44940,2025-10-08 20:19:59
2025-10-08 20:20:00,258.2,258.2,258.9,258.1,4549318.7,17592,2025-10-08 20:29:59
2025-10-08 20:30:00,258.5,258.4,258.8,258.3,2188751.0,8467,2025-10-08 20:39:59
2025-10-08 20:40:00,258.6,259.0,259.1,258.3,3292678.3,12725,2025-10-08 20:49:59
2025-10-08 20:50:00,259.1,259.1,259.1,258.8,1391014.1,5371,2025-10-08 20:59:59
2025-10-08 21:00:00,259.1,259.4,259.6,258.9,3231464.0,12463,2025-10-08 21:09:59
2025-10-08 21:10:00,259.5,259.4,259.6,259.2,3111269.4,11996,2025-10-08 21:19:59
2025-10-08 21:20:00,259.4,259.6,260.0,259.3,15732099.9,60544,2025-10-08 21:29:59
2025-10-08 21:30:00,259.5,260.0,260.0,259.3,9380561.0,36093,2025-10-08 21:39:59
2025-10-08 21:40:00,260.0,259.7,260.0,259.4,3015139.1999999997,11609,2025-10-08 21:49:59
2025-10-08 21:50:00,259.7,259.7,259.8,259.5,1746859.6,6726,2025-10-08 21:59:59
2025-10-08 22:00:00,259.6,258.3,259.7,258.3,10167846.599999998,39249,2025-10-08 22:09:59
2025-10-08 22:10:00,258.3,259.1,259.1,258.3,4178684.3000000003,16160,2025-10-08 22:19:59
2025-10-08 22:20:00,259.1,257.8,259.1,257.8,3375990.6999999993,13051,2025-10-08 22:29:59
2025-10-08 22:30:00,257.8,258.3,258.5,257.7,2327467.1999999997,9013,2025-10-08 22:39:59
2025-10-08 22:40:00,258.4,258.4,258.4,257.9,2571192.2,9960,2025-10-08 22:49:59
2025-10-08 22:50:00,258.3,258.7,259.0,258.3,2358848.5999999996,9118,2025-10-08 22:59:59
2025-10-08 23:00:00,258.7,259.0,259.2,258.7,974081.0,3761,2025-10-08 23:09:59
2025-10-08 23:10:00,259.0,259.0,259.1,258.8,3104821.3,11989,2025-10-08 23:19:59
2025-10-08 23:20:00,258.8,258.9,259.0,258.6,2913244.8000000003,11255,2025-10-08 23:29:59
2025-10-08 23:30:00,258.9,258.9,258.9,258.5,2952349.9999999995,11407,2025-10-08 23:39:59
2025-10-08 23:40:00,258.9,258.9,258.9,258.4,2099070.0,8116,2025-10-08 23:49:59
2025-10-09 06:50:00,259.9,259.9,259.9,259.9,200123.0,770,2025-10-09 06:59:59
2025-10-09 07:00:00,259.8,256.8,259.9,256.7,9158887.1,35478,2025-10-09 07:09:59
2025-10-09 07:10:00,256.8,259.9,260.0,256.8,10411411.3,40216,2025-10-09 07:19:59
2025-10-09 07:20:00,259.8,259.9,260.5,259.4,7989227.300000002,30729,2025-10-09 07:29:59
2025-10-09 07:30:00,259.9,260.7,260.9,259.9,4251679.3,16322,2025-10-09 07:39:59
2025-10-09 07:40:00,260.7,260.5,260.9,260.1,3848146.400000001,14777,2025-10-09 07:49:59
2025-10-09 07:50:00,260.9,261.0,261.4,260.5,4418720.5,16928,2025-10-09 07:59:59
2025-10-09 08:00:00,261.0,260.1,261.0,260.1,2212291.2,8493,2025-10-09 08:09:59
2025-10-09 08:10:00,260.3,260.5,260.6,259.4,8341912.199999999,32097,2025-10-09 08:19:59
2025-10-09 08:20:00,260.5,262.0,262.3,260.1,17768343.9,67932,2025-10-09 08:29:59
2025-10-09 08:30:00,262.1,260.5,262.1,260.5,5440670.799999999,20832,2025-10-09 08:39:59
2025-10-09 08:40:00,260.8,259.9,261.0,259.6,5689559.9,21880,2025-10-09 08:49:59
2025-10-09 08:50:00,259.6,260.1,260.5,259.6,2856562.6999999997,10983,2025-10-09 08:59:59
2025-10-09 09:00:00,260.1,259.2,260.4,258.5,6196044.799999999,23898,2025-10-09 09:09:59
2025-10-09 09:10:00,259.3,258.4,259.4,258.4,6659409.0,25737,2025-10-09 09:19:59
2025-10-09 09:20:00,258.4,259.0,259.9,258.3,6820241.3,26314,2025-10-09 09:29:59
2025-10-09 09:30:00,259.1,259.4,259.9,259.0,1804481.2000000002,6955,2025-10-09 09:39:59
2025-10-09 09:40:00,259.3,259.0,259.8,258.9,4117325.099999999,15881,2025-10-09 09:49:59
2025-10-09 09:50:00,259.2,260.5,261.0,259.1,6818333.7,26198,2025-10-09 09:59:59
2025-10-09 10:00:00,260.4,261.3,262.7,259.2,26971711.799999997,103171,2025-10-09 10:09:59
2025-10-09 10:10:00,261.2,260.9,262.0,260.5,14963275.2,57284,2025-10-09 10:19:59
2025-10-09 10:20:00,260.9,260.6,261.2,260.1,8690998.999999998,33334,2025-10-09 10:29:59
2025-10-09 10:30:00,260.6,260.3,261.6,260.0,4290581.899999999,16447,2025-10-09 10:39:59
2025-10-09 10:40:00,260.3,260.3,261.0,259.7,3380846.6,12996,2025-10-09 10:49:59
2025-10-09 10:50:00,260.3,259.7,260.4,259.1,6617208.3,25479,2025-10-09 10:59:59
2025-10-09 11:00:00,259.5,258.7,260.0,258.4,10450039.200000001,40373,2025-10-09 11:09:59
2025-10-09 11:10:00,258.7,257.8,258.9,257.4,8087285.8,31331,2025-10-09 11:19:59
2025-10-09 11:20:00,258.0,250.4,258.1,249.4,160567540.29999992,633992,2025-10-09 11:29:59
2025-10-09 11:30:00,250.4,247.1,250.4,245.0,133034896.50000006,537320,2025-10-09 11:39:59
2025-10-09 11:40:00,247.2,246.7,249.1,245.8,91619315.40000002,370043,2025-10-09 11:49:59
2025-10-09 11:50:00,246.7,248.4,248.8,246.2,54652103.50000002,220919,2025-10-09 11:59:59
2025-10-09 12:00:00,248.4,252.1,255.4,247.9,187175170.6,743300,2025-10-09 12:09:59
2025-10-09 12:10:00,252.2,256.8,257.7,252.0,90587275.59999998,354315,2025-10-09 12:19:59
2025-10-09 12:20:00,256.8,257.1,258.6,256.3,37951968.9,147517,2025-10-09 12:29:59
2025-10-09 12:30:00,257.3,257.8,258.4,256.1,28967963.1,112602,2025-10-09 12:39:59
2025-10-09 12:40:00,257.8,256.4,257.8,255.8,21128766.799999997,82324,2025-10-09 12:49:59
2025-10-09 12:50:00,256.7,257.7,258.8,256.6,18078155.0,70087,2025-10-09 12:59:59
2025-10-09 13:00:00,257.9,260.3,260.9,257.7,47383602.10000001,182487,2025-10-09 13:09:59
2025-10-09 13:10:00,260.3,258.5,260.6,258.0,37828245.60000001,145846,2025-10-09 13:19:59
2025-10-09 13:20:00,258.6,257.5,259.4,256.6,27521918.199999996,106650,2025-10-09 13:29:59
2025-10-09 13:30:00,257.5,256.4,258.2,256.4,11587087.100000001,44976,2025-10-09 13:39:59
2025-10-09 13:40:00,256.5,257.5,257.9,256.2,10359811.3,40304,2025-10-09 13:49:59
2025-10-09 13:50:00,257.5,256.9,258.0,256.5,7757517.199999999,30164,2025-10-09 13:59:59
2025-10-09 14:00:00,256.7,256.0,257.1,255.6,7682945.300000001,29982,2025-10-09 14:09:59
2025-10-09 14:10:00,256.0,255.7,256.4,255.0,8773328.7,34314,2025-10-09 14:19:59
2025-10-09 14:20:00,255.7,256.2,256.4,255.4,4357583.7,17034,2025-10-09 14:29:59
2025-10-09 14:30:00,256.3,256.2,256.9,255.8,5411866.699999999,21102,2025-10-09 14:39:59
2025-10-09 14:40:00,256.4,258.1,258.3,256.4,11446996.8,44418,2025-10-09 14:49:59
2025-10-09 14:50:00,258.1,258.7,259.1,257.6,18815581.500000004,72828,2025-10-09 14:59:59
2025-10-09 15:00:00,258.7,258.4,259.5,258.3,15109158.9,58349,2025-10-09 15:09:59
2025-10-09 15:10:00,258.4,259.2,259.3,258.4,9861717.100000001,38084,2025-10-09 15:19:59
2025-10-09 15:20:00,259.2,260.0,260.5,259.2,36623417.3,140902,2025-10-09 15:29:59
2025-10-09 15:30:00,260.2,260.1,261.9,259.9,28961415.799999993,111036,2025-10-09 15:39:59
2025-10-09 15:40:00,260.1,260.0,260.5,259.4,20378021.4,78415,2025-10-09 15:49:59
2025-10-09 15:50:00,260.1,259.9,260.2,259.6,8611994.100000001,33127,2025-10-09 15:59:59
2025-10-09 16:00:00,260.0,259.6,260.8,259.6,7261715.799999999,27906,2025-10-09 16:09:59
2025-10-09 16:10:00,259.8,263.3,264.2,259.8,42082293.2,160300,2025-10-09 16:19:59
2025-10-09 16:20:00,263.4,264.7,264.9,263.1,29038790.7,109904,2025-10-09 16:29:59
2025-10-09 16:30:00,264.7,264.3,264.8,263.8,11423035.0,43223,2025-10-09 16:39:59
2025-10-09 16:40:00,264.3,265.7,265.7,264.3,27172376.199999996,102530,2025-10-09 16:49:59
2025-10-09 16:50:00,265.7,265.4,267.5,265.1,66363716.49999999,249321,2025-10-09 16:59:59
2025-10-09 17:00:00,265.6,266.3,266.9,265.6,12051242.3,45259,2025-10-09 17:09:59
2025-10-09 17:10:00,266.3,266.5,268.1,266.2,30813184.49999999,115350,2025-10-09 17:19:59
2025-10-09 17:20:00,266.5,266.9,267.4,266.5,13323618.799999999,49891,2025-10-09 17:29:59
2025-10-09 17:30:00,266.8,268.5,269.9,266.6,42972241.0,160136,2025-10-09 17:39:59
2025-10-09 17:40:00,268.3,269.3,269.4,268.0,14881622.0,55391,2025-10-09 17:49:59
2025-10-09 17:50:00,269.3,272.2,273.3,269.2,65752936.1,242296,2025-10-09 17:59:59
2025-10-09 18:00:00,272.3,272.8,273.7,272.1,38036111.69999999,139388,2025-10-09 18:09:59
2025-10-09 18:10:00,272.8,274.2,276.2,272.7,77789619.1000001,283404,2025-10-09 18:19:59
2025-10-09 18:20:00,274.1,272.8,274.1,272.7,46147194.8,168828,2025-10-09 18:29:59
2025-10-09 18:30:00,272.8,271.8,273.1,271.0,41125656.300000034,151357,2025-10-09 18:39:59
2025-10-09 18:40:00,270.9,270.9,270.9,270.9,9790867.800000004,36142,2025-10-09 18:49:59
2025-10-09 19:00:00,271.0,271.5,272.0,270.5,12194186.799999999,44967,2025-10-09 19:09:59
2025-10-09 19:10:00,271.5,269.9,271.5,269.8,10487252.900000002,38797,2025-10-09 19:19:59
2025-10-09 19:20:00,269.8,271.0,271.6,269.6,15263589.000000002,56342,2025-10-09 19:29:59
2025-10-09 19:30:00,270.9,269.2,271.0,268.0,27379368.799999874,101677,2025-10-09 19:39:59
2025-10-09 19:40:00,269.2,267.9,269.4,267.8,25400163.6,94620,2025-10-09 19:49:59
2025-10-09 19:50:00,268.1,267.0,269.5,266.6,33757611.9,125777,2025-10-09 19:59:59
2025-10-09 20:00:00,266.9,268.4,268.9,266.7,22229335.500000004,82939,2025-10-09 20:09:59
2025-10-09 20:10:00,268.5,268.3,268.8,267.9,8537362.000000002,31824,2025-10-09 20:19:59
2025-10-09 20:20:00,268.4,268.3,268.8,268.1,4254807.0,15856,2025-10-09 20:29:59
2025-10-09 20:30:00,268.5,267.4,268.5,267.0,8657697.900000002,32353,2025-10-09 20:39:59
2025-10-09 20:40:00,267.3,267.5,268.1,267.2,3397037.3000000003,12693,2025-10-09 20:49:59
2025-10-09 20:50:00,267.5,268.9,269.0,267.4,9561559.5,35591,2025-10-09 20:59:59
2025-10-09 21:00:00,268.8,268.4,269.0,268.2,4580274.3,17049,2025-10-09 21:09:59
2025-10-09 21:10:00,268.3,268.2,268.7,267.9,3956093.100000001,14752,2025-10-09 21:19:59
2025-10-09 21:20:00,268.3,268.8,269.2,268.3,7932347.700000001,29503,2025-10-09 21:29:59
2025-10-09 21:30:00,268.8,268.8,268.9,268.4,1923911.4,7163,2025-10-09 21:39:59
2025-10-09 21:40:00,268.5,269.4,269.7,268.5,8289819.200000001,30783,2025-10-09 21:49:59
2025-10-09 21:50:00,269.4,269.7,270.5,269.4,15159894.499999998,56155,2025-10-09 21:59:59
2025-10-09 22:00:00,269.6,269.6,270.1,269.6,1325171.5999999999,4912,2025-10-09 22:09:59
2025-10-09 22:10:00,269.6,270.5,270.5,269.3,3654465.9000000004,13537,2025-10-09 22:19:59
2025-10-09 22:20:00,270.5,270.6,271.0,270.4,2353478.3000000003,8692,2025-10-09 22:29:59
2025-10-09 22:30:00,270.6,269.1,270.8,268.5,18792583.000000007,69795,2025-10-09 22:39:59
2025-10-09 22:40:00,269.2,270.0,270.2,269.0,8842732.899999999,32769,2025-10-09 22:49:59
2025-10-09 22:50:00,269.8,269.6,270.0,269.6,3829270.1000000006,14189,2025-10-09 22:59:59
2025-10-09 23:00:00,269.8,269.3,270.2,268.9,5959575.3,22123,2025-10-09 23:09:59
2025-10-09 23:10:00,269.2,269.3,269.6,269.1,3162543.8000000003,11742,2025-10-09 23:19:59
2025-10-09 23:20:00,269.4,269.6,269.6,269.2,1813673.9999999998,6730,2025-10-09 23:29:59
2025-10-09 23:30:00,269.6,268.9,269.6,268.7,3245571.0999999996,12058,2025-10-09 23:39:59
2025-10-09 23:40:00,268.8,266.6,268.8,266.3,26007477.100000042,97296,2025-10-09 23:49:59
2025-10-10 06:50:00,268.3,268.3,268.3,268.3,295130.0,1100,2025-10-10 06:59:59
2025-10-10 07:00:00,267.6,267.2,268.4,267.1,4458713.7,16662,2025-10-10 07:09:59
2025-10-10 07:10:00,267.1,267.1,267.1,266.6,2043087.5,7656,2025-10-10 07:19:59
2025-10-10 07:20:00,267.1,267.5,267.8,267.1,2118352.6,7919,2025-10-10 07:29:59
2025-10-10 07:30:00,267.6,268.5,268.5,267.4,4922274.7,18360,2025-10-10 07:39:59
2025-10-10 07:40:00,268.5,267.9,268.5,267.7,3036318.5,11332,2025-10-10 07:49:59
2025-10-10 07:50:00,267.7,267.5,268.1,267.2,3678709.1999999997,13745,2025-10-10 07:59:59
2025-10-10 08:00:00,267.5,267.2,267.5,266.7,2973967.6,11134,2025-10-10 08:09:59
2025-10-10 08:10:00,267.2,266.9,267.5,266.8,3170261.0,11863,2025-10-10 08:19:59
2025-10-10 08:20:00,266.9,265.3,267.0,264.8,20508545.200000007,77244,2025-10-10 08:29:59
2025-10-10 08:30:00,265.3,264.1,265.3,264.1,10557244.8,39904,2025-10-10 08:39:59
2025-10-10 08:40:00,264.5,265.0,265.2,264.5,3684357.9,13908,2025-10-10 08:49:59
2025-10-10 08:50:00,264.9,266.3,266.5,264.9,13040642.199999997,49038,2025-10-10 08:59:59
2025-10-10 09:00:00,266.3,266.7,266.7,265.6,6641707.8999999985,24962,2025-10-10 09:09:59
2025-10-10 09:10:00,266.7,265.8,267.4,265.8,9517773.400000002,35667,2025-10-10 09:19:59
2025-10-10 09:20:00,265.9,266.6,266.8,265.1,4448072.300000001,16735,2025-10-10 09:29:59
2025-10-10 09:30:00,266.8,266.4,267.0,265.9,2915227.5000000005,10937,2025-10-10 09:39:59
2025-10-10 09:40:00,266.3,267.1,267.1,266.1,2033455.1,7620,2025-10-10 09:49:59
2025-10-10 09:50:00,266.8,267.4,267.7,266.4,4990110.699999999,18673,2025-10-10 09:59:59
2025-10-10 10:00:00,267.4,266.7,267.4,265.5,7580563.800000001,28452,2025-10-10 10:09:59
2025-10-10 10:10:00,266.4,266.4,266.7,265.3,10534735.2,39619,2025-10-10 10:19:59
2025-10-10 10:20:00,266.4,264.8,266.5,264.3,16132558.000000004,60886,2025-10-10 10:29:59
2025-10-10 10:30:00,264.8,265.3,265.7,264.2,15749292.7,59457,2025-10-10 10:39:59
2025-10-10 10:40:00,265.2,265.2,265.6,264.4,6369868.199999999,24042,2025-10-10 10:49:59
2025-10-10 10:50:00,265.0,263.7,265.1,263.3,15151467.899999999,57421,2025-10-10 10:59:59
2025-10-10 11:00:00,263.6,265.0,265.4,262.7,22733269.0,86118,2025-10-10 11:09:59
2025-10-10 11:10:00,265.0,264.3,265.0,263.5,8133274.7,30793,2025-10-10 11:19:59
2025-10-10 11:20:00,264.2,266.5,267.3,264.2,16586271.499999996,62364,2025-10-10 11:29:59
2025-10-10 11:30:00,266.5,266.2,267.2,265.8,6735479.6000000015,25290,2025-10-10 11:39:59
2025-10-10 11:40:00,266.4,267.1,267.8,266.3,11552043.0,43255,2025-10-10 11:49:59
2025-10-10 11:50:00,267.1,267.2,267.5,266.5,7676513.299999998,28752,2025-10-10 11:59:59
2025-10-10 12:00:00,266.9,267.1,267.1,265.7,8681011.900000002,32576,2025-10-10 12:09:59
2025-10-10 12:10:00,267.1,266.3,267.2,266.2,5112913.4,19183,2025-10-10 12:19:59
2025-10-10 12:20:00,266.4,266.2,266.6,265.8,4423348.800000001,16614,2025-10-10 12:29:59
2025-10-10 12:30:00,266.3,265.3,266.8,264.5,12167093.299999997,45852,2025-10-10 12:39:59
2025-10-10 12:40:00,265.2,266.0,266.2,265.1,4942331.7,18594,2025-10-10 12:49:59
2025-10-10 12:50:00,265.6,265.5,266.3,264.9,5208528.100000001,19598,2025-10-10 12:59:59
2025-10-10 13:00:00,265.5,265.4,265.7,264.8,6388824.899999999,24085,2025-10-10 13:09:59
2025-10-10 13:10:00,265.4,264.6,265.5,263.8,5131735.399999999,19425,2025-10-10 13:19:59
2025-10-10 13:20:00,264.5,263.7,265.0,263.1,10730988.900000002,40651,2025-10-10 13:29:59
2025-10-10 13:30:00,263.7,264.4,264.4,262.8,21160154.900000002,80341,2025-10-10 13:39:59
2025-10-10 13:40:00,264.4,262.3,264.5,261.2,26794895.100000005,102074,2025-10-10 13:49:59
2025-10-10 13:50:00,262.3,262.4,262.6,261.8,19356548.4,73859,2025-10-10 13:59:59
2025-10-10 14:00:00,262.1,262.8,263.2,261.9,12835154.600000001,48864,2025-10-10 14:09:59
2025-10-10 14:10:00,262.7,263.2,263.3,262.5,10129895.799999999,38505,2025-10-10 14:19:59
2025-10-10 14:20:00,263.1,262.9,263.3,262.5,11743713.9,44654,2025-10-10 14:29:59
2025-10-10 14:30:00,262.9,262.7,263.5,262.7,3360905.8000000003,12771,2025-10-10 14:39:59
2025-10-10 14:40:00,262.8,263.7,263.9,262.8,12321723.600000001,46744,2025-10-10 14:49:59
2025-10-10 14:50:00,263.7,262.7,264.4,262.6,18802166.599999998,71323,2025-10-10 14:59:59
2025-10-10 15:00:00,262.7,261.6,262.7,261.5,10967443.799999999,41875,2025-10-10 15:09:59
2025-10-10 15:10:00,261.6,263.2,263.2,260.4,29512682.099999998,112742,2025-10-10 15:19:59
2025-10-10 15:20:00,263.2,263.1,263.6,260.8,17036576.2,64951,2025-10-10 15:29:59
2025-10-10 15:30:00,263.1,264.3,264.8,262.7,22396249.299999997,84876,2025-10-10 15:39:59
2025-10-10 15:40:00,264.3,263.4,264.5,263.3,8494754.8,32201,2025-10-10 15:49:59
2025-10-10 15:50:00,263.3,262.9,263.5,262.2,19702661.300000004,75008,2025-10-10 15:59:59
2025-10-10 16:00:00,263.0,264.4,264.6,263.0,23444379.6,88911,2025-10-10 16:09:59
2025-10-10 16:10:00,264.4,264.9,265.7,263.3,43111321.300000004,162889,2025-10-10 16:19:59
2025-10-10 16:20:00,265.0,262.8,265.0,262.5,18850788.400000002,71578,2025-10-10 16:29:59
2025-10-10 16:30:00,263.0,262.5,263.0,261.6,29033779.900000002,110761,2025-10-10 16:39:59
2025-10-10 16:40:00,262.5,262.7,262.9,261.3,17073392.399999995,65201,2025-10-10 16:49:59
2025-10-10 16:50:00,262.6,263.6,264.0,262.0,15374174.5,58422,2025-10-10 16:59:59
2025-10-10 17:00:00,263.5,262.8,263.8,262.4,21331036.299999997,81121,2025-10-10 17:09:59
2025-10-10 17:10:00,262.8,262.6,263.4,262.3,6373489.299999999,24250,2025-10-10 17:19:59
2025-10-10 17:20:00,262.8,263.3,264.0,262.5,11355118.600000001,43109,2025-10-10 17:29:59
2025-10-10 17:30:00,263.3,263.6,264.0,262.7,9939276.100000001,37760,2025-10-10 17:39:59
2025-10-10 17:40:00,263.5,265.5,265.9,263.3,21673491.9,81865,2025-10-10 17:49:59
2025-10-10 17:50:00,265.5,265.7,267.7,265.3,34180376.2,128259,2025-10-10 17:59:59
2025-10-10 18:00:00,265.7,265.4,268.5,265.2,38424472.00000003,143962,2025-10-10 18:09:59
2025-10-10 18:10:00,265.4,265.5,267.0,264.9,18294300.9,68777,2025-10-10 18:19:59
2025-10-10 18:20:00,265.5,265.4,266.0,264.5,32542367.200000007,122726,2025-10-10 18:29:59
2025-10-10 18:30:00,265.2,265.3,265.8,264.7,16874720.3,63638,2025-10-10 18:39:59
2025-10-10 18:40:00,265.6,265.6,265.6,265.6,499859.19999999995,1882,2025-10-10 18:49:59
2025-10-10 19:00:00,265.5,264.3,265.6,263.8,14171574.000000004,53565,2025-10-10 19:09:59
2025-10-10 19:10:00,264.3,264.3,265.0,264.2,4206610.999999999,15902,2025-10-10 19:19:59
2025-10-10 19:20:00,264.4,265.5,265.6,264.2,13652179.4,51464,2025-10-10 19:29:59
2025-10-10 19:30:00,265.5,265.4,265.6,264.3,5904302.200000002,22278,2025-10-10 19:39:59
2025-10-10 19:40:00,265.5,265.7,265.8,265.3,3180660.4999999995,11975,2025-10-10 19:49:59
2025-10-10 19:50:00,265.6,265.6,265.7,265.3,1404865.0,5291,2025-10-10 19:59:59
2025-10-10 20:00:00,265.5,265.3,265.6,265.1,1895343.9000000001,7143,2025-10-10 20:09:59
2025-10-10 20:10:00,265.3,265.2,265.5,264.7,2869647.5999999996,10829,2025-10-10 20:19:59
2025-10-10 20:20:00,265.1,265.1,265.4,264.9,2626700.3,9909,2025-10-10 20:29:59
2025-10-10 20:30:00,265.1,265.2,265.3,264.5,7571773.500000001,28580,2025-10-10 20:39:59
2025-10-10 20:40:00,265.3,264.8,265.5,264.8,2394046.5,9024,2025-10-10 20:49:59
2025-10-10 20:50:00,264.9,265.1,265.1,264.8,148912.3,562,2025-10-10 20:59:59
2025-10-10 21:00:00,264.9,264.3,265.1,263.9,21979217.5,83138,2025-10-10 21:09:59
2025-10-10 21:10:00,264.4,264.3,264.4,263.9,4904913.799999999,18571,2025-10-10 21:19:59
2025-10-10 21:20:00,264.3,264.5,264.5,263.8,8157952.199999999,30868,2025-10-10 21:29:59
2025-10-10 21:30:00,264.3,264.4,264.6,264.2,267621.69999999995,1012,2025-10-10 21:39:59
2025-10-10 21:40:00,264.4,264.2,264.4,264.0,247532.20000000004,937,2025-10-10 21:49:59
2025-10-10 21:50:00,264.0,263.7,264.2,263.4,2429495.5,9208,2025-10-10 21:59:59
2025-10-10 22:00:00,263.7,263.5,263.7,263.4,3628188.499999999,13769,2025-10-10 22:09:59
2025-10-10 22:10:00,263.5,263.6,263.7,263.3,1392090.3000000003,5284,2025-10-10 22:19:59
2025-10-10 22:20:00,263.5,263.6,263.6,263.4,966653.9000000003,3668,2025-10-10 22:29:59
2025-10-10 22:30:00,263.5,263.4,263.9,263.3,3264900.6000000006,12380,2025-10-10 22:39:59
2025-10-10 22:40:00,263.4,263.2,263.4,262.7,4908201.399999997,18661,2025-10-10 22:49:59
2025-10-10 22:50:00,263.2,263.0,263.3,262.9,2405827.1,9146,2025-10-10 22:59:59
2025-10-10 23:00:00,262.9,262.7,263.1,262.6,3653618.1,13899,2025-10-10 23:09:59
2025-10-10 23:10:00,262.9,263.0,263.0,262.6,1538569.7999999998,5856,2025-10-10 23:19:59
2025-10-10 23:20:00,262.8,262.5,262.9,262.2,3084387.7,11749,2025-10-10 23:29:59
2025-10-10 23:30:00,262.7,262.9,263.0,262.5,2582817.5,9829,2025-10-10 23:39:59
2025-10-10 23:40:00,262.8,263.1,263.4,262.6,6828558.400000001,25966,2025-10-10 23:49:59
2025-10-11 09:50:00,260.9,260.9,260.9,260.9,826009.4000000004,3166,2025-10-11 09:59:59
2025-10-11 10:00:00,260.9,260.7,261.2,260.5,15103487.900000002,57930,2025-10-11 10:09:59
2025-10-11 10:10:00,261.1,261.3,261.4,260.6,521170.19999999995,1996,2025-10-11 10:19:59
2025-10-11 10:20:00,261.2,260.9,261.3,260.8,618751.7999999999,2371,2025-10-11 10:29:59
2025-10-11 10:30:00,260.9,261.1,261.3,260.9,190120.0,728,2025-10-11 10:39:59
2025-10-11 10:40:00,261.1,261.4,261.4,261.0,1097450.2000000002,4201,2025-10-11 10:49:59
2025-10-11 10:50:00,261.4,262.2,262.8,261.4,2596790.0,9908,2025-10-11 10:59:59
2025-10-11 11:00:00,262.2,262.7,262.8,262.2,591552.9,2253,2025-10-11 11:09:59
2025-10-11 11:10:00,262.6,262.4,262.8,262.4,39637.4,151,2025-10-11 11:19:59
2025-10-11 11:20:00,262.6,262.4,263.1,262.2,2013808.2000000002,7669,2025-10-11 11:29:59
2025-10-11 11:30:00,262.4,262.2,262.6,262.2,527643.3,2011,2025-10-11 11:39:59
2025-10-11 11:40:00,262.2,262.1,262.3,262.1,193456.0,738,2025-10-11 11:49:59
2025-10-11 11:50:00,262.1,262.4,263.0,262.1,1092143.1,4157,2025-10-11 11:59:59
2025-10-11 12:00:00,262.4,262.7,262.8,262.4,354585.19999999995,1350,2025-10-11 12:09:59
2025-10-11 12:10:00,262.7,262.7,263.1,262.7,1092164.1,4153,2025-10-11 12:19:59
2025-10-11 12:20:00,262.7,262.5,262.9,261.7,2393772.5,9127,2025-10-11 12:29:59
2025-10-11 12:30:00,262.5,262.5,262.5,262.2,179224.69999999998,683,2025-10-11 12:39:59
2025-10-11 12:40:00,262.3,262.8,262.8,262.3,540506.2999999999,2058,2025-10-11 12:49:59
2025-10-11 12:50:00,262.8,263.2,263.5,262.6,2886568.5000000005,10966,2025-10-11 12:59:02
2025-10-11 13:00:00,263.2,263.2,263.2,263.0,701612.0,2666,2025-10-11 13:09:59
2025-10-11 13:10:00,263.0,262.9,263.2,262.9,682504.8,2595,2025-10-11 13:19:59
2025-10-11 13:20:00,263.2,263.2,263.2,263.0,136335.4,518,2025-10-11 13:29:59
2025-10-11 13:30:00,263.2,262.9,263.2,262.9,275087.6,1046,2025-10-11 13:39:59
2025-10-11 13:40:00,263.2,263.2,263.2,262.9,115779.99999999999,440,2025-10-11 13:49:59
2025-10-11 13:50:00,263.0,263.2,263.3,263.0,93961.40000000001,357,2025-10-11 13:59:59
2025-10-11 14:00:00,263.2,263.2,263.3,263.2,13423.9,51,2025-10-11 14:09:59
2025-10-11 14:10:00,263.3,265.6,266.2,263.2,19444905.900000002,73363,2025-10-11 14:19:59
2025-10-11 14:20:00,265.5,265.4,266.8,265.3,13738374.400000002,51641,2025-10-11 14:29:59
2025-10-11 14:30:00,265.3,264.9,265.8,264.5,2401339.8000000003,9061,2025-10-11 14:39:59
2025-10-11 14:40:00,264.9,265.0,265.4,264.9,2792541.1000000006,10535,2025-10-11 14:49:59
2025-10-11 14:50:00,265.0,265.4,265.5,264.7,1232779.8999999997,4648,2025-10-11 14:59:59
2025-10-11 15:00:00,265.4,265.3,265.8,265.0,1268889.8,4781,2025-10-11 15:09:59
2025-10-11 15:10:00,265.3,264.9,265.3,264.8,2594198.0999999996,9788,2025-10-11 15:19:59
2025-10-11 15:20:00,264.9,264.9,265.2,264.9,1184262.1,4470,2025-10-11 15:29:59
2025-10-11 15:30:00,264.9,264.9,264.9,264.2,2072790.0,7836,2025-10-11 15:39:59
2025-10-11 15:40:00,264.9,264.7,264.9,264.5,580665.2,2195,2025-10-11 15:49:59
2025-10-11 15:50:00,264.7,264.5,264.7,264.4,267691.4000000001,1012,2025-10-11 15:59:59
2025-10-11 16:00:00,264.7,264.7,264.7,264.4,144686.2,547,2025-10-11 16:09:59
2025-10-11 16:10:00,264.7,264.8,265.0,264.6,912649.3,3447,2025-10-11 16:19:59
2025-10-11 16:20:00,264.8,264.8,264.8,264.6,396822.89999999997,1499,2025-10-11 16:29:59
2025-10-11 16:30:00,264.8,264.5,264.8,264.5,2644614.6,9998,2025-10-11 16:39:59
2025-10-11 16:40:00,264.5,264.5,264.8,264.5,673679.6000000001,2546,2025-10-11 16:49:59
2025-10-11 16:50:00,264.8,264.5,264.8,264.5,164125.7,620,2025-10-11 16:59:59
2025-10-11 17:00:00,264.8,264.8,264.8,264.6,82616.79999999999,312,2025-10-11 17:09:59
2025-10-11 17:10:00,264.6,264.9,264.9,264.6,573983.9,2168,2025-10-11 17:19:59
2025-10-11 17:20:00,264.9,265.1,265.3,264.6,1664315.0000000005,6280,2025-10-11 17:29:59
2025-10-11 17:30:00,265.3,265.0,265.3,264.8,597614.7999999999,2254,2025-10-11 17:39:59
